league,player_name,year,actual_salary,predicted_salary,squared_error,trained_on,predicted_on,model_name
NPB,久保　康友,2010,180000000,231528121.2277901,2655147277265831.5,NPB,NPB,gbm
NPB,下柳　剛,2010,90000000,117496202.23855387,756041137543454.6,NPB,NPB,gbm
NPB,能見　篤史,2010,50000000,114506356.96699008,4161070089152750,NPB,NPB,gbm
NPB,秋山　拓巳,2010,12000000,12488107.539815262,238248970424.50754,NPB,NPB,gbm
NPB,鶴　直人,2010,11000000,13664590.136014976,7100040592948.307,NPB,NPB,gbm
NPB,小嶋　達也,2010,10000000,-218863.46796111448,104425170576830.25,NPB,NPB,gbm
NPB,清水　直行,2010,280000000,180285234.23960993,9943034510649460,NPB,NPB,gbm
NPB,三浦　大輔,2010,250000000,92341154.70986329,24856311498219256,NPB,NPB,gbm
NPB,大家　友和,2010,100000000,149650664.53733042,2465188488998520.5,NPB,NPB,gbm
NPB,山本　省吾,2010,62000000,125306375.93338332,4007697233818854.5,NPB,NPB,gbm
NPB,加賀　繁,2010,25000000,73339402.31983496,2336697816638866,NPB,NPB,gbm
NPB,田中　健二朗,2010,8200000,-218863.46796111448,70877262092170.23,NPB,NPB,gbm
NPB,杉原　洋,2010,6000000,1346731.315004677,21652909454758.105,NPB,NPB,gbm
NPB,眞下　貴之,2010,5500000,-218863.46796111448,32705399365180.23,NPB,NPB,gbm
NPB,内海　哲也,2010,120000000,113370162.9317179,43954739551967.36,NPB,NPB,gbm
NPB,東野　峻,2010,75000000,112544466.42529696,1409586959160250.8,NPB,NPB,gbm
NPB,藤井　秀悟,2010,70000000,137461941.3462731,4551113530207991,NPB,NPB,gbm
NPB,朝井　秀樹,2010,40000000,23331127.452696145,277851311998260.12,NPB,NPB,gbm
NPB,西村　健太朗,2010,28000000,21883798.401794,37407921989897.61,NPB,NPB,gbm
NPB,黄　志龍,2010,4400000,1346731.315004677,9322449662773.068,NPB,NPB,gbm
NPB,吉見　一起,2010,120000000,114471070.71230596,30569059068320.89,NPB,NPB,gbm
NPB,山本昌,2010,100000000,98001310.1869201,3994760968909.34,NPB,NPB,gbm
NPB,中田　賢一,2010,72000000,95692987.7156975,561357666896192.5,NPB,NPB,gbm
NPB,朝倉　健太,2010,71250000,33269855.54167313,1442491373075377.2,NPB,NPB,gbm
NPB,山井　大介,2010,42000000,119061797.02151966,5938520560185896,NPB,NPB,gbm
NPB,小笠原　孝,2010,39000000,85021294.59915315,2117959556582042.5,NPB,NPB,gbm
NPB,川井　雄太,2010,25500000,48808857.37030844,543302831909381.94,NPB,NPB,gbm
NPB,山内　壮馬,2010,15000000,20905515.084035747,34875108407773.734,NPB,NPB,gbm
NPB,岩田　慎司,2010,13000000,16131488.26167016,9806218732977.996,NPB,NPB,gbm
NPB,伊藤　準規,2010,7500000,8473156.408958737,947033396297.4642,NPB,NPB,gbm
NPB,前田　健太,2010,120000000,271921849.098041,23080248233367940,NPB,NPB,gbm
NPB,大竹　寛,2010,80000000,13328151.741159745,4445135350249820.5,NPB,NPB,gbm
NPB,齊藤　悠葵,2010,21000000,18647983.276825473,5531982666092.641,NPB,NPB,gbm
NPB,青木　高広,2010,16000000,49789321.99186867,1141718280670179.5,NPB,NPB,gbm
NPB,小松　剛,2010,13000000,4908222.574072512,65476861910749.69,NPB,NPB,gbm
NPB,今村　猛,2010,10000000,1346731.315004677,74879058934720.69,NPB,NPB,gbm
NPB,今井　啓介,2010,9500000,6976456.254770966,6368273034084.578,NPB,NPB,gbm
NPB,石川　雅規,2010,180000000,180386016.1920791,149008500547.24634,NPB,NPB,gbm
NPB,館山　昌平,2010,120000000,173990923.0390828,2915019770612161.5,NPB,NPB,gbm
NPB,村中　恭兵,2010,51000000,83826249.24047543,1077562639197813.9,NPB,NPB,gbm
NPB,中澤　雅人,2010,24000000,26474412.47855728,6122717114039.987,NPB,NPB,gbm
NPB,赤川　克紀,2010,7200000,10121483.945370015,8535068443054.747,NPB,NPB,gbm
NPB,山本　斉,2010,6000000,18918905.953992218,166898131048095.56,NPB,NPB,gbm
NPB,杉内　俊哉,2010,350000000,295169808.241932,3006349928226511,NPB,NPB,gbm
NPB,和田　毅,2010,330000000,241605813.2520397,7813532250833280,NPB,NPB,gbm
NPB,大隣　憲司,2010,35000000,28841393.358923957,37928435759505.945,NPB,NPB,gbm
NPB,小椋　真介,2010,25000000,89041960.6268795,4101372720934784,NPB,NPB,gbm
NPB,山田　大樹,2010,12000000,15345196.419171326,11190339082836.66,NPB,NPB,gbm
NPB,巽　真悟,2010,10600000,1346731.315004677,85622981356715.08,NPB,NPB,gbm
NPB,岩嵜　翔,2010,8400000,2973358.081419346,29448442512496.723,NPB,NPB,gbm
NPB,ダルビッシュ　有,2010,500000000,248792831.46703604,63105041522348960,NPB,NPB,gbm
NPB,武田　勝,2010,135000000,260397928.6972863,15724640521569700,NPB,NPB,gbm
NPB,八木　智哉,2010,48000000,17392281.897960246,936832407413932.1,NPB,NPB,gbm
NPB,増井　浩俊,2010,16000000,12099920.740099907,15210618233502.857,NPB,NPB,gbm
NPB,糸数　敬作,2010,15000000,11351259.409661103,13313307895586.643,NPB,NPB,gbm
NPB,矢貫　俊之,2010,11000000,13328151.741159745,5420290529865.15,NPB,NPB,gbm
NPB,吉川　光夫,2010,10500000,1407763.298453553,82668768236948.22,NPB,NPB,gbm
NPB,多田野　数人,2010,8000000,51868041.835765086,1924405094504435.8,NPB,NPB,gbm
NPB,中村　勝,2010,8000000,1346731.315004677,44265984194739.4,NPB,NPB,gbm
NPB,ダース　ローマシュ匡,2010,5200000,1346731.315004677,14847679558765.586,NPB,NPB,gbm
NPB,木佐貫　洋,2010,60000000,119420166.1978573,3530756150980984,NPB,NPB,gbm
NPB,近藤　一樹,2010,49000000,83739221.7187382,1206813525623651.8,NPB,NPB,gbm
NPB,長谷川　昌幸,2010,32000000,87728770.79295474,3105695894093685.5,NPB,NPB,gbm
NPB,中山　慎也,2010,20000000,28387389.495013498,70348302541062.77,NPB,NPB,gbm
NPB,伊原　正樹,2010,11000000,-218863.46796111448,125862897512752.47,NPB,NPB,gbm
NPB,山田　修義,2010,5400000,4393470.066645756,1013102506738.0981,NPB,NPB,gbm
NPB,岩隈　久志,2010,300000000,181737463.2156914,13986027606659948,NPB,NPB,gbm
NPB,田中　将大,2010,200000000,135423816.36353374,4170083493050613.5,NPB,NPB,gbm
NPB,永井　怜,2010,73000000,122567504.05281712,2456937458026041.5,NPB,NPB,gbm
NPB,川井　貴志,2010,20000000,89863349.57656485,4880887614057304,NPB,NPB,gbm
NPB,長谷部　康平,2010,19000000,5410861.471805172,184664685938469.1,NPB,NPB,gbm
NPB,藤原　紘通,2010,18000000,-218863.46796111448,331926986064208.06,NPB,NPB,gbm
NPB,戸村　健次,2010,15000000,1346731.315004677,186411745784673.94,NPB,NPB,gbm
NPB,井坂　亮平,2010,13500000,9032966.316483945,19954389929667.02,NPB,NPB,gbm
NPB,菊池　保則,2010,6800000,11519154.727063295,22270421337963.836,NPB,NPB,gbm
NPB,涌井　秀章,2010,252999999.99999997,237468784.40932208,241218657724115.88,NPB,NPB,gbm
NPB,石井　一久,2010,190000000,124237349.39041612,4324726215198203.5,NPB,NPB,gbm
NPB,岸　孝之,2010,120000000,101436784.26860122,344592978290451,NPB,NPB,gbm
NPB,帆足　和幸,2010,110000000.00000001,182318529.3302797,5229969684494524,NPB,NPB,gbm
NPB,西口　文也,2010,60000000,89898321.22870809,893909612295016.75,NPB,NPB,gbm
NPB,平野　将光,2010,16000000,31800954.179768555,249670152991145.38,NPB,NPB,gbm
NPB,渡辺　俊介,2010,140000000,151909897.43424892,141845656894329.1,NPB,NPB,gbm
NPB,成瀬　善久,2010,130000000,177776807.2595156,2282623311912904,NPB,NPB,gbm
NPB,唐川　侑己,2010,34500000,23061911.38528038,130829871158178.64,NPB,NPB,gbm
NPB,吉見　祐治,2010,33000000,106475501.05335133,5398649255041032,NPB,NPB,gbm
NPB,大嶺　祐太,2010,21000000,13303032.170481313,59243313768645.61,NPB,NPB,gbm
NPB,香月　良仁,2010,10000000,3403241.3767176606,43517224333849.91,NPB,NPB,gbm
NPB,久保　康友,2011,140000000,111375587.7334733,819356977604084.1,NPB,NPB,gbm
NPB,能見　篤史,2011,100000000,236181821.94454512,18545488628135792,NPB,NPB,gbm
NPB,安藤　優也,2011,58000000,84268596.28894179,690039150991406.1,NPB,NPB,gbm
NPB,岩田　稔,2011,55000000,139446224.50069788,7131164832422267,NPB,NPB,gbm
NPB,鄭　凱文,2011,14000000,11687078.728335809,5349604808916.698,NPB,NPB,gbm
NPB,秋山　拓巳,2011,11000000,1346731.315004677,93185596304711.34,NPB,NPB,gbm
NPB,鶴　直人,2011,10000000,1346731.315004677,74879058934720.69,NPB,NPB,gbm
NPB,蕭　一傑,2011,10000000,18588965.409440257,73770326804561.23,NPB,NPB,gbm
NPB,清原　大貴,2011,6500000,31452581.384124123,622631317731337.75,NPB,NPB,gbm
NPB,三浦　大輔,2011,150000000,121837856.25680251,793106340212517.25,NPB,NPB,gbm
NPB,山本　省吾,2011,60000000,94659302.36145265,1201267240182597.5,NPB,NPB,gbm
NPB,清水　直行,2011,50000000,88271694.46229342,1464722597015140.5,NPB,NPB,gbm
NPB,高崎　健太郎,2011,40000000,55320374.92657244,234713887890749.56,NPB,NPB,gbm
NPB,須田　幸太,2011,17000000,16921893.231591284,6100667271.252752,NPB,NPB,gbm
NPB,加賀美　希昇,2011,11000000,55130331.64553831,1947486171145199.8,NPB,NPB,gbm
NPB,小林　寛,2011,10000000,1346731.315004677,74879058934720.69,NPB,NPB,gbm
NPB,国吉　佑樹,2011,10000000,14079015.817851108,16638370042279.54,NPB,NPB,gbm
NPB,田中　健二朗,2011,7000000,17353311.171026427,107191052204100.61,NPB,NPB,gbm
NPB,眞下　貴之,2011,6500000,-218863.46796111448,45143126301102.46,NPB,NPB,gbm
NPB,杉内　俊哉,2011,350000000,260532547.0368973,8004425139704994,NPB,NPB,gbm
NPB,内海　哲也,2011,220000000.00000003,252095066.80343553,1030093313116987.8,NPB,NPB,gbm
NPB,東野　峻,2011,65000000,72137706.2134691,50946849989795.44,NPB,NPB,gbm
NPB,澤村　拓一,2011,52000000,161371864.58209032,11962204762163102,NPB,NPB,gbm
NPB,小野　淳平,2011,15000000,9294749.347948115,32549885002738.457,NPB,NPB,gbm
NPB,小山　雄輝,2011,8200000,1346731.315004677,46967291668737.53,NPB,NPB,gbm
NPB,吉見　一起,2011,240000000,299155205.17425317,3499338299207988.5,NPB,NPB,gbm
NPB,中田　賢一,2011,60000000,47147169.73354754,165195245858236.44,NPB,NPB,gbm
NPB,朝倉　健太,2011,57000000,43928570.881069094,170862259211234.8,NPB,NPB,gbm
NPB,山井　大介,2011,36000000,89898321.22870809,2905029031273005,NPB,NPB,gbm
NPB,小笠原　孝,2011,30000000,143724102.33297625,12933171451441254,NPB,NPB,gbm
NPB,山内　壮馬,2011,18000000,25131575.581502073,50859370274676.625,NPB,NPB,gbm
NPB,大野　雄大,2011,13500000,2099429.625216035,129973004870401.8,NPB,NPB,gbm
NPB,岩田　慎司,2011,12000000,1346731.315004677,113492133674701.98,NPB,NPB,gbm
NPB,伊藤　準規,2011,9000000,10919580.555913996,3684789510643.086,NPB,NPB,gbm
NPB,前田　健太,2011,150000000,174161395.30868605,583773023262596.1,NPB,NPB,gbm
NPB,大竹　寛,2011,65000000,41486512.16337932,552884110242908.7,NPB,NPB,gbm
NPB,福井　優也,2011,27000000,66686588.96473899,1575025343656142.2,NPB,NPB,gbm
NPB,篠田　純平,2011,24000000,26906528.866270795,8447910050465.3955,NPB,NPB,gbm
NPB,中村　恭平,2011,10000000,-218863.46796111448,104425170576830.25,NPB,NPB,gbm
NPB,中田　廉,2011,8000000,1346731.315004677,44265984194739.4,NPB,NPB,gbm
NPB,石川　雅規,2011,200000000,189045589.31342384,119999113490173.92,NPB,NPB,gbm
NPB,館山　昌平,2011,190000000,246798894.23976004,3226114386859446.5,NPB,NPB,gbm
NPB,村中　恭兵,2011,45000000,16102021.267323976,835093174834195.6,NPB,NPB,gbm
NPB,増渕　竜義,2011,41000000,60126720.08946305,365831421380669.3,NPB,NPB,gbm
NPB,赤川　克紀,2011,21000000,36926141.18854345,253641973157420.06,NPB,NPB,gbm
NPB,中澤　雅人,2011,18500000,19409821.23273941,827774675543.462,NPB,NPB,gbm
NPB,七條　祐樹,2011,16000000,23322460.56073448,53618428663511.92,NPB,NPB,gbm
NPB,山本　斉,2011,10000000,8874345.513098035,1267098023882.5261,NPB,NPB,gbm
NPB,山岸　穣,2011,9500000,27640130.601906836,329064338254236.9,NPB,NPB,gbm
NPB,攝津　正,2011,190000000,215410677.36418828,645702524106870.9,NPB,NPB,gbm
NPB,帆足　和幸,2011,110000000.00000001,186094715.58009374,5790405739215359,NPB,NPB,gbm
NPB,山田　大樹,2011,30000000,44378231.40052448,206733538207028.22,NPB,NPB,gbm
NPB,岩嵜　翔,2011,18000000,26496131.936400864,72184257880730.7,NPB,NPB,gbm
NPB,武田　勝,2011,170000000,208189901.6306265,1458468586556928.5,NPB,NPB,gbm
NPB,斎藤　佑樹,2011,30000000,32925836.380457576,8560518525209.092,NPB,NPB,gbm
NPB,八木　智哉,2011,24000000,22757664.555247214,1543397357289.1033,NPB,NPB,gbm
NPB,糸数　敬作,2011,14000000,32798215.63847435,353372911190581.56,NPB,NPB,gbm
NPB,吉川　光夫,2011,11000000,5410861.471805172,31238469487351.848,NPB,NPB,gbm
NPB,矢貫　俊之,2011,10000000,36771594.13253039,716718252396935.6,NPB,NPB,gbm
NPB,中村　勝,2011,7800000,5959064.849611551,3389042227935.743,NPB,NPB,gbm
NPB,大塚　豊,2011,7800000,3665024.4081818284,17098023144932.04,NPB,NPB,gbm
NPB,寺原　隼人,2011,85000000,177577659.27250126,8570622996375339,NPB,NPB,gbm
NPB,木佐貫　洋,2011,50000000,90835110.31455892,1667506234402196.5,NPB,NPB,gbm
NPB,中山　慎也,2011,40000000,98999640.56491849,3480957586789575,NPB,NPB,gbm
NPB,近藤　一樹,2011,40000000,31100178.808277857,79206817244626.55,NPB,NPB,gbm
NPB,西　勇輝,2011,30000000,86351481.01204775,3175489412251178.5,NPB,NPB,gbm
NPB,田中　将大,2011,320000000,350753899.57417125,945802339018210.25,NPB,NPB,gbm
NPB,永井　怜,2011,64000000,58198828.09747158,33653595442685.21,NPB,NPB,gbm
NPB,川島　亮,2011,36000000,43928570.881069094,62862236216136.75,NPB,NPB,gbm
NPB,塩見　貴洋,2011,32000000,93289781.12456931,3756437270297612.5,NPB,NPB,gbm
NPB,川井　貴志,2011,20000000,89024392.77250478,4764366797613010,NPB,NPB,gbm
NPB,長谷部　康平,2011,17000000,15644638.903011244,1837003703230.5647,NPB,NPB,gbm
NPB,井坂　亮平,2011,16500000,24704682.16325282,67316809399998.96,NPB,NPB,gbm
NPB,下柳　剛,2011,15000000,82703001.50597599,4583696412918187,NPB,NPB,gbm
NPB,戸村　健次,2011,14100000,5349829.488356296,76565483982839.05,NPB,NPB,gbm
NPB,藤原　紘通,2011,13000000,1837646.5937518673,124598133565979.31,NPB,NPB,gbm
NPB,菊池　保則,2011,6200000,9286202.269700672,9524644449505.582,NPB,NPB,gbm
NPB,涌井　秀章,2011,210000000,106567734.69660665,10698233505791548,NPB,NPB,gbm
NPB,石井　一久,2011,170000000,126410025.36570068,1900085888618858.5,NPB,NPB,gbm
NPB,岸　孝之,2011,110000000.00000001,77715445.14827706,1042292481973908.2,NPB,NPB,gbm
NPB,西口　文也,2011,100000000,192549060.58823004,8565328615763876,NPB,NPB,gbm
NPB,菊池　雄星,2011,20000000,30816791.6389416,117002981360276.92,NPB,NPB,gbm
NPB,成瀬　善久,2011,130000000,193075093.51756665,3978467422249778.5,NPB,NPB,gbm
NPB,渡辺　俊介,2011,126000000,136709243.03606173,114687886405436.75,NPB,NPB,gbm
NPB,小野　晋吾,2011,80000000,99053149.7314335,363022514688424.3,NPB,NPB,gbm
NPB,唐川　侑己,2011,54500000,147973133.82144284,8737226746401362,NPB,NPB,gbm
NPB,大嶺　祐太,2011,17000000,1346731.315004677,245024820524655.22,NPB,NPB,gbm
NPB,上野　大樹,2011,17000000,24615486.538501304,57995635218094.57,NPB,NPB,gbm
NPB,小林　敦,2011,15000000,9294749.347948115,32549885002738.457,NPB,NPB,gbm
NPB,光原　逸裕,2011,9000000,78480276.25922251,4827508789057879,NPB,NPB,gbm
NPB,阿部　和成,2011,5500000,1346731.315004677,17249640769762.78,NPB,NPB,gbm
NPB,久保　康友,2012,120000000,124977560.14484106,24776104995510.156,NPB,NPB,gbm
NPB,能見　篤史,2012,120000000,225644952.5768886,11160856004973040,NPB,NPB,gbm
NPB,岩田　稔,2012,58000000,93830526.46156497,1283826626512907.8,NPB,NPB,gbm
NPB,安藤　優也,2012,50000000,103172767.63262999,2827343217713663.5,NPB,NPB,gbm
NPB,二神　一人,2012,10000000,22388077.602332655,153464466681416,NPB,NPB,gbm
NPB,秋山　拓巳,2012,10000000,3665024.4081818284,40131915748931.99,NPB,NPB,gbm
NPB,岩本　輝,2012,8000000,16113359.2024992,65826597548778.445,NPB,NPB,gbm
NPB,歳内　宏明,2012,7500000,16654100.9167871,83797563594722.4,NPB,NPB,gbm
NPB,伊藤　和雄,2012,7500000,1346731.315004677,37862715509744.08,NPB,NPB,gbm
NPB,三浦　大輔,2012,180000000,210781342.2127943,947491028421152.5,NPB,NPB,gbm
NPB,高崎　健太郎,2012,55000000,91189091.05373265,1309650311295352.5,NPB,NPB,gbm
NPB,藤井　秀悟,2012,37000000,106850315.44299291,4879066567485614,NPB,NPB,gbm
NPB,国吉　佑樹,2012,18000000,28350478.080176767,107132396488219.73,NPB,NPB,gbm
NPB,加賀美　希昇,2012,14000000,6976456.254770966,49330166741145.88,NPB,NPB,gbm
NPB,須田　幸太,2012,13000000,3403241.3767176606,92097776073543.94,NPB,NPB,gbm
NPB,王　溢正,2012,10000000,13389183.724608622,11486566319151.975,NPB,NPB,gbm
NPB,杉内　俊哉,2012,500000000,248504978.1823365,63249745999067030,NPB,NPB,gbm
NPB,内海　哲也,2012,400000000,280713289.1798467,14229319378290878,NPB,NPB,gbm
NPB,澤村　拓一,2012,65000000,111196321.29332067,2134100101035712.8,NPB,NPB,gbm
NPB,小山　雄輝,2012,18000000,22434750.469027966,19667011722543.766,NPB,NPB,gbm
NPB,宮國　椋丞,2012,16000000,46459142.712133594,927759374758121,NPB,NPB,gbm
NPB,笠原　将生,2012,8400000,30029029.61552282,467814922109163.25,NPB,NPB,gbm
NPB,吉見　一起,2012,290000000,178585395.13711467,12413214176752870,NPB,NPB,gbm
NPB,中田　賢一,2012,70000000,130132955.43285015,3615972329089142.5,NPB,NPB,gbm
NPB,川上　憲伸,2012,60000000,88880929.82354866,834108107472742.4,NPB,NPB,gbm
NPB,山本昌,2012,60000000,103714535.16692162,1910960584860026.8,NPB,NPB,gbm
NPB,山内　壮馬,2012,42000000,117795174.85980082,5744908532027782,NPB,NPB,gbm
NPB,岩田　慎司,2012,28000000,41689685.45451588,187407487843583.72,NPB,NPB,gbm
NPB,大野　雄大,2012,17500000,20700623.07450182,10243988065033.482,NPB,NPB,gbm
NPB,伊藤　準規,2012,10000000,16113359.2024992,37373160738781.65,NPB,NPB,gbm
NPB,小川　龍也,2012,5500000,2099429.625216035,11563878873858.355,NPB,NPB,gbm
NPB,前田　健太,2012,210000000,230122920.9139896,404931946110680.2,NPB,NPB,gbm
NPB,大竹　寛,2012,100000000,129239160.79289821,854928523872955.75,NPB,NPB,gbm
NPB,野村　祐輔,2012,40000000,102915859.90052858,3958405427022940,NPB,NPB,gbm
NPB,福井　優也,2012,24000000,14915927.209466955,82520378463702.83,NPB,NPB,gbm
NPB,篠田　純平,2012,19000000,11762556.95819395,52380581783386.805,NPB,NPB,gbm
NPB,今井　啓介,2012,18000000,31027947.122130495,169727406217028.25,NPB,NPB,gbm
NPB,齊藤　悠葵,2012,15000000,-218863.46796111448,231613805256441.38,NPB,NPB,gbm
NPB,戸田　隆矢,2012,5500000,-218863.46796111448,32705399365180.23,NPB,NPB,gbm
NPB,石川　雅規,2012,200000000,162043033.86977017,1440731277811414.5,NPB,NPB,gbm
NPB,館山　昌平,2012,190000000,195566866.57027498,30990003411245.105,NPB,NPB,gbm
NPB,村中　恭兵,2012,65000000,98598249.73515798,1128842385266043.5,NPB,NPB,gbm
NPB,赤川　克紀,2012,40000000,62790039.8532573,519385916513055.94,NPB,NPB,gbm
NPB,中澤　雅人,2012,16500000,16374890.492800824,15652388791.620584,NPB,NPB,gbm
NPB,七條　祐樹,2012,15000000,22004966.24503585,49069552094091.65,NPB,NPB,gbm
NPB,八木　亮祐,2012,7000000,16482628.912186563,89920251086236.52,NPB,NPB,gbm
NPB,攝津　正,2012,290000000,315033163.04296345,626659251935590.9,NPB,NPB,gbm
NPB,帆足　和幸,2012,110000000.00000001,82703001.50597599,745126126782749.75,NPB,NPB,gbm
NPB,寺原　隼人,2012,85000000,52709012.874425806,1042707849543998.4,NPB,NPB,gbm
NPB,大隣　憲司,2012,63000000,180414173.68705505,13786088182613930,NPB,NPB,gbm
NPB,山本　省吾,2012,55000000,84536549.24357428,872407741218088.1,NPB,NPB,gbm
NPB,新垣　渚,2012,42000000,99126867.20765147,3263478956960644.5,NPB,NPB,gbm
NPB,山田　大樹,2012,40000000,80893533.81899235,1672281108205070.8,NPB,NPB,gbm
NPB,陽　耀勲,2012,35000000,73526560.18030529,1484295839326685,NPB,NPB,gbm
NPB,岩嵜　翔,2012,28000000,37356252.8322669,87539467061302.33,NPB,NPB,gbm
NPB,武田　翔太,2012,20000000,57011889.75353701,1369879983127977.8,NPB,NPB,gbm
NPB,大場　翔太,2012,16000000,34297995.16341164,334816627000235.75,NPB,NPB,gbm
NPB,千賀　滉大,2012,6500000,1346731.315004677,26556178139753.43,NPB,NPB,gbm
NPB,武田　勝,2012,200000000,226447977.54107165,699495516013030.6,NPB,NPB,gbm
NPB,吉川　光夫,2012,70000000,203853275.87082133,17916699461350198,NPB,NPB,gbm
NPB,木佐貫　洋,2012,62000000,156132395.70726737,8860907921589569,NPB,NPB,gbm
NPB,多田野　数人,2012,38000000,114548689.49866802,5859701863963487,NPB,NPB,gbm
NPB,斎藤　佑樹,2012,35000000,26415613.587523606,73691690078709.34,NPB,NPB,gbm
NPB,中村　勝,2012,13500000,23075065.51978909,91681879708253.89,NPB,NPB,gbm
NPB,井川　慶,2012,100000000,89863349.57656485,102751681806928.03,NPB,NPB,gbm
NPB,東野　峻,2012,65000000,23208368.47306782,1746540465682871.8,NPB,NPB,gbm
NPB,西　勇輝,2012,46000000,60718004.68990867,216619662052173.56,NPB,NPB,gbm
NPB,近藤　一樹,2012,31000000,48681476.88923481,312634624984544.75,NPB,NPB,gbm
NPB,八木　智哉,2012,24000000,43351981.413636,374499184633713.2,NPB,NPB,gbm
NPB,前田　祐二,2012,12000000,14371322.023883771,5623168140956.225,NPB,NPB,gbm
NPB,田中　将大,2012,400000000,204196172.66716418,38339138798186984,NPB,NPB,gbm
NPB,永井　怜,2012,49000000,22004966.24503585,728731847431653.9,NPB,NPB,gbm
NPB,美馬　学,2012,31000000,87791647.34265204,3225291207892156.5,NPB,NPB,gbm
NPB,塩見　貴洋,2012,29000000,24850018.80455781,17222343922523.775,NPB,NPB,gbm
NPB,辛島　航,2012,22000000,48908235.45908564,724053135521594,NPB,NPB,gbm
NPB,川井　貴志,2012,20000000,94263205.52879441,5515023695411960,NPB,NPB,gbm
NPB,釜田　佳直,2012,20000000,39811793.85681315,392507175824859.2,NPB,NPB,gbm
NPB,上園　啓史,2012,15000000,22004966.24503585,49069552094091.65,NPB,NPB,gbm
NPB,戸村　健次,2012,15000000,7668122.581533447,53756426479419.766,NPB,NPB,gbm
NPB,菊池　保則,2012,7200000,30928205.856265597,563027753157317,NPB,NPB,gbm
NPB,石井　一久,2012,190000000,168093432.86181158,479897683779956.9,NPB,NPB,gbm
NPB,岸　孝之,2012,150000000,185659545.54394925,1271603188400990.5,NPB,NPB,gbm
NPB,西口　文也,2012,70000000,100589481.0242269,935716349331537.9,NPB,NPB,gbm
NPB,牧田　和久,2012,67000000,145795197.05684102,6208683079226407,NPB,NPB,gbm
NPB,野上　亮磨,2012,28000000,40752265.58218937,162620277478691.7,NPB,NPB,gbm
NPB,菊池　雄星,2012,23000000,19178023.509137433,14607504296706.14,NPB,NPB,gbm
NPB,平野　将光,2012,11000000,53293810.423841685,1788766400167859.5,NPB,NPB,gbm
NPB,岡本　洋介,2012,8000000,13328151.741159745,28389200976823.617,NPB,NPB,gbm
NPB,山本　淳,2012,7000000,43928570.881069094,1363719347318144.2,NPB,NPB,gbm
NPB,成瀬　善久,2012,160000000,175604641.70486638,243504842737255.1,NPB,NPB,gbm
NPB,小野　晋吾,2012,80000000,103534325.59816366,553864481360381.5,NPB,NPB,gbm
NPB,渡辺　俊介,2012,80000000,110929828.43755804,956654287176774,NPB,NPB,gbm
NPB,唐川　侑己,2012,54500000,53230254.84227296,1612252765571.2666,NPB,NPB,gbm
NPB,吉見　祐治,2012,26000000,82703001.50597599,3215230379786715.5,NPB,NPB,gbm
NPB,藤岡　貴裕,2012,21000000,24850018.80455781,14822644795448.76,NPB,NPB,gbm
NPB,上野　大樹,2012,17000000,14963445.39953608,4147554640670.754,NPB,NPB,gbm
NPB,香月　良仁,2012,9000000,22004966.24503585,169129147034521.84,NPB,NPB,gbm
NPB,阿部　和成,2012,7000000,17901169.417343456,118835494665624.27,NPB,NPB,gbm
NPB,能見　篤史,2013,150000000,243757125.24818617,8790398534804069,NPB,NPB,gbm
NPB,岩田　稔,2013,46000000,47992701.037869595,3970857426326.561,NPB,NPB,gbm
NPB,藤浪　晋太郎,2013,45000000,102569046.91190423,3314195162345030,NPB,NPB,gbm
NPB,榎田　大樹,2013,41000000,44398478.916100785,11549658943181.566,NPB,NPB,gbm
NPB,吉見　祐治,2013,15000000,82703001.50597599,4583696412918187,NPB,NPB,gbm
NPB,秋山　拓巳,2013,12000000,7668122.581533447,18765161968620.45,NPB,NPB,gbm
NPB,小嶋　達也,2013,11000000,20439371.462070055,89101733598942.58,NPB,NPB,gbm
NPB,白仁田　寛和,2013,7500000,24323259.338213008,283022054760771.2,NPB,NPB,gbm
NPB,岩本　輝,2013,7000000,1346731.315004677,31959446824748.754,NPB,NPB,gbm
NPB,三浦　大輔,2013,180000000,174668667.15828225,28423109869178.258,NPB,NPB,gbm
NPB,藤井　秀悟,2013,41000000,118521981.20496581,6009657569943073,NPB,NPB,gbm
NPB,三嶋　一輝,2013,27000000,68323714.86983503,1707649410643425,NPB,NPB,gbm
NPB,須田　幸太,2013,17000000,24853083.69155703,61670923466599.01,NPB,NPB,gbm
NPB,井納　翔一,2013,16500000,33267897.537554808,281162387829936.6,NPB,NPB,gbm
NPB,国吉　佑樹,2013,15000000,3244620.5733317537,138188945464935.05,NPB,NPB,gbm
NPB,加賀美　希昇,2013,12500000,2973358.081419346,90756906244858.11,NPB,NPB,gbm
NPB,小杉　陽太,2013,10000000,22004966.24503585,144119214544450.16,NPB,NPB,gbm
NPB,杉内　俊哉,2013,500000000,207815930.07470894,85371530718107380,NPB,NPB,gbm
NPB,内海　哲也,2013,400000000,187955017.20909908,44963074726793464,NPB,NPB,gbm
NPB,大竹　寛,2013,100000000,143511098.057479,1893215654167552.2,NPB,NPB,gbm
NPB,菅野　智之,2013,70000000,123202535.74454284,2830509809649358.5,NPB,NPB,gbm
NPB,澤村　拓一,2013,60000000,73929476.73547298,194030322124082.9,NPB,NPB,gbm
NPB,小山　雄輝,2013,18000000,11119750.007298945,47337839962062.875,NPB,NPB,gbm
NPB,宮國　椋丞,2013,16000000,21286477.111399718,27946840249353.1,NPB,NPB,gbm
NPB,阿南　徹,2013,11000000,51728215.6408759,1658787549289688.2,NPB,NPB,gbm
NPB,今村　信貴,2013,9000000,16567969.548001096,57274163079471.91,NPB,NPB,gbm
NPB,吉見　一起,2013,174000000,33961521.86843562,19610775357404636,NPB,NPB,gbm
NPB,山井　大介,2013,60000000,109337478.56146078,2434186790802602,NPB,NPB,gbm
NPB,山本昌,2013,40000000,99023886.24126111,3483819147021332.5,NPB,NPB,gbm
NPB,川上　憲伸,2013,30000000,88880929.82354866,3466963896885662,NPB,NPB,gbm
NPB,大野　雄大,2013,28000000,85727082.27914913,3332416028463653.5,NPB,NPB,gbm
NPB,山内　壮馬,2013,20000000,27634691.184802137,58288509487295.46,NPB,NPB,gbm
NPB,朝倉　健太,2013,18000000,84268596.28894179,4391526854106749,NPB,NPB,gbm
NPB,岩田　慎司,2013,15000000,20975416.0157052,35705596560746.23,NPB,NPB,gbm
NPB,西川　健太郎,2013,7700000,6976456.254770966,523515551260.0569,NPB,NPB,gbm
NPB,小川　龍也,2013,4800000,-218863.46796111448,25188990510034.668,NPB,NPB,gbm
NPB,前田　健太,2013,280000000,223433454.88378528,3199774026384755.5,NPB,NPB,gbm
NPB,野村　祐輔,2013,60000000,95939559.04382987,1291651904264933.8,NPB,NPB,gbm
NPB,篠田　純平,2013,15000000,20439371.462070055,29586761902382.133,NPB,NPB,gbm
NPB,中村　恭平,2013,11000000,8184555.643455681,7926726924797.252,NPB,NPB,gbm
NPB,武内　久士,2013,7600000,5636193.834080286,3856534657304.286,NPB,NPB,gbm
NPB,戸田　隆矢,2013,5500000,7720607.486734878,4931097610142.992,NPB,NPB,gbm
NPB,石川　雅規,2013,180000000,154652644.73557177,642488418901137.4,NPB,NPB,gbm
NPB,館山　昌平,2013,150000000,84268596.28894179,4320617433826117.5,NPB,NPB,gbm
NPB,小川　泰弘,2013,56000000,225541797.55664724,28744421118739156,NPB,NPB,gbm
NPB,村中　恭兵,2013,53000000,23617517.326788984,863330288041545.5,NPB,NPB,gbm
NPB,新垣　渚,2013,33000000,84268596.28894179,2628468965438495.5,NPB,NPB,gbm
NPB,赤川　克紀,2013,31000000,5410861.471805172,654804010615145,NPB,NPB,gbm
NPB,八木　亮祐,2013,23000000,54026257.40805646,962628648750978.4,NPB,NPB,gbm
NPB,中澤　雅人,2013,14000000,20439371.462070055,41465504826522.24,NPB,NPB,gbm
NPB,古野　正人,2013,9600000,13328151.741159745,13899115405112.436,NPB,NPB,gbm
NPB,徳山　武陽,2013,6000000,6538291.916305577,289758187159.9307,NPB,NPB,gbm
NPB,攝津　正,2013,400000000,293650135.92843705,11310293588039916,NPB,NPB,gbm
NPB,寺原　隼人,2013,85000000,63868316.677464195,446548040043937.9,NPB,NPB,gbm
NPB,大隣　憲司,2013,60000000,37025504.48050422,527827444375331.56,NPB,NPB,gbm
NPB,帆足　和幸,2013,55000000,117496202.23855387,3905775294242225.5,NPB,NPB,gbm
NPB,山田　大樹,2013,30000000,3784234.7053905018,687266349982051.9,NPB,NPB,gbm
NPB,武田　翔太,2013,19500000,25958060.54137731,41706545956094.59,NPB,NPB,gbm
NPB,大場　翔太,2013,16000000,27634691.184802137,135366038965712.56,NPB,NPB,gbm
NPB,東浜　巨,2013,14000000,7893929.342264709,37284098877255.89,NPB,NPB,gbm
NPB,巽　真悟,2013,9000000,11342712.331413655,5488301067757.602,NPB,NPB,gbm
NPB,武田　勝,2013,170000000,140193629.48298052,888419723397848.1,NPB,NPB,gbm
NPB,木佐貫　洋,2013,82000000,157796363.68755117,5745088748255526,NPB,NPB,gbm
NPB,吉川　光夫,2013,70000000,85487082.0834744,239849711460273.7,NPB,NPB,gbm
NPB,大谷　翔平,2013,30000000,14076830.453151219,253547328417692.44,NPB,NPB,gbm
NPB,多田野　数人,2013,30000000,91113882.28091128,3734906607445082,NPB,NPB,gbm
NPB,斎藤　佑樹,2013,28000000,1346731.315004677,710396731594552.4,NPB,NPB,gbm
NPB,中村　勝,2013,13000000,6976456.254770966,36283079250687.81,NPB,NPB,gbm
NPB,新垣　勇人,2013,8250000,39577140.8840234,981389755967450.25,NPB,NPB,gbm
NPB,井川　慶,2013,60000000,93253297.70658766,1105781808362948,NPB,NPB,gbm
NPB,西　勇輝,2013,55000000,62204904.79733086,51910653138601.19,NPB,NPB,gbm
NPB,東野　峻,2013,49000000,13328151.741159745,1272480758201724.5,NPB,NPB,gbm
NPB,八木　智哉,2013,18000000,42362976.09810331,593554604356753,NPB,NPB,gbm
NPB,前田　祐二,2013,18000000,29113153.14866118,123502172905597.92,NPB,NPB,gbm
NPB,松葉　貴大,2013,18000000,16102021.267323976,3602323269690.485,NPB,NPB,gbm
NPB,則本　昂大,2013,60000000,189290425.31169012,16716014077277722,NPB,NPB,gbm
NPB,美馬　学,2013,40000000,43966785.08123642,15735383880719.848,NPB,NPB,gbm
NPB,永井　怜,2013,37000000,35588148.63485029,1993324277275.09,NPB,NPB,gbm
NPB,辛島　航,2013,21000000,5410861.471805172,243021240051248.4,NPB,NPB,gbm
NPB,川井　貴志,2013,19000000,108356681.32791086,7984616497937813,NPB,NPB,gbm
NPB,戸村　健次,2013,18000000,18187794.81920935,35266894121.87186,NPB,NPB,gbm
NPB,岸　孝之,2013,200000000,165163223.5615013,1213600992625938.5,NPB,NPB,gbm
NPB,牧田　和久,2013,80000000,121466393.83727072,1719461817867643.2,NPB,NPB,gbm
NPB,野上　亮磨,2013,48000000,86626406.90099692,1491999310081382.8,NPB,NPB,gbm
NPB,十亀　剣,2013,44000000,107912076.38126726,4084753507364941,NPB,NPB,gbm
NPB,菊池　雄星,2013,40000000,78980461.05230941,1519476343850610.8,NPB,NPB,gbm
NPB,西口　文也,2013,35000000,84268596.28894179,2427394580282728.5,NPB,NPB,gbm
NPB,成瀬　善久,2013,144000000,47309743.88624916,9349005627342732,NPB,NPB,gbm
NPB,唐川　侑己,2013,65400000,83724747.864191,335796384286172.44,NPB,NPB,gbm
NPB,大谷　智久,2013,30700000,27634691.184802137,9396118132529.725,NPB,NPB,gbm
NPB,古谷　拓哉,2013,30000000,129041697.83471021,9809257909982042,NPB,NPB,gbm
NPB,西野　勇士,2013,26400000,75294902.54846407,2390711495223798.5,NPB,NPB,gbm
NPB,大嶺　祐太,2013,15400000,11341040.13457942,16475155189095.053,NPB,NPB,gbm
NPB,阿部　和成,2013,8300000,1346731.315004677,48347945405736.59,NPB,NPB,gbm
NPB,能見　篤史,2014,140000000,168784181.02163246,828529077086106.5,NPB,NPB,gbm
NPB,藤浪　晋太郎,2014,85000000,128485006.98133421,1890945832166685,NPB,NPB,gbm
NPB,岩田　稔,2014,60000000,162485188.40419954,10503213842244276,NPB,NPB,gbm
NPB,岩貞　祐太,2014,16500000,2554830.703689401,194467746702763.88,NPB,NPB,gbm
NPB,岩崎　優,2014,15000000,23974039.914264236,80533392382807.66,NPB,NPB,gbm
NPB,秋山　拓巳,2014,10000000,1346731.315004677,74879058934720.69,NPB,NPB,gbm
NPB,三浦　大輔,2014,135000000,116268105.1892448,350883883201197.3,NPB,NPB,gbm
NPB,久保　康友,2014,120000000,153677937.16452625,1134203451657778.8,NPB,NPB,gbm
NPB,山口　俊,2014,88000000,69984748.01602238,324549304046209.44,NPB,NPB,gbm
NPB,高崎　健太郎,2014,39000000,35588148.63485029,11640729737873.916,NPB,NPB,gbm
NPB,井納　翔一,2014,39000000,122920936.50077748,7042723583167526,NPB,NPB,gbm
NPB,三嶋　一輝,2014,21000000,24418155.885470904,11683789657379.383,NPB,NPB,gbm
NPB,加賀美　希昇,2014,10000000,5338105.869370827,21733256885194.73,NPB,NPB,gbm
NPB,杉内　俊哉,2014,500000000,205255551.05092543,86874290186293620,NPB,NPB,gbm
NPB,内海　哲也,2014,400000000,175332997.5328849,50475261997558704,NPB,NPB,gbm
NPB,菅野　智之,2014,110000000.00000001,123530213.42350727,183066675285656,NPB,NPB,gbm
NPB,大竹　寛,2014,100000000,136277200.2849119,1316035260511612,NPB,NPB,gbm
NPB,澤村　拓一,2014,48000000,36467613.18723647,132995945599202.11,NPB,NPB,gbm
NPB,小山　雄輝,2014,35000000,27955320.707719564,49627506331084.78,NPB,NPB,gbm
NPB,宮國　椋丞,2014,12000000,8294601.803216219,13729975796728.496,NPB,NPB,gbm
NPB,山井　大介,2014,120000000,189339170.0172455,4807920498680477,NPB,NPB,gbm
NPB,吉見　一起,2014,104400000,61500745.52005662,1840346034934942.2,NPB,NPB,gbm
NPB,大野　雄大,2014,45000000,113968554.43091893,4756661500290627,NPB,NPB,gbm
NPB,川上　憲伸,2014,40000000,84268596.28894179,1959708617393310.5,NPB,NPB,gbm
NPB,山本昌,2014,40000000,89650871.99418753,2465209089783196,NPB,NPB,gbm
NPB,朝倉　健太,2014,25000000,100589481.0242269,5713769641511959,NPB,NPB,gbm
NPB,濱田　達郎,2014,17000000,24041492.22201997,49582612712767.74,NPB,NPB,gbm
NPB,山内　壮馬,2014,15000000,27640130.601906836,159772901633261.7,NPB,NPB,gbm
NPB,伊藤　準規,2014,9000000,5349829.488356296,13323744764073.26,NPB,NPB,gbm
NPB,前田　健太,2014,300000000,157718870.1257795,20243919918284800,NPB,NPB,gbm
NPB,野村　祐輔,2014,58000000,34242042.78925544,564440530827569.4,NPB,NPB,gbm
NPB,大瀬良　大地,2014,35000000,87713080.896965,2778668897649976,NPB,NPB,gbm
NPB,福井　優也,2014,22000000,18967301.26385012,9197261624245.086,NPB,NPB,gbm
NPB,九里　亜蓮,2014,16000000,15200921.428808387,638526562937.6292,NPB,NPB,gbm
NPB,篠田　純平,2014,15000000,34022553.85188451,361857555047846.06,NPB,NPB,gbm
NPB,成瀬　善久,2014,200000000,98056979.51289405,10392379426034504,NPB,NPB,gbm
NPB,石川　雅規,2014,180000000,194572414.64363566,212355268546047.03,NPB,NPB,gbm
NPB,小川　泰弘,2014,65000000,67570584.52523781,6607904801392.115,NPB,NPB,gbm
NPB,村中　恭兵,2014,40000000,15765655.13154557,587303471203183.6,NPB,NPB,gbm
NPB,八木　亮祐,2014,26000000,24850018.80455781,1322456749870.645,NPB,NPB,gbm
NPB,新垣　渚,2014,26000000,84268596.28894179,3395229313483680.5,NPB,NPB,gbm
NPB,木谷　良平,2014,16800000,12871663.26540197,15431829500392.309,NPB,NPB,gbm
NPB,杉浦　稔大,2014,16000000,47601204.25451038,998636110335285,NPB,NPB,gbm
NPB,古野　正人,2014,13600000,32424935.807719078,354378208164743.94,NPB,NPB,gbm
NPB,攝津　正,2014,400000000,176657548.25312403,49881850752305624,NPB,NPB,gbm
NPB,中田　賢一,2014,95000000,173886403.8452827,6223064711641034,NPB,NPB,gbm
NPB,大隣　憲司,2014,73000000,65385859.74477974,57975131826165.59,NPB,NPB,gbm
NPB,帆足　和幸,2014,55000000,101342179.33443826,2147597585465237,NPB,NPB,gbm
NPB,寺原　隼人,2014,45000000,78480276.25922251,1120928898393858.2,NPB,NPB,gbm
NPB,岩嵜　翔,2014,44000000,13659333.227756567,920556060184316.75,NPB,NPB,gbm
NPB,武田　翔太,2014,26000000,42101996.89419029,259274303980513.72,NPB,NPB,gbm
NPB,山田　大樹,2014,22500000,1837646.5937518673,426932848284693.9,NPB,NPB,gbm
NPB,飯田　優也,2014,18000000,29629353.44750724,135241861607048.53,NPB,NPB,gbm
NPB,東浜　巨,2014,17000000,7284693.981009457,94387171042633.875,NPB,NPB,gbm
NPB,大場　翔太,2014,12000000,29958423.69508399,322504981612154.1,NPB,NPB,gbm
NPB,大谷　翔平,2014,100000000,147273581.17476186,2234791477086799,NPB,NPB,gbm
NPB,木佐貫　洋,2014,65000000,91199222.91672581,686399281440291.1,NPB,NPB,gbm
NPB,吉川　光夫,2014,60000000,13793947.4492285,2134999292324657.8,NPB,NPB,gbm
NPB,中村　勝,2014,26000000,36139932.047582515,102818221929590.92,NPB,NPB,gbm
NPB,斎藤　佑樹,2014,25000000,3403241.3767176606,466419983032320.06,NPB,NPB,gbm
NPB,浦野　博司,2014,24000000,34242042.78925544,104899440496939.36,NPB,NPB,gbm
NPB,上沢　直之,2014,23000000,76371510.40275994,2848518122671912.5,NPB,NPB,gbm
NPB,新垣　勇人,2014,8150000,27640130.601906836,379865190879385.3,NPB,NPB,gbm
NPB,西　勇輝,2014,95000000,110851709.26774666,251276686709165.25,NPB,NPB,gbm
NPB,井川　慶,2014,48000000,84637865.99862915,1342333224933506.2,NPB,NPB,gbm
NPB,松葉　貴大,2014,35000000,40062475.71254703,25628660340128.523,NPB,NPB,gbm
NPB,東明　大貴,2014,22000000,23758886.508216422,3093681748785.758,NPB,NPB,gbm
NPB,吉田　一将,2014,21000000,19602480.542942934,1953060632853.0774,NPB,NPB,gbm
NPB,近藤　一樹,2014,13000000,88738040.30709565,5736250749559245,NPB,NPB,gbm
NPB,則本　昂大,2014,120000000,260677749.00185078,19790229064227728,NPB,NPB,gbm
NPB,辛島　航,2014,42000000,61852686.60978828,394129165626467,NPB,NPB,gbm
NPB,美馬　学,2014,37000000,39531018.16807022,6406052967101.529,NPB,NPB,gbm
NPB,塩見　貴洋,2014,30000000,34215363.10514488,17769286108216.69,NPB,NPB,gbm
NPB,松井　裕樹,2014,25000000,72386999.1210982,2245527685702962,NPB,NPB,gbm
NPB,川井　貴志,2014,18000000,88332726.4457423,4946692409291617,NPB,NPB,gbm
NPB,菊池　保則,2014,12000000,12296292.747654365,87789392312.57344,NPB,NPB,gbm
NPB,濱矢　廣大,2014,10000000,-218863.46796111448,104425170576830.25,NPB,NPB,gbm
NPB,森　雄大,2014,9500000,-218863.46796111448,94456307108869.125,NPB,NPB,gbm
NPB,横山　貴明,2014,8100000,18918905.953992218,117048726041328.27,NPB,NPB,gbm
NPB,岸　孝之,2014,225000000,196016837.44470984,840023711706373.75,NPB,NPB,gbm
NPB,牧田　和久,2014,75000000,117925871.08276038,1842630408213763.8,NPB,NPB,gbm
NPB,野上　亮磨,2014,45000000,53378834.764866345,70204872016932.85,NPB,NPB,gbm
NPB,菊池　雄星,2014,38000000,64782909.273423076,717324229148411.75,NPB,NPB,gbm
NPB,岡本　洋介,2014,17000000,39596431.45738349,510598714608230.2,NPB,NPB,gbm
NPB,小石　博孝,2014,9500000,11762556.95819395,5119163989071.861,NPB,NPB,gbm
NPB,涌井　秀章,2014,220000000.00000003,102698567.32488339,13759626107634922,NPB,NPB,gbm
NPB,唐川　侑己,2014,60000000,42217867.11869439,316204249808410.25,NPB,NPB,gbm
NPB,石川　歩,2014,37000000,109933639.0413391,5319315703812343,NPB,NPB,gbm
NPB,古谷　拓哉,2014,36000000,117496202.23855387,6641630979307272,NPB,NPB,gbm
NPB,藤岡　貴裕,2014,35000000,33638702.21206043,1853131667449.1687,NPB,NPB,gbm
NPB,大嶺　祐太,2014,18200000,9032966.316483945,84034506554717.94,NPB,NPB,gbm
NPB,チェン・グァンユウ,2014,6000000,28463434.832557026,504605904476536.3,NPB,NPB,gbm
NPB,藤浪　晋太郎,2015,170000000,259289884.72721758,7972683514599804,NPB,NPB,gbm
NPB,能見　篤史,2015,140000000,184603821.77556312,1989500916986198.8,NPB,NPB,gbm
NPB,岩田　稔,2015,68000000,162419059.41615105,8914958781030662,NPB,NPB,gbm
NPB,岩崎　優,2015,20000000,15953619.73901974,16373193216450.674,NPB,NPB,gbm
NPB,岩貞　祐太,2015,16000000,-218863.46796111448,263051532192363.62,NPB,NPB,gbm
NPB,横山　雄哉,2015,15000000,7720607.486734878,52989555362180.305,NPB,NPB,gbm
NPB,秋山　拓巳,2015,10000000,8294601.803216219,2908383009593.372,NPB,NPB,gbm
NPB,三浦　大輔,2015,125000000,111655771.65463793,178068430133164.47,NPB,NPB,gbm
NPB,久保　康友,2015,120000000,143657113.5242734,559659020300359.2,NPB,NPB,gbm
NPB,山口　俊,2015,80000000,71391562.93826446,74105188645862.03,NPB,NPB,gbm
NPB,井納　翔一,2015,45000000,81882701.7141152,1360333685732396.5,NPB,NPB,gbm
NPB,高崎　健太郎,2015,33000000,48080411.711844504,227418817398736.88,NPB,NPB,gbm
NPB,三嶋　一輝,2015,25000000,17050169.123173773,63199810970139.66,NPB,NPB,gbm
NPB,石田　健大,2015,18000000,16748304.121982146,1566742571046.8862,NPB,NPB,gbm
NPB,砂田　毅樹,2015,13000000,16349770.922122397,11220965230696.73,NPB,NPB,gbm
NPB,内海　哲也,2015,400000000,85021294.59915315,99211584855993460,NPB,NPB,gbm
NPB,菅野　智之,2015,130000000,164740500.44208896,1206902370966783.2,NPB,NPB,gbm
NPB,大竹　寛,2015,100000000,101458525.2515265,2127295909340.4539,NPB,NPB,gbm
NPB,杉内　俊哉,2015,50000000,129216681.58254652,6275282640950565,NPB,NPB,gbm
NPB,高木　勇人,2015,42000000,102165378.05580088,3619872716597446.5,NPB,NPB,gbm
NPB,田口　麗斗,2015,18000000,35772310.11293668,315855006750391.5,NPB,NPB,gbm
NPB,山井　大介,2015,120000000,129800782.03972073,96055328590112.4,NPB,NPB,gbm
NPB,大野　雄大,2015,108000000,208448409.044285,10089882879527996,NPB,NPB,gbm
NPB,吉見　一起,2015,89000000,104461768.04983725,239066271226967.88,NPB,NPB,gbm
NPB,若松　駿太,2015,36000000,111978786.44226013,5772775989238572,NPB,NPB,gbm
NPB,八木　智哉,2015,20000000,92697310.32555075,5284898928569428,NPB,NPB,gbm
NPB,武藤　祐太,2015,16000000,3403241.3767176606,158678327813237.97,NPB,NPB,gbm
NPB,濱田　達郎,2015,13000000,2014088.989401509,120690240732789.17,NPB,NPB,gbm
NPB,小熊　凌祐,2015,12000000,5349829.488356296,44224767833935.484,NPB,NPB,gbm
NPB,岩田　慎司,2015,11500000,22004966.24503585,110354315809342.6,NPB,NPB,gbm
NPB,伊藤　準規,2015,6750000,1346731.315004677,29195312482251.09,NPB,NPB,gbm
NPB,鈴木　翔太,2015,6000000,1346731.315004677,21652909454758.105,NPB,NPB,gbm
NPB,黒田　博樹,2015,600000000,218794419.12949044,145317694886822600,NPB,NPB,gbm
NPB,野村　祐輔,2015,52000000,25661280.266289853,693728157210932.4,NPB,NPB,gbm
NPB,福井　優也,2015,42000000,73478366.10364951,990887532555390.5,NPB,NPB,gbm
NPB,薮田　和樹,2015,10000000,1346731.315004677,74879058934720.69,NPB,NPB,gbm
NPB,中村　恭平,2015,8000000,9777117.54844786,3158146781001.3335,NPB,NPB,gbm
NPB,石川　雅規,2015,200000000,186651324.70619574,178187132099420.2,NPB,NPB,gbm
NPB,成瀬　善久,2015,144000000,56637570.04675708,7632194167335277,NPB,NPB,gbm
NPB,館山　昌平,2015,120000000,104066799.24442431,253866886317477.62,NPB,NPB,gbm
NPB,小川　泰弘,2015,100000000,111579749.89384466,134090607603995.52,NPB,NPB,gbm
NPB,石山　泰稚,2015,41000000,38397034.013678715,6775431925945.542,NPB,NPB,gbm
NPB,新垣　渚,2015,28000000,93923453.64884566,4345901740991502,NPB,NPB,gbm
NPB,山中　浩史,2015,22000000,75235488.47988419,2834017233691882.5,NPB,NPB,gbm
NPB,杉浦　稔大,2015,17000000,9962163.022963159,49531149315347.06,NPB,NPB,gbm
NPB,近藤　一樹,2015,12000000,89898321.22870809,6068148450250993,NPB,NPB,gbm
NPB,風張　蓮,2015,11000000,33685533.84148675,514633445673240.7,NPB,NPB,gbm
NPB,寺田　哲也,2015,9500000,58216391.93658195,2373286843318666.5,NPB,NPB,gbm
NPB,攝津　正,2015,400000000,172926436.5485227,51562403218552080,NPB,NPB,gbm
NPB,中田　賢一,2015,95000000,171719935.278811,5885948469184950,NPB,NPB,gbm
NPB,武田　翔太,2015,70000000,134064138.3750921,4104213825742949,NPB,NPB,gbm
NPB,大隣　憲司,2015,68000000,120802189.82755329,2788071250584972,NPB,NPB,gbm
NPB,寺原　隼人,2015,65000000,116601143.59302735,2662678020108228,NPB,NPB,gbm
NPB,千賀　滉大,2015,25000000,24052830.15719519,897130711118.885,NPB,NPB,gbm
NPB,東浜　巨,2015,18000000,3281595.8076578397,216631421969155.28,NPB,NPB,gbm
NPB,大谷　翔平,2015,200000000,255288661.32721084,3056836071355020,NPB,NPB,gbm
NPB,吉川　光夫,2015,95000000,110218534.32400535,231603786970929,NPB,NPB,gbm
NPB,武田　勝,2015,40000000,105904901.08472985,4343455986988026,NPB,NPB,gbm
NPB,有原　航平,2015,30000000,34242042.78925544,17994927025874.074,NPB,NPB,gbm
NPB,上沢　直之,2015,24000000,19565505.30861685,19664743167905.336,NPB,NPB,gbm
NPB,中村　勝,2015,24000000,9750150.426421475,203058212869616.1,NPB,NPB,gbm
NPB,浦野　博司,2015,23000000,9032966.316483945,195078029916472.06,NPB,NPB,gbm
NPB,斎藤　佑樹,2015,23000000,18957876.68092604,16338760926601.488,NPB,NPB,gbm
NPB,新垣　勇人,2015,8500000,61500745.52005662,2809079025681802,NPB,NPB,gbm
NPB,高梨　裕稔,2015,7700000,24559562.434748083,284244845491168.75,NPB,NPB,gbm
NPB,西　勇輝,2015,120000000,139691204.84248385,387743548148659.4,NPB,NPB,gbm
NPB,東明　大貴,2015,42000000,110568098.3763292,4701584114945959,NPB,NPB,gbm
NPB,松葉　貴大,2015,28000000,11737437.387515519,264470942724978.06,NPB,NPB,gbm
NPB,八木　亮祐,2015,20000000,-218863.46796111448,408802439936052.5,NPB,NPB,gbm
NPB,山﨑　福也,2015,17000000,8184555.643455681,77712059203329.1,NPB,NPB,gbm
NPB,則本　昂大,2015,150000000,160447604.4045512,109152437793997.8,NPB,NPB,gbm
NPB,美馬　学,2015,35000000,45533585.611670606,110956425838394.02,NPB,NPB,gbm
NPB,辛島　航,2015,33000000,16102021.267323976,285541685249971.1,NPB,NPB,gbm
NPB,塩見　貴洋,2015,30000000,55443066.13088559,647349614140617.6,NPB,NPB,gbm
NPB,菊池　保則,2015,19000000,30370012.907563668,129277193518164.4,NPB,NPB,gbm
NPB,川井　貴志,2015,16000000,103744347.79330398,7699070569672289,NPB,NPB,gbm
NPB,釜田　佳直,2015,12800000,1346731.315004677,131177363570694.5,NPB,NPB,gbm
NPB,安樂　智大,2015,12000000,16113359.2024992,16919723928784.852,NPB,NPB,gbm
NPB,森　雄大,2015,9500000,21225934.336090438,137497536054304.7,NPB,NPB,gbm
NPB,岸　孝之,2015,225000000,125962966.21432541,9808334061064850,NPB,NPB,gbm
NPB,牧田　和久,2015,75000000,141850250.37258634,4468955974877480,NPB,NPB,gbm
NPB,十亀　剣,2015,60000000,114988921.2730741,3023781462776342,NPB,NPB,gbm
NPB,野上　亮磨,2015,58000000,75215203.95193653,296363247106771.06,NPB,NPB,gbm
NPB,菊池　雄星,2015,55000000,73003132.55515482,324112781798475.1,NPB,NPB,gbm
NPB,郭　俊麟,2015,30000000,18872783.238039024,123814952867665.3,NPB,NPB,gbm
NPB,髙橋　光成,2015,18000000,19518307.504072517,2305257676922.9165,NPB,NPB,gbm
NPB,佐野　泰雄,2015,12000000,-218863.46796111448,149300624448674.7,NPB,NPB,gbm
NPB,涌井　秀章,2015,220000000.00000003,231672002.76979172,136235648658024.94,NPB,NPB,gbm
NPB,石川　歩,2015,75000000,135537912.29215044,3664838824692099,NPB,NPB,gbm
NPB,唐川　侑己,2015,48000000,14928173.327114955,1093745719481350.8,NPB,NPB,gbm
NPB,大嶺　祐太,2015,36400000,70381132.02288656,1154717333556846.5,NPB,NPB,gbm
NPB,古谷　拓哉,2015,31000000,88332726.4457423,3287041521702318,NPB,NPB,gbm
NPB,チェン・グァンユウ,2015,17000000,14103205.342424188,8391419288159.767,NPB,NPB,gbm
NPB,田中　英祐,2015,13400000,3281595.8076578397,102382103399607.4,NPB,NPB,gbm
NPB,木村　優太,2015,9300000,42362976.09810331,1093160388463750.6,NPB,NPB,gbm
NPB,藤浪　晋太郎,2016,160000000,110722630.69537038,2428259125584854,NPB,NPB,gbm
NPB,能見　篤史,2016,130000000,151973452.8064031,482832628235224.3,NPB,NPB,gbm
NPB,岩田　稔,2016,53000000,84329628.27239066,981545607686180.4,NPB,NPB,gbm
NPB,岩貞　祐太,2016,40000000,138231625.24567264,9649452198406270,NPB,NPB,gbm
NPB,岩崎　優,2016,25000000,11737437.387515519,175895567050071.2,NPB,NPB,gbm
NPB,横山　雄哉,2016,15700000,38267328.968464814,509284336770911.2,NPB,NPB,gbm
NPB,青柳　晃洋,2016,12000000,23933988.282416694,142420076324858.94,NPB,NPB,gbm
NPB,久保　康友,2016,100000000,113590636.1472911,184705390888055.3,NPB,NPB,gbm
NPB,井納　翔一,2016,72000000,116756772.82418498,2003168713635703.5,NPB,NPB,gbm
NPB,石田　健大,2016,48000000,84629780.8733276,1341740846827996.2,NPB,NPB,gbm
NPB,今永　昇太,2016,40000000,95417121.8791155,3071057397364742.5,NPB,NPB,gbm
NPB,三嶋　一輝,2016,23000000,3403241.3767176606,384032948539190.75,NPB,NPB,gbm
NPB,国吉　佑樹,2016,20000000,30029029.61552282,100581435029033.81,NPB,NPB,gbm
NPB,平良　拳太郎,2016,7500000,30029029.61552282,507557175417104.3,NPB,NPB,gbm
NPB,菅野　智之,2016,229999999.99999997,192185267.18460706,1429954017899553.5,NPB,NPB,gbm
NPB,内海　哲也,2016,200000000,129379946.17048472,4987192002883636,NPB,NPB,gbm
NPB,吉川　光夫,2016,95000000,52575845.11534071,1799808917677560.8,NPB,NPB,gbm
NPB,山口　俊,2016,80000000,153405170.28233904,5388319024179190,NPB,NPB,gbm
NPB,大竹　寛,2016,70000000,104208342.08533688,1170210668227430.2,NPB,NPB,gbm
NPB,田口　麗斗,2016,50000000,112075922.02911505,3853420095764771.5,NPB,NPB,gbm
NPB,高木　勇人,2016,37000000,52060155.42840004,226808281527567.2,NPB,NPB,gbm
NPB,今村　信貴,2016,16000000,11737437.387515519,18169440025350.523,NPB,NPB,gbm
NPB,桜井　俊貴,2016,12000000,36976900.10373439,623845538791926.9,NPB,NPB,gbm
NPB,江柄子　裕樹,2016,11000000,43928570.881069094,1084290780269591.5,NPB,NPB,gbm
NPB,大野　雄大,2016,86400000,73300422.04404008,171598942624270.97,NPB,NPB,gbm
NPB,吉見　一起,2016,80000000,138545128.59882134,3427532082652528.5,NPB,NPB,gbm
NPB,ジョーダン,2016,30000000,98588526.407418,4704385954741076,NPB,NPB,gbm
NPB,若松　駿太,2016,30000000,34242042.78925544,17994927025874.074,NPB,NPB,gbm
NPB,小笠原　慎之介,2016,18000000,15392666.696023006,6798186958027.588,NPB,NPB,gbm
NPB,小熊　凌祐,2016,16000000,21574817.5657855,31078590891790.582,NPB,NPB,gbm
NPB,八木　智哉,2016,15000000,97469629.39347051,6801239772296375,NPB,NPB,gbm
NPB,濱田　達郎,2016,9750000,-218863.46796111448,99378238842849.69,NPB,NPB,gbm
NPB,伊藤　準規,2016,7500000,1346731.315004677,37862715509744.08,NPB,NPB,gbm
NPB,野村　祐輔,2016,100000000,198578513.78717047,9717723380487358,NPB,NPB,gbm
NPB,福井　優也,2016,41000000,40260715.47297413,546541611899.8658,NPB,NPB,gbm
NPB,岡田　明丈,2016,25200000,28217103.73918373,9102914972996.453,NPB,NPB,gbm
NPB,横山　弘樹,2016,12500000,3244620.5733317537,85662048331593.81,NPB,NPB,gbm
NPB,中村　恭平,2016,9000000,15222731.4622069,38722386850739.625,NPB,NPB,gbm
NPB,石川　雅規,2016,180000000,128666703.49987476,2635107329569770.5,NPB,NPB,gbm
NPB,館山　昌平,2016,120000000,91796210.48703517,795453742891624.9,NPB,NPB,gbm
NPB,小川　泰弘,2016,88000000,77535472.45514801,109506336736965.98,NPB,NPB,gbm
NPB,山中　浩史,2016,41000000,168195257.09716535,16178633428013992,NPB,NPB,gbm
NPB,原　樹理,2016,17000000,15200921.428808387,3236683705320.8545,NPB,NPB,gbm
NPB,和田　毅,2016,400000000,314992630.68965715,7226252837065019,NPB,NPB,gbm
NPB,攝津　正,2016,400000000,89898321.22870809,96163051176773520,NPB,NPB,gbm
NPB,武田　翔太,2016,120000000,176513136.88119158,3193734640152296,NPB,NPB,gbm
NPB,中田　賢一,2016,95000000,123736554.68130353,825789574951547.9,NPB,NPB,gbm
NPB,千賀　滉大,2016,65000000,145033204.96081367,6405313896299610,NPB,NPB,gbm
NPB,大隣　憲司,2016,55000000,97469629.39347051,1803669420818734.5,NPB,NPB,gbm
NPB,東浜　巨,2016,36000000,80112435.93381168,1945907004014640,NPB,NPB,gbm
NPB,山田　大樹,2016,14000000,20439371.462070055,41465504826522.24,NPB,NPB,gbm
NPB,大谷　翔平,2016,270000000,149354482.10760158,14555340987525026,NPB,NPB,gbm
NPB,有原　航平,2016,60000000,105264714.33976144,2048894364260204.5,NPB,NPB,gbm
NPB,加藤　貴之,2016,26000000,16177649.325619776,96478572770497.64,NPB,NPB,gbm
NPB,杉浦　稔大,2016,15000000,8911320.747424122,37072015040747.95,NPB,NPB,gbm
NPB,中村　勝,2016,12000000,4120425.486655196,62087694511353,NPB,NPB,gbm
NPB,西　勇輝,2016,130000000,108391641.96077615,466921137151290,NPB,NPB,gbm
NPB,松葉　貴大,2016,36500000,41010741.877998814,20346792289932.266,NPB,NPB,gbm
NPB,東明　大貴,2016,34000000,47412725.11333318,179901194965838.6,NPB,NPB,gbm
NPB,八木　亮祐,2016,16000000,30519944.894270007,210828799732637.62,NPB,NPB,gbm
NPB,近藤　大亮,2016,9600000,13880406.745136578,18321881903810.71,NPB,NPB,gbm
NPB,青山　大紀,2016,9000000,30029029.61552282,442220086570535.9,NPB,NPB,gbm
NPB,山田　修義,2016,9000000,5410861.471805172,12881915374572.535,NPB,NPB,gbm
NPB,岸　孝之,2016,225000000,146677853.84923813,6134358577661303,NPB,NPB,gbm
NPB,則本　昂大,2016,200000000,164402003.72459126,1267217338824014.8,NPB,NPB,gbm
NPB,美馬　学,2016,50000000,127534153.25945705,6011544921660975,NPB,NPB,gbm
NPB,塩見　貴洋,2016,45000000,87485941.71230374,1805055243181271,NPB,NPB,gbm
NPB,辛島　航,2016,30000000,13793947.4492285,262636139278367.47,NPB,NPB,gbm
NPB,釜田　佳直,2016,25000000,39811793.85681315,219389237256727.7,NPB,NPB,gbm
NPB,安樂　智大,2016,21000000,14084993.970865056,47817308382972.625,NPB,NPB,gbm
NPB,菊池　保則,2016,15000000,13328151.741159745,2795076600587.194,NPB,NPB,gbm
NPB,菊池　雄星,2016,100000000,108013454.28881492,64215449638926.19,NPB,NPB,gbm
NPB,野上　亮磨,2016,50000000,50242318.252944425,58718135710.038216,NPB,NPB,gbm
NPB,十亀　剣,2016,50000000,49530766.404749654,220180166911.5653,NPB,NPB,gbm
NPB,髙橋　光成,2016,23000000,34827292.28409557,139884842773426.61,NPB,NPB,gbm
NPB,多和田　真三郎,2016,23000000,43514956.823283195,420863453461173.75,NPB,NPB,gbm
NPB,本田　圭佑,2016,7000000,8294601.803216219,1675993828890.6858,NPB,NPB,gbm
NPB,佐藤　勇,2016,6000000,1679025.7903659604,18670818120322.51,NPB,NPB,gbm
NPB,涌井　秀章,2016,250000000,187307011.5221954,3930410804278140.5,NPB,NPB,gbm
NPB,石川　歩,2016,130000000,238195350.8082905,11706233936529050,NPB,NPB,gbm
NPB,唐川　侑己,2016,52000000,37880231.07216169,199367874575548.25,NPB,NPB,gbm
NPB,古谷　拓哉,2016,27000000,82703001.50597599,3102824376774763.5,NPB,NPB,gbm
NPB,関谷　亮太,2016,22500000,23184366.369726796,468357328013.03326,NPB,NPB,gbm
NPB,二木　康太,2016,18000000,41108397.78117106,533998048012831.6,NPB,NPB,gbm
NPB,チェン・グァンユウ,2016,16000000,9777117.54844786,38724266005835.57,NPB,NPB,gbm
NPB,藤浪　晋太郎,2017,120000000,14076830.453151219,11219717846850472,NPB,NPB,gbm
NPB,能見　篤史,2017,120000000,133358800.74773307,178457557417633.66,NPB,NPB,gbm
NPB,岩田　稔,2017,50000000,88332726.4457423,1469397916764110.8,NPB,NPB,gbm
NPB,秋山　拓巳,2017,41000000,133270201.51278138,8513790087209284,NPB,NPB,gbm
NPB,岩貞　祐太,2017,35000000,34845999.8209668,23716055142.25687,NPB,NPB,gbm
NPB,岡本　洋介,2017,23000000,101363279.3068968,6140803543730721,NPB,NPB,gbm
NPB,小野　泰己,2017,18000000,15200921.428808387,7834840847704.08,NPB,NPB,gbm
NPB,青柳　晃洋,2017,13000000,25827442.03921707,164543269269473.38,NPB,NPB,gbm
NPB,横山　雄哉,2017,13000000,33759609.766222335,430961397645833.75,NPB,NPB,gbm
NPB,福永　春吾,2017,6800000,1346731.315004677,29738139350750.625,NPB,NPB,gbm
NPB,井納　翔一,2017,85000000,138295148.2027979,2840372821958191,NPB,NPB,gbm
NPB,今永　昇太,2017,84000000,125200377.43280123,1697471100605277,NPB,NPB,gbm
NPB,石田　健大,2017,60000000,49068510.78025992,119497456561293.53,NPB,NPB,gbm
NPB,濵口　遥大,2017,47500000,96746390.74415772,2425207001326263,NPB,NPB,gbm
NPB,熊原　健人,2017,13000000,3281595.8076578397,94447380045733.67,NPB,NPB,gbm
NPB,水野　滉也,2017,12000000,30029029.61552282,325045908877398.94,NPB,NPB,gbm
NPB,飯塚　悟史,2017,8500000,6976456.254770966,2321185543626.5107,NPB,NPB,gbm
NPB,平良　拳太郎,2017,7500000,1346731.315004677,37862715509744.08,NPB,NPB,gbm
NPB,綾部　翔,2017,5700000,38098898.720838666,1049688638323161.4,NPB,NPB,gbm
NPB,菅野　智之,2017,450000000,334750081.47443634,13282543720149062,NPB,NPB,gbm
NPB,山口　俊,2017,229999999.99999997,72610869.18158717,24771338499775452,NPB,NPB,gbm
NPB,野上　亮磨,2017,150000000,159774625.5225468,95543304106023.27,NPB,NPB,gbm
NPB,内海　哲也,2017,100000000,88332726.4457423,136125272189881.23,NPB,NPB,gbm
NPB,田口　麗斗,2017,90000000,126243206.33726077,1313570005605259,NPB,NPB,gbm
NPB,吉川　光夫,2017,70000000,31704260.75870733,1466563644037083.2,NPB,NPB,gbm
NPB,大竹　寛,2017,52500000,102907774.11740406,2540943691471230.5,NPB,NPB,gbm
NPB,宮國　椋丞,2017,24000000,6976456.254770966,289801041645726.6,NPB,NPB,gbm
NPB,畠　世周,2017,24000000,47379976.69745569,546623310373571.06,NPB,NPB,gbm
NPB,大野　雄大,2017,80000000,92700702.23432466,161307837244979.5,NPB,NPB,gbm
NPB,吉見　一起,2017,75000000,112779335.24675722,1427278171686872.8,NPB,NPB,gbm
NPB,山井　大介,2017,72000000,116607398.81542386,1989820029078278,NPB,NPB,gbm
NPB,若松　駿太,2017,25000000,6976456.254770966,324848129136184.7,NPB,NPB,gbm
NPB,小笠原　慎之介,2017,21000000,37337551.6579923,266915594177567.06,NPB,NPB,gbm
NPB,柳　裕也,2017,14500000,20007914.474294625,30337121856144.24,NPB,NPB,gbm
NPB,鈴木　翔太,2017,12000000,18029174.015823442,36350939313080.58,NPB,NPB,gbm
NPB,小熊　凌祐,2017,12000000,13328151.741159745,1763987047545.6611,NPB,NPB,gbm
NPB,野村　祐輔,2017,120000000,106225589.22317094,189734392248824.66,NPB,NPB,gbm
NPB,大瀬良　大地,2017,63000000,92073752.48431437,845283083519175.9,NPB,NPB,gbm
NPB,岡田　明丈,2017,42000000,88051514.88309503,2120742023027922.8,NPB,NPB,gbm
NPB,福井　優也,2017,31000000,29266757.368321504,3004130020267.797,NPB,NPB,gbm
NPB,中村　祐太,2017,9000000,17667616.050289772,75127567995240.875,NPB,NPB,gbm
NPB,床田　寛樹,2017,7000000,28761953.774062853,473582632064448.44,NPB,NPB,gbm
NPB,石川　雅規,2017,120000000,126165164.75351633,38009256438000.086,NPB,NPB,gbm
NPB,館山　昌平,2017,98000000,84268596.28894179,188551447876063.3,NPB,NPB,gbm
NPB,小川　泰弘,2017,90000000,77278449.03588504,161837858932574.38,NPB,NPB,gbm
NPB,山中　浩史,2017,32000000,103172767.63262999,5065562852488343,NPB,NPB,gbm
NPB,原　樹理,2017,29000000,43192795.487107486,201435443738858.6,NPB,NPB,gbm
NPB,星　知弥,2017,22000000,28313502.845850684,39860318184564.68,NPB,NPB,gbm
NPB,山田　大樹,2017,14000000,26074535.81894104,145794415242890.22,NPB,NPB,gbm
NPB,寺島　成輝,2017,11000000,21225934.336090438,104569733046033.39,NPB,NPB,gbm
NPB,岩橋　慶侍,2017,10000000,17145016.19553429,51051256434447.28,NPB,NPB,gbm
NPB,中尾　輝,2017,7200000,21225934.336090438,196726834000320.72,NPB,NPB,gbm
NPB,梅野　雄吾,2017,6500000,25024481.57641885,343156417675081.44,NPB,NPB,gbm
NPB,和田　毅,2017,400000000,121915923.98237184,77330753334578020,NPB,NPB,gbm
NPB,攝津　正,2017,400000000,87728770.79295474,97513320590478992,NPB,NPB,gbm
NPB,千賀　滉大,2017,125000000,136097626.6176263,123157316544247.95,NPB,NPB,gbm
NPB,武田　翔太,2017,90000000,21500369.80127001,4692199337362762,NPB,NPB,gbm
NPB,東浜　巨,2017,90000000,219580380.96008104,16791075129759734,NPB,NPB,gbm
NPB,中田　賢一,2017,85000000,125543993.30932237,1643815393466377.2,NPB,NPB,gbm
NPB,松本　裕樹,2017,12000000,6976456.254770966,25235991760229.746,NPB,NPB,gbm
NPB,有原　航平,2017,70000000,111477212.66774367,1720359170685235.8,NPB,NPB,gbm
NPB,高梨　裕稔,2017,36000000,48983514.770092405,168571655785207.66,NPB,NPB,gbm
NPB,村田　透,2017,35000000,95657722.1685508,3679359258677099.5,NPB,NPB,gbm
NPB,加藤　貴之,2017,32000000,37534980.723681815,30636011611529.27,NPB,NPB,gbm
NPB,上沢　直之,2017,24000000,21286477.111399718,7363206466957.62,NPB,NPB,gbm
NPB,浦野　博司,2017,19400000,22004966.24503585,6785849137776.174,NPB,NPB,gbm
NPB,斎藤　佑樹,2017,18300000,50308103.65564948,1024518699630801.8,NPB,NPB,gbm
NPB,上原　健太,2017,12000000,5176175.528704993,46564580415044.58,NPB,NPB,gbm
NPB,中村　勝,2017,11000000,3403241.3767176606,57710741580414.586,NPB,NPB,gbm
NPB,吉田　侑樹,2017,9500000,1346731.315004677,66475790249725.37,NPB,NPB,gbm
NPB,西　勇輝,2017,120000000,57035175.60088438,3964569111611466,NPB,NPB,gbm
NPB,山岡　泰輔,2017,43000000,74014479.42675723,961897934112747.5,NPB,NPB,gbm
NPB,松葉　貴大,2017,36500000,46230558.93089139,94683777107550.14,NPB,NPB,gbm
NPB,東明　大貴,2017,25500000,22004966.24503585,12215260948338.809,NPB,NPB,gbm
NPB,山本　由伸,2017,8000000,3281595.8076578397,22263338122312.074,NPB,NPB,gbm
NPB,山田　修義,2017,7200000,30519944.894270007,543819829871789.75,NPB,NPB,gbm
NPB,吉田　凌,2017,5300000,1346731.315004677,15628333295764.65,NPB,NPB,gbm
NPB,岸　孝之,2017,300000000,211028544.7536016,7915919848661871,NPB,NPB,gbm
NPB,則本　昂大,2017,250000000,291854930.0149689,1751835166557942.2,NPB,NPB,gbm
NPB,美馬　学,2017,80000000,185920980.09587735,11219254024471246,NPB,NPB,gbm
NPB,辛島　航,2017,42000000,46976161.52562187,24762183529079.363,NPB,NPB,gbm
NPB,塩見　貴洋,2017,38000000,32395927.085469816,31405633231370.832,NPB,NPB,gbm
NPB,釜田　佳直,2017,23000000,11341040.13457942,135931345143487.86,NPB,NPB,gbm
NPB,安樂　智大,2017,20000000,6976456.254770966,169612691683894.28,NPB,NPB,gbm
NPB,藤平　尚真,2017,18000000,38780509.73055041,431829584661500.2,NPB,NPB,gbm
NPB,古川　侑利,2017,7500000,1346731.315004677,37862715509744.08,NPB,NPB,gbm
NPB,菊池　雄星,2017,240000000,315541817.08921254,5706566129140043,NPB,NPB,gbm
NPB,十亀　剣,2017,60000000,87573979.78179061,760324361006597.6,NPB,NPB,gbm
NPB,多和田　真三郎,2017,26000000,47174825.204267345,448373222431275.6,NPB,NPB,gbm
NPB,髙橋　光成,2017,21500000,5349829.488356296,260828007555165.88,NPB,NPB,gbm
NPB,佐野　泰雄,2017,15000000,-218863.46796111448,231613805256441.38,NPB,NPB,gbm
NPB,涌井　秀章,2017,200000000,142375685.5039479,3320561621139918.5,NPB,NPB,gbm
NPB,石川　歩,2017,110000000.00000001,50662722.087794505,3520912550030312,NPB,NPB,gbm
NPB,西野　勇士,2017,75000000,3403241.3767176606,5126095845360555,NPB,NPB,gbm
NPB,唐川　侑己,2017,56000000,64089010.071922354,65432083943661.3,NPB,NPB,gbm
NPB,二木　康太,2017,40000000,84364097.35515106,1968173134137321,NPB,NPB,gbm
NPB,関谷　亮太,2017,20500000,9341204.042722438,124518727216154.08,NPB,NPB,gbm
NPB,佐々木　千隼,2017,19700000,21286477.111399718,2516909624995.192,NPB,NPB,gbm
NPB,大隣　憲司,2017,10000000,85021294.59915315,5628194643332925,NPB,NPB,gbm
NPB,成田　翔,2017,6700000,-218863.46796111448,47870671688286.91,NPB,NPB,gbm
NPB,西　勇輝,2018,250000000,130433253.16798435,14296206947991324,NPB,NPB,gbm
NPB,藤浪　晋太郎,2018,84000000,39112413.85434133,2014895389983928.2,NPB,NPB,gbm
NPB,岩貞　祐太,2018,38000000,72563078.49485996,1194606395041851.2,NPB,NPB,gbm
NPB,岩田　稔,2018,38000000,96207595.33033964,3388124154140577,NPB,NPB,gbm
NPB,秋山　拓巳,2018,36000000,61373244.793659836,643801551358986,NPB,NPB,gbm
NPB,小野　泰己,2018,27000000,41451145.287839286,208835600130239.6,NPB,NPB,gbm
NPB,飯田　優也,2018,19000000,28378842.416766047,87962685078530,NPB,NPB,gbm
NPB,才木　浩人,2018,15000000,48247803.60913502,1105416444831611.5,NPB,NPB,gbm
NPB,馬場　皐輔,2018,14500000,1346731.315004677,173008477099678.6,NPB,NPB,gbm
NPB,髙橋　遥人,2018,13000000,1614684.2696371567,129625414280047.61,NPB,NPB,gbm
NPB,青柳　晃洋,2018,12000000,25109822.21223338,171867438436367.7,NPB,NPB,gbm
NPB,今永　昇太,2018,67000000,21458317.755397577,2074044821668336,NPB,NPB,gbm
NPB,石田　健大,2018,58000000,25193658.66164856,1076256032008426.5,NPB,NPB,gbm
NPB,東　克樹,2018,55500000,123837074.23134764,4669955714500717,NPB,NPB,gbm
NPB,濵口　遥大,2018,50500000,46294816.60860941,17683567355227.28,NPB,NPB,gbm
NPB,飯塚　悟史,2018,14000000,6976456.254770966,49330166741145.88,NPB,NPB,gbm
NPB,平良　拳太郎,2018,13000000,17667616.050289772,21786639592922.695,NPB,NPB,gbm
NPB,京山　将弥,2018,10500000,11341040.13457942,707348507973.369,NPB,NPB,gbm
NPB,菅野　智之,2018,650000000,355763371.0147419,86575193836608430,NPB,NPB,gbm
NPB,山口　俊,2018,229999999.99999997,183267556.8061203,2183921246869189.8,NPB,NPB,gbm
NPB,田口　麗斗,2018,75000000,17254187.706952564,3334578837383868.5,NPB,NPB,gbm
NPB,大竹　寛,2018,26250000,91216466.77715333,4220641805506967,NPB,NPB,gbm
NPB,今村　信貴,2018,26000000,16102021.267323976,97969982992506.86,NPB,NPB,gbm
NPB,鍬原　拓也,2018,16500000,34429350.55358801,321461611273446.7,NPB,NPB,gbm
NPB,古川　侑利,2018,16000000,26415613.587523606,108485006404606.36,NPB,NPB,gbm
NPB,髙田　萌生,2018,6800000,1346731.315004677,29738139350750.625,NPB,NPB,gbm
NPB,吉見　一起,2018,90000000,137325271.98933402,2239681368864443,NPB,NPB,gbm
NPB,松坂　大輔,2018,80000000,104100265.32153961,580822788568604.75,NPB,NPB,gbm
NPB,山井　大介,2018,62000000,89898321.22870809,778316327380184.4,NPB,NPB,gbm
NPB,大野　雄大,2018,60000000,43989602.86451798,256332816435850.9,NPB,NPB,gbm
NPB,松葉　貴大,2018,28000000,26069096.401836343,3728388705401.357,NPB,NPB,gbm
NPB,笠原　祥太郎,2018,21000000,28682772.55553805,59024994140128.67,NPB,NPB,gbm
NPB,小笠原　慎之介,2018,21000000,24850018.80455781,14822644795448.76,NPB,NPB,gbm
NPB,柳　裕也,2018,14500000,6976456.254770966,56603710486374.914,NPB,NPB,gbm
NPB,小熊　凌祐,2018,12000000,36517426.16566686,601104185788926.1,NPB,NPB,gbm
NPB,鈴木　翔太,2018,10000000,1346731.315004677,74879058934720.69,NPB,NPB,gbm
NPB,Ｒ．マルティネス,2018,10000000,1346731.315004677,74879058934720.69,NPB,NPB,gbm
NPB,大瀬良　大地,2018,145000000,237470578.76394448,8550807936938859,NPB,NPB,gbm
NPB,野村　祐輔,2018,120000000,73603832.59580556,2152604349798035,NPB,NPB,gbm
NPB,九里　亜蓮,2018,62000000,56973560.64188136,25265092620844.11,NPB,NPB,gbm
NPB,岡田　明丈,2018,55000000,65353145.88540725,107187629724525,NPB,NPB,gbm
NPB,中村　祐太,2018,12000000,8874345.513098035,9769715971490.387,NPB,NPB,gbm
NPB,高橋　昂也,2018,8000000,3342627.7911067167,21691115892171.5,NPB,NPB,gbm
NPB,石川　雅規,2018,95000000,112762424.92419188,315503739187552.8,NPB,NPB,gbm
NPB,小川　泰弘,2018,92000000,68395346.23475817,557179679376945.4,NPB,NPB,gbm
NPB,原　樹理,2018,40000000,23911442.50341485,258841682320926.22,NPB,NPB,gbm
NPB,高梨　裕稔,2018,36000000,40715327.10685587,22234309724649.742,NPB,NPB,gbm
NPB,館山　昌平,2018,24000000,84268596.28894179,3632303698639447.5,NPB,NPB,gbm
NPB,山田　大樹,2018,13000000,42362976.09810331,862184365337786.1,NPB,NPB,gbm
NPB,寺島　成輝,2018,11000000,21225934.336090438,104569733046033.39,NPB,NPB,gbm
NPB,高橋　奎二,2018,7000000,33075768.367163893,679945695937985.1,NPB,NPB,gbm
NPB,千賀　滉大,2018,160000000,130965315.9116961,843012880107607.4,NPB,NPB,gbm
NPB,東浜　巨,2018,85000000,54900277.71928661,905993281376073.9,NPB,NPB,gbm
NPB,武田　翔太,2018,85000000,56912336.07324076,788916864862572.5,NPB,NPB,gbm
NPB,中田　賢一,2018,60000000,106143206.57799004,2129195513299063.2,NPB,NPB,gbm
NPB,大竹　耕太郎,2018,15000000,7729154.564982327,52865193339917.336,NPB,NPB,gbm
NPB,松本　裕樹,2018,12000000,1346731.315004677,113492133674701.98,NPB,NPB,gbm
NPB,金子　弌大,2018,150000000,109337478.56146078,1653440649739661.8,NPB,NPB,gbm
NPB,吉川　光夫,2018,75000000,67431858.37062225,57276767722320.55,NPB,NPB,gbm
NPB,有原　航平,2018,70000000,55768616.74828303,202532269257250.3,NPB,NPB,gbm
NPB,上沢　直之,2018,70000000,153836981.0213205,7028639386769252,NPB,NPB,gbm
NPB,村田　透,2018,50000000,109435240.77076553,3532547845478869,NPB,NPB,gbm
NPB,加藤　貴之,2018,35000000,26568094.88014076,71097023950308.48,NPB,NPB,gbm
NPB,上原　健太,2018,17000000,12761152.11980582,17967831351426.69,NPB,NPB,gbm
NPB,杉浦　稔大,2018,16000000,14501684.954517469,2244947975519.3193,NPB,NPB,gbm
NPB,斎藤　佑樹,2018,16000000,43928570.881069094,780005071458900.5,NPB,NPB,gbm
NPB,堀　瑞輝,2018,9600000,5410861.471805172,17548881608406.33,NPB,NPB,gbm
NPB,吉田　侑樹,2018,9200000,1346731.315004677,61673829038728.18,NPB,NPB,gbm
NPB,宮台　康平,2018,7700000,-218863.46796111448,62708398624209.13,NPB,NPB,gbm
NPB,山岡　泰輔,2018,45000000,58538100.01849555,183280152110789.28,NPB,NPB,gbm
NPB,東明　大貴,2018,23000000,56009725.25108765,1089641961152293.6,NPB,NPB,gbm
NPB,田嶋　大樹,2018,20000000,36010487.77858213,256335718908127.84,NPB,NPB,gbm
NPB,竹安　大知,2018,9000000,27946180.248196498,358957745997151.1,NPB,NPB,gbm
NPB,榊原　翼,2018,7500000,11519154.727063295,16153604720075.225,NPB,NPB,gbm
NPB,岸　孝之,2018,300000000,256651929.80844015,1879055189332399.8,NPB,NPB,gbm
NPB,則本　昂大,2018,250000000,172169820.31483066,6057536869825746,NPB,NPB,gbm
NPB,美馬　学,2018,65000000,98543190.2375956,1125145611315529,NPB,NPB,gbm
NPB,辛島　航,2018,50000000,63762966.721270725,189419252970805.47,NPB,NPB,gbm
NPB,塩見　貴洋,2018,34000000,70355120.29977404,1321694772011042.2,NPB,NPB,gbm
NPB,福井　優也,2018,25000000,45863435.373722255,435282935593485.1,NPB,NPB,gbm
NPB,藤平　尚真,2018,18000000,24794041.14424383,46158995069678,NPB,NPB,gbm
NPB,安樂　智大,2018,16000000,3665024.4081818284,152151622850750.06,NPB,NPB,gbm
NPB,西口　直人,2018,6300000,27946180.248196498,468557119337412.2,NPB,NPB,gbm
NPB,内海　哲也,2018,100000000,105971756.72947265,35661878436001.91,NPB,NPB,gbm
NPB,多和田　真三郎,2018,80000000,200511041.92778435,14522911226520198,NPB,NPB,gbm
NPB,榎田　大樹,2018,55000000,154095715.59520423,9819960849325604,NPB,NPB,gbm
NPB,十亀　剣,2018,51000000,116892458.27687839,4341816057770159,NPB,NPB,gbm
NPB,髙橋　光成,2018,18500000,4120425.486655196,206772163184835.44,NPB,NPB,gbm
NPB,今井　達也,2018,18000000,21500369.80127001,12252588745643.062,NPB,NPB,gbm
NPB,郭　俊麟,2018,12000000,3403241.3767176606,73904258826979.27,NPB,NPB,gbm
NPB,涌井　秀章,2018,200000000,151315166.53917554,2370213009108213,NPB,NPB,gbm
NPB,石川　歩,2018,115000000.00000001,106355072.30179277,74734774907230.8,NPB,NPB,gbm
NPB,二木　康太,2018,43000000,34355084.5422196,74734563272170.47,NPB,NPB,gbm
NPB,有吉　優樹,2018,42000000,29345664.902309913,160132196764631.2,NPB,NPB,gbm
NPB,酒居　知史,2018,21500000,13303032.170481313,67190281598164.3,NPB,NPB,gbm
NPB,土肥　星也,2018,11800000,-218863.46796111448,144453079061490.25,NPB,NPB,gbm
NPB,山本　大貴,2018,11500000,-218863.46796111448,137331760980713.58,NPB,NPB,gbm
NPB,渡邉　啓太,2018,11000000,1346731.315004677,93185596304711.34,NPB,NPB,gbm
NPB,種市　篤暉,2018,6800000,6976456.254770966,31136809847.79615,NPB,NPB,gbm
NPB,西　勇輝,2019,200000000,148072477.64333892,2696467578101536.5,NPB,NPB,gbm
NPB,藤浪　晋太郎,2019,63000000,13880406.745136578,2412734441523224.5,NPB,NPB,gbm
NPB,岩田　稔,2019,38000000,96977595.45462981,3478356765609970.5,NPB,NPB,gbm
NPB,中田　賢一,2019,35000000,99035224.1764363,4100509935326452.5,NPB,NPB,gbm
NPB,秋山　拓巳,2019,32000000,34317568.15778777,5371122165991.798,NPB,NPB,gbm
NPB,岩貞　祐太,2019,32000000,26377334.128074832,31614371507312.008,NPB,NPB,gbm
NPB,青柳　晃洋,2019,30000000,80098484.14992706,2509858114120493.5,NPB,NPB,gbm
NPB,髙橋　遥人,2019,22000000,49167733.22526754,738085728599305.6,NPB,NPB,gbm
NPB,才木　浩人,2019,13000000,9286202.269700672,13792293581576.438,NPB,NPB,gbm
NPB,望月　惇志,2019,11500000,3281595.8076578397,67542167468707.195,NPB,NPB,gbm
NPB,今永　昇太,2019,136000000,168692153.82982144,1068776922032708.5,NPB,NPB,gbm
NPB,井納　翔一,2019,61000000,100589481.0242269,1567327007767622,NPB,NPB,gbm
NPB,濵口　遥大,2019,55000000,67459381.15975873,155236178884150.84,NPB,NPB,gbm
NPB,東　克樹,2019,44000000,12401976.171029262,998435109896202.6,NPB,NPB,gbm
NPB,上茶谷　大河,2019,43000000,60759004.54963769,315382242594052.2,NPB,NPB,gbm
NPB,大貫　晋一,2019,25000000,16342859.050848547,74946089413474.92,NPB,NPB,gbm
NPB,平良　拳太郎,2019,21000000,19985909.143466923,1028380265303.989,NPB,NPB,gbm
NPB,京山　将弥,2019,11200000,8911320.747424122,5238052721171.28,NPB,NPB,gbm
NPB,阪口　皓亮,2019,6100000,1346731.315004677,22593563191757.17,NPB,NPB,gbm
NPB,菅野　智之,2019,650000000,151722731.4197993,248280236383745440,NPB,NPB,gbm
NPB,桜井　俊貴,2019,30000000,24928890.646422457,25716150075941.65,NPB,NPB,gbm
NPB,今村　信貴,2019,28000000,17307188.455073226,114336218735319.3,NPB,NPB,gbm
NPB,髙橋　優貴,2019,24000000,49443936.2411113,647393891441737.1,NPB,NPB,gbm
NPB,畠　世周,2019,16300000,9286202.269700672,49193358601552,NPB,NPB,gbm
NPB,古川　侑利,2019,16000000,14915927.209466955,1175213815174.104,NPB,NPB,gbm
NPB,戸郷　翔征,2019,6500000,47754265.64695563,1701914434069583.5,NPB,NPB,gbm
NPB,大野　雄大,2019,130000000,192276762.42281067,3878395137867203.5,NPB,NPB,gbm
NPB,吉見　一起,2019,90000000,93151331.26980649,9930888772060.18,NPB,NPB,gbm
NPB,山井　大介,2019,46500000,92965275.65232405,2159021841446458.2,NPB,NPB,gbm
NPB,柳　裕也,2019,45000000,107329822.71919303,3885006800206031,NPB,NPB,gbm
NPB,松葉　貴大,2019,25000000,26074535.81894104,1154627226187.2954,NPB,NPB,gbm
NPB,小笠原　慎之介,2019,19000000,31372779.01997851,153085660677220.34,NPB,NPB,gbm
NPB,福谷　浩司,2019,18000000,55983439.47921933,1442741674671517.8,NPB,NPB,gbm
NPB,笠原　祥太郎,2019,16500000,3241311.0360518293,175792833042721.03,NPB,NPB,gbm
NPB,梅津　晃大,2019,15000000,38557676.744955145,554964133619800.44,NPB,NPB,gbm
NPB,山本　拓実,2019,11000000,9962163.022963159,1077105590904.9689,NPB,NPB,gbm
NPB,勝野　昌慶,2019,11000000,1346731.315004677,93185596304711.34,NPB,NPB,gbm
NPB,清水　達也,2019,8000000,5349829.488356296,7023403740785.852,NPB,NPB,gbm
NPB,阿知羅　拓馬,2019,8000000,16788326.245172698,77234678191591.25,NPB,NPB,gbm
NPB,Ｋ．ジョンソン,2019,272500000,186354523.02255222,7421043203671985,NPB,NPB,gbm
NPB,大瀬良　大地,2019,175000000,156263069.1133347,351072579051672.6,NPB,NPB,gbm
NPB,野村　祐輔,2019,120000000,68997453.15358804,2601259784820446.5,NPB,NPB,gbm
NPB,九里　亜蓮,2019,72000000,64928512.559103444,50005934626757.72,NPB,NPB,gbm
NPB,岡田　明丈,2019,44000000,3403241.3767176606,1648096810717049.2,NPB,NPB,gbm
NPB,薮田　和樹,2019,28000000,13328151.741159745,215263131330433.84,NPB,NPB,gbm
NPB,床田　寛樹,2019,27000000,74564944.93045454,2262423986237173,NPB,NPB,gbm
NPB,アドゥワ　誠,2019,22000000,16921893.231591284,25787168351358.41,NPB,NPB,gbm
NPB,中村　祐太,2019,10000000,1346731.315004677,74879058934720.69,NPB,NPB,gbm
NPB,山口　翔,2019,7500000,1346731.315004677,37862715509744.08,NPB,NPB,gbm
NPB,石川　雅規,2019,105000000,140193629.48298052,1238591556185315.8,NPB,NPB,gbm
NPB,小川　泰弘,2019,90000000,106302457.14641584,265770109010725.03,NPB,NPB,gbm
NPB,原　樹理,2019,33000000,18039393.29090512,223819753104214.7,NPB,NPB,gbm
NPB,高梨　裕稔,2019,33000000,67008149.28083912,1156554217507838.5,NPB,NPB,gbm
NPB,山田　大樹,2019,20000000,89227283.38900863,4792416765422110,NPB,NPB,gbm
NPB,高橋　奎二,2019,17000000,52900032.644901365,1288812343904983.8,NPB,NPB,gbm
NPB,田川　賢吾,2019,7000000,1346731.315004677,31959446824748.754,NPB,NPB,gbm
NPB,千賀　滉大,2019,300000000,182972279.86971125,13695487278893190,NPB,NPB,gbm
NPB,和田　毅,2019,100000000,95015603.4187279,24844209279396.953,NPB,NPB,gbm
NPB,東浜　巨,2019,67000000,33269855.54167313,1137722645179598.8,NPB,NPB,gbm
NPB,高橋　礼,2019,50000000,98318561.20152976,2334683356585976.5,NPB,NPB,gbm
NPB,大竹　耕太郎,2019,27000000,35190366.21788899,67082098783137.17,NPB,NPB,gbm
NPB,二保　旭,2019,22000000,31643228.775258444,92991861211972.47,NPB,NPB,gbm
NPB,松本　裕樹,2019,12000000,15209853.15748573,10303157292621.105,NPB,NPB,gbm
NPB,金子　弌大,2019,180000000,119119514.21849227,3706433548992365,NPB,NPB,gbm
NPB,有原　航平,2019,145000000,237400844.8834371,8537916135173004,NPB,NPB,gbm
NPB,上沢　直之,2019,60000000,28683089.24679922,980748899123942.6,NPB,NPB,gbm
NPB,加藤　貴之,2019,57000000,31363868.768458974,657211224520793.25,NPB,NPB,gbm
NPB,杉浦　稔大,2019,20000000,34580356.513389975,212586796057553.47,NPB,NPB,gbm
NPB,上原　健太,2019,17000000,12358731.960016713,21541369018970.31,NPB,NPB,gbm
NPB,吉田　輝星,2019,10300000,30029029.61552282,389234609570176.5,NPB,NPB,gbm
NPB,北浦　竜次,2019,7000000,-218863.46796111448,52111989769063.57,NPB,NPB,gbm
NPB,山岡　泰輔,2019,100000000,112062735.55657448,145509589107846.2,NPB,NPB,gbm
NPB,山本　由伸,2019,90000000,100260044.07909949,105268504505064.53,NPB,NPB,gbm
NPB,Ｋ－鈴木,2019,22000000,28350478.080176767,40328571846805.59,NPB,NPB,gbm
NPB,榊原　翼,2019,19000000,22586949.13506578,12866204097549.14,NPB,NPB,gbm
NPB,田嶋　大樹,2019,18000000,3784234.7053905018,202087982911423.88,NPB,NPB,gbm
NPB,東明　大貴,2019,18000000,43928570.881069094,672290787934624.1,NPB,NPB,gbm
NPB,竹安　大知,2019,18000000,8874345.513098035,83277569814313.97,NPB,NPB,gbm
NPB,荒西　祐大,2019,15800000,20892741.1735792,25936012661068.86,NPB,NPB,gbm
NPB,張　奕,2019,8000000,1346731.315004677,44265984194739.4,NPB,NPB,gbm
NPB,鈴木　優,2019,5300000,25024481.57641885,389055173458486.7,NPB,NPB,gbm
NPB,則本　昂大,2019,300000000,92296855.8420354,43140596093104216,NPB,NPB,gbm
NPB,岸　孝之,2019,300000000,118004352.90117598,33122415562919692,NPB,NPB,gbm
NPB,涌井　秀章,2019,125000000,111123941.52580972,192544998779147.88,NPB,NPB,gbm
NPB,辛島　航,2019,62000000,71999091.08407474,99981822507622.875,NPB,NPB,gbm
NPB,塩見　貴洋,2019,30000000,117284624.5978897,7618605691194533,NPB,NPB,gbm
NPB,石橋　良太,2019,26000000,65394243.88078703,1551906450938926.2,NPB,NPB,gbm
NPB,福井　優也,2019,23000000,78480276.25922251,3078061053799648.5,NPB,NPB,gbm
NPB,藤平　尚真,2019,15000000,1346731.315004677,186411745784673.94,NPB,NPB,gbm
NPB,釜田　佳直,2019,15000000,3403241.3767176606,134484810566673.3,NPB,NPB,gbm
NPB,弓削　隼人,2019,13500000,10732105.193602044,7661241659284.777,NPB,NPB,gbm
NPB,菅原　秀,2019,13000000,5349829.488356296,58525108857222.89,NPB,NPB,gbm
NPB,近藤　弘樹,2019,10000000,8294601.803216219,2908383009593.372,NPB,NPB,gbm
NPB,熊原　健人,2019,9000000,11342712.331413655,5488301067757.602,NPB,NPB,gbm
NPB,髙田　萌生,2019,7100000,30029029.61552282,525740399109522.56,NPB,NPB,gbm
NPB,十亀　剣,2019,70000000,109337478.56146078,1547437219573386.2,NPB,NPB,gbm
NPB,榎田　大樹,2019,48000000,104593637.30881882,3202839783842129,NPB,NPB,gbm
NPB,髙橋　光成,2019,40000000,66537409.87650054,704234122953388.4,NPB,NPB,gbm
NPB,今井　達也,2019,35000000,59111585.3595396,581368548550364.25,NPB,NPB,gbm
NPB,松坂　大輔,2019,30000000,84268596.28894179,2945080543172146,NPB,NPB,gbm
NPB,松本　航,2019,21000000,24876598.324905574,15028014572660.705,NPB,NPB,gbm
NPB,本田　圭佑,2019,16000000,23342987.1731127,53919460624497.664,NPB,NPB,gbm
NPB,相内　誠,2019,5900000,1346731.315004677,20732255717759.043,NPB,NPB,gbm
NPB,石川　歩,2019,105000000,121787251.17381409,281811801972722.5,NPB,NPB,gbm
NPB,美馬　学,2019,65000000,167381492.65401924,10481970038064994,NPB,NPB,gbm
NPB,二木　康太,2019,46000000,62472683.97729985,271349317415991.1,NPB,NPB,gbm
NPB,有吉　優樹,2019,34000000,22004966.24503585,143880834782729.38,NPB,NPB,gbm
NPB,種市　篤暉,2019,30000000,71017711.43693715,1682452651523845,NPB,NPB,gbm
NPB,岩下　大輝,2019,25000000,29189307.759174127,17550299501076.547,NPB,NPB,gbm
NPB,佐々木　千隼,2019,19700000,8732759.021262057,120280374685708.8,NPB,NPB,gbm
NPB,小島　和哉,2019,17000000,7345725.964458333,93205007153333.98,NPB,NPB,gbm
NPB,土肥　星也,2019,15300000,12332941.021341743,8803438982836.58,NPB,NPB,gbm
NPB,チェン・ウェイン,2020,206000000,111130375.49956137,9000245652854226,NPB,NPB,gbm
NPB,西　勇輝,2020,200000000,178115041.7255782,478951398673183.7,NPB,NPB,gbm
NPB,秋山　拓巳,2020,51000000,104696456.66078581,2883309457923648.5,NPB,NPB,gbm
NPB,青柳　晃洋,2020,50000000,65768798.48827973,248655005763973.1,NPB,NPB,gbm
NPB,髙橋　遥人,2020,29000000,47570691.80140054,344870593982605.3,NPB,NPB,gbm
NPB,二保　旭,2020,28000000,55820768.95897093,773995185468440.25,NPB,NPB,gbm
NPB,岩田　稔,2020,18600000,82703001.50597599,4109194802075160,NPB,NPB,gbm
NPB,中田　賢一,2020,17500000,109833128.28447194,8525406578796753,NPB,NPB,gbm
NPB,今永　昇太,2020,100000000,53424870.84647905,2169242655667157,NPB,NPB,gbm
NPB,濵口　遥大,2020,55000000,18036885.75997714,1366271814320980.8,NPB,NPB,gbm
NPB,大貫　晋一,2020,52500000,67979380.06143671,239611207086404.44,NPB,NPB,gbm
NPB,上茶谷　大河,2020,43000000,8911320.747424122,1162038053184996.8,NPB,NPB,gbm
NPB,平良　拳太郎,2020,33000000,31409808.37534297,2528709403129.368,NPB,NPB,gbm
NPB,有吉　優樹,2020,27000000,48681476.88923481,470086440098423.25,NPB,NPB,gbm
NPB,坂本　裕哉,2020,16450000,9775445.351613626,44549679754296.16,NPB,NPB,gbm
NPB,京山　将弥,2020,13200000,3281595.8076578397,98374741722670.55,NPB,NPB,gbm
NPB,阪口　皓亮,2020,6100000,3281595.8076578397,7943402191411.864,NPB,NPB,gbm
NPB,中川　虎大,2020,4700000,1346731.315004677,11244410873770.262,NPB,NPB,gbm
NPB,菅野　智之,2020,800000000,307660765.4046805,242397921921905060,NPB,NPB,gbm
NPB,井納　翔一,2020,100000000,106526635.17851403,42596966753416.914,NPB,NPB,gbm
NPB,今村　信貴,2020,30000000,23324950.39730256,44556287198471.24,NPB,NPB,gbm
NPB,戸郷　翔征,2020,26000000,69906631.00161073,1927792245911604,NPB,NPB,gbm
NPB,畠　世周,2020,22000000,23201444.332200173,1443468483375.9204,NPB,NPB,gbm
NPB,髙橋　優貴,2020,19200000,21225934.336090438,4104409934150.204,NPB,NPB,gbm
NPB,直江　大輔,2020,7500000,18990523.069135208,132032120402328.39,NPB,NPB,gbm
NPB,横川　凱,2020,6300000,38547718.85079969,1039915371080221.5,NPB,NPB,gbm
NPB,大野　雄大,2020,300000000,281160875.17323637,354912624238381.75,NPB,NPB,gbm
NPB,柳　裕也,2020,41000000,53923174.73195795,167008445152716.44,NPB,NPB,gbm
NPB,福谷　浩司,2020,29000000,81059985.42196855,2710242082135578,NPB,NPB,gbm
NPB,松葉　貴大,2020,25000000,61267147.4417915,1315305983564643.5,NPB,NPB,gbm
NPB,勝野　昌慶,2020,16500000,19985909.143466923,12151562556506.299,NPB,NPB,gbm
NPB,梅津　晃大,2020,15000000,26794627.292407848,139113232966812.08,NPB,NPB,gbm
NPB,小笠原　慎之介,2020,14500000,1716001.024692046,163430629800674.84,NPB,NPB,gbm
NPB,岡野　祐一郎,2020,11000000,30477764.1205355,379383295135220.06,NPB,NPB,gbm
NPB,山本　拓実,2020,10560000,3281595.8076578397,52975167587103.94,NPB,NPB,gbm
NPB,清水　達也,2020,8000000,27983089.720357127,399323874771842.7,NPB,NPB,gbm
NPB,大瀬良　大地,2020,150000000,46112933.04051569,10792522681444376,NPB,NPB,gbm
NPB,野村　祐輔,2020,120000000,94801160.99450763,634981487224723.9,NPB,NPB,gbm
NPB,九里　亜蓮,2020,87000000,84730086.11795974,5152509031879.094,NPB,NPB,gbm
NPB,森下　暢仁,2020,43000000,112936455.71384244,4891107837814244,NPB,NPB,gbm
NPB,床田　寛樹,2020,27000000,16102021.267323976,118765940457858.9,NPB,NPB,gbm
NPB,遠藤　淳志,2020,24000000,37128778.71387014,172364830517769.62,NPB,NPB,gbm
NPB,中村　祐太,2020,15000000,14462444.418375101,288966003336.0835,NPB,NPB,gbm
NPB,小川　泰弘,2020,160000000,105666743.75826922,2952102733829576.5,NPB,NPB,gbm
NPB,石川　雅規,2020,90000000,96977595.45462981,48686838328470.56,NPB,NPB,gbm
NPB,田口　麗斗,2020,70000000,21280337.60063097,2373605504308492.5,NPB,NPB,gbm
NPB,高梨　裕稔,2020,37000000,56283899.94931334,371868797255127.1,NPB,NPB,gbm
NPB,原　樹理,2020,26000000,13328151.741159745,160575738295072.8,NPB,NPB,gbm
NPB,奥川　恭伸,2020,16000000,40363703.75804379,593590060809717,NPB,NPB,gbm
NPB,吉田　大喜,2020,15000000,13303032.170481313,2879699814421.3633,NPB,NPB,gbm
NPB,高橋　奎二,2020,14500000,34093159.77232332,383891909863788.75,NPB,NPB,gbm
NPB,歳内　宏明,2020,8000000,15161699.478758022,51289939424042.93,NPB,NPB,gbm
NPB,金久保　優斗,2020,5800000,22791529.119056232,288712061803735.9,NPB,NPB,gbm
NPB,千賀　滉大,2020,400000000,132254949.9729373,71687411813994310,NPB,NPB,gbm
NPB,和田　毅,2020,150000000,122207935.13266382,772398869590222.25,NPB,NPB,gbm
NPB,東浜　巨,2020,90000000,106430600.15630564,269964621496390.94,NPB,NPB,gbm
NPB,石川　柊太,2020,80000000,96170155.62325838,261473932880394.7,NPB,NPB,gbm
NPB,武田　翔太,2020,60000000,21267622.695855744,1500197051630589,NPB,NPB,gbm
NPB,大竹　耕太郎,2020,24000000,19689499.953862187,18580410647754.094,NPB,NPB,gbm
NPB,笠谷　俊介,2020,22000000,46635011.021624885,606883768035579.6,NPB,NPB,gbm
NPB,上沢　直之,2020,85000000,48850357.34027128,1306796664426078.5,NPB,NPB,gbm
NPB,杉浦　稔大,2020,37000000,63895645.272656515,723375734632570.75,NPB,NPB,gbm
NPB,河野　竜生,2020,17500000,6941484.602627723,111482247396547.47,NPB,NPB,gbm
NPB,上原　健太,2020,17000000,5606058.824003307,129821895522072.9,NPB,NPB,gbm
NPB,吉田　輝星,2020,10300000,1346731.315004677,80161020145717.89,NPB,NPB,gbm
NPB,山本　由伸,2020,150000000,93815243.75002418,3156726834869196.5,NPB,NPB,gbm
NPB,山岡　泰輔,2020,85000000,28683089.24679922,3171594436783982,NPB,NPB,gbm
NPB,田嶋　大樹,2020,42000000,50840910.05830817,78161690659094.56,NPB,NPB,gbm
NPB,山﨑　福也,2020,28000000,39533950.36900569,133032011114686.44,NPB,NPB,gbm
NPB,竹安　大知,2020,16000000,8015574.911324532,63751043996670.26,NPB,NPB,gbm
NPB,榊原　翼,2020,15000000,6976456.254770966,64377254231603.95,NPB,NPB,gbm
NPB,張　奕,2020,11000000,27054236.834926456,257738520351909.44,NPB,NPB,gbm
NPB,宮城　大弥,2020,8700000,21225934.336090438,156899030992049.4,NPB,NPB,gbm
NPB,本田　仁海,2020,5000000,1346731.315004677,13346372084767.457,NPB,NPB,gbm
NPB,則本　昂大,2020,300000000,92340140.21596664,43122617365524390,NPB,NPB,gbm
NPB,岸　孝之,2020,250000000,145365771.36959124,10948321801080654,NPB,NPB,gbm
NPB,涌井　秀章,2020,160000000,163814711.94624937,14552027232857.625,NPB,NPB,gbm
NPB,塩見　貴洋,2020,40000000,101342179.33443826,3762862965498385,NPB,NPB,gbm
NPB,石橋　良太,2020,20000000,36336809.96528911,266891359841969.53,NPB,NPB,gbm
NPB,福井　優也,2020,20000000,84268596.28894179,4130452468950982,NPB,NPB,gbm
NPB,弓削　隼人,2020,13500000,7467371.533518154,36392606214607.11,NPB,NPB,gbm
NPB,瀧中　瞭太,2020,13000000,12597900.151370175,161684288268.12802,NPB,NPB,gbm
NPB,髙橋　光成,2020,67000000,55270449.94758764,137582344432046.81,NPB,NPB,gbm
NPB,内海　哲也,2020,56250000,82703001.50597599,699761288675168.1,NPB,NPB,gbm
NPB,榎田　大樹,2020,37000000,85021294.59915315,2306044734978655,NPB,NPB,gbm
NPB,松本　航,2020,30000000,26415613.587523606,12847825953945.396,NPB,NPB,gbm
NPB,今井　達也,2020,28000000,10404968.643920586,309585128421417.8,NPB,NPB,gbm
NPB,浜屋　将太,2020,15500000,5410861.471805172,101790716241105.3,NPB,NPB,gbm
NPB,本田　圭佑,2020,13600000,17331249.914511368,13922225924541.088,NPB,NPB,gbm
NPB,與座　海人,2020,9000000,6976456.254770966,4094729288855.5444,NPB,NPB,gbm
NPB,美馬　学,2020,120000000,163735730.6769801,1912814137849339,NPB,NPB,gbm
NPB,石川　歩,2020,110000000.00000001,135557188.73821402,653169896200692.6,NPB,NPB,gbm
NPB,二木　康太,2020,60000000,58747379.48979244,1569058142592.657,NPB,NPB,gbm
NPB,岩下　大輝,2020,35000000,31047770.805784684,15620115603607.848,NPB,NPB,gbm
NPB,小島　和哉,2020,34000000,32676448.00628964,1751789880054.6726,NPB,NPB,gbm
NPB,種市　篤暉,2020,27000000,13269230.846358424,188534021550595,NPB,NPB,gbm
NPB,中村　稔弥,2020,18000000,6941484.602627723,122290762793919.73,NPB,NPB,gbm
NPB,大嶺　祐太,2020,12000000,105713394.09299333,8782200232428678,NPB,NPB,gbm
NPB,古谷　拓郎,2020,4800000,30029029.61552282,636503935340927.5,NPB,NPB,gbm
NPB,チェン・ウェイン,2021,210000000,82703001.50597599,16204525825587550,NPB,NPB,gbm
NPB,西　勇輝,2021,200000000,141066564.77942196,3473149786898069,NPB,NPB,gbm
NPB,青柳　晃洋,2021,120000000,124305812.8676813,18540024451489.816,NPB,NPB,gbm
NPB,秋山　拓巳,2021,110000000.00000001,131400515.72883368,457982073460056.9,NPB,NPB,gbm
NPB,伊藤　将司,2021,44000000,102392276.42729609,3409657946361758.5,NPB,NPB,gbm
NPB,髙橋　遥人,2021,32000000,84097596.92992094,2714159605872508,NPB,NPB,gbm
NPB,二保　旭,2021,27000000,78480276.25922251,2650218843725868.5,NPB,NPB,gbm
NPB,西　純矢,2021,12500000,3579683.7723673014,79572041600967.23,NPB,NPB,gbm
NPB,村上　頌樹,2021,7500000,1346731.315004677,37862715509744.08,NPB,NPB,gbm
NPB,今永　昇太,2021,100000000,78531720.31022471,460887032838418.1,NPB,NPB,gbm
NPB,濵口　遥大,2021,58300000,34908423.946143806,547165830283338.5,NPB,NPB,gbm
NPB,大貫　晋一,2021,57800000,48654798.06155186,83634718494995.6,NPB,NPB,gbm
NPB,上茶谷　大河,2021,33000000,4806905.819017623,794850559497742.4,NPB,NPB,gbm
NPB,有吉　優樹,2021,27000000,66113079.05466349,1529832953136355.5,NPB,NPB,gbm
NPB,平良　拳太郎,2021,27000000,18169869.264212184,77971208811104.69,NPB,NPB,gbm
NPB,東　克樹,2021,25100000,39257589.18021924,200437331395860.9,NPB,NPB,gbm
NPB,坂本　裕哉,2021,22000000,16102021.267323976,34786153131098.67,NPB,NPB,gbm
NPB,京山　将弥,2021,20900000,21242503.12517731,117308390756.22334,NPB,NPB,gbm
NPB,入江　大生,2021,16000000,3665024.4081818284,152151622850750.06,NPB,NPB,gbm
NPB,阪口　皓亮,2021,9350000,3180279.0526029496,38065456568749.96,NPB,NPB,gbm
NPB,宮國　椋丞,2021,8400000,29574995.09456,448380417254640.1,NPB,NPB,gbm
NPB,中川　虎大,2021,6600000,9286202.269700672,7215682633745.044,NPB,NPB,gbm
NPB,菅野　智之,2021,600000000,150348562.63430467,202186415125035840,NPB,NPB,gbm
NPB,山口　俊,2021,60000000,127680889.61658709,4580702819292646,NPB,NPB,gbm
NPB,戸郷　翔征,2021,40000000,78191515.04949641,1458591821775911,NPB,NPB,gbm
NPB,髙橋　優貴,2021,36000000,90031228.54855436,2919373658466116,NPB,NPB,gbm
NPB,今村　信貴,2021,30000000,29848082.75167098,23078850339.861446,NPB,NPB,gbm
NPB,直江　大輔,2021,7600000,1346731.315004677,39103369246743.14,NPB,NPB,gbm
NPB,横川　凱,2021,6500000,30781727.925734174,589602311059378.75,NPB,NPB,gbm
NPB,大野　雄大,2021,300000000,183995552.67700353,13457031798713862,NPB,NPB,gbm
NPB,柳　裕也,2021,100000000,165250684.48359588,4257651825577780,NPB,NPB,gbm
NPB,小笠原　慎之介,2021,36000000,68054722.13752058,1027505211313652,NPB,NPB,gbm
NPB,福谷　浩司,2021,29000000,90038799.44091602,3725735037188369.5,NPB,NPB,gbm
NPB,松葉　貴大,2021,28000000,104795770.23436025,5897590325888651,NPB,NPB,gbm
NPB,勝野　昌慶,2021,21000000,16921893.231591284,16630954814540.979,NPB,NPB,gbm
NPB,梅津　晃大,2021,12000000,16113359.2024992,16919723928784.852,NPB,NPB,gbm
NPB,笠原　祥太郎,2021,10000000,1837646.5937518673,66624013128490.49,NPB,NPB,gbm
NPB,岡野　祐一郎,2021,8800000,15646444.8343369,46873806869618.414,NPB,NPB,gbm
NPB,清水　達也,2021,7200000,8141053.151846332,885581034599.9148,NPB,NPB,gbm
NPB,大瀬良　大地,2021,180000000,150293483.2580372,882477136940515.6,NPB,NPB,gbm
NPB,九里　亜蓮,2021,140000000,136904262.20778295,9583592478160.871,NPB,NPB,gbm
NPB,森下　暢仁,2021,75000000,92423848.22202717,303590486864239.3,NPB,NPB,gbm
NPB,野村　祐輔,2021,72000000,91833185.72136125,393355255858007.75,NPB,NPB,gbm
NPB,床田　寛樹,2021,33000000,36647489.972626925,13304183100413.963,NPB,NPB,gbm
NPB,遠藤　淳志,2021,20000000,30029029.61552282,100581435029033.81,NPB,NPB,gbm
NPB,薮田　和樹,2021,19000000,29873083.059269458,118223935213772.48,NPB,NPB,gbm
NPB,中村　祐太,2021,13000000,3403241.3767176606,92097776073543.94,NPB,NPB,gbm
NPB,玉村　昇悟,2021,12000000,24850018.80455781,165122983277489.38,NPB,NPB,gbm
NPB,高橋　昂也,2021,12000000,16102021.267323976,16826578477578.201,NPB,NPB,gbm
NPB,小林　樹斗,2021,5000000,30029029.61552282,626452323494718.4,NPB,NPB,gbm
NPB,小川　泰弘,2021,160000000,140906777.67994636,364551138562994.4,NPB,NPB,gbm
NPB,サイスニード,2021,95000000,65405813.1412435,875815895830995.75,NPB,NPB,gbm
NPB,石川　雅規,2021,90000000,110584090.26407953,423704771999773.56,NPB,NPB,gbm
NPB,田口　麗斗,2021,70000000,17855159.754901994,2719084364186793,NPB,NPB,gbm
NPB,高梨　裕稔,2021,37000000,64180643.748516984,738787394583795.4,NPB,NPB,gbm
NPB,奥川　恭伸,2021,36000000,58684955.36461544,514607199894594.9,NPB,NPB,gbm
NPB,原　樹理,2021,26000000,35120679.348406285,83186791776444.89,NPB,NPB,gbm
NPB,高橋　奎二,2021,22000000,49248602.46561039,742486336328868.75,NPB,NPB,gbm
NPB,金久保　優斗,2021,12000000,14326746.902771618,5413751149557.318,NPB,NPB,gbm
NPB,山野　太一,2021,9500000,28463434.832557026,359611860648637.1,NPB,NPB,gbm
NPB,千賀　滉大,2021,600000000,110233840.0906224,2.3987089139237802e+17,NPB,NPB,gbm
NPB,武田　翔太,2021,150000000,52115018.34848093,9581469632918224,NPB,NPB,gbm
NPB,和田　毅,2021,150000000,118029647.82636811,1022103418106049.4,NPB,NPB,gbm
NPB,石川　柊太,2021,120000000,100551644.14278494,378238545548871.4,NPB,NPB,gbm
NPB,東浜　巨,2021,80000000,99054318.58033794,363067056561011.7,NPB,NPB,gbm
NPB,笠谷　俊介,2021,22000000,34093159.77232332,146244513278938.97,NPB,NPB,gbm
NPB,大竹　耕太郎,2021,21000000,1837646.5937518673,367195788065949.44,NPB,NPB,gbm
NPB,上沢　直之,2021,150000000,133508200.15317003,271979462187900.88,NPB,NPB,gbm
NPB,加藤　貴之,2021,73000000,107563038.51001893,1194603631045051.5,NPB,NPB,gbm
NPB,金子　千尋,2021,20000000,85895223.05535646,4342180421515181.5,NPB,NPB,gbm
NPB,立野　和明,2021,17000000,21453171.99672568,19830740832421.766,NPB,NPB,gbm
NPB,池田　隆英,2021,17000000,27182341.85496346,103680085651340.7,NPB,NPB,gbm
NPB,吉田　輝星,2021,9700000,22791529.119056232,171388134675097.25,NPB,NPB,gbm
NPB,生田目　翼,2021,9000000,20104733.756865345,123315111810864.72,NPB,NPB,gbm
NPB,山本　由伸,2021,370000000,328980171.151474,1682626358762366,NPB,NPB,gbm
NPB,田嶋　大樹,2021,80000000,80548809.42985083,301191790293.1949,NPB,NPB,gbm
NPB,山岡　泰輔,2021,72000000,44823802.3330962,738545719630627.6,NPB,NPB,gbm
NPB,増井　浩俊,2021,70000000,96224897.14441845,687745230235326.9,NPB,NPB,gbm
NPB,宮城　大弥,2021,50000000,119259382.21992281,4796862025485360,NPB,NPB,gbm
NPB,山﨑　福也,2021,50000000,78565704.46620123,815999471650349,NPB,NPB,gbm
NPB,山﨑　颯一郎,2021,13000000,10021412.918333884,8871981003068.268,NPB,NPB,gbm
NPB,榊原　翼,2021,8000000,3281595.8076578397,22263338122312.074,NPB,NPB,gbm
NPB,本田　仁海,2021,5000000,1346731.315004677,13346372084767.457,NPB,NPB,gbm
NPB,田中　将大,2021,900000000,179226236.63272554,519514817958623900,NPB,NPB,gbm
NPB,則本　昂大,2021,300000000,209773714.4549979,8140782603248255,NPB,NPB,gbm
NPB,岸　孝之,2021,250000000,170447437.92602953,6328610132532924,NPB,NPB,gbm
NPB,涌井　秀章,2021,110000000.00000001,111655771.65463793,2741579772302.388,NPB,NPB,gbm
NPB,早川　隆久,2021,36000000,90534664.10345459,2974029588876618.5,NPB,NPB,gbm
NPB,塩見　貴洋,2021,35000000,89650871.99418753,2986717809725071.5,NPB,NPB,gbm
NPB,瀧中　瞭太,2021,30000000,75130596.25422832,2036770718262167.5,NPB,NPB,gbm
NPB,石橋　良太,2021,16000000,43928570.881069094,780005071458900.5,NPB,NPB,gbm
NPB,弓削　隼人,2021,11500000,11762556.95819395,68936156296.0598,NPB,NPB,gbm
NPB,釜田　佳直,2021,10000000,24323259.338213008,205155758069706.12,NPB,NPB,gbm
NPB,髙橋　光成,2021,110000000.00000001,96108669.00842945,192969076717368.78,NPB,NPB,gbm
NPB,松本　航,2021,54000000,78616717.17120223,605982764286962.6,NPB,NPB,gbm
NPB,今井　達也,2021,51000000,75464421.51676607,598507920150006.75,NPB,NPB,gbm
NPB,内海　哲也,2021,45000000,82703001.50597599,1421516322559628,NPB,NPB,gbm
NPB,浜屋　将太,2021,13100000,5410861.471805172,59122851305770.125,NPB,NPB,gbm
NPB,本田　圭佑,2021,12600000,22004966.24503585,88453390070263.73,NPB,NPB,gbm
NPB,渡邉　勇太朗,2021,10000000,16532600.735880315,42674872374424.04,NPB,NPB,gbm
NPB,上間　永遠,2021,6500000,1346731.315004677,26556178139753.43,NPB,NPB,gbm
NPB,石川　歩,2021,150000000,116625324.37042105,1113868973379611,NPB,NPB,gbm
NPB,美馬　学,2021,120000000,105453736.1269056,211593792665691.16,NPB,NPB,gbm
NPB,小島　和哉,2021,62000000,104028670.98611568,1766409184859162,NPB,NPB,gbm
NPB,二木　康太,2021,55000000,41540514.168884575,181157758837996.88,NPB,NPB,gbm
NPB,岩下　大輝,2021,45000000,44992140.21572626,61776208.82978767,NPB,NPB,gbm
NPB,佐々木　朗希,2021,30000000,45918436.89054377,253396633038224.7,NPB,NPB,gbm
NPB,鈴木　昭汰,2021,20000000,28222376.613164622,67607477168716.52,NPB,NPB,gbm
NPB,土肥　星也,2021,10500000,19409821.23273941,79384914399374.05,NPB,NPB,gbm
NPB,本前　郁也,2021,6700000,5410861.471805172,1661878144876.3271,NPB,NPB,gbm
NPB,西　勇輝,2022,300000000,208478860.8492459,8376118911451694,NPB,NPB,gbm
NPB,青柳　晃洋,2022,240000000,190570448.1327972,2443280597792490.5,NPB,NPB,gbm
NPB,秋山　拓巳,2022,88000000,96052450.89821006,64841965468084.06,NPB,NPB,gbm
NPB,伊藤　将司,2022,80000000,133567388.50095858,2869465110812629,NPB,NPB,gbm
NPB,西　純矢,2022,28000000,24598242.678073786,11571952877278.605,NPB,NPB,gbm
NPB,大竹　耕太郎,2022,20000000,14080850.051371105,35036336114353.45,NPB,NPB,gbm
NPB,才木　浩人,2022,19000000,39909124.41285474,437191483712238,NPB,NPB,gbm
NPB,小川　一平,2022,13000000,11519154.727063295,2192902722378.9858,NPB,NPB,gbm
NPB,森木　大智,2022,12000000,1346731.315004677,113492133674701.98,NPB,NPB,gbm
NPB,今永　昇太,2022,140000000,158725746.25182268,350653572687651.2,NPB,NPB,gbm
NPB,大貫　晋一,2022,88000000,129347027.52885339,1709576685471759.8,NPB,NPB,gbm
NPB,石田　健大,2022,62000000,59542741.9548685,6038117100363.467,NPB,NPB,gbm
NPB,濵口　遥大,2022,62000000,44657868.432444714,300749527306397.56,NPB,NPB,gbm
NPB,上茶谷　大河,2022,34000000,12881882.540483654,445974885033929.1,NPB,NPB,gbm
NPB,京山　将弥,2022,27900000,11665774.211115193,263550086964492.53,NPB,NPB,gbm
NPB,東　克樹,2022,26100000,26275016.878824938,30630907873.623062,NPB,NPB,gbm
NPB,坂本　裕哉,2022,23000000,5410861.471805172,309377794164027.8,NPB,NPB,gbm
NPB,笠原　祥太郎,2022,9000000,11762556.95819395,7631720947265.812,NPB,NPB,gbm
NPB,菅野　智之,2022,500000000,204726984.4650265,87186153703116700,NPB,NPB,gbm
NPB,戸郷　翔征,2022,90000000,125544372.9945717,1263402451577238,NPB,NPB,gbm
NPB,髙橋　優貴,2022,30000000,-218863.46796111448,913179709295274.75,NPB,NPB,gbm
NPB,山﨑　伊織,2022,25000000,43545568.677899756,343938117586696.5,NPB,NPB,gbm
NPB,横川　凱,2022,6600000,-218863.46796111448,46496898994694.68,NPB,NPB,gbm
NPB,堀田　賢慎,2022,6500000,4806905.819017623,2866567905676.387,NPB,NPB,gbm
NPB,井上　温大,2022,6500000,30781727.925734174,589602311059378.75,NPB,NPB,gbm
NPB,大野　雄大,2022,300000000,188269483.44688928,12483708329224948,NPB,NPB,gbm
NPB,柳　裕也,2022,108000000,90927128.62243597,291482937074845,NPB,NPB,gbm
NPB,涌井　秀章,2022,100000000,115304251.39584453,234220110787209.38,NPB,NPB,gbm
NPB,小笠原　慎之介,2022,66000000,121063380.0596971,3031975823598649,NPB,NPB,gbm
NPB,松葉　貴大,2022,50000000,128813230.06582297,6211525233408342,NPB,NPB,gbm
NPB,髙橋　宏斗,2022,35000000,72693295.30648202,1420784511061659.2,NPB,NPB,gbm
NPB,福谷　浩司,2022,22000000,80106903.02563718,3376412179230803,NPB,NPB,gbm
NPB,岡田　俊哉,2022,19000000,78849545.96890987,3581968152684656,NPB,NPB,gbm
NPB,勝野　昌慶,2022,19000000,8911320.747424122,101781449061354.98,NPB,NPB,gbm
NPB,鈴木　博志,2022,13500000,4120425.486655196,87976418051387.4,NPB,NPB,gbm
NPB,岡野　祐一郎,2022,8500000,22004966.24503585,182384113279557.7,NPB,NPB,gbm
NPB,上田　洸太朗,2022,8100000,11170262.411647882,9426511276377.871,NPB,NPB,gbm
NPB,大瀬良　大地,2022,180000000,154166278.98965082,667381141240556.9,NPB,NPB,gbm
NPB,九里　亜蓮,2022,140000000,146432048.2231834,41371244345356.65,NPB,NPB,gbm
NPB,森下　暢仁,2022,110000000.00000001,123818632.8896789,190954614939714.88,NPB,NPB,gbm
NPB,野村　祐輔,2022,55000000,89898321.22870809,1217892824582097.5,NPB,NPB,gbm
NPB,床田　寛樹,2022,50000000,56780055.66152964,45969154773440.09,NPB,NPB,gbm
NPB,遠藤　淳志,2022,26000000,47456959.874851614,460401127070992.2,NPB,NPB,gbm
NPB,大道　温貴,2022,13000000,3665024.4081818284,87141769299841.05,NPB,NPB,gbm
NPB,玉村　昇悟,2022,13000000,3784234.7053905018,84930329965328.89,NPB,NPB,gbm
NPB,サイスニード,2022,195000000,108252961.56011985,7525048678090044,NPB,NPB,gbm
NPB,小川　泰弘,2022,160000000,164102385.917242,16829570213985.408,NPB,NPB,gbm
NPB,石川　雅規,2022,90000000,120065232.5285891,903918206998132.1,NPB,NPB,gbm
NPB,高橋　奎二,2022,50000000,76732391.51027322,714620755858527.6,NPB,NPB,gbm
NPB,高梨　裕稔,2022,43000000,115208341.48445354,5214044579935455,NPB,NPB,gbm
NPB,原　樹理,2022,38000000,62433331.33448471,596987680100712.5,NPB,NPB,gbm
NPB,奥川　恭伸,2022,27000000,12692298.702386105,204710316421742.3,NPB,NPB,gbm
NPB,山下　輝,2022,14000000,12314811.962170783,2839858722842.685,NPB,NPB,gbm
NPB,小澤　怜史,2022,11000000,26895616.031540554,252670609022169.06,NPB,NPB,gbm
NPB,吉田　大喜,2022,11000000,5959064.849611551,25411027190421.82,NPB,NPB,gbm
NPB,金久保　優斗,2022,10000000,8294601.803216219,2908383009593.372,NPB,NPB,gbm
NPB,阪口　皓亮,2022,9000000,1346731.315004677,58572521564730.05,NPB,NPB,gbm
NPB,和田　毅,2022,165000000,126911973.6267738,1450697753007574.2,NPB,NPB,gbm
NPB,東浜　巨,2022,150000000,186879736.1841991,1360114941016124,NPB,NPB,gbm
NPB,石川　柊太,2022,150000000,154980340.01156914,24803786630836.523,NPB,NPB,gbm
NPB,大関　友久,2022,45000000,52478242.090082504,55924104757881.54,NPB,NPB,gbm
NPB,杉山　一樹,2022,16000000,8911320.747424122,50249373545899.71,NPB,NPB,gbm
NPB,奥村　政稔,2022,9000000,76267373.4075511,4524899525150912,NPB,NPB,gbm
NPB,田上　奏大,2022,6500000,8192017.306974168,2862922567100.1157,NPB,NPB,gbm
NPB,上沢　直之,2022,170000000,103213588.6616861,4460424739450464.5,NPB,NPB,gbm
NPB,加藤　貴之,2022,135000000,159044000.479671,578113959066419.4,NPB,NPB,gbm
NPB,杉浦　稔大,2022,60000000,85188464.609565,634458749387308.75,NPB,NPB,gbm
NPB,立野　和明,2022,16000000,1346731.315004677,214718283154664.56,NPB,NPB,gbm
NPB,池田　隆英,2022,16000000,22004966.24503585,36059619604019.95,NPB,NPB,gbm
NPB,根本　悠楓,2022,13000000,10331432.732650526,7121251260369.04,NPB,NPB,gbm
NPB,達　孝太,2022,10000000,16113359.2024992,37373160738781.65,NPB,NPB,gbm
NPB,生田目　翼,2022,9000000,18519712.342460647,90624923083197.58,NPB,NPB,gbm
NPB,田中　瑛斗,2022,7000000,6916482.382562391,6975192422.454734,NPB,NPB,gbm
NPB,山本　由伸,2022,650000000,313743342.8719826,113068539462909070,NPB,NPB,gbm
NPB,田嶋　大樹,2022,110000000.00000001,61928611.06087097,2310858434537018.5,NPB,NPB,gbm
NPB,宮城　大弥,2022,80000000,108080913.4016602,788537697471539.6,NPB,NPB,gbm
NPB,山岡　泰輔,2022,72000000,73174435.11859693,1379297847793.7764,NPB,NPB,gbm
NPB,山﨑　福也,2022,60000000,71648040.72212647,135676852664316.52,NPB,NPB,gbm
NPB,竹安　大知,2022,21000000,22004966.24503585,1009957153661.4551,NPB,NPB,gbm
NPB,椋木　蓮,2022,16000000,44795657.50301735,829189891031079.5,NPB,NPB,gbm
NPB,東　晃平,2022,8000000,1346731.315004677,44265984194739.4,NPB,NPB,gbm
NPB,田中　将大,2022,475000000,186731076.07207358,83098972502564620,NPB,NPB,gbm
NPB,則本　昂大,2022,300000000,158722724.6814217,19959268521441376,NPB,NPB,gbm
NPB,岸　孝之,2022,250000000,171467671.66085285,6167326594367615,NPB,NPB,gbm
NPB,辛島　航,2022,80000000,104961040.39554824,623053537628191,NPB,NPB,gbm
NPB,早川　隆久,2022,33000000,31797889.292769365,1445070152438.5374,NPB,NPB,gbm
NPB,瀧中　瞭太,2022,26000000,33961267.10051251,63381773845702.9,NPB,NPB,gbm
NPB,藤井　聖,2022,10500000,1837646.5937518673,75036366534738.64,NPB,NPB,gbm
NPB,高田　孝一,2022,10000000,30029029.61552282,401162027339490.25,NPB,NPB,gbm
NPB,藤平　尚真,2022,10000000,3579683.7723673014,41220460462803.766,NPB,NPB,gbm
NPB,松井　友飛,2022,7000000,1346731.315004677,31959446824748.754,NPB,NPB,gbm
NPB,髙橋　光成,2022,180000000,112635188.38548097,4538017843859638,NPB,NPB,gbm
NPB,松本　航,2022,65000000,61332026.57176795,13454029070216.389,NPB,NPB,gbm
NPB,今井　達也,2022,45000000,39902386.42251288,25985664185381.02,NPB,NPB,gbm
NPB,與座　海人,2022,33000000,104603746.87484995,5127096566517583,NPB,NPB,gbm
NPB,隅田　知一郎,2022,20000000,19676908.342211515,104388219332.51169,NPB,NPB,gbm
NPB,佐藤　隼輔,2022,16000000,5410861.471805172,112129854769300.12,NPB,NPB,gbm
NPB,渡邉　勇太朗,2022,8500000,1346731.315004677,51169252879734.73,NPB,NPB,gbm
NPB,石川　歩,2022,150000000,160465033.59966967,109516928242215.03,NPB,NPB,gbm
NPB,美馬　学,2022,140000000,156821138.2284813,282950691301674.75,NPB,NPB,gbm
NPB,佐々木　朗希,2022,80000000,126885385.79041521,2198239400716068.8,NPB,NPB,gbm
NPB,小島　和哉,2022,68000000,65189279.731607385,7900148427153.054,NPB,NPB,gbm
NPB,二木　康太,2022,46000000,26897347.635622032,364911327354275.2,NPB,NPB,gbm
NPB,種市　篤暉,2022,18000000,1346731.315004677,277331357894645.88,NPB,NPB,gbm
NPB,鈴木　昭汰,2022,16000000,-218863.46796111448,263051532192363.62,NPB,NPB,gbm
NPB,河村　説人,2022,15000000,1346731.315004677,186411745784673.94,NPB,NPB,gbm
NPB,本前　郁也,2022,13000000,5410861.471805172,57595023600131.16,NPB,NPB,gbm
NPB,佐藤　奨真,2022,9000000,5410861.471805172,12881915374572.535,NPB,NPB,gbm
NPB,森　遼大朗,2022,4600000,1346731.315004677,10583757136771.197,NPB,NPB,gbm
NPB,西　勇輝,2023,300000000,129681529.31896183,29008381455127660,NPB,NPB,gbm
NPB,青柳　晃洋,2023,210000000,82393633.4228775,16283384791014964,NPB,NPB,gbm
NPB,伊藤　将司,2023,160000000,148149905.80584568,140424732410329.97,NPB,NPB,gbm
NPB,大竹　耕太郎,2023,67000000,117325131.8377259,2532618894484492.5,NPB,NPB,gbm
NPB,村上　頌樹,2023,67000000,134531823.8920054,4560547238180833,NPB,NPB,gbm
NPB,才木　浩人,2023,50000000,70656847.20185502,426705336320785.5,NPB,NPB,gbm
NPB,秋山　拓巳,2023,44000000,101840770.92792934,3345554781537196,NPB,NPB,gbm
NPB,西　純矢,2023,38000000,16131284.757496363,478240706357710.9,NPB,NPB,gbm
NPB,門別　啓人,2023,8000000,17353311.171026427,87484429862047.75,NPB,NPB,gbm
NPB,東　克樹,2023,105000000,261629516.60214952,24532805471023032,NPB,NPB,gbm
NPB,石田　健大,2023,80000000,84333002.64125042,18774911889083.086,NPB,NPB,gbm
NPB,大貫　晋一,2023,77000000,56083202.56627687,437512414883406.5,NPB,NPB,gbm
NPB,濵口　遥大,2023,54000000,34330536.81019988,386887782174901.94,NPB,NPB,gbm
NPB,森　唯斗,2023,50000000,86419747.21391848,1326397987125722.8,NPB,NPB,gbm
NPB,平良　拳太郎,2023,26000000,64511677.54835231,1483149307588263.2,NPB,NPB,gbm
NPB,菅野　智之,2023,400000000,110929828.43755804,83561564087139620,NPB,NPB,gbm
NPB,戸郷　翔征,2023,180000000,144710023.23193738,1245382460290399.5,NPB,NPB,gbm
NPB,山﨑　伊織,2023,51000000,130668541.9016208,6347076568730310,NPB,NPB,gbm
NPB,高橋　礼,2023,43000000,22004966.24503585,440791442372084.06,NPB,NPB,gbm
NPB,赤星　優志,2023,30000000,34411103.12552348,19457830784002.996,NPB,NPB,gbm
NPB,髙橋　優貴,2023,23000000,1837646.5937518673,447845201690942,NPB,NPB,gbm
NPB,横川　凱,2023,17000000,18420314.36050113,2017292882645.7314,NPB,NPB,gbm
NPB,井上　温大,2023,6700000,10038900.579912027,11148257082536.873,NPB,NPB,gbm
NPB,大野　雄大,2023,300000000,118510975.6807985,32938265948335712,NPB,NPB,gbm
NPB,柳　裕也,2023,148000000,104628445.52202176,1881091737836234.8,NPB,NPB,gbm
NPB,涌井　秀章,2023,100000000,111655771.65463793,135857012865061.1,NPB,NPB,gbm
NPB,小笠原　慎之介,2023,93000000,83696824.94495828,86549066104750.42,NPB,NPB,gbm
NPB,髙橋　宏斗,2023,63000000,97010891.33847654,1156740729637658.5,NPB,NPB,gbm
NPB,松葉　貴大,2023,50000000,90651019.53891945,1652505389553610.8,NPB,NPB,gbm
NPB,福谷　浩司,2023,20000000,96846191.71691963,5905337181393567,NPB,NPB,gbm
NPB,根尾　昂,2023,16000000,19071967.346437477,9436983377578.111,NPB,NPB,gbm
NPB,仲地　礼亜,2023,15000000,8911320.747424122,37072015040747.95,NPB,NPB,gbm
NPB,梅津　晃大,2023,10000000,30413072.721831404,416693537946777.4,NPB,NPB,gbm
NPB,大瀬良　大地,2023,180000000,129303217.66918005,2570163738698538,NPB,NPB,gbm
NPB,九里　亜蓮,2023,140000000,202576592.77417088,3915829963224414.5,NPB,NPB,gbm
NPB,森下　暢仁,2023,130000000,65812498.93701388,4120035292710844.5,NPB,NPB,gbm
NPB,床田　寛樹,2023,100000000,160031452.6975484,3603775312977990,NPB,NPB,gbm
NPB,野村　祐輔,2023,44500000,114374446.35806124,4882438253845578,NPB,NPB,gbm
NPB,遠藤　淳志,2023,25000000,6976456.254770966,324848129136184.7,NPB,NPB,gbm
NPB,森　翔平,2023,18000000,16723315.839825183,1629922444841.2773,NPB,NPB,gbm
NPB,玉村　昇悟,2023,16000000,29173952.369033873,173553021021573.2,NPB,NPB,gbm
NPB,黒原　拓未,2023,14000000,25345668.52756904,128724194337470.64,NPB,NPB,gbm
NPB,サイスニード,2023,232500000,155738737.1223488,5892291478571874,NPB,NPB,gbm
NPB,小川　泰弘,2023,160000000,184123285.8729761,581932921309328,NPB,NPB,gbm
NPB,石川　雅規,2023,67500000,105904901.08472985,1474936427327884,NPB,NPB,gbm
NPB,高橋　奎二,2023,48000000,36743889.079293884,126700033059239.48,NPB,NPB,gbm
NPB,吉村　貢司郎,2023,21000000,18288910.622790977,7350005611215.606,NPB,NPB,gbm
NPB,宮川　哲,2023,20000000,22004966.24503585,4019889643733.1543,NPB,NPB,gbm
NPB,山野　太一,2023,9000000,-218863.46796111448,84987443640908.02,NPB,NPB,gbm
NPB,金久保　優斗,2023,9000000,16113359.2024992,50599879143780.05,NPB,NPB,gbm
NPB,有原　航平,2023,500000000,170311483.55166015,108694517877907230,NPB,NPB,gbm
NPB,和田　毅,2023,200000000,119851470.5660571,6423786770423611,NPB,NPB,gbm
NPB,東浜　巨,2023,150000000,111655771.65463793,1470279847401267.8,NPB,NPB,gbm
NPB,石川　柊太,2023,120000000,140494146.59825656,420010044790830.9,NPB,NPB,gbm
NPB,大関　友久,2023,55000000,36190445.830855295,353799328041988.94,NPB,NPB,gbm
NPB,加藤　貴之,2023,300000000,185563973.02226683,13095604270448472,NPB,NPB,gbm
NPB,山﨑　福也,2023,60000000,167886272.7367493,11639447845028254,NPB,NPB,gbm
NPB,上原　健太,2023,40000000,62703622.11427843,515454457107952.5,NPB,NPB,gbm
NPB,北山　亘基,2023,33000000,24084735.96637793,79481932789195.28,NPB,NPB,gbm
NPB,鈴木　健矢,2023,30000000,17913880.095307156,146074294350612.56,NPB,NPB,gbm
NPB,根本　悠楓,2023,16000000,14565893.478704356,2056661514422.6943,NPB,NPB,gbm
NPB,金村　尚真,2023,12000000,33959308.78934501,482211242505805.06,NPB,NPB,gbm
NPB,田中　瑛斗,2023,7500000,1346731.315004677,37862715509744.08,NPB,NPB,gbm
NPB,宮城　大弥,2023,160000000,137162501.38341042,521551343062730.8,NPB,NPB,gbm
NPB,田嶋　大樹,2023,95000000,39643645.716297485,3064325959582790,NPB,NPB,gbm
NPB,山下　舜平大,2023,40000000,83958823.79851097,1932378189748534.2,NPB,NPB,gbm
NPB,東　晃平,2023,24000000,45187324.34395172,448902712855809.06,NPB,NPB,gbm
NPB,曽谷　龍平,2023,16000000,1716001.024692046,204032626726598.7,NPB,NPB,gbm
NPB,齋藤　響介,2023,6000000,16113359.2024992,102280034358775.25,NPB,NPB,gbm
NPB,則本　昂大,2023,300000000,166210072.90266487,17899744592710248,NPB,NPB,gbm
NPB,田中　将大,2023,260000000,153213055.7975026,11403451452107292,NPB,NPB,gbm
NPB,岸　孝之,2023,210000000,158503558.45531765,2651883491764886.5,NPB,NPB,gbm
NPB,辛島　航,2023,80000000,88332726.4457423,69434330019573.01,NPB,NPB,gbm
NPB,早川　隆久,2023,33000000,27168311.897734966,34008586122099.55,NPB,NPB,gbm
NPB,荘司　康誠,2023,30000000,33022061.510154374,9132855771156.535,NPB,NPB,gbm
NPB,瀧中　瞭太,2023,23000000,33961521.86843562,120154961672192.36,NPB,NPB,gbm
NPB,藤平　尚真,2023,14500000,8911320.747424122,31233335788172.074,NPB,NPB,gbm
NPB,藤井　聖,2023,13000000,27751537.569688115,217607860669919.94,NPB,NPB,gbm
NPB,松井　友飛,2023,8000000,4120425.486655196,15051098404594.572,NPB,NPB,gbm
NPB,髙橋　光成,2023,265000000,136899653.17660332,16409698856274516,NPB,NPB,gbm
NPB,平良　海馬,2023,250000000,127400131.60911372,15030727729462636,NPB,NPB,gbm
NPB,今井　達也,2023,80000000,109907818.38064484,894477600289637.5,NPB,NPB,gbm
NPB,松本　航,2023,58000000,51045020.69847659,48371737084619.055,NPB,NPB,gbm
NPB,隅田　知一郎,2023,40000000,82274316.33616032,1787117821689751,NPB,NPB,gbm
NPB,與座　海人,2023,30000000,38177449.45201674,66870679540288.9,NPB,NPB,gbm
NPB,渡邉　勇太朗,2023,8200000,16113359.2024992,62621253867778.766,NPB,NPB,gbm
NPB,美馬　学,2023,140000000,104972894.68165232,1226898106982620.2,NPB,NPB,gbm
NPB,小島　和哉,2023,105000000,101789040.00645424,10310264080151.36,NPB,NPB,gbm
NPB,西野　勇士,2023,85000000,139474209.21248186,2967439469325243,NPB,NPB,gbm
NPB,佐々木　朗希,2023,80000000,78937134.41816172,1129683245056.4253,NPB,NPB,gbm
NPB,種市　篤暉,2023,52000000,128505599.77890319,5853106797529711,NPB,NPB,gbm
NPB,菊地　吏玖,2023,16000000,8141053.151846332,61763045562104.48,NPB,NPB,gbm
NPB,本前　郁也,2023,12000000,26056138.569453932,197575031483690.44,NPB,NPB,gbm
NPB,森　遼大朗,2023,7000000,8994870.18109441,3979507039419.6436,NPB,NPB,gbm
NPB,西　勇輝,2024,300000000,152231573.7735105,21835507789453476,NPB,NPB,gbm
NPB,伊藤　将司,2024,140000000,43708126.68556673,9272124866402868,NPB,NPB,gbm
NPB,才木　浩人,2024,120000000,162043915.2002122,1767690805362635.2,NPB,NPB,gbm
NPB,大竹　耕太郎,2024,90000000,130541558.93758209,1643618001089442.2,NPB,NPB,gbm
NPB,村上　頌樹,2024,80000000,85171895.49767093,26748503038828.875,NPB,NPB,gbm
NPB,及川　雅貴,2024,30000000,7167164.2382962685,521338388920936.75,NPB,NPB,gbm
NPB,髙橋　遥人,2024,25000000,70717393.17992754,2090080039168085.5,NPB,NPB,gbm
NPB,東　克樹,2024,210000000,197060541.78373796,167429578930391.28,NPB,NPB,gbm
NPB,石田　健大,2024,100000000,87255028.88958785,162434288605240.3,NPB,NPB,gbm
NPB,大貫　晋一,2024,72000000,70798943.30524817,1442537184008.188,NPB,NPB,gbm
NPB,平良　拳太郎,2024,26000000,60519674.84267681,1191607951244134.2,NPB,NPB,gbm
NPB,吉野　光樹,2024,14000000,11342712.331413655,7061177753621.055,NPB,NPB,gbm
NPB,石田　裕太郎,2024,13000000,18288910.622790977,27972575575871.242,NPB,NPB,gbm
NPB,小園　健太,2024,6900000,30029029.61552282,534952010955731.7,NPB,NPB,gbm
NPB,松本　隆之介,2024,5600000,-218863.46796111448,33859172058772.453,NPB,NPB,gbm
NPB,戸郷　翔征,2024,300000000,175969213.28187191,15383636053917778,NPB,NPB,gbm
NPB,田中　将大,2024,160000000,84268596.28894179,5735245508047282,NPB,NPB,gbm
NPB,山﨑　伊織,2024,90000000,108810438.16788206,353832584067714,NPB,NPB,gbm
NPB,高橋　礼,2024,37000000,31643228.775258444,28694997954219.15,NPB,NPB,gbm
NPB,井上　温大,2024,34000000,58395145.358818024,595123117077860.6,NPB,NPB,gbm
NPB,又木　鉄平,2024,10000000,-218863.46796111448,104425170576830.25,NPB,NPB,gbm
NPB,髙橋　宏斗,2024,120000000,122236550.49013326,5002158094915.307,NPB,NPB,gbm
NPB,大野　雄大,2024,120000000,90651019.53891945,861362654104888,NPB,NPB,gbm
NPB,柳　裕也,2024,110000000.00000001,60249455.61635422,2475116666469110,NPB,NPB,gbm
NPB,涌井　秀章,2024,90000000,106774384.83331245,281379986536062.8,NPB,NPB,gbm
NPB,松葉　貴大,2024,50000000,109573373.93015511,3548986881422085,NPB,NPB,gbm
NPB,梅津　晃大,2024,14000000,41900738.055208504,778451184025360,NPB,NPB,gbm
NPB,仲地　礼亜,2024,11500000,62367832.1420049,2587536346827187,NPB,NPB,gbm
NPB,松木平　優太,2024,10500000,8911320.747424122,2523901767565.0503,NPB,NPB,gbm
NPB,大瀬良　大地,2024,200000000,166521526.0252747,1120808219676359.6,NPB,NPB,gbm
NPB,森下　暢仁,2024,165000000,126757402.85247812,1462496236587649,NPB,NPB,gbm
NPB,床田　寛樹,2024,150000000,136307554.39778104,187483066569725.22,NPB,NPB,gbm
NPB,アドゥワ　誠,2024,34000000,37300639.53534772,10894221342300.43,NPB,NPB,gbm
NPB,玉村　昇悟,2024,26000000,40219369.79646542,202190477408633.03,NPB,NPB,gbm
NPB,森　翔平,2024,20000000,27491326.415686715,56119971466365.57,NPB,NPB,gbm
NPB,常廣　羽也斗,2024,16000000,5959064.849611551,100820378694306.31,NPB,NPB,gbm
NPB,小川　泰弘,2024,110000000.00000001,107470495.86769564,6398391155344.886,NPB,NPB,gbm
NPB,高橋　奎二,2024,58000000,68917187.88116923,119184991232748.3,NPB,NPB,gbm
NPB,吉村　貢司郎,2024,50000000,88134918.62566304,1454272018585942,NPB,NPB,gbm
NPB,青柳　晃洋,2024,50000000,87538513.58813845,1409140002406854.8,NPB,NPB,gbm
NPB,石川　雅規,2024,40000000,107747445.96665561,4589716435004922,NPB,NPB,gbm
NPB,高梨　裕稔,2024,30000000,116664362.75455649,7510711771653359,NPB,NPB,gbm
NPB,奥川　恭伸,2024,21000000,8277357.942788694,161865620915921.94,NPB,NPB,gbm
NPB,松本　健吾,2024,16000000,20853770.44664538,23559087548728.082,NPB,NPB,gbm
NPB,山野　太一,2024,14000000,7729154.564982327,39323502469881.99,NPB,NPB,gbm
NPB,阪口　皓亮,2024,10000000,1346731.315004677,74879058934720.69,NPB,NPB,gbm
NPB,有原　航平,2024,400000000,293135338.56815004,11420055862943920,NPB,NPB,gbm
NPB,東浜　巨,2024,150000000,96846191.71691963,2825327334994463.5,NPB,NPB,gbm
NPB,大関　友久,2024,90000000,79997252.74362944,100054952674828.75,NPB,NPB,gbm
NPB,大津　亮介,2024,55000000,70867470.51697554,251776620607087.9,NPB,NPB,gbm
NPB,濵口　遥大,2024,46000000,32012498.484945823,195650198633642.9,NPB,NPB,gbm
NPB,前田　悠伍,2024,10000000,-218863.46796111448,104425170576830.25,NPB,NPB,gbm
NPB,松本　晴,2024,9000000,40585622.061641954,997651521020882.9,NPB,NPB,gbm
NPB,前田　純,2024,7500000,34054803.55117412,705157591641449.6,NPB,NPB,gbm
NPB,加藤　貴之,2024,300000000,221061069.08663535,6231354813744957,NPB,NPB,gbm
NPB,山﨑　福也,2024,250000000,190562501.54973677,3532816222025044,NPB,NPB,gbm
NPB,伊藤　大海,2024,220000000.00000003,214649268.2937394,28630329792382.703,NPB,NPB,gbm
NPB,北山　亘基,2024,46000000,57275077.903339274,127127381726369.56,NPB,NPB,gbm
NPB,金村　尚真,2024,36000000,91516744.09106778,3082108874473109,NPB,NPB,gbm
NPB,上原　健太,2024,36000000,43989602.86451798,63833753932713.9,NPB,NPB,gbm
NPB,福谷　浩司,2024,20000000,86586889.38211894,4433813837586544,NPB,NPB,gbm
NPB,福島　蓮,2024,16000000,12068443.51959863,15457136358586.014,NPB,NPB,gbm
NPB,根本　悠楓,2024,15000000,7720607.486734878,52989555362180.305,NPB,NPB,gbm
NPB,細野　晴希,2024,13000000,21225934.336090438,67665995701671.63,NPB,NPB,gbm
NPB,達　孝太,2024,10500000,33685533.84148675,537568979514727.44,NPB,NPB,gbm
NPB,宮城　大弥,2024,200000000,128504962.9099897,5111540328501949,NPB,NPB,gbm
NPB,九里　亜蓮,2024,140000000,146371557.80055323,40596748805790.74,NPB,NPB,gbm
NPB,田嶋　大樹,2024,100000000,58576644.254237,1715894401240036.2,NPB,NPB,gbm
NPB,曽谷　龍平,2024,38000000,78613535.56186517,1649459270834886.5,NPB,NPB,gbm
NPB,山下　舜平大,2024,36000000,44278827.54573964,68538985532097.484,NPB,NPB,gbm
NPB,東　晃平,2024,24000000,16952039.54611791,49673746559485.84,NPB,NPB,gbm
NPB,齋藤　響介,2024,12000000,10541390.089657191,2127542870550.2568,NPB,NPB,gbm
NPB,佐藤　一磨,2024,9000000,-218863.46796111448,84987443640908.02,NPB,NPB,gbm
NPB,岸　孝之,2024,220000000.00000003,171803851.25082627,2322868754252483.5,NPB,NPB,gbm
NPB,早川　隆久,2024,70000000,124639713.52232222,2985498293801442,NPB,NPB,gbm
NPB,藤井　聖,2024,37000000,110088590.4522728,5341942054300063,NPB,NPB,gbm
NPB,内　星龍,2024,31000000,28733906.68070076,5135178931772.6455,NPB,NPB,gbm
NPB,瀧中　瞭太,2024,28000000,65660994.81177233,1418350530212342.5,NPB,NPB,gbm
NPB,荘司　康誠,2024,27000000,7080325.359137915,396793437797804.06,NPB,NPB,gbm
NPB,古謝　樹,2024,23000000,24445466.5065322,2089373421506.4016,NPB,NPB,gbm
NPB,髙橋　光成,2024,210000000,27182341.85496346,33422296129635448,NPB,NPB,gbm
NPB,今井　達也,2024,180000000,145035395.3365355,1222523579272362.5,NPB,NPB,gbm
NPB,隅田　知一郎,2024,90000000,99537964.03125195,90972757861455.98,NPB,NPB,gbm
NPB,武内　夏暉,2024,45000000,129036671.51697195,7062162159651444,NPB,NPB,gbm
NPB,與座　海人,2024,25000000,27640130.601906836,6970289595124.952,NPB,NPB,gbm
NPB,渡邉　勇太朗,2024,20000000,23432116.024525233,11779420405802.887,NPB,NPB,gbm
NPB,青山　美夏人,2024,15500000,5959064.849611551,91029443543917.86,NPB,NPB,gbm
NPB,杉山　遙希,2024,7000000,29886986.60115833,523814155681600.9,NPB,NPB,gbm
NPB,菅井　信也,2024,6700000,7720607.486734878,1041639641979.2847,NPB,NPB,gbm
NPB,石川　柊太,2024,200000000,122021836.41440244,6080593996182213,NPB,NPB,gbm
NPB,小島　和哉,2024,160000000,134368809.50173354,656957926358424.75,NPB,NPB,gbm
NPB,西野　勇士,2024,150000000,144856949.0126484,26450973458498.23,NPB,NPB,gbm
NPB,石川　歩,2024,90000000,86586889.38211894,11649324089892.43,NPB,NPB,gbm
NPB,種市　篤暉,2024,85000000,108278729.56089982,541899249969511.3,NPB,NPB,gbm
NPB,唐川　侑己,2024,58000000,119764616.03207669,3814867793589864.5,NPB,NPB,gbm
NPB,美馬　学,2024,40000000,84268596.28894179,1959708617393310.5,NPB,NPB,gbm
NPB,中森　俊介,2024,16000000,8277357.942788694,59639200343808.875,NPB,NPB,gbm
NPB,田中　晴也,2024,11000000,21006831.839090634,100136683455838.05,NPB,NPB,gbm
NPB,西　勇輝,2025,300000000,84268596.28894179,46540038547143576,NPB,NPB,gbm
NPB,才木　浩人,2025,250000000,133305294.35430919,13617654325734424,NPB,NPB,gbm
NPB,村上　頌樹,2025,229999999.99999997,226892897.35161972,9654086867571.5625,NPB,NPB,gbm
NPB,伊藤　将司,2025,140000000,66032797.08039997,5471147107749289,NPB,NPB,gbm
NPB,大竹　耕太郎,2025,130000000,91659979.97806326,1469957135282510.5,NPB,NPB,gbm
NPB,伊原　陵人,2025,36000000,27222548.92506506,77043647372876.55,NPB,NPB,gbm
NPB,髙橋　遥人,2025,30000000,82108692.23199117,2715315806128377,NPB,NPB,gbm
NPB,門別　啓人,2025,12000000,5410861.471805172,43416746543741.5,NPB,NPB,gbm
NPB,早川　太貴,2025,7200000,40113313.63376549,1083286214354613.2,NPB,NPB,gbm
NPB,東　克樹,2025,300000000,222196763.6448372,6053343587337326,NPB,NPB,gbm
NPB,藤浪　晋太郎,2025,80000000,80415140.75187567,172341843867.89557,NPB,NPB,gbm
NPB,大貫　晋一,2025,63000000,100460449.84472418,1403285302569095.8,NPB,NPB,gbm
NPB,平良　拳太郎,2025,30000000,49502881.1705385,380362373952145.2,NPB,NPB,gbm
NPB,石田　裕太郎,2025,30000000,55325756.191971496,641393926695182.5,NPB,NPB,gbm
NPB,竹田　祐,2025,20000000,26799334.348836422,46230947587266.81,NPB,NPB,gbm
NPB,吉野　光樹,2025,11000000,32085539.6772358,444599983480285.25,NPB,NPB,gbm
NPB,小園　健太,2025,6600000,3579683.7723673014,9122310114901.416,NPB,NPB,gbm
NPB,戸郷　翔征,2025,240000000,34242042.78925544,42336336955538590,NPB,NPB,gbm
NPB,山﨑　伊織,2025,180000000,126239730.96500778,2890166526714743,NPB,NPB,gbm
NPB,田中　将大,2025,100000000,89898321.22870809,102043913998369.67,NPB,NPB,gbm
NPB,赤星　優志,2025,48000000,71614628.68232763,557650687804210.7,NPB,NPB,gbm
NPB,井上　温大,2025,38000000,53830836.04658182,250615369933754.3,NPB,NPB,gbm
NPB,森田　駿哉,2025,15000000,24442469.63542167,89160232815860.27,NPB,NPB,gbm
NPB,柳　裕也,2025,200000000,94269330.86567941,11178974395591172,NPB,NPB,gbm
NPB,髙橋　宏斗,2025,200000000,102909686.38057138,9426528998719006,NPB,NPB,gbm
NPB,大野　雄大,2025,170000000,172998023.33737585,8988143931450.227,NPB,NPB,gbm
NPB,松葉　貴大,2025,100000000,166133691.88610667,4373665202486491,NPB,NPB,gbm
NPB,涌井　秀章,2025,70000000,96160794.36684363,684387161904277.25,NPB,NPB,gbm
NPB,金丸　夢斗,2025,25000000,32045638.947567772,49641028179483.91,NPB,NPB,gbm
NPB,草加　勝,2025,11000000,30029029.61552282,362103968108444.56,NPB,NPB,gbm
NPB,三浦　瑞樹,2025,9000000,-218863.46796111448,84987443640908.02,NPB,NPB,gbm
NPB,松木平　優太,2025,9000000,55130331.64553831,2128007497727353,NPB,NPB,gbm
NPB,仲地　礼亜,2025,9000000,1346731.315004677,58572521564730.05,NPB,NPB,gbm
NPB,森下　暢仁,2025,200000000,85260551.11032793,13165141131505670,NPB,NPB,gbm
NPB,大瀬良　大地,2025,200000000,148655889.69605923,2636217662903237,NPB,NPB,gbm
NPB,床田　寛樹,2025,185000000,171766221.2325633,175132900465458.78,NPB,NPB,gbm
NPB,森　翔平,2025,38000000,64623607.540164,708816478452677.5,NPB,NPB,gbm
NPB,玉村　昇悟,2025,33000000,40762228.61576193,60252193083353.34,NPB,NPB,gbm
NPB,アドゥワ　誠,2025,29000000,5721534.469894817,541886957436295.06,NPB,NPB,gbm
NPB,髙　太一,2025,18000000,15906421.93447541,4383069116445.6816,NPB,NPB,gbm
NPB,常廣　羽也斗,2025,14000000,24014704.368747327,100294303593406.81,NPB,NPB,gbm
NPB,佐藤　柳之介,2025,12000000,-218863.46796111448,149300624448674.7,NPB,NPB,gbm
NPB,斉藤　優汰,2025,7000000,30029029.61552282,530336205032627.1,NPB,NPB,gbm
NPB,小川　泰弘,2025,89000000,110929828.43755804,480917375300729.3,NPB,NPB,gbm
NPB,吉村　貢司郎,2025,75000000,75431113.25277102,185858636714.80933,NPB,NPB,gbm
NPB,青柳　晃洋,2025,50000000,78480276.25922251,811126135801633.1,NPB,NPB,gbm
NPB,高橋　奎二,2025,46000000,46778468.94408929,606013896911.4995,NPB,NPB,gbm
NPB,高梨　裕稔,2025,43000000,111903521.30943635,4747695248839949,NPB,NPB,gbm
NPB,奥川　恭伸,2025,32000000,26415613.587523606,31185371603850.973,NPB,NPB,gbm
NPB,石川　雅規,2025,32000000,84329628.27239066,2738389995126588.5,NPB,NPB,gbm
NPB,山野　太一,2025,23000000,22411688.914867274,346109932890.04504,NPB,NPB,gbm
NPB,中村　優斗,2025,17000000,1346731.315004677,245024820524655.22,NPB,NPB,gbm
NPB,上沢　直之,2025,250000000,185407171.8424572,4172233449389853.5,NPB,NPB,gbm
NPB,大関　友久,2025,170000000,129968678.20732668,1602506724468561.8,NPB,NPB,gbm
NPB,東浜　巨,2025,110000000.00000001,114286859.9906851,18377168579736.574,NPB,NPB,gbm
NPB,大津　亮介,2025,68000000,45345945.14733763,513206201267435.44,NPB,NPB,gbm
NPB,松本　晴,2025,36000000,38624533.814050645,6888177741095.224,NPB,NPB,gbm
NPB,前田　純,2025,18000000,10294457.498324439,59375385245128.46,NPB,NPB,gbm
NPB,前田　悠伍,2025,11000000,46035609.471544586,1227493931042584.8,NPB,NPB,gbm
NPB,有原　航平,2025,500000000,253237108.58780318,60891924578107640,NPB,NPB,gbm
NPB,伊藤　大海,2025,340000000,287561257.44001,2749821721272905.5,NPB,NPB,gbm
NPB,加藤　貴之,2025,300000000,148856458.48940456,22844370140365088,NPB,NPB,gbm
NPB,山﨑　福也,2025,250000000,143433981.10439646,11356316383258130,NPB,NPB,gbm
NPB,北山　亘基,2025,95000000,121098188.49630494,681115442788663.75,NPB,NPB,gbm
NPB,古林　睿煬,2025,75000000,32347322.708699968,1819250880115781.2,NPB,NPB,gbm
NPB,達　孝太,2025,42000000,70456581.41568014,809777025867232.4,NPB,NPB,gbm
NPB,福島　蓮,2025,29000000,21217293.86931008,60570514716678.45,NPB,NPB,gbm
NPB,細野　晴希,2025,17000000,33984783.58026919,288482873268581.8,NPB,NPB,gbm
NPB,柴田　獅子,2025,9900000,23531239.488599088,185810689995543.12,NPB,NPB,gbm
NPB,宮城　大弥,2025,220000000.00000003,115033829.10072617,11017897033255566,NPB,NPB,gbm
NPB,九里　亜蓮,2025,160000000,196399504.126109,1324923900626626.5,NPB,NPB,gbm
NPB,田嶋　大樹,2025,110000000.00000001,77766054.41514806,1039027247967196.5,NPB,NPB,gbm
NPB,曽谷　龍平,2025,55000000,53133540.51675489,3483671002595.6104,NPB,NPB,gbm
NPB,山下　舜平大,2025,30000000,44795657.50301735,218911480946593.62,NPB,NPB,gbm
NPB,東　晃平,2025,19000000,8732759.021262057,105416237315475.67,NPB,NPB,gbm
NPB,寺西　成騎,2025,14000000,6976456.254770966,49330166741145.88,NPB,NPB,gbm
NPB,佐藤　一磨,2025,8000000,21225934.336090438,174925339062576.03,NPB,NPB,gbm
NPB,山口　廉王,2025,5500000,16113359.2024992,112643393561274.45,NPB,NPB,gbm
NPB,岸　孝之,2025,180000000,116285349.04967232,4059556745722092,NPB,NPB,gbm
NPB,辛島　航,2025,80000000,103744347.79330398,563794052129379.6,NPB,NPB,gbm
NPB,早川　隆久,2025,60000000,22515380.20430824,1405096721227566.5,NPB,NPB,gbm
NPB,藤井　聖,2025,47000000,52018476.527522966,25185106657298.97,NPB,NPB,gbm
NPB,内　星龍,2025,44000000,17576931.718958154,698178537384599.6,NPB,NPB,gbm
NPB,瀧中　瞭太,2025,40000000,64465637.967858434,598567441174316.1,NPB,NPB,gbm
NPB,荘司　康誠,2025,40000000,34891003.96957023,26101840438947.18,NPB,NPB,gbm
NPB,古謝　樹,2025,39500000,34994741.09946679,20297357760833.68,NPB,NPB,gbm
NPB,坂井　陽翔,2025,6400000,45046769.2090502,1493572770297590.8,NPB,NPB,gbm
NPB,大内　誠弥,2025,5500000,16113359.2024992,112643393561274.45,NPB,NPB,gbm
NPB,髙橋　光成,2025,250000000,101763794.81593582,21973972527371976,NPB,NPB,gbm
NPB,隅田　知一郎,2025,160000000,127722101.29300268,1041862744939179.2,NPB,NPB,gbm
NPB,渡邉　勇太朗,2025,43000000,70346358.25672887,747823309905363.4,NPB,NPB,gbm
NPB,與座　海人,2025,40000000,89124004.36521922,2413167804874077,NPB,NPB,gbm
NPB,松本　航,2025,40000000,23939830.73768901,257929036734078.7,NPB,NPB,gbm
NPB,武内　夏暉,2025,38500000,11306068.482436176,739509911381951.1,NPB,NPB,gbm
NPB,菅井　信也,2025,14000000,11710309.844266783,5242681009261.602,NPB,NPB,gbm
NPB,上田　大河,2025,12500000,1346731.315004677,124395402359697.31,NPB,NPB,gbm
NPB,篠原　響,2025,7000000,32347322.708699968,642486768498977.1,NPB,NPB,gbm
NPB,杉山　遙希,2025,7000000,2099429.625216035,24015589998210.25,NPB,NPB,gbm
NPB,石川　柊太,2025,160000000,111235367.81978786,2377989351671381.5,NPB,NPB,gbm
NPB,西野　勇士,2025,150000000,99831898.48511183,2516838409608124.5,NPB,NPB,gbm
NPB,小島　和哉,2025,145000000,88533796.09082402,3188432183912640.5,NPB,NPB,gbm
NPB,種市　篤暉,2025,130000000,121296304.97326265,75754307118452.44,NPB,NPB,gbm
NPB,唐川　侑己,2025,44000000,101840770.92792934,3345554781537196,NPB,NPB,gbm
NPB,田中　晴也,2025,23000000,42133857.680790275,366104509748737,NPB,NPB,gbm
NPB,河村　説人,2025,12000000,20714179.44741713,75936923441787.1,NPB,NPB,gbm
NPB,吉川　悠斗,2025,5000000,2014088.989401509,8915664563213.3,NPB,NPB,gbm
MLB,Joe Saunders,2010,5500000,128784575.91432697,15199086658375448,NPB,MLB,gbm
MLB,Zach Duke,2010,4300000,57115509.61021316,2789478055386518.5,NPB,MLB,gbm
MLB,Ian Kennedy,2010,423000,113836048.25256994,12862519513939758,NPB,MLB,gbm
MLB,Daniel Hudson,2010,419000,50471197.29605891,2505222454163606.5,NPB,MLB,gbm
MLB,Barry Enright,2010,418000,28733906.68070076,801790571150154,NPB,MLB,gbm
MLB,Trevor Cahill,2010,6100000,222708217.0138681,46919119677926976,NPB,MLB,gbm
MLB,Dallas Braden,2010,3350000,146815301.20331502,20582292649357904,NPB,MLB,gbm
MLB,Rich Harden,2010,1500000,40772513.097765684,1542330285014177.2,NPB,MLB,gbm
MLB,Trevor Cahill,2010,440000,222708217.0138681,49403160294523960,NPB,MLB,gbm
MLB,Gio González,2010,420000,214167132.02733773,45687836449912144,NPB,MLB,gbm
MLB,Bobby Cramer,2010,414000,35778856.61837559,1250673083638264,NPB,MLB,gbm
MLB,Jair Jurrjens,2010,3250000,42156252.15969135,1513696457113487.8,NPB,MLB,gbm
MLB,Tommy Hanson,2010,456500,127961287.25148079,16257470772045378,NPB,MLB,gbm
MLB,Brandon Beachy,2010,416500,27403862.6536631,728317743000329.75,NPB,MLB,gbm
MLB,Rodrigo López,2010,414000,188098331.13232958,35225408152589940,NPB,MLB,gbm
MLB,Mike Minor,2010,414000,36411452.86550048,1295816612803928.8,NPB,MLB,gbm
MLB,Jeremy Guthrie,2010,5750000,173237839.7199265,28052176454047792,NPB,MLB,gbm
MLB,Justin Duchscherer,2010,700000,83092609.79382938,6788542148638229,NPB,MLB,gbm
MLB,Brad Bergesen,2010,434000,59712174.64593741,3513901989354257,NPB,MLB,gbm
MLB,Jake Arrieta,2010,419000,26415613.587523606,675823918019017,NPB,MLB,gbm
MLB,Chris Tillman,2010,417000,6976456.254770966,43026466358253.95,NPB,MLB,gbm
MLB,Josh Beckett,2010,17000000,77663645.38348928,3680077871213740.5,NPB,MLB,gbm
MLB,Andrew Miller,2010,1300000,3342627.7911067167,4172328293001.505,NPB,MLB,gbm
MLB,Clay Buchholz,2010,555000,179958624.92734927,32185660637073016,NPB,MLB,gbm
MLB,Matt Garza,2010,5950000,212339876.69896492,42596781203813944,NPB,MLB,gbm
MLB,Tom Gorzelanny,2010,2100000,59303228.82398106,3272209387888737.5,NPB,MLB,gbm
MLB,Doug Davis,2010,900000,96272197.40043828,9095856036988166,NPB,MLB,gbm
MLB,Randy Wells,2010,475000,106812572.38525523,11307679300789396,NPB,MLB,gbm
MLB,Chris Carpenter,2010,414000,299732375.41075563,89591489858534050,NPB,MLB,gbm
MLB,Casey Coleman,2010,414000,11341040.13457942,119400206102709.44,NPB,MLB,gbm
MLB,John Danks,2010,6000000,209440838.8366674,41388174906566870,NPB,MLB,gbm
MLB,Bronson Arroyo,2010,11666667,298144480.9450743,82069537882748620,NPB,MLB,gbm
MLB,Johnny Cueto,2010,6750000,97670332.86854321,8266506928926698,NPB,MLB,gbm
MLB,Edinson Vólquez,2010,1625000,41553961.56592014,1594321971732727.5,NPB,MLB,gbm
MLB,Homer Bailey,2010,441000,34355084.5422196,1150165130336818.5,NPB,MLB,gbm
MLB,Mike Leake,2010,425000,66075008.47206125,4309923612381713.5,NPB,MLB,gbm
MLB,Travis Wood,2010,422500,31876870.56203864,989377427454043.1,NPB,MLB,gbm
MLB,Dontrelle Willis,2010,414000,18120817.591677338,313531389224934.06,NPB,MLB,gbm
MLB,Justin Masterson,2010,468400,56934788.3893955,3188453017742058.5,NPB,MLB,gbm
MLB,Mitch Talbot,2010,431700,84170851.81005745,7012245545867847,NPB,MLB,gbm
MLB,Josh Tomlin,2010,417200,18449577.850673515,325166650949460.8,NPB,MLB,gbm
MLB,Carlos Carrasco,2010,415800,7284693.981009457,47181704522347.95,NPB,MLB,gbm
MLB,Jeanmar Gómez,2010,414000,11341040.13457942,119400206102709.44,NPB,MLB,gbm
MLB,David Huff,2010,414000,11737437.387515519,128220234268984.28,NPB,MLB,gbm
MLB,Jorge De La Rosa,2010,10750000,76583181.17566004,4334007743707280,NPB,MLB,gbm
MLB,Jason Hammel,2010,3875000,78155314.41440473,5517565109502824,NPB,MLB,gbm
MLB,Felipe Paulino,2010,790000,24861364.186287276,579430573788873.75,NPB,MLB,gbm
MLB,Jhoulys Chacín,2010,419000,95631498.28222668,9065419829143018,NPB,MLB,gbm
MLB,Brad Penny,2010,3000000,107942776.18433395,11012986273275208,NPB,MLB,gbm
MLB,Armando Galarraga,2010,2300000,67573272.61717732,4260600118156351,NPB,MLB,gbm
MLB,Max Scherzer,2010,600000,134107593.51027672,17824277524905282,NPB,MLB,gbm
MLB,Andy Oliver,2010,414000,1716001.024692046,1695206668299.1377,NPB,MLB,gbm
MLB,Wandy Rodríguez,2010,11333333,175123838.29337534,26827329624259216,NPB,MLB,gbm
MLB,Brett Myers,2010,11500000,202313275.0075469,36409705919105720,NPB,MLB,gbm
MLB,J.A. Happ,2010,474000,24551086.56179742,579706097304286,NPB,MLB,gbm
MLB,Bud Norris,2010,437500,98934342.39531858,9701627961848228,NPB,MLB,gbm
MLB,Kyle Davies,2010,3200000,70124075.3899517,4478831866799939.5,NPB,MLB,gbm
MLB,Jeff Francis,2010,2000000,52456124.222800575,2545820471586683,NPB,MLB,gbm
MLB,Bruce Chen,2010,2000000,158038122.86952043,24347895788643552,NPB,MLB,gbm
MLB,Luke Hochevar,2010,1760000,26415613.587523606,607899281377278.6,NPB,MLB,gbm
MLB,Sean O'Sullivan,2010,420500,17667616.050289772,297463012052163.06,NPB,MLB,gbm
MLB,Vin Mazzaro,2010,414000,44063059.60206574,1905240404144687.5,NPB,MLB,gbm
MLB,Jered Weaver,2010,7365000,168635692.40828776,26008236229848564,NPB,MLB,gbm
MLB,Ted Lilly,2010,11000000,216971573.90641215,42424289257484610,NPB,MLB,gbm
MLB,Hiroki Kuroda,2010,12000000,209671283.30611762,39073936243887416,NPB,MLB,gbm
MLB,Jon Garland,2010,5000000,205233995.088138,40093652788956480,NPB,MLB,gbm
MLB,Chad Billingsley,2010,3275000,127146320.29420137,15344103991428626,NPB,MLB,gbm
MLB,Clayton Kershaw,2010,500000,170682911.96763992,28962223525785480,NPB,MLB,gbm
MLB,Ricky Nolasco,2010,8833333,158627203.67621824,22438203692163596,NPB,MLB,gbm
MLB,Javier Vázquez,2010,7000000,165017698.03296804,24969592891638272,NPB,MLB,gbm
MLB,Aníbal Sánchez,2010,3700000,133762314.31417973,16916205604760482,NPB,MLB,gbm
MLB,Shawn Hill,2010,600000,36957647.19297387,1321878509408760.5,NPB,MLB,gbm
MLB,Chris Volstad,2010,445000,77452373.06874524,5930135506948910,NPB,MLB,gbm
MLB,Alex Sanabia,2010,414000,23079155.245707896,513709262312040.1,NPB,MLB,gbm
MLB,Shaun Marcum,2010,3950000,150954607.9119689,21610354747351704,NPB,MLB,gbm
MLB,Chris Narveson,2010,444150,90367509.38358298,8086210562829021,NPB,MLB,gbm
MLB,Mark Rogers,2010,414000,44795657.50301735,1969731522715136.2,NPB,MLB,gbm
MLB,Carl Pavano,2010,8250000,353370336.96564484,119108046987280240,NPB,MLB,gbm
MLB,Francisco Liriano,2010,4300000,194295271.9354916,36098203357841400,NPB,MLB,gbm
MLB,Kevin Slowey,2010,2700000,80845398.53972724,6106703312932804,NPB,MLB,gbm
MLB,R.A. Dickey,2010,3900000,190265306.87955597,34732027608311072,NPB,MLB,gbm
MLB,Mike Pelfrey,2010,3925000,212904322.87796026,43672357390530770,NPB,MLB,gbm
MLB,Chris Young,2010,1100000,58695198.7685636,3317206921190350,NPB,MLB,gbm
MLB,Dillon Gee,2010,400000,19071967.346437477,348642364586427.4,NPB,MLB,gbm
MLB,Phil Hughes,2010,2700000,159989240.63722488,24739905220234836,NPB,MLB,gbm
MLB,Kevin Millwood,2010,1500000,168653916.8914464,27940431932152576,NPB,MLB,gbm
MLB,Freddy García,2010,1500000,152387325.4231374,22766984973347764,NPB,MLB,gbm
MLB,Iván Nova,2010,432900,6976456.254770966,42818128459352.234,NPB,MLB,gbm
MLB,Cliff Lee,2010,24000000,213601932.296006,35948892730379240,NPB,MLB,gbm
MLB,Roy Halladay,2010,20000000,367457337.75183547,120726601557593070,NPB,MLB,gbm
MLB,Kyle Kendrick,2010,2450000,94418874.89416264,8458273949298139,NPB,MLB,gbm
MLB,Kevin Correia,2010,4000000,99237976.8669073,9070272237701570,NPB,MLB,gbm
MLB,Ross Ohlendorf,2010,2025000,26005429.027755216,575060976355205,NPB,MLB,gbm
MLB,Jeff Karstens,2010,1100000,39844093.6651423,1501104793933319.5,NPB,MLB,gbm
MLB,Scott Olsen,2010,450000,16102021.267323976,244985769752762.06,NPB,MLB,gbm
MLB,James McDonald,2010,443000,24070755.712192357,558270839995038.56,NPB,MLB,gbm
MLB,Charlie Morton,2010,441000,12670747.710306674,149566729057751.34,NPB,MLB,gbm
MLB,Brad Lincoln,2010,414500,11192638.60627519,116168271816079.69,NPB,MLB,gbm
MLB,Aaron Harang,2010,4000000,93110815.01578322,7940737352777136,NPB,MLB,gbm
MLB,Dustin Moseley,2010,900000,24853083.69155703,573750218334735.4,NPB,MLB,gbm
MLB,Clayton Richard,2010,468800,175477111.759943,30627909185065408,NPB,MLB,gbm
MLB,Mat Latos,2010,460700,178823874.9428289,31813422175686184,NPB,MLB,gbm
MLB,Cory Luebke,2010,415600,21225934.336090438,433070015179864.6,NPB,MLB,gbm
MLB,Wade LeBlanc,2010,414000,61852686.60978828,3774712212335778,NPB,MLB,gbm
MLB,Jason Vargas,2010,2450000,110603254.88085881,11697126541324010,NPB,MLB,gbm
MLB,Doug Fister,2010,436500,54317923.06008019,2903207750979341.5,NPB,MLB,gbm
MLB,David Pauley,2010,422000,23342987.1731127,525371652989997,NPB,MLB,gbm
MLB,Jonathan Sánchez,2010,4800000,168503114.04112694,26798709546762212,NPB,MLB,gbm
MLB,Jeff Suppan,2010,1000000,93603232.47710638,8575358665209009,NPB,MLB,gbm
MLB,Madison Bumgarner,2010,450000,46134541.28743513,2087077312643365,NPB,MLB,gbm
MLB,Jake Westbrook,2010,8250000,203301667.4997986,38045152994451984,NPB,MLB,gbm
MLB,Jaime García,2010,437000,93142623.28489934,8594332588641671,NPB,MLB,gbm
MLB,Wade Davis,2010,3150000,78016819.24774057,5605040624273857,NPB,MLB,gbm
MLB,Jeff Niemann,2010,903000,83745191.11868417,6862828629344595,NPB,MLB,gbm
MLB,Scott Feldman,2010,5750000,54423437.59932943,2369103527735815.5,NPB,MLB,gbm
MLB,C.J. Wilson,2010,7000000,242795249.92821035,55599399888707184,NPB,MLB,gbm
MLB,Dave Bush,2010,1000000,80435822.86528182,6310049954284430,NPB,MLB,gbm
MLB,Tommy Hunter,2010,442160,79542172.07838152,6256811910800103,NPB,MLB,gbm
MLB,Derek Holland,2010,431810,13350332.42650116,166888221684013.44,NPB,MLB,gbm
MLB,Omar Beltré,2010,415000,42010450.041677915,1730181464169723.2,NPB,MLB,gbm
MLB,Ricky Romero,2010,6020000,178745419.3319279,29834070483390332,NPB,MLB,gbm
MLB,Brandon Morrow,2010,2300000,115410529.18363772,12793991812202562,NPB,MLB,gbm
MLB,Jesse Litsch,2010,830000,6976456.254770966,37778924491813.13,NPB,MLB,gbm
MLB,Brett Cecil,2010,443100,160725089.34983188,25690316109939620,NPB,MLB,gbm
MLB,Marc Rzepczynski,2010,429600,21143428.69545925,429062699224831.06,NPB,MLB,gbm
MLB,Kyle Drabek,2010,416000,3665024.4081818284,10556159604961.281,NPB,MLB,gbm
MLB,John Lannan,2010,2750000,61852686.60978828,3493127564494847.5,NPB,MLB,gbm
MLB,Liván Hernández,2010,1000000,207756544.45018622,42748268672981830,NPB,MLB,gbm
MLB,Jordan Zimmermann,2010,415000,3281595.8076578397,8217371524481.503,NPB,MLB,gbm
MLB,Ross Detwiler,2010,414000,-218863.46796111448,400516169079.76855,NPB,MLB,gbm
MLB,Craig Stammen,2010,414000,26491361.869787432,680028802087843.5,NPB,MLB,gbm
MLB,Joe Saunders,2011,6000000,149562483.9801854,20610186806560988,NPB,MLB,gbm
MLB,Ian Kennedy,2011,519500,229983668.4530955,52653804603870584,NPB,MLB,gbm
MLB,Daniel Hudson,2011,504000,223524055.1754024,49737945010439536,NPB,MLB,gbm
MLB,Josh Collmenter,2011,486000,105823123.75193647,11095909640330778,NPB,MLB,gbm
MLB,Wade Miley,2011,481000,9775445.351613626,86386714394132.14,NPB,MLB,gbm
MLB,Brandon McCarthy,2011,4275000,106333600.42753917,10415957921228098,NPB,MLB,gbm
MLB,Dallas Braden,2011,3350000,10703137.714189045,54068634243829.3,NPB,MLB,gbm
MLB,Bartolo Colon,2011,2000000,154932668.7618233,23388401174613564,NPB,MLB,gbm
MLB,Tyson Ross,2011,480000,9962163.022963159,89911415594049.83,NPB,MLB,gbm
MLB,Brad Peacock,2011,480000,16113359.2024992,244401919954366.4,NPB,MLB,gbm
MLB,Jarrod Parker,2011,480000,40113313.63376549,1570799549592421.5,NPB,MLB,gbm
MLB,Tommy Milone,2011,480000,20822482.81936686,413816607256235.94,NPB,MLB,gbm
MLB,Graham Godfrey,2011,480000,8294601.803216219,61068001342830.18,NPB,MLB,gbm
MLB,Jair Jurrjens,2011,5500000,104542060.80898441,9809329809290566,NPB,MLB,gbm
MLB,Tommy Hanson,2011,535000,105321987.68699996,10980312788515482,NPB,MLB,gbm
MLB,Brandon Beachy,2011,495000,95964196.49110563,9114367478657336,NPB,MLB,gbm
MLB,Mike Minor,2011,482500,24041492.22201997,555026114517197.44,NPB,MLB,gbm
MLB,Julio Teheran,2011,480000,1346731.315004677,751223172409.7367,NPB,MLB,gbm
MLB,Randall Delgado,2011,480000,10566306.758860331,101733584033831.6,NPB,MLB,gbm
MLB,Dana Eveland,2011,750000,13397850.616570279,159968125219077.2,NPB,MLB,gbm
MLB,Dontrelle Willis,2011,700000,28159364.329320755,754016689370373.1,NPB,MLB,gbm
MLB,Tommy Hunter,2011,493500,40791492.1059343,1623928167769943,NPB,MLB,gbm
MLB,Jake Arrieta,2011,488500,60766611.0990277,3633450677666726.5,NPB,MLB,gbm
MLB,Zack Britton,2011,486000,61501035.271907225,3722834529232083,NPB,MLB,gbm
MLB,Chris Tillman,2011,480000,10043410.678386923,91458823803485.03,NPB,MLB,gbm
MLB,Clay Buchholz,2011,7486250,17667616.050289772,103660214649993.16,NPB,MLB,gbm
MLB,Aaron Cook,2011,1500000,94880428.3825278,8719904404904403,NPB,MLB,gbm
MLB,Andrew Miller,2011,1040000,11306068.482436176,105392162086069.42,NPB,MLB,gbm
MLB,Chris Carpenter,2011,482000,235555726.0939375,55259656699687544,NPB,MLB,gbm
MLB,Matt Garza,2011,9500000,148335987.3420136,19275431381231760,NPB,MLB,gbm
MLB,Paul Maholm,2011,4250000,95788714.09327209,8379336177849810,NPB,MLB,gbm
MLB,Randy Wells,2011,2705000,64958808.53914165,3875536677628105.5,NPB,MLB,gbm
MLB,Chris Volstad,2011,2655000,46315994.37664793,1906282429957682,NPB,MLB,gbm
MLB,Travis Wood,2011,480000,24850018.80455781,593897816534501.4,NPB,MLB,gbm
MLB,Casey Coleman,2011,480000,18406615.0691424,321363527837203.44,NPB,MLB,gbm
MLB,John Danks,2011,13000000,82793030.7050636,4871067134997950,NPB,MLB,gbm
MLB,Philip Humber,2011,530000,87136985.18829468,7500769883405494,NPB,MLB,gbm
MLB,Zach Stewart,2011,481500,14084993.970865056,185055048215361.94,NPB,MLB,gbm
MLB,Dylan Axelrod,2011,480000,27403862.6536631,724894380193314.5,NPB,MLB,gbm
MLB,Homer Bailey,2011,2425000,54839509.07128878,2747280761184213.5,NPB,MLB,gbm
MLB,Mat Latos,2011,550000,125815317.02737701,15691399649969268,NPB,MLB,gbm
MLB,Mike Leake,2011,507500,102251774.16885881,10351897326147910,NPB,MLB,gbm
MLB,Alfredo Simón,2011,487500,57257074.77316431,3222784619925893.5,NPB,MLB,gbm
MLB,Justin Masterson,2011,3825000,128320463.20025739,15499120357446642,NPB,MLB,gbm
MLB,Josh Tomlin,2011,494500,116019262.37731588,13345970722335298,NPB,MLB,gbm
MLB,Carlos Carrasco,2011,488500,45687453.27606523,2042945377251927.8,NPB,MLB,gbm
MLB,David Huff,2011,486200,5410861.471805172,24252290611882.285,NPB,MLB,gbm
MLB,Jeanmar Gómez,2011,482700,13659333.227756567,173623663218818.47,NPB,MLB,gbm
MLB,Zach McAllister,2011,480000,1346731.315004677,751223172409.7367,NPB,MLB,gbm
MLB,Jeremy Guthrie,2011,8200000,190497342.5207101,33232321090113104,NPB,MLB,gbm
MLB,Kevin Slowey,2011,2750000,26605140.95547149,569067750005413.25,NPB,MLB,gbm
MLB,Jhoulys Chacín,2011,482000,124834679.47624898,15463588892922714,NPB,MLB,gbm
MLB,Josh Outman,2011,482000,5410861.471805172,24293675408245.445,NPB,MLB,gbm
MLB,Esmil Rogers,2011,481000,13363469.780884504,165958027655402.44,NPB,MLB,gbm
MLB,Guillermo Moscoso,2011,480000,56719693.037161075,3162903072914104,NPB,MLB,gbm
MLB,Drew Pomeranz,2011,480000,2099429.625216035,2622552311027.348,NPB,MLB,gbm
MLB,Jeff Francis,2011,480000,95871210.43869488,9099483028959370,NPB,MLB,gbm
MLB,Alex White,2011,480000,6976456.254770966,42203943870152.81,NPB,MLB,gbm
MLB,Tyler Chatwood,2011,480000,57489741.44934933,3250110620121659,NPB,MLB,gbm
MLB,Juan Nicasio,2011,480000,21920773.636120085,459706774115342.06,NPB,MLB,gbm
MLB,Max Scherzer,2011,3750000,222597640.74683806,47894289860457096,NPB,MLB,gbm
MLB,Rick Porcello,2011,3100000,147960345.0401542,20984519565152524,NPB,MLB,gbm
MLB,Doug Fister,2011,507500,151418319.5492984,22774075457040904,NPB,MLB,gbm
MLB,J.A. Happ,2011,2350000,49694921.879099935,2241541627738075.8,NPB,MLB,gbm
MLB,Bud Norris,2011,511000,93671522.8722051,8678883021822648,NPB,MLB,gbm
MLB,Kyle Weiland,2011,481500,2973358.081419346,6209356697934.903,NPB,MLB,gbm
MLB,Jordan Lyles,2011,480000,26267212.059219383,664980305787149.5,NPB,MLB,gbm
MLB,Bruce Chen,2011,4500000,176401346.36346698,29550072881572640,NPB,MLB,gbm
MLB,Jonathan Sánchez,2011,5600000,65365686.89439244,3571937329958552,NPB,MLB,gbm
MLB,Luke Hochevar,2011,3510000,132460940.60551967,16628345083048260,NPB,MLB,gbm
MLB,Felipe Paulino,2011,1900000,72526448.71349667,4988095257880175,NPB,MLB,gbm
MLB,Sean O'Sullivan,2011,493500,8507079.385593511,64217454569209.27,NPB,MLB,gbm
MLB,Vin Mazzaro,2011,490875,2973358.081419346,6162722249533.291,NPB,MLB,gbm
MLB,Luis Mendoza,2011,488925,21128477.408150457,425991123608789.3,NPB,MLB,gbm
MLB,Danny Duffy,2011,487750,22480737.027805712,483691478405230.3,NPB,MLB,gbm
MLB,Jered Weaver,2011,17000000,256391597.07154724,57308336748466024,NPB,MLB,gbm
MLB,C.J. Wilson,2011,15500000,253855793.6804301,56813484381027770,NPB,MLB,gbm
MLB,Jerome Williams,2011,820000,30372648.29819592,873359021436862.25,NPB,MLB,gbm
MLB,Barry Enright,2011,480000,6976456.254770966,42203943870152.81,NPB,MLB,gbm
MLB,Brad Mills,2011,480000,22852561.10250511,500531490285324.7,NPB,MLB,gbm
MLB,Chad Billingsley,2011,11666667,121141713.83215855,11984785878903308,NPB,MLB,gbm
MLB,Clayton Kershaw,2011,9500000,277959382.35476524,72070439974302030,NPB,MLB,gbm
MLB,Aaron Harang,2011,6000000,211248822.03001046,42127078944706904,NPB,MLB,gbm
MLB,Chris Capuano,2011,5000000,201360701.73939997,38557525187589590,NPB,MLB,gbm
MLB,Rubby De La Rosa,2011,482500,32785837.938630976,1043505641977395.4,NPB,MLB,gbm
MLB,Nathan Eovaldi,2011,480000,5953973.224253474,29964382859843.973,NPB,MLB,gbm
MLB,Mark Buehrle,2011,14500000,210708383.89608568,38497729911113736,NPB,MLB,gbm
MLB,Aníbal Sánchez,2011,8000000,148366038.14178228,19702624663620280,NPB,MLB,gbm
MLB,Wade LeBlanc,2011,480000,16102021.267323976,244047548476722.62,NPB,MLB,gbm
MLB,Alex Sanabia,2011,480000,3665024.4081818284,10144380480714.006,NPB,MLB,gbm
MLB,Brad Hand,2011,480000,5410861.471805172,24313394854132.668,NPB,MLB,gbm
MLB,Shaun Marcum,2011,7725000,151169091.26983038,20576207320227428,NPB,MLB,gbm
MLB,Liván Hernández,2011,750000,141280470.90382114,19748813252449720,NPB,MLB,gbm
MLB,Chris Narveson,2011,500000,97693740.88956508,9446623268107916,NPB,MLB,gbm
MLB,Francisco Liriano,2011,5500000,63252065.316356786,3335301048304740.5,NPB,MLB,gbm
MLB,Brian Duensing,2011,515000,71976293.41837452,5106716457027018,NPB,MLB,gbm
MLB,Scott Diamond,2011,480000,5410861.471805172,24313394854132.668,NPB,MLB,gbm
MLB,Liam Hendriks,2011,480000,3665024.4081818284,10144380480714.006,NPB,MLB,gbm
MLB,Mike Pelfrey,2011,5687500,110484434.19448586,10982397416563400,NPB,MLB,gbm
MLB,Chris Young,2011,900000,101186375.10141301,10057357030981312,NPB,MLB,gbm
MLB,Dillon Gee,2011,502000,94447657.32595038,8825786530404895,NPB,MLB,gbm
MLB,CC Sabathia,2011,24400000,269679413.6229627,60161990747224424,NPB,MLB,gbm
MLB,Hiroki Kuroda,2011,10000000,215706636.11844435,42315220143166070,NPB,MLB,gbm
MLB,Freddy García,2011,4000000,174518688.30545735,29076623061413720,NPB,MLB,gbm
MLB,Phil Hughes,2011,3200000,17667616.050289772,209311914178602.25,NPB,MLB,gbm
MLB,Derek Lowe,2011,1000000,179518330.27857047,31868794245448772,NPB,MLB,gbm
MLB,Michael Pineda,2011,528475,83376236.69755258,6863751618294460,NPB,MLB,gbm
MLB,Iván Nova,2011,527200,173567488.02657485,29942941280319984,NPB,MLB,gbm
MLB,Dellin Betances,2011,481000,3579683.7723673014,9601841121132.45,NPB,MLB,gbm
MLB,Cole Hamels,2011,15000000,204122746.6587984,35767413303768040,NPB,MLB,gbm
MLB,Joel Piñeiro,2011,1500000,142870119.43014908,19985510667694612,NPB,MLB,gbm
MLB,Vance Worley,2011,495000,83761072.62482698,6933238850362961,NPB,MLB,gbm
MLB,Érik Bédard,2011,4500000,141075807.56736937,18652951212679108,NPB,MLB,gbm
MLB,Jeff Karstens,2011,3100000,94104981.31322795,8281906623820969,NPB,MLB,gbm
MLB,Charlie Morton,2011,2445000,72812582.25230204,4951596632034492,NPB,MLB,gbm
MLB,James McDonald,2011,502500,66582912.582309894,4366620927048300,NPB,MLB,gbm
MLB,Rick van den Hurk,2011,480000,1346731.315004677,751223172409.7367,NPB,MLB,gbm
MLB,Jeff Locke,2011,480000,-218863.46796111448,488410146850.6357,NPB,MLB,gbm
MLB,Tim Stauffer,2011,3200000,103606227.92443703,10081410606013998,NPB,MLB,gbm
MLB,Jason Marquis,2011,3000000,124718887.47861019,14815487569030568,NPB,MLB,gbm
MLB,Clayton Richard,2011,2705000,26906528.866270795,585713999464938.6,NPB,MLB,gbm
MLB,Edinson Vólquez,2011,2237500,40291358.639946796,1448096157389053.5,NPB,MLB,gbm
MLB,Dustin Moseley,2011,2012500,53459362.06421717,2646779616254588,NPB,MLB,gbm
MLB,Ross Ohlendorf,2011,900000,20855765.939253118,398232594222254.9,NPB,MLB,gbm
MLB,Jason Vargas,2011,4850000,165359091.73203376,25763168528642428,NPB,MLB,gbm
MLB,Kevin Millwood,2011,1000000,115304251.39584453,13065461887164428,NPB,MLB,gbm
MLB,Blake Beavan,2011,486500,47456959.874851614,2206224100855045.5,NPB,MLB,gbm
MLB,Tim Lincecum,2011,20250000,156741480.08874512,18629924136816304,NPB,MLB,gbm
MLB,Ryan Vogelsong,2011,4000000,191092588.8659621,35003636808567920,NPB,MLB,gbm
MLB,Madison Bumgarner,2011,560000,148024532.6994978,21745788404281252,NPB,MLB,gbm
MLB,Brad Penny,2011,500000,170786138.78669676,28997369062882152,NPB,MLB,gbm
MLB,Eric Surkamp,2011,480000,-218863.46796111448,488410146850.6357,NPB,MLB,gbm
MLB,Jaime García,2011,6875000,137580121.02461627,17083828662059586,NPB,MLB,gbm
MLB,Chris Carpenter,2011,10500000,235555726.0939375,50650079847669416,NPB,MLB,gbm
MLB,David Price,2011,4350000,152601926.65806964,21978633757829660,NPB,MLB,gbm
MLB,Jeff Niemann,2011,2750000,95387805.2899056,8581762968930461,NPB,MLB,gbm
MLB,Jeremy Hellickson,2011,489500,122562568.19000255,14901833977321012,NPB,MLB,gbm
MLB,Alex Cobb,2011,480000,6976456.254770966,42203943870152.81,NPB,MLB,gbm
MLB,Derek Holland,2011,5700000,241063886.10706595,55396158883419910,NPB,MLB,gbm
MLB,Roy Oswalt,2011,5000000,168980542.1639887,26889618208395680,NPB,MLB,gbm
MLB,Matt Harrison,2011,2950000,142743014.0846795,19542086786879404,NPB,MLB,gbm
MLB,Derek Holland,2011,504700,241063886.10706595,57868722020493990,NPB,MLB,gbm
MLB,Alexi Ogando,2011,497600,89421367.98223436,7907436512158248,NPB,MLB,gbm
MLB,Brandon Morrow,2011,6666667,99438370.49110717,8606588968641905,NPB,MLB,gbm
MLB,Dustin McGowan,2011,1366667,40026236.763478376,1494562334297251.5,NPB,MLB,gbm
MLB,Nelson Figueroa,2011,650000,85895223.05535646,7266748053757476,NPB,MLB,gbm
MLB,Kyle Drabek,2011,485900,13431308.062063823,167583589893347,NPB,MLB,gbm
MLB,Henderson Alvarez III,2011,482900,24548630.893758506,579159403450802.5,NPB,MLB,gbm
MLB,Brett Cecil,2011,480000,38193318.54969469,1422294396030745.5,NPB,MLB,gbm
MLB,Gio González,2011,8400000,241067721.24288353,54134268508356160,NPB,MLB,gbm
MLB,Edwin Jackson,2011,11000000,122654881.54973601,12466812573885578,NPB,MLB,gbm
MLB,John Lannan,2011,5000000,96104738.0855774,8300073301641657,NPB,MLB,gbm
MLB,Chien-Ming Wang,2011,4000000,60870750.18885538,3234282227043194,NPB,MLB,gbm
MLB,Tom Gorzelanny,2011,3000000,35299137.23919004,1043234266396032.9,NPB,MLB,gbm
MLB,Jordan Zimmermann,2011,2300000,105677219.62360883,10686849537107854,NPB,MLB,gbm
MLB,Ross Detwiler,2011,485000,15918402.017043047,238189897819668.38,NPB,MLB,gbm
MLB,Brandon McCarthy,2012,7750000,55069222.96194913,2239108861722654,NPB,MLB,gbm
MLB,Ian Kennedy,2012,4265000,222194157.91862082,47493117871119176,NPB,MLB,gbm
MLB,Daniel Hudson,2012,518500,11229613.840601277,114727959706320.23,NPB,MLB,gbm
MLB,Wade Miley,2012,500500,219781186.24999854,48084019362270296,NPB,MLB,gbm
MLB,Randall Delgado,2012,495000,23221341.60405288,516486602704104.8,NPB,MLB,gbm
MLB,Patrick Corbin,2012,494000,31797889.292769365,979933484853960.5,NPB,MLB,gbm
MLB,Tyler Skaggs,2012,490000,-218863.46796111448,502487416209.858,NPB,MLB,gbm
MLB,Bartolo Colon,2012,3000000,198216761.67209253,38109584037738576,NPB,MLB,gbm
MLB,Travis Blackley,2012,550000,34138591.53004308,1128193480972081.8,NPB,MLB,gbm
MLB,Tommy Milone,2012,495000,125769734.67268607,15693759147311894,NPB,MLB,gbm
MLB,Jarrod Parker,2012,495000,91222157.5831326,8231417123114574,NPB,MLB,gbm
MLB,Dan Straily,2012,492500,7284693.981009457,46133899075661.1,NPB,MLB,gbm
MLB,A.J. Griffin,2012,492500,37054249.27483999,1336761510036262.5,NPB,MLB,gbm
MLB,Brandon Beachy,2012,510000,32742481.66402278,1038932874221564.8,NPB,MLB,gbm
MLB,Mike Minor,2012,505000,81159783.12907845,6505194041598677,NPB,MLB,gbm
MLB,Julio Teheran,2012,490000,27579638.20363355,733848498003762.4,NPB,MLB,gbm
MLB,Jason Hammel,2012,6750000,83671645.6641999,5916939571688724,NPB,MLB,gbm
MLB,Tommy Hunter,2012,1820000,52791904.38487814,2598135036621159.5,NPB,MLB,gbm
MLB,Jake Arrieta,2012,516500,35768153.95675242,1242679106686618.5,NPB,MLB,gbm
MLB,Chris Tillman,2012,508500,46170966.985935755,2085060891241672.8,NPB,MLB,gbm
MLB,Miguel González,2012,502000,53057225.91745689,2762051771234932,NPB,MLB,gbm
MLB,Jair Jurrjens,2012,490000,6976456.254770966,42074114745057.39,NPB,MLB,gbm
MLB,Freddy García,2012,490000,97290766.53534152,9370388401829694,NPB,MLB,gbm
MLB,Ryan Dempster,2012,13250000,166980265.9180467,23632994659233356,NPB,MLB,gbm
MLB,Daniel Bard,2012,1862500,20497924.39467267,347279042369561.25,NPB,MLB,gbm
MLB,Chris Sale,2012,600000,239714152.52683005,57175577938624144,NPB,MLB,gbm
MLB,Félix Doubront,2012,518500,107615693.51837915,11469808859513154,NPB,MLB,gbm
MLB,Edwin Jackson,2012,13000000,133557989.65279879,14534228869124340,NPB,MLB,gbm
MLB,Matt Garza,2012,10250000,46336504.96837471,1302235840832532.5,NPB,MLB,gbm
MLB,Scott Feldman,2012,6000000,49467889.892995834,1889457451749609.5,NPB,MLB,gbm
MLB,Jeff Samardzija,2012,2640000,85580797.39610416,6879175872701598,NPB,MLB,gbm
MLB,Travis Wood,2012,527500,63676545.77676425,3987801982515867,NPB,MLB,gbm
MLB,Brooks Raley,2012,490000,1407763.298453553,842289471988.3456,NPB,MLB,gbm
MLB,Chris Rusin,2012,490000,1407763.298453553,842289471988.3456,NPB,MLB,gbm
MLB,Chris Sale,2012,6500000,239714152.52683005,54388840938807550,NPB,MLB,gbm
MLB,Jake Peavy,2012,14500000,193955865.99398246,32204407839650192,NPB,MLB,gbm
MLB,Jose Quintana,2012,500000,55991984.94756287,3079360393420544.5,NPB,MLB,gbm
MLB,Dylan Axelrod,2012,493000,6976456.254770966,42035205007528.766,NPB,MLB,gbm
MLB,Mat Latos,2012,5750000,184982177.49760482,32124173450532920,NPB,MLB,gbm
MLB,Homer Bailey,2012,5350000,138015471.90001005,17600127434452356,NPB,MLB,gbm
MLB,Mike Leake,2012,3060000,61090294.06659125,3367515029455055.5,NPB,MLB,gbm
MLB,Justin Masterson,2012,5678500,121528331.73913752,13421183513986474,NPB,MLB,gbm
MLB,Josh Tomlin,2012,501800,24588381.2146814,580163394611443,NPB,MLB,gbm
MLB,Zach McAllister,2012,496400,48170026.87978431,2272774699872893,NPB,MLB,gbm
MLB,David Huff,2012,493600,12177994.007082995,136525063312757.02,NPB,MLB,gbm
MLB,Corey Kluber,2012,491800,12760236.971423827,150514545721799.06,NPB,MLB,gbm
MLB,Jhoulys Chacín,2012,3250000,13303032.170481313,101063455820732.22,NPB,MLB,gbm
MLB,Roy Oswalt,2012,2300000,126048050.32589923,15313579959461288,NPB,MLB,gbm
MLB,Chris Volstad,2012,1500000,15848994.179982811,205893633977180.6,NPB,MLB,gbm
MLB,Jeff Francis,2012,1500000,73747444.39865917,5219693222137348,NPB,MLB,gbm
MLB,Juan Nicasio,2012,491000,14915927.209466955,208078524998420.1,NPB,MLB,gbm
MLB,Drew Pomeranz,2012,490000,18183991.429176576,313077332695774.1,NPB,MLB,gbm
MLB,Edwar Cabrera,2012,490000,3888103.8097574525,11547109501888.113,NPB,MLB,gbm
MLB,Tyler Chatwood,2012,490000,12871663.26540197,153305585217804.6,NPB,MLB,gbm
MLB,Christian Friedrich,2012,490000,19591541.61792654,364868892181379.75,NPB,MLB,gbm
MLB,Justin Verlander,2012,25714286,282050384.9122323,65708195605541730,NPB,MLB,gbm
MLB,Aníbal Sánchez,2012,16000000,125926513.77924699,12083838431658978,NPB,MLB,gbm
MLB,Max Scherzer,2012,6725000,232445550.0358901,50949766708504770,NPB,MLB,gbm
MLB,Rick Porcello,2012,5100000,80335112.3409177,5660322128950508,NPB,MLB,gbm
MLB,Doug Fister,2012,4000000,127363164.96599205,15218470470426568,NPB,MLB,gbm
MLB,Drew Smyly,2012,498000,32789489.7592538,1042740310871993,NPB,MLB,gbm
MLB,Bud Norris,2012,3000000,78977174.52347597,5772531048570727,NPB,MLB,gbm
MLB,Érik Bédard,2012,1150000,134983194.42173257,17911323929125272,NPB,MLB,gbm
MLB,Philip Humber,2012,850000,35913642.41494252,1229459019402956,NPB,MLB,gbm
MLB,Lucas Harrell,2012,500700,122654881.54973601,14921644070085864,NPB,MLB,gbm
MLB,Alex White,2012,497100,21113030.910007324,425016607286195.44,NPB,MLB,gbm
MLB,Jordan Lyles,2012,490000,57489741.44934933,3248970525292672,NPB,MLB,gbm
MLB,Dallas Keuchel,2012,490000,15356298.448625483,221006829563604.44,NPB,MLB,gbm
MLB,Jeremy Guthrie,2012,8333333,160933984.52462378,23286958845739664,NPB,MLB,gbm
MLB,Luke Hochevar,2012,4560000,76742638.01728234,5210333231134013,NPB,MLB,gbm
MLB,Felipe Paulino,2012,1750000,61320917.816811934,3548694249537361.5,NPB,MLB,gbm
MLB,Luis Mendoza,2012,532000,78612516.81761235,6096567106505445,NPB,MLB,gbm
MLB,Danny Duffy,2012,505125,21225934.336090438,429351939542612.7,NPB,MLB,gbm
MLB,Will Smith,2012,496500,19720882.328433923,369576875909802.5,NPB,MLB,gbm
MLB,Joe Blanton,2012,7500000,179195148.6179933,29479224058954804,NPB,MLB,gbm
MLB,Jason Vargas,2012,8500000,198453639.78315133,36082385266867210,NPB,MLB,gbm
MLB,Tommy Hanson,2012,3725000,89314173.97280958,7325506701347865,NPB,MLB,gbm
MLB,Zack Greinke,2012,24500000,229009310.1054354,41824057919801144,NPB,MLB,gbm
MLB,Stephen Fife,2012,492500,5959064.849611551,29883331255008.555,NPB,MLB,gbm
MLB,Edinson Vólquez,2012,490000,123436715.82491489,15115894932132376,NPB,MLB,gbm
MLB,Henderson Alvarez III,2012,507900,98914758.39781031,9683909779726690,NPB,MLB,gbm
MLB,Nathan Eovaldi,2012,502000,37165711.01399444,1344227705317697.2,NPB,MLB,gbm
MLB,Brad Hand,2012,490000,1716001.024692046,1503078512545.9468,NPB,MLB,gbm
MLB,Kyle Lohse,2012,11000000,319581978.41550493,95222837402827150,NPB,MLB,gbm
MLB,Marco Estrada,2012,1955000,100692541.80840054,9749102162365644,NPB,MLB,gbm
MLB,Chris Narveson,2012,840000,26074535.81894104,636781797997418.4,NPB,MLB,gbm
MLB,Mark Rogers,2012,491000,34032127.78887444,1125007253349605.1,NPB,MLB,gbm
MLB,Wily Peralta,2012,490000,8732759.021262057,67943076282597.02,NPB,MLB,gbm
MLB,Kevin Correia,2012,5000000,121019062.64865504,13460422897872544,NPB,MLB,gbm
MLB,Mike Pelfrey,2012,4000000,27070344.066212945,532240775333446.8,NPB,MLB,gbm
MLB,Scott Diamond,2012,530000,113686531.25446455,12804400565542612,NPB,MLB,gbm
MLB,Vance Worley,2012,525000,39758913.332660474,1539299955394713.2,NPB,MLB,gbm
MLB,Liam Hendriks,2012,500000,16921893.231591284,269678577309783.62,NPB,MLB,gbm
MLB,Shaun Marcum,2012,4000000,82289855.36841826,6129301453607850,NPB,MLB,gbm
MLB,Dillon Gee,2012,527375,38571266.893723845,1447337710421347,NPB,MLB,gbm
MLB,Jeremy Hefner,2012,500625,34099233.92154759,1128866521463097.5,NPB,MLB,gbm
MLB,Matt Harvey,2012,498750,43836021.924782224,1878119137882517.5,NPB,MLB,gbm
MLB,Jenrry Mejía,2012,494925,1346731.315004677,725573998281.847,NPB,MLB,gbm
MLB,Daisuke Matsuzaka,2012,490000,57497766.775531374,3249885472733379,NPB,MLB,gbm
MLB,Hiroki Kuroda,2012,15000000,315080779.6171223,90048474295619920,NPB,MLB,gbm
MLB,Andy Pettitte,2012,12000000,112357652.5309477,10071658421522434,NPB,MLB,gbm
MLB,Phil Hughes,2012,7150000,205959899.25948927,39525376043568270,NPB,MLB,gbm
MLB,Iván Nova,2012,575600,89628152.01166716,7930357019790685,NPB,MLB,gbm
MLB,Adam Warren,2012,490525,1346731.315004677,733089253853.8883,NPB,MLB,gbm
MLB,Cole Hamels,2012,24000000,262668851.15066668,56962820509579090,NPB,MLB,gbm
MLB,John Lannan,2012,2500000,6202230.473560324,13706510479358.701,NPB,MLB,gbm
MLB,Aaron Cook,2012,1625000,116285349.04967232,13146995644192692,NPB,MLB,gbm
MLB,Francisco Liriano,2012,3500000,77775798.76629665,5516894282371396,NPB,MLB,gbm
MLB,James McDonald,2012,3025000,82282407.32884501,6281736616490455,NPB,MLB,gbm
MLB,Jeff Karstens,2012,2500000,62986058.3287589,3658563252150024,NPB,MLB,gbm
MLB,Charlie Morton,2012,2000000,25905747.16913757,571484747714729,NPB,MLB,gbm
MLB,Jonathan Sánchez,2012,1375000,31033940.083779376,879652726893215,NPB,MLB,gbm
MLB,Jeanmar Gómez,2012,500000,18450589.05536481,322223647434582.9,NPB,MLB,gbm
MLB,Jeff Locke,2012,497500,24686108.84010338,585088797619527.4,NPB,MLB,gbm
MLB,Edinson Vólquez,2012,5725000,123436715.82491489,13856048042445518,NPB,MLB,gbm
MLB,Clayton Richard,2012,5240000,199696768.85775626,37813434954598840,NPB,MLB,gbm
MLB,Jason Marquis,2012,3000000,128609318.25000237,15777700831230378,NPB,MLB,gbm
MLB,Tim Stauffer,2012,1000000,49084928.40595839,2312160339806144,NPB,MLB,gbm
MLB,Eric Stults,2012,507600,116740619.57829154,13510114840287504,NPB,MLB,gbm
MLB,Anthony Bass,2012,503600,23985894.200368315,551418140912651.4,NPB,MLB,gbm
MLB,Tyson Ross,2012,500500,15200921.428808387,216102390184568.84,NPB,MLB,gbm
MLB,Joe Wieland,2012,494300,3281595.8076578397,7769017919386.969,NPB,MLB,gbm
MLB,Casey Kelly,2012,491400,10912829.036115339,108606183154787.89,NPB,MLB,gbm
MLB,Félix Hernández,2012,25000000,174742458.26533213,22422803807344736,NPB,MLB,gbm
MLB,Hisashi Iwakuma,2012,7000000,94584737.63629532,7671086266818686,NPB,MLB,gbm
MLB,Joe Saunders,2012,6500000,107042412.29340911,10108776669777864,NPB,MLB,gbm
MLB,Blake Beavan,2012,506700,112005885.15867352,12432068291048162,NPB,MLB,gbm
MLB,Erasmo Ramírez,2012,490000,18632885.40728619,329164290901918.2,NPB,MLB,gbm
MLB,Héctor Noesí,2012,490000,15848994.179982811,235898702220745.88,NPB,MLB,gbm
MLB,Matt Cain,2012,22500000,245708419.68887427,49821998620004640,NPB,MLB,gbm
MLB,Madison Bumgarner,2012,7000000,229897931.3471326,49683487798831030,NPB,MLB,gbm
MLB,Yusmeiro Petit,2012,490000,3403241.3767176606,8486975319019.811,NPB,MLB,gbm
MLB,Jake Westbrook,2012,9750000,167968429.80128145,25033071528783028,NPB,MLB,gbm
MLB,Lance Lynn,2012,513000,189305233.00440693,35642507242790276,NPB,MLB,gbm
MLB,Joe Kelly,2012,493000,26415613.587523606,671981895208063.5,NPB,MLB,gbm
MLB,David Price,2012,10112500,241617686.18195206,53594651229140290,NPB,MLB,gbm
MLB,Roberto Hernández,2012,3250000,50876441.36928062,2268277917501524.5,NPB,MLB,gbm
MLB,Jeff Niemann,2012,3000000,43751429.50899125,1660679007026282.8,NPB,MLB,gbm
MLB,Jeremy Hellickson,2012,503000,80731263.52402036,6436574268079656,NPB,MLB,gbm
MLB,Alex Cobb,2012,502200,91703251.05560392,8317631713646873,NPB,MLB,gbm
MLB,Chris Archer,2012,490000,35220590.216823734,1206213896808932.5,NPB,MLB,gbm
MLB,Jake Odorizzi,2012,490000,1346731.315004677,733988546109.6432,NPB,MLB,gbm
MLB,Matt Harrison,2012,11000000,230712553.82705715,48273606309207490,NPB,MLB,gbm
MLB,Neftalí Feliz,2012,2900000,14129979.972978946,126112450193508.2,NPB,MLB,gbm
MLB,Colby Lewis,2012,2000000,130958693.38375211,16630344599244590,NPB,MLB,gbm
MLB,Martín Pérez,2012,492000,5410861.471805172,24195198178809.344,NPB,MLB,gbm
MLB,Travis Blackley,2012,490000,34138591.53004308,1132227711955687,NPB,MLB,gbm
MLB,J.A. Happ,2012,3700000,117219290.62966599,12886629345062572,NPB,MLB,gbm
MLB,Kyle Drabek,2012,499500,17667616.050289772,294744208716217.3,NPB,MLB,gbm
MLB,Drew Hutchison,2012,493200,15173793.885559652,215519836832731.44,NPB,MLB,gbm
MLB,Todd Redmond,2012,490000,3403241.3767176606,8486975319019.811,NPB,MLB,gbm
MLB,Dan Haren,2012,13000000,125648640.04368946,12689716103692716,NPB,MLB,gbm
MLB,Jordan Zimmermann,2012,5350000,141964634.56662518,18663558377772540,NPB,MLB,gbm
MLB,Ross Detwiler,2012,2337500,90066447.08845083,7696368157248206,NPB,MLB,gbm
MLB,Chris Young,2012,2000000,109337478.56146078,11521334303932052,NPB,MLB,gbm
MLB,Ross Ohlendorf,2012,490000,31999275.06461059,992834415097290.6,NPB,MLB,gbm
MLB,Bronson Arroyo,2013,11750000,286575668.87173134,75529148270794530,NPB,MLB,gbm
MLB,Wade Miley,2013,523500,119032776.7050572,14044448665155814,NPB,MLB,gbm
MLB,Patrick Corbin,2013,515000,181063712.42510504,32597837558363276,NPB,MLB,gbm
MLB,Randall Delgado,2013,510000,44113581.50220599,1901272319819520.5,NPB,MLB,gbm
MLB,Scott Kazmir,2013,11000000,107684605.30713996,9347912903397438,NPB,MLB,gbm
MLB,Tommy Milone,2013,510000,83449952.78256367,6879035767573891,NPB,MLB,gbm
MLB,Drew Pomeranz,2013,505000,3888103.8097574525,11445391387595.389,NPB,MLB,gbm
MLB,Dan Straily,2013,505000,92899403.3639987,8536725772989294,NPB,MLB,gbm
MLB,A.J. Griffin,2013,505000,181295864.12873912,32685336552416208,NPB,MLB,gbm
MLB,Sonny Gray,2013,502500,45782739.37494029,2050300077851893,NPB,MLB,gbm
MLB,Jarrod Parker,2013,500000,130404430.54380669,16875161074910696,NPB,MLB,gbm
MLB,Julio Teheran,2013,5400000,158052156.63952687,23302680926698648,NPB,MLB,gbm
MLB,Ervin Santana,2013,14100000,138303628.1473409,15426541244962932,NPB,MLB,gbm
MLB,Kris Medlen,2013,5800000,230192898.7717223,50352173019176410,NPB,MLB,gbm
MLB,Gavin Floyd,2013,4000000,49084928.40595839,2032650769370394,NPB,MLB,gbm
MLB,Mike Minor,2013,3850000,146126643.44117072,20242643268886028,NPB,MLB,gbm
MLB,Brandon Beachy,2013,1450000,18918905.953992218,305162675229424.75,NPB,MLB,gbm
MLB,Freddy García,2013,1250000,107537351.51243845,11297001091528652,NPB,MLB,gbm
MLB,Aaron Harang,2013,1000000,155601066.97247255,23901489909026944,NPB,MLB,gbm
MLB,David Hale,2013,502500,60134879.684642285,3556020706853338,NPB,MLB,gbm
MLB,Ubaldo Jiménez,2013,12500000,140562690.81368193,16400052778440694,NPB,MLB,gbm
MLB,Bud Norris,2013,5300000,91933104.16654879,7505294737532093,NPB,MLB,gbm
MLB,Alfredo Aceves,2013,1200000,37634439.421481594,1327468375957612,NPB,MLB,gbm
MLB,Chris Tillman,2013,546000,212941298.11228636,45111762660206990,NPB,MLB,gbm
MLB,Miguel González,2013,529000,96777164.91944464,9263709250360612,NPB,MLB,gbm
MLB,Zack Britton,2013,521500,5410861.471805172,23905855601972.84,NPB,MLB,gbm
MLB,Chris Capuano,2013,2250000,114719754.26670653,12649445624813350,NPB,MLB,gbm
MLB,Félix Doubront,2013,586000,90247174.3459643,8039126185097406,NPB,MLB,gbm
MLB,Allen Webster,2013,500000,2973358.081419346,6117500198922.388,NPB,MLB,gbm
MLB,Jason Hammel,2013,6000000,95281431.7472139,7971174054832414,NPB,MLB,gbm
MLB,Jeff Samardzija,2013,5345000,137617834.3747536,17496102713530996,NPB,MLB,gbm
MLB,Travis Wood,2013,3900000,119184230.49978383,13290453801927288,NPB,MLB,gbm
MLB,James McDonald,2013,1000000,15263016.23381291,203433632086010.6,NPB,MLB,gbm
MLB,Jake Arrieta,2013,544500,26813575.97163073,690064352403307,NPB,MLB,gbm
MLB,Justin Grimm,2013,505500,25383280.18221589,618903946794653.75,NPB,MLB,gbm
MLB,Chris Rusin,2013,503500,8477815.895421129,63589713999966.08,NPB,MLB,gbm
MLB,Jose Quintana,2013,5300000,112379498.57012607,11466019014029632,NPB,MLB,gbm
MLB,Jose Quintana,2013,550000,112379498.57012607,12505836750445830,NPB,MLB,gbm
MLB,Erik Johnson,2013,500000,1346731.315004677,716953919809.5497,NPB,MLB,gbm
MLB,Eric Surkamp,2013,500000,17353311.171026427,284034097427444.2,NPB,MLB,gbm
MLB,André Rienzo,2013,500000,6976456.254770966,41944485619961.97,NPB,MLB,gbm
MLB,Dylan Axelrod,2013,500000,28547871.931500416,786683119885848.9,NPB,MLB,gbm
MLB,Homer Bailey,2013,17500000,152800504.21713936,18306226441412148,NPB,MLB,gbm
MLB,Mike Leake,2013,5925000,181258888.89441302,30741972594838372,NPB,MLB,gbm
MLB,Chien-Ming Wang,2013,1250000,85895223.05535646,7164813786091048,NPB,MLB,gbm
MLB,Tony Cingrani,2013,512500,71162640.44271553,4991442344575428,NPB,MLB,gbm
MLB,Jair Jurrjens,2013,500000,22910280.508358363,502220672463306.75,NPB,MLB,gbm
MLB,Pedro Villarreal,2013,500000,1346731.315004677,716953919809.5497,NPB,MLB,gbm
MLB,David Holmberg,2013,500000,-218863.46796111448,516764685569.08026,NPB,MLB,gbm
MLB,Justin Masterson,2013,9762500,229587800.22415608,48323162618640350,NPB,MLB,gbm
MLB,Shaun Marcum,2013,1000000,56666833.53692946,3098796356028214.5,NPB,MLB,gbm
MLB,Corey Kluber,2013,514000,104236528.5667354,10758362932277242,NPB,MLB,gbm
MLB,Zach McAllister,2013,504500,70249494.33099124,486436423423e4,NPB,MLB,gbm
MLB,Danny Salazar,2013,501500,43736448.58830898,1869260779433721,NPB,MLB,gbm
MLB,Juan Nicasio,2013,2025000,52004423.647035696,2497942788089871,NPB,MLB,gbm
MLB,Tyler Chatwood,2013,502000,34618068.335636355,1163906118681809.5,NPB,MLB,gbm
MLB,Jordan Lyles,2013,502000,62291731.582155585,3817970928994835.5,NPB,MLB,gbm
MLB,Chris Capuano,2013,500000,114719754.26670653,13046152264746824,NPB,MLB,gbm
MLB,Chad Bettis,2013,500000,6976456.254770966,41944485619961.97,NPB,MLB,gbm
MLB,Max Scherzer,2013,15525000,263792339.57539132,61636671899842664,NPB,MLB,gbm
MLB,Rick Porcello,2013,8500000,86424684.24799807,6072256415150199,NPB,MLB,gbm
MLB,Scott Feldman,2013,10000000,123963732.15544531,12987732246798078,NPB,MLB,gbm
MLB,Lucas Harrell,2013,509700,56521918.762039706,3137368650646593,NPB,MLB,gbm
MLB,Dallas Keuchel,2013,508700,47211211.541144766,2181124584250760,NPB,MLB,gbm
MLB,Brad Peacock,2013,504300,25607087.004985765,630149915417682.1,NPB,MLB,gbm
MLB,Brett Oberholtzer,2013,503600,40219369.79646542,1577342370525834.8,NPB,MLB,gbm
MLB,Jarred Cosart,2013,500000,23075065.51978909,509633583222770.2,NPB,MLB,gbm
MLB,Collin McHugh,2013,500000,13313705.494750477,164191048506198.56,NPB,MLB,gbm
MLB,Jason Vargas,2013,8000000,110507743.13405281,10507837402436952,NPB,MLB,gbm
MLB,Danny Duffy,2013,526000,25445843.51816767,620998600969963.25,NPB,MLB,gbm
MLB,Yordano Ventura,2013,500500,4120425.486655196,13103860528935.86,NPB,MLB,gbm
MLB,Héctor Santiago,2013,530000,58328278.95464754,3340641050119253,NPB,MLB,gbm
MLB,Tyler Skaggs,2013,502250,13350332.42650116,165073222038167.94,NPB,MLB,gbm
MLB,Matt Shoemaker,2013,500500,37558157.00655077,1373269942815161,NPB,MLB,gbm
MLB,Clayton Kershaw,2013,30714286,270395638.15587837,57447150571270176,NPB,MLB,gbm
MLB,Paul Maholm,2013,1500000,131980783.65444411,17025234903077850,NPB,MLB,gbm
MLB,Dan Haren,2013,1000000,183566735.2549871,33330612821664548,NPB,MLB,gbm
MLB,Kevin Slowey,2013,800000,46462863.14248719,2085097070369515.2,NPB,MLB,gbm
MLB,José Fernández,2013,635000,127667780.96348551,16137327439316886,NPB,MLB,gbm
MLB,Henderson Alvarez III,2013,525400,34303657.74825849,1140970696507784.5,NPB,MLB,gbm
MLB,Nathan Eovaldi,2013,517000,26415613.587523606,670738185755862.4,NPB,MLB,gbm
MLB,Tom Koehler,2013,515000,50833316.38582357,2531932963903841,NPB,MLB,gbm
MLB,Brian Flynn,2013,500000,1716001.024692046,1478658492052.106,NPB,MLB,gbm
MLB,Matt Garza,2013,12500000,121113436.74349903,11796878641234064,NPB,MLB,gbm
MLB,Marco Estrada,2013,3325000,87435065.17673625,7074503064034820,NPB,MLB,gbm
MLB,Wily Peralta,2013,515000,93434024.88031726,8633945184709017,NPB,MLB,gbm
MLB,Johnny Hellweg,2013,500000,8543109.148977052,64691604782358.37,NPB,MLB,gbm
MLB,Ricky Nolasco,2013,12250000,168938448.5819466,24551269919017328,NPB,MLB,gbm
MLB,Phil Hughes,2013,8000000,41471251.34797781,1120324666799506.4,NPB,MLB,gbm
MLB,Mike Pelfrey,2013,5500000,55819818.63046569,2532084147002961.5,NPB,MLB,gbm
MLB,Scott Diamond,2013,542500,38613722.38454475,1449417973853461.5,NPB,MLB,gbm
MLB,Vance Worley,2013,527500,6976456.254770966,41589036775949.57,NPB,MLB,gbm
MLB,Kyle Gibson,2013,502500,8874345.513098035,70087797295179.7,NPB,MLB,gbm
MLB,Bartolo Colon,2013,10000000,336294471.81715053,106468082338433250,NPB,MLB,gbm
MLB,Dillon Gee,2013,3625000,139408811.09373125,18437243355138096,NPB,MLB,gbm
MLB,John Lannan,2013,1500000,25616747.071997665,581617489334708,NPB,MLB,gbm
MLB,Daisuke Matsuzaka,2013,1500000,89089822.3552049,7671976980216351,NPB,MLB,gbm
MLB,Matt Harvey,2013,546625,149318017.32473493,22132927174240200,NPB,MLB,gbm
MLB,Zack Wheeler,2013,512375,36176907.2819086,1271958862887300.8,NPB,MLB,gbm
MLB,Jenrry Mejía,2013,509675,50627197.24322587,2511766035800240,NPB,MLB,gbm
MLB,Hiroki Kuroda,2013,16000000,216602304.1967248,40241284449035310,NPB,MLB,gbm
MLB,Iván Nova,2013,3300000,95504733.11618328,8501712809026586,NPB,MLB,gbm
MLB,Alfredo Aceves,2013,1200000,37634439.421481594,1327468375957612,NPB,MLB,gbm
MLB,David Phelps,2013,541425,29587506.03162938,843674823295980,NPB,MLB,gbm
MLB,A.J. Burnett,2013,11250000,226574704.6257348,46364728422159944,NPB,MLB,gbm
MLB,Miguel González,2013,4000000,96777164.91944464,8607602330489828,NPB,MLB,gbm
MLB,Kyle Kendrick,2013,7675000,111970046.38787541,10877456701049084,NPB,MLB,gbm
MLB,Roberto Hernández,2013,4500000,125204205.29258011,14569505175313324,NPB,MLB,gbm
MLB,Jonathan Pettibone,2013,500000,28313502.845850684,773590940556144.1,NPB,MLB,gbm
MLB,Ethan Martin,2013,500000,35658754.55528913,1236138021879064,NPB,MLB,gbm
MLB,Charlie Morton,2013,7000000,64523825.33515899,3308990481189879,NPB,MLB,gbm
MLB,Edinson Vólquez,2013,5000000,77435088.45655738,5246842039709292,NPB,MLB,gbm
MLB,Jeff Locke,2013,513000,72214916.4765488,5141164826409981,NPB,MLB,gbm
MLB,Gerrit Cole,2013,512500,80463715.1422316,6392196802719403,NPB,MLB,gbm
MLB,Brandon Cumpton,2013,507000,37695447.20411509,1382980605453255.8,NPB,MLB,gbm
MLB,Phil Irwin,2013,500000,3281595.8076578397,7737275237179.67,NPB,MLB,gbm
MLB,Ian Kennedy,2013,6100000,84682108.9719783,6175147850483873,NPB,MLB,gbm
MLB,Eric Stults,2013,2750000,213138820.15543193,44263455646394680,NPB,MLB,gbm
MLB,Andrew Cashner,2013,2400000,100030926.712571,9531797850755408,NPB,MLB,gbm
MLB,Robbie Erlin,2013,504500,7729154.564982327,52195633583319.97,NPB,MLB,gbm
MLB,Burch Smith,2013,500000,35658754.55528913,1236138021879064,NPB,MLB,gbm
MLB,Erasmo Ramírez,2013,511800,17667616.050289772,294322024351380.2,NPB,MLB,gbm
MLB,Brandon Maurer,2013,504600,12746022.853768507,149852433484765.9,NPB,MLB,gbm
MLB,James Paxton,2013,503500,20973024.790429115,419001445145992.1,NPB,MLB,gbm
MLB,Taijuan Walker,2013,502400,8856585.009482726,69792407172665.9,NPB,MLB,gbm
MLB,Tim Lincecum,2013,17500000,168271155.28966352,22731941267379832,NPB,MLB,gbm
MLB,Tim Hudson,2013,11500000,137129646.87091184,15782808172910008,NPB,MLB,gbm
MLB,Ryan Vogelsong,2013,5000000,105033332.29205555,10006667569452804,NPB,MLB,gbm
MLB,Yusmeiro Petit,2013,845000,50088502.08658293,2424922497751297.5,NPB,MLB,gbm
MLB,Adam Wainwright,2013,19500000,303779769.9841486,80814987622240450,NPB,MLB,gbm
MLB,Lance Lynn,2013,535000,231324681.61308625,53263877139069720,NPB,MLB,gbm
MLB,Shelby Miller,2013,521000,196447740.25751555,38387287547935970,NPB,MLB,gbm
MLB,Michael Wacha,2013,510000,42490158.73806551,1762333727673178,NPB,MLB,gbm
MLB,Tyler Lyons,2013,500000,7345725.964458333,46863963980458.98,NPB,MLB,gbm
MLB,Chris Archer,2013,4250000,82652308.4773408,6146921974576105,NPB,MLB,gbm
MLB,David Price,2013,14000000,165514636.52079472,22956685080028540,NPB,MLB,gbm
MLB,Jeremy Hellickson,2013,3625000,78437223.08259062,5596868722559305,NPB,MLB,gbm
MLB,Érik Bédard,2013,1150000,138072547.46977797,18747784005613600,NPB,MLB,gbm
MLB,Alex Cobb,2013,516900,109579049.07178071,11894552360155318,NPB,MLB,gbm
MLB,Chris Archer,2013,511200,82652308.4773408,6747161701886269,NPB,MLB,gbm
MLB,Jake Odorizzi,2013,503100,3665024.4081818284,9997765963056.006,NPB,MLB,gbm
MLB,Alex Colomé,2013,500000,8141053.151846332,58385693269340.76,NPB,MLB,gbm
MLB,Enny Romero,2013,500000,14547764.41953341,197339685186708.8,NPB,MLB,gbm
MLB,Nate Karns,2013,500000,9286202.269700672,77197350324093.25,NPB,MLB,gbm
MLB,Martín Pérez,2013,3125000,68064092.44363958,4217085727403566.5,NPB,MLB,gbm
MLB,Alexi Ogando,2013,2625000,64184194.683871076,3789534450126741,NPB,MLB,gbm
MLB,Tommy Hanson,2013,2000000,17667616.050289772,245474192699297.7,NPB,MLB,gbm
MLB,Scott Baker,2013,1000000,48479816.43160885,2254332968379273.5,NPB,MLB,gbm
MLB,Nick Tepesch,2013,505071,31109385.76478774,936624082222204.9,NPB,MLB,gbm
MLB,Joe Saunders,2013,500000,167668531.96223763,27945318078409664,NPB,MLB,gbm
MLB,R.A. Dickey,2013,12500000,265534322.58440349,64026368405747960,NPB,MLB,gbm
MLB,J.A. Happ,2013,5400000,47949146.107989274,1810429834519018.8,NPB,MLB,gbm
MLB,Todd Redmond,2013,505700,52991723.538823485,2754782666917933,NPB,MLB,gbm
MLB,Liam Hendriks,2013,500000,6976456.254770966,41944485619961.97,NPB,MLB,gbm
MLB,Sean Nolin,2013,500000,-218863.46796111448,516764685569.08026,NPB,MLB,gbm
MLB,Jordan Zimmermann,2013,12000000,247926464.05944765,55661296443593840,NPB,MLB,gbm
MLB,Doug Fister,2013,7200000,203522262.15055302,38542430615910464,NPB,MLB,gbm
MLB,Stephen Strasburg,2013,3975000,107483718.01577912,10714054705270078,NPB,MLB,gbm
MLB,Ross Detwiler,2013,3000000,22639707.19576714,385718098735467.5,NPB,MLB,gbm
MLB,Taylor Jordan,2013,504300,13924326.74298251,180097117782365.78,NPB,MLB,gbm
MLB,Jeremy Hellickson,2014,4275000,9798477.244527122,30508800870808.93,NPB,MLB,gbm
MLB,Rubby De La Rosa,2014,516000,26415613.587523606,670789983983037.4,NPB,MLB,gbm
MLB,Chase Anderson,2014,512500,47117387.187670745,2172015509775516.8,NPB,MLB,gbm
MLB,Robbie Ray,2014,508500,1407763.298453553,808674479945.5641,NPB,MLB,gbm
MLB,Allen Webster,2014,507500,16910791.20213713,269067962262109.4,NPB,MLB,gbm
MLB,Jhoulys Chacín,2014,507500,8507079.385593511,63993270346412.66,NPB,MLB,gbm
MLB,Andrew Chafin,2014,507500,-218863.46796111448,527603887588.497,NPB,MLB,gbm
MLB,Jesse Chavez,2014,2150000,97038141.29517281,9003759358452680,NPB,MLB,gbm
MLB,Drew Pomeranz,2014,517500,32864416.600954432,1046323013589101.4,NPB,MLB,gbm
MLB,Sonny Gray,2014,512500,197794515.10550946,38920193484090464,NPB,MLB,gbm
MLB,Chris Bassitt,2014,507500,1346731.315004677,704309200084.4795,NPB,MLB,gbm
MLB,Brad Mills,2014,507500,30005469.18318072,870130185931879.4,NPB,MLB,gbm
MLB,Jesse Hahn,2014,507500,51782878.61357843,2629164451965816.5,NPB,MLB,gbm
MLB,Mike Minor,2014,5600000,57859011.159036696,2731004247320322,NPB,MLB,gbm
MLB,Eric Stults,2014,2000000,137816986.86252826,18446253920416176,NPB,MLB,gbm
MLB,Shelby Miller,2014,535000,92100581.8009855,8384255770552967,NPB,MLB,gbm
MLB,Alex Wood,2014,520000,124643907.04801874,15406744300865196,NPB,MLB,gbm
MLB,Edwin Jackson,2014,507500,73042975.64217825,5261395226637035,NPB,MLB,gbm
MLB,Bud Norris,2014,8800000,183757233.74488354,30610033639661816,NPB,MLB,gbm
MLB,Chris Tillman,2014,4315000,123956255.25839607,14314029959804686,NPB,MLB,gbm
MLB,Miguel González,2014,3275000,141785873.07162392,19185261959063512,NPB,MLB,gbm
MLB,Kevin Gausman,2014,522000,30005734.801029492,869290617817437.6,NPB,MLB,gbm
MLB,Wade Miley,2014,6416667,107052251.31043242,10127520829502152,NPB,MLB,gbm
MLB,Rick Porcello,2014,12500000,239662343.18605927,51602730161780970,NPB,MLB,gbm
MLB,Joe Kelly,2014,603000,31985364.655081313,984852811344496.9,NPB,MLB,gbm
MLB,Brandon Workman,2014,539500,16921893.231591284,268382807994487.94,NPB,MLB,gbm
MLB,Jon Lester,2014,25833333,274003276.68046397,61588320946364656,NPB,MLB,gbm
MLB,Jason Hammel,2014,10000000,134528284.67090875,15507293683078886,NPB,MLB,gbm
MLB,Travis Wood,2014,5685000,62137954.417337775,3186936062446016.5,NPB,MLB,gbm
MLB,Tsuyoshi Wada,2014,4000000,103277043.82709143,9855931431046232,NPB,MLB,gbm
MLB,Jake Arrieta,2014,3630000,144226958.60020247,19767504767627048,NPB,MLB,gbm
MLB,Félix Doubront,2014,1925000,16102021.267323976,200987932014156.3,NPB,MLB,gbm
MLB,Kyle Hendricks,2014,510000,40446726.199959576,1594942099570537.8,NPB,MLB,gbm
MLB,Dallas Beeler,2014,508000,1346731.315004677,703470218769.4749,NPB,MLB,gbm
MLB,Trevor Cahill,2014,507500,12418802.93013286,141879137493391.66,NPB,MLB,gbm
MLB,Jeff Samardzija,2014,9800000,144349526.05209255,18103574960842732,NPB,MLB,gbm
MLB,Héctor Noesí,2014,1950000,65577848.27554281,4048503076175496,NPB,MLB,gbm
MLB,Erik Johnson,2014,510000,1346731.315004677,700119293509.456,NPB,MLB,gbm
MLB,Scott Carroll,2014,507500,54735982.11445897,2940728272438196.5,NPB,MLB,gbm
MLB,Mike Leake,2014,9775000,130656000.15386207,14612216198198002,NPB,MLB,gbm
MLB,Tony Cingrani,2014,525500,28386282.406679276,776223196312329.5,NPB,MLB,gbm
MLB,David Holmberg,2014,507500,1679025.7903659604,1372472677492.5884,NPB,MLB,gbm
MLB,Dylan Axelrod,2014,507500,58762214.6657972,3393611780793447,NPB,MLB,gbm
MLB,Corey Kluber,2014,7700000,265128245.62745187,66269301646827690,NPB,MLB,gbm
MLB,Gavin Floyd,2014,4000000,56797160.17485787,2787540122529598,NPB,MLB,gbm
MLB,Trevor Bauer,2014,1940000,62404773.33511975,3655988814467408,NPB,MLB,gbm
MLB,Josh Tomlin,2014,1500000,69928767.03193112,4682496157510303,NPB,MLB,gbm
MLB,Bruce Chen,2014,1000000,88332726.4457423,7627005108446855,NPB,MLB,gbm
MLB,Corey Kluber,2014,601000,265128245.62745187,69974663679246256,NPB,MLB,gbm
MLB,Zach McAllister,2014,520400,23221341.60405288,515332749710618.9,NPB,MLB,gbm
MLB,Danny Salazar,2014,507500,55097911.88804179,2980113070106054,NPB,MLB,gbm
MLB,Jhoulys Chacín,2014,505700,8507079.385593511,64022072072200.8,NPB,MLB,gbm
MLB,Jorge De La Rosa,2014,12500000,226998322.13794845,46009530199995104,NPB,MLB,gbm
MLB,Jhoulys Chacín,2014,5500000,8507079.385593511,9042526431261.45,NPB,MLB,gbm
MLB,Kyle Kendrick,2014,5500000,146684657.68885884,19933107566720248,NPB,MLB,gbm
MLB,Jordan Lyles,2014,2475000,51257204.34362294,2379703460622984.5,NPB,MLB,gbm
MLB,Tyler Chatwood,2014,1000000,3281595.8076578397,5205679429521.83,NPB,MLB,gbm
MLB,Tyler Matzek,2014,509500,35600116.23102865,1231351347473331.5,NPB,MLB,gbm
MLB,Christian Bergman,2014,509500,28017802.542098943,756706708747647.1,NPB,MLB,gbm
MLB,Eddie Butler,2014,509500,1346731.315004677,700956274824.4608,NPB,MLB,gbm
MLB,Yohan Flande,2014,507500,19710574.991137397,368758089115246.5,NPB,MLB,gbm
MLB,David Price,2014,19750000,273043793.1089956,64157745627542670,NPB,MLB,gbm
MLB,Alfredo Simón,2014,5500000,295120041.87614876,83879768656342160,NPB,MLB,gbm
MLB,Shane Greene,2014,515000,48247803.60913502,2278420540388253,NPB,MLB,gbm
MLB,Drew VerHagen,2014,507500,1346731.315004677,704309200084.4795,NPB,MLB,gbm
MLB,Randy Wolf,2014,507500,89650871.99418753,7946540770494098,NPB,MLB,gbm
MLB,Kyle Lobstein,2014,507500,3784234.7053905018,10736990329510.578,NPB,MLB,gbm
MLB,Buck Farmer,2014,507500,30029029.61552282,871520710840191,NPB,MLB,gbm
MLB,Dallas Keuchel,2014,524500,137598751.69610932,18789350478048332,NPB,MLB,gbm
MLB,Collin McHugh,2014,516300,129118207.68469669,16538450660143250,NPB,MLB,gbm
MLB,Brad Peacock,2014,515800,34430832.82448344,1150229451485789.2,NPB,MLB,gbm
MLB,Brett Oberholtzer,2014,515800,63630854.97557521,3983510164569881,NPB,MLB,gbm
MLB,Dan Straily,2014,507500,14915927.209466955,207602774650507.7,NPB,MLB,gbm
MLB,Yordano Ventura,2014,4800000,148517388.1650065,20654687660971148,NPB,MLB,gbm
MLB,Edinson Vólquez,2014,10000000,153735438.2693067,20659876214469676,NPB,MLB,gbm
MLB,Danny Duffy,2014,2425000,75979443.85023598,5410256210117518,NPB,MLB,gbm
MLB,Franklin Morales,2014,1850000,59192631.967299856,3288177440937199.5,NPB,MLB,gbm
MLB,Chris Young,2014,675000,159040794.9633507,25079725014374040,NPB,MLB,gbm
MLB,Yordano Ventura,2014,535675,148517388.1650065,21898587431250256,NPB,MLB,gbm
MLB,Brian Flynn,2014,508450,1716001.024692046,1458179477234.8103,NPB,MLB,gbm
MLB,Aaron Brooks,2014,507500,1346731.315004677,704309200084.4795,NPB,MLB,gbm
MLB,Yohan Pino,2014,507500,42152590.52253784,1734313564630371.2,NPB,MLB,gbm
MLB,Garrett Richards,2014,3200000,140589142.0557248,18875776354808128,NPB,MLB,gbm
MLB,Héctor Santiago,2014,2290000,33062667.107207157,946957040890989.25,NPB,MLB,gbm
MLB,Matt Shoemaker,2014,517500,213418238.31324822,45326724374326200,NPB,MLB,gbm
MLB,Tyler Skaggs,2014,515000,27168311.897734966,710399035117940.25,NPB,MLB,gbm
MLB,Andrew Heaney,2014,509250,6729007.0202504285,38685377390954.49,NPB,MLB,gbm
MLB,Nick Tropeano,2014,507500,1346731.315004677,704309200084.4795,NPB,MLB,gbm
MLB,Mat Latos,2014,507500,28733906.68070076,796730034104308.5,NPB,MLB,gbm
MLB,Brandon McCarthy,2014,12000000,176276392.32819778,26986733076367956,NPB,MLB,gbm
MLB,Brett Anderson,2014,10000000,8396568.239997365,2570993408985.149,NPB,MLB,gbm
MLB,Mike Bolsinger,2014,507500,14915927.209466955,207602774650507.7,NPB,MLB,gbm
MLB,Mat Latos,2014,9400000,28733906.68070076,373799947538045.5,NPB,MLB,gbm
MLB,Henderson Alvarez III,2014,4000000,172770603.7673872,28483516696008416,NPB,MLB,gbm
MLB,David Phelps,2014,1400000,24607077.0049015,538568423111427.94,NPB,MLB,gbm
MLB,José Fernández,2014,651000,50518898.89776782,2486807340477993,NPB,MLB,gbm
MLB,Tom Koehler,2014,555000,131188269.76566048,17065051169667824,NPB,MLB,gbm
MLB,Jarred Cosart,2014,540000,95458465.57135855,9009515106421178,NPB,MLB,gbm
MLB,Brad Hand,2014,520000,9115772.72020341,73887308657393.14,NPB,MLB,gbm
MLB,André Rienzo,2014,507500,14769552.523729045,203406142189606.03,NPB,MLB,gbm
MLB,Wily Peralta,2014,525500,216576184.6871909,46677898353803984,NPB,MLB,gbm
MLB,Jimmy Nelson,2014,511500,21589609.531075932,444286701404034.06,NPB,MLB,gbm
MLB,Ervin Santana,2014,13750000,223327709.07544327,43922816141311136,NPB,MLB,gbm
MLB,Phil Hughes,2014,14000000,250397388.89779887,55883725477697160,NPB,MLB,gbm
MLB,Tommy Milone,2014,2775000,39554515.55106871,1352732764171305,NPB,MLB,gbm
MLB,Kyle Gibson,2014,537500,75240505.77156058,5580539071305813,NPB,MLB,gbm
MLB,Trevor May,2014,510000,28421254.05882252,779038103136136.6,NPB,MLB,gbm
MLB,Logan Darnell,2014,507500,7720607.486734878,52028919615190.75,NPB,MLB,gbm
MLB,Dillon Gee,2014,5300000,79954318.15654337,5573267219418402,NPB,MLB,gbm
MLB,Jacob deGrom,2014,556875,106043742.9538218,11127479310707036,NPB,MLB,gbm
MLB,Zack Wheeler,2014,546250,108182521.80621265,11585567008340888,NPB,MLB,gbm
MLB,Rafael Montero,2014,511000,14915927.209466955,207501927910041.44,NPB,MLB,gbm
MLB,Nathan Eovaldi,2014,3300000,107549365.41925259,10867930190316858,NPB,MLB,gbm
MLB,Iván Nova,2014,3300000,5721534.469894817,5863829188888.772,NPB,MLB,gbm
MLB,Michael Pineda,2014,2100000,51338399.95429546,2424420030059163,NPB,MLB,gbm
MLB,Chase Whitley,2014,524525,23079155.245707896,508711345520601.44,NPB,MLB,gbm
MLB,Aaron Harang,2014,5000000,203520236.46196026,39410284284912616,NPB,MLB,gbm
MLB,Kevin Correia,2014,650000,141843393.59295666,19935574394295576,NPB,MLB,gbm
MLB,David Buchanan,2014,512500,45053755.174729295,1983923412540349.2,NPB,MLB,gbm
MLB,Jonathan Pettibone,2014,510000,1346731.315004677,700119293509.456,NPB,MLB,gbm
MLB,Sean O'Sullivan,2014,507500,22388077.602332655,478759676211701.44,NPB,MLB,gbm
MLB,Francisco Liriano,2014,13000000,108572083.31934498,9134023109999820,NPB,MLB,gbm
MLB,A.J. Burnett,2014,8500000,188356651.19502398,32348414979088524,NPB,MLB,gbm
MLB,Vance Worley,2014,2450000,45802246.81207385,1879417303654967.2,NPB,MLB,gbm
MLB,Gerrit Cole,2014,531000,119350084.38738778,14117974814657180,NPB,MLB,gbm
MLB,Jeff Locke,2014,531000,50323894.020831786,2479332294969786,NPB,MLB,gbm
MLB,Brandon Cumpton,2014,520500,15982883.22919213,239085295126402.06,NPB,MLB,gbm
MLB,James Shields,2014,18750000,263766074.63623995,60032876830151504,NPB,MLB,gbm
MLB,Ian Kennedy,2014,9850000,173296788.48894542,26714852667350064,NPB,MLB,gbm
MLB,Tyson Ross,2014,5250000,160413341.89797574,24075662668948116,NPB,MLB,gbm
MLB,Andrew Cashner,2014,4050000,70550941.14260596,4422375172852342,NPB,MLB,gbm
MLB,Joe Wieland,2014,590000,1346731.315004677,572642283108.7078,NPB,MLB,gbm
MLB,Odrisamer Despaigne,2014,517300,30370012.907563668,891184467941418.4,NPB,MLB,gbm
MLB,Bud Norris,2014,507500,183757233.74488354,33580464917570708,NPB,MLB,gbm
MLB,Robbie Erlin,2014,507500,12093738.444790773,134240921299547.72,NPB,MLB,gbm
MLB,Erasmo Ramírez,2014,522800,15200921.428808387,215447248678843.97,NPB,MLB,gbm
MLB,James Paxton,2014,519000,23488048.973581355,527577210750778.7,NPB,MLB,gbm
MLB,Taijuan Walker,2014,513100,20675328.149309672,406515443944815.3,NPB,MLB,gbm
MLB,Roenis Elías,2014,507500,77533752.67356777,5933043600932306,NPB,MLB,gbm
MLB,Jake Peavy,2014,12000000,191349789.10671014,32166346852621400,NPB,MLB,gbm
MLB,Ryan Vogelsong,2014,4000000,160550555.9240998,24508076560144700,NPB,MLB,gbm
MLB,Kevin Correia,2014,850000,141843393.59295666,19879137036858392,NPB,MLB,gbm
MLB,Lance Lynn,2014,7833333,231184499.23820677,49885743459967080,NPB,MLB,gbm
MLB,Michael Wacha,2014,520000,37032803.658176154,1333184830980522,NPB,MLB,gbm
MLB,Marco Gonzales,2014,507500,13918739.104141599,179861334308456.75,NPB,MLB,gbm
MLB,Alex Cobb,2014,4000000,120852663.92787239,13654545067040290,NPB,MLB,gbm
MLB,Drew Smyly,2014,2650000,64294510.05360551,3800045619749071,NPB,MLB,gbm
MLB,Jake Odorizzi,2014,522000,106699117.54825868,11273580290856740,NPB,MLB,gbm
MLB,Alex Colomé,2014,510800,8732759.021262057,67600610147312.52,NPB,MLB,gbm
MLB,Nate Karns,2014,508800,32261982.07288545,1008264571753813.9,NPB,MLB,gbm
MLB,Colby Lewis,2014,4000000,166928839.12408555,26545806618322148,NPB,MLB,gbm
MLB,Nick Tepesch,2014,517760,43430775.14189111,1841526868568175.5,NPB,MLB,gbm
MLB,Tanner Scheppers,2014,515200,5029868.143132336,20382228442613.98,NPB,MLB,gbm
MLB,Nick Martinez,2014,515000,46878917.065783486,2149612805682849.2,NPB,MLB,gbm
MLB,Anthony Ranaudo,2014,508500,11341040.13457942,117343925767273.92,NPB,MLB,gbm
MLB,Lisalverto Bonilla,2014,508500,10126881.799627328,92513268443402.25,NPB,MLB,gbm
MLB,Wandy Rodríguez,2014,507500,84329628.27239066,7026149188113114,NPB,MLB,gbm
MLB,Drew Hutchison,2014,520100,119115130.67259479,14064781300233698,NPB,MLB,gbm
MLB,Liam Hendriks,2014,518400,8294601.803216219,60469314484343.17,NPB,MLB,gbm
MLB,Marcus Stroman,2014,514700,75855695.12816289,5676265546901864,NPB,MLB,gbm
MLB,Félix Doubront,2014,507500,16102021.267323976,243189093557019.8,NPB,MLB,gbm
MLB,Max Scherzer,2014,30000000,264939174.74806762,55196415831303056,NPB,MLB,gbm
MLB,Doug Fister,2014,11400000,248337707.5858396,56139477276032830,NPB,MLB,gbm
MLB,Stephen Strasburg,2014,7400000,219183098.12457246,44852080651242290,NPB,MLB,gbm
MLB,Tanner Roark,2014,529600,226521036.96249166,51072129580371840,NPB,MLB,gbm
MLB,Taylor Jordan,2014,507500,1346731.315004677,704309200084.4795,NPB,MLB,gbm
MLB,Zack Greinke,2015,34416667,305435643.10127544,73451285406983710,NPB,MLB,gbm
MLB,Shelby Miller,2015,4350000,116347998.60507937,12543551691543360,NPB,MLB,gbm
MLB,Patrick Corbin,2015,2525000,34608223.771341465,1029333247561970.1,NPB,MLB,gbm
MLB,Rubby De La Rosa,2015,2350000,165845125.33860752,26730656009486984,NPB,MLB,gbm
MLB,Robbie Ray,2015,521000,56006686.84135365,3078661444256765.5,NPB,MLB,gbm
MLB,Archie Bradley,2015,507500,6976456.254770966,41847395026140.41,NPB,MLB,gbm
MLB,Zack Godley,2015,507500,27457778.45876851,726317509005162,NPB,MLB,gbm
MLB,Tyler Wagner,2015,507500,1346731.315004677,704309200084.4795,NPB,MLB,gbm
MLB,Rich Hill,2015,6000000,147193273.9813167,19935540617563160,NPB,MLB,gbm
MLB,Henderson Alvarez III,2015,4250000,1346731.315004677,8428969057274.472,NPB,MLB,gbm
MLB,Félix Doubront,2015,2000000,12257616.156435091,105218689212758.2,NPB,MLB,gbm
MLB,Sonny Gray,2015,527500,197316751.30277944,38726009428308480,NPB,MLB,gbm
MLB,Kendall Graveman,2015,512500,39063600.272321515,1486187332206588,NPB,MLB,gbm
MLB,Chris Bassitt,2015,510000,22491644.29914899,483192686094309.4,NPB,MLB,gbm
MLB,Jesse Hahn,2015,507500,34303657.74825849,1142180278545172.2,NPB,MLB,gbm
MLB,Jhoulys Chacín,2015,1100000,3403241.3767176606,5304920839424.265,NPB,MLB,gbm
MLB,Williams Pérez,2015,511250,44359855.75555162,1922700226705794.8,NPB,MLB,gbm
MLB,Roberto Hernández,2015,507500,98307426.91273502,9564825704136310,NPB,MLB,gbm
MLB,Mike Foltynewicz,2015,507500,29225948.06609571,824749259325036.4,NPB,MLB,gbm
MLB,Ryan Weber,2015,507500,8294601.803216219,60638954493653.29,NPB,MLB,gbm
MLB,Matt Wisler,2015,507500,34242042.78925544,1138019377200106.2,NPB,MLB,gbm
MLB,Manny Bañuelos,2015,507500,-218863.46796111448,527603887588.497,NPB,MLB,gbm
MLB,Yovani Gallardo,2015,11000000,111880392.5131638,10176853593609996,NPB,MLB,gbm
MLB,Chris Tillman,2015,6225000,80073329.30945355,5453575741797496,NPB,MLB,gbm
MLB,Miguel González,2015,5100000,116505745.47009543,12411240123747688,NPB,MLB,gbm
MLB,Kevin Gausman,2015,532000,34016650.55608957,1121221822863429.8,NPB,MLB,gbm
MLB,Tyler Wilson,2015,511500,5349829.488356296,23409432237898.098,NPB,MLB,gbm
MLB,Odrisamer Despaigne,2015,507500,46360826.4566774,2102527547142631.5,NPB,MLB,gbm
MLB,David Price,2015,31000000,266470223.06526586,55446225950406064,NPB,MLB,gbm
MLB,Rick Porcello,2015,20625000,69294475.08229548,2368717804786180.5,NPB,MLB,gbm
MLB,Joe Kelly,2015,2600000,78186431.25740638,5713308590230621,NPB,MLB,gbm
MLB,Roenis Elías,2015,558000,32354634.364768688,1011025956926789,NPB,MLB,gbm
MLB,Eduardo Rodríguez,2015,521000,72300400.43186553,5152282326358097,NPB,MLB,gbm
MLB,Steven Wright,2015,514500,42424684.04439853,1756463526635357.2,NPB,MLB,gbm
MLB,Sean O'Sullivan,2015,507500,19575724.58369853,363597188774364.94,NPB,MLB,gbm
MLB,Henry Owens,2015,507500,11306068.482436176,116609081269863.95,NPB,MLB,gbm
MLB,John Lackey,2015,16000000,218045054.84834325,40822204188670030,NPB,MLB,gbm
MLB,Jake Arrieta,2015,10700000,317951683.53136635,94403597032858900,NPB,MLB,gbm
MLB,Kyle Hendricks,2015,541000,85951590.50538252,7294968970478139,NPB,MLB,gbm
MLB,Aaron Brooks,2015,510000,9294749.347948115,77171821106274.84,NPB,MLB,gbm
MLB,Dallas Beeler,2015,508500,3281595.8076578397,7690060358449.486,NPB,MLB,gbm
MLB,Carlos Rodón,2015,518000,100005144.45284915,9897691911382074,NPB,MLB,gbm
MLB,Miguel González,2015,507500,116505745.47009543,13455592952140514,NPB,MLB,gbm
MLB,Chris Beck,2015,507500,1346731.315004677,704309200084.4795,NPB,MLB,gbm
MLB,Erik Johnson,2015,507500,5115143.545256117,21230379040140.363,NPB,MLB,gbm
MLB,Alfredo Simón,2015,2000000,201250290.0955897,39700678103176650,NPB,MLB,gbm
MLB,Anthony DeSclafani,2015,540000,78892702.58465128,6139146002318819,NPB,MLB,gbm
MLB,Michael Lorenzen,2015,516500,19454740.23881116,358656943342926.25,NPB,MLB,gbm
MLB,Jon Moscot,2015,508000,1346731.315004677,703470218769.4749,NPB,MLB,gbm
MLB,Josh A. Smith,2015,507500,14867228.356155397,206201798462573.4,NPB,MLB,gbm
MLB,John Lamb,2015,507500,34093159.77232332,1127996542342256.8,NPB,MLB,gbm
MLB,Keyvius Sampson,2015,507500,6976456.254770966,41847395026140.41,NPB,MLB,gbm
MLB,Josh Tomlin,2015,1833333,74771801.89076182,5320020244128630,NPB,MLB,gbm
MLB,Trevor Bauer,2015,1697500,99461617.05179209,9557822582916504,NPB,MLB,gbm
MLB,Danny Salazar,2015,536200,183652645.50054884,33531632612755472,NPB,MLB,gbm
MLB,Cody Anderson,2015,511400,38817227.11256606,1467336390777801.2,NPB,MLB,gbm
MLB,Jordan Lyles,2015,2975000,6976456.254770966,16011652158845.688,NPB,MLB,gbm
MLB,Chad Bettis,2015,512500,36176907.2819086,1271949946769855.2,NPB,MLB,gbm
MLB,Chris Rusin,2015,512500,48276849.7175227,2281433103937811,NPB,MLB,gbm
MLB,Tyler Matzek,2015,509500,-218863.46796111448,530513341460.34143,NPB,MLB,gbm
MLB,Jon Gray,2015,509500,28421254.05882252,779066014640195.4,NPB,MLB,gbm
MLB,Yohan Flande,2015,507500,30859341.02475328,921234253591896.25,NPB,MLB,gbm
MLB,Eddie Butler,2015,507500,13303032.170481313,163725643525822.22,NPB,MLB,gbm
MLB,David Hale,2015,507500,16269779.924160551,248449468407594.75,NPB,MLB,gbm
MLB,Jordan Zimmermann,2015,22000000,166695761.15019524,20936863294834352,NPB,MLB,gbm
MLB,Mike Pelfrey,2015,8000000,90089577.22529094,6738698689027005,NPB,MLB,gbm
MLB,Shane Greene,2015,517000,13363469.780884504,165031785831178.75,NPB,MLB,gbm
MLB,Daniel Norris,2015,514500,6947192.764598582,41379536203718.945,NPB,MLB,gbm
MLB,Matthew Boyd,2015,507500,5410861.471805172,24042953723183.383,NPB,MLB,gbm
MLB,Dallas Keuchel,2015,7250000,242405577.5153282,55298145636567530,NPB,MLB,gbm
MLB,Doug Fister,2015,7000000,75186485.82081947,4649396848592814,NPB,MLB,gbm
MLB,Collin McHugh,2015,529000,232810762.69917622,53954817282636416,NPB,MLB,gbm
MLB,Dan Straily,2015,512100,3281595.8076578397,7670107028634.35,NPB,MLB,gbm
MLB,Brad Peacock,2015,507500,3403241.3767176606,8385318120834.692,NPB,MLB,gbm
MLB,Ian Kennedy,2015,14000000,119623745.67707703,11156375650855848,NPB,MLB,gbm
MLB,Chris Young,2015,5750000,155222092.12013042,22341906322768756,NPB,MLB,gbm
MLB,Danny Duffy,2015,4225000,54473194.56388128,2524881056929668,NPB,MLB,gbm
MLB,Dillon Gee,2015,2000000,29952984.277979292,781369330044957.5,NPB,MLB,gbm
MLB,Garrett Richards,2015,6425000,212659389.44410044,42532623389380890,NPB,MLB,gbm
MLB,Héctor Santiago,2015,5000000,89060086.13467191,7066098080968461,NPB,MLB,gbm
MLB,Tim Lincecum,2015,2500000,68075884.81808595,4300196669674876,NPB,MLB,gbm
MLB,Matt Shoemaker,2015,530000,70791547.03389071,4936684991595636,NPB,MLB,gbm
MLB,Andrew Heaney,2015,515000,29066201.156062044,815171087453918.6,NPB,MLB,gbm
MLB,Nick Tropeano,2015,507500,29112920.385584995,818270075436041.6,NPB,MLB,gbm
MLB,Scott Kazmir,2015,16000000,123257269.267868,11504121810799940,NPB,MLB,gbm
MLB,Brett Anderson,2015,15800000,94909790.17290984,6258358901201822,NPB,MLB,gbm
MLB,Brandon Beachy,2015,1500000,13328151.741159745,139905173611900.3,NPB,MLB,gbm
MLB,Joe Wieland,2015,590000,1346731.315004677,572642283108.7078,NPB,MLB,gbm
MLB,Alex Wood,2015,530000,112071503.48898189,12441507000582558,NPB,MLB,gbm
MLB,Carlos Frías,2015,517500,17667616.050289772,294126480538406.9,NPB,MLB,gbm
MLB,Mike Bolsinger,2015,515000,36411594.603932604,1288565504159083.2,NPB,MLB,gbm
MLB,Zach Lee,2015,507500,8294601.803216219,60638954493653.29,NPB,MLB,gbm
MLB,Wei-Yin Chen,2015,16000000,141575498.16555172,15769205739526484,NPB,MLB,gbm
MLB,Tom Koehler,2015,3500000,136193222.46030596,17607491286900246,NPB,MLB,gbm
MLB,José Fernández,2015,2800000,51583542.457915984,2379834014743291.5,NPB,MLB,gbm
MLB,David Phelps,2015,2500000,38397034.013678715,1288597050979206.5,NPB,MLB,gbm
MLB,Jarred Cosart,2015,550000,13303032.170481313,162639829541331.3,NPB,MLB,gbm
MLB,Adam Conley,2015,512500,18672657.252249133,329791311426416.75,NPB,MLB,gbm
MLB,Jeremy Guthrie,2015,507500,143196962.30901015,20360282654034428,NPB,MLB,gbm
MLB,Justin Nicolino,2015,507500,16883983.06770772,268189197666917.7,NPB,MLB,gbm
MLB,Wily Peralta,2015,2800000,26415613.587523606,557697205115229.56,NPB,MLB,gbm
MLB,Jimmy Nelson,2015,522300,72690936.68324222,5208312120717814,NPB,MLB,gbm
MLB,Chase Anderson,2015,520200,65536406.413470104,4227107096398951,NPB,MLB,gbm
MLB,Taylor Jungmann,2015,518500,59200927.69347334,3443627319999726.5,NPB,MLB,gbm
MLB,Tyler Cravy,2015,510600,8911320.747424122,70572109076202.1,NPB,MLB,gbm
MLB,Ariel Peña,2015,510100,22791529.119056232,496462083587527,NPB,MLB,gbm
MLB,Zach Davies,2015,507500,8371839.653903853,61847838191964.58,NPB,MLB,gbm
MLB,Tommy Milone,2015,4500000,69559480.98388328,4232736065892269.5,NPB,MLB,gbm
MLB,Kyle Gibson,2015,587500,132460940.60551967,17390604337137524,NPB,MLB,gbm
MLB,Tyler Duffey,2015,507500,23892844.623882286,546874343177740.1,NPB,MLB,gbm
MLB,Bartolo Colon,2015,7250000,277536746.1558332,73054925147507808,NPB,MLB,gbm
MLB,Matt Harvey,2015,4325000,160873602.82690072,24507465047054708,NPB,MLB,gbm
MLB,Jacob deGrom,2015,607000,219537733.85269034,47930666225277530,NPB,MLB,gbm
MLB,Noah Syndergaard,2015,535375,115616780.40389305,13243729869735186,NPB,MLB,gbm
MLB,Steven Matz,2015,515750,35282704.03366029,1208741092778647.8,NPB,MLB,gbm
MLB,Nathan Eovaldi,2015,5600000,133366506.88222167,16324280280884798,NPB,MLB,gbm
MLB,Michael Pineda,2015,4300000,139946230.93445373,18399899966723152,NPB,MLB,gbm
MLB,Iván Nova,2015,4100000,43966785.08123642,1589360552713495,NPB,MLB,gbm
MLB,Luis Severino,2015,521300,23892844.623882286,546229098106121,NPB,MLB,gbm
MLB,Jeremy Hellickson,2015,7000000,84168329.01360866,5954951002752557,NPB,MLB,gbm
MLB,Brett Oberholtzer,2015,518000,3784234.7053905018,10668289150697.377,NPB,MLB,gbm
MLB,Aaron Nola,2015,517500,24092876.421185486,555798373400588.56,NPB,MLB,gbm
MLB,Jerad Eickhoff,2015,516000,35493287.235883735,1223410622381515.2,NPB,MLB,gbm
MLB,Alec Asher,2015,507500,2973358.081419346,6080456077701.098,NPB,MLB,gbm
MLB,Severino González,2015,507500,17860699.524326887,301133533731098.9,NPB,MLB,gbm
MLB,Adam Morgan,2015,507500,23049891.75553551,508159426060035.3,NPB,MLB,gbm
MLB,Jeff Locke,2015,3025000,60203089.924684614,3269333967435320,NPB,MLB,gbm
MLB,Ryan Vogelsong,2015,2000000,133701772.31432311,17345356830733806,NPB,MLB,gbm
MLB,Gerrit Cole,2015,548000,252947333.9857583,63705423796454370,NPB,MLB,gbm
MLB,Kyle Lobstein,2015,520000,6941484.602627723,41235464501784.92,NPB,MLB,gbm
MLB,Tyson Ross,2015,9625000,166831841.28225398,24713990945943796,NPB,MLB,gbm
MLB,Andrew Cashner,2015,7150000,84116426.82739802,5923830858577213,NPB,MLB,gbm
MLB,Jeremy Guthrie,2015,1250000,143196962.30901015,20148940108755548,NPB,MLB,gbm
MLB,Robbie Erlin,2015,516400,17353311.171026427,283481577781034.5,NPB,MLB,gbm
MLB,Colin Rea,2015,510200,3281595.8076578397,7680634722703.45,NPB,MLB,gbm
MLB,Brandon Morrow,2015,507500,39200334.62472527,1497135451296338.5,NPB,MLB,gbm
MLB,Casey Kelly,2015,507500,3665024.4081818284,9969960388264.006,NPB,MLB,gbm
MLB,Hisashi Iwakuma,2015,12000000,162723438.00143525,22717554762972496,NPB,MLB,gbm
MLB,Taijuan Walker,2015,528600,96576022.4998787,9225107368870206,NPB,MLB,gbm
MLB,Nate Karns,2015,523700,87947318.00031711,7642888984265370,NPB,MLB,gbm
MLB,Mike Montgomery,2015,515000,28355741.79621684,775106903763615.4,NPB,MLB,gbm
MLB,Donn Roach,2015,507500,1346731.315004677,704309200084.4795,NPB,MLB,gbm
MLB,James Paxton,2015,507500,13672301.880168676,173312008544092.72,NPB,MLB,gbm
MLB,Johnny Cueto,2015,21666667,172816567.91071147,22846292545317896,NPB,MLB,gbm
MLB,Jeff Samardzija,2015,18000000,169820566.89677307,23049484532857548,NPB,MLB,gbm
MLB,Chris Heston,2015,530000,77048890.24052799,5855140563641969,NPB,MLB,gbm
MLB,Mike Leake,2015,16000000,129209482.63113911,12816386957610188,NPB,MLB,gbm
MLB,Carlos Martínez,2015,539000,175065330.75733295,30459440127617980,NPB,MLB,gbm
MLB,Michael Wacha,2015,539000,182105089.69534993,32966244927259856,NPB,MLB,gbm
MLB,Jerome Williams,2015,507500,113629409.19522886,12796566339973604,NPB,MLB,gbm
MLB,Drew Smyly,2015,3750000,44600700.31756122,1668779716435196,NPB,MLB,gbm
MLB,Erasmo Ramírez,2015,2375000,100104367.52691066,9551029277209980,NPB,MLB,gbm
MLB,Chase Whitley,2015,524525,5599888.900834994,25759318725899.01,NPB,MLB,gbm
MLB,Jake Odorizzi,2015,520700,69336061.06997213,4735553919190635,NPB,MLB,gbm
MLB,Colby Lewis,2015,6000000,299749619.27118313,86288838821965040,NPB,MLB,gbm
MLB,Nick Martinez,2015,519190,50762938.99319908,2524434312891593.5,NPB,MLB,gbm
MLB,Anthony Ranaudo,2015,509500,1346731.315004677,700956274824.4608,NPB,MLB,gbm
MLB,Chi Chi González,2015,509500,21322845.35879726,433195345024567.44,NPB,MLB,gbm
MLB,Kyle Lohse,2015,507500,132119075.13289784,17321606708962412,NPB,MLB,gbm
MLB,J.A. Happ,2015,12000000,158112140.52156126,21348757607792464,NPB,MLB,gbm
MLB,Marco Estrada,2015,13000000,149742088.53165793,18698398775999776,NPB,MLB,gbm
MLB,Jesse Chavez,2015,4000000,103302587.62738287,9861003909494054,NPB,MLB,gbm
MLB,Drew Hutchison,2015,2200000,69551121.60047789,4536173580842359,NPB,MLB,gbm
MLB,Marcus Stroman,2015,515900,30384421.714457482,892128589407018.1,NPB,MLB,gbm
MLB,Stephen Strasburg,2015,10400000,109496164.003561,9820049720220660,NPB,MLB,gbm
MLB,Joe Ross,2015,514400,30699074.26981343,911114560774736.9,NPB,MLB,gbm
MLB,Mat Latos,2015,507500,33037035.145579442,1058170656787488.1,NPB,MLB,gbm
MLB,Shelby Miller,2016,4700000,15848994.179982811,124300071225290.6,NPB,MLB,gbm
MLB,Patrick Corbin,2016,3950000,48990305.34672208,2028629105725961.8,NPB,MLB,gbm
MLB,Taijuan Walker,2016,2250000,70384484.13733613,4642307928660909,NPB,MLB,gbm
MLB,Jorge De La Rosa,2016,2250000,143417854.77308762,19928363221235556,NPB,MLB,gbm
MLB,Robbie Ray,2016,570400,78920708.36603318,6138770821052489,NPB,MLB,gbm
MLB,Archie Bradley,2016,544100,84863079.19680558,7109690252791332,NPB,MLB,gbm
MLB,Braden Shipley,2016,535000,16131284.757496363,243244098236913.38,NPB,MLB,gbm
MLB,Jake Buchanan,2016,535000,37154705.48982721,1341002830161681,NPB,MLB,gbm
MLB,Sonny Gray,2016,3575000,26727367.498036135,536032120764120,NPB,MLB,gbm
MLB,Kendall Graveman,2016,545000,121525142.43268253,14636194863032152,NPB,MLB,gbm
MLB,Chris Bassitt,2016,540000,5338105.869370827,23021819933690.785,NPB,MLB,gbm
MLB,Daniel Mengden,2016,537500,34747829.97453288,1170346676966422.8,NPB,MLB,gbm
MLB,Sean Manaea,2016,537500,66105844.1956186,4299207760555111.5,NPB,MLB,gbm
MLB,Jharel Cotton,2016,535000,33685533.84148675,1098957893975558.4,NPB,MLB,gbm
MLB,Raúl Alcantara,2016,535000,22388077.602332655,477557000693573.2,NPB,MLB,gbm
MLB,Jesse Hahn,2016,535000,6976456.254770966,41492358682128,NPB,MLB,gbm
MLB,R.A. Dickey,2016,8000000,160938684.22167778,23390241131458072,NPB,MLB,gbm
MLB,John Danks,2016,1500000,42362976.09810331,1669782815594162.2,NPB,MLB,gbm
MLB,Kris Medlen,2016,1000000,29266757.368321504,799009572119558.1,NPB,MLB,gbm
MLB,Mike Foltynewicz,2016,544000,64744707.565491155,4121730851909713,NPB,MLB,gbm
MLB,Matt Wisler,2016,535000,67498818.69390412,4484153014070062.5,NPB,MLB,gbm
MLB,Aaron Blair,2016,535000,15200921.428808387,215089251355981.06,NPB,MLB,gbm
MLB,Chris Tillman,2016,10050000,177540412.1309376,28053038155791332,NPB,MLB,gbm
MLB,Kevin Gausman,2016,3450000,96484621.00100085,8655440704799869,NPB,MLB,gbm
MLB,Tyler Wilson,2016,545000,28733906.68070076,794614459853256,NPB,MLB,gbm
MLB,Alec Asher,2016,535000,31956093.610824827,987285123700216.75,NPB,MLB,gbm
MLB,Drew Pomeranz,2016,4450000,103829529.75210337,9876290933749200,NPB,MLB,gbm
MLB,Steven Wright,2016,593500,153624373.06160358,23418448109996628,NPB,MLB,gbm
MLB,Eduardo Rodríguez,2016,584500,28424905.87944535,775088199532255.25,NPB,MLB,gbm
MLB,Jake Arrieta,2016,15637500,266210106.11659563,62786630936062576,NPB,MLB,gbm
MLB,Kyle Hendricks,2016,760500,244193216.48496228,59259487455248030,NPB,MLB,gbm
MLB,Eddie Butler,2016,535000,8507079.385593511,63554049730205.016,NPB,MLB,gbm
MLB,Miguel González,2016,5900000,136939029.7229351,17171227310728272,NPB,MLB,gbm
MLB,Carlos Rodón,2016,600000,76619081.31328589,5778900723715972,NPB,MLB,gbm
MLB,Lucas Giolito,2016,535000,1346731.315004677,658907727759.2223,NPB,MLB,gbm
MLB,Mike Pelfrey,2016,535000,109995109.6888071,11981515613085682,NPB,MLB,gbm
MLB,Reynaldo López,2016,535000,29362310.65302193,831013839485831.75,NPB,MLB,gbm
MLB,Anthony DeSclafani,2016,585000,61078519.83334721,3659465941827572,NPB,MLB,gbm
MLB,Brandon Finnegan,2016,567000,76488199.69910084,5764028563750749,NPB,MLB,gbm
MLB,Cody Reed,2016,537000,13350332.42650116,164181487872026.12,NPB,MLB,gbm
MLB,Robert Stephenson,2016,535000,8911320.747424122,70162749263727.805,NPB,MLB,gbm
MLB,Tim Adleman,2016,535000,33865218.82794906,1110903487118970.1,NPB,MLB,gbm
MLB,Trevor Bauer,2016,3550000,127146320.29420137,15276050390266814,NPB,MLB,gbm
MLB,Danny Salazar,2016,3400000,116042813.64381234,12688403465594636,NPB,MLB,gbm
MLB,Mike Clevinger,2016,535000,14915927.209466955,206811067403987,NPB,MLB,gbm
MLB,Tyler Chatwood,2016,4400000,91373214.363265,7564340016678444,NPB,MLB,gbm
MLB,Chad Bettis,2016,545000,173471386.4678782,29903535136837968,NPB,MLB,gbm
MLB,Jon Gray,2016,540000,103674678.47933312,10636761905035418,NPB,MLB,gbm
MLB,Tyler Anderson,2016,540000,29103176.390388127,815855045508425.75,NPB,MLB,gbm
MLB,Germán Márquez,2016,537000,3665024.4081818284,9784536698181.277,NPB,MLB,gbm
MLB,Jeff Hoffman,2016,535000,1346731.315004677,658907727759.2223,NPB,MLB,gbm
MLB,Michael Fulmer,2016,551900,121566536.20714179,14644542176346872,NPB,MLB,gbm
MLB,Daniel Norris,2016,545500,37546819.071375534,1369097613021738.8,NPB,MLB,gbm
MLB,Matthew Boyd,2016,544200,26784883.297210973,688573459904526.9,NPB,MLB,gbm
MLB,Charlie Morton,2016,7000000,107162574.55974065,10032541342435604,NPB,MLB,gbm
MLB,Dallas Keuchel,2016,9150000,91839130.01180749,6837492222109602,NPB,MLB,gbm
MLB,Collin McHugh,2016,3850000,134117845.38311051,16969711540757986,NPB,MLB,gbm
MLB,Joe Musgrove,2016,543400,21598804.182452567,443330045286441.06,NPB,MLB,gbm
MLB,Brad Peacock,2016,541500,23500575.153218362,527119131891128.75,NPB,MLB,gbm
MLB,Danny Duffy,2016,13000000,147406639.55969617,18065144757730084,NPB,MLB,gbm
MLB,Jason Hammel,2016,8000000,248480856.67871973,57831042428930936,NPB,MLB,gbm
MLB,Nate Karns,2016,571000,67079332.31419685,4423358267215640.5,NPB,MLB,gbm
MLB,Garrett Richards,2016,6850000,43400819.11965123,1335962378317461.8,NPB,MLB,gbm
MLB,Matt Shoemaker,2016,3325000,128396429.88971606,15642862574658160,NPB,MLB,gbm
MLB,Bud Norris,2016,1750000,59365226.376005776,3319514310358391.5,NPB,MLB,gbm
MLB,Doug Fister,2016,1750000,170567569.82453516,28499371881461804,NPB,MLB,gbm
MLB,Tyler Skaggs,2016,555000,26855659.275856726,691724678344708.4,NPB,MLB,gbm
MLB,Andrew Heaney,2016,543000,46035609.471544586,2069577516530468.2,NPB,MLB,gbm
MLB,Nick Tropeano,2016,542500,34747829.97453288,1170004598666677.5,NPB,MLB,gbm
MLB,Alex Meyer,2016,535000,30029029.61552282,869897782961337.25,NPB,MLB,gbm
MLB,Daniel Wright,2016,535000,15822216.001309585,233698973070695.8,NPB,MLB,gbm
MLB,Rich Hill,2016,16000000,189552104.7907693,30120333077306172,NPB,MLB,gbm
MLB,Alex Wood,2016,2800000,34093159.77232332,979261848536154.4,NPB,MLB,gbm
MLB,Ross Stripling,2016,540000,26415613.587523606,669547378530836.25,NPB,MLB,gbm
MLB,Julio Urías,2016,540000,44784319.56784215,1957559814021339.5,NPB,MLB,gbm
MLB,Brock Stewart,2016,537500,9286202.269700672,76539791403865.7,NPB,MLB,gbm
MLB,Edinson Vólquez,2016,11000000,196340394.28372326,34351061753246e3,NPB,MLB,gbm
MLB,Tom Koehler,2016,5750000,84968142.07175544,6275514033300829,NPB,MLB,gbm
MLB,Jeff Locke,2016,3000000,49669490.15842788,2178041311647596.8,NPB,MLB,gbm
MLB,Dan Straily,2016,552100,171483644.2540257,29217592821065944,NPB,MLB,gbm
MLB,Adam Conley,2016,537500,50243780.09739615,2470714281120800.5,NPB,MLB,gbm
MLB,Justin Nicolino,2016,535000,14055730.480692666,182810152731531.72,NPB,MLB,gbm
MLB,Wily Peralta,2016,4275000,47743963.33777822,1889550773661106.8,NPB,MLB,gbm
MLB,Chase Anderson,2016,2450000,58007417.5137136,3086626640793090.5,NPB,MLB,gbm
MLB,Tommy Milone,2016,1250000,30859341.02475328,876713075920137.6,NPB,MLB,gbm
MLB,Jimmy Nelson,2016,547000,50836075.84126828,2528991148968833,NPB,MLB,gbm
MLB,Junior Guerra,2016,546200,111145960.44214216,12232307009859234,NPB,MLB,gbm
MLB,Zach Davies,2016,546200,89381724.98169152,7891750498772739,NPB,MLB,gbm
MLB,Taylor Jungmann,2016,537600,2973358.081419346,5932917431199.653,NPB,MLB,gbm
MLB,Héctor Santiago,2016,8000000,107772180.47287488,9954487996311916,NPB,MLB,gbm
MLB,Kyle Gibson,2016,2900000,63336964.62895139,3652626693561122,NPB,MLB,gbm
MLB,Nick Tepesch,2016,1000000,20975416.0157052,399017245000491.9,NPB,MLB,gbm
MLB,Tyler Duffey,2016,542500,49881338.49640881,2434320984174712,NPB,MLB,gbm
MLB,Tim Melville,2016,535000,9286202.269700672,76583541165214.2,NPB,MLB,gbm
MLB,Bartolo Colon,2016,535000,303772063.67659676,91952716787204400,NPB,MLB,gbm
MLB,José Berríos,2016,535000,13876164.429367159,177986668331411.53,NPB,MLB,gbm
MLB,Matt Harvey,2016,5125000,27596144.758943014,504952346777372.06,NPB,MLB,gbm
MLB,Jacob deGrom,2016,4050000,112633888.8577842,11790460919479632,NPB,MLB,gbm
MLB,Noah Syndergaard,2016,605500,186516838.73048833,34563025868562372,NPB,MLB,gbm
MLB,Steven Matz,2016,562250,85550325.01514123,7222972894779274,NPB,MLB,gbm
MLB,Robert Gsellman,2016,541750,22266217.857467614,471952503690143.5,NPB,MLB,gbm
MLB,Michael Pineda,2016,7400000,78952691.99720609,5119787732047041,NPB,MLB,gbm
MLB,Luis Severino,2016,550975,19706171.832383897,366921565687370.06,NPB,MLB,gbm
MLB,Bryan Mitchell,2016,550625,1346731.315004677,633785264790.326,NPB,MLB,gbm
MLB,Chad Green,2016,535000,35658754.55528913,1233678134060193.8,NPB,MLB,gbm
MLB,Luis Cessa,2016,535000,23079155.245707896,508238935742578.8,NPB,MLB,gbm
MLB,Jeremy Hellickson,2016,17200000,145075957.4411707,16352260491496098,NPB,MLB,gbm
MLB,Jerad Eickhoff,2016,552000,139287165.52467144,19247446153157980,NPB,MLB,gbm
MLB,Vince Velasquez,2016,547000,77735899.04828078,5958126136285681,NPB,MLB,gbm
MLB,Aaron Nola,2016,544000,59314094.23954601,3453923976925119,NPB,MLB,gbm
MLB,Adam Morgan,2016,539000,18536556.982847333,323912057350836.8,NPB,MLB,gbm
MLB,Zach Eflin,2016,537000,10825372.478770666,105850608261925.66,NPB,MLB,gbm
MLB,Jake Thompson,2016,535000,6976456.254770966,41492358682128,NPB,MLB,gbm
MLB,Iván Nova,2016,8666667,135249347.6628667,16023175043797290,NPB,MLB,gbm
MLB,Gerrit Cole,2016,3750000,48824893.96670649,2031746066109833.2,NPB,MLB,gbm
MLB,Jameson Taillon,2016,555500,49391824.367504776,2384986577728140.5,NPB,MLB,gbm
MLB,Chad Kuhl,2016,550000,19985909.143466923,377754564233101.1,NPB,MLB,gbm
MLB,Tyler Glasnow,2016,541000,30029029.61552282,869543890605951,NPB,MLB,gbm
MLB,Steven Brault,2016,535000,1716001.024692046,1394763420323.6626,NPB,MLB,gbm
MLB,Christian Friedrich,2016,1790000,48276849.7175227,2161027196659540.5,NPB,MLB,gbm
MLB,Jhoulys Chacín,2016,1750000,58456783.254692875,3215659267094716,NPB,MLB,gbm
MLB,Jarred Cosart,2016,566300,8512787.547564372,63146664343595.63,NPB,MLB,gbm
MLB,Colin Rea,2016,545800,31985364.655081313,988446225701038.1,NPB,MLB,gbm
MLB,Robbie Erlin,2016,545500,17247909.03932408,278970467716894.7,NPB,MLB,gbm
MLB,Luis Perdomo,2016,544300,60974662.79056638,3651828746999469.5,NPB,MLB,gbm
MLB,Jake Esch,2016,535000,1346731.315004677,658907727759.2223,NPB,MLB,gbm
MLB,Drew Smyly,2016,6850000,70736594.48052059,4081496954318484,NPB,MLB,gbm
MLB,James Paxton,2016,2350000,72946643.17307597,4983886027306615,NPB,MLB,gbm
MLB,Aríel Miranda,2016,540500,14605649.584977124,197828432847782.16,NPB,MLB,gbm
MLB,Rob Whalen,2016,537500,25565223.290706746,626386933116184.9,NPB,MLB,gbm
MLB,Dillon Overton,2016,536600,3726056.39163071,10172632074113.99,NPB,MLB,gbm
MLB,Ty Blach,2016,536500,16866057.512710556,266654448560921.78,NPB,MLB,gbm
MLB,Albert Suárez,2016,535000,11766700.877687901,126151104605855.17,NPB,MLB,gbm
MLB,Carlos Martínez,2016,10200000,218195380.31011164,43262078230347976,NPB,MLB,gbm
MLB,Michael Wacha,2016,2775000,65353145.88540725,3916024342455312,NPB,MLB,gbm
MLB,Luke Weaver,2016,535000,35658754.55528913,1233678134060193.8,NPB,MLB,gbm
MLB,Alex Cobb,2016,4200000,14954778.507574424,115665260746984.77,NPB,MLB,gbm
MLB,Jake Odorizzi,2016,4100000,123894862.31982084,14350809038224830,NPB,MLB,gbm
MLB,Nathan Eovaldi,2016,2000000,50623326.71978456,2364227901298915,NPB,MLB,gbm
MLB,Blake Snell,2016,545000,48403180.62895209,2290405453113405.5,NPB,MLB,gbm
MLB,José De León,2016,535600,5453698.592723247,24187693767746.38,NPB,MLB,gbm
MLB,Matt Andriese,2016,535000,43200526.05238399,1820347113326657,NPB,MLB,gbm
MLB,Andrew Cashner,2016,10000000,54654212.36002957,1993998681494617.8,NPB,MLB,gbm
MLB,A.J. Griffin,2016,2000000,64280747.13640272,3878891463868535.5,NPB,MLB,gbm
MLB,Chi Chi González,2016,537000,1346731.315004677,655664802499.2035,NPB,MLB,gbm
MLB,Marcus Stroman,2016,3400000,107810896.10653882,10901635225770442,NPB,MLB,gbm
MLB,Mat Latos,2016,1500000,35939134.385383226,1186053977214485.2,NPB,MLB,gbm
MLB,Mike Bolsinger,2016,545700,22894249.462270416,499457663067547.3,NPB,MLB,gbm
MLB,Brett Anderson,2016,535000,11762556.95819395,126058035249489.39,NPB,MLB,gbm
MLB,Lucas Harrell,2016,535000,49558295.82083538,2403283533137136,NPB,MLB,gbm
MLB,Aaron Sanchez,2016,535000,222225215.07687086,49146551460829256,NPB,MLB,gbm
MLB,Stephen Strasburg,2016,25000000,213937807.08809316,35697494947257508,NPB,MLB,gbm
MLB,Tanner Roark,2016,4315000,239859010.93797648,55480981088749584,NPB,MLB,gbm
MLB,Edwin Jackson,2016,1000000,94801160.99450763,8798657803917539,NPB,MLB,gbm
MLB,Joe Ross,2016,551000,46397696.095455654,2101919542869068.8,NPB,MLB,gbm
MLB,A.J. Cole,2016,535000,28421254.05882252,777643165433195.5,NPB,MLB,gbm
MLB,Patrick Corbin,2017,7500000,170039203.58382472,26418992701664020,NPB,MLB,gbm
MLB,Shelby Miller,2017,4900000,9286202.269700672,19238770350727.332,NPB,MLB,gbm
MLB,Taijuan Walker,2017,4825000,63615756.410962306,3456353039373105.5,NPB,MLB,gbm
MLB,Robbie Ray,2017,3950000,205557069.3371775,40645410406725490,NPB,MLB,gbm
MLB,Clay Buchholz,2017,1500000,78480276.25922251,5925962932946216,NPB,MLB,gbm
MLB,Zack Godley,2017,579200,104874938.0256192,10877600970308590,NPB,MLB,gbm
MLB,Brett Anderson,2017,4000000,31970011.574438218,782321547474207.9,NPB,MLB,gbm
MLB,Kendall Graveman,2017,2360000,26415613.587523606,578672545072250.4,NPB,MLB,gbm
MLB,Trevor Cahill,2017,1500000,62771841.292613186,3754238535387178.5,NPB,MLB,gbm
MLB,Edwin Jackson,2017,1500000,100589481.0242269,9818725249650624,NPB,MLB,gbm
MLB,Jharel Cotton,2017,550000,48321883.224211775,2282152826787726.5,NPB,MLB,gbm
MLB,Sean Manaea,2017,550000,82475916.31658426,6711855764311967,NPB,MLB,gbm
MLB,Andrew Triggs,2017,550000,27171376.784734182,708697701914784,NPB,MLB,gbm
MLB,Paul Blackburn,2017,547500,13907082.882554986,178478454795856.2,NPB,MLB,gbm
MLB,Daniel Gossett,2017,547500,10848133.595441429,106103052467536.62,NPB,MLB,gbm
MLB,Daniel Mengden,2017,547500,19683727.682825226,366195209928926.56,NPB,MLB,gbm
MLB,Mike Foltynewicz,2017,2200000,76575852.07712667,5531767372198627,NPB,MLB,gbm
MLB,Aníbal Sánchez,2017,1000000,111164287.84660277,12136170316749150,NPB,MLB,gbm
MLB,Luiz Gohara,2017,555000,30781727.925734174,913655081096358.1,NPB,MLB,gbm
MLB,Sean Newcomb,2017,555000,55430206.36340307,3011288273426072.5,NPB,MLB,gbm
MLB,Lucas Sims,2017,545000,6976456.254770966,41363629557032.586,NPB,MLB,gbm
MLB,Alex Cobb,2017,14250000,96757039.2827229,6807411531200781,NPB,MLB,gbm
MLB,Andrew Cashner,2017,8000000,103745772.35564734,9167252923979442,NPB,MLB,gbm
MLB,Kevin Gausman,2017,5600000,129319950.06049128,15306626042970456,NPB,MLB,gbm
MLB,Dylan Bundy,2017,1640000,92986035.78204021,8344098253093770,NPB,MLB,gbm
MLB,Drew Pomeranz,2017,8500000,194151307.58003852,34466408006178068,NPB,MLB,gbm
MLB,Eduardo Rodríguez,2017,2375000,84606444.96690167,6762010541344579,NPB,MLB,gbm
MLB,Steven Wright,2017,1100000,87054773.51384872,7388223089817030,NPB,MLB,gbm
MLB,Brian Johnson,2017,548000,-218863.46796111448,588079578493.3473,NPB,MLB,gbm
MLB,Yu Darvish,2017,21000000,166274377.12946916,21104644650355232,NPB,MLB,gbm
MLB,Tyler Chatwood,2017,12666667,54460412.833655514,1746717190808197.5,NPB,MLB,gbm
MLB,Kyle Hendricks,2017,4175000,85371147.96700913,6592814444680440,NPB,MLB,gbm
MLB,Eddie Butler,2017,570750,11341040.13457942,115999149583018.78,NPB,MLB,gbm
MLB,Jaime García,2017,545000,82098750.5005359,6651014220703660,NPB,MLB,gbm
MLB,Jen-Ho Tseng,2017,545000,32802723.787173335,1040560743929568.4,NPB,MLB,gbm
MLB,Miguel González,2017,4750000,152318572.92616838,21776483715465876,NPB,MLB,gbm
MLB,Carlos Rodón,2017,2300000,38883404.39524028,1338345477145685.5,NPB,MLB,gbm
MLB,Héctor Santiago,2017,2000000,38658145.45568225,1343819628249957,NPB,MLB,gbm
MLB,Lucas Giolito,2017,555000,19654005.019675996,364771992741608.9,NPB,MLB,gbm
MLB,Reynaldo López,2017,555000,9294749.347948115,76383218664959.5,NPB,MLB,gbm
MLB,Carson Fulmer,2017,552000,8473156.408958737,62744718855188.07,NPB,MLB,gbm
MLB,Dylan Covey,2017,545000,8930812.821652994,70321856679799.74,NPB,MLB,gbm
MLB,Tyler Danish,2017,545000,44795657.50301735,1958120689449345.8,NPB,MLB,gbm
MLB,Vance Worley,2017,1500000,34322825.06604617,1077337845316268.9,NPB,MLB,gbm
MLB,Brandon Finnegan,2017,577500,33654995.433857925,1094120704176891.9,NPB,MLB,gbm
MLB,Luis Castillo,2017,555000,55408085.668017216,3008861007302835.5,NPB,MLB,gbm
MLB,Rookie Davis,2017,545000,4908222.574072512,19037711230895.957,NPB,MLB,gbm
MLB,Jackson Stephens,2017,545000,8473156.408958737,62855664044913.49,NPB,MLB,gbm
MLB,Amir Garrett,2017,545000,19676908.342211515,366029916814782.56,NPB,MLB,gbm
MLB,Sal Romano,2017,545000,23221341.60405288,514216468543699.5,NPB,MLB,gbm
MLB,Tyler Mahle,2017,545000,5959064.849611551,29312098195799.34,NPB,MLB,gbm
MLB,Trevor Bauer,2017,6525000,192870871.6916429,34724783896518244,NPB,MLB,gbm
MLB,Danny Salazar,2017,5000000,57154421.949754775,2720083728913062.5,NPB,MLB,gbm
MLB,Adam Wilk,2017,560000,20439371.462070055,395189409726965.3,NPB,MLB,gbm
MLB,Mike Clevinger,2017,558500,109695460.57195003,11910876162883376,NPB,MLB,gbm
MLB,Ryan Merritt,2017,545800,22655159.37550192,488823771995094.6,NPB,MLB,gbm
MLB,Chad Bettis,2017,2000000,25905747.16913757,571484747714729,NPB,MLB,gbm
MLB,Jon Gray,2017,555000,79981640.09751791,6308591157180639,NPB,MLB,gbm
MLB,Tyler Anderson,2017,555000,29716863.3448429,850414273743291.9,NPB,MLB,gbm
MLB,Kyle Freeland,2017,550000,71151323.64061497,4984546899806858,NPB,MLB,gbm
MLB,Germán Márquez,2017,550000,92110322.76475342,8383292704785823,NPB,MLB,gbm
MLB,Antonio Senzatela,2017,545000,67820540.30770035,4525998323693015,NPB,MLB,gbm
MLB,Jeff Hoffman,2017,545000,22148442.55244443,466708730116766.6,NPB,MLB,gbm
MLB,Michael Fulmer,2017,575200,106335131.89906317,11185163195294480,NPB,MLB,gbm
MLB,Matthew Boyd,2017,562000,47099809.529860966,2165767715837618.2,NPB,MLB,gbm
MLB,Daniel Norris,2017,561400,23948995.241176065,546979611165081.3,NPB,MLB,gbm
MLB,Buck Farmer,2017,554800,32785837.938630976,1038839806601469.2,NPB,MLB,gbm
MLB,Dallas Keuchel,2017,13200000,174875109.82346308,26138841136428848,NPB,MLB,gbm
MLB,Collin McHugh,2017,5000000,62507749.614682764,3307141265745045.5,NPB,MLB,gbm
MLB,Brad Peacock,2017,2440000,124998644.14711547,15020621255179280,NPB,MLB,gbm
MLB,David Paulino,2017,545000,33973949.47511464,1117494663009767.6,NPB,MLB,gbm
MLB,Nate Karns,2017,1375000,58635282.57849744,3278739960969377.5,NPB,MLB,gbm
MLB,Jesse Hahn,2017,574000,15359542.232194293,218612259100001,NPB,MLB,gbm
MLB,Eric Skoglund,2017,545000,-218863.46796111448,583487397685.5806,NPB,MLB,gbm
MLB,Sam Gaviglio,2017,545000,19724126.112002756,367838878420106,NPB,MLB,gbm
MLB,Garrett Richards,2017,7300000,54795331.43646884,2255806508260025,NPB,MLB,gbm
MLB,Matt Shoemaker,2017,4125000,51900486.29188794,2282497090426372.5,NPB,MLB,gbm
MLB,JC Ramírez,2017,1900000,99274097.48826997,9481714861655104,NPB,MLB,gbm
MLB,Tyler Skaggs,2017,1875000,25193658.66164856,543759841778477.44,NPB,MLB,gbm
MLB,Andrew Heaney,2017,800000,28463434.832557026,765265626735129.4,NPB,MLB,gbm
MLB,Alex Meyer,2017,551500,53597985.013821825,2813929572321623.5,NPB,MLB,gbm
MLB,Parker Bridwell,2017,545000,76184288.30800848,5721301935742028,NPB,MLB,gbm
MLB,Alex Wood,2017,6000000,209249990.55375177,41310558660100184,NPB,MLB,gbm
MLB,Julio Urías,2017,550000,-218863.46796111448,591151032365.1918,NPB,MLB,gbm
MLB,Dan Straily,2017,3370000,113919362.44016361,12221161535926658,NPB,MLB,gbm
MLB,José Ureña,2017,575000,127200407.24547482,16033993760082346,NPB,MLB,gbm
MLB,Adam Conley,2017,545000,34100673.607828006,1125983231275085,NPB,MLB,gbm
MLB,Dillon Peters,2017,545000,1716001.024692046,1371243399829.8218,NPB,MLB,gbm
MLB,Jhoulys Chacín,2017,7750000,116925015.18344444,11919183940305324,NPB,MLB,gbm
MLB,Chase Anderson,2017,5875000,135468601.08323953,16794501441721820,NPB,MLB,gbm
MLB,Jimmy Nelson,2017,3700000,124670692.87682162,14633908535098302,NPB,MLB,gbm
MLB,Wade Miley,2017,2500000,77837936.4036216,5675804661556133,NPB,MLB,gbm
MLB,Yovani Gallardo,2017,2000000,69073201.43585184,4498814350854357.5,NPB,MLB,gbm
MLB,Zach Davies,2017,572000,207696896.57606673,42900722781646344,NPB,MLB,gbm
MLB,Brent Suter,2017,556500,16112240.542405656,241981063822643,NPB,MLB,gbm
MLB,Brandon Woodruff,2017,550100,6976456.254770966,41298054713233.92,NPB,MLB,gbm
MLB,Junior Guerra,2017,545000,108457847.63314165,11645182684293646,NPB,MLB,gbm
MLB,Aaron Wilkerson,2017,545000,33133278.837509885,1061995917591294.6,NPB,MLB,gbm
MLB,Lance Lynn,2017,12000000,150208807.29071128,19101674412720968,NPB,MLB,gbm
MLB,Michael Pineda,2017,5000000,71192604.22206451,4381460853698872.5,NPB,MLB,gbm
MLB,Kyle Gibson,2017,4200000,89703291.5443813,7310812864923468,NPB,MLB,gbm
MLB,Aníbal Sánchez,2017,2500000,111164287.84660277,11807927453209342,NPB,MLB,gbm
MLB,José Berríos,2017,570000,154497535.57829165,23693686209206244,NPB,MLB,gbm
MLB,Aaron Slegers,2017,545000,6538291.916305577,35919547994053.78,NPB,MLB,gbm
MLB,Adalberto Mejía,2017,545000,28682772.55553805,791734244387190.4,NPB,MLB,gbm
MLB,Jason Vargas,2017,8000000,261526495.3936679,64275683866595510,NPB,MLB,gbm
MLB,Jacob deGrom,2017,7400000,262665259.94335958,65160352933950936,NPB,MLB,gbm
MLB,Matt Harvey,2017,5625000,28963751.268149525,544697310756551.06,NPB,MLB,gbm
MLB,Noah Syndergaard,2017,2975000,52213537.78911725,2424433603610327,NPB,MLB,gbm
MLB,Zack Wheeler,2017,1900000,26917874.24800026,625894031888754.6,NPB,MLB,gbm
MLB,A.J. Griffin,2017,750000,40223740.23864804,1558176168428261.5,NPB,MLB,gbm
MLB,Steven Matz,2017,577000,10796108.988598287,104430188520850.31,NPB,MLB,gbm
MLB,Seth Lugo,2017,564000,40551710.43679874,1599016985977262.5,NPB,MLB,gbm
MLB,Robert Gsellman,2017,562375,41703128.67624444,1692561613049420.2,NPB,MLB,gbm
MLB,Rafael Montero,2017,558025,39513173.05848573,1517503560258544.8,NPB,MLB,gbm
MLB,Chris Flexen,2017,545000,6976456.254770966,41363629557032.586,NPB,MLB,gbm
MLB,CC Sabathia,2017,10000000,222791838.81239924,45280366665162096,NPB,MLB,gbm
MLB,Sonny Gray,2017,6500000,106688931.51959758,10037821999038612,NPB,MLB,gbm
MLB,Luis Severino,2017,604975,219745081.330839,48022386202691424,NPB,MLB,gbm
MLB,Jordan Montgomery,2017,580450,56480410.56043882,3124805590658615.5,NPB,MLB,gbm
MLB,Luis Cessa,2017,568925,7284693.981009457,45101553006288.805,NPB,MLB,gbm
MLB,Jake Arrieta,2017,25000000,193687037.505521,28455316622389048,NPB,MLB,gbm
MLB,Aaron Nola,2017,573000,129447679.1320236,16608682921382040,NPB,MLB,gbm
MLB,Jerad Eickhoff,2017,568000,47698384.287356466,2221273123073897.2,NPB,MLB,gbm
MLB,Vince Velasquez,2017,559000,21242503.12517731,427807301529219.5,NPB,MLB,gbm
MLB,Nick Pivetta,2017,551000,67476716.50905022,4479051530249757,NPB,MLB,gbm
MLB,Ben Lively,2017,550000,29174521.27213458,819363218058885,NPB,MLB,gbm
MLB,Jake Thompson,2017,549000,8874345.513098035,69311377912461.586,NPB,MLB,gbm
MLB,Zach Eflin,2017,545000,20745316.05725173,408052768812862.06,NPB,MLB,gbm
MLB,Gerrit Cole,2017,6750000,148597770.37347776,20120789959926876,NPB,MLB,gbm
MLB,Jameson Taillon,2017,571000,62496439.976601325,3834760116295653.5,NPB,MLB,gbm
MLB,Chad Kuhl,2017,570500,50771713.169786416,2520161803718337,NPB,MLB,gbm
MLB,Trevor Williams,2017,569500,60275097.33507302,3564758353137878,NPB,MLB,gbm
MLB,Tyler Glasnow,2017,556500,17982881.633082915,303678776821849.56,NPB,MLB,gbm
MLB,Clayton Richard,2017,3000000,189784194.32374433,34888335249170284,NPB,MLB,gbm
MLB,Tyson Ross,2017,1750000,35167744.80000021,1116745667517941.2,NPB,MLB,gbm
MLB,Luis Perdomo,2017,566800,55475866.65771147,3015005601221001.5,NPB,MLB,gbm
MLB,Dinelson Lamet,2017,555700,65777482.96117559,4253880972634694.5,NPB,MLB,gbm
MLB,James Paxton,2017,4900000,138819687.16574335,17934482610570564,NPB,MLB,gbm
MLB,Erasmo Ramírez,2017,4200000,37430606.91236515,1104273235764130.8,NPB,MLB,gbm
MLB,Marco Gonzales,2017,550300,7729154.564982327,51535952865167.59,NPB,MLB,gbm
MLB,Aríel Miranda,2017,545000,66636865.737409525,4368134716651767,NPB,MLB,gbm
MLB,Rob Whalen,2017,545000,3665024.4081818284,9734552307650.37,NPB,MLB,gbm
MLB,Chase De Jong,2017,545000,2973358.081419346,5896922971594.646,NPB,MLB,gbm
MLB,Christian Bergman,2017,545000,34317568.15778777,1140586359972420.5,NPB,MLB,gbm
MLB,Derek Holland,2017,1750000,76141589.46816064,5534108583599350,NPB,MLB,gbm
MLB,Ty Blach,2017,565000,68510344.51226713,4616569840890669,NPB,MLB,gbm
MLB,Chris Stratton,2017,552500,13275904.627232578,161885025308283.38,NPB,MLB,gbm
MLB,Michael Wacha,2017,5300000,94140200.50785597,7892581226276052,NPB,MLB,gbm
MLB,Luke Weaver,2017,550800,50168060.73000651,2461872562349446,NPB,MLB,gbm
MLB,Jack Flaherty,2017,545000,9286202.269700672,76408617119820.19,NPB,MLB,gbm
MLB,Jake Odorizzi,2017,6300000,75836305.24293247,4835297746838278,NPB,MLB,gbm
MLB,Matt Andriese,2017,558400,31282458.127808694,943967747840967.5,NPB,MLB,gbm
MLB,Blake Snell,2017,558200,46200627.78557,2083231214160972.8,NPB,MLB,gbm
MLB,Jake Faria,2017,555000,47402858.345428884,2194721831553370.8,NPB,MLB,gbm
MLB,Anthony Banda,2017,545000,21225934.336090438,427701045013684.44,NPB,MLB,gbm
MLB,Ryan Weber,2017,545000,26304933.660249606,663574182180460.6,NPB,MLB,gbm
MLB,Doug Fister,2017,4000000,112147813.04003286,11695949465341902,NPB,MLB,gbm
MLB,Yovani Gallardo,2017,2000000,69073201.43585184,4498814350854357.5,NPB,MLB,gbm
MLB,Edinson Vólquez,2017,1000000,111089003.53470595,12119588699264500,NPB,MLB,gbm
MLB,Bartolo Colon,2017,1750000,126330281.7109535,15520246591180536,NPB,MLB,gbm
MLB,Jesse Chavez,2017,1500000,139562075.73410562,19061136756009916,NPB,MLB,gbm
MLB,Chris Tillman,2017,545000,27141784.645664167,707388953487837.1,NPB,MLB,gbm
MLB,Marco Estrada,2017,13000000,204498434.20058092,36671650301274224,NPB,MLB,gbm
MLB,Jaime García,2017,10000000,82098750.5005359,5198229823738526,NPB,MLB,gbm
MLB,Marcus Stroman,2017,6500000,136637650.5322092,16935808086043406,NPB,MLB,gbm
MLB,Aaron Sanchez,2017,2700000,5349829.488356296,7021596317362.589,NPB,MLB,gbm
MLB,Nick Tepesch,2017,572300,13328151.741159745,162711753642448.1,NPB,MLB,gbm
MLB,Chris Rowley,2017,545000,1346731.315004677,642773101459.1287,NPB,MLB,gbm
MLB,Tanner Roark,2017,6475000,131589225.07128374,15653569315187846,NPB,MLB,gbm
MLB,Jeremy Hellickson,2017,2000000,88323867.0260167,7451810018325413,NPB,MLB,gbm
MLB,Edwin Jackson,2017,1500000,100589481.0242269,9818725249650624,NPB,MLB,gbm
MLB,Joe Ross,2017,567900,27925380.098162916,748431717321380,NPB,MLB,gbm
MLB,A.J. Cole,2017,555300,8911320.747424122,69823082731382.38,NPB,MLB,gbm
MLB,Erick Fedde,2017,545000,22791529.119056232,494908057845016.9,NPB,MLB,gbm
MLB,Robbie Ray,2018,6050000,78269212.97924602,5215614723341697,NPB,MLB,gbm
MLB,Taijuan Walker,2018,5025000,1346731.315004677,13529660519017.223,NPB,MLB,gbm
MLB,Zack Godley,2018,609400,197591545.0606464,38801965472693544,NPB,MLB,gbm
MLB,Luke Weaver,2018,581300,62644817.2222113,3851880169991719,NPB,MLB,gbm
MLB,Matt Koch,2018,567600,27559169.52461693,728544825402229.5,NPB,MLB,gbm
MLB,Marco Estrada,2018,4000000,124011988.61777641,14402877411993294,NPB,MLB,gbm
MLB,Sean Manaea,2018,3150000,107644977.27599207,10919200275910098,NPB,MLB,gbm
MLB,Brett Anderson,2018,1500000,63436766.84155413,3836163086785039,NPB,MLB,gbm
MLB,Chris Bassitt,2018,565000,35328956.61729804,1208532679689380,NPB,MLB,gbm
MLB,Daniel Gossett,2018,560000,1346731.315004677,618946162008.9884,NPB,MLB,gbm
MLB,Frankie Montas,2018,560000,12871663.26540197,151577052360648.3,NPB,MLB,gbm
MLB,Edwin Jackson,2018,555000,106982036.2569874,11326714046446110,NPB,MLB,gbm
MLB,Paul Blackburn,2018,555000,9921228.569630895,87726237618570,NPB,MLB,gbm
MLB,Daniel Mengden,2018,555000,51940010.70393779,2640419325043801.5,NPB,MLB,gbm
MLB,Dallas Keuchel,2018,21021527,147644469.08513656,16033369462295848,NPB,MLB,gbm
MLB,Kevin Gausman,2018,9350000,103980000.51608649,8954836997674529,NPB,MLB,gbm
MLB,Mike Foltynewicz,2018,5475000,142044582.79384395,18651250944484600,NPB,MLB,gbm
MLB,Sean Newcomb,2018,575000,98771827.18214975,9642616868640984,NPB,MLB,gbm
MLB,Touki Toussaint,2018,555000,32261982.07288545,1005332712170279.2,NPB,MLB,gbm
MLB,Michael Soroka,2018,555000,5599888.900834994,25450904021768.117,NPB,MLB,gbm
MLB,Dylan Bundy,2018,2800000,84722611.13722491,6711314215540967,NPB,MLB,gbm
MLB,Dan Straily,2018,575000,72225910.09230784,5133852917055981,NPB,MLB,gbm
MLB,David Hess,2018,563500,27620780.77527286,732096442951950.4,NPB,MLB,gbm
MLB,Jimmy Yacabonis,2018,559000,10809210.005751196,105066805162001.94,NPB,MLB,gbm
MLB,Josh Rogers,2018,555000,-218863.46796111448,598864667044.8029,NPB,MLB,gbm
MLB,Yefry Ramírez,2018,555000,16446550.340289505,252541372217955.5,NPB,MLB,gbm
MLB,Luis Ortiz,2018,555000,1346731.315004677,626838475159.0352,NPB,MLB,gbm
MLB,Nathan Eovaldi,2018,17000000,67377851.25570266,2537927897141702,NPB,MLB,gbm
MLB,Eduardo Rodríguez,2018,4300000,101683855.42344953,9483615297135320,NPB,MLB,gbm
MLB,Erasmo Ramírez,2018,1000000,21276169.77410319,411123060708255.8,NPB,MLB,gbm
MLB,Jhoulys Chacín,2018,555000,243299708.18989092,58924993354195296,NPB,MLB,gbm
MLB,Kyle Hendricks,2018,7405000,203476613.01748627,38444077431278896,NPB,MLB,gbm
MLB,Mike Montgomery,2018,2440000,48678974.10826679,2138042726584967,NPB,MLB,gbm
MLB,Kendall Graveman,2018,575000,6863415.88073061,39544174289024.94,NPB,MLB,gbm
MLB,Ervin Santana,2018,4300000,85895223.05535646,6657780425453374,NPB,MLB,gbm
MLB,Carlos Rodón,2018,4200000,44144609.18015197,1595571802555081,NPB,MLB,gbm
MLB,Reynaldo López,2018,580000,97230342.92847155,9341288788191150,NPB,MLB,gbm
MLB,Lucas Giolito,2018,573000,70756072.19058906,4925663622109435,NPB,MLB,gbm
MLB,Dylan Covey,2018,571000,35204296.995026216,1199465260745692,NPB,MLB,gbm
MLB,Carson Fulmer,2018,555000,12810718.294442413,150202630912730.47,NPB,MLB,gbm
MLB,Michael Kopech,2018,555000,52968265.16117789,2747150364855944,NPB,MLB,gbm
MLB,Sonny Gray,2018,10166667,77548631.94273584,4540329199544081,NPB,MLB,gbm
MLB,Tanner Roark,2018,10000000,127464697.05312344,13797955053782068,NPB,MLB,gbm
MLB,Alex Wood,2018,9650000,75959650.10541265,4396969697102251.5,NPB,MLB,gbm
MLB,Anthony DeSclafani,2018,2125000,50279191.735551305,2318826181704237.5,NPB,MLB,gbm
MLB,Tyler Mahle,2018,570000,49484805.06557464,2392658154603166.5,NPB,MLB,gbm
MLB,Robert Stephenson,2018,565000,9286202.269700672,76059369029032.16,NPB,MLB,gbm
MLB,Luis Castillo,2018,557500,101779910.14496925,10245976315556374,NPB,MLB,gbm
MLB,Brandon Finnegan,2018,555000,-218863.46796111448,598864667044.8029,NPB,MLB,gbm
MLB,Sal Romano,2018,555000,54705346.26751532,2932260000891810,NPB,MLB,gbm
MLB,Carlos Carrasco,2018,11750000,286880023.24452835,75696529690534700,NPB,MLB,gbm
MLB,Trevor Bauer,2018,13000000,139994322.02052736,16127557825453402,NPB,MLB,gbm
MLB,Mike Clevinger,2018,592200,166317399.31511062,27464841688033144,NPB,MLB,gbm
MLB,Shane Bieber,2018,559600,91848717.9890189,8333703063213015,NPB,MLB,gbm
MLB,Jefry Rodríguez,2018,555000,9750150.426421475,84550791364519.03,NPB,MLB,gbm
MLB,Adam Plutko,2018,555000,16131284.757496363,242620646846613.53,NPB,MLB,gbm
MLB,Germán Márquez,2018,8600000,209376741.01593584,40311299732980176,NPB,MLB,gbm
MLB,Chad Bettis,2018,3325000,50863072.59531319,2259868346077267,NPB,MLB,gbm
MLB,Jon Gray,2018,2925000,106699117.54825868,10769067472919810,NPB,MLB,gbm
MLB,Tyler Anderson,2018,2625000,68261412.188039,4308138604918155,NPB,MLB,gbm
MLB,Germán Márquez,2018,565000,209376741.01593584,43602343186106264,NPB,MLB,gbm
MLB,Kyle Freeland,2018,565000,217885926.12225452,47228384930634410,NPB,MLB,gbm
MLB,Antonio Senzatela,2018,560000,21286477.111399718,429586853449376.4,NPB,MLB,gbm
MLB,Tyson Ross,2018,5750000,104791801.3937905,9809278423327042,NPB,MLB,gbm
MLB,Michael Fulmer,2018,2800000,37329193.94550518,1192265234526311.5,NPB,MLB,gbm
MLB,Matthew Boyd,2018,2600000,66382133.44494373,4068160546788610,NPB,MLB,gbm
MLB,Daniel Norris,2018,1275000,34093159.77232332,1077031610841740.5,NPB,MLB,gbm
MLB,Spencer Turnbull,2018,556100,11604495.362877822,122067040094460.16,NPB,MLB,gbm
MLB,Edwin Jackson,2018,555000,106982036.2569874,11326714046446110,NPB,MLB,gbm
MLB,Ryan Carpenter,2018,555000,22878992.881079845,498360658154503.6,NPB,MLB,gbm
MLB,Gerrit Cole,2018,13500000,252882579.1971039,57304019223057710,NPB,MLB,gbm
MLB,Wade Miley,2018,4500000,65194083.62632239,3683771787239015.5,NPB,MLB,gbm
MLB,Josh James,2018,566800,39056303.909727104,1481441911216898,NPB,MLB,gbm
MLB,Framber Valdez,2018,566600,30854917.42738947,917382172582304.6,NPB,MLB,gbm
MLB,Eric Skoglund,2018,568175,15953619.73901974,236711909817430.22,NPB,MLB,gbm
MLB,Trevor Oaks,2018,555350,1346731.315004677,626284385738.5319,NPB,MLB,gbm
MLB,Homer Bailey,2018,555000,92982539.12420072,8542849988555654,NPB,MLB,gbm
MLB,Heath Fillmyer,2018,555000,17667616.050289772,292841628084635.1,NPB,MLB,gbm
MLB,Ben Lively,2018,555000,9286202.269700672,76233893074426.17,NPB,MLB,gbm
MLB,Trevor Cahill,2018,9000000,68910188.47260521,3589230682823078.5,NPB,MLB,gbm
MLB,Tyler Skaggs,2018,3700000,80904081.57967696,5960470212561415,NPB,MLB,gbm
MLB,Andrew Heaney,2018,3400000,100647398.08897868,9457056435076294,NPB,MLB,gbm
MLB,JC Ramírez,2018,1901000,22004966.24503585,404169458781540.8,NPB,MLB,gbm
MLB,Nick Tropeano,2018,1075000,21658990.604655918,423700669212563.1,NPB,MLB,gbm
MLB,Félix Peña,2018,569000,36842784.61244234,1315787450109858.5,NPB,MLB,gbm
MLB,Jaime Barria,2018,563500,73107157.39385122,5262582228076465,NPB,MLB,gbm
MLB,Dillon Peters,2018,555000,1407763.298453553,727205243189.3837,NPB,MLB,gbm
MLB,Clayton Kershaw,2018,31000000,154257107.90792015,15192314649824672,NPB,MLB,gbm
MLB,Ross Stripling,2018,595000,106837225.14785966,11287410404368504,NPB,MLB,gbm
MLB,Walker Buehler,2018,570000,114979418.78772369,13089515107344742,NPB,MLB,gbm
MLB,Dan Straily,2018,5000000,72225910.09230784,4519322987739057,NPB,MLB,gbm
MLB,José Ureña,2018,3200000,60270040.304677695,3256989500377536.5,NPB,MLB,gbm
MLB,Trevor Richards,2018,570000,61548176.56564549,3718338017271037,NPB,MLB,gbm
MLB,Caleb Smith,2018,556500,47558013.73949266,2209142293803717.5,NPB,MLB,gbm
MLB,Sandy Alcantara,2018,555000,12478806.931622416,142177171742606.78,NPB,MLB,gbm
MLB,Pablo López,2018,555000,6976456.254770966,41235100431937.164,NPB,MLB,gbm
MLB,Jeff Brigham,2018,555000,1346731.315004677,626838475159.0352,NPB,MLB,gbm
MLB,Zach Davies,2018,2600000,10043410.678386923,55404362527124.47,NPB,MLB,gbm
MLB,Junior Guerra,2018,2225000,147009271.8555463,20962485376740736,NPB,MLB,gbm
MLB,Gio González,2018,2000000,153621744.6433187,22989153448683748,NPB,MLB,gbm
MLB,Brent Suter,2018,568300,56933080.33842901,3176988462599353.5,NPB,MLB,gbm
MLB,Freddy Peralta,2018,564600,48582866.80817056,2305753947260654,NPB,MLB,gbm
MLB,Jake Odorizzi,2018,9500000,93138392.876144,6995380762904217,NPB,MLB,gbm
MLB,Kyle Gibson,2018,8125000,154831241.72962123,21522721362430060,NPB,MLB,gbm
MLB,Martín Pérez,2018,4000000,17412808.510338474,179903432135008.2,NPB,MLB,gbm
MLB,José Berríos,2018,620000,155164122.1378192,23883885687349180,NPB,MLB,gbm
MLB,Adalberto Mejía,2018,560000,17506372.563471686,287179543059985.94,NPB,MLB,gbm
MLB,Chase De Jong,2018,555000,1346731.315004677,626838475159.0352,NPB,MLB,gbm
MLB,Kohl Stewart,2018,555000,5349829.488356296,22990389822411.098,NPB,MLB,gbm
MLB,Fernando Romero,2018,555000,14481071.81498183,193935476196031.3,NPB,MLB,gbm
MLB,Stephen Gonsalves,2018,555000,-218863.46796111448,598864667044.8029,NPB,MLB,gbm
MLB,Jacob deGrom,2018,27500000,212583408.3693731,34255868053624132,NPB,MLB,gbm
MLB,Jacob deGrom,2018,17000000,212583408.3693731,38252869629380970,NPB,MLB,gbm
MLB,Noah Syndergaard,2018,6000000,128899882.60128647,15104381143409998,NPB,MLB,gbm
MLB,Zack Wheeler,2018,5975000,133870245.27040042,16357193762775880,NPB,MLB,gbm
MLB,Steven Matz,2018,2625000,60769158.59246387,3380743178425590.5,NPB,MLB,gbm
MLB,Corey Oswalt,2018,555000,8507079.385593511,63235566554781.27,NPB,MLB,gbm
MLB,Walker Lockett,2018,555000,1346731.315004677,626838475159.0352,NPB,MLB,gbm
MLB,Luis Severino,2018,10000000,228471025.0791283,47729588799125104,NPB,MLB,gbm
MLB,J.A. Happ,2018,17000000,282990990.9566724,70751207270112560,NPB,MLB,gbm
MLB,James Paxton,2018,8575000,127231718.46668495,14079416837282134,NPB,MLB,gbm
MLB,CC Sabathia,2018,8000000,134195188.4226274,15925225581022434,NPB,MLB,gbm
MLB,Sonny Gray,2018,7500000,77548631.94273584,4906810837048871,NPB,MLB,gbm
MLB,Gio González,2018,3000000,153621744.6433187,22686909959397108,NPB,MLB,gbm
MLB,Jordan Montgomery,2018,596600,1716001.024692046,1253058654081.6025,NPB,MLB,gbm
MLB,Domingo Germán,2018,577500,47502080.79043653,2201916282358204.8,NPB,MLB,gbm
MLB,Aaron Nola,2018,11250000,265764694.04676113,64777729485716424,NPB,MLB,gbm
MLB,Vince Velasquez,2018,2249000,76041738.46740842,5445368250519338,NPB,MLB,gbm
MLB,Nick Pivetta,2018,598000,80486303.14899896,6382140980026357,NPB,MLB,gbm
MLB,Zach Eflin,2018,590000,88003523.29871866,7641124055495630,NPB,MLB,gbm
MLB,Ranger Suárez,2018,555000,-218863.46796111448,598864667044.8029,NPB,MLB,gbm
MLB,Francisco Liriano,2018,1800000,127683255.77389918,15846594084236922,NPB,MLB,gbm
MLB,Jameson Taillon,2018,587500,182613112.17941463,33133323489290660,NPB,MLB,gbm
MLB,Trevor Williams,2018,584000,139141326.1184125,19198132621084112,NPB,MLB,gbm
MLB,Joe Musgrove,2018,582500,40868099.63594606,1622929538027737.2,NPB,MLB,gbm
MLB,Chad Kuhl,2018,578000,39307747.62984224,1499993351471270.2,NPB,MLB,gbm
MLB,Nick Kingham,2018,569000,27504976.263312843,725546817257752.9,NPB,MLB,gbm
MLB,Aaron Slegers,2018,555000,22388077.602332655,476683277589479.9,NPB,MLB,gbm
MLB,Garrett Richards,2018,7750000,71180699.82113461,4023453679798886.5,NPB,MLB,gbm
MLB,Bryan Mitchell,2018,910000,13823210.939400885,166751016765462.7,NPB,MLB,gbm
MLB,Joey Lucchesi,2018,565100,76349465.24204269,5743270015139328,NPB,MLB,gbm
MLB,Eric Lauer,2018,562500,34687379.01758088,1164507367964532,NPB,MLB,gbm
MLB,Jacob Nix,2018,556800,6976456.254770966,41211986429419.99,NPB,MLB,gbm
MLB,Brett Kennedy,2018,556000,2973358.081419346,5843620093803.421,NPB,MLB,gbm
MLB,Luis Perdomo,2018,555000,11083423.532489527,110847702079479.25,NPB,MLB,gbm
MLB,Wade LeBlanc,2018,2750000,158850253.6830099,24367289199900044,NPB,MLB,gbm
MLB,Marco Gonzales,2018,950000,92084320.14113212,8305464307586359,NPB,MLB,gbm
MLB,Tommy Milone,2018,555000,64042118.01480938,4030614153826333.5,NPB,MLB,gbm
MLB,Derek Holland,2018,7000000,116603466.16552988,12012919795498452,NPB,MLB,gbm
MLB,Chris Stratton,2018,567500,78738362.74026205,6110683781556889,NPB,MLB,gbm
MLB,Dereck Rodríguez,2018,561250,50121489.787809536,2456217367825179.5,NPB,MLB,gbm
MLB,Andrew Suárez,2018,555000,59312157.13433048,3452403514508403.5,NPB,MLB,gbm
MLB,Tyler Beede,2018,555000,30029029.61552282,868718421776716.25,NPB,MLB,gbm
MLB,Michael Wacha,2018,6350000,34814937.450932115,810252664085477.75,NPB,MLB,gbm
MLB,Adam Wainwright,2018,2000000,111343119.03275962,11955917679812240,NPB,MLB,gbm
MLB,John Gant,2018,571300,36293874.37425193,1276102319923960.8,NPB,MLB,gbm
MLB,Alex Reyes,2018,564600,19071967.346437477,342522646095980.2,NPB,MLB,gbm
MLB,Jack Flaherty,2018,562100,80039468.2627921,6316652065979472,NPB,MLB,gbm
MLB,Blake Snell,2018,10000000,222121394.888923,44995486169622410,NPB,MLB,gbm
MLB,Charlie Morton,2018,15000000,288774227.2602945,74952327511971380,NPB,MLB,gbm
MLB,Blake Snell,2018,573700,222121394.888923,49083381110595310,NPB,MLB,gbm
MLB,Jake Faria,2018,555000,12871663.26540197,151700193993302.34,NPB,MLB,gbm
MLB,Lance Lynn,2018,10000000,133071693.98446612,15146641860206074,NPB,MLB,gbm
MLB,Shelby Miller,2018,2000000,32085539.6772358,905139697670529.6,NPB,MLB,gbm
MLB,Yohander Méndez,2018,558000,-218863.46796111448,603516847852.5696,NPB,MLB,gbm
MLB,Jen-Ho Tseng,2018,555000,47601204.25451038,2213345334757110.5,NPB,MLB,gbm
MLB,Adrian Sampson,2018,555000,22388077.602332655,476683277589479.9,NPB,MLB,gbm
MLB,Ariel Jurado,2018,555000,11341040.13457942,116338661784758.03,NPB,MLB,gbm
MLB,Marcus Stroman,2018,7400000,22270088.12150425,221119520741301.8,NPB,MLB,gbm
MLB,Aaron Sanchez,2018,3900000,33920229.14773449,901214158082487.6,NPB,MLB,gbm
MLB,Matt Shoemaker,2018,3500000,72610869.18158717,4776312239034456,NPB,MLB,gbm
MLB,Clay Buchholz,2018,3000000,141354012.3458397,19141832732192768,NPB,MLB,gbm
MLB,Sam Gaviglio,2018,579500,44755998.034026,1951562978550302.8,NPB,MLB,gbm
MLB,Ryan Borucki,2018,565200,24850018.80455781,589752424370204.75,NPB,MLB,gbm
MLB,Thomas Pannone,2018,560100,9775445.351613626,84922589949506.86,NPB,MLB,gbm
MLB,Sean Reid-Foley,2018,555000,30029029.61552282,868718421776716.25,NPB,MLB,gbm
MLB,Patrick Corbin,2018,23333333,171298705.48949212,21893751455954152,NPB,MLB,gbm
MLB,Aníbal Sánchez,2018,9500000,183790873.834383,30377308701952816,NPB,MLB,gbm
MLB,Jeremy Hellickson,2018,1300000,76385938.23323339,5637898120364940,NPB,MLB,gbm
MLB,Joe Ross,2018,1000000,3665024.4081818284,7102355096204.905,NPB,MLB,gbm
MLB,Austin Voth,2018,556000,9286202.269700672,76216431669886.77,NPB,MLB,gbm
MLB,Erick Fedde,2018,555000,14915927.209466955,206236230315608.34,NPB,MLB,gbm
MLB,Madison Bumgarner,2019,17000000,160849106.01582074,20692565301550836,NPB,MLB,gbm
MLB,Robbie Ray,2019,9430000,107190032.82700588,9557024018337266,NPB,MLB,gbm
MLB,Luke Weaver,2019,597000,51583542.457915984,2599627511812869.5,NPB,MLB,gbm
MLB,Alex Young,2019,575000,25863314.961708914,639498873602590.9,NPB,MLB,gbm
MLB,Taylor Clarke,2019,575000,23184366.369726796,511183447640533,NPB,MLB,gbm
MLB,Zac Gallen,2019,575000,51789224.60690725,2622896802086744,NPB,MLB,gbm
MLB,Corbin Martin,2019,565700,22791529.119056232,493987480029487.94,NPB,MLB,gbm
MLB,Sean Manaea,2019,3750000,49361526.65331796,2080411363646334.5,NPB,MLB,gbm
MLB,Chris Bassitt,2019,2250000,123293499.95890433,14651528882301272,NPB,MLB,gbm
MLB,Daniel Mengden,2019,573500,11341040.13457942,115939920549778.6,NPB,MLB,gbm
MLB,Frankie Montas,2019,573500,74790841.16127685,5508213729049359,NPB,MLB,gbm
MLB,Cole Hamels,2019,18000000,175155247.92703217,24697771951006952,NPB,MLB,gbm
MLB,Mike Foltynewicz,2019,6425000,54988121.232135236,2358376743807064,NPB,MLB,gbm
MLB,Jhoulys Chacín,2019,1600000,79116793.729118675,6008853310042732,NPB,MLB,gbm
MLB,Félix Hernández,2019,1000000,98122786.40274553,9432835638633332,NPB,MLB,gbm
MLB,Max Fried,2019,583500,189387262.01362827,35646860550498784,NPB,MLB,gbm
MLB,Michael Soroka,2019,583500,104743668.87054813,10849340779141104,NPB,MLB,gbm
MLB,Bryse Wilson,2019,575000,1346731.315004677,595569222558.848,NPB,MLB,gbm
MLB,Kyle Wright,2019,573500,9286202.269700672,75911180840447.25,NPB,MLB,gbm
MLB,John Means,2019,580000,83412977.54823759,6861302169506833,NPB,MLB,gbm
MLB,Asher Wojciechowski,2019,575000,70975564.20880118,4956239440917538,NPB,MLB,gbm
MLB,Chandler Shepherd,2019,563500,9286202.269700672,76085534885841.27,NPB,MLB,gbm
MLB,David Hess,2019,563500,9035861.135402132,71780903208672.5,NPB,MLB,gbm
MLB,Chris Sale,2019,29000000,112967392.44970594,7050522994802935,NPB,MLB,gbm
MLB,Eduardo Rodríguez,2019,8300000,243692888.20474324,55409811817370744,NPB,MLB,gbm
MLB,Martín Pérez,2019,6000000,88469620.1252559,6801238243604013,NPB,MLB,gbm
MLB,Kyle Hendricks,2019,13875000,125323126.76698351,12420684959869626,NPB,MLB,gbm
MLB,Adbert Alzolay,2019,563500,30029029.61552282,868217435523252.4,NPB,MLB,gbm
MLB,Dallas Keuchel,2019,18500000,82762903.13256487,4129720719025416,NPB,MLB,gbm
MLB,Gio González,2019,5000000,106217634.37725861,10245009508928404,NPB,MLB,gbm
MLB,Carlos Rodón,2019,4450000,31923609.33656997,754799209978464.5,NPB,MLB,gbm
MLB,Ross Detwiler,2019,1000000,93122971.06865925,8486641798517028,NPB,MLB,gbm
MLB,Lucas Giolito,2019,627000,175071983.41390124,30431052238276280,NPB,MLB,gbm
MLB,Reynaldo López,2019,605000,105609803.82323918,11026008825956944,NPB,MLB,gbm
MLB,Dylan Cease,2019,575000,46349914.35080794,2095342783823803,NPB,MLB,gbm
MLB,Trevor Bauer,2019,17500000,160135540.4040978,20344897386369016,NPB,MLB,gbm
MLB,Wade Miley,2019,7500000,207727660.9683056,40091116216838730,NPB,MLB,gbm
MLB,Anthony DeSclafani,2019,5900000,103499622.84935886,9525686380337092,NPB,MLB,gbm
MLB,Luis Castillo,2019,663500,239252462.38470867,56924692971811930,NPB,MLB,gbm
MLB,Tyler Mahle,2019,609793,56500693.27077354,3123792733077553.5,NPB,MLB,gbm
MLB,Mike Clevinger,2019,4100000,130009784.9409625,15853273943879426,NPB,MLB,gbm
MLB,Shane Bieber,2019,623200,264798136.04781827,69788396835868870,NPB,MLB,gbm
MLB,Adam Plutko,2019,574800,43246423.33917996,1820867438400848,NPB,MLB,gbm
MLB,Jefry Rodríguez,2019,566000,6976456.254770966,41093949394332.2,NPB,MLB,gbm
MLB,Aaron Civale,2019,565400,19654005.019675996,364374841597199.6,NPB,MLB,gbm
MLB,Zach Plesac,2019,563500,44992140.21572626,1973904071418448.5,NPB,MLB,gbm
MLB,Jon Gray,2019,5600000,108896095.66955236,10670083380573312,NPB,MLB,gbm
MLB,Kyle Freeland,2019,2875000,14283399.397017017,130151576801858.23,NPB,MLB,gbm
MLB,Chi Chi González,2019,1750000,10563589.447306495,77679358945672.4,NPB,MLB,gbm
MLB,Antonio Senzatela,2019,573500,65007232.60779184,4151705897772417.5,NPB,MLB,gbm
MLB,Jeff Hoffman,2019,568500,34747829.97453288,1168226597508001.8,NPB,MLB,gbm
MLB,Peter Lambert,2019,565500,12617746.962186016,145256656837522.06,NPB,MLB,gbm
MLB,Matthew Boyd,2019,5300000,122046116.93811333,13629655820127632,NPB,MLB,gbm
MLB,Daniel Norris,2019,2960000,31586673.36516348,819486427955760.1,NPB,MLB,gbm
MLB,Iván Nova,2019,1500000,198658687.3769004,38871548008182344,NPB,MLB,gbm
MLB,Spencer Turnbull,2019,573500,44981050.56752608,1972030547407385.8,NPB,MLB,gbm
MLB,Dario Agrazal,2019,567900,25555660.211024635,624388160363665.9,NPB,MLB,gbm
MLB,Tyler Alexander,2019,566600,27090003.388511274,703490927309691.4,NPB,MLB,gbm
MLB,Justin Verlander,2019,33000000,341694119.557716,95292059449513470,NPB,MLB,gbm
MLB,Brad Peacock,2019,3900000,102274933.4380411,9677627528939018,NPB,MLB,gbm
MLB,José Urquidy,2019,574600,47835973.57973584,2233637432643352.8,NPB,MLB,gbm
MLB,Brad Keller,2019,613000,55475866.65771147,3009934137901829,NPB,MLB,gbm
MLB,Glenn Sparkman,2019,604500,50833316.38582357,2522933995520778.5,NPB,MLB,gbm
MLB,Matt Harvey,2019,575000,33269855.54167313,1068953578890874.2,NPB,MLB,gbm
MLB,Julio Teheran,2019,9000000,97686965.73131654,7865377890627714,NPB,MLB,gbm
MLB,Dylan Bundy,2019,5000000,79967281.39384457,5620093279583875,NPB,MLB,gbm
MLB,Andrew Heaney,2019,4300000,71083488.59878875,4460034349424547.5,NPB,MLB,gbm
MLB,Griffin Canning,2019,570500,51302218.49124965,2573707261075401.5,NPB,MLB,gbm
MLB,Dillon Peters,2019,569000,16463579.23285764,252637648989589.38,NPB,MLB,gbm
MLB,José Suarez,2019,567500,19044623.88203688,341404106952137.6,NPB,MLB,gbm
MLB,Patrick Sandoval,2019,565750,34093159.77232332,1124087206041281.1,NPB,MLB,gbm
MLB,Jaime Barria,2019,563500,25607087.004985765,627181250076291.9,NPB,MLB,gbm
MLB,Alex Wood,2019,4000000,21645439.483790558,311361534576114.8,NPB,MLB,gbm
MLB,Walker Buehler,2019,603500,188282222.89558327,35223303027717132,NPB,MLB,gbm
MLB,Tony Gonsolin,2019,566000,24499170.314830232,572796641318671,NPB,MLB,gbm
MLB,José Ureña,2019,3750000,23342987.1731127,383885146365758.9,NPB,MLB,gbm
MLB,Sandy Alcantara,2019,620000,113472662.38704996,12735723407845480,NPB,MLB,gbm
MLB,Caleb Smith,2019,586500,96911427.06411591,9278491573907250,NPB,MLB,gbm
MLB,Pablo López,2019,575000,23340185.835023094,518253686103136.1,NPB,MLB,gbm
MLB,Elieser Hernández,2019,571500,47555081.53855718,2207456934190251,NPB,MLB,gbm
MLB,Jordan Yamamoto,2019,565000,53439364.21043591,2795698390657826,NPB,MLB,gbm
MLB,Brett Anderson,2019,5000000,122811351.63606228,13879514574315914,NPB,MLB,gbm
MLB,Brandon Woodruff,2019,633100,106764475.86685368,11263868943391372,NPB,MLB,gbm
MLB,Adrian Houser,2019,581600,45626138.94182291,2029010488481400.5,NPB,MLB,gbm
MLB,Michael Pineda,2019,10000000,137711386.2925648,16310198188768710,NPB,MLB,gbm
MLB,Jake Odorizzi,2019,17800000,214113388.11643326,38538946353753360,NPB,MLB,gbm
MLB,José Berríos,2019,4025000,202139240.51946923,39249252296606104,NPB,MLB,gbm
MLB,Rich Hill,2019,3000000,128675340.858705,15794291299951686,NPB,MLB,gbm
MLB,Devin Smeltzer,2019,571000,7729154.564982327,51239176776177.32,NPB,MLB,gbm
MLB,Randy Dobnak,2019,571000,36856617.52511773,1316646039179131,NPB,MLB,gbm
MLB,Marcus Stroman,2019,12000000,110629200.25440057,9727719142822648,NPB,MLB,gbm
MLB,Rick Porcello,2019,10000000,160771403.1871328,22732016019016960,NPB,MLB,gbm
MLB,Noah Syndergaard,2019,9700000,150495659.63180482,19823417771155036,NPB,MLB,gbm
MLB,Steven Matz,2019,5000000,112607947.97168921,11579470466677772,NPB,MLB,gbm
MLB,Michael Wacha,2019,3000000,30482736.424153585,755300801359498.1,NPB,MLB,gbm
MLB,Gerrit Cole,2019,36000000,271665344.35421973,55538154529592970,NPB,MLB,gbm
MLB,James Paxton,2019,12500000,202648487.00271168,36156447109420416,NPB,MLB,gbm
MLB,Jordan Montgomery,2019,805000,46035609.471544586,2045808033167378.8,NPB,MLB,gbm
MLB,Zack Wheeler,2019,23600000,169256005.30350894,21215671880975824,NPB,MLB,gbm
MLB,Vince Velasquez,2019,3600000,63729001.91323679,3615496871082033.5,NPB,MLB,gbm
MLB,Zach Eflin,2019,2625000,82817283.09400396,6430802267828873,NPB,MLB,gbm
MLB,Trevor Williams,2019,2825000,71044542.52202475,4653905981914343,NPB,MLB,gbm
MLB,Joe Musgrove,2019,2800000,96576022.4998787,8793942395897757,NPB,MLB,gbm
MLB,Jameson Taillon,2019,2250000,14354210.038280822,146511900650818.22,NPB,MLB,gbm
MLB,Steven Brault,2019,590500,27724484.604507547,736253120517652.6,NPB,MLB,gbm
MLB,Mitch Keller,2019,577500,35658754.55528913,1230694421172994,NPB,MLB,gbm
MLB,Zach Davies,2019,5250000,78601100.74249974,5380383980136346,NPB,MLB,gbm
MLB,Dinelson Lamet,2019,1300000,46656913.90097707,2057249638620646.8,NPB,MLB,gbm
MLB,Joey Lucchesi,2019,599300,91761825.02227327,8310605968436600,NPB,MLB,gbm
MLB,Chris Paddack,2019,588500,117275809.01256333,13615928084593444,NPB,MLB,gbm
MLB,Eric Lauer,2019,582300,49361889.07389648,2379448310218201,NPB,MLB,gbm
MLB,Jerad Eickhoff,2019,575000,23064843.958644602,505793081284183.1,NPB,MLB,gbm
MLB,Cal Quantrill,2019,571800,30668771.17335392,905827673809696.9,NPB,MLB,gbm
MLB,Ronald Bolaños,2019,563500,22791529.119056232,494085278517611.8,NPB,MLB,gbm
MLB,Marco Gonzales,2019,7500000,215713531.24988458,43352874595546664,NPB,MLB,gbm
MLB,Taijuan Walker,2019,2000000,52897379.18817569,2590543208224940,NPB,MLB,gbm
MLB,Justus Sheffield,2019,566300,34093159.77232332,1124050326193031.5,NPB,MLB,gbm
MLB,Justin Dunn,2019,564500,8192017.306974168,58179020268190.46,NPB,MLB,gbm
MLB,Nick Margevicius,2019,563500,5410861.471805172,23496913238341.203,NPB,MLB,gbm
MLB,Kevin Gausman,2019,9000000,47040939.960437186,1447113113073586.8,NPB,MLB,gbm
MLB,Drew Smyly,2019,4000000,70966953.78493857,4484572899234099,NPB,MLB,gbm
MLB,Tyler Anderson,2019,1775000,50748296.5290029,2398383772917647,NPB,MLB,gbm
MLB,Tyson Ross,2019,1750000,84110001.19898881,6783169797497438,NPB,MLB,gbm
MLB,Dereck Rodríguez,2019,576000,10900425.916958302,106593770514760.28,NPB,MLB,gbm
MLB,Tyler Beede,2019,569750,50070054.56041478,2450280151573820.5,NPB,MLB,gbm
MLB,Logan Webb,2019,566625,14915927.209466955,205902473898613.22,NPB,MLB,gbm
MLB,Rico Garcia,2019,563500,1346731.315004677,613451292803.9557,NPB,MLB,gbm
MLB,Shaun Anderson,2019,563500,10681367.503169205,102371242811687.44,NPB,MLB,gbm
MLB,Miles Mikolas,2019,17000000,121268144.5973027,10871845977764026,NPB,MLB,gbm
MLB,Adam Wainwright,2019,5000000,224758044.05226415,48293597925676870,NPB,MLB,gbm
MLB,Jack Flaherty,2019,604500,174575063.54510728,30265756980202208,NPB,MLB,gbm
MLB,Dakota Hudson,2019,580500,167860435.20035538,27982576720635096,NPB,MLB,gbm
MLB,Daniel Ponce de Leon,2019,572800,42906825.218303,1792169691183914.5,NPB,MLB,gbm
MLB,Tyler Glasnow,2019,2050000,60111210.044388965,3371104111818654,NPB,MLB,gbm
MLB,Ryan Yarbrough,2019,578500,105718729.80483513,11054467923413540,NPB,MLB,gbm
MLB,Yonny Chirinos,2019,576700,65825064.320724905,4257349046530046.5,NPB,MLB,gbm
MLB,Dylan Covey,2019,575000,10563589.447306495,99771919146842.67,NPB,MLB,gbm
MLB,Trevor Richards,2019,575000,47854964.9079579,2235395081697730.2,NPB,MLB,gbm
MLB,Sean Gilmartin,2019,575000,20439371.462070055,394593253583103.25,NPB,MLB,gbm
MLB,Brendan McKay,2019,563500,34093159.77232332,1124238084447756.6,NPB,MLB,gbm
MLB,Kyle Gibson,2019,9333333,147319064.96232054,19040062225177368,NPB,MLB,gbm
MLB,Jordan Lyles,2019,8000000,103730348.78154619,9164299677836482,NPB,MLB,gbm
MLB,Kolby Allard,2019,566500,9775445.351613626,84804674489006.2,NPB,MLB,gbm
MLB,Brock Burke,2019,564500,1407763.298453553,711092990518.7662,NPB,MLB,gbm
MLB,Taylor Hearn,2019,563500,-218863.46796111448,612092596000.1418,NPB,MLB,gbm
MLB,Ariel Jurado,2019,563500,36636084.164696425,1301231328319107.2,NPB,MLB,gbm
MLB,Joe Palumbo,2019,563500,28463434.832557026,778406363660928.9,NPB,MLB,gbm
MLB,Tanner Roark,2019,12000000,170147195.6414754,25010535489263100,NPB,MLB,gbm
MLB,Matt Shoemaker,2019,4200000,95181768.63937019,8277682224747885,NPB,MLB,gbm
MLB,Trent Thornton,2019,581900,56606381.504486054,3138742527846500,NPB,MLB,gbm
MLB,Ryan Borucki,2019,573800,7720607.486734878,51076857252449.71,NPB,MLB,gbm
MLB,Sean Reid-Foley,2019,572700,9286202.269700672,75925121804078.77,NPB,MLB,gbm
MLB,Anthony Kay,2019,565600,7720607.486734878,51194132135232.16,NPB,MLB,gbm
MLB,Jacob Waguespack,2019,563500,21500369.80127001,438352517075332.2,NPB,MLB,gbm
MLB,T.J. Zeuch,2019,563500,5453698.592723247,23914042276272.42,NPB,MLB,gbm
MLB,Stephen Strasburg,2019,35000000,274825427.9808632,57516235906204210,NPB,MLB,gbm
MLB,Austin Voth,2019,568900,34042697.95542172,1120495149560395.5,NPB,MLB,gbm
MLB,Erick Fedde,2019,563500,16131284.757496363,242355922255736.1,NPB,MLB,gbm
MLB,Luke Weaver,2020,1950000,35658754.55528913,1136280133668725.5,NPB,MLB,gbm
MLB,Caleb Smith,2020,1465000,47290141.250681594,2099943570644919.8,NPB,MLB,gbm
MLB,Zac Gallen,2020,607500,50252893.31411383,2464665077313058.5,NPB,MLB,gbm
MLB,Sean Manaea,2020,5950000,44733076.55774983,1504127027284284.5,NPB,MLB,gbm
MLB,Chris Bassitt,2020,4900000,65515835.14196651,3674279469958061.5,NPB,MLB,gbm
MLB,Frankie Montas,2020,1800000,37715264.61700211,1289906232509283.5,NPB,MLB,gbm
MLB,Jesús Luzardo,2020,575500,29173952.369033873,817871477903899.1,NPB,MLB,gbm
MLB,Daulton Jefferies,2020,570500,1346731.315004677,602535054393.8901,NPB,MLB,gbm
MLB,Paul Blackburn,2020,570500,3281595.8076578397,7350040478299.914,NPB,MLB,gbm
MLB,Charlie Morton,2020,15000000,120898912.62240338,11214579694607426,NPB,MLB,gbm
MLB,Drew Smyly,2020,11000000,76236834.99992226,4255844640807082,NPB,MLB,gbm
MLB,Max Fried,2020,3500000,35900601.17976929,1049798956810467.2,NPB,MLB,gbm
MLB,Michael Soroka,2020,2800000,4120425.486655196,1743523465808.6116,NPB,MLB,gbm
MLB,Sean Newcomb,2020,600500,1837646.5937518673,1530531694431.848,NPB,MLB,gbm
MLB,Touki Toussaint,2020,590500,33553545.640264567,1086562377882164.9,NPB,MLB,gbm
MLB,Huascar Ynoa,2020,580500,1346731.315004677,587110428093.7966,NPB,MLB,gbm
MLB,Ian Anderson,2020,575500,44795657.50301735,1955422329591661.8,NPB,MLB,gbm
MLB,Tanner Roark,2020,570500,91833185.72136125,8328877805075955,NPB,MLB,gbm
MLB,Kyle Wright,2020,570500,6976456.254770966,41036275538039.266,NPB,MLB,gbm
MLB,Tucker Davidson,2020,570500,28463434.832557026,778015813573273.1,NPB,MLB,gbm
MLB,Matt Harvey,2020,1000000,45863435.373722255,2012727833532153.2,NPB,MLB,gbm
MLB,Wade LeBlanc,2020,700000,84329628.27239066,6993914724978244,NPB,MLB,gbm
MLB,John Means,2020,593500,52727209.79654822,2717923697150707.5,NPB,MLB,gbm
MLB,Jorge López,2020,586750,9032966.316483945,71338570064839.61,NPB,MLB,gbm
MLB,Dean Kremer,2020,572500,32802723.787173335,1038787325371273.9,NPB,MLB,gbm
MLB,Bruce Zimmermann,2020,571500,23544227.429267585,527746205539423.25,NPB,MLB,gbm
MLB,Keegan Akin,2020,570500,28463434.832557026,778015813573273.1,NPB,MLB,gbm
MLB,Garrett Richards,2020,10000000,92049472.1536848,6732115880698297,NPB,MLB,gbm
MLB,Martín Pérez,2020,5000000,26069096.401836343,443906823189873.1,NPB,MLB,gbm
MLB,Tanner Houck,2020,577000,44795657.50301735,1955289671369152.8,NPB,MLB,gbm
MLB,Chris Mazza,2020,570500,49084928.40595839,2353649763556862.5,NPB,MLB,gbm
MLB,Zach Davies,2020,8630000,46075882.20472205,1402194094089919.2,NPB,MLB,gbm
MLB,Jake Arrieta,2020,6000000,94262905.10851654,7790340418194996,NPB,MLB,gbm
MLB,Trevor Williams,2020,2500000,26897347.635622032,595230571653392,NPB,MLB,gbm
MLB,Alec Mills,2020,600000,23322460.56073448,516310213934133.94,NPB,MLB,gbm
MLB,Adbert Alzolay,2020,573000,36874315.60749233,1317785514834766,NPB,MLB,gbm
MLB,Lucas Giolito,2020,4150000,47046535.51537714,1840112759222012.5,NPB,MLB,gbm
MLB,Carlos Rodón,2020,3000000,1837646.5937518673,1351065441016.6367,NPB,MLB,gbm
MLB,Reynaldo López,2020,2100000,9286202.269700672,51641503061051.09,NPB,MLB,gbm
MLB,Dylan Cease,2020,600000,13238929.392906494,159742536198875.72,NPB,MLB,gbm
MLB,Dane Dunning,2020,572500,37054137.954422005,1330909907837524.2,NPB,MLB,gbm
MLB,Jonathan Stiever,2020,570500,1346731.315004677,602535054393.8901,NPB,MLB,gbm
MLB,Luis Castillo,2020,4200000,51482426.654334374,2235627870322509.8,NPB,MLB,gbm
MLB,Tyler Mahle,2020,2200000,39223688.39017535,1370753502012805,NPB,MLB,gbm
MLB,Shane Bieber,2020,679700,68098306.47400329,4545268498896518,NPB,MLB,gbm
MLB,Zach Plesac,2020,590200,67954768.74581297,4537985122309361,NPB,MLB,gbm
MLB,Aaron Civale,2020,587400,31018626.200403888,926059528060148,NPB,MLB,gbm
MLB,Triston McKenzie,2020,575300,34580275.1660626,1156338336044534.2,NPB,MLB,gbm
MLB,Jon Gray,2020,6000000,21276169.77410319,233361362967223.94,NPB,MLB,gbm
MLB,Kyle Freeland,2020,5025000,13793947.4492285,76894439367331,NPB,MLB,gbm
MLB,Antonio Senzatela,2020,3000000,18449577.850673515,238689455764021.7,NPB,MLB,gbm
MLB,Chi Chi González,2020,1100000,15263016.23381291,200591028839248,NPB,MLB,gbm
MLB,Ryan Castellani,2020,570500,8874345.513098035,68953850305398.37,NPB,MLB,gbm
MLB,Matthew Boyd,2020,6500000,50942406.59503754,1975127503958636.5,NPB,MLB,gbm
MLB,José Ureña,2020,3250000,13328151.741159745,101569142517841.19,NPB,MLB,gbm
MLB,Michael Fulmer,2020,3100000,5029868.143132336,3724391049877.0522,NPB,MLB,gbm
MLB,Julio Teheran,2020,3000000,23631593.01145052,425662630190134,NPB,MLB,gbm
MLB,Spencer Turnbull,2020,586900,24110715.322638914,553369887333621.4,NPB,MLB,gbm
MLB,Tarik Skubal,2020,574300,30090061.5989717,871180182767332.4,NPB,MLB,gbm
MLB,Casey Mize,2020,574100,12810718.294442413,149734827283882.75,NPB,MLB,gbm
MLB,Jake Odorizzi,2020,7833333,38694968.36783696,952440537577325.1,NPB,MLB,gbm
MLB,Framber Valdez,2020,637300,52093748.02158734,2647766042998320,NPB,MLB,gbm
MLB,Cristian Javier,2020,620400,35018790.3959936,1183249261835184.5,NPB,MLB,gbm
MLB,José Urquidy,2020,604200,13468918.544089597,165500983218642.75,NPB,MLB,gbm
MLB,Brandon Bielak,2020,599000,4908222.574072512,18569399192896.125,NPB,MLB,gbm
MLB,Mike Minor,2020,9000000,111226704.71654114,10450299157202894,NPB,MLB,gbm
MLB,Brad Keller,2020,3350000,19518307.504072517,261414167546247.66,NPB,MLB,gbm
MLB,Brady Singer,2020,593700,22054205.26092593,460553286054229.5,NPB,MLB,gbm
MLB,Carlos Hernández,2020,570500,9286202.269700672,75963466054065.45,NPB,MLB,gbm
MLB,Kris Bubic,2020,570500,26855659.275856726,690909598157156.9,NPB,MLB,gbm
MLB,Ronald Bolaños,2020,570500,1346731.315004677,602535054393.8901,NPB,MLB,gbm
MLB,Dylan Bundy,2020,8325000,49589702.19128861,1702775646935739.2,NPB,MLB,gbm
MLB,Andrew Heaney,2020,6750000,62964894.80616266,3160114398067934,NPB,MLB,gbm
MLB,Jaime Barria,2020,590500,8373583.0724855065,60576382113210.43,NPB,MLB,gbm
MLB,Griffin Canning,2020,590500,28421254.05882252,774550871482666.1,NPB,MLB,gbm
MLB,Dillon Peters,2020,570500,48092119.53325758,2258304323063688.5,NPB,MLB,gbm
MLB,Patrick Sandoval,2020,570500,13350332.42650116,163324116849450.53,NPB,MLB,gbm
MLB,José Suarez,2020,570500,1716001.024692046,1312172597570.5273,NPB,MLB,gbm
MLB,Trevor Bauer,2020,34000000,98430857.05334589,4151335340628691.5,NPB,MLB,gbm
MLB,Walker Buehler,2020,4000000,36265080.24623707,1041035403296117.5,NPB,MLB,gbm
MLB,Julio Urías,2020,3600000,10119420.136108842,42502838911101.43,NPB,MLB,gbm
MLB,Cole Hamels,2020,1000000,82703001.50597599,6675380455085515,NPB,MLB,gbm
MLB,Dustin May,2020,590500,15054150.287790831,209197179647511.78,NPB,MLB,gbm
MLB,Tony Gonsolin,2020,580500,59821856.01787838,3509538262837015.5,NPB,MLB,gbm
MLB,Sandy Alcantara,2020,630000,20675328.149309672,401815180613506.75,NPB,MLB,gbm
MLB,Pablo López,2020,595000,40023338.43509758,1554593871752593.2,NPB,MLB,gbm
MLB,Elieser Hernández,2020,579000,44362927.80999176,1917032334470570,NPB,MLB,gbm
MLB,Trevor Rogers,2020,570500,28463434.832557026,778015813573273.1,NPB,MLB,gbm
MLB,Daniel Castano,2020,570500,4393470.066645756,14615100130469.459,NPB,MLB,gbm
MLB,Braxton Garrett,2020,570500,28463434.832557026,778015813573273.1,NPB,MLB,gbm
MLB,Jordan Yamamoto,2020,570500,31655656.381937493,966286947289509.25,NPB,MLB,gbm
MLB,Brandon Woodruff,2020,3275000,56164027.76179738,2797249257588174.5,NPB,MLB,gbm
MLB,Brett Anderson,2020,2500000,93856860.78404301,8346076012315016,NPB,MLB,gbm
MLB,Jordan Zimmermann,2020,1000000,112950894.58945993,12533002799380368,NPB,MLB,gbm
MLB,Zack Godley,2020,800000,50711555.172373064,2491163339724840.5,NPB,MLB,gbm
MLB,Corbin Burnes,2020,608000,53163339.55617743,2762063715865108,NPB,MLB,gbm
MLB,Adrian Houser,2020,584100,9032966.316483945,71383342033816.98,NPB,MLB,gbm
MLB,Eric Lauer,2020,570500,28463434.832557026,778015813573273.1,NPB,MLB,gbm
MLB,Randy Dobnak,2020,1850000,13659333.227756567,139460351284195.34,NPB,MLB,gbm
MLB,J.A. Happ,2020,8000000,93832524.77328168,7367222308956013,NPB,MLB,gbm
MLB,José Berríos,2020,6100000,41553961.56592014,1256983390717742.2,NPB,MLB,gbm
MLB,Matt Shoemaker,2020,2000000,97399627.84493867,9101088992952796,NPB,MLB,gbm
MLB,Taijuan Walker,2020,7666667,27096422.090831112,377515382889677.5,NPB,MLB,gbm
MLB,Steven Matz,2020,5200000,50748296.5290029,2074647316693977.5,NPB,MLB,gbm
MLB,Robert Gsellman,2020,1300000,1346731.315004677,2183815802.066354,NPB,MLB,gbm
MLB,Joey Lucchesi,2020,607100,5944613.871470435,28489054328139.31,NPB,MLB,gbm
MLB,David Peterson,2020,585750,13340379.186499853,162680565685113.9,NPB,MLB,gbm
MLB,Corey Kluber,2020,11000000,120480021.98048784,11985875212848100,NPB,MLB,gbm
MLB,Jordan Montgomery,2020,2130000,43097540.32224787,1678339360055005.2,NPB,MLB,gbm
MLB,Asher Wojciechowski,2020,750000,51493160.31348854,2574868318600398.5,NPB,MLB,gbm
MLB,Deivi García,2020,570500,45666423.14398249,2033642284207975.8,NPB,MLB,gbm
MLB,Zach Eflin,2020,4450000,42341631.52827473,1435775739874543.5,NPB,MLB,gbm
MLB,Vince Velasquez,2020,4000000,45470624.54569086,1719812700209657,NPB,MLB,gbm
MLB,Chase Anderson,2020,4000000,110622749.06375359,11368410617912168,NPB,MLB,gbm
MLB,Spencer Howard,2020,570500,9286202.269700672,75963466054065.45,NPB,MLB,gbm
MLB,Adonis Medina,2020,570500,27983089.720357127,751450075176629.25,NPB,MLB,gbm
MLB,Tyler Anderson,2020,2500000,36068844.63851581,1126867330364811.5,NPB,MLB,gbm
MLB,Chad Kuhl,2020,2130000,22163997.872480836,401361070754566.6,NPB,MLB,gbm
MLB,Steven Brault,2020,2050000,27835967.801931266,664916135482236,NPB,MLB,gbm
MLB,Trevor Cahill,2020,1500000,109395527.01710325,11641444750298458,NPB,MLB,gbm
MLB,JT Brubaker,2020,590500,28421254.05882252,774550871482666.1,NPB,MLB,gbm
MLB,Cody Ponce,2020,580500,11150625.450912442,111727552048026.95,NPB,MLB,gbm
MLB,Mitch Keller,2020,579000,8192017.306974168,57958032516288.21,NPB,MLB,gbm
MLB,Chase De Jong,2020,570500,30029029.61552282,867804967108635.1,NPB,MLB,gbm
MLB,Mike Clevinger,2020,5750000,51415362.64308738,2085325345324680.5,NPB,MLB,gbm
MLB,Joe Musgrove,2020,4450000,38862332.02223795,1184208595208743.2,NPB,MLB,gbm
MLB,Dinelson Lamet,2020,4200000,56433180.3233535,2728305126691963,NPB,MLB,gbm
MLB,Chris Paddack,2020,610900,39733708.42684254,1530594139203421.8,NPB,MLB,gbm
MLB,Vince Velasquez,2020,570500,45470624.54569086,2016021184218550.5,NPB,MLB,gbm
MLB,Jake Arrieta,2020,570500,94262905.10851654,8778266775018377,NPB,MLB,gbm
MLB,James Paxton,2020,8500000,71045274.39862138,3911911349598843,NPB,MLB,gbm
MLB,Justus Sheffield,2020,625000,11710309.844266783,122884094343398.06,NPB,MLB,gbm
MLB,Nick Margevicius,2020,586900,7345725.964458333,45681728417836.12,NPB,MLB,gbm
MLB,Justin Dunn,2020,584900,15508857.084595203,222724495062839.38,NPB,MLB,gbm
MLB,Jimmy Yacabonis,2020,570500,13328151.741159745,162757677948716.25,NPB,MLB,gbm
MLB,Ljay Newsome,2020,570500,18918905.953992218,336664001052497.06,NPB,MLB,gbm
MLB,Kevin Gausman,2020,18900000,61408976.75014795,1807013104344619.2,NPB,MLB,gbm
MLB,Anthony DeSclafani,2020,6000000,31100305.105919775,630025316410262.25,NPB,MLB,gbm
MLB,Logan Webb,2020,583000,14481071.81498183,193156400174392.3,NPB,MLB,gbm
MLB,Tyler Chatwood,2020,570500,56322428.90242499,3108277576341051,NPB,MLB,gbm
MLB,Adam Wainwright,2020,8000000,110531667.79563864,10512742900955200,NPB,MLB,gbm
MLB,Jack Flaherty,2020,3900000,42797032.6067481,1512979145610424.8,NPB,MLB,gbm
MLB,Dakota Hudson,2020,595700,12195115.480325786,134546439485221.5,NPB,MLB,gbm
MLB,Daniel Ponce de Leon,2020,585500,47202010.64297881,2173099064526956.8,NPB,MLB,gbm
MLB,Wade LeBlanc,2020,570500,84329628.27239066,7015591568950793,NPB,MLB,gbm
MLB,Johan Oviedo,2020,570500,3244620.5733317537,7150920840716.147,NPB,MLB,gbm
MLB,Tyler Glasnow,2020,4000000,45214899.03639848,1698667902580520.2,NPB,MLB,gbm
MLB,Michael Wacha,2020,3000000,52418495.033902384,2442187651415834.5,NPB,MLB,gbm
MLB,Rich Hill,2020,2500000,96509993.81523539,8837878937140597,NPB,MLB,gbm
MLB,Ryan Yarbrough,2020,2300000,29909903.45372948,762306768724263.1,NPB,MLB,gbm
MLB,Yonny Chirinos,2020,1175000,12248020.429564897,122611781433561.58,NPB,MLB,gbm
MLB,Josh Fleming,2020,570500,15705924.434665747,229081072817476.94,NPB,MLB,gbm
MLB,Mike Foltynewicz,2020,2000000,21267622.695855744,371241284349855.4,NPB,MLB,gbm
MLB,Kolby Allard,2020,584250,21262581.554494336,427593395877596.1,NPB,MLB,gbm
MLB,Robbie Ray,2020,8000000,46074580.19847841,1449673657290364,NPB,MLB,gbm
MLB,Ross Stripling,2020,3000000,35204720.0343263,1037143992489337.8,NPB,MLB,gbm
MLB,Tyler Chatwood,2020,3000000,56322428.90242499,2843281424054168,NPB,MLB,gbm
MLB,Tommy Milone,2020,1000000,130818870.53712183,16852939147533998,NPB,MLB,gbm
MLB,Trent Thornton,2020,592900,30029029.61552282,866485726741859.6,NPB,MLB,gbm
MLB,Nate Pearson,2020,577500,14477762.87100157,193217307882944.8,NPB,MLB,gbm
MLB,Jon Lester,2020,5000000,90651019.53891945,7336097148056361,NPB,MLB,gbm
MLB,Austin Voth,2020,587700,26897347.635622032,692197558710592,NPB,MLB,gbm
MLB,Erick Fedde,2020,575000,9032966.316483945,71537194210776.98,NPB,MLB,gbm
MLB,Wil Crowe,2020,574000,19368001.83344718,353214504915616,NPB,MLB,gbm
MLB,Paolo Espino,2020,570500,112950894.58945993,12629353088082714,NPB,MLB,gbm
MLB,Luke Weaver,2021,2875000,20039391.694795903,294616342252378.56,NPB,MLB,gbm
MLB,Zach Davies,2021,1750000,47143004.126589574,2060524823636578,NPB,MLB,gbm
MLB,Zac Gallen,2021,1670875,74643247.16091092,5324967098790487,NPB,MLB,gbm
MLB,Zac Gallen,2021,745600,74643247.16091092,5460862255918486,NPB,MLB,gbm
MLB,Humberto Castellanos,2021,713700,6976456.254770966,39222115906672.86,NPB,MLB,gbm
MLB,Corbin Martin,2021,705100,3281595.8076578397,6638330646878.424,NPB,MLB,gbm
MLB,Dallas Keuchel,2021,700000,148486489.03371438,21840846340912180,NPB,MLB,gbm
MLB,Tyler Gilbert,2021,700000,15644638.903011244,223342231941397.12,NPB,MLB,gbm
MLB,Taylor Widener,2021,700000,47555081.53855718,2195398665984841.8,NPB,MLB,gbm
MLB,Sean Manaea,2021,9750000,149282657.44877514,19469362494717224,NPB,MLB,gbm
MLB,Chris Bassitt,2021,8800000,202833474.36977577,37648989176006430,NPB,MLB,gbm
MLB,Frankie Montas,2021,5025000,158992143.84832573,23705881384811028,NPB,MLB,gbm
MLB,Paul Blackburn,2021,710000,11351259.409661103,113236401823700.97,NPB,MLB,gbm
MLB,James Kaprielian,2021,705000,77628837.83628441,5917276827462982,NPB,MLB,gbm
MLB,Cole Irvin,2021,705000,89127466.8239299,7818532639228985,NPB,MLB,gbm
MLB,Cole Irvin,2021,201978,89127466.8239299,7907742562574883,NPB,MLB,gbm
MLB,Charlie Morton,2021,20000000,259977782.93280312,57589336301343576,NPB,MLB,gbm
MLB,Max Fried,2021,6850000,181186417.70399642,30393186537862316,NPB,MLB,gbm
MLB,Huascar Ynoa,2021,720000,55060762.67674555,2952918488290382,NPB,MLB,gbm
MLB,Kyle Wright,2021,720000,9286202.269700672,73379821325424.95,NPB,MLB,gbm
MLB,Tucker Davidson,2021,710000,12912168.088035775,148892906048678.66,NPB,MLB,gbm
MLB,Ian Anderson,2021,710000,81043854.2232189,6453528134357386,NPB,MLB,gbm
MLB,Touki Toussaint,2021,700000,26895616.031540554,686210299271904.5,NPB,MLB,gbm
MLB,Kyle Muller,2021,700000,26184285.122517005,649448788205741.5,NPB,MLB,gbm
MLB,Kyle Wright,2021,477143,9286202.269700672,77599525217099.34,NPB,MLB,gbm
MLB,Jordan Lyles,2021,7000000,121662288.65987252,13147440440719930,NPB,MLB,gbm
MLB,John Means,2021,2962500,101190530.6039678,9648745996334034,NPB,MLB,gbm
MLB,Jorge López,2021,1500000,43381112.45016182,1754027580063099.5,NPB,MLB,gbm
MLB,Matt Harvey,2021,1000000,94225866.54183352,8691062192475755,NPB,MLB,gbm
MLB,Keegan Akin,2021,709500,16218263.889670182,240521757385537.78,NPB,MLB,gbm
MLB,Bruce Zimmermann,2021,705500,14777264.267882746,198014549610861.62,NPB,MLB,gbm
MLB,Dean Kremer,2021,705500,12619754.825282935,141949468041777.7,NPB,MLB,gbm
MLB,Chris Ellis,2021,700000,31053387.772592537,921328149273370.1,NPB,MLB,gbm
MLB,Zac Lowther,2021,700000,22852561.10250511,490735963400222.44,NPB,MLB,gbm
MLB,Spenser Watkins,2021,700000,18957876.68092604,333350060895902.9,NPB,MLB,gbm
MLB,Dean Kremer,2021,280627,12619754.825282935,152254075488671.56,NPB,MLB,gbm
MLB,James Paxton,2021,10000000,107829932.23413746,9570695640935928,NPB,MLB,gbm
MLB,Michael Wacha,2021,7000000,66548103.81723889,3545976668228661,NPB,MLB,gbm
MLB,Rich Hill,2021,5000000,144793785.66653487,19542302510981092,NPB,MLB,gbm
MLB,Nick Pivetta,2021,2650000,88431834.3854829,7358523110538418,NPB,MLB,gbm
MLB,Tanner Houck,2021,716000,46656913.90097707,2110567570056988,NPB,MLB,gbm
MLB,Kutter Crawford,2021,702000,22791529.119056232,487947296701633.2,NPB,MLB,gbm
MLB,Connor Seabold,2021,700000,1346731.315004677,418261393807.67883,NPB,MLB,gbm
MLB,Marcus Stroman,2021,23666667,122385821.72107334,9745471508843218,NPB,MLB,gbm
MLB,Drew Smyly,2021,5250000,139801718.59850115,18104164977810240,NPB,MLB,gbm
MLB,Steven Brault,2021,1500000,20439371.462070055,358699791378273.6,NPB,MLB,gbm
MLB,Alec Mills,2021,741250,48140292.37248222,2246669217828364.8,NPB,MLB,gbm
MLB,Adbert Alzolay,2021,718250,52152342.025343224,2645465822471475.5,NPB,MLB,gbm
MLB,Adrian Sampson,2021,700000,42239851.87118349,1725559293479866.8,NPB,MLB,gbm
MLB,Lance Lynn,2021,19000000,197075553.38729572,31710902714191608,NPB,MLB,gbm
MLB,Lucas Giolito,2021,7450000,105656907.56653331,9644596693781618,NPB,MLB,gbm
MLB,Johnny Cueto,2021,4200000,121417065.3490229,13739840409037104,NPB,MLB,gbm
MLB,Vince Velasquez,2021,3000000,62532800.331224985,3544154315277501.5,NPB,MLB,gbm
MLB,Dylan Cease,2021,2457426,112266249.31128693,12057977677009432,NPB,MLB,gbm
MLB,Dylan Cease,2021,750000,112266249.31128693,12435873860457102,NPB,MLB,gbm
MLB,Jimmy Lambert,2021,700000,1346731.315004677,418261393807.67883,NPB,MLB,gbm
MLB,Luis Castillo,2021,7350000,130656561.15867826,15204508024778862,NPB,MLB,gbm
MLB,Tyler Mahle,2021,5200000,129710514.93943447,15502868330483134,NPB,MLB,gbm
MLB,Justin Dunn,2021,720000,33612814.660123415,1081937256265229.9,NPB,MLB,gbm
MLB,Vladimir Gutierrez,2021,707500,36342028.176939845,1269819598393119.8,NPB,MLB,gbm
MLB,Chase Anderson,2021,700000,89898321.22870809,7956340510019796,NPB,MLB,gbm
MLB,T.J. Zeuch,2021,700000,1346731.315004677,418261393807.67883,NPB,MLB,gbm
MLB,Riley O'Brien,2021,700000,30029029.61552282,860191978188214.6,NPB,MLB,gbm
MLB,Reiver Sanmartin,2021,700000,41295629.20419479,1648005110484473,NPB,MLB,gbm
MLB,Shane Bieber,2021,6000000,67536674.62438044,3786762323826867.5,NPB,MLB,gbm
MLB,Cal Quantrill,2021,2510000,73024330.89006536,4972270860873625,NPB,MLB,gbm
MLB,Zach Plesac,2021,2000000,97912409.35955708,9199190269155252,NPB,MLB,gbm
MLB,Aaron Civale,2021,716900,76184288.30800848,5695326698031735,NPB,MLB,gbm
MLB,Triston McKenzie,2021,707100,62180807.30877396,3779016690284808.5,NPB,MLB,gbm
MLB,Eli Morgan,2021,702100,31544241.15927286,951237671288513.1,NPB,MLB,gbm
MLB,Logan Allen,2021,701700,5410861.471805172,22176201767534.254,NPB,MLB,gbm
MLB,Triston McKenzie,2021,531152,62180807.30877396,3800679999690641,NPB,MLB,gbm
MLB,Kyle Freeland,2021,12900000,64240178.93964004,2635813973554258.5,NPB,MLB,gbm
MLB,Antonio Senzatela,2021,10100000,49861853.29902675,1581004977773324.5,NPB,MLB,gbm
MLB,Chad Kuhl,2021,3000000,27552288.30592664,602814861057342,NPB,MLB,gbm
MLB,Peter Lambert,2021,762500,1346731.315004677,341326229432.0942,NPB,MLB,gbm
MLB,Austin Gomber,2021,710000,61113629.31577349,3648598434517370,NPB,MLB,gbm
MLB,José Ureña,2021,700000,38215085.9105153,1407381670873343.8,NPB,MLB,gbm
MLB,Ryan Feltner,2021,700000,9286202.269700672,73722869416212.98,NPB,MLB,gbm
MLB,Eduardo Rodríguez,2021,15400000,109603175.07010351,8874238193288572,NPB,MLB,gbm
MLB,Michael Pineda,2021,5500000,126651808.59052375,14677760724754904,NPB,MLB,gbm
MLB,Spencer Turnbull,2021,1825000,39822877.55945038,1443838699022982.8,NPB,MLB,gbm
MLB,Wily Peralta,2021,2500000,108161492.06634837,11164350905687e3,NPB,MLB,gbm
MLB,Casey Mize,2021,714200,42281866.926417895,1727870933705616,NPB,MLB,gbm
MLB,Tarik Skubal,2021,713600,70104716.41971864,4815127037974946,NPB,MLB,gbm
MLB,Matt Manning,2021,705300,21286477.111399718,423584851290803.6,NPB,MLB,gbm
MLB,Luis Castillo,2021,700000,130656561.15867826,16888707788189284,NPB,MLB,gbm
MLB,Tarik Skubal,2021,293739,70104716.41971864,4873572568296466,NPB,MLB,gbm
MLB,Framber Valdez,2021,3000000,95845794.18085475,8620341497073642,NPB,MLB,gbm
MLB,José Urquidy,2021,748700,59991947.740887076,3509762402888121.5,NPB,MLB,gbm
MLB,Zack Greinke,2021,13000000,165988665.45156223,23405531756650028,NPB,MLB,gbm
MLB,Brad Keller,2021,4825000,68066191.04415901,3999448244683818,NPB,MLB,gbm
MLB,Brady Singer,2021,726250,55522544.98847928,3002633944464439.5,NPB,MLB,gbm
MLB,Kris Bubic,2021,713750,34602485.432097934,1148446389186730,NPB,MLB,gbm
MLB,Jackson Kowar,2021,702000,16758320.611635908,257805431583644.12,NPB,MLB,gbm
MLB,Ángel Zerpa,2021,700000,21495634.90774495,432458431216220.4,NPB,MLB,gbm
MLB,Brady Singer,2021,421437,55522544.98847928,3036132101558055,NPB,MLB,gbm
MLB,Noah Syndergaard,2021,21000000,52345124.18419884,982516810122847.1,NPB,MLB,gbm
MLB,Griffin Canning,2021,730000,35852792.36224695,1233610543321513,NPB,MLB,gbm
MLB,Jaime Barria,2021,730000,6976456.254770966,39018215742767.33,NPB,MLB,gbm
MLB,José Suarez,2021,720000,34611312.498942815,1148621062900997.5,NPB,MLB,gbm
MLB,Patrick Sandoval,2021,720000,49230157.35044456,2353235366164890.5,NPB,MLB,gbm
MLB,Reid Detmers,2021,710000,7720607.486734878,49148617333063.125,NPB,MLB,gbm
MLB,Cooper Criswell,2021,710000,18918905.953992218,331564256041333.25,NPB,MLB,gbm
MLB,Jhonathan Díaz,2021,700000,2554830.703689401,3440396939348.9185,NPB,MLB,gbm
MLB,Janson Junk,2021,700000,18918905.953992218,331928534160413.06,NPB,MLB,gbm
MLB,Patrick Sandoval,2021,432834,49230157.35044456,2381178766167842,NPB,MLB,gbm
MLB,Reid Detmers,2021,284691,7720607.486734878,55292853997695.58,NPB,MLB,gbm
MLB,Clayton Kershaw,2021,17000000,207719604.16529942,36373967412968496,NPB,MLB,gbm
MLB,Andrew Heaney,2021,8500000,89625783.13430086,6581392689153614,NPB,MLB,gbm
MLB,Julio Urías,2021,8000000,225292688.72394875,47216112572882880,NPB,MLB,gbm
MLB,Tyler Anderson,2021,8000000,102106538.84968984,8856040654268183,NPB,MLB,gbm
MLB,Danny Duffy,2021,3000000,118576995.3645418,13358041857495316,NPB,MLB,gbm
MLB,Dustin May,2021,730000,42151216.84460775,1715717204888016.8,NPB,MLB,gbm
MLB,Tony Gonsolin,2021,720000,51599169.08892204,2588689847179120,NPB,MLB,gbm
MLB,Tony Gonsolin,2021,529938,51599169.08892204,2608066364013721.5,NPB,MLB,gbm
MLB,Sandy Alcantara,2021,11200000,144512916.1799783,17772333620409922,NPB,MLB,gbm
MLB,Pablo López,2021,2450000,67598289.58338349,4244299635640393,NPB,MLB,gbm
MLB,Elieser Hernández,2021,1325000,30739547.151999667,865215584157211.75,NPB,MLB,gbm
MLB,Trevor Rogers,2021,722000,85633382.20662718,7209942828239922,NPB,MLB,gbm
MLB,Jesús Luzardo,2021,715000,40437246.50981052,1577856867786154.2,NPB,MLB,gbm
MLB,Zach Thompson,2021,705000,19583476.602256194,356396878821934.56,NPB,MLB,gbm
MLB,Daniel Castano,2021,705000,-218863.46796111448,853523707433.1372,NPB,MLB,gbm
MLB,Cody Poteet,2021,704000,32802723.787173335,1030328068765247.2,NPB,MLB,gbm
MLB,Edward Cabrera,2021,700000,30029029.61552282,860191978188214.6,NPB,MLB,gbm
MLB,Braxton Garrett,2021,700000,9554155.224333154,78396064736586.08,NPB,MLB,gbm
MLB,Nick Neidert,2021,700000,7247718.746683372,42872620785668.87,NPB,MLB,gbm
MLB,Jesús Luzardo,2021,288794,40437246.50981052,1611898238932510.8,NPB,MLB,gbm
MLB,Brandon Woodruff,2021,6800000,123635989.5731471,13650648459536538,NPB,MLB,gbm
MLB,Corbin Burnes,2021,6500000,129652917.70011044,15166641138050174,NPB,MLB,gbm
MLB,Eric Lauer,2021,2425000,74675237.37271972,5220096800414345,NPB,MLB,gbm
MLB,Adrian Houser,2021,2425000,103584779.4180256,10233300971903596,NPB,MLB,gbm
MLB,José Ureña,2021,1250000,38215085.9105153,1366417576371776.8,NPB,MLB,gbm
MLB,Dylan Bundy,2021,5000000,32538638.343037065,758376601788591.25,NPB,MLB,gbm
MLB,Chris Archer,2021,3500000,107162574.55974065,10745929364353788,NPB,MLB,gbm
MLB,Bailey Ober,2021,706200,52552062.02032098,2687993408630161.5,NPB,MLB,gbm
MLB,Joe Ryan,2021,701650,42602329.48621658,1755666941406651,NPB,MLB,gbm
MLB,Chi Chi González,2021,700000,40723411.46151826,1601873465017991,NPB,MLB,gbm
MLB,Aaron Sanchez,2021,700000,21943583.44911823,451289837759650,NPB,MLB,gbm
MLB,Griffin Jax,2021,700000,19565505.30861685,355907290549450.56,NPB,MLB,gbm
MLB,Joe Ryan,2021,265573,42602329.48621658,1792400949773201.8,NPB,MLB,gbm
MLB,Max Scherzer,2021,43333333,299459790.482724,65600762222649630,NPB,MLB,gbm
MLB,Trevor Williams,2021,3900000,63389509.84548248,3539001781655757.5,NPB,MLB,gbm
MLB,Joey Lucchesi,2021,1150000,46766246.525240876,2080841947051550.2,NPB,MLB,gbm
MLB,Tylor Megill,2021,707500,49968775.41191789,2426673255208826,NPB,MLB,gbm
MLB,David Peterson,2021,700000,39058003.45426637,1471336428997510.8,NPB,MLB,gbm
MLB,Jordan Montgomery,2021,6000000,72206047.69873895,4383240751887696.5,NPB,MLB,gbm
MLB,Jameson Taillon,2021,5800000,85091045.63624898,6287069918089718,NPB,MLB,gbm
MLB,Domingo Germán,2021,1750000,62160124.91090741,3649383191751436,NPB,MLB,gbm
MLB,Nestor Cortes,2021,727500,53742917.548578195,2810634497850093,NPB,MLB,gbm
MLB,Clarke Schmidt,2021,712500,9286202.269700672,73508370609470.47,NPB,MLB,gbm
MLB,Chi Chi González,2021,700000,40723411.46151826,1601873465017991,NPB,MLB,gbm
MLB,Deivi García,2021,700000,3281595.8076578397,6664636914116.534,NPB,MLB,gbm
MLB,Luis Gil,2021,700000,36874315.60749233,1308581109670463,NPB,MLB,gbm
MLB,Nestor Cortes,2021,597831,53742917.548578195,2824400224255867,NPB,MLB,gbm
MLB,Zach Eflin,2021,5700000,57452940.891260594,2678366890894313,NPB,MLB,gbm
MLB,Hans Crouse,2021,700000,3579683.7723673014,8292578628835.571,NPB,MLB,gbm
MLB,Jerad Eickhoff,2021,1000000,27640130.601906836,709696558486653.1,NPB,MLB,gbm
MLB,JT Brubaker,2021,725000,74169583.50412221,5394106846093981,NPB,MLB,gbm
MLB,Mitch Keller,2021,725000,33722800.082044974,1088854810254607.2,NPB,MLB,gbm
MLB,Bryse Wilson,2021,715000,13303032.170481313,158458553925072.47,NPB,MLB,gbm
MLB,Dillon Peters,2021,715000,13697421.450847112,168543266727415.22,NPB,MLB,gbm
MLB,Wil Crowe,2021,715000,48226108.1837245,2257305400845573,NPB,MLB,gbm
MLB,Miguel Yajure,2021,705000,1346731.315004677,411819080657.632,NPB,MLB,gbm
MLB,Max Kranick,2021,705000,8911320.747424122,67343700209603.6,NPB,MLB,gbm
MLB,Chase De Jong,2021,700000,16972437.27117994,264792214744486.06,NPB,MLB,gbm
MLB,Roansy Contreras,2021,700000,42562705.04565474,1752486073739486.5,NPB,MLB,gbm
MLB,Mitch Keller,2021,252104,33722800.082044974,1120287496216620.8,NPB,MLB,gbm
MLB,Joe Musgrove,2021,8625000,154312812.3089769,21224938655375676,NPB,MLB,gbm
MLB,Chris Paddack,2021,2250000,42927348.704430625,1654646697621843.8,NPB,MLB,gbm
MLB,Adrián Morejón,2021,704500,-218863.46796111448,852600093965.1761,NPB,MLB,gbm
MLB,Ryan Weathers,2021,700000,13480356.600011863,163337514823466.78,NPB,MLB,gbm
MLB,Robbie Ray,2021,23000000,188089688.92329055,27254605388788844,NPB,MLB,gbm
MLB,Justus Sheffield,2021,760800,19624304.199650493,355831790690231.75,NPB,MLB,gbm
MLB,Logan Gilbert,2021,712300,64255425.54509291,4037728804039439,NPB,MLB,gbm
MLB,Carlos Rodón,2021,22000000,136195929.5277892,13040710320715798,NPB,MLB,gbm
MLB,Anthony DeSclafani,2021,12000000,158775648.06372273,21543090864525792,NPB,MLB,gbm
MLB,Alex Wood,2021,12500000,146198669.41855335,17875334204291614,NPB,MLB,gbm
MLB,Alex Cobb,2021,10000000,140717069.5875868,17086952281566008,NPB,MLB,gbm
MLB,Matthew Boyd,2021,5200000,47853745.32780573,1819341990489309,NPB,MLB,gbm
MLB,Logan Webb,2021,730000,132779499.32738002,17437070272611736,NPB,MLB,gbm
MLB,Logan Webb,2021,572075,132779499.32738002,17478803047279914,NPB,MLB,gbm
MLB,Steven Matz,2021,11000000,162239914.49541584,22873511736580692,NPB,MLB,gbm
MLB,Adam Wainwright,2021,17500000,311137234.95321554,86222825750969900,NPB,MLB,gbm
MLB,Jack Flaherty,2021,5000000,70814000.39049384,4331482647399923.5,NPB,MLB,gbm
MLB,Dakota Hudson,2021,1050000,34226275.55577465,1100665259752690.6,NPB,MLB,gbm
MLB,Packy Naughton,2021,700000,-218863.46796111448,844310072753.526,NPB,MLB,gbm
MLB,Johan Oviedo,2021,700000,13876164.429367159,173611309069720.38,NPB,MLB,gbm
MLB,Corey Kluber,2021,8000000,123932168.08660553,13440267597260958,NPB,MLB,gbm
MLB,Tyler Glasnow,2021,5100000,54634263.47737442,2453643258245949.5,NPB,MLB,gbm
MLB,Ryan Yarbrough,2021,3850000,109425494.51433572,11146185041946532,NPB,MLB,gbm
MLB,Shane McClanahan,2021,711400,94089663.66485053,8719500125062345,NPB,MLB,gbm
MLB,Luis Patiño,2021,707400,35688886.5687323,1223704402558398.2,NPB,MLB,gbm
MLB,Shane Baz,2021,701100,51743527.9912289,2605329455239787.5,NPB,MLB,gbm
MLB,Shane McClanahan,2021,563144,94089663.66485053,8747209880619673,NPB,MLB,gbm
MLB,Jon Gray,2021,14000000,96000407.9419462,6724066902645592,NPB,MLB,gbm
MLB,Garrett Richards,2021,5500000,141459964.99243268,18485112080743520,NPB,MLB,gbm
MLB,Martín Pérez,2021,4000000,52268912.59282186,2329887922893476.5,NPB,MLB,gbm
MLB,Matt Moore,2021,2500000,90805846.82438654,7797922583372018,NPB,MLB,gbm
MLB,Kolby Allard,2021,720000,24814340.792843483,580537258241681.5,NPB,MLB,gbm
MLB,Spencer Howard,2021,714000,37195085.848082535,1330869624655167.8,NPB,MLB,gbm
MLB,Dane Dunning,2021,714000,57287224.818070576,3200529766315956.5,NPB,MLB,gbm
MLB,Dallas Keuchel,2021,700000,148486489.03371438,21840846340912180,NPB,MLB,gbm
MLB,A.J. Alexy,2021,700000,3579683.7723673014,8292578628835.571,NPB,MLB,gbm
MLB,Glenn Otto,2021,700000,31655656.381937493,958252662036587.4,NPB,MLB,gbm
MLB,José Berríos,2021,18714286,164168502.68774375,21156929152245112,NPB,MLB,gbm
MLB,Kevin Gausman,2021,22000000,247506738.83111152,50853289258243144,NPB,MLB,gbm
MLB,Yusei Kikuchi,2021,12000000,100478653.00777085,7828472038069518,NPB,MLB,gbm
MLB,Ross Stripling,2021,3790000,76936924.10828401,5350472506503061,NPB,MLB,gbm
MLB,Alek Manoah,2021,2191023,76537558.85880212,5527407394204150,NPB,MLB,gbm
MLB,Alek Manoah,2021,730000,76537558.85880212,5746785980130749,NPB,MLB,gbm
MLB,Thomas Hatch,2021,715800,3281595.8076578397,6583308126594.546,NPB,MLB,gbm
MLB,Joe Ross,2021,2400000,65411582.88528796,3970459577709515,NPB,MLB,gbm
MLB,Erick Fedde,2021,2150000,64320482.01611685,3865168834116308.5,NPB,MLB,gbm
MLB,Aaron Sanchez,2021,2000000,21943583.44911823,397746520791942.6,NPB,MLB,gbm
MLB,Paolo Espino,2021,716200,106850551.33777954,11264500533891224,NPB,MLB,gbm
MLB,Josiah Gray,2021,703500,41985330.47099947,1704189527036340.5,NPB,MLB,gbm
MLB,Joan Adon,2021,700200,30029029.61552282,860180246616368.5,NPB,MLB,gbm
MLB,Josh Rogers,2021,700000,3784234.7053905018,9512503717935.234,NPB,MLB,gbm
MLB,Merrill Kelly,2022,9000000,221827593.3469058,45295584489835904,NPB,MLB,gbm
MLB,Zac Gallen,2022,5600000,135021944.90378422,16750039822678158,NPB,MLB,gbm
MLB,Zach Davies,2022,5000000,63024190.870396286,3366806726164179.5,NPB,MLB,gbm
MLB,Drey Jameson,2022,723600,40417191.81401582,1575581231097703.8,NPB,MLB,gbm
MLB,Ryne Nelson,2022,722700,20220326.480217762,380157438362088.9,NPB,MLB,gbm
MLB,Tyler Gilbert,2022,720000,17541024.555384055,282946867092833.3,NPB,MLB,gbm
MLB,Tommy Henry,2022,720000,5410861.471805172,22004181347666.184,NPB,MLB,gbm
MLB,Paul Blackburn,2022,1900000,50439645.56691473,2356097191761705,NPB,MLB,gbm
MLB,Cole Irvin,2022,737600,97993396.03262953,9458689861940438,NPB,MLB,gbm
MLB,James Kaprielian,2022,730000,60609849.50465573,3585596376700219.5,NPB,MLB,gbm
MLB,Kyle Muller,2022,720000,21225934.336090438,420493342996052.8,NPB,MLB,gbm
MLB,Adam Oller,2022,720000,15359542.232194293,214316196768200.28,NPB,MLB,gbm
MLB,Adrián Martínez,2022,720000,19280511.089275416,344492571895115.7,NPB,MLB,gbm
MLB,JP Sears,2022,720000,14565689.974530563,191703130870816.12,NPB,MLB,gbm
MLB,Ken Waldichuk,2022,720000,21954247.88125682,450893283082659.7,NPB,MLB,gbm
MLB,Spencer Strider,2022,12500000,98023917.302773,7314340430811555,NPB,MLB,gbm
MLB,Charlie Morton,2022,20000000,169555910.48595592,22366970361283260,NPB,MLB,gbm
MLB,Max Fried,2022,13500000,193057006.99862236,32240718762303320,NPB,MLB,gbm
MLB,Spencer Strider,2022,1692833,98023917.302773,9279677802947958,NPB,MLB,gbm
MLB,Kyle Wright,2022,750000,212217511.443763,44718508396218030,NPB,MLB,gbm
MLB,Huascar Ynoa,2022,750000,30029029.61552282,857261575226662.4,NPB,MLB,gbm
MLB,Bryce Elder,2022,720000,14670721.687266838,194622635595577.28,NPB,MLB,gbm
MLB,Dane Dunning,2022,446638,42133125.64791791,1737763252420012.5,NPB,MLB,gbm
MLB,Bryce Elder,2022,392639,14670721.687266838,203863645224429,NPB,MLB,gbm
MLB,Kyle Gibson,2022,10000000,168863703.6167387,25237676326827e3,NPB,MLB,gbm
MLB,Kyle Bradish,2022,1666786,44472897.5085158,1832363182479488.5,NPB,MLB,gbm
MLB,Tyler Wells,2022,732400,38616845.944145575,1435231244494888,NPB,MLB,gbm
MLB,Dean Kremer,2022,731200,58897099.85331896,3383271905746330.5,NPB,MLB,gbm
MLB,Kyle Bradish,2022,728100,44472897.5085158,1913607309061050,NPB,MLB,gbm
MLB,Bruce Zimmermann,2022,720000,34835293.736556485,1163853266731530.2,NPB,MLB,gbm
MLB,Spenser Watkins,2022,720000,49392141.61073198,2368977368975147.5,NPB,MLB,gbm
MLB,Dean Kremer,2022,276862,58897099.85331896,3436332285979689,NPB,MLB,gbm
MLB,Corey Kluber,2022,10000000,184117585.16254914,30316933462837552,NPB,MLB,gbm
MLB,Nick Pivetta,2022,5350000,131865195.80516939,16006094769620350,NPB,MLB,gbm
MLB,Kutter Crawford,2022,730000,33211498.681739464,1055047756611842.6,NPB,MLB,gbm
MLB,Brayan Bello,2022,729500,24997726.773213476,588946830716115.4,NPB,MLB,gbm
MLB,Josh Winckowski,2022,722000,17667616.050289772,287153903323838.4,NPB,MLB,gbm
MLB,Connor Seabold,2022,722000,31655656.381937493,956891097155782.1,NPB,MLB,gbm
MLB,Kutter Crawford,2022,343008,33211498.681739464,1080337679695594,NPB,MLB,gbm
MLB,Brayan Bello,2022,334768,24997726.773213476,608261535449227.5,NPB,MLB,gbm
MLB,Jameson Taillon,2022,17000000,179494456.38128367,26404448354648900,NPB,MLB,gbm
MLB,Drew Smyly,2022,9500000,121749359.82438418,12599918780984074,NPB,MLB,gbm
MLB,Adrian Sampson,2022,1900000,59639639.50220982,3333865969845148.5,NPB,MLB,gbm
MLB,Justin Steele,2022,1673331,68894748.06615363,4518718912381771,NPB,MLB,gbm
MLB,Keegan Thompson,2022,740000,60414619.07970998,3561060162308486,NPB,MLB,gbm
MLB,Justin Steele,2022,740000,68894748.06615363,4645069683960872,NPB,MLB,gbm
MLB,Javier Assad,2022,721500,9962163.022963159,85389853103958.625,NPB,MLB,gbm
MLB,Hayden Wesneski,2022,721500,47464635.63870058,2184920729337960.5,NPB,MLB,gbm
MLB,Caleb Kilian,2022,720000,1346731.315004677,392792141207.4917,NPB,MLB,gbm
MLB,Javier Assad,2022,261955,9962163.022963159,94094035688758.83,NPB,MLB,gbm
MLB,Mike Clevinger,2022,12000000,82393633.4228775,4955263626474457,NPB,MLB,gbm
MLB,Lucas Giolito,2022,10400000,109339909.10473083,9789105613652398,NPB,MLB,gbm
MLB,Dylan Cease,2022,5700000,191178825.13403845,34402394573103212,NPB,MLB,gbm
MLB,Michael Kopech,2022,2050000,43807511.81370672,1743689792871856.2,NPB,MLB,gbm
MLB,José Ureña,2022,720000,48344428.99461735,2268086237063350,NPB,MLB,gbm
MLB,Hunter Greene,2022,8833333,74886767.61405973,4363056224313864.5,NPB,MLB,gbm
MLB,Justin Dunn,2022,900000,2973358.081419346,4298813733786.911,NPB,MLB,gbm
MLB,Hunter Greene,2022,730000,74886767.61405973,5499226182965658,NPB,MLB,gbm
MLB,Nick Lodolo,2022,730000,52405767.29447751,2670384925472991,NPB,MLB,gbm
MLB,Connor Overton,2022,730000,20173437.733129233,378047270882073.6,NPB,MLB,gbm
MLB,Vladimir Gutierrez,2022,730000,8874345.513098035,66330363836720.09,NPB,MLB,gbm
MLB,Graham Ashcraft,2022,722500,30067349.76003254,861120207438881.75,NPB,MLB,gbm
MLB,Chase Anderson,2022,720000,107481427.40868518,11398002382339954,NPB,MLB,gbm
MLB,Shane Bieber,2022,10010000,177347550.9343215,28001855952696640,NPB,MLB,gbm
MLB,Cal Quantrill,2022,5500000,209753406.6377797,41719454123138190,NPB,MLB,gbm
MLB,Zach Plesac,2022,2950000,37112405.52843497,1167069951489244.2,NPB,MLB,gbm
MLB,Aaron Civale,2022,2600000,62434543.009057425,3580172537102743,NPB,MLB,gbm
MLB,Triston McKenzie,2022,739500,149495241.97021976,22128270769110600,NPB,MLB,gbm
MLB,Cody Morris,2022,720200,29585850.955897883,833225805107728.4,NPB,MLB,gbm
MLB,Hunter Gaddis,2022,720100,1346731.315004677,392666804944.4908,NPB,MLB,gbm
MLB,Xzavion Curry,2022,720100,1346731.315004677,392666804944.4908,NPB,MLB,gbm
MLB,Konnor Pilkington,2022,720000,7345725.964458333,43900244556097.31,NPB,MLB,gbm
MLB,José Ureña,2022,3500000,48344428.99461735,2011022811853277.2,NPB,MLB,gbm
MLB,Austin Gomber,2022,1650000,39225480.606153905,1411916742783448.2,NPB,MLB,gbm
MLB,Ryan Feltner,2022,722000,24046331.810771506,544024454418967.6,NPB,MLB,gbm
MLB,Chris Flexen,2022,720000,62963891.85696061,3874302073501007.5,NPB,MLB,gbm
MLB,Michael Lorenzen,2022,8500000,65244000.7404613,3219881620033472.5,NPB,MLB,gbm
MLB,Tyler Alexander,2022,1875000,26568094.88014076,609748934759633.75,NPB,MLB,gbm
MLB,Rony García,2022,830000,22425780.903945006,466377752851195.8,NPB,MLB,gbm
MLB,Tarik Skubal,2022,743700,67189636.32998912,4415062454768968,NPB,MLB,gbm
MLB,Casey Mize,2022,734200,8294601.803216219,57159675426075.055,NPB,MLB,gbm
MLB,Matt Manning,2022,729200,6976456.254770966,39028210712774.96,NPB,MLB,gbm
MLB,Beau Brieske,2022,724400,13303032.170481313,158221987280267.44,NPB,MLB,gbm
MLB,Joey Wentz,2022,723500,11519895.16059981,116562148463822.98,NPB,MLB,gbm
MLB,Zach Logue,2022,720000,5410861.471805172,22004181347666.184,NPB,MLB,gbm
MLB,Alex Faedo,2022,720000,8911320.747424122,67097735587180.875,NPB,MLB,gbm
MLB,Tarik Skubal,2022,408487,67189636.32998912,4459721905834306.5,NPB,MLB,gbm
MLB,Cristian Javier,2022,12800000,120309361.7570961,11558262865418156,NPB,MLB,gbm
MLB,Framber Valdez,2022,6800000,244890226.97430694,56686956180677e3,NPB,MLB,gbm
MLB,José Urquidy,2022,3025000,95985809.86992192,8641712171671773,NPB,MLB,gbm
MLB,Jordan Lyles,2022,8500000,126588813.71621272,13944967924902390,NPB,MLB,gbm
MLB,Zack Greinke,2022,8500000,151663623.18090335,20495823002283684,NPB,MLB,gbm
MLB,Brad Keller,2022,5775000,42642609.07755754,1359220599095603.2,NPB,MLB,gbm
MLB,Brady Singer,2022,2950000,121654370.51120192,14090727578460704,NPB,MLB,gbm
MLB,Kris Bubic,2022,2200000,22496047.699666347,411929552227131.6,NPB,MLB,gbm
MLB,Ángel Zerpa,2022,721400,17406799.226998456,278402547364320.66,NPB,MLB,gbm
MLB,Cole Ragans,2022,381333,5410861.471805172,25296156648698.87,NPB,MLB,gbm
MLB,Tyler Anderson,2022,13000000,267356796.0089282,64697379675927520,NPB,MLB,gbm
MLB,Patrick Sandoval,2022,2750000,88183313.53277427,7298851061189311,NPB,MLB,gbm
MLB,José Suarez,2022,750000,40615918.960985646,1589291494603874.8,NPB,MLB,gbm
MLB,Tucker Davidson,2022,740000,5410861.471805172,21816946888793.977,NPB,MLB,gbm
MLB,Reid Detmers,2022,740000,61176388.963778295,3652557110981103,NPB,MLB,gbm
MLB,Jhonathan Díaz,2022,720000,7167164.2382962685,41565926715566.305,NPB,MLB,gbm
MLB,Chase Silseth,2022,720000,4908222.574072512,17541208329970.578,NPB,MLB,gbm
MLB,Reid Detmers,2022,274063,61176388.963778295,3709093307798304,NPB,MLB,gbm
MLB,Clayton Kershaw,2022,20000000,216931792.4317915,38782130870398216,NPB,MLB,gbm
MLB,Julio Urías,2022,14250000,201437591.6102317,35039194452838884,NPB,MLB,gbm
MLB,Noah Syndergaard,2022,13000000,110341616.37891413,9475390279259684,NPB,MLB,gbm
MLB,Walker Buehler,2022,8025000,25185937.3749881,294497771588263.5,NPB,MLB,gbm
MLB,Tony Gonsolin,2022,3325000,197043561.7197383,37526881154764056,NPB,MLB,gbm
MLB,Dustin May,2022,1675000,29880978.978684206,795577250145975.25,NPB,MLB,gbm
MLB,Michael Grove,2022,722500,3281595.8076578397,6548971352771.931,NPB,MLB,gbm
MLB,Ryan Pepiot,2022,722500,39223688.39017535,1482341507455773.2,NPB,MLB,gbm
MLB,Johnny Cueto,2022,8500000,165468478.9421123,24639103381400352,NPB,MLB,gbm
MLB,Pablo López,2022,5450000,119115130.67259479,12919761930818048,NPB,MLB,gbm
MLB,Jesús Luzardo,2022,2450000,58723877.70637689,3166749312112261.5,NPB,MLB,gbm
MLB,Devin Smeltzer,2022,1000000,16883983.06770772,252300918095225.6,NPB,MLB,gbm
MLB,Trevor Rogers,2022,752000,41990670.33920414,1700627931345555.2,NPB,MLB,gbm
MLB,Braxton Garrett,2022,732000,44689140.41341192,1932230193324411.8,NPB,MLB,gbm
MLB,Edward Cabrera,2022,731000,58764951.41033512,3367939516297138,NPB,MLB,gbm
MLB,Max Meyer,2022,721500,22791529.119056232,487086185315990,NPB,MLB,gbm
MLB,Chi Chi González,2022,720000,27640130.601906836,724693431623720.9,NPB,MLB,gbm
MLB,Daniel Castano,2022,720000,8159037.860280634,55339284286688.67,NPB,MLB,gbm
MLB,Braxton Garrett,2022,466898,44689140.41341192,1955606724070568.2,NPB,MLB,gbm
MLB,Aaron Ashby,2022,4100000,48408895.40428743,1963278211948083.5,NPB,MLB,gbm
MLB,Brandon Woodruff,2022,10800000,155897450.39020422,21053270109737776,NPB,MLB,gbm
MLB,Corbin Burnes,2022,10010000,162332817.26874065,23202240660686156,NPB,MLB,gbm
MLB,Eric Lauer,2022,5075000,100536813.82529846,9112957898815944,NPB,MLB,gbm
MLB,Wade Miley,2022,4500000,94092127.38558501,8026749289474892,NPB,MLB,gbm
MLB,Adrian Houser,2022,3600000,47073848.51755483,1889975504927304,NPB,MLB,gbm
MLB,Bryse Wilson,2022,732600,31830408.6878813,967073705188065.5,NPB,MLB,gbm
MLB,Jason Alexander,2022,732500,32424935.807719078,1004410487426394.4,NPB,MLB,gbm
MLB,Janson Junk,2022,720000,30029029.61552282,859019217003593.75,NPB,MLB,gbm
MLB,Ethan Small,2022,720000,28463434.832557026,769698176308338.5,NPB,MLB,gbm
MLB,Chris Paddack,2022,4175000,26858376.90868821,514535587981609.5,NPB,MLB,gbm
MLB,Tyler Mahle,2022,7500000,74801867.96429682,4529541431483642,NPB,MLB,gbm
MLB,Chris Paddack,2022,2400000,26858376.90868821,598212201007452.6,NPB,MLB,gbm
MLB,Joe Ryan,2022,730250,127160816.57480334,15984688164425778,NPB,MLB,gbm
MLB,Josh Winder,2022,725650,20347467.109000593,385015706659068.4,NPB,MLB,gbm
MLB,Dallas Keuchel,2022,720000,85197645.34162594,7136472562465536,NPB,MLB,gbm
MLB,Bailey Ober,2022,720000,26476131.232285377,663378296054706.25,NPB,MLB,gbm
MLB,Bailey Ober,2022,432752,26476131.232285377,678257601836633.25,NPB,MLB,gbm
MLB,Joe Ryan,2022,341931,127160816.57480334,16083029738435062,NPB,MLB,gbm
MLB,Justin Verlander,2022,43333333,317802746.3681348,75333458874648050,NPB,MLB,gbm
MLB,Jose Quintana,2022,13000000,142739791.2157888,16832413424716472,NPB,MLB,gbm
MLB,Elieser Hernández,2022,1600000,32008387.25135805,924670015228554.9,NPB,MLB,gbm
MLB,Tylor Megill,2022,750000,42341631.52827473,1729863813183776.5,NPB,MLB,gbm
MLB,David Peterson,2022,750000,55558835.16981954,3004008412672447.5,NPB,MLB,gbm
MLB,José Buttó,2022,720000,30029029.61552282,859019217003593.75,NPB,MLB,gbm
MLB,Carlos Rodón,2022,27000000,190189810.27224812,26630914176692336,NPB,MLB,gbm
MLB,Frankie Montas,2022,7500000,99592774.18343204,8481079056800607,NPB,MLB,gbm
MLB,Nestor Cortes,2022,3200000,111685995.54816735,11769211230076986,NPB,MLB,gbm
MLB,Domingo Germán,2022,2600000,36279560.19368967,1134312774840365.5,NPB,MLB,gbm
MLB,Luis Gil,2022,723400,30029029.61552282,858819927162208.25,NPB,MLB,gbm
MLB,Taijuan Walker,2022,18000000,93956449.1302116,5769382164470424,NPB,MLB,gbm
MLB,Ranger Suárez,2022,2950000,67516437.06571043,4168824795360345,NPB,MLB,gbm
MLB,Bailey Falter,2022,733000,29054748.29158115,802121426291679.75,NPB,MLB,gbm
MLB,Rich Hill,2022,8000000,134695999.19318032,16051876211558348,NPB,MLB,gbm
MLB,Mitch Keller,2022,2437500,49606479.811788835,2224912656484942.8,NPB,MLB,gbm
MLB,JT Brubaker,2022,2275000,67895079.86006327,4305994880841081,NPB,MLB,gbm
MLB,Roansy Contreras,2022,725000,30118776.553993657,863994100106107.25,NPB,MLB,gbm
MLB,Yu Darvish,2022,18000000,334390788.13626206,100103130817485070,NPB,MLB,gbm
MLB,Joe Musgrove,2022,20000000,150839304.27502057,17118923543171416,NPB,MLB,gbm
MLB,Michael Wacha,2022,6500000,104412552.08756377,9586867856299888,NPB,MLB,gbm
MLB,Ryan Weathers,2022,727600,1716001.024692046,976936585612.2865,NPB,MLB,gbm
MLB,Luis Castillo,2022,21600000,134334495.35450116,12709066442834044,NPB,MLB,gbm
MLB,Logan Gilbert,2022,767300,112226452.41216561,12423142656438364,NPB,MLB,gbm
MLB,George Kirby,2022,758300,93616795.07419698,8622700107444665,NPB,MLB,gbm
MLB,George Kirby,2022,613007,93616795.07419698,8649704596150144,NPB,MLB,gbm
MLB,Logan Gilbert,2022,468999,112226452.41216561,12489728393172368,NPB,MLB,gbm
MLB,Ross Stripling,2022,12500000,178744665.09423864,27637288672295568,NPB,MLB,gbm
MLB,Sean Manaea,2022,12500000,91343263.25297718,6216260160378261,NPB,MLB,gbm
MLB,Logan Webb,2022,4600000,225441675.8076281,48771045773521510,NPB,MLB,gbm
MLB,Miles Mikolas,2022,18583333,222768475.29349497,41691572333414790,NPB,MLB,gbm
MLB,Adam Wainwright,2022,17500000,204447007.40661976,34949183578290744,NPB,MLB,gbm
MLB,Jordan Montgomery,2022,10000000,98628029.67962961,7854927644893307,NPB,MLB,gbm
MLB,Jack Flaherty,2022,5400000,15187189.701379357,95789082250786.14,NPB,MLB,gbm
MLB,Dakota Hudson,2022,2650000,71044542.52202475,4677813446797052,NPB,MLB,gbm
MLB,Matthew Liberatore,2022,720000,5176175.528704993,19857500342629.227,NPB,MLB,gbm
MLB,Zach Eflin,2022,13333333,36065076.83582818,516732177817712.4,NPB,MLB,gbm
MLB,Jeffrey Springs,2022,7750000,119090779.51017065,12396769181932438,NPB,MLB,gbm
MLB,Tyler Glasnow,2022,15175000,56777077.92917242,1730732888024935,NPB,MLB,gbm
MLB,Yonny Chirinos,2022,1275000,48838037.9512728,2262242579154216.5,NPB,MLB,gbm
MLB,Drew Rasmussen,2022,739700,81301120.28150146,6490142437772714,NPB,MLB,gbm
MLB,Shane McClanahan,2022,737000,121953125.67059164,14693349122588664,NPB,MLB,gbm
MLB,Shane Baz,2022,723600,30029029.61552282,858808204950362,NPB,MLB,gbm
MLB,Elvin Rodríguez,2022,720000,4908222.574072512,17541208329970.578,NPB,MLB,gbm
MLB,Luis Patiño,2022,720000,1346731.315004677,392792141207.4917,NPB,MLB,gbm
MLB,Cooper Criswell,2022,720000,36874315.60749233,1307134537046163.2,NPB,MLB,gbm
MLB,Shane McClanahan,2022,349912,121953125.67059164,14787341575015564,NPB,MLB,gbm
MLB,Jacob deGrom,2022,37000000,147362664.0399918,12179917614004098,NPB,MLB,gbm
MLB,Nathan Eovaldi,2022,17000000,132529975.77376546,13347175302286834,NPB,MLB,gbm
MLB,Andrew Heaney,2022,12500000,102640231.00089875,8125261244895388,NPB,MLB,gbm
MLB,Martín Pérez,2022,19650000,174296011.54493475,23915388886756092,NPB,MLB,gbm
MLB,Dane Dunning,2022,742840,42133125.64791791,1713155746016239.5,NPB,MLB,gbm
MLB,Glenn Otto,2022,736340,62291731.582155585,3789066232832510.5,NPB,MLB,gbm
MLB,Spencer Howard,2022,733455,8911320.747424122,66877488182892.695,NPB,MLB,gbm
MLB,Cole Ragans,2022,724145,5410861.471805172,21965311287089.92,NPB,MLB,gbm
MLB,Tyson Miller,2022,720000,1346731.315004677,392792141207.4917,NPB,MLB,gbm
MLB,Chris Bassitt,2022,21000000,270325415.1555813,62163162642502970,NPB,MLB,gbm
MLB,Alek Manoah,2022,745660,238325565.8227828,56444211650762350,NPB,MLB,gbm
MLB,Mitch White,2022,743000,18614924.634086046,319405690126451.7,NPB,MLB,gbm
MLB,Thomas Hatch,2022,720000,5338105.869370827,21326901820717.285,NPB,MLB,gbm
MLB,Chad Kuhl,2022,2000000,78147976.37938052,5798514306674694,NPB,MLB,gbm
MLB,Josiah Gray,2022,730000,75342173.01191504,5566976361559943,NPB,MLB,gbm
MLB,MacKenzie Gore,2022,723300,44784319.56784215,1941373445357768.8,NPB,MLB,gbm
MLB,Cade Cavalli,2022,720200,30029029.61552282,859007493431747.5,NPB,MLB,gbm
MLB,Joan Adon,2022,720000,13876164.429367159,173084662492545.7,NPB,MLB,gbm
MLB,Cory Abbott,2022,720000,16813816.46779403,259010928499038.34,NPB,MLB,gbm
MLB,Josiah Gray,2022,311171,75342173.01191504,5629651262911999,NPB,MLB,gbm
MLB,Eduardo Rodríguez,2023,20000000,130395676.73217604,12187205441155114,NPB,MLB,gbm
MLB,Jordan Montgomery,2023,25000000,149402496.6813867,15475981180562432,NPB,MLB,gbm
MLB,Zac Gallen,2023,10011000,246354693.74017695,55858341570750550,NPB,MLB,gbm
MLB,Ryne Nelson,2023,764300,54705346.26751532,2909636472434228,NPB,MLB,gbm
MLB,Tommy Henry,2023,760500,19720882.328433923,359496098040389.44,NPB,MLB,gbm
MLB,Brandon Pfaadt,2023,754400,39612085.077211544,1509919689559748.8,NPB,MLB,gbm
MLB,Logan Allen,2023,740000,58263364.97552778,3308937518107776,NPB,MLB,gbm
MLB,Slade Cecconi,2023,740000,22388077.602332655,468639263876616.75,NPB,MLB,gbm
MLB,Ryne Nelson,2023,274561,54705346.26751532,2962710384838362.5,NPB,MLB,gbm
MLB,Brandon Pfaadt,2023,271783,39612085.077211544,1547659367526255,NPB,MLB,gbm
MLB,Paul Blackburn,2023,3450000,68518646.32160634,4233928734126294,NPB,MLB,gbm
MLB,Osvaldo Bido,2023,750000,22542188.338737648,474899472591013.1,NPB,MLB,gbm
MLB,Ken Waldichuk,2023,745000,58822544.305071384,3373001152507529.5,NPB,MLB,gbm
MLB,JP Sears,2023,745000,53619830.799492605,2795747732074972,NPB,MLB,gbm
MLB,Joey Estes,2023,740000,8294601.803216219,57072008405157.75,NPB,MLB,gbm
MLB,Joe Boyle,2023,740000,24052830.15719519,543488049938229.56,NPB,MLB,gbm
MLB,Kyle Muller,2023,740000,5535401.859783182,22995878996812,NPB,MLB,gbm
MLB,Luis Medina,2023,740000,38627235.06336617,1435442580746762.8,NPB,MLB,gbm
MLB,Mason Miller,2023,740000,35220590.216823734,1188911101700520.5,NPB,MLB,gbm
MLB,Chris Sale,2023,19000000,147115920.4113985,16413689062859794,NPB,MLB,gbm
MLB,Max Fried,2023,15000000,84829187.72242348,4876115457973458,NPB,MLB,gbm
MLB,Dylan Dodd,2023,740000,3241311.0360518293,6256556899074.676,NPB,MLB,gbm
MLB,AJ Smith-Shawver,2023,740000,3579683.7723673014,8063803927046.1875,NPB,MLB,gbm
MLB,Allan Winans,2023,740000,34403832.77041295,1133253636794329,NPB,MLB,gbm
MLB,Bryce Elder,2023,740000,77452373.06874524,5884788181838350,NPB,MLB,gbm
MLB,John Means,2023,3325000,53961168.09823851,2564021519673067.5,NPB,MLB,gbm
MLB,Cole Irvin,2023,2000000,42854352.46320674,1669078115187926.5,NPB,MLB,gbm
MLB,Tyler Wells,2023,1962500,83271485.06110372,6611151051666787,NPB,MLB,gbm
MLB,Dean Kremer,2023,756600,91370684.03452256,8210912225415517,NPB,MLB,gbm
MLB,Kyle Bradish,2023,754500,117221393.62961401,13564537311731824,NPB,MLB,gbm
MLB,Grayson Rodriguez,2023,748300,80571787.10431567,6371789093492850,NPB,MLB,gbm
MLB,Grayson Rodriguez,2023,243098,80571787.10431567,6452698293217803,NPB,MLB,gbm
MLB,Brayan Bello,2023,9166667,73298214.20018046,4112855346288973.5,NPB,MLB,gbm
MLB,Lucas Giolito,2023,19250000,116357545.18418261,9429875331698068,NPB,MLB,gbm
MLB,Chase Anderson,2023,1250000,105413509.27308613,10850036664084300,NPB,MLB,gbm
MLB,Rich Hill,2023,1000000,145738334.8037629,20949185561766168,NPB,MLB,gbm
MLB,Tanner Houck,2023,770000,38309483.86225968,1409212848644854.8,NPB,MLB,gbm
MLB,Kutter Crawford,2023,760000,70422082.28290562,4852805707990314,NPB,MLB,gbm
MLB,Brad Keller,2023,740000,9032966.316483945,68773290326337.29,NPB,MLB,gbm
MLB,Tanner Houck,2023,534267,38309483.86225968,1426967008990748,NPB,MLB,gbm
MLB,Kutter Crawford,2023,237986,70422082.28290562,4925807371048167,NPB,MLB,gbm
MLB,Justin Steele,2023,4000000,203322079.84547895,39729291513927490,NPB,MLB,gbm
MLB,Jordan Wicks,2023,741500,5979268.149445616,27434215187346.95,NPB,MLB,gbm
MLB,Dylan Cease,2023,8000000,86214675.01994257,6117535388475228,NPB,MLB,gbm
MLB,Michael Soroka,2023,3000000,10912829.036115339,62612863354790.01,NPB,MLB,gbm
MLB,Michael Kopech,2023,3000000,51867312.433194146,2388014224443411,NPB,MLB,gbm
MLB,Mike Clevinger,2023,3000000,141463522.7519456,19172147132878560,NPB,MLB,gbm
MLB,Chris Flexen,2023,1750000,16460752.401591938,216406236220942.97,NPB,MLB,gbm
MLB,Touki Toussaint,2023,1300000,55549096.646022886,2942964486909531.5,NPB,MLB,gbm
MLB,Brad Keller,2023,1000000,9032966.316483945,64528547841765.63,NPB,MLB,gbm
MLB,Jared Shuster,2023,740000,9775445.351613626,81639272701996.28,NPB,MLB,gbm
MLB,Jake Woodford,2023,740000,6976456.254770966,38893386617671.91,NPB,MLB,gbm
MLB,Nick Lodolo,2023,760000,39811653.49730484,1525031640873561.5,NPB,MLB,gbm
MLB,Graham Ashcraft,2023,750000,68988032.46031177,4656429074054563,NPB,MLB,gbm
MLB,Brandon Williamson,2023,742500,37534980.723681815,1353686637802498,NPB,MLB,gbm
MLB,Andrew Abbott,2023,742500,61358746.30680778,3674329316327587.5,NPB,MLB,gbm
MLB,Lyon Richardson,2023,740000,1346731.315004677,368122888607.3046,NPB,MLB,gbm
MLB,Connor Phillips,2023,740000,30029029.61552282,857847255818972.9,NPB,MLB,gbm
MLB,Carson Spiers,2023,740000,9286202.269700672,73037573234636.92,NPB,MLB,gbm
MLB,Hunter Greene,2023,529910,57831774.89956459,3283503720967952,NPB,MLB,gbm
MLB,Shane Bieber,2023,13125000,56061329.625825204,1843528401737515,NPB,MLB,gbm
MLB,Carlos Carrasco,2023,2000000,95539611.93612319,8749659001160520,NPB,MLB,gbm
MLB,Triston McKenzie,2023,1600000,27983089.720357127,696067423192413.9,NPB,MLB,gbm
MLB,Ben Lively,2023,750000,72589749.43254386,5160949598530686,NPB,MLB,gbm
MLB,Tanner Bibee,2023,745700,119551843.92850566,14114899835160802,NPB,MLB,gbm
MLB,Logan Allen,2023,744300,58263364.97552778,3308442835658986.5,NPB,MLB,gbm
MLB,Gavin Williams,2023,742100,37521524.146183394,1352726040524858,NPB,MLB,gbm
MLB,Hunter Gaddis,2023,740700,6976456.254770966,38884656068915.23,NPB,MLB,gbm
MLB,Matthew Boyd,2023,740000,121917864.51205997,14684074847703164,NPB,MLB,gbm
MLB,Tanner Bibee,2023,411884,119551843.92850566,14194330051765934,NPB,MLB,gbm
MLB,Hunter Gaddis,2023,291335,6976456.254770966,44690846190990.54,NPB,MLB,gbm
MLB,Luis Ortiz,2023,246313,21286477.111399718,442688505834632.7,NPB,MLB,gbm
MLB,Germán Márquez,2023,10000000,36304362.52114089,691919487643601.4,NPB,MLB,gbm
MLB,Cal Quantrill,2023,6550000,43966785.08123642,1400015805815436.5,NPB,MLB,gbm
MLB,Austin Gomber,2023,3150000,87446794.98353873,7105949644496761,NPB,MLB,gbm
MLB,Dakota Hudson,2023,1500000,30010594.441978496,812853995434975.1,NPB,MLB,gbm
MLB,Ty Blach,2023,1000000,90768871.59006046,8058450306552764,NPB,MLB,gbm
MLB,Ryan Feltner,2023,745000,11083423.532489527,106883001137133.23,NPB,MLB,gbm
MLB,Noah Davis,2023,740000,4908222.574072512,17374079427007.676,NPB,MLB,gbm
MLB,Ryan Feltner,2023,241935,11083423.532489527,117537873600101.92,NPB,MLB,gbm
MLB,Kenta Maeda,2023,12000000,140338069.9551561,16470660199814538,NPB,MLB,gbm
MLB,Jack Flaherty,2023,14000000,72843796.33445537,3462592367050863.5,NPB,MLB,gbm
MLB,Tarik Skubal,2023,2650000,83455989.19280961,6529607889428464,NPB,MLB,gbm
MLB,Reese Olson,2023,752300,50634105.56322571,2488194526247455.5,NPB,MLB,gbm
MLB,Joey Wentz,2023,746700,19566143.27240583,354171445083301,NPB,MLB,gbm
MLB,Alex Faedo,2023,746600,22163997.872480836,458704931628146.6,NPB,MLB,gbm
MLB,Sawyer Gipson-Long,2023,743600,39832923.75143061,1527975231344157,NPB,MLB,gbm
MLB,Matt Manning,2023,740000,27075359.003094897,693551133821891.4,NPB,MLB,gbm
MLB,Reese Olson,2023,261138,50634105.56322571,2537435861125789.5,NPB,MLB,gbm
MLB,Framber Valdez,2023,12100000,188905023.2157602,31260016234325504,NPB,MLB,gbm
MLB,José Urquidy,2023,3750000,20488499.81174859,280177375947907.6,NPB,MLB,gbm
MLB,Hunter Brown,2023,774500,101399216.72409889,10125333615805148,NPB,MLB,gbm
MLB,J.P. France,2023,767600,106234970.8369824,11123366311265566,NPB,MLB,gbm
MLB,Brandon Bielak,2023,765000,21622015.370329835,435015090158174.94,NPB,MLB,gbm
MLB,Hunter Brown,2023,416842,101399216.72409889,10197440004918326,NPB,MLB,gbm
MLB,Seth Lugo,2023,15000000,172881745.50604326,24926645564035008,NPB,MLB,gbm
MLB,Michael Wacha,2023,16000000,195507603.33365625,32222979654593276,NPB,MLB,gbm
MLB,Brady Singer,2023,4850000,64129209.89167683,3514024725381476,NPB,MLB,gbm
MLB,Kris Bubic,2023,2350000,38798108.975078,1328464647859161.5,NPB,MLB,gbm
MLB,Kyle Wright,2023,1800000,33712166.44365048,1018386367127251.5,NPB,MLB,gbm
MLB,Jonathan Bowlan,2023,740000,44976037.292650655,1956826995356779.5,NPB,MLB,gbm
MLB,Patrick Sandoval,2023,5025000,47463999.81556941,1801068705345900.2,NPB,MLB,gbm
MLB,Griffin Canning,2023,2600000,80642443.98980059,6090623063901162,NPB,MLB,gbm
MLB,Zach Plesac,2023,1000000,20276022.229371283,371565032987215.9,NPB,MLB,gbm
MLB,Johnny Cueto,2023,1000000,92216614.32188524,8320470728347560,NPB,MLB,gbm
MLB,José Suarez,2023,925000,5176175.528704993,18072493375860.18,NPB,MLB,gbm
MLB,Reid Detmers,2023,770000,59253848.1490613,3420360494322461,NPB,MLB,gbm
MLB,Chase Silseth,2023,750000,45214899.03639848,1977127246317110.2,NPB,MLB,gbm
MLB,Tyler Glasnow,2023,27312500,117264432.47038426,8091350155156569,NPB,MLB,gbm
MLB,Clayton Kershaw,2023,5000000,197066341.61260176,36889479580448640,NPB,MLB,gbm
MLB,James Paxton,2023,7000000,144280611.28074494,18845966233614996,NPB,MLB,gbm
MLB,Dustin May,2023,2135000,16559699.360134244,208071951630257.28,NPB,MLB,gbm
MLB,Michael Grove,2023,760000,42767292.27138322,1764612603973412.2,NPB,MLB,gbm
MLB,Bobby Miller,2023,750000,94640834.2682026,8815488759579088,NPB,MLB,gbm
MLB,Emmet Sheehan,2023,750000,45214899.03639848,1977127246317110.2,NPB,MLB,gbm
MLB,Gavin Stone,2023,742500,2973358.081419346,4976727779434.005,NPB,MLB,gbm
MLB,Gavin Stone,2023,350022,2973358.081419346,6881892196076.609,NPB,MLB,gbm
MLB,Jesús Luzardo,2023,5500000,105133522.7652929,9926838858622138,NPB,MLB,gbm
MLB,Trevor Rogers,2023,1530000,28463434.832557026,725409911879596.1,NPB,MLB,gbm
MLB,Braxton Garrett,2023,764000,101354467.27300052,10118442106200590,NPB,MLB,gbm
MLB,Edward Cabrera,2023,761000,68115901.69107446,4536682781814305,NPB,MLB,gbm
MLB,Ryan Weathers,2023,752600,5410861.471805172,21699399939704.49,NPB,MLB,gbm
MLB,Eury Pérez,2023,748000,59772669.54782566,3483911615230017.5,NPB,MLB,gbm
MLB,Brandon Woodruff,2023,8750000,83924877.23009522,5651262166559889,NPB,MLB,gbm
MLB,Corbin Burnes,2023,15637000,172023401.8835549,24456706694084744,NPB,MLB,gbm
MLB,Wade Miley,2023,8500000,138670311.55667433,16944310010761664,NPB,MLB,gbm
MLB,Colin Rea,2023,4500000,116444809.21696268,12531640310622172,NPB,MLB,gbm
MLB,Janson Junk,2023,740000,5721534.469894817,24815685674750.24,NPB,MLB,gbm
MLB,Pablo López,2023,18375000,163461531.99921498,21050101767559232,NPB,MLB,gbm
MLB,Bailey Ober,2023,761850,105639246.34202014,10999268263481180,NPB,MLB,gbm
MLB,Joe Ryan,2023,758850,118185668.85126945,13789057785528852,NPB,MLB,gbm
MLB,Bailey Ober,2023,381085,105639246.34202014,11079280529102742,NPB,MLB,gbm
MLB,Joe Ryan,2023,331054,118185668.85126945,13889710241741062,NPB,MLB,gbm
MLB,Luis Severino,2023,13000000,45580036.72672165,1061458793114531.6,NPB,MLB,gbm
MLB,Adrian Houser,2023,5050000,62470306.5688108,3297091606456216.5,NPB,MLB,gbm
MLB,Julio Teheran,2023,2500000,109941592.10923375,11543695714966960,NPB,MLB,gbm
MLB,David Peterson,2023,2150000,44263369.93826808,1773535927557421.8,NPB,MLB,gbm
MLB,Joey Lucchesi,2023,1650000,39054551.406707995,1399100465937061,NPB,MLB,gbm
MLB,Tylor Megill,2023,766250,49619555.46494465,2386645454851191,NPB,MLB,gbm
MLB,José Buttó,2023,740000,18480861.044353183,314738150595048.3,NPB,MLB,gbm
MLB,Marcus Stroman,2023,18500000,167829344.71235633,22299253192221744,NPB,MLB,gbm
MLB,Nestor Cortes,2023,3950000,50439164.07828685,2161242376697876.2,NPB,MLB,gbm
MLB,Clarke Schmidt,2023,2025000,68511884.08594693,4420505755458143.5,NPB,MLB,gbm
MLB,Luke Weaver,2023,2000000,46891980.19772878,2015289886073273.2,NPB,MLB,gbm
MLB,Aaron Nola,2023,24571429,186758247.55188087,26304564111980728,NPB,MLB,gbm
MLB,Ranger Suárez,2023,5050000,62575245.399255455,3309153858244561,NPB,MLB,gbm
MLB,Spencer Turnbull,2023,2000000,29266757.368321504,743476057382915,NPB,MLB,gbm
MLB,Kolby Allard,2023,1000000,28463434.832557026,754240252802106.6,NPB,MLB,gbm
MLB,Cristopher Sánchez,2023,753500,62971579.01612891,3871089356457261,NPB,MLB,gbm
MLB,Luis Ortiz,2023,744000,21286477.111399718,421993365872381.3,NPB,MLB,gbm
MLB,Cristopher Sánchez,2023,576282,62971579.01612891,3893173089730945.5,NPB,MLB,gbm
MLB,Mitch Keller,2023,15400000,160123114.89143184,20944779983878580,NPB,MLB,gbm
MLB,Martín Pérez,2023,8000000,152249802.83980113,20808005619321500,NPB,MLB,gbm
MLB,Mitch Keller,2023,5442500,160123114.89143184,23926092623191444,NPB,MLB,gbm
MLB,Johan Oviedo,2023,765000,65891218.16619653,4241424292631027,NPB,MLB,gbm
MLB,Roansy Contreras,2023,755000,11766700.877687901,121257556219672.5,NPB,MLB,gbm
MLB,Bailey Falter,2023,755000,14055730.480692666,176909431320026.97,NPB,MLB,gbm
MLB,Luis Ortiz,2023,747500,21286477.111399718,421849580782601.5,NPB,MLB,gbm
MLB,Jake Woodford,2023,740000,6976456.254770966,38893386617671.91,NPB,MLB,gbm
MLB,Domingo Germán,2023,740000,88480761.03457183,7698441146925838,NPB,MLB,gbm
MLB,Quinn Priester,2023,740000,6976456.254770966,38893386617671.91,NPB,MLB,gbm
MLB,Mason Miller,2023,825276,35220590.216823734,1183037640074037,NPB,MLB,gbm
MLB,Matt Waldron,2023,741800,9294749.347948115,73152942548566.1,NPB,MLB,gbm
MLB,Jhony Brito,2023,740000,31392052.677543644,939548333346910.5,NPB,MLB,gbm
MLB,Logan Gilbert,2023,4050000,148780127.25970346,20946809736609956,NPB,MLB,gbm
MLB,George Kirby,2023,798600,144404516.8943314,20622659367061616,NPB,MLB,gbm
MLB,Bryce Miller,2023,752600,63487818.707223296,3935707666243140,NPB,MLB,gbm
MLB,Bryan Woo,2023,749000,55538526.479475595,3001892211845157.5,NPB,MLB,gbm
MLB,Emerson Hancock,2023,741300,3665024.4081818284,8548164414998.183,NPB,MLB,gbm
MLB,Dallas Keuchel,2023,740000,88332726.4457423,7672485726198641,NPB,MLB,gbm
MLB,Bryce Miller,2023,497306,63487818.707223296,3967804691118859.5,NPB,MLB,gbm
MLB,George Kirby,2023,446287,144404516.8943314,20723971954309168,NPB,MLB,gbm
MLB,Bryan Woo,2023,362483,55538526.479475595,3044395774048981.5,NPB,MLB,gbm
MLB,Logan Webb,2023,18000000,155713385.97660014,18964976677140048,NPB,MLB,gbm
MLB,Blake Snell,2023,31000000,208711713.5058106,31581453117171300,NPB,MLB,gbm
MLB,Kyle Harrison,2023,743750,25833176.245339222,629479309320316.6,NPB,MLB,gbm
MLB,Keaton Winn,2023,743750,21149557.41908234,416396976424675.9,NPB,MLB,gbm
MLB,Sonny Gray,2023,25000000,189976690.66025734,27217308461210240,NPB,MLB,gbm
MLB,Kyle Gibson,2023,13000000,295843037.4495016,80000183833660140,NPB,MLB,gbm
MLB,Lance Lynn,2023,11000000,212632379.91337162,40655616629530230,NPB,MLB,gbm
MLB,Matthew Liberatore,2023,747200,8839373.860954791,65483277795919.98,NPB,MLB,gbm
MLB,Shane McClanahan,2023,3600000,86108946.88949206,6807726316813022,NPB,MLB,gbm
MLB,Aaron Civale,2023,4900000,76026562.53615284,5058987898209261,NPB,MLB,gbm
MLB,Drew Rasmussen,2023,1862500,50157542.529830426,2332411132958129.5,NPB,MLB,gbm
MLB,Zack Littell,2023,1850000,27115780.22039901,638359650145505.9,NPB,MLB,gbm
MLB,Taj Bradley,2023,743300,48895876.360309444,2318670610135432,NPB,MLB,gbm
MLB,Tyler Mahle,2023,11000000,53570654.0644963,1812260587479015.5,NPB,MLB,gbm
MLB,Michael Lorenzen,2023,4500000,102223059.27729896,9549796314514486,NPB,MLB,gbm
MLB,Dane Dunning,2023,3325000,109220188.59945549,11213790968514248,NPB,MLB,gbm
MLB,José Ureña,2023,1500000,49558295.82083538,2309599797202923.5,NPB,MLB,gbm
MLB,Chase Anderson,2023,1000000,105413509.27308613,10902180918720844,NPB,MLB,gbm
MLB,Alek Manoah,2023,782500,30431115.253844984,879040386470529.5,NPB,MLB,gbm
MLB,Wes Parsons,2023,749600,27640130.601906836,723100636052088,NPB,MLB,gbm
MLB,Josiah Gray,2023,757400,65897508.36549369,4243233717868261.5,NPB,MLB,gbm
MLB,MacKenzie Gore,2023,749600,90534984.9103064,8061415343491875,NPB,MLB,gbm
MLB,Jake Irvin,2023,745600,41001055.75473581,1620501718021492.8,NPB,MLB,gbm
MLB,Jackson Rutledge,2023,740000,1346731.315004677,368122888607.3046,NPB,MLB,gbm
MLB,Joan Adon,2023,740000,14915927.209466955,200956912248105.56,NPB,MLB,gbm
MLB,MacKenzie Gore,2023,300017,90534984.9103064,8142349433774025,NPB,MLB,gbm
MLB,Jake Irvin,2023,239663,41001055.75473581,1661491139305829.2,NPB,MLB,gbm
MLB,Corbin Burnes,2024,35000000,249308460.30379495,45928116157783256,NPB,MLB,gbm
MLB,Brandon Pfaadt,2024,799400,120493250.09324859,14326617750145066,NPB,MLB,gbm
MLB,Luis Severino,2024,22333333,125206902.2319851,10582971246528032,NPB,MLB,gbm
MLB,JP Sears,2024,770000,103708150.72675341,10596262875043804,NPB,MLB,gbm
MLB,Osvaldo Bido,2024,765000,52569961.889706366,2683754076393929,NPB,MLB,gbm
MLB,Luis Medina,2024,765000,6976456.254770966,38582188804933.36,NPB,MLB,gbm
MLB,Mitch Spence,2024,765000,56620085.12344676,3119790534147484,NPB,MLB,gbm
MLB,J.T. Ginn,2024,760000,7433436.638433268,44534756567183.52,NPB,MLB,gbm
MLB,Joey Estes,2024,760000,55548347.752527304,3001763049451863.5,NPB,MLB,gbm
MLB,Brady Basso,2024,760000,8663871.512903586,62471184892488.82,NPB,MLB,gbm
MLB,Reynaldo López,2024,10000000,139903384.10968906,16874889203149416,NPB,MLB,gbm
MLB,Bryce Elder,2024,800000,14915927.209466955,199259400982969.53,NPB,MLB,gbm
MLB,AJ Smith-Shawver,2024,770000,27011438.301133465,688613084112194.4,NPB,MLB,gbm
MLB,Spencer Schwellenbach,2024,770000,85572523.27950731,7191467954571379,NPB,MLB,gbm
MLB,Charlie Morton,2024,760000,157382536.54577,24530618954031056,NPB,MLB,gbm
MLB,Hurston Waldrep,2024,760000,1346731.315004677,344253636007.11755,NPB,MLB,gbm
MLB,Davis Daniel,2024,760000,19917209.586039875,366998679123458.06,NPB,MLB,gbm
MLB,Spencer Schwellenbach,2024,335439,85572523.27950731,7265360536471832,NPB,MLB,gbm
MLB,Hurston Waldrep,2024,221100,1346731.315004677,1267045857319.1584,NPB,MLB,gbm
MLB,Charlie Morton,2024,15000000,157382536.54577,20272786713207528,NPB,MLB,gbm
MLB,Kyle Gibson,2024,5250000,145003759.50701293,19531113296344008,NPB,MLB,gbm
MLB,Dean Kremer,2024,2950000,74584074.35629909,5131440608883787,NPB,MLB,gbm
MLB,Trevor Rogers,2024,2600000,29274118.332251955,711508588802979.75,NPB,MLB,gbm
MLB,Kyle Bradish,2024,2350000,45892531.986495204,1895952091794958,NPB,MLB,gbm
MLB,Tyler Wells,2024,2075000,30887701.225900557,830171751933011.5,NPB,MLB,gbm
MLB,Albert Suárez,2024,825000,141838672.33470863,19884855785320572,NPB,MLB,gbm
MLB,Grayson Rodriguez,2024,770800,100906717.95597827,10027202064886412,NPB,MLB,gbm
MLB,Cade Povich,2024,766100,13672301.880168676,166570046971669.47,NPB,MLB,gbm
MLB,Chayce McDermott,2024,762200,1346731.315004677,341676858221.097,NPB,MLB,gbm
MLB,Cody Poteet,2024,760000,33990848.683178425,1104289304204301.2,NPB,MLB,gbm
MLB,Walker Buehler,2024,21050000,37794020.85149275,280362234275223.9,NPB,MLB,gbm
MLB,Patrick Sandoval,2024,9125000,35238745.25328008,681927691153208,NPB,MLB,gbm
MLB,Tanner Houck,2024,3950000,78798658.75809278,5602321717885418,NPB,MLB,gbm
MLB,Garrett Crochet,2024,3800000,78201887.40558122,5535640849512786,NPB,MLB,gbm
MLB,Kutter Crawford,2024,2750000,115724378.11065395,12763210109489006,NPB,MLB,gbm
MLB,Cooper Criswell,2024,1000000,31385147.63748711,923257196951888.5,NPB,MLB,gbm
MLB,Richard Fitts,2024,766000,13880406.745136578,171987664276883.75,NPB,MLB,gbm
MLB,Quinn Priester,2024,760000,9294749.347948115,72841946432300.78,NPB,MLB,gbm
MLB,Brayan Bello,2024,336196,137622048.95325705,18847405421103320,NPB,MLB,gbm
MLB,Matthew Boyd,2024,14500000,122774425.68610315,11723351257655474,NPB,MLB,gbm
MLB,Justin Steele,2024,6550000,97154246.67388842,8209129515342820,NPB,MLB,gbm
MLB,Colin Rea,2024,5000000,180544061.7477616,30815717614901940,NPB,MLB,gbm
MLB,Chris Flexen,2024,1250000,65091816.17995688,4075777493155404.5,NPB,MLB,gbm
MLB,Javier Assad,2024,793250,44922877.394819446,1947424014005599,NPB,MLB,gbm
MLB,Ben Brown,2024,762500,40850315.156590015,1607032924028928,NPB,MLB,gbm
MLB,Jordan Wicks,2024,760000,13350332.42650116,158516470609806.6,NPB,MLB,gbm
MLB,Martín Pérez,2024,5000000,129984699.26947197,15621175051480348,NPB,MLB,gbm
MLB,Mike Clevinger,2024,1500000,92208067.24363776,8227953463076309,NPB,MLB,gbm
MLB,Jonathan Cannon,2024,769100,37861024.0743334,1375810831536113.5,NPB,MLB,gbm
MLB,Davis Martin,2024,765450,18870326.52950702,327786554148694.1,NPB,MLB,gbm
MLB,Drew Thorpe,2024,764750,12168016.856071856,130034494990786.9,NPB,MLB,gbm
MLB,Ky Bush,2024,760800,-218863.46796111448,959740510457.5975,NPB,MLB,gbm
MLB,Sean Burke,2024,760350,44795657.50301735,1939108306885296.2,NPB,MLB,gbm
MLB,Brady Singer,2024,8750000,90625680.91763769,6703627125726821,NPB,MLB,gbm
MLB,Wade Miley,2024,2500000,82703001.50597599,6432521450567587,NPB,MLB,gbm
MLB,Nick Lodolo,2024,1975000,58966034.41219626,3247978003372138.5,NPB,MLB,gbm
MLB,Graham Ashcraft,2024,780000,19565505.30861685,352895209700071.9,NPB,MLB,gbm
MLB,Brandon Williamson,2024,770000,6907561.625992948,37669662712861.2,NPB,MLB,gbm
MLB,Andrew Abbott,2024,770000,91966093.04120752,8316727385980579,NPB,MLB,gbm
MLB,Rhett Lowder,2024,761500,16654100.9167871,252574763900262.16,NPB,MLB,gbm
MLB,Julian Aguiar,2024,761500,4871247.339746423,16890023196552.8,NPB,MLB,gbm
MLB,Andrew Abbott,2024,520065,91966093.04120752,8362376044513312,NPB,MLB,gbm
MLB,Tanner Bibee,2024,9600000,112689272.45066647,10627398094407742,NPB,MLB,gbm
MLB,Shane Bieber,2024,13000000,83566808.7863239,4979674502285601,NPB,MLB,gbm
MLB,Ben Lively,2024,2250000,145455948.027791,20507943550538376,NPB,MLB,gbm
MLB,Triston McKenzie,2024,1950000,34747829.97453288,1075697651038367.5,NPB,MLB,gbm
MLB,Kolby Allard,2024,1000000,1716001.024692046,512657467360.0599,NPB,MLB,gbm
MLB,John Means,2024,1000000,69739044.87299857,4725056290052110,NPB,MLB,gbm
MLB,Kolby Allard,2024,850000,1716001.024692046,749957774767.6737,NPB,MLB,gbm
MLB,Gavin Williams,2024,780300,41985330.47099947,1697854536115995,NPB,MLB,gbm
MLB,Logan Allen,2024,777200,28409276.971210446,763531677742898.6,NPB,MLB,gbm
MLB,Slade Cecconi,2024,765000,22185767.15134603,458849265352185.2,NPB,MLB,gbm
MLB,Joey Cantillo,2024,762800,34093159.77232332,1110912882552508.5,NPB,MLB,gbm
MLB,Gavin Williams,2024,347481,41985330.47099947,1733710508569611,NPB,MLB,gbm
MLB,Tanner Bibee,2024,217235,112689272.45066647,12649959208304122,NPB,MLB,gbm
MLB,Austin Gomber,2024,6350000,77991669.36879581,5132528789947856,NPB,MLB,gbm
MLB,Ryan Feltner,2024,2275000,53994706.87184956,2674928078910042.5,NPB,MLB,gbm
MLB,Bradley Blalock,2024,762000,2973358.081419346,4890104564258.65,NPB,MLB,gbm
MLB,Tanner Gordon,2024,760000,25848252.1063456,629420393751554.5,NPB,MLB,gbm
MLB,Jack Flaherty,2024,17500000,143158636.96174732,15790093043084210,NPB,MLB,gbm
MLB,Alex Cobb,2024,15000000,99221277.2368798,7093223539411367,NPB,MLB,gbm
MLB,Tarik Skubal,2024,10150000,284978662.51965904,75530793742344640,NPB,MLB,gbm
MLB,Casey Mize,2024,2340000,26425832.86260529,580127344685356.9,NPB,MLB,gbm
MLB,Reese Olson,2024,787100,36673377.63539677,1287824922524778.5,NPB,MLB,gbm
MLB,Keider Montero,2024,760000,26415613.587523606,658210508552325.9,NPB,MLB,gbm
MLB,Matt Manning,2024,760000,3281595.8076578397,6358445417197.593,NPB,MLB,gbm
MLB,Reese Olson,2024,224416,36673377.63539677,1328526804298625.8,NPB,MLB,gbm
MLB,Framber Valdez,2024,18000000,218707270.08891782,40283408266545810,NPB,MLB,gbm
MLB,Hunter Brown,2024,2206538,106699117.54825868,10918699180649168,NPB,MLB,gbm
MLB,Hunter Brown,2024,870000,106699117.54825868,11199802121043152,NPB,MLB,gbm
MLB,Ronel Blanco,2024,802700,140262332.37044218,19448989060898884,NPB,MLB,gbm
MLB,Spencer Arrighetti,2024,794200,75342173.01191504,5557400280185214,NPB,MLB,gbm
MLB,J.P. France,2024,769900,25566457.504103683,614869264054320.6,NPB,MLB,gbm
MLB,Michael Wacha,2024,17000000,162761405.54816177,21246387347375688,NPB,MLB,gbm
MLB,Cole Ragans,2024,4416667,148219277.19550893,20679190699041488,NPB,MLB,gbm
MLB,Michael Lorenzen,2024,7000000,133455756.52833621,15991058359153846,NPB,MLB,gbm
MLB,Alec Marsh,2024,769000,64861320.348321356,4107825527631847.5,NPB,MLB,gbm
MLB,Jonathan Bowlan,2024,760000,32085539.6772358,981289436070074.4,NPB,MLB,gbm
MLB,Yusei Kikuchi,2024,21225000,171435158.60676575,22563091748669720,NPB,MLB,gbm
MLB,Kyle Hendricks,2024,2500000,109413226.84372464,11430438074137722,NPB,MLB,gbm
MLB,Reid Detmers,2024,1825000,42201145.10121975,1630233093234751.8,NPB,MLB,gbm
MLB,José Soriano,2024,790000,36693923.319385014,1289091709724279,NPB,MLB,gbm
MLB,Jack Kochanowicz,2024,770000,33587553.60965666,1076991824922689,NPB,MLB,gbm
MLB,Caden Dana,2024,760000,1346731.315004677,344253636007.11755,NPB,MLB,gbm
MLB,Chase Silseth,2024,760000,30029029.61552282,856676094634352,NPB,MLB,gbm
MLB,José Soriano,2024,324925,36693923.319385014,1322704038755430,NPB,MLB,gbm
MLB,Blake Snell,2024,36400000,98723134.67488392,3884173115703718,NPB,MLB,gbm
MLB,Clayton Kershaw,2024,7500000,82703001.50597599,5655491435507827,NPB,MLB,gbm
MLB,Justin Wrobleski,2024,800000,5410861.471805172,21260043512177.355,NPB,MLB,gbm
MLB,Gavin Stone,2024,780000,91613672.92912452,8250756137795169,NPB,MLB,gbm
MLB,River Ryan,2024,770000,27011438.301133465,688613084112194.4,NPB,MLB,gbm
MLB,Andrew Heaney,2024,760000,152790976.40733576,23113417787367880,NPB,MLB,gbm
MLB,Landon Knack,2024,760000,38303485.94656713,1409513337020083.8,NPB,MLB,gbm
MLB,Bobby Miller,2024,760000,16452258.502260363,246246976901762.66,NPB,MLB,gbm
MLB,Cal Quantrill,2024,3500000,60621808.76327191,3262901036387808,NPB,MLB,gbm
MLB,Edward Cabrera,2024,1950000,56995801.14636886,3030040223845583.5,NPB,MLB,gbm
MLB,Braxton Garrett,2024,1530000,32820396.323815785,979088902101464.4,NPB,MLB,gbm
MLB,Valente Bellozo,2024,800000,13303032.170481313,156325813456090.66,NPB,MLB,gbm
MLB,Ryan Weathers,2024,779100,35548397.44386479,1208904044739942.8,NPB,MLB,gbm
MLB,Max Meyer,2024,768000,8911320.747424122,66313672795428.16,NPB,MLB,gbm
MLB,Adam Mazur,2024,760000,4806905.819017623,16377446707998.695,NPB,MLB,gbm
MLB,Aaron Civale,2024,8000000,87120189.47452015,6260004382483969,NPB,MLB,gbm
MLB,Nestor Cortes,2024,7600000,93058278.6120719,7303117383338506,NPB,MLB,gbm
MLB,Jose Quintana,2024,4000000,156348650.3697864,23210111269495420,NPB,MLB,gbm
MLB,Tobias Myers,2024,781800,91324177.20501278,8197922069934818,NPB,MLB,gbm
MLB,DL Hall,2024,766100,26855659.275856726,680665103208441.75,NPB,MLB,gbm
MLB,Robert Gasser,2024,765400,21965644.705633294,449450375578732.5,NPB,MLB,gbm
MLB,Erick Fedde,2024,760000,107811183.43232079,11459955874260392,NPB,MLB,gbm
MLB,Quinn Priester,2024,307705,9294749.347948115,80766966111986.17,NPB,MLB,gbm
MLB,Bailey Ober,2024,3550000,126190391.6688919,15040665668699212,NPB,MLB,gbm
MLB,Joe Ryan,2024,3000000,129792380.07292362,16076307644556718,NPB,MLB,gbm
MLB,David Festa,2024,760000,38725708.97890509,1441395058270914.5,NPB,MLB,gbm
MLB,Zebby Matthews,2024,760000,37977047.64846627,1385108635668208.5,NPB,MLB,gbm
MLB,Sean Manaea,2024,25000000,199874641.4351478,30581140217071508,NPB,MLB,gbm
MLB,Frankie Montas,2024,17000000,107014650.27228218,8102637263641271,NPB,MLB,gbm
MLB,David Peterson,2024,4625000,96398769.95283833,8422424851356492,NPB,MLB,gbm
MLB,Griffin Canning,2024,4250000,60195304.06113005,3129877046492294,NPB,MLB,gbm
MLB,Paul Blackburn,2024,4050000,46279308.4303691,1783314490507242.8,NPB,MLB,gbm
MLB,Tylor Megill,2024,1975000,58331334.77696301,3176036469493130.5,NPB,MLB,gbm
MLB,Christian Scott,2024,764500,11229613.840601277,109518607696744.4,NPB,MLB,gbm
MLB,Max Fried,2024,27250000,127211450.25100058,9992291536283264,NPB,MLB,gbm
MLB,Clarke Schmidt,2024,3600000,74905974.611888,5084542015351217,NPB,MLB,gbm
MLB,Carlos Carrasco,2024,1500000,102603612.90490025,10221940542423912,NPB,MLB,gbm
MLB,Luis Gil,2024,804125,194884029.69536626,37667009406562450,NPB,MLB,gbm
MLB,Will Warren,2024,767600,31655656.381937493,954072027053749.5,NPB,MLB,gbm
MLB,Paul Blackburn,2024,760000,46279308.4303691,2072007439979071.5,NPB,MLB,gbm
MLB,Allan Winans,2024,760000,13328151.741159745,157958438188816.72,NPB,MLB,gbm
MLB,Will Warren,2024,223911,31655656.381937493,987954617754948.9,NPB,MLB,gbm
MLB,Zack Wheeler,2024,42000000,342268262.73023736,90161029603034850,NPB,MLB,gbm
MLB,Cristopher Sánchez,2024,5625000,96844654.665563,8321025397304570,NPB,MLB,gbm
MLB,Ranger Suárez,2024,8800000,127673629.13026519,14130939702599834,NPB,MLB,gbm
MLB,Jesús Luzardo,2024,6625000,8876349.095280878,5068572748822.029,NPB,MLB,gbm
MLB,Cristopher Sánchez,2024,2678437,96844654.665563,8867276549438190,NPB,MLB,gbm
MLB,Tyler Phillips,2024,764000,21681387.547910564,437537101829483.9,NPB,MLB,gbm
MLB,Walker Buehler,2024,760000,37794020.85149275,1371518700428799.5,NPB,MLB,gbm
MLB,Seth Johnson,2024,760000,1346731.315004677,344253636007.11755,NPB,MLB,gbm
MLB,Andrew Heaney,2024,5250000,152790976.40733576,21768339719230008,NPB,MLB,gbm
MLB,Paul Skenes,2024,3436343,124489711.89828649,14653918121624636,NPB,MLB,gbm
MLB,Bailey Falter,2024,2222000,41581038.922586426,1549133944909673.2,NPB,MLB,gbm
MLB,Paul Skenes,2024,875000,124489711.89828649,15280596997696372,NPB,MLB,gbm
MLB,Jared Jones,2024,775000,74643247.16091092,5456517938625424,NPB,MLB,gbm
MLB,Nick Pivetta,2024,13750000,129174283.1507819,13322765140871874,NPB,MLB,gbm
MLB,Dylan Cease,2024,13750000,207464096.67835566,37525151251911330,NPB,MLB,gbm
MLB,Michael King,2024,7750000,147975161.29188335,19663095859334700,NPB,MLB,gbm
MLB,Matt Waldron,2024,775800,74606005.69174168,5450899272484885,NPB,MLB,gbm
MLB,Randy Vásquez,2024,772800,28313502.845850684,758490313243448,NPB,MLB,gbm
MLB,Logan Gilbert,2024,7625000,163320882.46958578,24241207817983068,NPB,MLB,gbm
MLB,George Kirby,2024,4300000,196926521.99984878,37104976977758224,NPB,MLB,gbm
MLB,Bryan Woo,2024,1540676,86136295.51506534,7156418841137704,NPB,MLB,gbm
MLB,Bryce Miller,2024,800000,118364275.51249872,13821358876778706,NPB,MLB,gbm
MLB,Bryan Woo,2024,783300,86136295.51506534,7285133843394764,NPB,MLB,gbm
MLB,Emerson Hancock,2024,766000,13238929.392906494,155573967640430.78,NPB,MLB,gbm
MLB,Luis Castillo,2024,760000,144361749.71103373,20621462520070376,NPB,MLB,gbm
MLB,Justin Verlander,2024,15000000,108041095.83631712,8656645514422747,NPB,MLB,gbm
MLB,Joey Lucchesi,2024,854839,47554536.6994042,2180861765215738.2,NPB,MLB,gbm
MLB,Hayden Birdsong,2024,765000,51541474.95210884,2578250408562136,NPB,MLB,gbm
MLB,Mason Black,2024,760000,8911320.747424122,66444029927386.945,NPB,MLB,gbm
MLB,Keaton Winn,2024,760000,8911320.747424122,66444029927386.945,NPB,MLB,gbm
MLB,Kyle Harrison,2024,760000,57631080.515353136,3234319798983779,NPB,MLB,gbm
MLB,Andre Pallante,2024,2100000,36283518.61102568,1168512944630339.2,NPB,MLB,gbm
MLB,Gordon Graceffo,2024,760000,3665024.4081818284,8439166812132.183,NPB,MLB,gbm
MLB,Roddery Muñoz,2024,760000,14299897.865426637,183328834206184.8,NPB,MLB,gbm
MLB,Michael McGreevy,2024,760000,36644141.98542503,1287671646030143.5,NPB,MLB,gbm
MLB,Zack Littell,2024,5720000,73937312.07237893,4653601666380337,NPB,MLB,gbm
MLB,Shane Baz,2024,1450000,29406374.67885069,781558885184284.1,NPB,MLB,gbm
MLB,Ryan Pepiot,2024,774600,88676371.6938671,7726721466920736,NPB,MLB,gbm
MLB,Taj Bradley,2024,774200,92100579.69327217,8340507627879716,NPB,MLB,gbm
MLB,Joe Boyle,2024,760000,35658754.55528913,1217923069510313.5,NPB,MLB,gbm
MLB,Ryan Pepiot,2024,303898,88676371.6938671,7809694106773233,NPB,MLB,gbm
MLB,Nathan Eovaldi,2024,25000000,188373636.9281371,26690945243126760,NPB,MLB,gbm
MLB,Dane Dunning,2024,2660000,64336281.21501722,3803963664513886,NPB,MLB,gbm
MLB,Patrick Corbin,2024,1100000,127672264.5676193,16020538157775414,NPB,MLB,gbm
MLB,Cody Bradford,2024,774000,47856532.680998474,2216764883657289.5,NPB,MLB,gbm
MLB,Jack Leiter,2024,762500,8911320.747424122,66403279573649.83,NPB,MLB,gbm
MLB,Kumar Rocker,2024,761500,30029029.61552282,856588289795505.4,NPB,MLB,gbm
MLB,Jack Leiter,2024,286905,8911320.747424122,74380546984417.17,NPB,MLB,gbm
MLB,Max Scherzer,2024,15500000,103159035.90520094,7684106575829308,NPB,MLB,gbm
MLB,Alek Manoah,2024,2200000,35220590.216823734,1090359378267395.4,NPB,MLB,gbm
MLB,Jake Bloss,2024,123900,11604495.362877822,131804069886131.73,NPB,MLB,gbm
MLB,Trevor Williams,2024,7000000,116367289.68448192,11961204052929386,NPB,MLB,gbm
MLB,MacKenzie Gore,2024,2890000,97872775.70814139,9021727681223094,NPB,MLB,gbm
MLB,Josiah Gray,2024,1350000,30029029.61552282,822486739688035,NPB,MLB,gbm
MLB,Jake Irvin,2024,774600,119946765.91949101,14202005129942694,NPB,MLB,gbm
MLB,Mitchell Parker,2024,767200,45949789.23176916,2041466369686782.5,NPB,MLB,gbm
MLB,DJ Herz,2024,764200,48403180.62895209,2269472475365673,NPB,MLB,gbm
MLB,Brandon Pfaadt,2025,9000000,87232998.93005276,6120402121589636,NPB,MLB,gbm
MLB,Merrill Kelly,2025,20000000,185280210.82279587,27317548089627848,NPB,MLB,gbm
MLB,Zac Gallen,2025,22025000,156790269.13134924,18161677764044992,NPB,MLB,gbm
MLB,Michael Soroka,2025,7500000,49307845.95487446,1747895983386513,NPB,MLB,gbm
MLB,Ryne Nelson,2025,3000000,69990743.61444142,4487759730015824.5,NPB,MLB,gbm
MLB,Aaron Civale,2025,6000000,60213628.434636675,2939117508048846,NPB,MLB,gbm
MLB,J.T. Ginn,2025,785000,51866664.67024496,2609336465483352.5,NPB,MLB,gbm
MLB,Luis Morales,2025,780000,27457778.45876851,711703863495133.1,NPB,MLB,gbm
MLB,Mason Barnett,2025,780000,3281595.8076578397,6257981584891.279,NPB,MLB,gbm
MLB,Gunnar Hoglund,2025,780000,2973358.081419346,4810819673327.554,NPB,MLB,gbm
MLB,Jacob Lopez,2025,780000,63855870.959954575,3978565497356841,NPB,MLB,gbm
MLB,Martín Pérez,2025,3500000,93524287.04704319,8104372258328428,NPB,MLB,gbm
MLB,Carlos Carrasco,2025,1500000,89898321.22870809,7814263196053863,NPB,MLB,gbm
MLB,AJ Smith-Shawver,2025,800000,13289300.443052283,155982625556825.94,NPB,MLB,gbm
MLB,Spencer Schwellenbach,2025,800000,84114214.58689229,6941258352230736,NPB,MLB,gbm
MLB,Grant Holmes,2025,800000,81325897.88563062,6484420230287010,NPB,MLB,gbm
MLB,Hurston Waldrep,2025,798300,38545238.87847371,1424831394695229.8,NPB,MLB,gbm
MLB,Shane Baz,2025,13600000,110370979.3574893,9364622445807620,NPB,MLB,gbm
MLB,Chris Bassitt,2025,18500000,179359042.95680377,25875631700978840,NPB,MLB,gbm
MLB,Zach Eflin,2025,10000000,81290801.90368214,5082378436070049,NPB,MLB,gbm
MLB,Trevor Rogers,2025,6200000,64693223.4470896,3421457189231152.5,NPB,MLB,gbm
MLB,Dean Kremer,2025,5750000,96794014.51704898,8289012579380626,NPB,MLB,gbm
MLB,Kyle Bradish,2025,3550000,51814344.17758567,2329446918892447.5,NPB,MLB,gbm
MLB,Shane Baz,2025,3500000,110370979.3574893,11421406228828904,NPB,MLB,gbm
MLB,Tyler Wells,2025,2450000,56951063.86945531,2970365962902447,NPB,MLB,gbm
MLB,Garrett Crochet,2025,28333333,258659070.85938683,53049945520470984,NPB,MLB,gbm
MLB,Ranger Suárez,2025,26000000,141619787.18428922,13367935188540330,NPB,MLB,gbm
MLB,Tanner Houck,2025,4150000,29532580.443129215,644275389951925.75,NPB,MLB,gbm
MLB,Johan Oviedo,2025,1550000,38321590.30795005,1352149853775726,NPB,MLB,gbm
MLB,Connelly Early,2025,789500,42205627.157610245,1715295588735341,NPB,MLB,gbm
MLB,Shota Imanaga,2025,22025000,138486452.0429011,13563269811940952,NPB,MLB,gbm
MLB,Justin Steele,2025,6775000,35326712.90497762,815200309808265.5,NPB,MLB,gbm
MLB,Colin Rea,2025,6500000,179354370.69161722,29878633467195020,NPB,MLB,gbm
MLB,Edward Cabrera,2025,4450000,101692568.36204924,9456117101647820,NPB,MLB,gbm
MLB,Javier Assad,2025,1800000,11770923.429877728,99419314044484.64,NPB,MLB,gbm
MLB,Cade Horton,2025,817500,80505721.1771748,6350212594382331,NPB,MLB,gbm
MLB,Ben Brown,2025,800000,46239149.28100226,2064716287381208.2,NPB,MLB,gbm
MLB,Erick Fedde,2025,1500000,124012462.01000142,15009303347752042,NPB,MLB,gbm
MLB,Shane Smith,2025,825900,59945757.82071687,3495157588741778,NPB,MLB,gbm
MLB,Davis Martin,2025,798900,77297591.0772362,5852049736530418,NPB,MLB,gbm
MLB,Sean Burke,2025,793200,61360291.757313445,3668372603938826.5,NPB,MLB,gbm
MLB,Brady Singer,2025,12750000,157203098.1900724,20866697576710696,NPB,MLB,gbm
MLB,Nick Lodolo,2025,4725000,84065603.6768527,6294931391807413,NPB,MLB,gbm
MLB,Andrew Abbott,2025,800000,95625468.31666,8991869441473890,NPB,MLB,gbm
MLB,Chase Burns,2025,785000,35658754.55528913,1216178756782549.2,NPB,MLB,gbm
MLB,Chase Petty,2025,780000,30029029.61552282,855505733449731,NPB,MLB,gbm
MLB,Gavin Williams,2025,822200,116570849.96534573,13397749968800130,NPB,MLB,gbm
MLB,Slade Cecconi,2025,795600,49940610.86189554,2415232092615830.5,NPB,MLB,gbm
MLB,Parker Messick,2025,788400,47459185.04576787,2178162176788270.2,NPB,MLB,gbm
MLB,Doug Nikhazy,2025,780000,28463434.832557026,766372564128431.6,NPB,MLB,gbm
MLB,Michael Lorenzen,2025,8000000,154259491.68466547,21391838907856728,NPB,MLB,gbm
MLB,Jose Quintana,2025,6000000,157120154.6641298,22837301145710508,NPB,MLB,gbm
MLB,Tomoyuki Sugano,2025,5100000,162586653.88572952,24802046152123564,NPB,MLB,gbm
MLB,Ryan Feltner,2025,2450000,15263016.23381291,164173385007953.16,NPB,MLB,gbm
MLB,Chase Dollander,2025,782000,19681747.930963054,357200471853942.25,NPB,MLB,gbm
MLB,McCade Brown,2025,782000,12810718.294442413,144690063807053.6,NPB,MLB,gbm
MLB,Tanner Gordon,2025,780000,28606861.09286745,774334198281740.25,NPB,MLB,gbm
MLB,Framber Valdez,2025,38333333,191987048.913104,23609464413904868,NPB,MLB,gbm
MLB,Tarik Skubal,2025,32000000,208417840.70185947,31123254517906664,NPB,MLB,gbm
MLB,Justin Verlander,2025,13000000,126022919.62906772,12774180361478702,NPB,MLB,gbm
MLB,Casey Mize,2025,6150000,137513841.595561,17256458878743642,NPB,MLB,gbm
MLB,Reese Olson,2025,818100,34891003.96957023,1160962784919554.5,NPB,MLB,gbm
MLB,Jackson Jobe,2025,784300,11341040.13457942,111444762269039.9,NPB,MLB,gbm
MLB,Hunter Brown,2025,5710000,142358560.83270153,18672829177648532,NPB,MLB,gbm
MLB,Hayden Wesneski,2025,975000,21683059.74474479,428823738391919.6,NPB,MLB,gbm
MLB,Brandon Walter,2025,850000,56409254.340999335,3086830742927853.5,NPB,MLB,gbm
MLB,Ronel Blanco,2025,802700,76194654.22618778,5683946762043594,NPB,MLB,gbm
MLB,Kai-Wei Teng,2025,786700,37225407.44949522,1327779400589898.2,NPB,MLB,gbm
MLB,Colton Gordon,2025,780000,28603617.309298627,774153680174302.1,NPB,MLB,gbm
MLB,Seth Lugo,2025,23000000,150172900.11767146,16172946524339242,NPB,MLB,gbm
MLB,Kris Bubic,2025,6150000,74313881.00478232,4646314673634124,NPB,MLB,gbm
MLB,Bailey Falter,2025,3600000,53446551.839947335,2484678730332557,NPB,MLB,gbm
MLB,Noah Cameron,2025,802000,87386081.28910801,7496803132678863,NPB,MLB,gbm
MLB,Stephen Kolek,2025,793250,46285078.17441358,2069506430650369,NPB,MLB,gbm
MLB,José Soriano,2025,2900000,81719982.21421058,6212589596248473,NPB,MLB,gbm
MLB,Jack Kochanowicz,2025,800000,21418745.247540526,425132655582975,NPB,MLB,gbm
MLB,Mitch Farris,2025,780000,21225934.336090438,418036230875721.94,NPB,MLB,gbm
MLB,Emmet Sheehan,2025,810000,51658869.049984,2585607483662421,NPB,MLB,gbm
MLB,Roki Sasaki,2025,800000,8123523.660006811,53633998798679.555,NPB,MLB,gbm
MLB,Bobby Miller,2025,800000,30029029.61552282,854336172265110.1,NPB,MLB,gbm
MLB,Landon Knack,2025,790000,30477764.1205355,881363338476555,NPB,MLB,gbm
MLB,Chris Paddack,2025,4000000,64950337.161500216,3714943600100554,NPB,MLB,gbm
MLB,Ryan Weathers,2025,1350000,25229032.509442054,570208193586990.5,NPB,MLB,gbm
MLB,Max Meyer,2025,980000,37189377.68611168,1311119032415482.5,NPB,MLB,gbm
MLB,Eury Pérez,2025,799500,63879593.702848524,3979098221560150,NPB,MLB,gbm
MLB,Janson Junk,2025,798000,64646023.15654234,4076570060998366.5,NPB,MLB,gbm
MLB,Adam Mazur,2025,786000,1346731.315004677,314419607626.8743,NPB,MLB,gbm
MLB,Brandon Woodruff,2025,22025000,141735077.20516652,14330502584466928,NPB,MLB,gbm
MLB,Quinn Priester,2025,803200,94155063.02878475,8714570330944989,NPB,MLB,gbm
MLB,Chad Patrick,2025,796400,58826698.35539695,3367515527216386,NPB,MLB,gbm
MLB,Jacob Misiorowski,2025,788300,48281853.46001445,2255637620259250.5,NPB,MLB,gbm
MLB,Kyle Harrison,2025,786100,32466533.005908642,1003649835441865.6,NPB,MLB,gbm
MLB,Brandon Sproat,2025,783000,3281595.8076578397,6242981010045.332,NPB,MLB,gbm
MLB,Logan Henderson,2025,780000,44795657.50301735,1937378105422927.8,NPB,MLB,gbm
MLB,Joe Ryan,2025,6200000,137412361.8395995,17216683899525984,NPB,MLB,gbm
MLB,Bailey Ober,2025,5200000,87030711.36024523,6696265321723767,NPB,MLB,gbm
MLB,Taj Bradley,2025,802050,63531323.14571824,3934961709390127.5,NPB,MLB,gbm
MLB,David Festa,2025,791200,28421254.05882252,763419887293454.9,NPB,MLB,gbm
MLB,Mick Abel,2025,782500,28421254.05882252,763900725924078.4,NPB,MLB,gbm
MLB,David Peterson,2025,8100000,91680159.19141807,6985643010462786,NPB,MLB,gbm
MLB,Tylor Megill,2025,2500000,72577900.3483968,4910912117239831,NPB,MLB,gbm
MLB,Nolan McLean,2025,791500,56121947.70011571,3061458442695240,NPB,MLB,gbm
MLB,Jonah Tong,2025,780000,30029029.61552282,855505733449731,NPB,MLB,gbm
MLB,Clarke Schmidt,2025,4500000,51456882.536317855,2204948817529552.8,NPB,MLB,gbm
MLB,Luis Gil,2025,2162500,16171244.367942922,196244918766372.53,NPB,MLB,gbm
MLB,Will Warren,2025,826625,90242766.07570338,7995246284870090,NPB,MLB,gbm
MLB,Cam Schlittler,2025,801425,55633831.31539239,3006592782336283,NPB,MLB,gbm
MLB,Jesús Luzardo,2025,11000000,207445549.52363503,38590853927642944,NPB,MLB,gbm
MLB,Paul Skenes,2025,1085000,175092427.8781697,30278584956776424,NPB,MLB,gbm
MLB,Bubba Chandler,2025,787200,47501981.80950275,2182270839509449,NPB,MLB,gbm
MLB,Michael King,2025,25000000,75417007.80936056,2541874676449124,NPB,MLB,gbm
MLB,Lucas Giolito,2025,3000000,119825087.11107545,13648100978510366,NPB,MLB,gbm
MLB,JP Sears,2025,2750000,93597841.82769611,8253330364750092,NPB,MLB,gbm
MLB,Griffin Canning,2025,2500000,54091751.136748746,2661708785356215.5,NPB,MLB,gbm
MLB,Germán Márquez,2025,1750000,59031001.660447046,3281113151224137.5,NPB,MLB,gbm
MLB,Walker Buehler,2025,1500000,90174082.08409546,7863092833456900,NPB,MLB,gbm
MLB,Randy Vásquez,2025,808800,49789391.29022487,2399098323140052.5,NPB,MLB,gbm
MLB,Matt Waldron,2025,796800,13328151.741159745,157034776460667.38,NPB,MLB,gbm
MLB,Logan Gilbert,2025,10927000,95542925.41827595,7159854834391238,NPB,MLB,gbm
MLB,George Kirby,2025,6550000,117122425.1328317,12226261199755670,NPB,MLB,gbm
MLB,Bryce Miller,2025,2452500,23221341.60405288,431344781574237.75,NPB,MLB,gbm
MLB,Bryan Woo,2025,831600,248635392.26508898,61406719460959370,NPB,MLB,gbm
MLB,Emerson Hancock,2025,793300,23184366.369726796,501359853173510.3,NPB,MLB,gbm
MLB,Logan Evans,2025,785800,17667616.050289772,284995713155821.4,NPB,MLB,gbm
MLB,Adrian Houser,2025,11000000,134592784.81557313,15275176458468564,NPB,MLB,gbm
MLB,Tyler Mahle,2025,10000000,62887246.00008434,2797060789473437,NPB,MLB,gbm
MLB,Landen Roupp,2025,800000,52263313.30769794,2648472616606279.5,NPB,MLB,gbm
MLB,Trevor McDonald,2025,780000,39392052.33882013,1490890585815785,NPB,MLB,gbm
MLB,Blade Tidwell,2025,780000,1346731.315004677,321184383406.9305,NPB,MLB,gbm
MLB,Dustin May,2025,12500000,51900157.402568534,1552372403347176,NPB,MLB,gbm
MLB,Andre Pallante,2025,4000000,46459746.3998353,1802830064338327,NPB,MLB,gbm
MLB,Matthew Liberatore,2025,2260000,41842821.9540506,1566799793846070.2,NPB,MLB,gbm
MLB,Hunter Dobbins,2025,787600,13659333.227756567,165681516286532.5,NPB,MLB,gbm
MLB,Michael McGreevy,2025,784550,41189913.277466975,1632593381584076.8,NPB,MLB,gbm
MLB,Nick Martinez,2025,13000000,176872199.93853098,26854097912693872,NPB,MLB,gbm
MLB,Ryan Pepiot,2025,3025000,104291821.2851556,10254969093199642,NPB,MLB,gbm
MLB,Joe Boyle,2025,784200,38432448.72693963,1417390632205511.8,NPB,MLB,gbm
MLB,Cal Quantrill,2025,1000000,56498236.9521842,3080054304800784,NPB,MLB,gbm
MLB,Jack Leiter,2025,794000,84946703.30067617,7081677472811633,NPB,MLB,gbm
MLB,Kumar Rocker,2025,789000,16342859.050848547,241922531373663.28,NPB,MLB,gbm
MLB,Dylan Cease,2025,30000000,105380846.06725606,5682271953815354,NPB,MLB,gbm
MLB,Eric Lauer,2025,4400000,80911482.96420074,5854007025381179,NPB,MLB,gbm
MLB,Max Scherzer,2025,3000000,127971432.98256558,15617859061715880,NPB,MLB,gbm
MLB,Patrick Corbin,2025,1000000,128461795.6286138,16246509344870512,NPB,MLB,gbm
MLB,Bowden Francis,2025,809800,34534399.35939835,1137348601951931.5,NPB,MLB,gbm
MLB,Trey Yesavage,2025,788800,34641363.1501297,1145996031833519.2,NPB,MLB,gbm
MLB,Zack Littell,2025,7000000,160906430.5568646,23687189366754984,NPB,MLB,gbm
MLB,MacKenzie Gore,2025,5600000,73576449.91738763,4620797743371109,NPB,MLB,gbm
MLB,Jake Irvin,2025,2800000,88939258.51815315,7419971858057219,NPB,MLB,gbm
MLB,Miles Mikolas,2025,2250000,135040396.40713805,17633289377964862,NPB,MLB,gbm
MLB,Cade Cavalli,2025,870000,8911320.747424122,64662839362953.64,NPB,MLB,gbm
MLB,Andrew Alvarez,2025,780000,13701883.462834593,166975072227078.12,NPB,MLB,gbm
NPB,久保　康友,2010,180000000,10759137.737683084,28642469459292524,MLB,NPB,gbm
NPB,下柳　剛,2010,90000000,5973257.696605397,7060493422121084,MLB,NPB,gbm
NPB,能見　篤史,2010,50000000,6879158.261597058,1859406992228393,MLB,NPB,gbm
NPB,秋山　拓巳,2010,12000000,114873.54637009409,141256230818773.38,MLB,NPB,gbm
NPB,鶴　直人,2010,11000000,-668187.3357544523,136146595702260.58,MLB,NPB,gbm
NPB,小嶋　達也,2010,10000000,-71252.95582295945,101430136100172.7,MLB,NPB,gbm
NPB,清水　直行,2010,280000000,5805318.299659608,75182723472750980,MLB,NPB,gbm
NPB,三浦　大輔,2010,250000000,5706992.122695386,59679073697740816,MLB,NPB,gbm
NPB,大家　友和,2010,100000000,5543756.684462657,8921981901283994,MLB,NPB,gbm
NPB,山本　省吾,2010,62000000,5699361.516976155,3169761893596145.5,MLB,NPB,gbm
NPB,加賀　繁,2010,25000000,1182361.6348730358,567279897291967.9,MLB,NPB,gbm
NPB,田中　健二朗,2010,8200000,-408173.1197316697,74100644459270.875,MLB,NPB,gbm
NPB,杉原　洋,2010,6000000,42996.119276978265,35485895234949.14,MLB,NPB,gbm
NPB,眞下　貴之,2010,5500000,-474740.63242859096,35697525624793.2,MLB,NPB,gbm
NPB,内海　哲也,2010,120000000,6483418.087836044,12886014369021030,MLB,NPB,gbm
NPB,東野　峻,2010,75000000,2638545.7114522024,5236180066753593,MLB,NPB,gbm
NPB,藤井　秀悟,2010,70000000,5761720.486449143,4126556554861087.5,MLB,NPB,gbm
NPB,朝井　秀樹,2010,40000000,2240397.725190535,1425787563951796,MLB,NPB,gbm
NPB,西村　健太朗,2010,28000000,672932.6770040342,746768608475553.9,MLB,NPB,gbm
NPB,黄　志龍,2010,4400000,-474740.63242859096,23763096233450.3,MLB,NPB,gbm
NPB,吉見　一起,2010,120000000,3719416.8858496086,13521174009366836,MLB,NPB,gbm
NPB,山本昌,2010,100000000,6880098.2526894165,8671316101428776,MLB,NPB,gbm
NPB,中田　賢一,2010,72000000,5770145.425802565,4386393636919341,MLB,NPB,gbm
NPB,朝倉　健太,2010,71250000,4565588.0256735245,4446810800361696.5,MLB,NPB,gbm
NPB,山井　大介,2010,42000000,4752655.971357612,1387364637188041.5,MLB,NPB,gbm
NPB,小笠原　孝,2010,39000000,4565588.0256735245,1185728728017638.8,MLB,NPB,gbm
NPB,川井　雄太,2010,25500000,4913505.81947456,423803742644807.8,MLB,NPB,gbm
NPB,山内　壮馬,2010,15000000,1131858.0959270804,192325359871503.28,MLB,NPB,gbm
NPB,岩田　慎司,2010,13000000,1611866.5465906612,129689583552660.9,MLB,NPB,gbm
NPB,伊藤　準規,2010,7500000,175544.03087035284,53647655243718.92,MLB,NPB,gbm
NPB,前田　健太,2010,120000000,10538026.755438488,11981923586593100,MLB,NPB,gbm
NPB,大竹　寛,2010,80000000,2317691.24852386,6034541092959666,MLB,NPB,gbm
NPB,齊藤　悠葵,2010,21000000,-668187.3357544523,469510342417349.7,MLB,NPB,gbm
NPB,青木　高広,2010,16000000,4951857.8446479095,122061445084867.92,MLB,NPB,gbm
NPB,小松　剛,2010,13000000,-185528.40734023912,173858159380776.44,MLB,NPB,gbm
NPB,今村　猛,2010,10000000,-474740.63242859096,109720191316650.5,MLB,NPB,gbm
NPB,今井　啓介,2010,9500000,-588989.7075285285,101787713318616.56,MLB,NPB,gbm
NPB,石川　雅規,2010,180000000,9305402.260808991,29136645697344228,MLB,NPB,gbm
NPB,館山　昌平,2010,120000000,7366860.391966089,12686224137962858,MLB,NPB,gbm
NPB,村中　恭兵,2010,51000000,4362233.545655646,2175081259849967.5,MLB,NPB,gbm
NPB,中澤　雅人,2010,24000000,406396.8088918515,556658111539468.6,MLB,NPB,gbm
NPB,赤川　克紀,2010,7200000,155195.92529846422,49629264450931.36,MLB,NPB,gbm
NPB,山本　斉,2010,6000000,155195.92529846422,34161734671647.67,MLB,NPB,gbm
NPB,杉内　俊哉,2010,350000000,11540801.470310135,11455462906936e4,MLB,NPB,gbm
NPB,和田　毅,2010,330000000,9984027.71475364,102410222517671570,MLB,NPB,gbm
NPB,大隣　憲司,2010,35000000,1241521.347301203,1139634880944720.5,MLB,NPB,gbm
NPB,小椋　真介,2010,25000000,5958278.750317413,362587148150613.4,MLB,NPB,gbm
NPB,山田　大樹,2010,12000000,-588989.7075285285,158482661856259.22,MLB,NPB,gbm
NPB,巽　真悟,2010,10600000,-588989.7075285285,125193490675179.33,MLB,NPB,gbm
NPB,岩嵜　翔,2010,8400000,-588989.7075285285,80801935962053.81,MLB,NPB,gbm
NPB,ダルビッシュ　有,2010,500000000,7392661.097336028,242661990340764e3,MLB,NPB,gbm
NPB,武田　勝,2010,135000000,8705378.1623898409,15950331505104956,MLB,NPB,gbm
NPB,八木　智哉,2010,48000000,2317691.24852386,2086873332865193.5,MLB,NPB,gbm
NPB,増井　浩俊,2010,16000000,952309.1222128513,226433000753438.56,MLB,NPB,gbm
NPB,糸数　敬作,2010,15000000,1081726.785865584,193718329263291.56,MLB,NPB,gbm
NPB,矢貫　俊之,2010,11000000,2317691.24852386,75382485255959.19,MLB,NPB,gbm
NPB,吉川　光夫,2010,10500000,-588989.7075285285,122965692733673.62,MLB,NPB,gbm
NPB,多田野　数人,2010,8000000,5299795.804565915,7291102697039.835,MLB,NPB,gbm
NPB,中村　勝,2010,8000000,-474740.63242859096,71821228786936.14,MLB,NPB,gbm
NPB,ダース　ローマシュ匡,2010,5200000,-474740.63242859096,32202681245336.047,MLB,NPB,gbm
NPB,木佐貫　洋,2010,60000000,6927906.342625525,2816647125177127.5,MLB,NPB,gbm
NPB,近藤　一樹,2010,49000000,3477786.360821835,2072271934610978.5,MLB,NPB,gbm
NPB,長谷川　昌幸,2010,32000000,4436170.3620207915,759764704311541.1,MLB,NPB,gbm
NPB,中山　慎也,2010,20000000,4540513.030882424,238995737348316.16,MLB,NPB,gbm
NPB,伊原　正樹,2010,11000000,-474740.63242859096,131669672581507.69,MLB,NPB,gbm
NPB,山田　修義,2010,5400000,2594.8250251794416,29131982622844.973,MLB,NPB,gbm
NPB,岩隈　久志,2010,300000000,9953657.183832375,84126880981033860,MLB,NPB,gbm
NPB,田中　将大,2010,200000000,2238920.6529521476,39109444504509360,MLB,NPB,gbm
NPB,永井　怜,2010,73000000,3993173.0900521395,4761942160179504,MLB,NPB,gbm
NPB,川井　貴志,2010,20000000,4321921.286920852,245802152133505.47,MLB,NPB,gbm
NPB,長谷部　康平,2010,19000000,-36201.508948945484,362376967889310.06,MLB,NPB,gbm
NPB,藤原　紘通,2010,18000000,42996.119276978265,322453988372301.7,MLB,NPB,gbm
NPB,戸村　健次,2010,15000000,-474740.63242859096,239467597640936.4,MLB,NPB,gbm
NPB,井坂　亮平,2010,13500000,952309.1222128513,157444546364502.8,MLB,NPB,gbm
NPB,菊池　保則,2010,6800000,1248780.1642368287,30816041664970.492,MLB,NPB,gbm
NPB,涌井　秀章,2010,252999999.99999997,4859952.122708816,61573483360544344,MLB,NPB,gbm
NPB,石井　一久,2010,190000000,6757196.790556758,33577924928054744,MLB,NPB,gbm
NPB,岸　孝之,2010,120000000,3773679.896479314,13508557484806058,MLB,NPB,gbm
NPB,帆足　和幸,2010,110000000.00000001,6842892.508747827,10641388825961758,MLB,NPB,gbm
NPB,西口　文也,2010,60000000,5656772.087268577,2953186419975072,MLB,NPB,gbm
NPB,平野　将光,2010,16000000,2947627.8062509145,170364419884154.3,MLB,NPB,gbm
NPB,渡辺　俊介,2010,140000000,5535106.363044625,18080807620797724,MLB,NPB,gbm
NPB,成瀬　善久,2010,130000000,7324633.337340992,15049245585817828,MLB,NPB,gbm
NPB,唐川　侑己,2010,34500000,248066.6389179261,1173194938972007.2,MLB,NPB,gbm
NPB,吉見　祐治,2010,33000000,4812399.1128063565,794540843775719.9,MLB,NPB,gbm
NPB,大嶺　祐太,2010,21000000,-474740.63242859096,461164485230079.5,MLB,NPB,gbm
NPB,香月　良仁,2010,10000000,952309.1222128513,81860710219992.78,MLB,NPB,gbm
NPB,久保　康友,2011,140000000,4990227.331023174,18227638716128800,MLB,NPB,gbm
NPB,能見　篤史,2011,100000000,11033090.07578579,7915111061463246,MLB,NPB,gbm
NPB,安藤　優也,2011,58000000,4436170.3620207915,2869083845486460,MLB,NPB,gbm
NPB,岩田　稔,2011,55000000,7259151.71710797,2279188594770115,MLB,NPB,gbm
NPB,鄭　凱文,2011,14000000,354700.0413437565,186194210961704.1,MLB,NPB,gbm
NPB,秋山　拓巳,2011,11000000,-474740.63242859096,131669672581507.69,MLB,NPB,gbm
NPB,鶴　直人,2011,10000000,-123527.72583166682,102485813615682.48,MLB,NPB,gbm
NPB,蕭　一傑,2011,10000000,1170616.2400296924,77958017580827.4,MLB,NPB,gbm
NPB,清原　大貴,2011,6500000,632531.3827522353,34427187974387.4,MLB,NPB,gbm
NPB,三浦　大輔,2011,150000000,6481198.318186028,20597646436183852,MLB,NPB,gbm
NPB,山本　省吾,2011,60000000,4666497.050126697,3061796548703638,MLB,NPB,gbm
NPB,清水　直行,2011,50000000,4436170.3620207915,2076062571278792.5,MLB,NPB,gbm
NPB,高崎　健太郎,2011,40000000,4269011.185320849,1276703561674726.8,MLB,NPB,gbm
NPB,須田　幸太,2011,17000000,42996.119276978265,287539980610855.6,MLB,NPB,gbm
NPB,加賀美　希昇,2011,11000000,2569092.985853711,71080193081181.1,MLB,NPB,gbm
NPB,小林　寛,2011,10000000,-588989.7075285285,112126703026145.1,MLB,NPB,gbm
NPB,国吉　佑樹,2011,10000000,472623.63791039033,90770900344903.84,MLB,NPB,gbm
NPB,田中　健二朗,2011,7000000,155195.92529846422,46851342821050.74,MLB,NPB,gbm
NPB,眞下　貴之,2011,6500000,-275236.51638329885,45903829852933.695,MLB,NPB,gbm
NPB,杉内　俊哉,2011,350000000,8440090.589106174,116663171716777980,MLB,NPB,gbm
NPB,内海　哲也,2011,220000000.00000003,11889728.093310907,43309885273076070,MLB,NPB,gbm
NPB,東野　峻,2011,65000000,1313637.5322643067,4055952764371813.5,MLB,NPB,gbm
NPB,澤村　拓一,2011,52000000,6708044.158002866,2051361263993418,MLB,NPB,gbm
NPB,小野　淳平,2011,15000000,-199803.414792688,231034023848343.47,MLB,NPB,gbm
NPB,小山　雄輝,2011,8200000,-160987.4412833612,69906110993298.086,MLB,NPB,gbm
NPB,吉見　一起,2011,240000000,9964695.683139838,52916241232150464,MLB,NPB,gbm
NPB,中田　賢一,2011,60000000,5326281.520293399,2989215492398211,MLB,NPB,gbm
NPB,朝倉　健太,2011,57000000,4436170.3620207915,2762956186210501.5,MLB,NPB,gbm
NPB,山井　大介,2011,36000000,4321921.286920852,1003500670952038.2,MLB,NPB,gbm
NPB,小笠原　孝,2011,30000000,7957728.667566408,485861725492623.8,MLB,NPB,gbm
NPB,山内　壮馬,2011,18000000,1705505.5673200774,265510548816637,MLB,NPB,gbm
NPB,大野　雄大,2011,13500000,155195.92529846422,178083795792170.72,MLB,NPB,gbm
NPB,岩田　慎司,2011,12000000,-553938.2606545148,157601365852325.3,MLB,NPB,gbm
NPB,伊藤　準規,2011,9000000,-160987.4412833612,83923690899351.48,MLB,NPB,gbm
NPB,前田　健太,2011,150000000,9100338.069520686,19852714732123364,MLB,NPB,gbm
NPB,大竹　寛,2011,65000000,5439415.341124266,3547463244907103.5,MLB,NPB,gbm
NPB,福井　優也,2011,27000000,1394442.994873966,655644549542758.9,MLB,NPB,gbm
NPB,篠田　純平,2011,24000000,1197780.936105598,519941194237829.3,MLB,NPB,gbm
NPB,中村　恭平,2011,10000000,-293924.044631732,105964872236647.33,MLB,NPB,gbm
NPB,中田　廉,2011,8000000,-588989.7075285285,73770744196030.98,MLB,NPB,gbm
NPB,石川　雅規,2011,200000000,8505108.71681498,36670293387558850,MLB,NPB,gbm
NPB,館山　昌平,2011,190000000,9264420.531755818,32665349685722012,MLB,NPB,gbm
NPB,村中　恭兵,2011,45000000,-293924.044631732,2051539555360868.8,MLB,NPB,gbm
NPB,増渕　竜義,2011,41000000,-12890.95045294538,1682057224113745.2,MLB,NPB,gbm
NPB,赤川　克紀,2011,21000000,315312.3346927249,427856303811314.94,MLB,NPB,gbm
NPB,中澤　雅人,2011,18500000,1582245.6799399068,286210411233911.94,MLB,NPB,gbm
NPB,七條　祐樹,2011,16000000,2317691.24852386,187205572770720.6,MLB,NPB,gbm
NPB,山本　斉,2011,10000000,-474740.63242859096,109720191316650.5,MLB,NPB,gbm
NPB,山岸　穣,2011,9500000,4436170.3620207915,25642370602476.64,MLB,NPB,gbm
NPB,攝津　正,2011,190000000,10119269.190416478,32357077316589848,MLB,NPB,gbm
NPB,帆足　和幸,2011,110000000.00000001,7588082.246545864,10488200897940258,MLB,NPB,gbm
NPB,山田　大樹,2011,30000000,803556.7138941109,852432300558797.75,MLB,NPB,gbm
NPB,岩嵜　翔,2011,18000000,428883.22671478504,308744144660425,MLB,NPB,gbm
NPB,武田　勝,2011,170000000,7817146.574939622,26303277945094624,MLB,NPB,gbm
NPB,斎藤　佑樹,2011,30000000,118648.97526519353,892895139063419.9,MLB,NPB,gbm
NPB,八木　智哉,2011,24000000,4540513.030882424,378671633101256.7,MLB,NPB,gbm
NPB,糸数　敬作,2011,14000000,2947627.8062509145,122154931109157.97,MLB,NPB,gbm
NPB,吉川　光夫,2011,11000000,-474740.63242859096,131669672581507.69,MLB,NPB,gbm
NPB,矢貫　俊之,2011,10000000,5488557.549720649,20353112982182.56,MLB,NPB,gbm
NPB,中村　勝,2011,7800000,183411.41282203884,58012421706329.57,MLB,NPB,gbm
NPB,大塚　豊,2011,7800000,-345322.96877585887,66346286265667.58,MLB,NPB,gbm
NPB,寺原　隼人,2011,85000000,8451494.027844055,5859673766569194,MLB,NPB,gbm
NPB,木佐貫　洋,2011,50000000,4740551.175661939,2048417707882876.2,MLB,NPB,gbm
NPB,中山　慎也,2011,40000000,6044636.06939918,1152966739659547.2,MLB,NPB,gbm
NPB,近藤　一樹,2011,40000000,4440538.963234933,1264475269225213,MLB,NPB,gbm
NPB,西　勇輝,2011,30000000,1867261.324237696,791450985398732.1,MLB,NPB,gbm
NPB,田中　将大,2011,320000000,12777914.644552376,94385409730149970,MLB,NPB,gbm
NPB,永井　怜,2011,64000000,3605779.851501544,3647461827345296.5,MLB,NPB,gbm
NPB,川島　亮,2011,36000000,4436170.3620207915,996275341415374.75,MLB,NPB,gbm
NPB,塩見　貴洋,2011,32000000,1602049.7201233362,924035381217853.75,MLB,NPB,gbm
NPB,川井　貴志,2011,20000000,4879341.216818753,228634322037396.16,MLB,NPB,gbm
NPB,長谷部　康平,2011,17000000,1705505.5673200774,233921559951277.16,MLB,NPB,gbm
NPB,井坂　亮平,2011,16500000,2833378.731150977,186776536906156.47,MLB,NPB,gbm
NPB,下柳　剛,2011,15000000,5970525.278413805,81531413747764.08,MLB,NPB,gbm
NPB,戸村　健次,2011,14100000,-474740.63242859096,212423064502564.94,MLB,NPB,gbm
NPB,藤原　紘通,2011,13000000,952309.1222128513,145146855486715.7,MLB,NPB,gbm
NPB,菊池　保則,2011,6200000,250532.6295167917,35396161992444.38,MLB,NPB,gbm
NPB,涌井　秀章,2011,210000000,3958514.3685297403,42453093801223370,MLB,NPB,gbm
NPB,石井　一久,2011,170000000,5869961.353213452,26938669586195644,MLB,NPB,gbm
NPB,岸　孝之,2011,110000000.00000001,3178812.5017656726,11410766098532938,MLB,NPB,gbm
NPB,西口　文也,2011,100000000,7907960.718446428,8480943699035205,MLB,NPB,gbm
NPB,菊池　雄星,2011,20000000,155195.92529846422,393816248763290.7,MLB,NPB,gbm
NPB,成瀬　善久,2011,130000000,5100445.105232967,15599898812910924,MLB,NPB,gbm
NPB,渡辺　俊介,2011,126000000,5312083.101549171,14565573285287372,MLB,NPB,gbm
NPB,小野　晋吾,2011,80000000,4451338.950573587,5707600186361119,MLB,NPB,gbm
NPB,唐川　侑己,2011,54500000,3791085.145512634,2571394045719649.5,MLB,NPB,gbm
NPB,大嶺　祐太,2011,17000000,-474740.63242859096,305366560170650.75,MLB,NPB,gbm
NPB,上野　大樹,2011,17000000,1087594.892602436,253204636301932.06,MLB,NPB,gbm
NPB,小林　敦,2011,15000000,58164.70782977291,223258441898343.72,MLB,NPB,gbm
NPB,光原　逸裕,2011,9000000,4436170.3620207915,20828540964497.434,MLB,NPB,gbm
NPB,阿部　和成,2011,5500000,-474740.63242859096,35697525624793.2,MLB,NPB,gbm
NPB,久保　康友,2012,120000000,5724258.964998475,13058944989098732,MLB,NPB,gbm
NPB,能見　篤史,2012,120000000,9435301.672057025,12224552516349034,MLB,NPB,gbm
NPB,岩田　稔,2012,58000000,6029430.55504704,2700940088432678,MLB,NPB,gbm
NPB,安藤　優也,2012,50000000,5066106.919747847,2019054747347532.5,MLB,NPB,gbm
NPB,二神　一人,2012,10000000,558683.6019040964,89138455328954.61,MLB,NPB,gbm
NPB,秋山　拓巳,2012,10000000,155195.92529846422,96920167269259.97,MLB,NPB,gbm
NPB,岩本　輝,2012,8000000,862490.1791454772,50944046442794.76,MLB,NPB,gbm
NPB,歳内　宏明,2012,7500000,278455.81267863495,52150700449434.99,MLB,NPB,gbm
NPB,伊藤　和雄,2012,7500000,-474740.63242859096,63596488154507.56,MLB,NPB,gbm
NPB,三浦　大輔,2012,180000000,9433159.03110106,29093047238109664,MLB,NPB,gbm
NPB,高崎　健太郎,2012,55000000,3998126.503571076,2601191100145739,MLB,NPB,gbm
NPB,藤井　秀悟,2012,37000000,4831853.599583535,1034789642838626.6,MLB,NPB,gbm
NPB,国吉　佑樹,2012,18000000,-9118.266208960787,324328340726301.25,MLB,NPB,gbm
NPB,加賀美　希昇,2012,14000000,2594.8250251794416,195927351632411.88,MLB,NPB,gbm
NPB,須田　幸太,2012,13000000,952309.1222128513,145146855486715.7,MLB,NPB,gbm
NPB,王　溢正,2012,10000000,2317691.24852386,59017867753006.9,MLB,NPB,gbm
NPB,杉内　俊哉,2012,500000000,8557834.991835432,241515401547912060,MLB,NPB,gbm
NPB,内海　哲也,2012,400000000,10120087.800430346,152006345936744130,MLB,NPB,gbm
NPB,澤村　拓一,2012,65000000,2454815.578125192,3911900094366331,MLB,NPB,gbm
NPB,小山　雄輝,2012,18000000,1378177.6617725953,276284977843595.53,MLB,NPB,gbm
NPB,宮國　椋丞,2012,16000000,523927.6265713811,239508816107600.5,MLB,NPB,gbm
NPB,笠原　将生,2012,8400000,641638.3743507368,60192175114347.08,MLB,NPB,gbm
NPB,吉見　一起,2012,290000000,7206448.319405261,79972192872125220,MLB,NPB,gbm
NPB,中田　賢一,2012,70000000,6316204.493704732,4055625810087634,MLB,NPB,gbm
NPB,川上　憲伸,2012,60000000,6314924.132519205,2882087370897168.5,MLB,NPB,gbm
NPB,山本昌,2012,60000000,6460188.567802612,2866511408195254.5,MLB,NPB,gbm
NPB,山内　壮馬,2012,42000000,4807915.922639998,1383251118017415.5,MLB,NPB,gbm
NPB,岩田　慎司,2012,28000000,1427934.1972513355,706074681025605.1,MLB,NPB,gbm
NPB,大野　雄大,2012,17500000,1176454.519019893,266458137069626.1,MLB,NPB,gbm
NPB,伊藤　準規,2012,10000000,862490.1791454772,83494085726212.84,MLB,NPB,gbm
NPB,小川　龍也,2012,5500000,155195.92529846422,28566930596946.137,MLB,NPB,gbm
NPB,前田　健太,2012,210000000,6311680.996404575,41488931298510450,MLB,NPB,gbm
NPB,大竹　寛,2012,100000000,6649312.753327208,8714350809426119,MLB,NPB,gbm
NPB,野村　祐輔,2012,40000000,2667671.4452287224,1393702755321390.8,MLB,NPB,gbm
NPB,福井　優也,2012,24000000,317100.14221371274,560879745673933.7,MLB,NPB,gbm
NPB,篠田　純平,2012,19000000,2317691.24852386,278299425279577.44,MLB,NPB,gbm
NPB,今井　啓介,2012,18000000,586899.0894276708,303216083321774.8,MLB,NPB,gbm
NPB,齊藤　悠葵,2012,15000000,109563.63197389958,221725095230234.3,MLB,NPB,gbm
NPB,戸田　隆矢,2012,5500000,-474740.63242859096,35697525624793.2,MLB,NPB,gbm
NPB,石川　雅規,2012,200000000,7345302.3520114,37115832525837896,MLB,NPB,gbm
NPB,館山　昌平,2012,190000000,8477092.646601472,32950565894030508,MLB,NPB,gbm
NPB,村中　恭兵,2012,65000000,1007317.4426334095,4095063420887890,MLB,NPB,gbm
NPB,赤川　克紀,2012,40000000,301331.0016166494,1575984320243203.2,MLB,NPB,gbm
NPB,中澤　雅人,2012,16500000,2795026.7059776303,187826292989866.38,MLB,NPB,gbm
NPB,七條　祐樹,2012,15000000,4151326.738146578,117693711542453.39,MLB,NPB,gbm
NPB,八木　亮祐,2012,7000000,1411626.8123574154,31229914884362.543,MLB,NPB,gbm
NPB,攝津　正,2012,290000000,11083964.145004094,77794155057065360,MLB,NPB,gbm
NPB,帆足　和幸,2012,110000000.00000001,4436170.3620207915,11143722127836300,MLB,NPB,gbm
NPB,寺原　隼人,2012,85000000,4681642.175913538,6451038603557990,MLB,NPB,gbm
NPB,大隣　憲司,2012,63000000,9275803.280672088,2886289313137044,MLB,NPB,gbm
NPB,山本　省吾,2012,55000000,4436170.3620207915,2556700867658584.5,MLB,NPB,gbm
NPB,新垣　渚,2012,42000000,4828085.49991426,1381751227601684.5,MLB,NPB,gbm
NPB,山田　大樹,2012,40000000,1152929.7501931395,1509094866993429,MLB,NPB,gbm
NPB,陽　耀勲,2012,35000000,6850067.422576039,792418704113514.75,MLB,NPB,gbm
NPB,岩嵜　翔,2012,28000000,634336.4578923117,748879541099841.75,MLB,NPB,gbm
NPB,武田　翔太,2012,20000000,2490444.4982028985,306584533870513.2,MLB,NPB,gbm
NPB,大場　翔太,2012,16000000,4265946.246943376,137688017479622.22,MLB,NPB,gbm
NPB,千賀　滉大,2012,6500000,-474740.63242859096,48647006889650.38,MLB,NPB,gbm
NPB,武田　勝,2012,200000000,9169376.131899223,36416327005888550,MLB,NPB,gbm
NPB,吉川　光夫,2012,70000000,5517987.964605884,4157929876132712,MLB,NPB,gbm
NPB,木佐貫　洋,2012,62000000,5643775.413359089,3176024049659909.5,MLB,NPB,gbm
NPB,多田野　数人,2012,38000000,5182161.0699878605,1077010552036220.4,MLB,NPB,gbm
NPB,斎藤　佑樹,2012,35000000,-472935.55728851474,1258329157051543.8,MLB,NPB,gbm
NPB,中村　勝,2012,13500000,278455.81267863495,174809230697291.38,MLB,NPB,gbm
NPB,井川　慶,2012,100000000,4436170.3620207915,9132445535076714,MLB,NPB,gbm
NPB,東野　峻,2012,65000000,2755894.2252054336,3874328703703814,MLB,NPB,gbm
NPB,西　勇輝,2012,46000000,1123885.7756341202,2013865627878334,MLB,NPB,gbm
NPB,近藤　一樹,2012,31000000,5066106.919747847,672566810297950.5,MLB,NPB,gbm
NPB,八木　智哉,2012,24000000,5495914.261133091,342401189031337.75,MLB,NPB,gbm
NPB,前田　祐二,2012,12000000,1429644.5796666222,111732413712171.22,MLB,NPB,gbm
NPB,田中　将大,2012,400000000,3954231.0162058137,156852251129964900,MLB,NPB,gbm
NPB,永井　怜,2012,49000000,4628662.195600351,1968815618552145.2,MLB,NPB,gbm
NPB,美馬　学,2012,31000000,3209916.0625616373,772288765249869.6,MLB,NPB,gbm
NPB,塩見　貴洋,2012,29000000,-343517.89363578253,861042042374123.4,MLB,NPB,gbm
NPB,辛島　航,2012,22000000,1459680.4404819305,421904727607120.56,MLB,NPB,gbm
NPB,川井　貴志,2012,20000000,5429193.30210168,212308407827518.56,MLB,NPB,gbm
NPB,釜田　佳直,2012,20000000,284028.9874879863,388719512966214,MLB,NPB,gbm
NPB,上園　啓史,2012,15000000,4151326.738146578,117693711542453.39,MLB,NPB,gbm
NPB,戸村　健次,2012,15000000,58164.70782977291,223258441898343.72,MLB,NPB,gbm
NPB,菊池　保則,2012,7200000,1496156.8252973566,32533826961601.93,MLB,NPB,gbm
NPB,石井　一久,2012,190000000,6934846.601770237,33512850388717400,MLB,NPB,gbm
NPB,岸　孝之,2012,150000000,8979576.907881608,19886759729080076,MLB,NPB,gbm
NPB,西口　文也,2012,70000000,5772826.23750859,4125129849517265.5,MLB,NPB,gbm
NPB,牧田　和久,2012,67000000,9184140.903243326,3342673563096021.5,MLB,NPB,gbm
NPB,野上　亮磨,2012,28000000,1201037.310459722,718184401235371.9,MLB,NPB,gbm
NPB,菊池　雄星,2012,23000000,198580.00137483337,519904753953703.7,MLB,NPB,gbm
NPB,平野　将光,2012,11000000,5543442.377201618,29774021090919.133,MLB,NPB,gbm
NPB,岡本　洋介,2012,8000000,2317691.24852386,32288632747102.336,MLB,NPB,gbm
NPB,山本　淳,2012,7000000,4321921.286920852,7172105593447.665,MLB,NPB,gbm
NPB,成瀬　善久,2012,160000000,8535657.642187383,22941447005884668,MLB,NPB,gbm
NPB,小野　晋吾,2012,80000000,6781278.423937722,5360981189232928,MLB,NPB,gbm
NPB,渡辺　俊介,2012,80000000,5066106.919747847,5615088332162662,MLB,NPB,gbm
NPB,唐川　侑己,2012,54500000,1183819.4528284757,2842615108138591.5,MLB,NPB,gbm
NPB,吉見　祐治,2012,26000000,4321921.286920852,469939096690455.25,MLB,NPB,gbm
NPB,藤岡　貴裕,2012,21000000,37033.236108719415,439445975544010.44,MLB,NPB,gbm
NPB,上野　大樹,2012,17000000,2240397.725190535,217845859310560.72,MLB,NPB,gbm
NPB,香月　良仁,2012,9000000,4151326.738146578,23509632400212.305,MLB,NPB,gbm
NPB,阿部　和成,2012,7000000,155195.92529846422,46851342821050.74,MLB,NPB,gbm
NPB,能見　篤史,2013,150000000,9169376.131899223,19833264619078472,MLB,NPB,gbm
NPB,岩田　稔,2013,46000000,4436170.3620207915,1727551934174959,MLB,NPB,gbm
NPB,藤浪　晋太郎,2013,45000000,2011358.1787235932,1848023325637994.8,MLB,NPB,gbm
NPB,榎田　大樹,2013,41000000,3281729.1029680334,1422667959461888.2,MLB,NPB,gbm
NPB,吉見　祐治,2013,15000000,4321921.286920852,114021365002714.02,MLB,NPB,gbm
NPB,秋山　拓巳,2013,12000000,203657.88539560183,139153687284789.38,MLB,NPB,gbm
NPB,小嶋　達也,2013,11000000,4151326.738146578,46904325447625.99,MLB,NPB,gbm
NPB,白仁田　寛和,2013,7500000,5095016.4870188665,5783945697711.074,MLB,NPB,gbm
NPB,岩本　輝,2013,7000000,-474740.63242859096,55871747522078.98,MLB,NPB,gbm
NPB,三浦　大輔,2013,180000000,8848097.858877284,29292973606524452,MLB,NPB,gbm
NPB,藤井　秀悟,2013,41000000,4868746.602332176,1305467472086482.8,MLB,NPB,gbm
NPB,三嶋　一輝,2013,27000000,808920.1525514672,685972663575424.6,MLB,NPB,gbm
NPB,須田　幸太,2013,17000000,2319496.323663936,215517188190916.72,MLB,NPB,gbm
NPB,井納　翔一,2013,16500000,2433745.3987638736,197859518506796.53,MLB,NPB,gbm
NPB,国吉　佑樹,2013,15000000,-345322.96877585887,235478937016039.94,MLB,NPB,gbm
NPB,加賀美　希昇,2013,12500000,42996.119276978265,155176945684348.44,MLB,NPB,gbm
NPB,小杉　陽太,2013,10000000,4151326.738146578,34206978923919.15,MLB,NPB,gbm
NPB,杉内　俊哉,2013,500000000,7495799.253564512,2.4256038775288522e+17,MLB,NPB,gbm
NPB,内海　哲也,2013,400000000,7129737.736342378,154347042971115140,MLB,NPB,gbm
NPB,大竹　寛,2013,100000000,6081477.287957206,8820688908412498,MLB,NPB,gbm
NPB,菅野　智之,2013,70000000,4860353.145689809,4243173592304243.5,MLB,NPB,gbm
NPB,澤村　拓一,2013,60000000,2373995.242243507,3320756424340974,MLB,NPB,gbm
NPB,小山　雄輝,2013,18000000,477883.6773889794,307024560423111.5,MLB,NPB,gbm
NPB,宮國　椋丞,2013,16000000,-358686.48218857707,267606623422539.28,MLB,NPB,gbm
NPB,阿南　徹,2013,11000000,5724258.964998475,27833443468398.96,MLB,NPB,gbm
NPB,今村　信貴,2013,9000000,921743.6078405873,65258226337464.41,MLB,NPB,gbm
NPB,吉見　一起,2013,174000000,4486390.397447601,28734863840486548,MLB,NPB,gbm
NPB,山井　大介,2013,60000000,4358777.808934944,3095945606915470.5,MLB,NPB,gbm
NPB,山本昌,2013,40000000,5693628.609282667,1176927117997828.8,MLB,NPB,gbm
NPB,川上　憲伸,2013,30000000,6134107.544722346,569580822686878.9,MLB,NPB,gbm
NPB,大野　雄大,2013,28000000,1374549.8540681635,708914595473501.6,MLB,NPB,gbm
NPB,山内　壮馬,2013,20000000,4072129.1099206544,253697071091037,MLB,NPB,gbm
NPB,朝倉　健太,2013,18000000,4436170.3620207915,183977474448123.22,MLB,NPB,gbm
NPB,岩田　慎司,2013,15000000,1582245.6799399068,180036130993491.28,MLB,NPB,gbm
NPB,西川　健太郎,2013,7700000,-588989.7075285285,68707350371513.88,MLB,NPB,gbm
NPB,小川　龍也,2013,4800000,-474740.63242859096,27822888739393.17,MLB,NPB,gbm
NPB,前田　健太,2013,280000000,6481190.787095089,74812538993245490,MLB,NPB,gbm
NPB,野村　祐輔,2013,60000000,2057811.568288859,3357297200255920,MLB,NPB,gbm
NPB,篠田　純平,2013,15000000,4151326.738146578,117693711542453.39,MLB,NPB,gbm
NPB,中村　恭平,2013,11000000,-313128.7198750737,127986881432462.2,MLB,NPB,gbm
NPB,武内　久士,2013,7600000,1697955.4012332114,34834130445832.227,MLB,NPB,gbm
NPB,戸田　隆矢,2013,5500000,274635.73501659377,27304431701765.574,MLB,NPB,gbm
NPB,石川　雅規,2013,180000000,5914144.528427951,30305885075269068,MLB,NPB,gbm
NPB,館山　昌平,2013,150000000,4913505.81947456,21050090793595644,MLB,NPB,gbm
NPB,小川　泰弘,2013,56000000,5389993.393777825,2561372768681852,MLB,NPB,gbm
NPB,村中　恭兵,2013,53000000,954114.1973529273,2708774228982180,MLB,NPB,gbm
NPB,新垣　渚,2013,33000000,4436170.3620207915,815892363587499.5,MLB,NPB,gbm
NPB,赤川　克紀,2013,31000000,-474740.63242859096,990659297878651.25,MLB,NPB,gbm
NPB,八木　亮祐,2013,23000000,-19653.843119640744,529904463057052.8,MLB,NPB,gbm
NPB,中澤　雅人,2013,14000000,4151326.738146578,96996365018746.55,MLB,NPB,gbm
NPB,古野　正人,2013,9600000,2203442.173423922,54709067681883.836,MLB,NPB,gbm
NPB,徳山　武陽,2013,6000000,-313128.7198750737,39855594233711.49,MLB,NPB,gbm
NPB,攝津　正,2013,400000000,9187449.753471753,152734449430195170,MLB,NPB,gbm
NPB,寺原　隼人,2013,85000000,4436170.3620207915,6490530645937337,MLB,NPB,gbm
NPB,大隣　憲司,2013,60000000,5379860.110893077,2983359681505609,MLB,NPB,gbm
NPB,帆足　和幸,2013,55000000,4987458.432097032,2501254314081222,MLB,NPB,gbm
NPB,山田　大樹,2013,30000000,42996.119276978265,897422081509654.25,MLB,NPB,gbm
NPB,武田　翔太,2013,19500000,114873.54637009409,375783127623222,MLB,NPB,gbm
NPB,大場　翔太,2013,16000000,4332143.32594344,136138879366326.2,MLB,NPB,gbm
NPB,東浜　巨,2013,14000000,681149.1218898508,177391788713335.5,MLB,NPB,gbm
NPB,巽　真悟,2013,9000000,1701685.489658036,53265394691868.055,MLB,NPB,gbm
NPB,武田　勝,2013,170000000,5699361.516976155,26994699805929300,MLB,NPB,gbm
NPB,木佐貫　洋,2013,82000000,5576085.018191958,5840614781146623,MLB,NPB,gbm
NPB,吉川　光夫,2013,70000000,1334245.0815883528,4714985898515373,MLB,NPB,gbm
NPB,大谷　翔平,2013,30000000,-293924.044631732,917721834021916.5,MLB,NPB,gbm
NPB,多田野　数人,2013,30000000,5773401.173594858,586928090695575,MLB,NPB,gbm
NPB,斎藤　佑樹,2013,28000000,42996.119276978265,781594065986762.1,MLB,NPB,gbm
NPB,中村　勝,2013,13000000,-588989.7075285285,184660641271316.25,MLB,NPB,gbm
NPB,新垣　勇人,2013,8250000,4781263.295873638,12032134322553.414,MLB,NPB,gbm
NPB,井川　慶,2013,60000000,5417347.158772782,2979265991185929.5,MLB,NPB,gbm
NPB,西　勇輝,2013,55000000,2070821.146299214,2801497974127046.5,MLB,NPB,gbm
NPB,東野　峻,2013,49000000,2317691.24852386,2179237950368145.8,MLB,NPB,gbm
NPB,八木　智哉,2013,18000000,4436170.3620207915,183977474448123.22,MLB,NPB,gbm
NPB,前田　祐二,2013,18000000,3491530.7764016064,210495679212101.8,MLB,NPB,gbm
NPB,松葉　貴大,2013,18000000,-408173.1197316697,338860837606011.56,MLB,NPB,gbm
NPB,則本　昂大,2013,60000000,3943081.193423931,3142378146087061.5,MLB,NPB,gbm
NPB,美馬　学,2013,40000000,2563163.0624166057,1401516759891208.5,MLB,NPB,gbm
NPB,永井　怜,2013,37000000,5060157.804615612,1020153519466056.9,MLB,NPB,gbm
NPB,辛島　航,2013,21000000,-474740.63242859096,461164485230079.5,MLB,NPB,gbm
NPB,川井　貴志,2013,19000000,6764044.102449403,149718616726803.25,MLB,NPB,gbm
NPB,戸村　健次,2013,18000000,1266062.3133580817,280024670500414.7,MLB,NPB,gbm
NPB,岸　孝之,2013,200000000,9169376.131899223,36416327005888550,MLB,NPB,gbm
NPB,牧田　和久,2013,80000000,6999459.05431395,5329078978362784,MLB,NPB,gbm
NPB,野上　亮磨,2013,48000000,3014452.1978455274,2023699511059925.2,MLB,NPB,gbm
NPB,十亀　剣,2013,44000000,2997016.208106318,1681244679838296,MLB,NPB,gbm
NPB,菊池　雄星,2013,40000000,1204167.5584003641,1505116614836674.8,MLB,NPB,gbm
NPB,西口　文也,2013,35000000,5656772.087268577,861025024338500.5,MLB,NPB,gbm
NPB,成瀬　善久,2013,144000000,4874134.009493098,19356006587608480,MLB,NPB,gbm
NPB,唐川　侑己,2013,65400000,1620119.2723424637,4067873185634221,MLB,NPB,gbm
NPB,大谷　智久,2013,30700000,4037077.663046642,710911427546406.25,MLB,NPB,gbm
NPB,古谷　拓哉,2013,30000000,6115078.552849746,570489472536538.1,MLB,NPB,gbm
NPB,西野　勇士,2013,26400000,307182.99258729845,680835099382325.5,MLB,NPB,gbm
NPB,大嶺　祐太,2013,15400000,42996.119276978265,235837568192541.97,MLB,NPB,gbm
NPB,阿部　和成,2013,8300000,-588989.7075285285,79014138020548.11,MLB,NPB,gbm
NPB,能見　篤史,2014,140000000,7159364.52822971,17646634432543754,MLB,NPB,gbm
NPB,藤浪　晋太郎,2014,85000000,2702884.6656945925,6772815192347966,MLB,NPB,gbm
NPB,岩田　稔,2014,60000000,6288302.8081518505,2884946415228788.5,MLB,NPB,gbm
NPB,岩貞　祐太,2014,16500000,-198879.644775136,278852581390685.34,MLB,NPB,gbm
NPB,岩崎　優,2014,15000000,379710.42002895084,213752867402210.03,MLB,NPB,gbm
NPB,秋山　拓巳,2014,10000000,-474740.63242859096,109720191316650.5,MLB,NPB,gbm
NPB,三浦　大輔,2014,135000000,6800900.624463493,16435009080698684,MLB,NPB,gbm
NPB,久保　康友,2014,120000000,9219780.067962948,12272257128190500,MLB,NPB,gbm
NPB,山口　俊,2014,88000000,3412882.288750793,7154980482696729,MLB,NPB,gbm
NPB,高崎　健太郎,2014,39000000,4451338.950573587,1193609980308153.8,MLB,NPB,gbm
NPB,井納　翔一,2014,39000000,5887133.671999228,1096461916456047.4,MLB,NPB,gbm
NPB,三嶋　一輝,2014,21000000,1104540.2779425248,395829317552011.4,MLB,NPB,gbm
NPB,加賀美　希昇,2014,10000000,1241521.347301203,76710948309780.52,MLB,NPB,gbm
NPB,杉内　俊哉,2014,500000000,7790020.478682052,242270663940376260,MLB,NPB,gbm
NPB,内海　哲也,2014,400000000,6357355.882059222,154954531268163780,MLB,NPB,gbm
NPB,菅野　智之,2014,110000000.00000001,3154502.737019134,11415960285373654,MLB,NPB,gbm
NPB,大竹　寛,2014,100000000,5379413.623759017,8953055366183681,MLB,NPB,gbm
NPB,澤村　拓一,2014,48000000,2447676.1976251053,2075014203796410.2,MLB,NPB,gbm
NPB,小山　雄輝,2014,35000000,1776735.3531303043,1103785313795941.9,MLB,NPB,gbm
NPB,宮國　椋丞,2014,12000000,155195.92529846422,140299383568066.12,MLB,NPB,gbm
NPB,山井　大介,2014,120000000,8256258.1924596485,12486663833150242,MLB,NPB,gbm
NPB,吉見　一起,2014,104400000,5066106.919747847,9867222314478968,MLB,NPB,gbm
NPB,大野　雄大,2014,45000000,3247696.654199039,1743254834679782,MLB,NPB,gbm
NPB,川上　憲伸,2014,40000000,5656772.087268577,1179457303465814.8,MLB,NPB,gbm
NPB,山本昌,2014,40000000,6286708.644995634,1136586013987412,MLB,NPB,gbm
NPB,朝倉　健太,2014,25000000,4321921.286920852,427582939264296.94,MLB,NPB,gbm
NPB,濱田　達郎,2014,17000000,252337.70465686783,280484192358858,MLB,NPB,gbm
NPB,山内　壮馬,2014,15000000,4436170.3620207915,111594496620247.95,MLB,NPB,gbm
NPB,伊藤　準規,2014,9000000,-588989.7075285285,91948723611088.05,MLB,NPB,gbm
NPB,前田　健太,2014,300000000,6059938.567736776,86400759714802660,MLB,NPB,gbm
NPB,野村　祐輔,2014,58000000,438679.3568397229,3313305634184709.5,MLB,NPB,gbm
NPB,大瀬良　大地,2014,35000000,1116581.7314457027,1148086033561799.2,MLB,NPB,gbm
NPB,福井　優也,2014,22000000,952309.1222128513,443005291286884.44,MLB,NPB,gbm
NPB,九里　亜蓮,2014,16000000,-373831.6079754193,268102361526334.9,MLB,NPB,gbm
NPB,篠田　純平,2014,15000000,4825356.654756633,103523367202905.16,MLB,NPB,gbm
NPB,成瀬　善久,2014,200000000,5297291.615262603,37909144652352096,MLB,NPB,gbm
NPB,石川　雅規,2014,180000000,5791297.745326517,30348671941257476,MLB,NPB,gbm
NPB,小川　泰弘,2014,65000000,1953546.56315595,3974855290964145,MLB,NPB,gbm
NPB,村中　恭兵,2014,40000000,2317691.24852386,1419956392841575.2,MLB,NPB,gbm
NPB,八木　亮祐,2014,26000000,-552133.1855144385,705015776701297.1,MLB,NPB,gbm
NPB,新垣　渚,2014,26000000,4436170.3620207915,464998748655790.56,MLB,NPB,gbm
NPB,木谷　良平,2014,16800000,-71252.95582295945,284639176299364.94,MLB,NPB,gbm
NPB,杉浦　稔大,2014,16000000,2287886.645069081,188022052658474.84,MLB,NPB,gbm
NPB,古野　正人,2014,13600000,4151326.738146578,89277426409263.8,MLB,NPB,gbm
NPB,攝津　正,2014,400000000,5676352.673030676,155491138841244100,MLB,NPB,gbm
NPB,中田　賢一,2014,95000000,6042559.632220706,7913426196787010,MLB,NPB,gbm
NPB,大隣　憲司,2014,73000000,6578300.881310328,4411842113813740,MLB,NPB,gbm
NPB,帆足　和幸,2014,55000000,4681642.175913538,2531937134112803.5,MLB,NPB,gbm
NPB,寺原　隼人,2014,45000000,4436170.3620207915,1645424274899000.5,MLB,NPB,gbm
NPB,岩嵜　翔,2014,44000000,558683.6019040964,1887147970399476.2,MLB,NPB,gbm
NPB,武田　翔太,2014,26000000,1142081.2552237567,617916124321898,MLB,NPB,gbm
NPB,山田　大樹,2014,22500000,952309.1222128513,464302982164671.56,MLB,NPB,gbm
NPB,飯田　優也,2014,18000000,1355122.0616598143,277051961582243.8,MLB,NPB,gbm
NPB,東浜　巨,2014,17000000,-214566.03188303995,296341283666061.4,MLB,NPB,gbm
NPB,大場　翔太,2014,12000000,5560676.698689935,41464884578794.76,MLB,NPB,gbm
NPB,大谷　翔平,2014,100000000,3439236.019123042,9323981140570624,MLB,NPB,gbm
NPB,木佐貫　洋,2014,65000000,5591904.3372987555,3529321830268662,MLB,NPB,gbm
NPB,吉川　光夫,2014,60000000,952309.1222128513,3486629797998708,MLB,NPB,gbm
NPB,中村　勝,2014,26000000,257364.0254445093,662683306918478.6,MLB,NPB,gbm
NPB,斎藤　佑樹,2014,25000000,952309.1222128513,578291436553607.4,MLB,NPB,gbm
NPB,浦野　博司,2014,24000000,805060.851989441,538005202079912.8,MLB,NPB,gbm
NPB,上沢　直之,2014,23000000,1225317.501820824,474136797896510.5,MLB,NPB,gbm
NPB,新垣　勇人,2014,8150000,4436170.3620207915,13792530579932.78,MLB,NPB,gbm
NPB,西　勇輝,2014,95000000,2535147.0257426295,8549749035551031,MLB,NPB,gbm
NPB,井川　慶,2014,48000000,4810594.037666281,1865324787379267.2,MLB,NPB,gbm
NPB,松葉　貴大,2014,35000000,911710.4099069413,1162011487178047,MLB,NPB,gbm
NPB,東明　大貴,2014,22000000,44801.1944170546,482030754592670.75,MLB,NPB,gbm
NPB,吉田　一将,2014,21000000,514830.0073022655,419642189629723.7,MLB,NPB,gbm
NPB,近藤　一樹,2014,13000000,5929732.3622929705,49988684468807.336,MLB,NPB,gbm
NPB,則本　昂大,2014,120000000,6810643.917114945,12811830330458148,MLB,NPB,gbm
NPB,辛島　航,2014,42000000,544997.7403693193,1718517212345984.8,MLB,NPB,gbm
NPB,美馬　学,2014,37000000,4151326.738146578,1079035335064004,MLB,NPB,gbm
NPB,塩見　貴洋,2014,30000000,2101251.202068276,778340184490096.75,MLB,NPB,gbm
NPB,松井　裕樹,2014,25000000,1456420.3159225285,554300144340505.44,MLB,NPB,gbm
NPB,川井　貴志,2014,18000000,5656772.087268577,152355275305632.16,MLB,NPB,gbm
NPB,菊池　保則,2014,12000000,204608.0318304956,139131271682757.66,MLB,NPB,gbm
NPB,濱矢　廣大,2014,10000000,-160987.4412833612,103245665781918.2,MLB,NPB,gbm
NPB,森　雄大,2014,9500000,-588989.7075285285,101787713318616.56,MLB,NPB,gbm
NPB,横山　貴明,2014,8100000,336012.51309532335,60279501696812.4,MLB,NPB,gbm
NPB,岸　孝之,2014,225000000,7791868.542970218,47179372371054336,MLB,NPB,gbm
NPB,牧田　和久,2014,75000000,6610227.895017771,4677160928571405,MLB,NPB,gbm
NPB,野上　亮磨,2014,45000000,2836696.7706522304,1777744139209928.2,MLB,NPB,gbm
NPB,菊池　雄星,2014,38000000,135482.22846949202,1433721706070549.8,MLB,NPB,gbm
NPB,岡本　洋介,2014,17000000,4321921.286920852,160733679855030.6,MLB,NPB,gbm
NPB,小石　博孝,2014,9500000,2498507.8363207188,49020892518062.38,MLB,NPB,gbm
NPB,涌井　秀章,2014,220000000.00000003,5607343.415258915,45964211197462736,MLB,NPB,gbm
NPB,唐川　侑己,2014,60000000,58164.70782977291,3593023618193664,MLB,NPB,gbm
NPB,石川　歩,2014,37000000,3098134.9422235894,1149336454395681.2,MLB,NPB,gbm
NPB,古谷　拓哉,2014,36000000,4638406.896257674,983549522004698.1,MLB,NPB,gbm
NPB,藤岡　貴裕,2014,35000000,361177.18525707937,1199848045991154.8,MLB,NPB,gbm
NPB,大嶺　祐太,2014,18200000,1151813.2382581437,290640671863230.3,MLB,NPB,gbm
NPB,チェン・グァンユウ,2014,6000000,3431903.660625845,6595118808306.935,MLB,NPB,gbm
NPB,藤浪　晋太郎,2015,170000000,6946923.14983366,26586305870306252,MLB,NPB,gbm
NPB,能見　篤史,2015,140000000,6558247.114847824,17806701413062020,MLB,NPB,gbm
NPB,岩田　稔,2015,68000000,7087563.35247154,3710324938339168.5,MLB,NPB,gbm
NPB,岩崎　優,2015,20000000,468949.1164436944,381461948616065.56,MLB,NPB,gbm
NPB,岩貞　祐太,2015,16000000,-474740.63242859096,271417078905793.6,MLB,NPB,gbm
NPB,横山　雄哉,2015,15000000,250532.6295167917,217546787712948.84,MLB,NPB,gbm
NPB,秋山　拓巳,2015,10000000,155195.92529846422,96920167269259.97,MLB,NPB,gbm
NPB,三浦　大輔,2015,125000000,6402762.795235648,14065304672603142,MLB,NPB,gbm
NPB,久保　康友,2015,120000000,5699361.516976155,13064635957626914,MLB,NPB,gbm
NPB,山口　俊,2015,80000000,5309959.514279828,5578602147758518,MLB,NPB,gbm
NPB,井納　翔一,2015,45000000,5339393.152880145,1572963735481810.2,MLB,NPB,gbm
NPB,高崎　健太郎,2015,33000000,4565588.0256735245,808515784325720.9,MLB,NPB,gbm
NPB,三嶋　一輝,2015,25000000,44801.1944170546,622761947426168.4,MLB,NPB,gbm
NPB,石田　健大,2015,18000000,291807.05011353194,313580097550408.8,MLB,NPB,gbm
NPB,砂田　毅樹,2015,13000000,2594.8250251794416,168932541282462.22,MLB,NPB,gbm
NPB,内海　哲也,2015,400000000,5066106.919747847,155972779903524060,MLB,NPB,gbm
NPB,菅野　智之,2015,130000000,5297108.464660498,15550811157274650,MLB,NPB,gbm
NPB,大竹　寛,2015,100000000,5543442.377201618,8922041277949031,MLB,NPB,gbm
NPB,杉内　俊哉,2015,50000000,5596666.542602786,1971656022128811,MLB,NPB,gbm
NPB,高木　勇人,2015,42000000,2709397.1684873146,1543751470863672.5,MLB,NPB,gbm
NPB,田口　麗斗,2015,18000000,1142081.2552237567,284189424405478.2,MLB,NPB,gbm
NPB,山井　大介,2015,120000000,5643740.9034555545,13077353994556004,MLB,NPB,gbm
NPB,大野　雄大,2015,108000000,8334475.669253503,9933216740122622,MLB,NPB,gbm
NPB,吉見　一起,2015,89000000,6108515.589943425,6870998187702652,MLB,NPB,gbm
NPB,若松　駿太,2015,36000000,1417740.2860234794,1195932686924923.2,MLB,NPB,gbm
NPB,八木　智哉,2015,20000000,4321921.286920852,245802152133505.47,MLB,NPB,gbm
NPB,武藤　祐太,2015,16000000,952309.1222128513,226433000753438.56,MLB,NPB,gbm
NPB,濱田　達郎,2015,13000000,385154.7216917066,159134321395657.03,MLB,NPB,gbm
NPB,小熊　凌祐,2015,12000000,-71252.95582295945,145715147923464.53,MLB,NPB,gbm
NPB,岩田　慎司,2015,11500000,4151326.738146578,54002998709479.414,MLB,NPB,gbm
NPB,伊藤　準規,2015,6750000,-474740.63242859096,52196877205864.68,MLB,NPB,gbm
NPB,鈴木　翔太,2015,6000000,-588989.7075285285,43414785365916.89,MLB,NPB,gbm
NPB,黒田　博樹,2015,600000000,9445554.904622462,348754552621909300,MLB,NPB,gbm
NPB,野村　祐輔,2015,52000000,1457549.5651887066,2554539295955356.5,MLB,NPB,gbm
NPB,福井　優也,2015,42000000,3540560.0245508524,1479128523225175.8,MLB,NPB,gbm
NPB,薮田　和樹,2015,10000000,-474740.63242859096,109720191316650.5,MLB,NPB,gbm
NPB,中村　恭平,2015,8000000,1807000.0478109664,38353248407813.375,MLB,NPB,gbm
NPB,石川　雅規,2015,200000000,7630256.630416701,37006118164079344,MLB,NPB,gbm
NPB,成瀬　善久,2015,144000000,4825356.654756633,19369581350275692,MLB,NPB,gbm
NPB,館山　昌平,2015,120000000,5305420.957368028,13154846461766552,MLB,NPB,gbm
NPB,小川　泰弘,2015,100000000,3512076.630353399,9309919356186794,MLB,NPB,gbm
NPB,石山　泰稚,2015,41000000,2604141.7175639393,1474241933244913.8,MLB,NPB,gbm
NPB,新垣　渚,2015,28000000,4810594.037666281,537748548885918.7,MLB,NPB,gbm
NPB,山中　浩史,2015,22000000,5659496.527441631,267012053736692.1,MLB,NPB,gbm
NPB,杉浦　稔大,2015,17000000,2594.8250251794416,288911782682260.8,MLB,NPB,gbm
NPB,近藤　一樹,2015,12000000,4436170.3620207915,57211518792372.69,MLB,NPB,gbm
NPB,風張　蓮,2015,11000000,1492426.7368725329,90393949353736.27,MLB,NPB,gbm
NPB,寺田　哲也,2015,9500000,6565223.798701828,8612911351706.127,MLB,NPB,gbm
NPB,攝津　正,2015,400000000,5877827.142830992,155332287137656220,MLB,NPB,gbm
NPB,中田　賢一,2015,95000000,6353052.969730873,7858281217787341,MLB,NPB,gbm
NPB,武田　翔太,2015,70000000,4237213.18481335,4324744129699687,MLB,NPB,gbm
NPB,大隣　憲司,2015,68000000,5935357.515095086,3852019846779064,MLB,NPB,gbm
NPB,寺原　隼人,2015,65000000,6092760.093522835,3470062913399256,MLB,NPB,gbm
NPB,千賀　滉大,2015,25000000,1726115.6216905992,541673694054914.25,MLB,NPB,gbm
NPB,東浜　巨,2015,18000000,332208.34436533024,312150861986914.1,MLB,NPB,gbm
NPB,大谷　翔平,2015,200000000,5548762.897951495,37811283610517090,MLB,NPB,gbm
NPB,吉川　光夫,2015,95000000,3924080.5187237742,8294823109359911,MLB,NPB,gbm
NPB,武田　勝,2015,40000000,6286708.644995634,1136586013987412,MLB,NPB,gbm
NPB,有原　航平,2015,30000000,205965.10130038296,887684515544930.75,MLB,NPB,gbm
NPB,上沢　直之,2015,24000000,-358686.48218857707,593345607137556.6,MLB,NPB,gbm
NPB,中村　勝,2015,24000000,-313128.7198750737,591128228149214.25,MLB,NPB,gbm
NPB,浦野　博司,2015,23000000,838060.0471129135,491151582475372.94,MLB,NPB,gbm
NPB,斎藤　佑樹,2015,23000000,2203442.173423922,432496817434122.7,MLB,NPB,gbm
NPB,新垣　勇人,2015,8500000,5066106.919747847,11791621686603.62,MLB,NPB,gbm
NPB,高梨　裕稔,2015,7700000,1170807.648112927,42630352767940.66,MLB,NPB,gbm
NPB,西　勇輝,2015,120000000,2841607.16161384,13726089012473614,MLB,NPB,gbm
NPB,東明　大貴,2015,42000000,3199753.9017945253,1505459097281309.2,MLB,NPB,gbm
NPB,松葉　貴大,2015,28000000,-71252.95582295945,787995242509799.25,MLB,NPB,gbm
NPB,八木　亮祐,2015,20000000,172413.7829297106,393133175195355.7,MLB,NPB,gbm
NPB,山﨑　福也,2015,17000000,-313128.7198750737,299744426070963.1,MLB,NPB,gbm
NPB,則本　昂大,2015,150000000,7114873.877333058,20416159267090444,MLB,NPB,gbm
NPB,美馬　学,2015,35000000,5379860.110893077,877352687050263,MLB,NPB,gbm
NPB,辛島　航,2015,33000000,159050.2695169923,1078527979200111.9,MLB,NPB,gbm
NPB,塩見　貴洋,2015,30000000,3731409.8102813554,690038830555382.6,MLB,NPB,gbm
NPB,菊池　保則,2015,19000000,952309.1222128513,325719146020161.5,MLB,NPB,gbm
NPB,川井　貴志,2015,16000000,6172459.569895697,96580550905334.69,MLB,NPB,gbm
NPB,釜田　佳直,2015,12800000,-474740.63242859096,176218738858250.6,MLB,NPB,gbm
NPB,安樂　智大,2015,12000000,862490.1791454772,124044125009630.94,MLB,NPB,gbm
NPB,森　雄大,2015,9500000,601925.6165525888,79175727733363.02,MLB,NPB,gbm
NPB,岸　孝之,2015,225000000,6560235.271726313,47715930814543560,MLB,NPB,gbm
NPB,牧田　和久,2015,75000000,5144823.567084075,4879745674473813,MLB,NPB,gbm
NPB,十亀　剣,2015,60000000,5957220.124391788,2920622056683444,MLB,NPB,gbm
NPB,野上　亮磨,2015,58000000,4727425.495222163,2837967194367105.5,MLB,NPB,gbm
NPB,菊池　雄星,2015,55000000,1873784.844812837,2822394736715238,MLB,NPB,gbm
NPB,郭　俊麟,2015,30000000,-588989.7075285285,935686291327286.25,MLB,NPB,gbm
NPB,髙橋　光成,2015,18000000,394509.96291864867,309953279445770.7,MLB,NPB,gbm
NPB,佐野　泰雄,2015,12000000,-588989.7075285285,158482661856259.22,MLB,NPB,gbm
NPB,涌井　秀章,2015,220000000.00000003,9455986.640047481,44328781561715870,MLB,NPB,gbm
NPB,石川　歩,2015,75000000,7166306.803395917,4601409932691012,MLB,NPB,gbm
NPB,唐川　侑己,2015,48000000,1068363.2724528655,2202578525926450.8,MLB,NPB,gbm
NPB,大嶺　祐太,2015,36400000,3526730.295566711,1080651861060411.5,MLB,NPB,gbm
NPB,古谷　拓哉,2015,31000000,4436170.3620207915,705637045035582.6,MLB,NPB,gbm
NPB,チェン・グァンユウ,2015,17000000,636385.7269707634,267767872076486.12,MLB,NPB,gbm
NPB,田中　英祐,2015,13400000,-185528.40734023912,184566582106648.62,MLB,NPB,gbm
NPB,木村　優太,2015,9300000,4436170.3620207915,23656838747284.957,MLB,NPB,gbm
NPB,藤浪　晋太郎,2016,160000000,3149112.698633969,24602200847225828,MLB,NPB,gbm
NPB,能見　篤史,2016,130000000,7091912.790859309,15106397901409732,MLB,NPB,gbm
NPB,岩田　稔,2016,53000000,4436170.3620207915,2358445549106668,MLB,NPB,gbm
NPB,岩貞　祐太,2016,40000000,2782756.449841856,1385123217471788,MLB,NPB,gbm
NPB,岩崎　優,2016,25000000,99143.36297710572,620052661257567.1,MLB,NPB,gbm
NPB,横山　雄哉,2016,15700000,1355122.0616598143,205775523065878.97,MLB,NPB,gbm
NPB,青柳　晃洋,2016,12000000,748241.1040455397,126602078252690.33,MLB,NPB,gbm
NPB,久保　康友,2016,100000000,5205409.963921195,8986014300108252,MLB,NPB,gbm
NPB,井納　翔一,2016,72000000,5614057.093450434,4407093415591658.5,MLB,NPB,gbm
NPB,石田　健大,2016,48000000,2427047.3409887278,2076894014060482.8,MLB,NPB,gbm
NPB,今永　昇太,2016,40000000,2216243.314901627,1427612269238716,MLB,NPB,gbm
NPB,三嶋　一輝,2016,23000000,952309.1222128513,486100673042458.75,MLB,NPB,gbm
NPB,国吉　佑樹,2016,20000000,1861933.6479023665,328989450993096.4,MLB,NPB,gbm
NPB,平良　拳太郎,2016,7500000,1079650.3038159017,41220890221291.25,MLB,NPB,gbm
NPB,菅野　智之,2016,229999999.99999997,7490692.334554663,49510391997755790,MLB,NPB,gbm
NPB,内海　哲也,2016,200000000,5617394.989824089,37784597130542064,MLB,NPB,gbm
NPB,吉川　光夫,2016,95000000,4514727.427761453,8187584552472306,MLB,NPB,gbm
NPB,山口　俊,2016,80000000,7025111.435605782,5325334360985754,MLB,NPB,gbm
NPB,大竹　寛,2016,70000000,4865977.703406033,4242440860533199.5,MLB,NPB,gbm
NPB,田口　麗斗,2016,50000000,1514965.1476132236,2350798604637160,MLB,NPB,gbm
NPB,高木　勇人,2016,37000000,2448913.987316668,1193777544655841.8,MLB,NPB,gbm
NPB,今村　信貴,2016,16000000,-474740.63242859096,271417078905793.6,MLB,NPB,gbm
NPB,桜井　俊貴,2016,12000000,1709586.8615429574,105892602560129.33,MLB,NPB,gbm
NPB,江柄子　裕樹,2016,11000000,4436170.3620207915,43083859516414.266,MLB,NPB,gbm
NPB,大野　雄大,2016,86400000,4990180.830507288,6627558657209502,MLB,NPB,gbm
NPB,吉見　一起,2016,80000000,5662265.426367774,5526098781539796,MLB,NPB,gbm
NPB,ジョーダン,2016,30000000,5364144.260421669,606925388021314.5,MLB,NPB,gbm
NPB,若松　駿太,2016,30000000,-79057.39486584681,904749693763633.9,MLB,NPB,gbm
NPB,小笠原　慎之介,2016,18000000,624.471270156344,323977519424238.8,MLB,NPB,gbm
NPB,小熊　凌祐,2016,16000000,1707310.6424601532,204280969071132.8,MLB,NPB,gbm
NPB,八木　智哉,2016,15000000,5773401.173594858,85130125903420.73,MLB,NPB,gbm
NPB,濱田　達郎,2016,9750000,-474740.63242859096,104545321000436.2,MLB,NPB,gbm
NPB,伊藤　準規,2016,7500000,-71252.95582295945,57323871321057.9,MLB,NPB,gbm
NPB,野村　祐輔,2016,100000000,6343697.378029441,8771503020818130,MLB,NPB,gbm
NPB,福井　優也,2016,41000000,4556593.1134749465,1328121905496821.5,MLB,NPB,gbm
NPB,岡田　明丈,2016,25200000,347170.5882310215,617663129770489.25,MLB,NPB,gbm
NPB,横山　弘樹,2016,12500000,-474740.63242859096,168343894478793.44,MLB,NPB,gbm
NPB,中村　恭平,2016,9000000,2317691.24852386,44653250250054.62,MLB,NPB,gbm
NPB,石川　雅規,2016,180000000,5198842.622901831,30555444620373044,MLB,NPB,gbm
NPB,館山　昌平,2016,120000000,4436170.3620207915,13354998720595882,MLB,NPB,gbm
NPB,小川　泰弘,2016,88000000,1921827.4595839533,7409451787897635,MLB,NPB,gbm
NPB,山中　浩史,2016,41000000,5597132.152420006,1253363051833213.2,MLB,NPB,gbm
NPB,原　樹理,2016,17000000,-474740.63242859096,305366560170650.75,MLB,NPB,gbm
NPB,和田　毅,2016,400000000,9420846.333928088,152552075278505e3,MLB,NPB,gbm
NPB,攝津　正,2016,400000000,4436170.3620207915,156470743317864220,MLB,NPB,gbm
NPB,武田　翔太,2016,120000000,4108953.5627379576,13430734644323628,MLB,NPB,gbm
NPB,中田　賢一,2016,95000000,5470800.969590821,8015477479026619,MLB,NPB,gbm
NPB,千賀　滉大,2016,65000000,4462276.900276087,3664815918098846,MLB,NPB,gbm
NPB,大隣　憲司,2016,55000000,5773401.173594858,2423258032015832.5,MLB,NPB,gbm
NPB,東浜　巨,2016,36000000,2566626.8205618896,1117790442155571.6,MLB,NPB,gbm
NPB,山田　大樹,2016,14000000,4037077.663046642,99259821492164.14,MLB,NPB,gbm
NPB,大谷　翔平,2016,270000000,4666801.31166403,70401706326183970,MLB,NPB,gbm
NPB,有原　航平,2016,60000000,2238920.6529521476,3336342287335957.5,MLB,NPB,gbm
NPB,加藤　貴之,2016,26000000,120446.72117944554,669751277911311.75,MLB,NPB,gbm
NPB,杉浦　稔大,2016,15000000,-119050.70254251384,228585694146051.28,MLB,NPB,gbm
NPB,中村　勝,2016,12000000,318857.10693043337,136449099288309.66,MLB,NPB,gbm
NPB,西　勇輝,2016,130000000,2770361.1967452685,16187380990006664,MLB,NPB,gbm
NPB,松葉　貴大,2016,36500000,1938945.398142935,1194466495192545.5,MLB,NPB,gbm
NPB,東明　大貴,2016,34000000,2527705.845386288,990505299354532.4,MLB,NPB,gbm
NPB,八木　亮祐,2016,16000000,2392450.9833574076,185165390240330.78,MLB,NPB,gbm
NPB,近藤　大亮,2016,9600000,520331.57673074934,82440378676512.73,MLB,NPB,gbm
NPB,青山　大紀,2016,9000000,2365249.176733529,44019918486835.11,MLB,NPB,gbm
NPB,山田　修義,2016,9000000,42996.119276978265,80227918519287.28,MLB,NPB,gbm
NPB,岸　孝之,2016,225000000,5594211.553203535,48138900003960410,MLB,NPB,gbm
NPB,則本　昂大,2016,200000000,8247623.4915335355,36768973896644680,MLB,NPB,gbm
NPB,美馬　学,2016,50000000,6035625.25711895,1932866246532477.5,MLB,NPB,gbm
NPB,塩見　貴洋,2016,45000000,5750781.633244739,1540501142401238.5,MLB,NPB,gbm
NPB,辛島　航,2016,30000000,1081726.785865584,836266525687324.1,MLB,NPB,gbm
NPB,釜田　佳直,2016,25000000,2909.132286219665,624854551848739.6,MLB,NPB,gbm
NPB,安樂　智大,2016,21000000,354700.0413437565,426228410382891.5,MLB,NPB,gbm
NPB,菊池　保則,2016,15000000,2203442.173423922,163751892208905.5,MLB,NPB,gbm
NPB,菊池　雄星,2016,100000000,3010130.0928045167,9407034864614704,MLB,NPB,gbm
NPB,野上　亮磨,2016,50000000,4321921.286920852,2086486874918254.2,MLB,NPB,gbm
NPB,十亀　剣,2016,50000000,4321921.286920852,2086486874918254.2,MLB,NPB,gbm
NPB,髙橋　光成,2016,23000000,10105.603924438165,528535244342706.5,MLB,NPB,gbm
NPB,多和田　真三郎,2016,23000000,999046.4251724114,484041958201718.9,MLB,NPB,gbm
NPB,本田　圭佑,2016,7000000,40946.85019852656,48428420741761.805,MLB,NPB,gbm
NPB,佐藤　勇,2016,6000000,-588989.7075285285,43414785365916.89,MLB,NPB,gbm
NPB,涌井　秀章,2016,250000000,8584306.345040904,58281537142905050,MLB,NPB,gbm
NPB,石川　歩,2016,130000000,7526229.594339349,14999824437378478,MLB,NPB,gbm
NPB,唐川　侑己,2016,52000000,3527944.5927075176,2349540155407632.5,MLB,NPB,gbm
NPB,古谷　拓哉,2016,27000000,4436170.3620207915,509126407931749,MLB,NPB,gbm
NPB,関谷　亮太,2016,22500000,159050.2695169923,499118034859968.75,MLB,NPB,gbm
NPB,二木　康太,2016,18000000,18077.72083901455,323349528853786.1,MLB,NPB,gbm
NPB,チェン・グァンユウ,2016,16000000,1815934.5647579741,201187712271227.53,MLB,NPB,gbm
NPB,藤浪　晋太郎,2017,120000000,-293924.044631732,14470628162055628,MLB,NPB,gbm
NPB,能見　篤史,2017,120000000,7028652.45865537,12762525365307272,MLB,NPB,gbm
NPB,岩田　稔,2017,50000000,4651328.461573902,2056502010300057.5,MLB,NPB,gbm
NPB,秋山　拓巳,2017,41000000,3962196.7803840726,1371798867334992,MLB,NPB,gbm
NPB,岩貞　祐太,2017,35000000,1931988.7149979894,1093493370345020.4,MLB,NPB,gbm
NPB,岡本　洋介,2017,23000000,4437975.437160867,344548755871443.25,MLB,NPB,gbm
NPB,小野　泰己,2017,18000000,-474740.63242859096,341316041435507.94,MLB,NPB,gbm
NPB,青柳　晃洋,2017,13000000,278455.81267863495,161837686509970,MLB,NPB,gbm
NPB,横山　雄哉,2017,13000000,1079261.074006359,142104016541700,MLB,NPB,gbm
NPB,福永　春吾,2017,6800000,-474740.63242859096,52921851269107.54,MLB,NPB,gbm
NPB,井納　翔一,2017,85000000,5099872.443208398,6384030383591569,MLB,NPB,gbm
NPB,今永　昇太,2017,84000000,2669272.897197748,6614687171070492,MLB,NPB,gbm
NPB,石田　健大,2017,60000000,1094553.13915523,3469851669875807,MLB,NPB,gbm
NPB,濵口　遥大,2017,47500000,2259275.825956791,2046723123791857.5,MLB,NPB,gbm
NPB,熊原　健人,2017,13000000,-100316.95678310221,171618304368178.9,MLB,NPB,gbm
NPB,水野　滉也,2017,12000000,601925.6165525888,129916099650600.06,MLB,NPB,gbm
NPB,飯塚　悟史,2017,8500000,-474740.63242859096,80545969419364.73,MLB,NPB,gbm
NPB,平良　拳太郎,2017,7500000,-474740.63242859096,63596488154507.56,MLB,NPB,gbm
NPB,綾部　翔,2017,5700000,1355122.0616598143,18877964299075.258,MLB,NPB,gbm
NPB,菅野　智之,2017,450000000,11310396.13829759,192448568536337380,MLB,NPB,gbm
NPB,山口　俊,2017,229999999.99999997,5512836.611001971,50394486526438690,MLB,NPB,gbm
NPB,野上　亮磨,2017,150000000,6785894.348762663,20510280057483772,MLB,NPB,gbm
NPB,内海　哲也,2017,100000000,4565588.0256735245,9107726988885468,MLB,NPB,gbm
NPB,田口　麗斗,2017,90000000,3293948.2738661407,7517939405934999,MLB,NPB,gbm
NPB,吉川　光夫,2017,70000000,4436170.3620207915,4298615756797961,MLB,NPB,gbm
NPB,大竹　寛,2017,52500000,5066106.919747847,2249974212748793.2,MLB,NPB,gbm
NPB,宮國　椋丞,2017,24000000,58164.70782977291,573211477157407.75,MLB,NPB,gbm
NPB,畠　世周,2017,24000000,1471176.2118998286,507547901275268.2,MLB,NPB,gbm
NPB,大野　雄大,2017,80000000,5135834.791778458,5604643232323888,MLB,NPB,gbm
NPB,吉見　一起,2017,75000000,5066106.919747847,4890749401360140,MLB,NPB,gbm
NPB,山井　大介,2017,72000000,7623939.456569699,4144277171091403.5,MLB,NPB,gbm
NPB,若松　駿太,2017,25000000,-345322.96877585887,642385396391557,MLB,NPB,gbm
NPB,小笠原　慎之介,2017,21000000,190450.1510233617,433037364917043.6,MLB,NPB,gbm
NPB,柳　裕也,2017,14500000,865944.4710639205,185887470166112.47,MLB,NPB,gbm
NPB,鈴木　翔太,2017,12000000,-472935.55728851474,155574121416272.16,MLB,NPB,gbm
NPB,小熊　凌祐,2017,12000000,2447108.912176592,91257728135815.89,MLB,NPB,gbm
NPB,野村　祐輔,2017,120000000,6228117.0906985095,12944041340727808,MLB,NPB,gbm
NPB,大瀬良　大地,2017,63000000,2454259.1758041023,3665786731950702,MLB,NPB,gbm
NPB,岡田　明丈,2017,42000000,1806923.9992696564,1615483358400485.5,MLB,NPB,gbm
NPB,福井　優也,2017,31000000,4436170.3620207915,705637045035582.6,MLB,NPB,gbm
NPB,中村　祐太,2017,9000000,-177869.89439171806,84233295798381.83,MLB,NPB,gbm
NPB,床田　寛樹,2017,7000000,1199637.955640445,33644199845646.96,MLB,NPB,gbm
NPB,石川　雅規,2017,120000000,6289477.543921777,12930082917234268,MLB,NPB,gbm
NPB,館山　昌平,2017,98000000,4436170.3620207915,8754190216524797,MLB,NPB,gbm
NPB,小川　泰弘,2017,90000000,4186480.9854720607,7363960045656749,MLB,NPB,gbm
NPB,山中　浩史,2017,32000000,5066106.919747847,725434596458454.75,MLB,NPB,gbm
NPB,原　樹理,2017,29000000,590083.483410466,807123356479586.75,MLB,NPB,gbm
NPB,星　知弥,2017,22000000,-588989.7075285285,510262456006829.75,MLB,NPB,gbm
NPB,山田　大樹,2017,14000000,4606566.680820855,88236589521864.9,MLB,NPB,gbm
NPB,寺島　成輝,2017,11000000,601925.6165525888,108119950883705.25,MLB,NPB,gbm
NPB,岩橋　慶侍,2017,10000000,1705505.5673200774,68798637893758.23,MLB,NPB,gbm
NPB,中尾　輝,2017,7200000,487676.54145265097,45055286212165.05,MLB,NPB,gbm
NPB,梅野　雄吾,2017,6500000,1461820.970672886,25383247931551.5,MLB,NPB,gbm
NPB,和田　毅,2017,400000000,5819303.364855072,155378421599768160,MLB,NPB,gbm
NPB,攝津　正,2017,400000000,4436170.3620207915,156470743317864220,MLB,NPB,gbm
NPB,千賀　滉大,2017,125000000,3204121.567092878,14834236003243490,MLB,NPB,gbm
NPB,武田　翔太,2017,90000000,186133.51225697712,8066530613478129,MLB,NPB,gbm
NPB,東浜　巨,2017,90000000,6487359.517023654,6974361120438860,MLB,NPB,gbm
NPB,中田　賢一,2017,85000000,5442877.786428981,6329335694905074,MLB,NPB,gbm
NPB,松本　裕樹,2017,12000000,-588989.7075285285,158482661856259.22,MLB,NPB,gbm
NPB,有原　航平,2017,70000000,2408067.9606630155,4568669276810349,MLB,NPB,gbm
NPB,高梨　裕稔,2017,36000000,1778563.2791212124,1171106731241111,MLB,NPB,gbm
NPB,村田　透,2017,35000000,5290275.831581187,882667710163529,MLB,NPB,gbm
NPB,加藤　貴之,2017,32000000,843982.2129026403,970697444349927.1,MLB,NPB,gbm
NPB,上沢　直之,2017,24000000,309041.37160184997,561261520732472.75,MLB,NPB,gbm
NPB,浦野　博司,2017,19400000,4280744.401799314,228591889843722.78,MLB,NPB,gbm
NPB,斎藤　佑樹,2017,18300000,5066106.919747847,175135926059545.78,MLB,NPB,gbm
NPB,上原　健太,2017,12000000,-299777.4824401768,151284526117542.44,MLB,NPB,gbm
NPB,中村　勝,2017,11000000,1133125.7100097106,97355208254471.375,MLB,NPB,gbm
NPB,吉田　侑樹,2017,9500000,-474740.63242859096,99495450684221.9,MLB,NPB,gbm
NPB,西　勇輝,2017,120000000,3558251.735433018,13558680738908790,MLB,NPB,gbm
NPB,山岡　泰輔,2017,43000000,1224730.9259513072,1745173106209169,MLB,NPB,gbm
NPB,松葉　貴大,2017,36500000,3128043.3257637536,1113687492267101.1,MLB,NPB,gbm
NPB,東明　大貴,2017,25500000,4151326.738146578,455765850041375.25,MLB,NPB,gbm
NPB,山本　由伸,2017,8000000,29100.70686963013,63535235541226.23,MLB,NPB,gbm
NPB,山田　修義,2017,7200000,2028975.3711940337,26739495711717.88,MLB,NPB,gbm
NPB,吉田　凌,2017,5300000,-474740.63242859096,33347629371821.766,MLB,NPB,gbm
NPB,岸　孝之,2017,300000000,9625018.219682263,84317630043919860,MLB,NPB,gbm
NPB,則本　昂大,2017,250000000,10695502.514665226,57266642516708600,MLB,NPB,gbm
NPB,美馬　学,2017,80000000,8405769.767171534,5125733802631250,MLB,NPB,gbm
NPB,辛島　航,2017,42000000,3258165.6113359416,1500929731798673,MLB,NPB,gbm
NPB,塩見　貴洋,2017,38000000,4565588.0256735245,1117859904068985.6,MLB,NPB,gbm
NPB,釜田　佳直,2017,23000000,-474740.63242859096,551063447759793.9,MLB,NPB,gbm
NPB,安樂　智大,2017,20000000,-474740.63242859096,419215003965222.3,MLB,NPB,gbm
NPB,藤平　尚真,2017,18000000,1690787.5932026906,265990409330031.25,MLB,NPB,gbm
NPB,古川　侑利,2017,7500000,-293924.044631732,60745252013488.65,MLB,NPB,gbm
NPB,菊池　雄星,2017,240000000,8809762.585995983,53448925875543544,MLB,NPB,gbm
NPB,十亀　剣,2017,60000000,5512595.814047061,2968877214923402,MLB,NPB,gbm
NPB,多和田　真三郎,2017,26000000,344253.00169249385,658217354041164.6,MLB,NPB,gbm
NPB,髙橋　光成,2017,21500000,-293924.044631732,474975125263177.1,MLB,NPB,gbm
NPB,佐野　泰雄,2017,15000000,-474740.63242859096,239467597640936.4,MLB,NPB,gbm
NPB,涌井　秀章,2017,200000000,4970454.779555665,38036523508893336,MLB,NPB,gbm
NPB,石川　歩,2017,110000000.00000001,5066106.919747847,11011121916977794,MLB,NPB,gbm
NPB,西野　勇士,2017,75000000,952309.1222128513,5483060524332321,MLB,NPB,gbm
NPB,唐川　侑己,2017,56000000,4693923.178744503,2632313518788570.5,MLB,NPB,gbm
NPB,二木　康太,2017,40000000,1514986.878505292,1481096234961620,MLB,NPB,gbm
NPB,関谷　亮太,2017,20500000,1212483.722758402,372008284144859.6,MLB,NPB,gbm
NPB,佐々木　千隼,2017,19700000,-408173.1197316697,404338626213099.2,MLB,NPB,gbm
NPB,大隣　憲司,2017,10000000,4565588.0256735245,29532833506702.98,MLB,NPB,gbm
NPB,成田　翔,2017,6700000,-474740.63242859096,51476903142621.82,MLB,NPB,gbm
NPB,西　勇輝,2018,250000000,6217954.929931397,59429685498544960,MLB,NPB,gbm
NPB,藤浪　晋太郎,2018,84000000,504938.96035654587,6971425218013786,MLB,NPB,gbm
NPB,岩貞　祐太,2018,38000000,4701105.197016853,1108816395100138,MLB,NPB,gbm
NPB,岩田　稔,2018,38000000,6103212.285099948,1017405066529399,MLB,NPB,gbm
NPB,秋山　拓巳,2018,36000000,3438105.6321364176,1060276964823906,MLB,NPB,gbm
NPB,小野　泰己,2018,27000000,138189.88155343212,721556842839478.4,MLB,NPB,gbm
NPB,飯田　優也,2018,19000000,4876600.000091964,199470427557402.3,MLB,NPB,gbm
NPB,才木　浩人,2018,15000000,603730.6916926651,207252569997311.75,MLB,NPB,gbm
NPB,馬場　皐輔,2018,14500000,-185528.40734023912,215664744602797.16,MLB,NPB,gbm
NPB,髙橋　遥人,2018,13000000,-304344.31362852594,177005577615579.72,MLB,NPB,gbm
NPB,青柳　晃洋,2018,12000000,1562833.2230561206,108934450329741.08,MLB,NPB,gbm
NPB,今永　昇太,2018,67000000,827423.9335961762,4378809823264e3,MLB,NPB,gbm
NPB,石田　健大,2018,58000000,827423.9335961762,3268703454068731,MLB,NPB,gbm
NPB,東　克樹,2018,55500000,3011731.3672865373,2755018344059891.5,MLB,NPB,gbm
NPB,濵口　遥大,2018,50500000,522727.988326665,2497727717728786.5,MLB,NPB,gbm
NPB,飯塚　悟史,2018,14000000,-553938.2606545148,211817118894943.34,MLB,NPB,gbm
NPB,平良　拳太郎,2018,13000000,-124130.91926927082,172242812386119.7,MLB,NPB,gbm
NPB,京山　将弥,2018,10500000,-472935.55728851474,120405314744406.6,MLB,NPB,gbm
NPB,菅野　智之,2018,650000000,12333859.4065236,406618106859379200,MLB,NPB,gbm
NPB,山口　俊,2018,229999999.99999997,6601322.373290598,49906969165362416,MLB,NPB,gbm
NPB,田口　麗斗,2018,75000000,-424520.5970017826,5688858307287545,MLB,NPB,gbm
NPB,大竹　寛,2018,26250000,5066106.919747847,448757326035555,MLB,NPB,gbm
NPB,今村　信貴,2018,26000000,-358686.48218857707,694780353066310.9,MLB,NPB,gbm
NPB,鍬原　拓也,2018,16500000,2641110.164386984,192068827475657.78,MLB,NPB,gbm
NPB,古川　侑利,2018,16000000,-474740.63242859096,271417078905793.6,MLB,NPB,gbm
NPB,髙田　萌生,2018,6800000,-474740.63242859096,52921851269107.54,MLB,NPB,gbm
NPB,吉見　一起,2018,90000000,5264127.597139927,7180168071873784,MLB,NPB,gbm
NPB,松坂　大輔,2018,80000000,6817268.267850571,5355712223779750,MLB,NPB,gbm
NPB,山井　大介,2018,62000000,5837588.675065435,3154216445831138,MLB,NPB,gbm
NPB,大野　雄大,2018,60000000,4436170.3620207915,3087339164038377,MLB,NPB,gbm
NPB,松葉　貴大,2018,28000000,4037077.663046642,574221646926858.1,MLB,NPB,gbm
NPB,笠原　祥太郎,2018,21000000,-2906.744403303932,441122091714101.75,MLB,NPB,gbm
NPB,小笠原　慎之介,2018,21000000,-358686.48218857707,456193488244425.1,MLB,NPB,gbm
NPB,柳　裕也,2018,14500000,-474740.63242859096,224242857008507.8,MLB,NPB,gbm
NPB,小熊　凌祐,2018,12000000,5155686.9715191275,46844620831833.016,MLB,NPB,gbm
NPB,鈴木　翔太,2018,10000000,-474740.63242859096,109720191316650.5,MLB,NPB,gbm
NPB,Ｒ．マルティネス,2018,10000000,-588989.7075285285,112126703026145.1,MLB,NPB,gbm
NPB,大瀬良　大地,2018,145000000,8747408.679572886,18564768641531332,MLB,NPB,gbm
NPB,野村　祐輔,2018,120000000,5543756.684462657,13100231633905488,MLB,NPB,gbm
NPB,九里　亜蓮,2018,62000000,2754730.243500164,3510001988520434,MLB,NPB,gbm
NPB,岡田　明丈,2018,55000000,1063911.93395441,2909101595868225.5,MLB,NPB,gbm
NPB,中村　祐太,2018,12000000,-474740.63242859096,155619153846364.88,MLB,NPB,gbm
NPB,高橋　昂也,2018,8000000,-185528.40734023912,67002875307374.02,MLB,NPB,gbm
NPB,石川　雅規,2018,95000000,6134421.851983387,7897090979581248,MLB,NPB,gbm
NPB,小川　泰弘,2018,92000000,6279825.828389664,7347948260011213,MLB,NPB,gbm
NPB,原　樹理,2018,40000000,1206794.578965905,1504912786838549.2,MLB,NPB,gbm
NPB,高梨　裕稔,2018,36000000,3063681.9564909283,1084801046263181.4,MLB,NPB,gbm
NPB,館山　昌平,2018,24000000,5656772.087268577,336474010258409.25,MLB,NPB,gbm
NPB,山田　大樹,2018,13000000,4436170.3620207915,73339178068331.11,MLB,NPB,gbm
NPB,寺島　成輝,2018,11000000,601925.6165525888,108119950883705.25,MLB,NPB,gbm
NPB,高橋　奎二,2018,7000000,4206944.555563063,7801158715698.813,MLB,NPB,gbm
NPB,千賀　滉大,2018,160000000,4036000.73975322,24324769065250260,MLB,NPB,gbm
NPB,東浜　巨,2018,85000000,5460209.643392498,6326578249973071,MLB,NPB,gbm
NPB,武田　翔太,2018,85000000,58164.70782977291,7215115382802175,MLB,NPB,gbm
NPB,中田　賢一,2018,60000000,4987112.070372806,3026417838357721.5,MLB,NPB,gbm
NPB,大竹　耕太郎,2018,15000000,-18986.826995828993,225569965309474.25,MLB,NPB,gbm
NPB,松本　裕樹,2018,12000000,19829.14651349802,143524493678727.5,MLB,NPB,gbm
NPB,金子　弌大,2018,150000000,4436170.3620207915,21188828498874636,MLB,NPB,gbm
NPB,吉川　光夫,2018,75000000,4618792.024957725,4953514436026153,MLB,NPB,gbm
NPB,有原　航平,2018,70000000,2019284.6749162094,4621377656110082,MLB,NPB,gbm
NPB,上沢　直之,2018,70000000,3769861.0230353624,4386431308908050.5,MLB,NPB,gbm
NPB,村田　透,2018,50000000,5726064.040138551,1960181405377912.8,MLB,NPB,gbm
NPB,加藤　貴之,2018,35000000,1584050.755079983,1116625663939070.5,MLB,NPB,gbm
NPB,上原　健太,2018,17000000,312829.0764747713,278461673430945.84,MLB,NPB,gbm
NPB,杉浦　稔大,2018,16000000,3468613.124725913,157035657017791.62,MLB,NPB,gbm
NPB,斎藤　佑樹,2018,16000000,4616986.949817649,129572986100621.69,MLB,NPB,gbm
NPB,堀　瑞輝,2018,9600000,-588989.7075285285,103815511260122.28,MLB,NPB,gbm
NPB,吉田　侑樹,2018,9200000,-474740.63242859096,93600606304764.75,MLB,NPB,gbm
NPB,宮台　康平,2018,7700000,-293924.044631732,63902821631341.34,MLB,NPB,gbm
NPB,山岡　泰輔,2018,45000000,514136.0224174275,1978992093831978.8,MLB,NPB,gbm
NPB,東明　大貴,2018,23000000,5724258.964998475,298451228308435.5,MLB,NPB,gbm
NPB,田嶋　大樹,2018,20000000,898796.3545894613,364855980703444.8,MLB,NPB,gbm
NPB,竹安　大知,2018,9000000,1492426.7368725329,56363656301226.4,MLB,NPB,gbm
NPB,榊原　翼,2018,7500000,1448284.2802821207,36623263152280.484,MLB,NPB,gbm
NPB,岸　孝之,2018,300000000,8423161.25581024,85017052892055230,MLB,NPB,gbm
NPB,則本　昂大,2018,250000000,8489473.30919392,58327334502470560,MLB,NPB,gbm
NPB,美馬　学,2018,65000000,4486390.397447601,3661896947130122,MLB,NPB,gbm
NPB,辛島　航,2018,50000000,4493467.8658441985,2070844466876954.8,MLB,NPB,gbm
NPB,塩見　貴洋,2018,34000000,5379860.110893077,819112407272049.1,MLB,NPB,gbm
NPB,福井　優也,2018,25000000,4985306.99523273,400587936075079.9,MLB,NPB,gbm
NPB,藤平　尚真,2018,18000000,90332.58031321585,320756187083790.25,MLB,NPB,gbm
NPB,安樂　智大,2018,16000000,155195.92529846422,251057816165678.4,MLB,NPB,gbm
NPB,西口　直人,2018,6300000,1492426.7368725329,23112760680338.08,MLB,NPB,gbm
NPB,内海　哲也,2018,100000000,5102963.441761937,9005447547535571,MLB,NPB,gbm
NPB,多和田　真三郎,2018,80000000,4245221.470513861,5738786470051493,MLB,NPB,gbm
NPB,榎田　大樹,2018,55000000,6247915.739236645,2376765719768570,MLB,NPB,gbm
NPB,十亀　剣,2018,51000000,4815007.627209729,2133053520474695.2,MLB,NPB,gbm
NPB,髙橋　光成,2018,18500000,-198879.644775136,349648099969785.94,MLB,NPB,gbm
NPB,今井　達也,2018,18000000,-183723.33220016278,330647794222000.56,MLB,NPB,gbm
NPB,郭　俊麟,2018,12000000,952309.1222128513,122051473731141.38,MLB,NPB,gbm
NPB,涌井　秀章,2018,200000000,5300303.902305205,37907971660534704,MLB,NPB,gbm
NPB,石川　歩,2018,115000000.00000001,5797810.509336928,11925118189554686,MLB,NPB,gbm
NPB,二木　康太,2018,43000000,255212.58858020668,1827116850847472,MLB,NPB,gbm
NPB,有吉　優樹,2018,42000000,2448913.987316668,1564288404782675,MLB,NPB,gbm
NPB,酒居　知史,2018,21500000,258154.2188300878,451216012191006.06,MLB,NPB,gbm
NPB,土肥　星也,2018,11800000,-474740.63242859096,150669257593393.44,MLB,NPB,gbm
NPB,山本　大貴,2018,11500000,-474740.63242859096,143394413213936.28,MLB,NPB,gbm
NPB,渡邉　啓太,2018,11000000,42996.119276978265,120055934042179.36,MLB,NPB,gbm
NPB,種市　篤暉,2018,6800000,-474740.63242859096,52921851269107.54,MLB,NPB,gbm
NPB,西　勇輝,2019,200000000,7922318.9398841495,36893835561431584,MLB,NPB,gbm
NPB,藤浪　晋太郎,2019,63000000,701148.1645276085,3881146940018141.5,MLB,NPB,gbm
NPB,岩田　稔,2019,38000000,4825356.654756633,1100556961084100.1,MLB,NPB,gbm
NPB,中田　賢一,2019,35000000,6994002.898842643,784335873630034.25,MLB,NPB,gbm
NPB,秋山　拓巳,2019,32000000,4781263.295873638,740859627768555.6,MLB,NPB,gbm
NPB,岩貞　祐太,2019,32000000,4440538.963234933,759523892636972,MLB,NPB,gbm
NPB,青柳　晃洋,2019,30000000,2211568.2046825117,772196941643012,MLB,NPB,gbm
NPB,髙橋　遥人,2019,22000000,1000452.6755899776,440980987830136.06,MLB,NPB,gbm
NPB,才木　浩人,2019,13000000,388884.8101165316,159040226332509.56,MLB,NPB,gbm
NPB,望月　惇志,2019,11500000,-378975.1106661006,141110049679824.7,MLB,NPB,gbm
NPB,今永　昇太,2019,136000000,6342634.660526876,16811032386773608,MLB,NPB,gbm
NPB,井納　翔一,2019,61000000,4356972.733794868,3208432537880058,MLB,NPB,gbm
NPB,濵口　遥大,2019,55000000,1471176.2118998286,2865334976137478.5,MLB,NPB,gbm
NPB,東　克樹,2019,44000000,444408.1503868164,1897089581370090.2,MLB,NPB,gbm
NPB,上茶谷　大河,2019,43000000,-92088.57867886915,1856928098072705.8,MLB,NPB,gbm
NPB,大貫　晋一,2019,25000000,369064.8663794208,606682965556624.6,MLB,NPB,gbm
NPB,平良　拳太郎,2019,21000000,192052.44731255455,432970681355391.4,MLB,NPB,gbm
NPB,京山　将弥,2019,11200000,-185528.40734023912,129630257114351.58,MLB,NPB,gbm
NPB,阪口　皓亮,2019,6100000,-474740.63242859096,43227214383707.51,MLB,NPB,gbm
NPB,菅野　智之,2019,650000000,6904620.447151757,413571667202221900,MLB,NPB,gbm
NPB,桜井　俊貴,2019,30000000,1389348.1171891547,818569401159387.75,MLB,NPB,gbm
NPB,今村　信貴,2019,28000000,42996.119276978265,781594065986762.1,MLB,NPB,gbm
NPB,髙橋　優貴,2019,24000000,1258135.405463771,517192405236220.5,MLB,NPB,gbm
NPB,畠　世周,2019,16300000,477883.6773889794,250339364926234.1,MLB,NPB,gbm
NPB,古川　侑利,2019,16000000,388884.8101165316,243706917471810.38,MLB,NPB,gbm
NPB,戸郷　翔征,2019,6500000,3454111.153383631,9277438865941.996,MLB,NPB,gbm
NPB,大野　雄大,2019,130000000,9097488.603913022,14617417261880942,MLB,NPB,gbm
NPB,吉見　一起,2019,90000000,5615243.552959788,7120787120626295,MLB,NPB,gbm
NPB,山井　大介,2019,46500000,5656772.087268577,1668169266331323.2,MLB,NPB,gbm
NPB,柳　裕也,2019,45000000,3963422.7177418876,1684000675042743,MLB,NPB,gbm
NPB,松葉　貴大,2019,25000000,4436170.3620207915,422871089379832.1,MLB,NPB,gbm
NPB,小笠原　慎之介,2019,19000000,1102560.195637446,320318351550781.1,MLB,NPB,gbm
NPB,福谷　浩司,2019,18000000,5705328.444581531,151158948655616,MLB,NPB,gbm
NPB,笠原　祥太郎,2019,16500000,-474740.63242859096,288141819538222.2,MLB,NPB,gbm
NPB,梅津　晃大,2019,15000000,1142081.2552237567,192041911936820.78,MLB,NPB,gbm
NPB,山本　拓実,2019,11000000,183411.41282203884,116998588664268.55,MLB,NPB,gbm
NPB,勝野　昌慶,2019,11000000,-474740.63242859096,131669672581507.69,MLB,NPB,gbm
NPB,清水　達也,2019,8000000,-474740.63242859096,71821228786936.14,MLB,NPB,gbm
NPB,阿知羅　拓馬,2019,8000000,2238493.6202979363,33194955763347.574,MLB,NPB,gbm
NPB,Ｋ．ジョンソン,2019,272500000,7090982.124747495,70441946769506110,MLB,NPB,gbm
NPB,大瀬良　大地,2019,175000000,7697329.660966003,27990183502571484,MLB,NPB,gbm
NPB,野村　祐輔,2019,120000000,4473026.884034881,13346481517336926,MLB,NPB,gbm
NPB,九里　亜蓮,2019,72000000,5372147.737153325,4439270697159723.5,MLB,NPB,gbm
NPB,岡田　明丈,2019,44000000,952309.1222128513,1853103689909519,MLB,NPB,gbm
NPB,薮田　和樹,2019,28000000,2203442.173423922,665462395699883.4,MLB,NPB,gbm
NPB,床田　寛樹,2019,27000000,499495.9538748394,702276714698696.1,MLB,NPB,gbm
NPB,アドゥワ　誠,2019,22000000,-459572.04387579643,504432376394047.1,MLB,NPB,gbm
NPB,中村　祐太,2019,10000000,-588989.7075285285,112126703026145.1,MLB,NPB,gbm
NPB,山口　翔,2019,7500000,-299777.4824401768,60836528775580.82,MLB,NPB,gbm
NPB,石川　雅規,2019,105000000,6840765.613998017,9635235295246076,MLB,NPB,gbm
NPB,小川　泰弘,2019,90000000,5889603.562371073,7074558788895101,MLB,NPB,gbm
NPB,原　樹理,2019,33000000,1582245.6799399068,987075286515654.6,MLB,NPB,gbm
NPB,高梨　裕稔,2019,33000000,5229798.062267838,771184115662423,MLB,NPB,gbm
NPB,山田　大樹,2019,20000000,5067911.994887923,222967252192412,MLB,NPB,gbm
NPB,高橋　奎二,2019,17000000,522727.988326665,271500492946673.44,MLB,NPB,gbm
NPB,田川　賢吾,2019,7000000,-71252.95582295945,50002618365234.945,MLB,NPB,gbm
NPB,千賀　滉大,2019,300000000,8471037.526398113,84989135960934770,MLB,NPB,gbm
NPB,和田　毅,2019,100000000,6286708.644995634,8782180976587937,MLB,NPB,gbm
NPB,東浜　巨,2019,67000000,4436170.3620207915,3914232778970085.5,MLB,NPB,gbm
NPB,高橋　礼,2019,50000000,1779674.4415784688,2325199796960160.5,MLB,NPB,gbm
NPB,大竹　耕太郎,2019,27000000,271250.0755384783,714426072524401.75,MLB,NPB,gbm
NPB,二保　旭,2019,22000000,4436170.3620207915,308488111551956.9,MLB,NPB,gbm
NPB,松本　裕樹,2019,12000000,388884.8101165316,134817995952742.62,MLB,NPB,gbm
NPB,金子　弌大,2019,180000000,5464793.889550802,30462538172016980,MLB,NPB,gbm
NPB,有原　航平,2019,145000000,8124531.09171527,18734893988862820,MLB,NPB,gbm
NPB,上沢　直之,2019,60000000,1361658.988916145,3438455036532159,MLB,NPB,gbm
NPB,加藤　貴之,2019,57000000,3640218.2625850844,2847266307064558.5,MLB,NPB,gbm
NPB,杉浦　稔大,2019,20000000,3223488.793904369,281451328248252.25,MLB,NPB,gbm
NPB,上原　健太,2019,17000000,558683.6019040964,270316884902297.28,MLB,NPB,gbm
NPB,吉田　輝星,2019,10300000,1344196.896196797,80206409234091.08,MLB,NPB,gbm
NPB,北浦　竜次,2019,7000000,-474740.63242859096,55871747522078.98,MLB,NPB,gbm
NPB,山岡　泰輔,2019,100000000,4120823.475837461,9192816490951522,MLB,NPB,gbm
NPB,山本　由伸,2019,90000000,2189232.593206707,7710730872569952,MLB,NPB,gbm
NPB,Ｋ－鈴木,2019,22000000,417419.79492246715,465807768308604.56,MLB,NPB,gbm
NPB,榊原　翼,2019,19000000,278455.81267863495,350496216757826.4,MLB,NPB,gbm
NPB,田嶋　大樹,2019,18000000,-160987.4412833612,329821464842451.94,MLB,NPB,gbm
NPB,東明　大貴,2019,18000000,4436170.3620207915,183977474448123.22,MLB,NPB,gbm
NPB,竹安　大知,2019,18000000,172413.7829297106,317822830327074.56,MLB,NPB,gbm
NPB,荒西　祐大,2019,15800000,2492654.398512274,177085446957434.72,MLB,NPB,gbm
NPB,張　奕,2019,8000000,-71252.95582295945,65145124276880.86,MLB,NPB,gbm
NPB,鈴木　優,2019,5300000,1461820.970672886,14731618261166.428,MLB,NPB,gbm
NPB,則本　昂大,2019,300000000,6703938.557783612,86022579657516370,MLB,NPB,gbm
NPB,岸　孝之,2019,300000000,6183551.876243844,86328105188059900,MLB,NPB,gbm
NPB,涌井　秀章,2019,125000000,5355319.1448361995,14314849656933998,MLB,NPB,gbm
NPB,辛島　航,2019,62000000,4794011.728771171,3272525094087970,MLB,NPB,gbm
NPB,塩見　貴洋,2019,30000000,6682928.807400196,543685809000767.6,MLB,NPB,gbm
NPB,石橋　良太,2019,26000000,5012849.059672413,440460504592093,MLB,NPB,gbm
NPB,福井　優也,2019,23000000,4436170.3620207915,344615770827915.3,MLB,NPB,gbm
NPB,藤平　尚真,2019,15000000,-474740.63242859096,239467597640936.4,MLB,NPB,gbm
NPB,釜田　佳直,2019,15000000,952309.1222128513,197337618997864.28,MLB,NPB,gbm
NPB,弓削　隼人,2019,13500000,853749.2648008934,159927657657523.94,MLB,NPB,gbm
NPB,菅原　秀,2019,13000000,42996.119276978265,167883949565071.44,MLB,NPB,gbm
NPB,近藤　弘樹,2019,10000000,155195.92529846422,96920167269259.97,MLB,NPB,gbm
NPB,熊原　健人,2019,9000000,1677582.3841582343,53617799740789.81,MLB,NPB,gbm
NPB,髙田　萌生,2019,7100000,4993916.087122703,4435589448080.546,MLB,NPB,gbm
NPB,十亀　剣,2019,70000000,4896800.275466648,4238426614372479,MLB,NPB,gbm
NPB,榎田　大樹,2019,48000000,4565588.0256735245,1886548143555515.2,MLB,NPB,gbm
NPB,髙橋　光成,2019,40000000,391131.6985670685,1568862448120258.2,MLB,NPB,gbm
NPB,今井　達也,2019,35000000,-12890.95045294538,1225902532708309.8,MLB,NPB,gbm
NPB,松坂　大輔,2019,30000000,5656772.087268577,592592745211186.4,MLB,NPB,gbm
NPB,松本　航,2019,21000000,-79057.39486584681,444326660656048.6,MLB,NPB,gbm
NPB,本田　圭佑,2019,16000000,1197780.936105598,219105689215518.88,MLB,NPB,gbm
NPB,相内　誠,2019,5900000,42996.119276978265,34304494458804.54,MLB,NPB,gbm
NPB,石川　歩,2019,105000000,5673542.233524215,9865745212435498,MLB,NPB,gbm
NPB,美馬　学,2019,65000000,5797810.509336928,3504899240488377.5,MLB,NPB,gbm
NPB,二木　康太,2019,46000000,1181982.3232252127,2008654708475697,MLB,NPB,gbm
NPB,有吉　優樹,2019,34000000,4151326.738146578,890943295492883.5,MLB,NPB,gbm
NPB,種市　篤暉,2019,30000000,2108273.831345915,777948388667183,MLB,NPB,gbm
NPB,岩下　大輝,2019,25000000,-26678.250834994466,626334624270817.4,MLB,NPB,gbm
NPB,佐々木　千隼,2019,19700000,681943.4892842668,361686473444777.1,MLB,NPB,gbm
NPB,小島　和哉,2019,17000000,-185528.40734023912,295342386639498.4,MLB,NPB,gbm
NPB,土肥　星也,2019,15300000,551731.4582371183,217511424979952.62,MLB,NPB,gbm
NPB,チェン・ウェイン,2020,206000000,5819303.364855072,40072311305331920,MLB,NPB,gbm
NPB,西　勇輝,2020,200000000,7346495.006829063,37115372986153744,MLB,NPB,gbm
NPB,秋山　拓巳,2020,51000000,6912417.967903529,1943714889436835.2,MLB,NPB,gbm
NPB,青柳　晃洋,2020,50000000,3210713.163954837,2189237362625709,MLB,NPB,gbm
NPB,髙橋　遥人,2020,29000000,2310764.3150397986,712315301447353,MLB,NPB,gbm
NPB,二保　旭,2020,28000000,4436170.3620207915,555254067207707.4,MLB,NPB,gbm
NPB,岩田　稔,2020,18600000,5656772.087268577,167527148800909.84,MLB,NPB,gbm
NPB,中田　賢一,2020,17500000,6733438.336249757,115918850059336.39,MLB,NPB,gbm
NPB,今永　昇太,2020,100000000,4910834.972639892,9041949305600526,MLB,NPB,gbm
NPB,濵口　遥大,2020,55000000,533473.9451624814,2966602460482294,MLB,NPB,gbm
NPB,大貫　晋一,2020,52500000,3040150.3006648016,2446276732280828,MLB,NPB,gbm
NPB,上茶谷　大河,2020,43000000,-179514.58500902596,1864470479797007,MLB,NPB,gbm
NPB,平良　拳太郎,2020,33000000,1251887.0940287397,1007942673090298.8,MLB,NPB,gbm
NPB,有吉　優樹,2020,27000000,5066106.919747847,481095665655933.25,MLB,NPB,gbm
NPB,坂本　裕哉,2020,16450000,-553938.2606545148,289133916372150.56,MLB,NPB,gbm
NPB,京山　将弥,2020,13200000,74396.00078334764,172281480344252.16,MLB,NPB,gbm
NPB,阪口　皓亮,2020,6100000,-185528.40734023912,39507867359481.12,MLB,NPB,gbm
NPB,中川　虎大,2020,4700000,-474740.63242859096,26777940612907.457,MLB,NPB,gbm
NPB,菅野　智之,2020,800000000,8531928.312833255,626421708500202e3,MLB,NPB,gbm
NPB,井納　翔一,2020,100000000,4602444.547687614,9100693586277016,MLB,NPB,gbm
NPB,今村　信貴,2020,30000000,2370696.35077203,763378420141242,MLB,NPB,gbm
NPB,戸郷　翔征,2020,26000000,1693369.3252999978,590812294756267.1,MLB,NPB,gbm
NPB,畠　世周,2020,22000000,1705505.5673200774,411866504278076.3,MLB,NPB,gbm
NPB,髙橋　優貴,2020,19200000,601925.6165525888,345888370772242.9,MLB,NPB,gbm
NPB,直江　大輔,2020,7500000,1772017.8129508118,32809779935152.797,MLB,NPB,gbm
NPB,横川　凱,2020,6300000,794143.2953057527,30314458052626.59,MLB,NPB,gbm
NPB,大野　雄大,2020,300000000,8423161.25581024,85017052892055230,MLB,NPB,gbm
NPB,柳　裕也,2020,41000000,2379585.084353353,1491536448256702.2,MLB,NPB,gbm
NPB,福谷　浩司,2020,29000000,6275547.035074717,516400762555101.44,MLB,NPB,gbm
NPB,松葉　貴大,2020,25000000,4986909.291521924,400523799705771.56,MLB,NPB,gbm
NPB,勝野　昌慶,2020,16500000,155195.92529846422,267152620240379.94,MLB,NPB,gbm
NPB,梅津　晃大,2020,15000000,490503.7696874666,210525480857453.62,MLB,NPB,gbm
NPB,小笠原　慎之介,2020,14500000,-100316.95678310221,213169255238528.22,MLB,NPB,gbm
NPB,岡野　祐一郎,2020,11000000,1831103.1533107695,84068669385227.7,MLB,NPB,gbm
NPB,山本　拓実,2020,10560000,-39853.07431659008,112356885197098.84,MLB,NPB,gbm
NPB,清水　達也,2020,8000000,1314164.520458092,44700396059501.375,MLB,NPB,gbm
NPB,大瀬良　大地,2020,150000000,5182161.0699878605,20972206472358940,MLB,NPB,gbm
NPB,野村　祐輔,2020,120000000,4681642.175913538,13298323651244042,MLB,NPB,gbm
NPB,九里　亜蓮,2020,87000000,6016789.229588078,6558280426684962,MLB,NPB,gbm
NPB,森下　暢仁,2020,43000000,2768964.423230462,1618536223579296.2,MLB,NPB,gbm
NPB,床田　寛樹,2020,27000000,288467.9331697248,713505945357302,MLB,NPB,gbm
NPB,遠藤　淳志,2020,24000000,701602.3197840763,542815334465490.8,MLB,NPB,gbm
NPB,中村　祐太,2020,15000000,1331084.7222546635,186839244870179.88,MLB,NPB,gbm
NPB,小川　泰弘,2020,160000000,5931979.2507435065,23736955017593328,MLB,NPB,gbm
NPB,石川　雅規,2020,90000000,6207511.016769711,7021181210004770,MLB,NPB,gbm
NPB,田口　麗斗,2020,70000000,95021.22984386332,4886706056855979,MLB,NPB,gbm
NPB,高梨　裕稔,2020,37000000,4906109.367006807,1030017815962528.1,MLB,NPB,gbm
NPB,原　樹理,2020,26000000,2606903.4736122116,547236965092896.44,MLB,NPB,gbm
NPB,奥川　恭伸,2020,16000000,1231862.1742796437,218097894839472.38,MLB,NPB,gbm
NPB,吉田　大喜,2020,15000000,-553938.2606545148,241924995416252.38,MLB,NPB,gbm
NPB,高橋　奎二,2020,14500000,601925.6165525888,193156471567837.12,MLB,NPB,gbm
NPB,歳内　宏明,2020,8000000,2317691.24852386,32288632747102.336,MLB,NPB,gbm
NPB,金久保　優斗,2020,5800000,601925.6165525888,27019977295852.188,MLB,NPB,gbm
NPB,千賀　滉大,2020,400000000,6563706.141186408,154792117325358720,MLB,NPB,gbm
NPB,和田　毅,2020,150000000,7510393.235663983,20303288035855112,MLB,NPB,gbm
NPB,東浜　巨,2020,90000000,6450744.084392623,6980478164051654,MLB,NPB,gbm
NPB,石川　柊太,2020,80000000,7825185.619045035,5209203830925304,MLB,NPB,gbm
NPB,武田　翔太,2020,60000000,3181316.6910689822,3228362772960596,MLB,NPB,gbm
NPB,大竹　耕太郎,2020,24000000,1426129.1221112597,509579646411593.3,MLB,NPB,gbm
NPB,笠谷　俊介,2020,22000000,1983144.2662040852,400674513467598.4,MLB,NPB,gbm
NPB,上沢　直之,2020,85000000,3025374.680084845,6719839196340476,MLB,NPB,gbm
NPB,杉浦　稔大,2020,37000000,6049582.788261736,957928325580664.25,MLB,NPB,gbm
NPB,河野　竜生,2020,17500000,-553938.2606545148,325944686719525,MLB,NPB,gbm
NPB,上原　健太,2020,17000000,1241521.347301203,248329649447563.66,MLB,NPB,gbm
NPB,吉田　輝星,2020,10300000,-474740.63242859096,116095035696107.66,MLB,NPB,gbm
NPB,山本　由伸,2020,150000000,3362133.441499839,21502663908828504,MLB,NPB,gbm
NPB,山岡　泰輔,2020,85000000,1513374.6829286034,6970016606833066,MLB,NPB,gbm
NPB,田嶋　大樹,2020,42000000,-116913.11762306947,1773834370557410,MLB,NPB,gbm
NPB,山﨑　福也,2020,28000000,4428992.800940111,555592380378133.1,MLB,NPB,gbm
NPB,竹安　大知,2020,16000000,1610461.1674634812,207058827813076.44,MLB,NPB,gbm
NPB,榊原　翼,2020,15000000,-474740.63242859096,239467597640936.4,MLB,NPB,gbm
NPB,張　奕,2020,11000000,1701685.489658036,86458652733235.94,MLB,NPB,gbm
NPB,宮城　大弥,2020,8700000,601925.6165525888,65578808719847.17,MLB,NPB,gbm
NPB,本田　仁海,2020,5000000,-474740.63242859096,29972784992364.61,MLB,NPB,gbm
NPB,則本　昂大,2020,300000000,5545267.618458661,86703589421885120,MLB,NPB,gbm
NPB,岸　孝之,2020,250000000,6791133.957324673,59150552521763984,MLB,NPB,gbm
NPB,涌井　秀章,2020,160000000,6799751.410174817,23470316167984232,MLB,NPB,gbm
NPB,塩見　貴洋,2020,40000000,5066106.919747847,1220376885742489.5,MLB,NPB,gbm
NPB,石橋　良太,2020,20000000,4436170.3620207915,242232793000040.06,MLB,NPB,gbm
NPB,福井　優也,2020,20000000,4616986.949817649,236637090502080.5,MLB,NPB,gbm
NPB,弓削　隼人,2020,13500000,952309.1222128513,157444546364502.8,MLB,NPB,gbm
NPB,瀧中　瞭太,2020,13000000,1541923.3010115365,131287521639902.38,MLB,NPB,gbm
NPB,髙橋　光成,2020,67000000,723587.177541523,4392562896612938.5,MLB,NPB,gbm
NPB,内海　哲也,2020,56250000,5786189.75092131,2546596144855019.5,MLB,NPB,gbm
NPB,榎田　大樹,2020,37000000,5066106.919747847,1019773527260976.2,MLB,NPB,gbm
NPB,松本　航,2020,30000000,-95903.36723965156,905763399490226.9,MLB,NPB,gbm
NPB,今井　達也,2020,28000000,-474740.63242859096,810810854084079.75,MLB,NPB,gbm
NPB,浜屋　将太,2020,15500000,-588989.7075285285,258855589808958.9,MLB,NPB,gbm
NPB,本田　圭佑,2020,13600000,2317691.24852386,127290490763635.11,MLB,NPB,gbm
NPB,與座　海人,2020,9000000,42996.119276978265,80227918519287.28,MLB,NPB,gbm
NPB,美馬　学,2020,120000000,5850012.72359144,13030219595204234,MLB,NPB,gbm
NPB,石川　歩,2020,110000000.00000001,5642205.67682343,10890549235998428,MLB,NPB,gbm
NPB,二木　康太,2020,60000000,2188258.601524446,3342197443524212.5,MLB,NPB,gbm
NPB,岩下　大輝,2020,35000000,210154.83022250512,1210333326937090.8,MLB,NPB,gbm
NPB,小島　和哉,2020,34000000,2909.132286219665,1155802187467587.8,MLB,NPB,gbm
NPB,種市　篤暉,2020,27000000,568965.7797254366,698599569953325,MLB,NPB,gbm
NPB,中村　稔弥,2020,18000000,-588989.7075285285,345550538346601.56,MLB,NPB,gbm
NPB,大嶺　祐太,2020,12000000,5512836.611001971,42083288835556.39,MLB,NPB,gbm
NPB,古谷　拓郎,2020,4800000,1079650.3038159017,13841001861897.111,MLB,NPB,gbm
NPB,チェン・ウェイン,2021,210000000,4436170.3620207915,42256488055432136,MLB,NPB,gbm
NPB,西　勇輝,2021,200000000,4782860.067200453,38109731723542240,MLB,NPB,gbm
NPB,青柳　晃洋,2021,120000000,6946513.072039103,12781090906570626,MLB,NPB,gbm
NPB,秋山　拓巳,2021,110000000.00000001,6898594.885217336,10629899736642536,MLB,NPB,gbm
NPB,伊藤　将司,2021,44000000,2311252.817241766,1737951641667932.8,MLB,NPB,gbm
NPB,髙橋　遥人,2021,32000000,4473867.42775847,757687974384616.1,MLB,NPB,gbm
NPB,二保　旭,2021,27000000,4436170.3620207915,509126407931749,MLB,NPB,gbm
NPB,西　純矢,2021,12500000,698907.9128369369,139265774449702.66,MLB,NPB,gbm
NPB,村上　頌樹,2021,7500000,-474740.63242859096,63596488154507.56,MLB,NPB,gbm
NPB,今永　昇太,2021,100000000,6434941.705540075,8754420133645684,MLB,NPB,gbm
NPB,濵口　遥大,2021,58300000,2207849.7026514434,3146329324980340,MLB,NPB,gbm
NPB,大貫　晋一,2021,57800000,3689326.0329709793,2927965037166112,MLB,NPB,gbm
NPB,上茶谷　大河,2021,33000000,42996.119276978265,1086164104793992.4,MLB,NPB,gbm
NPB,有吉　優樹,2021,27000000,5543442.377201618,460383865020467.44,MLB,NPB,gbm
NPB,平良　拳太郎,2021,27000000,2418957.5974396514,604227645596469.9,MLB,NPB,gbm
NPB,東　克樹,2021,25100000,3996142.7404951546,445372791229555.44,MLB,NPB,gbm
NPB,坂本　裕哉,2021,22000000,-345322.96877585887,499313458578901.9,MLB,NPB,gbm
NPB,京山　将弥,2021,20900000,-4801.627442576103,437010731082725.75,MLB,NPB,gbm
NPB,入江　大生,2021,16000000,-345322.96877585887,267169582953591.66,MLB,NPB,gbm
NPB,阪口　皓亮,2021,9350000,-474740.63242859096,96525528494493.33,MLB,NPB,gbm
NPB,宮國　椋丞,2021,8400000,5114724.658885463,10793034066935.236,MLB,NPB,gbm
NPB,中川　虎大,2021,6600000,388884.8101165316,38577951902001.16,MLB,NPB,gbm
NPB,菅野　智之,2021,600000000,6484494.1483070245,352260655686391040,MLB,NPB,gbm
NPB,山口　俊,2021,60000000,6102450.789800656,2904945810865859.5,MLB,NPB,gbm
NPB,戸郷　翔征,2021,40000000,1460022.1070585677,1485329895988414.2,MLB,NPB,gbm
NPB,髙橋　優貴,2021,36000000,1309206.0407054673,1203451185526226.2,MLB,NPB,gbm
NPB,今村　信貴,2021,30000000,3544403.073422815,699898608741520.1,MLB,NPB,gbm
NPB,直江　大輔,2021,7600000,-588989.7075285285,67059552430008.18,MLB,NPB,gbm
NPB,横川　凱,2021,6500000,2023340.0526881875,20040484283865.805,MLB,NPB,gbm
NPB,大野　雄大,2021,300000000,6684614.347019007,86033915460756960,MLB,NPB,gbm
NPB,柳　裕也,2021,100000000,7245960.496076324,8603311844295433,MLB,NPB,gbm
NPB,小笠原　慎之介,2021,36000000,427359.27596055454,1265412768081589.5,MLB,NPB,gbm
NPB,福谷　浩司,2021,29000000,5182161.0699878605,567289451296001.9,MLB,NPB,gbm
NPB,松葉　貴大,2021,28000000,5659496.527441631,499098095407392.5,MLB,NPB,gbm
NPB,勝野　昌慶,2021,21000000,-553938.2606545148,464572254544106.6,MLB,NPB,gbm
NPB,梅津　晃大,2021,12000000,1380226.9308510467,112779580040221.39,MLB,NPB,gbm
NPB,笠原　祥太郎,2021,10000000,952309.1222128513,81860710219992.78,MLB,NPB,gbm
NPB,岡野　祐一郎,2021,8800000,2947627.8062509145,34250260294167.477,MLB,NPB,gbm
NPB,清水　達也,2021,7200000,2594.8250251794416,51802641252754.33,MLB,NPB,gbm
NPB,大瀬良　大地,2021,180000000,6847197.407911005,29981893045494944,MLB,NPB,gbm
NPB,九里　亜蓮,2021,140000000,6522984.615235874,17816113636024558,MLB,NPB,gbm
NPB,森下　暢仁,2021,75000000,1362944.3470555672,5422415965234835,MLB,NPB,gbm
NPB,野村　祐輔,2021,72000000,4646184.95888322,4536536400592968,MLB,NPB,gbm
NPB,床田　寛樹,2021,33000000,2538741.836104491,927888248927490.9,MLB,NPB,gbm
NPB,遠藤　淳志,2021,20000000,5688189.225405453,204827927647800.56,MLB,NPB,gbm
NPB,薮田　和樹,2021,19000000,5296065.716141089,187797814856323.62,MLB,NPB,gbm
NPB,中村　祐太,2021,13000000,952309.1222128513,145146855486715.7,MLB,NPB,gbm
NPB,玉村　昇悟,2021,12000000,-553938.2606545148,157601365852325.3,MLB,NPB,gbm
NPB,高橋　昂也,2021,12000000,-358686.48218857707,152737131565030.66,MLB,NPB,gbm
NPB,小林　樹斗,2021,5000000,5688189.225405453,473604409964.1571,MLB,NPB,gbm
NPB,小川　泰弘,2021,160000000,5620163.888750232,23833133797736340,MLB,NPB,gbm
NPB,サイスニード,2021,95000000,6123460.540184072,7899039266352219,MLB,NPB,gbm
NPB,石川　雅規,2021,90000000,6764044.102449403,6928224354178988,MLB,NPB,gbm
NPB,田口　麗斗,2021,70000000,1004334.2327797358,4760401894661969,MLB,NPB,gbm
NPB,高梨　裕稔,2021,37000000,5961776.500493296,963371318005330.25,MLB,NPB,gbm
NPB,奥川　恭伸,2021,36000000,1732956.086040414,1174230298601234.8,MLB,NPB,gbm
NPB,原　樹理,2021,26000000,5179401.125101483,433497337509425.3,MLB,NPB,gbm
NPB,高橋　奎二,2021,22000000,1275924.4334338906,429487308088742.44,MLB,NPB,gbm
NPB,金久保　優斗,2021,12000000,69162.33772210102,142344887323628.78,MLB,NPB,gbm
NPB,山野　太一,2021,9500000,5688189.225405453,14529901381315.082,MLB,NPB,gbm
NPB,千賀　滉大,2021,600000000,6765095.236078579,351927652230258900,MLB,NPB,gbm
NPB,武田　翔太,2021,150000000,5802521.889595065,20792912693400712,MLB,NPB,gbm
NPB,和田　毅,2021,150000000,6451380.534373262,20606206150487316,MLB,NPB,gbm
NPB,石川　柊太,2021,120000000,5839448.234143242,13032631579484860,MLB,NPB,gbm
NPB,東浜　巨,2021,80000000,4854800.250761877,5646801045352897,MLB,NPB,gbm
NPB,笠谷　俊介,2021,22000000,1146217.816512823,434880231356327.2,MLB,NPB,gbm
NPB,大竹　耕太郎,2021,21000000,952309.1222128513,401909909531310.1,MLB,NPB,gbm
NPB,上沢　直之,2021,150000000,5692502.775472812,20824653755206920,MLB,NPB,gbm
NPB,加藤　貴之,2021,73000000,6094961.116224809,4476284228039470,MLB,NPB,gbm
NPB,金子　千尋,2021,20000000,5542523.012168639,209018640853673.38,MLB,NPB,gbm
NPB,立野　和明,2021,17000000,538630.4132241857,270976688672427.78,MLB,NPB,gbm
NPB,池田　隆英,2021,17000000,2317691.24852386,215570190273672.88,MLB,NPB,gbm
NPB,吉田　輝星,2021,9700000,601925.6165525888,82774957486741.98,MLB,NPB,gbm
NPB,生田目　翼,2021,9000000,2578752.1588752717,41232423837148.984,MLB,NPB,gbm
NPB,山本　由伸,2021,370000000,10021498.668630023,129584521420779150,MLB,NPB,gbm
NPB,田嶋　大樹,2021,80000000,1952078.3425564107,6091478075046451,MLB,NPB,gbm
NPB,山岡　泰輔,2021,72000000,2339209.622643623,4852625715997987,MLB,NPB,gbm
NPB,増井　浩俊,2021,70000000,5656772.087268577,4140050978229700,MLB,NPB,gbm
NPB,宮城　大弥,2021,50000000,3303592.991841498,2180554427471594.8,MLB,NPB,gbm
NPB,山﨑　福也,2021,50000000,6013114.708121384,1934846077680887.5,MLB,NPB,gbm
NPB,山﨑　颯一郎,2021,13000000,-28483.325975070806,169741377775210.47,MLB,NPB,gbm
NPB,榊原　翼,2021,8000000,-100316.95678310221,65615134800347.85,MLB,NPB,gbm
NPB,本田　仁海,2021,5000000,-474740.63242859096,29972784992364.61,MLB,NPB,gbm
NPB,田中　将大,2021,900000000,6526745.857238285,7.9829445586845606e+17,MLB,NPB,gbm
NPB,則本　昂大,2021,300000000,8407314.48417957,85026294246328160,MLB,NPB,gbm
NPB,岸　孝之,2021,250000000,8119116.806723904,58506361654359280,MLB,NPB,gbm
NPB,涌井　秀章,2021,110000000.00000001,4827161.729896708,11061325909789306,MLB,NPB,gbm
NPB,早川　隆久,2021,36000000,1750524.9574326668,1173026540691442.8,MLB,NPB,gbm
NPB,塩見　貴洋,2021,35000000,5379860.110893077,877352687050263,MLB,NPB,gbm
NPB,瀧中　瞭太,2021,30000000,4290835.594700347,660961134418726.6,MLB,NPB,gbm
NPB,石橋　良太,2021,16000000,4930740.140962879,122528513826890.48,MLB,NPB,gbm
NPB,弓削　隼人,2021,11500000,2317691.24852386,84314794007435.33,MLB,NPB,gbm
NPB,釜田　佳直,2021,10000000,4781263.295873638,27235212786995.68,MLB,NPB,gbm
NPB,髙橋　光成,2021,110000000.00000001,2986682.0689942944,11451850214602510,MLB,NPB,gbm
NPB,松本　航,2021,54000000,1975085.4114242287,2706591737948604.5,MLB,NPB,gbm
NPB,今井　達也,2021,51000000,2011589.1607548096,2399864396554676,MLB,NPB,gbm
NPB,内海　哲也,2021,45000000,5656772.087268577,1547889582593129,MLB,NPB,gbm
NPB,浜屋　将太,2021,13100000,-474740.63242859096,184273583237707.75,MLB,NPB,gbm
NPB,本田　圭佑,2021,12600000,4332143.32594344,68357453982741.6,MLB,NPB,gbm
NPB,渡邉　勇太朗,2021,10000000,624.471270156344,99987510964561.23,MLB,NPB,gbm
NPB,上間　永遠,2021,6500000,-474740.63242859096,48647006889650.38,MLB,NPB,gbm
NPB,石川　歩,2021,150000000,5676730.848929948,20829206018452212,MLB,NPB,gbm
NPB,美馬　学,2021,120000000,4763608.703065604,13279425879140178,MLB,NPB,gbm
NPB,小島　和哉,2021,62000000,1520993.1780688858,3657710266167190.5,MLB,NPB,gbm
NPB,二木　康太,2021,55000000,1666017.2822320496,2844513712539171,MLB,NPB,gbm
NPB,岩下　大輝,2021,45000000,857067.3043021444,1948598506976911,MLB,NPB,gbm
NPB,佐々木　朗希,2021,30000000,2139020.4522849536,776234181358196,MLB,NPB,gbm
NPB,鈴木　昭汰,2021,20000000,274635.73501659377,389089995386284.3,MLB,NPB,gbm
NPB,土肥　星也,2021,10500000,1582245.6799399068,79526342112950.45,MLB,NPB,gbm
NPB,本前　郁也,2021,6700000,-474740.63242859096,51476903142621.82,MLB,NPB,gbm
NPB,西　勇輝,2022,300000000,6614579.674143654,86075004859779392,MLB,NPB,gbm
NPB,青柳　晃洋,2022,240000000,8116132.214932584,53770128138962624,MLB,NPB,gbm
NPB,秋山　拓巳,2022,88000000,5066106.919747847,6878030621446696,MLB,NPB,gbm
NPB,伊藤　将司,2022,80000000,2892903.686553693,5945504301891086,MLB,NPB,gbm
NPB,西　純矢,2022,28000000,929402.1207891082,732817269537937.25,MLB,NPB,gbm
NPB,大竹　耕太郎,2022,20000000,2447108.912176592,308103985540990.5,MLB,NPB,gbm
NPB,才木　浩人,2022,19000000,1562724.337994278,304058582512777.1,MLB,NPB,gbm
NPB,小川　一平,2022,13000000,1372830.4783832906,135191071084412.52,MLB,NPB,gbm
NPB,森木　大智,2022,12000000,-553938.2606545148,157601365852325.3,MLB,NPB,gbm
NPB,今永　昇太,2022,140000000,8051503.329818089,17410405773521008,MLB,NPB,gbm
NPB,大貫　晋一,2022,88000000,7037178.60353696,6554978448475573,MLB,NPB,gbm
NPB,石田　健大,2022,62000000,5924482.305205921,3144463684739164,MLB,NPB,gbm
NPB,濵口　遥大,2022,62000000,3492966.761194922,3423072938406642,MLB,NPB,gbm
NPB,上茶谷　大河,2022,34000000,1503048.051713983,1056051885929210.2,MLB,NPB,gbm
NPB,京山　将弥,2022,27900000,-111654.25007475828,784652773825731.4,MLB,NPB,gbm
NPB,東　克樹,2022,26100000,3236840.0313392663,522724083752570.75,MLB,NPB,gbm
NPB,坂本　裕哉,2022,23000000,-71252.95582295945,532282712951569.6,MLB,NPB,gbm
NPB,笠原　祥太郎,2022,9000000,2317691.24852386,44653250250054.62,MLB,NPB,gbm
NPB,菅野　智之,2022,500000000,6745578.4483400695,243299924380262660,MLB,NPB,gbm
NPB,戸郷　翔征,2022,90000000,4015839.5133836926,7393275854588190,MLB,NPB,gbm
NPB,髙橋　優貴,2022,30000000,42996.119276978265,897422081509654.25,MLB,NPB,gbm
NPB,山﨑　伊織,2022,25000000,634336.4578923117,593685559847195.6,MLB,NPB,gbm
NPB,横川　凱,2022,6600000,-474740.63242859096,50051955016136.1,MLB,NPB,gbm
NPB,堀田　賢慎,2022,6500000,-474740.63242859096,48647006889650.38,MLB,NPB,gbm
NPB,井上　温大,2022,6500000,1209067.9674686342,27993961772866.49,MLB,NPB,gbm
NPB,大野　雄大,2022,300000000,6788821.702226173,85972795078768910,MLB,NPB,gbm
NPB,柳　裕也,2022,108000000,6210390.177133157,10361124667891470,MLB,NPB,gbm
NPB,涌井　秀章,2022,100000000,5560676.698689935,8918785785609366,MLB,NPB,gbm
NPB,小笠原　慎之介,2022,66000000,3156095.970947024,3949356273612820.5,MLB,NPB,gbm
NPB,松葉　貴大,2022,50000000,5416716.632907167,1987669155790496.5,MLB,NPB,gbm
NPB,髙橋　宏斗,2022,35000000,2205368.802480094,1075487835381345.9,MLB,NPB,gbm
NPB,福谷　浩司,2022,22000000,4436170.3620207915,308488111551956.9,MLB,NPB,gbm
NPB,岡田　俊哉,2022,19000000,4725382.587109144,203764702284406.8,MLB,NPB,gbm
NPB,勝野　昌慶,2022,19000000,461626.008018063,343671310266592.4,MLB,NPB,gbm
NPB,鈴木　博志,2022,13500000,318857.10693043337,173742527967518.34,MLB,NPB,gbm
NPB,岡野　祐一郎,2022,8500000,4151326.738146578,18910959138358.883,MLB,NPB,gbm
NPB,上田　洸太朗,2022,8100000,278455.81267863495,61176553474220.63,MLB,NPB,gbm
NPB,大瀬良　大地,2022,180000000,5718612.881111004,30374001896084052,MLB,NPB,gbm
NPB,九里　亜蓮,2022,140000000,5516332.227904889,18085856897435256,MLB,NPB,gbm
NPB,森下　暢仁,2022,110000000.00000001,4191132.102297093,11195516525793548,MLB,NPB,gbm
NPB,野村　祐輔,2022,55000000,4436170.3620207915,2556700867658584.5,MLB,NPB,gbm
NPB,床田　寛樹,2022,50000000,4172914.6932084593,2100121747715949.5,MLB,NPB,gbm
NPB,遠藤　淳志,2022,26000000,468949.1164436944,651834559218741.25,MLB,NPB,gbm
NPB,大道　温貴,2022,13000000,155195.92529846422,164988991717469.2,MLB,NPB,gbm
NPB,玉村　昇悟,2022,13000000,-345322.96877585887,178097645140936.5,MLB,NPB,gbm
NPB,サイスニード,2022,195000000,6111563.700482156,35678841367677008,MLB,NPB,gbm
NPB,小川　泰弘,2022,160000000,6512960.714572718,23558271228606296,MLB,NPB,gbm
NPB,石川　雅規,2022,90000000,6323565.167009724,7001745746359668,MLB,NPB,gbm
NPB,高橋　奎二,2022,50000000,2822673.9424790153,2225700093937648.5,MLB,NPB,gbm
NPB,高梨　裕稔,2022,43000000,5121065.824671888,1434813654258840,MLB,NPB,gbm
NPB,原　樹理,2022,38000000,5198842.622901831,1075915925277161.6,MLB,NPB,gbm
NPB,奥川　恭伸,2022,27000000,1492426.7368725329,650636293773815.25,MLB,NPB,gbm
NPB,山下　輝,2022,14000000,2594.8250251794416,195927351632411.88,MLB,NPB,gbm
NPB,小澤　怜史,2022,11000000,274635.73501659377,115033438616583.05,MLB,NPB,gbm
NPB,吉田　大喜,2022,11000000,520331.57673074934,109823450261666.64,MLB,NPB,gbm
NPB,金久保　優斗,2022,10000000,40946.85019852656,99182739640570.66,MLB,NPB,gbm
NPB,阪口　皓亮,2022,9000000,-474740.63242859096,89770710051793.33,MLB,NPB,gbm
NPB,和田　毅,2022,165000000,8058463.505219511,24630645877342512,MLB,NPB,gbm
NPB,東浜　巨,2022,150000000,6542874.423220288,20579946878751948,MLB,NPB,gbm
NPB,石川　柊太,2022,150000000,5506838.898038462,20878273605237416,MLB,NPB,gbm
NPB,大関　友久,2022,45000000,1111999.9906431467,1926156544821307.5,MLB,NPB,gbm
NPB,杉山　一樹,2022,16000000,477883.6773889794,240936095132667.47,MLB,NPB,gbm
NPB,奥村　政稔,2022,9000000,6289088.656221976,7349040313824.374,MLB,NPB,gbm
NPB,田上　奏大,2022,6500000,862490.1791454772,31781516980231.188,MLB,NPB,gbm
NPB,上沢　直之,2022,170000000,5999671.479404719,26896107754863180,MLB,NPB,gbm
NPB,加藤　貴之,2022,135000000,6788821.702226173,16438106240503550,MLB,NPB,gbm
NPB,杉浦　稔大,2022,60000000,6506248.780892405,2861581419491775.5,MLB,NPB,gbm
NPB,立野　和明,2022,16000000,-474740.63242859096,271417078905793.6,MLB,NPB,gbm
NPB,池田　隆英,2022,16000000,4809478.783397209,125227765099237.22,MLB,NPB,gbm
NPB,根本　悠楓,2022,13000000,732548.046033977,150490377442864.8,MLB,NPB,gbm
NPB,達　孝太,2022,10000000,862490.1791454772,83494085726212.84,MLB,NPB,gbm
NPB,生田目　翼,2022,9000000,3242970.958865421,33143383380466.93,MLB,NPB,gbm
NPB,田中　瑛斗,2022,7000000,-259582.53287548161,52701538551630.8,MLB,NPB,gbm
NPB,山本　由伸,2022,650000000,7750238.293610215,4.1248475641191443e+17,MLB,NPB,gbm
NPB,田嶋　大樹,2022,110000000.00000001,2373133.428344521,11583542408032936,MLB,NPB,gbm
NPB,宮城　大弥,2022,80000000,2794160.9163944963,5960741588603586,MLB,NPB,gbm
NPB,山岡　泰輔,2022,72000000,3803800.528893625,4650721622302930,MLB,NPB,gbm
NPB,山﨑　福也,2022,60000000,5495914.261133091,2970695362229755.5,MLB,NPB,gbm
NPB,竹安　大知,2022,21000000,4151326.738146578,283877790684694.44,MLB,NPB,gbm
NPB,椋木　蓮,2022,16000000,2681427.707770865,177384367903333.62,MLB,NPB,gbm
NPB,東　晃平,2022,8000000,-588989.7075285285,73770744196030.98,MLB,NPB,gbm
NPB,田中　将大,2022,475000000,6512960.714572718,219480105978425470,MLB,NPB,gbm
NPB,則本　昂大,2022,300000000,6034425.772902764,86415758830667008,MLB,NPB,gbm
NPB,岸　孝之,2022,250000000,8060820.904780289,58534566381268790,MLB,NPB,gbm
NPB,辛島　航,2022,80000000,5255163.996141876,5586790509243645,MLB,NPB,gbm
NPB,早川　隆久,2022,33000000,271250.0755384783,1071171071617940,MLB,NPB,gbm
NPB,瀧中　瞭太,2022,26000000,4151326.738146578,477364523303228.7,MLB,NPB,gbm
NPB,藤井　聖,2022,10500000,1446878.9011549407,81959001630353.56,MLB,NPB,gbm
NPB,高田　孝一,2022,10000000,5108165.16222264,23930048080092.254,MLB,NPB,gbm
NPB,藤平　尚真,2022,10000000,270905.6465917689,94655276937519.92,MLB,NPB,gbm
NPB,松井　友飛,2022,7000000,-474740.63242859096,55871747522078.98,MLB,NPB,gbm
NPB,髙橋　光成,2022,180000000,4245854.719455361,30889519583294792,MLB,NPB,gbm
NPB,松本　航,2022,65000000,2183155.332034889,3945955974039257,MLB,NPB,gbm
NPB,今井　達也,2022,45000000,2055210.5783666698,1844254938468430.2,MLB,NPB,gbm
NPB,與座　海人,2022,33000000,4389685.655345139,818550086899963.75,MLB,NPB,gbm
NPB,隅田　知一郎,2022,20000000,74396.00078334764,397029694733598.7,MLB,NPB,gbm
NPB,佐藤　隼輔,2022,16000000,-588989.7075285285,275194579516487.44,MLB,NPB,gbm
NPB,渡邉　勇太朗,2022,8500000,-474740.63242859096,80545969419364.73,MLB,NPB,gbm
NPB,石川　歩,2022,150000000,5941894.513690504,20752737756304676,MLB,NPB,gbm
NPB,美馬　学,2022,140000000,6510933.667768211,17819330830250978,MLB,NPB,gbm
NPB,佐々木　朗希,2022,80000000,6250833.436412802,5438939568823729,MLB,NPB,gbm
NPB,小島　和哉,2022,68000000,1739477.7628321939,4390456807142209,MLB,NPB,gbm
NPB,二木　康太,2022,46000000,2866827.8817357984,1860470536983804,MLB,NPB,gbm
NPB,種市　篤暉,2022,18000000,-474740.63242859096,341316041435507.94,MLB,NPB,gbm
NPB,鈴木　昭汰,2022,16000000,-588989.7075285285,275194579516487.44,MLB,NPB,gbm
NPB,河村　説人,2022,15000000,356749.31042220845,214424790757820.47,MLB,NPB,gbm
NPB,本前　郁也,2022,13000000,42996.119276978265,167883949565071.44,MLB,NPB,gbm
NPB,佐藤　奨真,2022,9000000,-278755.4560789375,86095302813714.64,MLB,NPB,gbm
NPB,森　遼大朗,2022,4600000,-588989.7075285285,26925614184837.008,MLB,NPB,gbm
NPB,西　勇輝,2023,300000000,5851950.552743394,86523074993625730,MLB,NPB,gbm
NPB,青柳　晃洋,2023,210000000,4908260.803871108,42062621486492960,MLB,NPB,gbm
NPB,伊藤　将司,2023,160000000,4823762.69427067,24079664624364024,MLB,NPB,gbm
NPB,大竹　耕太郎,2023,67000000,7005767.243971867,3599307963984478.5,MLB,NPB,gbm
NPB,村上　頌樹,2023,67000000,4075925.002261677,3959439214320997.5,MLB,NPB,gbm
NPB,才木　浩人,2023,50000000,2202171.5600585598,2284632403574075,MLB,NPB,gbm
NPB,秋山　拓巳,2023,44000000,5066106.919747847,1515848030384506.8,MLB,NPB,gbm
NPB,西　純矢,2023,38000000,-472935.55728851474,1480166770395274.8,MLB,NPB,gbm
NPB,門別　啓人,2023,8000000,468949.1164436944,56716727410714.21,MLB,NPB,gbm
NPB,東　克樹,2023,105000000,9173256.77139938,9182764717800156,MLB,NPB,gbm
NPB,石田　健大,2023,80000000,5522497.1225454025,5546898434861257,MLB,NPB,gbm
NPB,大貫　晋一,2023,77000000,5856159.886869162,5061445986042724,MLB,NPB,gbm
NPB,濵口　遥大,2023,54000000,4440538.963234933,2456140178254635,MLB,NPB,gbm
NPB,森　唯斗,2023,50000000,5429213.468218648,1986555012061622,MLB,NPB,gbm
NPB,平良　拳太郎,2023,26000000,6092485.1077741245,396309149184195.06,MLB,NPB,gbm
NPB,菅野　智之,2023,400000000,5560676.698689935,155582379766395400,MLB,NPB,gbm
NPB,戸郷　翔征,2023,180000000,4175341.770457583,30914310441535392,MLB,NPB,gbm
NPB,山﨑　伊織,2023,51000000,2549067.5650237873,2347492853818630,MLB,NPB,gbm
NPB,高橋　礼,2023,43000000,4037077.663046642,1518109317035458.8,MLB,NPB,gbm
NPB,赤星　優志,2023,30000000,1448628.7092288304,815180802583472.25,MLB,NPB,gbm
NPB,髙橋　優貴,2023,23000000,838060.0471129135,491151582475372.94,MLB,NPB,gbm
NPB,横川　凱,2023,17000000,-459572.04387579643,304836655955289.2,MLB,NPB,gbm
NPB,井上　温大,2023,6700000,704332.5585104036,35948028068938.4,MLB,NPB,gbm
NPB,大野　雄大,2023,300000000,6403337.731321913,86199000095308208,MLB,NPB,gbm
NPB,柳　裕也,2023,148000000,5737014.738075608,20238756975634516,MLB,NPB,gbm
NPB,涌井　秀章,2023,100000000,6243979.057396499,8790191462989906,MLB,NPB,gbm
NPB,小笠原　慎之介,2023,93000000,2999124.6010310934,8100157572580726,MLB,NPB,gbm
NPB,髙橋　宏斗,2023,63000000,1860950.3602247653,3737983390854900,MLB,NPB,gbm
NPB,松葉　貴大,2023,50000000,5543442.377201618,1976385515669193,MLB,NPB,gbm
NPB,福谷　浩司,2023,20000000,4951857.8446479095,226446582327684.62,MLB,NPB,gbm
NPB,根尾　昂,2023,16000000,278455.81267863495,247166951633898.2,MLB,NPB,gbm
NPB,仲地　礼亜,2023,15000000,-100316.95678310221,228019572195311.3,MLB,NPB,gbm
NPB,梅津　晃大,2023,10000000,4044108.352833768,35472645312784.484,MLB,NPB,gbm
NPB,大瀬良　大地,2023,180000000,5679499.747856091,30387636808157708,MLB,NPB,gbm
NPB,九里　亜蓮,2023,140000000,7284226.711899071,17613476479458604,MLB,NPB,gbm
NPB,森下　暢仁,2023,130000000,2192316.840547663,16334803874586956,MLB,NPB,gbm
NPB,床田　寛樹,2023,100000000,7045804.611324181,8640482440356122,MLB,NPB,gbm
NPB,野村　祐輔,2023,44500000,5543442.377201618,1517613381818410.8,MLB,NPB,gbm
NPB,遠藤　淳志,2023,25000000,-293924.044631732,639782593575599.25,MLB,NPB,gbm
NPB,森　翔平,2023,18000000,672932.6770040342,300227262015634.56,MLB,NPB,gbm
NPB,玉村　昇悟,2023,16000000,1018821.3678435868,224435713208579.9,MLB,NPB,gbm
NPB,黒原　拓未,2023,14000000,601925.6165525888,179508397184389.72,MLB,NPB,gbm
NPB,サイスニード,2023,232500000,5492654.102406357,51532335091469730,MLB,NPB,gbm
NPB,小川　泰弘,2023,160000000,6445800.393820443,23578892216694436,MLB,NPB,gbm
NPB,石川　雅規,2023,67500000,6286708.644995634,3747067038512652,MLB,NPB,gbm
NPB,高橋　奎二,2023,48000000,1818703.4636841165,2132712149775141.2,MLB,NPB,gbm
NPB,吉村　貢司郎,2023,21000000,672932.6770040342,413189665953610.3,MLB,NPB,gbm
NPB,宮川　哲,2023,20000000,4151326.738146578,251180444160987.62,MLB,NPB,gbm
NPB,山野　太一,2023,9000000,-553938.2606545148,91277736288398.22,MLB,NPB,gbm
NPB,金久保　優斗,2023,9000000,862490.1791454772,66219066084503.8,MLB,NPB,gbm
NPB,有原　航平,2023,500000000,6508164.7688420685,243534191439816350,MLB,NPB,gbm
NPB,和田　毅,2023,200000000,7452020.069045734,37074724575491170,MLB,NPB,gbm
NPB,東浜　巨,2023,150000000,5182161.0699878605,20972206472358940,MLB,NPB,gbm
NPB,石川　柊太,2023,120000000,5483381.291288915,13114055960476318,MLB,NPB,gbm
NPB,大関　友久,2023,55000000,1821559.7175600913,2827946510873027.5,MLB,NPB,gbm
NPB,加藤　貴之,2023,300000000,6278158.253833299,86272520318760192,MLB,NPB,gbm
NPB,山﨑　福也,2023,60000000,6813567.907258738,2828796558755778,MLB,NPB,gbm
NPB,上原　健太,2023,40000000,5543442.377201618,1187254363213225.2,MLB,NPB,gbm
NPB,北山　亘基,2023,33000000,995222.4293751554,1024305787345171,MLB,NPB,gbm
NPB,鈴木　健矢,2023,30000000,1612266.2426035574,805863427880825.5,MLB,NPB,gbm
NPB,根本　悠楓,2023,16000000,1726115.6216905992,203743775245345.16,MLB,NPB,gbm
NPB,金村　尚真,2023,12000000,1772017.8129508118,104611619618595.48,MLB,NPB,gbm
NPB,田中　瑛斗,2023,7500000,-474740.63242859096,63596488154507.56,MLB,NPB,gbm
NPB,宮城　大弥,2023,160000000,2399740.666632494,24837841741944688,MLB,NPB,gbm
NPB,田嶋　大樹,2023,95000000,3721834.0017415583,8331703588005624,MLB,NPB,gbm
NPB,山下　舜平大,2023,40000000,2035827.7953887894,1441278371181374.5,MLB,NPB,gbm
NPB,東　晃平,2023,24000000,929402.1207891082,532252486504250.2,MLB,NPB,gbm
NPB,曽谷　龍平,2023,16000000,-299777.4824401768,265682745977063.84,MLB,NPB,gbm
NPB,齋藤　響介,2023,6000000,862490.1791454772,26394007159376.664,MLB,NPB,gbm
NPB,則本　昂大,2023,300000000,6193258.408295253,86322401404734750,MLB,NPB,gbm
NPB,田中　将大,2023,260000000,5141686.782749107,64952759815942360,MLB,NPB,gbm
NPB,岸　孝之,2023,210000000,7397298.699677711,41047854574187616,MLB,NPB,gbm
NPB,辛島　航,2023,80000000,4565588.0256735245,5690350509912410,MLB,NPB,gbm
NPB,早川　隆久,2023,33000000,891433.3494033059,1030960052355810.1,MLB,NPB,gbm
NPB,荘司　康誠,2023,30000000,605351.3722555967,864045367948555.9,MLB,NPB,gbm
NPB,瀧中　瞭太,2023,23000000,5066106.919747847,321624521013916,MLB,NPB,gbm
NPB,藤平　尚真,2023,14500000,332208.34436533024,200726320397471.38,MLB,NPB,gbm
NPB,藤井　聖,2023,13000000,2956638.6185311475,100869107838779.95,MLB,NPB,gbm
NPB,松井　友飛,2023,8000000,-313128.7198750737,69108109113211.79,MLB,NPB,gbm
NPB,髙橋　光成,2023,265000000,3037059.3021112625,68624582299085570,MLB,NPB,gbm
NPB,平良　海馬,2023,250000000,2882313.7036338053,61067150880469250,MLB,NPB,gbm
NPB,今井　達也,2023,80000000,3126207.169600534,5909580024131177,MLB,NPB,gbm
NPB,松本　航,2023,58000000,3010281.7048580297,3023869118179072,MLB,NPB,gbm
NPB,隅田　知一郎,2023,40000000,1465310.2621428007,1484922313192917,MLB,NPB,gbm
NPB,與座　海人,2023,30000000,5132476.2024705615,618393739820692.9,MLB,NPB,gbm
NPB,渡邉　勇太朗,2023,8200000,862490.1791454772,53839050371136.56,MLB,NPB,gbm
NPB,美馬　学,2023,140000000,5656772.087268577,18048102886012096,MLB,NPB,gbm
NPB,小島　和哉,2023,105000000,4014397.098604401,10198091993358360,MLB,NPB,gbm
NPB,西野　勇士,2023,85000000,6094730.447277858,6226041563187740,MLB,NPB,gbm
NPB,佐々木　朗希,2023,80000000,8650135.143722285,5090803215009094,MLB,NPB,gbm
NPB,種市　篤暉,2023,52000000,3056278.157819993,2395487907764688,MLB,NPB,gbm
NPB,菊地　吏玖,2023,16000000,2594.8250251794416,255916972332311.12,MLB,NPB,gbm
NPB,本前　郁也,2023,12000000,2618589.549992717,88010862031505.84,MLB,NPB,gbm
NPB,森　遼大朗,2023,7000000,203813.66443608011,46188148707705.734,MLB,NPB,gbm
NPB,西　勇輝,2024,300000000,5843082.014164631,86528292398925470,MLB,NPB,gbm
NPB,伊藤　将司,2024,140000000,4667014.220773701,18315017039920268,MLB,NPB,gbm
NPB,才木　浩人,2024,120000000,5707392.507097791,13062800127526606,MLB,NPB,gbm
NPB,大竹　耕太郎,2024,90000000,7330648.23519839,6834221721212506,MLB,NPB,gbm
NPB,村上　頌樹,2024,80000000,3054471.6145709096,5920614338512873,MLB,NPB,gbm
NPB,及川　雅貴,2024,30000000,69162.33772210102,895855043165633.1,MLB,NPB,gbm
NPB,髙橋　遥人,2024,25000000,7018594.338943071,323330949547490.1,MLB,NPB,gbm
NPB,東　克樹,2024,210000000,9570603.486688469,40171942986690256,MLB,NPB,gbm
NPB,石田　健大,2024,100000000,5560676.698689935,8918785785609366,MLB,NPB,gbm
NPB,大貫　晋一,2024,72000000,5599562.850247274,4409018053678262.5,MLB,NPB,gbm
NPB,平良　拳太郎,2024,26000000,5819303.364855072,407260516679749.75,MLB,NPB,gbm
NPB,吉野　光樹,2024,14000000,1815934.5647579741,148451450530259.44,MLB,NPB,gbm
NPB,石田　裕太郎,2024,13000000,155195.92529846422,164988991717469.2,MLB,NPB,gbm
NPB,小園　健太,2024,6900000,1079650.3038159017,33876470585870.332,MLB,NPB,gbm
NPB,松本　隆之介,2024,5600000,-160987.4412833612,33188976298624.61,MLB,NPB,gbm
NPB,戸郷　翔征,2024,300000000,5119674.915082936,86954406122186370,MLB,NPB,gbm
NPB,田中　将大,2024,160000000,4436170.3620207915,24200105091634220,MLB,NPB,gbm
NPB,山﨑　伊織,2024,90000000,2761198.314457807,7610608519529360,MLB,NPB,gbm
NPB,高橋　礼,2024,37000000,4673134.193517777,1045026252870309.5,MLB,NPB,gbm
NPB,井上　温大,2024,34000000,1873262.143079306,1032127285327301.2,MLB,NPB,gbm
NPB,又木　鉄平,2024,10000000,42996.119276978265,99141926280733.31,MLB,NPB,gbm
NPB,髙橋　宏斗,2024,120000000,3219268.899333523,13637739156406170,MLB,NPB,gbm
NPB,大野　雄大,2024,120000000,4825356.654756633,13265198469704012,MLB,NPB,gbm
NPB,柳　裕也,2024,110000000.00000001,4565588.0256735245,11116415228372002,MLB,NPB,gbm
NPB,涌井　秀章,2024,90000000,6523293.837458189,6968360471747345,MLB,NPB,gbm
NPB,松葉　貴大,2024,50000000,5840313.115238489,1950077945760178,MLB,NPB,gbm
NPB,梅津　晃大,2024,14000000,5014952.180691704,80731084315256.77,MLB,NPB,gbm
NPB,仲地　礼亜,2024,11500000,7655356.594706575,14781282913866.22,MLB,NPB,gbm
NPB,松木平　優太,2024,10500000,-185528.40734023912,114180517344075.23,MLB,NPB,gbm
NPB,大瀬良　大地,2024,200000000,5773871.260089698,37723789085292210,MLB,NPB,gbm
NPB,森下　暢仁,2024,165000000,4728718.294414074,25686883739551284,MLB,NPB,gbm
NPB,床田　寛樹,2024,150000000,7645236.65707443,20264878646420348,MLB,NPB,gbm
NPB,アドゥワ　誠,2024,34000000,1595918.7653334448,1050024480662869.2,MLB,NPB,gbm
NPB,玉村　昇悟,2024,26000000,518282.30765229766,649317936552505.9,MLB,NPB,gbm
NPB,森　翔平,2024,20000000,2059581.1373936774,321858628965760.8,MLB,NPB,gbm
NPB,常廣　羽也斗,2024,16000000,2594.8250251794416,255916972332311.12,MLB,NPB,gbm
NPB,小川　泰弘,2024,110000000.00000001,4872660.216421986,11051757569971866,MLB,NPB,gbm
NPB,高橋　奎二,2024,58000000,4128324.4794425187,2902157423392232,MLB,NPB,gbm
NPB,吉村　貢司郎,2024,50000000,2500780.429770863,2256175859780838.5,MLB,NPB,gbm
NPB,青柳　晃洋,2024,50000000,4606566.680820855,2060563788502763.5,MLB,NPB,gbm
NPB,石川　雅規,2024,40000000,6286708.644995634,1136586013987412,MLB,NPB,gbm
NPB,高梨　裕稔,2024,30000000,6063575.540503105,572952415905201.1,MLB,NPB,gbm
NPB,奥川　恭伸,2024,21000000,312829.0764747713,427959040819147.7,MLB,NPB,gbm
NPB,松本　健吾,2024,16000000,962144.9020923863,226137085945666,MLB,NPB,gbm
NPB,山野　太一,2024,14000000,479485.97367817274,182804299535965.25,MLB,NPB,gbm
NPB,阪口　皓亮,2024,10000000,42996.119276978265,99141926280733.31,MLB,NPB,gbm
NPB,有原　航平,2024,400000000,9744845.514770988,152299085602289950,MLB,NPB,gbm
NPB,東浜　巨,2024,150000000,5379860.110893077,20914984861544856,MLB,NPB,gbm
NPB,大関　友久,2024,90000000,4669744.380129326,7281252524152471,MLB,NPB,gbm
NPB,大津　亮介,2024,55000000,2111024.5847623535,2797243720473612.5,MLB,NPB,gbm
NPB,濵口　遥大,2024,46000000,5468746.082916909,1642782544091063.5,MLB,NPB,gbm
NPB,前田　悠伍,2024,10000000,-474740.63242859096,109720191316650.5,MLB,NPB,gbm
NPB,松本　晴,2024,9000000,1985058.6193868695,49209402573438.45,MLB,NPB,gbm
NPB,前田　純,2024,7500000,1781638.9619608843,32699652961363.797,MLB,NPB,gbm
NPB,加藤　貴之,2024,300000000,7820699.980313215,85368743359994130,MLB,NPB,gbm
NPB,山﨑　福也,2024,250000000,6745578.4483400695,59172713604432680,MLB,NPB,gbm
NPB,伊藤　大海,2024,220000000.00000003,8394947.443962585,44776698267243376,MLB,NPB,gbm
NPB,北山　亘基,2024,46000000,2572947.33007224,1885908903596679.8,MLB,NPB,gbm
NPB,金村　尚真,2024,36000000,1193231.125372673,1211511159491725.8,MLB,NPB,gbm
NPB,上原　健太,2024,36000000,4436170.3620207915,996275341415374.75,MLB,NPB,gbm
NPB,福谷　浩司,2024,20000000,5066106.919747847,223021162532403.1,MLB,NPB,gbm
NPB,福島　蓮,2024,16000000,244291.21002282642,248242359474564,MLB,NPB,gbm
NPB,根本　悠楓,2024,15000000,388884.8101165316,213484687092043.44,MLB,NPB,gbm
NPB,細野　晴希,2024,13000000,569701.3979133903,154512323337036.3,MLB,NPB,gbm
NPB,達　孝太,2024,10500000,1492426.7368725329,81136376090608.8,MLB,NPB,gbm
NPB,宮城　大弥,2024,200000000,2348116.5700263944,39066267023415870,MLB,NPB,gbm
NPB,九里　亜蓮,2024,140000000,6122711.101487362,17923128482815814,MLB,NPB,gbm
NPB,田嶋　大樹,2024,100000000,4649161.397991459,9091782422106282,MLB,NPB,gbm
NPB,曽谷　龍平,2024,38000000,1973806.5900121676,1297886611613850.5,MLB,NPB,gbm
NPB,山下　舜平大,2024,36000000,4021517.83942453,1022623321294243.8,MLB,NPB,gbm
NPB,東　晃平,2024,24000000,1426129.1221112597,509579646411593.3,MLB,NPB,gbm
NPB,齋藤　響介,2024,12000000,-198879.644775136,148812664587709.12,MLB,NPB,gbm
NPB,佐藤　一磨,2024,9000000,-474740.63242859096,89770710051793.33,MLB,NPB,gbm
NPB,岸　孝之,2024,220000000.00000003,7060513.772202255,45343224794958480,MLB,NPB,gbm
NPB,早川　隆久,2024,70000000,5785533.96990872,4123497647529746.5,MLB,NPB,gbm
NPB,藤井　聖,2024,37000000,6528724.283384527,928498643797999.75,MLB,NPB,gbm
NPB,内　星龍,2024,31000000,666969.7938357751,920092721488071.4,MLB,NPB,gbm
NPB,瀧中　瞭太,2024,28000000,4986909.291521924,529602343956640.06,MLB,NPB,gbm
NPB,荘司　康誠,2024,27000000,74396.00078334764,724988150722631.9,MLB,NPB,gbm
NPB,古謝　樹,2024,23000000,-82825.49453512204,532816832811160.6,MLB,NPB,gbm
NPB,髙橋　光成,2024,210000000,2447108.912176592,43078202598913890,MLB,NPB,gbm
NPB,今井　達也,2024,180000000,5134193.6240850175,30578050239498992,MLB,NPB,gbm
NPB,隅田　知一郎,2024,90000000,4513754.6319720885,7307898147122673,MLB,NPB,gbm
NPB,武内　夏暉,2024,45000000,2325686.5410972508,1821097029188688,MLB,NPB,gbm
NPB,與座　海人,2024,25000000,4502737.8747177115,420137754632531.75,MLB,NPB,gbm
NPB,渡邉　勇太朗,2024,20000000,312829.0764747713,387584698972097.25,MLB,NPB,gbm
NPB,青山　美夏人,2024,15500000,2594.8250251794416,240169567157336.3,MLB,NPB,gbm
NPB,杉山　遙希,2024,7000000,632531.3827522353,40544656591635.164,MLB,NPB,gbm
NPB,菅井　信也,2024,6700000,388884.8101165316,39830174939977.85,MLB,NPB,gbm
NPB,石川　柊太,2024,200000000,6389949.752406231,37484851556875784,MLB,NPB,gbm
NPB,小島　和哉,2024,160000000,7286844.355097615,23321307907024180,MLB,NPB,gbm
NPB,西野　勇士,2024,150000000,6176696.974429924,20685142493184952,MLB,NPB,gbm
NPB,石川　歩,2024,90000000,5066106.919747847,7213766193767705,MLB,NPB,gbm
NPB,種市　篤暉,2024,85000000,4130977.4790293206,6539798803497262,MLB,NPB,gbm
NPB,唐川　侑己,2024,58000000,6108515.589943425,2692726154279144.5,MLB,NPB,gbm
NPB,美馬　学,2024,40000000,5656772.087268577,1179457303465814.8,MLB,NPB,gbm
NPB,中森　俊介,2024,16000000,132012.48867791184,251793027659473.78,MLB,NPB,gbm
NPB,田中　晴也,2024,11000000,1117962.6835197317,97654661524308.53,MLB,NPB,gbm
NPB,西　勇輝,2025,300000000,4436170.3620207915,87357977390268400,MLB,NPB,gbm
NPB,才木　浩人,2025,250000000,3658341.2457372807,60684212837801624,MLB,NPB,gbm
NPB,村上　頌樹,2025,229999999.99999997,6224141.851635196,50075634690037080,MLB,NPB,gbm
NPB,伊藤　将司,2025,140000000,5245968.637798405,18158648968365212,MLB,NPB,gbm
NPB,大竹　耕太郎,2025,130000000,6275547.035074717,15307740261470010,MLB,NPB,gbm
NPB,伊原　陵人,2025,36000000,735955.417463247,1243552840319139.5,MLB,NPB,gbm
NPB,髙橋　遥人,2025,30000000,7278649.9012429705,516259750310286.06,MLB,NPB,gbm
NPB,門別　啓人,2025,12000000,-588989.7075285285,158482661856259.22,MLB,NPB,gbm
NPB,早川　太貴,2025,7200000,1311880.047011322,34669956580783.387,MLB,NPB,gbm
NPB,東　克樹,2025,300000000,7811073.21821356,85374368933892160,MLB,NPB,gbm
NPB,藤浪　晋太郎,2025,80000000,5166123.58302959,5600109059590401,MLB,NPB,gbm
NPB,大貫　晋一,2025,63000000,5543442.377201618,3301256013861951,MLB,NPB,gbm
NPB,平良　拳太郎,2025,30000000,5832654.60228997,584060583572216.1,MLB,NPB,gbm
NPB,石田　裕太郎,2025,30000000,1628029.6497524676,804968701555325.1,MLB,NPB,gbm
NPB,竹田　祐,2025,20000000,1769413.2235868874,332354294212328.6,MLB,NPB,gbm
NPB,吉野　光樹,2025,11000000,2028975.3711940337,80479282890643.23,MLB,NPB,gbm
NPB,小園　健太,2025,6600000,385154.7216917066,38624301833310.89,MLB,NPB,gbm
NPB,戸郷　翔征,2025,240000000,676250.7165052866,57275856971109030,MLB,NPB,gbm
NPB,山﨑　伊織,2025,180000000,4151845.992109475,30922573267982784,MLB,NPB,gbm
NPB,田中　将大,2025,100000000,4356972.733794868,9147588664644058,MLB,NPB,gbm
NPB,赤星　優志,2025,48000000,1449907.7714208197,2166911086489227.5,MLB,NPB,gbm
NPB,井上　温大,2025,38000000,1100787.8949956535,1361551853970099.5,MLB,NPB,gbm
NPB,森田　駿哉,2025,15000000,4271633.22596595,115097853638197.75,MLB,NPB,gbm
NPB,柳　裕也,2025,200000000,5202718.044562913,37945981057226056,MLB,NPB,gbm
NPB,髙橋　宏斗,2025,200000000,2373315.7174496897,39056306340514816,MLB,NPB,gbm
NPB,大野　雄大,2025,170000000,7089428.894912193,26539854177785872,MLB,NPB,gbm
NPB,松葉　貴大,2025,100000000,6357355.882059222,8768944797399310,MLB,NPB,gbm
NPB,涌井　秀章,2025,70000000,5786189.75092131,4123413426704683.5,MLB,NPB,gbm
NPB,金丸　夢斗,2025,25000000,1102560.195637446,571087629203131.75,MLB,NPB,gbm
NPB,草加　勝,2025,11000000,5817606.889058185,26857198356337.184,MLB,NPB,gbm
NPB,三浦　瑞樹,2025,9000000,42996.119276978265,80227918519287.28,MLB,NPB,gbm
NPB,松木平　優太,2025,9000000,2569092.985853711,41356565024595.94,MLB,NPB,gbm
NPB,仲地　礼亜,2025,9000000,-160987.4412833612,83923690899351.48,MLB,NPB,gbm
NPB,森下　暢仁,2025,200000000,4060866.640810495,38392143981550250,MLB,NPB,gbm
NPB,大瀬良　大地,2025,200000000,5376242.345668412,37878407043491990,MLB,NPB,gbm
NPB,床田　寛樹,2025,185000000,7689701.206116798,31438942058376140,MLB,NPB,gbm
NPB,森　翔平,2025,38000000,3837479.754471728,1167077789526129.2,MLB,NPB,gbm
NPB,玉村　昇悟,2025,33000000,271250.0755384783,1071171071617940,MLB,NPB,gbm
NPB,アドゥワ　誠,2025,29000000,1341495.4149486928,764992875881304.1,MLB,NPB,gbm
NPB,髙　太一,2025,18000000,407873.4763313671,309482915624765.4,MLB,NPB,gbm
NPB,常廣　羽也斗,2025,14000000,330159.0752868786,186864550906961.7,MLB,NPB,gbm
NPB,佐藤　柳之介,2025,12000000,19829.14651349802,143524493678727.5,MLB,NPB,gbm
NPB,斉藤　優汰,2025,7000000,1715669.737121739,27924146327171.035,MLB,NPB,gbm
NPB,小川　泰弘,2025,89000000,5236503.238547913,7016323389705795,MLB,NPB,gbm
NPB,吉村　貢司郎,2025,75000000,4058217.8609329932,5032736453066847,MLB,NPB,gbm
NPB,青柳　晃洋,2025,50000000,4436170.3620207915,2076062571278792.5,MLB,NPB,gbm
NPB,高橋　奎二,2025,46000000,3934513.1361762076,1769505185090532.2,MLB,NPB,gbm
NPB,高梨　裕稔,2025,43000000,5302692.112210403,1421087021986804,MLB,NPB,gbm
NPB,奥川　恭伸,2025,32000000,-553938.2606545148,1059758896278506,MLB,NPB,gbm
NPB,石川　雅規,2025,32000000,5656772.087268577,693965656862112,MLB,NPB,gbm
NPB,山野　太一,2025,23000000,1837960.4808511995,447831916610015.6,MLB,NPB,gbm
NPB,中村　優斗,2025,17000000,-474740.63242859096,305366560170650.75,MLB,NPB,gbm
NPB,上沢　直之,2025,250000000,7721919.007845467,58698668529240990,MLB,NPB,gbm
NPB,大関　友久,2025,170000000,5787638.504573225,26965699667904720,MLB,NPB,gbm
NPB,東浜　巨,2025,110000000.00000001,5543442.377201618,10911172430405002,MLB,NPB,gbm
NPB,大津　亮介,2025,68000000,2175635.28763369,4332846989786615.5,MLB,NPB,gbm
NPB,松本　晴,2025,36000000,1631805.0786475672,1181172822152075,MLB,NPB,gbm
NPB,前田　純,2025,18000000,183411.41282203884,317430828884760,MLB,NPB,gbm
NPB,前田　悠伍,2025,11000000,1231862.1742796437,95416516582268.81,MLB,NPB,gbm
NPB,有原　航平,2025,500000000,9222127.506927252,2.4086292012882678e+17,MLB,NPB,gbm
NPB,伊藤　大海,2025,340000000,9504284.066731272,109227418250243860,MLB,NPB,gbm
NPB,加藤　貴之,2025,300000000,5933917.07989546,86474861123973808,MLB,NPB,gbm
NPB,山﨑　福也,2025,250000000,5939125.614764362,59565710405685770,MLB,NPB,gbm
NPB,北山　亘基,2025,95000000,3668067.010889033,8341521983527455,MLB,NPB,gbm
NPB,古林　睿煬,2025,75000000,901739.5990053858,5490552194453606,MLB,NPB,gbm
NPB,達　孝太,2025,42000000,2008817.0736938692,1599294711845278.8,MLB,NPB,gbm
NPB,福島　蓮,2025,29000000,768933.6385641372,796993107903795.6,MLB,NPB,gbm
NPB,細野　晴希,2025,17000000,1726115.6216905992,233291544001963.94,MLB,NPB,gbm
NPB,柴田　獅子,2025,9900000,813347.9705490943,82567245104324.28,MLB,NPB,gbm
NPB,宮城　大弥,2025,220000000.00000003,3181652.4116511918,47010195850942056,MLB,NPB,gbm
NPB,九里　亜蓮,2025,160000000,7350969.19262155,23301726606431972,MLB,NPB,gbm
NPB,田嶋　大樹,2025,110000000.00000001,5654281.990890151,10888028866836676,MLB,NPB,gbm
NPB,曽谷　龍平,2025,55000000,1337587.15573871,2879654552267939,MLB,NPB,gbm
NPB,山下　舜平大,2025,30000000,6445395.9737967085,554819370831232.25,MLB,NPB,gbm
NPB,東　晃平,2025,19000000,796192.5643842045,331378605152980.94,MLB,NPB,gbm
NPB,寺西　成騎,2025,14000000,-474740.63242859096,209518116376079.22,MLB,NPB,gbm
NPB,佐藤　一磨,2025,8000000,388884.8101165316,57929074433674.87,MLB,NPB,gbm
NPB,山口　廉王,2025,5500000,862490.1791454772,21506497338522.145,MLB,NPB,gbm
NPB,岸　孝之,2025,180000000,6402762.795235648,30136000765127224,MLB,NPB,gbm
NPB,辛島　航,2025,80000000,5066106.919747847,5615088332162662,MLB,NPB,gbm
NPB,早川　隆久,2025,60000000,1945352.228410708,3370342127883298,MLB,NPB,gbm
NPB,藤井　聖,2025,47000000,4826682.872992431,1778588677495149.8,MLB,NPB,gbm
NPB,内　星龍,2025,44000000,17763.413577974057,1934437135144000.2,MLB,NPB,gbm
NPB,瀧中　瞭太,2025,40000000,5379860.110893077,1198554085941332.2,MLB,NPB,gbm
NPB,荘司　康誠,2025,40000000,1047036.8553671603,1517333337747124.2,MLB,NPB,gbm
NPB,古謝　樹,2025,39500000,550879.1628612091,1517034013986039.5,MLB,NPB,gbm
NPB,坂井　陽翔,2025,6400000,1985058.6193868695,19491707394250.176,MLB,NPB,gbm
NPB,大内　誠弥,2025,5500000,862490.1791454772,21506497338522.145,MLB,NPB,gbm
NPB,髙橋　光成,2025,250000000,5727598.196624185,59669006282789880,MLB,NPB,gbm
NPB,隅田　知一郎,2025,160000000,3317648.607712315,24549359237816312,MLB,NPB,gbm
NPB,渡邉　勇太朗,2025,43000000,708111.2457534958,1788603854401561.8,MLB,NPB,gbm
NPB,與座　海人,2025,40000000,5935357.515095086,1160399867624389,MLB,NPB,gbm
NPB,松本　航,2025,40000000,4525750.41379207,1258422383704573.2,MLB,NPB,gbm
NPB,武内　夏暉,2025,38500000,-345322.96877585887,1508959116548505.5,MLB,NPB,gbm
NPB,菅井　信也,2025,14000000,510306.97239900084,181971817978907.03,MLB,NPB,gbm
NPB,上田　大河,2025,12500000,-345322.96877585887,165002322172160.66,MLB,NPB,gbm
NPB,篠原　響,2025,7000000,1209067.9674686342,33534893805397.855,MLB,NPB,gbm
NPB,杉山　遙希,2025,7000000,155195.92529846422,46851342821050.74,MLB,NPB,gbm
NPB,石川　柊太,2025,160000000,4436170.3620207915,24200105091634220,MLB,NPB,gbm
NPB,西野　勇士,2025,150000000,5543442.377201618,20867697040228868,MLB,NPB,gbm
NPB,小島　和哉,2025,145000000,5120845.075517683,19566177982387324,MLB,NPB,gbm
NPB,種市　篤暉,2025,130000000,3881107.817325091,15905974965385180,MLB,NPB,gbm
NPB,唐川　侑己,2025,44000000,4951857.8446479095,1524757405784585.2,MLB,NPB,gbm
NPB,田中　晴也,2025,23000000,1355122.0616598143,468500740965645.75,MLB,NPB,gbm
NPB,河村　説人,2025,12000000,3070887.693631085,79729046579748.81,MLB,NPB,gbm
NPB,吉川　悠斗,2025,5000000,385154.7216917066,21296796942724.35,MLB,NPB,gbm
MLB,Joe Saunders,2010,5500000,7094279.503791533,2541727136209.778,MLB,MLB,gbm
MLB,Zach Duke,2010,4300000,1996568.8766212112,5305794940150.07,MLB,MLB,gbm
MLB,Ian Kennedy,2010,423000,5019344.711785352,21126384709557.168,MLB,MLB,gbm
MLB,Daniel Hudson,2010,419000,1508298.1796195465,1186570524122.4578,MLB,MLB,gbm
MLB,Barry Enright,2010,418000,-229268.81853584477,418956923448.7884,MLB,MLB,gbm
MLB,Trevor Cahill,2010,6100000,7946019.595008054,3407788345153.699,MLB,MLB,gbm
MLB,Dallas Braden,2010,3350000,5620337.2860446265,5154431392404.48,MLB,MLB,gbm
MLB,Rich Harden,2010,1500000,2722957.623852226,1495625349738.2825,MLB,MLB,gbm
MLB,Trevor Cahill,2010,440000,7946019.595008054,56340330160644.87,MLB,MLB,gbm
MLB,Gio González,2010,420000,6228977.601360208,33744220773104.6,MLB,MLB,gbm
MLB,Bobby Cramer,2010,414000,5819303.364855072,29217304466113.57,MLB,MLB,gbm
MLB,Jair Jurrjens,2010,3250000,-76288.49593970408,11064195158220.818,MLB,MLB,gbm
MLB,Tommy Hanson,2010,456500,4579833.915089034,17001882575323.457,MLB,MLB,gbm
MLB,Brandon Beachy,2010,416500,1000063.445780435,340546295251.1347,MLB,MLB,gbm
MLB,Rodrigo López,2010,414000,7223518.295152246,46369539412013.15,MLB,MLB,gbm
MLB,Mike Minor,2010,414000,876862.8341884913,214242003273.00284,MLB,MLB,gbm
MLB,Jeremy Guthrie,2010,5750000,12012063.861699797,39213443808006.58,MLB,MLB,gbm
MLB,Justin Duchscherer,2010,700000,4913505.81947456,17753631290745.984,MLB,MLB,gbm
MLB,Brad Bergesen,2010,434000,1659809.2425057078,1502608299012.417,MLB,MLB,gbm
MLB,Jake Arrieta,2010,419000,-437884.1104145008,734250378680.8505,MLB,MLB,gbm
MLB,Chris Tillman,2010,417000,-474740.63242859096,795201355524.1433,MLB,MLB,gbm
MLB,Josh Beckett,2010,17000000,5418618.853732071,134128389255130.23,MLB,MLB,gbm
MLB,Andrew Miller,2010,1300000,-293763.66010896367,2540082604283.9204,MLB,MLB,gbm
MLB,Clay Buchholz,2010,555000,4091494.871179677,12506795973880.16,MLB,MLB,gbm
MLB,Matt Garza,2010,5950000,6001438.312275916,2645899969.7946854,MLB,MLB,gbm
MLB,Tom Gorzelanny,2010,2100000,1884097.809174513,46613756003.24501,MLB,MLB,gbm
MLB,Doug Davis,2010,900000,4985306.99523273,16689733245297.479,MLB,MLB,gbm
MLB,Randy Wells,2010,475000,4312930.126496123,14729707655866.547,MLB,MLB,gbm
MLB,Chris Carpenter,2010,414000,14253200.747953301,191523477342151.22,MLB,MLB,gbm
MLB,Casey Coleman,2010,414000,-553938.2606545148,936904476438.8873,MLB,MLB,gbm
MLB,John Danks,2010,6000000,8494953.712263105,6224794026335.451,MLB,MLB,gbm
MLB,Bronson Arroyo,2010,11666667,13535282.370365217,3491723402365.138,MLB,MLB,gbm
MLB,Johnny Cueto,2010,6750000,3702377.3610426225,9288003749485.53,MLB,MLB,gbm
MLB,Edinson Vólquez,2010,1625000,1119662.368258158,255366122054.45355,MLB,MLB,gbm
MLB,Homer Bailey,2010,441000,309687.18189060787,17243056199.830303,MLB,MLB,gbm
MLB,Mike Leake,2010,425000,177765.32893456568,61124982576.8335,MLB,MLB,gbm
MLB,Travis Wood,2010,422500,1150076.4794255146,529367533413.22626,MLB,MLB,gbm
MLB,Dontrelle Willis,2010,414000,2532849.348076969,4489522559846.196,MLB,MLB,gbm
MLB,Justin Masterson,2010,468400,1955244.6738074697,2210707084029.6406,MLB,MLB,gbm
MLB,Mitch Talbot,2010,431700,1165934.5621895073,539100392313.61743,MLB,MLB,gbm
MLB,Josh Tomlin,2010,417200,192052.44731255455,50691420481.14603,MLB,MLB,gbm
MLB,Carlos Carrasco,2010,415800,29100.70686963013,149536343307.5277,MLB,MLB,gbm
MLB,Jeanmar Gómez,2010,414000,-553938.2606545148,936904476438.8873,MLB,MLB,gbm
MLB,David Huff,2010,414000,-474740.63242859096,789859911729.5718,MLB,MLB,gbm
MLB,Jorge De La Rosa,2010,10750000,5749825.737490946,25001742655457.957,MLB,MLB,gbm
MLB,Jason Hammel,2010,3875000,4733688.102567367,737345257490.7455,MLB,MLB,gbm
MLB,Felipe Paulino,2010,790000,689071.7529964375,10186511043.212126,MLB,MLB,gbm
MLB,Jhoulys Chacín,2010,419000,1893378.9479230347,2173793282078.6345,MLB,MLB,gbm
MLB,Brad Penny,2010,3000000,5543442.377201618,6469099126145.016,MLB,MLB,gbm
MLB,Armando Galarraga,2010,2300000,3352785.252308593,1108356787478.468,MLB,MLB,gbm
MLB,Max Scherzer,2010,600000,5813332.3797444645,27178834501692.082,MLB,MLB,gbm
MLB,Andy Oliver,2010,414000,-264726.03556616284,460669031355.36005,MLB,MLB,gbm
MLB,Wandy Rodríguez,2010,11333333,10320412.340435533,1026008262572.5151,MLB,MLB,gbm
MLB,Brett Myers,2010,11500000,12876668.633886311,1895216527526.4023,MLB,MLB,gbm
MLB,J.A. Happ,2010,474000,1657977.4512515503,1401802605072.1172,MLB,MLB,gbm
MLB,Bud Norris,2010,437500,1707404.425250876,1612657249271.7578,MLB,MLB,gbm
MLB,Kyle Davies,2010,3200000,2540727.2171771782,434640602170.9475,MLB,MLB,gbm
MLB,Jeff Francis,2010,2000000,4702065.667647715,7301158872280.49,MLB,MLB,gbm
MLB,Bruce Chen,2010,2000000,5907524.553903303,15268748139357.207,MLB,MLB,gbm
MLB,Luke Hochevar,2010,1760000,159050.2695169923,2563040039533.6147,MLB,MLB,gbm
MLB,Sean O'Sullivan,2010,420500,-453029.23620134307,763053326498.502,MLB,MLB,gbm
MLB,Vin Mazzaro,2010,414000,-472935.55728851474,786654682782.6881,MLB,MLB,gbm
MLB,Jered Weaver,2010,7365000,11609894.776887463,18019131666846.47,MLB,MLB,gbm
MLB,Ted Lilly,2010,11000000,10157102.192151338,710476714476.0802,MLB,MLB,gbm
MLB,Hiroki Kuroda,2010,12000000,11003438.02490069,993135770213.8384,MLB,MLB,gbm
MLB,Jon Garland,2010,5000000,10118028.468702441,26194215406448.652,MLB,MLB,gbm
MLB,Chad Billingsley,2010,3275000,4599257.6394965695,1753658295765.0264,MLB,MLB,gbm
MLB,Clayton Kershaw,2010,500000,6511121.772566869,36133584964627.45,MLB,MLB,gbm
MLB,Ricky Nolasco,2010,8833333,4532685.375700114,18495569988396.25,MLB,MLB,gbm
MLB,Javier Vázquez,2010,7000000,4981935.038606691,4072586188403.377,MLB,MLB,gbm
MLB,Aníbal Sánchez,2010,3700000,5544037.638161772,3400474810957.246,MLB,MLB,gbm
MLB,Shawn Hill,2010,600000,5258598.753327407,21702542344503.67,MLB,MLB,gbm
MLB,Chris Volstad,2010,445000,2477623.567619739,4131558567643.1963,MLB,MLB,gbm
MLB,Alex Sanabia,2010,414000,192052.44731255455,49260716143.94637,MLB,MLB,gbm
MLB,Shaun Marcum,2010,3950000,8708143.161177931,22639926342264.316,MLB,MLB,gbm
MLB,Chris Narveson,2010,444150,4928269.2540232,20107325484301.58,MLB,MLB,gbm
MLB,Mark Rogers,2010,414000,2432049.7039427646,4072524607583.4795,MLB,MLB,gbm
MLB,Carl Pavano,2010,8250000,13372874.27646719,26243840852489.227,MLB,MLB,gbm
MLB,Francisco Liriano,2010,4300000,5927642.826425836,2649221170415.4854,MLB,MLB,gbm
MLB,Kevin Slowey,2010,2700000,2759746.9302191176,3569695670.6081023,MLB,MLB,gbm
MLB,R.A. Dickey,2010,3900000,8360233.928641887,19893686698208.246,MLB,MLB,gbm
MLB,Mike Pelfrey,2010,3925000,5450058.980765995,2325804894815.014,MLB,MLB,gbm
MLB,Chris Young,2010,1100000,5773401.173594858,21840678529357.793,MLB,MLB,gbm
MLB,Dillon Gee,2010,400000,199258.18445271117,40297276509.22173,MLB,MLB,gbm
MLB,Phil Hughes,2010,2700000,6259159.612238316,12667617145388.398,MLB,MLB,gbm
MLB,Kevin Millwood,2010,1500000,5519305.226539148,16154814504084.912,MLB,MLB,gbm
MLB,Freddy García,2010,1500000,6389006.040437995,23902380063439.207,MLB,MLB,gbm
MLB,Iván Nova,2010,432900,-668187.3357544523,1212393320958.838,MLB,MLB,gbm
MLB,Cliff Lee,2010,24000000,14778515.874617357,85035769474684.1,MLB,MLB,gbm
MLB,Roy Halladay,2010,20000000,16809511.28293534,10179218253716.9,MLB,MLB,gbm
MLB,Kyle Kendrick,2010,2450000,2918349.5322085544,219351284319.97177,MLB,MLB,gbm
MLB,Kevin Correia,2010,4000000,4811340.489832418,658273390441.508,MLB,MLB,gbm
MLB,Ross Ohlendorf,2010,2025000,955078.021138994,1144733040849.8508,MLB,MLB,gbm
MLB,Jeff Karstens,2010,1100000,1388798.9766140454,83404848893.31996,MLB,MLB,gbm
MLB,Scott Olsen,2010,450000,-36201.508948945484,236391907304.23154,MLB,MLB,gbm
MLB,James McDonald,2010,443000,309687.18189060787,17772307472.26787,MLB,MLB,gbm
MLB,Charlie Morton,2010,441000,-36201.508948945484,227721280143.1505,MLB,MLB,gbm
MLB,Brad Lincoln,2010,414500,-345322.96877585887,577330943879.3599,MLB,MLB,gbm
MLB,Aaron Harang,2010,4000000,4519941.964312933,270339646253.5917,MLB,MLB,gbm
MLB,Dustin Moseley,2010,900000,2203442.173423922,1698961499460.078,MLB,MLB,gbm
MLB,Clayton Richard,2010,468800,4957966.563306165,20152616433106.082,MLB,MLB,gbm
MLB,Mat Latos,2010,460700,5590652.876085651,26316416510859.445,MLB,MLB,gbm
MLB,Cory Luebke,2010,415600,487676.54145265097,5195027827.775714,MLB,MLB,gbm
MLB,Wade LeBlanc,2010,414000,415580.07671658695,2496642.4303001887,MLB,MLB,gbm
MLB,Jason Vargas,2010,2450000,5616173.379196086,10024653867129.963,MLB,MLB,gbm
MLB,Doug Fister,2010,436500,2820004.7347760005,5681094820699.612,MLB,MLB,gbm
MLB,David Pauley,2010,422000,758862.4188869897,113476289258.39372,MLB,MLB,gbm
MLB,Jonathan Sánchez,2010,4800000,8568555.455493782,14202010221131.945,MLB,MLB,gbm
MLB,Jeff Suppan,2010,1000000,4321921.286920852,11035161036497.89,MLB,MLB,gbm
MLB,Madison Bumgarner,2010,450000,949016.9920890555,249017958393.60846,MLB,MLB,gbm
MLB,Jake Westbrook,2010,8250000,7788379.833193544,213093178402.41998,MLB,MLB,gbm
MLB,Jaime García,2010,437000,2480240.262899551,4174830771933.8267,MLB,MLB,gbm
MLB,Wade Davis,2010,3150000,2423798.9143090257,527368016858.74976,MLB,MLB,gbm
MLB,Jeff Niemann,2010,903000,4031665.256747326,9788546288777.81,MLB,MLB,gbm
MLB,Scott Feldman,2010,5750000,1086514.8622290168,21748093630210.848,MLB,MLB,gbm
MLB,C.J. Wilson,2010,7000000,10701295.654926296,13699589525176.281,MLB,MLB,gbm
MLB,Dave Bush,2010,1000000,5938687.911912422,24390638291269.875,MLB,MLB,gbm
MLB,Tommy Hunter,2010,442160,1905746.438370754,2142085262582.7888,MLB,MLB,gbm
MLB,Derek Holland,2010,431810,274635.73501659377,24703749573.073997,MLB,MLB,gbm
MLB,Omar Beltré,2010,415000,6224335.541578296,33748379434644.79,MLB,MLB,gbm
MLB,Ricky Romero,2010,6020000,7760751.200853928,3030214743274.3926,MLB,MLB,gbm
MLB,Brandon Morrow,2010,2300000,2546332.9673352507,60679930796.18968,MLB,MLB,gbm
MLB,Jesse Litsch,2010,830000,-474740.63242859096,1702348117910.1594,MLB,MLB,gbm
MLB,Brett Cecil,2010,443100,3388518.46149926,8675489913340.667,MLB,MLB,gbm
MLB,Marc Rzepczynski,2010,429600,250532.6295167917,32065123171.77058,MLB,MLB,gbm
MLB,Kyle Drabek,2010,416000,-345322.96877585887,579612662785.6874,MLB,MLB,gbm
MLB,John Lannan,2010,2750000,177765.32893456568,6616391203031.104,MLB,MLB,gbm
MLB,Liván Hernández,2010,1000000,11017673.871341292,100353789792554.03,MLB,MLB,gbm
MLB,Jordan Zimmermann,2010,415000,74396.00078334764,116011084282.37732,MLB,MLB,gbm
MLB,Ross Detwiler,2010,414000,-588989.7075285285,1005988353408.1632,MLB,MLB,gbm
MLB,Craig Stammen,2010,414000,-150450.58404888323,318604461833.1255,MLB,MLB,gbm
MLB,Joe Saunders,2011,6000000,12689560.217830922,44750215907986.1,MLB,MLB,gbm
MLB,Ian Kennedy,2011,519500,13135009.713036796,159151085319725.75,MLB,MLB,gbm
MLB,Daniel Hudson,2011,504000,8854914.101388967,69737766328777.09,MLB,MLB,gbm
MLB,Josh Collmenter,2011,486000,1658455.0720531445,1374650895983.144,MLB,MLB,gbm
MLB,Wade Miley,2011,481000,-474740.63242859096,913440156475.0029,MLB,MLB,gbm
MLB,Brandon McCarthy,2011,4275000,3940638.7404293832,111797451901.64935,MLB,MLB,gbm
MLB,Dallas Braden,2011,3350000,1848274.4684077066,2255179572236.1562,MLB,MLB,gbm
MLB,Bartolo Colon,2011,2000000,7952739.918970396,35435112542903.67,MLB,MLB,gbm
MLB,Tyson Ross,2011,480000,69162.33772210102,168787584745.969,MLB,MLB,gbm
MLB,Brad Peacock,2011,480000,862490.1791454772,146298737142.7393,MLB,MLB,gbm
MLB,Jarrod Parker,2011,480000,908392.3704056903,183520023021.80615,MLB,MLB,gbm
MLB,Tommy Milone,2011,480000,75998.29707254047,163217375968.28723,MLB,MLB,gbm
MLB,Graham Godfrey,2011,480000,672932.6770040342,37223017855.94297,MLB,MLB,gbm
MLB,Jair Jurrjens,2011,5500000,2354787.2132201814,9892363474123.273,MLB,MLB,gbm
MLB,Tommy Hanson,2011,535000,2860192.3844457846,5406519624684.674,MLB,MLB,gbm
MLB,Brandon Beachy,2011,495000,2406789.3091365183,3654938362528.686,MLB,MLB,gbm
MLB,Mike Minor,2011,482500,425741.3321306221,3221546378.3063493,MLB,MLB,gbm
MLB,Julio Teheran,2011,480000,-474740.63242859096,911529675210.1458,MLB,MLB,gbm
MLB,Randall Delgado,2011,480000,278455.81267863495,40620059443.02949,MLB,MLB,gbm
MLB,Dana Eveland,2011,750000,2059581.1373936774,1715002755417.3176,MLB,MLB,gbm
MLB,Dontrelle Willis,2011,700000,4072129.1099206544,11371254733974.266,MLB,MLB,gbm
MLB,Tommy Hunter,2011,493500,40946.85019852656,204804353395.23483,MLB,MLB,gbm
MLB,Jake Arrieta,2011,488500,311934.07034114475,31175527516.295822,MLB,MLB,gbm
MLB,Zack Britton,2011,486000,1052451.0095453986,320866746215.0013,MLB,MLB,gbm
MLB,Chris Tillman,2011,480000,-474740.63242859096,911529675210.1458,MLB,MLB,gbm
MLB,Clay Buchholz,2011,7486250,653620.0484590819,46684832054694.05,MLB,MLB,gbm
MLB,Aaron Cook,2011,1500000,4356972.733794868,8162293201647.321,MLB,MLB,gbm
MLB,Andrew Miller,2011,1040000,44801.1944170546,990420662633.7211,MLB,MLB,gbm
MLB,Chris Carpenter,2011,482000,12555099.211284438,145759724565516.94,MLB,MLB,gbm
MLB,Matt Garza,2011,9500000,6492929.1529472405,9042475079194.6,MLB,MLB,gbm
MLB,Paul Maholm,2011,4250000,4906227.50990833,430634544760.48694,MLB,MLB,gbm
MLB,Randy Wells,2011,2705000,2814592.37737352,12010489178.379978,MLB,MLB,gbm
MLB,Chris Volstad,2011,2655000,133337.4690476311,6358781920009.106,MLB,MLB,gbm
MLB,Travis Wood,2011,480000,-552133.1855144385,1065298912640.1824,MLB,MLB,gbm
MLB,Casey Coleman,2011,480000,-119050.70254251384,358861744216.6794,MLB,MLB,gbm
MLB,John Danks,2011,13000000,2397624.653131142,112410362995892.53,MLB,MLB,gbm
MLB,Philip Humber,2011,530000,4018765.103192952,12171481945256.93,MLB,MLB,gbm
MLB,Zach Stewart,2011,481500,-279001.04301861173,578361836432.3964,MLB,MLB,gbm
MLB,Dylan Axelrod,2011,480000,885814.3706804974,164685303450.80814,MLB,MLB,gbm
MLB,Homer Bailey,2011,2425000,807701.8866616214,2615653187407.8794,MLB,MLB,gbm
MLB,Mat Latos,2011,550000,4801037.445899247,18071319366437.594,MLB,MLB,gbm
MLB,Mike Leake,2011,507500,2939486.396936143,5914557834882.442,MLB,MLB,gbm
MLB,Alfredo Simón,2011,487500,4457881.75824804,15763931306228.8,MLB,MLB,gbm
MLB,Justin Masterson,2011,3825000,8657099.909471981,23349189535119.13,MLB,MLB,gbm
MLB,Josh Tomlin,2011,494500,2982849.031509737,6191880902615.446,MLB,MLB,gbm
MLB,Carlos Carrasco,2011,488500,79316.336573793,167431270414.89148,MLB,MLB,gbm
MLB,David Huff,2011,486200,-71252.95582295945,310753797955.75433,MLB,MLB,gbm
MLB,Jeanmar Gómez,2011,482700,271250.0755384783,44711070554.78322,MLB,MLB,gbm
MLB,Zach McAllister,2011,480000,-474740.63242859096,911529675210.1458,MLB,MLB,gbm
MLB,Jeremy Guthrie,2011,8200000,7056258.76068715,1308144022504.8938,MLB,MLB,gbm
MLB,Kevin Slowey,2011,2750000,1467996.6048399692,1643532705201.8462,MLB,MLB,gbm
MLB,Jhoulys Chacín,2011,482000,4510123.692063695,16225780478564.852,MLB,MLB,gbm
MLB,Josh Outman,2011,482000,-71252.95582295945,306088833126.8415,MLB,MLB,gbm
MLB,Esmil Rogers,2011,481000,-552133.1855144385,1067364179011.2113,MLB,MLB,gbm
MLB,Guillermo Moscoso,2011,480000,2190346.4867926394,2925285104883.9243,MLB,MLB,gbm
MLB,Drew Pomeranz,2011,480000,-345322.96877585887,681158002788.9973,MLB,MLB,gbm
MLB,Jeff Francis,2011,480000,6511742.650891836,36381919406587.67,MLB,MLB,gbm
MLB,Alex White,2011,480000,-553938.2606545148,1069028326845.2833,MLB,MLB,gbm
MLB,Tyler Chatwood,2011,480000,-257468.5909016617,543859922566.4824,MLB,MLB,gbm
MLB,Juan Nicasio,2011,480000,365210.52216089267,13176624222.574913,MLB,MLB,gbm
MLB,Max Scherzer,2011,3750000,6775310.265646226,9152502203424.4375,MLB,MLB,gbm
MLB,Rick Porcello,2011,3100000,4216908.695440658,1247485033950.9534,MLB,MLB,gbm
MLB,Doug Fister,2011,507500,10208262.361929134,94104790402620.9,MLB,MLB,gbm
MLB,J.A. Happ,2011,2350000,2899435.1218047165,301878953072.5637,MLB,MLB,gbm
MLB,Bud Norris,2011,511000,3415594.3473849962,8436668322860.872,MLB,MLB,gbm
MLB,Kyle Weiland,2011,481500,-588989.7075285285,1145948213924.5146,MLB,MLB,gbm
MLB,Jordan Lyles,2011,480000,-459572.04387579643,882795625632.9417,MLB,MLB,gbm
MLB,Bruce Chen,2011,4500000,6259588.3767852625,3096151255717.795,MLB,MLB,gbm
MLB,Jonathan Sánchez,2011,5600000,3591020.856932571,4035997197279.941,MLB,MLB,gbm
MLB,Luke Hochevar,2011,3510000,5388413.983861442,3528439094766.213,MLB,MLB,gbm
MLB,Felipe Paulino,2011,1900000,1802903.3809449514,9427753431.921219,MLB,MLB,gbm
MLB,Sean O'Sullivan,2011,493500,-588989.7075285285,1171783966905.1992,MLB,MLB,gbm
MLB,Vin Mazzaro,2011,490875,-588989.7075285285,1166107786565.6746,MLB,MLB,gbm
MLB,Luis Mendoza,2011,488925,1705505.5673200774,1480068276780.8416,MLB,MLB,gbm
MLB,Danny Duffy,2011,487750,-103561.88018817262,349649739651.6719,MLB,MLB,gbm
MLB,Jered Weaver,2011,17000000,14611363.611728558,5705583795374.4375,MLB,MLB,gbm
MLB,C.J. Wilson,2011,15500000,14806837.525988506,480474215377.73486,MLB,MLB,gbm
MLB,Jerome Williams,2011,820000,4207473.981846706,11474979977688.377,MLB,MLB,gbm
MLB,Barry Enright,2011,480000,-474740.63242859096,911529675210.1458,MLB,MLB,gbm
MLB,Brad Mills,2011,480000,906621.5618221,182005957011.52786,MLB,MLB,gbm
MLB,Chad Billingsley,2011,11666667,3387612.746868419,68542739326296.125,MLB,MLB,gbm
MLB,Clayton Kershaw,2011,9500000,12441976.675885875,8655226761456.502,MLB,MLB,gbm
MLB,Aaron Harang,2011,6000000,7689304.837783161,2853750834957.591,MLB,MLB,gbm
MLB,Chris Capuano,2011,5000000,8193856.135067043,10200717011505.389,MLB,MLB,gbm
MLB,Rubby De La Rosa,2011,482500,376254.69458752865,11288064922.189314,MLB,MLB,gbm
MLB,Nathan Eovaldi,2011,480000,-142732.4010750086,387795643348.6453,MLB,MLB,gbm
MLB,Mark Buehrle,2011,14500000,9927262.900314195,20909924582842.945,MLB,MLB,gbm
MLB,Aníbal Sánchez,2011,8000000,6886227.838379554,1240488428000.68,MLB,MLB,gbm
MLB,Wade LeBlanc,2011,480000,159050.2695169923,103008729497.11531,MLB,MLB,gbm
MLB,Alex Sanabia,2011,480000,132012.48867791184,121095308036.14046,MLB,MLB,gbm
MLB,Brad Hand,2011,480000,-293924.044631732,598958426859.139,MLB,MLB,gbm
MLB,Shaun Marcum,2011,7725000,9962602.508480964,5006864985960.304,MLB,MLB,gbm
MLB,Liván Hernández,2011,750000,6844623.54918567,37144436206288.53,MLB,MLB,gbm
MLB,Chris Narveson,2011,500000,5757716.008346495,27643577624423.004,MLB,MLB,gbm
MLB,Francisco Liriano,2011,5500000,1973224.9368902843,12438142345772.537,MLB,MLB,gbm
MLB,Brian Duensing,2011,515000,2745087.266442346,4973289215948.295,MLB,MLB,gbm
MLB,Scott Diamond,2011,480000,-553938.2606545148,1069028326845.2833,MLB,MLB,gbm
MLB,Liam Hendriks,2011,480000,155195.92529846422,105497686942.72081,MLB,MLB,gbm
MLB,Mike Pelfrey,2011,5687500,4131454.1266578664,2421278759945.0835,MLB,MLB,gbm
MLB,Chris Young,2011,900000,6637026.616139981,32913474394298.56,MLB,MLB,gbm
MLB,Dillon Gee,2011,502000,1418626.9174606304,840204905813.3773,MLB,MLB,gbm
MLB,CC Sabathia,2011,24400000,16863985.87624574,56791508873423.67,MLB,MLB,gbm
MLB,Hiroki Kuroda,2011,10000000,10944571.752755042,892215796102.7325,MLB,MLB,gbm
MLB,Freddy García,2011,4000000,6445153.2841381235,5978774582931.451,MLB,MLB,gbm
MLB,Phil Hughes,2011,3200000,-552133.1855144385,14078503441838.727,MLB,MLB,gbm
MLB,Derek Lowe,2011,1000000,7905209.392856858,47681916759198.57,MLB,MLB,gbm
MLB,Michael Pineda,2011,528475,2922426.4735502903,5731003657713.606,MLB,MLB,gbm
MLB,Iván Nova,2011,527200,2770706.908007813,5033323246278.778,MLB,MLB,gbm
MLB,Dellin Betances,2011,481000,385154.7216917066,9186317373.994213,MLB,MLB,gbm
MLB,Cole Hamels,2011,15000000,12366898.010114023,6933226089141.489,MLB,MLB,gbm
MLB,Joel Piñeiro,2011,1500000,5686573.72127959,17527399523708.838,MLB,MLB,gbm
MLB,Vance Worley,2011,495000,2099612.576598619,2574781520978.4595,MLB,MLB,gbm
MLB,Érik Bédard,2011,4500000,5849029.388554918,1819880291184.855,MLB,MLB,gbm
MLB,Jeff Karstens,2011,3100000,4037452.631441385,878817436196.3772,MLB,MLB,gbm
MLB,Charlie Morton,2011,2445000,3150369.097098526,497545563141.5899,MLB,MLB,gbm
MLB,James McDonald,2011,502500,2297650.585483653,3222565624562.3022,MLB,MLB,gbm
MLB,Rick van den Hurk,2011,480000,-71252.95582295945,303879821303.5497,MLB,MLB,gbm
MLB,Jeff Locke,2011,480000,-474740.63242859096,911529675210.1458,MLB,MLB,gbm
MLB,Tim Stauffer,2011,3200000,7009793.007645328,14514522761103.23,MLB,MLB,gbm
MLB,Jason Marquis,2011,3000000,5167873.95160987,4699677470068.595,MLB,MLB,gbm
MLB,Clayton Richard,2011,2705000,989165.6442269414,2944087536451.1475,MLB,MLB,gbm
MLB,Edinson Vólquez,2011,2237500,2149915.71347724,7671007245.700929,MLB,MLB,gbm
MLB,Dustin Moseley,2011,2012500,4760848.758179227,7553420896585.299,MLB,MLB,gbm
MLB,Ross Ohlendorf,2011,900000,2238493.6202979363,1791565171578.276,MLB,MLB,gbm
MLB,Jason Vargas,2011,4850000,5799318.383349346,901205392965.0159,MLB,MLB,gbm
MLB,Kevin Millwood,2011,1000000,5066106.919747847,16533225482821.326,MLB,MLB,gbm
MLB,Blake Beavan,2011,486500,271250.0755384783,46332529980.69079,MLB,MLB,gbm
MLB,Tim Lincecum,2011,20250000,11382870.991109975,78625976860299,MLB,MLB,gbm
MLB,Ryan Vogelsong,2011,4000000,8826417.853861475,23294309300072.81,MLB,MLB,gbm
MLB,Madison Bumgarner,2011,560000,6436998.436651304,34539110624401.875,MLB,MLB,gbm
MLB,Brad Penny,2011,500000,7418362.837694848,47863744353997.11,MLB,MLB,gbm
MLB,Eric Surkamp,2011,480000,-474740.63242859096,911529675210.1458,MLB,MLB,gbm
MLB,Jaime García,2011,6875000,6255332.755636225,383987493737.39386,MLB,MLB,gbm
MLB,Chris Carpenter,2011,10500000,12555099.211284438,4223432768221.92,MLB,MLB,gbm
MLB,David Price,2011,4350000,8484337.7258932,17092748431743.752,MLB,MLB,gbm
MLB,Jeff Niemann,2011,2750000,3815683.4345944854,1135681182769.0989,MLB,MLB,gbm
MLB,Jeremy Hellickson,2011,489500,4124800.33436863,13215408521060.672,MLB,MLB,gbm
MLB,Alex Cobb,2011,480000,-160987.4412833612,410864899882.99036,MLB,MLB,gbm
MLB,Derek Holland,2011,5700000,5022689.414325751,458749629466.3937,MLB,MLB,gbm
MLB,Roy Oswalt,2011,5000000,5889009.199911068,790337357526.5176,MLB,MLB,gbm
MLB,Matt Harrison,2011,2950000,3893972.3722852916,891083839637.921,MLB,MLB,gbm
MLB,Derek Holland,2011,504700,5022689.414325751,20412228347959.547,MLB,MLB,gbm
MLB,Alexi Ogando,2011,497600,5124502.168970288,21408223681221.953,MLB,MLB,gbm
MLB,Brandon Morrow,2011,6666667,5359491.430445354,1708707969640.512,MLB,MLB,gbm
MLB,Dustin McGowan,2011,1366667,5014952.180691704,13309984759654.701,MLB,MLB,gbm
MLB,Nelson Figueroa,2011,650000,4321921.286920852,13483005937342.486,MLB,MLB,gbm
MLB,Kyle Drabek,2011,485900,-374511.33003539266,740307656853.2734,MLB,MLB,gbm
MLB,Henderson Alvarez III,2011,482900,468949.1164436944,194627152.00159815,MLB,MLB,gbm
MLB,Brett Cecil,2011,480000,-392774.1052765245,761734638841.2379,MLB,MLB,gbm
MLB,Gio González,2011,8400000,6477150.101381973,3697351732615.3555,MLB,MLB,gbm
MLB,Edwin Jackson,2011,11000000,5545839.98951519,29747861419971.664,MLB,MLB,gbm
MLB,John Lannan,2011,5000000,3157072.0139452987,3396383561783.637,MLB,MLB,gbm
MLB,Chien-Ming Wang,2011,4000000,5066106.919747847,1136583964334.2427,MLB,MLB,gbm
MLB,Tom Gorzelanny,2011,3000000,2978935.4707961134,443714390.58139277,MLB,MLB,gbm
MLB,Jordan Zimmermann,2011,2300000,1522852.0918974124,603958871068.2279,MLB,MLB,gbm
MLB,Ross Detwiler,2011,485000,52814.860451988105,186783994846.1345,MLB,MLB,gbm
MLB,Brandon McCarthy,2012,7750000,3897053.705555003,14845195147877.432,MLB,MLB,gbm
MLB,Ian Kennedy,2012,4265000,7571623.339946149,10933757912276.625,MLB,MLB,gbm
MLB,Daniel Hudson,2012,518500,203657.88539560183,99125557128.56897,MLB,MLB,gbm
MLB,Wade Miley,2012,500500,6234128.79066704,32874499109165.99,MLB,MLB,gbm
MLB,Randall Delgado,2012,495000,-264726.03556616284,577183649117.0785,MLB,MLB,gbm
MLB,Patrick Corbin,2012,494000,77803.37221261681,173219632981.58957,MLB,MLB,gbm
MLB,Tyler Skaggs,2012,490000,-474740.63242859096,930724487858.7175,MLB,MLB,gbm
MLB,Bartolo Colon,2012,3000000,7723400.279053393,22310510196161.668,MLB,MLB,gbm
MLB,Travis Blackley,2012,550000,5080229.801226123,20522982051917.28,MLB,MLB,gbm
MLB,Tommy Milone,2012,495000,4001540.446988459,12295825906366.023,MLB,MLB,gbm
MLB,Jarrod Parker,2012,495000,4080652.0456966297,12856900592808.426,MLB,MLB,gbm
MLB,Dan Straily,2012,492500,-4711.819543380155,247219593493.63885,MLB,MLB,gbm
MLB,A.J. Griffin,2012,492500,1209031.208111838,513416972198.2101,MLB,MLB,gbm
MLB,Brandon Beachy,2012,510000,1352968.0050309794,710595057505.9093,MLB,MLB,gbm
MLB,Mike Minor,2012,505000,3585669.7826407743,9490526309675.955,MLB,MLB,gbm
MLB,Julio Teheran,2012,490000,431056.9129519195,3474287510.757597,MLB,MLB,gbm
MLB,Jason Hammel,2012,6750000,6063578.9286361765,471173887212.2593,MLB,MLB,gbm
MLB,Tommy Hunter,2012,1820000,537847.9790481868,1643913804830.8186,MLB,MLB,gbm
MLB,Jake Arrieta,2012,516500,842592.5221489709,106336333001.47705,MLB,MLB,gbm
MLB,Chris Tillman,2012,508500,959161.5464076074,203095829410.49606,MLB,MLB,gbm
MLB,Miguel González,2012,502000,3663091.835177916,9992501590428.486,MLB,MLB,gbm
MLB,Jair Jurrjens,2012,490000,-71252.95582295945,315004880420.00885,MLB,MLB,gbm
MLB,Freddy García,2012,490000,5142097.498839162,21642011138705.59,MLB,MLB,gbm
MLB,Ryan Dempster,2012,13250000,8587031.612791091,21743274180109.652,MLB,MLB,gbm
MLB,Daniel Bard,2012,1862500,1169272.296906037,480564648336.9317,MLB,MLB,gbm
MLB,Chris Sale,2012,600000,7335246.000536481,45363538687742.664,MLB,MLB,gbm
MLB,Félix Doubront,2012,518500,1745390.195525813,1505259551877.3674,MLB,MLB,gbm
MLB,Edwin Jackson,2012,13000000,6138728.472798756,47077046969982.484,MLB,MLB,gbm
MLB,Matt Garza,2012,10250000,3607605.0927585876,44121410103746.65,MLB,MLB,gbm
MLB,Scott Feldman,2012,6000000,4785837.269939857,1474191135067.1006,MLB,MLB,gbm
MLB,Jeff Samardzija,2012,2640000,4389712.577602349,3061494104219.857,MLB,MLB,gbm
MLB,Travis Wood,2012,527500,161162.74467721846,134202984637.4288,MLB,MLB,gbm
MLB,Brooks Raley,2012,490000,-474740.63242859096,930724487858.7175,MLB,MLB,gbm
MLB,Chris Rusin,2012,490000,-474740.63242859096,930724487858.7175,MLB,MLB,gbm
MLB,Chris Sale,2012,6500000,7335246.000536481,697635881412.1871,MLB,MLB,gbm
MLB,Jake Peavy,2012,14500000,14524443.251474451,597472542.6432644,MLB,MLB,gbm
MLB,Jose Quintana,2012,500000,187336.4746973785,97758480054.66306,MLB,MLB,gbm
MLB,Dylan Axelrod,2012,493000,-71252.95582295945,318381398154.9466,MLB,MLB,gbm
MLB,Mat Latos,2012,5750000,8327675.843549199,6644412754417.077,MLB,MLB,gbm
MLB,Homer Bailey,2012,5350000,5832353.5653685285,232664962023.73126,MLB,MLB,gbm
MLB,Mike Leake,2012,3060000,2421319.8399177855,407912346882.6431,MLB,MLB,gbm
MLB,Justin Masterson,2012,5678500,4977914.836630425,490819571133.5735,MLB,MLB,gbm
MLB,Josh Tomlin,2012,501800,1619102.201953997,1248364210491.25,MLB,MLB,gbm
MLB,Zach McAllister,2012,496400,616992.4413812705,14542536918.29517,MLB,MLB,gbm
MLB,David Huff,2012,493600,1895998.871085137,1966722593620.8665,MLB,MLB,gbm
MLB,Corey Kluber,2012,491800,546837.4585751999,3029121846.4168496,MLB,MLB,gbm
MLB,Jhoulys Chacín,2012,3250000,-474740.63242859096,13873692778864.541,MLB,MLB,gbm
MLB,Roy Oswalt,2012,2300000,6243682.193182201,15552629240822.375,MLB,MLB,gbm
MLB,Chris Volstad,2012,1500000,-471971.73350244825,3888672517732.651,MLB,MLB,gbm
MLB,Jeff Francis,2012,1500000,5184929.968914003,13578708875800.557,MLB,MLB,gbm
MLB,Juan Nicasio,2012,491000,388884.8101165316,10427512004.936804,MLB,MLB,gbm
MLB,Drew Pomeranz,2012,490000,-97548.0578569595,345212720291.48505,MLB,MLB,gbm
MLB,Edwar Cabrera,2012,490000,74396.00078334764,172726684164.87518,MLB,MLB,gbm
MLB,Tyler Chatwood,2012,490000,-552133.1855144385,1086041576350.4712,MLB,MLB,gbm
MLB,Christian Friedrich,2012,490000,190450.1510233617,89730112021.9268,MLB,MLB,gbm
MLB,Justin Verlander,2012,25714286,15380818.037908081,106780560123580.12,MLB,MLB,gbm
MLB,Aníbal Sánchez,2012,16000000,7239634.338737032,76744006519035.33,MLB,MLB,gbm
MLB,Max Scherzer,2012,6725000,7906825.9169208845,1396712497905.8894,MLB,MLB,gbm
MLB,Rick Porcello,2012,5100000,2653937.5736851366,5983221393429.356,MLB,MLB,gbm
MLB,Doug Fister,2012,4000000,4837940.744180087,702144690757.078,MLB,MLB,gbm
MLB,Drew Smyly,2012,498000,388884.8101165316,11906124663.30536,MLB,MLB,gbm
MLB,Bud Norris,2012,3000000,3162847.2821361083,26519237299.117245,MLB,MLB,gbm
MLB,Érik Bédard,2012,1150000,5698247.941054801,20686559333309.242,MLB,MLB,gbm
MLB,Philip Humber,2012,850000,4442344.038375009,12904935690048.467,MLB,MLB,gbm
MLB,Lucas Harrell,2012,500700,6490514.580920256,35877878713804.9,MLB,MLB,gbm
MLB,Alex White,2012,497100,-471971.73350244825,939100024673.4402,MLB,MLB,gbm
MLB,Jordan Lyles,2012,490000,-128050.92724892937,381986948673.2614,MLB,MLB,gbm
MLB,Dallas Keuchel,2012,490000,-474740.63242859096,930724487858.7175,MLB,MLB,gbm
MLB,Jeremy Guthrie,2012,8333333,7046870.039845956,1654986947848.3066,MLB,MLB,gbm
MLB,Luke Hochevar,2012,4560000,4350970.454559032,43693350867.25776,MLB,MLB,gbm
MLB,Felipe Paulino,2012,1750000,4147553.942612265,5748264907735.615,MLB,MLB,gbm
MLB,Luis Mendoza,2012,532000,3909668.396963378,11408643799845.156,MLB,MLB,gbm
MLB,Danny Duffy,2012,505125,601925.6165525888,9370359364.96132,MLB,MLB,gbm
MLB,Will Smith,2012,496500,-358686.48218857707,731343919318.0735,MLB,MLB,gbm
MLB,Joe Blanton,2012,7500000,7999736.126246522,249736195875.87994,MLB,MLB,gbm
MLB,Jason Vargas,2012,8500000,13179051.995478442,21893527576390.79,MLB,MLB,gbm
MLB,Tommy Hanson,2012,3725000,3008698.275852145,513088160017.1895,MLB,MLB,gbm
MLB,Zack Greinke,2012,24500000,13456006.51628872,121969792068257.22,MLB,MLB,gbm
MLB,Stephen Fife,2012,492500,2594.8250251794416,240007080467.10956,MLB,MLB,gbm
MLB,Edinson Vólquez,2012,490000,6880462.372595623,40838009335560.484,MLB,MLB,gbm
MLB,Henderson Alvarez III,2012,507900,1920800.9458434628,1996289082765.3518,MLB,MLB,gbm
MLB,Nathan Eovaldi,2012,502000,-471971.73350244825,948620937661.7642,MLB,MLB,gbm
MLB,Brad Hand,2012,490000,-185528.40734023912,456338629123.6401,MLB,MLB,gbm
MLB,Kyle Lohse,2012,11000000,14083852.266708244,9510144802881.572,MLB,MLB,gbm
MLB,Marco Estrada,2012,1955000,4491160.043785013,6432107767691.601,MLB,MLB,gbm
MLB,Chris Narveson,2012,840000,4436170.3620207915,12932441272676.75,MLB,MLB,gbm
MLB,Mark Rogers,2012,491000,1300478.956055017,655256180295.92,MLB,MLB,gbm
MLB,Wily Peralta,2012,490000,164206.73757869712,106141249839.1159,MLB,MLB,gbm
MLB,Kevin Correia,2012,5000000,7723896.2014942495,7419610516514.801,MLB,MLB,gbm
MLB,Mike Pelfrey,2012,4000000,3424963.263704685,330667248089.1676,MLB,MLB,gbm
MLB,Scott Diamond,2012,530000,3581967.0406744466,9314502817363.139,MLB,MLB,gbm
MLB,Vance Worley,2012,525000,-257468.5909016617,612257095747.632,MLB,MLB,gbm
MLB,Liam Hendriks,2012,500000,-424520.5970017826,854738334280.5326,MLB,MLB,gbm
MLB,Shaun Marcum,2012,4000000,5598917.231274727,2556536312467.2383,MLB,MLB,gbm
MLB,Dillon Gee,2012,527375,1097373.195464772,324897942833.0964,MLB,MLB,gbm
MLB,Jeremy Hefner,2012,500625,558683.6019040964,3370801255.0583496,MLB,MLB,gbm
MLB,Matt Harvey,2012,498750,2097393.3413040224,2555660532695.689,MLB,MLB,gbm
MLB,Jenrry Mejía,2012,494925,-588989.7075285285,1174871093196.6555,MLB,MLB,gbm
MLB,Daisuke Matsuzaka,2012,490000,5161443.623966175,21822385531894.23,MLB,MLB,gbm
MLB,Hiroki Kuroda,2012,15000000,15803457.48130343,645543924262.4503,MLB,MLB,gbm
MLB,Andy Pettitte,2012,12000000,7424021.388957075,20939580248722.34,MLB,MLB,gbm
MLB,Phil Hughes,2012,7150000,5488199.597272969,2761580578503.723,MLB,MLB,gbm
MLB,Iván Nova,2012,575600,2901305.5845808256,5408906466150.439,MLB,MLB,gbm
MLB,Adam Warren,2012,490525,-474740.63242859096,931737741147.7676,MLB,MLB,gbm
MLB,Cole Hamels,2012,24000000,13996997.093102409,100060067155401.67,MLB,MLB,gbm
MLB,John Lannan,2012,2500000,952309.1222128513,2395347053185.5547,MLB,MLB,gbm
MLB,Aaron Cook,2012,1625000,5066106.919747847,11841216833136.516,MLB,MLB,gbm
MLB,Francisco Liriano,2012,3500000,3667565.485777354,28078192023.800583,MLB,MLB,gbm
MLB,James McDonald,2012,3025000,4580801.889959267,2420519520800.828,MLB,MLB,gbm
MLB,Jeff Karstens,2012,2500000,4897317.446113652,5747130937440.881,MLB,MLB,gbm
MLB,Charlie Morton,2012,2000000,2947627.8062509145,897998459179.9207,MLB,MLB,gbm
MLB,Jonathan Sánchez,2012,1375000,4072129.1099206544,7274505435581.382,MLB,MLB,gbm
MLB,Jeanmar Gómez,2012,500000,-552133.1855144385,1106984240060.7598,MLB,MLB,gbm
MLB,Jeff Locke,2012,497500,274635.73501659377,49668480606.59391,MLB,MLB,gbm
MLB,Edinson Vólquez,2012,5725000,6880462.372595623,1335093294484.3066,MLB,MLB,gbm
MLB,Clayton Richard,2012,5240000,10891410.493890513,31938440570455.81,MLB,MLB,gbm
MLB,Jason Marquis,2012,3000000,4990227.331023174,3961004829151.628,MLB,MLB,gbm
MLB,Tim Stauffer,2012,1000000,5512836.611001971,20365694277599.758,MLB,MLB,gbm
MLB,Eric Stults,2012,507600,5479962.478103598,24724388613652.55,MLB,MLB,gbm
MLB,Anthony Bass,2012,503600,-198158.52286924163,492465024419.62,MLB,MLB,gbm
MLB,Tyson Ross,2012,500500,-668187.3357544523,1365830088752.8398,MLB,MLB,gbm
MLB,Joe Wieland,2012,494300,-4801.627442576103,249102434515.82803,MLB,MLB,gbm
MLB,Casey Kelly,2012,491400,250532.6295167917,58017090163.495125,MLB,MLB,gbm
MLB,Félix Hernández,2012,25000000,11206749.978665015,190253746151057.56,MLB,MLB,gbm
MLB,Hisashi Iwakuma,2012,7000000,5560559.4113132935,2071989208358.7322,MLB,MLB,gbm
MLB,Joe Saunders,2012,6500000,7031549.16086617,282544510417.52966,MLB,MLB,gbm
MLB,Blake Beavan,2012,506700,1761585.195498378,1574736853881.0024,MLB,MLB,gbm
MLB,Erasmo Ramírez,2012,490000,919773.2540855637,184705049927.2945,MLB,MLB,gbm
MLB,Héctor Noesí,2012,490000,-373831.6079754193,746205046937.3987,MLB,MLB,gbm
MLB,Matt Cain,2012,22500000,12788278.445442384,94317535553259,MLB,MLB,gbm
MLB,Madison Bumgarner,2012,7000000,7320494.131005545,102716488008.99954,MLB,MLB,gbm
MLB,Yusmeiro Petit,2012,490000,952309.1222128513,213729724481.21707,MLB,MLB,gbm
MLB,Jake Westbrook,2012,9750000,7727523.810861753,4090409935631.165,MLB,MLB,gbm
MLB,Lance Lynn,2012,513000,6425493.32481814,34957577316019.062,MLB,MLB,gbm
MLB,Joe Kelly,2012,493000,-238379.9943692086,534916696163.5036,MLB,MLB,gbm
MLB,David Price,2012,10112500,12091923.7808274,3918118504105.036,MLB,MLB,gbm
MLB,Roberto Hernández,2012,3250000,5066106.919747847,3298244343956.013,MLB,MLB,gbm
MLB,Jeff Niemann,2012,3000000,5759214.108851923,7613262498487.51,MLB,MLB,gbm
MLB,Jeremy Hellickson,2012,503000,3145077.752435404,6980574849914.115,MLB,MLB,gbm
MLB,Alex Cobb,2012,502200,944053.9254161104,195234891405.62567,MLB,MLB,gbm
MLB,Chris Archer,2012,490000,1505808.8087503142,1031867535934.7323,MLB,MLB,gbm
MLB,Jake Odorizzi,2012,490000,-474740.63242859096,930724487858.7175,MLB,MLB,gbm
MLB,Matt Harrison,2012,11000000,11667975.325283904,446191035188.13684,MLB,MLB,gbm
MLB,Neftalí Feliz,2012,2900000,1411626.8123574154,2215254745693.348,MLB,MLB,gbm
MLB,Colby Lewis,2012,2000000,6045050.894345029,16362436737841.521,MLB,MLB,gbm
MLB,Martín Pérez,2012,492000,-373831.6079754193,749664373369.3003,MLB,MLB,gbm
MLB,Travis Blackley,2012,490000,5080229.801226123,21070209628064.414,MLB,MLB,gbm
MLB,J.A. Happ,2012,3700000,6315879.9831662765,6842828086329.999,MLB,MLB,gbm
MLB,Kyle Drabek,2012,499500,-474740.63242859096,949144809874.8607,MLB,MLB,gbm
MLB,Drew Hutchison,2012,493200,-69474.25710022505,316602319603.29016,MLB,MLB,gbm
MLB,Todd Redmond,2012,490000,952309.1222128513,213729724481.21707,MLB,MLB,gbm
MLB,Dan Haren,2012,13000000,8728252.831213154,18247823874038.434,MLB,MLB,gbm
MLB,Jordan Zimmermann,2012,5350000,6153357.851972681,645383838326.1593,MLB,MLB,gbm
MLB,Ross Detwiler,2012,2337500,2241368.897651547,9241188838.728727,MLB,MLB,gbm
MLB,Chris Young,2012,2000000,4568356.924599667,6596457292139.06,MLB,MLB,gbm
MLB,Ross Ohlendorf,2012,490000,4037077.663046642,12581759947684.428,MLB,MLB,gbm
MLB,Bronson Arroyo,2013,11750000,10468553.347040514,1642105524381.0706,MLB,MLB,gbm
MLB,Wade Miley,2013,523500,5012008.051152488,20146704525260.707,MLB,MLB,gbm
MLB,Patrick Corbin,2013,515000,6402294.664041009,34660238461245.734,MLB,MLB,gbm
MLB,Randall Delgado,2013,510000,192052.44731255455,101090646259.93588,MLB,MLB,gbm
MLB,Scott Kazmir,2013,11000000,6559546.721918947,19717625314820.77,MLB,MLB,gbm
MLB,Tommy Milone,2013,510000,2785562.9168568566,5178186588574.085,MLB,MLB,gbm
MLB,Drew Pomeranz,2013,505000,74396.00078334764,185419804141.37476,MLB,MLB,gbm
MLB,Dan Straily,2013,505000,1197424.251595072,479451344196.99554,MLB,MLB,gbm
MLB,A.J. Griffin,2013,505000,5656974.251489163,26542838688007.324,MLB,MLB,gbm
MLB,Sonny Gray,2013,502500,1600593.8755525611,1205810159526.0437,MLB,MLB,gbm
MLB,Jarrod Parker,2013,500000,4246240.981656452,14034321492642.295,MLB,MLB,gbm
MLB,Julio Teheran,2013,5400000,5342501.346987354,3306095098.268707,MLB,MLB,gbm
MLB,Ervin Santana,2013,14100000,12236255.449325526,3473543750168.7964,MLB,MLB,gbm
MLB,Kris Medlen,2013,5800000,7710511.736517086,3650055095369.5303,MLB,MLB,gbm
MLB,Gavin Floyd,2013,4000000,5512836.611001971,2288674611587.9297,MLB,MLB,gbm
MLB,Mike Minor,2013,3850000,6549772.931500598,7288773881663.332,MLB,MLB,gbm
MLB,Brandon Beachy,2013,1450000,853749.2648008934,355514939225.47516,MLB,MLB,gbm
MLB,Freddy García,2013,1250000,4951857.8446479095,13703751501981.266,MLB,MLB,gbm
MLB,Aaron Harang,2013,1000000,4399133.004199684,11554105180239.566,MLB,MLB,gbm
MLB,David Hale,2013,502500,4207131.82647233,13724296969711.71,MLB,MLB,gbm
MLB,Ubaldo Jiménez,2013,12500000,9964096.737349264,6430805357522.646,MLB,MLB,gbm
MLB,Bud Norris,2013,5300000,5533518.3663515635,54530827423.50301,MLB,MLB,gbm
MLB,Alfredo Aceves,2013,1200000,4537079.386473964,11136098831629.447,MLB,MLB,gbm
MLB,Chris Tillman,2013,546000,5847157.473246966,28102270556162.152,MLB,MLB,gbm
MLB,Miguel González,2013,529000,6949625.088443371,41224426526348.44,MLB,MLB,gbm
MLB,Zack Britton,2013,521500,-474740.63242859096,992495397701.71875,MLB,MLB,gbm
MLB,Chris Capuano,2013,2250000,5068875.81867399,7946060881104.956,MLB,MLB,gbm
MLB,Félix Doubront,2013,586000,1506072.3134168112,846533061916.1628,MLB,MLB,gbm
MLB,Allen Webster,2013,500000,-588989.7075285285,1185898583103.07,MLB,MLB,gbm
MLB,Jason Hammel,2013,6000000,4898020.0439964365,1214359823433.6157,MLB,MLB,gbm
MLB,Jeff Samardzija,2013,5345000,10220164.547240686,23767229362672.48,MLB,MLB,gbm
MLB,Travis Wood,2013,3900000,4866184.976279785,933513408388.7686,MLB,MLB,gbm
MLB,James McDonald,2013,1000000,2692114.9241693486,2863252916596.64,MLB,MLB,gbm
MLB,Jake Arrieta,2013,544500,1344224.2601063203,639558892202.6014,MLB,MLB,gbm
MLB,Justin Grimm,2013,505500,-193306.46996578455,488330482466.04095,MLB,MLB,gbm
MLB,Chris Rusin,2013,503500,-36201.508948945484,291277718761.7686,MLB,MLB,gbm
MLB,Jose Quintana,2013,5300000,4327634.859353305,945493966744.8673,MLB,MLB,gbm
MLB,Jose Quintana,2013,550000,4327634.859353305,14270525130601.264,MLB,MLB,gbm
MLB,Erik Johnson,2013,500000,2594.8250251794416,247411908091.73187,MLB,MLB,gbm
MLB,Eric Surkamp,2013,500000,155195.92529846422,118889849930.78224,MLB,MLB,gbm
MLB,André Rienzo,2013,500000,-474740.63242859096,950119300507.2893,MLB,MLB,gbm
MLB,Dylan Axelrod,2013,500000,840828.9460390562,116164370458.09386,MLB,MLB,gbm
MLB,Homer Bailey,2013,17500000,10545495.685013957,48365130267159.484,MLB,MLB,gbm
MLB,Mike Leake,2013,5925000,5503827.889128304,177385946976.12012,MLB,MLB,gbm
MLB,Chien-Ming Wang,2013,1250000,4436170.3620207915,10151681575819.701,MLB,MLB,gbm
MLB,Tony Cingrani,2013,512500,2564195.518028748,4209454498699.2534,MLB,MLB,gbm
MLB,Jair Jurrjens,2013,500000,1871457.9050282582,1880896785264.499,MLB,MLB,gbm
MLB,Pedro Villarreal,2013,500000,-474740.63242859096,950119300507.2893,MLB,MLB,gbm
MLB,David Holmberg,2013,500000,-474740.63242859096,950119300507.2893,MLB,MLB,gbm
MLB,Justin Masterson,2013,9762500,8983799.002114313,606375244108.1652,MLB,MLB,gbm
MLB,Shaun Marcum,2013,1000000,4631909.9514307715,13190769895301.87,MLB,MLB,gbm
MLB,Corey Kluber,2013,514000,3938011.317585006,11723853502950.209,MLB,MLB,gbm
MLB,Zach McAllister,2013,504500,177765.32893456568,106755545276.23758,MLB,MLB,gbm
MLB,Danny Salazar,2013,501500,3247863.2854934866,7542511295906.578,MLB,MLB,gbm
MLB,Juan Nicasio,2013,2025000,685550.2367485728,1794125668274.3042,MLB,MLB,gbm
MLB,Tyler Chatwood,2013,502000,771130.1715206996,72431049222.7612,MLB,MLB,gbm
MLB,Jordan Lyles,2013,502000,-260657.54212652807,581646526562.4769,MLB,MLB,gbm
MLB,Chris Capuano,2013,500000,5068875.81867399,20874626246463.92,MLB,MLB,gbm
MLB,Chad Bettis,2013,500000,-553938.2606545148,1110785857271.4636,MLB,MLB,gbm
MLB,Max Scherzer,2013,15525000,16520166.990775328,990357339528.822,MLB,MLB,gbm
MLB,Rick Porcello,2013,8500000,3887291.3718885216,21277080887854.074,MLB,MLB,gbm
MLB,Scott Feldman,2013,10000000,8487748.153161611,2286905648266.117,MLB,MLB,gbm
MLB,Lucas Harrell,2013,509700,1810350.0078670755,1691690442964.6235,MLB,MLB,gbm
MLB,Dallas Keuchel,2013,508700,-596827.6094462705,1222191295247.9854,MLB,MLB,gbm
MLB,Brad Peacock,2013,504300,390689.88525660796,12907258172.006706,MLB,MLB,gbm
MLB,Brett Oberholtzer,2013,503600,699098.8954491566,38219818121.84028,MLB,MLB,gbm
MLB,Jarred Cosart,2013,500000,278455.81267863495,49081826935.88409,MLB,MLB,gbm
MLB,Collin McHugh,2013,500000,558683.6019040964,3443765132.4384704,MLB,MLB,gbm
MLB,Jason Vargas,2013,8000000,5455908.734818702,6472400365571.779,MLB,MLB,gbm
MLB,Danny Duffy,2013,526000,1003729.0746240166,228225068741.11926,MLB,MLB,gbm
MLB,Yordano Ventura,2013,500500,114873.54637009409,148707761739.178,MLB,MLB,gbm
MLB,Héctor Santiago,2013,530000,1108238.153027618,334359361616.7911,MLB,MLB,gbm
MLB,Tyler Skaggs,2013,502250,309687.18189060787,37080438918.230835,MLB,MLB,gbm
MLB,Matt Shoemaker,2013,500500,2456893.1798322257,3827474274094.0474,MLB,MLB,gbm
MLB,Clayton Kershaw,2013,30714286,11691628.803445807,361861486817615,MLB,MLB,gbm
MLB,Paul Maholm,2013,1500000,5688526.468586053,17543753978045.95,MLB,MLB,gbm
MLB,Dan Haren,2013,1000000,7315327.389744755,39883360039660.3,MLB,MLB,gbm
MLB,Kevin Slowey,2013,800000,4956226.445862053,17274218269283.113,MLB,MLB,gbm
MLB,José Fernández,2013,635000,4991657.807762359,18980467253936.727,MLB,MLB,gbm
MLB,Henderson Alvarez III,2013,525400,525069.589489353,109171.10554600749,MLB,MLB,gbm
MLB,Nathan Eovaldi,2013,517000,-240185.06950928495,573329229487.7806,MLB,MLB,gbm
MLB,Tom Koehler,2013,515000,1055332.0886398428,291958766013.89496,MLB,MLB,gbm
MLB,Brian Flynn,2013,500000,-185528.40734023912,469949197270.4449,MLB,MLB,gbm
MLB,Matt Garza,2013,12500000,6212588.107006893,39531548312151.17,MLB,MLB,gbm
MLB,Marco Estrada,2013,3325000,6303355.090930429,8870599047671.205,MLB,MLB,gbm
MLB,Wily Peralta,2013,515000,3179759.0815274646,7100940962583.097,MLB,MLB,gbm
MLB,Johnny Hellweg,2013,500000,-588989.7075285285,1185898583103.07,MLB,MLB,gbm
MLB,Ricky Nolasco,2013,12250000,10621805.10080168,2651018629775.427,MLB,MLB,gbm
MLB,Phil Hughes,2013,8000000,1709971.6500228718,39564456643515.99,MLB,MLB,gbm
MLB,Mike Pelfrey,2013,5500000,4222686.464454764,1631529868087.072,MLB,MLB,gbm
MLB,Scott Diamond,2013,542500,291236.83209586755,63133179545.22026,MLB,MLB,gbm
MLB,Vance Worley,2013,527500,-345322.96877585887,761819934822.7039,MLB,MLB,gbm
MLB,Kyle Gibson,2013,502500,-474740.63242859096,954999253669.4324,MLB,MLB,gbm
MLB,Bartolo Colon,2013,10000000,13027915.5342311,9168272482438.01,MLB,MLB,gbm
MLB,Dillon Gee,2013,3625000,6834929.3444807725,10303646396558.762,MLB,MLB,gbm
MLB,John Lannan,2013,1500000,2317691.24852386,668618977912.5087,MLB,MLB,gbm
MLB,Daisuke Matsuzaka,2013,1500000,5086455.0253197355,12862659648641.186,MLB,MLB,gbm
MLB,Matt Harvey,2013,546625,4793304.853458807,18034289777772.914,MLB,MLB,gbm
MLB,Zack Wheeler,2013,512375,710738.4314958062,39348050954.7914,MLB,MLB,gbm
MLB,Jenrry Mejía,2013,509675,1496156.8252973566,973146391642.0044,MLB,MLB,gbm
MLB,Hiroki Kuroda,2013,16000000,11470907.447173797,20512679352065.777,MLB,MLB,gbm
MLB,Iván Nova,2013,3300000,1477218.3517350517,3322532937251.4814,MLB,MLB,gbm
MLB,Alfredo Aceves,2013,1200000,4537079.386473964,11136098831629.447,MLB,MLB,gbm
MLB,David Phelps,2013,541425,908426.6369621764,134690201532.91713,MLB,MLB,gbm
MLB,A.J. Burnett,2013,11250000,10209474.994582245,1082692286899.6188,MLB,MLB,gbm
MLB,Miguel González,2013,4000000,6949625.088443371,8700288162374.562,MLB,MLB,gbm
MLB,Kyle Kendrick,2013,7675000,5446369.45463759,4966794107722.354,MLB,MLB,gbm
MLB,Roberto Hernández,2013,4500000,5406944.63395686,822548569063.1425,MLB,MLB,gbm
MLB,Jonathan Pettibone,2013,500000,-437884.1104145008,879626604567.9995,MLB,MLB,gbm
MLB,Ethan Martin,2013,500000,1150750.1928709352,423475813521.5593,MLB,MLB,gbm
MLB,Charlie Morton,2013,7000000,5235729.623967894,3112649959744.4673,MLB,MLB,gbm
MLB,Edinson Vólquez,2013,5000000,6694561.3796344865,2871538269348.7344,MLB,MLB,gbm
MLB,Jeff Locke,2013,513000,1844424.0287203689,1772689944253.9775,MLB,MLB,gbm
MLB,Gerrit Cole,2013,512500,1790860.8622413152,1634206494110.359,MLB,MLB,gbm
MLB,Brandon Cumpton,2013,507000,908392.3704056903,161115835019.89886,MLB,MLB,gbm
MLB,Phil Irwin,2013,500000,417419.79492246715,6819490270.647383,MLB,MLB,gbm
MLB,Ian Kennedy,2013,6100000,5447159.598294128,426200590099.4847,MLB,MLB,gbm
MLB,Eric Stults,2013,2750000,8822569.589982055,36876101425174.83,MLB,MLB,gbm
MLB,Andrew Cashner,2013,2400000,3690894.7015865906,1666409130584.3328,MLB,MLB,gbm
MLB,Robbie Erlin,2013,504500,-459572.04387579643,929434905782.8557,MLB,MLB,gbm
MLB,Burch Smith,2013,500000,2251000.1016335916,3066001355920.848,MLB,MLB,gbm
MLB,Erasmo Ramírez,2013,511800,-358686.48218857707,757746715673.044,MLB,MLB,gbm
MLB,Brandon Maurer,2013,504600,-343517.89363578253,719303961505.1965,MLB,MLB,gbm
MLB,James Paxton,2013,503500,1461846.8477842242,918428680657.959,MLB,MLB,gbm
MLB,Taijuan Walker,2013,502400,504059.8391059352,2755065.857591715,MLB,MLB,gbm
MLB,Tim Lincecum,2013,17500000,9284274.112174183,67498151863891.305,MLB,MLB,gbm
MLB,Tim Hudson,2013,11500000,5300461.582472767,38434276590396.07,MLB,MLB,gbm
MLB,Ryan Vogelsong,2013,5000000,4356972.733794868,413484065083.2457,MLB,MLB,gbm
MLB,Yusmeiro Petit,2013,845000,4125006.439941267,10758442246056.184,MLB,MLB,gbm
MLB,Adam Wainwright,2013,19500000,17044802.464042608,6027994940571.251,MLB,MLB,gbm
MLB,Lance Lynn,2013,535000,6114839.383488092,31134607545524.766,MLB,MLB,gbm
MLB,Shelby Miller,2013,521000,4860075.913868202,18827579786311.17,MLB,MLB,gbm
MLB,Michael Wacha,2013,510000,1370290.6502126087,740100002843.2332,MLB,MLB,gbm
MLB,Tyler Lyons,2013,500000,10456.76900941449,239652575008.70178,MLB,MLB,gbm
MLB,Chris Archer,2013,4250000,961930.44533375,10811401396323.111,MLB,MLB,gbm
MLB,David Price,2013,14000000,5226075.064012779,76981758782338.36,MLB,MLB,gbm
MLB,Jeremy Hellickson,2013,3625000,2788135.2911197306,700342540969.258,MLB,MLB,gbm
MLB,Érik Bédard,2013,1150000,5603776.996760838,19836129536875.99,MLB,MLB,gbm
MLB,Alex Cobb,2013,516900,2560875.8130684593,4177837124408.869,MLB,MLB,gbm
MLB,Chris Archer,2013,511200,961930.44533375,203157934350.7606,MLB,MLB,gbm
MLB,Jake Odorizzi,2013,503100,-199803.414792688,494073210527.22156,MLB,MLB,gbm
MLB,Alex Colomé,2013,500000,183411.41282203884,100228333531.3375,MLB,MLB,gbm
MLB,Enny Romero,2013,500000,862490.1791454772,131399129976.92018,MLB,MLB,gbm
MLB,Nate Karns,2013,500000,388884.8101165316,12346585422.839233,MLB,MLB,gbm
MLB,Martín Pérez,2013,3125000,906103.7805729747,4923500432587.546,MLB,MLB,gbm
MLB,Alexi Ogando,2013,2625000,5300206.42081655,7156729393978.096,MLB,MLB,gbm
MLB,Tommy Hanson,2013,2000000,-150450.58404888323,4624437714436.183,MLB,MLB,gbm
MLB,Scott Baker,2013,1000000,5999005.200022158,24990052989848.58,MLB,MLB,gbm
MLB,Nick Tepesch,2013,505071,-249557.44701336822,569464093041.808,MLB,MLB,gbm
MLB,Joe Saunders,2013,500000,7106320.500884774,43643470560410.45,MLB,MLB,gbm
MLB,R.A. Dickey,2013,12500000,13701868.050350625,1444486810453.6125,MLB,MLB,gbm
MLB,J.A. Happ,2013,5400000,4841436.737349157,311992918383.15436,MLB,MLB,gbm
MLB,Todd Redmond,2013,505700,3298104.239192712,7797521435061.43,MLB,MLB,gbm
MLB,Liam Hendriks,2013,500000,-459572.04387579643,920778507387.9735,MLB,MLB,gbm
MLB,Sean Nolin,2013,500000,-474740.63242859096,950119300507.2893,MLB,MLB,gbm
MLB,Jordan Zimmermann,2013,12000000,13258623.810090961,1584133895327.8872,MLB,MLB,gbm
MLB,Doug Fister,2013,7200000,10700307.905968843,12252155436587.986,MLB,MLB,gbm
MLB,Stephen Strasburg,2013,3975000,4909649.695874358,873570053998.0292,MLB,MLB,gbm
MLB,Ross Detwiler,2013,3000000,1503048.051713983,2240865135477.302,MLB,MLB,gbm
MLB,Taylor Jordan,2013,504300,325592.24409852945,31936462019.33958,MLB,MLB,gbm
MLB,Jeremy Hellickson,2014,4275000,1326732.79785834,8692279495224.214,MLB,MLB,gbm
MLB,Rubby De La Rosa,2014,516000,-588989.7075285285,1221002253743.983,MLB,MLB,gbm
MLB,Chase Anderson,2014,512500,1460678.5308244838,899042526316.4767,MLB,MLB,gbm
MLB,Robbie Ray,2014,508500,-588989.7075285285,1204483658131.0552,MLB,MLB,gbm
MLB,Allen Webster,2014,507500,-358686.48218857707,750279021926.2222,MLB,MLB,gbm
MLB,Jhoulys Chacín,2014,507500,42996.119276978265,215763855206.74722,MLB,MLB,gbm
MLB,Andrew Chafin,2014,507500,-474740.63242859096,964796659993.7183,MLB,MLB,gbm
MLB,Jesse Chavez,2014,2150000,6389620.6297563845,17974383084255.92,MLB,MLB,gbm
MLB,Drew Pomeranz,2014,517500,1143886.3303638329,392359834866.66876,MLB,MLB,gbm
MLB,Sonny Gray,2014,512500,9672418.124172078,83904100041536.125,MLB,MLB,gbm
MLB,Chris Bassitt,2014,507500,-588989.7075285285,1202289678715.998,MLB,MLB,gbm
MLB,Brad Mills,2014,507500,4900703.105591767,19300233526981.14,MLB,MLB,gbm
MLB,Jesse Hahn,2014,507500,1423515.417686563,839084245439.4884,MLB,MLB,gbm
MLB,Mike Minor,2014,5600000,916712.797327012,21933179022720.582,MLB,MLB,gbm
MLB,Eric Stults,2014,2000000,7315453.796819427,28254049066122.062,MLB,MLB,gbm
MLB,Shelby Miller,2014,535000,2667742.2949816333,4548589696803.524,MLB,MLB,gbm
MLB,Alex Wood,2014,520000,4003484.8751761233,12134666875580.812,MLB,MLB,gbm
MLB,Edwin Jackson,2014,507500,4739654.345532968,17911130404413.582,MLB,MLB,gbm
MLB,Bud Norris,2014,8800000,8151599.222084932,420423568800.8653,MLB,MLB,gbm
MLB,Chris Tillman,2014,4315000,5316575.870921066,1003154225211.2919,MLB,MLB,gbm
MLB,Miguel González,2014,3275000,6115641.890613014,8069246350705.478,MLB,MLB,gbm
MLB,Kevin Gausman,2014,522000,316662.3234314499,42163561418.570496,MLB,MLB,gbm
MLB,Wade Miley,2014,6416667,4935526.302163377,2193777766787.9573,MLB,MLB,gbm
MLB,Rick Porcello,2014,12500000,6040682.087341179,41722787896795.11,MLB,MLB,gbm
MLB,Joe Kelly,2014,603000,339866.85731385165,69239050779.8889,MLB,MLB,gbm
MLB,Brandon Workman,2014,539500,-588989.7075285285,1273489019997.8237,MLB,MLB,gbm
MLB,Jon Lester,2014,25833333,16704624.901162965,83333311553772.875,MLB,MLB,gbm
MLB,Jason Hammel,2014,10000000,9133367.225148743,751052366446.3895,MLB,MLB,gbm
MLB,Travis Wood,2014,5685000,2908447.975975895,7709241142112.355,MLB,MLB,gbm
MLB,Tsuyoshi Wada,2014,4000000,5332135.7082156455,1774585545103.1995,MLB,MLB,gbm
MLB,Jake Arrieta,2014,3630000,5659678.6782606365,4119595536985.844,MLB,MLB,gbm
MLB,Félix Doubront,2014,1925000,-71252.95582295945,3985025863631.903,MLB,MLB,gbm
MLB,Kyle Hendricks,2014,510000,1129833.5798859142,384193666754.188,MLB,MLB,gbm
MLB,Dallas Beeler,2014,508000,183411.41282203884,105357750926.18488,MLB,MLB,gbm
MLB,Trevor Cahill,2014,507500,713174.8584962387,42302147417.447815,MLB,MLB,gbm
MLB,Jeff Samardzija,2014,9800000,14418017.198449617,21326082845176.453,MLB,MLB,gbm
MLB,Héctor Noesí,2014,1950000,2419775.225230469,220688762240.3378,MLB,MLB,gbm
MLB,Erik Johnson,2014,510000,-474740.63242859096,969714113155.8612,MLB,MLB,gbm
MLB,Scott Carroll,2014,507500,4153131.8132866533,13290631318047.73,MLB,MLB,gbm
MLB,Mike Leake,2014,9775000,8330282.177570894,2087209586444.2969,MLB,MLB,gbm
MLB,Tony Cingrani,2014,525500,410596.20634377963,13202881796.591269,MLB,MLB,gbm
MLB,David Holmberg,2014,507500,-408173.1197316697,838457262199.1289,MLB,MLB,gbm
MLB,Dylan Axelrod,2014,507500,5140966.112502699,21469008215710.87,MLB,MLB,gbm
MLB,Corey Kluber,2014,7700000,15617088.844245046,62680295767669.37,MLB,MLB,gbm
MLB,Gavin Floyd,2014,4000000,5832654.60228997,3358622891294.6084,MLB,MLB,gbm
MLB,Trevor Bauer,2014,1940000,843971.5994254812,1201278254865.938,MLB,MLB,gbm
MLB,Josh Tomlin,2014,1500000,5429144.004733174,15438172609930.645,MLB,MLB,gbm
MLB,Bruce Chen,2014,1000000,4321921.286920852,11035161036497.89,MLB,MLB,gbm
MLB,Corey Kluber,2014,601000,15617088.844245046,225482924178260.53,MLB,MLB,gbm
MLB,Zach McAllister,2014,520400,303170.71982252947,47188560166.42199,MLB,MLB,gbm
MLB,Danny Salazar,2014,507500,1198473.352982059,477444174531.2689,MLB,MLB,gbm
MLB,Jhoulys Chacín,2014,505700,42996.119276978265,214094881236.14435,MLB,MLB,gbm
MLB,Jorge De La Rosa,2014,12500000,8615741.0265626,15087467772728.969,MLB,MLB,gbm
MLB,Jhoulys Chacín,2014,5500000,42996.119276978265,29778891354226.12,MLB,MLB,gbm
MLB,Kyle Kendrick,2014,5500000,7632953.872972065,4549492224226.53,MLB,MLB,gbm
MLB,Jordan Lyles,2014,2475000,2909.132286219665,6111233258233.87,MLB,MLB,gbm
MLB,Tyler Chatwood,2014,1000000,-4711.819543380155,1009445840330.1697,MLB,MLB,gbm
MLB,Tyler Matzek,2014,509500,-472935.55728851474,965179624224.7944,MLB,MLB,gbm
MLB,Christian Bergman,2014,509500,593735.0487781104,7095543442.650641,MLB,MLB,gbm
MLB,Eddie Butler,2014,509500,-474740.63242859096,968729622523.4326,MLB,MLB,gbm
MLB,Yohan Flande,2014,507500,2513430.837933839,4023758526573.9526,MLB,MLB,gbm
MLB,David Price,2014,19750000,13546135.77269131,38487931350880.45,MLB,MLB,gbm
MLB,Alfredo Simón,2014,5500000,10898549.405667987,29144335685438.17,MLB,MLB,gbm
MLB,Shane Greene,2014,515000,717979.7667926027,41200785727.17939,MLB,MLB,gbm
MLB,Drew VerHagen,2014,507500,-474740.63242859096,964796659993.7183,MLB,MLB,gbm
MLB,Randy Wolf,2014,507500,4951857.8446479095,19752316651283.41,MLB,MLB,gbm
MLB,Kyle Lobstein,2014,507500,-487370.74795759347,989767805141.7015,MLB,MLB,gbm
MLB,Buck Farmer,2014,507500,1229947.821096859,521930854207.5991,MLB,MLB,gbm
MLB,Dallas Keuchel,2014,524500,6000948.296917725,29991485948813.055,MLB,MLB,gbm
MLB,Collin McHugh,2014,516300,4777747.379237013,18159933766006.008,MLB,MLB,gbm
MLB,Brad Peacock,2014,515800,656789.2050485662,19877955940.22665,MLB,MLB,gbm
MLB,Brett Oberholtzer,2014,515800,1068529.3315411916,305509713945.9725,MLB,MLB,gbm
MLB,Dan Straily,2014,507500,250532.6295167917,66032229493.054436,MLB,MLB,gbm
MLB,Yordano Ventura,2014,4800000,4872568.573443031,5266197851.556575,MLB,MLB,gbm
MLB,Edinson Vólquez,2014,10000000,10728296.491408996,530415779398.6542,MLB,MLB,gbm
MLB,Danny Duffy,2014,2425000,1054527.446723874,1878195019283.184,MLB,MLB,gbm
MLB,Franklin Morales,2014,1850000,3037577.951440725,1410341390748.149,MLB,MLB,gbm
MLB,Chris Young,2014,675000,7097299.623123418,41245932449171.195,MLB,MLB,gbm
MLB,Yordano Ventura,2014,535675,4872568.573443031,18808645867371.46,MLB,MLB,gbm
MLB,Brian Flynn,2014,508450,-100316.95678310221,370597207670.9595,MLB,MLB,gbm
MLB,Aaron Brooks,2014,507500,-588989.7075285285,1202289678715.998,MLB,MLB,gbm
MLB,Yohan Pino,2014,507500,5355319.1448361995,23501350461040.38,MLB,MLB,gbm
MLB,Garrett Richards,2014,3200000,5550266.767223254,5523753877114.045,MLB,MLB,gbm
MLB,Héctor Santiago,2014,2290000,421993.7689886862,3489447279097.094,MLB,MLB,gbm
MLB,Matt Shoemaker,2014,517500,5489876.871381598,24724531751050.645,MLB,MLB,gbm
MLB,Tyler Skaggs,2014,515000,30499.810547263696,234740433579.73737,MLB,MLB,gbm
MLB,Andrew Heaney,2014,509250,40946.85019852656,219307840113.98126,MLB,MLB,gbm
MLB,Nick Tropeano,2014,507500,-293924.044631732,642280499313.8843,MLB,MLB,gbm
MLB,Mat Latos,2014,507500,1367941.244268753,740359134838.76,MLB,MLB,gbm
MLB,Brandon McCarthy,2014,12000000,9454929.00739602,6477386357394.208,MLB,MLB,gbm
MLB,Brett Anderson,2014,10000000,570551.6121575581,88914496898984.44,MLB,MLB,gbm
MLB,Mike Bolsinger,2014,507500,906621.5618221,159298021111.31235,MLB,MLB,gbm
MLB,Mat Latos,2014,9400000,1367941.244268753,64513967855518.99,MLB,MLB,gbm
MLB,Henderson Alvarez III,2014,4000000,4294677.294217544,86834707727.3728,MLB,MLB,gbm
MLB,David Phelps,2014,1400000,1164128.7942153555,55635225718.30209,MLB,MLB,gbm
MLB,José Fernández,2014,651000,5448407.632486451,23015119992239.258,MLB,MLB,gbm
MLB,Tom Koehler,2014,555000,5691781.359214962,26386522732378.316,MLB,MLB,gbm
MLB,Jarred Cosart,2014,540000,3621197.8362873937,9493780106342.117,MLB,MLB,gbm
MLB,Brad Hand,2014,520000,-668187.3357544523,1411789144847.2634,MLB,MLB,gbm
MLB,André Rienzo,2014,507500,-588989.7075285285,1202289678715.998,MLB,MLB,gbm
MLB,Wily Peralta,2014,525500,5886019.451647672,28735168791493.06,MLB,MLB,gbm
MLB,Jimmy Nelson,2014,511500,-170359.81878744447,464932812476.8467,MLB,MLB,gbm
MLB,Ervin Santana,2014,13750000,9871749.886023823,15040823946556.229,MLB,MLB,gbm
MLB,Phil Hughes,2014,14000000,12411140.199195717,2524475466611.827,MLB,MLB,gbm
MLB,Tommy Milone,2014,2775000,1086300.7599318027,2851705123406.9067,MLB,MLB,gbm
MLB,Kyle Gibson,2014,537500,3720091.955459341,10128891554954.512,MLB,MLB,gbm
MLB,Trevor May,2014,510000,388884.8101165316,14668889220.508602,MLB,MLB,gbm
MLB,Logan Darnell,2014,507500,274635.73501659377,54225765906.26203,MLB,MLB,gbm
MLB,Dillon Gee,2014,5300000,3023207.6692521754,5183783317352.111,MLB,MLB,gbm
MLB,Jacob deGrom,2014,556875,2654782.4383812733,4401215620015.476,MLB,MLB,gbm
MLB,Zack Wheeler,2014,546250,4614824.489224458,16553298374368.06,MLB,MLB,gbm
MLB,Rafael Montero,2014,511000,274635.73501659377,55868065761.145874,MLB,MLB,gbm
MLB,Nathan Eovaldi,2014,3300000,3080583.009745507,48143815612.34026,MLB,MLB,gbm
MLB,Iván Nova,2014,3300000,1081726.785865584,4920736052546.233,MLB,MLB,gbm
MLB,Michael Pineda,2014,2100000,1024446.5206457044,1156815286951.1313,MLB,MLB,gbm
MLB,Chase Whitley,2014,524525,40946.85019852656,233847826965.41626,MLB,MLB,gbm
MLB,Aaron Harang,2014,5000000,9265537.287417406,18194808350348.242,MLB,MLB,gbm
MLB,Kevin Correia,2014,650000,4838394.766413794,17542650719322.459,MLB,MLB,gbm
MLB,David Buchanan,2014,512500,33268.70947340644,229662629819.78433,MLB,MLB,gbm
MLB,Jonathan Pettibone,2014,510000,-474740.63242859096,969714113155.8612,MLB,MLB,gbm
MLB,Sean O'Sullivan,2014,507500,558683.6019040964,2619761103.8770237,MLB,MLB,gbm
MLB,Francisco Liriano,2014,13000000,7590223.810783389,29265678417414.996,MLB,MLB,gbm
MLB,A.J. Burnett,2014,8500000,11211381.403836127,7351589117068.369,MLB,MLB,gbm
MLB,Vance Worley,2014,2450000,1701556.2045340447,560168114971.4847,MLB,MLB,gbm
MLB,Gerrit Cole,2014,531000,2451130.7092201393,3686901940490.2354,MLB,MLB,gbm
MLB,Jeff Locke,2014,531000,570865.9194185984,1589291531.0901816,MLB,MLB,gbm
MLB,Brandon Cumpton,2014,520500,-38250.77802739719,312202431946.22174,MLB,MLB,gbm
MLB,James Shields,2014,18750000,14555482.191066844,17593979649457.402,MLB,MLB,gbm
MLB,Ian Kennedy,2014,9850000,10553709.294774903,495206771552.5913,MLB,MLB,gbm
MLB,Tyson Ross,2014,5250000,8416145.900438827,10024479862865.588,MLB,MLB,gbm
MLB,Andrew Cashner,2014,4050000,2277254.247204626,3142627504054.037,MLB,MLB,gbm
MLB,Joe Wieland,2014,590000,-474740.63242859096,1133672614344.4358,MLB,MLB,gbm
MLB,Odrisamer Despaigne,2014,517300,1446878.9011549407,864116933472.427,MLB,MLB,gbm
MLB,Bud Norris,2014,507500,8151599.222084932,58432252917079.46,MLB,MLB,gbm
MLB,Robbie Erlin,2014,507500,40946.85019852656,217671841589.6761,MLB,MLB,gbm
MLB,Erasmo Ramírez,2014,522800,-553938.2606545148,1159365281957.3096,MLB,MLB,gbm
MLB,James Paxton,2014,519000,315312.3346927249,41488664998.328514,MLB,MLB,gbm
MLB,Taijuan Walker,2014,513100,889479.9995240786,141661904041.7454,MLB,MLB,gbm
MLB,Roenis Elías,2014,507500,1995014.7679826093,2212700184966.356,MLB,MLB,gbm
MLB,Jake Peavy,2014,12000000,8448686.988223093,12611824107615.969,MLB,MLB,gbm
MLB,Ryan Vogelsong,2014,4000000,7736258.411662846,13959626918721.371,MLB,MLB,gbm
MLB,Kevin Correia,2014,850000,4838394.766413794,15907292812756.941,MLB,MLB,gbm
MLB,Lance Lynn,2014,7833333,7589711.046690232,59351656134.46672,MLB,MLB,gbm
MLB,Michael Wacha,2014,520000,978019.8599267228,209782192087.2948,MLB,MLB,gbm
MLB,Marco Gonzales,2014,507500,255212.58858020668,63648937960.90006,MLB,MLB,gbm
MLB,Alex Cobb,2014,4000000,3244473.501005408,570820290683.0254,MLB,MLB,gbm
MLB,Drew Smyly,2014,2650000,1752286.418831886,805889673813.6799,MLB,MLB,gbm
MLB,Jake Odorizzi,2014,522000,3283436.418725649,7625531094664.337,MLB,MLB,gbm
MLB,Alex Colomé,2014,510800,164206.73757869712,120126889555.8421,MLB,MLB,gbm
MLB,Nate Karns,2014,508800,2457282.409641767,3796583700683.386,MLB,MLB,gbm
MLB,Colby Lewis,2014,4000000,6300723.309332506,5293327746105.917,MLB,MLB,gbm
MLB,Nick Tepesch,2014,517760,-470166.658362372,975999082303.0431,MLB,MLB,gbm
MLB,Tanner Scheppers,2014,515200,952309.1222128513,191064384721.6894,MLB,MLB,gbm
MLB,Nick Martinez,2014,515000,-292520.0377756757,652088611409.2288,MLB,MLB,gbm
MLB,Anthony Ranaudo,2014,508500,-474740.63242859096,966762141258.5754,MLB,MLB,gbm
MLB,Lisalverto Bonilla,2014,508500,1151702.4042338287,413709332812.1775,MLB,MLB,gbm
MLB,Wandy Rodríguez,2014,507500,4565588.0256735245,16468078424114.844,MLB,MLB,gbm
MLB,Drew Hutchison,2014,520100,3951685.746834712,11775780737879.148,MLB,MLB,gbm
MLB,Liam Hendriks,2014,518400,155195.92529846422,131917199879.79877,MLB,MLB,gbm
MLB,Marcus Stroman,2014,514700,1855892.374701201,1798796985956.6467,MLB,MLB,gbm
MLB,Félix Doubront,2014,507500,-71252.95582295945,334954983873.81244,MLB,MLB,gbm
MLB,Max Scherzer,2014,30000000,18298691.45652385,136920621629627.92,MLB,MLB,gbm
MLB,Doug Fister,2014,11400000,8281359.903729513,9725916050065.99,MLB,MLB,gbm
MLB,Stephen Strasburg,2014,7400000,10968438.081602305,12733750342229.54,MLB,MLB,gbm
MLB,Tanner Roark,2014,529600,8005577.399413882,55890238076547.15,MLB,MLB,gbm
MLB,Taylor Jordan,2014,507500,-345322.96877585887,727307016071.6696,MLB,MLB,gbm
MLB,Zack Greinke,2015,34416667,18314905.840365633,259266712441909.88,MLB,MLB,gbm
MLB,Shelby Miller,2015,4350000,3449809.982620261,810342067390.1345,MLB,MLB,gbm
MLB,Patrick Corbin,2015,2525000,1448628.7092288304,1158575155596.3938,MLB,MLB,gbm
MLB,Rubby De La Rosa,2015,2350000,3793983.6043483447,2085088649626.837,MLB,MLB,gbm
MLB,Robbie Ray,2015,521000,821461.0504279177,90276842824.24773,MLB,MLB,gbm
MLB,Archie Bradley,2015,507500,-474740.63242859096,964796659993.7183,MLB,MLB,gbm
MLB,Zack Godley,2015,507500,1143886.3303638329,404987561473.94543,MLB,MLB,gbm
MLB,Tyler Wagner,2015,507500,-474740.63242859096,964796659993.7183,MLB,MLB,gbm
MLB,Rich Hill,2015,6000000,9243327.540484032,10519173534862.197,MLB,MLB,gbm
MLB,Henderson Alvarez III,2015,4250000,-345322.96877585887,21116993187358.977,MLB,MLB,gbm
MLB,Félix Doubront,2015,2000000,838060.0471129135,1350104454115.245,MLB,MLB,gbm
MLB,Sonny Gray,2015,527500,6410257.413783218,34606834789421.414,MLB,MLB,gbm
MLB,Kendall Graveman,2015,512500,-276719.9550365106,622868137427.8318,MLB,MLB,gbm
MLB,Chris Bassitt,2015,510000,423316.8231191298,7513973154.160228,MLB,MLB,gbm
MLB,Jesse Hahn,2015,507500,765819.8544805676,66729147218.86163,MLB,MLB,gbm
MLB,Jhoulys Chacín,2015,1100000,1446878.9011549407,120324972066.45914,MLB,MLB,gbm
MLB,Williams Pérez,2015,511250,-190537.5710396418,492505794865.7202,MLB,MLB,gbm
MLB,Roberto Hernández,2015,507500,4372141.322347663,14935452550397.096,MLB,MLB,gbm
MLB,Mike Foltynewicz,2015,507500,-39853.07431659008,299595387963.8226,MLB,MLB,gbm
MLB,Ryan Weber,2015,507500,336012.51309532335,29407958164.881645,MLB,MLB,gbm
MLB,Matt Wisler,2015,507500,614213.5459116005,11387780881.02726,MLB,MLB,gbm
MLB,Manny Bañuelos,2015,507500,-474740.63242859096,964796659993.7183,MLB,MLB,gbm
MLB,Yovani Gallardo,2015,11000000,8757510.01175582,5028761347375.381,MLB,MLB,gbm
MLB,Chris Tillman,2015,6225000,3170895.2331592194,9327555926839.578,MLB,MLB,gbm
MLB,Miguel González,2015,5100000,5326491.071165969,51298205317.90788,MLB,MLB,gbm
MLB,Kevin Gausman,2015,532000,904572.2927436493,138810113320.25955,MLB,MLB,gbm
MLB,Tyler Wilson,2015,511500,-145818.85273056655,432068074155.0282,MLB,MLB,gbm
MLB,Odrisamer Despaigne,2015,507500,2870235.253165067,5582517876548.994,MLB,MLB,gbm
MLB,David Price,2015,31000000,18027809.657615803,168277722279045.8,MLB,MLB,gbm
MLB,Rick Porcello,2015,20625000,3402879.799786493,296601424190602.1,MLB,MLB,gbm
MLB,Joe Kelly,2015,2600000,2205842.670657636,155360000274.3047,MLB,MLB,gbm
MLB,Roenis Elías,2015,558000,796257.0601114068,56766426692.930534,MLB,MLB,gbm
MLB,Eduardo Rodríguez,2015,521000,520549.3622198007,203074.40894294635,MLB,MLB,gbm
MLB,Steven Wright,2015,514500,4618792.024957725,16845213026131.582,MLB,MLB,gbm
MLB,Sean O'Sullivan,2015,507500,1002529.1576396598,245053866913.43118,MLB,MLB,gbm
MLB,Henry Owens,2015,507500,-474740.63242859096,964796659993.7183,MLB,MLB,gbm
MLB,John Lackey,2015,16000000,14761005.288500208,1535107895124.452,MLB,MLB,gbm
MLB,Jake Arrieta,2015,10700000,18061228.30842343,54187682208734.47,MLB,MLB,gbm
MLB,Kyle Hendricks,2015,541000,4160293.744767337,13099287210911.975,MLB,MLB,gbm
MLB,Aaron Brooks,2015,510000,40946.85019852656,220010857338.68347,MLB,MLB,gbm
MLB,Dallas Beeler,2015,508500,338222.1666965434,28994540514.519753,MLB,MLB,gbm
MLB,Carlos Rodón,2015,518000,1219380.1310417308,491934088220.1154,MLB,MLB,gbm
MLB,Miguel González,2015,507500,5326491.071165969,23222674943977.33,MLB,MLB,gbm
MLB,Chris Beck,2015,507500,-474740.63242859096,964796659993.7183,MLB,MLB,gbm
MLB,Erik Johnson,2015,507500,394252.82215898676,12824923288.95408,MLB,MLB,gbm
MLB,Alfredo Simón,2015,2000000,8497883.132162983,42222485199248.21,MLB,MLB,gbm
MLB,Anthony DeSclafani,2015,540000,2672937.862158506,4549423923829.299,MLB,MLB,gbm
MLB,Michael Lorenzen,2015,516500,-586220.8086023859,1215993181724.7,MLB,MLB,gbm
MLB,Jon Moscot,2015,508000,-474740.63242859096,965779150626.1469,MLB,MLB,gbm
MLB,Josh A. Smith,2015,507500,1736736.9365320504,1511023446134.7,MLB,MLB,gbm
MLB,John Lamb,2015,507500,1079650.3038159017,327355970156.62866,MLB,MLB,gbm
MLB,Keyvius Sampson,2015,507500,-474740.63242859096,964796659993.7183,MLB,MLB,gbm
MLB,Josh Tomlin,2015,1833333,6764123.235629755,24312692347781.734,MLB,MLB,gbm
MLB,Trevor Bauer,2015,1697500,3190787.7782972255,2229908388811.864,MLB,MLB,gbm
MLB,Danny Salazar,2015,536200,5461657.708473035,24260133637956.44,MLB,MLB,gbm
MLB,Cody Anderson,2015,511400,1063325.3429772197,304621584220.5216,MLB,MLB,gbm
MLB,Jordan Lyles,2015,2975000,-474740.63242859096,11900710431028.816,MLB,MLB,gbm
MLB,Chad Bettis,2015,512500,971476.7639248502,210659669822.9276,MLB,MLB,gbm
MLB,Chris Rusin,2015,512500,2781090.060895858,5146500864395.472,MLB,MLB,gbm
MLB,Tyler Matzek,2015,509500,-474740.63242859096,968729622523.4326,MLB,MLB,gbm
MLB,Jon Gray,2015,509500,309687.18189060787,39925162280.817024,MLB,MLB,gbm
MLB,Yohan Flande,2015,507500,3957880.0348207187,11905122384689.424,MLB,MLB,gbm
MLB,Eddie Butler,2015,507500,-553938.2606545148,1126651181181.2815,MLB,MLB,gbm
MLB,David Hale,2015,507500,1833580.5794471335,1758489703186.8452,MLB,MLB,gbm
MLB,Jordan Zimmermann,2015,22000000,10428160.167501612,133907477108996.33,MLB,MLB,gbm
MLB,Mike Pelfrey,2015,8000000,5586370.78294963,5825605997399.182,MLB,MLB,gbm
MLB,Shane Greene,2015,517000,-150450.58404888323,445490282147.19543,MLB,MLB,gbm
MLB,Daniel Norris,2015,514500,-293924.044631732,653549435938.7285,MLB,MLB,gbm
MLB,Matthew Boyd,2015,507500,-474740.63242859096,964796659993.7183,MLB,MLB,gbm
MLB,Dallas Keuchel,2015,7250000,13735183.252317185,42057601816135.3,MLB,MLB,gbm
MLB,Doug Fister,2015,7000000,4988714.366661999,4045269898871.8423,MLB,MLB,gbm
MLB,Collin McHugh,2015,529000,9897268.41701156,87764453133176.3,MLB,MLB,gbm
MLB,Dan Straily,2015,512100,417419.79492246715,8964341233.523678,MLB,MLB,gbm
MLB,Brad Peacock,2015,507500,952309.1222128513,197855155203.76727,MLB,MLB,gbm
MLB,Ian Kennedy,2015,14000000,7607696.515773027,40861543834460.3,MLB,MLB,gbm
MLB,Chris Young,2015,5750000,6263276.734933131,263453006623.616,MLB,MLB,gbm
MLB,Danny Duffy,2015,4225000,719324.1787457607,12289762963726.586,MLB,MLB,gbm
MLB,Dillon Gee,2015,2000000,4201546.77357339,4846808196231.404,MLB,MLB,gbm
MLB,Garrett Richards,2015,6425000,7627956.63369712,1447104662555.9058,MLB,MLB,gbm
MLB,Héctor Santiago,2015,5000000,5670474.060491167,449535465791.51306,MLB,MLB,gbm
MLB,Tim Lincecum,2015,2500000,4752655.971357612,5074458925293.106,MLB,MLB,gbm
MLB,Matt Shoemaker,2015,530000,3704703.535646126,10078742539244.014,MLB,MLB,gbm
MLB,Andrew Heaney,2015,515000,344253.00169249385,29154537431.023506,MLB,MLB,gbm
MLB,Nick Tropeano,2015,507500,991111.9092884293,233880478805.59998,MLB,MLB,gbm
MLB,Scott Kazmir,2015,16000000,8336545.584028458,58728533585673.73,MLB,MLB,gbm
MLB,Brett Anderson,2015,15800000,4929466.437906449,118168499924602.33,MLB,MLB,gbm
MLB,Brandon Beachy,2015,1500000,2238493.6202979363,545372827220.75244,MLB,MLB,gbm
MLB,Joe Wieland,2015,590000,-474740.63242859096,1133672614344.4358,MLB,MLB,gbm
MLB,Alex Wood,2015,530000,3469232.497744403,8639087675796.801,MLB,MLB,gbm
MLB,Carlos Frías,2015,517500,-472935.55728851474,980962593141.4106,MLB,MLB,gbm
MLB,Mike Bolsinger,2015,515000,1966801.752124458,2107728327471.6465,MLB,MLB,gbm
MLB,Zach Lee,2015,507500,155195.92529846422,124118161051.30528,MLB,MLB,gbm
MLB,Wei-Yin Chen,2015,16000000,8540133.653919613,55649605901382.74,MLB,MLB,gbm
MLB,Tom Koehler,2015,3500000,7517246.276821407,16138267648635.453,MLB,MLB,gbm
MLB,José Fernández,2015,2800000,2567523.061617637,54045526879.63698,MLB,MLB,gbm
MLB,David Phelps,2015,2500000,2332859.837076654,27935834062.04258,MLB,MLB,gbm
MLB,Jarred Cosart,2015,550000,-293924.044631732,712207793107.5814,MLB,MLB,gbm
MLB,Adam Conley,2015,512500,89564.5893361423,178874361593.40598,MLB,MLB,gbm
MLB,Jeremy Guthrie,2015,507500,4957932.5967179965,19806350297930.09,MLB,MLB,gbm
MLB,Justin Nicolino,2015,507500,-48697.81767866005,309356012390.50397,MLB,MLB,gbm
MLB,Wily Peralta,2015,2800000,161819.16844313504,6959998099994.071,MLB,MLB,gbm
MLB,Jimmy Nelson,2015,522300,4093422.8483301513,12752918397865.652,MLB,MLB,gbm
MLB,Chase Anderson,2015,520200,1796582.2042576424,1629151531345.598,MLB,MLB,gbm
MLB,Taylor Jungmann,2015,518500,1064603.8145419573,298229376257.27655,MLB,MLB,gbm
MLB,Tyler Cravy,2015,510600,-299777.4824401768,656711664046.0792,MLB,MLB,gbm
MLB,Ariel Peña,2015,510100,1008240.5213930352,248143979053.72495,MLB,MLB,gbm
MLB,Zach Davies,2015,507500,-198879.644775136,498972202552.64734,MLB,MLB,gbm
MLB,Tommy Milone,2015,4500000,2966114.4343049624,2352804928647.5854,MLB,MLB,gbm
MLB,Kyle Gibson,2015,587500,5659172.466937246,25721861611889.33,MLB,MLB,gbm
MLB,Tyler Duffey,2015,507500,982274.4178103156,225410747807.12415,MLB,MLB,gbm
MLB,Bartolo Colon,2015,7250000,10744413.651353607,12210926766766.447,MLB,MLB,gbm
MLB,Matt Harvey,2015,4325000,6136099.086346378,3280079900564.6836,MLB,MLB,gbm
MLB,Jacob deGrom,2015,607000,7412414.728616395,46313669628468.96,MLB,MLB,gbm
MLB,Noah Syndergaard,2015,535375,3353104.0157953603,7939596806455.09,MLB,MLB,gbm
MLB,Steven Matz,2015,515750,995637.9312230337,230292426533.52313,MLB,MLB,gbm
MLB,Nathan Eovaldi,2015,5600000,1612073.6207864922,15903556806026.959,MLB,MLB,gbm
MLB,Michael Pineda,2015,4300000,3439173.762539551,741021811100.3131,MLB,MLB,gbm
MLB,Iván Nova,2015,4100000,2433745.3987638736,2776404396140.5625,MLB,MLB,gbm
MLB,Luis Severino,2015,521300,1024738.8250074342,253450650524.866,MLB,MLB,gbm
MLB,Jeremy Hellickson,2015,7000000,3626641.8464101222,11379545232391.309,MLB,MLB,gbm
MLB,Brett Oberholtzer,2015,518000,-474740.63242859096,985533963274.7186,MLB,MLB,gbm
MLB,Aaron Nola,2015,517500,1134139.8998956461,380244766143.3125,MLB,MLB,gbm
MLB,Jerad Eickhoff,2015,516000,1772017.8129508118,1577580746449.7405,MLB,MLB,gbm
MLB,Alec Asher,2015,507500,-259582.53287548161,588415612242.6644,MLB,MLB,gbm
MLB,Severino González,2015,507500,1018821.3678435868,261449541213.43665,MLB,MLB,gbm
MLB,Adam Morgan,2015,507500,271250.0755384783,55814026808.0747,MLB,MLB,gbm
MLB,Jeff Locke,2015,3025000,2917751.363331175,11502270067.321646,MLB,MLB,gbm
MLB,Ryan Vogelsong,2015,2000000,4974427.248284009,8847217455334.383,MLB,MLB,gbm
MLB,Gerrit Cole,2015,548000,9281788.650925482,76279064199034.75,MLB,MLB,gbm
MLB,Kyle Lobstein,2015,520000,-588989.7075285285,1229858171404.2112,MLB,MLB,gbm
MLB,Tyson Ross,2015,9625000,9108176.832769655,267106186186.00546,MLB,MLB,gbm
MLB,Andrew Cashner,2015,7150000,4312463.6128797885,8051612748231.223,MLB,MLB,gbm
MLB,Jeremy Guthrie,2015,1250000,4957932.5967179965,13748764141803.865,MLB,MLB,gbm
MLB,Robbie Erlin,2015,516400,155195.92529846422,130468383580.99261,MLB,MLB,gbm
MLB,Colin Rea,2015,510200,-4711.819543380155,265134181905.47452,MLB,MLB,gbm
MLB,Brandon Morrow,2015,507500,5724258.964998475,27214574098891.965,MLB,MLB,gbm
MLB,Casey Kelly,2015,507500,-199803.414792688,500278120577.3972,MLB,MLB,gbm
MLB,Hisashi Iwakuma,2015,12000000,6568354.971563732,29502767714936.426,MLB,MLB,gbm
MLB,Taijuan Walker,2015,528600,3237407.4787899535,7337637957148.385,MLB,MLB,gbm
MLB,Nate Karns,2015,523700,3580156.2876654696,9341925038409.783,MLB,MLB,gbm
MLB,Mike Montgomery,2015,515000,-260262.2549354549,601031563927.6063,MLB,MLB,gbm
MLB,Donn Roach,2015,507500,-345322.96877585887,727307016071.6696,MLB,MLB,gbm
MLB,James Paxton,2015,507500,332208.34436533024,30727164535.14365,MLB,MLB,gbm
MLB,Johnny Cueto,2015,21666667,14381380.85641342,53075394193934.62,MLB,MLB,gbm
MLB,Jeff Samardzija,2015,18000000,12393504.15304509,31432795681922.656,MLB,MLB,gbm
MLB,Chris Heston,2015,530000,4614455.033678159,16682772922138.852,MLB,MLB,gbm
MLB,Mike Leake,2015,16000000,6532674.156959316,89630258618306,MLB,MLB,gbm
MLB,Carlos Martínez,2015,539000,4811356.520596417,18253030239082.72,MLB,MLB,gbm
MLB,Michael Wacha,2015,539000,4891700.617161794,18946002662640.66,MLB,MLB,gbm
MLB,Jerome Williams,2015,507500,4454107.849499729,15575713517732.879,MLB,MLB,gbm
MLB,Drew Smyly,2015,3750000,2501010.9146648482,1559973735286.339,MLB,MLB,gbm
MLB,Erasmo Ramírez,2015,2375000,1828152.7081952984,299041960554.1364,MLB,MLB,gbm
MLB,Chase Whitley,2015,524525,962144.9020923863,191511178707.34973,MLB,MLB,gbm
MLB,Jake Odorizzi,2015,520700,3002791.941805524,6160780407575.916,MLB,MLB,gbm
MLB,Colby Lewis,2015,6000000,9954097.846310038,15634889778193.682,MLB,MLB,gbm
MLB,Nick Martinez,2015,519190,-190537.5710396418,503713225093.8297,MLB,MLB,gbm
MLB,Anthony Ranaudo,2015,509500,-474740.63242859096,968729622523.4326,MLB,MLB,gbm
MLB,Chi Chi González,2015,509500,-313128.7198750737,676718010763.3026,MLB,MLB,gbm
MLB,Kyle Lohse,2015,507500,4443501.048655844,15492104255019.906,MLB,MLB,gbm
MLB,J.A. Happ,2015,12000000,8290559.653060938,13759947687499.387,MLB,MLB,gbm
MLB,Marco Estrada,2015,13000000,9050879.917370804,15595549427025.23,MLB,MLB,gbm
MLB,Jesse Chavez,2015,4000000,5735191.460417206,3010889404304.7974,MLB,MLB,gbm
MLB,Drew Hutchison,2015,2200000,1652990.2688580235,299219645964.01746,MLB,MLB,gbm
MLB,Marcus Stroman,2015,515900,908392.3704056903,154050260826.67758,MLB,MLB,gbm
MLB,Stephen Strasburg,2015,10400000,4256565.514628633,37741787276050.16,MLB,MLB,gbm
MLB,Joe Ross,2015,514400,828012.6747631194,98352909772.078125,MLB,MLB,gbm
MLB,Mat Latos,2015,507500,1638346.291056337,1278813333995.8738,MLB,MLB,gbm
MLB,Shelby Miller,2016,4700000,-471971.73350244825,26749291612148.324,MLB,MLB,gbm
MLB,Patrick Corbin,2016,3950000,295332.81790478755,13356592211883.76,MLB,MLB,gbm
MLB,Taijuan Walker,2016,2250000,856319.6257992359,1942344985432.3818,MLB,MLB,gbm
MLB,Jorge De La Rosa,2016,2250000,5377888.548472299,9783686771664.146,MLB,MLB,gbm
MLB,Robbie Ray,2016,570400,4020176.281680114,11900956393642.674,MLB,MLB,gbm
MLB,Archie Bradley,2016,544100,1469589.6774688547,856531143101.4047,MLB,MLB,gbm
MLB,Braden Shipley,2016,535000,-474740.63242859096,1019576144777.2908,MLB,MLB,gbm
MLB,Jake Buchanan,2016,535000,1895914.4134781642,1852088040812.6157,MLB,MLB,gbm
MLB,Sonny Gray,2016,3575000,840112.1081220264,7479611781140.746,MLB,MLB,gbm
MLB,Kendall Graveman,2016,545000,3116862.2649118286,6614475509677.4,MLB,MLB,gbm
MLB,Chris Bassitt,2016,540000,1241521.347301203,492132200719.29517,MLB,MLB,gbm
MLB,Daniel Mengden,2016,537500,388884.8101165316,22086474664.09936,MLB,MLB,gbm
MLB,Sean Manaea,2016,537500,1343533.1058015572,649689367648.1042,MLB,MLB,gbm
MLB,Jharel Cotton,2016,535000,1244057.9019485665,502763108315.703,MLB,MLB,gbm
MLB,Raúl Alcantara,2016,535000,155195.92529846422,144251135159.88974,MLB,MLB,gbm
MLB,Jesse Hahn,2016,535000,42996.119276978265,242067818646.51343,MLB,MLB,gbm
MLB,R.A. Dickey,2016,8000000,7819780.615280237,32479026628.769928,MLB,MLB,gbm
MLB,John Danks,2016,1500000,4436170.3620207915,8621096394809.306,MLB,MLB,gbm
MLB,Kris Medlen,2016,1000000,4436170.3620207915,11807266756830.098,MLB,MLB,gbm
MLB,Mike Foltynewicz,2016,544000,1533102.5736248738,978323901151.3489,MLB,MLB,gbm
MLB,Matt Wisler,2016,535000,-187780.85847080778,522412169371.79785,MLB,MLB,gbm
MLB,Aaron Blair,2016,535000,-553938.2606545148,1185786535517.2798,MLB,MLB,gbm
MLB,Chris Tillman,2016,10050000,6600759.119910113,11897262648883.262,MLB,MLB,gbm
MLB,Kevin Gausman,2016,3450000,3900070.528069539,202563480236.7937,MLB,MLB,gbm
MLB,Tyler Wilson,2016,545000,558683.6019040964,187240961.06979147,MLB,MLB,gbm
MLB,Alec Asher,2016,535000,908392.3704056903,139421862277.1802,MLB,MLB,gbm
MLB,Drew Pomeranz,2016,4450000,5798856.7135963645,1819414433813.9849,MLB,MLB,gbm
MLB,Steven Wright,2016,593500,7521244.99675945,47993650740125.59,MLB,MLB,gbm
MLB,Eduardo Rodríguez,2016,584500,651667.9250654568,4511530157.598816,MLB,MLB,gbm
MLB,Jake Arrieta,2016,15637500,14440158.775445294,1433626008018.1638,MLB,MLB,gbm
MLB,Kyle Hendricks,2016,760500,6648850.1790594505,34672667831229.465,MLB,MLB,gbm
MLB,Eddie Butler,2016,535000,-474740.63242859096,1019576144777.2908,MLB,MLB,gbm
MLB,Miguel González,2016,5900000,5362576.589500699,288823922152.7,MLB,MLB,gbm
MLB,Carlos Rodón,2016,600000,2193223.0429321355,2538359664529.933,MLB,MLB,gbm
MLB,Lucas Giolito,2016,535000,-588989.7075285285,1263352862630.0671,MLB,MLB,gbm
MLB,Mike Pelfrey,2016,535000,4518136.889172858,15865379477889.629,MLB,MLB,gbm
MLB,Reynaldo López,2016,535000,311492.2570306842,49955711167.23773,MLB,MLB,gbm
MLB,Anthony DeSclafani,2016,585000,2078748.7791056756,2231285415079.697,MLB,MLB,gbm
MLB,Brandon Finnegan,2016,567000,2493717.705452541,3712241116504.304,MLB,MLB,gbm
MLB,Cody Reed,2016,537000,386493.1008439776,22652326693.5611,MLB,MLB,gbm
MLB,Robert Stephenson,2016,535000,-185528.40734023912,519161185784.2616,MLB,MLB,gbm
MLB,Tim Adleman,2016,535000,2627925.499973451,4380337148439.119,MLB,MLB,gbm
MLB,Trevor Bauer,2016,3550000,3238565.7741479487,96991277032.06648,MLB,MLB,gbm
MLB,Danny Salazar,2016,3400000,3948990.8663810696,301390971369.83746,MLB,MLB,gbm
MLB,Mike Clevinger,2016,535000,274635.73501659377,67789550480.34938,MLB,MLB,gbm
MLB,Tyler Chatwood,2016,4400000,1866414.13404145,6419057340184.936,MLB,MLB,gbm
MLB,Chad Bettis,2016,545000,4488138.507731111,15548341291151.932,MLB,MLB,gbm
MLB,Jon Gray,2016,540000,2995602.1752717444,6029982043199.323,MLB,MLB,gbm
MLB,Tyler Anderson,2016,540000,2189542.7598651657,2720991316623.588,MLB,MLB,gbm
MLB,Germán Márquez,2016,537000,-345322.96877585887,778493821229.4452,MLB,MLB,gbm
MLB,Jeff Hoffman,2016,535000,-474740.63242859096,1019576144777.2908,MLB,MLB,gbm
MLB,Michael Fulmer,2016,551900,2468199.200846145,3672202627163.5737,MLB,MLB,gbm
MLB,Daniel Norris,2016,545500,801429.7325978804,65500028027.622574,MLB,MLB,gbm
MLB,Matthew Boyd,2016,544200,30905.78200970647,263470954222.26697,MLB,MLB,gbm
MLB,Charlie Morton,2016,7000000,6171377.886062144,686614607706.8407,MLB,MLB,gbm
MLB,Dallas Keuchel,2016,9150000,4866172.457166329,18351178416740.367,MLB,MLB,gbm
MLB,Collin McHugh,2016,3850000,8759396.858088613,24102177510210.34,MLB,MLB,gbm
MLB,Joe Musgrove,2016,543400,590083.483410466,2179347623.3352537,MLB,MLB,gbm
MLB,Brad Peacock,2016,541500,3782870.4795562234,10506482585738.541,MLB,MLB,gbm
MLB,Danny Duffy,2016,13000000,6780576.17245447,38681232746641.09,MLB,MLB,gbm
MLB,Jason Hammel,2016,8000000,8979162.641530631,958759478569.2432,MLB,MLB,gbm
MLB,Nate Karns,2016,571000,3396162.5726451166,7981543561874.773,MLB,MLB,gbm
MLB,Garrett Richards,2016,6850000,3839468.736319612,9063298489597.035,MLB,MLB,gbm
MLB,Matt Shoemaker,2016,3325000,6299918.266456679,8850138692097.615,MLB,MLB,gbm
MLB,Bud Norris,2016,1750000,5084051.070880327,11115896543238.258,MLB,MLB,gbm
MLB,Doug Fister,2016,1750000,8081477.143033421,40087602812754.65,MLB,MLB,gbm
MLB,Tyler Skaggs,2016,555000,601925.6165525888,2202013488.8405924,MLB,MLB,gbm
MLB,Andrew Heaney,2016,543000,1709586.8615429574,1360924905524.6472,MLB,MLB,gbm
MLB,Nick Tropeano,2016,542500,915678.8076978181,139262422514.76514,MLB,MLB,gbm
MLB,Alex Meyer,2016,535000,1597387.0555214712,1128666255739.5815,MLB,MLB,gbm
MLB,Daniel Wright,2016,535000,155195.92529846422,144251135159.88974,MLB,MLB,gbm
MLB,Rich Hill,2016,16000000,8775192.841415716,52197838478730.71,MLB,MLB,gbm
MLB,Alex Wood,2016,2800000,1079650.3038159017,2959603077160.719,MLB,MLB,gbm
MLB,Ross Stripling,2016,540000,95021.22984386332,198006105889.66794,MLB,MLB,gbm
MLB,Julio Urías,2016,540000,1395208.5701012085,731381698374.5537,MLB,MLB,gbm
MLB,Brock Stewart,2016,537500,74396.00078334764,214465314090.45715,MLB,MLB,gbm
MLB,Edinson Vólquez,2016,11000000,6920072.477302724,16645808590462.734,MLB,MLB,gbm
MLB,Tom Koehler,2016,5750000,7606840.748010113,3447857563470.7554,MLB,MLB,gbm
MLB,Jeff Locke,2016,3000000,2675532.6152742403,105279083750.77419,MLB,MLB,gbm
MLB,Dan Straily,2016,552100,5448938.307201792,23979025406878.906,MLB,MLB,gbm
MLB,Adam Conley,2016,537500,1559127.5231852569,1043722796129.6426,MLB,MLB,gbm
MLB,Justin Nicolino,2016,535000,155195.92529846422,144251135159.88974,MLB,MLB,gbm
MLB,Wily Peralta,2016,4275000,1429958.8869276617,8094258935071.891,MLB,MLB,gbm
MLB,Chase Anderson,2016,2450000,3172960.5107950238,522671900169.00165,MLB,MLB,gbm
MLB,Tommy Milone,2016,1250000,3957880.0348207187,7332614282980.656,MLB,MLB,gbm
MLB,Jimmy Nelson,2016,547000,2985588.328248023,5946713034667.488,MLB,MLB,gbm
MLB,Junior Guerra,2016,546200,6032636.001218752,30100979995469.21,MLB,MLB,gbm
MLB,Zach Davies,2016,546200,2050797.42058673,2263813398036.2407,MLB,MLB,gbm
MLB,Taylor Jungmann,2016,537600,-71252.95582295945,370701921814.35455,MLB,MLB,gbm
MLB,Héctor Santiago,2016,8000000,5932718.262268042,4273653783160.063,MLB,MLB,gbm
MLB,Kyle Gibson,2016,2900000,2772778.03783281,16185427657.669905,MLB,MLB,gbm
MLB,Nick Tepesch,2016,1000000,1582245.6799399068,339010031808.6844,MLB,MLB,gbm
MLB,Tyler Duffey,2016,542500,719200.8710804172,31223197840.578213,MLB,MLB,gbm
MLB,Tim Melville,2016,535000,592132.7524889174,3264151406.959902,MLB,MLB,gbm
MLB,Bartolo Colon,2016,535000,11618465.134504447,122843199387775.67,MLB,MLB,gbm
MLB,José Berríos,2016,535000,-100316.95678310221,403627635576.1422,MLB,MLB,gbm
MLB,Matt Harvey,2016,5125000,1630707.6400370442,12210079096895.484,MLB,MLB,gbm
MLB,Jacob deGrom,2016,4050000,5102502.211107413,1107760904385.994,MLB,MLB,gbm
MLB,Noah Syndergaard,2016,605500,6693108.398357614,37058976011754.16,MLB,MLB,gbm
MLB,Steven Matz,2016,562250,1985080.5203519731,2024446689645.0667,MLB,MLB,gbm
MLB,Robert Gsellman,2016,541750,787022.6393443774,60158667610.95705,MLB,MLB,gbm
MLB,Michael Pineda,2016,7400000,4716304.472364663,7202221685049.909,MLB,MLB,gbm
MLB,Luis Severino,2016,550975,274635.73501659377,76363389371.5692,MLB,MLB,gbm
MLB,Bryan Mitchell,2016,550625,2594.8250251794416,300337072682.93243,MLB,MLB,gbm
MLB,Chad Green,2016,535000,965401.228715964,185245217680.21158,MLB,MLB,gbm
MLB,Luis Cessa,2016,535000,221763.43799538552,98117143776.4707,MLB,MLB,gbm
MLB,Jeremy Hellickson,2016,17200000,9145045.203505028,64882296773577.35,MLB,MLB,gbm
MLB,Jerad Eickhoff,2016,552000,5622037.364021524,25705278872574.32,MLB,MLB,gbm
MLB,Vince Velasquez,2016,547000,1712904.9010442095,1359334238278.908,MLB,MLB,gbm
MLB,Aaron Nola,2016,544000,1587659.6457179,1089225456100.0126,MLB,MLB,gbm
MLB,Adam Morgan,2016,539000,850664.7259185914,97134901381.91068,MLB,MLB,gbm
MLB,Zach Eflin,2016,537000,-85554.33969275028,387573905870.27625,MLB,MLB,gbm
MLB,Jake Thompson,2016,535000,-474740.63242859096,1019576144777.2908,MLB,MLB,gbm
MLB,Iván Nova,2016,8666667,6784108.241257231,3544027480119.116,MLB,MLB,gbm
MLB,Gerrit Cole,2016,3750000,427552.84335851716,11038655108675.074,MLB,MLB,gbm
MLB,Jameson Taillon,2016,555500,1089373.5913251708,285021011514.4355,MLB,MLB,gbm
MLB,Chad Kuhl,2016,550000,-229268.81853584477,607259891542.2515,MLB,MLB,gbm
MLB,Tyler Glasnow,2016,541000,601925.6165525888,3711930752.313078,MLB,MLB,gbm
MLB,Steven Brault,2016,535000,74396.00078334764,212156044094.3739,MLB,MLB,gbm
MLB,Christian Friedrich,2016,1790000,2436514.2976900167,417980737117.61554,MLB,MLB,gbm
MLB,Jhoulys Chacín,2016,1750000,2709926.440039204,921458770286.3395,MLB,MLB,gbm
MLB,Jarred Cosart,2016,566300,-36201.508948945484,363008068285.75616,MLB,MLB,gbm
MLB,Colin Rea,2016,545800,-437884.1104145008,967634429081.9678,MLB,MLB,gbm
MLB,Robbie Erlin,2016,545500,720269.1380402718,30544251611.33959,MLB,MLB,gbm
MLB,Luis Perdomo,2016,544300,182302.3515358255,131042297493.59204,MLB,MLB,gbm
MLB,Jake Esch,2016,535000,42996.119276978265,242067818646.51343,MLB,MLB,gbm
MLB,Drew Smyly,2016,6850000,4023492.6678193845,7989143698870.78,MLB,MLB,gbm
MLB,James Paxton,2016,2350000,2564694.171651186,46093587340.9889,MLB,MLB,gbm
MLB,Aríel Miranda,2016,540500,1359392.8486591151,670585497585.0404,MLB,MLB,gbm
MLB,Rob Whalen,2016,537500,877786.6042060431,115794973002.0802,MLB,MLB,gbm
MLB,Dillon Overton,2016,536600,-459572.04387579643,992358740999.6818,MLB,MLB,gbm
MLB,Ty Blach,2016,536500,877658.7676982721,116389304777.40361,MLB,MLB,gbm
MLB,Albert Suárez,2016,535000,-21032.920396150836,309172608564.27216,MLB,MLB,gbm
MLB,Carlos Martínez,2016,10200000,6497727.720257322,13706820033351.043,MLB,MLB,gbm
MLB,Michael Wacha,2016,2775000,197123.64640948272,6645446494401.142,MLB,MLB,gbm
MLB,Luke Weaver,2016,535000,1829918.812221677,1676814730245.5989,MLB,MLB,gbm
MLB,Alex Cobb,2016,4200000,2317691.24852386,3543086235883.666,MLB,MLB,gbm
MLB,Jake Odorizzi,2016,4100000,4186839.217406892,7541049679.841493,MLB,MLB,gbm
MLB,Nathan Eovaldi,2016,2000000,482804.0131794251,2301883662424.458,MLB,MLB,gbm
MLB,Blake Snell,2016,545000,1509457.6452011461,930178549386.94,MLB,MLB,gbm
MLB,José De León,2016,535600,74396.00078334764,212709128893.43387,MLB,MLB,gbm
MLB,Matt Andriese,2016,535000,2101259.084115699,2453167518574.948,MLB,MLB,gbm
MLB,Andrew Cashner,2016,10000000,4628773.380219061,28850075401043.37,MLB,MLB,gbm
MLB,A.J. Griffin,2016,2000000,3520614.2751840535,2312267773893.5244,MLB,MLB,gbm
MLB,Chi Chi González,2016,537000,-474740.63242859096,1023619107307.0051,MLB,MLB,gbm
MLB,Marcus Stroman,2016,3400000,3643476.5179047985,59280814771.04566,MLB,MLB,gbm
MLB,Mat Latos,2016,1500000,2599125.4109866666,1208076669076.6086,MLB,MLB,gbm
MLB,Mike Bolsinger,2016,545700,3042964.5104692425,6236330035249.186,MLB,MLB,gbm
MLB,Brett Anderson,2016,535000,2317691.24852386,3177988087563.558,MLB,MLB,gbm
MLB,Lucas Harrell,2016,535000,4436170.3620207915,15219130193509.434,MLB,MLB,gbm
MLB,Aaron Sanchez,2016,535000,6332847.711990331,33615038091431.52,MLB,MLB,gbm
MLB,Stephen Strasburg,2016,25000000,7249248.300354285,315089185902475.2,MLB,MLB,gbm
MLB,Tanner Roark,2016,4315000,13715160.348703869,88363014581344.44,MLB,MLB,gbm
MLB,Edwin Jackson,2016,1000000,4358777.808934944,11281388369793.822,MLB,MLB,gbm
MLB,Joe Ross,2016,551000,834052.4649181294,80118697896.22887,MLB,MLB,gbm
MLB,A.J. Cole,2016,535000,601925.6165525888,4479038150.944143,MLB,MLB,gbm
MLB,Patrick Corbin,2017,7500000,6029167.018996062,2163349658008.9314,MLB,MLB,gbm
MLB,Shelby Miller,2017,4900000,1087438.1496189593,14535627862980.906,MLB,MLB,gbm
MLB,Taijuan Walker,2017,4825000,1592958.7104069388,10446090897634.379,MLB,MLB,gbm
MLB,Robbie Ray,2017,3950000,7141525.44151849,10185834643859.793,MLB,MLB,gbm
MLB,Clay Buchholz,2017,1500000,4436170.3620207915,8621096394809.306,MLB,MLB,gbm
MLB,Zack Godley,2017,579200,3993756.495490924,11659196060899.26,MLB,MLB,gbm
MLB,Brett Anderson,2017,4000000,4151326.738146578,22899781678.082973,MLB,MLB,gbm
MLB,Kendall Graveman,2017,2360000,288467.9331697248,4291245103906.1113,MLB,MLB,gbm
MLB,Trevor Cahill,2017,1500000,5712839.223480791,17748014322898.234,MLB,MLB,gbm
MLB,Edwin Jackson,2017,1500000,4473026.884034881,8838888853194.156,MLB,MLB,gbm
MLB,Jharel Cotton,2017,550000,662884.2894411781,12742862802.639671,MLB,MLB,gbm
MLB,Sean Manaea,2017,550000,1977011.6437737443,2036362231465.8438,MLB,MLB,gbm
MLB,Andrew Triggs,2017,550000,2563163.0624166057,4052825515878.606,MLB,MLB,gbm
MLB,Paul Blackburn,2017,547500,132012.48867791184,172629872064.62238,MLB,MLB,gbm
MLB,Daniel Gossett,2017,547500,-260262.2549354549,652479860498.4109,MLB,MLB,gbm
MLB,Daniel Mengden,2017,547500,908392.3704056903,130243303017.03795,MLB,MLB,gbm
MLB,Mike Foltynewicz,2017,2200000,1511823.2530290603,473587235071.50476,MLB,MLB,gbm
MLB,Aníbal Sánchez,2017,1000000,5314964.39311871,18618917713882.32,MLB,MLB,gbm
MLB,Luiz Gohara,2017,555000,731343.2802053207,31096952473.572247,MLB,MLB,gbm
MLB,Sean Newcomb,2017,555000,676689.8212247507,14808412589.71179,MLB,MLB,gbm
MLB,Lucas Sims,2017,545000,-668187.3357544523,1471823511634.986,MLB,MLB,gbm
MLB,Alex Cobb,2017,14250000,8613805.526139008,31766688147181.188,MLB,MLB,gbm
MLB,Andrew Cashner,2017,8000000,7645912.732832216,125377792770.34984,MLB,MLB,gbm
MLB,Kevin Gausman,2017,5600000,4041223.5925511126,2429783888419.26,MLB,MLB,gbm
MLB,Dylan Bundy,2017,1640000,3722702.6661546123,4337650395607.531,MLB,MLB,gbm
MLB,Drew Pomeranz,2017,8500000,7673559.302206267,683004226969.7928,MLB,MLB,gbm
MLB,Eduardo Rodríguez,2017,2375000,1442687.4862656766,869206623265.613,MLB,MLB,gbm
MLB,Steven Wright,2017,1100000,5066106.919747847,15730004098871.756,MLB,MLB,gbm
MLB,Brian Johnson,2017,548000,172413.7829297106,141065006453.17056,MLB,MLB,gbm
MLB,Yu Darvish,2017,21000000,9940754.82900713,122306903752129.11,MLB,MLB,gbm
MLB,Tyler Chatwood,2017,12666667,3012662.980149379,93199793615291.95,MLB,MLB,gbm
MLB,Kyle Hendricks,2017,4175000,2865114.221403736,1715800752968.7402,MLB,MLB,gbm
MLB,Eddie Butler,2017,570750,30366.003747975854,292014863405.3077,MLB,MLB,gbm
MLB,Jaime García,2017,545000,5797333.112907968,27587003128949.51,MLB,MLB,gbm
MLB,Jen-Ho Tseng,2017,545000,3891221.01066281,11197195052201.236,MLB,MLB,gbm
MLB,Miguel González,2017,4750000,5326491.071165969,332341955134.08594,MLB,MLB,gbm
MLB,Carlos Rodón,2017,2300000,1260466.8916127607,1080629083433.2357,MLB,MLB,gbm
MLB,Héctor Santiago,2017,2000000,4037077.663046642,4149685405283.5693,MLB,MLB,gbm
MLB,Lucas Giolito,2017,555000,1003307.636957352,200979737354.28497,MLB,MLB,gbm
MLB,Reynaldo López,2017,555000,-345322.96877585887,810581448105.3761,MLB,MLB,gbm
MLB,Carson Fulmer,2017,552000,641156.211409202,7948830032.842314,MLB,MLB,gbm
MLB,Dylan Covey,2017,545000,-588989.7075285285,1285932656780.6377,MLB,MLB,gbm
MLB,Tyler Danish,2017,545000,2681427.707770865,4564323350531.072,MLB,MLB,gbm
MLB,Vance Worley,2017,1500000,3957880.0348207187,6041174265570.297,MLB,MLB,gbm
MLB,Brandon Finnegan,2017,577500,2441445.3314180085,3474292198514.9897,MLB,MLB,gbm
MLB,Luis Castillo,2017,555000,1832846.7489231275,1632892313733.4065,MLB,MLB,gbm
MLB,Rookie Davis,2017,545000,-185528.40734023912,533671753931.0664,MLB,MLB,gbm
MLB,Jackson Stephens,2017,545000,61294.955770415,233970569813.14478,MLB,MLB,gbm
MLB,Amir Garrett,2017,545000,-4801.627442576103,302281829538.50525,MLB,MLB,gbm
MLB,Sal Romano,2017,545000,-63460.43476901193,370224100679.295,MLB,MLB,gbm
MLB,Tyler Mahle,2017,545000,2594.8250251794416,294203373839.4657,MLB,MLB,gbm
MLB,Trevor Bauer,2017,6525000,6059783.403650266,216426481519.23123,MLB,MLB,gbm
MLB,Danny Salazar,2017,5000000,6717836.5798010165,2950962514902.454,MLB,MLB,gbm
MLB,Adam Wilk,2017,560000,4151326.738146578,12897627740126.54,MLB,MLB,gbm
MLB,Mike Clevinger,2017,558500,3723488.700150438,10017153472079.959,MLB,MLB,gbm
MLB,Ryan Merritt,2017,545800,518282.30765229766,757223392.1427958,MLB,MLB,gbm
MLB,Chad Bettis,2017,2000000,2947627.8062509145,897998459179.9207,MLB,MLB,gbm
MLB,Jon Gray,2017,555000,2027380.5590841537,2167904510768.965,MLB,MLB,gbm
MLB,Tyler Anderson,2017,555000,2162315.4031038918,2583462805055.026,MLB,MLB,gbm
MLB,Kyle Freeland,2017,550000,1267609.1090985083,514962833461.1547,MLB,MLB,gbm
MLB,Germán Márquez,2017,550000,2045494.115743255,2236502650222.7,MLB,MLB,gbm
MLB,Antonio Senzatela,2017,545000,590489.715381013,2069314205.4455705,MLB,MLB,gbm
MLB,Jeff Hoffman,2017,545000,-183723.33220016278,531037694892.9089,MLB,MLB,gbm
MLB,Michael Fulmer,2017,575200,1945449.2957490834,1877583132500.8591,MLB,MLB,gbm
MLB,Matthew Boyd,2017,562000,549480.38589226,156740737.4067223,MLB,MLB,gbm
MLB,Daniel Norris,2017,561400,-177709.50986894965,546282867578.719,MLB,MLB,gbm
MLB,Buck Farmer,2017,554800,1235716.5184981723,463647305163.6718,MLB,MLB,gbm
MLB,Dallas Keuchel,2017,13200000,7365761.112114378,34038343400916.855,MLB,MLB,gbm
MLB,Collin McHugh,2017,5000000,5859020.8096038895,737916751332.5217,MLB,MLB,gbm
MLB,Brad Peacock,2017,2440000,8458211.142212316,36218865352248.48,MLB,MLB,gbm
MLB,David Paulino,2017,545000,1974133.4539238522,2042422429124.3193,MLB,MLB,gbm
MLB,Nate Karns,2017,1375000,6015951.9258406665,21538434777964.19,MLB,MLB,gbm
MLB,Jesse Hahn,2017,574000,838060.0471129135,69727708481.27408,MLB,MLB,gbm
MLB,Eric Skoglund,2017,545000,-588989.7075285285,1285932656780.6377,MLB,MLB,gbm
MLB,Sam Gaviglio,2017,545000,1053218.146666023,258285684600.64722,MLB,MLB,gbm
MLB,Garrett Richards,2017,7300000,6982119.549992828,101047980496.76237,MLB,MLB,gbm
MLB,Matt Shoemaker,2017,4125000,5101361.145472744,953281086388.8479,MLB,MLB,gbm
MLB,JC Ramírez,2017,1900000,3809831.4436238366,3647456143054.3076,MLB,MLB,gbm
MLB,Tyler Skaggs,2017,1875000,289554.1003364572,2513638700759.941,MLB,MLB,gbm
MLB,Andrew Heaney,2017,800000,2882985.9284390984,4338830378075.293,MLB,MLB,gbm
MLB,Alex Meyer,2017,551500,2782561.0461108,4977633391473.018,MLB,MLB,gbm
MLB,Parker Bridwell,2017,545000,1191464.575094188,417916446851.70917,MLB,MLB,gbm
MLB,Alex Wood,2017,6000000,4948474.462958355,1105705955050.719,MLB,MLB,gbm
MLB,Julio Urías,2017,550000,-474740.63242859096,1050093363750.1484,MLB,MLB,gbm
MLB,Dan Straily,2017,3370000,5832467.894510612,6063748131495.526,MLB,MLB,gbm
MLB,José Ureña,2017,575000,2674565.0372306365,4408173345561.284,MLB,MLB,gbm
MLB,Adam Conley,2017,545000,1392117.0161152976,717607238992.0853,MLB,MLB,gbm
MLB,Dillon Peters,2017,545000,74396.00078334764,221468124078.70694,MLB,MLB,gbm
MLB,Jhoulys Chacín,2017,7750000,8705321.078333875,912638362708.998,MLB,MLB,gbm
MLB,Chase Anderson,2017,5875000,7562367.184660035,2847208015867.533,MLB,MLB,gbm
MLB,Jimmy Nelson,2017,3700000,7809739.559067262,16889959243362.375,MLB,MLB,gbm
MLB,Wade Miley,2017,2500000,5820446.82516554,11025367118751.914,MLB,MLB,gbm
MLB,Yovani Gallardo,2017,2000000,4440744.33608701,5957232914140.818,MLB,MLB,gbm
MLB,Zach Davies,2017,572000,4304534.381281903,13931812907451.479,MLB,MLB,gbm
MLB,Brent Suter,2017,556500,1461801.902768061,819571535155.4718,MLB,MLB,gbm
MLB,Brandon Woodruff,2017,550100,-474740.63242859096,1050298321876.6342,MLB,MLB,gbm
MLB,Junior Guerra,2017,545000,5366363.317262835,23245544237047.688,MLB,MLB,gbm
MLB,Aaron Wilkerson,2017,545000,4007027.2764165043,11985632862651.879,MLB,MLB,gbm
MLB,Lance Lynn,2017,12000000,8833325.859637605,10027825111239.914,MLB,MLB,gbm
MLB,Michael Pineda,2017,5000000,4362541.31887228,406353570145.0917,MLB,MLB,gbm
MLB,Kyle Gibson,2017,4200000,5591017.689910284,1934930213643.3438,MLB,MLB,gbm
MLB,Aníbal Sánchez,2017,2500000,5314964.39311871,7924024534526.188,MLB,MLB,gbm
MLB,José Berríos,2017,570000,2656515.651128475,4353547562404.0845,MLB,MLB,gbm
MLB,Aaron Slegers,2017,545000,-198879.644775136,553356925910.7826,MLB,MLB,gbm
MLB,Adalberto Mejía,2017,545000,292322.9992625999,63845666701.64809,MLB,MLB,gbm
MLB,Jason Vargas,2017,8000000,10773253.720631517,7690936198996.555,MLB,MLB,gbm
MLB,Jacob deGrom,2017,7400000,12280233.755364208,23816681506996.234,MLB,MLB,gbm
MLB,Matt Harvey,2017,5625000,2354547.77053795,10695857785193.293,MLB,MLB,gbm
MLB,Noah Syndergaard,2017,2975000,2186922.318996726,621066431295.4979,MLB,MLB,gbm
MLB,Zack Wheeler,2017,1900000,1815934.5647579741,7066997402.431247,MLB,MLB,gbm
MLB,A.J. Griffin,2017,750000,4153131.8132866533,11581306138603.705,MLB,MLB,gbm
MLB,Steven Matz,2017,577000,93216.15470378686,234046808969.59033,MLB,MLB,gbm
MLB,Seth Lugo,2017,564000,2152892.067491064,2524578002136.0273,MLB,MLB,gbm
MLB,Robert Gsellman,2017,562375,-34932.738526144734,356776534503.21735,MLB,MLB,gbm
MLB,Rafael Montero,2017,558025,829229.0087362527,73551614354.61342,MLB,MLB,gbm
MLB,Chris Flexen,2017,545000,-588989.7075285285,1285932656780.6377,MLB,MLB,gbm
MLB,CC Sabathia,2017,10000000,6982593.159124292,9104744043363.518,MLB,MLB,gbm
MLB,Sonny Gray,2017,6500000,3727118.7923316527,7688870191840.272,MLB,MLB,gbm
MLB,Luis Severino,2017,604975,7600656.034950397,48939553142764.66,MLB,MLB,gbm
MLB,Jordan Montgomery,2017,580450,1539219.7352844914,919239405297.4938,MLB,MLB,gbm
MLB,Luis Cessa,2017,568925,-299777.4824401768,754644002997.7258,MLB,MLB,gbm
MLB,Jake Arrieta,2017,25000000,9476199.051923273,240988395875507.88,MLB,MLB,gbm
MLB,Aaron Nola,2017,573000,4602177.293148341,16234269659622.19,MLB,MLB,gbm
MLB,Jerad Eickhoff,2017,568000,909390.4607482427,116547446689.89743,MLB,MLB,gbm
MLB,Vince Velasquez,2017,559000,388884.8101165316,28939177829.088505,MLB,MLB,gbm
MLB,Nick Pivetta,2017,551000,1300340.9919612224,561511922233.4287,MLB,MLB,gbm
MLB,Ben Lively,2017,550000,-85554.33969275028,403929318702.2878,MLB,MLB,gbm
MLB,Jake Thompson,2017,549000,-588989.7075285285,1295020574440.866,MLB,MLB,gbm
MLB,Zach Eflin,2017,545000,155195.92529846422,151947216653.92047,MLB,MLB,gbm
MLB,Gerrit Cole,2017,6750000,5668723.792686433,1169158236502.4128,MLB,MLB,gbm
MLB,Jameson Taillon,2017,571000,1041390.7714796873,221267477893.2554,MLB,MLB,gbm
MLB,Chad Kuhl,2017,570500,1140853.3386619685,325302930922.8541,MLB,MLB,gbm
MLB,Trevor Williams,2017,569500,145726.16910315197,179584259752.99033,MLB,MLB,gbm
MLB,Tyler Glasnow,2017,556500,171335.00129086795,148352076230.6057,MLB,MLB,gbm
MLB,Clayton Richard,2017,3000000,7685179.763078926,21950909412364.3,MLB,MLB,gbm
MLB,Tyson Ross,2017,1750000,4436170.3620207915,7215511213798.91,MLB,MLB,gbm
MLB,Luis Perdomo,2017,566800,845216.5537628328,77515777409.17235,MLB,MLB,gbm
MLB,Dinelson Lamet,2017,555700,2018510.0203391395,2139813155604.5938,MLB,MLB,gbm
MLB,James Paxton,2017,4900000,7278361.129272761,5656601661235.603,MLB,MLB,gbm
MLB,Erasmo Ramírez,2017,4200000,1794065.3519424112,5788521530723.994,MLB,MLB,gbm
MLB,Marco Gonzales,2017,550300,-459572.04387579643,1019841545001.8787,MLB,MLB,gbm
MLB,Aríel Miranda,2017,545000,3265276.0830106796,7399901967799.926,MLB,MLB,gbm
MLB,Rob Whalen,2017,545000,-459572.04387579643,1009164991336.7952,MLB,MLB,gbm
MLB,Chase De Jong,2017,545000,-588989.7075285285,1285932656780.6377,MLB,MLB,gbm
MLB,Christian Bergman,2017,545000,4166495.326699373,13115228401305.396,MLB,MLB,gbm
MLB,Derek Holland,2017,1750000,4470146.799643758,7399198611612.178,MLB,MLB,gbm
MLB,Ty Blach,2017,565000,745329.3548313665,32518676213.896866,MLB,MLB,gbm
MLB,Chris Stratton,2017,552500,648279.9961890447,9173807669.973412,MLB,MLB,gbm
MLB,Michael Wacha,2017,5300000,2698801.164622235,6766235381170.641,MLB,MLB,gbm
MLB,Luke Weaver,2017,550800,1869297.797412274,1738436441781.0178,MLB,MLB,gbm
MLB,Jack Flaherty,2017,545000,388884.8101165316,24371952512.351387,MLB,MLB,gbm
MLB,Jake Odorizzi,2017,6300000,2741628.0664346777,12662010817585.41,MLB,MLB,gbm
MLB,Matt Andriese,2017,558400,1718408.9301179752,1345620717953.4495,MLB,MLB,gbm
MLB,Blake Snell,2017,558200,767722.0753054706,43899500040.3113,MLB,MLB,gbm
MLB,Jake Faria,2017,555000,980304.064055292,180883546901.94797,MLB,MLB,gbm
MLB,Anthony Banda,2017,545000,274635.73501659377,73096835780.0175,MLB,MLB,gbm
MLB,Ryan Weber,2017,545000,1426129.1221112597,776388529832.5592,MLB,MLB,gbm
MLB,Doug Fister,2017,4000000,5222403.251480067,1494269709229.0403,MLB,MLB,gbm
MLB,Yovani Gallardo,2017,2000000,4440744.33608701,5957232914140.818,MLB,MLB,gbm
MLB,Edinson Vólquez,2017,1000000,5181970.354660261,17488876047257.273,MLB,MLB,gbm
MLB,Bartolo Colon,2017,1750000,6399882.710844524,21621409224610.82,MLB,MLB,gbm
MLB,Jesse Chavez,2017,1500000,5367959.048982452,14961107204605.232,MLB,MLB,gbm
MLB,Chris Tillman,2017,545000,4251556.04053978,13738557681661.93,MLB,MLB,gbm
MLB,Marco Estrada,2017,13000000,8030144.636233466,24699462336758.992,MLB,MLB,gbm
MLB,Jaime García,2017,10000000,5797333.112907968,17662408963859.83,MLB,MLB,gbm
MLB,Marcus Stroman,2017,6500000,6205447.421437321,86761221537.92305,MLB,MLB,gbm
MLB,Aaron Sanchez,2017,2700000,-474740.63242859096,10078978083193.092,MLB,MLB,gbm
MLB,Nick Tepesch,2017,572300,2317691.24852386,3046390610423.678,MLB,MLB,gbm
MLB,Chris Rowley,2017,545000,-71252.95582295945,379767705560.53436,MLB,MLB,gbm
MLB,Tanner Roark,2017,6475000,8683215.63502921,4876216290787.456,MLB,MLB,gbm
MLB,Jeremy Hellickson,2017,2000000,4992984.043592011,8957953485196.383,MLB,MLB,gbm
MLB,Edwin Jackson,2017,1500000,4473026.884034881,8838888853194.156,MLB,MLB,gbm
MLB,Joe Ross,2017,567900,814927.6248664621,61022647447.16551,MLB,MLB,gbm
MLB,A.J. Cole,2017,555300,-100316.95678310221,429833594021.53613,MLB,MLB,gbm
MLB,Erick Fedde,2017,545000,309687.18189060787,55372122366.58386,MLB,MLB,gbm
MLB,Robbie Ray,2018,6050000,4642029.8866344765,1982379840130.5251,MLB,MLB,gbm
MLB,Taijuan Walker,2018,5025000,-160987.4412833612,26894465741148.742,MLB,MLB,gbm
MLB,Zack Godley,2018,609400,8180385.467789078,57319820953473.41,MLB,MLB,gbm
MLB,Luke Weaver,2018,581300,457048.0545330693,15438545952.317118,MLB,MLB,gbm
MLB,Matt Koch,2018,567600,1584050.755079983,1033172137502.6676,MLB,MLB,gbm
MLB,Marco Estrada,2018,4000000,4549344.427869681,301779300431.46747,MLB,MLB,gbm
MLB,Sean Manaea,2018,3150000,3070118.0989365173,6381118117.516046,MLB,MLB,gbm
MLB,Brett Anderson,2018,1500000,5066106.919747847,12717118563073.479,MLB,MLB,gbm
MLB,Chris Bassitt,2018,565000,5278946.858899295,22221294988526.53,MLB,MLB,gbm
MLB,Daniel Gossett,2018,560000,-474740.63242859096,1070688176398.7202,MLB,MLB,gbm
MLB,Frankie Montas,2018,560000,-472935.55728851474,1066955865510.9344,MLB,MLB,gbm
MLB,Edwin Jackson,2018,555000,5141838.691059488,21039089177800.316,MLB,MLB,gbm
MLB,Paul Blackburn,2018,555000,155195.92529846422,159843298147.95117,MLB,MLB,gbm
MLB,Daniel Mengden,2018,555000,731695.7506580681,31221388300.618176,MLB,MLB,gbm
MLB,Dallas Keuchel,2018,21021527,9160399.388150832,140686348224570.75,MLB,MLB,gbm
MLB,Kevin Gausman,2018,9350000,4411802.978793226,24385789820255.453,MLB,MLB,gbm
MLB,Mike Foltynewicz,2018,5475000,6412086.121871802,878130399804.7338,MLB,MLB,gbm
MLB,Sean Newcomb,2018,575000,2567361.440760382,3969504110628.785,MLB,MLB,gbm
MLB,Touki Toussaint,2018,555000,1825296.5828362615,1613653408365.483,MLB,MLB,gbm
MLB,Michael Soroka,2018,555000,257642.4474577236,88421514053.93266,MLB,MLB,gbm
MLB,Dylan Bundy,2018,2800000,1927804.1946837713,760725522811.2246,MLB,MLB,gbm
MLB,Dan Straily,2018,575000,4740178.6001979485,17348712771546.941,MLB,MLB,gbm
MLB,David Hess,2018,563500,-668187.3357544523,1517053693057.901,MLB,MLB,gbm
MLB,Jimmy Yacabonis,2018,559000,332208.34436533024,51434455065.51463,MLB,MLB,gbm
MLB,Josh Rogers,2018,555000,-474740.63242859096,1060365770074.4343,MLB,MLB,gbm
MLB,Yefry Ramírez,2018,555000,274635.73501659377,78604121079.68562,MLB,MLB,gbm
MLB,Luis Ortiz,2018,555000,-474740.63242859096,1060365770074.4343,MLB,MLB,gbm
MLB,Nathan Eovaldi,2018,17000000,4009273.9261881174,168758963924815.9,MLB,MLB,gbm
MLB,Eduardo Rodríguez,2018,4300000,3011017.404685052,1661476131024.8586,MLB,MLB,gbm
MLB,Erasmo Ramírez,2018,1000000,2706877.5412597,2913430940856.759,MLB,MLB,gbm
MLB,Jhoulys Chacín,2018,555000,11153388.3669602,112325835976917.28,MLB,MLB,gbm
MLB,Kyle Hendricks,2018,7405000,8918698.138020918,2291282053047.9937,MLB,MLB,gbm
MLB,Mike Montgomery,2018,2440000,2369716.3590907445,4939790179.461171,MLB,MLB,gbm
MLB,Kendall Graveman,2018,575000,952309.1222128513,142362173705.03235,MLB,MLB,gbm
MLB,Ervin Santana,2018,4300000,4436170.3620207915,18542367492.873417,MLB,MLB,gbm
MLB,Carlos Rodón,2018,4200000,-858.9673830555512,17647216063842.637,MLB,MLB,gbm
MLB,Reynaldo López,2018,580000,3127990.648471537,6492256344698.404,MLB,MLB,gbm
MLB,Lucas Giolito,2018,573000,2011899.517738314,2070431822147.553,MLB,MLB,gbm
MLB,Dylan Covey,2018,571000,47570.09334319733,273978867182.74918,MLB,MLB,gbm
MLB,Carson Fulmer,2018,555000,136283.55441685396,175323461801.78372,MLB,MLB,gbm
MLB,Michael Kopech,2018,555000,1231862.1742796437,458142402970.5668,MLB,MLB,gbm
MLB,Sonny Gray,2018,10166667,4337193.146026166,33982765414164.543,MLB,MLB,gbm
MLB,Tanner Roark,2018,10000000,7006675.09028126,8959994015142.701,MLB,MLB,gbm
MLB,Alex Wood,2018,9650000,2951349.0761058736,44871924200187.625,MLB,MLB,gbm
MLB,Anthony DeSclafani,2018,2125000,4209705.385284926,4345996543435.971,MLB,MLB,gbm
MLB,Tyler Mahle,2018,570000,787336.9466054178,47235348359.76621,MLB,MLB,gbm
MLB,Robert Stephenson,2018,565000,309687.18189060787,65184635090.95955,MLB,MLB,gbm
MLB,Luis Castillo,2018,557500,3010718.176433971,6018279421186.019,MLB,MLB,gbm
MLB,Brandon Finnegan,2018,555000,-553938.2606545148,1229744065943.4602,MLB,MLB,gbm
MLB,Sal Romano,2018,555000,-161593.68961004307,513506515988.93475,MLB,MLB,gbm
MLB,Carlos Carrasco,2018,11750000,12951347.198212802,1443235090653.7502,MLB,MLB,gbm
MLB,Trevor Bauer,2018,13000000,8445630.504110245,20742281505091.1,MLB,MLB,gbm
MLB,Mike Clevinger,2018,592200,8048657.772266744,55598762509597.13,MLB,MLB,gbm
MLB,Shane Bieber,2018,559600,2420021.1771846986,3461166956517.3,MLB,MLB,gbm
MLB,Jefry Rodríguez,2018,555000,-392326.34810099745,897427209806.3723,MLB,MLB,gbm
MLB,Adam Plutko,2018,555000,58164.70782977291,246845307545.87494,MLB,MLB,gbm
MLB,Germán Márquez,2018,8600000,6841719.475385954,3091550403237.046,MLB,MLB,gbm
MLB,Chad Bettis,2018,3325000,4155900.712212797,690395993555.7329,MLB,MLB,gbm
MLB,Jon Gray,2018,2925000,3979050.615200848,1111022699405.286,MLB,MLB,gbm
MLB,Tyler Anderson,2018,2625000,5491744.035818513,8218221366901.013,MLB,MLB,gbm
MLB,Germán Márquez,2018,565000,6841719.475385954,39397207372689.32,MLB,MLB,gbm
MLB,Kyle Freeland,2018,565000,6149779.973134285,31189767348321.785,MLB,MLB,gbm
MLB,Antonio Senzatela,2018,560000,-472935.55728851474,1066955865510.9344,MLB,MLB,gbm
MLB,Tyson Ross,2018,5750000,5796519.88405118,2164099612.1352725,MLB,MLB,gbm
MLB,Michael Fulmer,2018,2800000,-5112.8878273999535,7868658313455.376,MLB,MLB,gbm
MLB,Matthew Boyd,2018,2600000,4385966.785104923,3189677357498.014,MLB,MLB,gbm
MLB,Daniel Norris,2018,1275000,1079650.3038159017,38161503799.21949,MLB,MLB,gbm
MLB,Spencer Turnbull,2018,556100,1018821.3678435868,214111064259.04,MLB,MLB,gbm
MLB,Edwin Jackson,2018,555000,5141838.691059488,21039089177800.316,MLB,MLB,gbm
MLB,Ryan Carpenter,2018,555000,1582245.6799399068,1055233686955.2014,MLB,MLB,gbm
MLB,Gerrit Cole,2018,13500000,12472720.338976627,1055303501952.2957,MLB,MLB,gbm
MLB,Wade Miley,2018,4500000,5210376.557511433,504634853461.7943,MLB,MLB,gbm
MLB,Josh James,2018,566800,3831897.651960329,10660862676836.855,MLB,MLB,gbm
MLB,Framber Valdez,2018,566600,1726115.6216905992,1344476476944.5369,MLB,MLB,gbm
MLB,Eric Skoglund,2018,568175,-85554.33969275028,427362049575.11926,MLB,MLB,gbm
MLB,Trevor Oaks,2018,555350,-588989.7075285285,1309513366226.4783,MLB,MLB,gbm
MLB,Homer Bailey,2018,555000,4568356.924599667,16107033804232.098,MLB,MLB,gbm
MLB,Heath Fillmyer,2018,555000,-588989.7075285285,1308712450931.2083,MLB,MLB,gbm
MLB,Ben Lively,2018,555000,477883.6773889794,5946927213.047005,MLB,MLB,gbm
MLB,Trevor Cahill,2018,9000000,6053306.55693418,8683002247407.099,MLB,MLB,gbm
MLB,Tyler Skaggs,2018,3700000,1752916.9654864653,3791132343290.4346,MLB,MLB,gbm
MLB,Andrew Heaney,2018,3400000,5467158.162993027,4273142870828.7056,MLB,MLB,gbm
MLB,JC Ramírez,2018,1901000,4151326.738146578,5063970428417.417,MLB,MLB,gbm
MLB,Nick Tropeano,2018,1075000,1544405.90766929,220341906154.83,MLB,MLB,gbm
MLB,Félix Peña,2018,569000,3196485.2796217767,6903678894629.126,MLB,MLB,gbm
MLB,Jaime Barria,2018,563500,885701.4775091562,103813792109.0833,MLB,MLB,gbm
MLB,Dillon Peters,2018,555000,-588989.7075285285,1308712450931.2083,MLB,MLB,gbm
MLB,Clayton Kershaw,2018,31000000,7771881.122407837,539545506591553.3,MLB,MLB,gbm
MLB,Ross Stripling,2018,595000,5419162.093851627,23272539907754.914,MLB,MLB,gbm
MLB,Walker Buehler,2018,570000,3289402.162790925,7395148122991.959,MLB,MLB,gbm
MLB,Dan Straily,2018,5000000,4740178.6001979485,67507159795.09748,MLB,MLB,gbm
MLB,José Ureña,2018,3200000,2318672.611844892,776737965112.3042,MLB,MLB,gbm
MLB,Trevor Richards,2018,570000,604694.5154787315,1203709404.3039384,MLB,MLB,gbm
MLB,Caleb Smith,2018,556500,1910104.565189017,1832245318900.5476,MLB,MLB,gbm
MLB,Sandy Alcantara,2018,555000,664010.1795820325,11883219252.506973,MLB,MLB,gbm
MLB,Pablo López,2018,555000,-424520.5970017826,959460599950.7286,MLB,MLB,gbm
MLB,Jeff Brigham,2018,555000,42996.119276978265,262147973875.4343,MLB,MLB,gbm
MLB,Zach Davies,2018,2600000,-553938.2606545148,9947326552020.426,MLB,MLB,gbm
MLB,Junior Guerra,2018,2225000,5696494.776711965,12051275984738.455,MLB,MLB,gbm
MLB,Gio González,2018,2000000,7335776.52517336,28470511126591.09,MLB,MLB,gbm
MLB,Brent Suter,2018,568300,3708930.473189584,9863559769127.03,MLB,MLB,gbm
MLB,Freddy Peralta,2018,564600,2205897.3254571687,2693856910552.8555,MLB,MLB,gbm
MLB,Jake Odorizzi,2018,9500000,4735757.05029371,22698010883826.09,MLB,MLB,gbm
MLB,Kyle Gibson,2018,8125000,9953618.856825765,3343846923538.7686,MLB,MLB,gbm
MLB,Martín Pérez,2018,4000000,838060.0471129135,9997864265663.592,MLB,MLB,gbm
MLB,José Berríos,2018,620000,5960073.949946843,28516389790900.88,MLB,MLB,gbm
MLB,Adalberto Mejía,2018,560000,164206.73757869712,156652306578.0983,MLB,MLB,gbm
MLB,Chase De Jong,2018,555000,-160987.4412833612,512638016075.49457,MLB,MLB,gbm
MLB,Kohl Stewart,2018,555000,-123527.72583166682,460399874722.29364,MLB,MLB,gbm
MLB,Fernando Romero,2018,555000,-185528.40734023912,548382322077.87115,MLB,MLB,gbm
MLB,Stephen Gonsalves,2018,555000,-474740.63242859096,1060365770074.4343,MLB,MLB,gbm
MLB,Jacob deGrom,2018,27500000,17198455.68155565,106121815344873.05,MLB,MLB,gbm
MLB,Jacob deGrom,2018,17000000,17198455.68155565,39384657541.71801,MLB,MLB,gbm
MLB,Noah Syndergaard,2018,6000000,3716814.2567225755,5212937138305.285,MLB,MLB,gbm
MLB,Zack Wheeler,2018,5975000,7805274.339520171,3349904157905.999,MLB,MLB,gbm
MLB,Steven Matz,2018,2625000,2451837.941863784,29985098377.970215,MLB,MLB,gbm
MLB,Corey Oswalt,2018,555000,-459572.04387579643,1029356432214.3112,MLB,MLB,gbm
MLB,Walker Lockett,2018,555000,-588989.7075285285,1308712450931.2083,MLB,MLB,gbm
MLB,Luis Severino,2018,10000000,8620437.627321698,1903192340109.7869,MLB,MLB,gbm
MLB,J.A. Happ,2018,17000000,11142881.691600265,34305834878591.375,MLB,MLB,gbm
MLB,James Paxton,2018,8575000,10329407.581790224,3077945963043.0205,MLB,MLB,gbm
MLB,CC Sabathia,2018,8000000,6439710.460737081,2434503446333.2915,MLB,MLB,gbm
MLB,Sonny Gray,2018,7500000,4337193.146026166,10003347195543.86,MLB,MLB,gbm
MLB,Gio González,2018,3000000,7335776.52517336,18798958076244.37,MLB,MLB,gbm
MLB,Jordan Montgomery,2018,596600,250895.949813822,119511290315.12749,MLB,MLB,gbm
MLB,Domingo Germán,2018,577500,1229947.821096859,425688159254.0389,MLB,MLB,gbm
MLB,Aaron Nola,2018,11250000,11559483.68824044,95780153286.9062,MLB,MLB,gbm
MLB,Vince Velasquez,2018,2249000,2452656.3177926354,41475895776.854904,MLB,MLB,gbm
MLB,Nick Pivetta,2018,598000,1598217.2610545643,1000434569311.4944,MLB,MLB,gbm
MLB,Zach Eflin,2018,590000,1709230.3756004607,1252676633666.7483,MLB,MLB,gbm
MLB,Ranger Suárez,2018,555000,-474740.63242859096,1060365770074.4343,MLB,MLB,gbm
MLB,Francisco Liriano,2018,1800000,5021852.256861996,10380331965046.736,MLB,MLB,gbm
MLB,Jameson Taillon,2018,587500,6012647.653747878,29432227064966.105,MLB,MLB,gbm
MLB,Trevor Williams,2018,584000,3783886.3214899134,10239272470458.25,MLB,MLB,gbm
MLB,Joe Musgrove,2018,582500,741189.0805244937,25182224277.709248,MLB,MLB,gbm
MLB,Chad Kuhl,2018,578000,504938.96035654587,5337915513.782376,MLB,MLB,gbm
MLB,Nick Kingham,2018,569000,829229.0087362527,67719136987.85267,MLB,MLB,gbm
MLB,Aaron Slegers,2018,555000,40946.85019852656,264250640820.81607,MLB,MLB,gbm
MLB,Garrett Richards,2018,7750000,7151968.066411785,357642193591.2594,MLB,MLB,gbm
MLB,Bryan Mitchell,2018,910000,838060.0471129135,5175356821.396232,MLB,MLB,gbm
MLB,Joey Lucchesi,2018,565100,1633707.2728182857,1141921503520.1343,MLB,MLB,gbm
MLB,Eric Lauer,2018,562500,193219.04994950435,136368420070.19669,MLB,MLB,gbm
MLB,Jacob Nix,2018,556800,-345322.96877585887,813825850792.9692,MLB,MLB,gbm
MLB,Brett Kennedy,2018,556000,-474740.63242859096,1062426251339.2915,MLB,MLB,gbm
MLB,Luis Perdomo,2018,555000,-119050.70254251384,454344349598.05646,MLB,MLB,gbm
MLB,Wade LeBlanc,2018,2750000,5921376.182019012,10057626887877.486,MLB,MLB,gbm
MLB,Marco Gonzales,2018,950000,4384005.095404203,11792390995262.03,MLB,MLB,gbm
MLB,Tommy Milone,2018,555000,5500994.47785985,24462861375020.13,MLB,MLB,gbm
MLB,Derek Holland,2018,7000000,7489953.91701289,240054840796.27377,MLB,MLB,gbm
MLB,Chris Stratton,2018,567500,2040196.1182513686,2168833856712.6492,MLB,MLB,gbm
MLB,Dereck Rodríguez,2018,561250,848217.6749510885,82350446466.83359,MLB,MLB,gbm
MLB,Andrew Suárez,2018,555000,757802.7611700969,41128959938.21538,MLB,MLB,gbm
MLB,Tyler Beede,2018,555000,1344196.896196797,622831740966.658,MLB,MLB,gbm
MLB,Michael Wacha,2018,6350000,1721904.3101059336,21419269714816.03,MLB,MLB,gbm
MLB,Adam Wainwright,2018,2000000,5299795.804565915,10888652351830.814,MLB,MLB,gbm
MLB,John Gant,2018,571300,606322.3056953276,1226561896.2169747,MLB,MLB,gbm
MLB,Alex Reyes,2018,564600,278455.81267863495,81878495937.80446,MLB,MLB,gbm
MLB,Jack Flaherty,2018,562100,2824131.7841406604,5116787792462.579,MLB,MLB,gbm
MLB,Blake Snell,2018,10000000,9465196.822779603,286014438365.03107,MLB,MLB,gbm
MLB,Charlie Morton,2018,15000000,10821343.394254444,17461171028740.969,MLB,MLB,gbm
MLB,Blake Snell,2018,573700,9465196.822779603,79058715749499.78,MLB,MLB,gbm
MLB,Jake Faria,2018,555000,-408173.1197316697,927702458573.6375,MLB,MLB,gbm
MLB,Lance Lynn,2018,10000000,6635775.053914501,11318009487863.977,MLB,MLB,gbm
MLB,Shelby Miller,2018,2000000,2771246.6508382405,594821396429.2029,MLB,MLB,gbm
MLB,Yohander Méndez,2018,558000,-588989.7075285285,1315585389176.3794,MLB,MLB,gbm
MLB,Jen-Ho Tseng,2018,555000,6318125.783132508,33213618792206.688,MLB,MLB,gbm
MLB,Adrian Sampson,2018,555000,672932.6770040342,13908116305.337849,MLB,MLB,gbm
MLB,Ariel Jurado,2018,555000,-358686.48218857707,834822987734.137,MLB,MLB,gbm
MLB,Marcus Stroman,2018,7400000,952309.1222128513,41572717655499.61,MLB,MLB,gbm
MLB,Aaron Sanchez,2018,3900000,-182759.50841409637,16668925203545.713,MLB,MLB,gbm
MLB,Matt Shoemaker,2018,3500000,5512836.611001971,4051511222589.901,MLB,MLB,gbm
MLB,Clay Buchholz,2018,3000000,6504198.827506169,12279409422695.607,MLB,MLB,gbm
MLB,Sam Gaviglio,2018,579500,3004408.1394273187,5880179484660.86,MLB,MLB,gbm
MLB,Ryan Borucki,2018,565200,-553938.2606545148,1252470446460.8125,MLB,MLB,gbm
MLB,Thomas Pannone,2018,560100,-408173.1197316697,937552834394.9005,MLB,MLB,gbm
MLB,Sean Reid-Foley,2018,555000,2365249.176733529,3277002081864.4204,MLB,MLB,gbm
MLB,Patrick Corbin,2018,23333333,10712347.040732797,159289286584019.88,MLB,MLB,gbm
MLB,Aníbal Sánchez,2018,9500000,6758508.670401454,7515774710264.004,MLB,MLB,gbm
MLB,Jeremy Hellickson,2018,1300000,5676730.848929948,19155772923975.066,MLB,MLB,gbm
MLB,Joe Ross,2018,1000000,155195.92529846422,713693924632.318,MLB,MLB,gbm
MLB,Austin Voth,2018,556000,592132.7524889174,1305575802.4253693,MLB,MLB,gbm
MLB,Erick Fedde,2018,555000,388884.8101165316,27594256310.020756,MLB,MLB,gbm
MLB,Madison Bumgarner,2019,17000000,9186326.330498882,61053496213455.07,MLB,MLB,gbm
MLB,Robbie Ray,2019,9430000,8388424.542340164,1084879433999.2966,MLB,MLB,gbm
MLB,Luke Weaver,2019,597000,2043976.0524283582,2093739696301.155,MLB,MLB,gbm
MLB,Alex Young,2019,575000,710738.4314958062,18424921784.941673,MLB,MLB,gbm
MLB,Taylor Clarke,2019,575000,44801.1944170546,281110773441.5819,MLB,MLB,gbm
MLB,Zac Gallen,2019,575000,2097393.3413040224,2317681485646.8257,MLB,MLB,gbm
MLB,Corbin Martin,2019,565700,388884.8101165316,31263611373.52698,MLB,MLB,gbm
MLB,Sean Manaea,2019,3750000,3996142.7404951546,60586248698.465034,MLB,MLB,gbm
MLB,Chris Bassitt,2019,2250000,6330684.640619267,16651987136185.994,MLB,MLB,gbm
MLB,Daniel Mengden,2019,573500,44801.1944170546,279522427024.83307,MLB,MLB,gbm
MLB,Frankie Montas,2019,573500,3113000.87421017,6449064690114.218,MLB,MLB,gbm
MLB,Cole Hamels,2019,18000000,6088935.368077554,141873460665833.8,MLB,MLB,gbm
MLB,Mike Foltynewicz,2019,6425000,2361057.0168133513,16515632570591.998,MLB,MLB,gbm
MLB,Jhoulys Chacín,2019,1600000,5381762.331717981,14301726333601.021,MLB,MLB,gbm
MLB,Félix Hernández,2019,1000000,4436170.3620207915,11807266756830.098,MLB,MLB,gbm
MLB,Max Fried,2019,583500,3976790.820641726,11514422593451.396,MLB,MLB,gbm
MLB,Michael Soroka,2019,583500,4264495.980825675,13549731410854.771,MLB,MLB,gbm
MLB,Bryse Wilson,2019,575000,-588989.7075285285,1354872039232.3494,MLB,MLB,gbm
MLB,Kyle Wright,2019,573500,274635.73501659377,89319848884.07166,MLB,MLB,gbm
MLB,John Means,2019,580000,2955869.0238365796,5644753618426.182,MLB,MLB,gbm
MLB,Asher Wojciechowski,2019,575000,5299795.804565915,22323695394843.67,MLB,MLB,gbm
MLB,Chandler Shepherd,2019,563500,783437.9697751553,48372710548.81713,MLB,MLB,gbm
MLB,David Hess,2019,563500,-214566.03188303995,605386749970.2197,MLB,MLB,gbm
MLB,Chris Sale,2019,29000000,11459158.119587403,307681133873636.56,MLB,MLB,gbm
MLB,Eduardo Rodríguez,2019,8300000,7694879.30337332,366171057485.95844,MLB,MLB,gbm
MLB,Martín Pérez,2019,6000000,3832613.193265203,4697565570008.061,MLB,MLB,gbm
MLB,Kyle Hendricks,2019,13875000,8914557.329565104,24605991486671.28,MLB,MLB,gbm
MLB,Adbert Alzolay,2019,563500,487676.54145265097,5749196866.081556,MLB,MLB,gbm
MLB,Dallas Keuchel,2019,18500000,5276670.657185384,174856438908542.06,MLB,MLB,gbm
MLB,Gio González,2019,5000000,5479876.774174818,230281718392.4291,MLB,MLB,gbm
MLB,Carlos Rodón,2019,4450000,4247345.849814863,41068704587.260086,MLB,MLB,gbm
MLB,Ross Detwiler,2019,1000000,4242723.6586949285,10515256726659.822,MLB,MLB,gbm
MLB,Lucas Giolito,2019,627000,7947059.989340448,53583278247542.875,MLB,MLB,gbm
MLB,Reynaldo López,2019,605000,3334391.7413371922,7449579277679.671,MLB,MLB,gbm
MLB,Dylan Cease,2019,575000,1079650.3038159017,254671929141.48193,MLB,MLB,gbm
MLB,Trevor Bauer,2019,17500000,11859320.975736491,31817259854766.33,MLB,MLB,gbm
MLB,Wade Miley,2019,7500000,8254886.026905438,569852913617.0775,MLB,MLB,gbm
MLB,Anthony DeSclafani,2019,5900000,7503669.479695676,2571755800107.4,MLB,MLB,gbm
MLB,Luis Castillo,2019,663500,7797466.541474612,50893478614879.24,MLB,MLB,gbm
MLB,Tyler Mahle,2019,609793,1073078.4364404958,214633395617.86066,MLB,MLB,gbm
MLB,Mike Clevinger,2019,4100000,9155205.60089399,25555103667309.957,MLB,MLB,gbm
MLB,Shane Bieber,2019,623200,11849036.500421999,126019405134206.83,MLB,MLB,gbm
MLB,Adam Plutko,2019,574800,1980697.8164287936,1976548670239.2498,MLB,MLB,gbm
MLB,Jefry Rodríguez,2019,566000,-588989.7075285285,1334001224496.836,MLB,MLB,gbm
MLB,Aaron Civale,2019,565400,407873.4763313671,24814605659.124363,MLB,MLB,gbm
MLB,Zach Plesac,2019,563500,339330.55259657576,50251941149.156586,MLB,MLB,gbm
MLB,Jon Gray,2019,5600000,3441917.938068085,4657318186032.307,MLB,MLB,gbm
MLB,Kyle Freeland,2019,2875000,45765.01820312099,8004570582223.186,MLB,MLB,gbm
MLB,Chi Chi González,2019,1750000,952309.1222128513,636310736504.8318,MLB,MLB,gbm
MLB,Antonio Senzatela,2019,573500,870126.314665787,87987170552.20651,MLB,MLB,gbm
MLB,Jeff Hoffman,2019,568500,827423.9335961762,67041603388.91707,MLB,MLB,gbm
MLB,Peter Lambert,2019,565500,-553938.2606545148,1253142019417.205,MLB,MLB,gbm
MLB,Matthew Boyd,2019,5300000,9728116.668704206,19608217231656.035,MLB,MLB,gbm
MLB,Daniel Norris,2019,2960000,1399549.3125196176,2435006348057.998,MLB,MLB,gbm
MLB,Iván Nova,2019,1500000,8200708.950476861,44899500439000.71,MLB,MLB,gbm
MLB,Spencer Turnbull,2019,573500,939597.5654778542,134027427448.81177,MLB,MLB,gbm
MLB,Dario Agrazal,2019,567900,155195.92529846422,170324653275.2508,MLB,MLB,gbm
MLB,Tyler Alexander,2019,566600,590083.483410466,551473993.0896317,MLB,MLB,gbm
MLB,Justin Verlander,2019,33000000,21793982.308958124,125574832491943.48,MLB,MLB,gbm
MLB,Brad Peacock,2019,3900000,5975087.361261637,4305987556867.783,MLB,MLB,gbm
MLB,José Urquidy,2019,574600,1199637.955640445,390672445991.1869,MLB,MLB,gbm
MLB,Brad Keller,2019,613000,746473.5839443211,17815197610.941742,MLB,MLB,gbm
MLB,Glenn Sparkman,2019,604500,900126.6386049025,87395109452.83365,MLB,MLB,gbm
MLB,Matt Harvey,2019,575000,4436170.3620207915,14908636564547.77,MLB,MLB,gbm
MLB,Julio Teheran,2019,9000000,5807647.208663068,10191116344356.703,MLB,MLB,gbm
MLB,Dylan Bundy,2019,5000000,1470651.1818890707,12456303079901.014,MLB,MLB,gbm
MLB,Andrew Heaney,2019,4300000,4751768.356826862,204094648230.0432,MLB,MLB,gbm
MLB,Griffin Canning,2019,570500,784547.2794895237,45816237856.86629,MLB,MLB,gbm
MLB,Dillon Peters,2019,569000,143905.14373014998,180705636827.08447,MLB,MLB,gbm
MLB,José Suarez,2019,567500,74396.00078334764,243151554043.4563,MLB,MLB,gbm
MLB,Patrick Sandoval,2019,565750,782742.2043494473,47085616748.43228,MLB,MLB,gbm
MLB,Jaime Barria,2019,563500,274635.73501659377,83442563584.40353,MLB,MLB,gbm
MLB,Alex Wood,2019,4000000,3322051.4818964032,459614193198.86285,MLB,MLB,gbm
MLB,Walker Buehler,2019,603500,6652872.048946998,36594902186581.2,MLB,MLB,gbm
MLB,Tony Gonsolin,2019,566000,1611866.5465906612,1093836833277.4756,MLB,MLB,gbm
MLB,José Ureña,2019,3750000,888280.0825397221,8189440885988.858,MLB,MLB,gbm
MLB,Sandy Alcantara,2019,620000,3340834.4474276216,7402940090308.7705,MLB,MLB,gbm
MLB,Caleb Smith,2019,586500,3905499.489023329,11015757608137.121,MLB,MLB,gbm
MLB,Pablo López,2019,575000,863600.7496632199,83290392706.17252,MLB,MLB,gbm
MLB,Elieser Hernández,2019,571500,797910.7929022419,51261847142.62188,MLB,MLB,gbm
MLB,Jordan Yamamoto,2019,565000,1213452.1357489196,420490172357.3352,MLB,MLB,gbm
MLB,Brett Anderson,2019,5000000,8165075.527173235,10017703092710.932,MLB,MLB,gbm
MLB,Brandon Woodruff,2019,633100,4113208.6422834666,12111156162096.074,MLB,MLB,gbm
MLB,Adrian Houser,2019,581600,1223086.4029691694,411504805194.3236,MLB,MLB,gbm
MLB,Michael Pineda,2019,10000000,7536121.632492885,6070696609869.526,MLB,MLB,gbm
MLB,Jake Odorizzi,2019,17800000,8938204.979861056,78531410978959.375,MLB,MLB,gbm
MLB,José Berríos,2019,4025000,6209256.926223523,4770978319755.433,MLB,MLB,gbm
MLB,Rich Hill,2019,3000000,8279126.096428001,27869172341987.15,MLB,MLB,gbm
MLB,Devin Smeltzer,2019,571000,40946.85019852656,280956341614.4633,MLB,MLB,gbm
MLB,Randy Dobnak,2019,571000,807494.5327406498,55929664016.21826,MLB,MLB,gbm
MLB,Marcus Stroman,2019,12000000,6666854.525736546,28442440649656.76,MLB,MLB,gbm
MLB,Rick Porcello,2019,10000000,8342700.265179876,2746642411034.8525,MLB,MLB,gbm
MLB,Noah Syndergaard,2019,9700000,5589284.380421456,16897982905047.014,MLB,MLB,gbm
MLB,Steven Matz,2019,5000000,4708508.333042975,84967391905.38542,MLB,MLB,gbm
MLB,Michael Wacha,2019,3000000,1360344.3964673597,2688470498195.987,MLB,MLB,gbm
MLB,Gerrit Cole,2019,36000000,22570354.280312818,180355384156312.25,MLB,MLB,gbm
MLB,James Paxton,2019,12500000,9659563.920995813,8068077118908.681,MLB,MLB,gbm
MLB,Jordan Montgomery,2019,805000,3512922.486166153,7332844191084.279,MLB,MLB,gbm
MLB,Zack Wheeler,2019,23600000,9949458.643297557,186337279331043.78,MLB,MLB,gbm
MLB,Vince Velasquez,2019,3600000,2790903.1198462956,654637761474.458,MLB,MLB,gbm
MLB,Zach Eflin,2019,2625000,663366.3990367323,3848006384428.1167,MLB,MLB,gbm
MLB,Trevor Williams,2019,2825000,1353517.9712705722,2165259360873.6726,MLB,MLB,gbm
MLB,Joe Musgrove,2019,2800000,4218068.921722216,2010919466754.4072,MLB,MLB,gbm
MLB,Jameson Taillon,2019,2250000,1763062.2677367658,237108355101.66116,MLB,MLB,gbm
MLB,Steven Brault,2019,590500,1307999.052098928,514804889762.8602,MLB,MLB,gbm
MLB,Mitch Keller,2019,577500,3729609.098109293,9935791766383.379,MLB,MLB,gbm
MLB,Zach Davies,2019,5250000,1558885.3815606611,13624327126456.588,MLB,MLB,gbm
MLB,Dinelson Lamet,2019,1300000,5901762.901581665,21176221802373.3,MLB,MLB,gbm
MLB,Joey Lucchesi,2019,599300,2289574.220757413,2857026941357.0806,MLB,MLB,gbm
MLB,Chris Paddack,2019,588500,3030904.6299307225,5965340376307.029,MLB,MLB,gbm
MLB,Eric Lauer,2019,582300,1279205.5192617087,485677302777.4319,MLB,MLB,gbm
MLB,Jerad Eickhoff,2019,575000,2881996.470288593,5322232713924.026,MLB,MLB,gbm
MLB,Cal Quantrill,2019,571800,500438.81553327915,5092418648.493361,MLB,MLB,gbm
MLB,Ronald Bolaños,2019,563500,569701.3979133903,38457336.080201626,MLB,MLB,gbm
MLB,Marco Gonzales,2019,7500000,6048915.340653705,2105646688590.1519,MLB,MLB,gbm
MLB,Taijuan Walker,2019,2000000,2226934.383438982,51499214386.83094,MLB,MLB,gbm
MLB,Justus Sheffield,2019,566300,601925.6165525888,1269184554.7520864,MLB,MLB,gbm
MLB,Justin Dunn,2019,564500,862490.1791454772,88798146867.15363,MLB,MLB,gbm
MLB,Nick Margevicius,2019,563500,-588989.7075285285,1328232525959.193,MLB,MLB,gbm
MLB,Kevin Gausman,2019,9000000,3808053.145095224,26956312144155.6,MLB,MLB,gbm
MLB,Drew Smyly,2019,4000000,5480554.0630541,2192040333626.003,MLB,MLB,gbm
MLB,Tyler Anderson,2019,1775000,5705717.674391076,15450541435770.389,MLB,MLB,gbm
MLB,Tyson Ross,2019,1750000,4436170.3620207915,7215511213798.91,MLB,MLB,gbm
MLB,Dereck Rodríguez,2019,576000,954114.1973529273,142970346239.84845,MLB,MLB,gbm
MLB,Tyler Beede,2019,569750,1104642.2392141807,286109707571.56036,MLB,MLB,gbm
MLB,Logan Webb,2019,566625,388884.8101165316,31591575099.811398,MLB,MLB,gbm
MLB,Rico Garcia,2019,563500,-588989.7075285285,1328232525959.193,MLB,MLB,gbm
MLB,Shaun Anderson,2019,563500,-668187.3357544523,1517053693057.901,MLB,MLB,gbm
MLB,Miles Mikolas,2019,17000000,8241920.80842785,76703951125849.1,MLB,MLB,gbm
MLB,Adam Wainwright,2019,5000000,8068045.1521950355,9412901055907.459,MLB,MLB,gbm
MLB,Jack Flaherty,2019,604500,7269339.881224027,44420090642354.305,MLB,MLB,gbm
MLB,Dakota Hudson,2019,580500,3791831.056743635,10312647156006.191,MLB,MLB,gbm
MLB,Daniel Ponce de Leon,2019,572800,2111389.6555216257,2367258128078.155,MLB,MLB,gbm
MLB,Tyler Glasnow,2019,2050000,4448470.696274668,5752661680888.291,MLB,MLB,gbm
MLB,Ryan Yarbrough,2019,578500,3145435.7847650833,6589159323107.534,MLB,MLB,gbm
MLB,Yonny Chirinos,2019,576700,2072081.3875242956,2236165494154.0874,MLB,MLB,gbm
MLB,Dylan Covey,2019,575000,758862.4188869897,33805389078.97487,MLB,MLB,gbm
MLB,Trevor Richards,2019,575000,1009644.528249092,188915865936.87576,MLB,MLB,gbm
MLB,Sean Gilmartin,2019,575000,4151326.738146578,12790112937982.143,MLB,MLB,gbm
MLB,Brendan McKay,2019,563500,1079650.3038159017,266411136129.24768,MLB,MLB,gbm
MLB,Kyle Gibson,2019,9333333,7136726.172990363,4825081552465.345,MLB,MLB,gbm
MLB,Jordan Lyles,2019,8000000,4979960.764487491,9120636984034.98,MLB,MLB,gbm
MLB,Kolby Allard,2019,566500,-474740.63242859096,1084182054620.292,MLB,MLB,gbm
MLB,Brock Burke,2019,564500,-474740.63242859096,1080021092090.5776,MLB,MLB,gbm
MLB,Taylor Hearn,2019,563500,-474740.63242859096,1077943610825.7205,MLB,MLB,gbm
MLB,Ariel Jurado,2019,563500,-63888.80631305194,393616714286.9162,MLB,MLB,gbm
MLB,Joe Palumbo,2019,563500,2365249.176733529,3246300095859.95,MLB,MLB,gbm
MLB,Tanner Roark,2019,12000000,7117847.879098332,23835409331624.66,MLB,MLB,gbm
MLB,Matt Shoemaker,2019,4200000,6192031.062335943,3968187753311.265,MLB,MLB,gbm
MLB,Trent Thornton,2019,581900,923169.2276514049,116464685741.78644,MLB,MLB,gbm
MLB,Ryan Borucki,2019,573800,250532.6295167917,104501792819.12787,MLB,MLB,gbm
MLB,Sean Reid-Foley,2019,572700,74396.00078334764,248306875635.30948,MLB,MLB,gbm
MLB,Anthony Kay,2019,565600,388884.8101165316,31228258335.550285,MLB,MLB,gbm
MLB,Jacob Waguespack,2019,563500,-69474.25710022505,400656410151.58185,MLB,MLB,gbm
MLB,T.J. Zeuch,2019,563500,74396.00078334764,239222722049.72308,MLB,MLB,gbm
MLB,Stephen Strasburg,2019,35000000,17689006.027481012,299670512316588.75,MLB,MLB,gbm
MLB,Austin Voth,2019,568900,2832391.851728066,5123395362839.349,MLB,MLB,gbm
MLB,Erick Fedde,2019,563500,-150450.58404888323,509725436463.7416,MLB,MLB,gbm
MLB,Luke Weaver,2020,1950000,1119662.368258158,689460582686.6509,MLB,MLB,gbm
MLB,Caleb Smith,2020,1465000,4731588.309079109,10670599181012.31,MLB,MLB,gbm
MLB,Zac Gallen,2020,607500,1832846.7489231275,1501474655096.4783,MLB,MLB,gbm
MLB,Sean Manaea,2020,5950000,3236840.0313392663,7361237015543.113,MLB,MLB,gbm
MLB,Chris Bassitt,2020,4900000,6148699.483459215,1559250399991.3096,MLB,MLB,gbm
MLB,Frankie Montas,2020,1800000,2506700.0584573452,499424972623.6152,MLB,MLB,gbm
MLB,Jesús Luzardo,2020,575500,617094.2051053833,1730077898.348694,MLB,MLB,gbm
MLB,Daulton Jefferies,2020,570500,-474740.63242859096,1092527979679.7207,MLB,MLB,gbm
MLB,Paul Blackburn,2020,570500,417419.79492246715,23433549186.579514,MLB,MLB,gbm
MLB,Charlie Morton,2020,15000000,6379747.591001128,74308751594850.875,MLB,MLB,gbm
MLB,Drew Smyly,2020,11000000,11188714.398653515,35613124259.15766,MLB,MLB,gbm
MLB,Max Fried,2020,3500000,1741012.4351588862,3094037253265.6714,MLB,MLB,gbm
MLB,Michael Soroka,2020,2800000,-198879.644775136,8993279123846.645,MLB,MLB,gbm
MLB,Sean Newcomb,2020,600500,952309.1222128513,123769658472.17694,MLB,MLB,gbm
MLB,Touki Toussaint,2020,590500,1829918.812221677,1536158992088.9927,MLB,MLB,gbm
MLB,Huascar Ynoa,2020,580500,-588989.7075285285,1367706176015.163,MLB,MLB,gbm
MLB,Ian Anderson,2020,575500,3702479.988307597,9778003847276.18,MLB,MLB,gbm
MLB,Tanner Roark,2020,570500,4810594.037666281,17978397448253.145,MLB,MLB,gbm
MLB,Kyle Wright,2020,570500,-293924.044631732,747228928937.4824,MLB,MLB,gbm
MLB,Tucker Davidson,2020,570500,1344196.896196797,598606887184.5573,MLB,MLB,gbm
MLB,Matt Harvey,2020,1000000,4696344.962566343,13662966082289.58,MLB,MLB,gbm
MLB,Wade LeBlanc,2020,700000,4436170.3620207915,13958968974042.572,MLB,MLB,gbm
MLB,John Means,2020,593500,2721732.110138484,4529371914624.504,MLB,MLB,gbm
MLB,Jorge López,2020,586750,967477.7107656458,144953589744.84927,MLB,MLB,gbm
MLB,Dean Kremer,2020,572500,1620057.8838502518,1097377520016.8176,MLB,MLB,gbm
MLB,Bruce Zimmermann,2020,571500,797910.7929022419,51261847142.62188,MLB,MLB,gbm
MLB,Keegan Akin,2020,570500,4046590.0321366675,12083201911519.898,MLB,MLB,gbm
MLB,Garrett Richards,2020,10000000,5228011.136663095,22771877711811.445,MLB,MLB,gbm
MLB,Martín Pérez,2020,5000000,4332143.32594344,446032537081.88995,MLB,MLB,gbm
MLB,Tanner Houck,2020,577000,3167149.623795745,6708875073649.239,MLB,MLB,gbm
MLB,Chris Mazza,2020,570500,5299795.804565915,22366238807084.766,MLB,MLB,gbm
MLB,Zach Davies,2020,8630000,3094231.9110806766,30644728334297.492,MLB,MLB,gbm
MLB,Jake Arrieta,2020,6000000,4436170.3620207915,2445563136622.182,MLB,MLB,gbm
MLB,Trevor Williams,2020,2500000,2866827.8817357984,134562694818.77292,MLB,MLB,gbm
MLB,Alec Mills,2020,600000,2743979.650213465,4596648740529.452,MLB,MLB,gbm
MLB,Adbert Alzolay,2020,573000,5066839.909683362,20194597133862.965,MLB,MLB,gbm
MLB,Lucas Giolito,2020,4150000,4903257.643374821,567397077302.5892,MLB,MLB,gbm
MLB,Carlos Rodón,2020,3000000,952309.1222128513,4193037930972.703,MLB,MLB,gbm
MLB,Reynaldo López,2020,2100000,906621.5618221,1424152096707.9238,MLB,MLB,gbm
MLB,Dylan Cease,2020,600000,-177869.89439171806,605081572600.9827,MLB,MLB,gbm
MLB,Dane Dunning,2020,572500,877786.6042060431,93199910707.6572,MLB,MLB,gbm
MLB,Jonathan Stiever,2020,570500,-474740.63242859096,1092527979679.7207,MLB,MLB,gbm
MLB,Luis Castillo,2020,4200000,4450450.976625603,62725691692.718185,MLB,MLB,gbm
MLB,Tyler Mahle,2020,2200000,2954863.355532214,569818685525.3538,MLB,MLB,gbm
MLB,Shane Bieber,2020,679700,7965894.399791603,53088628831554.516,MLB,MLB,gbm
MLB,Zach Plesac,2020,590200,2320724.150929745,2994713836951.1143,MLB,MLB,gbm
MLB,Aaron Civale,2020,587400,1018821.3678435868,186124396632.03146,MLB,MLB,gbm
MLB,Triston McKenzie,2020,575300,4091666.2810434373,12364831822459.254,MLB,MLB,gbm
MLB,Jon Gray,2020,6000000,2447108.912176592,12623035081935,MLB,MLB,gbm
MLB,Kyle Freeland,2020,5025000,952309.1222128513,16586810986010.654,MLB,MLB,gbm
MLB,Antonio Senzatela,2020,3000000,585003.2666837086,5832209221928.357,MLB,MLB,gbm
MLB,Chi Chi González,2020,1100000,2606903.4736122116,2270758078784.5493,MLB,MLB,gbm
MLB,Ryan Castellani,2020,570500,-293924.044631732,747228928937.4824,MLB,MLB,gbm
MLB,Matthew Boyd,2020,6500000,5227992.987127762,1618001840796.153,MLB,MLB,gbm
MLB,José Ureña,2020,3250000,2317691.24852386,869199608078.9994,MLB,MLB,gbm
MLB,Michael Fulmer,2020,3100000,952309.1222128513,4612576106530.133,MLB,MLB,gbm
MLB,Julio Teheran,2020,3000000,4151326.738146578,1325553257971.239,MLB,MLB,gbm
MLB,Spencer Turnbull,2020,586900,1953443.3718116896,1867440787042.4617,MLB,MLB,gbm
MLB,Tarik Skubal,2020,574300,1260466.8916127607,470825003145.5181,MLB,MLB,gbm
MLB,Casey Mize,2020,574100,388884.8101165316,34304666563.56925,MLB,MLB,gbm
MLB,Jake Odorizzi,2020,7833333,5615243.552959788,4919920795071.155,MLB,MLB,gbm
MLB,Framber Valdez,2020,637300,2514184.6880654013,3522696132294.359,MLB,MLB,gbm
MLB,Cristian Javier,2020,620400,1893745.6051751822,1621409030218.9512,MLB,MLB,gbm
MLB,José Urquidy,2020,604200,667642.1054144757,4024900739.4214425,MLB,MLB,gbm
MLB,Brandon Bielak,2020,599000,-299777.4824401768,807800962941.5024,MLB,MLB,gbm
MLB,Mike Minor,2020,9000000,6171377.886062144,8001103063458.264,MLB,MLB,gbm
MLB,Brad Keller,2020,3350000,523927.6265713811,7986685059856.468,MLB,MLB,gbm
MLB,Brady Singer,2020,593700,664745.7977699862,5047505380.773777,MLB,MLB,gbm
MLB,Carlos Hernández,2020,570500,74396.00078334764,246119178038.7562,MLB,MLB,gbm
MLB,Kris Bubic,2020,570500,388884.8101165316,32984077196.408276,MLB,MLB,gbm
MLB,Ronald Bolaños,2020,570500,-474740.63242859096,1092527979679.7207,MLB,MLB,gbm
MLB,Dylan Bundy,2020,8325000,4005887.211531639,18654735279510.94,MLB,MLB,gbm
MLB,Andrew Heaney,2020,6750000,5357410.650780495,1939305095559.6038,MLB,MLB,gbm
MLB,Jaime Barria,2020,590500,275897.48766607576,98974740766.81696,MLB,MLB,gbm
MLB,Griffin Canning,2020,590500,388884.8101165316,40648684791.74701,MLB,MLB,gbm
MLB,Dillon Peters,2020,570500,3401183.208565295,8012767427253.515,MLB,MLB,gbm
MLB,Patrick Sandoval,2020,570500,250532.6295167917,102379118173.9387,MLB,MLB,gbm
MLB,José Suarez,2020,570500,-100316.95678310221,449995389507.7425,MLB,MLB,gbm
MLB,Trevor Bauer,2020,34000000,10755878.922252972,540289164676963.7,MLB,MLB,gbm
MLB,Walker Buehler,2020,4000000,2382716.5127341608,2615605878182.754,MLB,MLB,gbm
MLB,Julio Urías,2020,3600000,567668.0377669864,9195037129179.918,MLB,MLB,gbm
MLB,Cole Hamels,2020,1000000,4746404.613470382,14035547527832.162,MLB,MLB,gbm
MLB,Dustin May,2020,590500,407873.4763313671,33352447147.289734,MLB,MLB,gbm
MLB,Tony Gonsolin,2020,580500,2511171.021099319,3727490591712.688,MLB,MLB,gbm
MLB,Sandy Alcantara,2020,630000,1142081.2552237567,262227211951.5382,MLB,MLB,gbm
MLB,Pablo López,2020,595000,1341967.2093874244,557960011900.0364,MLB,MLB,gbm
MLB,Elieser Hernández,2020,579000,5112742.100943576,20554817437868.266,MLB,MLB,gbm
MLB,Trevor Rogers,2020,570500,5108165.16222264,20590405124449.016,MLB,MLB,gbm
MLB,Daniel Castano,2020,570500,2594.8250251794416,322516287763.1816,MLB,MLB,gbm
MLB,Braxton Garrett,2020,570500,601925.6165525888,987569375.7103409,MLB,MLB,gbm
MLB,Jordan Yamamoto,2020,570500,1079650.3038159017,259234031875.82504,MLB,MLB,gbm
MLB,Brandon Woodruff,2020,3275000,4640101.569697402,1863502295590.312,MLB,MLB,gbm
MLB,Brett Anderson,2020,2500000,5066106.919747847,6584904723577.784,MLB,MLB,gbm
MLB,Jordan Zimmermann,2020,1000000,5512836.611001971,20365694277599.758,MLB,MLB,gbm
MLB,Zack Godley,2020,800000,5299795.804565915,20248162282789.008,MLB,MLB,gbm
MLB,Corbin Burnes,2020,608000,6331146.898696771,32754410424062.465,MLB,MLB,gbm
MLB,Adrian Houser,2020,584100,838060.0471129135,64495705529.59322,MLB,MLB,gbm
MLB,Eric Lauer,2020,570500,1079650.3038159017,259234031875.82504,MLB,MLB,gbm
MLB,Randy Dobnak,2020,1850000,-229268.81853584477,4323358819735.4478,MLB,MLB,gbm
MLB,J.A. Happ,2020,8000000,5529625.880117697,6102748292184.265,MLB,MLB,gbm
MLB,José Berríos,2020,6100000,1570494.9391931167,20516416095875.168,MLB,MLB,gbm
MLB,Matt Shoemaker,2020,2000000,5705074.455872103,13727576723555.957,MLB,MLB,gbm
MLB,Taijuan Walker,2020,7666667,2569131.0098651997,25984873170719.574,MLB,MLB,gbm
MLB,Steven Matz,2020,5200000,5856015.191672033,430355931704.4938,MLB,MLB,gbm
MLB,Robert Gsellman,2020,1300000,42996.119276978265,1580058756152.7366,MLB,MLB,gbm
MLB,Joey Lucchesi,2020,607100,1501445.7554247899,799854330246.338,MLB,MLB,gbm
MLB,David Peterson,2020,585750,230927.69661010822,125898866982.90839,MLB,MLB,gbm
MLB,Corey Kluber,2020,11000000,6850067.422576039,17221940397164.68,MLB,MLB,gbm
MLB,Jordan Montgomery,2020,2130000,2658911.9289210867,279747828555.02466,MLB,MLB,gbm
MLB,Asher Wojciechowski,2020,750000,4611133.512009206,14908351997560.547,MLB,MLB,gbm
MLB,Deivi García,2020,570500,1018821.3678435868,200992048865.14468,MLB,MLB,gbm
MLB,Zach Eflin,2020,4450000,2491870.20562942,3834272291601.77,MLB,MLB,gbm
MLB,Vince Velasquez,2020,4000000,6522040.979061743,6360690700066.717,MLB,MLB,gbm
MLB,Chase Anderson,2020,4000000,6119978.961918018,4494310798974.996,MLB,MLB,gbm
MLB,Spencer Howard,2020,570500,388884.8101165316,32984077196.408276,MLB,MLB,gbm
MLB,Adonis Medina,2020,570500,877786.6042060431,94425057124.48137,MLB,MLB,gbm
MLB,Tyler Anderson,2020,2500000,4436170.3620207915,3748755670767.7227,MLB,MLB,gbm
MLB,Chad Kuhl,2020,2130000,2091795.55241143,1459579815.5477884,MLB,MLB,gbm
MLB,Steven Brault,2020,2050000,3792107.5920773596,3034938862373.5757,MLB,MLB,gbm
MLB,Trevor Cahill,2020,1500000,8499141.907657038,48987987443521.01,MLB,MLB,gbm
MLB,JT Brubaker,2020,590500,1119662.368258158,280012811980.5824,MLB,MLB,gbm
MLB,Cody Ponce,2020,580500,681943.4892842668,10290781518.16716,MLB,MLB,gbm
MLB,Mitch Keller,2020,579000,862490.1791454772,80366681671.93478,MLB,MLB,gbm
MLB,Chase De Jong,2020,570500,1861933.6479023665,1667800866934.4136,MLB,MLB,gbm
MLB,Mike Clevinger,2020,5750000,5768148.6257989295,329372618.3895688,MLB,MLB,gbm
MLB,Joe Musgrove,2020,4450000,6811075.904517537,5574679426893.306,MLB,MLB,gbm
MLB,Dinelson Lamet,2020,4200000,6623307.327977537,5872418405829.631,MLB,MLB,gbm
MLB,Chris Paddack,2020,610900,1018821.3678435868,166399842343.38287,MLB,MLB,gbm
MLB,Vince Velasquez,2020,570500,6522040.979061743,35420840025451.21,MLB,MLB,gbm
MLB,Jake Arrieta,2020,570500,4436170.3620207915,14943407347805.957,MLB,MLB,gbm
MLB,James Paxton,2020,8500000,8010770.805740885,239345204515.42245,MLB,MLB,gbm
MLB,Justus Sheffield,2020,625000,388149.19192857767,56098305284.08574,MLB,MLB,gbm
MLB,Nick Margevicius,2020,586900,61765.88525434517,275765838469.70264,MLB,MLB,gbm
MLB,Justin Dunn,2020,584900,425998.1118560922,25249810055.698994,MLB,MLB,gbm
MLB,Jimmy Yacabonis,2020,570500,2384258.761220781,3289720843905.1426,MLB,MLB,gbm
MLB,Ljay Newsome,2020,570500,155195.92529846422,172477474463.6988,MLB,MLB,gbm
MLB,Kevin Gausman,2020,18900000,9076870.992773883,96493863492607.16,MLB,MLB,gbm
MLB,Anthony DeSclafani,2020,6000000,4321921.286920852,2815948167289.3696,MLB,MLB,gbm
MLB,Logan Webb,2020,583000,-100316.95678310221,466922063427.32,MLB,MLB,gbm
MLB,Tyler Chatwood,2020,570500,8640520.09255867,65125224294300.66,MLB,MLB,gbm
MLB,Adam Wainwright,2020,8000000,7445171.465431224,307834702771.7359,MLB,MLB,gbm
MLB,Jack Flaherty,2020,3900000,1620057.8838502518,5198136052993.392,MLB,MLB,gbm
MLB,Dakota Hudson,2020,595700,862490.1791454772,71176999688.47585,MLB,MLB,gbm
MLB,Daniel Ponce de Leon,2020,585500,7664594.234998507,50113575187989.1,MLB,MLB,gbm
MLB,Wade LeBlanc,2020,570500,4436170.3620207915,14943407347805.957,MLB,MLB,gbm
MLB,Johan Oviedo,2020,570500,-474740.63242859096,1092527979679.7207,MLB,MLB,gbm
MLB,Tyler Glasnow,2020,4000000,6597841.115004491,6748778458807.777,MLB,MLB,gbm
MLB,Michael Wacha,2020,3000000,4502018.74249541,2256060302807.493,MLB,MLB,gbm
MLB,Rich Hill,2020,2500000,6409968.532375802,15287853924168.984,MLB,MLB,gbm
MLB,Ryan Yarbrough,2020,2300000,3261380.9973961446,924253422154.4056,MLB,MLB,gbm
MLB,Yonny Chirinos,2020,1175000,1069468.2099426873,11136958712.700724,MLB,MLB,gbm
MLB,Josh Fleming,2020,570500,929402.1207891082,128810732306.91962,MLB,MLB,gbm
MLB,Mike Foltynewicz,2020,2000000,3042964.5104692425,1087774970098.3466,MLB,MLB,gbm
MLB,Kolby Allard,2020,584250,455452.3228134524,16588841648.650126,MLB,MLB,gbm
MLB,Robbie Ray,2020,8000000,6522040.979061743,2184362867572.7705,MLB,MLB,gbm
MLB,Ross Stripling,2020,3000000,4611133.512009206,2595751193519.119,MLB,MLB,gbm
MLB,Tyler Chatwood,2020,3000000,8640520.09255867,31815466914558.074,MLB,MLB,gbm
MLB,Tommy Milone,2020,1000000,6142773.168729029,26448115864999.215,MLB,MLB,gbm
MLB,Trent Thornton,2020,592900,1119662.368258158,277478592612.94324,MLB,MLB,gbm
MLB,Nate Pearson,2020,577500,350256.9884368026,51639386304.31148,MLB,MLB,gbm
MLB,Jon Lester,2020,5000000,4565588.0256735245,188713763438.22644,MLB,MLB,gbm
MLB,Austin Voth,2020,587700,2787630.253509875,4839693120308.022,MLB,MLB,gbm
MLB,Erick Fedde,2020,575000,758862.4188869897,33805389078.97487,MLB,MLB,gbm
MLB,Wil Crowe,2020,574000,388884.8101165316,34267633525.592556,MLB,MLB,gbm
MLB,Paolo Espino,2020,570500,5876312.223165347,28151643347490.805,MLB,MLB,gbm
MLB,Luke Weaver,2021,2875000,2046971.187981642,685631713532.5331,MLB,MLB,gbm
MLB,Zach Davies,2021,1750000,2462262.9016610733,507318441082.6518,MLB,MLB,gbm
MLB,Zac Gallen,2021,1670875,1342433.4187648273,107873872284.26054,MLB,MLB,gbm
MLB,Zac Gallen,2021,745600,1342433.4187648273,356210129754.5117,MLB,MLB,gbm
MLB,Humberto Castellanos,2021,713700,-588989.7075285285,1697000474100.7632,MLB,MLB,gbm
MLB,Corbin Martin,2021,705100,-185528.40734023912,793218959961.411,MLB,MLB,gbm
MLB,Dallas Keuchel,2021,700000,4942764.008165201,18001046428982.043,MLB,MLB,gbm
MLB,Tyler Gilbert,2021,700000,2041171.0988629546,1798739916425.2654,MLB,MLB,gbm
MLB,Taylor Widener,2021,700000,1221281.3278290932,271734222743.26254,MLB,MLB,gbm
MLB,Sean Manaea,2021,9750000,9609418.099708602,19763270689.540615,MLB,MLB,gbm
MLB,Chris Bassitt,2021,8800000,8798585.256826643,2001498.2465605156,MLB,MLB,gbm
MLB,Frankie Montas,2021,5025000,8788499.709827183,14163930065869.29,MLB,MLB,gbm
MLB,Paul Blackburn,2021,710000,1582245.6799399068,760812526173.8303,MLB,MLB,gbm
MLB,James Kaprielian,2021,705000,2843046.556219199,4571243076560.777,MLB,MLB,gbm
MLB,Cole Irvin,2021,705000,4775519.202834153,16569126580641.586,MLB,MLB,gbm
MLB,Cole Irvin,2021,201978,4775519.202834153,20917279134021.668,MLB,MLB,gbm
MLB,Charlie Morton,2021,20000000,10787544.845687574,84869329970217.6,MLB,MLB,gbm
MLB,Max Fried,2021,6850000,5772380.160548573,1161264518379.3186,MLB,MLB,gbm
MLB,Huascar Ynoa,2021,720000,1484928.9551220895,585116306384.1716,MLB,MLB,gbm
MLB,Kyle Wright,2021,720000,388884.8101165316,109637268971.56532,MLB,MLB,gbm
MLB,Tucker Davidson,2021,710000,840146.8083154758,16938191714.705206,MLB,MLB,gbm
MLB,Ian Anderson,2021,710000,1532555.9579175997,676598303905.7401,MLB,MLB,gbm
MLB,Touki Toussaint,2021,700000,455452.3228134524,59803566417.33589,MLB,MLB,gbm
MLB,Kyle Muller,2021,700000,877786.6042060431,31608076635.116207,MLB,MLB,gbm
MLB,Kyle Wright,2021,477143,388884.8101165316,7789508081.506361,MLB,MLB,gbm
MLB,Jordan Lyles,2021,7000000,7318490.452274535,101436168190.03777,MLB,MLB,gbm
MLB,John Means,2021,2962500,4696750.572927836,3007625049700.5283,MLB,MLB,gbm
MLB,Jorge López,2021,1500000,3284994.614448297,3186205773609.424,MLB,MLB,gbm
MLB,Matt Harvey,2021,1000000,4300684.011838911,10894514946009.01,MLB,MLB,gbm
MLB,Keegan Akin,2021,709500,477883.6773889794,53646120899.85236,MLB,MLB,gbm
MLB,Bruce Zimmermann,2021,705500,592132.7524889174,12852132808.239056,MLB,MLB,gbm
MLB,Dean Kremer,2021,705500,74396.00078334764,398292257827.2523,MLB,MLB,gbm
MLB,Chris Ellis,2021,700000,2956638.6185311475,5092417854646.166,MLB,MLB,gbm
MLB,Zac Lowther,2021,700000,487676.54145265097,45081251049.50784,MLB,MLB,gbm
MLB,Spenser Watkins,2021,700000,2203442.173423922,2260338368829.647,MLB,MLB,gbm
MLB,Dean Kremer,2021,280627,74396.00078334764,42531225037.898865,MLB,MLB,gbm
MLB,James Paxton,2021,10000000,11458995.573975127,2128668084879.0107,MLB,MLB,gbm
MLB,Michael Wacha,2021,7000000,5612606.19047089,1924861582719.696,MLB,MLB,gbm
MLB,Rich Hill,2021,5000000,7515127.622468162,6325866957302.351,MLB,MLB,gbm
MLB,Nick Pivetta,2021,2650000,4828970.4066104535,4747912032884.125,MLB,MLB,gbm
MLB,Tanner Houck,2021,716000,2970031.9440850085,5080660004955.643,MLB,MLB,gbm
MLB,Kutter Crawford,2021,702000,601925.6165525888,10014882222.379496,MLB,MLB,gbm
MLB,Connor Seabold,2021,700000,-474740.63242859096,1380015553478.7258,MLB,MLB,gbm
MLB,Marcus Stroman,2021,23666667,9387471.492878733,203895424330592.16,MLB,MLB,gbm
MLB,Drew Smyly,2021,5250000,6376474.631297174,1268945094956.104,MLB,MLB,gbm
MLB,Steven Brault,2021,1500000,4072129.1099206544,6615848158101.218,MLB,MLB,gbm
MLB,Alec Mills,2021,741250,4285318.375865532,12560420652810.15,MLB,MLB,gbm
MLB,Adbert Alzolay,2021,718250,2311102.959346951,2537180550100.3394,MLB,MLB,gbm
MLB,Adrian Sampson,2021,700000,5534459.740980862,23372000987164.742,MLB,MLB,gbm
MLB,Lance Lynn,2021,19000000,8400367.048999231,112352218695941.27,MLB,MLB,gbm
MLB,Lucas Giolito,2021,7450000,6360631.376326605,1186723998244.0674,MLB,MLB,gbm
MLB,Johnny Cueto,2021,4200000,5677430.095116932,2182799685957.2266,MLB,MLB,gbm
MLB,Vince Velasquez,2021,3000000,5116512.810953967,4479626478932.264,MLB,MLB,gbm
MLB,Dylan Cease,2021,2457426,7862426.57880747,29214031256909.09,MLB,MLB,gbm
MLB,Dylan Cease,2021,750000,7862426.57880747,50586611838926.94,MLB,MLB,gbm
MLB,Jimmy Lambert,2021,700000,42996.119276978265,431654099285.11053,MLB,MLB,gbm
MLB,Luis Castillo,2021,7350000,5890561.394766904,2129961042444.7234,MLB,MLB,gbm
MLB,Tyler Mahle,2021,5200000,5856155.348289205,430539841088.5276,MLB,MLB,gbm
MLB,Justin Dunn,2021,720000,664745.7977699862,3053026864.075261,MLB,MLB,gbm
MLB,Vladimir Gutierrez,2021,707500,373672.0643528264,111441090618.45349,MLB,MLB,gbm
MLB,Chase Anderson,2021,700000,4321921.286920852,13118313808650.4,MLB,MLB,gbm
MLB,T.J. Zeuch,2021,700000,-474740.63242859096,1380015553478.7258,MLB,MLB,gbm
MLB,Riley O'Brien,2021,700000,6205925.977111022,30315220865425.96,MLB,MLB,gbm
MLB,Reiver Sanmartin,2021,700000,1496156.8252973566,633865690467.5656,MLB,MLB,gbm
MLB,Shane Bieber,2021,6000000,6679737.196741584,462042656634.10657,MLB,MLB,gbm
MLB,Cal Quantrill,2021,2510000,1975047.3155398553,286174374611.1152,MLB,MLB,gbm
MLB,Zach Plesac,2021,2000000,1637254.0003604654,131584660254.48526,MLB,MLB,gbm
MLB,Aaron Civale,2021,716900,2420101.167648494,2900894217479.1924,MLB,MLB,gbm
MLB,Triston McKenzie,2021,707100,2104355.599957423,1952323211612.3777,MLB,MLB,gbm
MLB,Eli Morgan,2021,702100,1134875.5180836003,187294649052.5287,MLB,MLB,gbm
MLB,Logan Allen,2021,701700,-588989.7075285285,1665879921120.0786,MLB,MLB,gbm
MLB,Triston McKenzie,2021,531152,2104355.599957423,2474969566918.9946,MLB,MLB,gbm
MLB,Kyle Freeland,2021,12900000,3473895.3101033415,88851449624891.77,MLB,MLB,gbm
MLB,Antonio Senzatela,2021,10100000,1306321.043852004,77328789583800.125,MLB,MLB,gbm
MLB,Chad Kuhl,2021,3000000,3363938.354005918,132451125516.53682,MLB,MLB,gbm
MLB,Peter Lambert,2021,762500,-474740.63242859096,1530764382532.2996,MLB,MLB,gbm
MLB,Austin Gomber,2021,710000,2550808.1215572176,3388574540391.0117,MLB,MLB,gbm
MLB,José Ureña,2021,700000,4037077.663046642,11136087329204.84,MLB,MLB,gbm
MLB,Ryan Feltner,2021,700000,388884.8101165316,96792661376.2266,MLB,MLB,gbm
MLB,Eduardo Rodríguez,2021,15400000,6352860.694017067,81850729621861.34,MLB,MLB,gbm
MLB,Michael Pineda,2021,5500000,5869757.835776219,136720857117.91345,MLB,MLB,gbm
MLB,Spencer Turnbull,2021,1825000,4249960.88457008,5880435291694.904,MLB,MLB,gbm
MLB,Wily Peralta,2021,2500000,4913505.81947456,5825010340637.568,MLB,MLB,gbm
MLB,Casey Mize,2021,714200,649407.1238786046,4198116796.082488,MLB,MLB,gbm
MLB,Tarik Skubal,2021,713600,2064337.2297397996,1824491063805.1482,MLB,MLB,gbm
MLB,Matt Manning,2021,705300,-474740.63242859096,1392495894182.4688,MLB,MLB,gbm
MLB,Luis Castillo,2021,700000,5890561.394766904,26941927592844.55,MLB,MLB,gbm
MLB,Tarik Skubal,2021,293739,2064337.2297397996,3135018091157.7124,MLB,MLB,gbm
MLB,Framber Valdez,2021,3000000,4152863.631836202,1329094553610.5579,MLB,MLB,gbm
MLB,José Urquidy,2021,748700,2126868.256331349,1899347742759.3904,MLB,MLB,gbm
MLB,Zack Greinke,2021,13000000,7747617.7219209075,27587519595079.316,MLB,MLB,gbm
MLB,Brad Keller,2021,4825000,982236.219105871,14766833475751.742,MLB,MLB,gbm
MLB,Brady Singer,2021,726250,799946.2939446692,5431143741.179085,MLB,MLB,gbm
MLB,Kris Bubic,2021,713750,158167.60307549036,308671799772.3834,MLB,MLB,gbm
MLB,Jackson Kowar,2021,702000,274635.73501659377,182640214984.80707,MLB,MLB,gbm
MLB,Ángel Zerpa,2021,700000,1492426.7368725329,627940133310.4504,MLB,MLB,gbm
MLB,Brady Singer,2021,421437,799946.2939446692,143269285602.49197,MLB,MLB,gbm
MLB,Noah Syndergaard,2021,21000000,4024294.0552320946,288174592323228.44,MLB,MLB,gbm
MLB,Griffin Canning,2021,730000,504938.96035654587,50652471565.39243,MLB,MLB,gbm
MLB,Jaime Barria,2021,730000,-474740.63242859096,1451399991424.4412,MLB,MLB,gbm
MLB,José Suarez,2021,720000,692251.5835565093,769974615.1213826,MLB,MLB,gbm
MLB,Patrick Sandoval,2021,720000,1087895.6808042563,135347231954.42728,MLB,MLB,gbm
MLB,Reid Detmers,2021,710000,388884.8101165316,103114965173.89595,MLB,MLB,gbm
MLB,Cooper Criswell,2021,710000,155195.92529846422,307807561305.42725,MLB,MLB,gbm
MLB,Jhonathan Díaz,2021,700000,-313128.7198750737,1026429803035.7057,MLB,MLB,gbm
MLB,Janson Junk,2021,700000,155195.92529846422,296811479811.39655,MLB,MLB,gbm
MLB,Patrick Sandoval,2021,432834,1087895.6808042563,429105805658.0974,MLB,MLB,gbm
MLB,Reid Detmers,2021,284691,388884.8101165316,10856350066.599846,MLB,MLB,gbm
MLB,Clayton Kershaw,2021,17000000,8340530.958167579,74986404086454.11,MLB,MLB,gbm
MLB,Andrew Heaney,2021,8500000,6638984.484046388,3463378750620.087,MLB,MLB,gbm
MLB,Julio Urías,2021,8000000,8322141.977997598,103775453988.20506,MLB,MLB,gbm
MLB,Tyler Anderson,2021,8000000,6875944.328352674,1263501152962.5215,MLB,MLB,gbm
MLB,Danny Duffy,2021,3000000,6170988.656252599,10055169058082.666,MLB,MLB,gbm
MLB,Dustin May,2021,730000,7406987.7597826095,44582165544286.79,MLB,MLB,gbm
MLB,Tony Gonsolin,2021,720000,3259896.5035645706,6451074248819.53,MLB,MLB,gbm
MLB,Tony Gonsolin,2021,529938,3259896.5035645706,7452673431184.51,MLB,MLB,gbm
MLB,Sandy Alcantara,2021,11200000,5842010.224846396,28708054430650.57,MLB,MLB,gbm
MLB,Pablo López,2021,2450000,2565759.5841856673,13400281330.838604,MLB,MLB,gbm
MLB,Elieser Hernández,2021,1325000,1429651.0327680754,10951838659.424782,MLB,MLB,gbm
MLB,Trevor Rogers,2021,722000,2594294.470153683,3505486582968.06,MLB,MLB,gbm
MLB,Jesús Luzardo,2021,715000,603730.6916926651,12380858971.192747,MLB,MLB,gbm
MLB,Zach Thompson,2021,705000,2140393.1254320783,2060353424537.67,MLB,MLB,gbm
MLB,Daniel Castano,2021,705000,42996.119276978265,438249138092.34076,MLB,MLB,gbm
MLB,Cody Poteet,2021,704000,1395523.3559116127,478204551771.25903,MLB,MLB,gbm
MLB,Edward Cabrera,2021,700000,782742.2043494473,6846272380.605692,MLB,MLB,gbm
MLB,Braxton Garrett,2021,700000,274635.73501659377,180934757924.87344,MLB,MLB,gbm
MLB,Nick Neidert,2021,700000,-408173.1197316697,1228047663295.8218,MLB,MLB,gbm
MLB,Jesús Luzardo,2021,288794,603730.6916926651,99185119774.32079,MLB,MLB,gbm
MLB,Brandon Woodruff,2021,6800000,8328008.014055468,2334808491017.736,MLB,MLB,gbm
MLB,Corbin Burnes,2021,6500000,9690545.718935544,10179581984617.926,MLB,MLB,gbm
MLB,Eric Lauer,2021,2425000,2137467.7716441373,82674782343.28795,MLB,MLB,gbm
MLB,Adrian Houser,2021,2425000,4035209.0169875175,2592773078387.907,MLB,MLB,gbm
MLB,José Ureña,2021,1250000,4037077.663046642,7767801899853.532,MLB,MLB,gbm
MLB,Dylan Bundy,2021,5000000,3067067.6159690446,3736227601235.593,MLB,MLB,gbm
MLB,Chris Archer,2021,3500000,5990561.298265285,6202895580416.861,MLB,MLB,gbm
MLB,Bailey Ober,2021,706200,1313828.7014317103,369212638803.5865,MLB,MLB,gbm
MLB,Joe Ryan,2021,701650,2569482.2156632533,3488797185869.498,MLB,MLB,gbm
MLB,Chi Chi González,2021,700000,4166495.326699373,12016589850028.592,MLB,MLB,gbm
MLB,Aaron Sanchez,2021,700000,2861594.2186745517,4672489566207.246,MLB,MLB,gbm
MLB,Griffin Jax,2021,700000,-71252.95582295945,594831121865.6519,MLB,MLB,gbm
MLB,Joe Ryan,2021,265573,2569482.2156632533,5307997674018.067,MLB,MLB,gbm
MLB,Max Scherzer,2021,43333333,15184332.885088528,792366207469286.25,MLB,MLB,gbm
MLB,Trevor Williams,2021,3900000,4900703.105591767,1001406705541.0062,MLB,MLB,gbm
MLB,Joey Lucchesi,2021,1150000,3590342.6738546933,5955272365836.274,MLB,MLB,gbm
MLB,Tylor Megill,2021,707500,1209067.9674686342,251570425990.61694,MLB,MLB,gbm
MLB,David Peterson,2021,700000,601925.6165525888,9618584688.589851,MLB,MLB,gbm
MLB,Jordan Montgomery,2021,6000000,4527737.226492882,2167557674254.872,MLB,MLB,gbm
MLB,Jameson Taillon,2021,5800000,6294704.769512397,244732808978.3141,MLB,MLB,gbm
MLB,Domingo Germán,2021,1750000,3704591.748954631,3820428905081.523,MLB,MLB,gbm
MLB,Nestor Cortes,2021,727500,2625520.7182646003,3602482646961.669,MLB,MLB,gbm
MLB,Clarke Schmidt,2021,712500,274635.73501659377,191725114549.4586,MLB,MLB,gbm
MLB,Chi Chi González,2021,700000,4166495.326699373,12016589850028.592,MLB,MLB,gbm
MLB,Deivi García,2021,700000,-100316.95678310221,640507231314.5659,MLB,MLB,gbm
MLB,Luis Gil,2021,700000,4520765.637275949,14598250054988.69,MLB,MLB,gbm
MLB,Nestor Cortes,2021,597831,2625520.7182646003,4111525593555.974,MLB,MLB,gbm
MLB,Zach Eflin,2021,5700000,2366673.4942591055,11111065593874.8,MLB,MLB,gbm
MLB,Hans Crouse,2021,700000,385154.7216917066,99127549273.02672,MLB,MLB,gbm
MLB,Jerad Eickhoff,2021,1000000,4356972.733794868,11269265935442.19,MLB,MLB,gbm
MLB,JT Brubaker,2021,725000,2356413.712238845,2661510700480.9287,MLB,MLB,gbm
MLB,Mitch Keller,2021,725000,586905.4875086123,19070094380.234024,MLB,MLB,gbm
MLB,Bryse Wilson,2021,715000,-424520.5970017826,1298507190991.299,MLB,MLB,gbm
MLB,Dillon Peters,2021,715000,2866827.8817357984,4630363232615.573,MLB,MLB,gbm
MLB,Wil Crowe,2021,715000,988588.0889741664,74850442428.5364,MLB,MLB,gbm
MLB,Miguel Yajure,2021,705000,-474740.63242859096,1391787959803.0117,MLB,MLB,gbm
MLB,Max Kranick,2021,705000,-264726.03556616284,940368584054.8668,MLB,MLB,gbm
MLB,Chase De Jong,2021,700000,1422248.127198866,521642357242.2695,MLB,MLB,gbm
MLB,Roansy Contreras,2021,700000,4206944.555563063,12298660115793.412,MLB,MLB,gbm
MLB,Mitch Keller,2021,252104,586905.4875086123,112092036037.9795,MLB,MLB,gbm
MLB,Joe Musgrove,2021,8625000,8006366.7571032,382707089217.01105,MLB,MLB,gbm
MLB,Chris Paddack,2021,2250000,1496471.132558397,567805754067.8248,MLB,MLB,gbm
MLB,Adrián Morejón,2021,704500,-474740.63242859096,1390608469170.583,MLB,MLB,gbm
MLB,Ryan Weathers,2021,700000,-588989.7075285285,1661494466114.4814,MLB,MLB,gbm
MLB,Robbie Ray,2021,23000000,14134795.875675226,78591844165944.98,MLB,MLB,gbm
MLB,Justus Sheffield,2021,760800,-79057.39486584681,705360443710.8469,MLB,MLB,gbm
MLB,Logan Gilbert,2021,712300,1504647.0563438863,627813857696.8218,MLB,MLB,gbm
MLB,Carlos Rodón,2021,22000000,11227644.817994094,116043636167289.5,MLB,MLB,gbm
MLB,Anthony DeSclafani,2021,12000000,9844864.592588423,4644608624279.064,MLB,MLB,gbm
MLB,Alex Wood,2021,12500000,7265116.873071307,27404001352602.727,MLB,MLB,gbm
MLB,Alex Cobb,2021,10000000,6244941.268875071,14100466074197.562,MLB,MLB,gbm
MLB,Matthew Boyd,2021,5200000,4940011.701319014,67593915451.03373,MLB,MLB,gbm
MLB,Logan Webb,2021,730000,3496403.4897301877,7652988267991.36,MLB,MLB,gbm
MLB,Logan Webb,2021,572075,3496403.4897301877,8551697115847.641,MLB,MLB,gbm
MLB,Steven Matz,2021,11000000,7516027.721433731,12138062837818.242,MLB,MLB,gbm
MLB,Adam Wainwright,2021,17500000,13252720.36680072,18039384282589.41,MLB,MLB,gbm
MLB,Jack Flaherty,2021,5000000,2384134.818999369,6842750645171.463,MLB,MLB,gbm
MLB,Dakota Hudson,2021,1050000,1426129.1221112597,141473116500.18692,MLB,MLB,gbm
MLB,Packy Naughton,2021,700000,-474740.63242859096,1380015553478.7258,MLB,MLB,gbm
MLB,Johan Oviedo,2021,700000,-264726.03556616284,930696323699.2052,MLB,MLB,gbm
MLB,Corey Kluber,2021,8000000,5809707.349038844,4797381896854.448,MLB,MLB,gbm
MLB,Tyler Glasnow,2021,5100000,8117917.5423308965,9107826292308.559,MLB,MLB,gbm
MLB,Ryan Yarbrough,2021,3850000,5208659.313792124,1845955130954.0864,MLB,MLB,gbm
MLB,Shane McClanahan,2021,711400,2388693.489609524,2813313450286.4946,MLB,MLB,gbm
MLB,Luis Patiño,2021,707400,606557.9199274804,10169125113.352455,MLB,MLB,gbm
MLB,Shane Baz,2021,701100,5696776.467410417,24956783367038.227,MLB,MLB,gbm
MLB,Shane McClanahan,2021,563144,2388693.489609524,3332630939013.594,MLB,MLB,gbm
MLB,Jon Gray,2021,14000000,6118313.696272939,62120978990358.734,MLB,MLB,gbm
MLB,Garrett Richards,2021,5500000,5272443.719641926,51781860730.40248,MLB,MLB,gbm
MLB,Martín Pérez,2021,4000000,5224214.762707963,1498701785232.1133,MLB,MLB,gbm
MLB,Matt Moore,2021,2500000,4791860.291906869,5252623597619.438,MLB,MLB,gbm
MLB,Kolby Allard,2021,720000,330159.0752868786,151975946581.18158,MLB,MLB,gbm
MLB,Spencer Howard,2021,714000,487676.54145265097,51222307888.83362,MLB,MLB,gbm
MLB,Dane Dunning,2021,714000,1104642.2392141807,152601359058.2692,MLB,MLB,gbm
MLB,Dallas Keuchel,2021,700000,4942764.008165201,18001046428982.043,MLB,MLB,gbm
MLB,A.J. Alexy,2021,700000,385154.7216917066,99127549273.02672,MLB,MLB,gbm
MLB,Glenn Otto,2021,700000,1344196.896196797,414989641069.58685,MLB,MLB,gbm
MLB,José Berríos,2021,18714286,8330813.453460571,107816502124738.03,MLB,MLB,gbm
MLB,Kevin Gausman,2021,22000000,12904726.849445945,82723993683189.48,MLB,MLB,gbm
MLB,Yusei Kikuchi,2021,12000000,6507566.703656435,30166823514783.438,MLB,MLB,gbm
MLB,Ross Stripling,2021,3790000,5431018.543358724,2692941859647.187,MLB,MLB,gbm
MLB,Alek Manoah,2021,2191023,2801766.877694312,373008084141.0848,MLB,MLB,gbm
MLB,Alek Manoah,2021,730000,2801766.877694312,4292217995511.2383,MLB,MLB,gbm
MLB,Thomas Hatch,2021,715800,417419.79492246715,89030746782.11057,MLB,MLB,gbm
MLB,Joe Ross,2021,2400000,3741448.2709687212,1799483463684.9717,MLB,MLB,gbm
MLB,Erick Fedde,2021,2150000,3563968.7448187047,1999307611324.183,MLB,MLB,gbm
MLB,Aaron Sanchez,2021,2000000,2861594.2186745517,742344597653.4113,MLB,MLB,gbm
MLB,Paolo Espino,2021,716200,5363138.042307489,21594033169044.555,MLB,MLB,gbm
MLB,Josiah Gray,2021,703500,857506.409021609,23717974019.73113,MLB,MLB,gbm
MLB,Joan Adon,2021,700200,6001942.416550682,28108472651452.664,MLB,MLB,gbm
MLB,Josh Rogers,2021,700000,701148.1645276085,1318281.7824585587,MLB,MLB,gbm
MLB,Merrill Kelly,2022,9000000,10891627.165423706,3578253332968.9253,MLB,MLB,gbm
MLB,Zac Gallen,2022,5600000,6828173.2772505125,1508409598952.2642,MLB,MLB,gbm
MLB,Zach Davies,2022,5000000,4512558.845456279,237598879142.9158,MLB,MLB,gbm
MLB,Drey Jameson,2022,723600,1271498.9188764892,300193225306.02563,MLB,MLB,gbm
MLB,Ryne Nelson,2022,722700,1411626.8123574154,474620152784.9495,MLB,MLB,gbm
MLB,Tyler Gilbert,2022,720000,2332859.837076654,2601316854054.9316,MLB,MLB,gbm
MLB,Tommy Henry,2022,720000,-474740.63242859096,1427405178775.8694,MLB,MLB,gbm
MLB,Paul Blackburn,2022,1900000,3105329.6777485874,1452819632061.5137,MLB,MLB,gbm
MLB,Cole Irvin,2022,737600,5676676.412096931,24394475804532.29,MLB,MLB,gbm
MLB,James Kaprielian,2022,730000,2794977.506073572,4264132100589.83,MLB,MLB,gbm
MLB,Kyle Muller,2022,720000,388884.8101165316,109637268971.56532,MLB,MLB,gbm
MLB,Adam Oller,2022,720000,838060.0471129135,13938174724.303345,MLB,MLB,gbm
MLB,Adrián Martínez,2022,720000,388884.8101165316,109637268971.56532,MLB,MLB,gbm
MLB,JP Sears,2022,720000,44801.1944170546,455893427060.63605,MLB,MLB,gbm
MLB,Ken Waldichuk,2022,720000,699119.0615661223,436013589.87938917,MLB,MLB,gbm
MLB,Spencer Strider,2022,12500000,8181296.491936703,18651199990558.227,MLB,MLB,gbm
MLB,Charlie Morton,2022,20000000,9701166.073035069,106065980255203.9,MLB,MLB,gbm
MLB,Max Fried,2022,13500000,8410794.215593256,25900015516039.062,MLB,MLB,gbm
MLB,Spencer Strider,2022,1692833,8181296.491936703,42100158486195.44,MLB,MLB,gbm
MLB,Kyle Wright,2022,750000,7958062.702507159,51956167923274.805,MLB,MLB,gbm
MLB,Huascar Ynoa,2022,750000,1344196.896196797,353069951449.90717,MLB,MLB,gbm
MLB,Bryce Elder,2022,720000,713343.3707906356,44310712.430963516,MLB,MLB,gbm
MLB,Dane Dunning,2022,446638,1919676.0227196503,2169841016377.817,MLB,MLB,gbm
MLB,Bryce Elder,2022,392639,713343.3707906356,102851293444.21747,MLB,MLB,gbm
MLB,Kyle Gibson,2022,10000000,6754344.613203919,10534278889838.422,MLB,MLB,gbm
MLB,Kyle Bradish,2022,1666786,470851.3372685981,1430259717522.472,MLB,MLB,gbm
MLB,Tyler Wells,2022,732400,1999961.7674603614,1606712834327.235,MLB,MLB,gbm
MLB,Dean Kremer,2022,731200,1542772.4666948968,658649868697.2394,MLB,MLB,gbm
MLB,Kyle Bradish,2022,728100,470851.3372685981,66176874477.094574,MLB,MLB,gbm
MLB,Bruce Zimmermann,2022,720000,1467996.6048399692,559498920852.121,MLB,MLB,gbm
MLB,Spenser Watkins,2022,720000,4364516.004091456,13282496904078.75,MLB,MLB,gbm
MLB,Dean Kremer,2022,276862,1542772.4666948968,1602529309687.6914,MLB,MLB,gbm
MLB,Corey Kluber,2022,10000000,6642666.66653179,11271687112016.762,MLB,MLB,gbm
MLB,Nick Pivetta,2022,5350000,7959779.3898523925,6810948463698.326,MLB,MLB,gbm
MLB,Kutter Crawford,2022,730000,1005413.2931582198,75852482048.25551,MLB,MLB,gbm
MLB,Brayan Bello,2022,729500,388884.8101165316,116018707579.35123,MLB,MLB,gbm
MLB,Josh Winckowski,2022,722000,-472935.55728851474,1427870986072.413,MLB,MLB,gbm
MLB,Connor Seabold,2022,722000,1119662.368258158,158135359128.68686,MLB,MLB,gbm
MLB,Kutter Crawford,2022,343008,1005413.2931582198,438780772404.0271,MLB,MLB,gbm
MLB,Brayan Bello,2022,334768,388884.8101165316,2928629137.188739,MLB,MLB,gbm
MLB,Jameson Taillon,2022,17000000,9518482.300364207,55973107089963.64,MLB,MLB,gbm
MLB,Drew Smyly,2022,9500000,6231933.5512533765,10680258313423.367,MLB,MLB,gbm
MLB,Adrian Sampson,2022,1900000,5429193.30210168,12455205363599.361,MLB,MLB,gbm
MLB,Justin Steele,2022,1673331,1678964.3528639951,31734664.490282085,MLB,MLB,gbm
MLB,Keegan Thompson,2022,740000,2666407.881298489,3711047325128.933,MLB,MLB,gbm
MLB,Justin Steele,2022,740000,1678964.3528639951,881654055949.3011,MLB,MLB,gbm
MLB,Javier Assad,2022,721500,2594.8250251794416,516824650605.5774,MLB,MLB,gbm
MLB,Hayden Wesneski,2022,721500,1870809.5442869319,1320912428589.035,MLB,MLB,gbm
MLB,Caleb Kilian,2022,720000,-474740.63242859096,1427405178775.8694,MLB,MLB,gbm
MLB,Javier Assad,2022,261955,2594.8250251794416,67267700362.96953,MLB,MLB,gbm
MLB,Mike Clevinger,2022,12000000,5224054.378185192,45913439069791.266,MLB,MLB,gbm
MLB,Lucas Giolito,2022,10400000,3650164.6374305673,45560277421792.83,MLB,MLB,gbm
MLB,Dylan Cease,2022,5700000,7435271.617322299,3011167585884.346,MLB,MLB,gbm
MLB,Michael Kopech,2022,2050000,1594925.7082327914,207092611027.4265,MLB,MLB,gbm
MLB,José Ureña,2022,720000,4321921.286920852,12973836957173.566,MLB,MLB,gbm
MLB,Hunter Greene,2022,8833333,3905785.3256713804,24280726082781.387,MLB,MLB,gbm
MLB,Justin Dunn,2022,900000,42996.119276978265,734455651574.3192,MLB,MLB,gbm
MLB,Hunter Greene,2022,730000,3905785.3256713804,10085612434749.676,MLB,MLB,gbm
MLB,Nick Lodolo,2022,730000,2716462.0833304534,3946031608509.565,MLB,MLB,gbm
MLB,Connor Overton,2022,730000,3540672.98499799,7899882628597.512,MLB,MLB,gbm
MLB,Vladimir Gutierrez,2022,730000,42996.119276978265,471974332128.4918,MLB,MLB,gbm
MLB,Graham Ashcraft,2022,722500,-229268.81853584477,905863883937.1179,MLB,MLB,gbm
MLB,Chase Anderson,2022,720000,5461407.717119432,22480947139959.703,MLB,MLB,gbm
MLB,Shane Bieber,2022,10010000,8218099.568646193,3210907155885.9614,MLB,MLB,gbm
MLB,Cal Quantrill,2022,5500000,6625053.849368825,1265746163979.6099,MLB,MLB,gbm
MLB,Zach Plesac,2022,2950000,1163693.3130176503,3190891579957.8584,MLB,MLB,gbm
MLB,Aaron Civale,2022,2600000,2856932.6063131676,66014364186.877174,MLB,MLB,gbm
MLB,Triston McKenzie,2022,739500,5102885.904751625,19039136553785.156,MLB,MLB,gbm
MLB,Cody Morris,2022,720200,1047036.8553671603,106822330026.29405,MLB,MLB,gbm
MLB,Hunter Gaddis,2022,720100,-474740.63242859096,1427644136902.355,MLB,MLB,gbm
MLB,Xzavion Curry,2022,720100,-474740.63242859096,1427644136902.355,MLB,MLB,gbm
MLB,Konnor Pilkington,2022,720000,140963.5134802689,335283252721.11475,MLB,MLB,gbm
MLB,José Ureña,2022,3500000,4321921.286920852,675554601893.6295,MLB,MLB,gbm
MLB,Austin Gomber,2022,1650000,2448913.987316668,638263559130.2172,MLB,MLB,gbm
MLB,Ryan Feltner,2022,722000,74396.00078334764,419390939801.40186,MLB,MLB,gbm
MLB,Chris Flexen,2022,720000,1490566.0084760701,593771973418.7429,MLB,MLB,gbm
MLB,Michael Lorenzen,2022,8500000,5812456.052962427,7222892467258.297,MLB,MLB,gbm
MLB,Tyler Alexander,2022,1875000,1467996.6048399692,165651763671.79218,MLB,MLB,gbm
MLB,Rony García,2022,830000,1180433.2803971036,122803484009.87506,MLB,MLB,gbm
MLB,Tarik Skubal,2022,743700,1750290.6465092716,1013224729639.9534,MLB,MLB,gbm
MLB,Casey Mize,2022,734200,155195.92529846422,335245718520.98157,MLB,MLB,gbm
MLB,Matt Manning,2022,729200,149246.81016623034,336345702398.3645,MLB,MLB,gbm
MLB,Beau Brieske,2022,724400,-164506.3809789998,790154554145.1827,MLB,MLB,gbm
MLB,Joey Wentz,2022,723500,903333.5693098621,32340112650.724976,MLB,MLB,gbm
MLB,Zach Logue,2022,720000,-71252.95582295945,626081240098.5702,MLB,MLB,gbm
MLB,Alex Faedo,2022,720000,332208.34436533024,150382368179.8783,MLB,MLB,gbm
MLB,Tarik Skubal,2022,408487,1750290.6465092716,1800437025785.5781,MLB,MLB,gbm
MLB,Cristian Javier,2022,12800000,6375523.742399828,41273895184468.32,MLB,MLB,gbm
MLB,Framber Valdez,2022,6800000,9914171.187892688,9698062187500.959,MLB,MLB,gbm
MLB,José Urquidy,2022,3025000,4444770.497984576,2015748266947.371,MLB,MLB,gbm
MLB,Jordan Lyles,2022,8500000,7996416.429193018,253596412786.71066,MLB,MLB,gbm
MLB,Zack Greinke,2022,8500000,6637520.483308537,3468829950095.2656,MLB,MLB,gbm
MLB,Brad Keller,2022,5775000,439695.09142302984,28465478467485.51,MLB,MLB,gbm
MLB,Brady Singer,2022,2950000,2764860.409132731,34276668106.4997,MLB,MLB,gbm
MLB,Kris Bubic,2022,2200000,-132599.50473097348,5441020449471.183,MLB,MLB,gbm
MLB,Ángel Zerpa,2022,721400,407873.4763313671,98298881043.73782,MLB,MLB,gbm
MLB,Cole Ragans,2022,381333,-474740.63242859096,732862064139.4822,MLB,MLB,gbm
MLB,Tyler Anderson,2022,13000000,10395948.788083801,6781082714282.225,MLB,MLB,gbm
MLB,Patrick Sandoval,2022,2750000,1613545.4915412334,1291528849796.2568,MLB,MLB,gbm
MLB,José Suarez,2022,750000,1072359.442771647,103915610344.04669,MLB,MLB,gbm
MLB,Tucker Davidson,2022,740000,-71252.95582295945,658131358331.4885,MLB,MLB,gbm
MLB,Reid Detmers,2022,740000,1047351.1626282003,94464737168.9064,MLB,MLB,gbm
MLB,Jhonathan Díaz,2022,720000,164206.73757869712,308906150552.9152,MLB,MLB,gbm
MLB,Chase Silseth,2022,720000,-185528.40734023912,819981696500.15,MLB,MLB,gbm
MLB,Reid Detmers,2022,274063,1047351.1626282003,597974582460.8978,MLB,MLB,gbm
MLB,Clayton Kershaw,2022,20000000,8940046.203947162,122322577970823.58,MLB,MLB,gbm
MLB,Julio Urías,2022,14250000,6101806.21598926,66393061941791.266,MLB,MLB,gbm
MLB,Noah Syndergaard,2022,13000000,5745584.619230068,52626542516751.35,MLB,MLB,gbm
MLB,Walker Buehler,2022,8025000,2006686.1984006444,36220101014521.29,MLB,MLB,gbm
MLB,Tony Gonsolin,2022,3325000,7309387.581763995,15875344401715.135,MLB,MLB,gbm
MLB,Dustin May,2022,1675000,1000411.3293128621,455069874619.43976,MLB,MLB,gbm
MLB,Michael Grove,2022,722500,-299777.4824401768,1045051251104.2262,MLB,MLB,gbm
MLB,Ryan Pepiot,2022,722500,1669264.482614587,896362985540.4667,MLB,MLB,gbm
MLB,Johnny Cueto,2022,8500000,6270180.820038254,4972093575325.271,MLB,MLB,gbm
MLB,Pablo López,2022,5450000,4410129.336165937,1081330997502.6956,MLB,MLB,gbm
MLB,Jesús Luzardo,2022,2450000,2269476.606538358,32588695586.906757,MLB,MLB,gbm
MLB,Devin Smeltzer,2022,1000000,433987.4871528956,320370164699.49347,MLB,MLB,gbm
MLB,Trevor Rogers,2022,752000,470851.3372685981,79044570555.65558,MLB,MLB,gbm
MLB,Braxton Garrett,2022,732000,1045096.471350551,98029400372.1664,MLB,MLB,gbm
MLB,Edward Cabrera,2022,731000,2055210.5783666698,1753533655858.1902,MLB,MLB,gbm
MLB,Max Meyer,2022,721500,601925.6165525888,14298033176.828535,MLB,MLB,gbm
MLB,Chi Chi González,2022,720000,4451338.950573587,13922890364067.596,MLB,MLB,gbm
MLB,Daniel Castano,2022,720000,1467996.6048399692,559498920852.121,MLB,MLB,gbm
MLB,Braxton Garrett,2022,466898,1045096.471350551,334313472272.11395,MLB,MLB,gbm
MLB,Aaron Ashby,2022,4100000,1229947.821096859,8237199509626.668,MLB,MLB,gbm
MLB,Brandon Woodruff,2022,10800000,9960744.90928374,704349107293.1571,MLB,MLB,gbm
MLB,Corbin Burnes,2022,10010000,9451145.376906455,312318489753.02875,MLB,MLB,gbm
MLB,Eric Lauer,2022,5075000,3988694.841107922,1180058898235.5425,MLB,MLB,gbm
MLB,Wade Miley,2022,4500000,5189366.807128015,475226594769.8738,MLB,MLB,gbm
MLB,Adrian Houser,2022,3600000,4235098.340438721,403349902028.0173,MLB,MLB,gbm
MLB,Bryse Wilson,2022,732600,-263356.44162379234,991929233611.9264,MLB,MLB,gbm
MLB,Jason Alexander,2022,732500,4037077.663046642,10920233531106.807,MLB,MLB,gbm
MLB,Janson Junk,2022,720000,4133096.7747149244,11649229593569.42,MLB,MLB,gbm
MLB,Ethan Small,2022,720000,1079650.3038159017,129348341034.87042,MLB,MLB,gbm
MLB,Chris Paddack,2022,4175000,1398205.9389494157,7710585257485.798,MLB,MLB,gbm
MLB,Tyler Mahle,2022,7500000,2407812.6363829714,25930372146180.95,MLB,MLB,gbm
MLB,Chris Paddack,2022,2400000,1398205.9389494157,1003591340756.2218,MLB,MLB,gbm
MLB,Joe Ryan,2022,730250,3796090.800271928,9399379812612.016,MLB,MLB,gbm
MLB,Josh Winder,2022,725650,-85554.33969275028,658052480736.351,MLB,MLB,gbm
MLB,Dallas Keuchel,2022,720000,4356972.733794868,13227570666367.316,MLB,MLB,gbm
MLB,Bailey Ober,2022,720000,2194710.164799783,2174770070163.803,MLB,MLB,gbm
MLB,Bailey Ober,2022,432752,2194710.164799783,3104496574504.619,MLB,MLB,gbm
MLB,Joe Ryan,2022,341931,3796090.800271928,11931219925814.604,MLB,MLB,gbm
MLB,Justin Verlander,2022,43333333,14717620.117142292,818859023794148.75,MLB,MLB,gbm
MLB,Jose Quintana,2022,13000000,6505328.020546706,42180764120695.766,MLB,MLB,gbm
MLB,Elieser Hernández,2022,1600000,1701685.489658036,10339938806.994555,MLB,MLB,gbm
MLB,Tylor Megill,2022,750000,1288792.7897090383,290297670242.448,MLB,MLB,gbm
MLB,David Peterson,2022,750000,2438433.4732619706,2850807593631.4814,MLB,MLB,gbm
MLB,José Buttó,2022,720000,2365249.176733529,2706844853542.3555,MLB,MLB,gbm
MLB,Carlos Rodón,2022,27000000,13378311.104853477,185550408356158.1,MLB,MLB,gbm
MLB,Frankie Montas,2022,7500000,5599456.633653387,3612065087364.1143,MLB,MLB,gbm
MLB,Nestor Cortes,2022,3200000,5650389.548561585,6004408939699.849,MLB,MLB,gbm
MLB,Domingo Germán,2022,2600000,5035082.809824511,5929628290702.838,MLB,MLB,gbm
MLB,Luis Gil,2022,723400,2365249.176733529,2695668719140.5674,MLB,MLB,gbm
MLB,Taijuan Walker,2022,18000000,7052353.499377287,119850963902596.72,MLB,MLB,gbm
MLB,Ranger Suárez,2022,2950000,1919898.8338569573,1061108412489.2565,MLB,MLB,gbm
MLB,Bailey Falter,2022,733000,706137.6336504798,721586725.8958331,MLB,MLB,gbm
MLB,Rich Hill,2022,8000000,7183739.080914667,666281888026.0327,MLB,MLB,gbm
MLB,Mitch Keller,2022,2437500,1126417.1700237903,1718938187058.4268,MLB,MLB,gbm
MLB,JT Brubaker,2022,2275000,3789931.116570988,2295016287955.021,MLB,MLB,gbm
MLB,Roansy Contreras,2022,725000,647632.6699468627,5985703759.551077,MLB,MLB,gbm
MLB,Yu Darvish,2022,18000000,12661149.288059594,28503326924386.58,MLB,MLB,gbm
MLB,Joe Musgrove,2022,20000000,9556945.557944732,109057386079730.27,MLB,MLB,gbm
MLB,Michael Wacha,2022,6500000,7120014.453835407,384417922964.81836,MLB,MLB,gbm
MLB,Ryan Weathers,2022,727600,-185528.40734023912,833803488291.7217,MLB,MLB,gbm
MLB,Luis Castillo,2022,21600000,7557850.120522135,197181973237720.25,MLB,MLB,gbm
MLB,Logan Gilbert,2022,767300,5434977.224847953,21787210675364.285,MLB,MLB,gbm
MLB,George Kirby,2022,758300,2178869.9626531815,2018019018792.4614,MLB,MLB,gbm
MLB,George Kirby,2022,613007,2178869.9626531815,2451926817808.999,MLB,MLB,gbm
MLB,Logan Gilbert,2022,468999,5434977.224847953,24660939729664.023,MLB,MLB,gbm
MLB,Ross Stripling,2022,12500000,6863543.438343322,31769642571442.62,MLB,MLB,gbm
MLB,Sean Manaea,2022,12500000,5821558.03926312,44601587022931.06,MLB,MLB,gbm
MLB,Logan Webb,2022,4600000,7105360.875472884,6276833116350.254,MLB,MLB,gbm
MLB,Miles Mikolas,2022,18583333,10901590.71059587,59009164600819.8,MLB,MLB,gbm
MLB,Adam Wainwright,2022,17500000,9751862.421182841,60033635940278.625,MLB,MLB,gbm
MLB,Jordan Montgomery,2022,10000000,8785625.497154556,1474705433161.1187,MLB,MLB,gbm
MLB,Jack Flaherty,2022,5400000,906621.5618221,20190449788682.066,MLB,MLB,gbm
MLB,Dakota Hudson,2022,2650000,1684012.711801932,933131440960.2573,MLB,MLB,gbm
MLB,Matthew Liberatore,2022,720000,-299777.4824401768,1039946113692.0253,MLB,MLB,gbm
MLB,Zach Eflin,2022,13333333,3388618.9945933246,98897336649331.69,MLB,MLB,gbm
MLB,Jeffrey Springs,2022,7750000,7342829.579551122,165787751288.51596,MLB,MLB,gbm
MLB,Tyler Glasnow,2022,15175000,9947269.581584701,27329165327624.594,MLB,MLB,gbm
MLB,Yonny Chirinos,2022,1275000,3799386.939350174,6372529419561.738,MLB,MLB,gbm
MLB,Drew Rasmussen,2022,739700,3621420.445449798,8304312725723.382,MLB,MLB,gbm
MLB,Shane McClanahan,2022,737000,5187562.820924689,19807509422997.125,MLB,MLB,gbm
MLB,Shane Baz,2022,723600,1079650.3038159017,126771818847.39594,MLB,MLB,gbm
MLB,Elvin Rodríguez,2022,720000,-100316.95678310221,672919909585.89,MLB,MLB,gbm
MLB,Luis Patiño,2022,720000,-474740.63242859096,1427405178775.8694,MLB,MLB,gbm
MLB,Cooper Criswell,2022,720000,2810845.371423598,4371634367203.483,MLB,MLB,gbm
MLB,Shane McClanahan,2022,349912,5187562.820924689,23402865465193.316,MLB,MLB,gbm
MLB,Jacob deGrom,2022,37000000,12682321.739395969,591349475986253.9,MLB,MLB,gbm
MLB,Nathan Eovaldi,2022,17000000,6127753.03968505,118205753966077.67,MLB,MLB,gbm
MLB,Andrew Heaney,2022,12500000,11627233.88259796,761720695685.0305,MLB,MLB,gbm
MLB,Martín Pérez,2022,19650000,10766191.528210815,78922052963433.3,MLB,MLB,gbm
MLB,Dane Dunning,2022,742840,1919676.0227196503,1384943024370.6052,MLB,MLB,gbm
MLB,Glenn Otto,2022,736340,799911.464149421,4041331054.1011147,MLB,MLB,gbm
MLB,Spencer Howard,2022,733455,-100316.95678310221,695175675917.9233,MLB,MLB,gbm
MLB,Cole Ragans,2022,724145,-474740.63242859096,1437326759643.7024,MLB,MLB,gbm
MLB,Tyson Miller,2022,720000,42996.119276978265,458334254514.0314,MLB,MLB,gbm
MLB,Chris Bassitt,2022,21000000,10760197.29947257,104853559345728.84,MLB,MLB,gbm
MLB,Alek Manoah,2022,745660,7537197.487174159,46124981439691.89,MLB,MLB,gbm
MLB,Mitch White,2022,743000,838060.0471129135,9036412557.109325,MLB,MLB,gbm
MLB,Thomas Hatch,2022,720000,1326732.79785834,368124687997.0092,MLB,MLB,gbm
MLB,Chad Kuhl,2022,2000000,3984871.7166727385,3939715731647.3843,MLB,MLB,gbm
MLB,Josiah Gray,2022,730000,1596655.7092070524,751092118301.179,MLB,MLB,gbm
MLB,MacKenzie Gore,2022,723300,601925.6165525888,14731740957.239216,MLB,MLB,gbm
MLB,Cade Cavalli,2022,720200,5108165.16222264,19254238264879.555,MLB,MLB,gbm
MLB,Joan Adon,2022,720000,-100316.95678310221,672919909585.89,MLB,MLB,gbm
MLB,Cory Abbott,2022,720000,973189.0745190212,64104707455.79847,MLB,MLB,gbm
MLB,Josiah Gray,2022,311171,1596655.7092070524,1652470937605.14,MLB,MLB,gbm
MLB,Eduardo Rodríguez,2023,20000000,8269224.166540956,137611101654866.72,MLB,MLB,gbm
MLB,Jordan Montgomery,2023,25000000,9285852.5333078,246934430604948.88,MLB,MLB,gbm
MLB,Zac Gallen,2023,10011000,11754104.276450811,3038412518581.105,MLB,MLB,gbm
MLB,Ryne Nelson,2023,764300,142713.88206055164,386369302015.03375,MLB,MLB,gbm
MLB,Tommy Henry,2023,760500,-437884.1104145008,1436124476093.9546,MLB,MLB,gbm
MLB,Brandon Pfaadt,2023,754400,663822.0277524347,8204369056.480706,MLB,MLB,gbm
MLB,Logan Allen,2023,740000,866534.5748313415,16010998627.748363,MLB,MLB,gbm
MLB,Slade Cecconi,2023,740000,155195.92529846422,341995805787.5194,MLB,MLB,gbm
MLB,Ryne Nelson,2023,274561,142713.88206055164,17383662508.938805,MLB,MLB,gbm
MLB,Brandon Pfaadt,2023,271783,663822.0277524347,153694599281.07428,MLB,MLB,gbm
MLB,Paul Blackburn,2023,3450000,5309959.514279828,3459449394760.055,MLB,MLB,gbm
MLB,Osvaldo Bido,2023,750000,1701685.489658036,905705271225.6558,MLB,MLB,gbm
MLB,Ken Waldichuk,2023,745000,455051.25452943303,84070274999.95563,MLB,MLB,gbm
MLB,JP Sears,2023,745000,3165045.413521065,5856619803504.342,MLB,MLB,gbm
MLB,Joey Estes,2023,740000,155195.92529846422,341995805787.5194,MLB,MLB,gbm
MLB,Joe Boyle,2023,740000,1855533.2853433318,1244414510708.8872,MLB,MLB,gbm
MLB,Kyle Muller,2023,740000,-588989.7075285285,1766213642716.7637,MLB,MLB,gbm
MLB,Luis Medina,2023,740000,739323.6589368536,457437.2336979526,MLB,MLB,gbm
MLB,Mason Miller,2023,740000,1355511.291469357,378854149926.2757,MLB,MLB,gbm
MLB,Chris Sale,2023,19000000,6858407.219344448,147418275251267,MLB,MLB,gbm
MLB,Max Fried,2023,15000000,7067369.660181688,62926624108205.984,MLB,MLB,gbm
MLB,Dylan Dodd,2023,740000,-474740.63242859096,1475594804073.013,MLB,MLB,gbm
MLB,AJ Smith-Shawver,2023,740000,385154.7216917066,125915171537.69019,MLB,MLB,gbm
MLB,Allan Winans,2023,740000,2658911.9289210867,3682222990955.6455,MLB,MLB,gbm
MLB,Bryce Elder,2023,740000,2898291.507824945,4658222232749.273,MLB,MLB,gbm
MLB,John Means,2023,3325000,6403337.731321913,9476163188080.143,MLB,MLB,gbm
MLB,Cole Irvin,2023,2000000,4975400.588994425,8853008664988.37,MLB,MLB,gbm
MLB,Tyler Wells,2023,1962500,4671215.981886094,7337142270525.148,MLB,MLB,gbm
MLB,Dean Kremer,2023,756600,5130279.90500116,19129075911410.953,MLB,MLB,gbm
MLB,Kyle Bradish,2023,754500,5480532.54605598,22335383626380.367,MLB,MLB,gbm
MLB,Grayson Rodriguez,2023,748300,1079575.381267399,109743378233.86061,MLB,MLB,gbm
MLB,Grayson Rodriguez,2023,243098,1079575.381267399,699694409371.9657,MLB,MLB,gbm
MLB,Brayan Bello,2023,9166667,1931716.349860027,52344510909960.81,MLB,MLB,gbm
MLB,Lucas Giolito,2023,19250000,6471432.24223949,163291793939676.47,MLB,MLB,gbm
MLB,Chase Anderson,2023,1250000,4321921.286920852,9436700393037.463,MLB,MLB,gbm
MLB,Rich Hill,2023,1000000,6598253.2915249895,31340439916070.38,MLB,MLB,gbm
MLB,Tanner Houck,2023,770000,2013955.2421500555,1547424644472.6033,MLB,MLB,gbm
MLB,Kutter Crawford,2023,760000,2518025.6247923616,3090654097426.573,MLB,MLB,gbm
MLB,Brad Keller,2023,740000,1018876.6349097722,77772177498.59837,MLB,MLB,gbm
MLB,Tanner Houck,2023,534267,2013955.2421500555,2189477293957.121,MLB,MLB,gbm
MLB,Kutter Crawford,2023,237986,2518025.6247923616,5198580690623.293,MLB,MLB,gbm
MLB,Justin Steele,2023,4000000,6949286.444875901,8698290533928.729,MLB,MLB,gbm
MLB,Jordan Wicks,2023,741500,-474740.63242859096,1479241275970.2988,MLB,MLB,gbm
MLB,Dylan Cease,2023,8000000,5633270.599451988,5601408055418.353,MLB,MLB,gbm
MLB,Michael Soroka,2023,3000000,250532.6295167917,7559570821351.849,MLB,MLB,gbm
MLB,Michael Kopech,2023,3000000,2293563.561283034,499052441947.1099,MLB,MLB,gbm
MLB,Mike Clevinger,2023,3000000,5668871.435787043,7122874740759.99,MLB,MLB,gbm
MLB,Chris Flexen,2023,1750000,2203442.173423922,205609804639.4103,MLB,MLB,gbm
MLB,Touki Toussaint,2023,1300000,1977546.4773114927,459069228917.2131,MLB,MLB,gbm
MLB,Brad Keller,2023,1000000,1018876.6349097722,356327345.51683044,MLB,MLB,gbm
MLB,Jared Shuster,2023,740000,-474740.63242859096,1475594804073.013,MLB,MLB,gbm
MLB,Jake Woodford,2023,740000,-71252.95582295945,658131358331.4885,MLB,MLB,gbm
MLB,Nick Lodolo,2023,760000,4176007.6957894,11669108577692.406,MLB,MLB,gbm
MLB,Graham Ashcraft,2023,750000,339172.8724290134,168778928748.22766,MLB,MLB,gbm
MLB,Brandon Williamson,2023,742500,227650.36960495097,265070141917.91855,MLB,MLB,gbm
MLB,Andrew Abbott,2023,742500,1893721.488841069,1325310916369.4475,MLB,MLB,gbm
MLB,Lyon Richardson,2023,740000,-474740.63242859096,1475594804073.013,MLB,MLB,gbm
MLB,Connor Phillips,2023,740000,2546065.764530388,3261873545808.7354,MLB,MLB,gbm
MLB,Carson Spiers,2023,740000,274635.73501659377,216563899123.54593,MLB,MLB,gbm
MLB,Hunter Greene,2023,529910,3811575.6252613594,10769329276022.03,MLB,MLB,gbm
MLB,Shane Bieber,2023,13125000,3194110.4437401327,98622567378631.3,MLB,MLB,gbm
MLB,Carlos Carrasco,2023,2000000,4518136.889172858,6341013392613.156,MLB,MLB,gbm
MLB,Triston McKenzie,2023,1600000,877786.6042060431,521592189064.2387,MLB,MLB,gbm
MLB,Ben Lively,2023,750000,5114724.658885463,19050821347882.824,MLB,MLB,gbm
MLB,Tanner Bibee,2023,745700,2226516.2782767015,2192816850009.2612,MLB,MLB,gbm
MLB,Logan Allen,2023,744300,866534.5748313415,14941291284.198828,MLB,MLB,gbm
MLB,Gavin Williams,2023,742100,1142081.2552237567,159985004530.37195,MLB,MLB,gbm
MLB,Hunter Gaddis,2023,740700,-588989.7075285285,1768074718307.3037,MLB,MLB,gbm
MLB,Matthew Boyd,2023,740000,5628890.761241985,23901252875357.23,MLB,MLB,gbm
MLB,Tanner Bibee,2023,411884,2226516.2782767015,3292890305363.692,MLB,MLB,gbm
MLB,Hunter Gaddis,2023,291335,-588989.7075285285,774971590685.1893,MLB,MLB,gbm
MLB,Luis Ortiz,2023,246313,-358686.48218857707,366024373448.44635,MLB,MLB,gbm
MLB,Germán Márquez,2023,10000000,3322051.4818964032,44594996410442.02,MLB,MLB,gbm
MLB,Cal Quantrill,2023,6550000,2317691.24852386,17912437367821.527,MLB,MLB,gbm
MLB,Austin Gomber,2023,3150000,5012447.9913883945,3468712520626.665,MLB,MLB,gbm
MLB,Dakota Hudson,2023,1500000,2319496.323663936,671574224498.7065,MLB,MLB,gbm
MLB,Ty Blach,2023,1000000,4451338.950573587,11911740551746.389,MLB,MLB,gbm
MLB,Ryan Feltner,2023,745000,807290.8520420269,3880150248.121691,MLB,MLB,gbm
MLB,Noah Davis,2023,740000,477883.6773889794,68704966579.12462,MLB,MLB,gbm
MLB,Ryan Feltner,2023,241935,807290.8520420269,319627239438.16626,MLB,MLB,gbm
MLB,Kenta Maeda,2023,12000000,6758584.856190065,27472432709760.12,MLB,MLB,gbm
MLB,Jack Flaherty,2023,14000000,2919296.0803392096,122781999355186,MLB,MLB,gbm
MLB,Tarik Skubal,2023,2650000,4661802.168836126,4047347966533.7407,MLB,MLB,gbm
MLB,Reese Olson,2023,752300,780799.94801,812247036.5727059,MLB,MLB,gbm
MLB,Joey Wentz,2023,746700,604042.9096696413,20351045421.524124,MLB,MLB,gbm
MLB,Alex Faedo,2023,746600,1968611.960364485,1493313231273.8516,MLB,MLB,gbm
MLB,Sawyer Gipson-Long,2023,743600,4520765.637275949,14266980251418.227,MLB,MLB,gbm
MLB,Matt Manning,2023,740000,620113.989345949,14372655550.543224,MLB,MLB,gbm
MLB,Reese Olson,2023,261138,780799.94801,270048540209.548,MLB,MLB,gbm
MLB,Framber Valdez,2023,12100000,10876902.620265018,1495967200314.5784,MLB,MLB,gbm
MLB,José Urquidy,2023,3750000,2203442.173423922,2391841110943.7217,MLB,MLB,gbm
MLB,Hunter Brown,2023,774500,2108865.8076891876,1780532108730.0178,MLB,MLB,gbm
MLB,J.P. France,2023,767600,3686265.7709417525,8518609882467.015,MLB,MLB,gbm
MLB,Brandon Bielak,2023,765000,1068363.2724528655,92029275073.3115,MLB,MLB,gbm
MLB,Hunter Brown,2023,416842,2108865.8076891876,2862944565787.0166,MLB,MLB,gbm
MLB,Seth Lugo,2023,15000000,7213003.890809301,60637308404551.08,MLB,MLB,gbm
MLB,Michael Wacha,2023,16000000,7901991.755106201,65577737534367.94,MLB,MLB,gbm
MLB,Brady Singer,2023,4850000,968219.6541624708,15068218653330.53,MLB,MLB,gbm
MLB,Kris Bubic,2023,2350000,1231862.1742796437,1250232197306.646,MLB,MLB,gbm
MLB,Kyle Wright,2023,1800000,2392450.9833574076,350998167681.1593,MLB,MLB,gbm
MLB,Jonathan Bowlan,2023,740000,2112685.3083390445,1884264955729.8574,MLB,MLB,gbm
MLB,Patrick Sandoval,2023,5025000,1326848.6291205972,13676323561937.207,MLB,MLB,gbm
MLB,Griffin Canning,2023,2600000,3113767.4868248887,263957030518.3622,MLB,MLB,gbm
MLB,Zach Plesac,2023,1000000,2947627.8062509145,3793254071681.7495,MLB,MLB,gbm
MLB,Johnny Cueto,2023,1000000,4451338.950573587,11911740551746.389,MLB,MLB,gbm
MLB,José Suarez,2023,925000,-185528.40734023912,1233273343509.648,MLB,MLB,gbm
MLB,Reid Detmers,2023,770000,1418682.942884838,420789560389.73395,MLB,MLB,gbm
MLB,Chase Silseth,2023,750000,763537.5291061056,183264694.29865524,MLB,MLB,gbm
MLB,Tyler Glasnow,2023,27312500,10155059.019624673,294377780995062.7,MLB,MLB,gbm
MLB,Clayton Kershaw,2023,5000000,8361159.332387328,11297392057694.43,MLB,MLB,gbm
MLB,James Paxton,2023,7000000,5908519.848564715,1191328920977.1924,MLB,MLB,gbm
MLB,Dustin May,2023,2135000,862490.1791454772,1619281244171.2095,MLB,MLB,gbm
MLB,Michael Grove,2023,760000,1134830.9568109524,140498246183.81406,MLB,MLB,gbm
MLB,Bobby Miller,2023,750000,2779286.2630472984,4118002737392.469,MLB,MLB,gbm
MLB,Emmet Sheehan,2023,750000,763537.5291061056,183264694.29865524,MLB,MLB,gbm
MLB,Gavin Stone,2023,742500,-588989.7075285285,1772864841254.4065,MLB,MLB,gbm
MLB,Gavin Stone,2023,350022,-588989.7075285285,881742986875.6428,MLB,MLB,gbm
MLB,Jesús Luzardo,2023,5500000,4896911.2693049675,363716017091.34546,MLB,MLB,gbm
MLB,Trevor Rogers,2023,1530000,782742.2043494473,558394213160.5232,MLB,MLB,gbm
MLB,Braxton Garrett,2023,764000,2044486.9489148152,1639646826341.1726,MLB,MLB,gbm
MLB,Edward Cabrera,2023,761000,2714571.3850549352,3816441156505.458,MLB,MLB,gbm
MLB,Ryan Weathers,2023,752600,-474740.63242859096,1506365028010.2134,MLB,MLB,gbm
MLB,Eury Pérez,2023,748000,2213447.4915440367,2147536350472.7095,MLB,MLB,gbm
MLB,Brandon Woodruff,2023,8750000,8073782.817806422,457269677493.82294,MLB,MLB,gbm
MLB,Corbin Burnes,2023,15637000,8580257.827685714,49797610086518.95,MLB,MLB,gbm
MLB,Wade Miley,2023,8500000,5952039.068009056,6492104910952.159,MLB,MLB,gbm
MLB,Colin Rea,2023,4500000,5379312.848974464,773191086371.5894,MLB,MLB,gbm
MLB,Janson Junk,2023,740000,967477.7107656458,51746108895.178825,MLB,MLB,gbm
MLB,Pablo López,2023,18375000,8538457.088112537,96757576457403.5,MLB,MLB,gbm
MLB,Bailey Ober,2023,761850,4123000.0452342774,11297329626578.385,MLB,MLB,gbm
MLB,Joe Ryan,2023,758850,5007572.478765211,18051642701564.8,MLB,MLB,gbm
MLB,Bailey Ober,2023,381085,4123000.0452342774,14001928205750.645,MLB,MLB,gbm
MLB,Joe Ryan,2023,331054,5007572.478765211,21869825082232.484,MLB,MLB,gbm
MLB,Luis Severino,2023,13000000,5317327.107848396,59023462767801.1,MLB,MLB,gbm
MLB,Adrian Houser,2023,5050000,5633730.181013834,340740924226.4431,MLB,MLB,gbm
MLB,Julio Teheran,2023,2500000,5167015.94420102,7112974046622.456,MLB,MLB,gbm
MLB,David Peterson,2023,2150000,2588666.585609412,192428373330.21942,MLB,MLB,gbm
MLB,Joey Lucchesi,2023,1650000,4913505.81947456,10650470233744.32,MLB,MLB,gbm
MLB,Tylor Megill,2023,766250,1874775.9445295113,1228829769695.0452,MLB,MLB,gbm
MLB,José Buttó,2023,740000,696789.9359703114,1867109633.4497883,MLB,MLB,gbm
MLB,Marcus Stroman,2023,18500000,6016195.831286082,155845366522799,MLB,MLB,gbm
MLB,Nestor Cortes,2023,3950000,3639829.3113977863,96205856067.97145,MLB,MLB,gbm
MLB,Clarke Schmidt,2023,2025000,3382667.522783071,1843261102419.9202,MLB,MLB,gbm
MLB,Luke Weaver,2023,2000000,4205256.132183957,4863154608534.945,MLB,MLB,gbm
MLB,Aaron Nola,2023,24571429,10942952.411039986,185735374135831.2,MLB,MLB,gbm
MLB,Ranger Suárez,2023,5050000,1897901.0919100402,9935727526381.918,MLB,MLB,gbm
MLB,Spencer Turnbull,2023,2000000,4436170.3620207915,5934926032788.515,MLB,MLB,gbm
MLB,Kolby Allard,2023,1000000,487676.54145265097,262475326177.91727,MLB,MLB,gbm
MLB,Cristopher Sánchez,2023,753500,1916878.823391307,1353450286715.3418,MLB,MLB,gbm
MLB,Luis Ortiz,2023,744000,-358686.48218857707,1215917478001.4192,MLB,MLB,gbm
MLB,Cristopher Sánchez,2023,576282,1916878.823391307,1797199842886.863,MLB,MLB,gbm
MLB,Mitch Keller,2023,15400000,7115916.132483646,68626045524044.71,MLB,MLB,gbm
MLB,Martín Pérez,2023,8000000,5903106.346767158,4396962992968.1733,MLB,MLB,gbm
MLB,Mitch Keller,2023,5442500,7115916.132483646,2800321552456.5244,MLB,MLB,gbm
MLB,Johan Oviedo,2023,765000,3832732.114196972,9410980324475.424,MLB,MLB,gbm
MLB,Roansy Contreras,2023,755000,-588989.7075285285,1806308333942.6196,MLB,MLB,gbm
MLB,Bailey Falter,2023,755000,558683.6019040964,38540128161.34929,MLB,MLB,gbm
MLB,Luis Ortiz,2023,747500,-358686.48218857707,1223648533376.739,MLB,MLB,gbm
MLB,Jake Woodford,2023,740000,-71252.95582295945,658131358331.4885,MLB,MLB,gbm
MLB,Domingo Germán,2023,740000,5919920.337448235,26831574702309.832,MLB,MLB,gbm
MLB,Quinn Priester,2023,740000,-474740.63242859096,1475594804073.013,MLB,MLB,gbm
MLB,Mason Miller,2023,825276,1355511.291469357,281149464319.59393,MLB,MLB,gbm
MLB,Matt Waldron,2023,741800,172413.7829297106,324200664189.61475,MLB,MLB,gbm
MLB,Jhony Brito,2023,740000,272532.6139973038,218525756976.19376,MLB,MLB,gbm
MLB,Logan Gilbert,2023,4050000,5795326.41231689,3046164285530.948,MLB,MLB,gbm
MLB,George Kirby,2023,798600,5119764.528304997,18672462880681.348,MLB,MLB,gbm
MLB,Bryce Miller,2023,752600,1652075.9650718938,809057011742.0146,MLB,MLB,gbm
MLB,Bryan Woo,2023,749000,782742.2043494473,1138536354.3598585,MLB,MLB,gbm
MLB,Emerson Hancock,2023,741300,155195.92529846422,343517986381.7434,MLB,MLB,gbm
MLB,Dallas Keuchel,2023,740000,4321921.286920852,12830160105696.732,MLB,MLB,gbm
MLB,Bryce Miller,2023,497306,1652075.9650718938,1333493672232.1428,MLB,MLB,gbm
MLB,George Kirby,2023,446287,5119764.528304997,21841392207571.78,MLB,MLB,gbm
MLB,Bryan Woo,2023,362483,782742.2043494473,176617798840.43048,MLB,MLB,gbm
MLB,Logan Webb,2023,18000000,10316042.48330053,59043203118442.3,MLB,MLB,gbm
MLB,Blake Snell,2023,31000000,14572250.582626244,269870950920023.78,MLB,MLB,gbm
MLB,Kyle Harrison,2023,743750,877786.6042060431,17965811267.08744,MLB,MLB,gbm
MLB,Keaton Winn,2023,743750,510975.66308373824,54183891926.80534,MLB,MLB,gbm
MLB,Sonny Gray,2023,25000000,9356106.50888882,244731403561230.75,MLB,MLB,gbm
MLB,Kyle Gibson,2023,13000000,10309464.788813477,7238979722634.506,MLB,MLB,gbm
MLB,Lance Lynn,2023,11000000,9127863.624746148,3504894607548.6333,MLB,MLB,gbm
MLB,Matthew Liberatore,2023,747200,-588989.7075285285,1785402934505.1746,MLB,MLB,gbm
MLB,Shane McClanahan,2023,3600000,3142984.343422505,208863310356.95877,MLB,MLB,gbm
MLB,Aaron Civale,2023,4900000,4542722.527461723,127647192383.33897,MLB,MLB,gbm
MLB,Drew Rasmussen,2023,1862500,3412108.374028312,2401286112858.669,MLB,MLB,gbm
MLB,Zack Littell,2023,1850000,1757208.8299283206,8610201243.271332,MLB,MLB,gbm
MLB,Taj Bradley,2023,743300,2027939.4896137575,1650298618275.0952,MLB,MLB,gbm
MLB,Tyler Mahle,2023,11000000,5160170.78774604,34103605228294.707,MLB,MLB,gbm
MLB,Michael Lorenzen,2023,4500000,5601673.875741547,1213685328491.4014,MLB,MLB,gbm
MLB,Dane Dunning,2023,3325000,5470391.573475815,4602705003541.035,MLB,MLB,gbm
MLB,José Ureña,2023,1500000,4436170.3620207915,8621096394809.306,MLB,MLB,gbm
MLB,Chase Anderson,2023,1000000,4321921.286920852,11035161036497.89,MLB,MLB,gbm
MLB,Alek Manoah,2023,782500,867396.3660066656,7207392961.137732,MLB,MLB,gbm
MLB,Wes Parsons,2023,749600,4436170.3620207915,13590801034130.11,MLB,MLB,gbm
MLB,Josiah Gray,2023,757400,1220050.9668878922,214045917162.30154,MLB,MLB,gbm
MLB,MacKenzie Gore,2023,749600,1655749.0608914853,821106120554.5208,MLB,MLB,gbm
MLB,Jake Irvin,2023,745600,414174.8715173967,109842615789.7101,MLB,MLB,gbm
MLB,Jackson Rutledge,2023,740000,-345322.96877585887,1177925946552.4438,MLB,MLB,gbm
MLB,Joan Adon,2023,740000,195438.10679067,296547655535.7298,MLB,MLB,gbm
MLB,MacKenzie Gore,2023,300017,1655749.0608914853,1838009420929.074,MLB,MLB,gbm
MLB,Jake Irvin,2023,239663,414174.8715173967,30454393300.504375,MLB,MLB,gbm
MLB,Corbin Burnes,2024,35000000,12932538.149294157,486972872532357.75,MLB,MLB,gbm
MLB,Brandon Pfaadt,2024,799400,4366464.205008659,12723947042654.053,MLB,MLB,gbm
MLB,Luis Severino,2024,22333333,8826398.849483442,182437270146390.47,MLB,MLB,gbm
MLB,JP Sears,2024,770000,5841479.571988715,25719905049098.84,MLB,MLB,gbm
MLB,Osvaldo Bido,2024,765000,4321442.282986679,12648281712215.502,MLB,MLB,gbm
MLB,Luis Medina,2024,765000,-474740.63242859096,1536956835694.4426,MLB,MLB,gbm
MLB,Mitch Spence,2024,765000,1316895.2702892253,304588389367.617,MLB,MLB,gbm
MLB,J.T. Ginn,2024,760000,174620.260852801,342669439004.0427,MLB,MLB,gbm
MLB,Joey Estes,2024,760000,632845.6900132756,16168218548.2,MLB,MLB,gbm
MLB,Brady Basso,2024,760000,933107.2775495856,29966129540.62925,MLB,MLB,gbm
MLB,Reynaldo López,2024,10000000,7604878.996614322,5736604620859.217,MLB,MLB,gbm
MLB,Bryce Elder,2024,800000,388884.8101165316,169015699352.92026,MLB,MLB,gbm
MLB,AJ Smith-Shawver,2024,770000,1477746.786766633,500905514178.4938,MLB,MLB,gbm
MLB,Spencer Schwellenbach,2024,770000,2359686.550450041,2527103328681.7505,MLB,MLB,gbm
MLB,Charlie Morton,2024,760000,8189455.013362091,55196801795571.11,MLB,MLB,gbm
MLB,Hurston Waldrep,2024,760000,-474740.63242859096,1524584429370.1567,MLB,MLB,gbm
MLB,Davis Daniel,2024,760000,2445871.122485029,2842161441628.9316,MLB,MLB,gbm
MLB,Spencer Schwellenbach,2024,335439,2359686.550450041,4097578145502.991,MLB,MLB,gbm
MLB,Hurston Waldrep,2024,221100,-474740.63242859096,484194185738.62134,MLB,MLB,gbm
MLB,Charlie Morton,2024,15000000,8189455.013362091,46383523015018.76,MLB,MLB,gbm
MLB,Kyle Gibson,2024,5250000,7029946.864576977,3168210840717.41,MLB,MLB,gbm
MLB,Dean Kremer,2024,2950000,4090432.275950743,1300585776030.1914,MLB,MLB,gbm
MLB,Trevor Rogers,2024,2600000,45765.01820312099,6524116342234.902,MLB,MLB,gbm
MLB,Kyle Bradish,2024,2350000,6245520.829400838,15175082532295.795,MLB,MLB,gbm
MLB,Tyler Wells,2024,2075000,5155686.9715191275,9490632216487.693,MLB,MLB,gbm
MLB,Albert Suárez,2024,825000,5342837.101598285,20410852076577.992,MLB,MLB,gbm
MLB,Grayson Rodriguez,2024,770800,2959618.4805409256,4790926340757.486,MLB,MLB,gbm
MLB,Cade Povich,2024,766100,74396.00078334764,478454422532.3106,MLB,MLB,gbm
MLB,Chayce McDermott,2024,762200,-474740.63242859096,1530022128152.8425,MLB,MLB,gbm
MLB,Cody Poteet,2024,760000,4904523.183253806,17177072416528.262,MLB,MLB,gbm
MLB,Walker Buehler,2024,21050000,4525750.41379207,273050824387292.94,MLB,MLB,gbm
MLB,Patrick Sandoval,2024,9125000,2164935.8425212177,48442493076220.836,MLB,MLB,gbm
MLB,Tanner Houck,2024,3950000,6722412.453794207,7686270813953.219,MLB,MLB,gbm
MLB,Garrett Crochet,2024,3800000,7014409.871338209,10332430820956.521,MLB,MLB,gbm
MLB,Kutter Crawford,2024,2750000,5699072.1766362665,8697026703010.167,MLB,MLB,gbm
MLB,Cooper Criswell,2024,1000000,1083531.86100566,6977571803.068888,MLB,MLB,gbm
MLB,Richard Fitts,2024,766000,183411.41282203884,339409461910.0128,MLB,MLB,gbm
MLB,Quinn Priester,2024,760000,-459572.04387579643,1487355970203.3877,MLB,MLB,gbm
MLB,Brayan Bello,2024,336196,2475699.0633316156,4577473358005.367,MLB,MLB,gbm
MLB,Matthew Boyd,2024,14500000,6743757.74337251,60159293943493.9,MLB,MLB,gbm
MLB,Justin Steele,2024,6550000,4573441.276017851,3906784389349.9404,MLB,MLB,gbm
MLB,Colin Rea,2024,5000000,7929595.01961145,8582526978932.212,MLB,MLB,gbm
MLB,Chris Flexen,2024,1250000,4321790.41376786,9435896346116.123,MLB,MLB,gbm
MLB,Javier Assad,2024,793250,1231333.299780071,191916977546.19556,MLB,MLB,gbm
MLB,Ben Brown,2024,762500,1669264.482614587,822221826931.2998,MLB,MLB,gbm
MLB,Jordan Wicks,2024,760000,388884.8101165316,137726484162.2428,MLB,MLB,gbm
MLB,Martín Pérez,2024,5000000,4732640.031773644,71481352609.99832,MLB,MLB,gbm
MLB,Mike Clevinger,2024,1500000,5299795.804565915,14438448156396.729,MLB,MLB,gbm
MLB,Jonathan Cannon,2024,769100,-390969.0301364483,1345760154681.72,MLB,MLB,gbm
MLB,Davis Martin,2024,765450,1815934.5647579741,1103517820794.7502,MLB,MLB,gbm
MLB,Drew Thorpe,2024,764750,-198879.644775136,928582092289.4548,MLB,MLB,gbm
MLB,Ky Bush,2024,760800,-474740.63242859096,1526560654382.0425,MLB,MLB,gbm
MLB,Sean Burke,2024,760350,2302632.040290031,2378633891801.181,MLB,MLB,gbm
MLB,Brady Singer,2024,8750000,4906008.017537601,14776274361235.203,MLB,MLB,gbm
MLB,Wade Miley,2024,2500000,4616986.949817649,4481633745698.233,MLB,MLB,gbm
MLB,Nick Lodolo,2024,1975000,1933733.5532833256,1702919624.620125,MLB,MLB,gbm
MLB,Graham Ashcraft,2024,780000,159050.2695169923,385578567786.9199,MLB,MLB,gbm
MLB,Brandon Williamson,2024,770000,943734.8635616611,30183802816.788998,MLB,MLB,gbm
MLB,Andrew Abbott,2024,770000,959609.5038130503,35951763936.23115,MLB,MLB,gbm
MLB,Rhett Lowder,2024,761500,278455.81267863495,233331686904.958,MLB,MLB,gbm
MLB,Julian Aguiar,2024,761500,-474740.63242859096,1528290901267.4424,MLB,MLB,gbm
MLB,Andrew Abbott,2024,520065,959609.5038130503,193199370832.26062,MLB,MLB,gbm
MLB,Tanner Bibee,2024,9600000,4858130.96108336,22485321982236.22,MLB,MLB,gbm
MLB,Shane Bieber,2024,13000000,11697389.598814903,1696793857275.5999,MLB,MLB,gbm
MLB,Ben Lively,2024,2250000,6703801.203032734,19836345156135.83,MLB,MLB,gbm
MLB,Triston McKenzie,2024,1950000,1087438.1496189593,744012945732.7649,MLB,MLB,gbm
MLB,Kolby Allard,2024,1000000,546837.4585751999,205356288950.58362,MLB,MLB,gbm
MLB,John Means,2024,1000000,5819303.364855072,23225684922503.42,MLB,MLB,gbm
MLB,Kolby Allard,2024,850000,546837.4585751999,91907526523.14362,MLB,MLB,gbm
MLB,Gavin Williams,2024,780300,601925.6165525888,31817420670.244095,MLB,MLB,gbm
MLB,Logan Allen,2024,777200,447726.1898880684,108552991549.67316,MLB,MLB,gbm
MLB,Slade Cecconi,2024,765000,330159.0752868786,189086629805.3625,MLB,MLB,gbm
MLB,Joey Cantillo,2024,762800,1146217.816512823,147009222019.46088,MLB,MLB,gbm
MLB,Gavin Williams,2024,347481,601925.6165525888,64742062892.593925,MLB,MLB,gbm
MLB,Tanner Bibee,2024,217235,4858130.96108336,21537915321599.844,MLB,MLB,gbm
MLB,Austin Gomber,2024,6350000,5623964.985797262,527126841848.37024,MLB,MLB,gbm
MLB,Ryan Feltner,2024,2275000,1744963.0651532,280939152301.79095,MLB,MLB,gbm
MLB,Bradley Blalock,2024,762000,-474740.63242859096,1529527391899.871,MLB,MLB,gbm
MLB,Tanner Gordon,2024,760000,672932.6770040342,7580718733.683841,MLB,MLB,gbm
MLB,Jack Flaherty,2024,17500000,7606576.033198615,97879837786880.08,MLB,MLB,gbm
MLB,Alex Cobb,2024,15000000,5724258.964998475,86039371748411.14,MLB,MLB,gbm
MLB,Tarik Skubal,2024,10150000,11606785.336448826,2122223516492.3188,MLB,MLB,gbm
MLB,Casey Mize,2024,2340000,1163693.3130176503,1383697421839.3916,MLB,MLB,gbm
MLB,Reese Olson,2024,787100,956486.5992636787,28691820010.114063,MLB,MLB,gbm
MLB,Keider Montero,2024,760000,-343517.89363578253,1217751741574.354,MLB,MLB,gbm
MLB,Matt Manning,2024,760000,332208.34436533024,183005700630.6519,MLB,MLB,gbm
MLB,Reese Olson,2024,224416,956486.5992636787,535927362306.28156,MLB,MLB,gbm
MLB,Framber Valdez,2024,18000000,10759055.3365546,52431279619078.42,MLB,MLB,gbm
MLB,Hunter Brown,2024,2206538,3778006.1976677384,2469512296281.0903,MLB,MLB,gbm
MLB,Hunter Brown,2024,870000,3778006.1976677384,8456500045673.978,MLB,MLB,gbm
MLB,Ronel Blanco,2024,802700,9436344.491304306,74539817202229.19,MLB,MLB,gbm
MLB,Spencer Arrighetti,2024,794200,2158110.4010544023,1860251582104.3806,MLB,MLB,gbm
MLB,J.P. France,2024,769900,4700463.371358521,15449328416265.266,MLB,MLB,gbm
MLB,Michael Wacha,2024,17000000,9030998.852098886,63504979295249.27,MLB,MLB,gbm
MLB,Cole Ragans,2024,4416667,6427135.192458432,4041982352887.0757,MLB,MLB,gbm
MLB,Michael Lorenzen,2024,7000000,5552767.496742887,2094481918483.8484,MLB,MLB,gbm
MLB,Alec Marsh,2024,769000,1555044.7476032025,617866345234.5823,MLB,MLB,gbm
MLB,Jonathan Bowlan,2024,760000,2506700.0584573452,3050961094214.893,MLB,MLB,gbm
MLB,Yusei Kikuchi,2024,21225000,9598843.217309842,135167521535692.38,MLB,MLB,gbm
MLB,Kyle Hendricks,2024,2500000,3940963.1228462257,2076374721402.747,MLB,MLB,gbm
MLB,Reid Detmers,2024,1825000,2365249.176733529,291869172961.25604,MLB,MLB,gbm
MLB,José Soriano,2024,790000,573068.8243077255,47059134987.23245,MLB,MLB,gbm
MLB,Jack Kochanowicz,2024,770000,155195.92529846422,377984050269.6116,MLB,MLB,gbm
MLB,Caden Dana,2024,760000,-474740.63242859096,1524584429370.1567,MLB,MLB,gbm
MLB,Chase Silseth,2024,760000,5688189.225405453,24287049041402.4,MLB,MLB,gbm
MLB,José Soriano,2024,324925,573068.8243077255,61575357542.063354,MLB,MLB,gbm
MLB,Blake Snell,2024,36400000,11554327.645638166,617307434740299.9,MLB,MLB,gbm
MLB,Clayton Kershaw,2024,7500000,4565588.0256735245,8610773635070.6045,MLB,MLB,gbm
MLB,Justin Wrobleski,2024,800000,-588989.7075285285,1929292407620.1873,MLB,MLB,gbm
MLB,Gavin Stone,2024,780000,1885985.598958725,1223204145104.0898,MLB,MLB,gbm
MLB,River Ryan,2024,770000,827592.445890573,3316889823.6585755,MLB,MLB,gbm
MLB,Andrew Heaney,2024,760000,6464016.779827844,32535807424557.61,MLB,MLB,gbm
MLB,Landon Knack,2024,760000,2081607.157338796,1746645478329.133,MLB,MLB,gbm
MLB,Bobby Miller,2024,760000,388884.8101165316,137726484162.2428,MLB,MLB,gbm
MLB,Cal Quantrill,2024,3500000,5120845.075517683,2627138758829.9243,MLB,MLB,gbm
MLB,Edward Cabrera,2024,1950000,1860170.1704703968,8069398273.317579,MLB,MLB,gbm
MLB,Braxton Garrett,2024,1530000,1536558.1195491555,43008932.02101512,MLB,MLB,gbm
MLB,Valente Bellozo,2024,800000,-174926.64997579364,950481972833.0237,MLB,MLB,gbm
MLB,Ryan Weathers,2024,779100,985569.5306062015,42629667068.74518,MLB,MLB,gbm
MLB,Max Meyer,2024,768000,-185528.40734023912,909216423604.813,MLB,MLB,gbm
MLB,Adam Mazur,2024,760000,-474740.63242859096,1524584429370.1567,MLB,MLB,gbm
MLB,Aaron Civale,2024,8000000,5984470.518062807,4062359092558.0107,MLB,MLB,gbm
MLB,Nestor Cortes,2024,7600000,7575279.532663071,611101505.3561935,MLB,MLB,gbm
MLB,Jose Quintana,2024,4000000,6894244.552929247,8376651532160.615,MLB,MLB,gbm
MLB,Tobias Myers,2024,781800,3025540.7391731697,5034372504625.362,MLB,MLB,gbm
MLB,DL Hall,2024,766100,487676.54145265097,77519622269.46738,MLB,MLB,gbm
MLB,Robert Gasser,2024,765400,632531.3827522353,17654069449.333,MLB,MLB,gbm
MLB,Erick Fedde,2024,760000,8581122.93820803,61169964014563.82,MLB,MLB,gbm
MLB,Quinn Priester,2024,307705,-459572.04387579643,588714062058.7809,MLB,MLB,gbm
MLB,Bailey Ober,2024,3550000,8041498.582576782,20173559517289.246,MLB,MLB,gbm
MLB,Joe Ryan,2024,3000000,5667731.678369679,7116792307777.103,MLB,MLB,gbm
MLB,David Festa,2024,760000,1344196.896196797,341286013525.97125,MLB,MLB,gbm
MLB,Zebby Matthews,2024,760000,1209067.9674686342,201662039406.41034,MLB,MLB,gbm
MLB,Sean Manaea,2024,25000000,9996203.884546839,225113897874087.38,MLB,MLB,gbm
MLB,Frankie Montas,2024,17000000,6113709.309423519,118511324999732.16,MLB,MLB,gbm
MLB,David Peterson,2024,4625000,4130927.8498585005,244107289545.4444,MLB,MLB,gbm
MLB,Griffin Canning,2024,4250000,3966787.1681951224,80209508098.9379,MLB,MLB,gbm
MLB,Paul Blackburn,2024,4050000,4681642.175913538,398971838392.7887,MLB,MLB,gbm
MLB,Tylor Megill,2024,1975000,4052898.772565211,4317663309028.011,MLB,MLB,gbm
MLB,Christian Scott,2024,764500,444408.1503868164,102458792188.78894,MLB,MLB,gbm
MLB,Max Fried,2024,27250000,8734503.051846197,342823627237092.75,MLB,MLB,gbm
MLB,Clarke Schmidt,2024,3600000,4741332.780115593,1302640514966.3892,MLB,MLB,gbm
MLB,Carlos Carrasco,2024,1500000,4892560.564818347,11509467185960.58,MLB,MLB,gbm
MLB,Luis Gil,2024,804125,5475742.3919440415,21824009056714.047,MLB,MLB,gbm
MLB,Will Warren,2024,767600,3200768.8357446757,5920310583239.101,MLB,MLB,gbm
MLB,Paul Blackburn,2024,760000,4681642.175913538,15379277355903.867,MLB,MLB,gbm
MLB,Allan Winans,2024,760000,2317691.24852386,2426402025727.8213,MLB,MLB,gbm
MLB,Will Warren,2024,223911,3200768.8357446757,8861682574234.475,MLB,MLB,gbm
MLB,Zack Wheeler,2024,42000000,13626949.06192074,805030019534840.4,MLB,MLB,gbm
MLB,Cristopher Sánchez,2024,5625000,5715539.713631377,8197439744.451686,MLB,MLB,gbm
MLB,Ranger Suárez,2024,8800000,6002029.91749356,7828636582601.093,MLB,MLB,gbm
MLB,Jesús Luzardo,2024,6625000,772949.3402857762,34246496923861.684,MLB,MLB,gbm
MLB,Cristopher Sánchez,2024,2678437,5715539.713631377,9223992893147.072,MLB,MLB,gbm
MLB,Tyler Phillips,2024,764000,558683.6019040964,42154823327.075554,MLB,MLB,gbm
MLB,Walker Buehler,2024,760000,4525750.41379207,14180876178975.146,MLB,MLB,gbm
MLB,Seth Johnson,2024,760000,-474740.63242859096,1524584429370.1567,MLB,MLB,gbm
MLB,Andrew Heaney,2024,5250000,6464016.779827844,1473836741703.5686,MLB,MLB,gbm
MLB,Paul Skenes,2024,3436343,5851567.336543679,5833308595832.855,MLB,MLB,gbm
MLB,Bailey Falter,2024,2222000,1813430.3754546635,166929138101.11722,MLB,MLB,gbm
MLB,Paul Skenes,2024,875000,5851567.336543679,24766222455153.45,MLB,MLB,gbm
MLB,Jared Jones,2024,775000,1458487.5690048416,467155256984.14813,MLB,MLB,gbm
MLB,Nick Pivetta,2024,13750000,7600145.45370497,37820710940585.65,MLB,MLB,gbm
MLB,Dylan Cease,2024,13750000,9403289.97237177,18893888064283.81,MLB,MLB,gbm
MLB,Michael King,2024,7750000,9541652.276460603,3210017879746.4604,MLB,MLB,gbm
MLB,Matt Waldron,2024,775800,2759265.733268311,3934136315049.5977,MLB,MLB,gbm
MLB,Randy Vásquez,2024,772800,-48198.34207068286,674038277682.81,MLB,MLB,gbm
MLB,Logan Gilbert,2024,7625000,8824612.738462022,1439070722280.3506,MLB,MLB,gbm
MLB,George Kirby,2024,4300000,5928263.015665261,2651240448183.33,MLB,MLB,gbm
MLB,Bryan Woo,2024,1540676,1830859.1927223485,84206285338.53564,MLB,MLB,gbm
MLB,Bryce Miller,2024,800000,5513361.3526420435,22215775240579.633,MLB,MLB,gbm
MLB,Bryan Woo,2024,783300,1830859.1927223485,1097380262257.0985,MLB,MLB,gbm
MLB,Emerson Hancock,2024,766000,-345322.96877585887,1235038740928.7886,MLB,MLB,gbm
MLB,Luis Castillo,2024,760000,9372298.328819271,74171682504583.22,MLB,MLB,gbm
MLB,Justin Verlander,2024,15000000,6191456.126249676,77590445175784.39,MLB,MLB,gbm
MLB,Joey Lucchesi,2024,854839,4712031.349674246,14877932822385.533,MLB,MLB,gbm
MLB,Hayden Birdsong,2024,765000,1736112.034090266,943058582754.9341,MLB,MLB,gbm
MLB,Mason Black,2024,760000,-100316.95678310221,740145266128.5382,MLB,MLB,gbm
MLB,Keaton Winn,2024,760000,592132.7524889174,28179412786.947056,MLB,MLB,gbm
MLB,Kyle Harrison,2024,760000,866534.5748313415,11349615634.494703,MLB,MLB,gbm
MLB,Andre Pallante,2024,2100000,1039334.8885027136,1125010478747.5505,MLB,MLB,gbm
MLB,Gordon Graceffo,2024,760000,221763.43799538552,289698596678.54724,MLB,MLB,gbm
MLB,Roddery Muñoz,2024,760000,-100316.95678310221,740145266128.5382,MLB,MLB,gbm
MLB,Michael McGreevy,2024,760000,1129808.826848629,136758568415.15921,MLB,MLB,gbm
MLB,Zack Littell,2024,5720000,4812815.724367467,822983309954.9241,MLB,MLB,gbm
MLB,Shane Baz,2024,1450000,827592.445890573,387391163412.4793,MLB,MLB,gbm
MLB,Ryan Pepiot,2024,774600,2820255.831548465,4184707781148.2417,MLB,MLB,gbm
MLB,Taj Bradley,2024,774200,1992170.4812018415,1483452093079.0454,MLB,MLB,gbm
MLB,Joe Boyle,2024,760000,1525013.483993656,585245630692.1118,MLB,MLB,gbm
MLB,Ryan Pepiot,2024,303898,2820255.831548465,6332056736395.293,MLB,MLB,gbm
MLB,Nathan Eovaldi,2024,25000000,9088286.125053367,253182638438169.22,MLB,MLB,gbm
MLB,Dane Dunning,2024,2660000,5016757.25583178,5554304762915.742,MLB,MLB,gbm
MLB,Patrick Corbin,2024,1100000,5864478.8390098065,22700258607372.234,MLB,MLB,gbm
MLB,Cody Bradford,2024,774000,2242226.448587853,2155688904332.8994,MLB,MLB,gbm
MLB,Jack Leiter,2024,762500,-39853.07431659008,643770455865.2836,MLB,MLB,gbm
MLB,Kumar Rocker,2024,761500,1344196.896196797,339535672837.38086,MLB,MLB,gbm
MLB,Jack Leiter,2024,286905,-39853.07431659008,106770839131.08621,MLB,MLB,gbm
MLB,Max Scherzer,2024,15500000,7331150.675337615,66730099289037.09,MLB,MLB,gbm
MLB,Alek Manoah,2024,2200000,1731188.887454489,219783859246.15976,MLB,MLB,gbm
MLB,Jake Bloss,2024,123900,1018821.3678435868,800884254623.0365,MLB,MLB,gbm
MLB,Trevor Williams,2024,7000000,6243743.88331581,571923314022.2512,MLB,MLB,gbm
MLB,MacKenzie Gore,2024,2890000,3519789.581203509,396634916592.4914,MLB,MLB,gbm
MLB,Josiah Gray,2024,1350000,1273624.2011562434,5833262649.021964,MLB,MLB,gbm
MLB,Jake Irvin,2024,774600,4282104.430418348,12302587329404.34,MLB,MLB,gbm
MLB,Mitchell Parker,2024,767200,1017727.1692936836,62763862554.30601,MLB,MLB,gbm
MLB,DJ Herz,2024,764200,1525013.483993656,578837157426.5651,MLB,MLB,gbm
MLB,Brandon Pfaadt,2025,9000000,4497974.287610645,20268235515014.875,MLB,MLB,gbm
MLB,Merrill Kelly,2025,20000000,10533213.335534347,89620049750504.72,MLB,MLB,gbm
MLB,Zac Gallen,2025,22025000,9999330.033227352,144616738149737.66,MLB,MLB,gbm
MLB,Michael Soroka,2025,7500000,2190587.283747549,28189863391503.227,MLB,MLB,gbm
MLB,Ryne Nelson,2025,3000000,3005197.6991505325,27016076.459446106,MLB,MLB,gbm
MLB,Aaron Civale,2025,6000000,5086216.019685903,835001162678.6747,MLB,MLB,gbm
MLB,J.T. Ginn,2025,785000,1597387.0555214712,659972727978.846,MLB,MLB,gbm
MLB,Luis Morales,2025,780000,827592.445890573,2265040905.847116,MLB,MLB,gbm
MLB,Mason Barnett,2025,780000,-185528.40734023912,932245105380.9788,MLB,MLB,gbm
MLB,Gunnar Hoglund,2025,780000,-474740.63242859096,1574374054667.3003,MLB,MLB,gbm
MLB,Jacob Lopez,2025,780000,3233497.4010979063,6019649497194.181,MLB,MLB,gbm
MLB,Martín Pérez,2025,3500000,5025784.5408194745,2328018465003.695,MLB,MLB,gbm
MLB,Carlos Carrasco,2025,1500000,5542523.012168639,16341992303913.01,MLB,MLB,gbm
MLB,AJ Smith-Shawver,2025,800000,388884.8101165316,169015699352.92026,MLB,MLB,gbm
MLB,Spencer Schwellenbach,2025,800000,2167701.050513555,1870606163575.8813,MLB,MLB,gbm
MLB,Grant Holmes,2025,800000,5376527.026976748,20944599628648.637,MLB,MLB,gbm
MLB,Hurston Waldrep,2025,798300,1258135.405463771,211448600118.03064,MLB,MLB,gbm
MLB,Shane Baz,2025,13600000,2345372.087911152,126666649439569.39,MLB,MLB,gbm
MLB,Chris Bassitt,2025,18500000,8727588.00688158,95500036163244.73,MLB,MLB,gbm
MLB,Zach Eflin,2025,10000000,5182161.0699878605,23211571955540.516,MLB,MLB,gbm
MLB,Trevor Rogers,2025,6200000,4093639.7391441236,4436753548512.836,MLB,MLB,gbm
MLB,Dean Kremer,2025,5750000,7511236.058143835,3101952452506.0327,MLB,MLB,gbm
MLB,Kyle Bradish,2025,3550000,8783211.151935041,27386498960737.277,MLB,MLB,gbm
MLB,Shane Baz,2025,3500000,2345372.087911152,1333165615374.6528,MLB,MLB,gbm
MLB,Tyler Wells,2025,2450000,6108515.589943425,13384736321859.086,MLB,MLB,gbm
MLB,Garrett Crochet,2025,28333333,12487797.905594513,251080982428035.9,MLB,MLB,gbm
MLB,Ranger Suárez,2025,26000000,8024839.838862927,323106382818529.44,MLB,MLB,gbm
MLB,Tanner Houck,2025,4150000,4151326.738146578,1760234.109585125,MLB,MLB,gbm
MLB,Johan Oviedo,2025,1550000,3202623.9164595595,2731165809254.133,MLB,MLB,gbm
MLB,Connelly Early,2025,789500,6976277.828383137,38276219897773.16,MLB,MLB,gbm
MLB,Shota Imanaga,2025,22025000,6600698.469860757,237909077692655.8,MLB,MLB,gbm
MLB,Justin Steele,2025,6775000,5825705.326215619,901160377675.3939,MLB,MLB,gbm
MLB,Colin Rea,2025,6500000,6057728.220773501,195604326700.1728,MLB,MLB,gbm
MLB,Edward Cabrera,2025,4450000,3732973.426988515,514127106404.5943,MLB,MLB,gbm
MLB,Javier Assad,2025,1800000,1303522.0288097758,246490375877.16107,MLB,MLB,gbm
MLB,Cade Horton,2025,817500,1967211.2314768415,1321835915783.9954,MLB,MLB,gbm
MLB,Ben Brown,2025,800000,1210873.042608711,168816657142.53958,MLB,MLB,gbm
MLB,Erick Fedde,2025,1500000,4039412.115206997,6448613890860.074,MLB,MLB,gbm
MLB,Shane Smith,2025,825900,1478659.30262759,426094707166.85767,MLB,MLB,gbm
MLB,Davis Martin,2025,798900,3108948.1051525525,5336322248118.898,MLB,MLB,gbm
MLB,Sean Burke,2025,793200,569300.3296293708,50131062392.0764,MLB,MLB,gbm
MLB,Brady Singer,2025,12750000,6676478.619109026,36887661964139.805,MLB,MLB,gbm
MLB,Nick Lodolo,2025,4725000,4123000.0452342774,362403945537.93207,MLB,MLB,gbm
MLB,Andrew Abbott,2025,800000,3744992.3950797305,8672980207077.447,MLB,MLB,gbm
MLB,Chase Burns,2025,785000,5573940.150305515,22933947763208.21,MLB,MLB,gbm
MLB,Chase Petty,2025,780000,965401.228715964,34373615609.3892,MLB,MLB,gbm
MLB,Gavin Williams,2025,822200,4332859.236623354,12324728275688.873,MLB,MLB,gbm
MLB,Slade Cecconi,2025,795600,1538243.6591679684,551519604502.3896,MLB,MLB,gbm
MLB,Parker Messick,2025,788400,1496156.8252973566,500919723754.9929,MLB,MLB,gbm
MLB,Doug Nikhazy,2025,780000,2251000.1016335916,2163841299006.0369,MLB,MLB,gbm
MLB,Michael Lorenzen,2025,8000000,6466055.356147457,2352986170403.9053,MLB,MLB,gbm
MLB,Jose Quintana,2025,6000000,5887112.479874769,12743592200.024384,MLB,MLB,gbm
MLB,Tomoyuki Sugano,2025,5100000,6189045.362660377,1186019801932.0728,MLB,MLB,gbm
MLB,Ryan Feltner,2025,2450000,2606903.4736122116,24618700031.577995,MLB,MLB,gbm
MLB,Chase Dollander,2025,782000,-103561.88018817262,784219843642.4115,MLB,MLB,gbm
MLB,McCade Brown,2025,782000,250532.6295167917,282457565888.3358,MLB,MLB,gbm
MLB,Tanner Gordon,2025,780000,1987512.0552682725,1458085363618.2075,MLB,MLB,gbm
MLB,Framber Valdez,2025,38333333,11364180.423526334,727335190693116.25,MLB,MLB,gbm
MLB,Tarik Skubal,2025,32000000,11334718.196472047,427053872019223.44,MLB,MLB,gbm
MLB,Justin Verlander,2025,13000000,6800275.616508821,38436582431255.08,MLB,MLB,gbm
MLB,Casey Mize,2025,6150000,5898067.502011124,63469983542.914986,MLB,MLB,gbm
MLB,Reese Olson,2025,818100,1062883.626997833,59919024046.21419,MLB,MLB,gbm
MLB,Jackson Jobe,2025,784300,-474740.63242859096,1585183314106.186,MLB,MLB,gbm
MLB,Hunter Brown,2025,5710000,6221344.70397266,261473406280.8873,MLB,MLB,gbm
MLB,Hayden Wesneski,2025,975000,2626687.710281888,2728072292296.226,MLB,MLB,gbm
MLB,Brandon Walter,2025,850000,4305823.027738129,11942712799045.127,MLB,MLB,gbm
MLB,Ronel Blanco,2025,802700,5575656.79221937,22781116540393.016,MLB,MLB,gbm
MLB,Kai-Wei Teng,2025,786700,4247345.849814863,11976069697840.834,MLB,MLB,gbm
MLB,Colton Gordon,2025,780000,884752.3490065387,10973054622.3877,MLB,MLB,gbm
MLB,Seth Lugo,2025,23000000,5960928.962834241,290329941809581.06,MLB,MLB,gbm
MLB,Kris Bubic,2025,6150000,3415426.4135295656,7477892699821.774,MLB,MLB,gbm
MLB,Bailey Falter,2025,3600000,2861908.5259355926,544779024086.56976,MLB,MLB,gbm
MLB,Noah Cameron,2025,802000,1428789.2910087989,392864815323.31274,MLB,MLB,gbm
MLB,Stephen Kolek,2025,793250,3057732.841358695,5127882538807.949,MLB,MLB,gbm
MLB,José Soriano,2025,2900000,3045526.984333959,21178103169.33633,MLB,MLB,gbm
MLB,Jack Kochanowicz,2025,800000,-471971.73350244825,1617912090829.2234,MLB,MLB,gbm
MLB,Mitch Farris,2025,780000,388884.8101165316,152971091757.58154,MLB,MLB,gbm
MLB,Emmet Sheehan,2025,810000,2926899.521663612,4481263584819.63,MLB,MLB,gbm
MLB,Roki Sasaki,2025,800000,-198879.644775136,997760544746.1019,MLB,MLB,gbm
MLB,Bobby Miller,2025,800000,5511652.838828272,22199672473638.516,MLB,MLB,gbm
MLB,Landon Knack,2025,790000,1701685.489658036,831170432053.013,MLB,MLB,gbm
MLB,Chris Paddack,2025,4000000,4738373.947081882,545196085729.2773,MLB,MLB,gbm
MLB,Ryan Weathers,2025,1350000,518302.47376926406,691720775138.3257,MLB,MLB,gbm
MLB,Max Meyer,2025,980000,1249080.0319108905,72404063573.16583,MLB,MLB,gbm
MLB,Eury Pérez,2025,799500,2048319.1557372771,1559549283736.3657,MLB,MLB,gbm
MLB,Janson Junk,2025,798000,4783068.371013714,15880769921653.896,MLB,MLB,gbm
MLB,Adam Mazur,2025,786000,-474740.63242859096,1589466942256.4434,MLB,MLB,gbm
MLB,Brandon Woodruff,2025,22025000,10457296.427015126,133811765952447.03,MLB,MLB,gbm
MLB,Quinn Priester,2025,803200,2366818.0002741334,2444901250781.28,MLB,MLB,gbm
MLB,Chad Patrick,2025,796400,1515382.0865554542,516935240787.6346,MLB,MLB,gbm
MLB,Jacob Misiorowski,2025,788300,4121524.2360027614,11110383807476.193,MLB,MLB,gbm
MLB,Kyle Harrison,2025,786100,487676.54145265097,89056560611.36134,MLB,MLB,gbm
MLB,Brandon Sproat,2025,783000,-4711.819543380155,620489910648.3428,MLB,MLB,gbm
MLB,Logan Henderson,2025,780000,4898552.135852646,16962471695736.393,MLB,MLB,gbm
MLB,Joe Ryan,2025,6200000,10302362.295658149,16829376404837.598,MLB,MLB,gbm
MLB,Bailey Ober,2025,5200000,5819918.0380499745,384298373899.7296,MLB,MLB,gbm
MLB,Taj Bradley,2025,802050,551682.2583330597,62684006067.40374,MLB,MLB,gbm
MLB,David Festa,2025,791200,569701.3979133903,49061630726.32226,MLB,MLB,gbm
MLB,Mick Abel,2025,782500,487676.54145265097,86920871709.82043,MLB,MLB,gbm
MLB,David Peterson,2025,8100000,6745103.240702768,1835745228354.1418,MLB,MLB,gbm
MLB,Tylor Megill,2025,2500000,8354841.769237888,34279172142812.645,MLB,MLB,gbm
MLB,Nolan McLean,2025,791500,2213447.4915440367,2021934668708.3782,MLB,MLB,gbm
MLB,Jonah Tong,2025,780000,1344196.896196797,318318137678.09937,MLB,MLB,gbm
MLB,Clarke Schmidt,2025,4500000,5819724.459043499,1741672647797.6562,MLB,MLB,gbm
MLB,Luis Gil,2025,2162500,1757081.400564646,164364240768.12393,MLB,MLB,gbm
MLB,Will Warren,2025,826625,2241590.260684215,2002126688943.1484,MLB,MLB,gbm
MLB,Cam Schlittler,2025,801425,1832846.7489231275,1063830824151.6432,MLB,MLB,gbm
MLB,Jesús Luzardo,2025,11000000,7810535.88057152,10172681369121.69,MLB,MLB,gbm
MLB,Paul Skenes,2025,1085000,5656056.829544428,20894560538924.758,MLB,MLB,gbm
MLB,Bubba Chandler,2025,787200,1180433.2803971036,154632412811.86713,MLB,MLB,gbm
MLB,Michael King,2025,25000000,6218504.940040669,352744556687276.7,MLB,MLB,gbm
MLB,Lucas Giolito,2025,3000000,6422088.437189683,11710689271947.33,MLB,MLB,gbm
MLB,JP Sears,2025,2750000,5821353.253683443,9433210808911.873,MLB,MLB,gbm
MLB,Griffin Canning,2025,2500000,5591452.006051308,9557075505718.654,MLB,MLB,gbm
MLB,Germán Márquez,2025,1750000,3669957.934307057,3686238469508.621,MLB,MLB,gbm
MLB,Walker Buehler,2025,1500000,5187793.617916511,13599821768345.752,MLB,MLB,gbm
MLB,Randy Vásquez,2025,808800,225216.71392989368,340569451780.38354,MLB,MLB,gbm
MLB,Matt Waldron,2025,796800,2317691.24852386,2313110189836.465,MLB,MLB,gbm
MLB,Logan Gilbert,2025,10927000,8154090.770472699,7689025595197.691,MLB,MLB,gbm
MLB,George Kirby,2025,6550000,4002508.9471800597,6489710664197.647,MLB,MLB,gbm
MLB,Bryce Miller,2025,2452500,332208.34436533024,4495636704954.008,MLB,MLB,gbm
MLB,Bryan Woo,2025,831600,6561704.042615602,32834092339199.664,MLB,MLB,gbm
MLB,Emerson Hancock,2025,793300,-71252.95582295945,747451813422.2161,MLB,MLB,gbm
MLB,Logan Evans,2025,785800,-358686.48218857707,1309849307912.384,MLB,MLB,gbm
MLB,Adrian Houser,2025,11000000,6293041.816845476,22155455337965.34,MLB,MLB,gbm
MLB,Tyler Mahle,2025,10000000,5305420.957368028,22039072387519.32,MLB,MLB,gbm
MLB,Landen Roupp,2025,800000,1384271.3265369108,341372983013.2015,MLB,MLB,gbm
MLB,Trevor McDonald,2025,780000,1676973.4130942156,804561303797.8862,MLB,MLB,gbm
MLB,Blade Tidwell,2025,780000,-588989.7075285285,1874132819319.0461,MLB,MLB,gbm
MLB,Dustin May,2025,12500000,2198586.618507697,106119117656388.7,MLB,MLB,gbm
MLB,Andre Pallante,2025,4000000,928609.2565912366,9433441098697.035,MLB,MLB,gbm
MLB,Matthew Liberatore,2025,2260000,883963.9976783514,1893475079685.3442,MLB,MLB,gbm
MLB,Hunter Dobbins,2025,787600,-345322.96877585887,1283514453179.9058,MLB,MLB,gbm
MLB,Michael McGreevy,2025,784550,592234.9202747685,36985089889.72215,MLB,MLB,gbm
MLB,Nick Martinez,2025,13000000,7044745.454589056,35465056700637.71,MLB,MLB,gbm
MLB,Ryan Pepiot,2025,3025000,4986347.161020547,3846882686043.3604,MLB,MLB,gbm
MLB,Joe Boyle,2025,784200,1355511.291469357,326396591760.3846,MLB,MLB,gbm
MLB,Cal Quantrill,2025,1000000,4647554.552825591,13304654215838.693,MLB,MLB,gbm
MLB,Jack Leiter,2025,794000,2081360.2464015752,1657296404015.1243,MLB,MLB,gbm
MLB,Kumar Rocker,2025,789000,74396.00078334764,510658875696.4333,MLB,MLB,gbm
MLB,Dylan Cease,2025,30000000,10024595.56583681,399016782308386.44,MLB,MLB,gbm
MLB,Eric Lauer,2025,4400000,7024923.402519903,6890222869096.665,MLB,MLB,gbm
MLB,Max Scherzer,2025,3000000,7025637.972789557,16205761087965.21,MLB,MLB,gbm
MLB,Patrick Corbin,2025,1000000,5510258.4674239475,20342431442969.414,MLB,MLB,gbm
MLB,Bowden Francis,2025,809800,4525750.41379207,13808287477761.457,MLB,MLB,gbm
MLB,Trey Yesavage,2025,788800,1556985.7612696728,590109363817.4667,MLB,MLB,gbm
MLB,Zack Littell,2025,7000000,7974536.818767882,949722011134.2236,MLB,MLB,gbm
MLB,MacKenzie Gore,2025,5600000,2730766.7845093124,8232499244875.031,MLB,MLB,gbm
MLB,Jake Irvin,2025,2800000,4815422.346424061,4061927234465.4673,MLB,MLB,gbm
MLB,Miles Mikolas,2025,2250000,6035625.25711895,14330958587336.914,MLB,MLB,gbm
MLB,Cade Cavalli,2025,870000,461626.008018063,166769317327.26315,MLB,MLB,gbm
MLB,Andrew Alvarez,2025,780000,1506281.7715725687,527485211718.58887,MLB,MLB,gbm
