model_name,trained_on,predicted_on,prediction_data_type,league,player_name,year,actual_salary,predicted_salary,squared_error
xgboost,MLB,MLB,test,MLB,Ian Kennedy,2010,-0.5443332400399039,0.033056940883398056,0.33337942102664336
xgboost,MLB,MLB,test,MLB,Tommy Hanson,2010,-0.5381021031502519,-0.07058265805244446,0.21857443154456174
xgboost,MLB,MLB,test,MLB,Josh Beckett,2010,2.5390564978629993,0.23157602548599243,5.324466130401214
xgboost,MLB,MLB,test,MLB,Tom Gorzelanny,2010,-0.23240438738482905,0.10742628574371338,0.11548488639899825
xgboost,MLB,MLB,test,MLB,John Danks,2010,0.49301154902232,0.4468851387500763,0.002127645724603347
xgboost,MLB,MLB,test,MLB,Bronson Arroyo,2010,1.5470347664870598,0.011414832435548306,2.3581285818563686
xgboost,MLB,MLB,test,MLB,Homer Bailey,2010,-0.5409851664872549,-0.6896519660949707,0.02210181730560072
xgboost,MLB,MLB,test,MLB,Mitch Talbot,2010,-0.5427150044894571,0.03468912094831467,0.33339552407255807
xgboost,MLB,MLB,test,MLB,David Huff,2010,-0.546007276816228,-0.5265258550643921,3.795257934729038e-4
xgboost,MLB,MLB,test,MLB,Brad Penny,2010,-0.06500070975241032,-0.06979144364595413,2.295113123874947e-5
xgboost,MLB,MLB,test,MLB,Andy Oliver,2010,-0.546007276816228,-0.49564996361732483,0.0025358589926124235
xgboost,MLB,MLB,test,MLB,Clayton Kershaw,2010,-0.530010925398019,0.13960571587085724,0.44838644626421087
xgboost,MLB,MLB,test,MLB,Ricky Nolasco,2010,1.02002306475265,-0.16524457931518555,1.4048593880741174
xgboost,MLB,MLB,test,MLB,Javier Vázquez,2010,0.679015635280563,-0.17836922407150269,0.7351087970461614
xgboost,MLB,MLB,test,MLB,Chris Narveson,2010,-0.5403992536155422,0.13534872233867645,0.4566353270062233
xgboost,MLB,MLB,test,MLB,Carl Pavano,2010,0.911520743103368,1.0241650342941284,0.012688736337868836
xgboost,MLB,MLB,test,MLB,Chris Young,2010,-0.4184084736430731,-0.6286109685897827,0.04418508888182148
xgboost,MLB,MLB,test,MLB,Phil Hughes,2010,-0.12080193562988299,-0.3823132812976837,0.06838818391298394
xgboost,MLB,MLB,test,MLB,Kevin Millwood,2010,-0.34400683913977503,-0.5450596809387207,0.040422245195431875
xgboost,MLB,MLB,test,MLB,Iván Nova,2010,-0.542491799585947,-0.5260851979255676,2.691765780423617e-4
xgboost,MLB,MLB,test,MLB,Mat Latos,2010,-0.5373208859879678,-0.2332310527563095,0.09247062667485774
xgboost,MLB,MLB,test,MLB,Cory Luebke,2010,-0.5457096702782142,-0.4843329191207886,0.0037671055826405423
xgboost,MLB,MLB,test,MLB,Doug Fister,2010,-0.5418221848754169,-0.09839776903390884,0.19662521256438265
xgboost,MLB,MLB,test,MLB,Madison Bumgarner,2010,-0.5393111297109308,-0.48760178685188293,0.00267385613891456
xgboost,MLB,MLB,test,MLB,Jaime García,2010,-0.541729182832288,-0.4161374270915985,0.01577328911002901
xgboost,MLB,MLB,test,MLB,Craig Stammen,2010,-0.546007276816228,-0.5510854721069336,2.5788067410544877e-5
xgboost,MLB,MLB,test,MLB,Bartolo Colon,2011,-0.25100479601065406,1.3330639600753784,2.50927382400795
xgboost,MLB,MLB,test,MLB,Graham Godfrey,2011,-0.5337310071231842,-0.31241029500961304,0.04898285761045825
xgboost,MLB,MLB,test,MLB,Dana Eveland,2011,-0.4835099038334581,-0.28622159361839294,0.03892267734751578
xgboost,MLB,MLB,test,MLB,Dontrelle Willis,2011,-0.49281010814637,-0.47878026962280273,1.96836368997372e-4
xgboost,MLB,MLB,test,MLB,Clay Buchholz,2011,0.7694601222236339,-0.2708835303783417,1.08231491550922
xgboost,MLB,MLB,test,MLB,Chris Carpenter,2011,-0.5333589989506669,1.3403581380844116,3.510815909618931
xgboost,MLB,MLB,test,MLB,John Danks,2011,1.79504015283002,-0.11641722172498703,3.65366929474072
xgboost,MLB,MLB,test,MLB,Zach Stewart,2011,-0.533452000993796,-0.40786275267601013,0.015772659293026473
xgboost,MLB,MLB,test,MLB,Alfredo Simón,2011,-0.532335976476247,-0.22278103232383728,0.09582426344920149
xgboost,MLB,MLB,test,MLB,Carlos Carrasco,2011,-0.5321499723899892,-0.34548917412757874,0.03484225360796029
xgboost,MLB,MLB,test,MLB,Jeremy Guthrie,2011,0.9022205387904549,-0.2895812392234802,1.4203914780771771
xgboost,MLB,MLB,test,MLB,Kevin Slowey,2011,-0.11150173131697101,-0.6443601250648499,0.2839380677875694
xgboost,MLB,MLB,test,MLB,Esmil Rogers,2011,-0.533545003036925,-0.4881826341152191,0.002057744514188946
xgboost,MLB,MLB,test,MLB,Rick Porcello,2011,-0.046400301126585906,-0.06338983029127121,2.886441012376925e-4
xgboost,MLB,MLB,test,MLB,Luke Hochevar,2011,0.0298613742392939,0.27433836460113525,0.05976899881638386
xgboost,MLB,MLB,test,MLB,Vin Mazzaro,2011,-0.5317082126851252,-0.5574690103530884,6.636186964897347e-4
xgboost,MLB,MLB,test,MLB,Barry Enright,2011,-0.5337310071231842,-0.502878725528717,9.518632795842983e-4
xgboost,MLB,MLB,test,MLB,Brad Mills,2011,-0.5337310071231842,-0.5380895137786865,1.8996580266057872e-5
xgboost,MLB,MLB,test,MLB,Chad Billingsley,2011,1.5470347664870598,-0.13133351504802704,2.8169200884630405
xgboost,MLB,MLB,test,MLB,Clayton Kershaw,2011,1.14402585092617,3.165717601776123,4.087237535454748
xgboost,MLB,MLB,test,MLB,Aaron Harang,2011,0.49301154902232,0.4032204747200012,0.008062437024364526
xgboost,MLB,MLB,test,MLB,Wade LeBlanc,2011,-0.5337310071231842,-0.5813698172569275,0.0022694562309588406
xgboost,MLB,MLB,test,MLB,Brad Hand,2011,-0.5337310071231842,-0.3983781039714813,0.018320408391594264
xgboost,MLB,MLB,test,MLB,Shaun Marcum,2011,0.81386859781779,1.4198622703552246,0.36722833115540754
xgboost,MLB,MLB,test,MLB,Brian Duensing,2011,-0.527220864104145,0.20066484808921814,0.5298176100152395
xgboost,MLB,MLB,test,MLB,Scott Diamond,2011,-0.5337310071231842,-0.2252216637134552,0.0951780149711021
xgboost,MLB,MLB,test,MLB,Liam Hendriks,2011,-0.5337310071231842,-0.43799322843551636,0.00916572226804887
xgboost,MLB,MLB,test,MLB,Mike Pelfrey,2011,0.4348852720666191,-0.2670385241508484,0.49269701569634083
xgboost,MLB,MLB,test,MLB,Dillon Gee,2011,-0.5296389172255022,-0.3006240427494049,0.05244781273130258
xgboost,MLB,MLB,test,MLB,Hiroki Kuroda,2011,1.23702789405529,2.5056068897247314,1.609292668253689
xgboost,MLB,MLB,test,MLB,Freddy García,2011,0.12100337650583301,0.2037961632013321,0.00685464552880641
xgboost,MLB,MLB,test,MLB,Vance Worley,2011,-0.53094094582931,-0.655677318572998,0.015559162685252294
xgboost,MLB,MLB,test,MLB,Jeff Karstens,2011,-0.046400301126585906,-0.4842645227909088,0.19172507661370333
xgboost,MLB,MLB,test,MLB,Jeff Locke,2011,-0.5337310071231842,-0.5167157649993896,2.895184645313532e-4
xgboost,MLB,MLB,test,MLB,Ross Ohlendorf,2011,-0.455609290894721,-0.3216479420661926,0.017945642979958664
xgboost,MLB,MLB,test,MLB,Blake Beavan,2011,-0.532521980562505,-0.5580014586448669,6.49203803349563e-4
xgboost,MLB,MLB,test,MLB,Dustin McGowan,2011,-0.3688073219728461,-0.1403505653142929,0.05219248966294539
xgboost,MLB,MLB,test,MLB,Henderson Alvarez III,2011,-0.5331915952730351,-0.3495515286922455,0.03372367405379683
xgboost,MLB,MLB,test,MLB,Brett Cecil,2011,-0.5337310071231842,-0.456428200006485,0.005975723988121606
xgboost,MLB,MLB,test,MLB,Randall Delgado,2012,-0.53094094582931,-0.5304354429244995,2.555331867717926e-7
xgboost,MLB,MLB,test,MLB,Jarrod Parker,2012,-0.53094094582931,-0.1218034029006958,0.16739352903366359
xgboost,MLB,MLB,test,MLB,Jason Hammel,2012,0.6325146137160019,1.3614726066589355,0.5313797554753901
xgboost,MLB,MLB,test,MLB,Chris Tillman,2012,-0.5284298906648242,-0.4195922017097473,0.011845642537082054
xgboost,MLB,MLB,test,MLB,Jair Jurrjens,2012,-0.531870966260601,-0.5161635875701904,2.467217453239654e-4
xgboost,MLB,MLB,test,MLB,Daniel Bard,2012,-0.27658035787116203,-0.44518300890922546,0.02842685393706299
xgboost,MLB,MLB,test,MLB,Félix Doubront,2012,-0.5265698498022408,-0.1271028369665146,0.1595738943438982
xgboost,MLB,MLB,test,MLB,Jeff Samardzija,2012,-0.13196218080537805,0.31927114725112915,0.20361151634895142
xgboost,MLB,MLB,test,MLB,Chris Rusin,2012,-0.531870966260601,-0.407914400100708,0.01536523029415194
xgboost,MLB,MLB,test,MLB,Josh Tomlin,2012,-0.5296761180427539,-0.30088722705841064,0.05234435663784572
xgboost,MLB,MLB,test,MLB,Juan Nicasio,2012,-0.531684962174343,-0.39041179418563843,0.01995810799356475
xgboost,MLB,MLB,test,MLB,Christian Friedrich,2012,-0.531870966260601,-0.4721314013004303,0.00356881562163046
xgboost,MLB,MLB,test,MLB,Doug Fister,2012,0.12100337650583301,0.8318815231323242,0.5053477393511151
xgboost,MLB,MLB,test,MLB,Drew Smyly,2012,-0.530382933570535,-0.4396094083786011,0.008239832875770665
xgboost,MLB,MLB,test,MLB,Érik Bédard,2012,-0.4091082693301611,-0.21432273089885712,0.037941405981973
xgboost,MLB,MLB,test,MLB,Alex White,2012,-0.530550337248168,-0.3564067482948303,0.030325989573549043
xgboost,MLB,MLB,test,MLB,Jordan Lyles,2012,-0.531870966260601,-0.31250694394111633,0.048120574288183386
xgboost,MLB,MLB,test,MLB,Dallas Keuchel,2012,-0.531870966260601,-0.4745877981185913,0.0032813613523857586
xgboost,MLB,MLB,test,MLB,Jeremy Guthrie,2012,0.9270210216235262,-0.441325306892395,1.8723716747630013
xgboost,MLB,MLB,test,MLB,Felipe Paulino,2012,-0.29750581757521505,-0.05187152326107025,0.060336206543207906
xgboost,MLB,MLB,test,MLB,Luis Mendoza,2012,-0.524058794637755,0.1365784853696823,0.43644161573562507
xgboost,MLB,MLB,test,MLB,Zack Greinke,2012,3.9340871447998196,1.9272676706314087,4.027324401901577
xgboost,MLB,MLB,test,MLB,Stephen Fife,2012,-0.531405956044956,-0.49554571509361267,0.0012859568810884008
xgboost,MLB,MLB,test,MLB,Mark Rogers,2012,-0.531684962174343,-0.2804052531719208,0.063141492156342
xgboost,MLB,MLB,test,MLB,Matt Harvey,2012,-0.5302434305058421,-0.5708339810371399,0.001647592792433839
xgboost,MLB,MLB,test,MLB,Phil Hughes,2012,0.7069162482192999,0.14220336079597473,0.3189006452219891
xgboost,MLB,MLB,test,MLB,John Lannan,2012,-0.15800275288153204,-0.47091060876846313,0.09791132627575644
xgboost,MLB,MLB,test,MLB,Jeff Karstens,2012,-0.15800275288153204,0.07900625467300415,0.05617326966198619
xgboost,MLB,MLB,test,MLB,Jonathan Sánchez,2012,-0.367257349922056,0.13926638662815094,0.25656629568878336
xgboost,MLB,MLB,test,MLB,Jeff Locke,2012,-0.530475935613664,-0.5184499025344849,1.4462547162151127e-4
xgboost,MLB,MLB,test,MLB,Joe Saunders,2012,0.5860135921514419,0.9014756083488464,0.09951628366333153
xgboost,MLB,MLB,test,MLB,Blake Beavan,2012,-0.5287646980200891,-0.44354113936424255,0.007263054949966512
xgboost,MLB,MLB,test,MLB,Héctor Noesí,2012,-0.531870966260601,-0.3189689517021179,0.04532726780306056
xgboost,MLB,MLB,test,MLB,Matt Cain,2012,3.5620789722833397,-0.37524792551994324,15.502543100165223
xgboost,MLB,MLB,test,MLB,Jake Westbrook,2012,1.19052687249073,1.0981941223144531,0.008525336755114772
xgboost,MLB,MLB,test,MLB,Joe Kelly,2012,-0.5313129540018269,-0.6103948950767517,0.0062539534041778835
xgboost,MLB,MLB,test,MLB,Matt Harrison,2012,1.4230319803135398,1.029388427734375,0.1549552464871457
xgboost,MLB,MLB,test,MLB,Colby Lewis,2012,-0.25100479601065406,1.1046301126480103,1.8377460055739852
xgboost,MLB,MLB,test,MLB,Wade Miley,2013,-0.52563982937095,0.051954999566078186,0.33361578641479483
xgboost,MLB,MLB,test,MLB,Sonny Gray,2013,-0.529545915182373,-0.48899221420288086,0.001644602663134065
xgboost,MLB,MLB,test,MLB,Kris Medlen,2013,0.4558107317706711,0.31706899404525757,0.01924926978706744
xgboost,MLB,MLB,test,MLB,Freddy García,2013,-0.390507860704336,-1.0330719947814941,0.41288866640232813
xgboost,MLB,MLB,test,MLB,Aaron Harang,2013,-0.4370088822688971,0.12513728439807892,0.3160083126983756
xgboost,MLB,MLB,test,MLB,Ubaldo Jiménez,2013,1.7020381097009,3.217921018600464,2.297900993493803
xgboost,MLB,MLB,test,MLB,Alfredo Aceves,2013,-0.39980806501724814,-0.4159306287765503,2.5993706217276326e-4
xgboost,MLB,MLB,test,MLB,Chris Tillman,2013,-0.52145473743014,0.2522156536579132,0.5985658740463412
xgboost,MLB,MLB,test,MLB,Félix Doubront,2013,-0.51401457397981,-0.5779682993888855,0.0040900789936994305
xgboost,MLB,MLB,test,MLB,Travis Wood,2013,0.10240296788000901,-0.31897979974746704,0.1775634368533915
xgboost,MLB,MLB,test,MLB,Chris Rusin,2013,-0.529359911096115,-0.31094974279403687,0.0477030016177421
xgboost,MLB,MLB,test,MLB,Erik Johnson,2013,-0.530010925398019,-0.4143679738044739,0.013373292253267013
xgboost,MLB,MLB,test,MLB,Tony Cingrani,2013,-0.5276858743197912,-0.5616933107376099,0.0011565057317119796
xgboost,MLB,MLB,test,MLB,Pedro Villarreal,2013,-0.530010925398019,-0.4993269741535187,9.415048639748713e-4
xgboost,MLB,MLB,test,MLB,Shaun Marcum,2013,-0.4370088822688971,-0.07290001958608627,0.13257526388417
xgboost,MLB,MLB,test,MLB,Tyler Chatwood,2013,-0.5296389172255022,-0.19817344844341278,0.10986935699493026
xgboost,MLB,MLB,test,MLB,Collin McHugh,2013,-0.530010925398019,-0.5246952176094055,2.825674929392575e-5
xgboost,MLB,MLB,test,MLB,Brian Flynn,2013,-0.530010925398019,-0.5122181177139282,3.1658400528303883e-4
xgboost,MLB,MLB,test,MLB,Ricky Nolasco,2013,1.65553708813634,1.9867290258407593,0.10968809960040792
xgboost,MLB,MLB,test,MLB,Phil Hughes,2013,0.8650197215388071,0.06241033226251602,0.644181831754461
xgboost,MLB,MLB,test,MLB,Bartolo Colon,2013,1.23702789405529,1.1603912115097046,0.00587318111159282
xgboost,MLB,MLB,test,MLB,Daisuke Matsuzaka,2013,-0.34400683913977503,-0.057957690209150314,0.08182411560393472
xgboost,MLB,MLB,test,MLB,Miguel González,2013,0.12100337650583301,-0.34844088554382324,0.22037791517134636
xgboost,MLB,MLB,test,MLB,Kyle Kendrick,2013,0.8045683935048781,-0.1963566690683365,1.0018509808871938
xgboost,MLB,MLB,test,MLB,Eric Stults,2013,-0.11150173131697101,1.798086166381836,3.6465259390377494
xgboost,MLB,MLB,test,MLB,Andrew Cashner,2013,-0.17660316150735603,-0.47605499625205994,0.08967140133196948
xgboost,MLB,MLB,test,MLB,Taijuan Walker,2013,-0.5295645155909989,-0.48567959666252136,0.0019258861093590486
xgboost,MLB,MLB,test,MLB,Tim Lincecum,2013,2.6320585409921198,1.2203930616378784,1.99279942560044
xgboost,MLB,MLB,test,MLB,Michael Wacha,2013,-0.528150884535436,-0.5369330048561096,7.712563732678823e-5
xgboost,MLB,MLB,test,MLB,Nick Tepesch,2013,-0.529067698676603,-0.5385526418685913,8.996414735524592e-5
xgboost,MLB,MLB,test,MLB,J.A. Happ,2013,0.38140909726737404,0.4290235638618469,0.002267137429076174
xgboost,MLB,MLB,test,MLB,Stephen Strasburg,2013,0.11635327434937699,-0.15773887932300568,0.07512650870476503
xgboost,MLB,MLB,test,MLB,Jesse Chavez,2014,-0.223104183071917,0.6997441053390503,0.851648963423052
xgboost,MLB,MLB,test,MLB,Sonny Gray,2014,-0.5276858743197912,0.30269110202789307,0.6895259228483226
xgboost,MLB,MLB,test,MLB,Brad Mills,2014,-0.5286158947510821,-0.3158934414386749,0.04525084214324923
xgboost,MLB,MLB,test,MLB,Shelby Miller,2014,-0.52350078237898,-0.31689533591270447,0.04268581050952905
xgboost,MLB,MLB,test,MLB,Edwin Jackson,2014,-0.5286158947510821,0.23411265015602112,0.5817548332161069
xgboost,MLB,MLB,test,MLB,Rick Porcello,2014,1.7020381097009,0.3826274573802948,1.740844469457085
xgboost,MLB,MLB,test,MLB,Joe Kelly,2014,-0.51085250451342,-0.31999075412750244,0.03642820776037631
xgboost,MLB,MLB,test,MLB,Jon Lester,2014,4.182092531142789,3.750983953475952,0.18585460573792328
xgboost,MLB,MLB,test,MLB,Kyle Hendricks,2014,-0.528150884535436,-0.1396971493959427,0.15089630434382365
xgboost,MLB,MLB,test,MLB,Dallas Beeler,2014,-0.5285228927079528,-0.2779749035835266,0.0627742948542936
xgboost,MLB,MLB,test,MLB,Mike Leake,2014,1.19517697464719,0.3011956214904785,0.7992026597919051
xgboost,MLB,MLB,test,MLB,Dylan Axelrod,2014,-0.5286158947510821,-0.3784239590167999,0.022557617559610735
xgboost,MLB,MLB,test,MLB,Corey Kluber,2014,0.809218495661334,1.9438352584838867,1.287355198477929
xgboost,MLB,MLB,test,MLB,Gavin Floyd,2014,0.12100337650583301,0.3568987548351288,0.055646629517121585
xgboost,MLB,MLB,test,MLB,Corey Kluber,2014,-0.511224512685936,1.9438352584838867,6.0273184800164215
xgboost,MLB,MLB,test,MLB,Brad Peacock,2014,-0.5270720608351389,-0.07895602285861969,0.20080798349177323
xgboost,MLB,MLB,test,MLB,Brett Oberholtzer,2014,-0.5270720608351389,-0.33514243364334106,0.03683698179398251
xgboost,MLB,MLB,test,MLB,Edinson Vólquez,2014,1.23702789405529,0.507904589176178,0.5316207937178384
xgboost,MLB,MLB,test,MLB,Danny Duffy,2014,-0.17195305935090002,-0.6141153573989868,0.19550749781516516
xgboost,MLB,MLB,test,MLB,Chris Young,2014,-0.49746021030282606,0.20018838346004486,0.4867135603793113
xgboost,MLB,MLB,test,MLB,Aaron Brooks,2014,-0.5286158947510821,-0.5271143913269043,2.2545125328175493e-6
xgboost,MLB,MLB,test,MLB,Henderson Alvarez III,2014,0.12100337650583301,-0.3687262237071991,0.2398350813248163
xgboost,MLB,MLB,test,MLB,Tom Koehler,2014,-0.5197807006538151,0.7382637858390808,1.5826759299951743
xgboost,MLB,MLB,test,MLB,Jimmy Nelson,2014,-0.5278718784060491,-0.3385888934135437,0.03582804840767302
xgboost,MLB,MLB,test,MLB,Ervin Santana,2014,1.9345432175237098,1.8632398843765259,0.005084165317898302
xgboost,MLB,MLB,test,MLB,Logan Darnell,2014,-0.5286158947510821,-0.5306415557861328,4.103302628922884e-6
xgboost,MLB,MLB,test,MLB,Dillon Gee,2014,0.36280868864155,-0.0686979815363884,0.18619800640805212
xgboost,MLB,MLB,test,MLB,Rafael Montero,2014,-0.5279648804491781,-0.5255149602890015,6.002108791239953e-6
xgboost,MLB,MLB,test,MLB,David Buchanan,2014,-0.5276858743197912,-0.2207866609096527,0.09418712719176173
xgboost,MLB,MLB,test,MLB,Jonathan Pettibone,2014,-0.528150884535436,-0.5097222328186035,3.3961520410031345e-4
xgboost,MLB,MLB,test,MLB,A.J. Burnett,2014,0.958021764667928,0.488850861787796,0.22012133610935822
xgboost,MLB,MLB,test,MLB,Vance Worley,2014,-0.16730295719444402,-0.19463539123535156,7.470619506005615e-4
xgboost,MLB,MLB,test,MLB,Brandon Cumpton,2014,-0.526197841629725,-0.19781994819641113,0.10783204089570086
xgboost,MLB,MLB,test,MLB,Andrew Cashner,2014,0.130303580818745,-0.03407863900065422,0.027021514192753282
xgboost,MLB,MLB,test,MLB,James Paxton,2014,-0.526476847759112,-0.44125837087631226,0.007262188802224269
xgboost,MLB,MLB,test,MLB,Ryan Vogelsong,2014,0.12100337650583301,1.7440581321716309,2.634306739889363
xgboost,MLB,MLB,test,MLB,Lance Lynn,2014,0.8340189784944041,0.2993795573711395,0.28583931061901946
xgboost,MLB,MLB,test,MLB,Marco Gonzales,2014,-0.5286158947510821,-0.3576517105102539,0.029228752293131835
xgboost,MLB,MLB,test,MLB,Drew Smyly,2014,-0.13010213994279501,-0.3558555841445923,0.050964617568974
xgboost,MLB,MLB,test,MLB,Jake Odorizzi,2014,-0.525918835500337,-0.131064772605896,0.15590973098424718
xgboost,MLB,MLB,test,MLB,Nate Karns,2014,-0.5283740894389459,-0.3727472424507141,0.024219715503498516
xgboost,MLB,MLB,test,MLB,Colby Lewis,2014,0.12100337650583301,0.12079261988401413,4.441835364050664e-8
xgboost,MLB,MLB,test,MLB,Nick Tepesch,2014,-0.5267074928260721,-0.24022282660007477,0.0820734639826211
xgboost,MLB,MLB,test,MLB,Lisalverto Bonilla,2014,-0.5284298906648242,-0.5589680075645447,9.325765837809963e-4
xgboost,MLB,MLB,test,MLB,Wandy Rodríguez,2014,-0.5286158947510821,-0.2298562079668045,0.08925735044743963
xgboost,MLB,MLB,test,MLB,Stephen Strasburg,2014,0.7534172697838608,0.6856099367141724,0.004597834418023665
xgboost,MLB,MLB,test,MLB,Zack Greinke,2015,5.7786277288621015,3.66957426071167,4.448106531517364
xgboost,MLB,MLB,test,MLB,Archie Bradley,2015,-0.5286158947510821,-0.4437911808490753,0.007195232088557296
xgboost,MLB,MLB,test,MLB,Jesse Hahn,2015,-0.5286158947510821,-0.30943548679351807,0.04804005123244418
xgboost,MLB,MLB,test,MLB,Jhoulys Chacín,2015,-0.4184084736430731,-0.5153319239616394,0.009394155221655591
xgboost,MLB,MLB,test,MLB,Yovani Gallardo,2015,1.4230319803135398,1.0092332363128662,0.17122940053653501
xgboost,MLB,MLB,test,MLB,Chris Tillman,2015,0.534862468430425,0.404123455286026,0.017092689557971323
xgboost,MLB,MLB,test,MLB,David Price,2015,5.1431137054784,3.8177812099456787,1.75650622371499
xgboost,MLB,MLB,test,MLB,Rick Porcello,2015,3.2133213105491305,0.03340083733201027,10.111894215985394
xgboost,MLB,MLB,test,MLB,Jake Arrieta,2015,1.36723075443606,3.7103095054626465,5.4900180335123085
xgboost,MLB,MLB,test,MLB,Kyle Hendricks,2015,-0.5223847578614309,-0.18487052619457245,0.1139158565776698
xgboost,MLB,MLB,test,MLB,Erik Johnson,2015,-0.5286158947510821,-0.5060034394264221,5.113231358097418e-4
xgboost,MLB,MLB,test,MLB,Jon Moscot,2015,-0.5285228927079528,-0.4759734272956848,0.0027614463151151526
xgboost,MLB,MLB,test,MLB,John Lamb,2015,-0.5286158947510821,-0.5000143051147461,8.18050929725361e-4
xgboost,MLB,MLB,test,MLB,Keyvius Sampson,2015,-0.5286158947510821,-0.5010809302330017,7.581742710119439e-4
xgboost,MLB,MLB,test,MLB,Josh Tomlin,2015,-0.28200553905505604,0.6149405241012573,0.8045122402116092
xgboost,MLB,MLB,test,MLB,Danny Salazar,2015,-0.5232775774754701,-0.03224771469831467,0.24111032613895209
xgboost,MLB,MLB,test,MLB,Daniel Norris,2015,-0.5273138661472739,-0.4461728632450104,0.0065838623519851435
xgboost,MLB,MLB,test,MLB,Dallas Keuchel,2015,0.7255166568451239,2.6824920177459717,3.8297525631730034
xgboost,MLB,MLB,test,MLB,Matt Shoemaker,2015,-0.524430802810271,-0.29961302876472473,0.05054303152679429
xgboost,MLB,MLB,test,MLB,Andrew Heaney,2015,-0.527220864104145,-0.5059787034988403,4.5122938718155915e-4
xgboost,MLB,MLB,test,MLB,Nick Tropeano,2015,-0.5286158947510821,-0.553665041923523,6.274597740666034e-4
xgboost,MLB,MLB,test,MLB,Jarred Cosart,2015,-0.520710721085107,-0.4233196973800659,0.009485011498315868
xgboost,MLB,MLB,test,MLB,Jeremy Guthrie,2015,-0.5286158947510821,-0.39391854405403137,0.018143376284804263
xgboost,MLB,MLB,test,MLB,Chase Anderson,2015,-0.5262536428556019,0.1763601005077362,0.49366607236304283
xgboost,MLB,MLB,test,MLB,Tommy Milone,2015,0.214005419634955,0.043620768934488297,0.02903092919432005
xgboost,MLB,MLB,test,MLB,Kyle Gibson,2015,-0.513735567850423,-0.2168942093849182,0.08811479209564628
xgboost,MLB,MLB,test,MLB,Matt Harvey,2015,0.181454704539762,-0.2906087636947632,0.22284391804160855
xgboost,MLB,MLB,test,MLB,Iván Nova,2015,0.139603785131657,-0.1178891584277153,0.06630261598287009
xgboost,MLB,MLB,test,MLB,Luis Severino,2015,-0.5260490383607181,-0.5020257234573364,5.771196589470423e-4
xgboost,MLB,MLB,test,MLB,Severino González,2015,-0.5286158947510821,-0.5151858925819397,1.8036495826316857e-4
xgboost,MLB,MLB,test,MLB,Robbie Erlin,2015,-0.5269604583833841,-0.3771017789840698,0.022457623791306468
xgboost,MLB,MLB,test,MLB,Hisashi Iwakuma,2015,1.6090360665717802,2.3861501216888428,0.603906254660485
xgboost,MLB,MLB,test,MLB,Mike Montgomery,2015,-0.527220864104145,-0.29469531774520874,0.05406812970952183
xgboost,MLB,MLB,test,MLB,Donn Roach,2015,-0.5286158947510821,-0.4282519221305847,0.010072927000167941
xgboost,MLB,MLB,test,MLB,James Paxton,2015,-0.5286158947510821,-0.2769636809825897,0.06332883669458296
xgboost,MLB,MLB,test,MLB,Jeff Samardzija,2015,2.72506058412124,1.416763186454773,1.7116420807408494
xgboost,MLB,MLB,test,MLB,Carlos Martínez,2015,-0.5227567660339469,-0.2323015183210373,0.08436425092396771
xgboost,MLB,MLB,test,MLB,Michael Wacha,2015,-0.5227567660339469,-0.41805827617645264,0.010961773778439838
xgboost,MLB,MLB,test,MLB,Drew Smyly,2015,0.07450235494127233,-0.3193851709365845,0.15514738304217932
xgboost,MLB,MLB,test,MLB,Erasmo Ramírez,2015,-0.18125326366381198,-0.5667434334754944,0.14860267102143973
xgboost,MLB,MLB,test,MLB,Chi Chi González,2015,-0.5282438865785651,-0.6274399161338806,0.009839852279539022
xgboost,MLB,MLB,test,MLB,J.A. Happ,2015,1.6090360665717802,1.7355389595031738,0.016002981920011636
xgboost,MLB,MLB,test,MLB,Taijuan Walker,2016,-0.20450377444609302,-0.4693741798400879,0.07015633165357918
xgboost,MLB,MLB,test,MLB,Archie Bradley,2016,-0.52180814519403,-0.6022543907165527,0.006471598418670016
xgboost,MLB,MLB,test,MLB,Sonny Gray,2016,0.041951639846079705,-0.276141494512558,0.10118324212610232
xgboost,MLB,MLB,test,MLB,R.A. Dickey,2016,0.8650197215388071,0.8018053770065308,0.003996053354645339
xgboost,MLB,MLB,test,MLB,Kevin Gausman,2016,0.0187011290637993,-0.47180405259132385,0.24059533323052534
xgboost,MLB,MLB,test,MLB,Eduardo Rodríguez,2016,-0.514293580109197,-0.5437738299369812,8.690851299085697e-4
xgboost,MLB,MLB,test,MLB,Kyle Hendricks,2016,-0.48155686092774613,-0.146580770611763,0.11220898108338169
xgboost,MLB,MLB,test,MLB,Reynaldo López,2016,-0.52350078237898,-0.5884057283401489,0.004212652010222257
xgboost,MLB,MLB,test,MLB,Danny Salazar,2016,0.00940092475088708,-0.1568661779165268,0.027644749429416346
xgboost,MLB,MLB,test,MLB,Germán Márquez,2016,-0.523128774206464,-0.5102158784866333,1.6674287587122136e-4
xgboost,MLB,MLB,test,MLB,Danny Duffy,2016,1.79504015283002,0.19420824944972992,2.562662782880162
xgboost,MLB,MLB,test,MLB,Garrett Richards,2016,0.651115022341827,-0.29809755086898804,0.901004509141497
xgboost,MLB,MLB,test,MLB,Matt Shoemaker,2016,-0.004549381718481162,1.931958556175232,3.750062993525361
xgboost,MLB,MLB,test,MLB,Bud Norris,2016,-0.29750581757521505,0.12251832336187363,0.17642027896993934
xgboost,MLB,MLB,test,MLB,Tyler Skaggs,2016,-0.5197807006538151,-0.510017991065979,9.531049849642679e-5
xgboost,MLB,MLB,test,MLB,Brock Stewart,2016,-0.5230357721633351,-0.508466899394989,2.122520537402555e-4
xgboost,MLB,MLB,test,MLB,Edinson Vólquez,2016,1.4230319803135398,0.11375430971384048,1.714208018730975
xgboost,MLB,MLB,test,MLB,José Berríos,2016,-0.52350078237898,-0.5174270868301392,3.6889777620009175e-5
xgboost,MLB,MLB,test,MLB,Jacob deGrom,2016,0.130303580818745,0.39575284719467163,0.07046331301951765
xgboost,MLB,MLB,test,MLB,Noah Syndergaard,2016,-0.510387494297774,-0.0011393956374377012,0.2593336259891676
xgboost,MLB,MLB,test,MLB,Michael Pineda,2016,0.7534172697838608,0.7996504306793213,0.002137505166385536
xgboost,MLB,MLB,test,MLB,Luis Cessa,2016,-0.52350078237898,-0.46890541911125183,0.0029806536903352037
xgboost,MLB,MLB,test,MLB,Jeremy Hellickson,2016,2.5762573151146495,3.2245969772338867,0.42034431747688666
xgboost,MLB,MLB,test,MLB,Iván Nova,2016,0.9890225077123308,0.2697308659553528,0.5173804659014488
xgboost,MLB,MLB,test,MLB,Tyler Glasnow,2016,-0.5223847578614309,-0.3773161768913269,0.02104489318467962
xgboost,MLB,MLB,test,MLB,Colin Rea,2016,-0.521491938247391,-0.5369110107421875,2.3774779659978872e-4
xgboost,MLB,MLB,test,MLB,Luis Perdomo,2016,-0.5217709443767791,-0.31775838136672974,0.04162112586592935
xgboost,MLB,MLB,test,MLB,Dillon Overton,2016,-0.5232031758409668,-0.5635666251182556,0.00162920803756027
xgboost,MLB,MLB,test,MLB,Carlos Martínez,2016,1.27422871130694,-0.5688381791114807,3.3968955625566264
xgboost,MLB,MLB,test,MLB,Michael Wacha,2016,-0.10685162916051501,-0.46496132016181946,0.12824255078904975
xgboost,MLB,MLB,test,MLB,Alex Cobb,2016,0.15820419375748207,-0.31895366311073303,0.22767962037106804
xgboost,MLB,MLB,test,MLB,Nathan Eovaldi,2016,-0.25100479601065406,-0.47150737047195435,0.048621385344061276
xgboost,MLB,MLB,test,MLB,Matt Andriese,2016,-0.52350078237898,-0.38194912672042847,0.02003687121967715
xgboost,MLB,MLB,test,MLB,Stephen Strasburg,2016,4.027089187928949,-0.08190993964672089,16.883873830417617
xgboost,MLB,MLB,test,MLB,Tanner Roark,2016,0.17959466367718002,0.7777032256126404,0.35773385186050444
xgboost,MLB,MLB,test,MLB,Edwin Jackson,2016,-0.4370088822688971,-0.255795419216156,0.03283831919156717
xgboost,MLB,MLB,test,MLB,A.J. Cole,2016,-0.52350078237898,-0.5757166147232056,0.0027264931474002716
xgboost,MLB,MLB,test,MLB,Taijuan Walker,2017,0.27445674766888406,-0.48546671867370605,0.5774836746981377
xgboost,MLB,MLB,test,MLB,Robbie Ray,2017,0.111703172192921,0.31523996591567993,0.04142722639894092
xgboost,MLB,MLB,test,MLB,Clay Buchholz,2017,-0.34400683913977503,-0.5662791728973389,0.049404990354033854
xgboost,MLB,MLB,test,MLB,Brett Anderson,2017,0.12100337650583301,-0.3132169544696808,0.18854729583248478
xgboost,MLB,MLB,test,MLB,Trevor Cahill,2017,-0.34400683913977503,-0.13768497109413147,0.04256871323384395
xgboost,MLB,MLB,test,MLB,Aníbal Sánchez,2017,-0.4370088822688971,-0.16756778955459595,0.07259850244307664
xgboost,MLB,MLB,test,MLB,Andrew Cashner,2017,0.8650197215388071,0.3341752290725708,0.28179587518173604
xgboost,MLB,MLB,test,MLB,Eddie Butler,2017,-0.516851136295248,-0.3758533000946045,0.019880389813263507
xgboost,MLB,MLB,test,MLB,Jaime García,2017,-0.521640741516398,1.2280561923980713,3.0614393605496955
xgboost,MLB,MLB,test,MLB,Miguel González,2017,0.26050644119951605,0.18814164400100708,0.005236663873581331
xgboost,MLB,MLB,test,MLB,Tyler Danish,2017,-0.521640741516398,-0.5203932523727417,1.5562291635404661e-6
xgboost,MLB,MLB,test,MLB,Vance Worley,2017,-0.34400683913977503,-0.4359245002269745,0.00844885641974126
xgboost,MLB,MLB,test,MLB,Rookie Davis,2017,-0.521640741516398,-0.49244582653045654,8.523430610363523e-4
xgboost,MLB,MLB,test,MLB,Ryan Merritt,2017,-0.521491938247391,-0.3838496506214142,0.01894539934291214
xgboost,MLB,MLB,test,MLB,Kyle Freeland,2017,-0.520710721085107,-0.5068961977958679,1.9084105370892796e-4
xgboost,MLB,MLB,test,MLB,Germán Márquez,2017,-0.520710721085107,-0.5131047368049622,5.785099686980991e-5
xgboost,MLB,MLB,test,MLB,Collin McHugh,2017,0.30700746276407703,1.3736083507537842,1.1376374542604317
xgboost,MLB,MLB,test,MLB,David Paulino,2017,-0.521640741516398,-0.46548861265182495,0.0031530615760236237
xgboost,MLB,MLB,test,MLB,Sam Gaviglio,2017,-0.521640741516398,-0.4556788504123688,0.004350971078019817
xgboost,MLB,MLB,test,MLB,Alex Wood,2017,0.49301154902232,-0.4183039665222168,0.8304959688722048
xgboost,MLB,MLB,test,MLB,Dan Straily,2017,0.0038208021631397798,0.9364330172538757,0.8697655437364492
xgboost,MLB,MLB,test,MLB,Yovani Gallardo,2017,-0.25100479601065406,0.21519193053245544,0.21733938783951082
xgboost,MLB,MLB,test,MLB,Junior Guerra,2017,-0.521640741516398,0.07272208482027054,0.35326716933091284
xgboost,MLB,MLB,test,MLB,José Berríos,2017,-0.516990639359942,-0.15327782928943634,0.13228700820938377
xgboost,MLB,MLB,test,MLB,Noah Syndergaard,2017,-0.06965081190886638,-0.44111528992652893,0.13798585842893452
xgboost,MLB,MLB,test,MLB,Seth Lugo,2017,-0.5181066638774909,-0.2262909859418869,0.08515638988901618
xgboost,MLB,MLB,test,MLB,Luis Severino,2017,-0.51048514644306,-0.06409575045108795,0.1992634928540776
xgboost,MLB,MLB,test,MLB,Luis Cessa,2017,-0.5171905937526688,-0.45643505454063416,0.0036912355449450853
xgboost,MLB,MLB,test,MLB,Aaron Nola,2017,-0.5164326271011669,0.0804925188422203,0.3563196298595341
xgboost,MLB,MLB,test,MLB,Nick Pivetta,2017,-0.5205247169988481,-0.511064350605011,8.949853230564184e-5
xgboost,MLB,MLB,test,MLB,Jake Thompson,2017,-0.5208967251713649,-0.5043423771858215,2.740464372264628e-4
xgboost,MLB,MLB,test,MLB,Trevor Williams,2017,-0.5170836414030711,-0.2881113588809967,0.05242830616336864
xgboost,MLB,MLB,test,MLB,Dinelson Lamet,2017,-0.5196504977934351,-0.24169988930225372,0.07725654076061798
xgboost,MLB,MLB,test,MLB,Ty Blach,2017,-0.5179206597912329,-0.17302095890045166,0.11895580367455037
xgboost,MLB,MLB,test,MLB,Matt Andriese,2017,-0.519148286760537,-0.3211641013622284,0.03919773766783185
xgboost,MLB,MLB,test,MLB,Anthony Banda,2017,-0.521640741516398,-0.39768725633621216,0.015364466488314564
xgboost,MLB,MLB,test,MLB,Yovani Gallardo,2017,-0.25100479601065406,0.21519193053245544,0.21733938783951082
xgboost,MLB,MLB,test,MLB,Bartolo Colon,2017,-0.29750581757521505,0.20337285101413727,0.2508794406478422
xgboost,MLB,MLB,test,MLB,Jesse Chavez,2017,-0.34400683913977503,0.11075093597173691,0.20680463402437246
xgboost,MLB,MLB,test,MLB,Chris Tillman,2017,-0.521640741516398,-0.24930649995803833,0.07416593912516703
xgboost,MLB,MLB,test,MLB,Marcus Stroman,2017,0.5860135921514419,-0.13768954575061798,0.5237462318092879
xgboost,MLB,MLB,test,MLB,Joe Ross,2017,-0.517381247941084,-0.539641797542572,4.955320685603096e-4
xgboost,MLB,MLB,test,MLB,Erick Fedde,2017,-0.521640741516398,-0.4925091564655304,8.48649247575936e-4
xgboost,MLB,MLB,test,MLB,Matt Koch,2018,-0.5174370491669618,-0.6615360379219055,0.02076451856019741
xgboost,MLB,MLB,test,MLB,Marco Estrada,2018,0.12100337650583301,-0.5172213315963745,0.407330778032148
xgboost,MLB,MLB,test,MLB,Frankie Montas,2018,-0.518850680222524,-0.44876518845558167,0.0049119761562141425
xgboost,MLB,MLB,test,MLB,Kevin Gausman,2018,1.1161252379874398,0.22191588580608368,0.7996103655286005
xgboost,MLB,MLB,test,MLB,Sean Newcomb,2018,-0.51606061892865,-0.12669962644577026,0.1516019824672531
xgboost,MLB,MLB,test,MLB,Touki Toussaint,2018,-0.5197807006538151,-0.4747975170612335,0.0020234868061239004
xgboost,MLB,MLB,test,MLB,Michael Soroka,2018,-0.5197807006538151,-0.4854753315448761,0.0011768583497005461
xgboost,MLB,MLB,test,MLB,Dan Straily,2018,-0.51606061892865,0.29676592350006104,0.6606869880766131
xgboost,MLB,MLB,test,MLB,Yefry Ramírez,2018,-0.5197807006538151,-0.48639366030693054,0.0011146944631244971
xgboost,MLB,MLB,test,MLB,Erasmo Ramírez,2018,-0.4370088822688971,-0.36723899841308594,0.004867836693253381
xgboost,MLB,MLB,test,MLB,Dylan Covey,2018,-0.5168046352736831,-0.26950445771217346,0.06115737782195422
xgboost,MLB,MLB,test,MLB,Alex Wood,2018,1.1719264638649098,-0.1006413921713829,1.6194289482168067
xgboost,MLB,MLB,test,MLB,Anthony DeSclafani,2018,-0.22775428522837302,0.15950149297714233,0.14996703775355932
xgboost,MLB,MLB,test,MLB,Carlos Carrasco,2018,1.56253504500722,2.430168390274048,0.7527876218189066
xgboost,MLB,MLB,test,MLB,Trevor Bauer,2018,1.79504015283002,-0.3266821503639221,4.5017055318706065
xgboost,MLB,MLB,test,MLB,Jon Gray,2018,-0.0789510162217785,0.39541831612586975,0.22502626347195354
xgboost,MLB,MLB,test,MLB,Tyler Anderson,2018,-0.13475224209925202,0.763480007648468,0.8068211744868504
xgboost,MLB,MLB,test,MLB,Kyle Freeland,2018,-0.5179206597912329,-0.015281624160706997,0.2526460001395851
xgboost,MLB,MLB,test,MLB,Spencer Turnbull,2018,-0.519576096158931,-0.3565770983695984,0.026568673280326846
xgboost,MLB,MLB,test,MLB,Josh James,2018,-0.517585852435968,-0.461050420999527,0.0031962550077045235
xgboost,MLB,MLB,test,MLB,Ben Lively,2018,-0.5197807006538151,-0.5069116950035095,1.6561130642759684e-4
xgboost,MLB,MLB,test,MLB,Trevor Cahill,2018,1.0510238077970497,0.9913762807846069,0.003557827478700094
xgboost,MLB,MLB,test,MLB,Tyler Skaggs,2018,0.0652021506283601,-0.4390769600868225,0.2542974215036954
xgboost,MLB,MLB,test,MLB,Jaime Barria,2018,-0.51819966592062,-0.6327728629112244,0.013127017468647846
xgboost,MLB,MLB,test,MLB,Dillon Peters,2018,-0.5197807006538151,-0.513910710811615,3.445678074753244e-5
xgboost,MLB,MLB,test,MLB,Trevor Richards,2018,-0.516990639359942,-0.39516785740852356,0.014840790202382855
xgboost,MLB,MLB,test,MLB,Caleb Smith,2018,-0.5195016945244281,-0.3094598948955536,0.04411755759133626
xgboost,MLB,MLB,test,MLB,Sandy Alcantara,2018,-0.5197807006538151,-0.47814133763313293,0.0017338365527681532
xgboost,MLB,MLB,test,MLB,Zach Davies,2018,-0.13940234425570802,-0.3953341543674469,0.06550109142707117
xgboost,MLB,MLB,test,MLB,Brent Suter,2018,-0.5173068463065811,0.4914315342903137,1.0175531204892458
xgboost,MLB,MLB,test,MLB,Jake Odorizzi,2018,1.14402585092617,0.612801194190979,0.28219963592342157
xgboost,MLB,MLB,test,MLB,Martín Pérez,2018,0.12100337650583301,-0.32729342579841614,0.20097002295621508
xgboost,MLB,MLB,test,MLB,Walker Lockett,2018,-0.5197807006538151,-0.5060564875602722,1.8835402503697386e-4
xgboost,MLB,MLB,test,MLB,Luis Severino,2018,1.23702789405529,-0.3364396393299103,2.475800078617306
xgboost,MLB,MLB,test,MLB,J.A. Happ,2018,2.5390564978629993,2.006070137023926,0.28407446084047905
xgboost,MLB,MLB,test,MLB,Sonny Gray,2018,0.772017678409685,1.128498911857605,0.1270788698005504
xgboost,MLB,MLB,test,MLB,Jordan Montgomery,2018,-0.5120429306654721,-0.4680251181125641,0.0019375678219429489
xgboost,MLB,MLB,test,MLB,Zach Eflin,2018,-0.5132705576347771,-0.38496726751327515,0.01646173425600231
xgboost,MLB,MLB,test,MLB,Francisco Liriano,2018,-0.28820561326230204,0.720454216003418,1.0173946511743515
xgboost,MLB,MLB,test,MLB,Aaron Slegers,2018,-0.5197807006538151,-0.5331246852874756,1.7806192590336724e-4
xgboost,MLB,MLB,test,MLB,Bryan Mitchell,2018,-0.4537492500321389,-0.47551023960113525,4.735406670219683e-4
xgboost,MLB,MLB,test,MLB,Eric Lauer,2018,-0.5183856700068791,-0.4478287398815155,0.004978280388715437
xgboost,MLB,MLB,test,MLB,Jacob Nix,2018,-0.5194458932985512,-0.5299610495567322,1.1056851113396309e-4
xgboost,MLB,MLB,test,MLB,Tommy Milone,2018,-0.5197807006538151,0.2308540642261505,0.5634525502464013
xgboost,MLB,MLB,test,MLB,Derek Holland,2018,0.679015635280563,0.9577158093452454,0.07767378702368427
xgboost,MLB,MLB,test,MLB,Dereck Rodríguez,2018,-0.518618175114701,-0.40238693356513977,0.013509701512152446
xgboost,MLB,MLB,test,MLB,Tyler Beede,2018,-0.5197807006538151,-0.4279758036136627,0.008428139120552978
xgboost,MLB,MLB,test,MLB,Ariel Jurado,2018,-0.5197807006538151,-0.5021067261695862,3.123693740691748e-4
xgboost,MLB,MLB,test,MLB,Clay Buchholz,2018,-0.06500070975241032,0.6809713244438171,0.5564742758028576
xgboost,MLB,MLB,test,MLB,Sean Reid-Foley,2018,-0.5197807006538151,-0.47564783692359924,0.001947709661029802
xgboost,MLB,MLB,test,MLB,Aníbal Sánchez,2018,1.14402585092617,1.5338112115859985,0.15193262738471258
xgboost,MLB,MLB,test,MLB,Jeremy Hellickson,2018,-0.38120765639142395,-0.11711273342370987,0.06974612833732284
xgboost,MLB,MLB,test,MLB,Austin Voth,2018,-0.5195946965675571,-0.49170079827308655,7.78069562062266e-4
xgboost,MLB,MLB,test,MLB,Madison Bumgarner,2019,2.5390564978629993,1.7502923011779785,0.6221489579721661
xgboost,MLB,MLB,test,MLB,Alex Young,2019,-0.51606061892865,-0.4533405005931854,0.003933813244014674
xgboost,MLB,MLB,test,MLB,Frankie Montas,2019,-0.516339625058038,-0.2746334671974182,0.05842186674774285
xgboost,MLB,MLB,test,MLB,David Hess,2019,-0.51819966592062,-0.5841306447982788,0.0043468939757662995
xgboost,MLB,MLB,test,MLB,Chris Sale,2019,4.77110553296192,3.373684883117676,1.9527844726111108
xgboost,MLB,MLB,test,MLB,Eduardo Rodríguez,2019,0.9208209474162801,0.13172829151153564,0.6226672196028034
xgboost,MLB,MLB,test,MLB,Martín Pérez,2019,0.49301154902232,0.21591779589653015,0.07678094802133616
xgboost,MLB,MLB,test,MLB,Kyle Hendricks,2019,1.9577937283059896,2.273556709289551,0.0997062601596248
xgboost,MLB,MLB,test,MLB,Adbert Alzolay,2019,-0.51819966592062,-0.515124499797821,9.456646682810021e-6
xgboost,MLB,MLB,test,MLB,Carlos Rodón,2019,0.20470521532204303,-0.2372688502073288,0.19534107460056144
xgboost,MLB,MLB,test,MLB,Trevor Bauer,2019,2.6320585409921198,0.3097282648086548,5.393217911678369
xgboost,MLB,MLB,test,MLB,Wade Miley,2019,0.772017678409685,0.5720425844192505,0.039990038216483136
xgboost,MLB,MLB,test,MLB,Mike Clevinger,2019,0.139603785131657,0.8434298634529114,0.4953711485250766
xgboost,MLB,MLB,test,MLB,Adam Plutko,2019,-0.516097819745902,-0.2667268216609955,0.062185894685862435
xgboost,MLB,MLB,test,MLB,Antonio Senzatela,2019,-0.516339625058038,-0.3478201925754547,0.028398799124251944
xgboost,MLB,MLB,test,MLB,Glenn Sparkman,2019,-0.510573498384032,-0.43207719922065735,0.0061616689823460104
xgboost,MLB,MLB,test,MLB,Dylan Bundy,2019,0.30700746276407703,0.03314635157585144,0.07499990822124966
xgboost,MLB,MLB,test,MLB,José Suarez,2019,-0.5174556495755871,-0.6836925745010376,0.027634715208669867
xgboost,MLB,MLB,test,MLB,Patrick Sandoval,2019,-0.517781156726539,-0.45554590225219727,0.003873226899486075
xgboost,MLB,MLB,test,MLB,Jaime Barria,2019,-0.51819966592062,-0.498392254114151,3.923335624710453e-4
xgboost,MLB,MLB,test,MLB,Tony Gonsolin,2019,-0.517734655704975,-0.42241987586021423,0.009084907256855216
xgboost,MLB,MLB,test,MLB,José Ureña,2019,0.07450235494127233,-0.39757561683654785,0.2228576114378604
xgboost,MLB,MLB,test,MLB,Pablo López,2019,-0.51606061892865,-0.4636649489402771,0.0027453062335304765
xgboost,MLB,MLB,test,MLB,Brett Anderson,2019,0.30700746276407703,0.5609564781188965,0.06449010239968232
xgboost,MLB,MLB,test,MLB,Rich Hill,2019,-0.06500070975241032,2.2830402851104736,5.513296513556681
xgboost,MLB,MLB,test,MLB,Rick Porcello,2019,1.23702789405529,0.7350834608078003,0.25194821406814355
xgboost,MLB,MLB,test,MLB,Steven Matz,2019,0.30700746276407703,0.6272179484367371,0.10253475513472081
xgboost,MLB,MLB,test,MLB,Vince Velasquez,2019,0.0466017420025358,-0.24938827753067017,0.08761009166326765
xgboost,MLB,MLB,test,MLB,Joe Musgrove,2019,-0.10220152700405902,-0.17039425671100616,0.004650248384884752
xgboost,MLB,MLB,test,MLB,Jameson Taillon,2019,-0.20450377444609302,-0.10673576593399048,0.009558583488422555
xgboost,MLB,MLB,test,MLB,Steven Brault,2019,-0.5131775555916479,-0.25364500284194946,0.067357145936775
xgboost,MLB,MLB,test,MLB,Zach Davies,2019,0.353508484328637,-0.25016090273857117,0.3644167288820988
xgboost,MLB,MLB,test,MLB,Dinelson Lamet,2019,-0.38120765639142395,-0.0597529299557209,0.10333314114785269
xgboost,MLB,MLB,test,MLB,Joey Lucchesi,2019,-0.5115407196325751,-0.11817044019699097,0.15474017674322954
xgboost,MLB,MLB,test,MLB,Justin Dunn,2019,-0.5180136618343618,-0.5233761668205261,2.8756459726637056e-5
xgboost,MLB,MLB,test,MLB,Nick Margevicius,2019,-0.51819966592062,-0.5061561465263367,1.450463594004774e-4
xgboost,MLB,MLB,test,MLB,Kevin Gausman,2019,1.0510238077970497,-0.27032917737960815,1.7459737114352651
xgboost,MLB,MLB,test,MLB,Drew Smyly,2019,0.12100337650583301,0.040748000144958496,0.006440925434825616
xgboost,MLB,MLB,test,MLB,Adam Wainwright,2019,0.30700746276407703,0.9567323327064514,0.4221424066216352
xgboost,MLB,MLB,test,MLB,Dylan Covey,2019,-0.51606061892865,-0.39064621925354004,0.015728771645868212
xgboost,MLB,MLB,test,MLB,Brendan McKay,2019,-0.51819966592062,-0.4669868052005768,0.00262275710313054
xgboost,MLB,MLB,test,MLB,Matt Shoemaker,2019,0.15820419375748207,0.29772111773490906,0.019464972076123143
xgboost,MLB,MLB,test,MLB,T.J. Zeuch,2019,-0.51819966592062,-0.5928959846496582,0.005579540031670072
xgboost,MLB,MLB,test,MLB,Luke Weaver,2020,-0.260305000323566,-0.4957607090473175,0.055439390770604106
xgboost,MLB,MLB,test,MLB,Frankie Montas,2020,-0.28820561326230204,-0.32325294613838196,0.0012283155417267522
xgboost,MLB,MLB,test,MLB,Paul Blackburn,2020,-0.5168976373168132,-0.5267961621284485,9.798079344656033e-5
xgboost,MLB,MLB,test,MLB,Max Fried,2020,0.028001333376711398,-0.16871267557144165,0.03869640131645404
xgboost,MLB,MLB,test,MLB,Huascar Ynoa,2020,-0.51503759645423,-0.4639447033405304,0.00261048372672793
xgboost,MLB,MLB,test,MLB,Kyle Wright,2020,-0.5168976373168132,-0.4999464452266693,2.873429132769551e-4
xgboost,MLB,MLB,test,MLB,Wade LeBlanc,2020,-0.49281010814637,-0.49204981327056885,5.780482981694839e-7
xgboost,MLB,MLB,test,MLB,Keegan Akin,2020,-0.5168976373168132,-0.45732492208480835,0.003548908400113537
xgboost,MLB,MLB,test,MLB,Carlos Rodón,2020,-0.06500070975241032,-0.4623267352581024,0.15786797054414986
xgboost,MLB,MLB,test,MLB,Tyler Mahle,2020,-0.213803978759005,-0.36419421434402466,0.02261722295931771
xgboost,MLB,MLB,test,MLB,Jon Gray,2020,0.49301154902232,-0.42345157265663147,0.8399046533975284
xgboost,MLB,MLB,test,MLB,Kyle Freeland,2020,0.311657564920533,-0.023230619728565216,0.1121500962175685
xgboost,MLB,MLB,test,MLB,Julio Teheran,2020,-0.06500070975241032,-0.2613966166973114,0.03857135226471024
xgboost,MLB,MLB,test,MLB,Jake Odorizzi,2020,0.8340189784944041,-0.10414574295282364,0.8801530445681544
xgboost,MLB,MLB,test,MLB,José Urquidy,2020,-0.5106292996099101,-0.39785686135292053,0.012717622830426526
xgboost,MLB,MLB,test,MLB,Brandon Bielak,2020,-0.5115965208584529,-0.5027219653129578,7.875773613007782e-5
xgboost,MLB,MLB,test,MLB,Brad Keller,2020,1.0072043797491602e-4,-0.47424209117889404,0.22500110293259645
xgboost,MLB,MLB,test,MLB,Kris Bubic,2020,-0.5168976373168132,-0.5538662672042847,0.0013666795957568523
xgboost,MLB,MLB,test,MLB,Dylan Bundy,2020,0.925471049572736,-0.30738091468811035,1.5199239657818273
xgboost,MLB,MLB,test,MLB,Dillon Peters,2020,-0.5168976373168132,0.902130126953125,2.0136397957689396
xgboost,MLB,MLB,test,MLB,Walker Buehler,2020,0.12100337650583301,-0.27835938334465027,0.1594906139553948
xgboost,MLB,MLB,test,MLB,Cole Hamels,2020,-0.4370088822688971,0.22673700749874115,0.4405586061834338
xgboost,MLB,MLB,test,MLB,Dustin May,2020,-0.5131775555916479,-0.32085153460502625,0.03698929834854643
xgboost,MLB,MLB,test,MLB,Tony Gonsolin,2020,-0.51503759645423,-0.5012317299842834,1.9060194898599375e-4
xgboost,MLB,MLB,test,MLB,Braxton Garrett,2020,-0.5168976373168132,-0.5187127590179443,3.294666789917362e-6
xgboost,MLB,MLB,test,MLB,Jordan Yamamoto,2020,-0.5168976373168132,-0.5449318885803223,7.859192439055624e-4
xgboost,MLB,MLB,test,MLB,Jordan Zimmermann,2020,-0.4370088822688971,0.338744193315506,0.6017928342786606
xgboost,MLB,MLB,test,MLB,Matt Shoemaker,2020,-0.25100479601065406,-0.20169125497341156,0.0024318253296318005
xgboost,MLB,MLB,test,MLB,Taijuan Walker,2020,0.8030184214540881,-0.25171032547950745,1.1124527296081126
xgboost,MLB,MLB,test,MLB,Asher Wojciechowski,2020,-0.4835099038334581,-0.4133203625679016,0.004926571703069257
xgboost,MLB,MLB,test,MLB,Chad Kuhl,2020,-0.226824264797082,-0.41557082533836365,0.035625264116163693
xgboost,MLB,MLB,test,MLB,Trevor Cahill,2020,-0.34400683913977503,1.1355159282684326,2.1889876192792412
xgboost,MLB,MLB,test,MLB,Justus Sheffield,2020,-0.5067604146157381,-0.47084495425224304,0.001289920293121782
xgboost,MLB,MLB,test,MLB,Justin Dunn,2020,-0.514219178474694,-0.5353650450706482,4.471476740938912e-4
xgboost,MLB,MLB,test,MLB,Kevin Gausman,2020,2.8924642617536596,-0.11701605468988419,9.056971775061132
xgboost,MLB,MLB,test,MLB,Adam Wainwright,2020,0.8650197215388071,0.8422854542732239,5.168469081029702e-4
xgboost,MLB,MLB,test,MLB,Jack Flaherty,2020,0.10240296788000901,-0.45913776755332947,0.31532799755101465
xgboost,MLB,MLB,test,MLB,Johan Oviedo,2020,-0.5168976373168132,-0.473270982503891,0.0019032850101658642
xgboost,MLB,MLB,test,MLB,Josh Fleming,2020,-0.5168976373168132,-0.5530336499214172,0.0013058114069601052
xgboost,MLB,MLB,test,MLB,Robbie Ray,2020,0.8650197215388071,0.03423735499382019,0.690199340562089
xgboost,MLB,MLB,test,MLB,Tommy Milone,2020,-0.4370088822688971,0.617462694644928,1.111910306519129
xgboost,MLB,MLB,test,MLB,Zach Davies,2021,-0.29750581757521505,0.11627025902271271,0.17121064156477417
xgboost,MLB,MLB,test,MLB,Humberto Castellanos,2021,-0.490261852164632,-0.5336254239082336,0.0018803993543624893
xgboost,MLB,MLB,test,MLB,Frankie Montas,2021,0.311657564920533,1.6787090301513672,1.868829708589771
xgboost,MLB,MLB,test,MLB,Cole Irvin,2021,-0.585444235192873,-0.4585305452346802,0.016107084698804303
xgboost,MLB,MLB,test,MLB,Max Fried,2021,0.651115022341827,0.15737251937389374,0.24378165923703965
xgboost,MLB,MLB,test,MLB,Kyle Wright,2021,-0.48909002642120497,-0.5322556495666504,0.0018632710215346134
xgboost,MLB,MLB,test,MLB,Tucker Davidson,2021,-0.49095006728378804,-0.5000864863395691,8.347415316283915e-5
xgboost,MLB,MLB,test,MLB,Jordan Lyles,2021,0.679015635280563,0.7340468764305115,0.0030284375025037857
xgboost,MLB,MLB,test,MLB,Chris Ellis,2021,-0.49281010814637,-0.7600762248039246,0.07143117711320957
xgboost,MLB,MLB,test,MLB,Zac Lowther,2021,-0.49281010814637,-0.5416763424873352,0.0023879088586661276
xgboost,MLB,MLB,test,MLB,Kutter Crawford,2021,-0.49243809997385407,-0.5054963231086731,1.705171914387228e-4
xgboost,MLB,MLB,test,MLB,Connor Seabold,2021,-0.49281010814637,-0.5076731443405151,2.2090984490846847e-4
xgboost,MLB,MLB,test,MLB,Justin Dunn,2021,-0.48909002642120497,-0.34044206142425537,0.022096217497734355
xgboost,MLB,MLB,test,MLB,Chase Anderson,2021,-0.49281010814637,-0.5070383548736572,2.0244300493255977e-4
xgboost,MLB,MLB,test,MLB,Shane Bieber,2021,0.49301154902232,0.15751907229423523,0.11255520194114449
xgboost,MLB,MLB,test,MLB,Logan Allen,2021,-0.492493901199731,-0.5464202761650085,0.0029080539168957103
xgboost,MLB,MLB,test,MLB,Spencer Turnbull,2021,-0.2835555111058461,0.033887509256601334,0.10077007117683322
xgboost,MLB,MLB,test,MLB,Casey Mize,2021,-0.49016885012150296,-0.7405003309249878,0.06266585028126549
xgboost,MLB,MLB,test,MLB,Zack Greinke,2021,1.79504015283002,1.387222409248352,0.166315311980043
xgboost,MLB,MLB,test,MLB,Brad Keller,2021,0.27445674766888406,-0.315814346075058,0.34841996410966963
xgboost,MLB,MLB,test,MLB,Brady Singer,2021,-0.4879275008820911,-0.5708937644958496,0.006883400898027673
xgboost,MLB,MLB,test,MLB,Ángel Zerpa,2021,-0.49281010814637,-0.51586151123046875,5.313671841455976e-4
xgboost,MLB,MLB,test,MLB,Cooper Criswell,2021,-0.49095006728378804,-0.5136094689369202,5.13448483277967e-4
xgboost,MLB,MLB,test,MLB,Jhonathan Díaz,2021,-0.49281010814637,-0.5141446590423584,4.5516306193351953e-4
xgboost,MLB,MLB,test,MLB,Reid Detmers,2021,-0.5700592792061951,-0.524370551109314,0.00208745987511074
xgboost,MLB,MLB,test,MLB,Andrew Heaney,2021,0.958021764667928,1.9009239673614502,0.889064563844296
xgboost,MLB,MLB,test,MLB,Julio Urías,2021,0.8650197215388071,-0.5026108026504517,1.8704132506941868
xgboost,MLB,MLB,test,MLB,Danny Duffy,2021,-0.06500070975241032,1.721693754196167,3.192277107504494
xgboost,MLB,MLB,test,MLB,Dustin May,2021,-0.48722998555862307,-0.376070111989975,0.012356517491797829
xgboost,MLB,MLB,test,MLB,Tony Gonsolin,2021,-0.48909002642120497,-0.09000620245933533,0.15926789854802856
xgboost,MLB,MLB,test,MLB,Tony Gonsolin,2021,-0.5244423350636199,-0.09000620245933533,0.18873475331216755
xgboost,MLB,MLB,test,MLB,Sandy Alcantara,2021,1.4602327975651896,-0.19185738265514374,2.729401963580454
xgboost,MLB,MLB,test,MLB,Jesús Luzardo,2021,-0.490020046852497,-0.5918385982513428,0.010367017408959399
xgboost,MLB,MLB,test,MLB,Zach Thompson,2021,-0.4918800877150791,-0.25848662853240967,0.05447250678925237
xgboost,MLB,MLB,test,MLB,Cody Poteet,2021,-0.492066091801337,-0.451005220413208,0.0016859951591524686
xgboost,MLB,MLB,test,MLB,Edward Cabrera,2021,-0.49281010814637,-0.46419113874435425,8.190454096335136e-4
xgboost,MLB,MLB,test,MLB,Chris Archer,2021,0.028001333376711398,0.38595226407051086,0.12812886878455723
xgboost,MLB,MLB,test,MLB,Bailey Ober,2021,-0.491656882811569,-0.34231868386268616,0.02230189766529611
xgboost,MLB,MLB,test,MLB,Domingo Germán,2021,-0.29750581757521505,-0.22512683272361755,0.00523871744814778
xgboost,MLB,MLB,test,MLB,Nestor Cortes,2021,-0.511813959635289,-0.5072195529937744,2.110857238759309e-5
xgboost,MLB,MLB,test,MLB,Bryse Wilson,2021,-0.490020046852497,-0.49001216888427734,6.20623832699821e-11
xgboost,MLB,MLB,test,MLB,Adrián Morejón,2021,-0.491973089758208,-0.5113457441329956,3.752997375249763e-4
xgboost,MLB,MLB,test,MLB,Robbie Ray,2021,3.6550810154124602,3.2522318363189697,0.16228746109629918
xgboost,MLB,MLB,test,MLB,Alex Wood,2021,1.7020381097009,2.449277877807617,0.5583672710401804
xgboost,MLB,MLB,test,MLB,Matthew Boyd,2021,0.34420828001572495,0.5980743765830994,0.06444799498635546
xgboost,MLB,MLB,test,MLB,Dakota Hudson,2021,-0.4277086779559851,-0.3433748483657837,0.007112194813349132
xgboost,MLB,MLB,test,MLB,Luis Patiño,2021,-0.49143367790805903,-0.5553082823753357,0.00407996509585104
xgboost,MLB,MLB,test,MLB,Shane Baz,2021,-0.492605503651486,-0.09829985350370407,0.155476945738465
xgboost,MLB,MLB,test,MLB,Spencer Howard,2021,-0.49020605093875497,-0.46567806601524353,6.016220444080043e-4
xgboost,MLB,MLB,test,MLB,Alek Manoah,2021,-0.48722998555862307,-0.18757498264312744,0.0897931207722857
xgboost,MLB,MLB,test,MLB,Aaron Sanchez,2021,-0.25100479601065406,-0.46708977222442627,0.0466927169453065
xgboost,MLB,MLB,test,MLB,Paolo Espino,2021,-0.48979684194898704,0.21345844864845276,0.4945680037532896
xgboost,MLB,MLB,test,MLB,Josiah Gray,2021,-0.49215909384446604,-0.36819377541542053,0.01536740017321465
xgboost,MLB,MLB,test,MLB,Joan Adon,2021,-0.49277290732911805,-0.1690053939819336,0.10482540269901926
xgboost,MLB,MLB,test,MLB,Tyler Gilbert,2022,-0.48909002642120497,-0.5168505311012268,7.706456200895143e-4
xgboost,MLB,MLB,test,MLB,James Kaprielian,2022,-0.48722998555862307,0.05245133489370346,0.2912559276451668
xgboost,MLB,MLB,test,MLB,Spencer Strider,2022,1.7020381097009,-0.28819915652275085,3.9610443758653915
xgboost,MLB,MLB,test,MLB,Kyle Gibson,2022,1.23702789405529,1.3102047443389893,0.005354851417442951
xgboost,MLB,MLB,test,MLB,Dean Kremer,2022,-0.48700678065511305,-0.07603330165147781,0.16889920044435142
xgboost,MLB,MLB,test,MLB,Kyle Bradish,2022,-0.4875833933225131,-0.3678801953792572,0.014328855597842303
xgboost,MLB,MLB,test,MLB,Bruce Zimmermann,2022,-0.48909002642120497,-0.2925913333892822,0.0386117363632538
xgboost,MLB,MLB,test,MLB,Spenser Watkins,2022,-0.48909002642120497,-0.3381906747817993,0.022770614325193
xgboost,MLB,MLB,test,MLB,Dean Kremer,2022,-0.5715155051975109,-0.07603330165147781,0.2455026140308326
xgboost,MLB,MLB,test,MLB,Corey Kluber,2022,1.23702789405529,2.0772392749786377,0.705955164633119
xgboost,MLB,MLB,test,MLB,Nick Pivetta,2022,0.3721088929544621,1.082483172416687,0.5046316169214753
xgboost,MLB,MLB,test,MLB,Kutter Crawford,2022,-0.48722998555862307,-0.5214987993240356,0.0011743515968885305
xgboost,MLB,MLB,test,MLB,Josh Winckowski,2022,-0.48871801824868905,-0.5134099125862122,6.096896459754059e-4
xgboost,MLB,MLB,test,MLB,Connor Seabold,2022,-0.48871801824868905,-0.5238054990768433,0.0012311313108660897
xgboost,MLB,MLB,test,MLB,Kutter Crawford,2022,-0.559212078907873,-0.5214987993240356,0.0014222914569686793
xgboost,MLB,MLB,test,MLB,Jameson Taillon,2022,2.5390564978629993,2.8448221683502197,0.09349264524849948
xgboost,MLB,MLB,test,MLB,Adrian Sampson,2022,-0.26960520463647797,-0.3885827958583832,0.014155667212966776
xgboost,MLB,MLB,test,MLB,Hayden Wesneski,2022,-0.48881102029181805,-0.6110690236091614,0.014947019375143531
xgboost,MLB,MLB,test,MLB,Javier Assad,2022,-0.5742882681113619,-0.4614354074001312,0.012735768170708435
xgboost,MLB,MLB,test,MLB,Justin Dunn,2022,-0.455609290894721,-0.2960340082645416,0.02546427082650163
xgboost,MLB,MLB,test,MLB,Graham Ashcraft,2022,-0.48862501620556004,-0.49728965759277344,7.507601036901137e-5
xgboost,MLB,MLB,test,MLB,Aaron Civale,2022,-0.13940234425570802,-0.21585069596767426,0.0058443504794764905
xgboost,MLB,MLB,test,MLB,José Ureña,2022,0.028001333376711398,-0.4501833915710449,0.22866063117336136
xgboost,MLB,MLB,test,MLB,Ryan Feltner,2022,-0.48871801824868905,-0.38145488500595093,0.011505379753049392
xgboost,MLB,MLB,test,MLB,Tyler Alexander,2022,-0.274255306792934,-0.30444782972335815,9.1158844090419e-4
xgboost,MLB,MLB,test,MLB,Alex Faedo,2022,-0.48909002642120497,-0.43619465827941895,0.002797919970855072
xgboost,MLB,MLB,test,MLB,Tarik Skubal,2022,-0.547032717343769,-0.40846681594848633,0.019200509029487205
xgboost,MLB,MLB,test,MLB,José Urquidy,2022,-0.06035060759595421,0.050932273268699646,0.012383879573536741
xgboost,MLB,MLB,test,MLB,Zack Greinke,2022,0.958021764667928,0.7693145871162415,0.035610398859523745
xgboost,MLB,MLB,test,MLB,Brad Keller,2022,0.45116062961421505,0.0874907597899437,0.13225577421800247
xgboost,MLB,MLB,test,MLB,José Suarez,2022,-0.4835099038334581,-0.504420816898346,4.372662852072973e-4
xgboost,MLB,MLB,test,MLB,Jhonathan Díaz,2022,-0.48909002642120497,-0.512111485004425,5.299875552989174e-4
xgboost,MLB,MLB,test,MLB,Chase Silseth,2022,-0.48909002642120497,-0.5053666234016418,2.6492760926356677e-4
xgboost,MLB,MLB,test,MLB,Julio Urías,2022,2.0275452606528304,-0.6098232269287109,6.955712539288147
xgboost,MLB,MLB,test,MLB,Tony Gonsolin,2022,-0.004549381718481162,0.1763969212770462,0.032741564567749196
xgboost,MLB,MLB,test,MLB,Max Meyer,2022,-0.48881102029181805,-0.5132927298545837,5.993541031156128e-4
xgboost,MLB,MLB,test,MLB,Chi Chi González,2022,-0.48909002642120497,-0.16977937519550323,0.10195929198618174
xgboost,MLB,MLB,test,MLB,Adrian Houser,2022,0.0466017420025358,-0.09326697140932083,0.019563256991488084
xgboost,MLB,MLB,test,MLB,Janson Junk,2022,-0.48909002642120497,-0.4355318546295166,0.0028684777656680037
xgboost,MLB,MLB,test,MLB,Chris Paddack,2022,0.15355409160102604,-0.21068650484085083,0.13267121209633423
xgboost,MLB,MLB,test,MLB,Joe Ryan,2022,-0.559412405308773,-0.4455247223377228,0.012970404332514444
xgboost,MLB,MLB,test,MLB,Elieser Hernández,2022,-0.325406430513951,-0.5724290013313293,0.06102015049322669
xgboost,MLB,MLB,test,MLB,Carlos Rodón,2022,4.399097360445429,3.6628506183624268,0.5420592652278353
xgboost,MLB,MLB,test,MLB,George Kirby,2022,-0.5089911616222329,-0.49214255809783936,2.838754407222066e-4
xgboost,MLB,MLB,test,MLB,Dakota Hudson,2022,-0.13010213994279501,-0.20971573889255524,0.006338325137733262
xgboost,MLB,MLB,test,MLB,Zach Eflin,2022,1.8570414529147399,-0.04685696214437485,3.624829174864609
xgboost,MLB,MLB,test,MLB,Yonny Chirinos,2022,-0.38585775854788,0.275410532951355,0.43727575334231716
xgboost,MLB,MLB,test,MLB,Cooper Criswell,2022,-0.48909002642120497,-0.3964422643184662,0.00858360782264568
xgboost,MLB,MLB,test,MLB,Glenn Otto,2022,-0.48605071965174607,-0.009184958413243294,0.22740095424157672
xgboost,MLB,MLB,test,MLB,Josiah Gray,2022,-0.48722998555862307,-0.5100299119949341,5.198366455011938e-4
xgboost,MLB,MLB,test,MLB,MacKenzie Gore,2022,-0.4884762129365531,-0.4831848442554474,2.7998582519386174e-5
xgboost,MLB,MLB,test,MLB,Joan Adon,2022,-0.48909002642120497,-0.40180715918540955,0.00761829891290149
xgboost,MLB,MLB,test,MLB,Eduardo Rodríguez,2023,3.0970687566377304,1.6111615896224976,2.207920108987235
xgboost,MLB,MLB,test,MLB,Osvaldo Bido,2023,-0.4835099038334581,-0.5539509654045105,0.004961943155256795
xgboost,MLB,MLB,test,MLB,Chris Sale,2023,2.9110646703794796,1.1571139097213745,3.0763432708131453
xgboost,MLB,MLB,test,MLB,Max Fried,2023,2.16704832534651,1.8274316787719727,0.11533946663053424
xgboost,MLB,MLB,test,MLB,Bryce Elder,2023,-0.48536994469604006,-0.48666414618492126,1.674957493822336e-6
xgboost,MLB,MLB,test,MLB,Dean Kremer,2023,-0.4822822768641541,0.21161051094532013,0.4814872009740041
xgboost,MLB,MLB,test,MLB,Kyle Bradish,2023,-0.4826728854452961,-0.27233457565307617,0.04424220456624787
xgboost,MLB,MLB,test,MLB,Grayson Rodriguez,2023,-0.4838261107800971,-0.47860458493232727,2.7264332178928165e-5
xgboost,MLB,MLB,test,MLB,Tanner Houck,2023,-0.479789822108293,-0.389789879322052,0.008099989701526656
xgboost,MLB,MLB,test,MLB,Michael Soroka,2023,-0.06500070975241032,-0.5067277550697327,0.19512278256477172
xgboost,MLB,MLB,test,MLB,Nick Lodolo,2023,-0.4816498629708761,-0.24526013433933258,0.05588010380249478
xgboost,MLB,MLB,test,MLB,Shane Bieber,2023,1.8182906636123,0.39301222562789917,2.0314186257832536
xgboost,MLB,MLB,test,MLB,Triston McKenzie,2023,-0.325406430513951,-0.46877527236938477,0.02055462481496837
xgboost,MLB,MLB,test,MLB,Tanner Bibee,2023,-0.48430972140436807,-0.5252127647399902,0.0016730589541157851
xgboost,MLB,MLB,test,MLB,Logan Allen,2023,-0.48457012712513003,-0.46250221133232117,4.8699290743850303e-4
xgboost,MLB,MLB,test,MLB,Hunter Gaddis,2023,-0.48523974183566004,-0.5654467344284058,0.006433161660772766
xgboost,MLB,MLB,test,MLB,Hunter Gaddis,2023,-0.568823468057095,-0.5654467344284058,1.1402329999121127e-5
xgboost,MLB,MLB,test,MLB,Dakota Hudson,2023,-0.34400683913977503,-0.4063016474246979,0.003880643139255292
xgboost,MLB,MLB,test,MLB,Kenta Maeda,2023,1.6090360665717802,1.1559429168701172,0.20529340230657364
xgboost,MLB,MLB,test,MLB,Jack Flaherty,2023,1.9810442390882699,0.10324249416589737,3.526139393233507
xgboost,MLB,MLB,test,MLB,Framber Valdez,2023,1.6276364751975998,2.061140298843384,0.18792556511551498
xgboost,MLB,MLB,test,MLB,Seth Lugo,2023,2.16704832534651,1.5481698513031006,0.383010565634299
xgboost,MLB,MLB,test,MLB,Jonathan Bowlan,2023,-0.48536994469604006,-0.5112204551696777,6.682488917476513e-4
xgboost,MLB,MLB,test,MLB,Chase Silseth,2023,-0.4835099038334581,-0.3586198687553406,0.015597520861813425
xgboost,MLB,MLB,test,MLB,Tyler Glasnow,2023,4.457223637401131,2.476856231689453,3.9218550616052013
xgboost,MLB,MLB,test,MLB,Dustin May,2023,-0.22589424436579103,-0.5184432864189148,0.08558494200620037
xgboost,MLB,MLB,test,MLB,Jesús Luzardo,2023,0.400009505893198,-0.19664117693901062,0.35599203732414086
xgboost,MLB,MLB,test,MLB,Ryan Weathers,2023,-0.4830262932091861,-0.4891563951969147,3.75781503799537e-5
xgboost,MLB,MLB,test,MLB,Colin Rea,2023,0.214005419634955,0.2836112678050995,0.004844974099485206
xgboost,MLB,MLB,test,MLB,Bailey Ober,2023,-0.481305755411298,-0.27714428305625916,0.04168190679417729
xgboost,MLB,MLB,test,MLB,Bailey Ober,2023,-0.5521296013154181,-0.27714428305625916,0.07561692525809094
xgboost,MLB,MLB,test,MLB,Adrian Houser,2023,0.31630766707698904,0.5856010317802429,0.0725189162731997
xgboost,MLB,MLB,test,MLB,Julio Teheran,2023,-0.15800275288153204,0.32957884669303894,0.23773581624369727
xgboost,MLB,MLB,test,MLB,Martín Pérez,2023,0.8650197215388071,0.13587260246276855,0.5316555212568868
xgboost,MLB,MLB,test,MLB,Mitch Keller,2023,0.3893142709333491,2.21427321434021,3.3304751451206864
xgboost,MLB,MLB,test,MLB,Luis Ortiz,2023,-0.4839749140491041,-0.5102294087409973,6.892984915266496e-4
xgboost,MLB,MLB,test,MLB,George Kirby,2023,-0.47447010524130706,-0.5059404373168945,9.903818009477496e-4
xgboost,MLB,MLB,test,MLB,Lance Lynn,2023,1.4230319803135398,1.7452425956726074,0.103819680650069
xgboost,MLB,MLB,test,MLB,Taj Bradley,2023,-0.484756131211388,-0.3993859589099884,0.007288066318770654
xgboost,MLB,MLB,test,MLB,Tyler Mahle,2023,1.4230319803135398,-0.2557734549045563,2.818387689317821
xgboost,MLB,MLB,test,MLB,Wes Parsons,2023,-0.4835843054679611,-0.5783951282501221,0.008989092116630333
xgboost,MLB,MLB,test,MLB,Joan Adon,2023,-0.48536994469604006,-0.5280618071556091,0.0018225951202667631
xgboost,MLB,MLB,test,MLB,JP Sears,2024,-0.479789822108293,0.8557157516479492,1.7835751375339897
xgboost,MLB,MLB,test,MLB,Luis Medina,2024,-0.480719842539584,-0.45613303780555725,6.0451096702916e-4
xgboost,MLB,MLB,test,MLB,J.T. Ginn,2024,-0.4816498629708761,-0.4450240135192871,0.0013414528480504605
xgboost,MLB,MLB,test,MLB,Brady Basso,2024,-0.4816498629708761,-0.5158516764640808,0.0011697640462239609
xgboost,MLB,MLB,test,MLB,Spencer Schwellenbach,2024,-0.479789822108293,-0.5116907954216003,0.001017672098336346
xgboost,MLB,MLB,test,MLB,Spencer Schwellenbach,2024,-0.560619943836762,-0.5116907954216003,0.0023940615646329115
xgboost,MLB,MLB,test,MLB,Charlie Morton,2024,2.16704832534651,-0.4713447690010071,6.961118120300666
xgboost,MLB,MLB,test,MLB,Albert Suárez,2024,-0.4695595973640901,0.6177506446838379,1.1822435624623235
xgboost,MLB,MLB,test,MLB,Cade Povich,2024,-0.48051523804470003,-0.34573689103126526,0.018165202823673843
xgboost,MLB,MLB,test,MLB,Chayce McDermott,2024,-0.481240653981107,-0.5190138220787048,0.0014268122281293834
xgboost,MLB,MLB,test,MLB,Cody Poteet,2024,-0.4816498629708761,-0.34233996272087097,0.019407248307666373
xgboost,MLB,MLB,test,MLB,Garrett Crochet,2024,0.08380255925418441,0.40269696712493896,0.10169364337123918
xgboost,MLB,MLB,test,MLB,Kutter Crawford,2024,-0.11150173131697101,0.9679645299911499,1.1652474093025325
xgboost,MLB,MLB,test,MLB,Justin Steele,2024,0.5953137964643539,0.23067456483840942,0.13296176924075917
xgboost,MLB,MLB,test,MLB,Jordan Wicks,2024,-0.4816498629708761,-0.5105202794075012,8.335009452241547e-4
xgboost,MLB,MLB,test,MLB,Jonathan Cannon,2024,-0.47995722578592503,-0.4003041684627533,0.006344609540928483
xgboost,MLB,MLB,test,MLB,Brandon Williamson,2024,-0.479789822108293,-0.42416030168533325,0.003094643542488498
xgboost,MLB,MLB,test,MLB,Andrew Abbott,2024,-0.526278753407247,-0.4608626365661621,0.004279268342566463
xgboost,MLB,MLB,test,MLB,Triston McKenzie,2024,-0.260305000323566,-0.3211041986942291,0.003696542522515244
xgboost,MLB,MLB,test,MLB,Kolby Allard,2024,-0.4370088822688971,-0.4876118302345276,0.0025606583428123054
xgboost,MLB,MLB,test,MLB,Gavin Williams,2024,-0.4778739800198331,-0.4362468719482422,0.0017328161264039102
xgboost,MLB,MLB,test,MLB,Logan Allen,2024,-0.47845059268723406,-0.4123423993587494,0.004370293225156304
xgboost,MLB,MLB,test,MLB,Gavin Williams,2024,-0.55838008263004,-0.4362468719482422,0.014916521151444416
xgboost,MLB,MLB,test,MLB,Bradley Blalock,2024,-0.481277854798359,-0.5190722942352295,0.001428419652347272
xgboost,MLB,MLB,test,MLB,Alex Cobb,2024,2.16704832534651,-0.42717641592025757,6.7300020082006276
xgboost,MLB,MLB,test,MLB,Framber Valdez,2024,2.72506058412124,3.9852638244628906,1.5881122069675964
xgboost,MLB,MLB,test,MLB,Alec Marsh,2024,-0.4799758261945511,-0.8391307592391968,0.1289922659303039
xgboost,MLB,MLB,test,MLB,Yusei Kikuchi,2024,3.3249237623040804,1.920756220817566,1.9716864845642823
xgboost,MLB,MLB,test,MLB,Caden Dana,2024,-0.4816498629708761,-0.5228806138038635,0.0016999748142518944
xgboost,MLB,MLB,test,MLB,Chase Silseth,2024,-0.4816498629708761,-0.46003004908561707,4.6741635243323875e-4
xgboost,MLB,MLB,test,MLB,Gavin Stone,2024,-0.4779297812457111,-0.32162177562713623,0.024432192620456438
xgboost,MLB,MLB,test,MLB,Valente Bellozo,2024,-0.47420969952054604,-0.4725961983203888,2.603386122908858e-6
xgboost,MLB,MLB,test,MLB,Ryan Weathers,2024,-0.478097184923343,-0.43007993698120117,0.0023056560999371255
xgboost,MLB,MLB,test,MLB,Robert Gasser,2024,-0.480645440905081,-0.37513816356658936,0.01113178557138139
xgboost,MLB,MLB,test,MLB,Erick Fedde,2024,-0.4816498629708761,1.9332482814788818,5.831733048066884
xgboost,MLB,MLB,test,MLB,Bailey Ober,2024,0.0373015376896236,1.7377853393554688,2.8916451597279256
xgboost,MLB,MLB,test,MLB,David Festa,2024,-0.4816498629708761,-0.5612503886222839,0.006336243683980439
xgboost,MLB,MLB,test,MLB,Zebby Matthews,2024,-0.4816498629708761,-0.5187021493911743,0.0013728719289718167
xgboost,MLB,MLB,test,MLB,Frankie Montas,2024,2.5390564978629993,0.791702151298523,3.053247212457768
xgboost,MLB,MLB,test,MLB,Christian Scott,2024,-0.48081284458271306,-0.563759982585907,0.006880227702920897
xgboost,MLB,MLB,test,MLB,Carlos Carrasco,2024,-0.34400683913977503,1.1014471054077148,2.089337105807898
xgboost,MLB,MLB,test,MLB,Paul Blackburn,2024,-0.4816498629708761,-0.022453686222434044,0.21086112874038643
xgboost,MLB,MLB,test,MLB,Will Warren,2024,-0.581364607568971,-0.4783651530742645,0.010608887626207113
xgboost,MLB,MLB,test,MLB,Jesús Luzardo,2024,0.6092641029337219,-0.29456764459609985,0.8169118278428115
xgboost,MLB,MLB,test,MLB,Bailey Falter,2024,-0.20971188886132408,-0.06628655642271042,0.020570825985126846
xgboost,MLB,MLB,test,MLB,Paul Skenes,2024,-0.46025939305117797,0.004915818106383085,0.21638797707548152
xgboost,MLB,MLB,test,MLB,Nick Pivetta,2024,1.9345432175237098,1.5184390544891357,0.1731426744947034
xgboost,MLB,MLB,test,MLB,Dylan Cease,2024,1.9345432175237098,1.6122956275939941,0.10384350921551021
xgboost,MLB,MLB,test,MLB,Logan Gilbert,2024,0.7952681891919656,2.1749355792999268,1.9034821073273127
xgboost,MLB,MLB,test,MLB,George Kirby,2024,0.176804602383306,0.3326520621776581,0.02428843072435219
xgboost,MLB,MLB,test,MLB,Bryan Woo,2024,-0.4773159677610591,-0.38283810019493103,0.008926067459842837
xgboost,MLB,MLB,test,MLB,Keaton Winn,2024,-0.4816498629708761,-0.45029330253601074,9.832338823053627e-4
xgboost,MLB,MLB,test,MLB,Kyle Harrison,2024,-0.4816498629708761,-0.6075751781463623,0.01585718500204554
xgboost,MLB,MLB,test,MLB,Taj Bradley,2024,-0.47900860494600805,-0.43964213132858276,0.0015497192450714414
xgboost,MLB,MLB,test,MLB,Joe Boyle,2024,-0.4816498629708761,-0.6525816917419434,0.02921769008702146
xgboost,MLB,MLB,test,MLB,Dane Dunning,2024,-0.12824209908021303,-0.05080988258123398,0.005995748151944764
xgboost,MLB,MLB,test,MLB,Kumar Rocker,2024,-0.48137085684148806,-0.5777686238288879,0.009292529480157042
xgboost,MLB,MLB,test,MLB,Jake Bloss,2024,-0.5999670622397439,-0.47509828209877014,0.015592212253894852
xgboost,MLB,MLB,test,MLB,MacKenzie Gore,2024,-0.08546115924081701,-0.08703681826591492,2.482701363372474e-6
xgboost,MLB,MLB,test,MLB,Jake Irvin,2024,-0.47893420331150505,1.015425443649292,2.233110754464798
xgboost,MLB,MLB,test,MLB,Mitchell Parker,2024,-0.4803106335498161,-0.6006899476051331,0.014491179252428625
xgboost,MLB,MLB,test,MLB,Brandon Pfaadt,2025,1.0510238077970497,0.29156047105789185,0.5767845598509755
xgboost,MLB,MLB,test,MLB,Zac Gallen,2025,3.4737270313106703,1.4447474479675293,4.116758149623306
xgboost,MLB,MLB,test,MLB,Michael Soroka,2025,0.772017678409685,-0.22456692159175873,0.9931808649600377
xgboost,MLB,MLB,test,MLB,Ryne Nelson,2025,-0.06500070975241032,-0.432329922914505,0.13493075084228356
xgboost,MLB,MLB,test,MLB,Martín Pérez,2025,0.028001333376711398,0.012957105413079262,2.2632879502173113e-4
xgboost,MLB,MLB,test,MLB,Carlos Carrasco,2025,-0.34400683913977503,-0.15053430199623108,0.03743162262875999
xgboost,MLB,MLB,test,MLB,Trevor Rogers,2025,0.5302123662739688,0.2147178053855896,0.09953681795015124
xgboost,MLB,MLB,test,MLB,Kyle Bradish,2025,0.0373015376896236,1.395272970199585,1.8440864115131568
xgboost,MLB,MLB,test,MLB,Johan Oviedo,2025,-0.33470663482686297,-0.22085753083229065,0.012961618480366944
xgboost,MLB,MLB,test,MLB,Davis Martin,2025,-0.47441430401543006,-0.24973806738853455,0.050479411304824744
xgboost,MLB,MLB,test,MLB,Sean Burke,2025,-0.4754745273071021,-0.34942302107810974,0.0158889822225977
xgboost,MLB,MLB,test,MLB,Michael Lorenzen,2025,0.8650197215388071,0.1309880167245865,0.5388025436724712
xgboost,MLB,MLB,test,MLB,Framber Valdez,2025,6.50714360937083,1.656423807144165,23.529482599713898
xgboost,MLB,MLB,test,MLB,Tarik Skubal,2025,5.32911779173665,3.1728708744049072,4.649400768502642
xgboost,MLB,MLB,test,MLB,Justin Verlander,2025,1.79504015283002,1.3487811088562012,0.1991471343284267
xgboost,MLB,MLB,test,MLB,Reese Olson,2025,-0.47084302555927204,-0.45200881361961365,3.547275393879709e-4
xgboost,MLB,MLB,test,MLB,Jackson Jobe,2025,-0.47712996367480015,-0.3607833683490753,0.013536530243887976
xgboost,MLB,MLB,test,MLB,Mitch Farris,2025,-0.4779297812457111,-0.5653071403503418,0.0076348028840995865
xgboost,MLB,MLB,test,MLB,Emmet Sheehan,2025,-0.472349658657963,-0.1675323247909546,0.09291360702579128
xgboost,MLB,MLB,test,MLB,Roki Sasaki,2025,-0.47420969952054604,-0.41682377457618713,0.003293144381719593
xgboost,MLB,MLB,test,MLB,Eury Pérez,2025,-0.4743027015636751,-0.4194379448890686,0.003010141524963778
xgboost,MLB,MLB,test,MLB,Chad Patrick,2025,-0.47487931423107504,-0.33635056018829346,0.019190215696645477
xgboost,MLB,MLB,test,MLB,David Festa,2025,-0.4758465354796181,-0.49140405654907227,2.4203646182651084e-4
xgboost,MLB,MLB,test,MLB,Tylor Megill,2025,-0.15800275288153204,2.422344446182251,6.65819166771631
xgboost,MLB,MLB,test,MLB,Nolan McLean,2025,-0.475790734253741,-0.529239296913147,0.002856748850356444
xgboost,MLB,MLB,test,MLB,Cam Schlittler,2025,-0.47394464369762807,-0.28834396600723267,0.034447611559134034
xgboost,MLB,MLB,test,MLB,Paul Skenes,2025,-0.42119853493694603,-0.09732206165790558,0.10489596994366901
xgboost,MLB,MLB,test,MLB,Lucas Giolito,2025,-0.06500070975241032,1.0088168382644653,1.153084126428975
xgboost,MLB,MLB,test,MLB,Walker Buehler,2025,-0.34400683913977503,0.5153033137321472,0.7384139388287664
xgboost,MLB,MLB,test,MLB,Randy Vásquez,2025,-0.4725728635614731,-0.4043029248714447,0.004660784528740237
xgboost,MLB,MLB,test,MLB,Logan Gilbert,2025,1.4094536820166896,1.4467382431030273,0.0013901384954008481
xgboost,MLB,MLB,test,MLB,George Kirby,2025,0.5953137964643539,-0.018251733854413033,0.3764626599953497
xgboost,MLB,MLB,test,MLB,Bryan Woo,2025,-0.4683319703947851,-0.4989146292209625,9.352990208783691e-4
xgboost,MLB,MLB,test,MLB,Tyler Mahle,2025,1.23702789405529,-0.0340714231133461,1.6156934741065727
xgboost,MLB,MLB,test,MLB,Blade Tidwell,2025,-0.4779297812457111,-0.5098309516906738,0.0010176846757585624
xgboost,MLB,MLB,test,MLB,Eric Lauer,2025,0.19540501100913002,0.34625667333602905,0.022756224026788768
xgboost,MLB,MLB,test,MLB,Max Scherzer,2025,-0.06500070975241032,0.9291784763336182,0.9883922540466781
xgboost,MLB,MLB,test,MLB,Patrick Corbin,2025,-0.4370088822688971,-0.030966628342866898,0.1648703119733308
xgboost,MLB,MLB,test,MLB,Bowden Francis,2025,-0.4723868594752151,-0.014863194897770882,0.20932790364837367
xgboost,MLB,MLB,test,MLB,Zack Littell,2025,0.679015635280563,2.0033886432647705,1.7539638642771378
xgboost,MLB,MLB,test,MLB,MacKenzie Gore,2025,0.418609914519023,0.30359598994255066,0.013228202846482472
xgboost,MLB,NPB,full_cross_league,NPB,久保　康友,2010,1.21548005434337,1.7037014961242676,0.23836017621461844
xgboost,MLB,NPB,full_cross_league,NPB,下柳　剛,2010,0.240523671596636,0.52260822057724,0.07957169277359076
xgboost,MLB,NPB,full_cross_league,NPB,能見　篤史,2010,-0.192790276290803,1.5240668058395386,2.9475982404611103
xgboost,MLB,NPB,full_cross_league,NPB,秋山　拓巳,2010,-0.6044385267838689,-0.5464175939559937,0.0033664286462168104
xgboost,MLB,NPB,full_cross_league,NPB,鶴　直人,2010,-0.6152713754810549,-0.542290449142456,0.005326215609239995
xgboost,MLB,NPB,full_cross_league,NPB,小嶋　達也,2010,-0.626104224178241,-0.5524613857269287,0.005423267655166075
xgboost,MLB,NPB,full_cross_league,NPB,清水　直行,2010,2.2987649240619703,0.06101920083165169,5.007505921835581
xgboost,MLB,NPB,full_cross_league,NPB,三浦　大輔,2010,1.9737794631463899,0.5762029886245728,1.9532200021368313
xgboost,MLB,NPB,full_cross_league,NPB,大家　友和,2010,0.34885215856849494,0.030788524076342583,0.1011644755863575
xgboost,MLB,NPB,full_cross_league,NPB,山本　省吾,2010,-0.06279609192457111,0.013217465952038765,0.0057780609810607194
xgboost,MLB,NPB,full_cross_league,NPB,加賀　繁,2010,-0.4636114937204521,0.26598554849624634,0.5323118440113548
xgboost,MLB,NPB,full_cross_league,NPB,田中　健二朗,2010,-0.6456033518331761,-0.49501413106918335,0.022677113410306537
xgboost,MLB,NPB,full_cross_league,NPB,杉原　洋,2010,-0.6694356189669849,-0.48855817317962646,0.03271665039455879
xgboost,MLB,NPB,full_cross_league,NPB,眞下　貴之,2010,-0.674852043315578,-0.5236942172050476,0.02284868839446135
xgboost,MLB,NPB,full_cross_league,NPB,内海　哲也,2010,0.565509132512215,0.7229353189468384,0.024783004175348792
xgboost,MLB,NPB,full_cross_league,NPB,東野　峻,2010,0.07803094113884641,-0.24108009040355682,0.10183185045205667
xgboost,MLB,NPB,full_cross_league,NPB,藤井　秀悟,2010,0.0238666976529166,0.5844671130180359,0.3142728257075443
xgboost,MLB,NPB,full_cross_league,NPB,朝井　秀樹,2010,-0.3011187632626621,-0.4837509095668793,0.03335450086368498
xgboost,MLB,NPB,full_cross_league,NPB,西村　健太朗,2010,-0.43111294762889407,-0.5045639872550964,0.00539505522216995
xgboost,MLB,NPB,full_cross_league,NPB,黄　志龍,2010,-0.6867681768824819,-0.5333608388900757,0.02353381134991637
xgboost,MLB,NPB,full_cross_league,NPB,吉見　一起,2010,0.565509132512215,0.0846376121044159,0.23123741913930837
xgboost,MLB,NPB,full_cross_league,NPB,山本昌,2010,0.34885215856849494,0.7055371999740601,0.1272242187624897
xgboost,MLB,NPB,full_cross_league,NPB,中田　賢一,2010,0.0455323950472885,0.7861213684082031,0.5484720274637735
xgboost,MLB,NPB,full_cross_league,NPB,朝倉　健太,2010,0.0374077585243991,-0.1556897908449173,0.03728666357243558
xgboost,MLB,NPB,full_cross_league,NPB,山井　大介,2010,-0.27945306586829005,0.24673502147197723,0.2768739032588088
xgboost,MLB,NPB,full_cross_league,NPB,小笠原　孝,2010,-0.3119516119598481,-0.2976410686969757,2.0479164847854263e-4
xgboost,MLB,NPB,full_cross_league,NPB,川井　雄太,2010,-0.45819506937185905,-0.13340044021606445,0.10549155112845014
xgboost,MLB,NPB,full_cross_league,NPB,山内　壮馬,2010,-0.571939980692311,-0.4237332046031952,0.02196524847872931
xgboost,MLB,NPB,full_cross_league,NPB,岩田　慎司,2010,-0.5936056780866831,-0.5045842528343201,0.007924814153962054
xgboost,MLB,NPB,full_cross_league,NPB,伊藤　準規,2010,-0.6531863459212057,-0.30269578099250793,0.12284363610403772
xgboost,MLB,NPB,full_cross_league,NPB,前田　健太,2010,0.565509132512215,0.6013064384460449,0.0012814471121202137
xgboost,MLB,NPB,full_cross_league,NPB,大竹　寛,2010,0.132195184624776,-0.3462721109390259,0.2289309529241385
xgboost,MLB,NPB,full_cross_league,NPB,齊藤　悠葵,2010,-0.5069428885091951,-0.5017992258071899,2.6457265991999122e-5
xgboost,MLB,NPB,full_cross_league,NPB,青木　高広,2010,-0.561107131995125,-0.2881496548652649,0.07450578432109808
xgboost,MLB,NPB,full_cross_league,NPB,小松　剛,2010,-0.5936056780866831,-0.4915330111980438,0.010418829325759112
xgboost,MLB,NPB,full_cross_league,NPB,今村　猛,2010,-0.626104224178241,-0.5173383355140686,0.011830018536907138
xgboost,MLB,NPB,full_cross_league,NPB,今井　啓介,2010,-0.631520648526834,-0.4039488732814789,0.051788912888322415
xgboost,MLB,NPB,full_cross_league,NPB,石川　雅規,2010,1.21548005434337,1.7742263078689575,0.3121973758288802
xgboost,MLB,NPB,full_cross_league,NPB,館山　昌平,2010,0.565509132512215,1.7160199880599976,1.3236752287332905
xgboost,MLB,NPB,full_cross_league,NPB,村中　恭兵,2010,-0.181957427593617,-0.4668934941291809,0.0811885620127593
xgboost,MLB,NPB,full_cross_league,NPB,中澤　雅人,2010,-0.474444342417637,-0.41198718547821045,0.003900896452956158
xgboost,MLB,NPB,full_cross_league,NPB,赤川　克紀,2010,-0.6564362005303619,-0.5326904058456421,0.015313021702152827
xgboost,MLB,NPB,full_cross_league,NPB,山本　斉,2010,-0.6694356189669849,-0.534475564956665,0.01821421617846845
xgboost,MLB,NPB,full_cross_league,NPB,杉内　俊哉,2010,3.0570643328649902,4.0409955978393555,0.9681207341940545
xgboost,MLB,NPB,full_cross_league,NPB,和田　毅,2010,2.8404073589212704,3.690077543258667,0.7219394221519455
xgboost,MLB,NPB,full_cross_league,NPB,大隣　憲司,2010,-0.3552830067485919,0.01228323858231306,0.13510494470665904
xgboost,MLB,NPB,full_cross_league,NPB,小椋　真介,2010,-0.4636114937204521,1.062524676322937,2.329091609514704
xgboost,MLB,NPB,full_cross_league,NPB,山田　大樹,2010,-0.6044385267838689,-0.41806861758232117,0.034733743055793145
xgboost,MLB,NPB,full_cross_league,NPB,巽　真悟,2010,-0.619604514959929,-0.4303484559059143,0.035817855888656686
xgboost,MLB,NPB,full_cross_league,NPB,岩嵜　翔,2010,-0.6434367820937389,-0.5241036415100098,0.014240398441576058
xgboost,MLB,NPB,full_cross_league,NPB,ダルビッシュ　有,2010,4.68199163744288,0.42994222044944763,18.079924244554185
xgboost,MLB,NPB,full_cross_league,NPB,武田　勝,2010,0.728001862970004,1.0935213565826416,0.133604500210839
xgboost,MLB,NPB,full_cross_league,NPB,八木　智哉,2010,-0.21445597368517402,-0.3891603350639343,0.030521613884760476
xgboost,MLB,NPB,full_cross_league,NPB,増井　浩俊,2010,-0.561107131995125,-0.25873902440071106,0.09142647249022706
xgboost,MLB,NPB,full_cross_league,NPB,糸数　敬作,2010,-0.571939980692311,-0.3541133403778076,0.04744844523070403
xgboost,MLB,NPB,full_cross_league,NPB,矢貫　俊之,2010,-0.6152713754810549,-0.4518093168735504,0.02671984460420324
xgboost,MLB,NPB,full_cross_league,NPB,吉川　光夫,2010,-0.6206877998296478,-0.5178984999656677,0.010565640166527222
xgboost,MLB,NPB,full_cross_league,NPB,多田野　数人,2010,-0.6477699215726129,-0.15029168128967285,0.24748459955501068
xgboost,MLB,NPB,full_cross_league,NPB,中村　勝,2010,-0.6477699215726129,-0.4385318160057068,0.04378058482122776
xgboost,MLB,NPB,full_cross_league,NPB,ダース　ローマシュ匡,2010,-0.678101897924734,-0.5104023814201355,0.028123127835876095
xgboost,MLB,NPB,full_cross_league,NPB,木佐貫　洋,2010,-0.084461789318943,0.47105124592781067,0.308594732329061
xgboost,MLB,NPB,full_cross_league,NPB,近藤　一樹,2010,-0.20362312498798898,0.3714803457260132,0.3307440020272911
xgboost,MLB,NPB,full_cross_league,NPB,長谷川　昌幸,2010,-0.38778155284015,-0.4288015365600586,0.0016826390643815679
xgboost,MLB,NPB,full_cross_league,NPB,中山　慎也,2010,-0.5177757372063811,0.04181620478630066,0.31314314154314093
xgboost,MLB,NPB,full_cross_league,NPB,伊原　正樹,2010,-0.6152713754810549,-0.4010714292526245,0.04588161696426248
xgboost,MLB,NPB,full_cross_league,NPB,山田　修義,2010,-0.6759353281852959,-0.49914705753326416,0.031254092640136025
xgboost,MLB,NPB,full_cross_league,NPB,岩隈　久志,2010,2.51542189800569,2.0406954288482666,0.22536522051867422
xgboost,MLB,NPB,full_cross_league,NPB,田中　将大,2010,1.43213702828709,0.07239799201488495,1.848890246762465
xgboost,MLB,NPB,full_cross_league,NPB,永井　怜,2010,0.0563652437444745,1.13538658618927,1.1642870574513684
xgboost,MLB,NPB,full_cross_league,NPB,川井　貴志,2010,-0.5177757372063811,-0.6856176853179932,0.02817091954590106
xgboost,MLB,NPB,full_cross_league,NPB,長谷部　康平,2010,-0.528608585903567,-0.4765693247318268,0.0027080847033005852
xgboost,MLB,NPB,full_cross_league,NPB,藤原　紘通,2010,-0.5394414346007531,-0.5160995721817017,5.448425411899264e-4
xgboost,MLB,NPB,full_cross_league,NPB,戸村　健次,2010,-0.571939980692311,-0.52057647705078125,0.00263820950633344
xgboost,MLB,NPB,full_cross_league,NPB,井坂　亮平,2010,-0.5881892537380901,-0.43964508175849915,0.02206537102910228
xgboost,MLB,NPB,full_cross_league,NPB,菊池　保則,2010,-0.6607693400092358,-0.49815553426742554,0.02644324981783521
xgboost,MLB,NPB,full_cross_league,NPB,涌井　秀章,2010,2.00627800923795,0.2969352900981903,2.9218525314761075
xgboost,MLB,NPB,full_cross_league,NPB,石井　一久,2010,1.32380854131523,1.566819429397583,0.059054291726573865
xgboost,MLB,NPB,full_cross_league,NPB,岸　孝之,2010,0.565509132512215,-0.4531371295452118,1.0376402072035678
xgboost,MLB,NPB,full_cross_league,NPB,帆足　和幸,2010,0.45718064554035504,0.7064468860626221,0.06213365866410468
xgboost,MLB,NPB,full_cross_league,NPB,西口　文也,2010,-0.084461789318943,0.04302852228283882,0.016253779552319422
xgboost,MLB,NPB,full_cross_league,NPB,平野　将光,2010,-0.561107131995125,-0.28848621249198914,0.07432216575073526
xgboost,MLB,NPB,full_cross_league,NPB,渡辺　俊介,2010,0.7821661064559338,0.5080702900886536,0.07512851655004579
xgboost,MLB,NPB,full_cross_league,NPB,成瀬　善久,2010,0.6738376194840741,0.6034156680107117,0.004959251249316607
xgboost,MLB,NPB,full_cross_league,NPB,唐川　侑己,2010,-0.36069943109718494,-0.35780057311058044,8.40337762650068e-6
xgboost,MLB,NPB,full_cross_league,NPB,吉見　祐治,2010,-0.37694870414296405,-0.0024342513643205166,0.14026107534008683
xgboost,MLB,NPB,full_cross_league,NPB,大嶺　祐太,2010,-0.5069428885091951,-0.44697415828704834,0.0035962486044566195
xgboost,MLB,NPB,full_cross_league,NPB,香月　良仁,2010,-0.626104224178241,-0.5257493257522583,0.010071105638089297
xgboost,MLB,NPB,full_cross_league,NPB,久保　康友,2011,0.7821661064559338,0.4200500547885895,0.13112803487514677
xgboost,MLB,NPB,full_cross_league,NPB,能見　篤史,2011,0.34885215856849494,2.60770583152771,5.1024199158413355
xgboost,MLB,NPB,full_cross_league,NPB,安藤　優也,2011,-0.10612748671331501,0.40808355808258057,0.2644129985900866
xgboost,MLB,NPB,full_cross_league,NPB,岩田　稔,2011,-0.138626032804873,0.9232681393623352,1.1276192328826804
xgboost,MLB,NPB,full_cross_league,NPB,鄭　凱文,2011,-0.582772829389497,-0.4708833694458008,0.01251925124649201
xgboost,MLB,NPB,full_cross_league,NPB,秋山　拓巳,2011,-0.6152713754810549,-0.5372307896614075,0.00609033303507376
xgboost,MLB,NPB,full_cross_league,NPB,鶴　直人,2011,-0.626104224178241,-0.413302481174469,0.04528458182544341
xgboost,MLB,NPB,full_cross_league,NPB,蕭　一傑,2011,-0.626104224178241,-0.3666671812534332,0.06730757924156854
xgboost,MLB,NPB,full_cross_league,NPB,清原　大貴,2011,-0.664019194618392,-0.5090084075927734,0.02402834409430167
xgboost,MLB,NPB,full_cross_league,NPB,三浦　大輔,2011,0.890494593427793,0.47662851214408875,0.1712851332371297
xgboost,MLB,NPB,full_cross_league,NPB,山本　省吾,2011,-0.084461789318943,-0.516102135181427,0.18631338817628482
xgboost,MLB,NPB,full_cross_league,NPB,清水　直行,2011,-0.192790276290803,-0.2725317180156708,0.006358697528360483
xgboost,MLB,NPB,full_cross_league,NPB,高崎　健太郎,2011,-0.3011187632626621,0.5319628119468689,0.6940249109535935
xgboost,MLB,NPB,full_cross_league,NPB,須田　幸太,2011,-0.5502742832979389,-0.3124540448188782,0.056558465830237326
xgboost,MLB,NPB,full_cross_league,NPB,加賀美　希昇,2011,-0.6152713754810549,-0.43375077843666077,0.03294972715135332
xgboost,MLB,NPB,full_cross_league,NPB,小林　寛,2011,-0.626104224178241,-0.5371313095092773,0.007916179544690682
xgboost,MLB,NPB,full_cross_league,NPB,国吉　佑樹,2011,-0.626104224178241,-0.5672764778137207,0.0034607037423283267
xgboost,MLB,NPB,full_cross_league,NPB,田中　健二朗,2011,-0.6586027702697991,-0.551902174949646,0.011385017041675074
xgboost,MLB,NPB,full_cross_league,NPB,眞下　貴之,2011,-0.664019194618392,-0.4145013093948364,0.062259175046435446
xgboost,MLB,NPB,full_cross_league,NPB,杉内　俊哉,2011,3.0570643328649902,3.2081167697906494,0.02281683870118024
xgboost,MLB,NPB,full_cross_league,NPB,内海　哲也,2011,1.6487940022308099,1.9582217931747437,0.0957455578084428
xgboost,MLB,NPB,full_cross_league,NPB,東野　峻,2011,-0.0302975458330132,-0.07833550870418549,0.0023076458768121273
xgboost,MLB,NPB,full_cross_league,NPB,澤村　拓一,2011,-0.171124578896431,0.01324774045497179,0.03399315214301566
xgboost,MLB,NPB,full_cross_league,NPB,小野　淳平,2011,-0.571939980692311,-0.3826568126678467,0.03582811769737759
xgboost,MLB,NPB,full_cross_league,NPB,小山　雄輝,2011,-0.6456033518331761,-0.3670196235179901,0.07760889368198935
xgboost,MLB,NPB,full_cross_league,NPB,吉見　一起,2011,1.8654509761745302,0.9588683247566223,0.8218921038519238
xgboost,MLB,NPB,full_cross_league,NPB,中田　賢一,2011,-0.084461789318943,-0.08690603077411652,5.974316291188717e-6
xgboost,MLB,NPB,full_cross_league,NPB,朝倉　健太,2011,-0.116960335410501,-0.5617703795433044,0.19785597536142654
xgboost,MLB,NPB,full_cross_league,NPB,山井　大介,2011,-0.34445015805140594,-0.12145034223794937,0.04972891785283556
xgboost,MLB,NPB,full_cross_league,NPB,小笠原　孝,2011,-0.409447250234522,1.0875458717346191,2.240988407222916
xgboost,MLB,NPB,full_cross_league,NPB,山内　壮馬,2011,-0.5394414346007531,-0.5393707156181335,5.0011745027465405e-9
xgboost,MLB,NPB,full_cross_league,NPB,大野　雄大,2011,-0.5881892537380901,-0.5303459167480469,0.003345851634143698
xgboost,MLB,NPB,full_cross_league,NPB,岩田　慎司,2011,-0.6044385267838689,-0.5054962635040283,0.009789571462937288
xgboost,MLB,NPB,full_cross_league,NPB,伊藤　準規,2011,-0.636937072875427,-0.4235433340072632,0.04553688778813409
xgboost,MLB,NPB,full_cross_league,NPB,前田　健太,2011,0.890494593427793,0.8250358700752258,0.004284844462947926
xgboost,MLB,NPB,full_cross_league,NPB,大竹　寛,2011,-0.0302975458330132,-0.3730151951313019,0.11745538714054479
xgboost,MLB,NPB,full_cross_league,NPB,福井　優也,2011,-0.44194579632608,-0.3177284896373749,0.015429939280995826
xgboost,MLB,NPB,full_cross_league,NPB,篠田　純平,2011,-0.474444342417637,-0.08068524301052094,0.15504622836590312
xgboost,MLB,NPB,full_cross_league,NPB,中村　恭平,2011,-0.626104224178241,-0.322453111410141,0.09220399828530537
xgboost,MLB,NPB,full_cross_league,NPB,中田　廉,2011,-0.6477699215726129,-0.4938112795352936,0.023703263457975438
xgboost,MLB,NPB,full_cross_league,NPB,石川　雅規,2011,1.43213702828709,1.8639576435089111,0.1864690437305521
xgboost,MLB,NPB,full_cross_league,NPB,館山　昌平,2011,1.32380854131523,2.4029381275177,1.1645206638175145
xgboost,MLB,NPB,full_cross_league,NPB,村中　恭兵,2011,-0.24695451977673202,-0.30618610978126526,0.0035083812544651214
xgboost,MLB,NPB,full_cross_league,NPB,増渕　竜義,2011,-0.29028591456547603,-0.12670375406742096,0.02675912323321145
xgboost,MLB,NPB,full_cross_league,NPB,赤川　克紀,2011,-0.5069428885091951,-0.44789326190948486,0.003486858401565208
xgboost,MLB,NPB,full_cross_league,NPB,中澤　雅人,2011,-0.5340250102521601,-0.1816069334745407,0.12419850083963603
xgboost,MLB,NPB,full_cross_league,NPB,七條　祐樹,2011,-0.561107131995125,-0.24289840459823608,0.10125679419154754
xgboost,MLB,NPB,full_cross_league,NPB,山本　斉,2011,-0.626104224178241,-0.5075094103813171,0.014064729859527034
xgboost,MLB,NPB,full_cross_league,NPB,山岸　穣,2011,-0.631520648526834,-0.6252931356430054,3.878191671825136e-5
xgboost,MLB,NPB,full_cross_league,NPB,攝津　正,2011,1.32380854131523,3.0259292125701904,2.897214779513437
xgboost,MLB,NPB,full_cross_league,NPB,帆足　和幸,2011,0.45718064554035504,0.507680356502533,0.002550220807263513
xgboost,MLB,NPB,full_cross_league,NPB,山田　大樹,2011,-0.409447250234522,-0.3947523832321167,2.159391162183801e-4
xgboost,MLB,NPB,full_cross_league,NPB,岩嵜　翔,2011,-0.5394414346007531,-0.6993526816368103,0.025571606928626908
xgboost,MLB,NPB,full_cross_league,NPB,武田　勝,2011,1.1071515673715102,1.3628370761871338,0.06537507941830432
xgboost,MLB,NPB,full_cross_league,NPB,斎藤　佑樹,2011,-0.409447250234522,-0.2862892746925354,0.01516788693960057
xgboost,MLB,NPB,full_cross_league,NPB,八木　智哉,2011,-0.474444342417637,-0.016658596694469452,0.20956778898731662
xgboost,MLB,NPB,full_cross_league,NPB,糸数　敬作,2011,-0.582772829389497,-0.09733165055513382,0.2356531381080962
xgboost,MLB,NPB,full_cross_league,NPB,吉川　光夫,2011,-0.6152713754810549,-0.5261138677597046,0.007949061183082645
xgboost,MLB,NPB,full_cross_league,NPB,矢貫　俊之,2011,-0.626104224178241,-0.5544854998588562,0.005129241673136034
xgboost,MLB,NPB,full_cross_league,NPB,中村　勝,2011,-0.6499364913120499,-0.36822670698165894,0.07936040258747538
xgboost,MLB,NPB,full_cross_league,NPB,大塚　豊,2011,-0.6499364913120499,-0.500181257724762,0.02242662998678317
xgboost,MLB,NPB,full_cross_league,NPB,寺原　隼人,2011,0.186359428110706,0.7916315197944641,0.3663543049712318
xgboost,MLB,NPB,full_cross_league,NPB,木佐貫　洋,2011,-0.192790276290803,0.02525322325527668,0.047542967694301254
xgboost,MLB,NPB,full_cross_league,NPB,中山　慎也,2011,-0.3011187632626621,0.5256190896034241,0.6834954773616265
xgboost,MLB,NPB,full_cross_league,NPB,近藤　一樹,2011,-0.3011187632626621,-0.2228374034166336,0.006127971299343406
xgboost,MLB,NPB,full_cross_league,NPB,西　勇輝,2011,-0.409447250234522,-0.3269011676311493,0.0068138557531628305
xgboost,MLB,NPB,full_cross_league,NPB,田中　将大,2011,2.73207887194941,1.5518430471420288,1.3929566021587594
xgboost,MLB,NPB,full_cross_league,NPB,永井　怜,2011,-0.04113039453019911,-0.2324824184179306,0.03661559704593096
xgboost,MLB,NPB,full_cross_league,NPB,川島　亮,2011,-0.34445015805140594,0.012191781774163246,0.1271934732425449
xgboost,MLB,NPB,full_cross_league,NPB,塩見　貴洋,2011,-0.38778155284015,-0.3906787037849426,8.393483596912933e-6
xgboost,MLB,NPB,full_cross_league,NPB,川井　貴志,2011,-0.5177757372063811,0.04314985126256943,0.3146375157992385
xgboost,MLB,NPB,full_cross_league,NPB,長谷部　康平,2011,-0.5502742832979389,-0.3766396939754486,0.03014897060918987
xgboost,MLB,NPB,full_cross_league,NPB,井坂　亮平,2011,-0.5556907076465322,-0.201606884598732,0.12537535374414585
xgboost,MLB,NPB,full_cross_league,NPB,下柳　剛,2011,-0.571939980692311,0.18654772639274597,0.5753036017991472
xgboost,MLB,NPB,full_cross_league,NPB,戸村　健次,2011,-0.5816895445197791,-0.295677125453949,0.081803103859888
xgboost,MLB,NPB,full_cross_league,NPB,藤原　紘通,2011,-0.5936056780866831,-0.5428903698921204,0.00257204248526948
xgboost,MLB,NPB,full_cross_league,NPB,菊池　保則,2011,-0.6672690492275478,-0.5152321457862854,0.023115220008007753
xgboost,MLB,NPB,full_cross_league,NPB,涌井　秀章,2011,1.54046551525895,0.2805156707763672,1.5874736106116845
xgboost,MLB,NPB,full_cross_league,NPB,石井　一久,2011,1.1071515673715102,0.4785010814666748,0.39520143342838565
xgboost,MLB,NPB,full_cross_league,NPB,岸　孝之,2011,0.45718064554035504,0.11604256182909012,0.11637519215819399
xgboost,MLB,NPB,full_cross_league,NPB,西口　文也,2011,0.34885215856849494,1.019677758216858,0.4500069851435858
xgboost,MLB,NPB,full_cross_league,NPB,菊池　雄星,2011,-0.5177757372063811,-0.5420370101928711,5.886093669249867e-4
xgboost,MLB,NPB,full_cross_league,NPB,成瀬　善久,2011,0.6738376194840741,1.1205940246582031,0.19959128556411057
xgboost,MLB,NPB,full_cross_league,NPB,渡辺　俊介,2011,0.6305062246953299,0.7685539722442627,0.01905718060333388
xgboost,MLB,NPB,full_cross_league,NPB,小野　晋吾,2011,0.132195184624776,-0.7396453022956848,0.7601058346337062
xgboost,MLB,NPB,full_cross_league,NPB,唐川　侑己,2011,-0.14404245715346606,-0.045162133872509,0.009777318332146578
xgboost,MLB,NPB,full_cross_league,NPB,大嶺　祐太,2011,-0.5502742832979389,-0.5319432616233826,3.3602635563305497e-4
xgboost,MLB,NPB,full_cross_league,NPB,上野　大樹,2011,-0.5502742832979389,-0.15950267016887665,0.15270245362748952
xgboost,MLB,NPB,full_cross_league,NPB,小林　敦,2011,-0.571939980692311,-0.4770444333553314,0.009005164904384933
xgboost,MLB,NPB,full_cross_league,NPB,光原　逸裕,2011,-0.636937072875427,-0.5678432583808899,0.004773955201405507
xgboost,MLB,NPB,full_cross_league,NPB,阿部　和成,2011,-0.674852043315578,-0.5065226554870605,0.028334782806723448
xgboost,MLB,NPB,full_cross_league,NPB,久保　康友,2012,0.565509132512215,-0.4397168457508087,1.010479267374853
xgboost,MLB,NPB,full_cross_league,NPB,能見　篤史,2012,0.565509132512215,2.5458335876464844,3.9216849476028406
xgboost,MLB,NPB,full_cross_league,NPB,岩田　稔,2012,-0.10612748671331501,0.8939782977104187,1.0002115800378117
xgboost,MLB,NPB,full_cross_league,NPB,安藤　優也,2012,-0.192790276290803,-0.44007936120033264,0.06115189151539256
xgboost,MLB,NPB,full_cross_league,NPB,二神　一人,2012,-0.626104224178241,-0.5102575421333313,0.013420453740814395
xgboost,MLB,NPB,full_cross_league,NPB,秋山　拓巳,2012,-0.626104224178241,-0.4956943988800049,0.017006722534316454
xgboost,MLB,NPB,full_cross_league,NPB,岩本　輝,2012,-0.6477699215726129,-0.5170115232467651,0.017097758732741074
xgboost,MLB,NPB,full_cross_league,NPB,歳内　宏明,2012,-0.6531863459212057,-0.5040835738182068,0.022231636648798837
xgboost,MLB,NPB,full_cross_league,NPB,伊藤　和雄,2012,-0.6531863459212057,-0.5106042623519897,0.020329650554938888
xgboost,MLB,NPB,full_cross_league,NPB,三浦　大輔,2012,1.21548005434337,0.5600568652153015,0.4295795568468077
xgboost,MLB,NPB,full_cross_league,NPB,高崎　健太郎,2012,-0.138626032804873,0.33589115738868713,0.22516656378919134
xgboost,MLB,NPB,full_cross_league,NPB,藤井　秀悟,2012,-0.33361730935422,-0.10711366683244705,0.05130390007563112
xgboost,MLB,NPB,full_cross_league,NPB,国吉　佑樹,2012,-0.5394414346007531,-0.38401415944099426,0.024157637863587392
xgboost,MLB,NPB,full_cross_league,NPB,加賀美　希昇,2012,-0.582772829389497,-0.4687480032444,0.0130016609774196
xgboost,MLB,NPB,full_cross_league,NPB,須田　幸太,2012,-0.5936056780866831,-0.49263888597488403,0.010194293109347245
xgboost,MLB,NPB,full_cross_league,NPB,王　溢正,2012,-0.626104224178241,-0.4080672562122345,0.04754011939980933
xgboost,MLB,NPB,full_cross_league,NPB,杉内　俊哉,2012,4.68199163744288,2.105400800704956,6.638820339961834
xgboost,MLB,NPB,full_cross_league,NPB,内海　哲也,2012,3.59870676772428,1.9198496341705322,2.8185612748843067
xgboost,MLB,NPB,full_cross_league,NPB,澤村　拓一,2012,-0.0302975458330132,-0.16921818256378174,0.019298943309682157
xgboost,MLB,NPB,full_cross_league,NPB,小山　雄輝,2012,-0.5394414346007531,-0.38653692603111267,0.02337978874092325
xgboost,MLB,NPB,full_cross_league,NPB,宮國　椋丞,2012,-0.561107131995125,-0.49040186405181885,0.004999234914934711
xgboost,MLB,NPB,full_cross_league,NPB,笠原　将生,2012,-0.6434367820937389,-0.5129585266113281,0.017024575153733255
xgboost,MLB,NPB,full_cross_league,NPB,吉見　一起,2012,2.40709341103383,1.0108873844146729,1.949391268767654
xgboost,MLB,NPB,full_cross_league,NPB,中田　賢一,2012,0.0238666976529166,-0.16805562376976013,0.03683417746026924
xgboost,MLB,NPB,full_cross_league,NPB,川上　憲伸,2012,-0.084461789318943,-0.28899523615837097,0.04183393087601711
xgboost,MLB,NPB,full_cross_league,NPB,山本昌,2012,-0.084461789318943,0.5235271453857422,0.3696505447233379
xgboost,MLB,NPB,full_cross_league,NPB,山内　壮馬,2012,-0.27945306586829005,-0.018957793712615967,0.0678577868154587
xgboost,MLB,NPB,full_cross_league,NPB,岩田　慎司,2012,-0.43111294762889407,-0.5951633453369141,0.02691253298815953
xgboost,MLB,NPB,full_cross_league,NPB,大野　雄大,2012,-0.544857858949346,-0.20295490324497223,0.11689763111938699
xgboost,MLB,NPB,full_cross_league,NPB,伊藤　準規,2012,-0.626104224178241,-0.4015907347202301,0.05040630694861235
xgboost,MLB,NPB,full_cross_league,NPB,小川　龍也,2012,-0.674852043315578,-0.475504994392395,0.03973924591438192
xgboost,MLB,NPB,full_cross_league,NPB,前田　健太,2012,1.54046551525895,-0.5264398455619812,4.272097770590303
xgboost,MLB,NPB,full_cross_league,NPB,大竹　寛,2012,0.34885215856849494,0.31523314118385315,0.001130238329908847
xgboost,MLB,NPB,full_cross_league,NPB,野村　祐輔,2012,-0.3011187632626621,-0.14020903408527374,0.025891940943940473
xgboost,MLB,NPB,full_cross_league,NPB,福井　優也,2012,-0.474444342417637,-0.5057611465454102,9.807422207773098e-4
xgboost,MLB,NPB,full_cross_league,NPB,篠田　純平,2012,-0.528608585903567,-0.4814147353172302,0.0022272595331654767
xgboost,MLB,NPB,full_cross_league,NPB,今井　啓介,2012,-0.5394414346007531,-0.38582685589790344,0.023597438790053996
xgboost,MLB,NPB,full_cross_league,NPB,齊藤　悠葵,2012,-0.571939980692311,-0.4855342209339142,0.007465955319425787
xgboost,MLB,NPB,full_cross_league,NPB,戸田　隆矢,2012,-0.674852043315578,-0.5393005609512329,0.018374204371171363
xgboost,MLB,NPB,full_cross_league,NPB,石川　雅規,2012,1.43213702828709,0.4588954448699951,0.947199179692214
xgboost,MLB,NPB,full_cross_league,NPB,館山　昌平,2012,1.32380854131523,0.901238739490509,0.178565237414184
xgboost,MLB,NPB,full_cross_league,NPB,村中　恭兵,2012,-0.0302975458330132,0.10943225771188736,0.019524417998696503
xgboost,MLB,NPB,full_cross_league,NPB,赤川　克紀,2012,-0.3011187632626621,-0.05046731233596802,0.06282614985165695
xgboost,MLB,NPB,full_cross_league,NPB,中澤　雅人,2012,-0.5556907076465322,-0.15952561795711517,0.1569467782886238
xgboost,MLB,NPB,full_cross_league,NPB,七條　祐樹,2012,-0.571939980692311,-0.3881293535232544,0.03378634666028193
xgboost,MLB,NPB,full_cross_league,NPB,八木　亮祐,2012,-0.6586027702697991,-0.5276123285293579,0.017158495827355912
xgboost,MLB,NPB,full_cross_league,NPB,攝津　正,2012,2.40709341103383,2.3115241527557373,0.009133483127824749
xgboost,MLB,NPB,full_cross_league,NPB,帆足　和幸,2012,0.45718064554035504,-0.32727310061454773,0.6153676798564607
xgboost,MLB,NPB,full_cross_league,NPB,寺原　隼人,2012,0.186359428110706,0.29973334074020386,0.012853644064921016
xgboost,MLB,NPB,full_cross_league,NPB,大隣　憲司,2012,-0.0519632432273851,1.6877357959747314,3.0265527470007676
xgboost,MLB,NPB,full_cross_league,NPB,山本　省吾,2012,-0.138626032804873,-0.543491542339325,0.1639160808105914
xgboost,MLB,NPB,full_cross_league,NPB,新垣　渚,2012,-0.27945306586829005,-0.047884173691272736,0.05362415182409107
xgboost,MLB,NPB,full_cross_league,NPB,山田　大樹,2012,-0.3011187632626621,-0.3539339601993561,0.002789445027461766
xgboost,MLB,NPB,full_cross_league,NPB,陽　耀勲,2012,-0.3552830067485919,1.6254199743270874,3.9231842992420827
xgboost,MLB,NPB,full_cross_league,NPB,岩嵜　翔,2012,-0.43111294762889407,-0.3882271945476532,0.0018391878173451611
xgboost,MLB,NPB,full_cross_league,NPB,武田　翔太,2012,-0.5177757372063811,-0.4079635739326477,0.012058711202857092
xgboost,MLB,NPB,full_cross_league,NPB,大場　翔太,2012,-0.561107131995125,-0.32219627499580383,0.05707839759215007
xgboost,MLB,NPB,full_cross_league,NPB,千賀　滉大,2012,-0.664019194618392,-0.5078732371330261,0.024381560039021682
xgboost,MLB,NPB,full_cross_league,NPB,武田　勝,2012,1.43213702828709,1.3244353532791138,0.011599650799523731
xgboost,MLB,NPB,full_cross_league,NPB,吉川　光夫,2012,0.0238666976529166,0.28992754220962524,0.07078837300622907
xgboost,MLB,NPB,full_cross_league,NPB,木佐貫　洋,2012,-0.06279609192457111,-0.1037074401974678,0.0016737384175062472
xgboost,MLB,NPB,full_cross_league,NPB,多田野　数人,2012,-0.32278446065703403,-0.41988763213157654,0.009429025910414406
xgboost,MLB,NPB,full_cross_league,NPB,斎藤　佑樹,2012,-0.3552830067485919,-0.17593739926815033,0.03216484692252863
xgboost,MLB,NPB,full_cross_league,NPB,中村　勝,2012,-0.5881892537380901,-0.47353342175483704,0.013145959807771947
xgboost,MLB,NPB,full_cross_league,NPB,井川　慶,2012,0.34885215856849494,-0.6127641201019287,0.9247058674039539
xgboost,MLB,NPB,full_cross_league,NPB,東野　峻,2012,-0.0302975458330132,-0.6447736024856567,0.3775808241993827
xgboost,MLB,NPB,full_cross_league,NPB,西　勇輝,2012,-0.23612167107954596,-0.5070847868919373,0.07342101013075938
xgboost,MLB,NPB,full_cross_league,NPB,近藤　一樹,2012,-0.398614401537336,-0.2430659383535385,0.024195324398841207
xgboost,MLB,NPB,full_cross_league,NPB,八木　智哉,2012,-0.474444342417637,0.21788129210472107,0.4793147842167857
xgboost,MLB,NPB,full_cross_league,NPB,前田　祐二,2012,-0.6044385267838689,-0.2537785768508911,0.12296240048699848
xgboost,MLB,NPB,full_cross_league,NPB,田中　将大,2012,3.59870676772428,0.1830236166715622,11.666891388385425
xgboost,MLB,NPB,full_cross_league,NPB,永井　怜,2012,-0.20362312498798898,-0.3756999671459198,0.029610439607045437
xgboost,MLB,NPB,full_cross_league,NPB,美馬　学,2012,-0.398614401537336,-0.22765952348709106,0.029225570329174125
xgboost,MLB,NPB,full_cross_league,NPB,塩見　貴洋,2012,-0.42028009893170803,-0.31909406185150146,0.01023861409999694
xgboost,MLB,NPB,full_cross_league,NPB,辛島　航,2012,-0.496110039812009,-0.3251064717769623,0.02924222028071686
xgboost,MLB,NPB,full_cross_league,NPB,川井　貴志,2012,-0.5177757372063811,-0.6871687769889832,0.028694001926790186
xgboost,MLB,NPB,full_cross_league,NPB,釜田　佳直,2012,-0.5177757372063811,-0.4378553628921509,0.0063872662305266776
xgboost,MLB,NPB,full_cross_league,NPB,上園　啓史,2012,-0.571939980692311,-0.19324490427970886,0.14340996089914657
xgboost,MLB,NPB,full_cross_league,NPB,戸村　健次,2012,-0.571939980692311,-0.3161340355873108,0.06543668155106239
xgboost,MLB,NPB,full_cross_league,NPB,菊池　保則,2012,-0.6564362005303619,-0.37682726979255676,0.0781811541483387
xgboost,MLB,NPB,full_cross_league,NPB,石井　一久,2012,1.32380854131523,0.6092144846916199,0.5106446657617875
xgboost,MLB,NPB,full_cross_league,NPB,岸　孝之,2012,0.890494593427793,2.909266471862793,4.075439897159979
xgboost,MLB,NPB,full_cross_league,NPB,西口　文也,2012,0.0238666976529166,0.41536328196525574,0.15326957552822845
xgboost,MLB,NPB,full_cross_league,NPB,牧田　和久,2012,-0.008631848438641248,1.0623714923858643,1.1470481560572519
xgboost,MLB,NPB,full_cross_league,NPB,野上　亮磨,2012,-0.43111294762889407,-0.10799240320920944,0.10440688622607339
xgboost,MLB,NPB,full_cross_league,NPB,菊池　雄星,2012,-0.4852771911148231,-0.5618681907653809,0.00586618122747174
xgboost,MLB,NPB,full_cross_league,NPB,平野　将光,2012,-0.6152713754810549,-0.45621395111083984,0.02529926424728669
xgboost,MLB,NPB,full_cross_league,NPB,岡本　洋介,2012,-0.6477699215726129,-0.03107934631407261,0.3803072656127094
xgboost,MLB,NPB,full_cross_league,NPB,山本　淳,2012,-0.6586027702697991,-0.4323400557041168,0.0511948160026314
xgboost,MLB,NPB,full_cross_league,NPB,成瀬　善久,2012,0.998823080399653,0.5648175477981567,0.1883608023287084
xgboost,MLB,NPB,full_cross_league,NPB,小野　晋吾,2012,0.132195184624776,0.6860001683235168,0.3066999599695626
xgboost,MLB,NPB,full_cross_league,NPB,渡辺　俊介,2012,0.132195184624776,-0.404696524143219,0.28825270694381755
xgboost,MLB,NPB,full_cross_league,NPB,唐川　侑己,2012,-0.14404245715346606,-0.004844563081860542,0.01937605371396991
xgboost,MLB,NPB,full_cross_league,NPB,吉見　祐治,2012,-0.45277864502326604,-0.4200890362262726,0.0010686105233004718
xgboost,MLB,NPB,full_cross_league,NPB,藤岡　貴裕,2012,-0.5069428885091951,-0.5011537671089172,3.351392658715526e-5
xgboost,MLB,NPB,full_cross_league,NPB,上野　大樹,2012,-0.5502742832979389,-0.31994953751564026,0.053049488519680506
xgboost,MLB,NPB,full_cross_league,NPB,香月　良仁,2012,-0.636937072875427,-0.17948086559772491,0.20926618157689994
xgboost,MLB,NPB,full_cross_league,NPB,阿部　和成,2012,-0.6586027702697991,-0.44304925203323364,0.046463319224161345
xgboost,MLB,NPB,full_cross_league,NPB,能見　篤史,2013,0.890494593427793,1.772794485092163,0.7784530988309591
xgboost,MLB,NPB,full_cross_league,NPB,岩田　稔,2013,-0.23612167107954596,-0.1493958681821823,0.007521364888192369
xgboost,MLB,NPB,full_cross_league,NPB,藤浪　晋太郎,2013,-0.24695451977673202,-0.540614902973175,0.08623642065908177
xgboost,MLB,NPB,full_cross_league,NPB,榎田　大樹,2013,-0.29028591456547603,-0.010036992840468884,0.07853945812802919
xgboost,MLB,NPB,full_cross_league,NPB,吉見　祐治,2013,-0.571939980692311,-0.32560738921165466,0.060679745625575925
xgboost,MLB,NPB,full_cross_league,NPB,秋山　拓巳,2013,-0.6044385267838689,-0.5370942950248718,0.004535245551209509
xgboost,MLB,NPB,full_cross_league,NPB,小嶋　達也,2013,-0.6152713754810549,-0.3666248917579651,0.06182507386785678
xgboost,MLB,NPB,full_cross_league,NPB,白仁田　寛和,2013,-0.6531863459212057,-0.4279126822948456,0.05074822352364246
xgboost,MLB,NPB,full_cross_league,NPB,岩本　輝,2013,-0.6586027702697991,-0.4564821720123291,0.040852736239957575
xgboost,MLB,NPB,full_cross_league,NPB,三浦　大輔,2013,1.21548005434337,1.8005567789077759,0.34231477362701374
xgboost,MLB,NPB,full_cross_league,NPB,藤井　秀悟,2013,-0.29028591456547603,0.121686652302742,0.1697213958519884
xgboost,MLB,NPB,full_cross_league,NPB,三嶋　一輝,2013,-0.44194579632608,-0.4646184742450714,5.140503240183208e-4
xgboost,MLB,NPB,full_cross_league,NPB,須田　幸太,2013,-0.5502742832979389,-0.06070534884929657,0.23967774157717908
xgboost,MLB,NPB,full_cross_league,NPB,井納　翔一,2013,-0.5556907076465322,-0.4086596369743347,0.02161813574301272
xgboost,MLB,NPB,full_cross_league,NPB,国吉　佑樹,2013,-0.571939980692311,-0.4939047396183014,0.006089498849478797
xgboost,MLB,NPB,full_cross_league,NPB,加賀美　希昇,2013,-0.599022102435276,-0.47598230838775635,0.015138790919256049
xgboost,MLB,NPB,full_cross_league,NPB,小杉　陽太,2013,-0.626104224178241,-0.4331603944301605,0.03722732143785625
xgboost,MLB,NPB,full_cross_league,NPB,杉内　俊哉,2013,4.68199163744288,1.7209709882736206,8.767643284806741
xgboost,MLB,NPB,full_cross_league,NPB,内海　哲也,2013,3.59870676772428,0.42165476083755493,10.093659454462967
xgboost,MLB,NPB,full_cross_league,NPB,大竹　寛,2013,0.34885215856849494,0.5398197770118713,0.036468631293934996
xgboost,MLB,NPB,full_cross_league,NPB,菅野　智之,2013,0.0238666976529166,-0.07575835287570953,0.00992515069283131
xgboost,MLB,NPB,full_cross_league,NPB,澤村　拓一,2013,-0.084461789318943,-0.050512686371803284,0.001152541590915491
xgboost,MLB,NPB,full_cross_league,NPB,小山　雄輝,2013,-0.5394414346007531,-0.5692458152770996,8.883011075005766e-4
xgboost,MLB,NPB,full_cross_league,NPB,宮國　椋丞,2013,-0.561107131995125,-0.5798636674880981,3.5180762369916267e-4
xgboost,MLB,NPB,full_cross_league,NPB,阿南　徹,2013,-0.6152713754810549,-0.7600156664848328,0.02095090977818632
xgboost,MLB,NPB,full_cross_league,NPB,今村　信貴,2013,-0.636937072875427,-0.5062969326972961,0.01706684622576168
xgboost,MLB,NPB,full_cross_league,NPB,吉見　一起,2013,1.1504829621602604,-0.03517231345176697,1.4057784325866325
xgboost,MLB,NPB,full_cross_league,NPB,山井　大介,2013,-0.084461789318943,-0.49581846594810486,0.16921431540738885
xgboost,MLB,NPB,full_cross_league,NPB,山本昌,2013,-0.3011187632626621,0.14797119796276093,0.20168179327345198
xgboost,MLB,NPB,full_cross_league,NPB,川上　憲伸,2013,-0.409447250234522,-0.0800069272518158,0.10853092640694978
xgboost,MLB,NPB,full_cross_league,NPB,大野　雄大,2013,-0.43111294762889407,-0.07444644719362259,0.1272109925327435
xgboost,MLB,NPB,full_cross_league,NPB,山内　壮馬,2013,-0.5177757372063811,-0.39665669202804565,0.014669823104911675
xgboost,MLB,NPB,full_cross_league,NPB,朝倉　健太,2013,-0.5394414346007531,-0.582950234413147,0.001893015661114964
xgboost,MLB,NPB,full_cross_league,NPB,岩田　慎司,2013,-0.571939980692311,-0.39428049325942993,0.031562893474914026
xgboost,MLB,NPB,full_cross_league,NPB,西川　健太郎,2013,-0.651019776181769,-0.5671506524085999,0.007034029922479163
xgboost,MLB,NPB,full_cross_league,NPB,小川　龍也,2013,-0.682435037403608,-0.52408599853515625,0.025074418110562442
xgboost,MLB,NPB,full_cross_league,NPB,前田　健太,2013,2.2987649240619703,-0.17176514863967896,6.1035188401232165
xgboost,MLB,NPB,full_cross_league,NPB,野村　祐輔,2013,-0.084461789318943,-0.07476183027029037,9.408920554553807e-5
xgboost,MLB,NPB,full_cross_league,NPB,篠田　純平,2013,-0.571939980692311,-0.5171251893043518,0.0030046613549054853
xgboost,MLB,NPB,full_cross_league,NPB,中村　恭平,2013,-0.6152713754810549,-0.39430588483810425,0.04882574805507992
xgboost,MLB,NPB,full_cross_league,NPB,武内　久士,2013,-0.652103061051487,-0.6545419692993164,5.948273441330474e-6
xgboost,MLB,NPB,full_cross_league,NPB,戸田　隆矢,2013,-0.674852043315578,-0.5009264349937439,0.030250117230120055
xgboost,MLB,NPB,full_cross_league,NPB,石川　雅規,2013,1.21548005434337,0.11092597246170044,1.2200397198014579
xgboost,MLB,NPB,full_cross_league,NPB,館山　昌平,2013,0.890494593427793,-0.2905256748199463,1.3948088740119622
xgboost,MLB,NPB,full_cross_league,NPB,小川　泰弘,2013,-0.12779318410768703,-0.20382805168628693,0.005781301087695222
xgboost,MLB,NPB,full_cross_league,NPB,村中　恭兵,2013,-0.16029173019924503,-0.26848945021629333,0.011706746616887575
xgboost,MLB,NPB,full_cross_league,NPB,新垣　渚,2013,-0.37694870414296405,-0.4617947041988373,0.00719884372548124
xgboost,MLB,NPB,full_cross_league,NPB,赤川　克紀,2013,-0.398614401537336,-0.47225624322891235,0.0054231208477271906
xgboost,MLB,NPB,full_cross_league,NPB,八木　亮祐,2013,-0.4852771911148231,-0.5370230078697205,0.002677629551631417
xgboost,MLB,NPB,full_cross_league,NPB,中澤　雅人,2013,-0.582772829389497,-0.46407416462898254,0.014089373015929005
xgboost,MLB,NPB,full_cross_league,NPB,古野　正人,2013,-0.6304373636571149,-0.310490220785141,0.10236617423193928
xgboost,MLB,NPB,full_cross_league,NPB,徳山　武陽,2013,-0.6694356189669849,-0.46319711208343506,0.04253432172155603
xgboost,MLB,NPB,full_cross_league,NPB,攝津　正,2013,3.59870676772428,3.1658008098602295,0.18740756835419117
xgboost,MLB,NPB,full_cross_league,NPB,寺原　隼人,2013,0.186359428110706,-0.2992648780345917,0.23583096671910178
xgboost,MLB,NPB,full_cross_league,NPB,大隣　憲司,2013,-0.084461789318943,-0.36105433106422424,0.07650343414911515
xgboost,MLB,NPB,full_cross_league,NPB,帆足　和幸,2013,-0.138626032804873,0.33913958072662354,0.22825998147312732
xgboost,MLB,NPB,full_cross_league,NPB,山田　大樹,2013,-0.409447250234522,-0.2744848132133484,0.01821485940669425
xgboost,MLB,NPB,full_cross_league,NPB,武田　翔太,2013,-0.523192161554974,-0.522457480430603,5.397563545069152e-7
xgboost,MLB,NPB,full_cross_league,NPB,大場　翔太,2013,-0.561107131995125,-0.0753299742937088,0.23597944694446654
xgboost,MLB,NPB,full_cross_league,NPB,東浜　巨,2013,-0.582772829389497,-0.5519710183143616,9.487515655083378e-4
xgboost,MLB,NPB,full_cross_league,NPB,巽　真悟,2013,-0.636937072875427,-0.4913265109062195,0.021202435756988422
xgboost,MLB,NPB,full_cross_league,NPB,武田　勝,2013,1.1071515673715102,0.25552448630332947,0.7252686852087097
xgboost,MLB,NPB,full_cross_league,NPB,木佐貫　洋,2013,0.15386088201914802,0.1141999140381813,0.0015729923811872671
xgboost,MLB,NPB,full_cross_league,NPB,吉川　光夫,2013,0.0238666976529166,-0.23132482171058655,0.0651227115550532
xgboost,MLB,NPB,full_cross_league,NPB,大谷　翔平,2013,-0.409447250234522,-0.21747709810733795,0.03685253930773418
xgboost,MLB,NPB,full_cross_league,NPB,多田野　数人,2013,-0.409447250234522,-0.7383801341056824,0.10819684209179828
xgboost,MLB,NPB,full_cross_league,NPB,斎藤　佑樹,2013,-0.43111294762889407,-0.42647942900657654,2.146949482336338e-5
xgboost,MLB,NPB,full_cross_league,NPB,中村　勝,2013,-0.5936056780866831,-0.5535258054733276,0.0016063961887027992
xgboost,MLB,NPB,full_cross_league,NPB,新垣　勇人,2013,-0.645061709398316,-0.0823839008808136,0.31660631619805907
xgboost,MLB,NPB,full_cross_league,NPB,井川　慶,2013,-0.084461789318943,1.0402824878692627,1.2650496890676193
xgboost,MLB,NPB,full_cross_league,NPB,西　勇輝,2013,-0.138626032804873,-0.5375980138778687,0.1591786416813108
xgboost,MLB,NPB,full_cross_league,NPB,東野　峻,2013,-0.20362312498798898,-0.4992001950740814,0.08736580436067881
xgboost,MLB,NPB,full_cross_league,NPB,八木　智哉,2013,-0.5394414346007531,-0.3276304304599762,0.044863901475124215
xgboost,MLB,NPB,full_cross_league,NPB,前田　祐二,2013,-0.5394414346007531,-0.5855836868286133,0.0021291074406594667
xgboost,MLB,NPB,full_cross_league,NPB,松葉　貴大,2013,-0.5394414346007531,-0.5866817235946655,0.0022316449042283624
xgboost,MLB,NPB,full_cross_league,NPB,則本　昂大,2013,-0.084461789318943,-0.47513818740844727,0.1526280480241888
xgboost,MLB,NPB,full_cross_league,NPB,美馬　学,2013,-0.3011187632626621,0.4560248851776123,0.57326650437345
xgboost,MLB,NPB,full_cross_league,NPB,永井　怜,2013,-0.33361730935422,-0.2403535097837448,0.00869813631032177
xgboost,MLB,NPB,full_cross_league,NPB,辛島　航,2013,-0.5069428885091951,-0.4893088638782501,3.1095882468477453e-4
xgboost,MLB,NPB,full_cross_league,NPB,川井　貴志,2013,-0.528608585903567,0.1390155553817749,0.44572199402699014
xgboost,MLB,NPB,full_cross_league,NPB,戸村　健次,2013,-0.5394414346007531,-0.3487923741340637,0.03634706425683139
xgboost,MLB,NPB,full_cross_league,NPB,岸　孝之,2013,1.43213702828709,1.746968150138855,0.0991186352864409
xgboost,MLB,NPB,full_cross_league,NPB,牧田　和久,2013,0.132195184624776,0.7793884873390198,0.41885917107817083
xgboost,MLB,NPB,full_cross_league,NPB,野上　亮磨,2013,-0.21445597368517402,-0.24521958827972412,9.463999829220158e-4
xgboost,MLB,NPB,full_cross_league,NPB,十亀　剣,2013,-0.257787368473918,0.019488289952278137,0.07688179075568058
xgboost,MLB,NPB,full_cross_league,NPB,菊池　雄星,2013,-0.3011187632626621,-0.2797810137271881,4.5529955523862157e-4
xgboost,MLB,NPB,full_cross_league,NPB,西口　文也,2013,-0.3552830067485919,0.10281750559806824,0.20985607941227255
xgboost,MLB,NPB,full_cross_league,NPB,成瀬　善久,2013,0.825497501244678,0.0026598097756505013,0.6770618665020786
xgboost,MLB,NPB,full_cross_league,NPB,唐川　侑己,2013,-0.02596440635413881,-0.4160739481449127,0.15218545459620755
xgboost,MLB,NPB,full_cross_league,NPB,大谷　智久,2013,-0.401864256146492,-0.44075319170951843,0.0015123493092252208
xgboost,MLB,NPB,full_cross_league,NPB,古谷　拓哉,2013,-0.409447250234522,1.27767014503479,2.8463651054203085
xgboost,MLB,NPB,full_cross_league,NPB,西野　勇士,2013,-0.448445505544391,-0.4251915216445923,5.407477672120978e-4
xgboost,MLB,NPB,full_cross_league,NPB,大嶺　祐太,2013,-0.5676068412134371,-0.26366230845451355,0.09238227899404033
xgboost,MLB,NPB,full_cross_league,NPB,阿部　和成,2013,-0.644520066963457,-0.38112691044807434,0.06937595489913685
xgboost,MLB,NPB,full_cross_league,NPB,能見　篤史,2014,0.7821661064559338,1.7062468528747559,0.8539252259019674
xgboost,MLB,NPB,full_cross_league,NPB,藤浪　晋太郎,2014,0.186359428110706,-0.027403226122260094,0.04569447234472261
xgboost,MLB,NPB,full_cross_league,NPB,岩田　稔,2014,-0.084461789318943,0.4474397599697113,0.28291925813567076
xgboost,MLB,NPB,full_cross_league,NPB,岩貞　祐太,2014,-0.5556907076465322,-0.5374204516410828,3.3380225450466e-4
xgboost,MLB,NPB,full_cross_league,NPB,岩崎　優,2014,-0.571939980692311,-0.44016897678375244,0.017363597471069355
xgboost,MLB,NPB,full_cross_league,NPB,秋山　拓巳,2014,-0.626104224178241,-0.5441537499427795,0.006715880227417027
xgboost,MLB,NPB,full_cross_league,NPB,三浦　大輔,2014,0.728001862970004,1.1962573528289795,0.21926320378306907
xgboost,MLB,NPB,full_cross_league,NPB,久保　康友,2014,0.565509132512215,0.2595890164375305,0.09358711741914844
xgboost,MLB,NPB,full_cross_league,NPB,山口　俊,2014,0.21885797420226402,-0.07678712904453278,0.08740602707380915
xgboost,MLB,NPB,full_cross_league,NPB,高崎　健太郎,2014,-0.3119516119598481,-0.36329904198646545,0.002636558570338365
xgboost,MLB,NPB,full_cross_league,NPB,井納　翔一,2014,-0.3119516119598481,0.21103064715862274,0.2735104433526594
xgboost,MLB,NPB,full_cross_league,NPB,三嶋　一輝,2014,-0.5069428885091951,-0.504707396030426,4.99742662263315e-6
xgboost,MLB,NPB,full_cross_league,NPB,加賀美　希昇,2014,-0.626104224178241,-0.3977357745170593,0.05215214880065165
xgboost,MLB,NPB,full_cross_league,NPB,杉内　俊哉,2014,4.68199163744288,2.870401382446289,3.281859251998613
xgboost,MLB,NPB,full_cross_league,NPB,内海　哲也,2014,3.59870676772428,0.21389468014240265,11.456952868240387
xgboost,MLB,NPB,full_cross_league,NPB,菅野　智之,2014,0.45718064554035504,-0.27508652210235596,0.5362152048074783
xgboost,MLB,NPB,full_cross_league,NPB,大竹　寛,2014,0.34885215856849494,0.468680202960968,0.014358760222924498
xgboost,MLB,NPB,full_cross_league,NPB,澤村　拓一,2014,-0.21445597368517402,-0.36363211274147034,0.022253520463743456
xgboost,MLB,NPB,full_cross_league,NPB,小山　雄輝,2014,-0.3552830067485919,-0.11534940451383591,0.057568133481346116
xgboost,MLB,NPB,full_cross_league,NPB,宮國　椋丞,2014,-0.6044385267838689,-0.545263946056366,0.0035016310042757606
xgboost,MLB,NPB,full_cross_league,NPB,山井　大介,2014,0.565509132512215,0.8139364719390869,0.06171614297471422
xgboost,MLB,NPB,full_cross_league,NPB,吉見　一起,2014,0.396516692836114,-0.3514842689037323,0.559505438763735
xgboost,MLB,NPB,full_cross_league,NPB,大野　雄大,2014,-0.24695451977673202,0.06394321471452713,0.09665740131179745
xgboost,MLB,NPB,full_cross_league,NPB,川上　憲伸,2014,-0.3011187632626621,0.029160017147660255,0.10908407278932995
xgboost,MLB,NPB,full_cross_league,NPB,山本昌,2014,-0.3011187632626621,0.7201036810874939,1.0428952808445076
xgboost,MLB,NPB,full_cross_league,NPB,朝倉　健太,2014,-0.4636114937204521,-0.28576937317848206,0.0316278198388646
xgboost,MLB,NPB,full_cross_league,NPB,濱田　達郎,2014,-0.5502742832979389,-0.33288463950157166,0.04725825722991144
xgboost,MLB,NPB,full_cross_league,NPB,山内　壮馬,2014,-0.571939980692311,-0.6244441270828247,0.0027566853881964937
xgboost,MLB,NPB,full_cross_league,NPB,伊藤　準規,2014,-0.636937072875427,-0.4294498860836029,0.0430509326827853
xgboost,MLB,NPB,full_cross_league,NPB,前田　健太,2014,2.51542189800569,0.357695072889328,4.6557850518267365
xgboost,MLB,NPB,full_cross_league,NPB,野村　祐輔,2014,-0.10612748671331501,-0.3493230640888214,0.05914408885500592
xgboost,MLB,NPB,full_cross_league,NPB,大瀬良　大地,2014,-0.3552830067485919,-0.4665824770927429,0.012387572098888548
xgboost,MLB,NPB,full_cross_league,NPB,福井　優也,2014,-0.496110039812009,-0.41994035243988037,0.0058018212743678145
xgboost,MLB,NPB,full_cross_league,NPB,九里　亜蓮,2014,-0.561107131995125,-0.4194566309452057,0.020064864447693183
xgboost,MLB,NPB,full_cross_league,NPB,篠田　純平,2014,-0.571939980692311,-0.3092716932296753,0.06899462923855383
xgboost,MLB,NPB,full_cross_league,NPB,成瀬　善久,2014,1.43213702828709,0.0555088184773922,1.8951052280438534
xgboost,MLB,NPB,full_cross_league,NPB,石川　雅規,2014,1.21548005434337,0.3528349697589874,0.7441565419575964
xgboost,MLB,NPB,full_cross_league,NPB,小川　泰弘,2014,-0.0302975458330132,-0.3621594309806824,0.11013231081376477
xgboost,MLB,NPB,full_cross_league,NPB,村中　恭兵,2014,-0.3011187632626621,-0.41456422209739685,0.012869872130223491
xgboost,MLB,NPB,full_cross_league,NPB,八木　亮祐,2014,-0.45277864502326604,-0.3753533363342285,0.005994678425592749
xgboost,MLB,NPB,full_cross_league,NPB,新垣　渚,2014,-0.45277864502326604,-0.12463938444852829,0.10767537433053563
xgboost,MLB,NPB,full_cross_league,NPB,木谷　良平,2014,-0.5524408530373761,-0.5360434055328369,2.6887628466411875e-4
xgboost,MLB,NPB,full_cross_league,NPB,杉浦　稔大,2014,-0.561107131995125,-0.6487950086593628,0.007689163713882586
xgboost,MLB,NPB,full_cross_league,NPB,古野　正人,2014,-0.587105968868372,-0.41865405440330505,0.028376047486946217
xgboost,MLB,NPB,full_cross_league,NPB,攝津　正,2014,3.59870676772428,0.5964176058769226,9.013740211346109
xgboost,MLB,NPB,full_cross_league,NPB,中田　賢一,2014,0.2946879150825661,0.4909140467643738,0.03850469475480613
xgboost,MLB,NPB,full_cross_league,NPB,大隣　憲司,2014,0.0563652437444745,-0.028452927246689796,0.007194122130286383
xgboost,MLB,NPB,full_cross_league,NPB,帆足　和幸,2014,-0.138626032804873,0.2480144500732422,0.1494908630002221
xgboost,MLB,NPB,full_cross_league,NPB,寺原　隼人,2014,-0.24695451977673202,-0.29446494579315186,0.0022572405802617026
xgboost,MLB,NPB,full_cross_league,NPB,岩嵜　翔,2014,-0.257787368473918,-0.5552013516426086,0.08845507738426621
xgboost,MLB,NPB,full_cross_league,NPB,武田　翔太,2014,-0.45277864502326604,-0.5507485270500183,0.009598097784335758
xgboost,MLB,NPB,full_cross_league,NPB,山田　大樹,2014,-0.49069361546341594,-0.5066717863082886,2.5530194354793774e-4
xgboost,MLB,NPB,full_cross_league,NPB,飯田　優也,2014,-0.5394414346007531,-0.3537115156650543,0.03449560278786124
xgboost,MLB,NPB,full_cross_league,NPB,東浜　巨,2014,-0.5502742832979389,-0.6241663098335266,0.005460031585535994
xgboost,MLB,NPB,full_cross_league,NPB,大場　翔太,2014,-0.6044385267838689,-0.3843865990638733,0.04842285089328617
xgboost,MLB,NPB,full_cross_league,NPB,大谷　翔平,2014,0.34885215856849494,-0.4064258933067322,0.5704449356444382
xgboost,MLB,NPB,full_cross_league,NPB,木佐貫　洋,2014,-0.0302975458330132,0.8111003637313843,0.7079504422193381
xgboost,MLB,NPB,full_cross_league,NPB,吉川　光夫,2014,-0.084461789318943,-0.3272818922996521,0.058961602411562175
xgboost,MLB,NPB,full_cross_league,NPB,中村　勝,2014,-0.45277864502326604,-0.32613542675971985,0.0160385047321482
xgboost,MLB,NPB,full_cross_league,NPB,斎藤　佑樹,2014,-0.4636114937204521,-0.43314865231513977,9.279847064852096e-4
xgboost,MLB,NPB,full_cross_league,NPB,浦野　博司,2014,-0.474444342417637,-0.33864670991897583,0.018440996992241436
xgboost,MLB,NPB,full_cross_league,NPB,上沢　直之,2014,-0.4852771911148231,-0.44198593497276306,0.0018741328583574504
xgboost,MLB,NPB,full_cross_league,NPB,新垣　勇人,2014,-0.6461449942680351,-0.5370597839355469,0.011899583113283188
xgboost,MLB,NPB,full_cross_league,NPB,西　勇輝,2014,0.2946879150825661,0.29471349716186523,6.544427812678352e-10
xgboost,MLB,NPB,full_cross_league,NPB,井川　慶,2014,-0.21445597368517402,0.7671439051628113,0.9635383221543794
xgboost,MLB,NPB,full_cross_league,NPB,松葉　貴大,2014,-0.3552830067485919,-0.3058133125305176,0.002447250646029778
xgboost,MLB,NPB,full_cross_league,NPB,東明　大貴,2014,-0.496110039812009,-0.46408265829086304,0.001025753167101043
xgboost,MLB,NPB,full_cross_league,NPB,吉田　一将,2014,-0.5069428885091951,-0.5411511659622192,0.0011702062463030789
xgboost,MLB,NPB,full_cross_league,NPB,近藤　一樹,2014,-0.5936056780866831,-0.2039971947669983,0.1517947702746651
xgboost,MLB,NPB,full_cross_league,NPB,則本　昂大,2014,0.565509132512215,0.1729176640510559,0.15412806110848928
xgboost,MLB,NPB,full_cross_league,NPB,辛島　航,2014,-0.27945306586829005,-0.020766403526067734,0.06691878927375894
xgboost,MLB,NPB,full_cross_league,NPB,美馬　学,2014,-0.33361730935422,0.12133467197418213,0.20698130531463876
xgboost,MLB,NPB,full_cross_league,NPB,塩見　貴洋,2014,-0.409447250234522,-0.34228938817977905,0.0045101784357638825
xgboost,MLB,NPB,full_cross_league,NPB,松井　裕樹,2014,-0.4636114937204521,-0.39286255836486816,0.005005411853948591
xgboost,MLB,NPB,full_cross_league,NPB,川井　貴志,2014,-0.5394414346007531,-0.20890600979328156,0.10925366705265568
xgboost,MLB,NPB,full_cross_league,NPB,菊池　保則,2014,-0.6044385267838689,-0.5709178447723389,0.0011236361225181125
xgboost,MLB,NPB,full_cross_league,NPB,濱矢　廣大,2014,-0.626104224178241,-0.4623679220676422,0.026809576628853266
xgboost,MLB,NPB,full_cross_league,NPB,森　雄大,2014,-0.631520648526834,-0.5032243728637695,0.016459934349013022
xgboost,MLB,NPB,full_cross_league,NPB,横山　貴明,2014,-0.6466866367028941,-0.47086259722709656,0.030914092857586797
xgboost,MLB,NPB,full_cross_league,NPB,岸　孝之,2014,1.70295824571674,0.9517810940742493,0.5642671131497256
xgboost,MLB,NPB,full_cross_league,NPB,牧田　和久,2014,0.07803094113884641,0.950961709022522,0.7620081255179834
xgboost,MLB,NPB,full_cross_league,NPB,野上　亮磨,2014,-0.24695451977673202,-0.09505926817655563,0.02307216745868089
xgboost,MLB,NPB,full_cross_league,NPB,菊池　雄星,2014,-0.32278446065703403,-0.4616672694683075,0.019288434583308738
xgboost,MLB,NPB,full_cross_league,NPB,岡本　洋介,2014,-0.5502742832979389,-0.2001609057188034,0.12257937715987031
xgboost,MLB,NPB,full_cross_league,NPB,小石　博孝,2014,-0.631520648526834,-0.2228253334760666,0.16703186054444602
xgboost,MLB,NPB,full_cross_league,NPB,涌井　秀章,2014,1.6487940022308099,0.390117883682251,1.5842655714044658
xgboost,MLB,NPB,full_cross_league,NPB,唐川　侑己,2014,-0.084461789318943,-0.4364270865917206,0.1238795704843147
xgboost,MLB,NPB,full_cross_league,NPB,石川　歩,2014,-0.33361730935422,0.1303882896900177,0.2153011959444019
xgboost,MLB,NPB,full_cross_league,NPB,古谷　拓哉,2014,-0.34445015805140594,-0.5157085657119751,0.029329442194433692
xgboost,MLB,NPB,full_cross_league,NPB,藤岡　貴裕,2014,-0.3552830067485919,-0.10892908275127411,0.06069025586887624
xgboost,MLB,NPB,full_cross_league,NPB,大嶺　祐太,2014,-0.5372748648613159,-0.48737645149230957,0.0024898516567442323
xgboost,MLB,NPB,full_cross_league,NPB,チェン・グァンユウ,2014,-0.6694356189669849,-0.5204123258590698,0.022207941888727566
xgboost,MLB,NPB,full_cross_league,NPB,藤浪　晋太郎,2015,1.1071515673715102,0.37301740050315857,0.5389529749634888
xgboost,MLB,NPB,full_cross_league,NPB,能見　篤史,2015,0.7821661064559338,1.0259323120117188,0.059421962971065216
xgboost,MLB,NPB,full_cross_league,NPB,岩田　稔,2015,0.0022010002585447002,0.6429966688156128,0.4106190888414998
xgboost,MLB,NPB,full_cross_league,NPB,岩崎　優,2015,-0.5177757372063811,-0.4241291284561157,0.00876968733042529
xgboost,MLB,NPB,full_cross_league,NPB,岩貞　祐太,2015,-0.561107131995125,-0.38193562626838684,0.03210242846438655
xgboost,MLB,NPB,full_cross_league,NPB,横山　雄哉,2015,-0.571939980692311,-0.5290958881378174,0.0018356162668180154
xgboost,MLB,NPB,full_cross_league,NPB,秋山　拓巳,2015,-0.626104224178241,-0.4387357234954834,0.03510695504810452
xgboost,MLB,NPB,full_cross_league,NPB,三浦　大輔,2015,0.619673375998144,0.35580193996429443,0.06962813475456596
xgboost,MLB,NPB,full_cross_league,NPB,久保　康友,2015,0.565509132512215,0.4299018383026123,0.01838933824284975
xgboost,MLB,NPB,full_cross_league,NPB,山口　俊,2015,0.132195184624776,0.13324522972106934,1.1025947042496768e-6
xgboost,MLB,NPB,full_cross_league,NPB,井納　翔一,2015,-0.24695451977673202,0.6907535195350647,0.879296366989974
xgboost,MLB,NPB,full_cross_league,NPB,高崎　健太郎,2015,-0.37694870414296405,0.16734491288661957,0.29625554153914696
xgboost,MLB,NPB,full_cross_league,NPB,三嶋　一輝,2015,-0.4636114937204521,-0.5591407418251038,0.009125837243440097
xgboost,MLB,NPB,full_cross_league,NPB,石田　健大,2015,-0.5394414346007531,-0.5024420022964478,0.001368957990840875
xgboost,MLB,NPB,full_cross_league,NPB,砂田　毅樹,2015,-0.5936056780866831,-0.5763024091720581,2.9940311513182677e-4
xgboost,MLB,NPB,full_cross_league,NPB,内海　哲也,2015,3.59870676772428,-0.6295003890991211,17.877735761012634
xgboost,MLB,NPB,full_cross_league,NPB,菅野　智之,2015,0.6738376194840741,0.07192280888557434,0.3623014392178278
xgboost,MLB,NPB,full_cross_league,NPB,大竹　寛,2015,0.34885215856849494,0.006077609024941921,0.11749439181478569
xgboost,MLB,NPB,full_cross_league,NPB,杉内　俊哉,2015,-0.192790276290803,1.396127700805664,2.524660337940329
xgboost,MLB,NPB,full_cross_league,NPB,高木　勇人,2015,-0.27945306586829005,-0.34510162472724915,0.004309733280258216
xgboost,MLB,NPB,full_cross_league,NPB,田口　麗斗,2015,-0.5394414346007531,-0.5586360692977905,3.6843400115271264e-4
xgboost,MLB,NPB,full_cross_league,NPB,山井　大介,2015,0.565509132512215,0.2902499735355377,0.07576760460054771
xgboost,MLB,NPB,full_cross_league,NPB,大野　雄大,2015,0.43551494814598307,1.7331969738006592,1.6839786397072236
xgboost,MLB,NPB,full_cross_league,NPB,吉見　一起,2015,0.22969082289945,0.3820672333240509,0.023218570453886422
xgboost,MLB,NPB,full_cross_league,NPB,若松　駿太,2015,-0.34445015805140594,-0.7048572301864624,0.1298932576449638
xgboost,MLB,NPB,full_cross_league,NPB,八木　智哉,2015,-0.5177757372063811,0.4034097492694855,0.848582700493779
xgboost,MLB,NPB,full_cross_league,NPB,武藤　祐太,2015,-0.561107131995125,-0.4674656391143799,0.008768729188934631
xgboost,MLB,NPB,full_cross_league,NPB,濱田　達郎,2015,-0.5936056780866831,-0.5197269320487976,0.005458069116130377
xgboost,MLB,NPB,full_cross_league,NPB,小熊　凌祐,2015,-0.6044385267838689,-0.4961718022823334,0.01172168363429139
xgboost,MLB,NPB,full_cross_league,NPB,岩田　慎司,2015,-0.6098549511324619,-0.2020464837551117,0.1663077460646633
xgboost,MLB,NPB,full_cross_league,NPB,伊藤　準規,2015,-0.6613109824440949,-0.4591468572616577,0.04087033351078014
xgboost,MLB,NPB,full_cross_league,NPB,鈴木　翔太,2015,-0.6694356189669849,-0.5099384784698486,0.025439337826763223
xgboost,MLB,NPB,full_cross_league,NPB,黒田　博樹,2015,5.765276507161479,1.702256441116333,16.508132057085504
xgboost,MLB,NPB,full_cross_league,NPB,野村　祐輔,2015,-0.171124578896431,-0.2501591444015503,0.00624646254458299
xgboost,MLB,NPB,full_cross_league,NPB,福井　優也,2015,-0.27945306586829005,-0.20404386520385742,0.005686547544848666
xgboost,MLB,NPB,full_cross_league,NPB,薮田　和樹,2015,-0.626104224178241,-0.4852517545223236,0.01983941820817112
xgboost,MLB,NPB,full_cross_league,NPB,中村　恭平,2015,-0.6477699215726129,-0.3854873776435852,0.06879213284988235
xgboost,MLB,NPB,full_cross_league,NPB,石川　雅規,2015,1.43213702828709,0.7291843891143799,0.49414241291987837
xgboost,MLB,NPB,full_cross_league,NPB,成瀬　善久,2015,0.825497501244678,-0.3277945816516876,1.3300826284714378
xgboost,MLB,NPB,full_cross_league,NPB,館山　昌平,2015,0.565509132512215,-0.12242216616868973,0.4732494717047962
xgboost,MLB,NPB,full_cross_league,NPB,小川　泰弘,2015,0.34885215856849494,0.12888239324092865,0.04838669765826459
xgboost,MLB,NPB,full_cross_league,NPB,石山　泰稚,2015,-0.29028591456547603,0.3231634199619293,0.3763200860321165
xgboost,MLB,NPB,full_cross_league,NPB,新垣　渚,2015,-0.43111294762889407,-0.013168567791581154,0.1746775046375961
xgboost,MLB,NPB,full_cross_league,NPB,山中　浩史,2015,-0.496110039812009,0.38035130500793457,0.7681844889635842
xgboost,MLB,NPB,full_cross_league,NPB,杉浦　稔大,2015,-0.5502742832979389,-0.37980395555496216,0.029060132640797914
xgboost,MLB,NPB,full_cross_league,NPB,近藤　一樹,2015,-0.6044385267838689,0.30291152000427246,0.8232841074064423
xgboost,MLB,NPB,full_cross_league,NPB,風張　蓮,2015,-0.6152713754810549,-0.4770738482475281,0.019098556533461396
xgboost,MLB,NPB,full_cross_league,NPB,寺田　哲也,2015,-0.631520648526834,0.419697642326355,1.1050598950243
xgboost,MLB,NPB,full_cross_league,NPB,攝津　正,2015,3.59870676772428,0.34586572647094727,10.580974839662067
xgboost,MLB,NPB,full_cross_league,NPB,中田　賢一,2015,0.2946879150825661,0.950973629951477,0.4307109395409975
xgboost,MLB,NPB,full_cross_league,NPB,武田　翔太,2015,0.0238666976529166,0.0012605770025402308,5.110366908593728e-4
xgboost,MLB,NPB,full_cross_league,NPB,大隣　憲司,2015,0.0022010002585447002,-0.36195388436317444,0.13260877999385756
xgboost,MLB,NPB,full_cross_league,NPB,寺原　隼人,2015,-0.0302975458330132,-0.07228991389274597,0.0017633589752640655
xgboost,MLB,NPB,full_cross_league,NPB,千賀　滉大,2015,-0.4636114937204521,-0.5273667573928833,0.004064733645941229
xgboost,MLB,NPB,full_cross_league,NPB,東浜　巨,2015,-0.5394414346007531,-0.3615943193435669,0.03162959640530288
xgboost,MLB,NPB,full_cross_league,NPB,大谷　翔平,2015,1.43213702828709,0.2580789029598236,1.3784124816469752
xgboost,MLB,NPB,full_cross_league,NPB,吉川　光夫,2015,0.2946879150825661,0.013758783228695393,0.07892117712416946
xgboost,MLB,NPB,full_cross_league,NPB,武田　勝,2015,-0.3011187632626621,0.44406816363334656,0.5553035560167174
xgboost,MLB,NPB,full_cross_league,NPB,有原　航平,2015,-0.409447250234522,-0.477805495262146,0.004672849663256681
xgboost,MLB,NPB,full_cross_league,NPB,上沢　直之,2015,-0.474444342417637,-0.5180395841598511,0.0019005451025620845
xgboost,MLB,NPB,full_cross_league,NPB,中村　勝,2015,-0.474444342417637,-0.5244448781013489,0.002500053568658145
xgboost,MLB,NPB,full_cross_league,NPB,浦野　博司,2015,-0.4852771911148231,-0.46284425258636475,5.032367310215909e-4
xgboost,MLB,NPB,full_cross_league,NPB,斎藤　佑樹,2015,-0.4852771911148231,-0.3686557412147522,0.013600562576794746
xgboost,MLB,NPB,full_cross_league,NPB,新垣　勇人,2015,-0.64235349722402,0.2846376597881317,0.8593126051787278
xgboost,MLB,NPB,full_cross_league,NPB,高梨　裕稔,2015,-0.651019776181769,-0.38762983679771423,0.06937426016873603
xgboost,MLB,NPB,full_cross_league,NPB,西　勇輝,2015,0.565509132512215,-0.15400421619415283,0.5176994589666513
xgboost,MLB,NPB,full_cross_league,NPB,東明　大貴,2015,-0.27945306586829005,-0.22699259221553802,0.0027521012958710896
xgboost,MLB,NPB,full_cross_league,NPB,松葉　貴大,2015,-0.43111294762889407,-0.4976838529109955,0.004431685430078517
xgboost,MLB,NPB,full_cross_league,NPB,八木　亮祐,2015,-0.5177757372063811,-0.4751306176185608,0.0018186062246594995
xgboost,MLB,NPB,full_cross_league,NPB,山﨑　福也,2015,-0.5502742832979389,-0.47421544790267944,0.005784946441683177
xgboost,MLB,NPB,full_cross_league,NPB,則本　昂大,2015,0.890494593427793,0.5955678820610046,0.0869817650776289
xgboost,MLB,NPB,full_cross_league,NPB,美馬　学,2015,-0.3552830067485919,0.07692699134349823,0.1868054824507646
xgboost,MLB,NPB,full_cross_league,NPB,辛島　航,2015,-0.37694870414296405,-0.5456714630126953,0.02846736936061348
xgboost,MLB,NPB,full_cross_league,NPB,塩見　貴洋,2015,-0.409447250234522,0.5709821581840515,0.9612418248919941
xgboost,MLB,NPB,full_cross_league,NPB,菊池　保則,2015,-0.528608585903567,-0.2481967657804489,0.07863078886475991
xgboost,MLB,NPB,full_cross_league,NPB,川井　貴志,2015,-0.561107131995125,0.11082841455936432,0.4514973787234802
xgboost,MLB,NPB,full_cross_league,NPB,釜田　佳直,2015,-0.5957722478261199,-0.4719206988811493,0.015339206176068456
xgboost,MLB,NPB,full_cross_league,NPB,安樂　智大,2015,-0.6044385267838689,-0.5256404876708984,0.006209130968049222
xgboost,MLB,NPB,full_cross_league,NPB,森　雄大,2015,-0.631520648526834,-0.4868192672729492,0.020938489736782112
xgboost,MLB,NPB,full_cross_league,NPB,岸　孝之,2015,1.70295824571674,0.4743942320346832,1.5093695357145651
xgboost,MLB,NPB,full_cross_league,NPB,牧田　和久,2015,0.07803094113884641,0.0668761357665062,1.2442968289479018e-4
xgboost,MLB,NPB,full_cross_league,NPB,十亀　剣,2015,-0.084461789318943,0.5265496373176575,0.3733349634804938
xgboost,MLB,NPB,full_cross_league,NPB,野上　亮磨,2015,-0.10612748671331501,0.3860503137111664,0.24223898723068063
xgboost,MLB,NPB,full_cross_league,NPB,菊池　雄星,2015,-0.138626032804873,-0.33941832184791565,0.04031754333914478
xgboost,MLB,NPB,full_cross_league,NPB,郭　俊麟,2015,-0.409447250234522,-0.4923255443572998,0.006868811636701666
xgboost,MLB,NPB,full_cross_league,NPB,髙橋　光成,2015,-0.5394414346007531,-0.5363857746124268,9.33705796425861e-6
xgboost,MLB,NPB,full_cross_league,NPB,佐野　泰雄,2015,-0.6044385267838689,-0.5437466502189636,0.0036835038809696972
xgboost,MLB,NPB,full_cross_league,NPB,涌井　秀章,2015,1.6487940022308099,1.5639451742172241,0.0071993236152790505
xgboost,MLB,NPB,full_cross_league,NPB,石川　歩,2015,0.07803094113884641,1.123495101928711,1.0929953114960556
xgboost,MLB,NPB,full_cross_league,NPB,唐川　侑己,2015,-0.21445597368517402,-0.33318257331848145,0.014096005460487674
xgboost,MLB,NPB,full_cross_league,NPB,大嶺　祐太,2015,-0.3401170185725319,0.23818565905094147,0.334433986946479
xgboost,MLB,NPB,full_cross_league,NPB,古谷　拓哉,2015,-0.398614401537336,-0.0020826838444918394,0.15723740313643747
xgboost,MLB,NPB,full_cross_league,NPB,チェン・グァンユウ,2015,-0.5502742832979389,-0.14195381104946136,0.16672560805721973
xgboost,MLB,NPB,full_cross_league,NPB,田中　英祐,2015,-0.5892725386078089,-0.5228739976882935,0.00440876623624057
xgboost,MLB,NPB,full_cross_league,NPB,木村　優太,2015,-0.6336872182662711,-0.5035195350646973,0.016943625750065278
xgboost,MLB,NPB,full_cross_league,NPB,藤浪　晋太郎,2016,0.998823080399653,-0.178164541721344,1.3852998626260387
xgboost,MLB,NPB,full_cross_league,NPB,能見　篤史,2016,0.6738376194840741,0.8755858540534973,0.04070235015187903
xgboost,MLB,NPB,full_cross_league,NPB,岩田　稔,2016,-0.16029173019924503,-0.4390551447868347,0.07770904131253241
xgboost,MLB,NPB,full_cross_league,NPB,岩貞　祐太,2016,-0.3011187632626621,-0.11764984577894211,0.033660843682648066
xgboost,MLB,NPB,full_cross_league,NPB,岩崎　優,2016,-0.4636114937204521,-0.5119797587394714,0.0023394890609500923
xgboost,MLB,NPB,full_cross_league,NPB,横山　雄哉,2016,-0.564356986604281,-0.5313868522644043,0.0010870297583895183
xgboost,MLB,NPB,full_cross_league,NPB,青柳　晃洋,2016,-0.6044385267838689,-0.3162720203399658,0.08303993543608403
xgboost,MLB,NPB,full_cross_league,NPB,久保　康友,2016,0.34885215856849494,1.6004281044006348,1.5664423481856153
xgboost,MLB,NPB,full_cross_league,NPB,井納　翔一,2016,0.0455323950472885,0.5284693241119385,0.23322807745439475
xgboost,MLB,NPB,full_cross_league,NPB,石田　健大,2016,-0.21445597368517402,-0.5587464570999146,0.11853593696995574
xgboost,MLB,NPB,full_cross_league,NPB,今永　昇太,2016,-0.3011187632626621,-0.5613688230514526,0.06773009362006903
xgboost,MLB,NPB,full_cross_league,NPB,三嶋　一輝,2016,-0.4852771911148231,-0.40219825506210327,0.006902109615651909
xgboost,MLB,NPB,full_cross_league,NPB,国吉　佑樹,2016,-0.5177757372063811,-0.46618515253067017,0.002661588427181705
xgboost,MLB,NPB,full_cross_league,NPB,平良　拳太郎,2016,-0.6531863459212057,-0.5398041605949402,0.012855519949359625
xgboost,MLB,NPB,full_cross_league,NPB,菅野　智之,2016,1.7571224892026698,1.2299530506134033,0.27790761698252237
xgboost,MLB,NPB,full_cross_league,NPB,内海　哲也,2016,1.43213702828709,0.45718708634376526,0.9505273892952922
xgboost,MLB,NPB,full_cross_league,NPB,吉川　光夫,2016,0.2946879150825661,-0.34361839294433594,0.4074349428669343
xgboost,MLB,NPB,full_cross_league,NPB,山口　俊,2016,0.132195184624776,1.264359951019287,1.281797058265138
xgboost,MLB,NPB,full_cross_league,NPB,大竹　寛,2016,0.0238666976529166,0.027894044294953346,1.621952097512467e-5
xgboost,MLB,NPB,full_cross_league,NPB,田口　麗斗,2016,-0.192790276290803,0.003973100334405899,0.038715826380953805
xgboost,MLB,NPB,full_cross_league,NPB,高木　勇人,2016,-0.33361730935422,-0.23769646883010864,0.009200807646852006
xgboost,MLB,NPB,full_cross_league,NPB,今村　信貴,2016,-0.561107131995125,-0.4155120551586151,0.021197926399029208
xgboost,MLB,NPB,full_cross_league,NPB,桜井　俊貴,2016,-0.6044385267838689,-0.4859365224838257,0.014042725023127459
xgboost,MLB,NPB,full_cross_league,NPB,江柄子　裕樹,2016,-0.6152713754810549,-0.244401216506958,0.13754467481747193
xgboost,MLB,NPB,full_cross_league,NPB,大野　雄大,2016,0.201525416286766,0.5971725583076477,0.15653666098929173
xgboost,MLB,NPB,full_cross_league,NPB,吉見　一起,2016,0.132195184624776,0.40282514691352844,0.07324057648841158
xgboost,MLB,NPB,full_cross_league,NPB,ジョーダン,2016,-0.409447250234522,0.6224542260169983,1.064820656690067
xgboost,MLB,NPB,full_cross_league,NPB,若松　駿太,2016,-0.409447250234522,-0.4672757089138031,0.003344130633221322
xgboost,MLB,NPB,full_cross_league,NPB,小笠原　慎之介,2016,-0.5394414346007531,-0.5058878660202026,0.001125841964489704
xgboost,MLB,NPB,full_cross_league,NPB,小熊　凌祐,2016,-0.561107131995125,-0.6385185718536377,0.005992531020968134
xgboost,MLB,NPB,full_cross_league,NPB,八木　智哉,2016,-0.571939980692311,-0.3740917444229126,0.03914392459491169
xgboost,MLB,NPB,full_cross_league,NPB,濱田　達郎,2016,-0.628812436352537,-0.537843644618988,0.008275321069461812
xgboost,MLB,NPB,full_cross_league,NPB,伊藤　準規,2016,-0.6531863459212057,-0.46019402146339417,0.03724603729962921
xgboost,MLB,NPB,full_cross_league,NPB,野村　祐輔,2016,0.34885215856849494,0.21305528283119202,0.01844079146001249
xgboost,MLB,NPB,full_cross_league,NPB,福井　優也,2016,-0.29028591456547603,0.0682835727930069,0.12857207726452524
xgboost,MLB,NPB,full_cross_league,NPB,岡田　明丈,2016,-0.46144492398101405,-0.6791960000991821,0.04741553115062023
xgboost,MLB,NPB,full_cross_league,NPB,横山　弘樹,2016,-0.599022102435276,-0.3598397672176361,0.05720818948016345
xgboost,MLB,NPB,full_cross_league,NPB,中村　恭平,2016,-0.636937072875427,-0.436521977186203,0.04016621058012081
xgboost,MLB,NPB,full_cross_league,NPB,石川　雅規,2016,1.21548005434337,0.5224006175994873,0.48035910563721756
xgboost,MLB,NPB,full_cross_league,NPB,館山　昌平,2016,0.565509132512215,-0.2566506564617157,0.6759467186056582
xgboost,MLB,NPB,full_cross_league,NPB,小川　泰弘,2016,0.21885797420226402,-0.10860159248113632,0.10722976781248034
xgboost,MLB,NPB,full_cross_league,NPB,山中　浩史,2016,-0.29028591456547603,0.30841338634490967,0.3584408529105846
xgboost,MLB,NPB,full_cross_league,NPB,原　樹理,2016,-0.5502742832979389,-0.40111225843429565,0.022249309661422134
xgboost,MLB,NPB,full_cross_league,NPB,和田　毅,2016,3.59870676772428,3.5904111862182617,6.881667252299434e-5
xgboost,MLB,NPB,full_cross_league,NPB,攝津　正,2016,3.59870676772428,0.009447827935218811,12.882779736855696
xgboost,MLB,NPB,full_cross_league,NPB,武田　翔太,2016,0.565509132512215,-0.19615799188613892,0.5801368083892575
xgboost,MLB,NPB,full_cross_league,NPB,中田　賢一,2016,0.2946879150825661,-0.1547619253396988,0.20200515905559938
xgboost,MLB,NPB,full_cross_league,NPB,千賀　滉大,2016,-0.0302975458330132,-0.014551817439496517,2.4792796264239744e-4
xgboost,MLB,NPB,full_cross_league,NPB,大隣　憲司,2016,-0.138626032804873,-0.23738329112529755,0.00975299607096706
xgboost,MLB,NPB,full_cross_league,NPB,東浜　巨,2016,-0.34445015805140594,-0.46670597791671753,0.014946485490939515
xgboost,MLB,NPB,full_cross_league,NPB,山田　大樹,2016,-0.582772829389497,-0.46459904313087463,0.013965043758698573
xgboost,MLB,NPB,full_cross_league,NPB,大谷　翔平,2016,2.19043643709011,0.04715943709015846,4.593636298728792
xgboost,MLB,NPB,full_cross_league,NPB,有原　航平,2016,-0.084461789318943,-0.08461805433034897,2.4418753789705485e-8
xgboost,MLB,NPB,full_cross_league,NPB,加藤　貴之,2016,-0.45277864502326604,-0.10555557161569595,0.1205638627065988
xgboost,MLB,NPB,full_cross_league,NPB,杉浦　稔大,2016,-0.571939980692311,-0.4855426251888275,0.007464503037995308
xgboost,MLB,NPB,full_cross_league,NPB,中村　勝,2016,-0.6044385267838689,-0.43938112258911133,0.02724394667951157
xgboost,MLB,NPB,full_cross_league,NPB,西　勇輝,2016,0.6738376194840741,0.19413840770721436,0.23011133377934048
xgboost,MLB,NPB,full_cross_league,NPB,松葉　貴大,2016,-0.339033733702813,-0.31374362111091614,6.395897949108191e-4
xgboost,MLB,NPB,full_cross_league,NPB,東明　大貴,2016,-0.36611585544577796,-0.05783943831920624,0.09503434935639604
xgboost,MLB,NPB,full_cross_league,NPB,八木　亮祐,2016,-0.561107131995125,-0.6053853034973145,0.0019605564715773054
xgboost,MLB,NPB,full_cross_league,NPB,近藤　大亮,2016,-0.6304373636571149,-0.2561744451522827,0.14007273216775465
xgboost,MLB,NPB,full_cross_league,NPB,青山　大紀,2016,-0.636937072875427,-0.5464071035385132,0.008195675348142556
xgboost,MLB,NPB,full_cross_league,NPB,山田　修義,2016,-0.636937072875427,-0.44058117270469666,0.038555639531857824
xgboost,MLB,NPB,full_cross_league,NPB,岸　孝之,2016,1.70295824571674,0.14987175166606903,2.412077658002605
xgboost,MLB,NPB,full_cross_league,NPB,則本　昂大,2016,1.43213702828709,1.2104681730270386,0.04913708139230163
xgboost,MLB,NPB,full_cross_league,NPB,美馬　学,2016,-0.192790276290803,0.7824426293373108,0.9510792202198536
xgboost,MLB,NPB,full_cross_league,NPB,塩見　貴洋,2016,-0.24695451977673202,1.1314185857772827,1.899912418114619
xgboost,MLB,NPB,full_cross_league,NPB,辛島　航,2016,-0.409447250234522,-0.2125825434923172,0.0387557127606943
xgboost,MLB,NPB,full_cross_league,NPB,釜田　佳直,2016,-0.4636114937204521,-0.4602091610431671,1.1575867646921032e-5
xgboost,MLB,NPB,full_cross_league,NPB,安樂　智大,2016,-0.5069428885091951,-0.4026878774166107,0.010869107337914895
xgboost,MLB,NPB,full_cross_league,NPB,菊池　保則,2016,-0.571939980692311,-0.4196787178516388,0.023183492161836267
xgboost,MLB,NPB,full_cross_league,NPB,菊池　雄星,2016,0.34885215856849494,-0.5025441646575928,0.7248756992029008
xgboost,MLB,NPB,full_cross_league,NPB,野上　亮磨,2016,-0.192790276290803,0.11329927295446396,0.09369081215717072
xgboost,MLB,NPB,full_cross_league,NPB,十亀　剣,2016,-0.192790276290803,-0.030212393030524254,0.026431568125392824
xgboost,MLB,NPB,full_cross_league,NPB,髙橋　光成,2016,-0.4852771911148231,-0.275218665599823,0.044124584141535944
xgboost,MLB,NPB,full_cross_league,NPB,多和田　真三郎,2016,-0.4852771911148231,-0.3969708979129791,0.007798001419050034
xgboost,MLB,NPB,full_cross_league,NPB,本田　圭佑,2016,-0.6586027702697991,-0.5073007345199585,0.022892306022046036
xgboost,MLB,NPB,full_cross_league,NPB,佐藤　勇,2016,-0.6694356189669849,-0.4985193610191345,0.029212367230896125
xgboost,MLB,NPB,full_cross_league,NPB,涌井　秀章,2016,1.9737794631463899,1.283124566078186,0.4770041868442912
xgboost,MLB,NPB,full_cross_league,NPB,石川　歩,2016,0.6738376194840741,1.1469169855117798,0.22380408656117598
xgboost,MLB,NPB,full_cross_league,NPB,唐川　侑己,2016,-0.171124578896431,-0.2471175491809845,0.005774931532669029
xgboost,MLB,NPB,full_cross_league,NPB,古谷　拓哉,2016,-0.44194579632608,-0.1586436778306961,0.08026009034397254
xgboost,MLB,NPB,full_cross_league,NPB,関谷　亮太,2016,-0.49069361546341594,-0.3275704085826874,0.02660918062305297
xgboost,MLB,NPB,full_cross_league,NPB,二木　康太,2016,-0.5394414346007531,-0.2905524671077728,0.061945718139721793
xgboost,MLB,NPB,full_cross_league,NPB,チェン・グァンユウ,2016,-0.561107131995125,-0.27497637271881104,0.08187081140403991
xgboost,MLB,NPB,full_cross_league,NPB,藤浪　晋太郎,2017,0.565509132512215,-0.3017332851886749,0.7521094110596849
xgboost,MLB,NPB,full_cross_league,NPB,能見　篤史,2017,0.565509132512215,1.4568350315093994,0.794461858223139
xgboost,MLB,NPB,full_cross_league,NPB,岩田　稔,2017,-0.192790276290803,-0.265758216381073,0.005324320281017231
xgboost,MLB,NPB,full_cross_league,NPB,秋山　拓巳,2017,-0.29028591456547603,0.6848121881484985,0.9508163099163929
xgboost,MLB,NPB,full_cross_league,NPB,岩貞　祐太,2017,-0.3552830067485919,0.19591614603996277,0.30382050603482047
xgboost,MLB,NPB,full_cross_league,NPB,岡本　洋介,2017,-0.4852771911148231,-0.26854613423347473,0.04697235101690626
xgboost,MLB,NPB,full_cross_league,NPB,小野　泰己,2017,-0.5394414346007531,-0.45274192094802856,0.00751680566761897
xgboost,MLB,NPB,full_cross_league,NPB,青柳　晃洋,2017,-0.5936056780866831,-0.3699433207511902,0.05002485008886971
xgboost,MLB,NPB,full_cross_league,NPB,横山　雄哉,2017,-0.5936056780866831,-0.4598231315612793,0.017897769754821827
xgboost,MLB,NPB,full_cross_league,NPB,福永　春吾,2017,-0.6607693400092358,-0.5266038775444031,0.018000371318402444
xgboost,MLB,NPB,full_cross_league,NPB,井納　翔一,2017,0.186359428110706,0.6733018755912781,0.2371129471583697
xgboost,MLB,NPB,full_cross_league,NPB,今永　昇太,2017,0.17552657941351998,-0.07657790929079056,0.06355667322486186
xgboost,MLB,NPB,full_cross_league,NPB,石田　健大,2017,-0.084461789318943,-0.48257991671562195,0.1584980433618383
xgboost,MLB,NPB,full_cross_league,NPB,濵口　遥大,2017,-0.219872398033767,-0.3172716498374939,0.009486614251925794
xgboost,MLB,NPB,full_cross_league,NPB,熊原　健人,2017,-0.5936056780866831,-0.4922120273113251,0.010280672417555257
xgboost,MLB,NPB,full_cross_league,NPB,水野　滉也,2017,-0.6044385267838689,-0.5323644280433655,0.005194675709255836
xgboost,MLB,NPB,full_cross_league,NPB,飯塚　悟史,2017,-0.64235349722402,-0.5370493531227112,0.011088962764909217
xgboost,MLB,NPB,full_cross_league,NPB,平良　拳太郎,2017,-0.6531863459212057,-0.5174256563186646,0.01843096484135753
xgboost,MLB,NPB,full_cross_league,NPB,綾部　翔,2017,-0.6726854735761411,-0.5315136909484863,0.019929472210269798
xgboost,MLB,NPB,full_cross_league,NPB,菅野　智之,2017,4.140349202583581,5.06843376159668,0.8613409486785385
xgboost,MLB,NPB,full_cross_league,NPB,山口　俊,2017,1.7571224892026698,-0.18124952912330627,3.7572860814291182
xgboost,MLB,NPB,full_cross_league,NPB,野上　亮磨,2017,0.890494593427793,0.9077198505401611,2.9670948258718813e-4
xgboost,MLB,NPB,full_cross_league,NPB,内海　哲也,2017,0.34885215856849494,-0.2753896415233612,0.3896778249819209
xgboost,MLB,NPB,full_cross_league,NPB,田口　麗斗,2017,0.240523671596636,-0.16617317497730255,0.16540232501318572
xgboost,MLB,NPB,full_cross_league,NPB,吉川　光夫,2017,0.0238666976529166,-0.3126581311225891,0.11324896038238344
xgboost,MLB,NPB,full_cross_league,NPB,大竹　寛,2017,-0.16570815454783805,-0.23413898050785065,0.004682777941569534
xgboost,MLB,NPB,full_cross_league,NPB,宮國　椋丞,2017,-0.474444342417637,-0.6420823931694031,0.028102516059851698
xgboost,MLB,NPB,full_cross_league,NPB,畠　世周,2017,-0.474444342417637,-0.44186916947364807,0.0010611418923307883
xgboost,MLB,NPB,full_cross_league,NPB,大野　雄大,2017,0.132195184624776,0.3520648181438446,0.04834265574380953
xgboost,MLB,NPB,full_cross_league,NPB,吉見　一起,2017,0.07803094113884641,-0.5353548526763916,0.37624213205434975
xgboost,MLB,NPB,full_cross_league,NPB,山井　大介,2017,0.0455323950472885,0.0025745348539203405,0.001845377752392965
xgboost,MLB,NPB,full_cross_league,NPB,若松　駿太,2017,-0.4636114937204521,-0.5314667820930481,0.004604340160128165
xgboost,MLB,NPB,full_cross_league,NPB,小笠原　慎之介,2017,-0.5069428885091951,-0.48035210371017456,7.070698362278224e-4
xgboost,MLB,NPB,full_cross_league,NPB,柳　裕也,2017,-0.5773564050409039,-0.5654857158660889,1.40913261485071e-4
xgboost,MLB,NPB,full_cross_league,NPB,鈴木　翔太,2017,-0.6044385267838689,-0.5187204480171204,0.007347589027462505
xgboost,MLB,NPB,full_cross_league,NPB,小熊　凌祐,2017,-0.6044385267838689,-0.342026948928833,0.06885983619236956
xgboost,MLB,NPB,full_cross_league,NPB,野村　祐輔,2017,0.565509132512215,0.28133976459503174,0.08075222966245148
xgboost,MLB,NPB,full_cross_league,NPB,大瀬良　大地,2017,-0.0519632432273851,-0.3201777935028076,0.07193904497944716
xgboost,MLB,NPB,full_cross_league,NPB,岡田　明丈,2017,-0.27945306586829005,0.03839525952935219,0.10102755795808546
xgboost,MLB,NPB,full_cross_league,NPB,福井　優也,2017,-0.398614401537336,-0.01740456186234951,0.14532094186502892
xgboost,MLB,NPB,full_cross_league,NPB,中村　祐太,2017,-0.636937072875427,-0.35128679871559143,0.08159607912758922
xgboost,MLB,NPB,full_cross_league,NPB,床田　寛樹,2017,-0.6586027702697991,-0.4085776209831238,0.06251257527582427
xgboost,MLB,NPB,full_cross_league,NPB,石川　雅規,2017,0.565509132512215,0.535082995891571,9.257497896580923e-4
xgboost,MLB,NPB,full_cross_league,NPB,館山　昌平,2017,0.3271864611741241,-0.4555834233760834,0.6127286921587451
xgboost,MLB,NPB,full_cross_league,NPB,小川　泰弘,2017,0.240523671596636,-0.488934725522995,0.5321095531283413
xgboost,MLB,NPB,full_cross_league,NPB,山中　浩史,2017,-0.38778155284015,-0.4858543276786804,0.009618269164529089
xgboost,MLB,NPB,full_cross_league,NPB,原　樹理,2017,-0.42028009893170803,-0.2095402330160141,0.04441129108616466
xgboost,MLB,NPB,full_cross_league,NPB,星　知弥,2017,-0.496110039812009,-0.5314054489135742,0.0012457659036468516
xgboost,MLB,NPB,full_cross_league,NPB,山田　大樹,2017,-0.582772829389497,-0.6497617959976196,0.0044875216472241635
xgboost,MLB,NPB,full_cross_league,NPB,寺島　成輝,2017,-0.6152713754810549,-0.5184088945388794,0.009382340214273319
xgboost,MLB,NPB,full_cross_league,NPB,岩橋　慶侍,2017,-0.626104224178241,-0.4332069754600525,0.03720934856304667
xgboost,MLB,NPB,full_cross_league,NPB,中尾　輝,2017,-0.6564362005303619,-0.5125128030776978,0.02071394433431753
xgboost,MLB,NPB,full_cross_league,NPB,梅野　雄吾,2017,-0.664019194618392,-0.5367668867111206,0.016193149867727002
xgboost,MLB,NPB,full_cross_league,NPB,和田　毅,2017,3.59870676772428,-0.08177213370800018,13.545924943888165
xgboost,MLB,NPB,full_cross_league,NPB,攝津　正,2017,3.59870676772428,0.28733566403388977,10.965178586355714
xgboost,MLB,NPB,full_cross_league,NPB,千賀　滉大,2017,0.619673375998144,-0.4955597221851349,1.2437448632834747
xgboost,MLB,NPB,full_cross_league,NPB,武田　翔太,2017,0.240523671596636,-0.38801103830337524,0.3950558815490913
xgboost,MLB,NPB,full_cross_league,NPB,東浜　巨,2017,0.240523671596636,0.705051839351654,0.21578641863783418
xgboost,MLB,NPB,full_cross_league,NPB,中田　賢一,2017,0.186359428110706,0.22862744331359863,0.0017865851091919632
xgboost,MLB,NPB,full_cross_league,NPB,松本　裕樹,2017,-0.6044385267838689,-0.5305243134498596,0.005463310932785434
xgboost,MLB,NPB,full_cross_league,NPB,有原　航平,2017,0.0238666976529166,0.09842019528150558,0.0055582240086560234
xgboost,MLB,NPB,full_cross_league,NPB,高梨　裕稔,2017,-0.34445015805140594,-0.10791614651679993,0.05594833861265313
xgboost,MLB,NPB,full_cross_league,NPB,村田　透,2017,-0.3552830067485919,-0.30704882740974426,0.0023265360564921184
xgboost,MLB,NPB,full_cross_league,NPB,加藤　貴之,2017,-0.38778155284015,-0.23545168340206146,0.023204389123025092
xgboost,MLB,NPB,full_cross_league,NPB,上沢　直之,2017,-0.474444342417637,-0.34697338938713074,0.016248843866505533
xgboost,MLB,NPB,full_cross_league,NPB,浦野　博司,2017,-0.5242754464246931,-0.32948410511016846,0.03794366665111165
xgboost,MLB,NPB,full_cross_league,NPB,斎藤　佑樹,2017,-0.536191579991598,-0.2109934389591217,0.10575383093097838
xgboost,MLB,NPB,full_cross_league,NPB,上原　健太,2017,-0.6044385267838689,-0.5266345143318176,0.006053464353638948
xgboost,MLB,NPB,full_cross_league,NPB,中村　勝,2017,-0.6152713754810549,-0.4638233482837677,0.02293650494195025
xgboost,MLB,NPB,full_cross_league,NPB,吉田　侑樹,2017,-0.631520648526834,-0.5188127160072327,0.012703078052843004
xgboost,MLB,NPB,full_cross_league,NPB,西　勇輝,2017,0.565509132512215,0.2412400245666504,0.10515045436781224
xgboost,MLB,NPB,full_cross_league,NPB,山岡　泰輔,2017,-0.268620217171104,-0.32021263241767883,0.002661777310975006
xgboost,MLB,NPB,full_cross_league,NPB,松葉　貴大,2017,-0.339033733702813,0.06267180293798447,0.16136733816787105
xgboost,MLB,NPB,full_cross_league,NPB,東明　大貴,2017,-0.45819506937185905,-0.3126450181007385,0.021184817425025815
xgboost,MLB,NPB,full_cross_league,NPB,山本　由伸,2017,-0.6477699215726129,-0.529914379119873,0.013889928886829573
xgboost,MLB,NPB,full_cross_league,NPB,山田　修義,2017,-0.6564362005303619,-0.376363605260849,0.07844065862100037
xgboost,MLB,NPB,full_cross_league,NPB,吉田　凌,2017,-0.677018613055015,-0.5104023814201355,0.027760968644207816
xgboost,MLB,NPB,full_cross_league,NPB,岸　孝之,2017,2.51542189800569,2.249260902404785,0.07084167557926498
xgboost,MLB,NPB,full_cross_league,NPB,則本　昂大,2017,1.9737794631463899,2.889259099960327,0.8381029654209785
xgboost,MLB,NPB,full_cross_league,NPB,美馬　学,2017,0.132195184624776,1.9744690656661987,3.3939730527674263
xgboost,MLB,NPB,full_cross_league,NPB,辛島　航,2017,-0.27945306586829005,0.3250439763069153,0.36541667399857203
xgboost,MLB,NPB,full_cross_league,NPB,塩見　貴洋,2017,-0.32278446065703403,-0.02250378206372261,0.0901684859364596
xgboost,MLB,NPB,full_cross_league,NPB,釜田　佳直,2017,-0.4852771911148231,-0.4416361153125763,0.001904543497177451
xgboost,MLB,NPB,full_cross_league,NPB,安樂　智大,2017,-0.5177757372063811,-0.5032063126564026,2.1226813171751796e-4
xgboost,MLB,NPB,full_cross_league,NPB,藤平　尚真,2017,-0.5394414346007531,-0.5318644046783447,5.741138244507201e-5
xgboost,MLB,NPB,full_cross_league,NPB,古川　侑利,2017,-0.6531863459212057,-0.42074844241142273,0.05402737898802319
xgboost,MLB,NPB,full_cross_league,NPB,菊池　雄星,2017,1.8654509761745302,0.6349855661392212,1.514045125293361
xgboost,MLB,NPB,full_cross_league,NPB,十亀　剣,2017,-0.084461789318943,1.0026756525039673,1.1818678174132615
xgboost,MLB,NPB,full_cross_league,NPB,多和田　真三郎,2017,-0.45277864502326604,-0.16253730654716492,0.08424003456039869
xgboost,MLB,NPB,full_cross_league,NPB,髙橋　光成,2017,-0.5015264641606019,-0.4687764346599579,0.0010725644322930512
xgboost,MLB,NPB,full_cross_league,NPB,佐野　泰雄,2017,-0.571939980692311,-0.4625544548034668,0.011965193273979005
xgboost,MLB,NPB,full_cross_league,NPB,涌井　秀章,2017,1.43213702828709,0.5289974808692932,0.8156610421100228
xgboost,MLB,NPB,full_cross_league,NPB,石川　歩,2017,0.45718064554035504,0.06418338418006897,0.154446847436685
xgboost,MLB,NPB,full_cross_league,NPB,西野　勇士,2017,0.07803094113884641,-0.47865262627601624,0.309896594229738
xgboost,MLB,NPB,full_cross_league,NPB,唐川　侑己,2017,-0.12779318410768703,0.07700246572494507,0.04194125819037006
xgboost,MLB,NPB,full_cross_league,NPB,二木　康太,2017,-0.3011187632626621,-0.47076401114463806,0.02877951012893706
xgboost,MLB,NPB,full_cross_league,NPB,関谷　亮太,2017,-0.512359312857788,-0.4677017331123352,0.0019942994287214773
xgboost,MLB,NPB,full_cross_league,NPB,佐々木　千隼,2017,-0.521025591815537,-0.4876435697078705,0.0011143593999967348
xgboost,MLB,NPB,full_cross_league,NPB,大隣　憲司,2017,-0.626104224178241,-0.5306098461151123,0.009119176241663748
xgboost,MLB,NPB,full_cross_league,NPB,成田　翔,2017,-0.6618526248789548,-0.5394909381866455,0.01497238237018686
xgboost,MLB,NPB,full_cross_league,NPB,西　勇輝,2018,1.9737794631463899,1.4372138977050781,0.28790260601735457
xgboost,MLB,NPB,full_cross_league,NPB,藤浪　晋太郎,2018,0.17552657941351998,-0.23906373977661133,0.17188513276617498
xgboost,MLB,NPB,full_cross_league,NPB,岩貞　祐太,2018,-0.32278446065703403,0.4241323173046112,0.5578846732006056
xgboost,MLB,NPB,full_cross_league,NPB,岩田　稔,2018,-0.32278446065703403,0.7477015256881714,1.1459402469614672
xgboost,MLB,NPB,full_cross_league,NPB,秋山　拓巳,2018,-0.34445015805140594,0.6313905119895935,0.9522650133060666
xgboost,MLB,NPB,full_cross_league,NPB,小野　泰己,2018,-0.44194579632608,-0.25686585903167725,0.034254583188900053
xgboost,MLB,NPB,full_cross_league,NPB,飯田　優也,2018,-0.528608585903567,-0.37239012122154236,0.024404208707608968
xgboost,MLB,NPB,full_cross_league,NPB,才木　浩人,2018,-0.571939980692311,-0.5009287595748901,0.005042593524587239
xgboost,MLB,NPB,full_cross_league,NPB,馬場　皐輔,2018,-0.5773564050409039,-0.5400958061218262,0.001388352231808377
xgboost,MLB,NPB,full_cross_league,NPB,髙橋　遥人,2018,-0.5936056780866831,-0.6076425313949585,1.9703325079804262e-4
xgboost,MLB,NPB,full_cross_league,NPB,青柳　晃洋,2018,-0.6044385267838689,-0.347303569316864,0.06611838635155841
xgboost,MLB,NPB,full_cross_league,NPB,今永　昇太,2018,-0.008631848438641248,-0.3820950984954834,0.1394747991430194
xgboost,MLB,NPB,full_cross_league,NPB,石田　健大,2018,-0.10612748671331501,-0.46531590819358826,0.1290163221254904
xgboost,MLB,NPB,full_cross_league,NPB,東　克樹,2018,-0.13320960845628002,-0.42862236499786377,0.08726869672749701
xgboost,MLB,NPB,full_cross_league,NPB,濵口　遥大,2018,-0.18737385194220998,-0.46996480226516724,0.07985764520443207
xgboost,MLB,NPB,full_cross_league,NPB,飯塚　悟史,2018,-0.582772829389497,-0.4815939962863922,0.010237156268105941
xgboost,MLB,NPB,full_cross_league,NPB,平良　拳太郎,2018,-0.5936056780866831,-0.5500609278678894,0.0018961452716171315
xgboost,MLB,NPB,full_cross_league,NPB,京山　将弥,2018,-0.6206877998296478,-0.4670148193836212,0.02361538491916488
xgboost,MLB,NPB,full_cross_league,NPB,菅野　智之,2018,6.306918942020769,2.5688374042510986,13.973253583014467
xgboost,MLB,NPB,full_cross_league,NPB,山口　俊,2018,1.7571224892026698,0.7588236331939697,0.9966006059082793
xgboost,MLB,NPB,full_cross_league,NPB,田口　麗斗,2018,0.07803094113884641,-0.4449281692504883,0.2734862311392044
xgboost,MLB,NPB,full_cross_league,NPB,大竹　寛,2018,-0.450070432848969,-0.6572692394256592,0.04293134544680466
xgboost,MLB,NPB,full_cross_league,NPB,今村　信貴,2018,-0.45277864502326604,-0.2166348546743393,0.05576388972035787
xgboost,MLB,NPB,full_cross_league,NPB,鍬原　拓也,2018,-0.5556907076465322,-0.48357120156288147,0.0052012231577497296
xgboost,MLB,NPB,full_cross_league,NPB,古川　侑利,2018,-0.561107131995125,-0.43006420135498047,0.01717224967075772
xgboost,MLB,NPB,full_cross_league,NPB,髙田　萌生,2018,-0.6607693400092358,-0.510226845741272,0.02266304258041993
xgboost,MLB,NPB,full_cross_league,NPB,吉見　一起,2018,0.240523671596636,0.504400372505188,0.0696309132823814
xgboost,MLB,NPB,full_cross_league,NPB,松坂　大輔,2018,0.132195184624776,0.6950460076332092,0.31680104896127065
xgboost,MLB,NPB,full_cross_league,NPB,山井　大介,2018,-0.06279609192457111,1.7590899467468262,3.319268737905756
xgboost,MLB,NPB,full_cross_league,NPB,大野　雄大,2018,-0.084461789318943,-0.35773995518684387,0.07468095594012394
xgboost,MLB,NPB,full_cross_league,NPB,松葉　貴大,2018,-0.43111294762889407,-0.3194331228733063,0.012472383257438801
xgboost,MLB,NPB,full_cross_league,NPB,笠原　祥太郎,2018,-0.5069428885091951,-0.5058852434158325,1.1186131435139647e-6
xgboost,MLB,NPB,full_cross_league,NPB,小笠原　慎之介,2018,-0.5069428885091951,-0.5544419288635254,0.0022561588345822964
xgboost,MLB,NPB,full_cross_league,NPB,柳　裕也,2018,-0.5773564050409039,-0.44131478667259216,0.018507321928269375
xgboost,MLB,NPB,full_cross_league,NPB,小熊　凌祐,2018,-0.6044385267838689,-0.10078120976686478,0.25367069298476697
xgboost,MLB,NPB,full_cross_league,NPB,鈴木　翔太,2018,-0.626104224178241,-0.47125110030174255,0.023979489974310163
xgboost,MLB,NPB,full_cross_league,NPB,Ｒ．マルティネス,2018,-0.626104224178241,-0.5135659575462341,0.012664861456536662
xgboost,MLB,NPB,full_cross_league,NPB,大瀬良　大地,2018,0.8363303499418638,1.893024206161499,1.1166019057723233
xgboost,MLB,NPB,full_cross_league,NPB,野村　祐輔,2018,0.565509132512215,0.12162427604198456,0.1970337658035971
xgboost,MLB,NPB,full_cross_league,NPB,九里　亜蓮,2018,-0.06279609192457111,0.03464921936392784,0.009495588692112462
xgboost,MLB,NPB,full_cross_league,NPB,岡田　明丈,2018,-0.138626032804873,-0.334488183259964,0.0383619819808927
xgboost,MLB,NPB,full_cross_league,NPB,中村　祐太,2018,-0.6044385267838689,-0.5071523189544678,0.009464606233825426
xgboost,MLB,NPB,full_cross_league,NPB,高橋　昂也,2018,-0.6477699215726129,-0.51256561279296875,0.01828020511258137
xgboost,MLB,NPB,full_cross_league,NPB,石川　雅規,2018,0.2946879150825661,0.2581443190574646,0.0013354344104458133
xgboost,MLB,NPB,full_cross_league,NPB,小川　泰弘,2018,0.26218936899100803,1.3968929052352905,1.2875521151652798
xgboost,MLB,NPB,full_cross_league,NPB,原　樹理,2018,-0.3011187632626621,-0.3701607584953308,0.004766797105707846
xgboost,MLB,NPB,full_cross_league,NPB,高梨　裕稔,2018,-0.34445015805140594,0.2567724585533142,0.3614686347170262
xgboost,MLB,NPB,full_cross_league,NPB,館山　昌平,2018,-0.474444342417637,-0.16349919140338898,0.0966868869392735
xgboost,MLB,NPB,full_cross_league,NPB,山田　大樹,2018,-0.5936056780866831,-0.46894755959510803,0.015539646505859563
xgboost,MLB,NPB,full_cross_league,NPB,寺島　成輝,2018,-0.6152713754810549,-0.5177276730537415,0.00951477388322828
xgboost,MLB,NPB,full_cross_league,NPB,高橋　奎二,2018,-0.6586027702697991,-0.5383469462394714,0.014461463213213127
xgboost,MLB,NPB,full_cross_league,NPB,千賀　滉大,2018,0.998823080399653,-0.19547626376152039,1.4263509234638088
xgboost,MLB,NPB,full_cross_league,NPB,東浜　巨,2018,0.186359428110706,0.9156855344772339,0.53191656942776
xgboost,MLB,NPB,full_cross_league,NPB,武田　翔太,2018,0.186359428110706,-0.34740301966667175,0.28490235065729785
xgboost,MLB,NPB,full_cross_league,NPB,中田　賢一,2018,-0.084461789318943,0.03586651012301445,0.01447889964659338
xgboost,MLB,NPB,full_cross_league,NPB,大竹　耕太郎,2018,-0.571939980692311,-0.5237282514572144,0.0023243708358382724
xgboost,MLB,NPB,full_cross_league,NPB,松本　裕樹,2018,-0.6044385267838689,-0.4504868984222412,0.023701103875196725
xgboost,MLB,NPB,full_cross_league,NPB,金子　弌大,2018,0.890494593427793,0.05673746019601822,0.6951509572148675
xgboost,MLB,NPB,full_cross_league,NPB,吉川　光夫,2018,0.07803094113884641,0.3221731185913086,0.05960540281122954
xgboost,MLB,NPB,full_cross_league,NPB,有原　航平,2018,0.0238666976529166,-0.3659011125564575,0.1519189458754107
xgboost,MLB,NPB,full_cross_league,NPB,上沢　直之,2018,0.0238666976529166,-0.17090129852294922,0.037934572334362086
xgboost,MLB,NPB,full_cross_league,NPB,村田　透,2018,-0.192790276290803,-0.6602362990379333,0.21850578418211067
xgboost,MLB,NPB,full_cross_league,NPB,加藤　貴之,2018,-0.3552830067485919,-0.29274022579193115,0.003911599449792849
xgboost,MLB,NPB,full_cross_league,NPB,上原　健太,2018,-0.5502742832979389,-0.3987480700016022,0.02296019331592694
xgboost,MLB,NPB,full_cross_league,NPB,杉浦　稔大,2018,-0.561107131995125,-0.1120641753077507,0.20163957695053908
xgboost,MLB,NPB,full_cross_league,NPB,斎藤　佑樹,2018,-0.561107131995125,-0.17492052912712097,0.14914009223472943
xgboost,MLB,NPB,full_cross_league,NPB,堀　瑞輝,2018,-0.6304373636571149,-0.5107317566871643,0.014329432340044282
xgboost,MLB,NPB,full_cross_league,NPB,吉田　侑樹,2018,-0.63477050313599,-0.48254629969596863,0.023172208112949025
xgboost,MLB,NPB,full_cross_league,NPB,宮台　康平,2018,-0.651019776181769,-0.4516039788722992,0.03976666021657154
xgboost,MLB,NPB,full_cross_league,NPB,山岡　泰輔,2018,-0.24695451977673202,-0.2788258194923401,0.0010157797455621186
xgboost,MLB,NPB,full_cross_league,NPB,東明　大貴,2018,-0.4852771911148231,-0.4068334400653839,0.006153422078706391
xgboost,MLB,NPB,full_cross_league,NPB,田嶋　大樹,2018,-0.5177757372063811,-0.4126301407814026,0.011055596447564464
xgboost,MLB,NPB,full_cross_league,NPB,竹安　大知,2018,-0.636937072875427,-0.4171164035797119,0.04832112664961614
xgboost,MLB,NPB,full_cross_league,NPB,榊原　翼,2018,-0.6531863459212057,-0.4950235188007355,0.02501547988273976
xgboost,MLB,NPB,full_cross_league,NPB,岸　孝之,2018,2.51542189800569,3.633920192718506,1.2510384352754766
xgboost,MLB,NPB,full_cross_league,NPB,則本　昂大,2018,1.9737794631463899,0.7200250029563904,1.571900246446317
xgboost,MLB,NPB,full_cross_league,NPB,美馬　学,2018,-0.0302975458330132,-0.39981991052627563,0.13654677800850046
xgboost,MLB,NPB,full_cross_league,NPB,辛島　航,2018,-0.192790276290803,0.12031149864196777,0.09803272146605146
xgboost,MLB,NPB,full_cross_league,NPB,塩見　貴洋,2018,-0.36611585544577796,0.2946479618549347,0.4366088222538096
xgboost,MLB,NPB,full_cross_league,NPB,福井　優也,2018,-0.4636114937204521,-0.12429720163345337,0.11513418881450108
xgboost,MLB,NPB,full_cross_league,NPB,藤平　尚真,2018,-0.5394414346007531,-0.47678038477897644,0.003926407164767178
xgboost,MLB,NPB,full_cross_league,NPB,安樂　智大,2018,-0.561107131995125,-0.502072274684906,0.003485114377637913
xgboost,MLB,NPB,full_cross_league,NPB,西口　直人,2018,-0.6661857643578288,-0.5184656381607056,0.021821235683694023
xgboost,MLB,NPB,full_cross_league,NPB,内海　哲也,2018,0.34885215856849494,0.35174888372421265,8.391016627767764e-6
xgboost,MLB,NPB,full_cross_league,NPB,多和田　真三郎,2018,0.132195184624776,0.13558822870254517,1.1512748113684397e-5
xgboost,MLB,NPB,full_cross_league,NPB,榎田　大樹,2018,-0.138626032804873,0.8733981251716614,1.0241928963281133
xgboost,MLB,NPB,full_cross_league,NPB,十亀　剣,2018,-0.181957427593617,0.3105597496032715,0.24257316983399124
xgboost,MLB,NPB,full_cross_league,NPB,髙橋　光成,2018,-0.5340250102521601,-0.48582008481025696,0.00232371483685944
xgboost,MLB,NPB,full_cross_league,NPB,今井　達也,2018,-0.5394414346007531,-0.5277737975120544,1.3613375523357672e-4
xgboost,MLB,NPB,full_cross_league,NPB,郭　俊麟,2018,-0.6044385267838689,-0.38329121470451355,0.048906133639923785
xgboost,MLB,NPB,full_cross_league,NPB,涌井　秀章,2018,1.43213702828709,0.5013400316238403,0.8663830489973257
xgboost,MLB,NPB,full_cross_league,NPB,石川　歩,2018,0.5113448890262849,0.7841359376907349,0.07441495623145028
xgboost,MLB,NPB,full_cross_league,NPB,二木　康太,2018,-0.268620217171104,-0.48059478402137756,0.04493321699136109
xgboost,MLB,NPB,full_cross_league,NPB,有吉　優樹,2018,-0.27945306586829005,-0.5675811171531677,0.0830177739372211
xgboost,MLB,NPB,full_cross_league,NPB,酒居　知史,2018,-0.5015264641606019,-0.3412218689918518,0.025697563232216846
xgboost,MLB,NPB,full_cross_league,NPB,土肥　星也,2018,-0.6066050965233062,-0.5403478145599365,0.004390027413173471
xgboost,MLB,NPB,full_cross_league,NPB,山本　大貴,2018,-0.6098549511324619,-0.5453547239303589,0.004160279309122911
xgboost,MLB,NPB,full_cross_league,NPB,渡邉　啓太,2018,-0.6152713754810549,-0.4597986936569214,0.024171754793588265
xgboost,MLB,NPB,full_cross_league,NPB,種市　篤暉,2018,-0.6607693400092358,-0.45866334438323975,0.040846833467975144
xgboost,MLB,NPB,full_cross_league,NPB,西　勇輝,2019,1.43213702828709,0.6113746762275696,0.6736508385582761
xgboost,MLB,NPB,full_cross_league,NPB,藤浪　晋太郎,2019,-0.0519632432273851,-0.30401843786239624,0.06353182114249335
xgboost,MLB,NPB,full_cross_league,NPB,岩田　稔,2019,-0.32278446065703403,-0.12975548207759857,0.037260186571420155
xgboost,MLB,NPB,full_cross_league,NPB,中田　賢一,2019,-0.3552830067485919,-0.13521498441696167,0.04842993445295491
xgboost,MLB,NPB,full_cross_league,NPB,秋山　拓巳,2019,-0.38778155284015,-0.20855483412742615,0.03212221670052983
xgboost,MLB,NPB,full_cross_league,NPB,岩貞　祐太,2019,-0.38778155284015,-0.04401005432009697,0.11817884319472281
xgboost,MLB,NPB,full_cross_league,NPB,青柳　晃洋,2019,-0.409447250234522,0.19942080974578857,0.3707203144641871
xgboost,MLB,NPB,full_cross_league,NPB,髙橋　遥人,2019,-0.496110039812009,-0.38005873560905457,0.013467905207206674
xgboost,MLB,NPB,full_cross_league,NPB,才木　浩人,2019,-0.5936056780866831,-0.4969142973423004,0.009349223110255173
xgboost,MLB,NPB,full_cross_league,NPB,望月　惇志,2019,-0.6098549511324619,-0.5086281895637512,0.010246857257688603
xgboost,MLB,NPB,full_cross_league,NPB,今永　昇太,2019,0.7388347116671901,-0.003316796850413084,0.550788861594954
xgboost,MLB,NPB,full_cross_league,NPB,井納　翔一,2019,-0.07362894062175701,-0.08482247591018677,1.2529523225332225e-4
xgboost,MLB,NPB,full_cross_league,NPB,濵口　遥大,2019,-0.138626032804873,-0.31317338347435,0.03046677762573336
xgboost,MLB,NPB,full_cross_league,NPB,東　克樹,2019,-0.257787368473918,-0.5227217674255371,0.07019023574785568
xgboost,MLB,NPB,full_cross_league,NPB,上茶谷　大河,2019,-0.268620217171104,-0.4961153268814087,0.051754024942103564
xgboost,MLB,NPB,full_cross_league,NPB,大貫　晋一,2019,-0.4636114937204521,-0.4121461808681488,0.002648678426985452
xgboost,MLB,NPB,full_cross_league,NPB,平良　拳太郎,2019,-0.5069428885091951,-0.576296865940094,0.004809974185485632
xgboost,MLB,NPB,full_cross_league,NPB,京山　将弥,2019,-0.6131048057416179,-0.5602883696556091,0.0027895759208274445
xgboost,MLB,NPB,full_cross_league,NPB,阪口　皓亮,2019,-0.6683523340972657,-0.525528073310852,0.020398769469185493
xgboost,MLB,NPB,full_cross_league,NPB,菅野　智之,2019,6.306918942020769,1.3890790939331055,24.185148771438897
xgboost,MLB,NPB,full_cross_league,NPB,桜井　俊貴,2019,-0.409447250234522,-0.2276185303926468,0.033061683359335146
xgboost,MLB,NPB,full_cross_league,NPB,今村　信貴,2019,-0.43111294762889407,-0.2118702381849289,0.04806736564433094
xgboost,MLB,NPB,full_cross_league,NPB,髙橋　優貴,2019,-0.474444342417637,-0.4356483817100525,0.001505126567224441
xgboost,MLB,NPB,full_cross_league,NPB,畠　世周,2019,-0.557857277385969,-0.5160662531852722,0.0017464897037432257
xgboost,MLB,NPB,full_cross_league,NPB,古川　侑利,2019,-0.561107131995125,-0.46224236488342285,0.009774242176051096
xgboost,MLB,NPB,full_cross_league,NPB,戸郷　翔征,2019,-0.664019194618392,-0.4735012650489807,0.03629708148741515
xgboost,MLB,NPB,full_cross_league,NPB,大野　雄大,2019,0.6738376194840741,2.1437487602233887,2.1606387616695533
xgboost,MLB,NPB,full_cross_league,NPB,吉見　一起,2019,0.240523671596636,0.5691749453544617,0.10801165974264126
xgboost,MLB,NPB,full_cross_league,NPB,山井　大介,2019,-0.23070524673095302,0.4885377287864685,0.5173104578311543
xgboost,MLB,NPB,full_cross_league,NPB,柳　裕也,2019,-0.24695451977673202,-0.09092399477958679,0.024345524730884763
xgboost,MLB,NPB,full_cross_league,NPB,松葉　貴大,2019,-0.4636114937204521,-0.3948887288570404,0.00472281841047177
xgboost,MLB,NPB,full_cross_league,NPB,小笠原　慎之介,2019,-0.528608585903567,-0.5570685863494873,8.09971625381786e-4
xgboost,MLB,NPB,full_cross_league,NPB,福谷　浩司,2019,-0.5394414346007531,0.7266916036605835,1.6030928705768837
xgboost,MLB,NPB,full_cross_league,NPB,笠原　祥太郎,2019,-0.5556907076465322,-0.3583018481731415,0.03896236184420598
xgboost,MLB,NPB,full_cross_league,NPB,梅津　晃大,2019,-0.571939980692311,-0.5366908311843872,0.0012425025410319642
xgboost,MLB,NPB,full_cross_league,NPB,山本　拓実,2019,-0.6152713754810549,-0.5597296357154846,0.003084884856186334
xgboost,MLB,NPB,full_cross_league,NPB,勝野　昌慶,2019,-0.6152713754810549,-0.5567030310630798,0.003430250967862554
xgboost,MLB,NPB,full_cross_league,NPB,清水　達也,2019,-0.6477699215726129,-0.43988609313964844,0.04321568612394622
xgboost,MLB,NPB,full_cross_league,NPB,阿知羅　拓馬,2019,-0.6477699215726129,-0.27373167872428894,0.1399046071130618
xgboost,MLB,NPB,full_cross_league,NPB,Ｋ．ジョンソン,2019,2.2175185588330706,1.424121379852295,0.629479083614653
xgboost,MLB,NPB,full_cross_league,NPB,大瀬良　大地,2019,1.16131581085744,1.7910799980163574,0.396602931427932
xgboost,MLB,NPB,full_cross_league,NPB,野村　祐輔,2019,0.565509132512215,0.6743280291557312,0.011841552266712258
xgboost,MLB,NPB,full_cross_league,NPB,九里　亜蓮,2019,0.0455323950472885,0.9695664644241333,0.8538389613691317
xgboost,MLB,NPB,full_cross_league,NPB,岡田　明丈,2019,-0.257787368473918,-0.5016663074493408,0.05947693687577802
xgboost,MLB,NPB,full_cross_league,NPB,薮田　和樹,2019,-0.43111294762889407,-0.4622892141342163,9.719595932108772e-4
xgboost,MLB,NPB,full_cross_league,NPB,床田　寛樹,2019,-0.44194579632608,-0.3182077705860138,0.015311099014049286
xgboost,MLB,NPB,full_cross_league,NPB,アドゥワ　誠,2019,-0.496110039812009,-0.6056917905807495,0.012008160101542358
xgboost,MLB,NPB,full_cross_league,NPB,中村　祐太,2019,-0.626104224178241,-0.4954243004322052,0.017077242470269722
xgboost,MLB,NPB,full_cross_league,NPB,山口　翔,2019,-0.6531863459212057,-0.5733605027198792,0.006372165242802776
xgboost,MLB,NPB,full_cross_league,NPB,石川　雅規,2019,0.40301640205442507,1.1523547172546387,0.5615079106270946
xgboost,MLB,NPB,full_cross_league,NPB,小川　泰弘,2019,0.240523671596636,0.8786948323249817,0.407262430385364
xgboost,MLB,NPB,full_cross_league,NPB,原　樹理,2019,-0.37694870414296405,-0.30579787492752075,0.00506244049804518
xgboost,MLB,NPB,full_cross_league,NPB,高梨　裕稔,2019,-0.37694870414296405,-0.13914848864078522,0.0565489424928827
xgboost,MLB,NPB,full_cross_league,NPB,山田　大樹,2019,-0.5177757372063811,-0.06631745398044586,0.2038145814933088
xgboost,MLB,NPB,full_cross_league,NPB,高橋　奎二,2019,-0.5502742832979389,-0.3670685291290283,0.03356434836059931
xgboost,MLB,NPB,full_cross_league,NPB,田川　賢吾,2019,-0.6586027702697991,-0.49020010232925415,0.02835945856949344
xgboost,MLB,NPB,full_cross_league,NPB,千賀　滉大,2019,2.51542189800569,0.4645283818244934,4.2061642147140725
xgboost,MLB,NPB,full_cross_league,NPB,和田　毅,2019,0.34885215856849494,1.3857578039169312,1.075173317355457
xgboost,MLB,NPB,full_cross_league,NPB,東浜　巨,2019,-0.008631848438641248,-0.28700512647628784,0.07749168192542491
xgboost,MLB,NPB,full_cross_league,NPB,高橋　礼,2019,-0.192790276290803,-0.4753651022911072,0.07984853228910216
xgboost,MLB,NPB,full_cross_league,NPB,大竹　耕太郎,2019,-0.44194579632608,-0.33064427971839905,0.012388027599169878
xgboost,MLB,NPB,full_cross_league,NPB,二保　旭,2019,-0.496110039812009,-0.3118925392627716,0.033936087508608284
xgboost,MLB,NPB,full_cross_league,NPB,松本　裕樹,2019,-0.6044385267838689,-0.4524523913860321,0.023099785353169575
xgboost,MLB,NPB,full_cross_league,NPB,金子　弌大,2019,1.21548005434337,0.5645388960838318,0.42372439151626906
xgboost,MLB,NPB,full_cross_league,NPB,有原　航平,2019,0.8363303499418638,1.6002379655838013,0.58355484523575
xgboost,MLB,NPB,full_cross_league,NPB,上沢　直之,2019,-0.084461789318943,-0.35722845792770386,0.07440165550392157
xgboost,MLB,NPB,full_cross_league,NPB,加藤　貴之,2019,-0.116960335410501,0.04553418233990669,0.02640446829893756
xgboost,MLB,NPB,full_cross_league,NPB,杉浦　稔大,2019,-0.5177757372063811,-0.42361408472061157,0.008866416798850836
xgboost,MLB,NPB,full_cross_league,NPB,上原　健太,2019,-0.5502742832979389,-0.5273852348327637,5.239085396411417e-4
xgboost,MLB,NPB,full_cross_league,NPB,吉田　輝星,2019,-0.622854369569085,-0.5455461740493774,0.005976557094513335
xgboost,MLB,NPB,full_cross_league,NPB,北浦　竜次,2019,-0.6586027702697991,-0.526506245136261,0.01744949195235546
xgboost,MLB,NPB,full_cross_league,NPB,山岡　泰輔,2019,0.34885215856849494,-0.1012561172246933,0.2025974599375168
xgboost,MLB,NPB,full_cross_league,NPB,山本　由伸,2019,0.240523671596636,-0.7198935747146606,0.9224012870121738
xgboost,MLB,NPB,full_cross_league,NPB,Ｋ－鈴木,2019,-0.496110039812009,-0.256974995136261,0.05718556959207201
xgboost,MLB,NPB,full_cross_league,NPB,榊原　翼,2019,-0.528608585903567,-0.6509851813316345,0.014976031108564925
xgboost,MLB,NPB,full_cross_league,NPB,田嶋　大樹,2019,-0.5394414346007531,-0.4881783425807953,0.0026279046034466636
xgboost,MLB,NPB,full_cross_league,NPB,東明　大貴,2019,-0.5394414346007531,-0.4969891309738159,0.0018021980832336648
xgboost,MLB,NPB,full_cross_league,NPB,竹安　大知,2019,-0.5394414346007531,-0.3157752752304077,0.05002655084748075
xgboost,MLB,NPB,full_cross_league,NPB,荒西　祐大,2019,-0.5632737017345619,-0.23051010072231293,0.11073161415863925
xgboost,MLB,NPB,full_cross_league,NPB,張　奕,2019,-0.6477699215726129,-0.497860848903656,0.022472730068466607
xgboost,MLB,NPB,full_cross_league,NPB,鈴木　優,2019,-0.677018613055015,-0.44769150018692017,0.0525909246964159
xgboost,MLB,NPB,full_cross_league,NPB,則本　昂大,2019,2.51542189800569,1.2490109205245972,1.6037967638846173
xgboost,MLB,NPB,full_cross_league,NPB,岸　孝之,2019,2.51542189800569,0.7274086475372314,3.1969913838507833
xgboost,MLB,NPB,full_cross_league,NPB,涌井　秀章,2019,0.619673375998144,0.5991677045822144,4.2048256021807334e-4
xgboost,MLB,NPB,full_cross_league,NPB,辛島　航,2019,-0.06279609192457111,0.010151022113859653,0.005321281446535823
xgboost,MLB,NPB,full_cross_league,NPB,塩見　貴洋,2019,-0.409447250234522,0.7295824885368347,1.2973887458055453
xgboost,MLB,NPB,full_cross_league,NPB,石橋　良太,2019,-0.45277864502326604,0.34062114357948303,0.6294832245548869
xgboost,MLB,NPB,full_cross_league,NPB,福井　優也,2019,-0.4852771911148231,0.02959030494093895,0.2650885384947301
xgboost,MLB,NPB,full_cross_league,NPB,藤平　尚真,2019,-0.571939980692311,-0.4654422104358673,0.011341775069594263
xgboost,MLB,NPB,full_cross_league,NPB,釜田　佳直,2019,-0.571939980692311,-0.4698469936847687,0.010422977996122205
xgboost,MLB,NPB,full_cross_league,NPB,弓削　隼人,2019,-0.5881892537380901,-0.24860996007919312,0.11531409668187537
xgboost,MLB,NPB,full_cross_league,NPB,菅原　秀,2019,-0.5936056780866831,-0.3802824020385742,0.04550682010389765
xgboost,MLB,NPB,full_cross_league,NPB,近藤　弘樹,2019,-0.626104224178241,-0.518616259098053,0.011553662637079711
xgboost,MLB,NPB,full_cross_league,NPB,熊原　健人,2019,-0.636937072875427,-0.502814769744873,0.017988792197044204
xgboost,MLB,NPB,full_cross_league,NPB,髙田　萌生,2019,-0.65751948540008,-0.5607337355613708,0.009367481371841185
xgboost,MLB,NPB,full_cross_league,NPB,十亀　剣,2019,0.0238666976529166,-0.13555796444416046,0.0254162228847672
xgboost,MLB,NPB,full_cross_league,NPB,榎田　大樹,2019,-0.21445597368517402,-0.3154829740524292,0.010206454803205377
xgboost,MLB,NPB,full_cross_league,NPB,髙橋　光成,2019,-0.3011187632626621,-0.49787625670433044,0.03871351122544815
xgboost,MLB,NPB,full_cross_league,NPB,今井　達也,2019,-0.3552830067485919,-0.4832143783569336,0.01636643584159161
xgboost,MLB,NPB,full_cross_league,NPB,松坂　大輔,2019,-0.409447250234522,0.09009861201047897,0.24954606848610147
xgboost,MLB,NPB,full_cross_league,NPB,松本　航,2019,-0.5069428885091951,-0.35964545607566833,0.021696533601509384
xgboost,MLB,NPB,full_cross_league,NPB,本田　圭佑,2019,-0.561107131995125,-0.38321858644485474,0.031644334637990566
xgboost,MLB,NPB,full_cross_league,NPB,相内　誠,2019,-0.6705189038367028,-0.5211011171340942,0.022325674983106218
xgboost,MLB,NPB,full_cross_league,NPB,石川　歩,2019,0.40301640205442507,0.24255962669849396,0.025746376757623743
xgboost,MLB,NPB,full_cross_league,NPB,美馬　学,2019,-0.0302975458330132,0.8836458921432495,0.8352926078198709
xgboost,MLB,NPB,full_cross_league,NPB,二木　康太,2019,-0.23612167107954596,-0.26061978936195374,6.001577993788421e-4
xgboost,MLB,NPB,full_cross_league,NPB,有吉　優樹,2019,-0.36611585544577796,-0.5013132691383362,0.01827834066915673
xgboost,MLB,NPB,full_cross_league,NPB,種市　篤暉,2019,-0.409447250234522,-0.6885852217674255,0.07791800715150407
xgboost,MLB,NPB,full_cross_league,NPB,岩下　大輝,2019,-0.4636114937204521,-0.5533379316329956,0.00805083366047353
xgboost,MLB,NPB,full_cross_league,NPB,佐々木　千隼,2019,-0.521025591815537,-0.4544786810874939,0.004428491327446136
xgboost,MLB,NPB,full_cross_league,NPB,小島　和哉,2019,-0.5502742832979389,-0.5175269246101379,0.0010723895010274949
xgboost,MLB,NPB,full_cross_league,NPB,土肥　星也,2019,-0.5686901260831552,-0.26979589462280273,0.08933776160027473
xgboost,MLB,NPB,full_cross_league,NPB,チェン・ウェイン,2020,1.49713412047021,-0.2858007252216339,3.178856663982199
xgboost,MLB,NPB,full_cross_league,NPB,西　勇輝,2020,1.43213702828709,0.9029724597930908,0.2800151405494403
xgboost,MLB,NPB,full_cross_league,NPB,秋山　拓巳,2020,-0.181957427593617,0.4500460922718048,0.3994284491222826
xgboost,MLB,NPB,full_cross_league,NPB,青柳　晃洋,2020,-0.192790276290803,0.23909813165664673,0.18652759691938278
xgboost,MLB,NPB,full_cross_league,NPB,髙橋　遥人,2020,-0.42028009893170803,-0.39753738045692444,5.172312436232631e-4
xgboost,MLB,NPB,full_cross_league,NPB,二保　旭,2020,-0.43111294762889407,-0.3148348033428192,0.013520606838613242
xgboost,MLB,NPB,full_cross_league,NPB,岩田　稔,2020,-0.532941725382442,0.09645083546638489,0.39613499565184424
xgboost,MLB,NPB,full_cross_league,NPB,中田　賢一,2020,-0.544857858949346,0.472718745470047,1.035462145861702
xgboost,MLB,NPB,full_cross_league,NPB,今永　昇太,2020,0.34885215856849494,0.16936711966991425,0.03221487918842503
xgboost,MLB,NPB,full_cross_league,NPB,濵口　遥大,2020,-0.138626032804873,-0.26768428087234497,0.01665603139424513
xgboost,MLB,NPB,full_cross_league,NPB,大貫　晋一,2020,-0.16570815454783805,0.3407244384288788,0.25647397122912097
xgboost,MLB,NPB,full_cross_league,NPB,上茶谷　大河,2020,-0.268620217171104,-0.3940705955028534,0.015737797423579055
xgboost,MLB,NPB,full_cross_league,NPB,平良　拳太郎,2020,-0.37694870414296405,-0.14475630223751068,0.05391331150262359
xgboost,MLB,NPB,full_cross_league,NPB,有吉　優樹,2020,-0.44194579632608,-0.48851412534713745,0.0021686092678134617
xgboost,MLB,NPB,full_cross_league,NPB,坂本　裕哉,2020,-0.5562323500813919,-0.4720502495765686,0.0070866260454041765
xgboost,MLB,NPB,full_cross_league,NPB,京山　将弥,2020,-0.5914391083472458,-0.4665217697620392,0.015604341479211144
xgboost,MLB,NPB,full_cross_league,NPB,阪口　皓亮,2020,-0.6683523340972657,-0.44544586539268494,0.04968729379034624
xgboost,MLB,NPB,full_cross_league,NPB,中川　虎大,2020,-0.6835183222733269,-0.4865511655807495,0.03879606081555832
xgboost,MLB,NPB,full_cross_league,NPB,菅野　智之,2020,7.9318462465986705,3.4541852474212646,20.049448023554405
xgboost,MLB,NPB,full_cross_league,NPB,井納　翔一,2020,0.34885215856849494,0.1444682776927948,0.041772770761812385
xgboost,MLB,NPB,full_cross_league,NPB,今村　信貴,2020,-0.409447250234522,-0.017347846180200577,0.15374194265975402
xgboost,MLB,NPB,full_cross_league,NPB,戸郷　翔征,2020,-0.45277864502326604,-0.4636998474597931,1.192726626596045e-4
xgboost,MLB,NPB,full_cross_league,NPB,畠　世周,2020,-0.496110039812009,-0.2860141098499298,0.04414029978663089
xgboost,MLB,NPB,full_cross_league,NPB,髙橋　優貴,2020,-0.5264420161641301,-0.5427145957946777,2.6479684783251343e-4
xgboost,MLB,NPB,full_cross_league,NPB,直江　大輔,2020,-0.6531863459212057,-0.5047829151153564,0.022023578274946495
xgboost,MLB,NPB,full_cross_league,NPB,横川　凱,2020,-0.6661857643578288,-0.5440622568130493,0.01491415109503982
xgboost,MLB,NPB,full_cross_league,NPB,大野　雄大,2020,2.51542189800569,2.75882887840271,0.05924695810599518
xgboost,MLB,NPB,full_cross_league,NPB,柳　裕也,2020,-0.29028591456547603,0.33491793274879456,0.3908798506965658
xgboost,MLB,NPB,full_cross_league,NPB,福谷　浩司,2020,-0.42028009893170803,0.7974144220352173,1.48277994639287
xgboost,MLB,NPB,full_cross_league,NPB,松葉　貴大,2020,-0.4636114937204521,0.15339478850364685,0.3806967523040044
xgboost,MLB,NPB,full_cross_league,NPB,勝野　昌慶,2020,-0.5556907076465322,-0.5004556179046631,0.003050915138792331
xgboost,MLB,NPB,full_cross_league,NPB,梅津　晃大,2020,-0.571939980692311,-0.4870123267173767,0.007212706409686172
xgboost,MLB,NPB,full_cross_league,NPB,小笠原　慎之介,2020,-0.5773564050409039,-0.5176997184753418,0.003558920251981719
xgboost,MLB,NPB,full_cross_league,NPB,岡野　祐一郎,2020,-0.6152713754810549,-0.5659106373786926,0.0024364824660100012
xgboost,MLB,NPB,full_cross_league,NPB,山本　拓実,2020,-0.6200378289078169,-0.5194080471992493,0.010126352966713971
xgboost,MLB,NPB,full_cross_league,NPB,清水　達也,2020,-0.6477699215726129,-0.5153188705444336,0.017543280918469364
xgboost,MLB,NPB,full_cross_league,NPB,大瀬良　大地,2020,0.890494593427793,-0.19203586876392365,1.1718722015730116
xgboost,MLB,NPB,full_cross_league,NPB,野村　祐輔,2020,0.565509132512215,-0.2139199674129486,0.6075097218101507
xgboost,MLB,NPB,full_cross_league,NPB,九里　亜蓮,2020,0.208025125505078,0.724064826965332,0.2662969734831881
xgboost,MLB,NPB,full_cross_league,NPB,森下　暢仁,2020,-0.268620217171104,-0.520977795124054,0.06368434715027921
xgboost,MLB,NPB,full_cross_league,NPB,床田　寛樹,2020,-0.44194579632608,-0.47433629631996155,0.0010491444898536406
xgboost,MLB,NPB,full_cross_league,NPB,遠藤　淳志,2020,-0.474444342417637,-0.459116131067276,2.3495406320133574e-4
xgboost,MLB,NPB,full_cross_league,NPB,中村　祐太,2020,-0.571939980692311,-0.41994336247444153,0.02310297194966877
xgboost,MLB,NPB,full_cross_league,NPB,小川　泰弘,2020,0.998823080399653,0.8568370342254639,0.020160037308178953
xgboost,MLB,NPB,full_cross_league,NPB,石川　雅規,2020,0.240523671596636,0.9236345291137695,0.4666404436577935
xgboost,MLB,NPB,full_cross_league,NPB,田口　麗斗,2020,0.0238666976529166,-0.5012404918670654,0.27573756048557435
xgboost,MLB,NPB,full_cross_league,NPB,高梨　裕稔,2020,-0.33361730935422,0.012009777128696442,0.11945808291066941
xgboost,MLB,NPB,full_cross_league,NPB,原　樹理,2020,-0.45277864502326604,-0.3111599087715149,0.020055866457543054
xgboost,MLB,NPB,full_cross_league,NPB,奥川　恭伸,2020,-0.561107131995125,-0.5144399404525757,0.0021778267664689832
xgboost,MLB,NPB,full_cross_league,NPB,吉田　大喜,2020,-0.571939980692311,-0.4662296772003174,0.011174668264369398
xgboost,MLB,NPB,full_cross_league,NPB,高橋　奎二,2020,-0.5773564050409039,-0.48024049401283264,0.009431500174812254
xgboost,MLB,NPB,full_cross_league,NPB,歳内　宏明,2020,-0.6477699215726129,-0.013866167515516281,0.40183396940768007
xgboost,MLB,NPB,full_cross_league,NPB,金久保　優斗,2020,-0.6716021887064217,-0.49036499857902527,0.03284691908527406
xgboost,MLB,NPB,full_cross_league,NPB,千賀　滉大,2020,3.59870676772428,0.7783505916595459,7.95440895986649
xgboost,MLB,NPB,full_cross_league,NPB,和田　毅,2020,0.890494593427793,1.1365426778793335,0.060539659862272395
xgboost,MLB,NPB,full_cross_league,NPB,東浜　巨,2020,0.240523671596636,0.8251032829284668,0.3417333219848743
xgboost,MLB,NPB,full_cross_league,NPB,石川　柊太,2020,0.132195184624776,1.0410209894180298,0.8259643434581054
xgboost,MLB,NPB,full_cross_league,NPB,武田　翔太,2020,-0.084461789318943,-0.337330162525177,0.06394241416796724
xgboost,MLB,NPB,full_cross_league,NPB,大竹　耕太郎,2020,-0.474444342417637,-0.37447577714920044,0.00999371404182966
xgboost,MLB,NPB,full_cross_league,NPB,笠谷　俊介,2020,-0.496110039812009,-0.6146707534790039,0.014056642825227148
xgboost,MLB,NPB,full_cross_league,NPB,上沢　直之,2020,0.186359428110706,-0.15067312121391296,0.11359093930425171
xgboost,MLB,NPB,full_cross_league,NPB,杉浦　稔大,2020,-0.33361730935422,0.2668416202068329,0.36055092608960554
xgboost,MLB,NPB,full_cross_league,NPB,河野　竜生,2020,-0.544857858949346,-0.5086610913276672,0.0013102059862578135
xgboost,MLB,NPB,full_cross_league,NPB,上原　健太,2020,-0.5502742832979389,-0.26292741298675537,0.08256822387763214
xgboost,MLB,NPB,full_cross_league,NPB,吉田　輝星,2020,-0.622854369569085,-0.5005406141281128,0.014960654770073963
xgboost,MLB,NPB,full_cross_league,NPB,山本　由伸,2020,0.890494593427793,-0.5429020524024963,2.054625944277524
xgboost,MLB,NPB,full_cross_league,NPB,山岡　泰輔,2020,0.186359428110706,-0.28137898445129395,0.21877922258601967
xgboost,MLB,NPB,full_cross_league,NPB,田嶋　大樹,2020,-0.27945306586829005,-0.21199238300323486,0.004550943732619551
xgboost,MLB,NPB,full_cross_league,NPB,山﨑　福也,2020,-0.43111294762889407,-0.3007717728614807,0.016988821839749393
xgboost,MLB,NPB,full_cross_league,NPB,竹安　大知,2020,-0.561107131995125,-0.5684337615966797,5.367950131837793e-5
xgboost,MLB,NPB,full_cross_league,NPB,榊原　翼,2020,-0.571939980692311,-0.5033977031707764,0.0046980438078390715
xgboost,MLB,NPB,full_cross_league,NPB,張　奕,2020,-0.6152713754810549,-0.5382530093193054,0.005931828726225321
xgboost,MLB,NPB,full_cross_league,NPB,宮城　大弥,2020,-0.6401869274845831,-0.36502978205680847,0.07571145467996149
xgboost,MLB,NPB,full_cross_league,NPB,本田　仁海,2020,-0.680268467664171,-0.5104023814201355,0.02885448725586612
xgboost,MLB,NPB,full_cross_league,NPB,則本　昂大,2020,2.51542189800569,1.5471946001052856,0.9374641003995187
xgboost,MLB,NPB,full_cross_league,NPB,岸　孝之,2020,1.9737794631463899,1.6930862665176392,0.0787886706336665
xgboost,MLB,NPB,full_cross_league,NPB,涌井　秀章,2020,0.998823080399653,0.6996588110923767,0.0894992600301565
xgboost,MLB,NPB,full_cross_league,NPB,塩見　貴洋,2020,-0.3011187632626621,-0.42409756779670715,0.015123786364622855
xgboost,MLB,NPB,full_cross_league,NPB,石橋　良太,2020,-0.5177757372063811,-0.33888328075408936,0.032002510975535116
xgboost,MLB,NPB,full_cross_league,NPB,福井　優也,2020,-0.5177757372063811,0.09144888818264008,0.37115464418039323
xgboost,MLB,NPB,full_cross_league,NPB,弓削　隼人,2020,-0.5881892537380901,-0.3957376480102539,0.0370376205472225
xgboost,MLB,NPB,full_cross_league,NPB,瀧中　瞭太,2020,-0.5936056780866831,-0.5854078531265259,6.720433407737633e-5
xgboost,MLB,NPB,full_cross_league,NPB,髙橋　光成,2020,-0.008631848438641248,-0.6095513105392456,0.3611041999312796
xgboost,MLB,NPB,full_cross_league,NPB,内海　哲也,2020,-0.12508497193339,0.7172828912734985,0.7095836169637392
xgboost,MLB,NPB,full_cross_league,NPB,榎田　大樹,2020,-0.33361730935422,-0.4810347855091095,0.02173191227587741
xgboost,MLB,NPB,full_cross_league,NPB,松本　航,2020,-0.409447250234522,-0.40321770310401917,3.880725745115608e-5
xgboost,MLB,NPB,full_cross_league,NPB,今井　達也,2020,-0.43111294762889407,-0.511041522026062,0.00638857700516361
xgboost,MLB,NPB,full_cross_league,NPB,浜屋　将太,2020,-0.5665235563437181,-0.5084784030914307,0.003369239816081534
xgboost,MLB,NPB,full_cross_league,NPB,本田　圭佑,2020,-0.587105968868372,-0.33574220538139343,0.06318374159433768
xgboost,MLB,NPB,full_cross_league,NPB,與座　海人,2020,-0.636937072875427,-0.41188639402389526,0.05064780805153527
xgboost,MLB,NPB,full_cross_league,NPB,美馬　学,2020,0.565509132512215,0.9886036515235901,0.17900897201746682
xgboost,MLB,NPB,full_cross_league,NPB,石川　歩,2020,0.45718064554035504,-0.11831880360841751,0.3311996159705407
xgboost,MLB,NPB,full_cross_league,NPB,二木　康太,2020,-0.084461789318943,-0.31402331590652466,0.05269849448922096
xgboost,MLB,NPB,full_cross_league,NPB,岩下　大輝,2020,-0.3552830067485919,-0.39586737751960754,0.001647091150879267
xgboost,MLB,NPB,full_cross_league,NPB,小島　和哉,2020,-0.36611585544577796,-0.3732788562774658,5.1308580914760974e-5
xgboost,MLB,NPB,full_cross_league,NPB,種市　篤暉,2020,-0.44194579632608,-0.2798430621623993,0.026277296423340937
xgboost,MLB,NPB,full_cross_league,NPB,中村　稔弥,2020,-0.5394414346007531,-0.5337371826171875,3.253849069201221e-5
xgboost,MLB,NPB,full_cross_league,NPB,大嶺　祐太,2020,-0.6044385267838689,-0.31221893429756165,0.08539229023286347
xgboost,MLB,NPB,full_cross_league,NPB,古谷　拓郎,2020,-0.682435037403608,-0.4592318832874298,0.04981964800741039
xgboost,MLB,NPB,full_cross_league,NPB,チェン・ウェイン,2021,1.54046551525895,0.1874445378780365,1.8306657652328022
xgboost,MLB,NPB,full_cross_league,NPB,西　勇輝,2021,1.43213702828709,-0.10656051337718964,2.3675901247236975
xgboost,MLB,NPB,full_cross_league,NPB,青柳　晃洋,2021,0.565509132512215,1.1361840963363647,0.3256699143356946
xgboost,MLB,NPB,full_cross_league,NPB,秋山　拓巳,2021,0.45718064554035504,1.335911512374878,0.7721679363277519
xgboost,MLB,NPB,full_cross_league,NPB,伊藤　将司,2021,-0.257787368473918,-0.1609199047088623,0.009383305536274374
xgboost,MLB,NPB,full_cross_league,NPB,髙橋　遥人,2021,-0.38778155284015,-0.03672860935330391,0.12323816913077874
xgboost,MLB,NPB,full_cross_league,NPB,二保　旭,2021,-0.44194579632608,-0.41161662340164185,9.198587302804723e-4
xgboost,MLB,NPB,full_cross_league,NPB,西　純矢,2021,-0.599022102435276,-0.5244098901748657,0.005566982218392515
xgboost,MLB,NPB,full_cross_league,NPB,村上　頌樹,2021,-0.6531863459212057,-0.5131860971450806,0.019600069657376935
xgboost,MLB,NPB,full_cross_league,NPB,今永　昇太,2021,0.34885215856849494,0.8925463557243347,0.29560338002093317
xgboost,MLB,NPB,full_cross_league,NPB,濵口　遥大,2021,-0.102877632104159,0.07853086292743683,0.03290904206962853
xgboost,MLB,NPB,full_cross_league,NPB,大貫　晋一,2021,-0.10829405645275203,0.5019766688346863,0.372430358142856
xgboost,MLB,NPB,full_cross_league,NPB,上茶谷　大河,2021,-0.37694870414296405,-0.4786892831325531,0.010351145413136809
xgboost,MLB,NPB,full_cross_league,NPB,有吉　優樹,2021,-0.44194579632608,-0.16301122307777405,0.07780449615321455
xgboost,MLB,NPB,full_cross_league,NPB,平良　拳太郎,2021,-0.44194579632608,-0.3458467125892639,0.009235033895055589
xgboost,MLB,NPB,full_cross_league,NPB,東　克樹,2021,-0.46252820885073304,-0.3201521039009094,0.020270955260683187
xgboost,MLB,NPB,full_cross_league,NPB,坂本　裕哉,2021,-0.496110039812009,-0.3594832420349121,0.018666881870823732
xgboost,MLB,NPB,full_cross_league,NPB,京山　将弥,2021,-0.508026173378914,-0.3907489478588104,0.013753947625693229
xgboost,MLB,NPB,full_cross_league,NPB,入江　大生,2021,-0.561107131995125,-0.43532538414001465,0.01582104809348655
xgboost,MLB,NPB,full_cross_league,NPB,阪口　皓亮,2021,-0.633145575831412,-0.46809569001197815,0.027241464809008138
xgboost,MLB,NPB,full_cross_league,NPB,宮國　椋丞,2021,-0.6434367820937389,-0.11885940283536911,0.2751814268295795
xgboost,MLB,NPB,full_cross_league,NPB,中川　虎大,2021,-0.6629359097486729,-0.39976420998573303,0.06925934355611496
xgboost,MLB,NPB,full_cross_league,NPB,菅野　智之,2021,5.765276507161479,0.6982818245887756,25.674435113220053
xgboost,MLB,NPB,full_cross_league,NPB,山口　俊,2021,-0.084461789318943,1.6979680061340332,3.1770559757185386
xgboost,MLB,NPB,full_cross_league,NPB,戸郷　翔征,2021,-0.3011187632626621,-0.5271868705749512,0.051106789143760635
xgboost,MLB,NPB,full_cross_league,NPB,髙橋　優貴,2021,-0.34445015805140594,-0.38225069642066956,0.0014288807010061706
xgboost,MLB,NPB,full_cross_league,NPB,今村　信貴,2021,-0.409447250234522,-0.01604529097676277,0.15476510154784365
xgboost,MLB,NPB,full_cross_league,NPB,直江　大輔,2021,-0.652103061051487,-0.5509560108184814,0.010230725770838143
xgboost,MLB,NPB,full_cross_league,NPB,横川　凱,2021,-0.664019194618392,-0.4740320146083832,0.03609512856815549
xgboost,MLB,NPB,full_cross_league,NPB,大野　雄大,2021,2.51542189800569,1.8671289682388306,0.42028372278569837
xgboost,MLB,NPB,full_cross_league,NPB,柳　裕也,2021,0.34885215856849494,0.7012805342674255,0.12420575999778657
xgboost,MLB,NPB,full_cross_league,NPB,小笠原　慎之介,2021,-0.34445015805140594,-0.4886522889137268,0.02079425454523391
xgboost,MLB,NPB,full_cross_league,NPB,福谷　浩司,2021,-0.42028009893170803,0.930251955986023,1.8239368313603095
xgboost,MLB,NPB,full_cross_league,NPB,松葉　貴大,2021,-0.43111294762889407,0.11225136369466782,0.2952447748201287
xgboost,MLB,NPB,full_cross_league,NPB,勝野　昌慶,2021,-0.5069428885091951,-0.3822419047355652,0.015550335354111114
xgboost,MLB,NPB,full_cross_league,NPB,梅津　晃大,2021,-0.6044385267838689,-0.441781610250473,0.02645727249615211
xgboost,MLB,NPB,full_cross_league,NPB,笠原　祥太郎,2021,-0.626104224178241,-0.48656395077705383,0.019471487900878052
xgboost,MLB,NPB,full_cross_league,NPB,岡野　祐一郎,2021,-0.6391036426148641,0.004512551706284285,0.41424180559243823
xgboost,MLB,NPB,full_cross_league,NPB,清水　達也,2021,-0.6564362005303619,-0.38592737913131714,0.0731750224547003
xgboost,MLB,NPB,full_cross_league,NPB,大瀬良　大地,2021,1.21548005434337,1.0676788091659546,0.021845208075994438
xgboost,MLB,NPB,full_cross_league,NPB,九里　亜蓮,2021,0.7821661064559338,0.32623493671417236,0.20787323154209084
xgboost,MLB,NPB,full_cross_league,NPB,森下　暢仁,2021,0.07803094113884641,-0.6203306913375854,0.48770896971514693
xgboost,MLB,NPB,full_cross_league,NPB,野村　祐輔,2021,0.0455323950472885,-0.3971117436885834,0.1959338335572218
xgboost,MLB,NPB,full_cross_league,NPB,床田　寛樹,2021,-0.37694870414296405,-0.024447795003652573,0.12425689094404113
xgboost,MLB,NPB,full_cross_league,NPB,遠藤　淳志,2021,-0.5177757372063811,-0.23015810549259186,0.08272390207264893
xgboost,MLB,NPB,full_cross_league,NPB,薮田　和樹,2021,-0.528608585903567,-0.32473599910736084,0.0415640316469766
xgboost,MLB,NPB,full_cross_league,NPB,中村　祐太,2021,-0.5936056780866831,-0.42192739248275757,0.029473433747903018
xgboost,MLB,NPB,full_cross_league,NPB,玉村　昇悟,2021,-0.6044385267838689,-0.6235588192939758,3.655855856720515e-4
xgboost,MLB,NPB,full_cross_league,NPB,高橋　昂也,2021,-0.6044385267838689,-0.4792734384536743,0.015666299336705408
xgboost,MLB,NPB,full_cross_league,NPB,小林　樹斗,2021,-0.680268467664171,-0.2904296815395355,0.1519742791671293
xgboost,MLB,NPB,full_cross_league,NPB,小川　泰弘,2021,0.998823080399653,0.13421174883842468,0.7475527546640802
xgboost,MLB,NPB,full_cross_league,NPB,サイスニード,2021,0.2946879150825661,1.5786666870117188,1.648601486764695
xgboost,MLB,NPB,full_cross_league,NPB,石川　雅規,2021,0.240523671596636,0.77519989013671875,0.2858786586723223
xgboost,MLB,NPB,full_cross_league,NPB,田口　麗斗,2021,0.0238666976529166,-0.4089757800102234,0.18735261046956583
xgboost,MLB,NPB,full_cross_league,NPB,高梨　裕稔,2021,-0.33361730935422,0.8689562678337097,1.4461832085505737
xgboost,MLB,NPB,full_cross_league,NPB,奥川　恭伸,2021,-0.34445015805140594,-0.5299549102783203,0.034412013098768894
xgboost,MLB,NPB,full_cross_league,NPB,原　樹理,2021,-0.45277864502326604,-0.43152543902397156,4.516987652484468e-4
xgboost,MLB,NPB,full_cross_league,NPB,高橋　奎二,2021,-0.496110039812009,0.018478000536561012,0.2648008512697816
xgboost,MLB,NPB,full_cross_league,NPB,金久保　優斗,2021,-0.6044385267838689,-0.4319187104701996,0.029763087020902197
xgboost,MLB,NPB,full_cross_league,NPB,山野　太一,2021,-0.631520648526834,-0.2738873362541199,0.12790158604715265
xgboost,MLB,NPB,full_cross_league,NPB,千賀　滉大,2021,5.765276507161479,1.6009902954101562,17.341279653382184
xgboost,MLB,NPB,full_cross_league,NPB,武田　翔太,2021,0.890494593427793,0.43833330273628235,0.20444983279981283
xgboost,MLB,NPB,full_cross_league,NPB,和田　毅,2021,0.890494593427793,1.1102961301803589,0.04831271555878956
xgboost,MLB,NPB,full_cross_league,NPB,石川　柊太,2021,0.565509132512215,0.9512642025947571,0.14880697409438695
xgboost,MLB,NPB,full_cross_league,NPB,東浜　巨,2021,0.132195184624776,0.4733641743659973,0.11639627956104559
xgboost,MLB,NPB,full_cross_league,NPB,笠谷　俊介,2021,-0.496110039812009,-0.3994929790496826,0.009334856430351072
xgboost,MLB,NPB,full_cross_league,NPB,大竹　耕太郎,2021,-0.5069428885091951,-0.5575162172317505,0.0025576615780796446
xgboost,MLB,NPB,full_cross_league,NPB,上沢　直之,2021,0.890494593427793,0.1924854964017868,0.48721669953106056
xgboost,MLB,NPB,full_cross_league,NPB,加藤　貴之,2021,0.0563652437444745,0.9852979779243469,0.8629160246308936
xgboost,MLB,NPB,full_cross_league,NPB,金子　千尋,2021,-0.5177757372063811,0.0843864381313324,0.3625992854074473
xgboost,MLB,NPB,full_cross_league,NPB,立野　和明,2021,-0.5502742832979389,-0.5135453939437866,0.0013490113131895626
xgboost,MLB,NPB,full_cross_league,NPB,池田　隆英,2021,-0.5502742832979389,-0.4733497202396393,0.005917388401710319
xgboost,MLB,NPB,full_cross_league,NPB,吉田　輝星,2021,-0.6293540787873969,-0.5183953642845154,0.012311836324131971
xgboost,MLB,NPB,full_cross_league,NPB,生田目　翼,2021,-0.636937072875427,-0.23553764820098877,0.16112149812897
xgboost,MLB,NPB,full_cross_league,NPB,山本　由伸,2021,3.2737213068087003,0.5936709642410278,7.182669838697099
xgboost,MLB,NPB,full_cross_league,NPB,田嶋　大樹,2021,0.132195184624776,-0.2720358967781067,0.16340276717214394
xgboost,MLB,NPB,full_cross_league,NPB,山岡　泰輔,2021,0.0455323950472885,-0.15290236473083496,0.03937635388820157
xgboost,MLB,NPB,full_cross_league,NPB,増井　浩俊,2021,0.0238666976529166,0.0019572521559894085,4.8002380198282314e-4
xgboost,MLB,NPB,full_cross_league,NPB,宮城　大弥,2021,-0.192790276290803,-0.24013584852218628,0.002241603209917131
xgboost,MLB,NPB,full_cross_league,NPB,山﨑　福也,2021,-0.192790276290803,0.7119778394699097,0.8186053432971904
xgboost,MLB,NPB,full_cross_league,NPB,山﨑　颯一郎,2021,-0.5936056780866831,-0.4663616716861725,0.01619103716485318
xgboost,MLB,NPB,full_cross_league,NPB,榊原　翼,2021,-0.6477699215726129,-0.5282134413719177,0.014293751957979224
xgboost,MLB,NPB,full_cross_league,NPB,本田　仁海,2021,-0.680268467664171,-0.5262567400932312,0.02371961222938539
xgboost,MLB,NPB,full_cross_league,NPB,田中　将大,2021,9.015131116317262,0.6796498894691467,69.48024728313736
xgboost,MLB,NPB,full_cross_league,NPB,則本　昂大,2021,2.51542189800569,2.523164987564087,5.995543590935284e-5
xgboost,MLB,NPB,full_cross_league,NPB,岸　孝之,2021,1.9737794631463899,1.8956637382507324,0.006102066475974035
xgboost,MLB,NPB,full_cross_league,NPB,涌井　秀章,2021,0.45718064554035504,-0.07947789132595062,0.288002385191484
xgboost,MLB,NPB,full_cross_league,NPB,早川　隆久,2021,-0.34445015805140594,-0.39944812655448914,0.003024776539466131
xgboost,MLB,NPB,full_cross_league,NPB,塩見　貴洋,2021,-0.3552830067485919,-0.3455612361431122,9.451282370556992e-5
xgboost,MLB,NPB,full_cross_league,NPB,瀧中　瞭太,2021,-0.409447250234522,0.23771949112415314,0.41882479112080634
xgboost,MLB,NPB,full_cross_league,NPB,石橋　良太,2021,-0.561107131995125,-0.3458968698978424,0.04631545691198105
xgboost,MLB,NPB,full_cross_league,NPB,弓削　隼人,2021,-0.6098549511324619,-0.15909431874752045,0.20318514770807233
xgboost,MLB,NPB,full_cross_league,NPB,釜田　佳直,2021,-0.626104224178241,-0.421811580657959,0.04173548419650501
xgboost,MLB,NPB,full_cross_league,NPB,髙橋　光成,2021,0.45718064554035504,-0.15304648876190186,0.3723771554387447
xgboost,MLB,NPB,full_cross_league,NPB,松本　航,2021,-0.14945888150205905,-0.01969221979379654,0.016839386490906643
xgboost,MLB,NPB,full_cross_league,NPB,今井　達也,2021,-0.181957427593617,-0.6530587673187256,0.2219364722907922
xgboost,MLB,NPB,full_cross_league,NPB,内海　哲也,2021,-0.24695451977673202,-0.5068265795707703,0.0675334874615962
xgboost,MLB,NPB,full_cross_league,NPB,浜屋　将太,2021,-0.5925223932169648,-0.4902491271495819,0.010459820952089685
xgboost,MLB,NPB,full_cross_league,NPB,本田　圭佑,2021,-0.5979388175655571,-0.08217829465866089,0.26600891698919504
xgboost,MLB,NPB,full_cross_league,NPB,渡邉　勇太朗,2021,-0.626104224178241,-0.5459633469581604,0.006422560201604028
xgboost,MLB,NPB,full_cross_league,NPB,上間　永遠,2021,-0.664019194618392,-0.5590975284576416,0.011008556029947951
xgboost,MLB,NPB,full_cross_league,NPB,石川　歩,2021,0.890494593427793,-0.47378236055374146,1.861251607165134
xgboost,MLB,NPB,full_cross_league,NPB,美馬　学,2021,0.565509132512215,0.4932457506656647,0.005221996355900342
xgboost,MLB,NPB,full_cross_league,NPB,小島　和哉,2021,-0.06279609192457111,-0.050099510699510574,1.6120317480455975e-4
xgboost,MLB,NPB,full_cross_league,NPB,二木　康太,2021,-0.138626032804873,-0.3393937349319458,0.04030767021738503
xgboost,MLB,NPB,full_cross_league,NPB,岩下　大輝,2021,-0.24695451977673202,-0.23173339664936066,2.316825892585995e-4
xgboost,MLB,NPB,full_cross_league,NPB,佐々木　朗希,2021,-0.409447250234522,-0.40825560688972473,1.4200138611996166e-6
xgboost,MLB,NPB,full_cross_league,NPB,鈴木　昭汰,2021,-0.5177757372063811,-0.4858325719833374,0.0010203658044666713
xgboost,MLB,NPB,full_cross_league,NPB,土肥　星也,2021,-0.6206877998296478,-0.15456514060497284,0.21727033344268248
xgboost,MLB,NPB,full_cross_league,NPB,本前　郁也,2021,-0.6618526248789548,-0.48351243138313293,0.031805224616127184
xgboost,MLB,NPB,full_cross_league,NPB,西　勇輝,2022,2.51542189800569,0.5595479607582092,3.825442858403963
xgboost,MLB,NPB,full_cross_league,NPB,青柳　晃洋,2022,1.8654509761745302,1.7246559858322144,0.0198232293054928
xgboost,MLB,NPB,full_cross_league,NPB,秋山　拓巳,2022,0.21885797420226402,0.2913414537906647,0.005253854813242094
xgboost,MLB,NPB,full_cross_league,NPB,伊藤　将司,2022,0.132195184624776,0.14025266468524933,6.492298492492524e-5
xgboost,MLB,NPB,full_cross_league,NPB,西　純矢,2022,-0.43111294762889407,-0.4735313057899475,0.0017993171090794088
xgboost,MLB,NPB,full_cross_league,NPB,大竹　耕太郎,2022,-0.5177757372063811,-0.4124481976032257,0.011093890598854277
xgboost,MLB,NPB,full_cross_league,NPB,才木　浩人,2022,-0.528608585903567,-0.6704033017158508,0.020105741432286345
xgboost,MLB,NPB,full_cross_league,NPB,小川　一平,2022,-0.5936056780866831,-0.32493117451667786,0.07218598886858875
xgboost,MLB,NPB,full_cross_league,NPB,森木　大智,2022,-0.6044385267838689,-0.45245200395584106,0.023099903121354622
xgboost,MLB,NPB,full_cross_league,NPB,今永　昇太,2022,0.7821661064559338,1.2380284070968628,0.20781043714564076
xgboost,MLB,NPB,full_cross_league,NPB,大貫　晋一,2022,0.21885797420226402,0.8319277167320251,0.37585450920550756
xgboost,MLB,NPB,full_cross_league,NPB,石田　健大,2022,-0.06279609192457111,0.7341766357421875,0.6351655286445934
xgboost,MLB,NPB,full_cross_league,NPB,濵口　遥大,2022,-0.06279609192457111,0.17061935365200043,0.054482770233709434
xgboost,MLB,NPB,full_cross_league,NPB,上茶谷　大河,2022,-0.36611585544577796,-0.37688037753105164,1.1587493572434472e-4
xgboost,MLB,NPB,full_cross_league,NPB,京山　将弥,2022,-0.432196232498612,-0.4293068051338196,8.34879049641126e-6
xgboost,MLB,NPB,full_cross_league,NPB,東　克樹,2022,-0.451695360153547,0.021799247711896896,0.22419714367765048
xgboost,MLB,NPB,full_cross_league,NPB,坂本　裕哉,2022,-0.4852771911148231,-0.5395085215568542,0.0029410372015127753
xgboost,MLB,NPB,full_cross_league,NPB,笠原　祥太郎,2022,-0.636937072875427,-0.5253648161888123,0.012448368462143849
xgboost,MLB,NPB,full_cross_league,NPB,菅野　智之,2022,4.68199163744288,1.435211181640625,10.541583328179497
xgboost,MLB,NPB,full_cross_league,NPB,戸郷　翔征,2022,0.240523671596636,-0.322551429271698,0.3170535692178845
xgboost,MLB,NPB,full_cross_league,NPB,髙橋　優貴,2022,-0.409447250234522,-0.38497456908226013,5.989121227802732e-4
xgboost,MLB,NPB,full_cross_league,NPB,山﨑　伊織,2022,-0.4636114937204521,-0.4494052529335022,2.018172772967982e-4
xgboost,MLB,NPB,full_cross_league,NPB,横川　凱,2022,-0.6629359097486729,-0.5231821537017822,0.01953111232921383
xgboost,MLB,NPB,full_cross_league,NPB,堀田　賢慎,2022,-0.664019194618392,-0.4555679261684418,0.04345193131839321
xgboost,MLB,NPB,full_cross_league,NPB,井上　温大,2022,-0.664019194618392,-0.5101332664489746,0.023680878888563083
xgboost,MLB,NPB,full_cross_league,NPB,大野　雄大,2022,2.51542189800569,0.6368032693862915,3.52920795179583
xgboost,MLB,NPB,full_cross_league,NPB,柳　裕也,2022,0.43551494814598307,1.323224663734436,0.7880285391501322
xgboost,MLB,NPB,full_cross_league,NPB,涌井　秀章,2022,0.34885215856849494,-0.3316342234611511,0.4630617161277974
xgboost,MLB,NPB,full_cross_league,NPB,小笠原　慎之介,2022,-0.019464697135827207,-0.3445449471473694,0.10567716894756676
xgboost,MLB,NPB,full_cross_league,NPB,松葉　貴大,2022,-0.192790276290803,0.5000243186950684,0.479992063025437
xgboost,MLB,NPB,full_cross_league,NPB,髙橋　宏斗,2022,-0.3552830067485919,-0.4980296492576599,0.020376603947611656
xgboost,MLB,NPB,full_cross_league,NPB,福谷　浩司,2022,-0.496110039812009,-0.308170348405838,0.03532132760584679
xgboost,MLB,NPB,full_cross_league,NPB,岡田　俊哉,2022,-0.528608585903567,-0.4411650002002716,0.0076463806806495605
xgboost,MLB,NPB,full_cross_league,NPB,勝野　昌慶,2022,-0.528608585903567,-0.45255425572395325,0.005784261139069702
xgboost,MLB,NPB,full_cross_league,NPB,鈴木　博志,2022,-0.5881892537380901,-0.1660059094429016,0.17823877620026962
xgboost,MLB,NPB,full_cross_league,NPB,岡野　祐一郎,2022,-0.64235349722402,-0.4980522096157074,0.020822861605416958
xgboost,MLB,NPB,full_cross_league,NPB,上田　洸太朗,2022,-0.6466866367028941,-0.5025557279586792,0.02077371885543319
xgboost,MLB,NPB,full_cross_league,NPB,大瀬良　大地,2022,1.21548005434337,0.06347967684268951,1.3271048697617103
xgboost,MLB,NPB,full_cross_league,NPB,九里　亜蓮,2022,0.7821661064559338,1.2378771305084229,0.2076725374429683
xgboost,MLB,NPB,full_cross_league,NPB,森下　暢仁,2022,0.45718064554035504,0.15558363497257233,0.09096075678342323
xgboost,MLB,NPB,full_cross_league,NPB,野村　祐輔,2022,-0.138626032804873,-0.5833955407142639,0.19781991516596173
xgboost,MLB,NPB,full_cross_league,NPB,床田　寛樹,2022,-0.192790276290803,0.013739318586885929,0.04265447356034231
xgboost,MLB,NPB,full_cross_league,NPB,遠藤　淳志,2022,-0.45277864502326604,-0.5703285336494446,0.01381797631602698
xgboost,MLB,NPB,full_cross_league,NPB,大道　温貴,2022,-0.5936056780866831,-0.4652577042579651,0.016473202385937278
xgboost,MLB,NPB,full_cross_league,NPB,玉村　昇悟,2022,-0.5936056780866831,-0.42221778631210327,0.02937380944693508
xgboost,MLB,NPB,full_cross_league,NPB,サイスニード,2022,1.37797278480116,0.9214183688163757,0.20844193475520748
xgboost,MLB,NPB,full_cross_league,NPB,小川　泰弘,2022,0.998823080399653,0.47048985958099365,0.2791359922206182
xgboost,MLB,NPB,full_cross_league,NPB,石川　雅規,2022,0.240523671596636,0.6934149861335754,0.205110542782997
xgboost,MLB,NPB,full_cross_league,NPB,高橋　奎二,2022,-0.192790276290803,0.4389009177684784,0.39903376465204077
xgboost,MLB,NPB,full_cross_league,NPB,高梨　裕稔,2022,-0.268620217171104,0.2981266975402832,0.3212020653348765
xgboost,MLB,NPB,full_cross_league,NPB,原　樹理,2022,-0.32278446065703403,-0.051750607788562775,0.07345934940072812
xgboost,MLB,NPB,full_cross_league,NPB,奥川　恭伸,2022,-0.44194579632608,-0.4978998303413391,0.0031308539225807738
xgboost,MLB,NPB,full_cross_league,NPB,山下　輝,2022,-0.582772829389497,-0.518686056137085,0.00410711450590608
xgboost,MLB,NPB,full_cross_league,NPB,小澤　怜史,2022,-0.6152713754810549,-0.2373085469007492,0.14285589978842556
xgboost,MLB,NPB,full_cross_league,NPB,吉田　大喜,2022,-0.6152713754810549,-0.24255327880382538,0.13891877959069662
xgboost,MLB,NPB,full_cross_league,NPB,金久保　優斗,2022,-0.626104224178241,-0.5544387102127075,0.005135945891944069
xgboost,MLB,NPB,full_cross_league,NPB,阪口　皓亮,2022,-0.636937072875427,-0.5091365575790405,0.016332971710021914
xgboost,MLB,NPB,full_cross_league,NPB,和田　毅,2022,1.0529873238855803,1.7552127838134766,0.49312059657094554
xgboost,MLB,NPB,full_cross_league,NPB,東浜　巨,2022,0.890494593427793,0.5408781170845032,0.12223168053069815
xgboost,MLB,NPB,full_cross_league,NPB,石川　柊太,2022,0.890494593427793,0.7018519639968872,0.035586041638606056
xgboost,MLB,NPB,full_cross_league,NPB,大関　友久,2022,-0.24695451977673202,-0.5459601283073425,0.08940435393276072
xgboost,MLB,NPB,full_cross_league,NPB,杉山　一樹,2022,-0.561107131995125,-0.5160922408103943,0.0020263404283731436
xgboost,MLB,NPB,full_cross_league,NPB,奥村　政稔,2022,-0.636937072875427,-0.5691996216773987,0.004588362294805268
xgboost,MLB,NPB,full_cross_league,NPB,田上　奏大,2022,-0.664019194618392,-0.5400084853172302,0.015378656021377248
xgboost,MLB,NPB,full_cross_league,NPB,上沢　直之,2022,1.1071515673715102,1.0546720027923584,0.002754104698417366
xgboost,MLB,NPB,full_cross_league,NPB,加藤　貴之,2022,0.728001862970004,0.6200841069221497,0.011646242070404206
xgboost,MLB,NPB,full_cross_league,NPB,杉浦　稔大,2022,-0.084461789318943,0.7867054343223572,0.7589323315468911
xgboost,MLB,NPB,full_cross_league,NPB,立野　和明,2022,-0.561107131995125,-0.4675091803073883,0.008760576560139885
xgboost,MLB,NPB,full_cross_league,NPB,池田　隆英,2022,-0.561107131995125,-0.26905155181884766,0.08529646191210194
xgboost,MLB,NPB,full_cross_league,NPB,根本　悠楓,2022,-0.5936056780866831,-0.5160191655158997,0.006019666932896333
xgboost,MLB,NPB,full_cross_league,NPB,達　孝太,2022,-0.626104224178241,-0.5201425552368164,0.011227875284852059
xgboost,MLB,NPB,full_cross_league,NPB,生田目　翼,2022,-0.636937072875427,-0.5713708400726318,0.0042989308839503325
xgboost,MLB,NPB,full_cross_league,NPB,田中　瑛斗,2022,-0.6586027702697991,-0.43211591243743896,0.0512962967707757
xgboost,MLB,NPB,full_cross_league,NPB,山本　由伸,2022,6.306918942020769,0.23201723396778107,36.904430762505115
xgboost,MLB,NPB,full_cross_league,NPB,田嶋　大樹,2022,0.45718064554035504,-0.416477233171463,0.7632780890352339
xgboost,MLB,NPB,full_cross_league,NPB,宮城　大弥,2022,0.132195184624776,0.2990175187587738,0.02782969116591521
xgboost,MLB,NPB,full_cross_league,NPB,山岡　泰輔,2022,0.0455323950472885,0.1381676346063614,0.00858128760816682
xgboost,MLB,NPB,full_cross_league,NPB,山﨑　福也,2022,-0.084461789318943,0.6562957167625427,0.5487216828160624
xgboost,MLB,NPB,full_cross_league,NPB,竹安　大知,2022,-0.5069428885091951,-0.39810246229171753,0.011846238379202182
xgboost,MLB,NPB,full_cross_league,NPB,椋木　蓮,2022,-0.561107131995125,-0.5267555117607117,0.0011800338127293528
xgboost,MLB,NPB,full_cross_league,NPB,東　晃平,2022,-0.6477699215726129,-0.5358152985572815,0.012533837614504979
xgboost,MLB,NPB,full_cross_league,NPB,田中　将大,2022,4.411170420013231,1.414949893951416,8.977337440794138
xgboost,MLB,NPB,full_cross_league,NPB,則本　昂大,2022,2.51542189800569,1.2066969871520996,1.7127608922887385
xgboost,MLB,NPB,full_cross_league,NPB,岸　孝之,2022,1.9737794631463899,1.4174057245254517,0.30955173702704003
xgboost,MLB,NPB,full_cross_league,NPB,辛島　航,2022,0.132195184624776,-0.18056870996952057,0.09782125376179224
xgboost,MLB,NPB,full_cross_league,NPB,早川　隆久,2022,-0.37694870414296405,-0.48703303933143616,0.012118560853887878
xgboost,MLB,NPB,full_cross_league,NPB,瀧中　瞭太,2022,-0.45277864502326604,-0.35128146409988403,0.01030167773539374
xgboost,MLB,NPB,full_cross_league,NPB,藤井　聖,2022,-0.6206877998296478,-0.5058221220970154,0.013194123920976976
xgboost,MLB,NPB,full_cross_league,NPB,高田　孝一,2022,-0.626104224178241,-0.5126415491104126,0.0128737786335476
xgboost,MLB,NPB,full_cross_league,NPB,藤平　尚真,2022,-0.626104224178241,-0.5185312628746033,0.011571942003633932
xgboost,MLB,NPB,full_cross_league,NPB,松井　友飛,2022,-0.6586027702697991,-0.5331822037696838,0.015730318501209827
xgboost,MLB,NPB,full_cross_league,NPB,髙橋　光成,2022,1.21548005434337,-0.3089142143726349,2.323777886494203
xgboost,MLB,NPB,full_cross_league,NPB,松本　航,2022,-0.0302975458330132,-0.4409261643886566,0.16861586237691611
xgboost,MLB,NPB,full_cross_league,NPB,今井　達也,2022,-0.24695451977673202,-0.14028726518154144,0.011377903202875206
xgboost,MLB,NPB,full_cross_league,NPB,與座　海人,2022,-0.37694870414296405,-0.03972920775413513,0.1137169887447354
xgboost,MLB,NPB,full_cross_league,NPB,隅田　知一郎,2022,-0.5177757372063811,-0.3054719865322113,0.045072882550320076
xgboost,MLB,NPB,full_cross_league,NPB,佐藤　隼輔,2022,-0.561107131995125,-0.46461424231529236,0.009310877758764345
xgboost,MLB,NPB,full_cross_league,NPB,渡邉　勇太朗,2022,-0.64235349722402,-0.5339648723602295,0.01174809399986351
xgboost,MLB,NPB,full_cross_league,NPB,石川　歩,2022,0.890494593427793,0.31151342391967773,0.33521919464498495
xgboost,MLB,NPB,full_cross_league,NPB,美馬　学,2022,0.7821661064559338,0.9717249274253845,0.03593254660732829
xgboost,MLB,NPB,full_cross_league,NPB,佐々木　朗希,2022,0.132195184624776,-0.17025041580200195,0.09147334121751421
xgboost,MLB,NPB,full_cross_league,NPB,小島　和哉,2022,0.0022010002585447002,-0.19134406745433807,0.03745969323598437
xgboost,MLB,NPB,full_cross_league,NPB,二木　康太,2022,-0.23612167107954596,-0.15004214644432068,0.007409684561426356
xgboost,MLB,NPB,full_cross_league,NPB,種市　篤暉,2022,-0.5394414346007531,-0.49604442715644836,0.0018833002551210416
xgboost,MLB,NPB,full_cross_league,NPB,鈴木　昭汰,2022,-0.561107131995125,-0.5207896828651428,0.0016254967043486978
xgboost,MLB,NPB,full_cross_league,NPB,河村　説人,2022,-0.571939980692311,-0.4488407373428345,0.015153423713213642
xgboost,MLB,NPB,full_cross_league,NPB,本前　郁也,2022,-0.5936056780866831,-0.45426398515701294,0.019416107388506486
xgboost,MLB,NPB,full_cross_league,NPB,佐藤　奨真,2022,-0.636937072875427,-0.5053824782371521,0.017306611370440827
xgboost,MLB,NPB,full_cross_league,NPB,森　遼大朗,2022,-0.6846016071430451,-0.5199596881866455,0.027106961477645644
xgboost,MLB,NPB,full_cross_league,NPB,西　勇輝,2023,2.51542189800569,-0.18601325154304504,7.297751867217397
xgboost,MLB,NPB,full_cross_league,NPB,青柳　晃洋,2023,1.54046551525895,0.28411126136779785,1.5784260112703934
xgboost,MLB,NPB,full_cross_league,NPB,伊藤　将司,2023,0.998823080399653,-0.028757663443684578,1.0559221851176268
xgboost,MLB,NPB,full_cross_league,NPB,大竹　耕太郎,2023,-0.008631848438641248,0.5783952474594116,0.3446008113185018
xgboost,MLB,NPB,full_cross_league,NPB,村上　頌樹,2023,-0.008631848438641248,-0.07720521837472916,0.004702307064391565
xgboost,MLB,NPB,full_cross_league,NPB,才木　浩人,2023,-0.192790276290803,-0.2374269813299179,0.001992435436748946
xgboost,MLB,NPB,full_cross_league,NPB,秋山　拓巳,2023,-0.257787368473918,-0.08693890273571014,0.029189198245099576
xgboost,MLB,NPB,full_cross_league,NPB,西　純矢,2023,-0.32278446065703403,-0.3949246406555176,0.0052042055702136054
xgboost,MLB,NPB,full_cross_league,NPB,門別　啓人,2023,-0.6477699215726129,-0.39772555232048035,0.06252218659469683
xgboost,MLB,NPB,full_cross_league,NPB,東　克樹,2023,0.40301640205442507,1.730532169342041,1.7622981123972274
xgboost,MLB,NPB,full_cross_league,NPB,石田　健大,2023,0.132195184624776,0.8897799849510193,0.573934729685354
xgboost,MLB,NPB,full_cross_league,NPB,大貫　晋一,2023,0.09969663853321842,-0.20428116619586945,0.09240250576791548
xgboost,MLB,NPB,full_cross_league,NPB,濵口　遥大,2023,-0.14945888150205905,-0.14954471588134766,7.367540667860511e-9
xgboost,MLB,NPB,full_cross_league,NPB,森　唯斗,2023,-0.192790276290803,0.023173512890934944,0.04664035823773415
xgboost,MLB,NPB,full_cross_league,NPB,平良　拳太郎,2023,-0.45277864502326604,1.4259861707687378,3.5297572330579623
xgboost,MLB,NPB,full_cross_league,NPB,菅野　智之,2023,3.59870676772428,-0.11667250841856003,13.804043165591695
xgboost,MLB,NPB,full_cross_league,NPB,戸郷　翔征,2023,1.21548005434337,-0.056122757494449615,1.6169737110738491
xgboost,MLB,NPB,full_cross_league,NPB,山﨑　伊織,2023,-0.181957427593617,-0.2716361880302429,0.008042280073449743
xgboost,MLB,NPB,full_cross_league,NPB,高橋　礼,2023,-0.268620217171104,-0.5870240926742554,0.1013810279354263
xgboost,MLB,NPB,full_cross_league,NPB,赤星　優志,2023,-0.409447250234522,-0.36544233560562134,0.0019364325114968352
xgboost,MLB,NPB,full_cross_league,NPB,髙橋　優貴,2023,-0.4852771911148231,-0.4053325951099396,0.006391138430384038
xgboost,MLB,NPB,full_cross_league,NPB,横川　凱,2023,-0.5502742832979389,-0.5188004970550537,9.905992204628307e-4
xgboost,MLB,NPB,full_cross_league,NPB,井上　温大,2023,-0.6618526248789548,-0.5102766752243042,0.022975268513709173
xgboost,MLB,NPB,full_cross_league,NPB,大野　雄大,2023,2.51542189800569,-0.4695179760456085,8.909866051701384
xgboost,MLB,NPB,full_cross_league,NPB,柳　裕也,2023,0.8688288960334223,0.3209547996520996,0.30016602548565086
xgboost,MLB,NPB,full_cross_league,NPB,涌井　秀章,2023,0.34885215856849494,1.0679882764816284,0.5171567560871723
xgboost,MLB,NPB,full_cross_league,NPB,小笠原　慎之介,2023,0.273022217688194,0.23590053617954254,0.0013780192380297566
xgboost,MLB,NPB,full_cross_league,NPB,髙橋　宏斗,2023,-0.0519632432273851,-0.502047061920166,0.20257544384907608
xgboost,MLB,NPB,full_cross_league,NPB,松葉　貴大,2023,-0.192790276290803,-0.05089634284377098,0.020133888349070754
xgboost,MLB,NPB,full_cross_league,NPB,福谷　浩司,2023,-0.5177757372063811,-0.5590049028396606,0.001699844098816395
xgboost,MLB,NPB,full_cross_league,NPB,根尾　昂,2023,-0.561107131995125,-0.5359066724777222,6.350631598882571e-4
xgboost,MLB,NPB,full_cross_league,NPB,仲地　礼亜,2023,-0.571939980692311,-0.5505271553993225,4.5850908702804765e-4
xgboost,MLB,NPB,full_cross_league,NPB,梅津　晃大,2023,-0.626104224178241,-0.3925245702266693,0.05455945474013596
xgboost,MLB,NPB,full_cross_league,NPB,大瀬良　大地,2023,1.21548005434337,0.5634691119194031,0.4251182690405894
xgboost,MLB,NPB,full_cross_league,NPB,九里　亜蓮,2023,0.7821661064559338,1.123373031616211,0.11642216577733099
xgboost,MLB,NPB,full_cross_league,NPB,森下　暢仁,2023,0.6738376194840741,-0.35466837882995605,1.0578245885679398
xgboost,MLB,NPB,full_cross_league,NPB,床田　寛樹,2023,0.34885215856849494,0.55257415771484375,0.04150265293618494
xgboost,MLB,NPB,full_cross_league,NPB,野村　祐輔,2023,-0.252370944125325,-0.6030871868133545,0.12300188288520879
xgboost,MLB,NPB,full_cross_league,NPB,遠藤　淳志,2023,-0.4636114937204521,-0.4603312313556671,1.0760121181824607e-5
xgboost,MLB,NPB,full_cross_league,NPB,森　翔平,2023,-0.5394414346007531,-0.3782263398170471,0.025990306786119306
xgboost,MLB,NPB,full_cross_league,NPB,玉村　昇悟,2023,-0.561107131995125,-0.5108949542045593,0.002521262798471373
xgboost,MLB,NPB,full_cross_league,NPB,黒原　拓未,2023,-0.582772829389497,-0.49432775378227234,0.007822531399167694
xgboost,MLB,NPB,full_cross_league,NPB,サイスニード,2023,1.7842046109456398,0.14298014342784882,2.6936177527790566
xgboost,MLB,NPB,full_cross_league,NPB,小川　泰弘,2023,0.998823080399653,0.2835645079612732,0.511594825446589
xgboost,MLB,NPB,full_cross_league,NPB,石川　雅規,2023,-0.0032154240900482698,1.012284517288208,1.031240130939242
xgboost,MLB,NPB,full_cross_league,NPB,高橋　奎二,2023,-0.21445597368517402,0.01926668919622898,0.054626283144373955
xgboost,MLB,NPB,full_cross_league,NPB,吉村　貢司郎,2023,-0.5069428885091951,-0.41082891821861267,0.009237895285018964
xgboost,MLB,NPB,full_cross_league,NPB,宮川　哲,2023,-0.5177757372063811,-0.45728573203086853,0.003659040726133543
xgboost,MLB,NPB,full_cross_league,NPB,山野　太一,2023,-0.636937072875427,-0.5797156691551208,0.003274289043722267
xgboost,MLB,NPB,full_cross_league,NPB,金久保　優斗,2023,-0.636937072875427,-0.5196056365966797,0.013766665939233742
xgboost,MLB,NPB,full_cross_league,NPB,有原　航平,2023,4.68199163744288,0.47368907928466797,17.70981042100095
xgboost,MLB,NPB,full_cross_league,NPB,和田　毅,2023,1.43213702828709,1.2596697807312012,0.02974495147950424
xgboost,MLB,NPB,full_cross_league,NPB,東浜　巨,2023,0.890494593427793,0.13610027730464935,0.5691107841989056
xgboost,MLB,NPB,full_cross_league,NPB,石川　柊太,2023,0.565509132512215,0.14903277158737183,0.17345255920920025
xgboost,MLB,NPB,full_cross_league,NPB,大関　友久,2023,-0.138626032804873,-0.225040465593338,0.0074674541941521354
xgboost,MLB,NPB,full_cross_league,NPB,加藤　貴之,2023,2.51542189800569,0.6899654865264893,3.3322911102105217
xgboost,MLB,NPB,full_cross_league,NPB,山﨑　福也,2023,-0.084461789318943,0.8750518560409546,0.9206664356318393
xgboost,MLB,NPB,full_cross_league,NPB,上原　健太,2023,-0.3011187632626621,0.13404247164726257,0.18936530036833066
xgboost,MLB,NPB,full_cross_league,NPB,北山　亘基,2023,-0.37694870414296405,-0.48165205121040344,0.010962790887124669
xgboost,MLB,NPB,full_cross_league,NPB,鈴木　健矢,2023,-0.409447250234522,-0.037955645471811295,0.13800601240917407
xgboost,MLB,NPB,full_cross_league,NPB,根本　悠楓,2023,-0.561107131995125,-0.3306935727596283,0.053090408279569734
xgboost,MLB,NPB,full_cross_league,NPB,金村　尚真,2023,-0.6044385267838689,-0.5245457887649536,0.0063828495881590305
xgboost,MLB,NPB,full_cross_league,NPB,田中　瑛斗,2023,-0.6531863459212057,-0.4719952642917633,0.03283020806204726
xgboost,MLB,NPB,full_cross_league,NPB,宮城　大弥,2023,0.998823080399653,-0.48853009939193726,2.2122194814361547
xgboost,MLB,NPB,full_cross_league,NPB,田嶋　大樹,2023,0.2946879150825661,-0.2921241819858551,0.3443484372658382
xgboost,MLB,NPB,full_cross_league,NPB,山下　舜平大,2023,-0.3011187632626621,-0.4479807913303375,0.021568455288150677
xgboost,MLB,NPB,full_cross_league,NPB,東　晃平,2023,-0.474444342417637,-0.20078028738498688,0.07489201501691335
xgboost,MLB,NPB,full_cross_league,NPB,曽谷　龍平,2023,-0.561107131995125,-0.40758341550827026,0.023569531523936142
xgboost,MLB,NPB,full_cross_league,NPB,齋藤　響介,2023,-0.6694356189669849,-0.548043429851532,0.014736063578241884
xgboost,MLB,NPB,full_cross_league,NPB,則本　昂大,2023,2.51542189800569,0.690870463848114,3.328987935886468
xgboost,MLB,NPB,full_cross_league,NPB,田中　将大,2023,2.08210795011825,-0.09904511272907257,4.757428683568256
xgboost,MLB,NPB,full_cross_league,NPB,岸　孝之,2023,1.54046551525895,0.8401980996131897,0.4903744534151919
xgboost,MLB,NPB,full_cross_league,NPB,辛島　航,2023,0.132195184624776,-0.37458494305610657,0.25682609781225163
xgboost,MLB,NPB,full_cross_league,NPB,早川　隆久,2023,-0.37694870414296405,-0.3208896517753601,0.0031426173523537615
xgboost,MLB,NPB,full_cross_league,NPB,荘司　康誠,2023,-0.409447250234522,-0.5898399949073792,0.03254154233060663
xgboost,MLB,NPB,full_cross_league,NPB,瀧中　瞭太,2023,-0.4852771911148231,-0.2848414480686188,0.040174487090484046
xgboost,MLB,NPB,full_cross_league,NPB,藤平　尚真,2023,-0.5773564050409039,-0.5321087837219238,0.0020473472350258206
xgboost,MLB,NPB,full_cross_league,NPB,藤井　聖,2023,-0.5936056780866831,-0.5400879383087158,0.0028641484709422188
xgboost,MLB,NPB,full_cross_league,NPB,松井　友飛,2023,-0.6477699215726129,-0.37333738803863525,0.07531321546187777
xgboost,MLB,NPB,full_cross_league,NPB,髙橋　光成,2023,2.136272193604179,-0.4611015319824219,6.746350270367619
xgboost,MLB,NPB,full_cross_league,NPB,平良　海馬,2023,1.9737794631463899,-0.08773194998502731,4.249829306471094
xgboost,MLB,NPB,full_cross_league,NPB,今井　達也,2023,0.132195184624776,-0.11234477907419205,0.05979979384589261
xgboost,MLB,NPB,full_cross_league,NPB,松本　航,2023,-0.10612748671331501,0.10820585489273071,0.04593878132401389
xgboost,MLB,NPB,full_cross_league,NPB,隅田　知一郎,2023,-0.3011187632626621,-0.39007893204689026,0.007913911630118358
xgboost,MLB,NPB,full_cross_league,NPB,與座　海人,2023,-0.409447250234522,-0.20516487956047058,0.04173128696821054
xgboost,MLB,NPB,full_cross_league,NPB,渡邉　勇太朗,2023,-0.6456033518331761,-0.5483145713806152,0.009465106801946585
xgboost,MLB,NPB,full_cross_league,NPB,美馬　学,2023,0.7821661064559338,0.36793655157089233,0.17158612414025956
xgboost,MLB,NPB,full_cross_league,NPB,小島　和哉,2023,0.40301640205442507,0.23585225641727448,0.027943851586598494
xgboost,MLB,NPB,full_cross_league,NPB,西野　勇士,2023,0.186359428110706,0.863496720790863,0.45851491313821274
xgboost,MLB,NPB,full_cross_league,NPB,佐々木　朗希,2023,0.132195184624776,-0.21003270149230957,0.11711992603616887
xgboost,MLB,NPB,full_cross_league,NPB,種市　篤暉,2023,-0.171124578896431,-0.11576959490776062,0.0030641742523859553
xgboost,MLB,NPB,full_cross_league,NPB,菊地　吏玖,2023,-0.561107131995125,-0.3899726867675781,0.02928699834334023
xgboost,MLB,NPB,full_cross_league,NPB,本前　郁也,2023,-0.6044385267838689,-0.35967743396759033,0.059907992556618925
xgboost,MLB,NPB,full_cross_league,NPB,森　遼大朗,2023,-0.6586027702697991,-0.4593157470226288,0.039715317634718195
xgboost,MLB,NPB,full_cross_league,NPB,西　勇輝,2024,2.51542189800569,0.6650834679603577,3.423752305702626
xgboost,MLB,NPB,full_cross_league,NPB,伊藤　将司,2024,0.7821661064559338,-0.044265493750572205,0.6829891898198861
xgboost,MLB,NPB,full_cross_league,NPB,才木　浩人,2024,0.565509132512215,0.20691008865833282,0.12859327425291853
xgboost,MLB,NPB,full_cross_league,NPB,大竹　耕太郎,2024,0.240523671596636,0.25154823064804077,1.215409022779106e-4
xgboost,MLB,NPB,full_cross_league,NPB,村上　頌樹,2024,0.132195184624776,0.07606767863035202,0.0031502969291541
xgboost,MLB,NPB,full_cross_league,NPB,及川　雅貴,2024,-0.409447250234522,-0.5555287003517151,0.021339790068341972
xgboost,MLB,NPB,full_cross_league,NPB,髙橋　遥人,2024,-0.4636114937204521,0.0695638358592987,0.28427593207247587
xgboost,MLB,NPB,full_cross_league,NPB,東　克樹,2024,1.54046551525895,2.3700149059295654,0.6881521915619895
xgboost,MLB,NPB,full_cross_league,NPB,石田　健大,2024,0.34885215856849494,-0.22871902585029602,0.33358847307092504
xgboost,MLB,NPB,full_cross_league,NPB,大貫　晋一,2024,0.0455323950472885,0.029453368857502937,2.585350832118101e-4
xgboost,MLB,NPB,full_cross_league,NPB,平良　拳太郎,2024,-0.45277864502326604,-0.4817699193954468,8.404939897230639e-4
xgboost,MLB,NPB,full_cross_league,NPB,吉野　光樹,2024,-0.582772829389497,-0.28445127606391907,0.08899574917858566
xgboost,MLB,NPB,full_cross_league,NPB,石田　裕太郎,2024,-0.5936056780866831,-0.24494455754756927,0.12156457697559045
xgboost,MLB,NPB,full_cross_league,NPB,小園　健太,2024,-0.6596860551395181,-0.5308963060379028,0.016586799473657
xgboost,MLB,NPB,full_cross_league,NPB,松本　隆之介,2024,-0.6737687584458589,-0.43062132596969604,0.05912067391975019
xgboost,MLB,NPB,full_cross_league,NPB,戸郷　翔征,2024,2.51542189800569,-0.2857394516468048,7.846504906786987
xgboost,MLB,NPB,full_cross_league,NPB,田中　将大,2024,0.998823080399653,-0.4255290925502777,2.028779112587189
xgboost,MLB,NPB,full_cross_league,NPB,山﨑　伊織,2024,0.240523671596636,-0.22066529095172882,0.21269525917643706
xgboost,MLB,NPB,full_cross_league,NPB,高橋　礼,2024,-0.33361730935422,-0.8711746335029602,0.2889678767459537
xgboost,MLB,NPB,full_cross_league,NPB,井上　温大,2024,-0.36611585544577796,-0.37990885972976685,1.9024696717813574e-4
xgboost,MLB,NPB,full_cross_league,NPB,又木　鉄平,2024,-0.626104224178241,-0.5334423184394836,0.008586228775138347
xgboost,MLB,NPB,full_cross_league,NPB,髙橋　宏斗,2024,0.565509132512215,-0.5967262387275696,1.35079105816088
xgboost,MLB,NPB,full_cross_league,NPB,大野　雄大,2024,0.565509132512215,0.0988936796784401,0.21772998082326883
xgboost,MLB,NPB,full_cross_league,NPB,柳　裕也,2024,0.45718064554035504,0.028198471292853355,0.1840257058221139
xgboost,MLB,NPB,full_cross_league,NPB,涌井　秀章,2024,0.240523671596636,0.9470174908638,0.4991335166627042
xgboost,MLB,NPB,full_cross_league,NPB,松葉　貴大,2024,-0.192790276290803,-0.3387949466705322,0.02131736377269338
xgboost,MLB,NPB,full_cross_league,NPB,梅津　晃大,2024,-0.582772829389497,-0.326038658618927,0.06591243444125222
xgboost,MLB,NPB,full_cross_league,NPB,仲地　礼亜,2024,-0.6098549511324619,-0.20445767045021057,0.16434695518456408
xgboost,MLB,NPB,full_cross_league,NPB,松木平　優太,2024,-0.6206877998296478,-0.5383296608924866,0.0067828630491927585
xgboost,MLB,NPB,full_cross_league,NPB,大瀬良　大地,2024,1.43213702828709,0.3448014557361603,1.1822986473346582
xgboost,MLB,NPB,full_cross_league,NPB,森下　暢仁,2024,1.0529873238855803,0.17607876658439636,0.7689686178680437
xgboost,MLB,NPB,full_cross_league,NPB,床田　寛樹,2024,0.890494593427793,0.9711117744445801,0.006499129875093411
xgboost,MLB,NPB,full_cross_league,NPB,アドゥワ　誠,2024,-0.36611585544577796,-0.4000033438205719,0.0011483618683517944
xgboost,MLB,NPB,full_cross_league,NPB,玉村　昇悟,2024,-0.45277864502326604,-0.3224404454231262,0.016988046275005886
xgboost,MLB,NPB,full_cross_league,NPB,森　翔平,2024,-0.5177757372063811,-0.2734137177467346,0.059712796554396666
xgboost,MLB,NPB,full_cross_league,NPB,常廣　羽也斗,2024,-0.561107131995125,-0.4909316301345825,0.004924601061378996
xgboost,MLB,NPB,full_cross_league,NPB,小川　泰弘,2024,0.45718064554035504,-0.39243432879447937,0.7218456046139814
xgboost,MLB,NPB,full_cross_league,NPB,高橋　奎二,2024,-0.10612748671331501,0.3946923315525055,0.2508204903678095
xgboost,MLB,NPB,full_cross_league,NPB,吉村　貢司郎,2024,-0.192790276290803,0.29017773270606995,0.2332580977144036
xgboost,MLB,NPB,full_cross_league,NPB,青柳　晃洋,2024,-0.192790276290803,-0.14091458916664124,0.002691086914603923
xgboost,MLB,NPB,full_cross_league,NPB,石川　雅規,2024,-0.3011187632626621,0.3371579945087433,0.4073972195111774
xgboost,MLB,NPB,full_cross_league,NPB,高梨　裕稔,2024,-0.409447250234522,0.522138237953186,0.8678515218019303
xgboost,MLB,NPB,full_cross_league,NPB,奥川　恭伸,2024,-0.5069428885091951,-0.5270187258720398,4.030392458193906e-4
xgboost,MLB,NPB,full_cross_league,NPB,松本　健吾,2024,-0.561107131995125,-0.5204715132713318,0.0016512535090654906
xgboost,MLB,NPB,full_cross_league,NPB,山野　太一,2024,-0.582772829389497,-0.5323575139045715,0.0025417040354445693
xgboost,MLB,NPB,full_cross_league,NPB,阪口　皓亮,2024,-0.626104224178241,-0.46882742643356323,0.024735991108820268
xgboost,MLB,NPB,full_cross_league,NPB,有原　航平,2024,3.59870676772428,1.9842541217803955,2.60645734599521
xgboost,MLB,NPB,full_cross_league,NPB,東浜　巨,2024,0.890494593427793,-0.28867197036743164,1.3904337851726376
xgboost,MLB,NPB,full_cross_league,NPB,大関　友久,2024,0.240523671596636,0.002332861302420497,0.05673486210861496
xgboost,MLB,NPB,full_cross_league,NPB,大津　亮介,2024,-0.138626032804873,-0.435286283493042,0.08800730433836726
xgboost,MLB,NPB,full_cross_league,NPB,濵口　遥大,2024,-0.23612167107954596,0.46091362833976746,0.4858582086365719
xgboost,MLB,NPB,full_cross_league,NPB,前田　悠伍,2024,-0.626104224178241,-0.5254663228988647,0.010127987173917474
xgboost,MLB,NPB,full_cross_league,NPB,松本　晴,2024,-0.636937072875427,-0.5342665910720825,0.01054122783373089
xgboost,MLB,NPB,full_cross_league,NPB,前田　純,2024,-0.6531863459212057,-0.5231950283050537,0.016897742655583314
xgboost,MLB,NPB,full_cross_league,NPB,加藤　貴之,2024,2.51542189800569,1.234596848487854,1.6405128074723674
xgboost,MLB,NPB,full_cross_league,NPB,山﨑　福也,2024,1.9737794631463899,0.29618221521377563,2.814332526271081
xgboost,MLB,NPB,full_cross_league,NPB,伊藤　大海,2024,1.6487940022308099,2.187643527984619,0.29035881140510517
xgboost,MLB,NPB,full_cross_league,NPB,北山　亘基,2024,-0.23612167107954596,-0.05346474051475525,0.03336355428335078
xgboost,MLB,NPB,full_cross_league,NPB,金村　尚真,2024,-0.34445015805140594,-0.5015345811843872,0.0246755159910215
xgboost,MLB,NPB,full_cross_league,NPB,上原　健太,2024,-0.34445015805140594,-0.5100536346435547,0.02742451145940636
xgboost,MLB,NPB,full_cross_league,NPB,福谷　浩司,2024,-0.5177757372063811,-0.4237094223499298,0.008848471590673038
xgboost,MLB,NPB,full_cross_league,NPB,福島　蓮,2024,-0.561107131995125,-0.5294347405433655,0.0010031403802734872
xgboost,MLB,NPB,full_cross_league,NPB,根本　悠楓,2024,-0.571939980692311,-0.5265577435493469,0.0020595474481002285
xgboost,MLB,NPB,full_cross_league,NPB,細野　晴希,2024,-0.5936056780866831,-0.4863804578781128,0.011497247848776388
xgboost,MLB,NPB,full_cross_league,NPB,達　孝太,2024,-0.6206877998296478,-0.5218905806541443,0.009760890516812486
xgboost,MLB,NPB,full_cross_league,NPB,宮城　大弥,2024,1.43213702828709,-0.5419930815696716,3.89718969064307
xgboost,MLB,NPB,full_cross_league,NPB,九里　亜蓮,2024,0.7821661064559338,0.6623361110687256,0.014359227794498332
xgboost,MLB,NPB,full_cross_league,NPB,田嶋　大樹,2024,0.34885215856849494,0.6110705137252808,0.06875846578113026
xgboost,MLB,NPB,full_cross_league,NPB,曽谷　龍平,2024,-0.32278446065703403,-0.3430306613445282,4.099086422782892e-4
xgboost,MLB,NPB,full_cross_league,NPB,山下　舜平大,2024,-0.34445015805140594,-0.3559349775314331,1.3190107848881142e-4
xgboost,MLB,NPB,full_cross_league,NPB,東　晃平,2024,-0.474444342417637,-0.34506312012672424,0.01673950068149058
xgboost,MLB,NPB,full_cross_league,NPB,齋藤　響介,2024,-0.6044385267838689,-0.40836355090141296,0.038445396167305676
xgboost,MLB,NPB,full_cross_league,NPB,佐藤　一磨,2024,-0.636937072875427,-0.5581154227256775,0.006212852532329507
xgboost,MLB,NPB,full_cross_league,NPB,岸　孝之,2024,1.6487940022308099,0.4965616762638092,1.3276393330033245
xgboost,MLB,NPB,full_cross_league,NPB,早川　隆久,2024,0.0238666976529166,-0.05704757943749428,0.006547120237063791
xgboost,MLB,NPB,full_cross_league,NPB,藤井　聖,2024,-0.33361730935422,0.5038691759109497,0.7013836130018074
xgboost,MLB,NPB,full_cross_league,NPB,内　星龍,2024,-0.398614401537336,-0.5305609703063965,0.017409897009928402
xgboost,MLB,NPB,full_cross_league,NPB,瀧中　瞭太,2024,-0.43111294762889407,-0.12096314132213593,0.0961929023521196
xgboost,MLB,NPB,full_cross_league,NPB,荘司　康誠,2024,-0.44194579632608,-0.4487624168395996,4.6466315225336365e-5
xgboost,MLB,NPB,full_cross_league,NPB,古謝　樹,2024,-0.4852771911148231,-0.49859774112701416,1.7743705262728346e-4
xgboost,MLB,NPB,full_cross_league,NPB,髙橋　光成,2024,1.54046551525895,-0.12069342285394669,2.7594490176723663
xgboost,MLB,NPB,full_cross_league,NPB,今井　達也,2024,1.21548005434337,-0.2233845740556717,2.0703314188579123
xgboost,MLB,NPB,full_cross_league,NPB,隅田　知一郎,2024,0.240523671596636,0.23331744968891144,5.1929634183369614e-5
xgboost,MLB,NPB,full_cross_league,NPB,武内　夏暉,2024,-0.24695451977673202,-0.48729297518730164,0.05776257314913836
xgboost,MLB,NPB,full_cross_league,NPB,與座　海人,2024,-0.4636114937204521,-0.12866511940956116,0.11218907366401144
xgboost,MLB,NPB,full_cross_league,NPB,渡邉　勇太朗,2024,-0.5177757372063811,-0.39332976937294006,0.015486798910001853
xgboost,MLB,NPB,full_cross_league,NPB,青山　美夏人,2024,-0.5665235563437181,-0.4981953799724579,0.004668739686222042
xgboost,MLB,NPB,full_cross_league,NPB,杉山　遙希,2024,-0.6586027702697991,-0.5000064373016357,0.02515279683094853
xgboost,MLB,NPB,full_cross_league,NPB,菅井　信也,2024,-0.6618526248789548,-0.5068609118461609,0.024022431108839937
xgboost,MLB,NPB,full_cross_league,NPB,石川　柊太,2024,1.43213702828709,0.6599717736244202,0.5962391805082657
xgboost,MLB,NPB,full_cross_league,NPB,小島　和哉,2024,0.998823080399653,1.7937538623809814,0.6319149481414464
xgboost,MLB,NPB,full_cross_league,NPB,西野　勇士,2024,0.890494593427793,0.48453205823898315,0.1648055799769257
xgboost,MLB,NPB,full_cross_league,NPB,石川　歩,2024,0.240523671596636,-0.3339591920375824,0.33003056060937197
xgboost,MLB,NPB,full_cross_league,NPB,種市　篤暉,2024,0.186359428110706,-0.03776856139302254,0.050233355678983446
xgboost,MLB,NPB,full_cross_league,NPB,唐川　侑己,2024,-0.10612748671331501,0.4595867693424225,0.3200326195046966
xgboost,MLB,NPB,full_cross_league,NPB,美馬　学,2024,-0.3011187632626621,-0.21645236015319824,0.007168399815494235
xgboost,MLB,NPB,full_cross_league,NPB,中森　俊介,2024,-0.561107131995125,-0.5347906947135925,6.925548711928302e-4
xgboost,MLB,NPB,full_cross_league,NPB,田中　晴也,2024,-0.6152713754810549,-0.5029197335243225,0.012622891450373796
xgboost,MLB,NPB,full_cross_league,NPB,西　勇輝,2025,2.51542189800569,-0.21466651558876038,7.453382746042664
xgboost,MLB,NPB,full_cross_league,NPB,才木　浩人,2025,1.9737794631463899,0.11091238260269165,3.4702737597734012
xgboost,MLB,NPB,full_cross_league,NPB,村上　頌樹,2025,1.7571224892026698,0.0662723183631897,2.858974300227899
xgboost,MLB,NPB,full_cross_league,NPB,伊藤　将司,2025,0.7821661064559338,-0.48206204175949097,1.598272810740202
xgboost,MLB,NPB,full_cross_league,NPB,大竹　耕太郎,2025,0.6738376194840741,0.16688624024391174,0.2569997009135029
xgboost,MLB,NPB,full_cross_league,NPB,伊原　陵人,2025,-0.34445015805140594,-0.4675247371196747,0.015147352012831534
xgboost,MLB,NPB,full_cross_league,NPB,髙橋　遥人,2025,-0.409447250234522,1.2780925035476685,2.8477904205952562
xgboost,MLB,NPB,full_cross_league,NPB,門別　啓人,2025,-0.6044385267838689,-0.5186055898666382,0.007367293059837306
xgboost,MLB,NPB,full_cross_league,NPB,早川　太貴,2025,-0.6564362005303619,-0.39823955297470093,0.0666655088089822
xgboost,MLB,NPB,full_cross_league,NPB,東　克樹,2025,2.51542189800569,2.1021568775177,0.17078797715893876
xgboost,MLB,NPB,full_cross_league,NPB,藤浪　晋太郎,2025,0.132195184624776,0.27765870094299316,0.02115963457966023
xgboost,MLB,NPB,full_cross_league,NPB,大貫　晋一,2025,-0.0519632432273851,-0.08960048854351044,0.0014165622349861984
xgboost,MLB,NPB,full_cross_league,NPB,平良　拳太郎,2025,-0.409447250234522,0.1496909260749817,0.31263550020671765
xgboost,MLB,NPB,full_cross_league,NPB,石田　裕太郎,2025,-0.409447250234522,-0.6279518008232117,0.047744238627965244
xgboost,MLB,NPB,full_cross_league,NPB,竹田　祐,2025,-0.5177757372063811,-0.4038407802581787,0.012981174414788743
xgboost,MLB,NPB,full_cross_league,NPB,吉野　光樹,2025,-0.6152713754810549,-0.5200772881507874,0.00906191426264261
xgboost,MLB,NPB,full_cross_league,NPB,小園　健太,2025,-0.6629359097486729,-0.5267519354820251,0.018546074847058974
xgboost,MLB,NPB,full_cross_league,NPB,戸郷　翔征,2025,1.8654509761745302,-0.2677192687988281,4.550415294039698
xgboost,MLB,NPB,full_cross_league,NPB,山﨑　伊織,2025,1.21548005434337,-0.2856888771057129,2.253508160747981
xgboost,MLB,NPB,full_cross_league,NPB,田中　将大,2025,0.34885215856849494,-0.42234814167022705,0.5947499030882949
xgboost,MLB,NPB,full_cross_league,NPB,赤星　優志,2025,-0.21445597368517402,0.16631169617176056,0.1449840184082795
xgboost,MLB,NPB,full_cross_league,NPB,井上　温大,2025,-0.32278446065703403,-0.37899094820022583,0.0031591692419429746
xgboost,MLB,NPB,full_cross_league,NPB,森田　駿哉,2025,-0.571939980692311,-0.22907675802707672,0.11755518945639003
xgboost,MLB,NPB,full_cross_league,NPB,柳　裕也,2025,1.43213702828709,0.6596118211746216,0.5967951956241622
xgboost,MLB,NPB,full_cross_league,NPB,髙橋　宏斗,2025,1.43213702828709,-0.5016806125640869,3.7396506680672115
xgboost,MLB,NPB,full_cross_league,NPB,大野　雄大,2025,1.1071515673715102,0.42037340998649597,0.4716642374611554
xgboost,MLB,NPB,full_cross_league,NPB,松葉　貴大,2025,0.34885215856849494,0.40058082342147827,0.002675854767472273
xgboost,MLB,NPB,full_cross_league,NPB,涌井　秀章,2025,0.0238666976529166,1.3905097246170044,1.8677131631495647
xgboost,MLB,NPB,full_cross_league,NPB,金丸　夢斗,2025,-0.4636114937204521,-0.5808203220367432,0.013737909435277801
xgboost,MLB,NPB,full_cross_league,NPB,草加　勝,2025,-0.6152713754810549,-0.4380510151386261,0.03140705611990032
xgboost,MLB,NPB,full_cross_league,NPB,三浦　瑞樹,2025,-0.636937072875427,-0.4031265377998352,0.05466736631233454
xgboost,MLB,NPB,full_cross_league,NPB,松木平　優太,2025,-0.636937072875427,-0.49552103877067566,0.019998494701916194
xgboost,MLB,NPB,full_cross_league,NPB,仲地　礼亜,2025,-0.636937072875427,-0.29757291078567505,0.11516803451087944
xgboost,MLB,NPB,full_cross_league,NPB,森下　暢仁,2025,1.43213702828709,0.025557667016983032,1.978465499551022
xgboost,MLB,NPB,full_cross_league,NPB,大瀬良　大地,2025,1.43213702828709,0.278230220079422,1.3315009220280078
xgboost,MLB,NPB,full_cross_league,NPB,床田　寛樹,2025,1.2696442978292994,0.8594188094139099,0.1682849513456449
xgboost,MLB,NPB,full_cross_league,NPB,森　翔平,2025,-0.32278446065703403,0.3270680606365204,0.4223082994315896
xgboost,MLB,NPB,full_cross_league,NPB,玉村　昇悟,2025,-0.37694870414296405,-0.2752895653247833,0.01033458050525414
xgboost,MLB,NPB,full_cross_league,NPB,アドゥワ　誠,2025,-0.42028009893170803,-0.38866305351257324,9.996375610356323e-4
xgboost,MLB,NPB,full_cross_league,NPB,髙　太一,2025,-0.5394414346007531,-0.5529870390892029,1.8348340095751054e-4
xgboost,MLB,NPB,full_cross_league,NPB,常廣　羽也斗,2025,-0.582772829389497,-0.5130338668823242,0.004863522891576856
xgboost,MLB,NPB,full_cross_league,NPB,佐藤　柳之介,2025,-0.6044385267838689,-0.5230906009674072,0.00661748503464055
xgboost,MLB,NPB,full_cross_league,NPB,斉藤　優汰,2025,-0.6586027702697991,-0.5253061056137085,0.017768000808438267
xgboost,MLB,NPB,full_cross_league,NPB,小川　泰弘,2025,0.22969082289945,-0.05568889155983925,0.08144158142486545
xgboost,MLB,NPB,full_cross_league,NPB,吉村　貢司郎,2025,0.07803094113884641,0.19085241854190826,0.012728685763409596
xgboost,MLB,NPB,full_cross_league,NPB,青柳　晃洋,2025,-0.192790276290803,-0.3973504304885864,0.04184485668542093
xgboost,MLB,NPB,full_cross_league,NPB,高橋　奎二,2025,-0.23612167107954596,-0.07391440123319626,0.02631119839100651
xgboost,MLB,NPB,full_cross_league,NPB,高梨　裕稔,2025,-0.268620217171104,-0.12640492618083954,0.0202251889914456
xgboost,MLB,NPB,full_cross_league,NPB,奥川　恭伸,2025,-0.38778155284015,-0.3454490303993225,0.0017920424562031612
xgboost,MLB,NPB,full_cross_league,NPB,石川　雅規,2025,-0.38778155284015,-0.06064784154295921,0.10701646506707375
xgboost,MLB,NPB,full_cross_league,NPB,山野　太一,2025,-0.4852771911148231,-0.20213811099529266,0.08016773869093387
xgboost,MLB,NPB,full_cross_league,NPB,中村　優斗,2025,-0.5502742832979389,-0.5022276043891907,0.0023084833541603543
xgboost,MLB,NPB,full_cross_league,NPB,上沢　直之,2025,1.9737794631463899,0.4482681453227997,2.3271847808078667
xgboost,MLB,NPB,full_cross_league,NPB,大関　友久,2025,1.1071515673715102,0.4808325171470642,0.3922755526740521
xgboost,MLB,NPB,full_cross_league,NPB,東浜　巨,2025,0.45718064554035504,-0.4304597079753876,0.7879053971895527
xgboost,MLB,NPB,full_cross_league,NPB,大津　亮介,2025,0.0022010002585447002,-0.16258971393108368,0.027155979483127785
xgboost,MLB,NPB,full_cross_league,NPB,松本　晴,2025,-0.34445015805140594,-0.3815765380859375,0.0013783680944684635
xgboost,MLB,NPB,full_cross_league,NPB,前田　純,2025,-0.5394414346007531,-0.3964889645576477,0.020435408691424947
xgboost,MLB,NPB,full_cross_league,NPB,前田　悠伍,2025,-0.6152713754810549,-0.5427974462509155,0.005252470418055254
xgboost,MLB,NPB,full_cross_league,NPB,有原　航平,2025,4.68199163744288,0.6944490671157837,15.900495750170824
xgboost,MLB,NPB,full_cross_league,NPB,伊藤　大海,2025,2.9487358458931303,2.1056900024414062,0.7107262941612288
xgboost,MLB,NPB,full_cross_league,NPB,加藤　貴之,2025,2.51542189800569,0.10267306119203568,5.821356949545643
xgboost,MLB,NPB,full_cross_league,NPB,山﨑　福也,2025,1.9737794631463899,0.15996024012565613,3.2899401737995384
xgboost,MLB,NPB,full_cross_league,NPB,北山　亘基,2025,0.2946879150825661,-0.28688228130340576,0.3382238933244179
xgboost,MLB,NPB,full_cross_league,NPB,古林　睿煬,2025,0.07803094113884641,-0.4125845730304718,0.24070358274362447
xgboost,MLB,NPB,full_cross_league,NPB,達　孝太,2025,-0.27945306586829005,-0.4040634036064148,0.015527736271209515
xgboost,MLB,NPB,full_cross_league,NPB,福島　蓮,2025,-0.42028009893170803,-0.4511927366256714,9.555911691982438e-4
xgboost,MLB,NPB,full_cross_league,NPB,細野　晴希,2025,-0.5502742832979389,-0.5169196724891663,0.0011125300622046943
xgboost,MLB,NPB,full_cross_league,NPB,柴田　獅子,2025,-0.6271875090479597,-0.3635934889316559,0.06948180744107439
xgboost,MLB,NPB,full_cross_league,NPB,宮城　大弥,2025,1.6487940022308099,-0.3778330385684967,4.107217162498954
xgboost,MLB,NPB,full_cross_league,NPB,九里　亜蓮,2025,0.998823080399653,1.0995579957962036,0.01014752317995022
xgboost,MLB,NPB,full_cross_league,NPB,田嶋　大樹,2025,0.45718064554035504,0.335586279630661,0.01478518982098056
xgboost,MLB,NPB,full_cross_league,NPB,曽谷　龍平,2025,-0.138626032804873,-0.31465619802474976,0.030986619067337105
xgboost,MLB,NPB,full_cross_league,NPB,山下　舜平大,2025,-0.409447250234522,-0.4489744305610657,0.0015623979845671013
xgboost,MLB,NPB,full_cross_league,NPB,東　晃平,2025,-0.528608585903567,-0.40884634852409363,0.01434299350213732
xgboost,MLB,NPB,full_cross_league,NPB,寺西　成騎,2025,-0.582772829389497,-0.5090144276618958,0.0054403018254102166
xgboost,MLB,NPB,full_cross_league,NPB,佐藤　一磨,2025,-0.6477699215726129,-0.5191572308540344,0.01654122421387273
xgboost,MLB,NPB,full_cross_league,NPB,山口　廉王,2025,-0.674852043315578,-0.4844021499156952,0.036271161896026735
xgboost,MLB,NPB,full_cross_league,NPB,岸　孝之,2025,1.21548005434337,0.8161092400550842,0.15949704730528838
xgboost,MLB,NPB,full_cross_league,NPB,辛島　航,2025,0.132195184624776,-0.3214501440525055,0.20579408423071874
xgboost,MLB,NPB,full_cross_league,NPB,早川　隆久,2025,-0.084461789318943,-0.14213845133781433,0.003326597341639114
xgboost,MLB,NPB,full_cross_league,NPB,藤井　聖,2025,-0.22528882238236003,0.46685469150543213,0.47906264381694036
xgboost,MLB,NPB,full_cross_league,NPB,内　星龍,2025,-0.257787368473918,-0.38188308477401733,0.015399746804034746
xgboost,MLB,NPB,full_cross_league,NPB,瀧中　瞭太,2025,-0.3011187632626621,-0.021511675789952278,0.07818012336497161
xgboost,MLB,NPB,full_cross_league,NPB,荘司　康誠,2025,-0.3011187632626621,-0.5351200699806213,0.05475661154571242
xgboost,MLB,NPB,full_cross_league,NPB,古謝　樹,2025,-0.306535187611255,-0.44517290592193604,0.01922041693839175
xgboost,MLB,NPB,full_cross_league,NPB,坂井　陽翔,2025,-0.66510247948811,-0.5071458220481873,0.024950305629593092
xgboost,MLB,NPB,full_cross_league,NPB,大内　誠弥,2025,-0.674852043315578,-0.5133253931999207,0.026090858697585994
xgboost,MLB,NPB,full_cross_league,NPB,髙橋　光成,2025,1.9737794631463899,0.41525956988334656,2.428984257696648
xgboost,MLB,NPB,full_cross_league,NPB,隅田　知一郎,2025,0.998823080399653,-0.18721437454223633,1.406684844525034
xgboost,MLB,NPB,full_cross_league,NPB,渡邉　勇太朗,2025,-0.268620217171104,-0.442818284034729,0.030344966499023962
xgboost,MLB,NPB,full_cross_league,NPB,與座　海人,2025,-0.3011187632626621,0.24795876443386078,0.30148613142132596
xgboost,MLB,NPB,full_cross_league,NPB,松本　航,2025,-0.3011187632626621,-0.03224783390760422,0.07229157665225254
xgboost,MLB,NPB,full_cross_league,NPB,武内　夏暉,2025,-0.31736803630844107,-0.47567638754844666,0.02506153407232898
xgboost,MLB,NPB,full_cross_league,NPB,菅井　信也,2025,-0.582772829389497,-0.5487008094787598,0.0011609025407976772
xgboost,MLB,NPB,full_cross_league,NPB,上田　大河,2025,-0.599022102435276,-0.48483824729919434,0.013037952773737678
xgboost,MLB,NPB,full_cross_league,NPB,篠原　響,2025,-0.6586027702697991,-0.5127580761909485,0.021270674790953518
xgboost,MLB,NPB,full_cross_league,NPB,杉山　遙希,2025,-0.6586027702697991,-0.5178146958351135,0.01982128190302656
xgboost,MLB,NPB,full_cross_league,NPB,石川　柊太,2025,0.998823080399653,-0.030186139047145844,1.05885997370651
xgboost,MLB,NPB,full_cross_league,NPB,西野　勇士,2025,0.890494593427793,-0.08965663611888885,0.9606964327818722
xgboost,MLB,NPB,full_cross_league,NPB,小島　和哉,2025,0.8363303499418638,0.4270387887954712,0.16751958202565126
xgboost,MLB,NPB,full_cross_league,NPB,種市　篤暉,2025,0.6738376194840741,0.159791961312294,0.26424293868525855
xgboost,MLB,NPB,full_cross_league,NPB,唐川　侑己,2025,-0.257787368473918,-0.13254819810390472,0.015684849794969206
xgboost,MLB,NPB,full_cross_league,NPB,田中　晴也,2025,-0.4852771911148231,-0.5599836707115173,0.005581058093731293
xgboost,MLB,NPB,full_cross_league,NPB,河村　説人,2025,-0.6044385267838689,-0.384155809879303,0.048524475366857125
xgboost,MLB,NPB,full_cross_league,NPB,吉川　悠斗,2025,-0.680268467664171,-0.4910131096839905,0.03581759052420629
xgboost,NPB,NPB,test,NPB,久保　康友,2010,1.21548005434337,2.66150164604187,2.090978443658264
xgboost,NPB,NPB,test,NPB,秋山　拓巳,2010,-0.6044385267838689,-0.5623388886451721,0.0017723795314092117
xgboost,NPB,NPB,test,NPB,加賀　繁,2010,-0.4636114937204521,0.4231454133987427,0.7863378123236002
xgboost,NPB,NPB,test,NPB,東野　峻,2010,0.07803094113884641,0.250555157661438,0.029764605286734063
xgboost,NPB,NPB,test,NPB,山本昌,2010,0.34885215856849494,-0.07755738496780396,0.1818250988188348
xgboost,NPB,NPB,test,NPB,朝倉　健太,2010,0.0374077585243991,-0.553342342376709,0.3489856817146694
xgboost,NPB,NPB,test,NPB,山井　大介,2010,-0.27945306586829005,0.8412164449691772,1.2559001525206883
xgboost,NPB,NPB,test,NPB,齊藤　悠葵,2010,-0.5069428885091951,-0.35925939679145813,0.021810413725942886
xgboost,NPB,NPB,test,NPB,今井　啓介,2010,-0.631520648526834,-0.5839579701423645,0.0022622083751044804
xgboost,NPB,NPB,test,NPB,中澤　雅人,2010,-0.474444342417637,-0.2621570825576782,0.04506588069884967
xgboost,NPB,NPB,test,NPB,山本　斉,2010,-0.6694356189669849,-0.6190446019172668,0.002539254599304975
xgboost,NPB,NPB,test,NPB,増井　浩俊,2010,-0.561107131995125,-0.3663105368614197,0.03794571347568469
xgboost,NPB,NPB,test,NPB,中山　慎也,2010,-0.5177757372063811,-0.2670010030269623,0.0628879673027582
xgboost,NPB,NPB,test,NPB,山田　修義,2010,-0.6759353281852959,-0.5827686786651611,0.008680024582807627
xgboost,NPB,NPB,test,NPB,岩隈　久志,2010,2.51542189800569,1.2441465854644775,1.6161409202767578
xgboost,NPB,NPB,test,NPB,田中　将大,2010,1.43213702828709,0.7915612459182739,0.4103373329574208
xgboost,NPB,NPB,test,NPB,藤原　紘通,2010,-0.5394414346007531,-0.6132308840751648,0.005444882853736755
xgboost,NPB,NPB,test,NPB,戸村　健次,2010,-0.571939980692311,-0.5931405425071716,4.4946382126572664e-4
xgboost,NPB,NPB,test,NPB,西口　文也,2010,-0.084461789318943,-0.007160589564591646,0.005975475483462131
xgboost,NPB,NPB,test,NPB,渡辺　俊介,2010,0.7821661064559338,0.44354119896888733,0.11466682797061076
xgboost,NPB,NPB,test,NPB,吉見　祐治,2010,-0.37694870414296405,-0.31419286131858826,0.003938295808597759
xgboost,NPB,NPB,test,NPB,久保　康友,2011,0.7821661064559338,0.5457257032394409,0.05590406427317772
xgboost,NPB,NPB,test,NPB,鶴　直人,2011,-0.626104224178241,-0.55361175537109375,0.0052551580337552115
xgboost,NPB,NPB,test,NPB,高崎　健太郎,2011,-0.3011187632626621,0.23906494677066803,0.29179844058537296
xgboost,NPB,NPB,test,NPB,須田　幸太,2011,-0.5502742832979389,-0.3945213854312897,0.024258965193858874
xgboost,NPB,NPB,test,NPB,眞下　貴之,2011,-0.664019194618392,-0.6693192720413208,2.809082068903977e-5
xgboost,NPB,NPB,test,NPB,杉内　俊哉,2011,3.0570643328649902,3.1010169982910156,0.0019318367980521271
xgboost,NPB,NPB,test,NPB,内海　哲也,2011,1.6487940022308099,1.7434931993484497,0.008967937934725608
xgboost,NPB,NPB,test,NPB,小野　淳平,2011,-0.571939980692311,-0.5835872292518616,1.3565839900795285e-4
xgboost,NPB,NPB,test,NPB,吉見　一起,2011,1.8654509761745302,1.6448006629943848,0.04868656070649624
xgboost,NPB,NPB,test,NPB,山内　壮馬,2011,-0.5394414346007531,-0.5297240018844604,9.442849859567499e-5
xgboost,NPB,NPB,test,NPB,岩田　慎司,2011,-0.6044385267838689,-0.6227239370346069,3.343562280377959e-4
xgboost,NPB,NPB,test,NPB,石川　雅規,2011,1.43213702828709,1.9851752519607544,0.30585127684412206
xgboost,NPB,NPB,test,NPB,山本　斉,2011,-0.626104224178241,-0.6740093231201172,0.0022948985046309504
xgboost,NPB,NPB,test,NPB,攝津　正,2011,1.32380854131523,3.0783069133758545,3.0782645375633813
xgboost,NPB,NPB,test,NPB,斎藤　佑樹,2011,-0.409447250234522,-0.291038453578949,0.014020643125420841
xgboost,NPB,NPB,test,NPB,吉川　光夫,2011,-0.6152713754810549,-0.5190450549125671,0.009259504770149377
xgboost,NPB,NPB,test,NPB,中村　勝,2011,-0.6499364913120499,-0.6476069688796997,5.426674762822718e-6
xgboost,NPB,NPB,test,NPB,井坂　亮平,2011,-0.5556907076465322,-0.4763811528682709,0.006290005479126028
xgboost,NPB,NPB,test,NPB,涌井　秀章,2011,1.54046551525895,7.397563313134015e-4,2.3707554127052863
xgboost,NPB,NPB,test,NPB,成瀬　善久,2011,0.6738376194840741,0.7405714988708496,0.004453410658008707
xgboost,NPB,NPB,test,NPB,小野　晋吾,2011,0.132195184624776,0.32815617322921753,0.03840070905483006
xgboost,NPB,NPB,test,NPB,上野　大樹,2011,-0.5502742832979389,-0.49671876430511475,0.0028681936145907513
xgboost,NPB,NPB,test,NPB,小林　敦,2011,-0.571939980692311,-0.6019659042358398,9.015560846418396e-4
xgboost,NPB,NPB,test,NPB,能見　篤史,2012,0.565509132512215,1.101471185684204,0.287255322440334
xgboost,NPB,NPB,test,NPB,安藤　優也,2012,-0.192790276290803,0.5836498141288757,0.6028592140109189
xgboost,NPB,NPB,test,NPB,高崎　健太郎,2012,-0.138626032804873,-0.14648927748203278,6.183061685288137e-5
xgboost,NPB,NPB,test,NPB,加賀美　希昇,2012,-0.582772829389497,-0.37936243414878845,0.041375788891981284
xgboost,NPB,NPB,test,NPB,王　溢正,2012,-0.626104224178241,-0.35324499011039734,0.07445216161609028
xgboost,NPB,NPB,test,NPB,小山　雄輝,2012,-0.5394414346007531,-0.5471596121788025,5.957026512630418e-5
xgboost,NPB,NPB,test,NPB,山内　壮馬,2012,-0.27945306586829005,0.9063766598701477,1.4061921384448985
xgboost,NPB,NPB,test,NPB,大竹　寛,2012,0.34885215856849494,0.9402087926864624,0.3497026687153316
xgboost,NPB,NPB,test,NPB,野村　祐輔,2012,-0.3011187632626621,0.3707813322544098,0.45144973835585045
xgboost,NPB,NPB,test,NPB,石川　雅規,2012,1.43213702828709,0.3335627317428589,1.2068654850276523
xgboost,NPB,NPB,test,NPB,館山　昌平,2012,1.32380854131523,0.901412308216095,0.17841857773633887
xgboost,NPB,NPB,test,NPB,八木　亮祐,2012,-0.6586027702697991,-0.6418579816818237,2.8038794485598934e-4
xgboost,NPB,NPB,test,NPB,寺原　隼人,2012,0.186359428110706,0.424008309841156,0.05647699098773342
xgboost,NPB,NPB,test,NPB,山本　省吾,2012,-0.138626032804873,0.13479742407798767,0.07476038677377357
xgboost,NPB,NPB,test,NPB,新垣　渚,2012,-0.27945306586829005,0.03194456174969673,0.09696848248611037
xgboost,NPB,NPB,test,NPB,大場　翔太,2012,-0.561107131995125,-0.5316421985626221,8.681823021818268e-4
xgboost,NPB,NPB,test,NPB,八木　智哉,2012,-0.474444342417637,-0.0466783307492733,0.18298376073865866
xgboost,NPB,NPB,test,NPB,前田　祐二,2012,-0.6044385267838689,-0.4872916340827942,0.013723394469517109
xgboost,NPB,NPB,test,NPB,塩見　貴洋,2012,-0.42028009893170803,-0.2005036473274231,0.0483016886797706
xgboost,NPB,NPB,test,NPB,川井　貴志,2012,-0.5177757372063811,0.10664775967597961,0.3899047034587956
xgboost,NPB,NPB,test,NPB,牧田　和久,2012,-0.008631848438641248,1.0172392129898071,1.0524114346763311
xgboost,NPB,NPB,test,NPB,岡本　洋介,2012,-0.6477699215726129,-0.6703185439109802,5.084403693583167e-4
xgboost,NPB,NPB,test,NPB,渡辺　俊介,2012,0.132195184624776,-0.11573505401611328,0.06146940323252831
xgboost,NPB,NPB,test,NPB,唐川　侑己,2012,-0.14404245715346606,-0.04306734353303909,0.010195973570658136
xgboost,NPB,NPB,test,NPB,藤岡　貴裕,2012,-0.5069428885091951,-0.47237375378608704,0.0011950250755043963
xgboost,NPB,NPB,test,NPB,香月　良仁,2012,-0.636937072875427,-0.4860798120498657,0.022757913143791424
xgboost,NPB,NPB,test,NPB,秋山　拓巳,2013,-0.6044385267838689,-0.6039119362831116,2.7729755548784286e-7
xgboost,NPB,NPB,test,NPB,小嶋　達也,2013,-0.6152713754810549,-0.5574360489845276,0.0033449249909599174
xgboost,NPB,NPB,test,NPB,三浦　大輔,2013,1.21548005434337,3.9562795162200928,7.511981690223732
xgboost,NPB,NPB,test,NPB,小杉　陽太,2013,-0.626104224178241,-0.43993663787841797,0.03465837018870204
xgboost,NPB,NPB,test,NPB,杉内　俊哉,2013,4.68199163744288,2.5511960983276367,4.54028962951342
xgboost,NPB,NPB,test,NPB,内海　哲也,2013,3.59870676772428,0.7778739333152771,7.95709787967993
xgboost,NPB,NPB,test,NPB,菅野　智之,2013,0.0238666976529166,0.6737986207008362,0.42241150459676685
xgboost,NPB,NPB,test,NPB,小山　雄輝,2013,-0.5394414346007531,-0.5027403831481934,0.0013469671777234383
xgboost,NPB,NPB,test,NPB,吉見　一起,2013,1.1504829621602604,-0.3584558069705963,2.2768962089861446
xgboost,NPB,NPB,test,NPB,前田　健太,2013,2.2987649240619703,0.8517658710479736,2.093806259423403
xgboost,NPB,NPB,test,NPB,野村　祐輔,2013,-0.084461789318943,0.06578459590673447,0.02257397627338267
xgboost,NPB,NPB,test,NPB,篠田　純平,2013,-0.571939980692311,-0.5234010815620422,0.0023560247287784056
xgboost,NPB,NPB,test,NPB,戸田　隆矢,2013,-0.674852043315578,-0.5798875689506531,0.009018251391406487
xgboost,NPB,NPB,test,NPB,古野　正人,2013,-0.6304373636571149,-0.4918128252029419,0.019216762661632487
xgboost,NPB,NPB,test,NPB,東浜　巨,2013,-0.582772829389497,-0.4576100707054138,0.015665716161410048
xgboost,NPB,NPB,test,NPB,木佐貫　洋,2013,0.15386088201914802,1.8306386470794678,2.8115836734006807
xgboost,NPB,NPB,test,NPB,斎藤　佑樹,2013,-0.43111294762889407,-0.42747169733047485,1.3258703735738048e-5
xgboost,NPB,NPB,test,NPB,東野　峻,2013,-0.20362312498798898,-0.47346723079681396,0.07281584143976434
xgboost,NPB,NPB,test,NPB,川井　貴志,2013,-0.528608585903567,0.268185019493103,0.6348800496010243
xgboost,NPB,NPB,test,NPB,唐川　侑己,2013,-0.02596440635413881,0.3069291412830353,0.11081811405846351
xgboost,NPB,NPB,test,NPB,大嶺　祐太,2013,-0.5676068412134371,-0.5023221969604492,0.00426208477523918
xgboost,NPB,NPB,test,NPB,阿部　和成,2013,-0.644520066963457,-0.5997137427330017,0.0020076066910446836
xgboost,NPB,NPB,test,NPB,能見　篤史,2014,0.7821661064559338,2.3128833770751953,2.3430953625720816
xgboost,NPB,NPB,test,NPB,秋山　拓巳,2014,-0.626104224178241,-0.6078689098358154,3.325266891670704e-4
xgboost,NPB,NPB,test,NPB,久保　康友,2014,0.565509132512215,0.9461826682090759,0.14491234077994924
xgboost,NPB,NPB,test,NPB,井納　翔一,2014,-0.3119516119598481,0.35350242257118225,0.44282907207362576
xgboost,NPB,NPB,test,NPB,杉内　俊哉,2014,4.68199163744288,2.4632136821746826,4.922975614784122
xgboost,NPB,NPB,test,NPB,澤村　拓一,2014,-0.21445597368517402,-0.3003125488758087,0.007371351503465109
xgboost,NPB,NPB,test,NPB,大瀬良　大地,2014,-0.3552830067485919,-0.2586171329021454,0.009344291166497116
xgboost,NPB,NPB,test,NPB,九里　亜蓮,2014,-0.561107131995125,-0.4952103793621063,0.004342382007577249
xgboost,NPB,NPB,test,NPB,小川　泰弘,2014,-0.0302975458330132,-0.4462752640247345,0.1730374620319911
xgboost,NPB,NPB,test,NPB,古野　正人,2014,-0.587105968868372,-0.368718683719635,0.047693006314635744
xgboost,NPB,NPB,test,NPB,帆足　和幸,2014,-0.138626032804873,0.5841600298881531,0.522419692423287
xgboost,NPB,NPB,test,NPB,大谷　翔平,2014,0.34885215856849494,0.5978116393089294,0.06198082305054678
xgboost,NPB,NPB,test,NPB,浦野　博司,2014,-0.474444342417637,-0.06227676197886467,0.16988211436475187
xgboost,NPB,NPB,test,NPB,井川　慶,2014,-0.21445597368517402,1.0187519788742065,1.5208018542556996
xgboost,NPB,NPB,test,NPB,東明　大貴,2014,-0.496110039812009,-0.2254258245229721,0.07326994440664168
xgboost,NPB,NPB,test,NPB,則本　昂大,2014,0.565509132512215,3.5308616161346436,8.793315352125706
xgboost,NPB,NPB,test,NPB,美馬　学,2014,-0.33361730935422,0.8636583089828491,1.4334689062644115
xgboost,NPB,NPB,test,NPB,塩見　貴洋,2014,-0.409447250234522,-0.31918859481811523,0.008146624877577655
xgboost,NPB,NPB,test,NPB,松井　裕樹,2014,-0.4636114937204521,-0.22821898758411407,0.05540963194514592
xgboost,NPB,NPB,test,NPB,横山　貴明,2014,-0.6466866367028941,-0.6540980339050293,5.4928808487818055e-5
xgboost,NPB,NPB,test,NPB,野上　亮磨,2014,-0.24695451977673202,-0.25448504090309143,5.670874843454536e-5
xgboost,NPB,NPB,test,NPB,岡本　洋介,2014,-0.5502742832979389,-0.30644214153289795,0.05945411335772704
xgboost,NPB,NPB,test,NPB,唐川　侑己,2014,-0.084461789318943,-0.35001063346862793,0.07051618862923366
xgboost,NPB,NPB,test,NPB,藤岡　貴裕,2014,-0.3552830067485919,-0.20560809969902039,0.02240257780029788
xgboost,NPB,NPB,test,NPB,大嶺　祐太,2014,-0.5372748648613159,-0.4419829547405243,0.00908054813446903
xgboost,NPB,NPB,test,NPB,藤浪　晋太郎,2015,1.1071515673715102,2.0840342044830322,0.9542996866899616
xgboost,NPB,NPB,test,NPB,秋山　拓巳,2015,-0.626104224178241,-0.5933026671409607,0.001075942144069951
xgboost,NPB,NPB,test,NPB,山口　俊,2015,0.132195184624776,0.6529605984687805,0.2711966162561173
xgboost,NPB,NPB,test,NPB,三嶋　一輝,2015,-0.4636114937204521,-0.30993956327438354,0.023615062207021323
xgboost,NPB,NPB,test,NPB,菅野　智之,2015,0.6738376194840741,1.26277756690979,0.3468502616738051
xgboost,NPB,NPB,test,NPB,高木　勇人,2015,-0.27945306586829005,0.3324359655380249,0.37440818675535836
xgboost,NPB,NPB,test,NPB,吉見　一起,2015,0.22969082289945,0.4172545075416565,0.03518013579656109
xgboost,NPB,NPB,test,NPB,福井　優也,2015,-0.27945306586829005,0.12169227749109268,0.16091758649891708
xgboost,NPB,NPB,test,NPB,石山　泰稚,2015,-0.29028591456547603,-0.19283470511436462,0.009496738223484385
xgboost,NPB,NPB,test,NPB,近藤　一樹,2015,-0.6044385267838689,-0.11602915823459625,0.23854371128669924
xgboost,NPB,NPB,test,NPB,寺田　哲也,2015,-0.631520648526834,-0.34543031454086304,0.0818476792002044
xgboost,NPB,NPB,test,NPB,大谷　翔平,2015,1.43213702828709,1.736526608467102,0.09265301652216398
xgboost,NPB,NPB,test,NPB,有原　航平,2015,-0.409447250234522,-0.32655099034309387,0.0068717899039871955
xgboost,NPB,NPB,test,NPB,上沢　直之,2015,-0.474444342417637,-0.5635727643966675,0.007943875604472123
xgboost,NPB,NPB,test,NPB,浦野　博司,2015,-0.4852771911148231,-0.6110507249832153,0.01581898182174361
xgboost,NPB,NPB,test,NPB,東明　大貴,2015,-0.27945306586829005,0.2760615646839142,0.308596504757552
xgboost,NPB,NPB,test,NPB,松葉　貴大,2015,-0.43111294762889407,-0.40279701352119446,8.017921243915863e-4
xgboost,NPB,NPB,test,NPB,森　雄大,2015,-0.631520648526834,-0.6229104995727539,7.413466501144624e-5
xgboost,NPB,NPB,test,NPB,十亀　剣,2015,-0.084461789318943,0.3518635928630829,0.19037983913629095
xgboost,NPB,NPB,test,NPB,菊池　雄星,2015,-0.138626032804873,0.09570815414190292,0.05491251117200653
xgboost,NPB,NPB,test,NPB,涌井　秀章,2015,1.6487940022308099,1.7361459732055664,0.007630366833174712
xgboost,NPB,NPB,test,NPB,田中　英祐,2015,-0.5892725386078089,-0.6801532506942749,0.008259303829343123
xgboost,NPB,NPB,test,NPB,木村　優太,2015,-0.6336872182662711,-0.3740960955619812,0.06738755098687367
xgboost,NPB,NPB,test,NPB,岩田　稔,2016,-0.16029173019924503,-0.3531622886657715,0.0371990523231898
xgboost,NPB,NPB,test,NPB,石田　健大,2016,-0.21445597368517402,-0.36937251687049866,0.023999135352490552
xgboost,NPB,NPB,test,NPB,今永　昇太,2016,-0.3011187632626621,-0.32692986726760864,6.662130899541661e-4
xgboost,NPB,NPB,test,NPB,江柄子　裕樹,2016,-0.6152713754810549,-0.2944454252719879,0.10292929032755074
xgboost,NPB,NPB,test,NPB,横山　弘樹,2016,-0.599022102435276,-0.3641778230667114,0.0551518355521404
xgboost,NPB,NPB,test,NPB,大隣　憲司,2016,-0.138626032804873,-0.21024027466773987,0.005128599637593192
xgboost,NPB,NPB,test,NPB,杉浦　稔大,2016,-0.571939980692311,-0.6027156114578247,9.471394490152338e-4
xgboost,NPB,NPB,test,NPB,松葉　貴大,2016,-0.339033733702813,-0.043598003685474396,0.08728227057087777
xgboost,NPB,NPB,test,NPB,近藤　大亮,2016,-0.6304373636571149,-0.5373987555503845,0.008656182598437754
xgboost,NPB,NPB,test,NPB,青山　大紀,2016,-0.636937072875427,-0.6771825551986694,0.001619698847430419
xgboost,NPB,NPB,test,NPB,安樂　智大,2016,-0.5069428885091951,-0.5924733281135559,0.00731545609891521
xgboost,NPB,NPB,test,NPB,野上　亮磨,2016,-0.192790276290803,-0.3172745406627655,0.015496332076228652
xgboost,NPB,NPB,test,NPB,十亀　剣,2016,-0.192790276290803,0.11358178406953812,0.09386383936944052
xgboost,NPB,NPB,test,NPB,本田　圭佑,2016,-0.6586027702697991,-0.4722522795200348,0.034726505402677986
xgboost,NPB,NPB,test,NPB,涌井　秀章,2016,1.9737794631463899,1.293099045753479,0.46332583062218735
xgboost,NPB,NPB,test,NPB,唐川　侑己,2016,-0.171124578896431,0.04698190093040466,0.047570436542453874
xgboost,NPB,NPB,test,NPB,二木　康太,2016,-0.5394414346007531,-0.44205567240715027,0.009483986678028964
xgboost,NPB,NPB,test,NPB,岩田　稔,2017,-0.192790276290803,-0.028762707486748695,0.02690504332776877
xgboost,NPB,NPB,test,NPB,岩貞　祐太,2017,-0.3552830067485919,-0.24292844533920288,0.012623547469496173
xgboost,NPB,NPB,test,NPB,小野　泰己,2017,-0.5394414346007531,-0.5097873210906982,8.793664480672187e-4
xgboost,NPB,NPB,test,NPB,平良　拳太郎,2017,-0.6531863459212057,-0.5770794749259949,0.005792255812681666
xgboost,NPB,NPB,test,NPB,菅野　智之,2017,4.140349202583581,2.1123368740081787,4.112834004853824
xgboost,NPB,NPB,test,NPB,宮國　椋丞,2017,-0.474444342417637,-0.47199317812919617,6.0082063689276524e-06
xgboost,NPB,NPB,test,NPB,山井　大介,2017,0.0455323950472885,0.641331672668457,0.3549767792139063
xgboost,NPB,NPB,test,NPB,小笠原　慎之介,2017,-0.5069428885091951,-0.5476599335670471,0.0016578777582431507
xgboost,NPB,NPB,test,NPB,鈴木　翔太,2017,-0.6044385267838689,-0.3808421492576599,0.04999534004284297
xgboost,NPB,NPB,test,NPB,中村　祐太,2017,-0.636937072875427,-0.44402876496315,0.03721361526157786
xgboost,NPB,NPB,test,NPB,館山　昌平,2017,0.3271864611741241,-0.18111418187618256,0.25836954372535526
xgboost,NPB,NPB,test,NPB,原　樹理,2017,-0.42028009893170803,-0.1251009702682495,0.0871307179985186
xgboost,NPB,NPB,test,NPB,梅野　雄吾,2017,-0.664019194618392,-0.6841918230056763,4.069349360514678e-4
xgboost,NPB,NPB,test,NPB,千賀　滉大,2017,0.619673375998144,0.6975156664848328,0.006059422188214039
xgboost,NPB,NPB,test,NPB,有原　航平,2017,0.0238666976529166,0.05946081876754761,0.0012669414579230208
xgboost,NPB,NPB,test,NPB,高梨　裕稔,2017,-0.34445015805140594,-0.14271490275859833,0.04069711322805426
xgboost,NPB,NPB,test,NPB,斎藤　佑樹,2017,-0.536191579991598,-0.5223181843757629,1.92471105913473e-4
xgboost,NPB,NPB,test,NPB,山本　由伸,2017,-0.6477699215726129,-0.6636657118797302,2.526761494878442e-4
xgboost,NPB,NPB,test,NPB,山田　修義,2017,-0.6564362005303619,-0.5224255919456482,0.01795884321324534
xgboost,NPB,NPB,test,NPB,則本　昂大,2017,1.9737794631463899,3.4085006713867188,2.0584249453745893
xgboost,NPB,NPB,test,NPB,菊池　雄星,2017,1.8654509761745302,2.517185926437378,0.42475844539411667
xgboost,NPB,NPB,test,NPB,石川　歩,2017,0.45718064554035504,-0.1973375678062439,0.4283940916024241
xgboost,NPB,NPB,test,NPB,唐川　侑己,2017,-0.12779318410768703,0.27861902117729187,0.16517088060459983
xgboost,NPB,NPB,test,NPB,才木　浩人,2018,-0.571939980692311,-0.41667410731315613,0.024107491436191755
xgboost,NPB,NPB,test,NPB,髙橋　遥人,2018,-0.5936056780866831,-0.5743752121925354,3.698108185059769e-4
xgboost,NPB,NPB,test,NPB,石田　健大,2018,-0.10612748671331501,-0.21721236407756805,0.012339849979031137
xgboost,NPB,NPB,test,NPB,東　克樹,2018,-0.13320960845628002,0.745400607585907,0.7719559117336986
xgboost,NPB,NPB,test,NPB,山井　大介,2018,-0.06279609192457111,0.24287936091423035,0.09343748246820635
xgboost,NPB,NPB,test,NPB,大野　雄大,2018,-0.084461789318943,-0.4054107069969177,0.1030082077586634
xgboost,NPB,NPB,test,NPB,Ｒ．マルティネス,2018,-0.626104224178241,-0.6231793165206909,8.5550848051949e-6
xgboost,NPB,NPB,test,NPB,野村　祐輔,2018,0.565509132512215,-0.03438340872526169,0.35987106103235766
xgboost,NPB,NPB,test,NPB,小川　泰弘,2018,0.26218936899100803,0.06757763773202896,0.03787372594361709
xgboost,NPB,NPB,test,NPB,中田　賢一,2018,-0.084461789318943,-0.046234481036663055,0.0014613270985084693
xgboost,NPB,NPB,test,NPB,村田　透,2018,-0.192790276290803,0.5299277305603027,0.522321317426835
xgboost,NPB,NPB,test,NPB,堀　瑞輝,2018,-0.6304373636571149,-0.5537803173065186,0.005876302755197475
xgboost,NPB,NPB,test,NPB,田嶋　大樹,2018,-0.5177757372063811,-0.39574211835861206,0.014892204129082582
xgboost,NPB,NPB,test,NPB,則本　昂大,2018,1.9737794631463899,1.5760773420333862,0.15816697713778222
xgboost,NPB,NPB,test,NPB,美馬　学,2018,-0.0302975458330132,-0.06823154538869858,0.0014389883222907388
xgboost,NPB,NPB,test,NPB,辛島　航,2018,-0.192790276290803,-0.1763218343257904,2.71209580754988e-4
xgboost,NPB,NPB,test,NPB,榎田　大樹,2018,-0.138626032804873,1.272988200187683,1.9926547427871624
xgboost,NPB,NPB,test,NPB,今井　達也,2018,-0.5394414346007531,-0.5830944776535034,0.0019055881677652719
xgboost,NPB,NPB,test,NPB,郭　俊麟,2018,-0.6044385267838689,-0.5896745920181274,2.17973769767069e-4
xgboost,NPB,NPB,test,NPB,涌井　秀章,2018,1.43213702828709,1.0695146322250366,0.13149500212578472
xgboost,NPB,NPB,test,NPB,有吉　優樹,2018,-0.27945306586829005,-0.31823450326919556,0.0015039998868803524
xgboost,NPB,NPB,test,NPB,土肥　星也,2018,-0.6066050965233062,-0.5527527332305908,0.0029000770322105975
xgboost,NPB,NPB,test,NPB,西　勇輝,2019,1.43213702828709,0.9670081734657288,0.21634485158743094
xgboost,NPB,NPB,test,NPB,秋山　拓巳,2019,-0.38778155284015,-0.3945026099681854,4.517260891831607e-5
xgboost,NPB,NPB,test,NPB,青柳　晃洋,2019,-0.409447250234522,-0.03217685967683792,0.14233294759154747
xgboost,NPB,NPB,test,NPB,髙橋　遥人,2019,-0.496110039812009,-0.27767282724380493,0.04771481583456678
xgboost,NPB,NPB,test,NPB,上茶谷　大河,2019,-0.268620217171104,-0.24815280735492706,4.189148645833366e-4
xgboost,NPB,NPB,test,NPB,平良　拳太郎,2019,-0.5069428885091951,-0.4397120177745819,0.00451998997973427
xgboost,NPB,NPB,test,NPB,京山　将弥,2019,-0.6131048057416179,-0.4721199572086334,0.019876727515868563
xgboost,NPB,NPB,test,NPB,阪口　皓亮,2019,-0.6683523340972657,-0.614653468132019,0.0028835682059535246
xgboost,NPB,NPB,test,NPB,菅野　智之,2019,6.306918942020769,0.9803922772407532,28.371886310612524
xgboost,NPB,NPB,test,NPB,大野　雄大,2019,0.6738376194840741,1.8478070497512817,1.3782042232019123
xgboost,NPB,NPB,test,NPB,山井　大介,2019,-0.23070524673095302,-0.34623217582702637,0.013346471346369158
xgboost,NPB,NPB,test,NPB,小笠原　慎之介,2019,-0.528608585903567,-0.4043864607810974,0.015431136369942481
xgboost,NPB,NPB,test,NPB,笠原　祥太郎,2019,-0.5556907076465322,-0.5036388039588928,0.0027094006775072823
xgboost,NPB,NPB,test,NPB,山本　拓実,2019,-0.6152713754810549,-0.5739525556564331,0.0017072448716995612
xgboost,NPB,NPB,test,NPB,Ｋ．ジョンソン,2019,2.2175185588330706,1.5058025121688843,0.5065397310792982
xgboost,NPB,NPB,test,NPB,岡田　明丈,2019,-0.257787368473918,-0.5521741509437561,0.08666357769294379
xgboost,NPB,NPB,test,NPB,アドゥワ　誠,2019,-0.496110039812009,-0.5282129049301147,0.0010305939487912895
xgboost,NPB,NPB,test,NPB,石川　雅規,2019,0.40301640205442507,0.08883489668369293,0.0987100183170194
xgboost,NPB,NPB,test,NPB,小川　泰弘,2019,0.240523671596636,0.10238424688577652,0.019082500659447218
xgboost,NPB,NPB,test,NPB,山田　大樹,2019,-0.5177757372063811,-0.004098900128155947,0.2638638929506895
xgboost,NPB,NPB,test,NPB,千賀　滉大,2019,2.51542189800569,1.3987270593643188,1.2470073626482783
xgboost,NPB,NPB,test,NPB,大竹　耕太郎,2019,-0.44194579632608,-0.43471547961235046,5.227747978083665e-5
xgboost,NPB,NPB,test,NPB,松本　裕樹,2019,-0.6044385267838689,-0.6164882779121399,1.451965022532683e-4
xgboost,NPB,NPB,test,NPB,上沢　直之,2019,-0.084461789318943,-0.2586052715778351,0.030325952413253063
xgboost,NPB,NPB,test,NPB,上原　健太,2019,-0.5502742832979389,-0.4545723795890808,0.00915885437349955
xgboost,NPB,NPB,test,NPB,吉田　輝星,2019,-0.622854369569085,-0.6275074481964111,2.165114071207906e-5
xgboost,NPB,NPB,test,NPB,北浦　竜次,2019,-0.6586027702697991,-0.6347673535346985,5.681270909359133e-4
xgboost,NPB,NPB,test,NPB,竹安　大知,2019,-0.5394414346007531,-0.3476352393627167,0.03678961653169175
xgboost,NPB,NPB,test,NPB,則本　昂大,2019,2.51542189800569,-0.32284677028656006,8.055769033409463
xgboost,NPB,NPB,test,NPB,岸　孝之,2019,2.51542189800569,0.17869649827480316,5.460285593747473
xgboost,NPB,NPB,test,NPB,弓削　隼人,2019,-0.5881892537380901,-0.36085325479507446,0.05168165641541879
xgboost,NPB,NPB,test,NPB,松本　航,2019,-0.5069428885091951,-0.43451055884361267,0.005246442380783614
xgboost,NPB,NPB,test,NPB,相内　誠,2019,-0.6705189038367028,-0.5820841193199158,0.007820711112530548
xgboost,NPB,NPB,test,NPB,佐々木　千隼,2019,-0.521025591815537,-0.5787643790245056,0.00333376754836256
xgboost,NPB,NPB,test,NPB,小島　和哉,2019,-0.5502742832979389,-0.5356523990631104,2.137994985767284e-4
xgboost,NPB,NPB,test,NPB,髙橋　遥人,2020,-0.42028009893170803,0.09726282954216003,0.2678506828133073
xgboost,NPB,NPB,test,NPB,二保　旭,2020,-0.43111294762889407,-0.2845415472984314,0.021483175394832753
xgboost,NPB,NPB,test,NPB,岩田　稔,2020,-0.532941725382442,-0.10618364065885544,0.1821224628769439
xgboost,NPB,NPB,test,NPB,中田　賢一,2020,-0.544857858949346,-0.0655159279704094,0.22976868679461565
xgboost,NPB,NPB,test,NPB,上茶谷　大河,2020,-0.268620217171104,-0.5148159861564636,0.060612356666292555
xgboost,NPB,NPB,test,NPB,井納　翔一,2020,0.34885215856849494,0.1300429254770279,0.04787748048607596
xgboost,NPB,NPB,test,NPB,松葉　貴大,2020,-0.4636114937204521,-0.18743036687374115,0.07627601482631903
xgboost,NPB,NPB,test,NPB,梅津　晃大,2020,-0.571939980692311,-0.37498515844345093,0.03879120200708007
xgboost,NPB,NPB,test,NPB,野村　祐輔,2020,0.565509132512215,-0.13327288627624512,0.48829630978207583
xgboost,NPB,NPB,test,NPB,九里　亜蓮,2020,0.208025125505078,0.8607319593429565,0.426026210938668
xgboost,NPB,NPB,test,NPB,中村　祐太,2020,-0.571939980692311,-0.38091209530830383,0.03649165299428538
xgboost,NPB,NPB,test,NPB,歳内　宏明,2020,-0.6477699215726129,-0.23003599047660828,0.17450163718892156
xgboost,NPB,NPB,test,NPB,和田　毅,2020,0.890494593427793,0.7736610174179077,0.013650084483257647
xgboost,NPB,NPB,test,NPB,東浜　巨,2020,0.240523671596636,0.6597146391868591,0.17572106730922749
xgboost,NPB,NPB,test,NPB,武田　翔太,2020,-0.084461789318943,-0.4078496992588043,0.10457974029527187
xgboost,NPB,NPB,test,NPB,上沢　直之,2020,0.186359428110706,-0.21279355883598328,0.1593231069884639
xgboost,NPB,NPB,test,NPB,上原　健太,2020,-0.5502742832979389,-0.42744800448417664,0.015086294767236072
xgboost,NPB,NPB,test,NPB,則本　昂大,2020,2.51542189800569,0.242451012134552,5.166396648017827
xgboost,NPB,NPB,test,NPB,内海　哲也,2020,-0.12508497193339,-0.038690079003572464,0.007464077524354635
xgboost,NPB,NPB,test,NPB,松本　航,2020,-0.409447250234522,-0.2943829298019409,0.013239797836611696
xgboost,NPB,NPB,test,NPB,與座　海人,2020,-0.636937072875427,-0.6545883417129517,3.1156729157456913e-4
xgboost,NPB,NPB,test,NPB,西　勇輝,2021,1.43213702828709,1.056498646736145,0.14110419369421331
xgboost,NPB,NPB,test,NPB,中川　虎大,2021,-0.6629359097486729,-0.4406515061855316,0.04941035606742145
xgboost,NPB,NPB,test,NPB,戸郷　翔征,2021,-0.3011187632626621,-0.2668668031692505,0.0011731967702406634
xgboost,NPB,NPB,test,NPB,今村　信貴,2021,-0.409447250234522,-0.28162747621536255,0.016337894630308988
xgboost,NPB,NPB,test,NPB,横川　凱,2021,-0.664019194618392,-0.686631977558136,5.113379522799775e-4
xgboost,NPB,NPB,test,NPB,柳　裕也,2021,0.34885215856849494,1.7335251569747925,1.9173193125154864
xgboost,NPB,NPB,test,NPB,岡野　祐一郎,2021,-0.6391036426148641,-0.36146968603134155,0.07708061384822126
xgboost,NPB,NPB,test,NPB,大瀬良　大地,2021,1.21548005434337,1.2564284801483154,0.0016767735759031274
xgboost,NPB,NPB,test,NPB,森下　暢仁,2021,0.07803094113884641,-0.15313228964805603,0.05343643926783871
xgboost,NPB,NPB,test,NPB,中村　祐太,2021,-0.5936056780866831,-0.5593138933181763,0.0011759265026095953
xgboost,NPB,NPB,test,NPB,小林　樹斗,2021,-0.680268467664171,-0.6444832682609558,0.0012805804963278756
xgboost,NPB,NPB,test,NPB,高橋　奎二,2021,-0.496110039812009,-0.45950019359588623,0.00134028083996816
xgboost,NPB,NPB,test,NPB,池田　隆英,2021,-0.5502742832979389,-0.24703113734722137,0.09195640556608818
xgboost,NPB,NPB,test,NPB,吉田　輝星,2021,-0.6293540787873969,-0.6595677733421326,9.128673386468632e-4
xgboost,NPB,NPB,test,NPB,増井　浩俊,2021,0.0238666976529166,-0.2821003794670105,0.09361585228131142
xgboost,NPB,NPB,test,NPB,山﨑　福也,2021,-0.192790276290803,-0.07132256776094437,0.014754404215494692
xgboost,NPB,NPB,test,NPB,山﨑　颯一郎,2021,-0.5936056780866831,-0.5513352155685425,0.0017867920014975288
xgboost,NPB,NPB,test,NPB,本田　仁海,2021,-0.680268467664171,-0.615218460559845,0.004231503424272872
xgboost,NPB,NPB,test,NPB,早川　隆久,2021,-0.34445015805140594,-0.2615470588207245,0.006872923862052216
xgboost,NPB,NPB,test,NPB,髙橋　光成,2021,0.45718064554035504,0.2278415560722351,0.05259641795806632
xgboost,NPB,NPB,test,NPB,今井　達也,2021,-0.181957427593617,-0.17000308632850647,1.4290627508272428e-4
xgboost,NPB,NPB,test,NPB,浜屋　将太,2021,-0.5925223932169648,-0.5430428385734558,0.0024482263277199883
xgboost,NPB,NPB,test,NPB,小島　和哉,2021,-0.06279609192457111,-0.13009683787822723,0.00452939040591856
xgboost,NPB,NPB,test,NPB,大竹　耕太郎,2022,-0.5177757372063811,-0.5121635794639587,3.1496314525831776e-5
xgboost,NPB,NPB,test,NPB,小川　一平,2022,-0.5936056780866831,-0.6178396344184875,5.872846394918062e-4
xgboost,NPB,NPB,test,NPB,髙橋　優貴,2022,-0.409447250234522,-0.3935604393482208,2.5239076013709743e-4
xgboost,NPB,NPB,test,NPB,福谷　浩司,2022,-0.496110039812009,-0.2976142168045044,0.0394005917514266
xgboost,NPB,NPB,test,NPB,岡田　俊哉,2022,-0.528608585903567,-0.3713265061378479,0.024737652615430015
xgboost,NPB,NPB,test,NPB,勝野　昌慶,2022,-0.528608585903567,-0.5850797295570374,0.003188990065530889
xgboost,NPB,NPB,test,NPB,鈴木　博志,2022,-0.5881892537380901,-0.5662938356399536,4.794093336922009e-4
xgboost,NPB,NPB,test,NPB,岡野　祐一郎,2022,-0.64235349722402,-0.48122867941856384,0.02596120691284145
xgboost,NPB,NPB,test,NPB,上田　洸太朗,2022,-0.6466866367028941,-0.6271507740020752,3.8164993146524566e-4
xgboost,NPB,NPB,test,NPB,九里　亜蓮,2022,0.7821661064559338,0.6992018818855286,0.006883062558568626
xgboost,NPB,NPB,test,NPB,玉村　昇悟,2022,-0.5936056780866831,-0.657413125038147,0.00407139028646388
xgboost,NPB,NPB,test,NPB,小川　泰弘,2022,0.998823080399653,0.9158448576927185,0.006885385443601611
xgboost,NPB,NPB,test,NPB,阪口　皓亮,2022,-0.636937072875427,-0.6505794525146484,1.861145222206436e-4
xgboost,NPB,NPB,test,NPB,上沢　直之,2022,1.1071515673715102,0.10510683804750443,1.00409363956602
xgboost,NPB,NPB,test,NPB,杉浦　稔大,2022,-0.084461789318943,0.07239752262830734,0.024604843744564793
xgboost,NPB,NPB,test,NPB,達　孝太,2022,-0.626104224178241,-0.6770898699760437,0.002599536077419
xgboost,NPB,NPB,test,NPB,生田目　翼,2022,-0.636937072875427,-0.5384730696678162,0.009695159927668397
xgboost,NPB,NPB,test,NPB,山本　由伸,2022,6.306918942020769,2.350450038909912,15.65364618128323
xgboost,NPB,NPB,test,NPB,竹安　大知,2022,-0.5069428885091951,-0.44788238406181335,0.0034881431855792004
xgboost,NPB,NPB,test,NPB,岸　孝之,2022,1.9737794631463899,3.3537044525146484,1.9041929762829886
xgboost,NPB,NPB,test,NPB,辛島　航,2022,0.132195184624776,0.02229950949549675,0.012077059412120086
xgboost,NPB,NPB,test,NPB,與座　海人,2022,-0.37694870414296405,0.2475982904434204,0.39005894844688527
xgboost,NPB,NPB,test,NPB,佐藤　隼輔,2022,-0.561107131995125,-0.5598610043525696,1.5528341015406377e-6
xgboost,NPB,NPB,test,NPB,渡邉　勇太朗,2022,-0.64235349722402,-0.5519339442253113,0.008175695564486298
xgboost,NPB,NPB,test,NPB,佐々木　朗希,2022,0.132195184624776,1.2601162195205688,1.2722058609603963
xgboost,NPB,NPB,test,NPB,伊藤　将司,2023,0.998823080399653,0.46721434593200684,0.28260784656229226
xgboost,NPB,NPB,test,NPB,東　克樹,2023,0.40301640205442507,0.8919035196304321,0.23901061373177654
xgboost,NPB,NPB,test,NPB,森　唯斗,2023,-0.192790276290803,-0.004802188370376825,0.03533952119997788
xgboost,NPB,NPB,test,NPB,平良　拳太郎,2023,-0.45277864502326604,0.15639343857765198,0.3710906274386838
xgboost,NPB,NPB,test,NPB,山﨑　伊織,2023,-0.181957427593617,0.15609897673130035,0.11428213250509199
xgboost,NPB,NPB,test,NPB,髙橋　優貴,2023,-0.4852771911148231,-0.5834277868270874,0.009633539438672357
xgboost,NPB,NPB,test,NPB,大野　雄大,2023,2.51542189800569,0.5914176106452942,3.7017924977811854
xgboost,NPB,NPB,test,NPB,涌井　秀章,2023,0.34885215856849494,1.0174648761749268,0.4470429661450581
xgboost,NPB,NPB,test,NPB,小笠原　慎之介,2023,0.273022217688194,0.2554386556148529,3.0918165518703983e-4
xgboost,NPB,NPB,test,NPB,根尾　昂,2023,-0.561107131995125,-0.6411557197570801,0.0064077764026834304
xgboost,NPB,NPB,test,NPB,遠藤　淳志,2023,-0.4636114937204521,-0.6205087900161743,0.024616761584907658
xgboost,NPB,NPB,test,NPB,森　翔平,2023,-0.5394414346007531,-0.4910472333431244,0.0023419987153638733
xgboost,NPB,NPB,test,NPB,玉村　昇悟,2023,-0.561107131995125,-0.5667149424552917,3.1447538157156003e-5
xgboost,NPB,NPB,test,NPB,和田　毅,2023,1.43213702828709,0.7866712212562561,0.41662610804596567
xgboost,NPB,NPB,test,NPB,大関　友久,2023,-0.138626032804873,-0.33803728222846985,0.03976484639667995
xgboost,NPB,NPB,test,NPB,田中　瑛斗,2023,-0.6531863459212057,-0.6208129525184631,0.0010480366004087375
xgboost,NPB,NPB,test,NPB,田嶋　大樹,2023,0.2946879150825661,-0.0950952097773552,0.151930884425565
xgboost,NPB,NPB,test,NPB,田中　将大,2023,2.08210795011825,1.0180374383926392,1.1322460539240033
xgboost,NPB,NPB,test,NPB,岸　孝之,2023,1.54046551525895,1.5291606187820435,1.2780068435357225e-4
xgboost,NPB,NPB,test,NPB,與座　海人,2023,-0.409447250234522,-0.38069143891334534,8.268966847391118e-4
xgboost,NPB,NPB,test,NPB,種市　篤暉,2023,-0.171124578896431,0.44822537899017334,0.3835943703341387
xgboost,NPB,NPB,test,NPB,伊藤　将司,2024,0.7821661064559338,-0.22626923024654388,1.0169418283102394
xgboost,NPB,NPB,test,NPB,才木　浩人,2024,0.565509132512215,1.045006275177002,0.22991750982369505
xgboost,NPB,NPB,test,NPB,大竹　耕太郎,2024,0.240523671596636,0.43911439180374146,0.039438274152376836
xgboost,NPB,NPB,test,NPB,髙橋　遥人,2024,-0.4636114937204521,-0.2844773530960083,0.032089040337258
xgboost,NPB,NPB,test,NPB,大貫　晋一,2024,0.0455323950472885,-0.22660484910011292,0.07405867965214237
xgboost,NPB,NPB,test,NPB,石田　裕太郎,2024,-0.5936056780866831,-0.28252124786376953,0.09677352272711477
xgboost,NPB,NPB,test,NPB,小園　健太,2024,-0.6596860551395181,-0.640476644039154,3.6900147482278785e-4
xgboost,NPB,NPB,test,NPB,田中　将大,2024,0.998823080399653,1.1419920921325684,0.020497365920579668
xgboost,NPB,NPB,test,NPB,井上　温大,2024,-0.36611585544577796,-0.4313800036907196,0.004259409046137719
xgboost,NPB,NPB,test,NPB,又木　鉄平,2024,-0.626104224178241,-0.6043314933776855,4.7405180651345456e-4
xgboost,NPB,NPB,test,NPB,涌井　秀章,2024,0.240523671596636,0.2772456705570221,0.0013485052076465964
xgboost,NPB,NPB,test,NPB,梅津　晃大,2024,-0.582772829389497,0.9060078859329224,2.2164680183159344
xgboost,NPB,NPB,test,NPB,大瀬良　大地,2024,1.43213702828709,1.9131325483322144,0.23135669030347963
xgboost,NPB,NPB,test,NPB,アドゥワ　誠,2024,-0.36611585544577796,-0.11536315083503723,0.0628769188696014
xgboost,NPB,NPB,test,NPB,高橋　奎二,2024,-0.10612748671331501,0.05324658751487732,0.025400095536093358
xgboost,NPB,NPB,test,NPB,青柳　晃洋,2024,-0.192790276290803,0.04843224957585335,0.05818830698548969
xgboost,NPB,NPB,test,NPB,石川　雅規,2024,-0.3011187632626621,0.29069653153419495,0.3502453431554909
xgboost,NPB,NPB,test,NPB,東浜　巨,2024,0.890494593427793,0.3043888509273529,0.3435199413919922
xgboost,NPB,NPB,test,NPB,大関　友久,2024,0.240523671596636,0.4186992645263672,0.03174654191586127
xgboost,NPB,NPB,test,NPB,大津　亮介,2024,-0.138626032804873,-0.02384449727833271,0.013174800897830434
xgboost,NPB,NPB,test,NPB,上原　健太,2024,-0.34445015805140594,-0.29388612508773804,0.0025567214295508945
xgboost,NPB,NPB,test,NPB,福島　蓮,2024,-0.561107131995125,-0.5715604424476624,1.0927169941712745e-4
xgboost,NPB,NPB,test,NPB,宮城　大弥,2024,1.43213702828709,-8.455939241684973e-4,2.0534391955594544
xgboost,NPB,NPB,test,NPB,曽谷　龍平,2024,-0.32278446065703403,0.6801289319992065,1.0058352731692506
xgboost,NPB,NPB,test,NPB,齋藤　響介,2024,-0.6044385267838689,-0.5873743891716003,2.9118479245043816e-4
xgboost,NPB,NPB,test,NPB,岸　孝之,2024,1.6487940022308099,0.8807733058929443,0.5898557900032998
xgboost,NPB,NPB,test,NPB,藤井　聖,2024,-0.33361730935422,-0.18506935238838196,0.022066495518724475
xgboost,NPB,NPB,test,NPB,古謝　樹,2024,-0.4852771911148231,-0.4241487383842468,0.003736687733234297
xgboost,NPB,NPB,test,NPB,渡邉　勇太朗,2024,-0.5177757372063811,-0.396234929561615,0.014772167922942048
xgboost,NPB,NPB,test,NPB,青山　美夏人,2024,-0.5665235563437181,-0.5869691967964172,4.180242135210476e-4
xgboost,NPB,NPB,test,NPB,菅井　信也,2024,-0.6618526248789548,-0.6600635647773743,3.200736047067339e-6
xgboost,NPB,NPB,test,NPB,西野　勇士,2024,0.890494593427793,1.8002692461013794,0.8276899186473448
xgboost,NPB,NPB,test,NPB,才木　浩人,2025,1.9737794631463899,1.1947963237762451,0.6068147314229664
xgboost,NPB,NPB,test,NPB,大竹　耕太郎,2025,0.6738376194840741,0.536637008190155,0.018824007739425063
xgboost,NPB,NPB,test,NPB,門別　啓人,2025,-0.6044385267838689,-0.6274887323379517,5.313119760854682e-4
xgboost,NPB,NPB,test,NPB,大貫　晋一,2025,-0.0519632432273851,-0.16130805015563965,0.011956286802177264
xgboost,NPB,NPB,test,NPB,石田　裕太郎,2025,-0.409447250234522,-0.3389778435230255,0.004965937282270306
xgboost,NPB,NPB,test,NPB,吉野　光樹,2025,-0.6152713754810549,-0.558384895324707,0.003236071624578563
xgboost,NPB,NPB,test,NPB,赤星　優志,2025,-0.21445597368517402,0.30426156520843506,0.26906788515584285
xgboost,NPB,NPB,test,NPB,髙橋　宏斗,2025,1.43213702828709,0.0861663818359375,1.8116369811081334
xgboost,NPB,NPB,test,NPB,大野　雄大,2025,1.1071515673715102,1.078715205192566,8.086266939720937e-4
xgboost,NPB,NPB,test,NPB,涌井　秀章,2025,0.0238666976529166,0.5105748176574707,0.23688479407836743
xgboost,NPB,NPB,test,NPB,草加　勝,2025,-0.6152713754810549,-0.6021660566329956,1.717493821092989e-4
xgboost,NPB,NPB,test,NPB,三浦　瑞樹,2025,-0.636937072875427,-0.4542335569858551,0.03338057471841105
xgboost,NPB,NPB,test,NPB,大瀬良　大地,2025,1.43213702828709,0.9821982979774475,0.2024448610326532
xgboost,NPB,NPB,test,NPB,床田　寛樹,2025,1.2696442978292994,0.6495859026908875,0.3844724133816231
xgboost,NPB,NPB,test,NPB,玉村　昇悟,2025,-0.37694870414296405,-0.36924266815185547,5.9382990696260855e-5
xgboost,NPB,NPB,test,NPB,アドゥワ　誠,2025,-0.42028009893170803,-0.6070377826690674,0.034878432434943533
xgboost,NPB,NPB,test,NPB,高梨　裕稔,2025,-0.268620217171104,0.3925611972808838,0.43716086281673133
xgboost,NPB,NPB,test,NPB,石川　雅規,2025,-0.38778155284015,0.2504522204399109,0.4073423493553042
xgboost,NPB,NPB,test,NPB,山野　太一,2025,-0.4852771911148231,-0.22292368113994598,0.06882936419613794
xgboost,NPB,NPB,test,NPB,大関　友久,2025,1.1071515673715102,0.999182939529419,0.011657224598104006
xgboost,NPB,NPB,test,NPB,前田　純,2025,-0.5394414346007531,-0.3994670510292053,0.019592828056234787
xgboost,NPB,NPB,test,NPB,達　孝太,2025,-0.27945306586829005,-0.24332675337791443,0.0013051104541522698
xgboost,NPB,NPB,test,NPB,宮城　大弥,2025,1.6487940022308099,0.26638948917388916,1.911042237720142
xgboost,NPB,NPB,test,NPB,田嶋　大樹,2025,0.45718064554035504,0.19372914731502533,0.0694066919171709
xgboost,NPB,NPB,test,NPB,曽谷　龍平,2025,-0.138626032804873,-0.24030457437038422,0.01033852581488939
xgboost,NPB,NPB,test,NPB,寺西　成騎,2025,-0.582772829389497,-0.4923042058944702,0.008184571837084919
xgboost,NPB,NPB,test,NPB,早川　隆久,2025,-0.084461789318943,-0.3595976233482361,0.07569972716699472
xgboost,NPB,NPB,test,NPB,藤井　聖,2025,-0.22528882238236003,-0.303883820772171,0.0061771737718943915
xgboost,NPB,NPB,test,NPB,瀧中　瞭太,2025,-0.3011187632626621,-0.09058617055416107,0.04432397259256359
xgboost,NPB,NPB,test,NPB,古謝　樹,2025,-0.306535187611255,-0.3641129732131958,0.003315201394823064
xgboost,NPB,NPB,test,NPB,大内　誠弥,2025,-0.674852043315578,-0.6083531975746155,0.004422096484880332
xgboost,NPB,NPB,test,NPB,松本　航,2025,-0.3011187632626621,-0.5130858421325684,0.04493004252464105
xgboost,NPB,NPB,test,NPB,唐川　侑己,2025,-0.257787368473918,0.06621606647968292,0.10497822586173229
xgboost,NPB,NPB,test,NPB,田中　晴也,2025,-0.4852771911148231,-0.43110182881355286,0.002934969880473892
xgboost,NPB,MLB,full_cross_league,MLB,Joe Saunders,2010,0.400009505893198,0.15831390023231506,0.05841676579578103
xgboost,NPB,MLB,full_cross_league,MLB,Zach Duke,2010,0.176804602383306,0.9225059747695923,0.5560705367787908
xgboost,NPB,MLB,full_cross_league,MLB,Ian Kennedy,2010,-0.5443332400399039,0.1539185643196106,0.48755558229131774
xgboost,NPB,MLB,full_cross_league,MLB,Daniel Hudson,2010,-0.5450772563849371,-0.23515793681144714,0.09604998464489499
xgboost,NPB,MLB,full_cross_league,MLB,Barry Enright,2010,-0.545263260471195,-0.5295308232307434,2.475095815247481e-4
xgboost,NPB,MLB,full_cross_league,MLB,Trevor Cahill,2010,0.5116119576481442,0.2629050016403198,0.06185514996667787
xgboost,NPB,MLB,full_cross_league,MLB,Dallas Braden,2010,1.0072043797491602e-4,0.3723019063472748,0.13853372279228918
xgboost,NPB,MLB,full_cross_league,MLB,Rich Harden,2010,-0.34400683913977503,-0.11047371476888657,0.05453772017842886
xgboost,NPB,MLB,full_cross_league,MLB,Trevor Cahill,2010,-0.5411711705735132,0.2629050016403198,0.6465384907220496
xgboost,NPB,MLB,full_cross_league,MLB,Gio González,2010,-0.5448912522986783,0.5550837516784668,1.20994500937452
xgboost,NPB,MLB,full_cross_league,MLB,Bobby Cramer,2010,-0.546007276816228,0.14723972976207733,0.48059141212978085
xgboost,NPB,MLB,full_cross_league,MLB,Jair Jurrjens,2010,-0.0184996881878494,-0.0011502085253596306,3.010044445591461e-4
xgboost,NPB,MLB,full_cross_league,MLB,Tommy Hanson,2010,-0.5381021031502519,0.30178168416023254,0.705404776187003
xgboost,NPB,MLB,full_cross_league,MLB,Brandon Beachy,2010,-0.5455422666005821,-0.3748111426830292,0.029149116674150825
xgboost,NPB,MLB,full_cross_league,MLB,Rodrigo López,2010,-0.546007276816228,2.190551280975342,7.488752740222277
xgboost,NPB,MLB,full_cross_league,MLB,Mike Minor,2010,-0.546007276816228,-0.6013674139976501,0.003064744788745883
xgboost,NPB,MLB,full_cross_league,MLB,Jeremy Guthrie,2010,0.44651052745775904,1.2396222352981567,0.6290261811135124
xgboost,NPB,MLB,full_cross_league,MLB,Justin Duchscherer,2010,-0.49281010814637,-0.019964896142482758,0.22358259451500107
xgboost,NPB,MLB,full_cross_league,MLB,Brad Bergesen,2010,-0.5422871950910628,0.29469987750053406,0.7005473596854511
xgboost,NPB,MLB,full_cross_league,MLB,Jake Arrieta,2010,-0.5450772563849371,-0.502357542514801,0.0018249739531462957
xgboost,NPB,MLB,full_cross_league,MLB,Chris Tillman,2010,-0.545449264557453,-0.5571630001068115,1.3721160052030523e-4
xgboost,NPB,MLB,full_cross_league,MLB,Josh Beckett,2010,2.5390564978629993,-0.06947871297597885,6.804455946186752
xgboost,NPB,MLB,full_cross_league,MLB,Andrew Miller,2010,-0.38120765639142395,-0.5313585996627808,0.02254530576527821
xgboost,NPB,MLB,full_cross_league,MLB,Clay Buchholz,2010,-0.5197807006538151,0.44842472672462463,0.9374217496050671
xgboost,NPB,MLB,full_cross_league,MLB,Matt Garza,2010,0.483711344709408,0.7645561099052429,0.07887378213790364
xgboost,NPB,MLB,full_cross_league,MLB,Tom Gorzelanny,2010,-0.23240438738482905,-0.06744265556335449,0.02721237296554009
xgboost,NPB,MLB,full_cross_league,MLB,Doug Davis,2010,-0.455609290894721,-0.094310663640499115,0.1305366980557852
xgboost,NPB,MLB,full_cross_league,MLB,Randy Wells,2010,-0.5346610275544752,0.7298972606658936,1.5991076643068292
xgboost,NPB,MLB,full_cross_league,MLB,Chris Carpenter,2010,-0.546007276816228,1.6845771074295044,4.975506695240913
xgboost,NPB,MLB,full_cross_league,MLB,Casey Coleman,2010,-0.546007276816228,-0.5687380433082581,5.166877453151983e-4
xgboost,NPB,MLB,full_cross_league,MLB,John Danks,2010,0.49301154902232,0.709028422832489,0.04666328977071849
xgboost,NPB,MLB,full_cross_league,MLB,Bronson Arroyo,2010,1.5470347664870598,1.7611253261566162,0.045834767739623875
xgboost,NPB,MLB,full_cross_league,MLB,Johnny Cueto,2010,0.6325146137160019,0.8510988354682922,0.04777906199905443
xgboost,NPB,MLB,full_cross_league,MLB,Edinson Vólquez,2010,-0.320756328357495,-0.12786678969860077,0.037206374124041056
xgboost,NPB,MLB,full_cross_league,MLB,Homer Bailey,2010,-0.5409851664872549,-0.2662816643714905,0.0754620140746658
xgboost,NPB,MLB,full_cross_league,MLB,Mike Leake,2010,-0.543961231867387,-0.1230640560388565,0.1771544326204329
xgboost,NPB,MLB,full_cross_league,MLB,Travis Wood,2010,-0.544426242083033,-0.4874003529548645,0.0032519520308581695
xgboost,NPB,MLB,full_cross_league,MLB,Dontrelle Willis,2010,-0.546007276816228,-0.3512720763683319,0.03792179829348225
xgboost,NPB,MLB,full_cross_league,MLB,Justin Masterson,2010,-0.5358886545237792,0.32010316848754883,0.7327220010622567
xgboost,NPB,MLB,full_cross_league,MLB,Mitch Talbot,2010,-0.5427150044894571,0.3807644844055176,0.8528143664097236
xgboost,NPB,MLB,full_cross_league,MLB,Josh Tomlin,2010,-0.5454120637402008,-0.09047386050224304,0.20696876876538134
xgboost,NPB,MLB,full_cross_league,MLB,Carlos Carrasco,2010,-0.5456724694609629,-0.5791900157928467,0.0011234259121099739
xgboost,NPB,MLB,full_cross_league,MLB,Jeanmar Gómez,2010,-0.546007276816228,-0.5281888842582703,3.174951133494822e-4
xgboost,NPB,MLB,full_cross_league,MLB,David Huff,2010,-0.546007276816228,-0.22265441715717316,0.10455707184968839
xgboost,NPB,MLB,full_cross_league,MLB,Jorge De La Rosa,2010,1.37653095874898,0.44301071763038635,0.8714600405781172
xgboost,NPB,MLB,full_cross_league,MLB,Jason Hammel,2010,0.0977528657235527,0.1893877387046814,0.008396949946267591
xgboost,NPB,MLB,full_cross_league,MLB,Felipe Paulino,2010,-0.476069740383128,-0.15779978036880493,0.1012957674475188
xgboost,NPB,MLB,full_cross_league,MLB,Jhoulys Chacín,2010,-0.5450772563849371,-0.21052242815494537,0.11192693309199926
xgboost,NPB,MLB,full_cross_league,MLB,Brad Penny,2010,-0.06500070975241032,0.15196649730205536,0.04707476893701538
xgboost,NPB,MLB,full_cross_league,MLB,Armando Galarraga,2010,-0.195203570133181,-0.15472233295440674,0.0016387305635241745
xgboost,NPB,MLB,full_cross_league,MLB,Max Scherzer,2010,-0.511410516772194,0.5074352025985718,1.0380465998801334
xgboost,NPB,MLB,full_cross_league,MLB,Andy Oliver,2010,-0.546007276816228,-0.5968049764633179,0.0025804062894359586
xgboost,NPB,MLB,full_cross_league,MLB,Wandy Rodríguez,2010,1.4850332803982598,0.4421949088573456,1.0875118691581058
xgboost,NPB,MLB,full_cross_league,MLB,Brett Myers,2010,1.51603402344266,0.9364957809448242,0.3358645745174802
xgboost,NPB,MLB,full_cross_league,MLB,J.A. Happ,2010,-0.5348470316407331,-0.19725967943668365,0.11396522036814093
xgboost,NPB,MLB,full_cross_league,MLB,Bud Norris,2010,-0.5416361807891589,0.2162725329399109,0.574425618346453
xgboost,NPB,MLB,full_cross_league,MLB,Kyle Davies,2010,-0.027799892500761595,0.35523661971092224,0.14671696968729142
xgboost,NPB,MLB,full_cross_league,MLB,Jeff Francis,2010,-0.25100479601065406,-0.03585115075111389,0.04629109106846805
xgboost,NPB,MLB,full_cross_league,MLB,Bruce Chen,2010,-0.25100479601065406,0.8098756074905396,1.1254672305328555
xgboost,NPB,MLB,full_cross_league,MLB,Luke Hochevar,2010,-0.29564577671263204,-0.04802487790584564,0.06131610952588075
xgboost,NPB,MLB,full_cross_league,MLB,Sean O'Sullivan,2010,-0.5447982502555492,-0.6072554588317871,0.003900902903135689
xgboost,NPB,MLB,full_cross_league,MLB,Vin Mazzaro,2010,-0.546007276816228,-0.43426772952079773,0.012485726429787689
xgboost,NPB,MLB,full_cross_league,MLB,Jered Weaver,2010,0.746907126764822,1.2271325588226318,0.23061646559511018
xgboost,NPB,MLB,full_cross_league,MLB,Ted Lilly,2010,1.4230319803135398,1.7357311248779297,0.09778075501130118
xgboost,NPB,MLB,full_cross_league,MLB,Hiroki Kuroda,2010,1.6090360665717802,1.0423760414123535,0.3211035841136821
xgboost,NPB,MLB,full_cross_league,MLB,Jon Garland,2010,0.30700746276407703,1.8053107261657715,2.244912669120167
xgboost,NPB,MLB,full_cross_league,MLB,Chad Billingsley,2010,-0.013849586031393302,0.6429039239883423,0.4313251729232429
xgboost,NPB,MLB,full_cross_league,MLB,Clayton Kershaw,2010,-0.530010925398019,0.7603651881217957,1.6650705143425015
xgboost,NPB,MLB,full_cross_league,MLB,Ricky Nolasco,2010,1.02002306475265,0.4636800289154053,0.3095175735246018
xgboost,NPB,MLB,full_cross_league,MLB,Javier Vázquez,2010,0.679015635280563,1.2114307880401611,0.28346589488802626
xgboost,NPB,MLB,full_cross_league,MLB,Aníbal Sánchez,2010,0.0652021506283601,0.5470137596130371,0.2321424265524033
xgboost,NPB,MLB,full_cross_league,MLB,Shawn Hill,2010,-0.511410516772194,-0.6221395134925842,0.0122609107147042
xgboost,NPB,MLB,full_cross_league,MLB,Chris Volstad,2010,-0.540241150142222,0.5652920603752136,1.2222036795569886
xgboost,NPB,MLB,full_cross_league,MLB,Alex Sanabia,2010,-0.546007276816228,-0.5385241508483887,5.599717425055068e-5
xgboost,NPB,MLB,full_cross_league,MLB,Shaun Marcum,2010,0.111703172192921,1.9370269775390625,3.331806994363319
xgboost,NPB,MLB,full_cross_league,MLB,Chris Narveson,2010,-0.5403992536155422,0.5257695317268372,1.1367158788384446
xgboost,NPB,MLB,full_cross_league,MLB,Mark Rogers,2010,-0.546007276816228,-0.4950502812862396,0.002596615393443251
xgboost,NPB,MLB,full_cross_league,MLB,Carl Pavano,2010,0.911520743103368,0.9203728437423706,7.835968572303127e-5
xgboost,NPB,MLB,full_cross_league,MLB,Francisco Liriano,2010,0.176804602383306,1.1177090406417847,0.8853011619345034
xgboost,NPB,MLB,full_cross_league,MLB,Kevin Slowey,2010,-0.12080193562988299,-0.19428811967372894,0.0054002192453259995
xgboost,NPB,MLB,full_cross_league,MLB,R.A. Dickey,2010,0.10240296788000901,0.7798309922218323,0.4589087281636659
xgboost,NPB,MLB,full_cross_league,MLB,Mike Pelfrey,2010,0.10705307003646501,1.062562346458435,0.9129979773284367
xgboost,NPB,MLB,full_cross_league,MLB,Chris Young,2010,-0.4184084736430731,0.3124668002128601,0.5341786659339853
xgboost,NPB,MLB,full_cross_league,MLB,Dillon Gee,2010,-0.5486113340238431,-0.6004802584648132,0.0026903853226630686
xgboost,NPB,MLB,full_cross_league,MLB,Phil Hughes,2010,-0.12080193562988299,0.19727672636508942,0.10117403521651192
xgboost,NPB,MLB,full_cross_league,MLB,Kevin Millwood,2010,-0.34400683913977503,2.5631110668182373,8.451334519141698
xgboost,NPB,MLB,full_cross_league,MLB,Freddy García,2010,-0.34400683913977503,0.9120290875434875,1.5776262491190822
xgboost,NPB,MLB,full_cross_league,MLB,Iván Nova,2010,-0.542491799585947,-0.6551797389984131,0.012698571689027638
xgboost,NPB,MLB,full_cross_league,MLB,Cliff Lee,2010,3.8410851016706995,1.2568503618240356,6.678269190630354
xgboost,NPB,MLB,full_cross_league,MLB,Roy Halladay,2010,3.0970687566377304,3.820542812347412,0.5234147092850157
xgboost,NPB,MLB,full_cross_league,MLB,Kyle Kendrick,2010,-0.16730295719444402,0.15408575534820557,0.10329070454982182
xgboost,NPB,MLB,full_cross_league,MLB,Kevin Correia,2010,0.12100337650583301,-0.061364054679870605,0.03325787995727234
xgboost,NPB,MLB,full_cross_league,MLB,Ross Ohlendorf,2010,-0.24635469385419803,0.2275959998369217,0.22462926005029363
xgboost,NPB,MLB,full_cross_league,MLB,Jeff Karstens,2010,-0.4184084736430731,-0.0576464869081974,0.13014921107289462
xgboost,NPB,MLB,full_cross_league,MLB,Scott Olsen,2010,-0.5393111297109308,-0.27727311849594116,0.06866391932150702
xgboost,NPB,MLB,full_cross_league,MLB,James McDonald,2010,-0.540613158314739,-0.35930413007736206,0.03287296372038195
xgboost,NPB,MLB,full_cross_league,MLB,Charlie Morton,2010,-0.5409851664872549,0.7718597650527954,1.7235618142703995
xgboost,NPB,MLB,full_cross_league,MLB,Brad Lincoln,2010,-0.5459142747730991,-0.5228923559188843,5.300087477300502e-4
xgboost,NPB,MLB,full_cross_league,MLB,Aaron Harang,2010,0.12100337650583301,0.2858535647392273,0.02717558456058553
xgboost,NPB,MLB,full_cross_league,MLB,Dustin Moseley,2010,-0.455609290894721,-0.49497857689857483,0.0015499406804532394
xgboost,NPB,MLB,full_cross_league,MLB,Clayton Richard,2010,-0.5358142528892761,1.0977685451507568,2.6685927580523026
xgboost,NPB,MLB,full_cross_league,MLB,Mat Latos,2010,-0.5373208859879678,0.7188529372215271,1.577972674116759
xgboost,NPB,MLB,full_cross_league,MLB,Cory Luebke,2010,-0.5457096702782142,-0.5975817441940308,0.0026907120523279415
xgboost,NPB,MLB,full_cross_league,MLB,Wade LeBlanc,2010,-0.546007276816228,-0.09621037542819977,0.20231725249827157
xgboost,NPB,MLB,full_cross_league,MLB,Jason Vargas,2010,-0.16730295719444402,0.29898133873939514,0.21742104463451606
xgboost,NPB,MLB,full_cross_league,MLB,Doug Fister,2010,-0.5418221848754169,0.5578222870826721,1.2092179647079846
xgboost,NPB,MLB,full_cross_league,MLB,David Pauley,2010,-0.5445192441261619,-0.23357751965522766,0.0966847560169584
xgboost,NPB,MLB,full_cross_league,MLB,Jonathan Sánchez,2010,0.26980664551242806,1.187204360961914,0.841618568311936
xgboost,NPB,MLB,full_cross_league,MLB,Jeff Suppan,2010,-0.4370088822688971,-0.08419129252433777,0.12448025163316019
xgboost,NPB,MLB,full_cross_league,MLB,Madison Bumgarner,2010,-0.5393111297109308,-0.3904465436935425,0.022160664970128394
xgboost,NPB,MLB,full_cross_league,MLB,Jake Westbrook,2010,0.911520743103368,0.9896039366722107,0.0060969851179093655
xgboost,NPB,MLB,full_cross_league,MLB,Jaime García,2010,-0.541729182832288,-0.14331752061843872,0.15873185258800232
xgboost,NPB,MLB,full_cross_league,MLB,Wade Davis,2010,-0.037100096813673794,0.2372673749923706,0.07527750958524056
xgboost,NPB,MLB,full_cross_league,MLB,Jeff Niemann,2010,-0.455051278635947,0.6854011416435242,1.3006317229213038
xgboost,NPB,MLB,full_cross_league,MLB,Scott Feldman,2010,0.44651052745775904,-0.13607284426689148,0.3394033850100623
xgboost,NPB,MLB,full_cross_league,MLB,C.J. Wilson,2010,0.679015635280563,0.8073468208312988,0.016468893184857395
xgboost,NPB,MLB,full_cross_league,MLB,Dave Bush,2010,-0.4370088822688971,0.15312255918979645,0.34825511819811544
xgboost,NPB,MLB,full_cross_league,MLB,Tommy Hunter,2010,-0.540769401747196,-0.20648369193077087,0.11174693578747119
xgboost,NPB,MLB,full_cross_league,MLB,Derek Holland,2010,-0.542694544039968,-0.5299429297447205,1.6260366713476078e-4
xgboost,NPB,MLB,full_cross_league,MLB,Omar Beltré,2010,-0.5458212727299702,-0.33324840664863586,0.04518722339403289
xgboost,NPB,MLB,full_cross_league,MLB,Ricky Romero,2010,0.49673163074748494,0.7924337387084961,0.08743973665258549
xgboost,NPB,MLB,full_cross_league,MLB,Brandon Morrow,2010,-0.195203570133181,0.9497092962265015,1.310825471555944
xgboost,NPB,MLB,full_cross_league,MLB,Jesse Litsch,2010,-0.46862957693279805,-0.6497942805290222,0.032820649829107755
xgboost,NPB,MLB,full_cross_league,MLB,Brett Cecil,2010,-0.540594557906113,-0.0832400768995285,0.20917312129680227
xgboost,NPB,MLB,full_cross_league,MLB,Marc Rzepczynski,2010,-0.5431056130705992,-0.37579795718193054,0.027991851718961177
xgboost,NPB,MLB,full_cross_league,MLB,Kyle Drabek,2010,-0.5456352686437111,-0.631031334400177,0.00729248804668264
xgboost,NPB,MLB,full_cross_league,MLB,John Lannan,2010,-0.11150173131697101,-0.4234618842601776,0.09731913702434886
xgboost,NPB,MLB,full_cross_league,MLB,Liván Hernández,2010,-0.4370088822688971,1.366601824760437,3.2530115825108545
xgboost,NPB,MLB,full_cross_league,MLB,Jordan Zimmermann,2010,-0.5458212727299702,-0.6732760071754456,0.01624470933256665
xgboost,NPB,MLB,full_cross_league,MLB,Ross Detwiler,2010,-0.546007276816228,-0.630063533782959,0.007065454335257118
xgboost,NPB,MLB,full_cross_league,MLB,Craig Stammen,2010,-0.546007276816228,-0.40338996052742004,0.020339698905421876
xgboost,NPB,MLB,full_cross_league,MLB,Joe Saunders,2011,0.49301154902232,0.8146052956581116,0.10342253787524572
xgboost,NPB,MLB,full_cross_league,MLB,Ian Kennedy,2011,-0.5263838457159828,1.082159399986267,2.5874113732943287
xgboost,NPB,MLB,full_cross_league,MLB,Daniel Hudson,2011,-0.5292669090529858,0.5344580411911011,1.131510769771785
xgboost,NPB,MLB,full_cross_league,MLB,Josh Collmenter,2011,-0.532614982605634,0.3200937509536743,0.7271121842883195
xgboost,NPB,MLB,full_cross_league,MLB,Wade Miley,2011,-0.533545003036925,-0.49596521258354187,0.0014122406505201843
xgboost,NPB,MLB,full_cross_league,MLB,Brandon McCarthy,2011,0.17215450022684997,0.35057729482650757,0.031834693632751605
xgboost,NPB,MLB,full_cross_league,MLB,Dallas Braden,2011,1.0072043797491602e-4,-0.59938812255859375,0.3593868728773646
xgboost,NPB,MLB,full_cross_league,MLB,Bartolo Colon,2011,-0.25100479601065406,2.2549378871917725,6.279748731495776
xgboost,NPB,MLB,full_cross_league,MLB,Tyson Ross,2011,-0.5337310071231842,-0.5403994917869568,4.4468687710969926e-5
xgboost,NPB,MLB,full_cross_league,MLB,Brad Peacock,2011,-0.5337310071231842,-0.6325592398643494,0.009767019586741907
xgboost,NPB,MLB,full_cross_league,MLB,Jarrod Parker,2011,-0.5337310071231842,-0.5495831370353699,2.512900227528111e-4
xgboost,NPB,MLB,full_cross_league,MLB,Tommy Milone,2011,-0.5337310071231842,-0.4976833462715149,0.0012994338528769735
xgboost,NPB,MLB,full_cross_league,MLB,Graham Godfrey,2011,-0.5337310071231842,-0.6451687216758728,0.0124183642247265
xgboost,NPB,MLB,full_cross_league,MLB,Jair Jurrjens,2011,0.400009505893198,0.175799161195755,0.050270278669346205
xgboost,NPB,MLB,full_cross_league,MLB,Tommy Hanson,2011,-0.52350078237898,-0.058672212064266205,0.21606559978082085
xgboost,NPB,MLB,full_cross_league,MLB,Brandon Beachy,2011,-0.53094094582931,0.1692248284816742,0.4902321115165
xgboost,NPB,MLB,full_cross_league,MLB,Mike Minor,2011,-0.533265996907538,-0.33721980452537537,0.03843410954754391
xgboost,NPB,MLB,full_cross_league,MLB,Julio Teheran,2011,-0.5337310071231842,-0.6445348262786865,0.012277486339445259
xgboost,NPB,MLB,full_cross_league,MLB,Randall Delgado,2011,-0.5337310071231842,-0.622312605381012,0.007846699549911192
xgboost,NPB,MLB,full_cross_league,MLB,Dana Eveland,2011,-0.4835099038334581,-0.5653180480003357,0.006692572452028629
xgboost,NPB,MLB,full_cross_league,MLB,Dontrelle Willis,2011,-0.49281010814637,-0.10064346343278885,0.15379467722590817
xgboost,NPB,MLB,full_cross_league,MLB,Tommy Hunter,2011,-0.531219951958697,-0.5526487827301025,4.591947882295378e-4
xgboost,NPB,MLB,full_cross_league,MLB,Jake Arrieta,2011,-0.5321499723899892,-0.24101147055625916,0.08476162724998881
xgboost,NPB,MLB,full_cross_league,MLB,Zack Britton,2011,-0.532614982605634,-0.1299433708190918,0.16214442693877176
xgboost,NPB,MLB,full_cross_league,MLB,Chris Tillman,2011,-0.5337310071231842,-0.5374539494514465,1.3860299579567213e-5
xgboost,NPB,MLB,full_cross_league,MLB,Clay Buchholz,2011,0.7694601222236339,-0.22580014169216156,0.9905429929297389
xgboost,NPB,MLB,full_cross_league,MLB,Aaron Cook,2011,-0.34400683913977503,0.1908673495054245,0.2860903976788605
xgboost,NPB,MLB,full_cross_league,MLB,Andrew Miller,2011,-0.42956871881856706,-0.4209023118019104,7.510661057835584e-5
xgboost,NPB,MLB,full_cross_league,MLB,Chris Carpenter,2011,-0.5333589989506669,1.1562467813491821,2.8547676928226617
xgboost,NPB,MLB,full_cross_league,MLB,Matt Garza,2011,1.14402585092617,0.6433519721031189,0.2506743329357193
xgboost,NPB,MLB,full_cross_league,MLB,Paul Maholm,2011,0.16750439807039405,0.7827683091163635,0.3785496802355826
xgboost,NPB,MLB,full_cross_league,MLB,Randy Wells,2011,-0.11987191519859197,0.03754715248942375,0.024780762871764075
xgboost,NPB,MLB,full_cross_league,MLB,Chris Volstad,2011,-0.12917211951150398,0.3451751470565796,0.22500532930061254
xgboost,NPB,MLB,full_cross_league,MLB,Travis Wood,2011,-0.5337310071231842,-0.28874748945236206,0.06001692393037003
xgboost,NPB,MLB,full_cross_league,MLB,Casey Coleman,2011,-0.5337310071231842,-0.6040646433830261,0.004946820389531747
xgboost,NPB,MLB,full_cross_league,MLB,John Danks,2011,1.79504015283002,0.35669687390327454,2.0688313880337414
xgboost,NPB,MLB,full_cross_league,MLB,Philip Humber,2011,-0.524430802810271,0.9124844670295715,2.064725492698907
xgboost,NPB,MLB,full_cross_league,MLB,Zach Stewart,2011,-0.533452000993796,-0.6980087161064148,0.027078912488655592
xgboost,NPB,MLB,full_cross_league,MLB,Dylan Axelrod,2011,-0.5337310071231842,-0.42745324969291687,0.011294961724406747
xgboost,NPB,MLB,full_cross_league,MLB,Homer Bailey,2011,-0.17195305935090002,-0.3459065556526184,0.03025981887559195
xgboost,NPB,MLB,full_cross_league,MLB,Mat Latos,2011,-0.520710721085107,0.44058626890182495,0.9240919029579355
xgboost,NPB,MLB,full_cross_league,MLB,Mike Leake,2011,-0.5286158947510821,0.6725543141365051,1.4428098707190495
xgboost,NPB,MLB,full_cross_league,MLB,Alfredo Simón,2011,-0.532335976476247,-0.11132564395666122,0.17724970008825217
xgboost,NPB,MLB,full_cross_league,MLB,Justin Masterson,2011,0.0884526614106405,0.4531293213367462,0.13298906629486054
xgboost,NPB,MLB,full_cross_league,MLB,Josh Tomlin,2011,-0.5310339478724388,-0.27370476722717285,0.06621830721156394
xgboost,NPB,MLB,full_cross_league,MLB,Carlos Carrasco,2011,-0.5321499723899892,-0.42165276408195496,0.012209633043869107
xgboost,NPB,MLB,full_cross_league,MLB,David Huff,2011,-0.5325777817883829,-0.5600285530090332,7.535448406084836e-4
xgboost,NPB,MLB,full_cross_league,MLB,Jeanmar Gómez,2011,-0.5332287960902861,-0.4618287980556488,0.005097959719346204
xgboost,NPB,MLB,full_cross_league,MLB,Zach McAllister,2011,-0.5337310071231842,-0.4382016658782959,0.009125855038682322
xgboost,NPB,MLB,full_cross_league,MLB,Jeremy Guthrie,2011,0.9022205387904549,1.0111230611801147,0.011859759382830355
xgboost,NPB,MLB,full_cross_league,MLB,Kevin Slowey,2011,-0.11150173131697101,-0.14986054599285126,0.0014713986633385257
xgboost,NPB,MLB,full_cross_league,MLB,Jhoulys Chacín,2011,-0.5333589989506669,0.40622618794441223,0.8828203234326607
xgboost,NPB,MLB,full_cross_league,MLB,Josh Outman,2011,-0.5333589989506669,-0.43751829862594604,0.009185439838732939
xgboost,NPB,MLB,full_cross_league,MLB,Esmil Rogers,2011,-0.533545003036925,0.06201096996665001,0.35468691698023497
xgboost,NPB,MLB,full_cross_league,MLB,Guillermo Moscoso,2011,-0.5337310071231842,-0.41092121601104736,0.01508224479300669
xgboost,NPB,MLB,full_cross_league,MLB,Drew Pomeranz,2011,-0.5337310071231842,-0.5968807935714722,0.003987895528464372
xgboost,NPB,MLB,full_cross_league,MLB,Jeff Francis,2011,-0.5337310071231842,0.28411349654197693,0.6688696321753138
xgboost,NPB,MLB,full_cross_league,MLB,Alex White,2011,-0.5337310071231842,-0.4496016204357147,0.00707775370440977
xgboost,NPB,MLB,full_cross_league,MLB,Tyler Chatwood,2011,-0.5337310071231842,-0.24398742616176605,0.08395134270834588
xgboost,NPB,MLB,full_cross_league,MLB,Juan Nicasio,2011,-0.5337310071231842,-0.5542124509811401,4.1948954250660013e-4
xgboost,NPB,MLB,full_cross_league,MLB,Max Scherzer,2011,0.07450235494127233,0.8126675486564636,0.5448878532125859
xgboost,NPB,MLB,full_cross_league,MLB,Rick Porcello,2011,-0.046400301126585906,0.21492435038089752,0.06829057348550766
xgboost,NPB,MLB,full_cross_league,MLB,Doug Fister,2011,-0.5286158947510821,0.9636121392250061,2.226744505384141
xgboost,NPB,MLB,full_cross_league,MLB,J.A. Happ,2011,-0.18590336582026804,0.4576582610607147,0.4141715675936972
xgboost,NPB,MLB,full_cross_league,MLB,Bud Norris,2011,-0.5279648804491781,0.801318347454071,1.7669938999848813
xgboost,NPB,MLB,full_cross_league,MLB,Kyle Weiland,2011,-0.533452000993796,-0.5981183052062988,0.004181730900503965
xgboost,NPB,MLB,full_cross_league,MLB,Jordan Lyles,2011,-0.5337310071231842,-0.48521938920021057,0.002353377073504578
xgboost,NPB,MLB,full_cross_league,MLB,Bruce Chen,2011,0.214005419634955,0.9404347538948059,0.5276995776732102
xgboost,NPB,MLB,full_cross_league,MLB,Jonathan Sánchez,2011,0.418609914519023,-0.16039535403251648,0.3352471010104403
xgboost,NPB,MLB,full_cross_league,MLB,Luke Hochevar,2011,0.0298613742392939,0.6808493733406067,0.4237853749739308
xgboost,NPB,MLB,full_cross_league,MLB,Felipe Paulino,2011,-0.26960520463647797,-0.05908561497926712,0.044318497629440436
xgboost,NPB,MLB,full_cross_league,MLB,Sean O'Sullivan,2011,-0.531219951958697,-0.6129429340362549,0.00667864579964885
xgboost,NPB,MLB,full_cross_league,MLB,Vin Mazzaro,2011,-0.5317082126851252,-0.5935748219490051,0.0038274773418095877
xgboost,NPB,MLB,full_cross_league,MLB,Luis Mendoza,2011,-0.5320709206533291,-0.5553626418113708,5.425042745039716e-4
xgboost,NPB,MLB,full_cross_league,MLB,Danny Duffy,2011,-0.5322894754546821,-0.5253462195396423,4.8208802701734444e-5
xgboost,NPB,MLB,full_cross_league,MLB,Jered Weaver,2011,2.5390564978629993,1.4146188497543335,1.2643600244841475
xgboost,NPB,MLB,full_cross_league,MLB,C.J. Wilson,2011,2.2600503684756306,2.499173879623413,0.05718005358364367
xgboost,NPB,MLB,full_cross_league,MLB,Jerome Williams,2011,-0.47048961779538107,-0.35580360889434814,0.013152880637647803
xgboost,NPB,MLB,full_cross_league,MLB,Barry Enright,2011,-0.5337310071231842,-0.6312268376350403,0.009505436967196563
xgboost,NPB,MLB,full_cross_league,MLB,Brad Mills,2011,-0.5337310071231842,-0.5806679129600525,0.0022030731295390386
xgboost,NPB,MLB,full_cross_league,MLB,Chad Billingsley,2011,1.5470347664870598,0.6825037002563477,0.7474139644780121
xgboost,NPB,MLB,full_cross_league,MLB,Clayton Kershaw,2011,1.14402585092617,1.3471323251724243,0.04125223988074435
xgboost,NPB,MLB,full_cross_league,MLB,Aaron Harang,2011,0.49301154902232,0.5390013456344604,0.0021150613924260475
xgboost,NPB,MLB,full_cross_league,MLB,Chris Capuano,2011,0.30700746276407703,0.7955440878868103,0.23866803408631002
xgboost,NPB,MLB,full_cross_league,MLB,Rubby De La Rosa,2011,-0.533265996907538,-0.5204900503158569,1.6322481131348588e-4
xgboost,NPB,MLB,full_cross_league,MLB,Nathan Eovaldi,2011,-0.5337310071231842,-0.6170252561569214,0.006937931922094225
xgboost,NPB,MLB,full_cross_league,MLB,Mark Buehrle,2011,2.0740462822173904,1.053154706954956,1.0422196084418147
xgboost,NPB,MLB,full_cross_league,MLB,Aníbal Sánchez,2011,0.8650197215388071,1.8345248699188232,0.9399402327353571
xgboost,NPB,MLB,full_cross_league,MLB,Wade LeBlanc,2011,-0.5337310071231842,-0.29143598675727844,0.0587068768941147
xgboost,NPB,MLB,full_cross_league,MLB,Alex Sanabia,2011,-0.5337310071231842,-0.6063881516456604,0.00527906065015999
xgboost,NPB,MLB,full_cross_league,MLB,Brad Hand,2011,-0.5337310071231842,-0.6652765274047852,0.017304223906157084
xgboost,NPB,MLB,full_cross_league,MLB,Shaun Marcum,2011,0.81386859781779,0.8556995391845703,0.0017498276556310146
xgboost,NPB,MLB,full_cross_league,MLB,Liván Hernández,2011,-0.4835099038334581,2.0538923740386963,6.438410319750798
xgboost,NPB,MLB,full_cross_league,MLB,Chris Narveson,2011,-0.530010925398019,0.3411507308483124,0.7589226313138512
xgboost,NPB,MLB,full_cross_league,MLB,Francisco Liriano,2011,0.400009505893198,0.01605256274342537,0.14742293419291774
xgboost,NPB,MLB,full_cross_league,MLB,Brian Duensing,2011,-0.527220864104145,0.7821393609046936,1.7144241988351963
xgboost,NPB,MLB,full_cross_league,MLB,Scott Diamond,2011,-0.5337310071231842,-0.5080773830413818,6.581084285304312e-4
xgboost,NPB,MLB,full_cross_league,MLB,Liam Hendriks,2011,-0.5337310071231842,-0.6229143738746643,0.007953672905129003
xgboost,NPB,MLB,full_cross_league,MLB,Mike Pelfrey,2011,0.4348852720666191,0.5853900909423828,0.022651700504826445
xgboost,NPB,MLB,full_cross_league,MLB,Chris Young,2011,-0.455609290894721,-0.3282110095024109,0.016230322101714233
xgboost,NPB,MLB,full_cross_league,MLB,Dillon Gee,2011,-0.5296389172255022,0.16142438352108002,0.4775684856387611
xgboost,NPB,MLB,full_cross_league,MLB,CC Sabathia,2011,3.9154867361739996,1.1463053226470947,7.668365701022867
xgboost,NPB,MLB,full_cross_league,MLB,Hiroki Kuroda,2011,1.23702789405529,3.3156232833862305,4.320558792547845
xgboost,NPB,MLB,full_cross_league,MLB,Freddy García,2011,0.12100337650583301,1.082076907157898,0.9236623313200255
xgboost,NPB,MLB,full_cross_league,MLB,Phil Hughes,2011,-0.027799892500761595,-0.5272607207298279,0.24946111893526485
xgboost,NPB,MLB,full_cross_league,MLB,Derek Lowe,2011,-0.4370088822688971,2.2986838817596436,7.484014899158117
xgboost,NPB,MLB,full_cross_league,MLB,Michael Pineda,2011,-0.524714459041815,-0.08404787629842758,0.19418703714673471
xgboost,NPB,MLB,full_cross_league,MLB,Iván Nova,2011,-0.5249516142517952,0.3300936222076416,0.7311023563919741
xgboost,NPB,MLB,full_cross_league,MLB,Dellin Betances,2011,-0.533545003036925,-0.6344529390335083,0.010182411547090556
xgboost,NPB,MLB,full_cross_league,MLB,Cole Hamels,2011,2.16704832534651,1.044638991355896,1.2598027130292537
xgboost,NPB,MLB,full_cross_league,MLB,Joel Piñeiro,2011,-0.34400683913977503,0.5207406878471375,0.7477882854299809
xgboost,NPB,MLB,full_cross_league,MLB,Vance Worley,2011,-0.53094094582931,-0.13874410092830658,0.1538183651503017
xgboost,NPB,MLB,full_cross_league,MLB,Érik Bédard,2011,0.214005419634955,0.300906240940094,0.007551752743507698
xgboost,NPB,MLB,full_cross_league,MLB,Jeff Karstens,2011,-0.046400301126585906,0.6630944609642029,0.5033828174342649
xgboost,NPB,MLB,full_cross_league,MLB,Charlie Morton,2011,-0.168232977625735,0.553098738193512,0.5203194442467388
xgboost,NPB,MLB,full_cross_league,MLB,James McDonald,2011,-0.529545915182373,0.27814140915870667,0.6523588139012525
xgboost,NPB,MLB,full_cross_league,MLB,Rick van den Hurk,2011,-0.5337310071231842,-0.5749834179878235,0.0017017614021450078
xgboost,NPB,MLB,full_cross_league,MLB,Jeff Locke,2011,-0.5337310071231842,-0.6441324949264526,0.012188488509175225
xgboost,NPB,MLB,full_cross_league,MLB,Tim Stauffer,2011,-0.027799892500761595,0.7469421625137329,0.6002252518080821
xgboost,NPB,MLB,full_cross_league,MLB,Jason Marquis,2011,-0.06500070975241032,0.4784240424633026,0.29531046132070904
xgboost,NPB,MLB,full_cross_league,MLB,Clayton Richard,2011,-0.11987191519859197,-0.3059869706630707,0.03463881387054599
xgboost,NPB,MLB,full_cross_league,MLB,Edinson Vólquez,2011,-0.20682882552432102,-0.23072072863578796,5.708230342877236e-4
xgboost,NPB,MLB,full_cross_league,MLB,Dustin Moseley,2011,-0.24867974493242603,-0.12154324352741241,0.01616368998950703
xgboost,NPB,MLB,full_cross_league,MLB,Ross Ohlendorf,2011,-0.455609290894721,-0.28128090500831604,0.03039038612575932
xgboost,NPB,MLB,full_cross_league,MLB,Jason Vargas,2011,0.27910684982534006,0.8624618053436279,0.3403030041277436
xgboost,NPB,MLB,full_cross_league,MLB,Kevin Millwood,2011,-0.4370088822688971,0.0854368805885315,0.27294957512768053
xgboost,NPB,MLB,full_cross_league,MLB,Blake Beavan,2011,-0.532521980562505,-0.618397057056427,0.007374528762836957
xgboost,NPB,MLB,full_cross_league,MLB,Tim Lincecum,2011,3.143569778202291,1.4651508331298828,2.8170901551779752
xgboost,NPB,MLB,full_cross_league,MLB,Ryan Vogelsong,2011,0.12100337650583301,0.6782119274139404,0.31048136920511293
xgboost,NPB,MLB,full_cross_league,MLB,Madison Bumgarner,2011,-0.518850680222524,0.45940524339675903,0.9569846520962165
xgboost,NPB,MLB,full_cross_league,MLB,Brad Penny,2011,-0.530010925398019,0.8340939879417419,1.8607822145976767
xgboost,NPB,MLB,full_cross_league,MLB,Eric Surkamp,2011,-0.5337310071231842,-0.3690264821052551,0.02712758056138163
xgboost,NPB,MLB,full_cross_league,MLB,Jaime García,2011,0.6557651244982831,0.6592244505882263,1.1966936996562122e-5
xgboost,NPB,MLB,full_cross_league,MLB,Chris Carpenter,2011,1.3300299371844198,1.1562467813491821,0.030200585252054483
xgboost,NPB,MLB,full_cross_league,MLB,David Price,2011,0.18610480669621798,0.5730007886886597,0.14968850088189575
xgboost,NPB,MLB,full_cross_league,MLB,Jeff Niemann,2011,-0.11150173131697101,0.021248986944556236,0.01762275319895138
xgboost,NPB,MLB,full_cross_league,MLB,Jeremy Hellickson,2011,-0.5319639683037299,0.38582462072372437,0.8423358941490054
xgboost,NPB,MLB,full_cross_league,MLB,Alex Cobb,2011,-0.5337310071231842,-0.5228287577629089,1.1885904111362285e-4
xgboost,NPB,MLB,full_cross_league,MLB,Derek Holland,2011,0.43721032314484715,0.6151056885719299,0.031646761040435324
xgboost,NPB,MLB,full_cross_league,MLB,Roy Oswalt,2011,0.30700746276407703,1.815696358680725,2.2761421846621945
xgboost,NPB,MLB,full_cross_league,MLB,Matt Harrison,2011,-0.0743009140653225,0.8367639183998108,0.8300391289547213
xgboost,NPB,MLB,full_cross_league,MLB,Derek Holland,2011,-0.5291367061926049,0.6151056885719299,1.3092906579764776
xgboost,NPB,MLB,full_cross_league,MLB,Alexi Ogando,2011,-0.5304573352050389,0.3516329228878021,0.7780832234222949
xgboost,NPB,MLB,full_cross_league,MLB,Brandon Morrow,2011,0.6170143351958439,0.806486189365387,0.035899583522444586
xgboost,NPB,MLB,full_cross_league,MLB,Dustin McGowan,2011,-0.3688073219728461,-0.2692513167858124,0.009911398168800685
xgboost,NPB,MLB,full_cross_league,MLB,Nelson Figueroa,2011,-0.5021103124592821,-0.41376420855522156,0.007805034075027055
xgboost,NPB,MLB,full_cross_league,MLB,Kyle Drabek,2011,-0.5326335830142599,-0.5652914047241211,0.0010665333188330816
xgboost,NPB,MLB,full_cross_league,MLB,Henderson Alvarez III,2011,-0.5331915952730351,-0.5249648690223694,6.767902480339167e-5
xgboost,NPB,MLB,full_cross_league,MLB,Brett Cecil,2011,-0.5337310071231842,-0.32944613695144653,0.04173230818108372
xgboost,NPB,MLB,full_cross_league,MLB,Gio González,2011,0.9394213560421041,0.6243687272071838,0.09925815893579402
xgboost,NPB,MLB,full_cross_league,MLB,Edwin Jackson,2011,1.4230319803135398,1.048593282699585,0.14020433827083473
xgboost,NPB,MLB,full_cross_league,MLB,John Lannan,2011,0.30700746276407703,0.36091020703315735,0.002905505839737871
xgboost,NPB,MLB,full_cross_league,MLB,Chien-Ming Wang,2011,0.12100337650583301,-0.3082864284515381,0.18428973664033774
xgboost,NPB,MLB,full_cross_league,MLB,Tom Gorzelanny,2011,-0.06500070975241032,-0.06703925132751465,4.155651753428843e-6
xgboost,NPB,MLB,full_cross_league,MLB,Jordan Zimmermann,2011,-0.195203570133181,0.5923947095870972,0.6203110502183415
xgboost,NPB,MLB,full_cross_league,MLB,Ross Detwiler,2011,-0.5328009866918921,-0.40325602889060974,0.016781896091736036
xgboost,NPB,MLB,full_cross_league,MLB,Brandon McCarthy,2012,0.8185186999742459,-0.08100788295269012,0.8091480733922098
xgboost,NPB,MLB,full_cross_league,MLB,Ian Kennedy,2012,0.17029445936426804,0.9673618078231812,0.6353163579793225
xgboost,NPB,MLB,full_cross_league,MLB,Daniel Hudson,2012,-0.5265698498022408,-0.5974721908569336,0.005027141967035982
xgboost,NPB,MLB,full_cross_league,MLB,Wade Miley,2012,-0.5299179233548901,0.5413358807563782,1.1475847128228636
xgboost,NPB,MLB,full_cross_league,MLB,Randall Delgado,2012,-0.53094094582931,-0.4383421838283539,0.008574530724109707
xgboost,NPB,MLB,full_cross_league,MLB,Patrick Corbin,2012,-0.5311269499155679,-0.5070626139640808,5.790922647860321e-4
xgboost,NPB,MLB,full_cross_league,MLB,Tyler Skaggs,2012,-0.531870966260601,-0.6324922442436218,0.010124641582936343
xgboost,NPB,MLB,full_cross_league,MLB,Bartolo Colon,2012,-0.06500070975241032,2.0810320377349854,4.605456553288299
xgboost,NPB,MLB,full_cross_league,MLB,Travis Blackley,2012,-0.520710721085107,0.4194325804710388,0.88386942746089
xgboost,NPB,MLB,full_cross_league,MLB,Tommy Milone,2012,-0.53094094582931,0.2553265690803528,0.6182166050022168
xgboost,NPB,MLB,full_cross_league,MLB,Jarrod Parker,2012,-0.53094094582931,0.14601585268974304,0.45827050706116573
xgboost,NPB,MLB,full_cross_league,MLB,Dan Straily,2012,-0.531405956044956,-0.5459074974060059,2.1029470184623993e-4
xgboost,NPB,MLB,full_cross_league,MLB,A.J. Griffin,2012,-0.531405956044956,-0.40468043088912964,0.01605935872601998
xgboost,NPB,MLB,full_cross_league,MLB,Brandon Beachy,2012,-0.528150884535436,-0.3473532795906067,0.032687773953786574
xgboost,NPB,MLB,full_cross_league,MLB,Mike Minor,2012,-0.5290809049667279,0.33323603868484497,0.7435905113085899
xgboost,NPB,MLB,full_cross_league,MLB,Julio Teheran,2012,-0.531870966260601,-0.5702586770057678,0.001473616336254593
xgboost,NPB,MLB,full_cross_league,MLB,Jason Hammel,2012,0.6325146137160019,0.2660553455352783,0.1342923952355515
xgboost,NPB,MLB,full_cross_league,MLB,Tommy Hunter,2012,-0.284485531537138,-0.4142659902572632,0.016842967465606113
xgboost,NPB,MLB,full_cross_league,MLB,Jake Arrieta,2012,-0.5269418579747581,-0.31041419506073,0.046884228807011
xgboost,NPB,MLB,full_cross_league,MLB,Chris Tillman,2012,-0.5284298906648242,-0.4790800213813782,0.002435409598293205
xgboost,NPB,MLB,full_cross_league,MLB,Miguel González,2012,-0.5296389172255022,0.025689052417874336,0.3083891538682349
xgboost,NPB,MLB,full_cross_league,MLB,Jair Jurrjens,2012,-0.531870966260601,-0.603728711605072,0.0051635355659908405
xgboost,NPB,MLB,full_cross_league,MLB,Freddy García,2012,-0.531870966260601,0.49592411518096924,1.0563627294354838
xgboost,NPB,MLB,full_cross_league,MLB,Ryan Dempster,2012,1.84154117439458,0.9943961501121521,0.7176546921664754
xgboost,NPB,MLB,full_cross_league,MLB,Daniel Bard,2012,-0.27658035787116203,-0.29610833525657654,3.8134190076526044e-4
xgboost,NPB,MLB,full_cross_league,MLB,Chris Sale,2012,-0.511410516772194,0.39764049649238586,0.8263737447173592
xgboost,NPB,MLB,full_cross_league,MLB,Félix Doubront,2012,-0.5265698498022408,0.2854860723018646,0.6594348206243489
xgboost,NPB,MLB,full_cross_league,MLB,Edwin Jackson,2012,1.79504015283002,0.61075592041015625,1.4025291431583058
xgboost,NPB,MLB,full_cross_league,MLB,Matt Garza,2012,1.2835289156198497,-0.24384617805480957,2.3328746767776742
xgboost,NPB,MLB,full_cross_league,MLB,Scott Feldman,2012,0.49301154902232,0.07963432371616364,0.17088073040181673
xgboost,NPB,MLB,full_cross_league,MLB,Jeff Samardzija,2012,-0.13196218080537805,0.9768827557563782,1.2295370933386454
xgboost,NPB,MLB,full_cross_league,MLB,Travis Wood,2012,-0.5248958130259171,0.1989508420228958,0.5239539800253552
xgboost,NPB,MLB,full_cross_league,MLB,Brooks Raley,2012,-0.531870966260601,-0.6087212562561035,0.005905967072392828
xgboost,NPB,MLB,full_cross_league,MLB,Chris Rusin,2012,-0.531870966260601,-0.5027453303337097,8.483026681458226e-4
xgboost,NPB,MLB,full_cross_league,MLB,Chris Sale,2012,0.5860135921514419,0.39764049649238586,0.03548442316817587
xgboost,NPB,MLB,full_cross_league,MLB,Jake Peavy,2012,2.0740462822173904,0.9253116250038147,1.3195913126835912
xgboost,NPB,MLB,full_cross_league,MLB,Jose Quintana,2012,-0.530010925398019,-0.13431954383850098,0.15657166944048007
xgboost,NPB,MLB,full_cross_league,MLB,Dylan Axelrod,2012,-0.5313129540018269,-0.5870100855827332,0.0031021704663407876
xgboost,NPB,MLB,full_cross_league,MLB,Mat Latos,2012,0.44651052745775904,0.6208891272544861,0.03040789606706709
xgboost,NPB,MLB,full_cross_league,MLB,Homer Bailey,2012,0.3721088929544621,0.9518195390701294,0.3360644332198445
xgboost,NPB,MLB,full_cross_league,MLB,Mike Leake,2012,-0.05384046457691571,0.5709940195083618,0.39041813250211493
xgboost,NPB,MLB,full_cross_league,MLB,Justin Masterson,2012,0.43321123529029504,0.3634504973888397,0.0048665605525555445
xgboost,NPB,MLB,full_cross_league,MLB,Josh Tomlin,2012,-0.5296761180427539,-0.29879075288772583,0.05330805184277067
xgboost,NPB,MLB,full_cross_league,MLB,Zach McAllister,2012,-0.530680540108548,-0.2425890415906906,0.08299671151826464
xgboost,NPB,MLB,full_cross_league,MLB,David Huff,2012,-0.5312013515500721,-0.23869748413562775,0.08555851245240684
xgboost,NPB,MLB,full_cross_league,MLB,Corey Kluber,2012,-0.5315361589053358,-0.4233120381832123,0.011712460306076762
xgboost,NPB,MLB,full_cross_league,MLB,Jhoulys Chacín,2012,-0.0184996881878494,-0.38755953311920166,0.13620516914075376
xgboost,NPB,MLB,full_cross_league,MLB,Roy Oswalt,2012,-0.195203570133181,-0.22432462871074677,8.480360526780174e-4
xgboost,NPB,MLB,full_cross_league,MLB,Chris Volstad,2012,-0.34400683913977503,-0.2776257395744324,0.004406450379503935
xgboost,NPB,MLB,full_cross_league,MLB,Jeff Francis,2012,-0.34400683913977503,0.4331362247467041,0.6039513417468642
xgboost,NPB,MLB,full_cross_league,MLB,Juan Nicasio,2012,-0.531684962174343,-0.5403581857681274,7.52248075077787e-5
xgboost,NPB,MLB,full_cross_league,MLB,Drew Pomeranz,2012,-0.531870966260601,-0.5650212168693542,0.0010989391154231423
xgboost,NPB,MLB,full_cross_league,MLB,Edwar Cabrera,2012,-0.531870966260601,-0.6481452584266663,0.013519711018719495
xgboost,NPB,MLB,full_cross_league,MLB,Tyler Chatwood,2012,-0.531870966260601,-0.6000195741653442,0.004644232759354427
xgboost,NPB,MLB,full_cross_league,MLB,Christian Friedrich,2012,-0.531870966260601,-0.5024211406707764,8.672922272710922e-4
xgboost,NPB,MLB,full_cross_league,MLB,Justin Verlander,2012,4.159949302686,3.974489688873291,0.03439526835555914
xgboost,NPB,MLB,full_cross_league,MLB,Aníbal Sánchez,2012,2.3530524116047493,0.7676729559898376,2.5134280182858335
xgboost,NPB,MLB,full_cross_league,MLB,Max Scherzer,2012,0.627864511559546,1.7623001337051392,1.286944180792859
xgboost,NPB,MLB,full_cross_league,MLB,Rick Porcello,2012,0.3256078713899011,0.3213365077972412,1.8244546940700433e-5
xgboost,NPB,MLB,full_cross_league,MLB,Doug Fister,2012,0.12100337650583301,0.3848345875740051,0.06960690793369836
xgboost,NPB,MLB,full_cross_league,MLB,Drew Smyly,2012,-0.530382933570535,-0.399812787771225,0.01704856297405308
xgboost,NPB,MLB,full_cross_league,MLB,Bud Norris,2012,-0.06500070975241032,0.968977689743042,1.0691113306231772
xgboost,NPB,MLB,full_cross_league,MLB,Érik Bédard,2012,-0.4091082693301611,0.22858592867851257,0.4066538901739255
xgboost,NPB,MLB,full_cross_league,MLB,Philip Humber,2012,-0.4649094952076341,-0.10070423781871796,0.13264546950972664
xgboost,NPB,MLB,full_cross_league,MLB,Lucas Harrell,2012,-0.529880722537638,0.5966066122055054,1.2689737153367109
xgboost,NPB,MLB,full_cross_league,MLB,Alex White,2012,-0.530550337248168,-0.45830100774765015,0.005219965613274403
xgboost,NPB,MLB,full_cross_league,MLB,Jordan Lyles,2012,-0.531870966260601,-0.2817547619342804,0.06255811566660578
xgboost,NPB,MLB,full_cross_league,MLB,Dallas Keuchel,2012,-0.531870966260601,-0.492571085691452,0.0015444806127493764
xgboost,NPB,MLB,full_cross_league,MLB,Jeremy Guthrie,2012,0.9270210216235262,0.74882972240448,0.03175213911737165
xgboost,NPB,MLB,full_cross_league,MLB,Luke Hochevar,2012,0.225165664810449,0.8812083005905151,0.4303919399612566
xgboost,NPB,MLB,full_cross_league,MLB,Felipe Paulino,2012,-0.29750581757521505,-0.02208589017391205,0.07585613640973901
xgboost,NPB,MLB,full_cross_league,MLB,Luis Mendoza,2012,-0.524058794637755,0.8714813590049744,1.9475323204291723
xgboost,NPB,MLB,full_cross_league,MLB,Danny Duffy,2012,-0.529057654455945,-0.5040633082389832,6.247173428133545e-4
xgboost,NPB,MLB,full_cross_league,MLB,Will Smith,2012,-0.530661939699923,-0.5334502458572388,7.774651226924836e-6
xgboost,NPB,MLB,full_cross_league,MLB,Joe Blanton,2012,0.772017678409685,0.7847827076911926,1.6294597255774588e-4
xgboost,NPB,MLB,full_cross_league,MLB,Jason Vargas,2012,0.958021764667928,0.6326515078544617,0.10586580401886103
xgboost,NPB,MLB,full_cross_league,MLB,Tommy Hanson,2012,0.06985225278481619,0.23182463645935059,0.026235053073210578
xgboost,NPB,MLB,full_cross_league,MLB,Zack Greinke,2012,3.9340871447998196,1.0076311826705933,8.564144498281696
xgboost,NPB,MLB,full_cross_league,MLB,Stephen Fife,2012,-0.531405956044956,-0.43356963992118835,0.009571944752669797
xgboost,NPB,MLB,full_cross_league,MLB,Edinson Vólquez,2012,-0.531870966260601,0.8314947485923767,1.8587660724365707
xgboost,NPB,MLB,full_cross_league,MLB,Henderson Alvarez III,2012,-0.5285414931165792,0.08920718729496002,0.381613432150198
xgboost,NPB,MLB,full_cross_league,MLB,Nathan Eovaldi,2012,-0.5296389172255022,-0.2005758285522461,0.10828251632718318
xgboost,NPB,MLB,full_cross_league,MLB,Brad Hand,2012,-0.531870966260601,-0.6882560849189758,0.024456305337793964
xgboost,NPB,MLB,full_cross_league,MLB,Kyle Lohse,2012,1.4230319803135398,2.697275161743164,1.6236956854198903
xgboost,NPB,MLB,full_cross_league,MLB,Marco Estrada,2012,-0.25937497989227515,-0.14273738861083984,0.013604327699935153
xgboost,NPB,MLB,full_cross_league,MLB,Chris Narveson,2012,-0.466769536070216,-0.5062640309333801,0.0015598151244964988
xgboost,NPB,MLB,full_cross_league,MLB,Mark Rogers,2012,-0.531684962174343,-0.240862175822258,0.0845778930615905
xgboost,NPB,MLB,full_cross_league,MLB,Wily Peralta,2012,-0.531870966260601,-0.5007334351539612,9.695458434169649e-4
xgboost,NPB,MLB,full_cross_league,MLB,Kevin Correia,2012,0.30700746276407703,0.9503064155578613,0.4138335426655794
xgboost,NPB,MLB,full_cross_league,MLB,Mike Pelfrey,2012,0.12100337650583301,-0.5378360748291016,0.43406942263531767
xgboost,NPB,MLB,full_cross_league,MLB,Scott Diamond,2012,-0.524430802810271,0.7066282033920288,1.5155062767517937
xgboost,NPB,MLB,full_cross_league,MLB,Vance Worley,2012,-0.525360823241563,0.18954746425151825,0.51109385952629
xgboost,NPB,MLB,full_cross_league,MLB,Liam Hendriks,2012,-0.530010925398019,-0.49399298429489136,0.0012972920813083698
xgboost,NPB,MLB,full_cross_league,MLB,Shaun Marcum,2012,0.12100337650583301,-0.21964293718338013,0.11603991103004982
xgboost,NPB,MLB,full_cross_league,MLB,Dillon Gee,2012,-0.524919063536699,-0.19604182243347168,0.10816023971567033
xgboost,NPB,MLB,full_cross_league,MLB,Jeremy Hefner,2012,-0.5298946728441072,-0.41710978746414185,0.012720430370171919
xgboost,NPB,MLB,full_cross_league,MLB,Matt Harvey,2012,-0.5302434305058421,-0.32021206617355347,0.04411317400328257
xgboost,NPB,MLB,full_cross_league,MLB,Jenrry Mejía,2012,-0.5309548961357792,-0.6234400868415833,0.008553510499888948
xgboost,NPB,MLB,full_cross_league,MLB,Daisuke Matsuzaka,2012,-0.531870966260601,-0.3924407958984375,0.01944077240722195
xgboost,NPB,MLB,full_cross_league,MLB,Hiroki Kuroda,2012,2.16704832534651,2.714909076690674,0.30015140286339165
xgboost,NPB,MLB,full_cross_league,MLB,Andy Pettitte,2012,1.6090360665717802,0.8838822245597839,0.5258480945847592
xgboost,NPB,MLB,full_cross_league,MLB,Phil Hughes,2012,0.7069162482192999,0.4320162832736969,0.07556999072709375
xgboost,NPB,MLB,full_cross_league,MLB,Iván Nova,2012,-0.5159490164768963,1.0105209350585938,2.3301105129407613
xgboost,NPB,MLB,full_cross_league,MLB,Adam Warren,2012,-0.531773314115316,-0.6096058487892151,0.006057903453763699
xgboost,NPB,MLB,full_cross_league,MLB,Cole Hamels,2012,3.8410851016706995,1.3130884170532227,6.390767237436955
xgboost,NPB,MLB,full_cross_league,MLB,John Lannan,2012,-0.15800275288153204,-0.5719180703163147,0.17132589000713688
xgboost,NPB,MLB,full_cross_league,MLB,Aaron Cook,2012,-0.320756328357495,-0.12991131842136383,0.03642181781752201
xgboost,NPB,MLB,full_cross_league,MLB,Francisco Liriano,2012,0.028001333376711398,0.595996618270874,0.32261864366200094
xgboost,NPB,MLB,full_cross_league,MLB,James McDonald,2012,-0.06035060759595421,0.27743440866470337,0.11409871721021272
xgboost,NPB,MLB,full_cross_league,MLB,Jeff Karstens,2012,-0.15800275288153204,0.09886853396892548,0.06598285800821002
xgboost,NPB,MLB,full_cross_league,MLB,Charlie Morton,2012,-0.25100479601065406,-0.5085934996604919,0.066351940248004
xgboost,NPB,MLB,full_cross_league,MLB,Jonathan Sánchez,2012,-0.367257349922056,-0.060456208884716034,0.09412694014181376
xgboost,NPB,MLB,full_cross_league,MLB,Jeanmar Gómez,2012,-0.530010925398019,-0.45584145188331604,0.0055011108014482194
xgboost,NPB,MLB,full_cross_league,MLB,Jeff Locke,2012,-0.530475935613664,-0.6548272967338562,0.015463261012444444
xgboost,NPB,MLB,full_cross_league,MLB,Edinson Vólquez,2012,0.44186042530130304,0.8314947485923767,0.1518149058864929
xgboost,NPB,MLB,full_cross_league,MLB,Clayton Richard,2012,0.35164844346605495,1.086678147315979,0.540268665541707
xgboost,NPB,MLB,full_cross_league,MLB,Jason Marquis,2012,-0.06500070975241032,0.7540690898895264,0.6708753366854824
xgboost,NPB,MLB,full_cross_league,MLB,Tim Stauffer,2012,-0.4370088822688971,-0.6794634461402893,0.058784215542066996
xgboost,NPB,MLB,full_cross_league,MLB,Eric Stults,2012,-0.528597294342456,-0.010471271350979805,0.26845457570096365
xgboost,NPB,MLB,full_cross_league,MLB,Anthony Bass,2012,-0.5293413106874891,-0.53166264295578,5.388583499808569e-6
xgboost,NPB,MLB,full_cross_league,MLB,Tyson Ross,2012,-0.5299179233548901,0.16615617275238037,0.4845191472715536
xgboost,NPB,MLB,full_cross_league,MLB,Joe Wieland,2012,-0.5310711486896911,-0.617673397064209,0.00749994942352169
xgboost,NPB,MLB,full_cross_league,MLB,Casey Kelly,2012,-0.53161056053984,-0.5708476305007935,0.001539547659120755
xgboost,NPB,MLB,full_cross_league,MLB,Félix Hernández,2012,4.027089187928949,1.3113157749176025,7.375425230819297
xgboost,NPB,MLB,full_cross_league,MLB,Hisashi Iwakuma,2012,0.679015635280563,0.3181336224079132,0.13023582721501534
xgboost,NPB,MLB,full_cross_league,MLB,Joe Saunders,2012,0.5860135921514419,0.5798649191856384,3.78061792404023e-5
xgboost,NPB,MLB,full_cross_league,MLB,Blake Beavan,2012,-0.5287646980200891,0.16975237429141998,0.487926100310642
xgboost,NPB,MLB,full_cross_league,MLB,Erasmo Ramírez,2012,-0.531870966260601,-0.6309183239936829,0.009810379073905083
xgboost,NPB,MLB,full_cross_league,MLB,Héctor Noesí,2012,-0.531870966260601,0.06622686982154846,0.35772102152614976
xgboost,NPB,MLB,full_cross_league,MLB,Matt Cain,2012,3.5620789722833397,1.2991795539855957,5.120713777332268
xgboost,NPB,MLB,full_cross_league,MLB,Madison Bumgarner,2012,0.679015635280563,0.498587429523468,0.03255433743272459
xgboost,NPB,MLB,full_cross_league,MLB,Yusmeiro Petit,2012,-0.531870966260601,-0.6304494738578796,0.009717722160106714
xgboost,NPB,MLB,full_cross_league,MLB,Jake Westbrook,2012,1.19052687249073,1.3096131086349487,0.014181531638996608
xgboost,NPB,MLB,full_cross_league,MLB,Lance Lynn,2012,-0.527592872276662,1.0048274993896484,2.3483121954979125
xgboost,NPB,MLB,full_cross_league,MLB,Joe Kelly,2012,-0.5313129540018269,-0.5470868945121765,2.488171992240494e-4
xgboost,NPB,MLB,full_cross_league,MLB,David Price,2012,1.2579533537593497,0.822120189666748,0.18995054692296864
xgboost,NPB,MLB,full_cross_league,MLB,Roberto Hernández,2012,-0.0184996881878494,-0.32884034514427185,0.09631132336014386
xgboost,NPB,MLB,full_cross_league,MLB,Jeff Niemann,2012,-0.06500070975241032,-0.42614296078681946,0.13042372548220016
xgboost,NPB,MLB,full_cross_league,MLB,Jeremy Hellickson,2012,-0.5294529131392439,-0.0010187916923314333,0.2792426207093703
xgboost,NPB,MLB,full_cross_league,MLB,Alex Cobb,2012,-0.5296017164082512,0.270635724067688,0.6403799611394823
xgboost,NPB,MLB,full_cross_league,MLB,Chris Archer,2012,-0.531870966260601,-0.5140920281410217,3.160906406598304e-4
xgboost,NPB,MLB,full_cross_league,MLB,Jake Odorizzi,2012,-0.531870966260601,-0.6501049399375916,0.013979272531451285
xgboost,NPB,MLB,full_cross_league,MLB,Matt Harrison,2012,1.4230319803135398,0.2565268576145172,1.3607342012830619
xgboost,NPB,MLB,full_cross_league,MLB,Neftalí Feliz,2012,-0.08360111837823461,-0.5412362813949585,0.20942994242934346
xgboost,NPB,MLB,full_cross_league,MLB,Colby Lewis,2012,-0.25100479601065406,1.3139606714248657,2.449116914265675
xgboost,NPB,MLB,full_cross_league,MLB,Martín Pérez,2012,-0.5314989580880851,-0.5704632997512817,0.00151821992124632
xgboost,NPB,MLB,full_cross_league,MLB,Travis Blackley,2012,-0.531870966260601,0.4194325804710388,0.9049784380241973
xgboost,NPB,MLB,full_cross_league,MLB,J.A. Happ,2012,0.0652021506283601,0.998616635799408,0.8712626011271323
xgboost,NPB,MLB,full_cross_league,MLB,Kyle Drabek,2012,-0.530103927441148,-0.30381980538368225,0.05120450389531805
xgboost,NPB,MLB,full_cross_league,MLB,Drew Hutchison,2012,-0.5312757531845752,-0.6046110391616821,0.005378064169344055
xgboost,NPB,MLB,full_cross_league,MLB,Todd Redmond,2012,-0.531870966260601,-0.5997642278671265,0.004609494971572099
xgboost,NPB,MLB,full_cross_league,MLB,Dan Haren,2012,1.79504015283002,1.0201386213302612,0.6004723835206716
xgboost,NPB,MLB,full_cross_league,MLB,Jordan Zimmermann,2012,0.3721088929544621,1.3926653861999512,1.0415355559055302
xgboost,NPB,MLB,full_cross_league,MLB,Ross Detwiler,2012,-0.18822841689849704,-0.1988408863544464,1.1262450795345843e-4
xgboost,NPB,MLB,full_cross_league,MLB,Chris Young,2012,-0.25100479601065406,0.988393247127533,1.5361075093347674
xgboost,NPB,MLB,full_cross_league,MLB,Ross Ohlendorf,2012,-0.531870966260601,-0.12920166552066803,0.16214256575838662
xgboost,NPB,MLB,full_cross_league,MLB,Bronson Arroyo,2013,1.56253504500722,1.3861687183380127,0.03110508118278953
xgboost,NPB,MLB,full_cross_league,MLB,Wade Miley,2013,-0.52563982937095,0.3708111345767975,0.8036243307628457
xgboost,NPB,MLB,full_cross_league,MLB,Patrick Corbin,2013,-0.527220864104145,-0.09911680966615677,0.18327308142624402
xgboost,NPB,MLB,full_cross_league,MLB,Randall Delgado,2013,-0.528150884535436,-0.31508588790893555,0.045396692787450656
xgboost,NPB,MLB,full_cross_league,MLB,Scott Kazmir,2013,1.4230319803135398,1.1859776973724365,0.05619473306072066
xgboost,NPB,MLB,full_cross_league,MLB,Tommy Milone,2013,-0.528150884535436,-0.08381374180316925,0.19743549641147481
xgboost,NPB,MLB,full_cross_league,MLB,Drew Pomeranz,2013,-0.5290809049667279,-0.6680446863174438,0.019310932527289593
xgboost,NPB,MLB,full_cross_league,MLB,Dan Straily,2013,-0.5290809049667279,-0.1688164323568344,0.12979049022488467
xgboost,NPB,MLB,full_cross_league,MLB,A.J. Griffin,2013,-0.5290809049667279,0.6211865544319153,1.323115228151409
xgboost,NPB,MLB,full_cross_league,MLB,Sonny Gray,2013,-0.529545915182373,-0.44489890336990356,0.0071651166087803465
xgboost,NPB,MLB,full_cross_league,MLB,Jarrod Parker,2013,-0.530010925398019,0.96510910987854,2.235383919885379
xgboost,NPB,MLB,full_cross_league,MLB,Julio Teheran,2013,0.38140909726737404,0.9823170304298401,0.3610903441375868
xgboost,NPB,MLB,full_cross_league,MLB,Ervin Santana,2013,1.9996446477140895,0.5666754841804504,2.053400623638297
xgboost,NPB,MLB,full_cross_league,MLB,Kris Medlen,2013,0.4558107317706711,0.47862112522125244,5.203140493703238e-4
xgboost,NPB,MLB,full_cross_league,MLB,Gavin Floyd,2013,0.12100337650583301,-0.2245534360408783,0.11940951069744299
xgboost,NPB,MLB,full_cross_league,MLB,Mike Minor,2013,0.0931027635670966,0.9036755561828613,0.6570282521289196
xgboost,NPB,MLB,full_cross_league,MLB,Brandon Beachy,2013,-0.353307043452688,-0.25935161113739014,0.008827623261554516
xgboost,NPB,MLB,full_cross_league,MLB,Freddy García,2013,-0.390507860704336,0.18890756368637085,0.3357222340218629
xgboost,NPB,MLB,full_cross_league,MLB,Aaron Harang,2013,-0.4370088822688971,1.0777281522750854,2.2944282838190984
xgboost,NPB,MLB,full_cross_league,MLB,David Hale,2013,-0.529545915182373,-0.6750227212905884,0.02116350111544728
xgboost,NPB,MLB,full_cross_league,MLB,Ubaldo Jiménez,2013,1.7020381097009,1.899674892425537,0.03906029788574539
xgboost,NPB,MLB,full_cross_league,MLB,Bud Norris,2013,0.36280868864155,0.24632571637630463,0.013568282827745928
xgboost,NPB,MLB,full_cross_league,MLB,Alfredo Aceves,2013,-0.39980806501724814,-0.40143224596977234,2.6379637665424217e-6
xgboost,NPB,MLB,full_cross_league,MLB,Chris Tillman,2013,-0.52145473743014,0.5542051792144775,1.1570442562759053
xgboost,NPB,MLB,full_cross_league,MLB,Miguel González,2013,-0.52461680689653,0.4638671576976776,0.9771005482598827
xgboost,NPB,MLB,full_cross_league,MLB,Zack Britton,2013,-0.5260118375434671,-0.5522844195365906,6.902485645853937e-4
xgboost,NPB,MLB,full_cross_league,MLB,Chris Capuano,2013,-0.20450377444609302,0.4498318135738373,0.42815506174938794
xgboost,NPB,MLB,full_cross_league,MLB,Félix Doubront,2013,-0.51401457397981,-0.10831639915704727,0.16459100905452093
xgboost,NPB,MLB,full_cross_league,MLB,Allen Webster,2013,-0.530010925398019,-0.628467321395874,0.009693661912886448
xgboost,NPB,MLB,full_cross_league,MLB,Jason Hammel,2013,0.49301154902232,-0.1301761269569397,0.38836287949243065
xgboost,NPB,MLB,full_cross_league,MLB,Jeff Samardzija,2013,0.37117887252317,1.3185993432998657,0.8976055484467359
xgboost,NPB,MLB,full_cross_league,MLB,Travis Wood,2013,0.10240296788000901,0.13596923649311066,0.0011266943886068929
xgboost,NPB,MLB,full_cross_league,MLB,James McDonald,2013,-0.4370088822688971,-0.3577519953250885,0.0062816541280236605
xgboost,NPB,MLB,full_cross_league,MLB,Jake Arrieta,2013,-0.5217337435595271,-0.32236605882644653,0.03974747371582899
xgboost,NPB,MLB,full_cross_league,MLB,Justin Grimm,2013,-0.5289879029235981,-0.4254371225833893,0.010722764109066177
xgboost,NPB,MLB,full_cross_league,MLB,Chris Rusin,2013,-0.529359911096115,-0.4841511845588684,0.002043828955119546
xgboost,NPB,MLB,full_cross_league,MLB,Jose Quintana,2013,0.36280868864155,0.058287620544433594,0.09273308091500862
xgboost,NPB,MLB,full_cross_league,MLB,Jose Quintana,2013,-0.520710721085107,0.058287620544433594,0.3352390796097582
xgboost,NPB,MLB,full_cross_league,MLB,Erik Johnson,2013,-0.530010925398019,-0.4807418882846832,0.002427438018075255
xgboost,NPB,MLB,full_cross_league,MLB,Eric Surkamp,2013,-0.530010925398019,-0.488582581281662,0.0017163076962232904
xgboost,NPB,MLB,full_cross_league,MLB,André Rienzo,2013,-0.530010925398019,-0.5988799929618835,0.004742948467116143
xgboost,NPB,MLB,full_cross_league,MLB,Dylan Axelrod,2013,-0.530010925398019,0.3452514708042145,0.7660842622056755
xgboost,NPB,MLB,full_cross_league,MLB,Homer Bailey,2013,2.6320585409921198,0.7058458924293518,3.7102951674831934
xgboost,NPB,MLB,full_cross_league,MLB,Mike Leake,2013,0.479061242552952,1.1164692640304565,0.40628898584386686
xgboost,NPB,MLB,full_cross_league,MLB,Chien-Ming Wang,2013,-0.390507860704336,-0.197800412774086,0.037136160487790025
xgboost,NPB,MLB,full_cross_league,MLB,Tony Cingrani,2013,-0.5276858743197912,-0.44975581765174866,0.006073093732284321
xgboost,NPB,MLB,full_cross_league,MLB,Jair Jurrjens,2013,-0.530010925398019,-0.631988525390625,0.010399430900251961
xgboost,NPB,MLB,full_cross_league,MLB,Pedro Villarreal,2013,-0.530010925398019,-0.6423560380935669,0.012621424346575363
xgboost,NPB,MLB,full_cross_league,MLB,David Holmberg,2013,-0.530010925398019,-0.6708476543426514,0.019834984219823857
xgboost,NPB,MLB,full_cross_league,MLB,Justin Masterson,2013,1.1928519235689603,1.5996251106262207,0.16546442570872097
xgboost,NPB,MLB,full_cross_league,MLB,Shaun Marcum,2013,-0.4370088822688971,0.08729083836078644,0.2748901970523642
xgboost,NPB,MLB,full_cross_league,MLB,Corey Kluber,2013,-0.5274068681904029,0.11507656425237656,0.4127849609634556
xgboost,NPB,MLB,full_cross_league,MLB,Zach McAllister,2013,-0.529173907009857,-0.12504680454730988,0.16331871494477407
xgboost,NPB,MLB,full_cross_league,MLB,Danny Salazar,2013,-0.5297319192686311,-0.2920058071613312,0.05651370437765251
xgboost,NPB,MLB,full_cross_league,MLB,Juan Nicasio,2013,-0.24635469385419803,0.19609777629375458,0.19576418834002493
xgboost,NPB,MLB,full_cross_league,MLB,Tyler Chatwood,2013,-0.5296389172255022,0.1140577420592308,0.4143453891743256
xgboost,NPB,MLB,full_cross_league,MLB,Jordan Lyles,2013,-0.5296389172255022,-0.3405956029891968,0.0357373746574465
xgboost,NPB,MLB,full_cross_league,MLB,Chris Capuano,2013,-0.530010925398019,0.4498318135738373,0.9600917931158692
xgboost,NPB,MLB,full_cross_league,MLB,Chad Bettis,2013,-0.530010925398019,-0.6264121532440186,0.009293196730216325
xgboost,NPB,MLB,full_cross_league,MLB,Max Scherzer,2013,2.2647004706320906,2.2374367713928223,7.433092962092789e-4
xgboost,NPB,MLB,full_cross_league,MLB,Rick Porcello,2013,0.958021764667928,0.5078940987586975,0.20261491561689182
xgboost,NPB,MLB,full_cross_league,MLB,Scott Feldman,2013,1.23702789405529,0.5949784517288208,0.41222748639172996
xgboost,NPB,MLB,full_cross_league,MLB,Lucas Harrell,2013,-0.5282066857613138,1.0307254791259766,2.430269494720174
xgboost,NPB,MLB,full_cross_league,MLB,Dallas Keuchel,2013,-0.5283926898475719,-0.10189858824014664,0.18189721870592482
xgboost,NPB,MLB,full_cross_league,MLB,Brad Peacock,2013,-0.5292111078271079,-0.5125223994255066,2.78512988113678e-4
xgboost,NPB,MLB,full_cross_league,MLB,Brett Oberholtzer,2013,-0.5293413106874891,-0.45254161953926086,0.005898192560463251
xgboost,NPB,MLB,full_cross_league,MLB,Jarred Cosart,2013,-0.530010925398019,-0.6111302971839905,0.00658035247895067
xgboost,NPB,MLB,full_cross_league,MLB,Collin McHugh,2013,-0.530010925398019,-0.5626605153083801,0.001065995721314757
xgboost,NPB,MLB,full_cross_league,MLB,Jason Vargas,2013,0.8650197215388071,0.9184916019439697,0.002859241994064012
xgboost,NPB,MLB,full_cross_league,MLB,Danny Duffy,2013,-0.5251748191553051,-0.5787624716758728,0.0028716365026651104
xgboost,NPB,MLB,full_cross_league,MLB,Yordano Ventura,2013,-0.5299179233548901,-0.6107712984085083,0.006537268257561054
xgboost,NPB,MLB,full_cross_league,MLB,Héctor Santiago,2013,-0.524430802810271,-0.2578008472919464,0.07109153317970375
xgboost,NPB,MLB,full_cross_league,MLB,Tyler Skaggs,2013,-0.529592416203938,-0.5987087488174438,0.004777067433940766
xgboost,NPB,MLB,full_cross_league,MLB,Matt Shoemaker,2013,-0.5299179233548901,-0.5767016410827637,0.002188716244441354
xgboost,NPB,MLB,full_cross_league,MLB,Clayton Kershaw,2013,5.089969733977221,1.1220229864120483,15.744601391513033
xgboost,NPB,MLB,full_cross_league,MLB,Paul Maholm,2013,-0.34400683913977503,0.7019569873809814,1.0940403263899432
xgboost,NPB,MLB,full_cross_league,MLB,Dan Haren,2013,-0.4370088822688971,0.9599793553352356,1.9515761360043007
xgboost,NPB,MLB,full_cross_league,MLB,Kevin Slowey,2013,-0.47420969952054604,-0.3535568118095398,0.014557119313004682
xgboost,NPB,MLB,full_cross_league,MLB,José Fernández,2013,-0.504900373753156,0.7187818288803101,1.4973981330418913
xgboost,NPB,MLB,full_cross_league,MLB,Henderson Alvarez III,2013,-0.5252864216070589,-0.34426748752593994,0.032767854495864474
xgboost,NPB,MLB,full_cross_league,MLB,Nathan Eovaldi,2013,-0.526848855931629,-0.4981359839439392,8.244290177814611e-4
xgboost,NPB,MLB,full_cross_league,MLB,Tom Koehler,2013,-0.527220864104145,-0.08972185105085373,0.19140538642260396
xgboost,NPB,MLB,full_cross_league,MLB,Brian Flynn,2013,-0.530010925398019,-0.599730908870697,0.0048608760954305
xgboost,NPB,MLB,full_cross_league,MLB,Matt Garza,2013,1.7020381097009,0.279447078704834,2.0237652414704503
xgboost,NPB,MLB,full_cross_league,MLB,Marco Estrada,2013,-0.004549381718481162,-0.05348443612456322,0.002394639549726211
xgboost,NPB,MLB,full_cross_league,MLB,Wily Peralta,2013,-0.527220864104145,0.6353746056556702,1.351628226306045
xgboost,NPB,MLB,full_cross_league,MLB,Johnny Hellweg,2013,-0.530010925398019,-0.3481943607330322,0.033057263186577306
xgboost,NPB,MLB,full_cross_league,MLB,Ricky Nolasco,2013,1.65553708813634,0.7747753858566284,0.7757411762026554
xgboost,NPB,MLB,full_cross_league,MLB,Phil Hughes,2013,0.8650197215388071,0.4890427887439728,0.1413586539938114
xgboost,NPB,MLB,full_cross_league,MLB,Mike Pelfrey,2013,0.400009505893198,0.27107635140419006,0.01662375832648639
xgboost,NPB,MLB,full_cross_league,MLB,Scott Diamond,2013,-0.5221057517320429,-0.14924152195453644,0.1390277338475731
xgboost,NPB,MLB,full_cross_league,MLB,Vance Worley,2013,-0.5248958130259171,-0.5030254125595093,4.7831441656105353e-4
xgboost,NPB,MLB,full_cross_league,MLB,Kyle Gibson,2013,-0.529545915182373,-0.47330209612846375,0.00316336718176889
xgboost,NPB,MLB,full_cross_league,MLB,Bartolo Colon,2013,1.23702789405529,1.731571078300476,0.24457296108336815
xgboost,NPB,MLB,full_cross_league,MLB,Dillon Gee,2013,0.05125184415899191,0.37903571128845215,0.10744226355034364
xgboost,NPB,MLB,full_cross_league,MLB,John Lannan,2013,-0.34400683913977503,-0.4971005916595459,0.023437697060584847
xgboost,NPB,MLB,full_cross_league,MLB,Daisuke Matsuzaka,2013,-0.34400683913977503,-0.02138436771929264,0.10408525906545998
xgboost,NPB,MLB,full_cross_league,MLB,Matt Harvey,2013,-0.5213384848762278,0.3376851975917816,0.7379216870408994
xgboost,NPB,MLB,full_cross_league,MLB,Zack Wheeler,2013,-0.5277091248305731,-0.3467678725719452,0.03273973676892041
xgboost,NPB,MLB,full_cross_league,MLB,Jenrry Mejía,2013,-0.52821133586347,-0.6307874321937561,0.01052185553836013
xgboost,NPB,MLB,full_cross_league,MLB,Hiroki Kuroda,2013,2.3530524116047493,1.814404845237732,0.2901412007531104
xgboost,NPB,MLB,full_cross_league,MLB,Iván Nova,2013,-0.009199483874937249,0.11457188427448273,0.015319351573579252
xgboost,NPB,MLB,full_cross_league,MLB,Alfredo Aceves,2013,-0.39980806501724814,-0.40143224596977234,2.6379637665424217e-6
xgboost,NPB,MLB,full_cross_league,MLB,David Phelps,2013,-0.5223057061247711,-0.26666685938835144,0.06535121996072667
xgboost,NPB,MLB,full_cross_league,MLB,A.J. Burnett,2013,1.4695330018780999,1.768282413482666,0.08925121093407448
xgboost,NPB,MLB,full_cross_league,MLB,Miguel González,2013,0.12100337650583301,0.4638671576976776,0.11755557245316907
xgboost,NPB,MLB,full_cross_league,MLB,Kyle Kendrick,2013,0.8045683935048781,0.9390588998794556,0.01808769630489027
xgboost,NPB,MLB,full_cross_league,MLB,Roberto Hernández,2013,0.214005419634955,0.9652624726295471,0.5643871596741193
xgboost,NPB,MLB,full_cross_league,MLB,Jonathan Pettibone,2013,-0.530010925398019,-0.39854633808135986,0.017282937718339487
xgboost,NPB,MLB,full_cross_league,MLB,Ethan Martin,2013,-0.530010925398019,-0.5513684153556824,4.56142377291693e-4
xgboost,NPB,MLB,full_cross_league,MLB,Charlie Morton,2013,0.679015635280563,0.2608571946620941,0.17485648146046953
xgboost,NPB,MLB,full_cross_league,MLB,Edinson Vólquez,2013,0.30700746276407703,0.5211588144302368,0.045860801420443235
xgboost,NPB,MLB,full_cross_league,MLB,Jeff Locke,2013,-0.527592872276662,-0.04719439893960953,0.23078269318457068
xgboost,NPB,MLB,full_cross_league,MLB,Gerrit Cole,2013,-0.5276858743197912,-0.5779111385345459,0.0025225771654419195
xgboost,NPB,MLB,full_cross_league,MLB,Brandon Cumpton,2013,-0.5287088967942111,-0.5088764429092407,3.933262270994754e-4
xgboost,NPB,MLB,full_cross_league,MLB,Phil Irwin,2013,-0.530010925398019,-0.6251184940338135,0.009045449611812362
xgboost,NPB,MLB,full_cross_league,MLB,Ian Kennedy,2013,0.5116119576481442,0.45064932107925415,0.003716443057430565
xgboost,NPB,MLB,full_cross_league,MLB,Eric Stults,2013,-0.11150173131697101,1.2162680625915527,1.7629726256158837
xgboost,NPB,MLB,full_cross_league,MLB,Andrew Cashner,2013,-0.17660316150735603,0.2754592001438141,0.2043603788216333
xgboost,NPB,MLB,full_cross_league,MLB,Robbie Erlin,2013,-0.529173907009857,-0.39606013894081116,0.01771927524953973
xgboost,NPB,MLB,full_cross_league,MLB,Burch Smith,2013,-0.530010925398019,-0.4764896631240845,0.0028645255153952843
xgboost,NPB,MLB,full_cross_league,MLB,Erasmo Ramírez,2013,-0.5278160771801721,-0.4042722284793854,0.01526308255180288
xgboost,NPB,MLB,full_cross_league,MLB,Brandon Maurer,2013,-0.529155306601231,-0.629888653755188,0.010147207228839614
xgboost,NPB,MLB,full_cross_league,MLB,James Paxton,2013,-0.529359911096115,-0.48582732677459717,0.001895085897710062
xgboost,NPB,MLB,full_cross_league,MLB,Taijuan Walker,2013,-0.5295645155909989,-0.42851072549819946,0.010211868492119575
xgboost,NPB,MLB,full_cross_league,MLB,Tim Lincecum,2013,2.6320585409921198,1.5837836265563965,1.098880296235223
xgboost,NPB,MLB,full_cross_league,MLB,Tim Hudson,2013,1.51603402344266,0.8870677947998047,0.39559851677321645
xgboost,NPB,MLB,full_cross_league,MLB,Ryan Vogelsong,2013,0.30700746276407703,0.4084460139274597,0.010289779662126207
xgboost,NPB,MLB,full_cross_league,MLB,Yusmeiro Petit,2013,-0.465839515638925,-0.1318691372871399,0.1115362136164345
xgboost,NPB,MLB,full_cross_league,MLB,Adam Wainwright,2013,3.00406671350861,3.499218702316284,0.24517549202019523
xgboost,NPB,MLB,full_cross_league,MLB,Lance Lynn,2013,-0.52350078237898,0.5897061228752136,1.2392296139056196
xgboost,NPB,MLB,full_cross_league,MLB,Shelby Miller,2013,-0.5261048395865962,0.19924555718898773,0.5261331981024969
xgboost,NPB,MLB,full_cross_league,MLB,Michael Wacha,2013,-0.528150884535436,-0.6172232627868652,0.00793388856736568
xgboost,NPB,MLB,full_cross_league,MLB,Tyler Lyons,2013,-0.530010925398019,-0.5090274810791016,4.403049354851073e-4
xgboost,NPB,MLB,full_cross_league,MLB,Chris Archer,2013,0.16750439807039405,-0.13405850529670715,0.09094018468719564
xgboost,NPB,MLB,full_cross_league,MLB,David Price,2013,1.9810442390882699,0.9689778685569763,1.0242783383603855
xgboost,NPB,MLB,full_cross_league,MLB,Jeremy Hellickson,2013,0.05125184415899191,-0.05576125904917717,0.011451804258242246
xgboost,NPB,MLB,full_cross_league,MLB,Érik Bédard,2013,-0.4091082693301611,0.14514391124248505,0.30719547966953314
xgboost,NPB,MLB,full_cross_league,MLB,Alex Cobb,2013,-0.526867456340254,-0.011971106752753258,0.2651182508185338
xgboost,NPB,MLB,full_cross_league,MLB,Chris Archer,2013,-0.527927679631926,-0.13405850529670715,0.155132926491507
xgboost,NPB,MLB,full_cross_league,MLB,Jake Odorizzi,2013,-0.5294343127306179,-0.5834261775016785,0.002915121461456489
xgboost,NPB,MLB,full_cross_league,MLB,Alex Colomé,2013,-0.530010925398019,-0.5986388325691223,0.004709789642685577
xgboost,NPB,MLB,full_cross_league,MLB,Enny Romero,2013,-0.530010925398019,-0.6838214993476868,0.023657692658726224
xgboost,NPB,MLB,full_cross_league,MLB,Nate Karns,2013,-0.530010925398019,-0.5843046307563782,0.002947806441540323
xgboost,NPB,MLB,full_cross_league,MLB,Martín Pérez,2013,-0.041750198970129805,-0.27750450372695923,0.055580092211376005
xgboost,NPB,MLB,full_cross_league,MLB,Alexi Ogando,2013,-0.13475224209925202,0.24963432550430298,0.14775303335404236
xgboost,NPB,MLB,full_cross_league,MLB,Tommy Hanson,2013,-0.25100479601065406,-0.5683704614639282,0.10072096560859954
xgboost,NPB,MLB,full_cross_league,MLB,Scott Baker,2013,-0.4370088822688971,-0.20355470478534698,0.054500852984520926
xgboost,NPB,MLB,full_cross_league,MLB,Nick Tepesch,2013,-0.529067698676603,-0.516411542892456,1.6017827923259546e-4
xgboost,NPB,MLB,full_cross_league,MLB,Joe Saunders,2013,-0.530010925398019,0.6124030947685242,1.3051097934730829
xgboost,NPB,MLB,full_cross_league,MLB,R.A. Dickey,2013,1.7020381097009,2.4039881229400635,0.4927338210864617
xgboost,NPB,MLB,full_cross_league,MLB,J.A. Happ,2013,0.38140909726737404,-0.24938981235027313,0.3979072643748126
xgboost,NPB,MLB,full_cross_league,MLB,Todd Redmond,2013,-0.528950702106347,-0.3487505316734314,0.032472101424051825
xgboost,NPB,MLB,full_cross_league,MLB,Liam Hendriks,2013,-0.530010925398019,-0.6176181435585022,0.007675024673818502
xgboost,NPB,MLB,full_cross_league,MLB,Sean Nolin,2013,-0.530010925398019,-0.6236361861228943,0.00876568944580088
xgboost,NPB,MLB,full_cross_league,MLB,Jordan Zimmermann,2013,1.6090360665717802,1.355025053024292,0.06452159500342225
xgboost,NPB,MLB,full_cross_league,MLB,Doug Fister,2013,0.7162164525322119,2.038376569747925,1.7481073755558678
xgboost,NPB,MLB,full_cross_league,MLB,Stephen Strasburg,2013,0.11635327434937699,0.89104825258255,0.6001523092996964
xgboost,NPB,MLB,full_cross_league,MLB,Ross Detwiler,2013,-0.06500070975241032,-0.2556460499763489,0.036345645749101284
xgboost,NPB,MLB,full_cross_league,MLB,Taylor Jordan,2013,-0.5292111078271079,-0.5746661424636841,0.002066160173812341
xgboost,NPB,MLB,full_cross_league,MLB,Jeremy Hellickson,2014,0.17215450022684997,-0.4987388849258423,0.4500979342416387
xgboost,NPB,MLB,full_cross_league,MLB,Rubby De La Rosa,2014,-0.527034860017887,-0.4577665627002716,0.004798097013281566
xgboost,NPB,MLB,full_cross_league,MLB,Chase Anderson,2014,-0.5276858743197912,-0.21286024153232574,0.09911517906002804
xgboost,NPB,MLB,full_cross_league,MLB,Robbie Ray,2014,-0.5284298906648242,-0.5893438458442688,0.003710509935603391
xgboost,NPB,MLB,full_cross_league,MLB,Allen Webster,2014,-0.5286158947510821,-0.4601922333240509,0.004681797443080992
xgboost,NPB,MLB,full_cross_league,MLB,Jhoulys Chacín,2014,-0.5286158947510821,-0.5101823806762695,3.397944411463116e-4
xgboost,NPB,MLB,full_cross_league,MLB,Andrew Chafin,2014,-0.5286158947510821,-0.6158546209335327,0.007610595345936601
xgboost,NPB,MLB,full_cross_league,MLB,Jesse Chavez,2014,-0.223104183071917,0.22695043683052063,0.20254916089552766
xgboost,NPB,MLB,full_cross_league,MLB,Drew Pomeranz,2014,-0.5267558538885002,-0.41473862528800964,0.012547859503334563
xgboost,NPB,MLB,full_cross_league,MLB,Sonny Gray,2014,-0.5276858743197912,0.8995797038078308,2.037087030507975
xgboost,NPB,MLB,full_cross_league,MLB,Chris Bassitt,2014,-0.5286158947510821,-0.48759540915489197,0.0016826802385472388
xgboost,NPB,MLB,full_cross_league,MLB,Brad Mills,2014,-0.5286158947510821,-0.5098153948783875,3.5345879546319e-4
xgboost,NPB,MLB,full_cross_league,MLB,Jesse Hahn,2014,-0.5286158947510821,-0.3498631715774536,0.03195253604198785
xgboost,NPB,MLB,full_cross_league,MLB,Mike Minor,2014,0.418609914519023,-0.018598563969135284,0.1911512536619304
xgboost,NPB,MLB,full_cross_league,MLB,Eric Stults,2014,-0.25100479601065406,1.6602412462234497,3.6528614339555254
xgboost,NPB,MLB,full_cross_league,MLB,Shelby Miller,2014,-0.52350078237898,0.35022836923599243,0.7634026303818195
xgboost,NPB,MLB,full_cross_league,MLB,Alex Wood,2014,-0.5262908436728541,-0.18437747657299042,0.11690475060156612
xgboost,NPB,MLB,full_cross_league,MLB,Edwin Jackson,2014,-0.5286158947510821,0.13067737221717834,0.4346676118696819
xgboost,NPB,MLB,full_cross_league,MLB,Bud Norris,2014,1.0138229905453997,0.8968935608863831,0.013672491520382923
xgboost,NPB,MLB,full_cross_league,MLB,Chris Tillman,2014,0.17959466367718002,0.45492395758628845,0.07580622008448822
xgboost,NPB,MLB,full_cross_league,MLB,Miguel González,2014,-0.013849586031393302,0.662384569644928,0.45729263330326714
xgboost,NPB,MLB,full_cross_league,MLB,Kevin Gausman,2014,-0.525918835500337,-0.22691689431667328,0.08940216083159912
xgboost,NPB,MLB,full_cross_league,MLB,Wade Miley,2014,0.570513313631283,0.7134638428688049,0.020434853809287615
xgboost,NPB,MLB,full_cross_league,MLB,Rick Porcello,2014,1.7020381097009,0.9439322352409363,0.5747245168907064
xgboost,NPB,MLB,full_cross_league,MLB,Joe Kelly,2014,-0.51085250451342,-0.26697030663490295,0.05947852644205615
xgboost,NPB,MLB,full_cross_league,MLB,Brandon Workman,2014,-0.5226637639908179,-0.5261536240577698,1.2179123286905131e-5
xgboost,NPB,MLB,full_cross_league,MLB,Jon Lester,2014,4.182092531142789,4.1941704750061035,1.4587672796537128e-4
xgboost,NPB,MLB,full_cross_league,MLB,Jason Hammel,2014,1.23702789405529,0.5987054705619812,0.40745551633437094
xgboost,NPB,MLB,full_cross_league,MLB,Travis Wood,2014,0.43442026185097316,0.2854841649532318,0.0221819609591334
xgboost,NPB,MLB,full_cross_league,MLB,Tsuyoshi Wada,2014,0.12100337650583301,-0.17729973793029785,0.0889847480822954
xgboost,NPB,MLB,full_cross_league,MLB,Jake Arrieta,2014,0.0521818645902831,2.5043416023254395,6.013087379369352
xgboost,NPB,MLB,full_cross_league,MLB,Félix Doubront,2014,-0.26495510248002196,-0.4054689109325409,0.01974413036583118
xgboost,NPB,MLB,full_cross_league,MLB,Kyle Hendricks,2014,-0.528150884535436,-0.19714802503585815,0.10956289299689728
xgboost,NPB,MLB,full_cross_league,MLB,Dallas Beeler,2014,-0.5285228927079528,-0.6696076989173889,0.019904922543154135
xgboost,NPB,MLB,full_cross_league,MLB,Trevor Cahill,2014,-0.5286158947510821,0.32199862599372864,0.723545062901924
xgboost,NPB,MLB,full_cross_league,MLB,Jeff Samardzija,2014,1.19982707680364,0.9149537086486816,0.08115283588395049
xgboost,NPB,MLB,full_cross_league,MLB,Héctor Noesí,2014,-0.260305000323566,0.4763370752334595,0.5426415474809625
xgboost,NPB,MLB,full_cross_league,MLB,Erik Johnson,2014,-0.528150884535436,-0.3803556263446808,0.021843438343672
xgboost,NPB,MLB,full_cross_league,MLB,Scott Carroll,2014,-0.5286158947510821,-0.09406086802482605,0.18883807125305707
xgboost,NPB,MLB,full_cross_league,MLB,Mike Leake,2014,1.19517697464719,1.092894434928894,0.010461717931224806
xgboost,NPB,MLB,full_cross_league,MLB,Tony Cingrani,2014,-0.525267821198434,-0.6110461950302124,0.007357929417224332
xgboost,NPB,MLB,full_cross_league,MLB,David Holmberg,2014,-0.5286158947510821,-0.6338807344436646,0.01108068647550509
xgboost,NPB,MLB,full_cross_league,MLB,Dylan Axelrod,2014,-0.5286158947510821,-0.17531047761440277,0.12482471777812296
xgboost,NPB,MLB,full_cross_league,MLB,Corey Kluber,2014,0.809218495661334,2.059849500656128,1.5640779106542884
xgboost,NPB,MLB,full_cross_league,MLB,Gavin Floyd,2014,0.12100337650583301,-0.23181334137916565,0.12447963641914275
xgboost,NPB,MLB,full_cross_league,MLB,Trevor Bauer,2014,-0.262165041186148,-0.14040158689022064,0.014826338802076384
xgboost,NPB,MLB,full_cross_league,MLB,Josh Tomlin,2014,-0.34400683913977503,0.17290766537189484,0.2672006049745452
xgboost,NPB,MLB,full_cross_league,MLB,Bruce Chen,2014,-0.4370088822688971,0.7723309397697449,1.4625028051684543
xgboost,NPB,MLB,full_cross_league,MLB,Corey Kluber,2014,-0.511224512685936,2.059849500656128,6.610421582082867
xgboost,NPB,MLB,full_cross_league,MLB,Zach McAllister,2014,-0.5262164420383509,-0.36937928199768066,0.024597894769622822
xgboost,NPB,MLB,full_cross_league,MLB,Danny Salazar,2014,-0.5286158947510821,-0.3244682252407074,0.04167627096651716
xgboost,NPB,MLB,full_cross_league,MLB,Jhoulys Chacín,2014,-0.528950702106347,-0.5101823806762695,3.5224988930270446e-4
xgboost,NPB,MLB,full_cross_league,MLB,Jorge De La Rosa,2014,1.7020381097009,1.676587700843811,6.477233109929966e-4
xgboost,NPB,MLB,full_cross_league,MLB,Jhoulys Chacín,2014,0.400009505893198,-0.5101823806762695,0.8284492703768865
xgboost,NPB,MLB,full_cross_league,MLB,Kyle Kendrick,2014,0.400009505893198,1.0348442792892456,0.403015189512811
xgboost,NPB,MLB,full_cross_league,MLB,Jordan Lyles,2014,-0.162652855037988,-0.40590202808380127,0.059170160187472016
xgboost,NPB,MLB,full_cross_league,MLB,Tyler Chatwood,2014,-0.4370088822688971,-0.6010569930076599,0.02691178263695738
xgboost,NPB,MLB,full_cross_league,MLB,Tyler Matzek,2014,-0.5282438865785651,-0.2786009907722473,0.06232157542656406
xgboost,NPB,MLB,full_cross_league,MLB,Christian Bergman,2014,-0.5282438865785651,-0.44282037019729614,0.007297177150940932
xgboost,NPB,MLB,full_cross_league,MLB,Eddie Butler,2014,-0.5282438865785651,-0.590682327747345,0.0038985589355871805
xgboost,NPB,MLB,full_cross_league,MLB,Yohan Flande,2014,-0.5286158947510821,-0.09264609217643738,0.19006966875697467
xgboost,NPB,MLB,full_cross_league,MLB,David Price,2014,3.05056773507317,1.4901134967803955,2.4350174298058826
xgboost,NPB,MLB,full_cross_league,MLB,Alfredo Simón,2014,0.400009505893198,1.7874256372451782,1.924923521535695
xgboost,NPB,MLB,full_cross_league,MLB,Shane Greene,2014,-0.527220864104145,-0.28169944882392883,0.06028076536120038
xgboost,NPB,MLB,full_cross_league,MLB,Drew VerHagen,2014,-0.5286158947510821,-0.6992626190185547,0.02912030450321883
xgboost,NPB,MLB,full_cross_league,MLB,Randy Wolf,2014,-0.5286158947510821,0.11702706664800644,0.4168548336041849
xgboost,NPB,MLB,full_cross_league,MLB,Kyle Lobstein,2014,-0.5286158947510821,-0.5400339365005493,1.3037167739257728e-4
xgboost,NPB,MLB,full_cross_league,MLB,Buck Farmer,2014,-0.5286158947510821,-0.5744559168815613,0.0021013076289228246
xgboost,NPB,MLB,full_cross_league,MLB,Dallas Keuchel,2014,-0.525453825284692,0.6331000924110413,1.3422471802081315
xgboost,NPB,MLB,full_cross_league,MLB,Collin McHugh,2014,-0.526979058792009,0.4300505816936493,0.9159057327681084
xgboost,NPB,MLB,full_cross_league,MLB,Brad Peacock,2014,-0.5270720608351389,-0.2832563519477844,0.05944609990024319
xgboost,NPB,MLB,full_cross_league,MLB,Brett Oberholtzer,2014,-0.5270720608351389,-0.4177013039588928,0.011961962459682932
xgboost,NPB,MLB,full_cross_league,MLB,Dan Straily,2014,-0.5286158947510821,-0.5665324330329895,0.0014376638752833526
xgboost,NPB,MLB,full_cross_league,MLB,Yordano Ventura,2014,0.26980664551242806,0.028342261910438538,0.058305048548288746
xgboost,NPB,MLB,full_cross_league,MLB,Edinson Vólquez,2014,1.23702789405529,1.2825689315795898,0.0020739860987896955
xgboost,NPB,MLB,full_cross_league,MLB,Danny Duffy,2014,-0.17195305935090002,-0.31607142090797424,0.02077010213789557
xgboost,NPB,MLB,full_cross_league,MLB,Franklin Morales,2014,-0.27890540894939003,0.1426960974931717,0.17774783023463742
xgboost,NPB,MLB,full_cross_league,MLB,Chris Young,2014,-0.49746021030282606,1.3257790803909302,3.324201511129471
xgboost,NPB,MLB,full_cross_league,MLB,Yordano Ventura,2014,-0.523375229620756,0.028342261910438538,0.3043921904614737
xgboost,NPB,MLB,full_cross_league,MLB,Brian Flynn,2014,-0.5284391908691369,-0.6860617995262146,0.024844886759862257
xgboost,NPB,MLB,full_cross_league,MLB,Aaron Brooks,2014,-0.5286158947510821,-0.5699172019958496,0.0017057979801266884
xgboost,NPB,MLB,full_cross_league,MLB,Yohan Pino,2014,-0.5286158947510821,-0.6224151849746704,0.008798306846448957
xgboost,NPB,MLB,full_cross_league,MLB,Garrett Richards,2014,-0.027799892500761595,0.8017345070838928,0.6881273200942732
xgboost,NPB,MLB,full_cross_league,MLB,Héctor Santiago,2014,-0.197063610995763,-0.15133753418922424,0.0020908741001174815
xgboost,NPB,MLB,full_cross_league,MLB,Matt Shoemaker,2014,-0.5267558538885002,0.46073368191719055,0.9751355833257386
xgboost,NPB,MLB,full_cross_league,MLB,Tyler Skaggs,2014,-0.527220864104145,-0.44106873869895935,0.007422188711830841
xgboost,NPB,MLB,full_cross_league,MLB,Andrew Heaney,2014,-0.52829038760013,-0.6417388319969177,0.01287054953605103
xgboost,NPB,MLB,full_cross_league,MLB,Nick Tropeano,2014,-0.5286158947510821,-0.638981819152832,0.01218063726905279
xgboost,NPB,MLB,full_cross_league,MLB,Mat Latos,2014,-0.5286158947510821,-0.32146933674812317,0.04290969649247321
xgboost,NPB,MLB,full_cross_league,MLB,Brandon McCarthy,2014,1.6090360665717802,0.951530396938324,0.4323137056001397
xgboost,NPB,MLB,full_cross_league,MLB,Brett Anderson,2014,1.23702789405529,-0.5308842658996582,3.12551340531657
xgboost,NPB,MLB,full_cross_league,MLB,Mike Bolsinger,2014,-0.5286158947510821,-0.6024759411811829,0.005455306458656646
xgboost,NPB,MLB,full_cross_league,MLB,Mat Latos,2014,1.1254254423003498,-0.32146933674812317,2.0935045016377294
xgboost,NPB,MLB,full_cross_league,MLB,Henderson Alvarez III,2014,0.12100337650583301,1.2607797384262085,1.299090155192447
xgboost,NPB,MLB,full_cross_league,MLB,David Phelps,2014,-0.3626072477656,-0.13789963722229004,0.050493510236083866
xgboost,NPB,MLB,full_cross_league,MLB,José Fernández,2014,-0.501924308373024,-0.4507952928543091,0.002614176227912995
xgboost,NPB,MLB,full_cross_league,MLB,Tom Koehler,2014,-0.5197807006538151,0.2401503622531891,0.5774952203709691
xgboost,NPB,MLB,full_cross_league,MLB,Jarred Cosart,2014,-0.5225707619476888,0.2233685553073883,0.5564254650269705
xgboost,NPB,MLB,full_cross_league,MLB,Brad Hand,2014,-0.5262908436728541,-0.5381873846054077,1.4152768615992463e-4
xgboost,NPB,MLB,full_cross_league,MLB,André Rienzo,2014,-0.5286158947510821,-0.4698021113872528,0.0034590611135674387
xgboost,NPB,MLB,full_cross_league,MLB,Wily Peralta,2014,-0.525267821198434,0.2727304995059967,0.6368013198470913
xgboost,NPB,MLB,full_cross_league,MLB,Jimmy Nelson,2014,-0.5278718784060491,-0.3855806589126587,0.020246791144916208
xgboost,NPB,MLB,full_cross_league,MLB,Ervin Santana,2014,1.9345432175237098,0.8575173020362854,1.1599848226315248
xgboost,NPB,MLB,full_cross_league,MLB,Phil Hughes,2014,1.9810442390882699,0.5565913915634155,2.029065914821666
xgboost,NPB,MLB,full_cross_league,MLB,Tommy Milone,2014,-0.10685162916051501,0.0042182025499641895,0.01233650751619417
xgboost,NPB,MLB,full_cross_league,MLB,Kyle Gibson,2014,-0.5230357721633351,0.012651759199798107,0.2869611312579278
xgboost,NPB,MLB,full_cross_league,MLB,Trevor May,2014,-0.528150884535436,-0.6177672743797302,0.008031097328724519
xgboost,NPB,MLB,full_cross_league,MLB,Logan Darnell,2014,-0.5286158947510821,-0.586279034614563,0.0033250376989153634
xgboost,NPB,MLB,full_cross_league,MLB,Dillon Gee,2014,0.36280868864155,-0.10914933681488037,0.2227443777927326
xgboost,NPB,MLB,full_cross_league,MLB,Jacob deGrom,2014,-0.519431942992081,0.12411182373762131,0.4141485796966534
xgboost,NPB,MLB,full_cross_league,MLB,Zack Wheeler,2014,-0.5214082364085753,1.0514318943023682,2.4738260767748175
xgboost,NPB,MLB,full_cross_league,MLB,Rafael Montero,2014,-0.5279648804491781,-0.5828417539596558,0.0030114712462849637
xgboost,NPB,MLB,full_cross_league,MLB,Nathan Eovaldi,2014,-0.009199483874937249,0.9340362548828125,0.8896936588698781
xgboost,NPB,MLB,full_cross_league,MLB,Iván Nova,2014,-0.009199483874937249,-0.505467414855957,0.24628185932018223
xgboost,NPB,MLB,full_cross_league,MLB,Michael Pineda,2014,-0.23240438738482905,-0.40259242057800293,0.028963966642160856
xgboost,NPB,MLB,full_cross_league,MLB,Chase Whitley,2014,-0.525449175182535,-0.5381937026977539,1.6242298158617235e-4
xgboost,NPB,MLB,full_cross_league,MLB,Aaron Harang,2014,0.30700746276407703,0.7713356018066406,0.21560062070673028
xgboost,NPB,MLB,full_cross_league,MLB,Kevin Correia,2014,-0.5021103124592821,1.4093159437179565,3.6535503328037344
xgboost,NPB,MLB,full_cross_league,MLB,David Buchanan,2014,-0.5276858743197912,0.07809333503246307,0.3669684504834423
xgboost,NPB,MLB,full_cross_league,MLB,Jonathan Pettibone,2014,-0.528150884535436,-0.6656578779220581,0.01890817323022853
xgboost,NPB,MLB,full_cross_league,MLB,Sean O'Sullivan,2014,-0.5286158947510821,-0.5518906712532043,5.417152212237437e-4
xgboost,NPB,MLB,full_cross_league,MLB,Francisco Liriano,2014,1.79504015283002,0.6645960807800293,1.2779038000329643
xgboost,NPB,MLB,full_cross_league,MLB,A.J. Burnett,2014,0.958021764667928,1.8677898645401,0.8276779955450225
xgboost,NPB,MLB,full_cross_league,MLB,Vance Worley,2014,-0.16730295719444402,-0.32281801104545593,0.024184931974283137
xgboost,NPB,MLB,full_cross_league,MLB,Gerrit Cole,2014,-0.524244798724013,0.16837869584560394,0.47972730522982815
xgboost,NPB,MLB,full_cross_league,MLB,Jeff Locke,2014,-0.524244798724013,-0.3511227071285248,0.029971258598396604
xgboost,NPB,MLB,full_cross_league,MLB,Brandon Cumpton,2014,-0.526197841629725,-0.4085870385169983,0.013832301008820578
xgboost,NPB,MLB,full_cross_league,MLB,James Shields,2014,2.8645636488149204,1.4946845769882202,1.8765686714287817
xgboost,NPB,MLB,full_cross_league,MLB,Ian Kennedy,2014,1.2091272811165599,2.207333564758301,0.9964157847018557
xgboost,NPB,MLB,full_cross_league,MLB,Tyson Ross,2014,0.353508484328637,1.2961342334747314,0.8885433029532357
xgboost,NPB,MLB,full_cross_league,MLB,Andrew Cashner,2014,0.130303580818745,0.2761351764202118,0.021266854275669753
xgboost,NPB,MLB,full_cross_league,MLB,Joe Wieland,2014,-0.5132705576347771,-0.625575602054596,0.012612423002137477
xgboost,NPB,MLB,full_cross_league,MLB,Odrisamer Despaigne,2014,-0.526793054705751,-0.3062150180339813,0.048654670261972566
xgboost,NPB,MLB,full_cross_league,MLB,Bud Norris,2014,-0.5286158947510821,0.8968935608863831,2.0320772081118217
xgboost,NPB,MLB,full_cross_league,MLB,Robbie Erlin,2014,-0.5286158947510821,-0.5266897082328796,3.7101945029047686e-6
xgboost,NPB,MLB,full_cross_league,MLB,Erasmo Ramírez,2014,-0.5257700322313311,-0.38775596022605896,0.019047884071476447
xgboost,NPB,MLB,full_cross_league,MLB,James Paxton,2014,-0.526476847759112,-0.37187573313713074,0.02390150464235898
xgboost,NPB,MLB,full_cross_league,MLB,Taijuan Walker,2014,-0.527574271868036,-0.5638030767440796,0.0013125263027464428
xgboost,NPB,MLB,full_cross_league,MLB,Roenis Elías,2014,-0.5286158947510821,-0.06055657938122749,0.219079522704497
xgboost,NPB,MLB,full_cross_league,MLB,Jake Peavy,2014,1.6090360665717802,0.8765362501144409,0.5365559811100358
xgboost,NPB,MLB,full_cross_league,MLB,Ryan Vogelsong,2014,0.12100337650583301,2.0528547763824463,3.732049831205231
xgboost,NPB,MLB,full_cross_league,MLB,Kevin Correia,2014,-0.4649094952076341,1.4093159437179565,3.5127209959158225
xgboost,NPB,MLB,full_cross_league,MLB,Lance Lynn,2014,0.8340189784944041,0.5488179326057434,0.08133963657598593
xgboost,NPB,MLB,full_cross_league,MLB,Michael Wacha,2014,-0.5262908436728541,-0.5302769541740417,1.5889076927678776e-5
xgboost,NPB,MLB,full_cross_league,MLB,Marco Gonzales,2014,-0.5286158947510821,-0.581648588180542,0.0028124665723830828
xgboost,NPB,MLB,full_cross_league,MLB,Alex Cobb,2014,0.12100337650583301,0.2754403352737427,0.02385077423348103
xgboost,NPB,MLB,full_cross_league,MLB,Drew Smyly,2014,-0.13010213994279501,-0.27502402663230896,0.02100235324164832
xgboost,NPB,MLB,full_cross_league,MLB,Jake Odorizzi,2014,-0.525918835500337,0.5966944098472595,1.260260498629863
xgboost,NPB,MLB,full_cross_league,MLB,Alex Colomé,2014,-0.5280020812664299,-0.6575372815132141,0.016779368102974486
xgboost,NPB,MLB,full_cross_league,MLB,Nate Karns,2014,-0.5283740894389459,-0.6074841618537903,0.006258403557481918
xgboost,NPB,MLB,full_cross_league,MLB,Colby Lewis,2014,0.12100337650583301,1.6414586305618286,2.3117841795864824
xgboost,NPB,MLB,full_cross_league,MLB,Nick Tepesch,2014,-0.5267074928260721,-0.22066457569599152,0.09366226712548938
xgboost,NPB,MLB,full_cross_league,MLB,Tanner Scheppers,2014,-0.527183663286893,-0.48188090324401855,0.0020523400675022643
xgboost,NPB,MLB,full_cross_league,MLB,Nick Martinez,2014,-0.527220864104145,-0.30154237151145935,0.05093078201890689
xgboost,NPB,MLB,full_cross_league,MLB,Anthony Ranaudo,2014,-0.5284298906648242,-0.655569314956665,0.01616443320926074
xgboost,NPB,MLB,full_cross_league,MLB,Lisalverto Bonilla,2014,-0.5284298906648242,-0.5469412803649902,3.426715486314149e-4
xgboost,NPB,MLB,full_cross_league,MLB,Wandy Rodríguez,2014,-0.5286158947510821,-0.18715447187423706,0.11659590331307956
xgboost,NPB,MLB,full_cross_league,MLB,Drew Hutchison,2014,-0.526272243264228,0.8088187575340271,1.7824679804124863
xgboost,NPB,MLB,full_cross_league,MLB,Liam Hendriks,2014,-0.526588450210867,-0.5465079545974731,3.9678665500802237e-4
xgboost,NPB,MLB,full_cross_league,MLB,Marcus Stroman,2014,-0.5272766653300229,-0.15163694322109222,0.1411052008260747
xgboost,NPB,MLB,full_cross_league,MLB,Félix Doubront,2014,-0.5286158947510821,-0.4054689109325409,0.01516517962360404
xgboost,NPB,MLB,full_cross_league,MLB,Max Scherzer,2014,4.9571096192201605,2.3076062202453613,7.019868261179013
xgboost,NPB,MLB,full_cross_league,MLB,Doug Fister,2014,1.49743361481683,2.38923716545105,0.7953135729238017
xgboost,NPB,MLB,full_cross_league,MLB,Stephen Strasburg,2014,0.7534172697838608,1.2432105541229248,0.2398974613836472
xgboost,NPB,MLB,full_cross_league,MLB,Tanner Roark,2014,-0.5245052044447751,0.5878916382789612,1.237426735701737
xgboost,NPB,MLB,full_cross_league,MLB,Taylor Jordan,2014,-0.5286158947510821,-0.533562958240509,2.4473437168421375e-5
xgboost,NPB,MLB,full_cross_league,MLB,Zack Greinke,2015,5.7786277288621015,2.879570960998535,8.404530143295547
xgboost,NPB,MLB,full_cross_league,MLB,Shelby Miller,2015,0.18610480669621798,1.0972844362258911,0.8302483172698324
xgboost,NPB,MLB,full_cross_league,MLB,Patrick Corbin,2015,-0.153352650725076,-0.5408199429512024,0.15013090254504644
xgboost,NPB,MLB,full_cross_league,MLB,Rubby De La Rosa,2015,-0.18590336582026804,0.8973296880722046,1.1733938490452125
xgboost,NPB,MLB,full_cross_league,MLB,Robbie Ray,2015,-0.5261048395865962,-0.23076605796813965,0.08722499592787435
xgboost,NPB,MLB,full_cross_league,MLB,Archie Bradley,2015,-0.5286158947510821,-0.4885706603527069,0.0016036207980208086
xgboost,NPB,MLB,full_cross_league,MLB,Zack Godley,2015,-0.5286158947510821,-0.5773594975471497,0.002375938813540809
xgboost,NPB,MLB,full_cross_league,MLB,Tyler Wagner,2015,-0.5286158947510821,-0.6178063750267029,0.007954941771795907
xgboost,NPB,MLB,full_cross_league,MLB,Rich Hill,2015,0.49301154902232,0.1513286530971527,0.11674720136780868
xgboost,NPB,MLB,full_cross_league,MLB,Henderson Alvarez III,2015,0.16750439807039405,-0.3692655563354492,0.2881219839528511
xgboost,NPB,MLB,full_cross_league,MLB,Félix Doubront,2015,-0.25100479601065406,-0.5345261693000793,0.08038436911192164
xgboost,NPB,MLB,full_cross_league,MLB,Sonny Gray,2015,-0.5248958130259171,0.9101502895355225,2.059357316476778
xgboost,NPB,MLB,full_cross_league,MLB,Kendall Graveman,2015,-0.5276858743197912,-0.3110756576061249,0.04691998598474149
xgboost,NPB,MLB,full_cross_league,MLB,Chris Bassitt,2015,-0.528150884535436,-0.40141019225120544,0.016063203080686022
xgboost,NPB,MLB,full_cross_league,MLB,Jesse Hahn,2015,-0.5286158947510821,-0.47034555673599243,0.0033954322923927995
xgboost,NPB,MLB,full_cross_league,MLB,Jhoulys Chacín,2015,-0.4184084736430731,-0.2814866602420807,0.018747582985016185
xgboost,NPB,MLB,full_cross_league,MLB,Williams Pérez,2015,-0.5279183794276139,-0.16333161294460297,0.13292351029453753
xgboost,NPB,MLB,full_cross_league,MLB,Roberto Hernández,2015,-0.5286158947510821,0.1402100920677185,0.4473282006441424
xgboost,NPB,MLB,full_cross_league,MLB,Mike Foltynewicz,2015,-0.5286158947510821,-0.5950955152511597,0.004419539941834339
xgboost,NPB,MLB,full_cross_league,MLB,Ryan Weber,2015,-0.5286158947510821,-0.6383454203605652,0.012040568790482212
xgboost,NPB,MLB,full_cross_league,MLB,Matt Wisler,2015,-0.5286158947510821,-0.22378501296043396,0.09292186649326407
xgboost,NPB,MLB,full_cross_league,MLB,Manny Bañuelos,2015,-0.5286158947510821,-0.4716370701789856,0.0032465864496177437
xgboost,NPB,MLB,full_cross_league,MLB,Yovani Gallardo,2015,1.4230319803135398,0.3116818964481354,1.2350990089076415
xgboost,NPB,MLB,full_cross_league,MLB,Chris Tillman,2015,0.534862468430425,0.07255896180868149,0.2137245322347604
xgboost,NPB,MLB,full_cross_league,MLB,Miguel González,2015,0.3256078713899011,0.4355672299861908,0.012091060542907428
xgboost,NPB,MLB,full_cross_league,MLB,Kevin Gausman,2015,-0.524058794637755,-0.5056445002555847,3.390862375932264e-4
xgboost,NPB,MLB,full_cross_league,MLB,Tyler Wilson,2015,-0.5278718784060491,-0.5895858407020569,0.0038086131422730707
xgboost,NPB,MLB,full_cross_league,MLB,Odrisamer Despaigne,2015,-0.5286158947510821,0.08860751241445541,0.38096473435303485
xgboost,NPB,MLB,full_cross_league,MLB,David Price,2015,5.1431137054784,3.2530438899993896,3.5723639073848594
xgboost,NPB,MLB,full_cross_league,MLB,Rick Porcello,2015,3.2133213105491305,0.18649521470069885,9.16167621450906
xgboost,NPB,MLB,full_cross_league,MLB,Joe Kelly,2015,-0.13940234425570802,-0.02494906261563301,0.013099553678182331
xgboost,NPB,MLB,full_cross_league,MLB,Roenis Elías,2015,-0.5192226883950409,-0.25723356008529663,0.06863830335249967
xgboost,NPB,MLB,full_cross_league,MLB,Eduardo Rodríguez,2015,-0.5261048395865962,-0.41127708554267883,0.01318541309877037
xgboost,NPB,MLB,full_cross_league,MLB,Steven Wright,2015,-0.5273138661472739,-0.22032763063907623,0.09424054879149463
xgboost,NPB,MLB,full_cross_league,MLB,Sean O'Sullivan,2015,-0.5286158947510821,-0.4033019244670868,0.01570359114833805
xgboost,NPB,MLB,full_cross_league,MLB,Henry Owens,2015,-0.5286158947510821,-0.5411679744720459,1.5755470532143162e-4
xgboost,NPB,MLB,full_cross_league,MLB,John Lackey,2015,2.3530524116047493,1.3558791875839233,0.9943544387040884
xgboost,NPB,MLB,full_cross_league,MLB,Jake Arrieta,2015,1.36723075443606,3.1673147678375244,3.2403024553035236
xgboost,NPB,MLB,full_cross_league,MLB,Kyle Hendricks,2015,-0.5223847578614309,1.0902156829833984,2.6004801818129377
xgboost,NPB,MLB,full_cross_league,MLB,Aaron Brooks,2015,-0.528150884535436,-0.5258532762527466,5.27900382068309e-6
xgboost,NPB,MLB,full_cross_league,MLB,Dallas Beeler,2015,-0.5284298906648242,-0.4561367630958557,0.005226296293703145
xgboost,NPB,MLB,full_cross_league,MLB,Carlos Rodón,2015,-0.52666285184537,-0.46419185400009155,0.0039026255717847826
xgboost,NPB,MLB,full_cross_league,MLB,Miguel González,2015,-0.5286158947510821,0.4355672299861908,0.9296490980281314
xgboost,NPB,MLB,full_cross_league,MLB,Chris Beck,2015,-0.5286158947510821,-0.6427292227745056,0.013021851632581464
xgboost,NPB,MLB,full_cross_league,MLB,Erik Johnson,2015,-0.5286158947510821,-0.40872687101364136,0.01437337801271662
xgboost,NPB,MLB,full_cross_league,MLB,Alfredo Simón,2015,-0.25100479601065406,1.2475675344467163,2.245719029612434
xgboost,NPB,MLB,full_cross_league,MLB,Anthony DeSclafani,2015,-0.5225707619476888,0.24583256244659424,0.5904436689401857
xgboost,NPB,MLB,full_cross_league,MLB,Michael Lorenzen,2015,-0.5269418579747581,-0.4334951639175415,0.008732284630223044
xgboost,NPB,MLB,full_cross_league,MLB,Jon Moscot,2015,-0.5285228927079528,-0.7256161570549011,0.03884575485093604
xgboost,NPB,MLB,full_cross_league,MLB,Josh A. Smith,2015,-0.5286158947510821,-0.1783435344696045,0.12269072637715722
xgboost,NPB,MLB,full_cross_league,MLB,John Lamb,2015,-0.5286158947510821,-0.572048544883728,0.0018863950975448317
xgboost,NPB,MLB,full_cross_league,MLB,Keyvius Sampson,2015,-0.5286158947510821,-0.6748684048652649,0.021389796714699153
xgboost,NPB,MLB,full_cross_league,MLB,Josh Tomlin,2015,-0.28200553905505604,0.28799542784690857,0.3249011022691745
xgboost,NPB,MLB,full_cross_league,MLB,Trevor Bauer,2015,-0.30727103210377193,0.1646367609500885,0.22269696514496518
xgboost,NPB,MLB,full_cross_league,MLB,Danny Salazar,2015,-0.5232775774754701,0.9925441145896912,2.297715402135289
xgboost,NPB,MLB,full_cross_league,MLB,Cody Anderson,2015,-0.5278904788146751,-0.41697144508361816,0.012303032043831347
xgboost,NPB,MLB,full_cross_league,MLB,Jordan Lyles,2015,-0.06965081190886638,-0.3510710597038269,0.079197355868977
xgboost,NPB,MLB,full_cross_league,MLB,Chad Bettis,2015,-0.5276858743197912,-0.03269144147634506,0.2450194885460049
xgboost,NPB,MLB,full_cross_league,MLB,Chris Rusin,2015,-0.5276858743197912,-0.13075979053974152,0.15755031598496702
xgboost,NPB,MLB,full_cross_league,MLB,Tyler Matzek,2015,-0.5282438865785651,-0.572282612323761,0.0019394093652605757
xgboost,NPB,MLB,full_cross_league,MLB,Jon Gray,2015,-0.5282438865785651,-0.4949426054954529,0.0011089753217764502
xgboost,NPB,MLB,full_cross_league,MLB,Yohan Flande,2015,-0.5286158947510821,0.013976534828543663,0.2944065446371211
xgboost,NPB,MLB,full_cross_league,MLB,Eddie Butler,2015,-0.5286158947510821,-0.5124982595443726,2.5977816465656167e-4
xgboost,NPB,MLB,full_cross_league,MLB,David Hale,2015,-0.5286158947510821,-0.5414234399795532,1.6403321477933443e-4
xgboost,NPB,MLB,full_cross_league,MLB,Jordan Zimmermann,2015,3.4690769291542094,1.13726007938385,5.437369820872963
xgboost,NPB,MLB,full_cross_league,MLB,Mike Pelfrey,2015,0.8650197215388071,0.9649812579154968,0.009992308754788258
xgboost,NPB,MLB,full_cross_league,MLB,Shane Greene,2015,-0.526848855931629,-0.12979887425899506,0.15764868794623896
xgboost,NPB,MLB,full_cross_league,MLB,Daniel Norris,2015,-0.5273138661472739,-0.5009083151817322,6.972531217938233e-4
xgboost,NPB,MLB,full_cross_league,MLB,Matthew Boyd,2015,-0.5286158947510821,-0.735012948513031,0.04259974380161284
xgboost,NPB,MLB,full_cross_league,MLB,Dallas Keuchel,2015,0.7255166568451239,1.3644334077835083,0.4082146146296615
xgboost,NPB,MLB,full_cross_league,MLB,Doug Fister,2015,0.679015635280563,-0.10293064266443253,0.6114399815920322
xgboost,NPB,MLB,full_cross_league,MLB,Collin McHugh,2015,-0.52461680689653,1.0488510131835938,2.475800980827697
xgboost,NPB,MLB,full_cross_league,MLB,Dan Straily,2015,-0.527760275954294,-0.5339716076850891,3.8580641869982465e-5
xgboost,NPB,MLB,full_cross_league,MLB,Brad Peacock,2015,-0.5286158947510821,-0.6611497402191162,0.017565220194544755
xgboost,NPB,MLB,full_cross_league,MLB,Ian Kennedy,2015,1.9810442390882699,1.0573880672454834,0.8531407237832711
xgboost,NPB,MLB,full_cross_league,MLB,Chris Young,2015,0.44651052745775904,0.6123675107955933,0.027508538921926617
xgboost,NPB,MLB,full_cross_league,MLB,Danny Duffy,2015,0.162854295913938,-0.3199802041053772,0.23312915440890206
xgboost,NPB,MLB,full_cross_league,MLB,Dillon Gee,2015,-0.25100479601065406,-0.44788026809692383,0.038759951509191586
xgboost,NPB,MLB,full_cross_league,MLB,Garrett Richards,2015,0.572063285682073,0.7127521634101868,0.01979336031639615
xgboost,NPB,MLB,full_cross_league,MLB,Héctor Santiago,2015,0.30700746276407703,0.8963460922241211,0.34732002017384306
xgboost,NPB,MLB,full_cross_league,MLB,Tim Lincecum,2015,-0.15800275288153204,-0.09727265685796738,0.0036881445630313845
xgboost,NPB,MLB,full_cross_league,MLB,Matt Shoemaker,2015,-0.524430802810271,-0.20076210796833038,0.10476142402068526
xgboost,NPB,MLB,full_cross_league,MLB,Andrew Heaney,2015,-0.527220864104145,-0.3732426166534424,0.023709300687989817
xgboost,NPB,MLB,full_cross_league,MLB,Nick Tropeano,2015,-0.5286158947510821,-0.5320679545402527,1.191671678800874e-5
xgboost,NPB,MLB,full_cross_league,MLB,Scott Kazmir,2015,2.3530524116047493,1.379122018814087,0.9485404100013739
xgboost,NPB,MLB,full_cross_league,MLB,Brett Anderson,2015,2.3158515943531093,0.6821144223213196,2.6690971472784297
xgboost,NPB,MLB,full_cross_league,MLB,Brandon Beachy,2015,-0.34400683913977503,-0.5259484648704529,0.033102755173522055
xgboost,NPB,MLB,full_cross_league,MLB,Joe Wieland,2015,-0.5132705576347771,-0.5720486044883728,0.0034548587919234876
xgboost,NPB,MLB,full_cross_league,MLB,Alex Wood,2015,-0.524430802810271,0.19401851296424866,0.5161694193368754
xgboost,NPB,MLB,full_cross_league,MLB,Carlos Frías,2015,-0.5267558538885002,-0.4302189350128174,0.009319376706010168
xgboost,NPB,MLB,full_cross_league,MLB,Mike Bolsinger,2015,-0.527220864104145,-0.14391732215881348,0.14692160526783654
xgboost,NPB,MLB,full_cross_league,MLB,Zach Lee,2015,-0.5286158947510821,-0.6761300563812256,0.021760427881444108
xgboost,NPB,MLB,full_cross_league,MLB,Wei-Yin Chen,2015,2.3530524116047493,1.6041369438171387,0.5608743778915357
xgboost,NPB,MLB,full_cross_league,MLB,Tom Koehler,2015,0.028001333376711398,1.0716402530670166,1.0891821946923474
xgboost,NPB,MLB,full_cross_league,MLB,José Fernández,2015,-0.10220152700405902,-0.3309601843357086,0.05233052330417908
xgboost,NPB,MLB,full_cross_league,MLB,David Phelps,2015,-0.15800275288153204,-0.36856046319007874,0.044334549370377875
xgboost,NPB,MLB,full_cross_league,MLB,Jarred Cosart,2015,-0.520710721085107,-0.44872644543647766,0.005181735940657846
xgboost,NPB,MLB,full_cross_league,MLB,Adam Conley,2015,-0.5276858743197912,-0.43523970246315,0.008546294690947634
xgboost,NPB,MLB,full_cross_league,MLB,Jeremy Guthrie,2015,-0.5286158947510821,0.48910197615623474,1.0357496647641218
xgboost,NPB,MLB,full_cross_league,MLB,Justin Nicolino,2015,-0.5286158947510821,-0.5036591291427612,6.228401496286654e-4
xgboost,NPB,MLB,full_cross_league,MLB,Wily Peralta,2015,-0.10220152700405902,-0.607001006603241,0.2548225146036049
xgboost,NPB,MLB,full_cross_league,MLB,Jimmy Nelson,2015,-0.52586303427446,0.447172611951828,0.94679836882701
xgboost,NPB,MLB,full_cross_league,MLB,Chase Anderson,2015,-0.5262536428556019,-0.20080327987670898,0.10591793876309318
xgboost,NPB,MLB,full_cross_league,MLB,Taylor Jungmann,2015,-0.5265698498022408,-0.1727626621723175,0.12517952601859572
xgboost,NPB,MLB,full_cross_league,MLB,Tyler Cravy,2015,-0.5280392820836811,-0.5724163055419922,0.001969320211019491
xgboost,NPB,MLB,full_cross_league,MLB,Ariel Peña,2015,-0.5281322841268109,-0.5181111693382263,1.0042274160598865e-4
xgboost,NPB,MLB,full_cross_league,MLB,Zach Davies,2015,-0.5286158947510821,-0.4961386024951935,0.0010547745122744003
xgboost,NPB,MLB,full_cross_league,MLB,Tommy Milone,2015,0.214005419634955,-0.04618537053465843,0.06769924728908781
xgboost,NPB,MLB,full_cross_league,MLB,Kyle Gibson,2015,-0.513735567850423,0.7495340704917908,1.5958501791572675
xgboost,NPB,MLB,full_cross_league,MLB,Tyler Duffey,2015,-0.5286158947510821,-0.4625113010406494,0.004369817309621372
xgboost,NPB,MLB,full_cross_league,MLB,Bartolo Colon,2015,0.7255166568451239,2.433502435684204,2.9172154207165395
xgboost,NPB,MLB,full_cross_league,MLB,Matt Harvey,2015,0.181454704539762,0.9707952737808228,0.6230585342498018
xgboost,NPB,MLB,full_cross_league,MLB,Jacob deGrom,2015,-0.510108488168387,1.415738821029663,3.70888785834537
xgboost,NPB,MLB,full_cross_league,MLB,Noah Syndergaard,2015,-0.5234310308466329,-0.31012260913848877,0.04550048277161945
xgboost,NPB,MLB,full_cross_league,MLB,Steven Matz,2015,-0.5270813610394509,-0.45858970284461975,0.0046911072422775825
xgboost,NPB,MLB,full_cross_league,MLB,Nathan Eovaldi,2015,0.418609914519023,0.023910293355584145,0.15578779094656217
xgboost,NPB,MLB,full_cross_league,MLB,Michael Pineda,2015,0.176804602383306,-0.10076834261417389,0.07704673979457398
xgboost,NPB,MLB,full_cross_league,MLB,Iván Nova,2015,0.139603785131657,-0.1107526570558548,0.06267834814478894
xgboost,NPB,MLB,full_cross_league,MLB,Luis Severino,2015,-0.5260490383607181,-0.5100793838500977,2.5502986518858136e-4
xgboost,NPB,MLB,full_cross_league,MLB,Jeremy Hellickson,2015,0.679015635280563,0.2878599464893341,0.15300277287374067
xgboost,NPB,MLB,full_cross_league,MLB,Brett Oberholtzer,2015,-0.52666285184537,-0.5337037444114685,4.957416812734143e-5
xgboost,NPB,MLB,full_cross_league,MLB,Aaron Nola,2015,-0.5267558538885002,-0.4505118429660797,0.005813149201538177
xgboost,NPB,MLB,full_cross_league,MLB,Jerad Eickhoff,2015,-0.527034860017887,-0.543366551399231,2.667241433754639e-4
xgboost,NPB,MLB,full_cross_league,MLB,Alec Asher,2015,-0.5286158947510821,-0.8234440684318542,0.08692365199593957
xgboost,NPB,MLB,full_cross_league,MLB,Severino González,2015,-0.5286158947510821,-0.5710069537162781,0.0017970018801907255
xgboost,NPB,MLB,full_cross_league,MLB,Adam Morgan,2015,-0.5286158947510821,-0.5614904761314392,0.0010807381009337248
xgboost,NPB,MLB,full_cross_league,MLB,Jeff Locke,2015,-0.06035060759595421,0.5256574153900146,0.3434054030039238
xgboost,NPB,MLB,full_cross_league,MLB,Ryan Vogelsong,2015,-0.25100479601065406,0.8462592959403992,1.2039884874851694
xgboost,NPB,MLB,full_cross_league,MLB,Gerrit Cole,2015,-0.5210827292576228,1.0893306732177734,2.5934313268723823
xgboost,NPB,MLB,full_cross_league,MLB,Kyle Lobstein,2015,-0.5262908436728541,-0.5303835868835449,1.675054698865616e-5
xgboost,NPB,MLB,full_cross_league,MLB,Tyson Ross,2015,1.16727636170845,1.2299258708953857,0.003924961001363939
xgboost,NPB,MLB,full_cross_league,MLB,Andrew Cashner,2015,0.7069162482192999,0.8007964491844177,0.008813492133250913
xgboost,NPB,MLB,full_cross_league,MLB,Jeremy Guthrie,2015,-0.390507860704336,0.48910197615623474,0.7737134651018798
xgboost,NPB,MLB,full_cross_league,MLB,Robbie Erlin,2015,-0.5269604583833841,-0.4742119312286377,0.002782407116995021
xgboost,NPB,MLB,full_cross_league,MLB,Colin Rea,2015,-0.528113683718185,-0.5658309459686279,0.0014225918716686864
xgboost,NPB,MLB,full_cross_league,MLB,Brandon Morrow,2015,-0.5286158947510821,-0.32275745272636414,0.04237769815284415
xgboost,NPB,MLB,full_cross_league,MLB,Casey Kelly,2015,-0.5286158947510821,-0.6384751200675964,0.012069049387144672
xgboost,NPB,MLB,full_cross_league,MLB,Hisashi Iwakuma,2015,1.6090360665717802,1.3095571994781494,0.08968759183568459
xgboost,NPB,MLB,full_cross_league,MLB,Taijuan Walker,2015,-0.5246912085310331,0.13661114871501923,0.43732080769918547
xgboost,NPB,MLB,full_cross_league,MLB,Nate Karns,2015,-0.5256026285536981,0.2516804039478302,0.6041689126147719
xgboost,NPB,MLB,full_cross_league,MLB,Mike Montgomery,2015,-0.527220864104145,-0.45540282130241394,0.00515783127187128
xgboost,NPB,MLB,full_cross_league,MLB,Donn Roach,2015,-0.5286158947510821,-0.6664486527442932,0.018997869176015113
xgboost,NPB,MLB,full_cross_league,MLB,James Paxton,2015,-0.5286158947510821,-0.4124029874801636,0.0135054398163591
xgboost,NPB,MLB,full_cross_league,MLB,Johnny Cueto,2015,3.4070756290694995,1.3382282257080078,4.280129578395586
xgboost,NPB,MLB,full_cross_league,MLB,Jeff Samardzija,2015,2.72506058412124,0.8841496109962463,3.3889532109720104
xgboost,NPB,MLB,full_cross_league,MLB,Chris Heston,2015,-0.524430802810271,0.6279774308204651,1.3280447369399129
xgboost,NPB,MLB,full_cross_league,MLB,Mike Leake,2015,2.3530524116047493,0.36326366662979126,3.9592592496290187
xgboost,NPB,MLB,full_cross_league,MLB,Carlos Martínez,2015,-0.5227567660339469,0.8184778094291687,1.7989101864177242
xgboost,NPB,MLB,full_cross_league,MLB,Michael Wacha,2015,-0.5227567660339469,0.4088749885559082,0.8679377261601721
xgboost,NPB,MLB,full_cross_league,MLB,Jerome Williams,2015,-0.5286158947510821,0.39015430212020874,0.8441386746589105
xgboost,NPB,MLB,full_cross_league,MLB,Drew Smyly,2015,0.07450235494127233,-0.2278691679239273,0.09142853783981995
xgboost,NPB,MLB,full_cross_league,MLB,Erasmo Ramírez,2015,-0.18125326366381198,-0.22481727600097656,0.0018978231709126283
xgboost,NPB,MLB,full_cross_league,MLB,Chase Whitley,2015,-0.525449175182535,-0.5482319593429565,5.190552541003558e-4
xgboost,NPB,MLB,full_cross_league,MLB,Jake Odorizzi,2015,-0.5261606408124729,0.054097071290016174,0.33669901245441514
xgboost,NPB,MLB,full_cross_league,MLB,Colby Lewis,2015,0.49301154902232,1.2227972745895386,0.5325872052416718
xgboost,NPB,MLB,full_cross_league,MLB,Nick Martinez,2015,-0.526441506982723,-0.17434443533420563,0.12397234786346115
xgboost,NPB,MLB,full_cross_league,MLB,Anthony Ranaudo,2015,-0.5282438865785651,-0.5842243432998657,0.003133811534725408
xgboost,NPB,MLB,full_cross_league,MLB,Chi Chi González,2015,-0.5282438865785651,-0.49667343497276306,9.966934145942909e-4
xgboost,NPB,MLB,full_cross_league,MLB,Kyle Lohse,2015,-0.5286158947510821,0.9728660583496094,2.2544480554870665
xgboost,NPB,MLB,full_cross_league,MLB,J.A. Happ,2015,1.6090360665717802,0.31985920667648315,1.6619769760894985
xgboost,NPB,MLB,full_cross_league,MLB,Marco Estrada,2015,1.79504015283002,2.216604709625244,0.1777166755459538
xgboost,NPB,MLB,full_cross_league,MLB,Jesse Chavez,2015,0.12100337650583301,0.3341134190559387,0.04541589023570786
xgboost,NPB,MLB,full_cross_league,MLB,Drew Hutchison,2015,-0.213803978759005,-0.1064295768737793,0.011529262180209962
xgboost,NPB,MLB,full_cross_league,MLB,Marcus Stroman,2015,-0.527053460426513,-0.5200782418251038,4.8653674537445766e-5
xgboost,NPB,MLB,full_cross_league,MLB,Stephen Strasburg,2015,1.31142952855859,1.0343108177185059,0.07679477989767014
xgboost,NPB,MLB,full_cross_league,MLB,Joe Ross,2015,-0.5273324665558999,-0.4325226843357086,0.008988894804640105
xgboost,NPB,MLB,full_cross_league,MLB,Mat Latos,2015,-0.5286158947510821,-0.06773310154676437,0.21241294907181385
xgboost,NPB,MLB,full_cross_league,MLB,Shelby Miller,2016,0.251206236886604,-0.39886409044265747,0.4225914304739731
xgboost,NPB,MLB,full_cross_league,MLB,Patrick Corbin,2016,0.111703172192921,0.6300554871559143,0.2686891224274942
xgboost,NPB,MLB,full_cross_league,MLB,Taijuan Walker,2016,-0.20450377444609302,-0.13826289772987366,0.004387853748133373
xgboost,NPB,MLB,full_cross_league,MLB,Jorge De La Rosa,2016,-0.20450377444609302,0.44276151061058044,0.41895234923949676
xgboost,NPB,MLB,full_cross_league,MLB,Robbie Ray,2016,-0.5169162377254379,0.6255534291267395,1.3052369396773253
xgboost,NPB,MLB,full_cross_league,MLB,Archie Bradley,2016,-0.52180814519403,0.46769702434539795,0.9791204805452519
xgboost,NPB,MLB,full_cross_league,MLB,Braden Shipley,2016,-0.52350078237898,-0.5080456137657166,2.3886223686440396e-4
xgboost,NPB,MLB,full_cross_league,MLB,Jake Buchanan,2016,-0.52350078237898,-0.4909769892692566,0.0010577971182440925
xgboost,NPB,MLB,full_cross_league,MLB,Sonny Gray,2016,0.041951639846079705,0.2587173581123352,0.04698737661548566
xgboost,NPB,MLB,full_cross_league,MLB,Kendall Graveman,2016,-0.521640741516398,0.6172991394996643,1.2971840525688825
xgboost,NPB,MLB,full_cross_league,MLB,Chris Bassitt,2016,-0.5225707619476888,-0.4989781677722931,5.56610499924916e-4
xgboost,NPB,MLB,full_cross_league,MLB,Daniel Mengden,2016,-0.5230357721633351,-0.5368168354034424,1.8991770402783685e-4
xgboost,NPB,MLB,full_cross_league,MLB,Sean Manaea,2016,-0.5230357721633351,-0.10628817975521088,0.173678555777968
xgboost,NPB,MLB,full_cross_league,MLB,Jharel Cotton,2016,-0.52350078237898,-0.6042697429656982,0.006523624994258843
xgboost,NPB,MLB,full_cross_league,MLB,Raúl Alcantara,2016,-0.52350078237898,-0.6584815382957458,0.018219804467861516
xgboost,NPB,MLB,full_cross_league,MLB,Jesse Hahn,2016,-0.52350078237898,-0.5723111629486084,0.0023824532513519563
xgboost,NPB,MLB,full_cross_league,MLB,R.A. Dickey,2016,0.8650197215388071,2.713836908340454,3.418124990213156
xgboost,NPB,MLB,full_cross_league,MLB,John Danks,2016,-0.34400683913977503,0.010532742366194725,0.12569831485442817
xgboost,NPB,MLB,full_cross_league,MLB,Kris Medlen,2016,-0.4370088822688971,-0.5038089156150818,0.004462244455051384
xgboost,NPB,MLB,full_cross_league,MLB,Mike Foltynewicz,2016,-0.5218267456026559,-0.39728450775146484,0.015510769008982635
xgboost,NPB,MLB,full_cross_league,MLB,Matt Wisler,2016,-0.52350078237898,-0.056174591183662415,0.21839376897712254
xgboost,NPB,MLB,full_cross_league,MLB,Aaron Blair,2016,-0.52350078237898,-0.2154521644115448,0.09489395103164684
xgboost,NPB,MLB,full_cross_league,MLB,Chris Tillman,2016,1.24632809836821,0.4324526786804199,0.6623931987719763
xgboost,NPB,MLB,full_cross_league,MLB,Kevin Gausman,2016,0.0187011290637993,0.3512313961982727,0.11057637856052425
xgboost,NPB,MLB,full_cross_league,MLB,Tyler Wilson,2016,-0.521640741516398,-0.4013449251651764,0.014471083431606848
xgboost,NPB,MLB,full_cross_league,MLB,Alec Asher,2016,-0.52350078237898,-0.5904960036277771,0.004488359670175273
xgboost,NPB,MLB,full_cross_league,MLB,Drew Pomeranz,2016,0.20470521532204303,0.8271833658218384,0.38747904784964593
xgboost,NPB,MLB,full_cross_league,MLB,Steven Wright,2016,-0.5126195433328731,0.5219076871871948,1.0702465906875216
xgboost,NPB,MLB,full_cross_league,MLB,Eduardo Rodríguez,2016,-0.514293580109197,-0.48233500123023987,0.0010213507639625257
xgboost,NPB,MLB,full_cross_league,MLB,Jake Arrieta,2016,2.2856259303361397,3.5879878997802734,1.6961466994544028
xgboost,NPB,MLB,full_cross_league,MLB,Kyle Hendricks,2016,-0.48155686092774613,1.7453032732009888,4.958906056971848
xgboost,NPB,MLB,full_cross_league,MLB,Eddie Butler,2016,-0.52350078237898,-0.48195621371269226,0.001725951185667898
xgboost,NPB,MLB,full_cross_league,MLB,Miguel González,2016,0.474411140396496,0.440032422542572,0.0011818962412797121
xgboost,NPB,MLB,full_cross_league,MLB,Carlos Rodón,2016,-0.511410516772194,0.31794866919517517,0.6878366593484572
xgboost,NPB,MLB,full_cross_league,MLB,Lucas Giolito,2016,-0.52350078237898,-0.6017618179321289,0.0061247896858512355
xgboost,NPB,MLB,full_cross_league,MLB,Mike Pelfrey,2016,-0.52350078237898,0.24917536973953247,0.5970284360526706
xgboost,NPB,MLB,full_cross_league,MLB,Reynaldo López,2016,-0.52350078237898,-0.5587086081504822,0.001239590995556452
xgboost,NPB,MLB,full_cross_league,MLB,Anthony DeSclafani,2016,-0.5142005780660679,-0.2613607347011566,0.06392798639279287
xgboost,NPB,MLB,full_cross_league,MLB,Brandon Finnegan,2016,-0.5175486516187161,-0.014827914535999298,0.25272813949299006
xgboost,NPB,MLB,full_cross_league,MLB,Cody Reed,2016,-0.523128774206464,-0.5781286954879761,0.0030249913409725274
xgboost,NPB,MLB,full_cross_league,MLB,Robert Stephenson,2016,-0.52350078237898,-0.584394633769989,0.003708061137230289
xgboost,NPB,MLB,full_cross_league,MLB,Tim Adleman,2016,-0.52350078237898,-0.2653827369213104,0.06662492539088759
xgboost,NPB,MLB,full_cross_league,MLB,Trevor Bauer,2016,0.0373015376896236,0.6469772458076477,0.37170446906921406
xgboost,NPB,MLB,full_cross_league,MLB,Danny Salazar,2016,0.00940092475088708,0.4118291437625885,0.16194847145692995
xgboost,NPB,MLB,full_cross_league,MLB,Mike Clevinger,2016,-0.52350078237898,-0.5241994857788086,4.881864409320191e-7
xgboost,NPB,MLB,full_cross_league,MLB,Tyler Chatwood,2016,0.19540501100913002,0.04302190616726875,0.023220610641245684
xgboost,NPB,MLB,full_cross_league,MLB,Chad Bettis,2016,-0.521640741516398,1.1912962198257446,2.934153033532054
xgboost,NPB,MLB,full_cross_league,MLB,Jon Gray,2016,-0.5225707619476888,0.027248699218034744,0.3023014398765666
xgboost,NPB,MLB,full_cross_league,MLB,Tyler Anderson,2016,-0.5225707619476888,-0.3204129636287689,0.04086777542115309
xgboost,NPB,MLB,full_cross_league,MLB,Germán Márquez,2016,-0.523128774206464,-0.5910650491714478,0.004615337456117882
xgboost,NPB,MLB,full_cross_league,MLB,Jeff Hoffman,2016,-0.52350078237898,-0.6364368200302124,0.01275454860036058
xgboost,NPB,MLB,full_cross_league,MLB,Michael Fulmer,2016,-0.5203573133212159,-0.015226934105157852,0.2551567000069586
xgboost,NPB,MLB,full_cross_league,MLB,Daniel Norris,2016,-0.5215477394732689,-0.44533857703208923,0.005807836439986115
xgboost,NPB,MLB,full_cross_league,MLB,Matthew Boyd,2016,-0.521789544785404,-0.40592432022094727,0.013424750263371978
xgboost,NPB,MLB,full_cross_league,MLB,Charlie Morton,2016,0.679015635280563,-0.19116559624671936,0.7572153757023378
xgboost,NPB,MLB,full_cross_league,MLB,Dallas Keuchel,2016,1.07892442073579,0.6671943664550781,0.16952163759799793
xgboost,NPB,MLB,full_cross_league,MLB,Collin McHugh,2016,0.0931027635670966,1.1311322450637817,1.0775052044562767
xgboost,NPB,MLB,full_cross_league,MLB,Joe Musgrove,2016,-0.521938348054411,-0.3852989077568054,0.01867033664484291
xgboost,NPB,MLB,full_cross_league,MLB,Brad Peacock,2016,-0.522291755818302,-0.49443644285202026,7.759184604495037e-4
xgboost,NPB,MLB,full_cross_league,MLB,Danny Duffy,2016,1.79504015283002,1.133130669593811,0.4381241639980251
xgboost,NPB,MLB,full_cross_league,MLB,Jason Hammel,2016,0.8650197215388071,1.669342279434204,0.6469347771393942
xgboost,NPB,MLB,full_cross_league,MLB,Nate Karns,2016,-0.5168046352736831,-0.19860194623470306,0.10125295131163785
xgboost,NPB,MLB,full_cross_league,MLB,Garrett Richards,2016,0.651115022341827,-0.2959607243537903,0.8969524699790611
xgboost,NPB,MLB,full_cross_league,MLB,Matt Shoemaker,2016,-0.004549381718481162,0.6128726601600647,0.38120997779747284
xgboost,NPB,MLB,full_cross_league,MLB,Bud Norris,2016,-0.29750581757521505,0.15775005519390106,0.20725790969076963
xgboost,NPB,MLB,full_cross_league,MLB,Doug Fister,2016,-0.29750581757521505,0.7657609581947327,1.1305362364562201
xgboost,NPB,MLB,full_cross_league,MLB,Tyler Skaggs,2016,-0.5197807006538151,-0.5428462028503418,5.32017391577978e-4
xgboost,NPB,MLB,full_cross_league,MLB,Andrew Heaney,2016,-0.5220127496889139,-0.7112566232681274,0.03581324368726537
xgboost,NPB,MLB,full_cross_league,MLB,Nick Tropeano,2016,-0.5221057517320429,-0.3877709209918976,0.018045846749983486
xgboost,NPB,MLB,full_cross_league,MLB,Alex Meyer,2016,-0.52350078237898,-0.2706228792667389,0.06394723388244401
xgboost,NPB,MLB,full_cross_league,MLB,Daniel Wright,2016,-0.52350078237898,-0.5233185291290283,3.321624711795376e-8
xgboost,NPB,MLB,full_cross_league,MLB,Rich Hill,2016,2.3530524116047493,2.115170478820801,0.05658781394502701
xgboost,NPB,MLB,full_cross_league,MLB,Alex Wood,2016,-0.10220152700405902,-0.44388386607170105,0.11674682083073508
xgboost,NPB,MLB,full_cross_league,MLB,Ross Stripling,2016,-0.5225707619476888,-0.2800420820713043,0.05882016056258179
xgboost,NPB,MLB,full_cross_league,MLB,Julio Urías,2016,-0.5225707619476888,-0.6629720330238342,0.01971251691979727
xgboost,NPB,MLB,full_cross_league,MLB,Brock Stewart,2016,-0.5230357721633351,-0.5399297475814819,2.854064054289502e-4
xgboost,NPB,MLB,full_cross_league,MLB,Edinson Vólquez,2016,1.4230319803135398,0.8722415566444397,0.3033700908055868
xgboost,NPB,MLB,full_cross_league,MLB,Tom Koehler,2016,0.44651052745775904,0.6431494355201721,0.03866686016397814
xgboost,NPB,MLB,full_cross_league,MLB,Jeff Locke,2016,-0.06500070975241032,0.09297379106283188,0.024955942907824956
xgboost,NPB,MLB,full_cross_league,MLB,Dan Straily,2016,-0.520320112503964,1.3200786113739014,3.3870674628512756
xgboost,NPB,MLB,full_cross_league,MLB,Adam Conley,2016,-0.5230357721633351,0.05273080989718437,0.3315071570176529
xgboost,NPB,MLB,full_cross_league,MLB,Justin Nicolino,2016,-0.52350078237898,-0.5133848786354065,1.0233150854924471e-4
xgboost,NPB,MLB,full_cross_league,MLB,Wily Peralta,2016,0.17215450022684997,-0.12823443114757538,0.09023351009226922
xgboost,NPB,MLB,full_cross_league,MLB,Chase Anderson,2016,-0.16730295719444402,0.08869531005620956,0.06553511283533704
xgboost,NPB,MLB,full_cross_league,MLB,Tommy Milone,2016,-0.390507860704336,-0.13491803407669067,0.0653261594755498
xgboost,NPB,MLB,full_cross_league,MLB,Jimmy Nelson,2016,-0.5212687333438811,0.8136082291603088,1.7818965050244129
xgboost,NPB,MLB,full_cross_league,MLB,Junior Guerra,2016,-0.521417536612888,0.7993836402893066,1.7445157489062222
xgboost,NPB,MLB,full_cross_league,MLB,Zach Davies,2016,-0.521417536612888,-0.25949016213417053,0.06860594950131431
xgboost,NPB,MLB,full_cross_league,MLB,Taylor Jungmann,2016,-0.5230171717547089,-0.3958340883255005,0.016175536710560975
xgboost,NPB,MLB,full_cross_league,MLB,Héctor Santiago,2016,0.8650197215388071,0.4777393937110901,0.149986052322344
xgboost,NPB,MLB,full_cross_league,MLB,Kyle Gibson,2016,-0.08360111837823461,0.034931112080812454,0.014049889657596645
xgboost,NPB,MLB,full_cross_league,MLB,Nick Tepesch,2016,-0.4370088822688971,-0.6236778497695923,0.03484530342777559
xgboost,NPB,MLB,full_cross_league,MLB,Tyler Duffey,2016,-0.5221057517320429,-0.10446126759052277,0.17442691513383646
xgboost,NPB,MLB,full_cross_league,MLB,Tim Melville,2016,-0.52350078237898,-0.6167436838150024,0.008694238668207793
xgboost,NPB,MLB,full_cross_league,MLB,Bartolo Colon,2016,-0.52350078237898,2.707430839538574,10.438919145506798
xgboost,NPB,MLB,full_cross_league,MLB,José Berríos,2016,-0.52350078237898,-0.5094671845436096,1.9694186820491257e-4
xgboost,NPB,MLB,full_cross_league,MLB,Matt Harvey,2016,0.33025797354635694,-0.38528335094451904,0.511999387054157
xgboost,NPB,MLB,full_cross_league,MLB,Jacob deGrom,2016,0.130303580818745,0.1001499593257904,9.092408891403727e-4
xgboost,NPB,MLB,full_cross_league,MLB,Noah Syndergaard,2016,-0.510387494297774,1.228137731552124,3.022469960916439
xgboost,NPB,MLB,full_cross_league,MLB,Steven Matz,2016,-0.5184321710284429,-0.4429802894592285,0.005692986432334747
xgboost,NPB,MLB,full_cross_league,MLB,Robert Gsellman,2016,-0.522245254796737,-0.4108390212059021,0.01241134888289567
xgboost,NPB,MLB,full_cross_league,MLB,Michael Pineda,2016,0.7534172697838608,1.0229805707931519,0.07266437325102565
xgboost,NPB,MLB,full_cross_league,MLB,Luis Severino,2016,-0.520529367101005,-0.5542832016944885,0.0011393213497642488
xgboost,NPB,MLB,full_cross_league,MLB,Bryan Mitchell,2016,-0.5205944685311951,-0.6670669913291931,0.02145419993481006
xgboost,NPB,MLB,full_cross_league,MLB,Chad Green,2016,-0.52350078237898,-0.3185306489467621,0.04201275559922122
xgboost,NPB,MLB,full_cross_league,MLB,Luis Cessa,2016,-0.52350078237898,-0.6296681761741638,0.011271515505261632
xgboost,NPB,MLB,full_cross_league,MLB,Jeremy Hellickson,2016,2.5762573151146495,0.7236169576644897,3.4322762940530556
xgboost,NPB,MLB,full_cross_league,MLB,Jerad Eickhoff,2016,-0.52033871291259,1.114699363708496,2.673349512000781
xgboost,NPB,MLB,full_cross_league,MLB,Vince Velasquez,2016,-0.5212687333438811,-0.26920586824417114,0.0635356879622746
xgboost,NPB,MLB,full_cross_league,MLB,Aaron Nola,2016,-0.5218267456026559,-0.21257789433002472,0.09563485201344193
xgboost,NPB,MLB,full_cross_league,MLB,Adam Morgan,2016,-0.5227567660339469,0.05764595419168472,0.33686731764531286
xgboost,NPB,MLB,full_cross_league,MLB,Zach Eflin,2016,-0.523128774206464,-0.46980607509613037,0.0028433102404111722
xgboost,NPB,MLB,full_cross_league,MLB,Jake Thompson,2016,-0.52350078237898,-0.63969886302948,0.013501993946860096
xgboost,NPB,MLB,full_cross_league,MLB,Iván Nova,2016,0.9890225077123308,0.5472448468208313,0.19516750166276473
xgboost,NPB,MLB,full_cross_league,MLB,Gerrit Cole,2016,0.07450235494127233,0.26021862030029297,0.03449053121890217
xgboost,NPB,MLB,full_cross_league,MLB,Jameson Taillon,2016,-0.5196876986106861,-0.3716570734977722,0.021913065971320048
xgboost,NPB,MLB,full_cross_league,MLB,Chad Kuhl,2016,-0.520710721085107,-0.4423312246799469,0.006143345456726499
xgboost,NPB,MLB,full_cross_league,MLB,Tyler Glasnow,2016,-0.5223847578614309,-0.5422307252883911,3.9386242311196563e-4
xgboost,NPB,MLB,full_cross_league,MLB,Steven Brault,2016,-0.52350078237898,-0.5661622881889343,0.0018200040779727657
xgboost,NPB,MLB,full_cross_league,MLB,Christian Friedrich,2016,-0.29006565412488505,-0.07302865386009216,0.047105059483939705
xgboost,NPB,MLB,full_cross_league,MLB,Jhoulys Chacín,2016,-0.29750581757521505,0.1398504674434662,0.19128052004534193
xgboost,NPB,MLB,full_cross_league,MLB,Jarred Cosart,2016,-0.5176788544790972,-0.042561497539281845,0.22573650286547595
xgboost,NPB,MLB,full_cross_league,MLB,Colin Rea,2016,-0.521491938247391,-0.31814414262771606,0.041350325983381106
xgboost,NPB,MLB,full_cross_league,MLB,Robbie Erlin,2016,-0.5215477394732689,-0.29898813366889954,0.0495327781357963
xgboost,NPB,MLB,full_cross_league,MLB,Luis Perdomo,2016,-0.5217709443767791,-0.0621488019824028,0.2112525137791963
xgboost,NPB,MLB,full_cross_league,MLB,Jake Esch,2016,-0.52350078237898,-0.5899221897125244,0.0044118033521686265
xgboost,NPB,MLB,full_cross_league,MLB,Drew Smyly,2016,0.651115022341827,0.8066508769989014,0.024191402083906546
xgboost,NPB,MLB,full_cross_league,MLB,James Paxton,2016,-0.18590336582026804,-0.06848680973052979,0.013786647643974649
xgboost,NPB,MLB,full_cross_league,MLB,Aríel Miranda,2016,-0.5224777599045599,-0.4758077561855316,0.002178089247134115
xgboost,NPB,MLB,full_cross_league,MLB,Rob Whalen,2016,-0.5230357721633351,-0.5826354622840881,0.0035521230624897897
xgboost,NPB,MLB,full_cross_league,MLB,Dillon Overton,2016,-0.5232031758409668,-0.6621401906013489,0.019303494070526638
xgboost,NPB,MLB,full_cross_league,MLB,Ty Blach,2016,-0.5232217762495932,-0.5463876724243164,5.36658745578055e-4
xgboost,NPB,MLB,full_cross_league,MLB,Albert Suárez,2016,-0.52350078237898,-0.31218022108078003,0.0446563796273863
xgboost,NPB,MLB,full_cross_league,MLB,Carlos Martínez,2016,1.27422871130694,0.5210599899291992,0.5672631228617808
xgboost,NPB,MLB,full_cross_league,MLB,Michael Wacha,2016,-0.10685162916051501,-0.2779293656349182,0.029267591917205352
xgboost,NPB,MLB,full_cross_league,MLB,Luke Weaver,2016,-0.52350078237898,-0.5815983414649963,0.0033753263717531583
xgboost,NPB,MLB,full_cross_league,MLB,Alex Cobb,2016,0.15820419375748207,-0.6112164258956909,0.5920080899474727
xgboost,NPB,MLB,full_cross_league,MLB,Jake Odorizzi,2016,0.139603785131657,0.48015254735946655,0.11597345945489317
xgboost,NPB,MLB,full_cross_league,MLB,Nathan Eovaldi,2016,-0.25100479601065406,-0.34144145250320435,0.008178788837551538
xgboost,NPB,MLB,full_cross_league,MLB,Blake Snell,2016,-0.521640741516398,-0.346506267786026,0.03067208388881438
xgboost,NPB,MLB,full_cross_league,MLB,José De León,2016,-0.5233891799272248,-0.5782004594802856,0.003004276366243788
xgboost,NPB,MLB,full_cross_league,MLB,Matt Andriese,2016,-0.52350078237898,-0.2789793014526367,0.059790754634412066
xgboost,NPB,MLB,full_cross_league,MLB,Andrew Cashner,2016,1.23702789405529,-0.011134989559650421,1.557910584033963
xgboost,NPB,MLB,full_cross_league,MLB,A.J. Griffin,2016,-0.25100479601065406,-0.29137688875198364,0.0016299058723145165
xgboost,NPB,MLB,full_cross_league,MLB,Chi Chi González,2016,-0.523128774206464,-0.6092896461486816,0.0074236958538432315
xgboost,NPB,MLB,full_cross_league,MLB,Marcus Stroman,2016,0.00940092475088708,0.16387978196144104,0.02386371732507872
xgboost,NPB,MLB,full_cross_league,MLB,Mat Latos,2016,-0.34400683913977503,-0.21335427463054657,0.017070092612838105
xgboost,NPB,MLB,full_cross_league,MLB,Mike Bolsinger,2016,-0.5215105386560169,-0.5205152034759521,9.90692120674593e-7
xgboost,NPB,MLB,full_cross_league,MLB,Brett Anderson,2016,-0.52350078237898,-0.571854829788208,0.0023381139008538687
xgboost,NPB,MLB,full_cross_league,MLB,Lucas Harrell,2016,-0.52350078237898,-0.27740028500556946,0.06056545480744006
xgboost,NPB,MLB,full_cross_league,MLB,Aaron Sanchez,2016,-0.52350078237898,0.22290608286857605,0.5571232084886834
xgboost,NPB,MLB,full_cross_league,MLB,Stephen Strasburg,2016,4.027089187928949,1.4414255619049072,6.685656386943796
xgboost,NPB,MLB,full_cross_league,MLB,Tanner Roark,2016,0.17959466367718002,0.8499533534049988,0.44938077289359796
xgboost,NPB,MLB,full_cross_league,MLB,Edwin Jackson,2016,-0.4370088822688971,-0.2523464560508728,0.034100211656727275
xgboost,NPB,MLB,full_cross_league,MLB,Joe Ross,2016,-0.5205247169988481,-0.35342296957969666,0.027922993990533874
xgboost,NPB,MLB,full_cross_league,MLB,A.J. Cole,2016,-0.52350078237898,-0.5736203789710999,0.002511973962556831
xgboost,NPB,MLB,full_cross_league,MLB,Patrick Corbin,2017,0.772017678409685,0.7785030007362366,4.205940567926767e-5
xgboost,NPB,MLB,full_cross_league,MLB,Shelby Miller,2017,0.288407054138252,-0.5735846757888794,0.7430297424627685
xgboost,NPB,MLB,full_cross_league,MLB,Taijuan Walker,2017,0.27445674766888406,0.01740172505378723,0.06607728465164794
xgboost,NPB,MLB,full_cross_league,MLB,Robbie Ray,2017,0.111703172192921,1.2634230852127075,1.3264587580463048
xgboost,NPB,MLB,full_cross_league,MLB,Clay Buchholz,2017,-0.34400683913977503,-0.43525487184524536,0.008326203472618582
xgboost,NPB,MLB,full_cross_league,MLB,Zack Godley,2017,-0.5152794017663659,0.3103926479816437,0.6817343337350795
xgboost,NPB,MLB,full_cross_league,MLB,Brett Anderson,2017,0.12100337650583301,-0.366836816072464,0.23798805349482993
xgboost,NPB,MLB,full_cross_league,MLB,Kendall Graveman,2017,-0.184043324957686,-0.2688092589378357,0.007185263563527097
xgboost,NPB,MLB,full_cross_league,MLB,Trevor Cahill,2017,-0.34400683913977503,-0.17274458706378937,0.029330758986138458
xgboost,NPB,MLB,full_cross_league,MLB,Edwin Jackson,2017,-0.34400683913977503,-0.35080215334892273,4.617629520104458e-5
xgboost,NPB,MLB,full_cross_league,MLB,Jharel Cotton,2017,-0.520710721085107,-0.2596067190170288,0.06817529989596696
xgboost,NPB,MLB,full_cross_league,MLB,Sean Manaea,2017,-0.520710721085107,-0.15756800770759583,0.1318726302791812
xgboost,NPB,MLB,full_cross_league,MLB,Andrew Triggs,2017,-0.520710721085107,-0.45987364649772644,0.0037011496443505013
xgboost,NPB,MLB,full_cross_league,MLB,Paul Blackburn,2017,-0.521175731300752,-0.4846259653568268,0.0013358853905557164
xgboost,NPB,MLB,full_cross_league,MLB,Daniel Gossett,2017,-0.521175731300752,-0.3059631288051605,0.04631646427292547
xgboost,NPB,MLB,full_cross_league,MLB,Daniel Mengden,2017,-0.521175731300752,-0.6326992511749268,0.01243749548512545
xgboost,NPB,MLB,full_cross_league,MLB,Mike Foltynewicz,2017,-0.213803978759005,0.2792915105819702,0.24314316160841584
xgboost,NPB,MLB,full_cross_league,MLB,Aníbal Sánchez,2017,-0.4370088822688971,0.243562713265419,0.46317769664812475
xgboost,NPB,MLB,full_cross_league,MLB,Luiz Gohara,2017,-0.5197807006538151,-0.46402376890182495,0.003108835438396087
xgboost,NPB,MLB,full_cross_league,MLB,Sean Newcomb,2017,-0.5197807006538151,-0.17501308023929596,0.11886471208628996
xgboost,NPB,MLB,full_cross_league,MLB,Lucas Sims,2017,-0.521640741516398,-0.6614459753036499,0.019545503394308147
xgboost,NPB,MLB,full_cross_league,MLB,Alex Cobb,2017,2.0275452606528304,0.9526681900024414,1.1553607170099613
xgboost,NPB,MLB,full_cross_league,MLB,Andrew Cashner,2017,0.8650197215388071,0.4145715534687042,0.2029035521177117
xgboost,NPB,MLB,full_cross_league,MLB,Kevin Gausman,2017,0.418609914519023,0.5168034434318542,0.009641969120355023
xgboost,NPB,MLB,full_cross_league,MLB,Dylan Bundy,2017,-0.3179662670636211,0.08297019451856613,0.1607500462260447
xgboost,NPB,MLB,full_cross_league,MLB,Drew Pomeranz,2017,0.958021764667928,1.194414734840393,0.055881636346959966
xgboost,NPB,MLB,full_cross_league,MLB,Eduardo Rodríguez,2017,-0.18125326366381198,-0.32584333419799805,0.020906288497080903
xgboost,NPB,MLB,full_cross_league,MLB,Steven Wright,2017,-0.4184084736430731,-0.3065730333328247,0.012507165709387131
xgboost,NPB,MLB,full_cross_league,MLB,Brian Johnson,2017,-0.5210827292576228,-0.4297974407672882,0.008333003894763609
xgboost,NPB,MLB,full_cross_league,MLB,Yu Darvish,2017,3.283072842895971,1.5905427932739258,2.864657968873603
xgboost,NPB,MLB,full_cross_league,MLB,Tyler Chatwood,2017,1.7330388527452998,0.04721080884337425,2.8420161936061925
xgboost,NPB,MLB,full_cross_league,MLB,Kyle Hendricks,2017,0.15355409160102604,-0.13580934703350067,0.08373119961839752
xgboost,NPB,MLB,full_cross_league,MLB,Eddie Butler,2017,-0.516851136295248,-0.533595621585846,2.803777876470498e-4
xgboost,NPB,MLB,full_cross_league,MLB,Jaime García,2017,-0.521640741516398,0.16318148374557495,0.4689814802127605
xgboost,NPB,MLB,full_cross_league,MLB,Jen-Ho Tseng,2017,-0.521640741516398,-0.6253625154495239,0.010758206387834469
xgboost,NPB,MLB,full_cross_league,MLB,Miguel González,2017,0.26050644119951605,2.013787269592285,3.073993663209635
xgboost,NPB,MLB,full_cross_league,MLB,Carlos Rodón,2017,-0.195203570133181,-0.49451303482055664,0.08958615565144336
xgboost,NPB,MLB,full_cross_league,MLB,Héctor Santiago,2017,-0.25100479601065406,-0.11958324909210205,0.017271622994465167
xgboost,NPB,MLB,full_cross_league,MLB,Lucas Giolito,2017,-0.5197807006538151,-0.536590039730072,2.82553880180578e-4
xgboost,NPB,MLB,full_cross_league,MLB,Reynaldo López,2017,-0.5197807006538151,-0.5100418329238892,9.484554466099278e-5
xgboost,NPB,MLB,full_cross_league,MLB,Carson Fulmer,2017,-0.52033871291259,-0.533575713634491,1.7521818811160565e-4
xgboost,NPB,MLB,full_cross_league,MLB,Dylan Covey,2017,-0.521640741516398,0.16937315464019775,0.47750020468151855
xgboost,NPB,MLB,full_cross_league,MLB,Tyler Danish,2017,-0.521640741516398,-0.49158936738967896,9.030850869040421e-4
xgboost,NPB,MLB,full_cross_league,MLB,Vance Worley,2017,-0.34400683913977503,-0.10113515704870224,0.058986653961747126
xgboost,NPB,MLB,full_cross_league,MLB,Brandon Finnegan,2017,-0.515595608713005,-0.5942950248718262,0.006193598103739319
xgboost,NPB,MLB,full_cross_league,MLB,Luis Castillo,2017,-0.5197807006538151,-0.3402332663536072,0.032237281163787476
xgboost,NPB,MLB,full_cross_league,MLB,Rookie Davis,2017,-0.521640741516398,-0.6249740123748779,0.010677764866311966
xgboost,NPB,MLB,full_cross_league,MLB,Jackson Stephens,2017,-0.521640741516398,-0.5400639772415161,3.394156145832663e-4
xgboost,NPB,MLB,full_cross_league,MLB,Amir Garrett,2017,-0.521640741516398,-0.38390299677848816,0.018971686325485626
xgboost,NPB,MLB,full_cross_league,MLB,Sal Romano,2017,-0.521640741516398,-0.5139470100402832,5.9193504026560405e-5
xgboost,NPB,MLB,full_cross_league,MLB,Tyler Mahle,2017,-0.521640741516398,-0.5919745564460754,0.004946845522562109
xgboost,NPB,MLB,full_cross_league,MLB,Trevor Bauer,2017,0.590663694307898,0.9595586061477661,0.13608345598134405
xgboost,NPB,MLB,full_cross_league,MLB,Danny Salazar,2017,0.30700746276407703,-0.17481748759746552,0.23215528279090294
xgboost,NPB,MLB,full_cross_league,MLB,Adam Wilk,2017,-0.518850680222524,-0.6083846092224121,0.008016324442157004
xgboost,NPB,MLB,full_cross_league,MLB,Mike Clevinger,2017,-0.519129686351912,0.3132341206073761,0.6928295071357591
xgboost,NPB,MLB,full_cross_league,MLB,Ryan Merritt,2017,-0.521491938247391,-0.6280310153961182,0.01135057495970243
xgboost,NPB,MLB,full_cross_league,MLB,Chad Bettis,2017,-0.25100479601065406,-0.5274847745895386,0.07644117855498044
xgboost,NPB,MLB,full_cross_league,MLB,Jon Gray,2017,-0.5197807006538151,-0.10210411995649338,0.1744537260630063
xgboost,NPB,MLB,full_cross_league,MLB,Tyler Anderson,2017,-0.5197807006538151,-0.34605786204338074,0.030179624654867024
xgboost,NPB,MLB,full_cross_league,MLB,Kyle Freeland,2017,-0.520710721085107,-0.03162427991628647,0.23920554693518212
xgboost,NPB,MLB,full_cross_league,MLB,Germán Márquez,2017,-0.520710721085107,0.38618579506874084,0.8224612910119864
xgboost,NPB,MLB,full_cross_league,MLB,Antonio Senzatela,2017,-0.521640741516398,-0.5740094780921936,0.0027424845705450664
xgboost,NPB,MLB,full_cross_league,MLB,Jeff Hoffman,2017,-0.521640741516398,-0.4762463867664337,0.0020606474431656098
xgboost,NPB,MLB,full_cross_league,MLB,Michael Fulmer,2017,-0.5160234181113991,0.30977877974510193,0.6819492699846276
xgboost,NPB,MLB,full_cross_league,MLB,Matthew Boyd,2017,-0.5184786720500081,-0.37472712993621826,0.020664505860092688
xgboost,NPB,MLB,full_cross_league,MLB,Daniel Norris,2017,-0.518590274501763,-0.5811441540718079,0.003912987849263678
xgboost,NPB,MLB,full_cross_league,MLB,Buck Farmer,2017,-0.5198179014710669,-0.2768942415714264,0.0590119045390362
xgboost,NPB,MLB,full_cross_league,MLB,Dallas Keuchel,2017,1.8322409700816702,0.5011286735534668,1.7718599459685878
xgboost,NPB,MLB,full_cross_league,MLB,Collin McHugh,2017,0.30700746276407703,-0.11345621943473816,0.17678970804818625
xgboost,NPB,MLB,full_cross_league,MLB,Brad Peacock,2017,-0.16916299805702703,2.728652238845825,8.397333147226332
xgboost,NPB,MLB,full_cross_league,MLB,David Paulino,2017,-0.521640741516398,-0.5532370805740356,9.983286418451948e-4
xgboost,NPB,MLB,full_cross_league,MLB,Nate Karns,2017,-0.367257349922056,0.06229361146688461,0.18451402843016315
xgboost,NPB,MLB,full_cross_league,MLB,Jesse Hahn,2017,-0.516246623014909,-0.39663025736808777,0.01430807493055403
xgboost,NPB,MLB,full_cross_league,MLB,Eric Skoglund,2017,-0.521640741516398,-0.6238421201705933,0.010445121798818189
xgboost,NPB,MLB,full_cross_league,MLB,Sam Gaviglio,2017,-0.521640741516398,-0.470807284116745,0.0025840403912023423
xgboost,NPB,MLB,full_cross_league,MLB,Garrett Richards,2017,0.7348168611580359,-0.370263934135437,1.2212035641264547
xgboost,NPB,MLB,full_cross_league,MLB,Matt Shoemaker,2017,0.144253887288114,-0.012387918308377266,0.024536655260528964
xgboost,NPB,MLB,full_cross_league,MLB,JC Ramírez,2017,-0.26960520463647797,0.45997241139411926,0.5322834978128895
xgboost,NPB,MLB,full_cross_league,MLB,Tyler Skaggs,2017,-0.274255306792934,-0.4561595618724823,0.03308915801604538
xgboost,NPB,MLB,full_cross_league,MLB,Andrew Heaney,2017,-0.47420969952054604,-0.5897670388221741,0.013353498666471588
xgboost,NPB,MLB,full_cross_league,MLB,Alex Meyer,2017,-0.5204317149557189,-0.14968042075634003,0.1374565221505144
xgboost,NPB,MLB,full_cross_league,MLB,Parker Bridwell,2017,-0.521640741516398,-0.20954552292823792,0.09740342546559146
xgboost,NPB,MLB,full_cross_league,MLB,Alex Wood,2017,0.49301154902232,0.23061996698379517,0.06884934232467989
xgboost,NPB,MLB,full_cross_league,MLB,Julio Urías,2017,-0.520710721085107,-0.6400489807128906,0.0142416202109883
xgboost,NPB,MLB,full_cross_league,MLB,Dan Straily,2017,0.0038208021631397798,1.1902883052825928,1.407705135958509
xgboost,NPB,MLB,full_cross_league,MLB,José Ureña,2017,-0.51606061892865,0.5038369297981262,1.0401910098988871
xgboost,NPB,MLB,full_cross_league,MLB,Adam Conley,2017,-0.521640741516398,-0.05127108097076416,0.22124761756181485
xgboost,NPB,MLB,full_cross_league,MLB,Dillon Peters,2017,-0.521640741516398,-0.5629995465278625,0.0017105507519763405
xgboost,NPB,MLB,full_cross_league,MLB,Jhoulys Chacín,2017,0.8185186999742459,0.6129490733146667,0.042258871404958744
xgboost,NPB,MLB,full_cross_league,MLB,Chase Anderson,2017,0.46976103824004,0.22728407382965088,0.058795078269677115
xgboost,NPB,MLB,full_cross_league,MLB,Jimmy Nelson,2017,0.0652021506283601,1.0906864404678345,1.051618028707571
xgboost,NPB,MLB,full_cross_league,MLB,Wade Miley,2017,-0.15800275288153204,0.47275757789611816,0.3978585948827306
xgboost,NPB,MLB,full_cross_league,MLB,Yovani Gallardo,2017,-0.25100479601065406,-0.2922880947589874,0.001704310755544143
xgboost,NPB,MLB,full_cross_league,MLB,Zach Davies,2017,-0.516618631187425,1.0492322444915771,2.4518889648646978
xgboost,NPB,MLB,full_cross_league,MLB,Brent Suter,2017,-0.5195016945244281,-0.4465041756629944,0.005328637759925366
xgboost,NPB,MLB,full_cross_league,MLB,Brandon Woodruff,2017,-0.5206921206764811,-0.636735737323761,0.01346612096458086
xgboost,NPB,MLB,full_cross_league,MLB,Junior Guerra,2017,-0.521640741516398,-0.2147633135318756,0.09417375580639575
xgboost,NPB,MLB,full_cross_league,MLB,Aaron Wilkerson,2017,-0.521640741516398,-0.461852490901947,0.0035746349115364042
xgboost,NPB,MLB,full_cross_league,MLB,Lance Lynn,2017,1.6090360665717802,1.4435875415802002,0.02737321442188948
xgboost,NPB,MLB,full_cross_league,MLB,Michael Pineda,2017,0.30700746276407703,-0.31303614377975464,0.384454074015882
xgboost,NPB,MLB,full_cross_league,MLB,Kyle Gibson,2017,0.15820419375748207,0.4310028553009033,0.0744191097398821
xgboost,NPB,MLB,full_cross_league,MLB,Aníbal Sánchez,2017,-0.15800275288153204,0.243562713265419,0.1612548236018181
xgboost,NPB,MLB,full_cross_league,MLB,José Berríos,2017,-0.516990639359942,0.3345930874347687,0.7251948437415685
xgboost,NPB,MLB,full_cross_league,MLB,Aaron Slegers,2017,-0.521640741516398,-0.6594797372817993,0.018999588753614308
xgboost,NPB,MLB,full_cross_league,MLB,Adalberto Mejía,2017,-0.521640741516398,-0.37667134404182434,0.02101612620414094
xgboost,NPB,MLB,full_cross_league,MLB,Jason Vargas,2017,0.8650197215388071,0.8135687112808228,0.0026472064565672133
xgboost,NPB,MLB,full_cross_league,MLB,Jacob deGrom,2017,0.7534172697838608,2.038630485534668,1.6517730099405308
xgboost,NPB,MLB,full_cross_league,MLB,Matt Harvey,2017,0.423260016675479,-0.19839051365852356,0.3864493818645466
xgboost,NPB,MLB,full_cross_league,MLB,Noah Syndergaard,2017,-0.06965081190886638,-0.5059740543365479,0.19037797188260533
xgboost,NPB,MLB,full_cross_league,MLB,Zack Wheeler,2017,-0.26960520463647797,-0.27420252561569214,2.1135360185922734e-5
xgboost,NPB,MLB,full_cross_league,MLB,A.J. Griffin,2017,-0.4835099038334581,-0.3863069415092468,0.009448415884602036
xgboost,NPB,MLB,full_cross_league,MLB,Steven Matz,2017,-0.515688610756134,-0.45152515172958374,0.004116949474251798
xgboost,NPB,MLB,full_cross_league,MLB,Seth Lugo,2017,-0.5181066638774909,-0.3883780837059021,0.01682950451333635
xgboost,NPB,MLB,full_cross_league,MLB,Robert Gsellman,2017,-0.5184089205176609,-0.03280264884233475,0.23581345109041063
xgboost,NPB,MLB,full_cross_league,MLB,Rafael Montero,2017,-0.519218038292884,-0.01270363200455904,0.2565568437776144
xgboost,NPB,MLB,full_cross_league,MLB,Chris Flexen,2017,-0.521640741516398,-0.5010003447532654,4.260259785395377e-4
xgboost,NPB,MLB,full_cross_league,MLB,CC Sabathia,2017,1.23702789405529,1.5759004354476929,0.11483459930974586
xgboost,NPB,MLB,full_cross_league,MLB,Sonny Gray,2017,0.5860135921514419,0.4113903045654297,0.030493292567347122
xgboost,NPB,MLB,full_cross_league,MLB,Luis Severino,2017,-0.51048514644306,0.510822594165802,1.0430695010275786
xgboost,NPB,MLB,full_cross_league,MLB,Jordan Montgomery,2017,-0.5150468966585432,-0.11297024041414261,0.16166563749667787
xgboost,NPB,MLB,full_cross_league,MLB,Luis Cessa,2017,-0.5171905937526688,-0.6312199831008911,0.013002701635128466
xgboost,NPB,MLB,full_cross_league,MLB,Jake Arrieta,2017,4.027089187928949,2.053895950317383,3.893491552956015
xgboost,NPB,MLB,full_cross_league,MLB,Aaron Nola,2017,-0.5164326271011669,0.36911532282829285,0.7841951716242689
xgboost,NPB,MLB,full_cross_league,MLB,Jerad Eickhoff,2017,-0.5173626475324579,-0.2006748467683792,0.10029116315278877
xgboost,NPB,MLB,full_cross_league,MLB,Vince Velasquez,2017,-0.519036684308782,-0.440765380859375,0.006126396943669156
xgboost,NPB,MLB,full_cross_league,MLB,Nick Pivetta,2017,-0.5205247169988481,-0.24968451261520386,0.07335441631057417
xgboost,NPB,MLB,full_cross_league,MLB,Ben Lively,2017,-0.520710721085107,-0.30415448546409607,0.04689660318634279
xgboost,NPB,MLB,full_cross_league,MLB,Jake Thompson,2017,-0.5208967251713649,-0.5554804801940918,0.0011960361114719898
xgboost,NPB,MLB,full_cross_league,MLB,Zach Eflin,2017,-0.521640741516398,-0.6189448833465576,0.009468096017303808
xgboost,NPB,MLB,full_cross_league,MLB,Gerrit Cole,2017,0.6325146137160019,0.6945036053657532,0.0038426350857529296
xgboost,NPB,MLB,full_cross_league,MLB,Jameson Taillon,2017,-0.5168046352736831,-0.13962243497371674,0.14226641222312397
xgboost,NPB,MLB,full_cross_league,MLB,Chad Kuhl,2017,-0.5168976373168132,-0.08353966474533081,0.18779913239126564
xgboost,NPB,MLB,full_cross_league,MLB,Trevor Williams,2017,-0.5170836414030711,-0.04298892617225647,0.2247657990097872
xgboost,NPB,MLB,full_cross_league,MLB,Tyler Glasnow,2017,-0.5195016945244281,-0.601678192615509,0.006752976838513433
xgboost,NPB,MLB,full_cross_league,MLB,Clayton Richard,2017,-0.06500070975241032,-0.010033453814685345,0.0030213992253233612
xgboost,NPB,MLB,full_cross_league,MLB,Tyson Ross,2017,-0.29750581757521505,-0.3254866898059845,7.829292107946449e-4
xgboost,NPB,MLB,full_cross_league,MLB,Luis Perdomo,2017,-0.517585852435968,0.40292593836784363,0.8473419570088403
xgboost,NPB,MLB,full_cross_league,MLB,Dinelson Lamet,2017,-0.5196504977934351,0.013439716771245003,0.28418517686461664
xgboost,NPB,MLB,full_cross_league,MLB,James Paxton,2017,0.288407054138252,1.4975165128707886,1.4619456831964877
xgboost,NPB,MLB,full_cross_league,MLB,Erasmo Ramírez,2017,0.15820419375748207,-0.2700909674167633,0.18343674508527283
xgboost,NPB,MLB,full_cross_league,MLB,Marco Gonzales,2017,-0.520654919859229,-0.6161726117134094,0.009123629457150173
xgboost,NPB,MLB,full_cross_league,MLB,Aríel Miranda,2017,-0.521640741516398,0.29649123549461365,0.6693399318079466
xgboost,NPB,MLB,full_cross_league,MLB,Rob Whalen,2017,-0.521640741516398,-0.5502426624298096,8.180698799370471e-4
xgboost,NPB,MLB,full_cross_league,MLB,Chase De Jong,2017,-0.521640741516398,-0.577215313911438,0.003088533096891535
xgboost,NPB,MLB,full_cross_league,MLB,Christian Bergman,2017,-0.521640741516398,-0.15780119597911835,0.13237921489677423
xgboost,NPB,MLB,full_cross_league,MLB,Derek Holland,2017,-0.29750581757521505,-0.0463678315281868,0.06307028803575736
xgboost,NPB,MLB,full_cross_league,MLB,Ty Blach,2017,-0.5179206597912329,-0.0801786333322525,0.1916180817284147
xgboost,NPB,MLB,full_cross_league,MLB,Chris Stratton,2017,-0.520245710869461,-0.46128422021865845,0.0034764573797646803
xgboost,NPB,MLB,full_cross_league,MLB,Michael Wacha,2017,0.36280868864155,0.31136059761047363,0.0026469060707419233
xgboost,NPB,MLB,full_cross_league,MLB,Luke Weaver,2017,-0.5205619178161,-0.12340478599071503,0.15773378735976618
xgboost,NPB,MLB,full_cross_league,MLB,Jack Flaherty,2017,-0.521640741516398,-0.6050618886947632,0.006959087796554456
xgboost,NPB,MLB,full_cross_league,MLB,Jake Odorizzi,2017,0.548812774899793,0.09156279265880585,0.20907754625938305
xgboost,NPB,MLB,full_cross_league,MLB,Matt Andriese,2017,-0.519148286760537,-0.401734322309494,0.013786039048110793
xgboost,NPB,MLB,full_cross_league,MLB,Blake Snell,2017,-0.519185487577789,-0.4052838981151581,0.012973572082113725
xgboost,NPB,MLB,full_cross_league,MLB,Jake Faria,2017,-0.5197807006538151,-0.45377179980278015,0.004357174991561762
xgboost,NPB,MLB,full_cross_league,MLB,Anthony Banda,2017,-0.521640741516398,-0.6216040849685669,0.009992670034136267
xgboost,NPB,MLB,full_cross_league,MLB,Ryan Weber,2017,-0.521640741516398,-0.6047117114067078,0.006900786038516743
xgboost,NPB,MLB,full_cross_league,MLB,Doug Fister,2017,0.12100337650583301,-0.1318802684545517,0.06395013788844991
xgboost,NPB,MLB,full_cross_league,MLB,Yovani Gallardo,2017,-0.25100479601065406,-0.2922880947589874,0.001704310755544143
xgboost,NPB,MLB,full_cross_league,MLB,Edinson Vólquez,2017,-0.4370088822688971,-0.052342548966407776,0.1479681879763818
xgboost,NPB,MLB,full_cross_league,MLB,Bartolo Colon,2017,-0.29750581757521505,1.0914723873138428,1.9292604536568294
xgboost,NPB,MLB,full_cross_league,MLB,Jesse Chavez,2017,-0.34400683913977503,0.4652418792247772,0.6548834881746705
xgboost,NPB,MLB,full_cross_league,MLB,Chris Tillman,2017,-0.521640741516398,-0.11645490676164627,0.16417556068590503
xgboost,NPB,MLB,full_cross_league,MLB,Marco Estrada,2017,1.79504015283002,1.5841137170791626,0.04448996129856055
xgboost,NPB,MLB,full_cross_league,MLB,Jaime García,2017,1.23702789405529,0.16318148374557495,1.1531461129350606
xgboost,NPB,MLB,full_cross_league,MLB,Marcus Stroman,2017,0.5860135921514419,0.4648411273956299,0.014682766214998502
xgboost,NPB,MLB,full_cross_league,MLB,Aaron Sanchez,2017,-0.12080193562988299,-0.6018825173377991,0.2314385260964269
xgboost,NPB,MLB,full_cross_league,MLB,Nick Tepesch,2017,-0.5165628299615478,-0.5700572729110718,0.002861655426479877
xgboost,NPB,MLB,full_cross_league,MLB,Chris Rowley,2017,-0.521640741516398,-0.5024873614311218,3.66851968691056e-4
xgboost,NPB,MLB,full_cross_league,MLB,Tanner Roark,2017,0.5813634899949858,1.0771628618240356,0.24581701710608045
xgboost,NPB,MLB,full_cross_league,MLB,Jeremy Hellickson,2017,-0.25100479601065406,1.068246841430664,1.7404248828915991
xgboost,NPB,MLB,full_cross_league,MLB,Edwin Jackson,2017,-0.34400683913977503,-0.35080215334892273,4.617629520104458e-5
xgboost,NPB,MLB,full_cross_league,MLB,Joe Ross,2017,-0.517381247941084,-0.6324337124824524,0.013237069597042836
xgboost,NPB,MLB,full_cross_league,MLB,A.J. Cole,2017,-0.519724899427938,-0.5002639889717102,3.7872703578531556e-4
xgboost,NPB,MLB,full_cross_league,MLB,Erick Fedde,2017,-0.521640741516398,-0.5898934006690979,0.0046584254814146225
xgboost,NPB,MLB,full_cross_league,MLB,Robbie Ray,2018,0.5023117533352319,0.5487399101257324,0.0021555737429632973
xgboost,NPB,MLB,full_cross_league,MLB,Taijuan Walker,2018,0.311657564920533,-0.6205348372459412,0.8689826746569015
xgboost,NPB,MLB,full_cross_league,MLB,Zack Godley,2018,-0.5096620783613669,1.5659005641937256,4.307960283170278
xgboost,NPB,MLB,full_cross_league,MLB,Luke Weaver,2018,-0.514888793185224,-0.45967477560043335,0.0030485877378535666
xgboost,NPB,MLB,full_cross_league,MLB,Matt Koch,2018,-0.5174370491669618,-0.27858057618141174,0.057052414687096785
xgboost,NPB,MLB,full_cross_league,MLB,Marco Estrada,2018,0.12100337650583301,0.8868162631988525,0.5864693774250955
xgboost,NPB,MLB,full_cross_league,MLB,Sean Manaea,2018,-0.037100096813673794,0.07916523516178131,0.013517627419362783
xgboost,NPB,MLB,full_cross_league,MLB,Brett Anderson,2018,-0.34400683913977503,-0.04815548658370972,0.08752802280925326
xgboost,NPB,MLB,full_cross_league,MLB,Chris Bassitt,2018,-0.5179206597912329,-0.4016396999359131,0.013521261624874503
xgboost,NPB,MLB,full_cross_league,MLB,Daniel Gossett,2018,-0.518850680222524,-0.6234365105628967,0.010938195907985226
xgboost,NPB,MLB,full_cross_league,MLB,Frankie Montas,2018,-0.518850680222524,-0.4460844099521637,0.005294930089059123
xgboost,NPB,MLB,full_cross_league,MLB,Edwin Jackson,2018,-0.5197807006538151,-0.27723538875579834,0.05882822832370623
xgboost,NPB,MLB,full_cross_league,MLB,Paul Blackburn,2018,-0.5197807006538151,-0.5584593415260315,0.0014960372597218887
xgboost,NPB,MLB,full_cross_league,MLB,Daniel Mengden,2018,-0.5197807006538151,0.03318973258137703,0.3057763000323161
xgboost,NPB,MLB,full_cross_league,MLB,Dallas Keuchel,2018,3.2870769528608506,0.5281538367271423,7.611656760736931
xgboost,NPB,MLB,full_cross_league,MLB,Kevin Gausman,2018,1.1161252379874398,0.3206609785556793,0.6327633880333191
xgboost,NPB,MLB,full_cross_league,MLB,Mike Foltynewicz,2018,0.39535940373674205,0.9347272515296936,0.29091767523280054
xgboost,NPB,MLB,full_cross_league,MLB,Sean Newcomb,2018,-0.51606061892865,0.050189439207315445,0.3206391283389842
xgboost,NPB,MLB,full_cross_league,MLB,Touki Toussaint,2018,-0.5197807006538151,-0.5381085276603699,3.359092427821986e-4
xgboost,NPB,MLB,full_cross_league,MLB,Michael Soroka,2018,-0.5197807006538151,-0.6256487369537354,0.011208041110001232
xgboost,NPB,MLB,full_cross_league,MLB,Dylan Bundy,2018,-0.10220152700405902,0.4200645685195923,0.2727618745335197
xgboost,NPB,MLB,full_cross_league,MLB,Dan Straily,2018,-0.51606061892865,-0.06278161704540253,0.20546185354827304
xgboost,NPB,MLB,full_cross_league,MLB,David Hess,2018,-0.51819966592062,-0.3201355040073395,0.039229412234410184
xgboost,NPB,MLB,full_cross_league,MLB,Jimmy Yacabonis,2018,-0.519036684308782,-0.4911925494670868,7.752958450825064e-4
xgboost,NPB,MLB,full_cross_league,MLB,Josh Rogers,2018,-0.5197807006538151,-0.6506312489509583,0.017121865989662994
xgboost,NPB,MLB,full_cross_league,MLB,Yefry Ramírez,2018,-0.5197807006538151,-0.5681710243225098,0.0023416234247610316
xgboost,NPB,MLB,full_cross_league,MLB,Luis Ortiz,2018,-0.5197807006538151,-0.6661295294761658,0.0214179796976737
xgboost,NPB,MLB,full_cross_league,MLB,Nathan Eovaldi,2018,2.5390564978629993,-0.3523406982421875,8.360177745644936
xgboost,NPB,MLB,full_cross_league,MLB,Eduardo Rodríguez,2018,0.176804602383306,0.9416642189025879,0.585010232982023
xgboost,NPB,MLB,full_cross_league,MLB,Erasmo Ramírez,2018,-0.4370088822688971,-0.5380796194076538,0.010215293905771652
xgboost,NPB,MLB,full_cross_league,MLB,Jhoulys Chacín,2018,-0.5197807006538151,2.190037965774536,7.3431172049235265
xgboost,NPB,MLB,full_cross_league,MLB,Kyle Hendricks,2018,0.754347290215152,1.2465265989303589,0.2422404719273789
xgboost,NPB,MLB,full_cross_league,MLB,Mike Montgomery,2018,-0.16916299805702703,-0.00693043228238821,0.02631940539782251
xgboost,NPB,MLB,full_cross_league,MLB,Kendall Graveman,2018,-0.51606061892865,-0.49471575021743774,4.556034202988863e-4
xgboost,NPB,MLB,full_cross_league,MLB,Ervin Santana,2018,0.176804602383306,-0.18618741631507874,0.13176320563872848
xgboost,NPB,MLB,full_cross_league,MLB,Carlos Rodón,2018,0.15820419375748207,-0.3353479206562042,0.24359368964222047
xgboost,NPB,MLB,full_cross_league,MLB,Reynaldo López,2018,-0.5151305984973589,0.291655957698822,0.6509045472588934
xgboost,NPB,MLB,full_cross_league,MLB,Lucas Giolito,2018,-0.5164326271011669,0.23117807507514954,0.5589217620085649
xgboost,NPB,MLB,full_cross_league,MLB,Dylan Covey,2018,-0.5168046352736831,-0.020797640085220337,0.24602293927588775
xgboost,NPB,MLB,full_cross_league,MLB,Carson Fulmer,2018,-0.5197807006538151,-0.594094455242157,0.0055225341210163046
xgboost,NPB,MLB,full_cross_league,MLB,Michael Kopech,2018,-0.5197807006538151,0.22915054857730865,0.5608980160748916
xgboost,NPB,MLB,full_cross_league,MLB,Sonny Gray,2018,1.2680286370996998,0.0857941284775734,1.3976784333770007
xgboost,NPB,MLB,full_cross_league,MLB,Tanner Roark,2018,1.23702789405529,0.7113677859306335,0.2763185492736254
xgboost,NPB,MLB,full_cross_league,MLB,Alex Wood,2018,1.1719264638649098,-0.1372045874595642,1.7138241095419227
xgboost,NPB,MLB,full_cross_league,MLB,Anthony DeSclafani,2018,-0.22775428522837302,-0.32995280623435974,0.01044453769581111
xgboost,NPB,MLB,full_cross_league,MLB,Tyler Mahle,2018,-0.516990639359942,-0.3501061201095581,0.02785044276543177
xgboost,NPB,MLB,full_cross_league,MLB,Robert Stephenson,2018,-0.5179206597912329,-0.5475410223007202,8.773658751934406e-4
xgboost,NPB,MLB,full_cross_league,MLB,Luis Castillo,2018,-0.5193156904381702,0.23754386603832245,0.5728363882297931
xgboost,NPB,MLB,full_cross_league,MLB,Brandon Finnegan,2018,-0.5197807006538151,-0.6009023189544678,0.006580716955716787
xgboost,NPB,MLB,full_cross_league,MLB,Sal Romano,2018,-0.5197807006538151,-0.28039440512657166,0.057305798486256734
xgboost,NPB,MLB,full_cross_league,MLB,Carlos Carrasco,2018,1.56253504500722,2.1739277839660645,0.3738010812515978
xgboost,NPB,MLB,full_cross_league,MLB,Trevor Bauer,2018,1.79504015283002,1.700626254081726,0.008913984276853087
xgboost,NPB,MLB,full_cross_league,MLB,Mike Clevinger,2018,-0.512861348645009,1.447644591331482,3.843583540683104
xgboost,NPB,MLB,full_cross_league,MLB,Shane Bieber,2018,-0.5189250818570269,-0.19807052612304688,0.1029476459352497
xgboost,NPB,MLB,full_cross_league,MLB,Jefry Rodríguez,2018,-0.5197807006538151,-0.35446733236312866,0.02732850973561213
xgboost,NPB,MLB,full_cross_league,MLB,Adam Plutko,2018,-0.5197807006538151,-0.5436780452728271,5.710830798398242e-4
xgboost,NPB,MLB,full_cross_league,MLB,Germán Márquez,2018,0.976622173293753,0.8941828608512878,0.006796240235986391
xgboost,NPB,MLB,full_cross_league,MLB,Chad Bettis,2018,-0.004549381718481162,0.0713009312748909,0.005753269981192506
xgboost,NPB,MLB,full_cross_league,MLB,Jon Gray,2018,-0.0789510162217785,0.33638012409210205,0.1724999561144283
xgboost,NPB,MLB,full_cross_league,MLB,Tyler Anderson,2018,-0.13475224209925202,0.9581410884857178,1.1944158320371079
xgboost,NPB,MLB,full_cross_league,MLB,Germán Márquez,2018,-0.5179206597912329,0.8941828608512878,1.9940363530110021
xgboost,NPB,MLB,full_cross_league,MLB,Kyle Freeland,2018,-0.5179206597912329,0.665831983089447,1.4012703195269947
xgboost,NPB,MLB,full_cross_league,MLB,Antonio Senzatela,2018,-0.518850680222524,-0.6371750235557556,0.014000650225240472
xgboost,NPB,MLB,full_cross_league,MLB,Tyson Ross,2018,0.44651052745775904,0.20188532769680023,0.059841488358089
xgboost,NPB,MLB,full_cross_league,MLB,Michael Fulmer,2018,-0.10220152700405902,-0.07132507860660553,9.53355065640608e-4
xgboost,NPB,MLB,full_cross_league,MLB,Matthew Boyd,2018,-0.13940234425570802,0.3458820581436157,0.23550095121206877
xgboost,NPB,MLB,full_cross_league,MLB,Daniel Norris,2018,-0.38585775854788,-0.47242090106010437,0.007493177641591664
xgboost,NPB,MLB,full_cross_league,MLB,Spencer Turnbull,2018,-0.519576096158931,-0.6983732581138611,0.03196842512313751
xgboost,NPB,MLB,full_cross_league,MLB,Edwin Jackson,2018,-0.5197807006538151,-0.27723538875579834,0.05882822832370623
xgboost,NPB,MLB,full_cross_league,MLB,Ryan Carpenter,2018,-0.5197807006538151,-0.46938708424568176,0.0025395165746900854
xgboost,NPB,MLB,full_cross_league,MLB,Gerrit Cole,2018,1.88804219595915,1.5553714036941528,0.11066985602622091
xgboost,NPB,MLB,full_cross_league,MLB,Wade Miley,2018,0.214005419634955,0.27943238615989685,0.0042806879486558605
xgboost,NPB,MLB,full_cross_league,MLB,Josh James,2018,-0.517585852435968,-0.4377281069755554,0.006377259510020046
xgboost,NPB,MLB,full_cross_league,MLB,Framber Valdez,2018,-0.5176230532532201,-0.561231255531311,0.0019016753059268945
xgboost,NPB,MLB,full_cross_league,MLB,Eric Skoglund,2018,-0.5173300968173629,-0.340293824672699,0.03134184165487949
xgboost,NPB,MLB,full_cross_league,MLB,Trevor Oaks,2018,-0.519715599223625,-0.5931246280670166,0.005388885515729903
xgboost,NPB,MLB,full_cross_league,MLB,Homer Bailey,2018,-0.5197807006538151,0.4792524576187134,0.9980672513279829
xgboost,NPB,MLB,full_cross_league,MLB,Heath Fillmyer,2018,-0.5197807006538151,-0.5548832416534424,0.0012321883846305145
xgboost,NPB,MLB,full_cross_league,MLB,Ben Lively,2018,-0.5197807006538151,-0.530028760433197,1.0502272924178549e-4
xgboost,NPB,MLB,full_cross_league,MLB,Trevor Cahill,2018,1.0510238077970497,0.038671888411045074,1.0248564086845278
xgboost,NPB,MLB,full_cross_league,MLB,Tyler Skaggs,2018,0.0652021506283601,-0.0965522900223732,0.026164499070231603
xgboost,NPB,MLB,full_cross_league,MLB,Andrew Heaney,2018,0.00940092475088708,0.6249960660934448,0.3789573780445637
xgboost,NPB,MLB,full_cross_league,MLB,JC Ramírez,2018,-0.26941920055022,-0.4527435302734375,0.03360780986846697
xgboost,NPB,MLB,full_cross_league,MLB,Nick Tropeano,2018,-0.4230585757995291,-0.24916598200798035,0.03023863417555258
xgboost,NPB,MLB,full_cross_league,MLB,Félix Peña,2018,-0.5171766434462,-0.3341873586177826,0.033485078362015655
xgboost,NPB,MLB,full_cross_league,MLB,Jaime Barria,2018,-0.51819966592062,-0.18460027873516083,0.11128855113051386
xgboost,NPB,MLB,full_cross_league,MLB,Dillon Peters,2018,-0.5197807006538151,-0.4737944006919861,0.0021147397841793153
xgboost,NPB,MLB,full_cross_league,MLB,Clayton Kershaw,2018,5.1431137054784,1.3658989667892456,14.267351182170575
xgboost,NPB,MLB,full_cross_league,MLB,Ross Stripling,2018,-0.5123405372034862,-0.1377469301223755,0.14032037046603751
xgboost,NPB,MLB,full_cross_league,MLB,Walker Buehler,2018,-0.516990639359942,0.01289538573473692,0.28077919959063874
xgboost,NPB,MLB,full_cross_league,MLB,Dan Straily,2018,0.30700746276407703,-0.06278161704540253,0.13674396354634163
xgboost,NPB,MLB,full_cross_league,MLB,José Ureña,2018,-0.027799892500761595,0.025988297536969185,0.00289316938753504
xgboost,NPB,MLB,full_cross_league,MLB,Trevor Richards,2018,-0.516990639359942,-0.011195976287126541,0.25582824119294295
xgboost,NPB,MLB,full_cross_league,MLB,Caleb Smith,2018,-0.5195016945244281,-0.23449592292308807,0.08122828984607518
xgboost,NPB,MLB,full_cross_league,MLB,Sandy Alcantara,2018,-0.5197807006538151,-0.5785986185073853,0.003459547460629327
xgboost,NPB,MLB,full_cross_league,MLB,Pablo López,2018,-0.5197807006538151,-0.4994627833366394,4.128177641075879e-4
xgboost,NPB,MLB,full_cross_league,MLB,Jeff Brigham,2018,-0.5197807006538151,-0.5485185384750366,8.258633226388303e-4
xgboost,NPB,MLB,full_cross_league,MLB,Zach Davies,2018,-0.13940234425570802,-0.5807188749313354,0.194760280247572
xgboost,NPB,MLB,full_cross_league,MLB,Junior Guerra,2018,-0.20915387660254897,0.5441761016845703,0.5675060561860715
xgboost,NPB,MLB,full_cross_league,MLB,Gio González,2018,-0.25100479601065406,0.7419045567512512,0.9858689828020657
xgboost,NPB,MLB,full_cross_league,MLB,Brent Suter,2018,-0.5173068463065811,-0.2548805773258209,0.06886754665116228
xgboost,NPB,MLB,full_cross_league,MLB,Freddy Peralta,2018,-0.517995061425736,-0.31423190236091614,0.041519424992075095
xgboost,NPB,MLB,full_cross_league,MLB,Jake Odorizzi,2018,1.14402585092617,0.9858262538909912,0.02502711250209296
xgboost,NPB,MLB,full_cross_league,MLB,Kyle Gibson,2018,0.8882702323210871,0.9408613443374634,0.002765825063119032
xgboost,NPB,MLB,full_cross_league,MLB,Martín Pérez,2018,0.12100337650583301,-0.4124301075935364,0.2845512819583922
xgboost,NPB,MLB,full_cross_league,MLB,José Berríos,2018,-0.50769043504703,0.41241100430488586,0.8465866586974674
xgboost,NPB,MLB,full_cross_league,MLB,Adalberto Mejía,2018,-0.518850680222524,-0.6188555955886841,0.01000098309739284
xgboost,NPB,MLB,full_cross_league,MLB,Chase De Jong,2018,-0.5197807006538151,-0.586330235004425,0.004428840522283014
xgboost,NPB,MLB,full_cross_league,MLB,Kohl Stewart,2018,-0.5197807006538151,-0.6425691843032837,0.015077011716935816
xgboost,NPB,MLB,full_cross_league,MLB,Fernando Romero,2018,-0.5197807006538151,-0.5677841305732727,0.0023043292840322777
xgboost,NPB,MLB,full_cross_league,MLB,Stephen Gonsalves,2018,-0.5197807006538151,-0.5239609479904175,1.7474467795171315e-5
xgboost,NPB,MLB,full_cross_league,MLB,Jacob deGrom,2018,4.492099403574551,2.6179354190826416,3.5124906407665906
xgboost,NPB,MLB,full_cross_league,MLB,Jacob deGrom,2018,2.5390564978629993,2.6179354190826416,0.006221884212774544
xgboost,NPB,MLB,full_cross_league,MLB,Noah Syndergaard,2018,0.49301154902232,0.6285690069198608,0.018375824391643564
xgboost,NPB,MLB,full_cross_league,MLB,Zack Wheeler,2018,0.4883614468658641,1.2374166250228882,0.561083659923851
xgboost,NPB,MLB,full_cross_league,MLB,Steven Matz,2018,-0.13475224209925202,0.2239127904176712,0.1286406055503656
xgboost,NPB,MLB,full_cross_league,MLB,Corey Oswalt,2018,-0.5197807006538151,-0.5847281217575073,0.004218167508020326
xgboost,NPB,MLB,full_cross_league,MLB,Walker Lockett,2018,-0.5197807006538151,-0.6290284991264343,0.011935081471114025
xgboost,NPB,MLB,full_cross_league,MLB,Luis Severino,2018,1.23702789405529,0.9339385032653809,0.0918631788093982
xgboost,NPB,MLB,full_cross_league,MLB,J.A. Happ,2018,2.5390564978629993,2.0525434017181396,0.2366949927204574
xgboost,NPB,MLB,full_cross_league,MLB,James Paxton,2018,0.9719720711372969,2.245511770248413,1.621903365212032
xgboost,NPB,MLB,full_cross_league,MLB,CC Sabathia,2018,0.8650197215388071,0.6642647981643677,0.04030253925907706
xgboost,NPB,MLB,full_cross_league,MLB,Sonny Gray,2018,0.772017678409685,0.0857941284775734,0.4709027604814293
xgboost,NPB,MLB,full_cross_league,MLB,Gio González,2018,-0.06500070975241032,0.7419045567512512,0.6510961091113451
xgboost,NPB,MLB,full_cross_league,MLB,Jordan Montgomery,2018,-0.5120429306654721,-0.5565042495727539,0.001976808878975012
xgboost,NPB,MLB,full_cross_league,MLB,Domingo Germán,2018,-0.515595608713005,-0.4769945740699768,0.0014900398755122648
xgboost,NPB,MLB,full_cross_league,MLB,Aaron Nola,2018,1.4695330018780999,1.5083962678909302,0.0015103534451840106
xgboost,NPB,MLB,full_cross_league,MLB,Vince Velasquez,2018,-0.204689778532351,0.36601072549819946,0.3256990653007244
xgboost,NPB,MLB,full_cross_league,MLB,Nick Pivetta,2018,-0.5117825249447109,0.345913827419281,0.735643032858497
xgboost,NPB,MLB,full_cross_league,MLB,Zach Eflin,2018,-0.5132705576347771,-0.16844527423381805,0.11890447607255175
xgboost,NPB,MLB,full_cross_league,MLB,Ranger Suárez,2018,-0.5197807006538151,-0.6462004780769348,0.015981960123711128
xgboost,NPB,MLB,full_cross_league,MLB,Francisco Liriano,2018,-0.28820561326230204,0.2228131890296936,0.2611402162959458
xgboost,NPB,MLB,full_cross_league,MLB,Jameson Taillon,2018,-0.513735567850423,0.980528712272644,2.2328257388517074
xgboost,NPB,MLB,full_cross_league,MLB,Trevor Williams,2018,-0.5143865821523258,0.391802579164505,0.8211787960881012
xgboost,NPB,MLB,full_cross_league,MLB,Joe Musgrove,2018,-0.5146655882817139,-0.21395891904830933,0.0904245009214482
xgboost,NPB,MLB,full_cross_league,MLB,Chad Kuhl,2018,-0.5155026066698761,-0.47381821274757385,0.001737588696669671
xgboost,NPB,MLB,full_cross_league,MLB,Nick Kingham,2018,-0.5171766434462,-0.4506279528141022,0.004428728224846659
xgboost,NPB,MLB,full_cross_league,MLB,Aaron Slegers,2018,-0.5197807006538151,-0.5839018225669861,0.004111518275403736
xgboost,NPB,MLB,full_cross_league,MLB,Garrett Richards,2018,0.8185186999742459,0.06943773478269577,0.5611222924123043
xgboost,NPB,MLB,full_cross_league,MLB,Bryan Mitchell,2018,-0.4537492500321389,-0.5077460408210754,0.0029156534155041825
xgboost,NPB,MLB,full_cross_league,MLB,Joey Lucchesi,2018,-0.5179020593826069,-0.18693044781684875,0.1095422076624351
xgboost,NPB,MLB,full_cross_league,MLB,Eric Lauer,2018,-0.5183856700068791,-0.3720773160457611,0.021406134438811782
xgboost,NPB,MLB,full_cross_league,MLB,Jacob Nix,2018,-0.5194458932985512,-0.5618178248405457,0.0017953805825994666
xgboost,NPB,MLB,full_cross_league,MLB,Brett Kennedy,2018,-0.5195946965675571,-0.4849694073200226,0.001198910655475428
xgboost,NPB,MLB,full_cross_league,MLB,Luis Perdomo,2018,-0.5197807006538151,-0.6054651141166687,0.007341818710473248
xgboost,NPB,MLB,full_cross_league,MLB,Wade LeBlanc,2018,-0.11150173131697101,0.6057774424552917,0.51448941312742
xgboost,NPB,MLB,full_cross_league,MLB,Marco Gonzales,2018,-0.446309086581809,-0.014085391536355019,0.1868173225587456
xgboost,NPB,MLB,full_cross_league,MLB,Tommy Milone,2018,-0.5197807006538151,-0.2986273169517517,0.04890881912287208
xgboost,NPB,MLB,full_cross_league,MLB,Derek Holland,2018,0.679015635280563,0.3765907287597656,0.09146082408411302
xgboost,NPB,MLB,full_cross_league,MLB,Chris Stratton,2018,-0.5174556495755871,-0.32717227935791016,0.036207760981397503
xgboost,NPB,MLB,full_cross_league,MLB,Dereck Rodríguez,2018,-0.518618175114701,-0.19696101546287537,0.10346332835528003
xgboost,NPB,MLB,full_cross_league,MLB,Andrew Suárez,2018,-0.5197807006538151,0.11276081949472427,0.40010877471182504
xgboost,NPB,MLB,full_cross_league,MLB,Tyler Beede,2018,-0.5197807006538151,-0.6021361947059631,0.006782427400573391
xgboost,NPB,MLB,full_cross_league,MLB,Michael Wacha,2018,0.5581129792127049,-0.33996284008026123,0.8065401771987323
xgboost,NPB,MLB,full_cross_league,MLB,Adam Wainwright,2018,-0.25100479601065406,-0.09528366476297379,0.024249070717057265
xgboost,NPB,MLB,full_cross_league,MLB,John Gant,2018,-0.5167488340478061,-0.27836406230926514,0.0568272993968363
xgboost,NPB,MLB,full_cross_league,MLB,Alex Reyes,2018,-0.517995061425736,-0.6801745295524597,0.02630217988186698
xgboost,NPB,MLB,full_cross_league,MLB,Jack Flaherty,2018,-0.518460071641382,0.07687824219465256,0.35442770792113276
xgboost,NPB,MLB,full_cross_league,MLB,Blake Snell,2018,1.23702789405529,1.3781559467315674,0.01991712725219815
xgboost,NPB,MLB,full_cross_league,MLB,Charlie Morton,2018,2.16704832534651,4.005062103271484,3.378294647842037
xgboost,NPB,MLB,full_cross_league,MLB,Blake Snell,2018,-0.516302424240786,1.3781559467315674,3.588972519347223
xgboost,NPB,MLB,full_cross_league,MLB,Jake Faria,2018,-0.5197807006538151,-0.5398610234260559,4.032193626373729e-4
xgboost,NPB,MLB,full_cross_league,MLB,Lance Lynn,2018,1.23702789405529,1.1915549039840698,0.0020677928260172795
xgboost,NPB,MLB,full_cross_league,MLB,Shelby Miller,2018,-0.25100479601065406,-0.42213931679725647,0.02928702420486005
xgboost,NPB,MLB,full_cross_league,MLB,Yohander Méndez,2018,-0.5192226883950409,-0.6198170185089111,0.010119219251058293
xgboost,NPB,MLB,full_cross_league,MLB,Jen-Ho Tseng,2018,-0.5197807006538151,-0.6457335948944092,0.015864131567582276
xgboost,NPB,MLB,full_cross_league,MLB,Adrian Sampson,2018,-0.5197807006538151,-0.5753442645072937,0.003087309628099594
xgboost,NPB,MLB,full_cross_league,MLB,Ariel Jurado,2018,-0.5197807006538151,-0.6775245070457458,0.024883108455014933
xgboost,NPB,MLB,full_cross_league,MLB,Marcus Stroman,2018,0.7534172697838608,-0.1894417107105255,0.8889830570989136
xgboost,NPB,MLB,full_cross_league,MLB,Aaron Sanchez,2018,0.10240296788000901,-0.3511868417263031,0.2057437153786905
xgboost,NPB,MLB,full_cross_league,MLB,Matt Shoemaker,2018,0.028001333376711398,0.6957852244377136,0.4459353251605725
xgboost,NPB,MLB,full_cross_league,MLB,Clay Buchholz,2018,-0.06500070975241032,0.3167814314365387,0.1457576033308186
xgboost,NPB,MLB,full_cross_league,MLB,Sam Gaviglio,2018,-0.5152236005404881,-0.27794378995895386,0.05630170850960877
xgboost,NPB,MLB,full_cross_league,MLB,Ryan Borucki,2018,-0.517883458973981,-0.5375826954841614,3.8805991908402254e-4
xgboost,NPB,MLB,full_cross_league,MLB,Thomas Pannone,2018,-0.518832079813898,-0.5980644822120667,0.00627777358978532
xgboost,NPB,MLB,full_cross_league,MLB,Sean Reid-Foley,2018,-0.5197807006538151,-0.5053905248641968,2.0707715925611726e-4
xgboost,NPB,MLB,full_cross_league,MLB,Patrick Corbin,2018,3.71708231549718,2.3296892642974854,1.9248594785171984
xgboost,NPB,MLB,full_cross_league,MLB,Aníbal Sánchez,2018,1.14402585092617,2.9821908473968506,3.378850554250057
xgboost,NPB,MLB,full_cross_league,MLB,Jeremy Hellickson,2018,-0.38120765639142395,0.15799939632415771,0.29074424569822405
xgboost,NPB,MLB,full_cross_league,MLB,Joe Ross,2018,-0.4370088822688971,-0.6060851812362671,0.028586794872503474
xgboost,NPB,MLB,full_cross_league,MLB,Austin Voth,2018,-0.5195946965675571,-0.6343340277671814,0.013165114124137083
xgboost,NPB,MLB,full_cross_league,MLB,Erick Fedde,2018,-0.5197807006538151,-0.6035532355308533,0.007017837599724577
xgboost,NPB,MLB,full_cross_league,MLB,Madison Bumgarner,2019,2.5390564978629993,1.7711783647537231,0.5896368273073872
xgboost,NPB,MLB,full_cross_league,MLB,Robbie Ray,2019,1.1310055648880903,1.3534661531448364,0.049488713327537515
xgboost,NPB,MLB,full_cross_league,MLB,Luke Weaver,2019,-0.5119685290309688,-0.07739729434251785,0.1888521580186447
xgboost,NPB,MLB,full_cross_league,MLB,Alex Young,2019,-0.51606061892865,-0.29926761984825134,0.04699920445027372
xgboost,NPB,MLB,full_cross_league,MLB,Taylor Clarke,2019,-0.51606061892865,-0.2976866364479065,0.04768719622450005
xgboost,NPB,MLB,full_cross_league,MLB,Zac Gallen,2019,-0.51606061892865,-0.2413228303194046,0.07548085248989839
xgboost,NPB,MLB,full_cross_league,MLB,Corbin Martin,2019,-0.5177904569308521,-0.6355905532836914,0.013876862700738218
xgboost,NPB,MLB,full_cross_league,MLB,Sean Manaea,2019,0.07450235494127233,-0.43341556191444397,0.25798061026305036
xgboost,NPB,MLB,full_cross_league,MLB,Chris Bassitt,2019,-0.20450377444609302,0.9573000073432922,1.3497880273801173
xgboost,NPB,MLB,full_cross_league,MLB,Daniel Mengden,2019,-0.516339625058038,-0.45407187938690186,0.0038772721509652925
xgboost,NPB,MLB,full_cross_league,MLB,Frankie Montas,2019,-0.516339625058038,-0.0019345410401001573,0.26461259046350166
xgboost,NPB,MLB,full_cross_league,MLB,Cole Hamels,2019,2.72506058412124,0.4386557638645172,5.2276470020931765
xgboost,NPB,MLB,full_cross_league,MLB,Mike Foltynewicz,2019,0.572063285682073,0.0805390328168869,0.2415960911546794
xgboost,NPB,MLB,full_cross_league,MLB,Jhoulys Chacín,2019,-0.325406430513951,0.2170630246400833,0.29427310977511484
xgboost,NPB,MLB,full_cross_league,MLB,Félix Hernández,2019,-0.4370088822688971,-0.02452869713306427,0.17013990312969093
xgboost,NPB,MLB,full_cross_league,MLB,Max Fried,2019,-0.5144795841954549,0.4914592504501343,1.0119129390481258
xgboost,NPB,MLB,full_cross_league,MLB,Michael Soroka,2019,-0.5144795841954549,0.7228155136108398,1.5308991590554883
xgboost,NPB,MLB,full_cross_league,MLB,Bryse Wilson,2019,-0.51606061892865,-0.6540294885635376,0.01903540898832862
xgboost,NPB,MLB,full_cross_league,MLB,Kyle Wright,2019,-0.516339625058038,-0.6241625547409058,0.011625784165396648
xgboost,NPB,MLB,full_cross_league,MLB,John Means,2019,-0.5151305984973589,-0.044178180396556854,0.22179618011499264
xgboost,NPB,MLB,full_cross_league,MLB,Asher Wojciechowski,2019,-0.51606061892865,0.05568293482065201,0.3268906912538809
xgboost,NPB,MLB,full_cross_league,MLB,Chandler Shepherd,2019,-0.51819966592062,-0.5870904326438904,0.004745937739720065
xgboost,NPB,MLB,full_cross_league,MLB,David Hess,2019,-0.51819966592062,-0.22063979506492615,0.08854187674365717
xgboost,NPB,MLB,full_cross_league,MLB,Chris Sale,2019,4.77110553296192,0.5226126909255981,18.049691428833867
xgboost,NPB,MLB,full_cross_league,MLB,Eduardo Rodríguez,2019,0.9208209474162801,1.2252545356750488,0.09267980966010955
xgboost,NPB,MLB,full_cross_league,MLB,Martín Pérez,2019,0.49301154902232,0.4799063503742218,1.7174623160611413e-4
xgboost,NPB,MLB,full_cross_league,MLB,Kyle Hendricks,2019,1.9577937283059896,0.9887407422065735,0.9390636898681952
xgboost,NPB,MLB,full_cross_league,MLB,Adbert Alzolay,2019,-0.51819966592062,-0.5420876741409302,5.706369367336091e-4
xgboost,NPB,MLB,full_cross_league,MLB,Dallas Keuchel,2019,2.8180626272503595,0.2801858186721802,6.440818695518964
xgboost,NPB,MLB,full_cross_league,MLB,Gio González,2019,0.30700746276407703,-0.32580694556236267,0.400454075385542
xgboost,NPB,MLB,full_cross_league,MLB,Carlos Rodón,2019,0.20470521532204303,-0.37749120593070984,0.3389526729195128
xgboost,NPB,MLB,full_cross_league,MLB,Ross Detwiler,2019,-0.4370088822688971,-0.36430177092552185,0.005286324039897968
xgboost,NPB,MLB,full_cross_league,MLB,Lucas Giolito,2019,-0.506388406443222,0.5130110383033752,1.0391752279496709
xgboost,NPB,MLB,full_cross_league,MLB,Reynaldo López,2019,-0.510480496340903,0.13008256256580353,0.4103210324359168
xgboost,NPB,MLB,full_cross_league,MLB,Dylan Cease,2019,-0.51606061892865,-0.4832313656806946,0.001077759868818389
xgboost,NPB,MLB,full_cross_league,MLB,Trevor Bauer,2019,2.6320585409921198,1.4494950771331787,1.398456346054057
xgboost,NPB,MLB,full_cross_league,MLB,Wade Miley,2019,0.772017678409685,0.6069388389587402,0.027251023234470814
xgboost,NPB,MLB,full_cross_league,MLB,Anthony DeSclafani,2019,0.474411140396496,1.2302894592285156,0.5713520328803203
xgboost,NPB,MLB,full_cross_league,MLB,Luis Castillo,2019,-0.499599257294796,1.4339145421981812,3.738475612829769
xgboost,NPB,MLB,full_cross_league,MLB,Tyler Mahle,2019,-0.5095889787554668,-0.12367095798254013,0.14893271875729308
xgboost,NPB,MLB,full_cross_league,MLB,Mike Clevinger,2019,0.139603785131657,2.5920815467834473,6.014647171396574
xgboost,NPB,MLB,full_cross_league,MLB,Shane Bieber,2019,-0.507095221971003,0.9733071327209473,2.191591131777471
xgboost,NPB,MLB,full_cross_league,MLB,Adam Plutko,2019,-0.516097819745902,-0.36732038855552673,0.022134724031606837
xgboost,NPB,MLB,full_cross_league,MLB,Jefry Rodríguez,2019,-0.517734655704975,-0.5263835191726685,7.480283928280231e-5
xgboost,NPB,MLB,full_cross_league,MLB,Aaron Civale,2019,-0.51784625815673,-0.5087813138961792,8.21732144468933e-5
xgboost,NPB,MLB,full_cross_league,MLB,Zach Plesac,2019,-0.51819966592062,-0.12316219508647919,0.15605460336303462
xgboost,NPB,MLB,full_cross_league,MLB,Jon Gray,2019,0.418609914519023,0.37669798731803894,0.001756609641700589
xgboost,NPB,MLB,full_cross_league,MLB,Kyle Freeland,2019,-0.0882512205346907,-0.2419000267982483,0.023607955666216256
xgboost,NPB,MLB,full_cross_league,MLB,Chi Chi González,2019,-0.29750581757521505,-0.4409954249858856,0.02058926743486837
xgboost,NPB,MLB,full_cross_league,MLB,Antonio Senzatela,2019,-0.516339625058038,-0.25848329067230225,0.06648988918284836
xgboost,NPB,MLB,full_cross_league,MLB,Jeff Hoffman,2019,-0.517269645489329,-0.47100335359573364,0.0021405697655833642
xgboost,NPB,MLB,full_cross_league,MLB,Peter Lambert,2019,-0.5178276577481041,-0.2736871540546417,0.05960458554369753
xgboost,NPB,MLB,full_cross_league,MLB,Matthew Boyd,2019,0.36280868864155,1.217509150505066,0.7305128795097073
xgboost,NPB,MLB,full_cross_league,MLB,Daniel Norris,2019,-0.07244087320274,0.017249954864382744,0.008044444639366172
xgboost,NPB,MLB,full_cross_league,MLB,Iván Nova,2019,-0.34400683913977503,0.6554039120674133,0.9988218496285166
xgboost,NPB,MLB,full_cross_league,MLB,Spencer Turnbull,2019,-0.516339625058038,0.4491060674190521,0.932085385122568
xgboost,NPB,MLB,full_cross_league,MLB,Dario Agrazal,2019,-0.517381247941084,-0.5293297171592712,1.4276591665796854e-4
xgboost,NPB,MLB,full_cross_league,MLB,Tyler Alexander,2019,-0.5176230532532201,-0.46894004940986633,0.002370034863211999
xgboost,NPB,MLB,full_cross_league,MLB,Justin Verlander,2019,5.515121877994889,6.040567398071289,0.27609299456835856
xgboost,NPB,MLB,full_cross_league,MLB,Brad Peacock,2019,0.10240296788000901,0.011849370785057545,0.008199953946834803
xgboost,NPB,MLB,full_cross_league,MLB,José Urquidy,2019,-0.5161350205631541,-0.5985860228538513,0.0067981677787405615
xgboost,NPB,MLB,full_cross_league,MLB,Brad Keller,2019,-0.5089924636508371,0.5582779049873352,1.1390660397730599
xgboost,NPB,MLB,full_cross_league,MLB,Glenn Sparkman,2019,-0.510573498384032,-0.15000440180301666,0.13001007340924955
xgboost,NPB,MLB,full_cross_league,MLB,Matt Harvey,2019,-0.51606061892865,-0.39848896861076355,0.01382309295847136
xgboost,NPB,MLB,full_cross_league,MLB,Julio Teheran,2019,1.0510238077970497,0.7346931099891663,0.10006511037562249
xgboost,NPB,MLB,full_cross_league,MLB,Dylan Bundy,2019,0.30700746276407703,0.9391821026802063,0.3996447753530876
xgboost,NPB,MLB,full_cross_league,MLB,Andrew Heaney,2019,0.176804602383306,-0.11005255579948425,0.08228702920070634
xgboost,NPB,MLB,full_cross_league,MLB,Griffin Canning,2019,-0.5168976373168132,-0.40778347849845886,0.011905899654637044
xgboost,NPB,MLB,full_cross_league,MLB,Dillon Peters,2019,-0.5171766434462,-0.45613735914230347,0.0037257942283319043
xgboost,NPB,MLB,full_cross_league,MLB,José Suarez,2019,-0.5174556495755871,-0.4085655212402344,0.011857060048889586
xgboost,NPB,MLB,full_cross_league,MLB,Patrick Sandoval,2019,-0.517781156726539,-0.5217366814613342,1.564617592757674e-5
xgboost,NPB,MLB,full_cross_league,MLB,Jaime Barria,2019,-0.51819966592062,-0.6045553088188171,0.007457297060360956
xgboost,NPB,MLB,full_cross_league,MLB,Alex Wood,2019,0.12100337650583301,-0.5756164193153381,0.4852791399299302
xgboost,NPB,MLB,full_cross_league,MLB,Walker Buehler,2019,-0.5107595024702911,0.8289019465446472,1.7946927979768041
xgboost,NPB,MLB,full_cross_league,MLB,Tony Gonsolin,2019,-0.517734655704975,-0.488186776638031,8.730771573547477e-4
xgboost,NPB,MLB,full_cross_league,MLB,José Ureña,2019,0.07450235494127233,-0.2576325237751007,0.11031357765993983
xgboost,NPB,MLB,full_cross_league,MLB,Sandy Alcantara,2019,-0.50769043504703,0.6592084765434265,1.3616530698709923
xgboost,NPB,MLB,full_cross_league,MLB,Caleb Smith,2019,-0.513921571936681,0.6253060102462769,1.297839484006428
xgboost,NPB,MLB,full_cross_league,MLB,Pablo López,2019,-0.51606061892865,-0.26327887177467346,0.0638986116942169
xgboost,NPB,MLB,full_cross_league,MLB,Elieser Hernández,2019,-0.5167116332305541,-0.36124223470687866,0.024170733877313427
xgboost,NPB,MLB,full_cross_league,MLB,Jordan Yamamoto,2019,-0.5179206597912329,-0.37644973397254944,0.020014022851995442
xgboost,NPB,MLB,full_cross_league,MLB,Brett Anderson,2019,0.30700746276407703,0.7624449729919434,0.20742332572255784
xgboost,NPB,MLB,full_cross_league,MLB,Brandon Woodruff,2019,-0.5052537815170468,0.7315119504928589,1.5295894758739979
xgboost,NPB,MLB,full_cross_league,MLB,Adrian Houser,2019,-0.5148329919593458,0.05704214423894882,0.3270411714018181
xgboost,NPB,MLB,full_cross_league,MLB,Michael Pineda,2019,1.23702789405529,1.2255213260650635,1.3240110691370338e-4
xgboost,NPB,MLB,full_cross_league,MLB,Jake Odorizzi,2019,2.6878597668695905,1.2155004739761353,2.1678418873697156
xgboost,NPB,MLB,full_cross_league,MLB,José Berríos,2019,0.125653478662289,1.0491325855255127,0.8528136608128974
xgboost,NPB,MLB,full_cross_league,MLB,Rich Hill,2019,-0.06500070975241032,0.6738844513893127,0.5459512813554301
xgboost,NPB,MLB,full_cross_league,MLB,Devin Smeltzer,2019,-0.5168046352736831,-0.5655248761177063,0.002373661867899622
xgboost,NPB,MLB,full_cross_league,MLB,Randy Dobnak,2019,-0.5168046352736831,-0.49467164278030396,4.898693567119795e-4
xgboost,NPB,MLB,full_cross_league,MLB,Marcus Stroman,2019,1.6090360665717802,0.6871746778488159,0.8498284200182323
xgboost,NPB,MLB,full_cross_league,MLB,Rick Porcello,2019,1.23702789405529,0.8994504809379578,0.11395850984698992
xgboost,NPB,MLB,full_cross_league,MLB,Noah Syndergaard,2019,1.1812266681778198,1.4184919595718384,0.05629481850028852
xgboost,NPB,MLB,full_cross_league,MLB,Steven Matz,2019,0.30700746276407703,0.9547942876815796,0.41962777053669903
xgboost,NPB,MLB,full_cross_league,MLB,Michael Wacha,2019,-0.06500070975241032,0.05120078846812248,0.013502788188696487
xgboost,NPB,MLB,full_cross_league,MLB,Gerrit Cole,2019,6.07313413676962,2.164926052093506,15.274090433127741
xgboost,NPB,MLB,full_cross_league,MLB,James Paxton,2019,1.7020381097009,1.8985927104949951,0.03863371109332606
xgboost,NPB,MLB,full_cross_league,MLB,Jordan Montgomery,2019,-0.4732796790892551,-0.6228417754173279,0.022368820658047718
xgboost,NPB,MLB,full_cross_league,MLB,Zack Wheeler,2019,3.7666834671674003,1.9363675117492676,3.3500564966581923
xgboost,NPB,MLB,full_cross_league,MLB,Vince Velasquez,2019,0.0466017420025358,0.04742474853992462,6.773397605847386e-7
xgboost,NPB,MLB,full_cross_league,MLB,Zach Eflin,2019,-0.13475224209925202,0.5422112941741943,0.45827962944384965
xgboost,NPB,MLB,full_cross_league,MLB,Trevor Williams,2019,-0.0975514248476029,-0.11076976358890533,1.7472447907981677e-4
xgboost,NPB,MLB,full_cross_league,MLB,Joe Musgrove,2019,-0.10220152700405902,0.35085687041282654,0.20526191146995665
xgboost,NPB,MLB,full_cross_league,MLB,Jameson Taillon,2019,-0.20450377444609302,-0.47668424248695374,0.074082207182942
xgboost,NPB,MLB,full_cross_league,MLB,Steven Brault,2019,-0.5131775555916479,-0.1707209199666977,0.11727654728355992
xgboost,NPB,MLB,full_cross_league,MLB,Mitch Keller,2019,-0.515595608713005,-0.574335515499115,0.0034503766492408874
xgboost,NPB,MLB,full_cross_league,MLB,Zach Davies,2019,0.353508484328637,-0.38042157888412476,0.5386533376874885
xgboost,NPB,MLB,full_cross_league,MLB,Dinelson Lamet,2019,-0.38120765639142395,-0.16585233807563782,0.04637791312689357
xgboost,NPB,MLB,full_cross_league,MLB,Joey Lucchesi,2019,-0.5115407196325751,0.30812016129493713,0.6718439597228654
xgboost,NPB,MLB,full_cross_league,MLB,Chris Paddack,2019,-0.5135495637641639,-0.31406041979789734,0.03979591856039384
xgboost,NPB,MLB,full_cross_league,MLB,Eric Lauer,2019,-0.5147027890989648,-0.11160316318273544,0.16248930841380407
xgboost,NPB,MLB,full_cross_league,MLB,Jerad Eickhoff,2019,-0.51606061892865,-0.5215045809745789,2.9636722757514332e-5
xgboost,NPB,MLB,full_cross_league,MLB,Cal Quantrill,2019,-0.5166558320046772,-0.42590904235839844,0.008234979831105974
xgboost,NPB,MLB,full_cross_league,MLB,Ronald Bolaños,2019,-0.51819966592062,-0.6718233823776245,0.023600246258062136
xgboost,NPB,MLB,full_cross_league,MLB,Marco Gonzales,2019,0.772017678409685,0.4964425563812256,0.07594164788100033
xgboost,NPB,MLB,full_cross_league,MLB,Taijuan Walker,2019,-0.25100479601065406,-0.7188934683799744,0.21891980973152517
xgboost,NPB,MLB,full_cross_league,MLB,Justus Sheffield,2019,-0.5176788544790972,-0.47923755645751953,0.0014777333935837534
xgboost,NPB,MLB,full_cross_league,MLB,Justin Dunn,2019,-0.5180136618343618,-0.5218024253845215,1.4354729239018494e-5
xgboost,NPB,MLB,full_cross_league,MLB,Nick Margevicius,2019,-0.51819966592062,-0.6351438760757446,0.013675948288805967
xgboost,NPB,MLB,full_cross_league,MLB,Kevin Gausman,2019,1.0510238077970497,-0.05315181612968445,1.2192038084739927
xgboost,NPB,MLB,full_cross_league,MLB,Drew Smyly,2019,0.12100337650583301,-0.36238932609558105,0.23366850492829916
xgboost,NPB,MLB,full_cross_league,MLB,Tyler Anderson,2019,-0.29285571541875804,-0.5030645728111267,0.044187763726205184
xgboost,NPB,MLB,full_cross_league,MLB,Tyson Ross,2019,-0.29750581757521505,-0.05409150943160057,0.0592505254090345
xgboost,NPB,MLB,full_cross_league,MLB,Dereck Rodríguez,2019,-0.515874614842392,-0.20863917469978333,0.09439361567962251
xgboost,NPB,MLB,full_cross_league,MLB,Tyler Beede,2019,-0.5170371403815059,-0.07898566871881485,0.19188909182584946
xgboost,NPB,MLB,full_cross_league,MLB,Logan Webb,2019,-0.517618403151063,-0.5840601325035095,0.0044145033993437536
xgboost,NPB,MLB,full_cross_league,MLB,Rico Garcia,2019,-0.51819966592062,-0.6019275784492493,0.0070103633364018035
xgboost,NPB,MLB,full_cross_league,MLB,Shaun Anderson,2019,-0.51819966592062,-0.5066622495651245,1.3311197616005353e-4
xgboost,NPB,MLB,full_cross_league,MLB,Miles Mikolas,2019,2.5390564978629993,0.42055144906044006,4.488063641801934
xgboost,NPB,MLB,full_cross_league,MLB,Adam Wainwright,2019,0.30700746276407703,0.7108179926872253,0.16306294407681385
xgboost,NPB,MLB,full_cross_league,MLB,Jack Flaherty,2019,-0.510573498384032,0.8251937031745911,1.784274016759755
xgboost,NPB,MLB,full_cross_league,MLB,Dakota Hudson,2019,-0.51503759645423,0.19884908199310303,0.5096341896645659
xgboost,NPB,MLB,full_cross_league,MLB,Daniel Ponce de Leon,2019,-0.516469827918419,-0.23203381896018982,0.08090384319208584
xgboost,NPB,MLB,full_cross_league,MLB,Tyler Glasnow,2019,-0.24170459169774103,-0.15326392650604248,0.00782175125955012
xgboost,NPB,MLB,full_cross_league,MLB,Ryan Yarbrough,2019,-0.515409604626747,-0.2758215665817261,0.0574024279742624
xgboost,NPB,MLB,full_cross_league,MLB,Yonny Chirinos,2019,-0.515744411982011,-0.2619357407093048,0.06441884161321665
xgboost,NPB,MLB,full_cross_league,MLB,Dylan Covey,2019,-0.51606061892865,-0.30070921778678894,0.04637622597376274
xgboost,NPB,MLB,full_cross_league,MLB,Trevor Richards,2019,-0.51606061892865,0.10004297643899918,0.37958364022494395
xgboost,NPB,MLB,full_cross_league,MLB,Sean Gilmartin,2019,-0.51606061892865,-0.5523656010627747,0.0013180517277591134
xgboost,NPB,MLB,full_cross_league,MLB,Brendan McKay,2019,-0.51819966592062,-0.5912777185440063,0.005340401775226432
xgboost,NPB,MLB,full_cross_league,MLB,Kyle Gibson,2019,1.1130251078817701,1.5780686140060425,0.21626546258835616
xgboost,NPB,MLB,full_cross_league,MLB,Jordan Lyles,2019,0.8650197215388071,0.7391393780708313,0.015845860871615564
xgboost,NPB,MLB,full_cross_league,MLB,Kolby Allard,2019,-0.5176416536618462,-0.505011796951294,1.5951328052908243e-4
xgboost,NPB,MLB,full_cross_league,MLB,Brock Burke,2019,-0.5180136618343618,-0.5599324703216553,0.001757186504994386
xgboost,NPB,MLB,full_cross_league,MLB,Taylor Hearn,2019,-0.51819966592062,-0.6087360382080078,0.008196834706960494
xgboost,NPB,MLB,full_cross_league,MLB,Ariel Jurado,2019,-0.51819966592062,-0.4138936996459961,0.010879734600482967
xgboost,NPB,MLB,full_cross_league,MLB,Joe Palumbo,2019,-0.51819966592062,-0.6407315731048584,0.015014068278206828
xgboost,NPB,MLB,full_cross_league,MLB,Tanner Roark,2019,1.6090360665717802,1.4030399322509766,0.042434407355114584
xgboost,NPB,MLB,full_cross_league,MLB,Matt Shoemaker,2019,0.15820419375748207,-0.0023035630583763123,0.025762739998058733
xgboost,NPB,MLB,full_cross_league,MLB,Trent Thornton,2019,-0.514777190733469,-0.1936473250389099,0.10312439064100552
xgboost,NPB,MLB,full_cross_league,MLB,Ryan Borucki,2019,-0.5162838238321599,-0.6506818532943726,0.018062830323325788
xgboost,NPB,MLB,full_cross_league,MLB,Sean Reid-Foley,2019,-0.5164884283270439,-0.5738802552223206,0.003293821794377402
xgboost,NPB,MLB,full_cross_league,MLB,Anthony Kay,2019,-0.5178090573394782,-0.6080402731895447,0.008141672313781281
xgboost,NPB,MLB,full_cross_league,MLB,Jacob Waguespack,2019,-0.51819966592062,-0.46335646510124207,0.0030077766761146107
xgboost,NPB,MLB,full_cross_league,MLB,T.J. Zeuch,2019,-0.51819966592062,-0.6252514719963074,0.011460089184066588
xgboost,NPB,MLB,full_cross_league,MLB,Stephen Strasburg,2019,5.887130050511379,2.4294703006744385,11.955410945642454
xgboost,NPB,MLB,full_cross_league,MLB,Austin Voth,2019,-0.5171952438548261,-0.4600338041782379,0.0032674301859002266
xgboost,NPB,MLB,full_cross_league,MLB,Erick Fedde,2019,-0.51819966592062,-0.5132454633712769,2.454412289991757e-5
xgboost,NPB,MLB,full_cross_league,MLB,Luke Weaver,2020,-0.260305000323566,-0.4131336510181427,0.023356596473124935
xgboost,NPB,MLB,full_cross_league,MLB,Caleb Smith,2020,-0.35051698215881405,-0.4112088978290558,0.0036835086277237344
xgboost,NPB,MLB,full_cross_league,MLB,Zac Gallen,2020,-0.5100154861252579,-0.4336608946323395,0.0058300236420504555
xgboost,NPB,MLB,full_cross_league,MLB,Sean Manaea,2020,0.483711344709408,-0.44276681542396545,0.8583617812041208
xgboost,NPB,MLB,full_cross_league,MLB,Chris Bassitt,2020,0.288407054138252,-0.15709364414215088,0.19847087216832657
xgboost,NPB,MLB,full_cross_league,MLB,Frankie Montas,2020,-0.28820561326230204,-0.20301567018032074,0.0072573264023112136
xgboost,NPB,MLB,full_cross_league,MLB,Jesús Luzardo,2020,-0.5159676168855211,-0.522371768951416,4.101316368310659e-5
xgboost,NPB,MLB,full_cross_league,MLB,Daulton Jefferies,2020,-0.5168976373168132,-0.5647003054618835,0.0022850950817877276
xgboost,NPB,MLB,full_cross_league,MLB,Paul Blackburn,2020,-0.5168976373168132,-0.6256903409957886,0.011835852373781352
xgboost,NPB,MLB,full_cross_league,MLB,Charlie Morton,2020,2.16704832534651,0.5670956969261169,2.5598484131893247
xgboost,NPB,MLB,full_cross_league,MLB,Drew Smyly,2020,1.4230319803135398,0.3880869746208191,1.0711111648083058
xgboost,NPB,MLB,full_cross_league,MLB,Max Fried,2020,0.028001333376711398,-0.3716602027416229,0.15972934345246664
xgboost,NPB,MLB,full_cross_league,MLB,Michael Soroka,2020,-0.10220152700405902,-0.6482973098754883,0.2982206040699592
xgboost,NPB,MLB,full_cross_league,MLB,Sean Newcomb,2020,-0.5113175147290648,-0.47961652278900146,0.001004952889983963
xgboost,NPB,MLB,full_cross_league,MLB,Touki Toussaint,2020,-0.5131775555916479,-0.5298066139221191,2.765255809582148e-4
xgboost,NPB,MLB,full_cross_league,MLB,Huascar Ynoa,2020,-0.51503759645423,-0.47355547547340393,0.0017207663610678881
xgboost,NPB,MLB,full_cross_league,MLB,Ian Anderson,2020,-0.5159676168855211,-0.4666358530521393,0.002433622922912555
xgboost,NPB,MLB,full_cross_league,MLB,Tanner Roark,2020,-0.5168976373168132,-0.17979559302330017,0.11363778826686559
xgboost,NPB,MLB,full_cross_league,MLB,Kyle Wright,2020,-0.5168976373168132,-0.5976701378822327,0.006524196847590696
xgboost,NPB,MLB,full_cross_league,MLB,Tucker Davidson,2020,-0.5168976373168132,-0.6425484418869019,0.015788124689110623
xgboost,NPB,MLB,full_cross_league,MLB,Matt Harvey,2020,-0.4370088822688971,-0.5981036424636841,0.02595152176221592
xgboost,NPB,MLB,full_cross_league,MLB,Wade LeBlanc,2020,-0.49281010814637,1.6507502794265747,4.594851135171873
xgboost,NPB,MLB,full_cross_league,MLB,John Means,2020,-0.5126195433328731,-0.3107818067073822,0.04073847192610102
xgboost,NPB,MLB,full_cross_league,MLB,Jorge López,2020,-0.5138750709151161,-0.5982667803764343,0.0071219606258035514
xgboost,NPB,MLB,full_cross_league,MLB,Dean Kremer,2020,-0.516525629144296,-0.5771915316581726,0.0036803517278231794
xgboost,NPB,MLB,full_cross_league,MLB,Bruce Zimmermann,2020,-0.5167116332305541,-0.5790383815765381,0.003884623559383613
xgboost,NPB,MLB,full_cross_league,MLB,Keegan Akin,2020,-0.5168976373168132,-0.6154770851135254,0.009717907527904713
xgboost,NPB,MLB,full_cross_league,MLB,Garrett Richards,2020,1.23702789405529,0.0876324400305748,1.321109909732681
xgboost,NPB,MLB,full_cross_league,MLB,Martín Pérez,2020,0.30700746276407703,-0.3997701108455658,0.49953453855753416
xgboost,NPB,MLB,full_cross_league,MLB,Tanner Houck,2020,-0.515688610756134,-0.36594158411026,0.022424171989280105
xgboost,NPB,MLB,full_cross_league,MLB,Chris Mazza,2020,-0.5168976373168132,-0.256095290184021,0.06801786426997342
xgboost,NPB,MLB,full_cross_league,MLB,Zach Davies,2020,0.9822022958814999,-0.30206096172332764,1.6493321148337632
xgboost,NPB,MLB,full_cross_league,MLB,Jake Arrieta,2020,0.49301154902232,0.532645583152771,0.0015708566614537566
xgboost,NPB,MLB,full_cross_league,MLB,Trevor Williams,2020,-0.15800275288153204,0.05371953919529915,0.044826328962267015
xgboost,NPB,MLB,full_cross_league,MLB,Alec Mills,2020,-0.511410516772194,-0.32659631967544556,0.03415628744851577
xgboost,NPB,MLB,full_cross_league,MLB,Adbert Alzolay,2020,-0.5164326271011669,-0.4369153678417206,0.006322994520133999
xgboost,NPB,MLB,full_cross_league,MLB,Lucas Giolito,2020,0.14890398944457003,-0.011697673238813877,0.025792894056667428
xgboost,NPB,MLB,full_cross_league,MLB,Carlos Rodón,2020,-0.06500070975241032,-0.6174947619438171,0.30524967770688094
xgboost,NPB,MLB,full_cross_league,MLB,Reynaldo López,2020,-0.23240438738482905,-0.4271634817123413,0.03793110482327282
xgboost,NPB,MLB,full_cross_league,MLB,Dylan Cease,2020,-0.511410516772194,-0.5149149298667908,1.2280911137581622e-5
xgboost,NPB,MLB,full_cross_league,MLB,Dane Dunning,2020,-0.516525629144296,-0.2968224287033081,0.048269496284012905
xgboost,NPB,MLB,full_cross_league,MLB,Jonathan Stiever,2020,-0.5168976373168132,-0.6177322864532471,0.010167626466467733
xgboost,NPB,MLB,full_cross_league,MLB,Luis Castillo,2020,0.15820419375748207,0.07443678379058838,0.007016978972561641
xgboost,NPB,MLB,full_cross_league,MLB,Tyler Mahle,2020,-0.213803978759005,-0.2802005708217621,0.004408507437548176
xgboost,NPB,MLB,full_cross_league,MLB,Shane Bieber,2020,-0.4965859910974121,-0.05563097447156906,0.1944413266874975
xgboost,NPB,MLB,full_cross_league,MLB,Zach Plesac,2020,-0.5132333568175249,-0.32354268431663513,0.035982551233839824
xgboost,NPB,MLB,full_cross_league,MLB,Aaron Civale,2020,-0.513754168259048,-0.10566683858633041,0.16653526863940926
xgboost,NPB,MLB,full_cross_league,MLB,Triston McKenzie,2020,-0.5160048177027731,-0.5858942866325378,0.004884537867284556
xgboost,NPB,MLB,full_cross_league,MLB,Jon Gray,2020,0.49301154902232,-0.38346433639526367,0.7682099777185372
xgboost,NPB,MLB,full_cross_league,MLB,Kyle Freeland,2020,0.311657564920533,-0.3852158188819885,0.4856325130523764
xgboost,NPB,MLB,full_cross_league,MLB,Antonio Senzatela,2020,-0.06500070975241032,-0.5409060120582581,0.2264858567628203
xgboost,NPB,MLB,full_cross_league,MLB,Chi Chi González,2020,-0.4184084736430731,-0.4973601996898651,0.006233375045767696
xgboost,NPB,MLB,full_cross_league,MLB,Ryan Castellani,2020,-0.5168976373168132,-0.5341396331787109,2.9728642130170035e-4
xgboost,NPB,MLB,full_cross_league,MLB,Matthew Boyd,2020,0.5860135921514419,-0.24703989923000336,0.6939781195028156
xgboost,NPB,MLB,full_cross_league,MLB,José Ureña,2020,-0.0184996881878494,-0.586022675037384,0.32208234060261703
xgboost,NPB,MLB,full_cross_league,MLB,Michael Fulmer,2020,-0.046400301126585906,-0.5023732781410217,0.20791135576740724
xgboost,NPB,MLB,full_cross_league,MLB,Julio Teheran,2020,-0.06500070975241032,-0.4530852437019348,0.15060960549081961
xgboost,NPB,MLB,full_cross_league,MLB,Spencer Turnbull,2020,-0.5138471703021771,-0.3469798266887665,0.027844710364596043
xgboost,NPB,MLB,full_cross_league,MLB,Tarik Skubal,2020,-0.516190821789031,-0.5895817875862122,0.0053862338606430185
xgboost,NPB,MLB,full_cross_league,MLB,Casey Mize,2020,-0.5162280226062831,-0.6136828660964966,0.009497446519702007
xgboost,NPB,MLB,full_cross_league,MLB,Jake Odorizzi,2020,0.8340189784944041,-0.5759498476982117,1.9880120908349828
xgboost,NPB,MLB,full_cross_league,MLB,Framber Valdez,2020,-0.5044725643547618,-0.09258564561605453,0.16965083382806648
xgboost,NPB,MLB,full_cross_league,MLB,Cristian Javier,2020,-0.507616033412526,-0.5072835087776184,1.1057263282045075e-7
xgboost,NPB,MLB,full_cross_league,MLB,José Urquidy,2020,-0.5106292996099101,-0.6398434638977051,0.01669630025259327
xgboost,NPB,MLB,full_cross_league,MLB,Brandon Bielak,2020,-0.5115965208584529,-0.602241575717926,0.008216525970476899
xgboost,NPB,MLB,full_cross_league,MLB,Mike Minor,2020,1.0510238077970497,0.8159791231155396,0.05524600379703055
xgboost,NPB,MLB,full_cross_league,MLB,Brad Keller,2020,1.0072043797491602e-4,-0.31181666254997253,0.0972924538100499
xgboost,NPB,MLB,full_cross_league,MLB,Brady Singer,2020,-0.5125823425156208,-0.5389788746833801,6.967769104835504e-4
xgboost,NPB,MLB,full_cross_league,MLB,Carlos Hernández,2020,-0.5168976373168132,-0.509372353553772,5.662989571429121e-5
xgboost,NPB,MLB,full_cross_league,MLB,Kris Bubic,2020,-0.5168976373168132,-0.6065007448196411,0.008028716874163344
xgboost,NPB,MLB,full_cross_league,MLB,Ronald Bolaños,2020,-0.5168976373168132,-0.6721512079238892,0.024103671186246334
xgboost,NPB,MLB,full_cross_league,MLB,Dylan Bundy,2020,0.925471049572736,-0.053850121796131134,0.9590699566912899
xgboost,NPB,MLB,full_cross_league,MLB,Andrew Heaney,2020,0.6325146137160019,-0.19942359626293182,0.6921211852229525
xgboost,NPB,MLB,full_cross_league,MLB,Jaime Barria,2020,-0.5131775555916479,-0.4602887034416199,0.0027972306817475247
xgboost,NPB,MLB,full_cross_league,MLB,Griffin Canning,2020,-0.5131775555916479,-0.45696333050727844,0.0031600391018361527
xgboost,NPB,MLB,full_cross_league,MLB,Dillon Peters,2020,-0.5168976373168132,-0.6774371266365051,0.025772927631027495
xgboost,NPB,MLB,full_cross_league,MLB,Patrick Sandoval,2020,-0.5168976373168132,-0.5771623253822327,0.003631832627622317
xgboost,NPB,MLB,full_cross_league,MLB,José Suarez,2020,-0.5168976373168132,-0.6293218731880188,0.012639208811224482
xgboost,NPB,MLB,full_cross_league,MLB,Trevor Bauer,2020,5.701125964253141,0.5600121021270752,26.43105174334479
xgboost,NPB,MLB,full_cross_league,MLB,Walker Buehler,2020,0.12100337650583301,-0.2620631754398346,0.14673998321954287
xgboost,NPB,MLB,full_cross_league,MLB,Julio Urías,2020,0.0466017420025358,-0.5112609267234802,0.31121075715811264
xgboost,NPB,MLB,full_cross_league,MLB,Cole Hamels,2020,-0.4370088822688971,0.0980660691857338,0.2863052036741756
xgboost,NPB,MLB,full_cross_league,MLB,Dustin May,2020,-0.5131775555916479,-0.5561308860778809,0.0018449885998595493
xgboost,NPB,MLB,full_cross_league,MLB,Tony Gonsolin,2020,-0.51503759645423,-0.4831046760082245,0.0010197114082109151
xgboost,NPB,MLB,full_cross_league,MLB,Sandy Alcantara,2020,-0.505830394184447,-0.4691445827484131,0.0013458487607202348
xgboost,NPB,MLB,full_cross_league,MLB,Pablo López,2020,-0.5123405372034862,-0.2971014082431793,0.046327882635591594
xgboost,NPB,MLB,full_cross_league,MLB,Elieser Hernández,2020,-0.515316602583618,-0.3119294047355652,0.04136635224848298
xgboost,NPB,MLB,full_cross_league,MLB,Trevor Rogers,2020,-0.5168976373168132,-0.5988109707832336,0.0067097941995810035
xgboost,NPB,MLB,full_cross_league,MLB,Daniel Castano,2020,-0.5168976373168132,-0.5690014362335205,0.0027148058615526745
xgboost,NPB,MLB,full_cross_league,MLB,Braxton Garrett,2020,-0.5168976373168132,-0.6290609240531921,0.01258060289150717
xgboost,NPB,MLB,full_cross_league,MLB,Jordan Yamamoto,2020,-0.5168976373168132,-0.5348979830741882,3.2401244738505103e-4
xgboost,NPB,MLB,full_cross_league,MLB,Brandon Woodruff,2020,-0.013849586031393302,0.25415048003196716,0.07182403540996557
xgboost,NPB,MLB,full_cross_league,MLB,Brett Anderson,2020,-0.15800275288153204,-0.057425953447818756,0.010115692584329388
xgboost,NPB,MLB,full_cross_league,MLB,Jordan Zimmermann,2020,-0.4370088822688971,1.9925124645233154,5.902573974519046
xgboost,NPB,MLB,full_cross_league,MLB,Zack Godley,2020,-0.47420969952054604,-0.38946399092674255,0.007181835125065857
xgboost,NPB,MLB,full_cross_league,MLB,Corbin Burnes,2020,-0.5099224840821279,-0.1801401525735855,0.10875638617521016
xgboost,NPB,MLB,full_cross_league,MLB,Adrian Houser,2020,-0.5143679817437008,-0.6184701323509216,0.01083725776104849
xgboost,NPB,MLB,full_cross_league,MLB,Eric Lauer,2020,-0.5168976373168132,-0.5971416234970093,0.006439097318087506
xgboost,NPB,MLB,full_cross_league,MLB,Randy Dobnak,2020,-0.27890540894939003,-0.45078322291374207,0.029541982933164408
xgboost,NPB,MLB,full_cross_league,MLB,J.A. Happ,2020,0.8650197215388071,0.5227882862091064,0.1171223553278271
xgboost,NPB,MLB,full_cross_league,MLB,José Berríos,2020,0.5116119576481442,-0.06129149720072746,0.3282183685777731
xgboost,NPB,MLB,full_cross_league,MLB,Matt Shoemaker,2020,-0.25100479601065406,-0.3014153242111206,0.0025412213534500325
xgboost,NPB,MLB,full_cross_league,MLB,Taijuan Walker,2020,0.8030184214540881,-0.34796664118766785,1.3247666144244468
xgboost,NPB,MLB,full_cross_league,MLB,Steven Matz,2020,0.34420828001572495,-0.6003667712211609,0.8922220274191655
xgboost,NPB,MLB,full_cross_league,MLB,Robert Gsellman,2020,-0.38120765639142395,-0.5322047472000122,0.022800121432657045
xgboost,NPB,MLB,full_cross_league,MLB,Joey Lucchesi,2020,-0.5100898877597609,-0.5729766488075256,0.003954744715078655
xgboost,NPB,MLB,full_cross_league,MLB,David Peterson,2020,-0.514061075001374,-0.4547874331474304,0.003513364618629571
xgboost,NPB,MLB,full_cross_league,MLB,Corey Kluber,2020,1.4230319803135398,-0.17252755165100098,2.5458102200429047
xgboost,NPB,MLB,full_cross_league,MLB,Jordan Montgomery,2020,-0.226824264797082,-0.4681411385536194,0.0582338335596286
xgboost,NPB,MLB,full_cross_league,MLB,Asher Wojciechowski,2020,-0.4835099038334581,-0.2619624137878418,0.049083290345512454
xgboost,NPB,MLB,full_cross_league,MLB,Deivi García,2020,-0.5168976373168132,-0.5221074819564819,2.7142481169485534e-5
xgboost,NPB,MLB,full_cross_league,MLB,Zach Eflin,2020,0.20470521532204303,0.1623833179473877,0.001791142997390858
xgboost,NPB,MLB,full_cross_league,MLB,Vince Velasquez,2020,0.12100337650583301,-0.13582035899162292,0.06595843111486722
xgboost,NPB,MLB,full_cross_league,MLB,Chase Anderson,2020,0.12100337650583301,0.5064854621887207,0.14859643838242914
xgboost,NPB,MLB,full_cross_league,MLB,Spencer Howard,2020,-0.5168976373168132,-0.663020133972168,0.02135178402879418
xgboost,NPB,MLB,full_cross_league,MLB,Adonis Medina,2020,-0.5168976373168132,-0.6893278956413269,0.029732193985858545
xgboost,NPB,MLB,full_cross_league,MLB,Tyler Anderson,2020,-0.15800275288153204,-0.3663913309574127,0.04342579947248742
xgboost,NPB,MLB,full_cross_league,MLB,Chad Kuhl,2020,-0.226824264797082,-0.4417803883552551,0.04620613505515659
xgboost,NPB,MLB,full_cross_league,MLB,Steven Brault,2020,-0.24170459169774103,-0.454431414604187,0.04525270118387043
xgboost,NPB,MLB,full_cross_league,MLB,Trevor Cahill,2020,-0.34400683913977503,0.3908843696117401,0.540065088700263
xgboost,NPB,MLB,full_cross_league,MLB,JT Brubaker,2020,-0.5131775555916479,-0.1855248063802719,0.10735632406577285
xgboost,NPB,MLB,full_cross_league,MLB,Cody Ponce,2020,-0.51503759645423,-0.6239620447158813,0.011864535429105167
xgboost,NPB,MLB,full_cross_league,MLB,Mitch Keller,2020,-0.515316602583618,-0.6358417868614197,0.014526320045198052
xgboost,NPB,MLB,full_cross_league,MLB,Chase De Jong,2020,-0.5168976373168132,-0.4011681079864502,0.01339332395902734
xgboost,NPB,MLB,full_cross_league,MLB,Mike Clevinger,2020,0.44651052745775904,-0.29965436458587646,0.5567620461184901
xgboost,NPB,MLB,full_cross_league,MLB,Joe Musgrove,2020,0.20470521532204303,-0.19392958283424377,0.1589097023011035
xgboost,NPB,MLB,full_cross_league,MLB,Dinelson Lamet,2020,0.15820419375748207,-0.17198485136032104,0.10902480551580662
xgboost,NPB,MLB,full_cross_league,MLB,Chris Paddack,2020,-0.50938307223198,-0.6161828637123108,0.01140619546024214
xgboost,NPB,MLB,full_cross_league,MLB,Vince Velasquez,2020,-0.5168976373168132,-0.13582035899162292,0.1452198920557345
xgboost,NPB,MLB,full_cross_league,MLB,Jake Arrieta,2020,-0.5168976373168132,0.532645583152771,1.1015409716336664
xgboost,NPB,MLB,full_cross_league,MLB,James Paxton,2020,0.958021764667928,1.0114706754684448,0.0028567860657616054
xgboost,NPB,MLB,full_cross_league,MLB,Justus Sheffield,2020,-0.5067604146157381,-0.5223915576934814,2.4433263391688485e-4
xgboost,NPB,MLB,full_cross_league,MLB,Nick Margevicius,2020,-0.5138471703021771,-0.6238842010498047,0.012108148135754343
xgboost,NPB,MLB,full_cross_league,MLB,Justin Dunn,2020,-0.514219178474694,-0.428850382566452,0.007287831314823073
xgboost,NPB,MLB,full_cross_league,MLB,Jimmy Yacabonis,2020,-0.5168976373168132,-0.5914679765701294,0.005560735496354677
xgboost,NPB,MLB,full_cross_league,MLB,Ljay Newsome,2020,-0.5168976373168132,-0.6328622698783875,0.013447796005140938
xgboost,NPB,MLB,full_cross_league,MLB,Kevin Gausman,2020,2.8924642617536596,0.39115476608276367,6.256549193133392
xgboost,NPB,MLB,full_cross_league,MLB,Anthony DeSclafani,2020,0.49301154902232,-0.2906404733657837,0.6141104921929649
xgboost,NPB,MLB,full_cross_league,MLB,Logan Webb,2020,-0.514572586238585,-0.491759717464447,5.204269817060414e-4
xgboost,NPB,MLB,full_cross_league,MLB,Tyler Chatwood,2020,-0.5168976373168132,-0.3478291630744934,0.028584148982625936
xgboost,NPB,MLB,full_cross_league,MLB,Adam Wainwright,2020,0.8650197215388071,0.6959142088890076,0.028596674408551518
xgboost,NPB,MLB,full_cross_league,MLB,Jack Flaherty,2020,0.10240296788000901,-0.35708659887313843,0.21113066195499514
xgboost,NPB,MLB,full_cross_league,MLB,Dakota Hudson,2020,-0.512210334343105,-0.5335303544998169,0.00045454325948260003
xgboost,NPB,MLB,full_cross_league,MLB,Daniel Ponce de Leon,2020,-0.5141075760229389,-0.08419028669595718,0.1848288756622597
xgboost,NPB,MLB,full_cross_league,MLB,Wade LeBlanc,2020,-0.5168976373168132,1.6507502794265747,4.698697490961949
xgboost,NPB,MLB,full_cross_league,MLB,Johan Oviedo,2020,-0.5168976373168132,-0.6559057235717773,0.019323248044267563
xgboost,NPB,MLB,full_cross_league,MLB,Tyler Glasnow,2020,0.12100337650583301,-0.1717858463525772,0.08572552902203182
xgboost,NPB,MLB,full_cross_league,MLB,Michael Wacha,2020,-0.06500070975241032,-0.1270851194858551,0.0038544739319502533
xgboost,NPB,MLB,full_cross_league,MLB,Rich Hill,2020,-0.15800275288153204,0.013064584694802761,0.029264033985455688
xgboost,NPB,MLB,full_cross_league,MLB,Ryan Yarbrough,2020,-0.195203570133181,-0.33122843503952026,0.01850276387278785
xgboost,NPB,MLB,full_cross_league,MLB,Yonny Chirinos,2020,-0.4044581671737041,-0.4148852825164795,1.0872473437154227e-4
xgboost,NPB,MLB,full_cross_league,MLB,Josh Fleming,2020,-0.5168976373168132,-0.5044201016426086,1.556888965010462e-4
xgboost,NPB,MLB,full_cross_league,MLB,Mike Foltynewicz,2020,-0.25100479601065406,-0.5259696245193481,0.07560565691681555
xgboost,NPB,MLB,full_cross_league,MLB,Kolby Allard,2020,-0.5143400811307619,-0.6825000047683716,0.02827775991780672
xgboost,NPB,MLB,full_cross_league,MLB,Robbie Ray,2020,0.8650197215388071,-0.26616278290748596,1.279573858365388
xgboost,NPB,MLB,full_cross_league,MLB,Ross Stripling,2020,-0.06500070975241032,-0.5507120490074158,0.23591550508089099
xgboost,NPB,MLB,full_cross_league,MLB,Tyler Chatwood,2020,-0.06500070975241032,-0.3478291630744934,0.07999193400856172
xgboost,NPB,MLB,full_cross_league,MLB,Tommy Milone,2020,-0.4370088822688971,-0.21325312554836273,0.05006663866557897
xgboost,NPB,MLB,full_cross_league,MLB,Trent Thornton,2020,-0.5127311457846279,-0.4588339030742645,0.0029049127717798136
xgboost,NPB,MLB,full_cross_league,MLB,Nate Pearson,2020,-0.515595608713005,-0.6702887415885925,0.023929965358864172
xgboost,NPB,MLB,full_cross_league,MLB,Jon Lester,2020,0.30700746276407703,-0.08772522956132889,0.15581389839046358
xgboost,NPB,MLB,full_cross_league,MLB,Austin Voth,2020,-0.5136983670331712,-0.5212039351463318,5.633355270129332e-5
xgboost,NPB,MLB,full_cross_league,MLB,Erick Fedde,2020,-0.51606061892865,-0.7414065003395081,0.05078076626883652
xgboost,NPB,MLB,full_cross_league,MLB,Wil Crowe,2020,-0.516246623014909,-0.6069325804710388,0.008223942879734991
xgboost,NPB,MLB,full_cross_league,MLB,Paolo Espino,2020,-0.5168976373168132,0.12082311511039734,0.4066877580763275
xgboost,NPB,MLB,full_cross_league,MLB,Luke Weaver,2021,-0.0882512205346907,-0.3047948479652405,0.046891142580780754
xgboost,NPB,MLB,full_cross_league,MLB,Zach Davies,2021,-0.29750581757521505,0.19659140706062317,0.24413206739283796
xgboost,NPB,MLB,full_cross_league,MLB,Zac Gallen,2021,-0.31222339090039797,-0.11939973384141922,0.03718096272159865
xgboost,NPB,MLB,full_cross_league,MLB,Zac Gallen,2021,-0.4843283218129941,-0.11939973384141922,0.1331728743189275
xgboost,NPB,MLB,full_cross_league,MLB,Humberto Castellanos,2021,-0.490261852164632,-0.5622686743736267,0.005184982444637777
xgboost,NPB,MLB,full_cross_league,MLB,Corbin Martin,2021,-0.49186148730645307,-0.5895863175392151,0.009550142444022157
xgboost,NPB,MLB,full_cross_league,MLB,Dallas Keuchel,2021,-0.49281010814637,1.500157356262207,3.971919314191153
xgboost,NPB,MLB,full_cross_league,MLB,Tyler Gilbert,2021,-0.49281010814637,-0.5659931898117065,0.0053557634420353184
xgboost,NPB,MLB,full_cross_league,MLB,Taylor Widener,2021,-0.49281010814637,-0.41444921493530273,0.006140429584836287
xgboost,NPB,MLB,full_cross_league,MLB,Sean Manaea,2021,1.19052687249073,1.5539731979370117,0.13209323148040447
xgboost,NPB,MLB,full_cross_league,MLB,Chris Bassitt,2021,1.0138229905453997,3.215266227722168,4.846352326511329
xgboost,NPB,MLB,full_cross_league,MLB,Frankie Montas,2021,0.311657564920533,1.6793216466903687,1.8705050405633281
xgboost,NPB,MLB,full_cross_league,MLB,Paul Blackburn,2021,-0.49095006728378804,-0.4610442519187927,8.943577926451899e-4
xgboost,NPB,MLB,full_cross_league,MLB,James Kaprielian,2021,-0.4918800877150791,-0.10284212976694107,0.1513505327244572
xgboost,NPB,MLB,full_cross_league,MLB,Cole Irvin,2021,-0.4918800877150791,0.2378406673669815,0.5324923803975327
xgboost,NPB,MLB,full_cross_league,MLB,Cole Irvin,2021,-0.585444235192873,0.2378406673669815,0.6777980307829892
xgboost,NPB,MLB,full_cross_league,MLB,Charlie Morton,2021,3.0970687566377304,2.221810817718506,0.766076459641129
xgboost,NPB,MLB,full_cross_league,MLB,Max Fried,2021,0.651115022341827,0.6482483744621277,8.217670066184887e-6
xgboost,NPB,MLB,full_cross_league,MLB,Huascar Ynoa,2021,-0.48909002642120497,-0.4747609496116638,2.0532244221373004e-4
xgboost,NPB,MLB,full_cross_league,MLB,Kyle Wright,2021,-0.48909002642120497,-0.6344733834266663,0.02113632049417741
xgboost,NPB,MLB,full_cross_league,MLB,Tucker Davidson,2021,-0.49095006728378804,-0.6347396969795227,0.0206754576080365
xgboost,NPB,MLB,full_cross_league,MLB,Ian Anderson,2021,-0.49095006728378804,-0.3873935043811798,0.010723961720201855
xgboost,NPB,MLB,full_cross_league,MLB,Touki Toussaint,2021,-0.49281010814637,-0.4761592149734497,2.772522434560035e-4
xgboost,NPB,MLB,full_cross_league,MLB,Kyle Muller,2021,-0.49281010814637,-0.5360525250434875,0.0018699066191041175
xgboost,NPB,MLB,full_cross_league,MLB,Kyle Wright,2021,-0.5342624207976228,-0.6344733834266663,0.010042237031039552
xgboost,NPB,MLB,full_cross_league,MLB,Jordan Lyles,2021,0.679015635280563,0.8888302445411682,0.044022170259180454
xgboost,NPB,MLB,full_cross_league,MLB,John Means,2021,-0.07197586298709441,0.2971370220184326,0.13624432187710342
xgboost,NPB,MLB,full_cross_league,MLB,Jorge López,2021,-0.34400683913977503,0.39460617303848267,0.5455491817590391
xgboost,NPB,MLB,full_cross_league,MLB,Matt Harvey,2021,-0.4370088822688971,0.780791699886322,1.4830382578975907
xgboost,NPB,MLB,full_cross_league,MLB,Keegan Akin,2021,-0.491043069326917,-0.38629117608070374,0.010972959138666059
xgboost,NPB,MLB,full_cross_league,MLB,Bruce Zimmermann,2021,-0.49178708567195,-0.5118834376335144,4.0386336216307315e-4
xgboost,NPB,MLB,full_cross_league,MLB,Dean Kremer,2021,-0.49178708567195,-0.3239538073539734,0.0281680093109594
xgboost,NPB,MLB,full_cross_league,MLB,Chris Ellis,2021,-0.49281010814637,-0.4908338785171509,3.90548354740353e-6
xgboost,NPB,MLB,full_cross_league,MLB,Zac Lowther,2021,-0.49281010814637,-0.5395331978797913,0.0021830471142373353
xgboost,NPB,MLB,full_cross_league,MLB,Spenser Watkins,2021,-0.49281010814637,-0.5740765333175659,0.006604231860105586
xgboost,NPB,MLB,full_cross_league,MLB,Dean Kremer,2021,-0.5708151998127479,-0.3239538073539734,0.060940547086685073
xgboost,NPB,MLB,full_cross_league,MLB,James Paxton,2021,1.23702789405529,-0.059964507818222046,1.6821892905176214
xgboost,NPB,MLB,full_cross_league,MLB,Michael Wacha,2021,0.679015635280563,-0.42681679129600525,1.2228653556682212
xgboost,NPB,MLB,full_cross_league,MLB,Rich Hill,2021,0.30700746276407703,2.4081194400787354,4.414671541215114
xgboost,NPB,MLB,full_cross_league,MLB,Nick Pivetta,2021,-0.13010213994279501,0.6953551769256592,0.6813797819716677
xgboost,NPB,MLB,full_cross_league,MLB,Tanner Houck,2021,-0.489834042766238,-0.2509523928165436,0.057064442682688336
xgboost,NPB,MLB,full_cross_league,MLB,Kutter Crawford,2021,-0.49243809997385407,-0.5803529620170593,0.007729022968075812
xgboost,NPB,MLB,full_cross_league,MLB,Connor Seabold,2021,-0.49281010814637,-0.6708382964134216,0.031694035817648784
xgboost,NPB,MLB,full_cross_league,MLB,Marcus Stroman,2021,3.7790838015859802,1.4989535808563232,5.198993823484674
xgboost,NPB,MLB,full_cross_league,MLB,Drew Smyly,2021,0.353508484328637,-0.09937092661857605,0.2050997608598947
xgboost,NPB,MLB,full_cross_league,MLB,Steven Brault,2021,-0.34400683913977503,-0.3981606662273407,0.0029326369882299607
xgboost,NPB,MLB,full_cross_league,MLB,Alec Mills,2021,-0.485137439588218,-0.2470047026872635,0.05670720038393921
xgboost,NPB,MLB,full_cross_league,MLB,Adbert Alzolay,2021,-0.48941553357215706,0.2992614805698395,0.6220114326359351
xgboost,NPB,MLB,full_cross_league,MLB,Adrian Sampson,2021,-0.49281010814637,-0.4391402006149292,0.0028804589744334057
xgboost,NPB,MLB,full_cross_league,MLB,Lance Lynn,2021,2.9110646703794796,2.6989195346832275,0.04500555859958119
xgboost,NPB,MLB,full_cross_league,MLB,Lucas Giolito,2021,0.762717474096773,0.8800175786018372,0.013759314516898963
xgboost,NPB,MLB,full_cross_league,MLB,Johnny Cueto,2021,0.15820419375748207,0.7864375114440918,0.3946771014515247
xgboost,NPB,MLB,full_cross_league,MLB,Vince Velasquez,2021,-0.06500070975241032,-0.15797746181488037,0.008644676424086029
xgboost,NPB,MLB,full_cross_league,MLB,Dylan Cease,2021,-0.16592169084989003,1.3198118209838867,2.207404068185927
xgboost,NPB,MLB,full_cross_league,MLB,Dylan Cease,2021,-0.4835099038334581,1.3198118209838867,3.2519692431982032
xgboost,NPB,MLB,full_cross_league,MLB,Jimmy Lambert,2021,-0.49281010814637,-0.5967931747436523,0.010812478138974856
xgboost,NPB,MLB,full_cross_league,MLB,Luis Castillo,2021,0.7441170654709488,1.2283226251602173,0.23445502403399773
xgboost,NPB,MLB,full_cross_league,MLB,Tyler Mahle,2021,0.34420828001572495,1.1368803977966309,0.6283290863072665
xgboost,NPB,MLB,full_cross_league,MLB,Justin Dunn,2021,-0.48909002642120497,-0.5153319835662842,6.886403148041737e-4
xgboost,NPB,MLB,full_cross_league,MLB,Vladimir Gutierrez,2021,-0.49141507749943303,-0.4567073583602905,0.0012046257678415986
xgboost,NPB,MLB,full_cross_league,MLB,Chase Anderson,2021,-0.49281010814637,-0.23179654777050018,0.06812807870008783
xgboost,NPB,MLB,full_cross_league,MLB,T.J. Zeuch,2021,-0.49281010814637,-0.5580423474311829,0.004255245042111083
xgboost,NPB,MLB,full_cross_league,MLB,Riley O'Brien,2021,-0.49281010814637,-0.5835126042366028,0.008226942796998694
xgboost,NPB,MLB,full_cross_league,MLB,Reiver Sanmartin,2021,-0.49281010814637,-0.5086693167686462,2.515144981248812e-4
xgboost,NPB,MLB,full_cross_league,MLB,Shane Bieber,2021,0.49301154902232,-0.10001634806394577,0.3516820867225585
xgboost,NPB,MLB,full_cross_league,MLB,Cal Quantrill,2021,-0.15614271201895,-0.19588030874729156,0.0015790765937443024
xgboost,NPB,MLB,full_cross_league,MLB,Zach Plesac,2021,-0.25100479601065406,-0.15781976282596588,0.008683450409631437
xgboost,NPB,MLB,full_cross_league,MLB,Aaron Civale,2021,-0.4896666390886061,-0.31011566519737244,0.032238552225290464
xgboost,NPB,MLB,full_cross_league,MLB,Triston McKenzie,2021,-0.49148947913393704,-0.26989877223968506,0.04910244138189429
xgboost,NPB,MLB,full_cross_league,MLB,Eli Morgan,2021,-0.492419499565228,-0.46149253845214844,9.564769236899363e-4
xgboost,NPB,MLB,full_cross_league,MLB,Logan Allen,2021,-0.492493901199731,-0.7931807637214661,0.09041258929316479
xgboost,NPB,MLB,full_cross_league,MLB,Triston McKenzie,2021,-0.5242165261029018,-0.26989877223968506,0.06467751993003171
xgboost,NPB,MLB,full_cross_league,MLB,Kyle Freeland,2021,1.7764397442042,-0.1340145319700241,3.6498355413523784
xgboost,NPB,MLB,full_cross_league,MLB,Antonio Senzatela,2021,1.2556283026811197,0.23875446617603302,1.0340323993685738
xgboost,NPB,MLB,full_cross_league,MLB,Chad Kuhl,2021,-0.06500070975241032,-0.016388364136219025,0.002363160146308033
xgboost,NPB,MLB,full_cross_league,MLB,Peter Lambert,2021,-0.48118485275523004,-0.5465013980865479,0.004266251094018094
xgboost,NPB,MLB,full_cross_league,MLB,Austin Gomber,2021,-0.49095006728378804,-0.1862621009349823,0.09283475683777098
xgboost,NPB,MLB,full_cross_league,MLB,José Ureña,2021,-0.49281010814637,-0.20973147451877594,0.08013351281646562
xgboost,NPB,MLB,full_cross_league,MLB,Ryan Feltner,2021,-0.49281010814637,-0.6175687313079834,0.01556471405318146
xgboost,NPB,MLB,full_cross_league,MLB,Eduardo Rodríguez,2021,2.2414499598498097,0.8843426704406738,1.841740194967412
xgboost,NPB,MLB,full_cross_league,MLB,Michael Pineda,2021,0.400009505893198,1.0774223804473877,0.45888820261177027
xgboost,NPB,MLB,full_cross_league,MLB,Spencer Turnbull,2021,-0.2835555111058461,-0.354618638753891,0.005049968111122323
xgboost,NPB,MLB,full_cross_league,MLB,Wily Peralta,2021,-0.15800275288153204,0.19809982180595398,0.12680904369905655
xgboost,NPB,MLB,full_cross_league,MLB,Casey Mize,2021,-0.49016885012150296,-0.1959032118320465,0.08659226587790123
xgboost,NPB,MLB,full_cross_league,MLB,Tarik Skubal,2021,-0.490280452573258,-0.17316602170467377,0.10056156226510607
xgboost,NPB,MLB,full_cross_league,MLB,Matt Manning,2021,-0.49182428648920107,-0.5560369491577148,0.004123266046980343
xgboost,NPB,MLB,full_cross_league,MLB,Luis Castillo,2021,-0.49281010814637,1.2283226251602173,2.9622978856594044
xgboost,NPB,MLB,full_cross_league,MLB,Tarik Skubal,2021,-0.56837631423373,-0.17316602170467377,0.15619117532090224
xgboost,NPB,MLB,full_cross_league,MLB,Framber Valdez,2021,-0.06500070975241032,-0.06539154052734375,1.527486946350667e-7
xgboost,NPB,MLB,full_cross_league,MLB,José Urquidy,2021,-0.483751709145594,-0.08579107373952866,0.15837266733279928
xgboost,NPB,MLB,full_cross_league,MLB,Zack Greinke,2021,1.79504015283002,1.16732656955719,0.3940243426252161
xgboost,NPB,MLB,full_cross_league,MLB,Brad Keller,2021,0.27445674766888406,-0.2101147323846817,0.23480951928130328
xgboost,NPB,MLB,full_cross_league,MLB,Brady Singer,2021,-0.4879275008820911,-0.426261305809021,0.0038027196147899333
xgboost,NPB,MLB,full_cross_league,MLB,Kris Bubic,2021,-0.49025255196031897,-0.5031543970108032,1.6645760570670496e-4
xgboost,NPB,MLB,full_cross_league,MLB,Jackson Kowar,2021,-0.49243809997385407,-0.6664092540740967,0.030265962458970362
xgboost,NPB,MLB,full_cross_league,MLB,Ángel Zerpa,2021,-0.49281010814637,-0.6462268233299255,0.0235366884977122
xgboost,NPB,MLB,full_cross_league,MLB,Brady Singer,2021,-0.544623964426725,-0.426261305809021,0.014009718955051141
xgboost,NPB,MLB,full_cross_league,MLB,Noah Syndergaard,2021,3.283072842895971,-0.6014013290405273,15.089139592441745
xgboost,NPB,MLB,full_cross_league,MLB,Griffin Canning,2021,-0.48722998555862307,-0.4096241891384125,0.006022659638015172
xgboost,NPB,MLB,full_cross_league,MLB,Jaime Barria,2021,-0.48722998555862307,-0.5795273780822754,0.008518808666665151
xgboost,NPB,MLB,full_cross_league,MLB,José Suarez,2021,-0.48909002642120497,-0.4429667294025421,0.002127358527871794
xgboost,NPB,MLB,full_cross_league,MLB,Patrick Sandoval,2021,-0.48909002642120497,-0.4936878979206085,2.1140422325027445e-5
xgboost,NPB,MLB,full_cross_league,MLB,Reid Detmers,2021,-0.49095006728378804,-0.60589200258255,0.013211648490224792
xgboost,NPB,MLB,full_cross_league,MLB,Cooper Criswell,2021,-0.49095006728378804,-0.6423202157020569,0.02291292183216874
xgboost,NPB,MLB,full_cross_league,MLB,Jhonathan Díaz,2021,-0.49281010814637,-0.6095064878463745,0.013618045035087626
xgboost,NPB,MLB,full_cross_league,MLB,Janson Junk,2021,-0.49281010814637,-0.49708545207977295,1.8278565748885433e-5
xgboost,NPB,MLB,full_cross_league,MLB,Patrick Sandoval,2021,-0.5425040758556399,-0.4936878979206085,0.0023830192281846414
xgboost,NPB,MLB,full_cross_league,MLB,Reid Detmers,2021,-0.5700592792061951,-0.60589200258255,0.001283984064566371
xgboost,NPB,MLB,full_cross_league,MLB,Clayton Kershaw,2021,2.5390564978629993,2.9248621463775635,0.14884599842574348
xgboost,NPB,MLB,full_cross_league,MLB,Andrew Heaney,2021,0.958021764667928,0.09742221981287003,0.7406315766047329
xgboost,NPB,MLB,full_cross_league,MLB,Julio Urías,2021,0.8650197215388071,0.710778534412384,0.023790343806168266
xgboost,NPB,MLB,full_cross_league,MLB,Tyler Anderson,2021,0.8650197215388071,0.5738123059272766,0.08480175890714667
xgboost,NPB,MLB,full_cross_league,MLB,Danny Duffy,2021,-0.06500070975241032,0.27726981043815613,0.11714910899152098
xgboost,NPB,MLB,full_cross_league,MLB,Dustin May,2021,-0.48722998555862307,-0.5301422476768494,0.0018414622401033596
xgboost,NPB,MLB,full_cross_league,MLB,Tony Gonsolin,2021,-0.48909002642120497,-0.3357953429222107,0.023499259989056828
xgboost,NPB,MLB,full_cross_league,MLB,Tony Gonsolin,2021,-0.5244423350636199,-0.3357953429222107,0.035587687644000915
xgboost,NPB,MLB,full_cross_league,MLB,Sandy Alcantara,2021,1.4602327975651896,0.6272557377815247,0.6938507821258394
xgboost,NPB,MLB,full_cross_league,MLB,Pablo López,2021,-0.16730295719444402,-0.31477394700050354,0.021747692834378912
xgboost,NPB,MLB,full_cross_league,MLB,Elieser Hernández,2021,-0.376557554234968,-0.3779090642929077,1.826579436712195e-6
xgboost,NPB,MLB,full_cross_league,MLB,Trevor Rogers,2021,-0.48871801824868905,-0.010876711457967758,0.22833231447546423
xgboost,NPB,MLB,full_cross_league,MLB,Jesús Luzardo,2021,-0.490020046852497,-0.3021964430809021,0.03527770613374908
xgboost,NPB,MLB,full_cross_league,MLB,Zach Thompson,2021,-0.4918800877150791,-0.1835128664970398,0.09509034312173517
xgboost,NPB,MLB,full_cross_league,MLB,Daniel Castano,2021,-0.4918800877150791,-0.5770846009254456,0.007259809071415517
xgboost,NPB,MLB,full_cross_league,MLB,Cody Poteet,2021,-0.492066091801337,-0.14361657202243805,0.12141706783414527
xgboost,NPB,MLB,full_cross_league,MLB,Edward Cabrera,2021,-0.49281010814637,-0.36775723099708557,0.015638222083314023
xgboost,NPB,MLB,full_cross_league,MLB,Braxton Garrett,2021,-0.49281010814637,-0.6232776641845703,0.01702178317858094
xgboost,NPB,MLB,full_cross_league,MLB,Nick Neidert,2021,-0.49281010814637,-0.6496541500091553,0.02460005346785514
xgboost,NPB,MLB,full_cross_league,MLB,Jesús Luzardo,2021,-0.569296104440277,-0.3021964430809021,0.07134222909829276
xgboost,NPB,MLB,full_cross_league,MLB,Brandon Woodruff,2021,0.641814818028915,1.6974945068359375,1.114459605359692
xgboost,NPB,MLB,full_cross_league,MLB,Corbin Burnes,2021,0.5860135921514419,1.9198027849197388,1.7789936107455047
xgboost,NPB,MLB,full_cross_league,MLB,Eric Lauer,2021,-0.17195305935090002,-0.11420735716819763,0.0033345661205733596
xgboost,NPB,MLB,full_cross_league,MLB,Adrian Houser,2021,-0.17195305935090002,0.09332688897848129,0.0703734509856392
xgboost,NPB,MLB,full_cross_league,MLB,José Ureña,2021,-0.390507860704336,-0.20973147451877594,0.032680101802310756
xgboost,NPB,MLB,full_cross_league,MLB,Dylan Bundy,2021,0.30700746276407703,-0.33360806107521057,0.41038824938388496
xgboost,NPB,MLB,full_cross_league,MLB,Chris Archer,2021,0.028001333376711398,0.17478135228157043,0.021544373949710774
xgboost,NPB,MLB,full_cross_league,MLB,Bailey Ober,2021,-0.491656882811569,-0.3137240707874298,0.03166008559481765
xgboost,NPB,MLB,full_cross_league,MLB,Joe Ryan,2021,-0.492503201404044,-0.1210271492600441,0.13799445731649176
xgboost,NPB,MLB,full_cross_league,MLB,Chi Chi González,2021,-0.49281010814637,-0.3320760428905487,0.02583543973366262
xgboost,NPB,MLB,full_cross_league,MLB,Aaron Sanchez,2021,-0.49281010814637,-0.45280101895332336,0.0016007272180571608
xgboost,NPB,MLB,full_cross_league,MLB,Griffin Jax,2021,-0.49281010814637,-0.3005291223526001,0.036971977497823945
xgboost,NPB,MLB,full_cross_league,MLB,Joe Ryan,2021,-0.57361530532728,-0.1210271492600441,0.20483603901234068
xgboost,NPB,MLB,full_cross_league,MLB,Max Scherzer,2021,7.43716404066205,4.702905178070068,7.476171527662796
xgboost,NPB,MLB,full_cross_league,MLB,Trevor Williams,2021,0.10240296788000901,-0.3024742007255554,0.16392552165805865
xgboost,NPB,MLB,full_cross_league,MLB,Joey Lucchesi,2021,-0.4091082693301611,-0.27228689193725586,0.0187200893116918
xgboost,NPB,MLB,full_cross_league,MLB,Tylor Megill,2021,-0.49141507749943303,-0.10517466068267822,0.14918165958278048
xgboost,NPB,MLB,full_cross_league,MLB,David Peterson,2021,-0.49281010814637,-0.5769708752632141,0.00708303472169567
xgboost,NPB,MLB,full_cross_league,MLB,Jordan Montgomery,2021,0.49301154902232,0.5629709959030151,0.004894324207852808
xgboost,NPB,MLB,full_cross_league,MLB,Jameson Taillon,2021,0.4558107317706711,0.08614076673984528,0.136655883045892
xgboost,NPB,MLB,full_cross_league,MLB,Domingo Germán,2021,-0.29750581757521505,-0.28581759333610535,1.3661458586371157e-4
xgboost,NPB,MLB,full_cross_league,MLB,Nestor Cortes,2021,-0.4876949957742681,-0.2860918641090393,0.040643822697227584
xgboost,NPB,MLB,full_cross_league,MLB,Clarke Schmidt,2021,-0.490485057068142,-0.6032519936561584,0.012716381987445723
xgboost,NPB,MLB,full_cross_league,MLB,Chi Chi González,2021,-0.49281010814637,-0.3320760428905487,0.02583543973366262
xgboost,NPB,MLB,full_cross_league,MLB,Deivi García,2021,-0.49281010814637,-0.6579390168190002,0.02726755647941386
xgboost,NPB,MLB,full_cross_league,MLB,Luis Gil,2021,-0.49281010814637,-0.5609303712844849,0.004640370250006011
xgboost,NPB,MLB,full_cross_league,MLB,Nestor Cortes,2021,-0.511813959635289,-0.2860918641090393,0.05095046440876138
xgboost,NPB,MLB,full_cross_league,MLB,Zach Eflin,2021,0.43721032314484715,-0.25270798802375793,0.47598727608574026
xgboost,NPB,MLB,full_cross_league,MLB,Hans Crouse,2021,-0.49281010814637,-0.5497369170188904,0.0032406615684084654
xgboost,NPB,MLB,full_cross_league,MLB,Jerad Eickhoff,2021,-0.4370088822688971,-0.09506256878376007,0.11692728130607562
xgboost,NPB,MLB,full_cross_league,MLB,JT Brubaker,2021,-0.4881600059899141,0.4073796570301056,0.8019912880420104
xgboost,NPB,MLB,full_cross_league,MLB,Mitch Keller,2021,-0.4881600059899141,0.2143179029226303,0.493475212510141
xgboost,NPB,MLB,full_cross_league,MLB,Bryse Wilson,2021,-0.490020046852497,-0.6071444153785706,0.01371811770263149
xgboost,NPB,MLB,full_cross_league,MLB,Dillon Peters,2021,-0.490020046852497,-0.3359258770942688,0.023745013153477653
xgboost,NPB,MLB,full_cross_league,MLB,Wil Crowe,2021,-0.490020046852497,-0.24353459477424622,0.06075507808621967
xgboost,NPB,MLB,full_cross_league,MLB,Miguel Yajure,2021,-0.4918800877150791,-0.5921671986579895,0.010057504621275625
xgboost,NPB,MLB,full_cross_league,MLB,Max Kranick,2021,-0.4918800877150791,-0.405387818813324,0.007480912579773512
xgboost,NPB,MLB,full_cross_league,MLB,Chase De Jong,2021,-0.49281010814637,-0.4650617241859436,7.699728124152487e-4
xgboost,NPB,MLB,full_cross_league,MLB,Roansy Contreras,2021,-0.49281010814637,-0.6187887787818909,0.01587062545509305
xgboost,NPB,MLB,full_cross_league,MLB,Mitch Keller,2021,-0.5761205943650921,0.2143179029226303,0.6247930179944727
xgboost,NPB,MLB,full_cross_league,MLB,Joe Musgrove,2021,0.9812722754502089,1.5822536945343018,0.3611786660843301
xgboost,NPB,MLB,full_cross_league,MLB,Chris Paddack,2021,-0.20450377444609302,-0.5416930913925171,0.11369663546279603
xgboost,NPB,MLB,full_cross_league,MLB,Adrián Morejón,2021,-0.491973089758208,-0.5405769348144531,0.002362333754251481
xgboost,NPB,MLB,full_cross_league,MLB,Ryan Weathers,2021,-0.49281010814637,-0.4538825452327728,0.0015153551543920657
xgboost,NPB,MLB,full_cross_league,MLB,Robbie Ray,2021,3.6550810154124602,2.3515946865081787,1.6990766096403607
xgboost,NPB,MLB,full_cross_league,MLB,Justus Sheffield,2021,-0.481501059701869,0.08586502820253372,0.3219042777039464
xgboost,NPB,MLB,full_cross_league,MLB,Logan Gilbert,2021,-0.490522257885394,-0.3203475773334503,0.02895942190095608
xgboost,NPB,MLB,full_cross_league,MLB,Carlos Rodón,2021,3.4690769291542094,1.8042079210281372,2.7717888142186915
xgboost,NPB,MLB,full_cross_league,MLB,Anthony DeSclafani,2021,1.6090360665717802,0.7359700798988342,0.7622442170852047
xgboost,NPB,MLB,full_cross_league,MLB,Alex Wood,2021,1.7020381097009,0.9886165261268616,0.5089703559092889
xgboost,NPB,MLB,full_cross_league,MLB,Alex Cobb,2021,1.23702789405529,0.6228386163711548,0.37722846882215966
xgboost,NPB,MLB,full_cross_league,MLB,Matthew Boyd,2021,0.34420828001572495,-0.17376133799552917,0.26829252518272445
xgboost,NPB,MLB,full_cross_league,MLB,Logan Webb,2021,-0.48722998555862307,0.2339482605457306,0.5200980626541517
xgboost,NPB,MLB,full_cross_league,MLB,Logan Webb,2021,-0.5166046808809559,0.2339482605457306,0.5633297178842511
xgboost,NPB,MLB,full_cross_league,MLB,Steven Matz,2021,1.4230319803135398,1.0293238162994385,0.15500611841135453
xgboost,NPB,MLB,full_cross_league,MLB,Adam Wainwright,2021,2.6320585409921198,2.9267008304595947,0.0868140787426353
xgboost,NPB,MLB,full_cross_league,MLB,Jack Flaherty,2021,0.30700746276407703,0.022620098665356636,0.08087617285901816
xgboost,NPB,MLB,full_cross_league,MLB,Dakota Hudson,2021,-0.4277086779559851,-0.6135435700416565,0.03453460711649313
xgboost,NPB,MLB,full_cross_league,MLB,Packy Naughton,2021,-0.49281010814637,-0.5836195945739746,0.008246362825245306
xgboost,NPB,MLB,full_cross_league,MLB,Johan Oviedo,2021,-0.49281010814637,0.3329909145832062,0.681947329141214
xgboost,NPB,MLB,full_cross_league,MLB,Corey Kluber,2021,0.8650197215388071,0.1335536688566208,0.535042586226459
xgboost,NPB,MLB,full_cross_league,MLB,Tyler Glasnow,2021,0.3256078713899011,-0.0024632690474390984,0.107630673187857
xgboost,NPB,MLB,full_cross_league,MLB,Ryan Yarbrough,2021,0.0931027635670966,-0.04118351638317108,0.018032804982881664
xgboost,NPB,MLB,full_cross_league,MLB,Shane McClanahan,2021,-0.490689661563026,-0.37538623809814453,0.013294879462721782
xgboost,NPB,MLB,full_cross_league,MLB,Luis Patiño,2021,-0.49143367790805903,-0.4954068660736084,1.5786224198861554e-5
xgboost,NPB,MLB,full_cross_league,MLB,Shane Baz,2021,-0.492605503651486,-0.40531426668167114,0.007619760051720368
xgboost,NPB,MLB,full_cross_league,MLB,Shane McClanahan,2021,-0.518265883375328,-0.37538623809814453,0.02041459303453377
xgboost,NPB,MLB,full_cross_league,MLB,Jon Gray,2021,1.9810442390882699,0.270782470703125,2.9249953163998827
xgboost,NPB,MLB,full_cross_league,MLB,Garrett Richards,2021,0.400009505893198,0.3341745436191559,0.004334242257624549
xgboost,NPB,MLB,full_cross_league,MLB,Martín Pérez,2021,0.12100337650583301,0.10096921771764755,4.013675183502286e-4
xgboost,NPB,MLB,full_cross_league,MLB,Matt Moore,2021,-0.15800275288153204,-0.19248558580875397,0.0011890657666867009
xgboost,NPB,MLB,full_cross_league,MLB,Kolby Allard,2021,-0.48909002642120497,-0.41905632615089417,0.004904719173551732
xgboost,NPB,MLB,full_cross_league,MLB,Spencer Howard,2021,-0.49020605093875497,-0.5280022025108337,0.0014285490736595527
xgboost,NPB,MLB,full_cross_league,MLB,Dane Dunning,2021,-0.49020605093875497,-0.23661963641643524,0.06430606963028576
xgboost,NPB,MLB,full_cross_league,MLB,Dallas Keuchel,2021,-0.49281010814637,1.500157356262207,3.971919314191153
xgboost,NPB,MLB,full_cross_league,MLB,A.J. Alexy,2021,-0.49281010814637,-0.37191659212112427,0.014615242216946345
xgboost,NPB,MLB,full_cross_league,MLB,Glenn Otto,2021,-0.49281010814637,-0.34135812520980835,0.02293770313541656
xgboost,NPB,MLB,full_cross_league,MLB,José Berríos,2021,2.8579206988783,1.3425517082214355,2.296343177844405
xgboost,NPB,MLB,full_cross_league,MLB,Kevin Gausman,2021,3.4690769291542094,3.0448038578033447,0.1800076390734959
xgboost,NPB,MLB,full_cross_league,MLB,Yusei Kikuchi,2021,1.6090360665717802,0.5319581627845764,1.160096810826637
xgboost,NPB,MLB,full_cross_league,MLB,Ross Stripling,2021,0.08194251839160199,-0.06521197408437729,0.021654444655863043
xgboost,NPB,MLB,full_cross_league,MLB,Alek Manoah,2021,-0.21547373744134504,-0.191523939371109,5.735928276050816e-4
xgboost,NPB,MLB,full_cross_league,MLB,Alek Manoah,2021,-0.48722998555862307,-0.191523939371109,0.0874420657518522
xgboost,NPB,MLB,full_cross_league,MLB,Thomas Hatch,2021,-0.48987124358349005,-0.6103768944740295,0.014521611896552582
xgboost,NPB,MLB,full_cross_league,MLB,Joe Ross,2021,-0.17660316150735603,0.08038307726383209,0.0660419269177621
xgboost,NPB,MLB,full_cross_league,MLB,Erick Fedde,2021,-0.223104183071917,0.07967230677604675,0.09167360280465413
xgboost,NPB,MLB,full_cross_league,MLB,Aaron Sanchez,2021,-0.25100479601065406,-0.45280101895332336,0.04072171559392749
xgboost,NPB,MLB,full_cross_league,MLB,Paolo Espino,2021,-0.48979684194898704,0.6604555249214172,1.3230805074909673
xgboost,NPB,MLB,full_cross_league,MLB,Josiah Gray,2021,-0.49215909384446604,-0.4838687777519226,6.872934091428469e-5
xgboost,NPB,MLB,full_cross_league,MLB,Joan Adon,2021,-0.49277290732911805,-0.5908088088035583,0.009611037977906167
xgboost,NPB,MLB,full_cross_league,MLB,Josh Rogers,2021,-0.49281010814637,-0.4131564199924469,0.006344710036522428
xgboost,NPB,MLB,full_cross_league,MLB,Merrill Kelly,2022,1.0510238077970497,1.5499740839004517,0.24895137802366102
xgboost,NPB,MLB,full_cross_league,MLB,Zac Gallen,2022,0.418609914519023,1.5997843742370605,1.395173104290198
xgboost,NPB,MLB,full_cross_league,MLB,Zach Davies,2022,0.30700746276407703,-0.1844247281551361,0.24150559827165796
xgboost,NPB,MLB,full_cross_league,MLB,Drey Jameson,2022,-0.48842041171067613,-0.5758674144744873,0.007646978292374
xgboost,NPB,MLB,full_cross_league,MLB,Ryne Nelson,2022,-0.4885878153883081,-0.6125478744506836,0.015366096242747623
xgboost,NPB,MLB,full_cross_league,MLB,Tyler Gilbert,2022,-0.48909002642120497,-0.566871166229248,0.006049905709838343
xgboost,NPB,MLB,full_cross_league,MLB,Tommy Henry,2022,-0.48909002642120497,-0.5824032425880432,0.008707356311399081
xgboost,NPB,MLB,full_cross_league,MLB,Paul Blackburn,2022,-0.26960520463647797,-0.15436509251594543,0.01328028344155291
xgboost,NPB,MLB,full_cross_league,MLB,Cole Irvin,2022,-0.48581635450306004,0.7246865630149841,1.4653173133196968
xgboost,NPB,MLB,full_cross_league,MLB,James Kaprielian,2022,-0.48722998555862307,-0.035145193338394165,0.20438065935680755
xgboost,NPB,MLB,full_cross_league,MLB,Kyle Muller,2022,-0.48909002642120497,-0.6690032482147217,0.03236876737612313
xgboost,NPB,MLB,full_cross_league,MLB,Adam Oller,2022,-0.48909002642120497,-0.34833672642707825,0.019811491459236635
xgboost,NPB,MLB,full_cross_league,MLB,Adrián Martínez,2022,-0.48909002642120497,-0.5950421690940857,0.011225856536974473
xgboost,NPB,MLB,full_cross_league,MLB,JP Sears,2022,-0.48909002642120497,-0.3338555693626404,0.024097736658267335
xgboost,NPB,MLB,full_cross_league,MLB,Ken Waldichuk,2022,-0.48909002642120497,-0.5746802091598511,0.0073256793812348335
xgboost,NPB,MLB,full_cross_league,MLB,Spencer Strider,2022,1.7020381097009,1.466187834739685,0.05562535219928073
xgboost,NPB,MLB,full_cross_league,MLB,Charlie Morton,2022,3.0970687566377304,2.291689395904541,0.6486359146950008
xgboost,NPB,MLB,full_cross_league,MLB,Max Fried,2022,1.88804219595915,1.4478381872177124,0.1937795693120317
xgboost,NPB,MLB,full_cross_league,MLB,Spencer Strider,2022,-0.30813911317434,1.466187834739685,3.1482361180939
xgboost,NPB,MLB,full_cross_league,MLB,Kyle Wright,2022,-0.4835099038334581,0.7427662014961243,1.5037530865022888
xgboost,NPB,MLB,full_cross_league,MLB,Huascar Ynoa,2022,-0.4835099038334581,-0.5734251141548157,0.008084745047133968
xgboost,NPB,MLB,full_cross_league,MLB,Bryce Elder,2022,-0.48909002642120497,-0.5582758188247681,0.004786673870508929
xgboost,NPB,MLB,full_cross_league,MLB,Dane Dunning,2022,-0.539936475448931,0.055909164249897,0.35503202634810554
xgboost,NPB,MLB,full_cross_league,MLB,Bryce Elder,2022,-0.54998051010279,-0.5582758188247681,6.881214679292485e-5
xgboost,NPB,MLB,full_cross_league,MLB,Kyle Gibson,2022,1.23702789405529,1.4264143705368042,0.03586723747408317
xgboost,NPB,MLB,full_cross_league,MLB,Kyle Bradish,2022,-0.3129839616091081,-0.38812094926834106,0.005645566914503731
xgboost,NPB,MLB,full_cross_league,MLB,Tyler Wells,2022,-0.4867835757516031,-0.20242303609848022,0.08086091651181526
xgboost,NPB,MLB,full_cross_league,MLB,Dean Kremer,2022,-0.48700678065511305,-0.19543753564357758,0.0850126246365968
xgboost,NPB,MLB,full_cross_league,MLB,Kyle Bradish,2022,-0.4875833933225131,-0.38812094926834106,0.009892777777229302
xgboost,NPB,MLB,full_cross_league,MLB,Bruce Zimmermann,2022,-0.48909002642120497,-0.5513736009597778,0.0038792436573019617
xgboost,NPB,MLB,full_cross_league,MLB,Spenser Watkins,2022,-0.48909002642120497,0.14266060292720795,0.39910885768211585
xgboost,NPB,MLB,full_cross_league,MLB,Dean Kremer,2022,-0.5715155051975109,-0.19543753564357758,0.14143463918380922
xgboost,NPB,MLB,full_cross_league,MLB,Corey Kluber,2022,1.23702789405529,1.6961703300476074,0.21081177652895938
xgboost,NPB,MLB,full_cross_league,MLB,Nick Pivetta,2022,0.3721088929544621,1.3934950828552246,1.0432297489199966
xgboost,NPB,MLB,full_cross_league,MLB,Kutter Crawford,2022,-0.48722998555862307,-0.4465588629245758,0.0016541402163137116
xgboost,NPB,MLB,full_cross_league,MLB,Brayan Bello,2022,-0.48732298760175213,-0.35375070571899414,0.01784155448736696
xgboost,NPB,MLB,full_cross_league,MLB,Josh Winckowski,2022,-0.48871801824868905,-0.538433313369751,0.0024716105689742843
xgboost,NPB,MLB,full_cross_league,MLB,Connor Seabold,2022,-0.48871801824868905,-0.2282346785068512,0.06785157028306173
xgboost,NPB,MLB,full_cross_league,MLB,Kutter Crawford,2022,-0.559212078907873,-0.4465588629245758,0.012690747071379394
xgboost,NPB,MLB,full_cross_league,MLB,Brayan Bello,2022,-0.5607447525786412,-0.35375070571899414,0.04284653543533377
xgboost,NPB,MLB,full_cross_league,MLB,Jameson Taillon,2022,2.5390564978629993,1.6976453065872192,0.7079727928041273
xgboost,NPB,MLB,full_cross_league,MLB,Drew Smyly,2022,1.14402585092617,0.334391325712204,0.6555080644184442
xgboost,NPB,MLB,full_cross_league,MLB,Adrian Sampson,2022,-0.26960520463647797,-0.20904824137687683,0.0036671457992246822
xgboost,NPB,MLB,full_cross_league,MLB,Justin Steele,2022,-0.31176656486454807,-0.20935466885566711,0.010488196444133846
xgboost,NPB,MLB,full_cross_league,MLB,Keegan Thompson,2022,-0.48536994469604006,0.26975777745246887,0.5702178767571956
xgboost,NPB,MLB,full_cross_league,MLB,Justin Steele,2022,-0.48536994469604006,-0.20935466885566711,0.07618443249723716
xgboost,NPB,MLB,full_cross_league,MLB,Javier Assad,2022,-0.48881102029181805,-0.5861868858337402,0.009482059190038507
xgboost,NPB,MLB,full_cross_league,MLB,Hayden Wesneski,2022,-0.48881102029181805,-0.411731481552124,0.005941255292323993
xgboost,NPB,MLB,full_cross_league,MLB,Caleb Kilian,2022,-0.48909002642120497,-0.6053256988525391,0.0135107315455644
xgboost,NPB,MLB,full_cross_league,MLB,Javier Assad,2022,-0.5742882681113619,-0.5861868858337402,1.4157710370329553e-4
xgboost,NPB,MLB,full_cross_league,MLB,Mike Clevinger,2022,1.6090360665717802,0.40060681104660034,1.4603012656091405
xgboost,NPB,MLB,full_cross_league,MLB,Lucas Giolito,2022,1.31142952855859,0.83536529541015625,0.22663715408320625
xgboost,NPB,MLB,full_cross_league,MLB,Dylan Cease,2022,0.43721032314484715,1.1571298837661743,0.5182841737652046
xgboost,NPB,MLB,full_cross_league,MLB,Michael Kopech,2022,-0.24170459169774103,-0.011582653038203716,0.052956106652423854
xgboost,NPB,MLB,full_cross_league,MLB,José Ureña,2022,-0.48909002642120497,-0.15549825131893158,0.11128347241588575
xgboost,NPB,MLB,full_cross_league,MLB,Hunter Greene,2022,1.02002306475265,0.6029868721961975,0.17391918590198255
xgboost,NPB,MLB,full_cross_league,MLB,Justin Dunn,2022,-0.455609290894721,-0.5502107739448547,0.008949440595284738
xgboost,NPB,MLB,full_cross_league,MLB,Hunter Greene,2022,-0.48722998555862307,0.6029868721961975,1.1885727969327946
xgboost,NPB,MLB,full_cross_league,MLB,Nick Lodolo,2022,-0.48722998555862307,-0.1575230360031128,0.1087066725851998
xgboost,NPB,MLB,full_cross_league,MLB,Connor Overton,2022,-0.48722998555862307,-0.4454410672187805,0.0017463136960140292
xgboost,NPB,MLB,full_cross_league,MLB,Vladimir Gutierrez,2022,-0.48722998555862307,-0.46247389912605286,6.12863815456887e-4
xgboost,NPB,MLB,full_cross_league,MLB,Graham Ashcraft,2022,-0.48862501620556004,-0.431917667388916,0.003215723409812538
xgboost,NPB,MLB,full_cross_league,MLB,Chase Anderson,2022,-0.48909002642120497,-0.19784525036811829,0.08482351957821262
xgboost,NPB,MLB,full_cross_league,MLB,Shane Bieber,2022,1.2388879349178803,1.4278653860092163,0.035712477020978295
xgboost,NPB,MLB,full_cross_league,MLB,Cal Quantrill,2022,0.400009505893198,0.6211849451065063,0.04891857491119986
xgboost,NPB,MLB,full_cross_league,MLB,Zach Plesac,2022,-0.0743009140653225,0.11757289618253708,0.03681555905903162
xgboost,NPB,MLB,full_cross_league,MLB,Aaron Civale,2022,-0.13940234425570802,-0.1183585524559021,4.4284117331357895e-4
xgboost,NPB,MLB,full_cross_league,MLB,Triston McKenzie,2022,-0.48546294673917006,0.6570045948028564,1.3052320834770819
xgboost,NPB,MLB,full_cross_league,MLB,Cody Morris,2022,-0.4890528256039541,-0.46454179286956787,6.007907257061522e-4
xgboost,NPB,MLB,full_cross_league,MLB,Hunter Gaddis,2022,-0.489071426012579,-0.6010456085205078,0.012538217548318945
xgboost,NPB,MLB,full_cross_league,MLB,Xzavion Curry,2022,-0.489071426012579,-0.5978288650512695,0.011828180546254482
xgboost,NPB,MLB,full_cross_league,MLB,Konnor Pilkington,2022,-0.48909002642120497,-0.5893741846084595,0.010056912383326283
xgboost,NPB,MLB,full_cross_league,MLB,José Ureña,2022,0.028001333376711398,-0.15549825131893158,0.033672097583473455
xgboost,NPB,MLB,full_cross_league,MLB,Austin Gomber,2022,-0.31610622620103895,-0.35159894824028015,0.001259733317754838
xgboost,NPB,MLB,full_cross_league,MLB,Ryan Feltner,2022,-0.48871801824868905,-0.22671589255332947,0.068645113868887
xgboost,NPB,MLB,full_cross_league,MLB,Chris Flexen,2022,-0.48909002642120497,0.153124138712883,0.41243903389887365
xgboost,NPB,MLB,full_cross_league,MLB,Michael Lorenzen,2022,0.958021764667928,-0.09861766546964645,1.1164868853214582
xgboost,NPB,MLB,full_cross_league,MLB,Tyler Alexander,2022,-0.274255306792934,-0.2076863795518875,0.004431422074023738
xgboost,NPB,MLB,full_cross_league,MLB,Rony García,2022,-0.46862957693279805,-0.5703960061073303,0.010356406106935093
xgboost,NPB,MLB,full_cross_league,MLB,Tarik Skubal,2022,-0.48468172957688505,-0.079367496073246,0.16427962788064243
xgboost,NPB,MLB,full_cross_league,MLB,Casey Mize,2022,-0.48644876839633805,-0.7080593705177307,0.04911125897260621
xgboost,NPB,MLB,full_cross_league,MLB,Matt Manning,2022,-0.48737878882762914,-0.5214052796363831,0.001157802076758215
xgboost,NPB,MLB,full_cross_league,MLB,Beau Brieske,2022,-0.488271608441669,-0.47651976346969604,1.381058602452861e-4
xgboost,NPB,MLB,full_cross_league,MLB,Joey Wentz,2022,-0.488439012119301,-0.5688596963882446,0.0064674864582851144
xgboost,NPB,MLB,full_cross_league,MLB,Zach Logue,2022,-0.48909002642120497,-0.5237999558448792,0.0012047792005964425
xgboost,NPB,MLB,full_cross_league,MLB,Alex Faedo,2022,-0.48909002642120497,-0.6039202213287354,0.013185973662501417
xgboost,NPB,MLB,full_cross_league,MLB,Tarik Skubal,2022,-0.547032717343769,-0.079367496073246,0.21871075918600724
xgboost,NPB,MLB,full_cross_league,MLB,Cristian Javier,2022,1.7578393355783797,1.311541199684143,0.1991820261026705
xgboost,NPB,MLB,full_cross_league,MLB,Framber Valdez,2022,0.641814818028915,0.924702525138855,0.08002545483391917
xgboost,NPB,MLB,full_cross_league,MLB,José Urquidy,2022,-0.06035060759595421,0.37612342834472656,0.1905095840503467
xgboost,NPB,MLB,full_cross_league,MLB,Jordan Lyles,2022,0.958021764667928,0.7534384727478027,0.041854323332875185
xgboost,NPB,MLB,full_cross_league,MLB,Zack Greinke,2022,0.958021764667928,0.5075335502624512,0.20293963131823484
xgboost,NPB,MLB,full_cross_league,MLB,Brad Keller,2022,0.45116062961421505,-0.11823740601539612,0.3242141229788599
xgboost,NPB,MLB,full_cross_league,MLB,Brady Singer,2022,-0.0743009140653225,-0.10374880582094193,8.671783288506789e-4
xgboost,NPB,MLB,full_cross_league,MLB,Kris Bubic,2022,-0.213803978759005,-0.4275204837322235,0.04567474449796773
xgboost,NPB,MLB,full_cross_league,MLB,Ángel Zerpa,2022,-0.4888296207004441,-0.4103524684906006,0.006158663418966949
xgboost,NPB,MLB,full_cross_league,MLB,Cole Ragans,2022,-0.552083472302026,-0.5277743339538574,5.909342072304019e-4
xgboost,NPB,MLB,full_cross_league,MLB,Tyler Anderson,2022,1.79504015283002,3.005247116088867,1.4646008939202009
xgboost,NPB,MLB,full_cross_league,MLB,Patrick Sandoval,2022,-0.11150173131697101,-0.12617315351963043,2.152506294486878e-4
xgboost,NPB,MLB,full_cross_league,MLB,José Suarez,2022,-0.4835099038334581,-0.4534793794155121,9.018323968168518e-4
xgboost,NPB,MLB,full_cross_league,MLB,Tucker Davidson,2022,-0.48536994469604006,-0.5545876622200012,0.00479109241922688
xgboost,NPB,MLB,full_cross_league,MLB,Reid Detmers,2022,-0.48536994469604006,-0.37243911623954773,0.012753372015869697
xgboost,NPB,MLB,full_cross_league,MLB,Jhonathan Díaz,2022,-0.48909002642120497,-0.6139639019966125,0.015593484801222373
xgboost,NPB,MLB,full_cross_league,MLB,Chase Silseth,2022,-0.48909002642120497,-0.6292654275894165,0.01964914309266904
xgboost,NPB,MLB,full_cross_league,MLB,Reid Detmers,2022,-0.572036130634948,-0.37243911623954773,0.039838968155557604
xgboost,NPB,MLB,full_cross_league,MLB,Clayton Kershaw,2022,3.0970687566377304,4.694362640380859,2.5513477510432083
xgboost,NPB,MLB,full_cross_league,MLB,Julio Urías,2022,2.0275452606528304,0.8466473817825317,1.3945198003203705
xgboost,NPB,MLB,full_cross_league,MLB,Noah Syndergaard,2022,1.79504015283002,-0.13063271343708038,3.7082159878773497
xgboost,NPB,MLB,full_cross_league,MLB,Walker Buehler,2022,0.8696698236952631,-0.29594704508781433,1.358662684791666
xgboost,NPB,MLB,full_cross_league,MLB,Tony Gonsolin,2022,-0.004549381718481162,1.2167967557907104,1.4916863876086213
xgboost,NPB,MLB,full_cross_league,MLB,Dustin May,2022,-0.311456124044583,-0.5191412568092346,0.043133114371470965
xgboost,NPB,MLB,full_cross_league,MLB,Michael Grove,2022,-0.48862501620556004,-0.6205909848213196,0.017415016872695633
xgboost,NPB,MLB,full_cross_league,MLB,Ryan Pepiot,2022,-0.48862501620556004,-0.3688294291496277,0.014350982678075467
xgboost,NPB,MLB,full_cross_league,MLB,Johnny Cueto,2022,0.958021764667928,2.588470458984375,2.6583629447982067
xgboost,NPB,MLB,full_cross_league,MLB,Pablo López,2022,0.390709301580286,0.46771711111068726,0.0059302027286705595
xgboost,NPB,MLB,full_cross_league,MLB,Jesús Luzardo,2022,-0.16730295719444402,-0.243086040019989,0.005743075642543413
xgboost,NPB,MLB,full_cross_league,MLB,Devin Smeltzer,2022,-0.4370088822688971,-0.4668257236480713,8.890440298308333e-4
xgboost,NPB,MLB,full_cross_league,MLB,Trevor Rogers,2022,-0.48313789566094106,-0.38667505979537964,0.009305078703226244
xgboost,NPB,MLB,full_cross_league,MLB,Braxton Garrett,2022,-0.4868579773861061,-0.38084980845451355,0.011237731880229062
xgboost,NPB,MLB,full_cross_league,MLB,Edward Cabrera,2022,-0.48704398147236505,-0.3138769268989563,0.029986828789629924
xgboost,NPB,MLB,full_cross_league,MLB,Max Meyer,2022,-0.48881102029181805,-0.6658368706703186,0.03133815170223126
xgboost,NPB,MLB,full_cross_league,MLB,Chi Chi González,2022,-0.48909002642120497,-0.13207010924816132,0.12746322125824694
xgboost,NPB,MLB,full_cross_league,MLB,Daniel Castano,2022,-0.48909002642120497,-0.7254578471183777,0.05586974666113079
xgboost,NPB,MLB,full_cross_league,MLB,Braxton Garrett,2022,-0.5361680326613391,-0.38084980845451355,0.024123750770761718
xgboost,NPB,MLB,full_cross_league,MLB,Aaron Ashby,2022,0.139603785131657,-0.28966498374938965,0.18427167593664945
xgboost,NPB,MLB,full_cross_league,MLB,Brandon Woodruff,2022,1.38583116306189,2.1106960773468018,0.5254291439612724
xgboost,NPB,MLB,full_cross_league,MLB,Corbin Burnes,2022,1.2388879349178803,1.656167984008789,0.17412263936931124
xgboost,NPB,MLB,full_cross_league,MLB,Eric Lauer,2022,0.3209577692334451,0.3010120987892151,3.9782976946983067e-4
xgboost,NPB,MLB,full_cross_league,MLB,Wade Miley,2022,0.214005419634955,-0.14721082150936127,0.13047717286642885
xgboost,NPB,MLB,full_cross_league,MLB,Adrian Houser,2022,0.0466017420025358,-0.2648743987083435,0.09701738623214348
xgboost,NPB,MLB,full_cross_league,MLB,Bryse Wilson,2022,-0.4867463749343511,-0.2899479866027832,0.03872960564990259
xgboost,NPB,MLB,full_cross_league,MLB,Jason Alexander,2022,-0.48676497534297714,-0.41872671246528625,0.004629205215413769
xgboost,NPB,MLB,full_cross_league,MLB,Janson Junk,2022,-0.48909002642120497,-0.3109911382198334,0.031719213978564656
xgboost,NPB,MLB,full_cross_league,MLB,Ethan Small,2022,-0.48909002642120497,-0.6074091196060181,0.013999407812076484
xgboost,NPB,MLB,full_cross_league,MLB,Chris Paddack,2022,0.15355409160102604,-0.6427993178367615,0.6341787527231885
xgboost,NPB,MLB,full_cross_league,MLB,Tyler Mahle,2022,0.772017678409685,0.10353850573301315,0.4468644043024877
xgboost,NPB,MLB,full_cross_league,MLB,Chris Paddack,2022,-0.17660316150735603,-0.6427993178367615,0.21733885617631146
xgboost,NPB,MLB,full_cross_league,MLB,Joe Ryan,2022,-0.48718348453705806,0.5851182341575623,1.1498309759154364
xgboost,NPB,MLB,full_cross_league,MLB,Josh Winder,2022,-0.4880391033338461,-0.4548100531101227,0.001104169778770733
xgboost,NPB,MLB,full_cross_league,MLB,Dallas Keuchel,2022,-0.48909002642120497,1.092169165611267,2.5003806323871864
xgboost,NPB,MLB,full_cross_league,MLB,Bailey Ober,2022,-0.48909002642120497,-0.56162428855896,0.005261219183868557
xgboost,NPB,MLB,full_cross_league,MLB,Bailey Ober,2022,-0.5425193281907129,-0.56162428855896,3.649995106722904e-4
xgboost,NPB,MLB,full_cross_league,MLB,Joe Ryan,2022,-0.559412405308773,0.5851182341575623,1.3099503846772182
xgboost,NPB,MLB,full_cross_league,MLB,Justin Verlander,2022,7.43716404066205,4.818891525268555,6.85535096486498
xgboost,NPB,MLB,full_cross_league,MLB,Jose Quintana,2022,1.79504015283002,2.1757495403289795,0.14493963772983293
xgboost,NPB,MLB,full_cross_league,MLB,Elieser Hernández,2022,-0.325406430513951,-0.3212893307209015,1.6950510705928467e-5
xgboost,NPB,MLB,full_cross_league,MLB,Tylor Megill,2022,-0.4835099038334581,-0.44781455397605896,0.0012741580014421247
xgboost,NPB,MLB,full_cross_league,MLB,David Peterson,2022,-0.4835099038334581,0.22520320117473602,0.5022742652103556
xgboost,NPB,MLB,full_cross_league,MLB,José Buttó,2022,-0.48909002642120497,-0.58844393491745,0.00987119913348022
xgboost,NPB,MLB,full_cross_league,MLB,Carlos Rodón,2022,4.399097360445429,2.2570807933807373,4.588234973579608
xgboost,NPB,MLB,full_cross_league,MLB,Frankie Montas,2022,0.772017678409685,0.41101574897766113,0.130322393053644
xgboost,NPB,MLB,full_cross_league,MLB,Nestor Cortes,2022,-0.027799892500761595,1.0883455276489258,1.2457805989211224
xgboost,NPB,MLB,full_cross_league,MLB,Domingo Germán,2022,-0.13940234425570802,-0.06536035984754562,0.005482215455098563
xgboost,NPB,MLB,full_cross_league,MLB,Luis Gil,2022,-0.488457612527927,-0.6136561632156372,0.015674677094303136
xgboost,NPB,MLB,full_cross_league,MLB,Taijuan Walker,2022,2.72506058412124,0.30592969059944153,5.852194279991575
xgboost,NPB,MLB,full_cross_league,MLB,Ranger Suárez,2022,-0.0743009140653225,-0.3870545029640198,0.09781480736901536
xgboost,NPB,MLB,full_cross_league,MLB,Bailey Falter,2022,-0.4866719732998482,-0.42980003356933594,0.003234417528711017
xgboost,NPB,MLB,full_cross_league,MLB,Rich Hill,2022,0.8650197215388071,0.38302654027938843,0.23231742678057485
xgboost,NPB,MLB,full_cross_league,MLB,Mitch Keller,2022,-0.169628008272672,0.16776542365550995,0.11383432790827674
xgboost,NPB,MLB,full_cross_league,MLB,JT Brubaker,2022,-0.19985367228963696,0.45421379804611206,0.42780425575140585
xgboost,NPB,MLB,full_cross_league,MLB,Roansy Contreras,2022,-0.4881600059899141,-0.5246245265007019,0.0013296612560816643
xgboost,NPB,MLB,full_cross_league,MLB,Yu Darvish,2022,2.72506058412124,5.2712483406066895,6.483072091276407
xgboost,NPB,MLB,full_cross_league,MLB,Joe Musgrove,2022,3.0970687566377304,1.6552622318267822,2.078806054987423
xgboost,NPB,MLB,full_cross_league,MLB,Michael Wacha,2022,0.5860135921514419,0.2038085162639618,0.14608072003415443
xgboost,NPB,MLB,full_cross_league,MLB,Ryan Weathers,2022,-0.48767639536564317,-0.6553211212158203,0.028104754105381054
xgboost,NPB,MLB,full_cross_league,MLB,Luis Castillo,2022,3.3946752946509196,0.6519651412963867,7.522458985314045
xgboost,NPB,MLB,full_cross_league,MLB,Logan Gilbert,2022,-0.48029203314118996,0.78304123878479,1.596010955955202
xgboost,NPB,MLB,full_cross_league,MLB,George Kirby,2022,-0.4819660699175151,-0.4465270936489105,0.0012559210389667195
xgboost,NPB,MLB,full_cross_league,MLB,George Kirby,2022,-0.5089911616222329,-0.4465270936489105,0.0039017597877758384
xgboost,NPB,MLB,full_cross_league,MLB,Logan Gilbert,2022,-0.5357772380761111,0.78304123878479,1.7392821749097076
xgboost,NPB,MLB,full_cross_league,MLB,Ross Stripling,2022,1.7020381097009,2.0728509426116943,0.13750215705132862
xgboost,NPB,MLB,full_cross_league,MLB,Sean Manaea,2022,1.7020381097009,0.43854403495788574,1.596417276910706
xgboost,NPB,MLB,full_cross_league,MLB,Logan Webb,2022,0.23260582826077897,0.6653627753257751,0.18727857523301591
xgboost,NPB,MLB,full_cross_league,MLB,Miles Mikolas,2022,2.8335629057705196,2.4624340534210205,0.1377366250462563
xgboost,NPB,MLB,full_cross_league,MLB,Adam Wainwright,2022,2.6320585409921198,1.0559134483337402,2.4842333531110916
xgboost,NPB,MLB,full_cross_league,MLB,Jordan Montgomery,2022,1.23702789405529,0.5888427495956421,0.4201439814981745
xgboost,NPB,MLB,full_cross_league,MLB,Jack Flaherty,2022,0.38140909726737404,-0.5319837927818298,0.834286571592437
xgboost,NPB,MLB,full_cross_league,MLB,Dakota Hudson,2022,-0.13010213994279501,-0.05008740350604057,0.0064023580470432785
xgboost,NPB,MLB,full_cross_league,MLB,Matthew Liberatore,2022,-0.48909002642120497,-0.6139487028121948,0.015589689070109927
xgboost,NPB,MLB,full_cross_league,MLB,Zach Eflin,2022,1.8570414529147399,-0.3166012465953827,4.724722585133654
xgboost,NPB,MLB,full_cross_league,MLB,Jeffrey Springs,2022,0.8185186999742459,0.9922442436218262,0.03018056451564733
xgboost,NPB,MLB,full_cross_league,MLB,Tyler Glasnow,2022,2.1995990404417003,-0.33886757493019104,6.443812757357626
xgboost,NPB,MLB,full_cross_league,MLB,Yonny Chirinos,2022,-0.38585775854788,-0.7040790319442749,0.1012647788420231
xgboost,NPB,MLB,full_cross_league,MLB,Drew Rasmussen,2022,-0.48542574592191806,0.1754620522260666,0.43677268174089123
xgboost,NPB,MLB,full_cross_league,MLB,Shane McClanahan,2022,-0.4859279569548151,0.5720952153205872,1.1194130330717056
xgboost,NPB,MLB,full_cross_league,MLB,Shane Baz,2022,-0.48842041171067613,-0.6045332551002502,0.013482192400011766
xgboost,NPB,MLB,full_cross_league,MLB,Elvin Rodríguez,2022,-0.48909002642120497,-0.5797334909439087,0.008216237660678648
xgboost,NPB,MLB,full_cross_league,MLB,Luis Patiño,2022,-0.48909002642120497,-0.6413236856460571,0.023175087000988415
xgboost,NPB,MLB,full_cross_league,MLB,Cooper Criswell,2022,-0.48909002642120497,-0.5434496402740479,0.0029549676182301877
xgboost,NPB,MLB,full_cross_league,MLB,Shane McClanahan,2022,-0.5579279066963461,0.5720952153205872,1.2769522562928968
xgboost,NPB,MLB,full_cross_league,MLB,Jacob deGrom,2022,6.25913822302787,1.0320385694503784,27.322570788429932
xgboost,NPB,MLB,full_cross_league,MLB,Nathan Eovaldi,2022,2.5390564978629993,1.436360239982605,1.2159390371434249
xgboost,NPB,MLB,full_cross_league,MLB,Andrew Heaney,2022,1.7020381097009,-0.13855597376823425,3.3877865801015825
xgboost,NPB,MLB,full_cross_league,MLB,Martín Pérez,2022,3.03196732644734,0.7641323804855347,5.143075342125585
xgboost,NPB,MLB,full_cross_league,MLB,Dane Dunning,2022,-0.48484169309106706,0.055909164249897,0.29241148971498765
xgboost,NPB,MLB,full_cross_league,MLB,Glenn Otto,2022,-0.48605071965174607,-0.017116490751504898,0.21989931103426377
xgboost,NPB,MLB,full_cross_league,MLB,Spencer Howard,2022,-0.48658734144060106,-0.4798891842365265,4.48653099304961e-5
xgboost,NPB,MLB,full_cross_league,MLB,Cole Ragans,2022,-0.48831903948366506,-0.5277743339538574,0.0015567202617295917
xgboost,NPB,MLB,full_cross_league,MLB,Tyson Miller,2022,-0.48909002642120497,-0.58944171667099,0.010070461735988797
xgboost,NPB,MLB,full_cross_league,MLB,Chris Bassitt,2022,3.283072842895971,1.6687486171722412,2.6060427057585196
xgboost,NPB,MLB,full_cross_league,MLB,Alek Manoah,2022,-0.4843171615678191,0.789503812789917,1.622619874713692
xgboost,NPB,MLB,full_cross_league,MLB,Mitch White,2022,-0.48481193243726606,-0.1763930320739746,0.09512221810130189
xgboost,NPB,MLB,full_cross_league,MLB,Thomas Hatch,2022,-0.48909002642120497,-0.6283541917800903,0.019394507753106964
xgboost,NPB,MLB,full_cross_league,MLB,Chad Kuhl,2022,-0.25100479601065406,0.029536012560129166,0.07870314527354884
xgboost,NPB,MLB,full_cross_league,MLB,Josiah Gray,2022,-0.48722998555862307,0.6707555055618286,1.3409303976454736
xgboost,NPB,MLB,full_cross_league,MLB,MacKenzie Gore,2022,-0.4884762129365531,-0.33198630809783936,0.024489090316429676
xgboost,NPB,MLB,full_cross_league,MLB,Cade Cavalli,2022,-0.4890528256039541,-0.5454280972480774,0.003178171252948694
xgboost,NPB,MLB,full_cross_league,MLB,Joan Adon,2022,-0.48909002642120497,0.19069884717464447,0.4621129126647138
xgboost,NPB,MLB,full_cross_league,MLB,Cory Abbott,2022,-0.48909002642120497,-0.34889599680900574,0.019654365938906196
xgboost,NPB,MLB,full_cross_league,MLB,Josiah Gray,2022,-0.565133891002077,0.6707555055618286,1.5274226005390945
xgboost,NPB,MLB,full_cross_league,MLB,Eduardo Rodríguez,2023,3.0970687566377304,0.6208151578903198,6.131831885309502
xgboost,NPB,MLB,full_cross_league,MLB,Jordan Montgomery,2023,4.027089187928949,0.697468101978302,11.086376576007165
xgboost,NPB,MLB,full_cross_league,MLB,Zac Gallen,2023,1.2390739390041299,1.5078527927398682,0.0722420722154974
xgboost,NPB,MLB,full_cross_league,MLB,Ryne Nelson,2023,-0.4808500453999651,-0.49020862579345703,8.758302698145122e-5
xgboost,NPB,MLB,full_cross_league,MLB,Tommy Henry,2023,-0.48155686092774613,-0.453922837972641,7.636392246832779e-4
xgboost,NPB,MLB,full_cross_league,MLB,Brandon Pfaadt,2023,-0.482691485853922,-0.5419011116027832,0.0035057797813202052
xgboost,NPB,MLB,full_cross_league,MLB,Logan Allen,2023,-0.48536994469604006,-0.3290119767189026,0.024447814149939545
xgboost,NPB,MLB,full_cross_league,MLB,Slade Cecconi,2023,-0.48536994469604006,-0.6287060976028442,0.02054525273012275
xgboost,NPB,MLB,full_cross_league,MLB,Ryne Nelson,2023,-0.5719435005999911,-0.49020862579345703,0.006680589759639799
xgboost,NPB,MLB,full_cross_league,MLB,Brandon Pfaadt,2023,-0.5724602199516159,-0.5419011116027832,9.338591030756956e-4
xgboost,NPB,MLB,full_cross_league,MLB,Paul Blackburn,2023,0.0187011290637993,-0.10744910687208176,0.01591388202667846
xgboost,NPB,MLB,full_cross_league,MLB,Osvaldo Bido,2023,-0.4835099038334581,-0.4703211784362793,1.7394247760218914e-4
xgboost,NPB,MLB,full_cross_league,MLB,Ken Waldichuk,2023,-0.4844399242647491,-0.2942250072956085,0.03618171463757704
xgboost,NPB,MLB,full_cross_league,MLB,JP Sears,2023,-0.4844399242647491,0.3553583025932312,0.7052610618338077
xgboost,NPB,MLB,full_cross_league,MLB,Joey Estes,2023,-0.48536994469604006,-0.5879903435707092,0.010530946265196201
xgboost,NPB,MLB,full_cross_league,MLB,Joe Boyle,2023,-0.48536994469604006,-0.5409417748451233,0.0030882283061185564
xgboost,NPB,MLB,full_cross_league,MLB,Kyle Muller,2023,-0.48536994469604006,-0.535481870174408,0.002511205075149498
xgboost,NPB,MLB,full_cross_league,MLB,Luis Medina,2023,-0.48536994469604006,-0.4280577301979065,0.0032846899306800707
xgboost,NPB,MLB,full_cross_league,MLB,Mason Miller,2023,-0.48536994469604006,-0.4779649078845978,5.4834570178815224e-5
xgboost,NPB,MLB,full_cross_league,MLB,Chris Sale,2023,2.9110646703794796,0.7778593301773071,4.550565023467066
xgboost,NPB,MLB,full_cross_league,MLB,Max Fried,2023,2.16704832534651,0.817132830619812,1.8222718429032259
xgboost,NPB,MLB,full_cross_league,MLB,Dylan Dodd,2023,-0.48536994469604006,-0.600634753704071,0.013285976195657861
xgboost,NPB,MLB,full_cross_league,MLB,AJ Smith-Shawver,2023,-0.48536994469604006,-0.6340904831886292,0.022117798569525674
xgboost,NPB,MLB,full_cross_league,MLB,Allan Winans,2023,-0.48536994469604006,-0.27815866470336914,0.04293651455620106
xgboost,NPB,MLB,full_cross_league,MLB,Bryce Elder,2023,-0.48536994469604006,-0.18099525570869446,0.09264395129614336
xgboost,NPB,MLB,full_cross_league,MLB,John Means,2023,-0.004549381718481162,-0.4227381944656372,0.1748818831068759
xgboost,NPB,MLB,full_cross_league,MLB,Cole Irvin,2023,-0.25100479601065406,-0.049657635390758514,0.04054067908969402
xgboost,NPB,MLB,full_cross_league,MLB,Tyler Wells,2023,-0.257979949245338,0.05354773998260498,0.09704950115570182
xgboost,NPB,MLB,full_cross_league,MLB,Dean Kremer,2023,-0.4822822768641541,0.08758046478033066,0.3247435443145688
xgboost,NPB,MLB,full_cross_league,MLB,Kyle Bradish,2023,-0.4826728854452961,0.5472468137741089,1.0607345868401898
xgboost,NPB,MLB,full_cross_league,MLB,Grayson Rodriguez,2023,-0.4838261107800971,-0.399303138256073,0.007144132884296929
xgboost,NPB,MLB,full_cross_league,MLB,Grayson Rodriguez,2023,-0.5777957471659341,-0.399303138256073,0.03185961143544862
xgboost,NPB,MLB,full_cross_league,MLB,Brayan Bello,2023,1.0820245508414499,-0.0030746865086257458,1.1774403548977157
xgboost,NPB,MLB,full_cross_league,MLB,Lucas Giolito,2023,2.9575656919440396,1.0848957300186157,3.506892786297769
xgboost,NPB,MLB,full_cross_league,MLB,Chase Anderson,2023,-0.390507860704336,-0.5971556901931763,0.04270332543244879
xgboost,NPB,MLB,full_cross_league,MLB,Rich Hill,2023,-0.4370088822688971,0.42177441716194153,0.7375087553813174
xgboost,NPB,MLB,full_cross_league,MLB,Tanner Houck,2023,-0.479789822108293,-0.3763315975666046,0.010703604225318417
xgboost,NPB,MLB,full_cross_league,MLB,Kutter Crawford,2023,-0.4816498629708761,-0.003633944084867835,0.22849921870843481
xgboost,NPB,MLB,full_cross_league,MLB,Brad Keller,2023,-0.48536994469604006,-0.38778331875801086,0.009523149561968832
xgboost,NPB,MLB,full_cross_league,MLB,Tanner Houck,2023,-0.523637123374208,-0.3763315975666046,0.021698917933454503
xgboost,NPB,MLB,full_cross_league,MLB,Kutter Crawford,2023,-0.5787466000548862,-0.003633944084867835,0.3307545670568887
xgboost,NPB,MLB,full_cross_league,MLB,Justin Steele,2023,0.12100337650583301,1.3141015768051147,1.4234833155573852
xgboost,NPB,MLB,full_cross_league,MLB,Jordan Wicks,2023,-0.48509093856665303,-0.5483453273773193,0.004001117703810947
xgboost,NPB,MLB,full_cross_league,MLB,Dylan Cease,2023,0.8650197215388071,1.2789403200149536,0.17133026184285127
xgboost,NPB,MLB,full_cross_league,MLB,Michael Soroka,2023,-0.06500070975241032,-0.5909572839736938,0.2766303179665885
xgboost,NPB,MLB,full_cross_league,MLB,Michael Kopech,2023,-0.06500070975241032,0.4797836244106293,0.2967899707494664
xgboost,NPB,MLB,full_cross_league,MLB,Mike Clevinger,2023,-0.06500070975241032,1.3284591436386108,1.9417303630125262
xgboost,NPB,MLB,full_cross_league,MLB,Chris Flexen,2023,-0.29750581757521505,0.031114254146814346,0.10799115153859175
xgboost,NPB,MLB,full_cross_league,MLB,Touki Toussaint,2023,-0.38120765639142395,-0.22097668051719666,0.02567396562960721
xgboost,NPB,MLB,full_cross_league,MLB,Brad Keller,2023,-0.4370088822688971,-0.38778331875801086,0.002423156102964296
xgboost,NPB,MLB,full_cross_league,MLB,Jared Shuster,2023,-0.48536994469604006,-0.5642756819725037,0.006226115375142298
xgboost,NPB,MLB,full_cross_league,MLB,Jake Woodford,2023,-0.48536994469604006,-0.5608022212982178,0.0056900283533874475
xgboost,NPB,MLB,full_cross_league,MLB,Nick Lodolo,2023,-0.4816498629708761,-0.4536028206348419,7.866365837992929e-4
xgboost,NPB,MLB,full_cross_league,MLB,Graham Ashcraft,2023,-0.4835099038334581,0.02840864658355713,0.2620606022610581
xgboost,NPB,MLB,full_cross_league,MLB,Brandon Williamson,2023,-0.484904934480395,-0.21382540464401245,0.07348411149631422
xgboost,NPB,MLB,full_cross_league,MLB,Andrew Abbott,2023,-0.484904934480395,-0.4713662266731262,1.832966090906009e-4
xgboost,NPB,MLB,full_cross_league,MLB,Lyon Richardson,2023,-0.48536994469604006,-0.6110678911209106,0.015799973735429636
xgboost,NPB,MLB,full_cross_league,MLB,Connor Phillips,2023,-0.48536994469604006,-0.6306594014167786,0.021109026234207347
xgboost,NPB,MLB,full_cross_league,MLB,Carson Spiers,2023,-0.48536994469604006,-0.6268616318702698,0.020019897539410084
xgboost,NPB,MLB,full_cross_league,MLB,Hunter Greene,2023,-0.524447543178035,-0.4713108241558075,0.0028235109084471534
xgboost,NPB,MLB,full_cross_league,MLB,Shane Bieber,2023,1.8182906636123,-0.0881713256239891,3.6345973164027883
xgboost,NPB,MLB,full_cross_league,MLB,Carlos Carrasco,2023,-0.25100479601065406,0.23314864933490753,0.2344045586399777
xgboost,NPB,MLB,full_cross_league,MLB,Triston McKenzie,2023,-0.325406430513951,-0.5058271288871765,0.032551628401482416
xgboost,NPB,MLB,full_cross_league,MLB,Ben Lively,2023,-0.4835099038334581,-0.25554946064949036,0.05196596365663098
xgboost,NPB,MLB,full_cross_league,MLB,Tanner Bibee,2023,-0.48430972140436807,-0.26063477993011475,0.05003047944351065
xgboost,NPB,MLB,full_cross_league,MLB,Logan Allen,2023,-0.48457012712513003,-0.3290119767189026,0.02419833815780648
xgboost,NPB,MLB,full_cross_league,MLB,Gavin Williams,2023,-0.4849793361148981,-0.41460028290748596,0.004953211130371745
xgboost,NPB,MLB,full_cross_league,MLB,Hunter Gaddis,2023,-0.48523974183566004,-0.5731716156005859,0.007732014423810863
xgboost,NPB,MLB,full_cross_league,MLB,Matthew Boyd,2023,-0.48536994469604006,0.4186815917491913,0.8173091805489834
xgboost,NPB,MLB,full_cross_league,MLB,Tanner Bibee,2023,-0.5464008614627499,-0.26063477993011475,0.08166225335451668
xgboost,NPB,MLB,full_cross_league,MLB,Hunter Gaddis,2023,-0.568823468057095,-0.5731716156005859,1.8906387059965843e-5
xgboost,NPB,MLB,full_cross_league,MLB,Luis Ortiz,2023,-0.577197744028614,-0.44237878918647766,0.018176150584726002
xgboost,NPB,MLB,full_cross_league,MLB,Germán Márquez,2023,1.23702789405529,-0.27458012104034424,2.2849587913013627
xgboost,NPB,MLB,full_cross_league,MLB,Cal Quantrill,2023,0.5953137964643539,-0.14646242558956146,0.5502319636045796
xgboost,NPB,MLB,full_cross_league,MLB,Austin Gomber,2023,-0.037100096813673794,0.1526300609111786,0.035997532750297365
xgboost,NPB,MLB,full_cross_league,MLB,Dakota Hudson,2023,-0.34400683913977503,-0.5092321634292603,0.027299407786565554
xgboost,NPB,MLB,full_cross_league,MLB,Ty Blach,2023,-0.4370088822688971,-0.247052863240242,0.036083289165214784
xgboost,NPB,MLB,full_cross_league,MLB,Ryan Feltner,2023,-0.4844399242647491,-0.41835781931877136,0.004366844594091213
xgboost,NPB,MLB,full_cross_league,MLB,Noah Davis,2023,-0.48536994469604006,-0.5121185183525085,7.1548619265552e-4
xgboost,NPB,MLB,full_cross_league,MLB,Ryan Feltner,2023,-0.5780120699182518,-0.41835781931877136,0.025489479734481707
xgboost,NPB,MLB,full_cross_league,MLB,Kenta Maeda,2023,1.6090360665717802,1.5183213949203491,0.008229151652826958
xgboost,NPB,MLB,full_cross_league,MLB,Jack Flaherty,2023,1.9810442390882699,0.40026116371154785,2.498875131397487
xgboost,NPB,MLB,full_cross_league,MLB,Tarik Skubal,2023,-0.13010213994279501,0.30394721031188965,0.18839883845651392
xgboost,NPB,MLB,full_cross_league,MLB,Reese Olson,2023,-0.48308209443506406,-0.49456745386123657,1.3191348114836984e-4
xgboost,NPB,MLB,full_cross_league,MLB,Joey Wentz,2023,-0.48412371731811005,-0.2011565864086151,0.08007039717515124
xgboost,NPB,MLB,full_cross_league,MLB,Alex Faedo,2023,-0.484142317726736,-0.5234555006027222,0.0015455263478407325
xgboost,NPB,MLB,full_cross_league,MLB,Sawyer Gipson-Long,2023,-0.48470032998551105,-0.4506837725639343,0.0011571261788154263
xgboost,NPB,MLB,full_cross_league,MLB,Matt Manning,2023,-0.48536994469604006,-0.35146793723106384,0.017929747603150546
xgboost,NPB,MLB,full_cross_league,MLB,Reese Olson,2023,-0.5744402334498352,-0.49456745386123657,0.006379660919208856
xgboost,NPB,MLB,full_cross_league,MLB,Framber Valdez,2023,1.6276364751975998,1.2732609510421753,0.12558201212043185
xgboost,NPB,MLB,full_cross_league,MLB,José Urquidy,2023,0.07450235494127233,-0.4800415635108948,0.30751895749228375
xgboost,NPB,MLB,full_cross_league,MLB,Hunter Brown,2023,-0.47895280372013105,0.3506545126438141,0.688248299364587
xgboost,NPB,MLB,full_cross_league,MLB,J.P. France,2023,-0.480236231915313,0.04944318160414696,0.28056028110631914
xgboost,NPB,MLB,full_cross_league,MLB,Brandon Bielak,2023,-0.480719842539584,-0.2151787430047989,0.07051207554214266
xgboost,NPB,MLB,full_cross_league,MLB,Hunter Brown,2023,-0.5454786532030822,0.3506545126438141,0.8030546509307809
xgboost,NPB,MLB,full_cross_league,MLB,Seth Lugo,2023,2.16704832534651,0.9974277019500732,1.3680124026742695
xgboost,NPB,MLB,full_cross_league,MLB,Michael Wacha,2023,2.3530524116047493,2.0190060138702393,0.11158699583940249
xgboost,NPB,MLB,full_cross_league,MLB,Brady Singer,2023,0.27910684982534006,0.45278000831604004,0.030162365980135792
xgboost,NPB,MLB,full_cross_league,MLB,Kris Bubic,2023,-0.18590336582026804,-0.5985338091850281,0.17026388279139848
xgboost,NPB,MLB,full_cross_league,MLB,Kyle Wright,2023,-0.28820561326230204,-0.21122141182422638,0.00592656727105821
xgboost,NPB,MLB,full_cross_league,MLB,Jonathan Bowlan,2023,-0.48536994469604006,-0.5324171781539917,0.0022134421760470046
xgboost,NPB,MLB,full_cross_league,MLB,Patrick Sandoval,2023,0.311657564920533,-0.221472829580307,0.28422801754062127
xgboost,NPB,MLB,full_cross_league,MLB,Griffin Canning,2023,-0.13940234425570802,0.06947840750217438,0.04363116845493809
xgboost,NPB,MLB,full_cross_league,MLB,Zach Plesac,2023,-0.4370088822688971,-0.545258641242981,0.011718010317947246
xgboost,NPB,MLB,full_cross_league,MLB,Johnny Cueto,2023,-0.4370088822688971,0.08245985209941864,0.2698477659862198
xgboost,NPB,MLB,full_cross_league,MLB,José Suarez,2023,-0.450959188738265,-0.496635764837265,0.0020863496041277378
xgboost,NPB,MLB,full_cross_league,MLB,Reid Detmers,2023,-0.479789822108293,-0.3004409074783325,0.032166033178944856
xgboost,NPB,MLB,full_cross_league,MLB,Chase Silseth,2023,-0.4835099038334581,-0.516891360282898,0.0011143216346858494
xgboost,NPB,MLB,full_cross_league,MLB,Tyler Glasnow,2023,4.457223637401131,2.4808528423309326,3.9060415196064078
xgboost,NPB,MLB,full_cross_league,MLB,Clayton Kershaw,2023,0.30700746276407703,4.46885347366333,17.320962218438023
xgboost,NPB,MLB,full_cross_league,MLB,James Paxton,2023,0.679015635280563,0.5341042280197144,0.020999315954319527
xgboost,NPB,MLB,full_cross_league,MLB,Dustin May,2023,-0.22589424436579103,-0.42039597034454346,0.0378309214087137
xgboost,NPB,MLB,full_cross_league,MLB,Michael Grove,2023,-0.4816498629708761,-0.4599100351333618,4.7262011440476034e-4
xgboost,NPB,MLB,full_cross_league,MLB,Bobby Miller,2023,-0.4835099038334581,-0.30170509219169617,0.03305298953609653
xgboost,NPB,MLB,full_cross_league,MLB,Emmet Sheehan,2023,-0.4835099038334581,-0.5649235248565674,0.006628177688094462
xgboost,NPB,MLB,full_cross_league,MLB,Gavin Stone,2023,-0.484904934480395,-0.6558245420455933,0.029213512250241377
xgboost,NPB,MLB,full_cross_league,MLB,Gavin Stone,2023,-0.5579074462468581,-0.6558245420455933,0.009587757649658687
xgboost,NPB,MLB,full_cross_league,MLB,Jesús Luzardo,2023,0.400009505893198,0.5960084199905396,0.03841557432733707
xgboost,NPB,MLB,full_cross_league,MLB,Trevor Rogers,2023,-0.338426716552028,-0.4860358238220215,0.021788448549044444
xgboost,NPB,MLB,full_cross_league,MLB,Braxton Garrett,2023,-0.48090584662584307,-0.15935763716697693,0.10339325100620285
xgboost,NPB,MLB,full_cross_league,MLB,Edward Cabrera,2023,-0.48146385888461707,0.12994560599327087,0.3738215337422653
xgboost,NPB,MLB,full_cross_league,MLB,Ryan Weathers,2023,-0.4830262932091861,-0.5598952174186707,0.005908831509123479
xgboost,NPB,MLB,full_cross_league,MLB,Eury Pérez,2023,-0.4838819120059741,-0.47113892436027527,1.6238373413843252e-4
xgboost,NPB,MLB,full_cross_league,MLB,Brandon Woodruff,2023,1.0045227862324897,0.4430200457572937,0.3152853275611553
xgboost,NPB,MLB,full_cross_league,MLB,Corbin Burnes,2023,2.2855329282930104,1.7411112785339355,0.2963949327263927
xgboost,NPB,MLB,full_cross_league,MLB,Wade Miley,2023,0.958021764667928,0.7831750512123108,0.03057137320623071
xgboost,NPB,MLB,full_cross_league,MLB,Colin Rea,2023,0.214005419634955,0.33835354447364807,0.015462456150899195
xgboost,NPB,MLB,full_cross_league,MLB,Janson Junk,2023,-0.48536994469604006,-0.5990924835205078,0.012932815836682576
xgboost,NPB,MLB,full_cross_league,MLB,Pablo López,2023,2.7948121164680795,1.8028303384780884,0.984027847864184
xgboost,NPB,MLB,full_cross_league,MLB,Bailey Ober,2023,-0.481305755411298,-0.03705941140651703,0.19735481416161418
xgboost,NPB,MLB,full_cross_league,MLB,Joe Ryan,2023,-0.4818637676700721,1.6875118017196655,4.706190361065048
xgboost,NPB,MLB,full_cross_league,MLB,Bailey Ober,2023,-0.5521296013154181,-0.03705941140651703,0.26529730053279144
xgboost,NPB,MLB,full_cross_league,MLB,Joe Ryan,2023,-0.5614355717550039,1.6875118017196655,5.057764288658613
xgboost,NPB,MLB,full_cross_league,MLB,Luis Severino,2023,1.79504015283002,0.1110796183347702,2.835723081737527
xgboost,NPB,MLB,full_cross_league,MLB,Adrian Houser,2023,0.31630766707698904,-0.06963970512151718,0.1489553741069323
xgboost,NPB,MLB,full_cross_league,MLB,Julio Teheran,2023,-0.15800275288153204,-0.025687143206596375,0.017507420563649928
xgboost,NPB,MLB,full_cross_league,MLB,David Peterson,2023,-0.223104183071917,0.09040824323892593,0.09829004145131175
xgboost,NPB,MLB,full_cross_league,MLB,Joey Lucchesi,2023,-0.31610622620103895,-0.3635217845439911,0.0022482351729738977
xgboost,NPB,MLB,full_cross_league,MLB,Tylor Megill,2023,-0.48048733743176103,-0.02267460897564888,0.20959249433642987
xgboost,NPB,MLB,full_cross_league,MLB,José Buttó,2023,-0.48536994469604006,-0.47851839661598206,4.694371109334648e-5
xgboost,NPB,MLB,full_cross_league,MLB,Marcus Stroman,2023,2.8180626272503595,1.1102772951126099,2.916530740664844
xgboost,NPB,MLB,full_cross_league,MLB,Nestor Cortes,2023,0.111703172192921,-0.10356458276510239,0.0463402063246676
xgboost,NPB,MLB,full_cross_league,MLB,Clarke Schmidt,2023,-0.24635469385419803,0.4953848123550415,0.5501774950715266
xgboost,NPB,MLB,full_cross_league,MLB,Luke Weaver,2023,-0.25100479601065406,-0.15185797214508057,0.009830092682631054
xgboost,NPB,MLB,full_cross_league,MLB,Aaron Nola,2023,3.9473732306771603,1.9086110591888428,4.15655119189176
xgboost,NPB,MLB,full_cross_league,MLB,Ranger Suárez,2023,0.31630766707698904,-0.16600917279720306,0.23262953402622707
xgboost,NPB,MLB,full_cross_league,MLB,Spencer Turnbull,2023,-0.25100479601065406,-0.4145183861255646,0.02673669415226696
xgboost,NPB,MLB,full_cross_league,MLB,Kolby Allard,2023,-0.4370088822688971,-0.5951198935508728,0.024999091888609045
xgboost,NPB,MLB,full_cross_league,MLB,Cristopher Sánchez,2023,-0.4828588895315541,-0.15076211094856262,0.11028827034520046
xgboost,NPB,MLB,full_cross_league,MLB,Luis Ortiz,2023,-0.48462592835100704,-0.44237878918647766,0.001784820767587112
xgboost,NPB,MLB,full_cross_league,MLB,Cristopher Sánchez,2023,-0.5158221616900669,-0.15076211094856262,0.13326884064738967
xgboost,NPB,MLB,full_cross_league,MLB,Mitch Keller,2023,2.2414499598498097,1.6919291019439697,0.3019731732735703
xgboost,NPB,MLB,full_cross_league,MLB,Martín Pérez,2023,0.8650197215388071,0.666184663772583,0.03953538019689768
xgboost,NPB,MLB,full_cross_league,MLB,Mitch Keller,2023,0.3893142709333491,1.6919291019439697,1.696805397968828
xgboost,NPB,MLB,full_cross_league,MLB,Johan Oviedo,2023,-0.480719842539584,-0.10888765752315521,0.13825917381409172
xgboost,NPB,MLB,full_cross_league,MLB,Roansy Contreras,2023,-0.48257988340216706,-0.6379896998405457,0.02415221104541053
xgboost,NPB,MLB,full_cross_league,MLB,Bailey Falter,2023,-0.48257988340216706,-0.4018556773662567,0.006516397440128105
xgboost,NPB,MLB,full_cross_league,MLB,Luis Ortiz,2023,-0.4839749140491041,-0.44237878918647766,0.0017302376035872083
xgboost,NPB,MLB,full_cross_league,MLB,Jake Woodford,2023,-0.48536994469604006,-0.5608022212982178,0.0056900283533874475
xgboost,NPB,MLB,full_cross_league,MLB,Domingo Germán,2023,-0.48536994469604006,0.012116437777876854,0.24749270074698435
xgboost,NPB,MLB,full_cross_league,MLB,Quinn Priester,2023,-0.48536994469604006,-0.5618365406990051,0.005847140304280673
xgboost,NPB,MLB,full_cross_league,MLB,Mason Miller,2023,-0.46950826023628206,-0.4779649078845978,7.151488944776377e-5
xgboost,NPB,MLB,full_cross_league,MLB,Matt Waldron,2023,-0.485035137340776,-0.5609249472618103,0.005759263249850713
xgboost,NPB,MLB,full_cross_league,MLB,Jhony Brito,2023,-0.48536994469604006,-0.335211843252182,0.022547455429223966
xgboost,NPB,MLB,full_cross_league,MLB,Logan Gilbert,2023,0.130303580818745,1.0774526596069336,0.8970913774493144
xgboost,NPB,MLB,full_cross_league,MLB,George Kirby,2023,-0.47447010524130706,0.6069502830505371,1.1694700562132827
xgboost,NPB,MLB,full_cross_league,MLB,Bryce Miller,2023,-0.4830262932091861,-0.3573141098022461,0.015803553056940124
xgboost,NPB,MLB,full_cross_league,MLB,Bryan Woo,2023,-0.48369590791971606,-0.29354873299598694,0.03615594813147524
xgboost,NPB,MLB,full_cross_league,MLB,Emerson Hancock,2023,-0.4851281393839051,-0.6136014461517334,0.01650539055186052
xgboost,NPB,MLB,full_cross_league,MLB,Dallas Keuchel,2023,-0.48536994469604006,0.12450279295444489,0.37194475612929717
xgboost,NPB,MLB,full_cross_league,MLB,Bryce Miller,2023,-0.5305120204063989,-0.3573141098022461,0.029997516237644104
xgboost,NPB,MLB,full_cross_league,MLB,George Kirby,2023,-0.540001762883208,0.6069502830505371,1.3154989956716034
xgboost,NPB,MLB,full_cross_league,MLB,Bryan Woo,2023,-0.5555896493279939,-0.29354873299598694,0.06866544183211788
xgboost,NPB,MLB,full_cross_league,MLB,Logan Webb,2023,2.72506058412124,0.8831654787063599,3.392577579351292
xgboost,NPB,MLB,full_cross_league,MLB,Blake Snell,2023,5.1431137054784,3.9923837184906006,1.3241795029529404
xgboost,NPB,MLB,full_cross_league,MLB,Kyle Harrison,2023,-0.4846724293725721,-0.5857976675033569,0.010226313787007939
xgboost,NPB,MLB,full_cross_league,MLB,Keaton Winn,2023,-0.4846724293725721,-0.5028181076049805,3.292656385140989e-4
xgboost,NPB,MLB,full_cross_league,MLB,Sonny Gray,2023,4.027089187928949,1.669938564300537,5.556159062471811
xgboost,NPB,MLB,full_cross_league,MLB,Kyle Gibson,2023,1.79504015283002,0.7858289480209351,1.0185072559122046
xgboost,NPB,MLB,full_cross_league,MLB,Lance Lynn,2023,1.4230319803135398,2.0705862045288086,0.41932647329903855
xgboost,NPB,MLB,full_cross_league,MLB,Matthew Liberatore,2023,-0.4840307152749811,-0.47103098034858704,1.689931081565095e-4
xgboost,NPB,MLB,full_cross_league,MLB,Shane McClanahan,2023,0.0466017420025358,0.07344163209199905,7.203797000144678e-4
xgboost,NPB,MLB,full_cross_league,MLB,Aaron Civale,2023,0.288407054138252,-0.13528814911842346,0.17951762526271556
xgboost,NPB,MLB,full_cross_league,MLB,Drew Rasmussen,2023,-0.27658035787116203,-0.15829801559448242,0.013990712494457588
xgboost,NPB,MLB,full_cross_league,MLB,Zack Littell,2023,-0.27890540894939003,-0.1335502415895462,0.02112812467820821
xgboost,NPB,MLB,full_cross_league,MLB,Taj Bradley,2023,-0.484756131211388,-0.44647344946861267,0.0014655637214186232
xgboost,NPB,MLB,full_cross_league,MLB,Tyler Mahle,2023,1.4230319803135398,0.005887570325285196,2.0082982787609582
xgboost,NPB,MLB,full_cross_league,MLB,Michael Lorenzen,2023,0.214005419634955,0.4034455120563507,0.03588754861662694
xgboost,NPB,MLB,full_cross_league,MLB,Dane Dunning,2023,-0.004549381718481162,0.2253703773021698,0.05286309558811421
xgboost,NPB,MLB,full_cross_league,MLB,José Ureña,2023,-0.34400683913977503,-0.23045393824577332,0.012894261301442975
xgboost,NPB,MLB,full_cross_league,MLB,Chase Anderson,2023,-0.4370088822688971,-0.5971556901931763,0.02564700008833596
xgboost,NPB,MLB,full_cross_league,MLB,Alek Manoah,2023,-0.4774647710300651,-0.22583630681037903,0.06331688400555785
xgboost,NPB,MLB,full_cross_league,MLB,Wes Parsons,2023,-0.4835843054679611,-0.5953381061553955,0.012488911968086814
xgboost,NPB,MLB,full_cross_league,MLB,Josiah Gray,2023,-0.482133473595147,0.1746940314769745,0.4314223714192678
xgboost,NPB,MLB,full_cross_league,MLB,MacKenzie Gore,2023,-0.4835843054679611,-0.3425498902797699,0.0198907062674751
xgboost,NPB,MLB,full_cross_league,MLB,Jake Irvin,2023,-0.4843283218129941,-0.41445618867874146,0.004882114988730729
xgboost,NPB,MLB,full_cross_league,MLB,Jackson Rutledge,2023,-0.48536994469604006,-0.6150057911872864,0.01680545269550198
xgboost,NPB,MLB,full_cross_league,MLB,Joan Adon,2023,-0.48536994469604006,-0.5802174210548401,0.008996043771633131
xgboost,NPB,MLB,full_cross_league,MLB,MacKenzie Gore,2023,-0.567208580580201,-0.3425498902797699,0.050471527127504995
xgboost,NPB,MLB,full_cross_league,MLB,Jake Irvin,2023,-0.5784346712022309,-0.41445618867874146,0.026888942730706338
xgboost,NPB,MLB,full_cross_league,MLB,Corbin Burnes,2024,5.887130050511379,1.691902995109558,17.599930046375434
xgboost,NPB,MLB,full_cross_league,MLB,Brandon Pfaadt,2024,-0.4743213019723011,0.8665972352027893,1.7980625233397844
xgboost,NPB,MLB,full_cross_league,MLB,Luis Severino,2024,3.5310782292389296,0.8826172947883606,7.014345321310781
xgboost,NPB,MLB,full_cross_league,MLB,JP Sears,2024,-0.479789822108293,0.47351032495498657,0.9087811703908705
xgboost,NPB,MLB,full_cross_league,MLB,Osvaldo Bido,2024,-0.480719842539584,-0.3597245216369629,0.01463986768032826
xgboost,NPB,MLB,full_cross_league,MLB,Luis Medina,2024,-0.480719842539584,-0.4798920452594757,6.852483369546809e-7
xgboost,NPB,MLB,full_cross_league,MLB,Mitch Spence,2024,-0.480719842539584,-0.12506361305713654,0.12649135356967134
xgboost,NPB,MLB,full_cross_league,MLB,J.T. Ginn,2024,-0.4816498629708761,-0.6402209401130676,0.025144786506034862
xgboost,NPB,MLB,full_cross_league,MLB,Joey Estes,2024,-0.4816498629708761,-0.162438303232193,0.10189601987080285
xgboost,NPB,MLB,full_cross_league,MLB,Brady Basso,2024,-0.4816498629708761,-0.44821852445602417,0.0011176543948946212
xgboost,NPB,MLB,full_cross_league,MLB,Reynaldo López,2024,1.23702789405529,0.9986389875411987,0.0568292707489841
xgboost,NPB,MLB,full_cross_league,MLB,Bryce Elder,2024,-0.47420969952054604,-0.5575430989265442,0.0069444554565596135
xgboost,NPB,MLB,full_cross_league,MLB,AJ Smith-Shawver,2024,-0.479789822108293,-0.6731502413749695,0.037388251738984905
xgboost,NPB,MLB,full_cross_league,MLB,Spencer Schwellenbach,2024,-0.479789822108293,-0.3986358940601349,0.006585960037645627
xgboost,NPB,MLB,full_cross_league,MLB,Charlie Morton,2024,-0.4816498629708761,2.4603271484375,8.65522873565536
xgboost,NPB,MLB,full_cross_league,MLB,Hurston Waldrep,2024,-0.4816498629708761,-0.5785049796104431,0.009380913619264134
xgboost,NPB,MLB,full_cross_league,MLB,Davis Daniel,2024,-0.4816498629708761,-0.6090304851531982,0.016225822907555504
xgboost,NPB,MLB,full_cross_league,MLB,Spencer Schwellenbach,2024,-0.560619943836762,-0.3986358940601349,0.02623883238203679
xgboost,NPB,MLB,full_cross_league,MLB,Hurston Waldrep,2024,-0.5818874650554429,-0.5785049796104431,1.1441207785635157e-5
xgboost,NPB,MLB,full_cross_league,MLB,Charlie Morton,2024,2.16704832534651,2.4603271484375,0.08601246807363619
xgboost,NPB,MLB,full_cross_league,MLB,Kyle Gibson,2024,0.353508484328637,1.9423322677612305,2.524361014801061
xgboost,NPB,MLB,full_cross_league,MLB,Dean Kremer,2024,-0.0743009140653225,-0.07667404413223267,5.631746314473082e-6
xgboost,NPB,MLB,full_cross_league,MLB,Trevor Rogers,2024,-0.13940234425570802,-0.24813565611839294,0.011822933108627897
xgboost,NPB,MLB,full_cross_league,MLB,Kyle Bradish,2024,-0.18590336582026804,-0.29603421688079834,0.012128804355316708
xgboost,NPB,MLB,full_cross_league,MLB,Tyler Wells,2024,-0.23705448954128505,-0.6416103839874268,0.16366547173111776
xgboost,NPB,MLB,full_cross_league,MLB,Albert Suárez,2024,-0.4695595973640901,0.8905999660491943,1.8500340379446163
xgboost,NPB,MLB,full_cross_league,MLB,Grayson Rodriguez,2024,-0.479641018839287,0.7582171559333801,1.532292860851519
xgboost,NPB,MLB,full_cross_league,MLB,Cade Povich,2024,-0.48051523804470003,-0.45094725489616394,8.742656274721144e-4
xgboost,NPB,MLB,full_cross_league,MLB,Chayce McDermott,2024,-0.481240653981107,-0.6411547064781189,0.02557250418601708
xgboost,NPB,MLB,full_cross_league,MLB,Cody Poteet,2024,-0.4816498629708761,-0.41362035274505615,0.004628014261564939
xgboost,NPB,MLB,full_cross_league,MLB,Walker Buehler,2024,3.29237304720888,-0.5044541358947754,14.415896658354837
xgboost,NPB,MLB,full_cross_league,MLB,Patrick Sandoval,2024,1.0742743185793298,-0.21139419078826904,1.6529435159795034
xgboost,NPB,MLB,full_cross_league,MLB,Tanner Houck,2024,0.111703172192921,-0.007755857892334461,0.01427045986890997
xgboost,NPB,MLB,full_cross_league,MLB,Garrett Crochet,2024,0.08380255925418441,0.7723170518875122,0.47405220656612873
xgboost,NPB,MLB,full_cross_league,MLB,Kutter Crawford,2024,-0.11150173131697101,0.8091944456100464,0.8476814502080258
xgboost,NPB,MLB,full_cross_league,MLB,Cooper Criswell,2024,-0.4370088822688971,-0.17812158167362213,0.06702263440950827
xgboost,NPB,MLB,full_cross_league,MLB,Richard Fitts,2024,-0.4805338384533259,-0.6628249883651733,0.03323006333618363
xgboost,NPB,MLB,full_cross_league,MLB,Quinn Priester,2024,-0.4816498629708761,-0.6022804379463196,0.014551735618906094
xgboost,NPB,MLB,full_cross_league,MLB,Brayan Bello,2024,-0.560479138743464,0.36622151732444763,0.8587741059566979
xgboost,NPB,MLB,full_cross_league,MLB,Matthew Boyd,2024,2.0740462822173904,1.8425245070829988e-4,4.300903718507983
xgboost,NPB,MLB,full_cross_league,MLB,Justin Steele,2024,0.5953137964643539,0.002658803015947342,0.35123994125933083
xgboost,NPB,MLB,full_cross_league,MLB,Colin Rea,2024,0.30700746276407703,0.8142792582511902,0.2573246744967195
xgboost,NPB,MLB,full_cross_league,MLB,Chris Flexen,2024,-0.390507860704336,1.0985924005508423,2.21741958807024
xgboost,NPB,MLB,full_cross_league,MLB,Javier Assad,2024,-0.47546522710278905,-0.13397866487503052,0.1166130721821328
xgboost,NPB,MLB,full_cross_league,MLB,Ben Brown,2024,-0.48118485275523004,-0.4534839689731598,7.673389623077627e-4
xgboost,NPB,MLB,full_cross_league,MLB,Jordan Wicks,2024,-0.4816498629708761,-0.6161749958992004,0.018097011389383338
xgboost,NPB,MLB,full_cross_league,MLB,Martín Pérez,2024,0.30700746276407703,0.5122576355934143,0.04212763344647282
xgboost,NPB,MLB,full_cross_league,MLB,Mike Clevinger,2024,-0.34400683913977503,-0.44544073939323425,0.010288836120628714
xgboost,NPB,MLB,full_cross_league,MLB,Jonathan Cannon,2024,-0.47995722578592503,-0.5392287373542786,0.0035131120835974663
xgboost,NPB,MLB,full_cross_league,MLB,Davis Martin,2024,-0.480636140700768,-0.5013538599014282,4.292238888774057e-4
xgboost,NPB,MLB,full_cross_league,MLB,Drew Thorpe,2024,-0.480766343561149,-0.6050130724906921,0.015437249649691372
xgboost,NPB,MLB,full_cross_league,MLB,Ky Bush,2024,-0.481501059701869,-0.5541260242462158,0.0052743854750676306
xgboost,NPB,MLB,full_cross_league,MLB,Sean Burke,2024,-0.48158476154068514,-0.5476460456848145,0.004364093262771392
xgboost,NPB,MLB,full_cross_league,MLB,Brady Singer,2024,1.0045227862324897,0.3920702338218689,0.37509812895428424
xgboost,NPB,MLB,full_cross_league,MLB,Wade Miley,2024,-0.15800275288153204,-0.15603682398796082,3.864876414578172e-6
xgboost,NPB,MLB,full_cross_league,MLB,Nick Lodolo,2024,-0.25565489816711,0.27945175766944885,0.2863391331205855
xgboost,NPB,MLB,full_cross_league,MLB,Graham Ashcraft,2024,-0.4779297812457111,-0.3444189429283142,0.0178251439482141
xgboost,NPB,MLB,full_cross_league,MLB,Brandon Williamson,2024,-0.479789822108293,-0.5072923898696899,7.563912334702294e-4
xgboost,NPB,MLB,full_cross_league,MLB,Andrew Abbott,2024,-0.479789822108293,-0.35221067070961,0.016276439871608088
xgboost,NPB,MLB,full_cross_league,MLB,Rhett Lowder,2024,-0.48137085684148806,-0.613243043422699,0.017390273593709704
xgboost,NPB,MLB,full_cross_league,MLB,Julian Aguiar,2024,-0.48137085684148806,-0.5888643860816956,0.011554858828515344
xgboost,NPB,MLB,full_cross_league,MLB,Andrew Abbott,2024,-0.526278753407247,-0.35221067070961,0.03029969741403138
xgboost,NPB,MLB,full_cross_league,MLB,Tanner Bibee,2024,1.1626262595519998,0.73831939697265625,0.18003631363192596
xgboost,NPB,MLB,full_cross_league,MLB,Shane Bieber,2024,1.79504015283002,-0.4473777711391449,5.028438145738179
xgboost,NPB,MLB,full_cross_league,MLB,Ben Lively,2024,-0.20450377444609302,0.639980673789978,0.7131539833125814
xgboost,NPB,MLB,full_cross_league,MLB,Triston McKenzie,2024,-0.260305000323566,-0.33339887857437134,0.005342715037743551
xgboost,NPB,MLB,full_cross_league,MLB,Kolby Allard,2024,-0.4370088822688971,-0.47900834679603577,0.001763955020566378
xgboost,NPB,MLB,full_cross_league,MLB,John Means,2024,-0.4370088822688971,0.17795602977275848,0.3781818430424012
xgboost,NPB,MLB,full_cross_league,MLB,Kolby Allard,2024,-0.4649094952076341,-0.47900834679603577,1.987776161117767e-4
xgboost,NPB,MLB,full_cross_league,MLB,Gavin Williams,2024,-0.4778739800198331,-0.4607309103012085,2.938848393776242e-4
xgboost,NPB,MLB,full_cross_league,MLB,Logan Allen,2024,-0.47845059268723406,-0.2549684941768646,0.049944248354598465
xgboost,NPB,MLB,full_cross_league,MLB,Slade Cecconi,2024,-0.480719842539584,-0.6739637851715088,0.03734322136393064
xgboost,NPB,MLB,full_cross_league,MLB,Joey Cantillo,2024,-0.48112905152935204,-0.5653687119483948,0.007096320387515636
xgboost,NPB,MLB,full_cross_league,MLB,Gavin Williams,2024,-0.55838008263004,-0.4607309103012085,0.009535360856505836
xgboost,NPB,MLB,full_cross_league,MLB,Tanner Bibee,2024,-0.5826063708488309,0.73831939697265625,1.7448448840947854
xgboost,NPB,MLB,full_cross_league,MLB,Austin Gomber,2024,0.5581129792127049,0.5026258230209351,0.003078824502249858
xgboost,NPB,MLB,full_cross_league,MLB,Ryan Feltner,2024,-0.19985367228963696,0.14227212965488434,0.11705006435618182
xgboost,NPB,MLB,full_cross_league,MLB,Bradley Blalock,2024,-0.481277854798359,-0.5792262554168701,0.00959388918372435
xgboost,NPB,MLB,full_cross_league,MLB,Tanner Gordon,2024,-0.4816498629708761,-0.5903906226158142,0.011824552808158204
xgboost,NPB,MLB,full_cross_league,MLB,Jack Flaherty,2024,2.6320585409921198,1.465867042541504,1.3600026110584928
xgboost,NPB,MLB,full_cross_league,MLB,Alex Cobb,2024,2.16704832534651,1.0375697612762451,1.2757218266942276
xgboost,NPB,MLB,full_cross_league,MLB,Tarik Skubal,2024,1.26492850699403,1.8919655084609985,0.3931754012086872
xgboost,NPB,MLB,full_cross_league,MLB,Casey Mize,2024,-0.18776340668285102,-0.2853235602378845,0.009517983561681716
xgboost,NPB,MLB,full_cross_league,MLB,Reese Olson,2024,-0.476609152233277,-0.302731990814209,0.030233267263152633
xgboost,NPB,MLB,full_cross_league,MLB,Keider Montero,2024,-0.4816498629708761,-0.5889683365821838,0.011517254778260958
xgboost,NPB,MLB,full_cross_league,MLB,Matt Manning,2024,-0.4816498629708761,-0.5804644227027893,0.009764317215011847
xgboost,NPB,MLB,full_cross_league,MLB,Reese Olson,2024,-0.58127067550541,-0.302731990814209,0.0775837988695043
xgboost,NPB,MLB,full_cross_league,MLB,Framber Valdez,2024,2.72506058412124,2.376400947570801,0.12156354215948427
xgboost,NPB,MLB,full_cross_league,MLB,Hunter Brown,2024,-0.212587884043049,0.5004137754440308,0.5083713664313297
xgboost,NPB,MLB,full_cross_league,MLB,Hunter Brown,2024,-0.46118941348246906,0.5004137754440308,0.9246806929536135
xgboost,NPB,MLB,full_cross_league,MLB,Ronel Blanco,2024,-0.47370748848764804,1.904457688331604,5.655669608235745
xgboost,NPB,MLB,full_cross_league,MLB,Spencer Arrighetti,2024,-0.47528852322084414,0.20370322465896606,0.46102979368887975
xgboost,NPB,MLB,full_cross_league,MLB,J.P. France,2024,-0.479808422516919,-0.393208384513855,0.007499566582132136
xgboost,NPB,MLB,full_cross_league,MLB,Michael Wacha,2024,2.5390564978629993,0.5329174399375916,4.024593919733842
xgboost,NPB,MLB,full_cross_league,MLB,Cole Ragans,2024,0.19850514111479703,1.7464567422866821,2.3961541595706026
xgboost,NPB,MLB,full_cross_league,MLB,Michael Lorenzen,2024,0.679015635280563,0.5914809107780457,0.007662327993731605
xgboost,NPB,MLB,full_cross_league,MLB,Alec Marsh,2024,-0.4799758261945511,0.08053497225046158,0.31417235517346553
xgboost,NPB,MLB,full_cross_league,MLB,Jonathan Bowlan,2024,-0.4816498629708761,-0.5700472593307495,0.007814099683204564
xgboost,NPB,MLB,full_cross_league,MLB,Yusei Kikuchi,2024,3.3249237623040804,1.4288538694381714,3.59508103863254
xgboost,NPB,MLB,full_cross_league,MLB,Kyle Hendricks,2024,-0.15800275288153204,0.4393480718135834,0.3568280077639344
xgboost,NPB,MLB,full_cross_league,MLB,Reid Detmers,2024,-0.2835555111058461,-0.4019487500190735,0.01401695902036454
xgboost,NPB,MLB,full_cross_league,MLB,José Soriano,2024,-0.476069740383128,-0.23060616850852966,0.0602523651174361
xgboost,NPB,MLB,full_cross_league,MLB,Jack Kochanowicz,2024,-0.479789822108293,-0.49674704670906067,2.875474661608796e-4
xgboost,NPB,MLB,full_cross_league,MLB,Caden Dana,2024,-0.4816498629708761,-0.6006744503974915,0.014166852412076006
xgboost,NPB,MLB,full_cross_league,MLB,Chase Silseth,2024,-0.4816498629708761,-0.5951707363128662,0.012886988684328164
xgboost,NPB,MLB,full_cross_league,MLB,José Soriano,2024,-0.562575590799681,-0.23060616850852966,0.11020369733632077
xgboost,NPB,MLB,full_cross_league,MLB,Blake Snell,2024,6.147535771272919,0.49312564730644226,31.972353850014585
xgboost,NPB,MLB,full_cross_league,MLB,Clayton Kershaw,2024,0.772017678409685,0.4318840503692627,0.11569088492394039
xgboost,NPB,MLB,full_cross_league,MLB,Justin Wrobleski,2024,-0.47420969952054604,-0.6440480947494507,0.02884508049392962
xgboost,NPB,MLB,full_cross_league,MLB,Gavin Stone,2024,-0.4779297812457111,-0.40065351128578186,0.005971621898919865
xgboost,NPB,MLB,full_cross_league,MLB,River Ryan,2024,-0.479789822108293,-0.5717273950576782,0.008452517319823527
xgboost,NPB,MLB,full_cross_league,MLB,Andrew Heaney,2024,-0.4816498629708761,1.9156938791275024,5.7472570177782565
xgboost,NPB,MLB,full_cross_league,MLB,Landon Knack,2024,-0.4816498629708761,-0.24092194437980652,0.057949930789188614
xgboost,NPB,MLB,full_cross_league,MLB,Bobby Miller,2024,-0.4816498629708761,-0.4755590856075287,3.70975688898651e-5
xgboost,NPB,MLB,full_cross_league,MLB,Cal Quantrill,2024,0.028001333376711398,0.40989717841148376,0.14584443645482287
xgboost,NPB,MLB,full_cross_league,MLB,Edward Cabrera,2024,-0.260305000323566,-0.24278411269187927,3.069815034021935e-4
xgboost,NPB,MLB,full_cross_league,MLB,Braxton Garrett,2024,-0.338426716552028,-0.30644288659095764,0.0010229653789786616
xgboost,NPB,MLB,full_cross_league,MLB,Valente Bellozo,2024,-0.47420969952054604,-0.5409513711929321,0.004454450737624584
xgboost,NPB,MLB,full_cross_league,MLB,Ryan Weathers,2024,-0.478097184923343,-0.4493594765663147,8.258558816136156e-4
xgboost,NPB,MLB,full_cross_league,MLB,Max Meyer,2024,-0.48016183028081005,-0.6006253361701965,0.014511456251162251
xgboost,NPB,MLB,full_cross_league,MLB,Adam Mazur,2024,-0.4816498629708761,-0.5419170260429382,0.0036321309447545315
xgboost,NPB,MLB,full_cross_league,MLB,Aaron Civale,2024,0.8650197215388071,0.5256608128547668,0.1151644689032228
xgboost,NPB,MLB,full_cross_league,MLB,Nestor Cortes,2024,0.790618087035509,0.5113931894302368,0.07796654344267472
xgboost,NPB,MLB,full_cross_league,MLB,Jose Quintana,2024,0.12100337650583301,1.1020814180374146,0.9625141235754435
xgboost,NPB,MLB,full_cross_league,MLB,Tobias Myers,2024,-0.47759497389044614,-0.46188196539878845,2.468986358589066e-4
xgboost,NPB,MLB,full_cross_league,MLB,DL Hall,2024,-0.48051523804470003,0.19015422463417053,0.4497975281699649
xgboost,NPB,MLB,full_cross_league,MLB,Robert Gasser,2024,-0.480645440905081,-0.5617511868476868,0.006578142024906514
xgboost,NPB,MLB,full_cross_league,MLB,Erick Fedde,2024,-0.4816498629708761,0.3911502957344055,0.7617801170359647
xgboost,NPB,MLB,full_cross_league,MLB,Quinn Priester,2024,-0.565778581165048,-0.6022804379463196,0.0013323855484804637
xgboost,NPB,MLB,full_cross_league,MLB,Bailey Ober,2024,0.0373015376896236,1.8758165836334229,3.3801375741617306
xgboost,NPB,MLB,full_cross_league,MLB,Joe Ryan,2024,-0.06500070975241032,-0.12740999460220337,0.0038949188354626086
xgboost,NPB,MLB,full_cross_league,MLB,David Festa,2024,-0.4816498629708761,-0.5081844925880432,7.040865689202429e-4
xgboost,NPB,MLB,full_cross_league,MLB,Zebby Matthews,2024,-0.4816498629708761,-0.46428215503692627,3.016372788789834e-4
xgboost,NPB,MLB,full_cross_league,MLB,Sean Manaea,2024,4.027089187928949,1.3696659803390503,7.061898104237386
xgboost,NPB,MLB,full_cross_league,MLB,Frankie Montas,2024,2.5390564978629993,0.11742895096540451,5.864279975893262
xgboost,NPB,MLB,full_cross_league,MLB,David Peterson,2024,0.23725593041723506,0.04234445467591286,0.03799048337566003
xgboost,NPB,MLB,full_cross_league,MLB,Griffin Canning,2024,0.16750439807039405,0.6299290060997009,0.21383651811105808
xgboost,NPB,MLB,full_cross_league,MLB,Paul Blackburn,2024,0.130303580818745,-0.0856851115822792,0.04665111524510425
xgboost,NPB,MLB,full_cross_league,MLB,Tylor Megill,2024,-0.25565489816711,-0.237485870718956,3.301135584117741e-4
xgboost,NPB,MLB,full_cross_league,MLB,Christian Scott,2024,-0.48081284458271306,-0.40507984161376953,0.00573548773869401
xgboost,NPB,MLB,full_cross_league,MLB,Max Fried,2024,4.44559838200999,1.4116077423095703,9.205099201789764
xgboost,NPB,MLB,full_cross_league,MLB,Clarke Schmidt,2024,0.0466017420025358,-0.15875032544136047,0.04216947160348253
xgboost,NPB,MLB,full_cross_league,MLB,Carlos Carrasco,2024,-0.34400683913977503,0.9609513878822327,1.7029159742724218
xgboost,NPB,MLB,full_cross_league,MLB,Luis Gil,2024,-0.47344243266473,0.664914608001709,1.2958567520348525
xgboost,NPB,MLB,full_cross_league,MLB,Will Warren,2024,-0.480236231915313,-0.3597308397293091,0.014521549545902615
xgboost,NPB,MLB,full_cross_league,MLB,Paul Blackburn,2024,-0.4816498629708761,-0.0856851115822792,0.15678808434223335
xgboost,NPB,MLB,full_cross_league,MLB,Allan Winans,2024,-0.4816498629708761,-0.5628055930137634,0.006586252518794007
xgboost,NPB,MLB,full_cross_league,MLB,Will Warren,2024,-0.581364607568971,-0.3597308397293091,0.04912152704680516
xgboost,NPB,MLB,full_cross_league,MLB,Zack Wheeler,2024,7.18915865431908,4.45499849319458,7.47563178668035
xgboost,NPB,MLB,full_cross_league,MLB,Cristopher Sánchez,2024,0.423260016675479,0.7227516174316406,0.0896952189234881
xgboost,NPB,MLB,full_cross_league,MLB,Ranger Suárez,2024,1.0138229905453997,0.5029991865158081,0.2609409587632626
xgboost,NPB,MLB,full_cross_league,MLB,Jesús Luzardo,2024,0.6092641029337219,-0.4855242967605591,1.198561640105165
xgboost,NPB,MLB,full_cross_league,MLB,Cristopher Sánchez,2024,-0.12481274174187003,0.7227516174316406,0.7183653429412038
xgboost,NPB,MLB,full_cross_league,MLB,Tyler Phillips,2024,-0.48090584662584307,-0.5855136513710022,0.010942792813601337
xgboost,NPB,MLB,full_cross_league,MLB,Walker Buehler,2024,-0.4816498629708761,-0.5044541358947754,5.20034863587687e-4
xgboost,NPB,MLB,full_cross_league,MLB,Seth Johnson,2024,-0.4816498629708761,-0.6062600016593933,0.015527686663971496
xgboost,NPB,MLB,full_cross_league,MLB,Andrew Heaney,2024,0.353508484328637,1.9156938791275024,2.4404232077228873
xgboost,NPB,MLB,full_cross_league,MLB,Paul Skenes,2024,0.0161608712577704,1.5665507316589355,2.4037087192347446
xgboost,NPB,MLB,full_cross_league,MLB,Bailey Falter,2024,-0.20971188886132408,-0.23740580677986145,7.669530896786852e-4
xgboost,NPB,MLB,full_cross_league,MLB,Paul Skenes,2024,-0.46025939305117797,1.5665507316589355,4.107959281627426
xgboost,NPB,MLB,full_cross_league,MLB,Jared Jones,2024,-0.4788598016770021,-0.35757017135620117,0.01471117442335655
xgboost,NPB,MLB,full_cross_league,MLB,Nick Pivetta,2024,1.9345432175237098,0.49101853370666504,2.083763512789099
xgboost,NPB,MLB,full_cross_league,MLB,Dylan Cease,2024,1.9345432175237098,2.009862184524536,0.005672946790071561
xgboost,NPB,MLB,full_cross_league,MLB,Michael King,2024,0.8185186999742459,2.145745277404785,1.7615303878379835
xgboost,NPB,MLB,full_cross_league,MLB,Matt Waldron,2024,-0.478710998407995,0.37886589765548706,0.7354381326618764
xgboost,NPB,MLB,full_cross_league,MLB,Randy Vásquez,2024,-0.47926901066676997,-0.42492151260375977,0.0029536505457088977
xgboost,NPB,MLB,full_cross_league,MLB,Logan Gilbert,2024,0.7952681891919656,1.3732954263687134,0.3341154869181842
xgboost,NPB,MLB,full_cross_league,MLB,George Kirby,2024,0.176804602383306,0.8851035833358765,0.5016874464184499
xgboost,NPB,MLB,full_cross_league,MLB,Bryan Woo,2024,-0.33644093692713495,-0.34357383847236633,5.087828445396428e-5
xgboost,NPB,MLB,full_cross_league,MLB,Bryce Miller,2024,-0.47420969952054604,1.094398856163025,2.4605328009636986
xgboost,NPB,MLB,full_cross_league,MLB,Bryan Woo,2024,-0.4773159677610591,-0.34357383847236633,0.017886957146673415
xgboost,NPB,MLB,full_cross_league,MLB,Emerson Hancock,2024,-0.4805338384533259,-0.549649715423584,0.004777004449367849
xgboost,NPB,MLB,full_cross_league,MLB,Luis Castillo,2024,-0.4816498629708761,1.5779446363449097,4.241929501611843
xgboost,NPB,MLB,full_cross_league,MLB,Justin Verlander,2024,2.16704832534651,0.8728465437889099,1.6749582513868662
xgboost,NPB,MLB,full_cross_league,MLB,Joey Lucchesi,2024,-0.46400942143423,-0.6256894469261169,0.026140430643057207
xgboost,NPB,MLB,full_cross_league,MLB,Hayden Birdsong,2024,-0.480719842539584,-0.3267735540866852,0.023699459728423126
xgboost,NPB,MLB,full_cross_league,MLB,Mason Black,2024,-0.4816498629708761,-0.4969860911369324,2.351998943613382e-4
xgboost,NPB,MLB,full_cross_league,MLB,Keaton Winn,2024,-0.4816498629708761,-0.4773233234882355,1.87189438948481e-5
xgboost,NPB,MLB,full_cross_league,MLB,Kyle Harrison,2024,-0.4816498629708761,-0.40346628427505493,0.006112671977685659
xgboost,NPB,MLB,full_cross_league,MLB,Andre Pallante,2024,-0.23240438738482905,-0.2724795639514923,0.0016060197768492362
xgboost,NPB,MLB,full_cross_league,MLB,Gordon Graceffo,2024,-0.4816498629708761,-0.6681366562843323,0.03477732408033573
xgboost,NPB,MLB,full_cross_league,MLB,Roddery Muñoz,2024,-0.4816498629708761,-0.518921971321106,0.0013892100608712753
xgboost,NPB,MLB,full_cross_league,MLB,Michael McGreevy,2024,-0.4816498629708761,-0.6002400517463684,0.014063632873806905
xgboost,NPB,MLB,full_cross_league,MLB,Zack Littell,2024,0.440930404870012,0.26011165976524353,0.032695418581263236
xgboost,NPB,MLB,full_cross_league,MLB,Shane Baz,2024,-0.353307043452688,-0.35293179750442505,1.4080952168775053e-7
xgboost,NPB,MLB,full_cross_league,MLB,Ryan Pepiot,2024,-0.47893420331150505,-0.08113556355237961,0.15824375779421046
xgboost,NPB,MLB,full_cross_league,MLB,Taj Bradley,2024,-0.47900860494600805,-0.17064131796360016,0.0950903836808907
xgboost,NPB,MLB,full_cross_league,MLB,Joe Boyle,2024,-0.4816498629708761,-0.03278667852282524,0.2014781583528449
xgboost,NPB,MLB,full_cross_league,MLB,Ryan Pepiot,2024,-0.5664866987214329,-0.08113556355237961,0.2355657244098886
xgboost,NPB,MLB,full_cross_league,MLB,Nathan Eovaldi,2024,4.027089187928949,1.7011816501617432,5.409845874242306
xgboost,NPB,MLB,full_cross_league,MLB,Dane Dunning,2024,-0.12824209908021303,-0.05983886122703552,0.0046790029487983765
xgboost,NPB,MLB,full_cross_league,MLB,Patrick Corbin,2024,-0.4184084736430731,2.107403516769409,6.379726210911466
xgboost,NPB,MLB,full_cross_league,MLB,Cody Bradford,2024,-0.47904580576326006,-0.28773850202560425,0.036598484463371696
xgboost,NPB,MLB,full_cross_league,MLB,Jack Leiter,2024,-0.48118485275523004,-0.5054231882095337,5.874969055953533e-4
xgboost,NPB,MLB,full_cross_league,MLB,Kumar Rocker,2024,-0.48137085684148806,-0.49615976214408875,2.187117200492907e-4
xgboost,NPB,MLB,full_cross_league,MLB,Jack Leiter,2024,-0.5696474661592191,-0.5054231882095337,0.004124757878158451
xgboost,NPB,MLB,full_cross_league,MLB,Max Scherzer,2024,2.2600503684756306,0.19930513203144073,4.246670929527419
xgboost,NPB,MLB,full_cross_league,MLB,Alek Manoah,2024,-0.213803978759005,-0.3069968819618225,0.008684917207369714
xgboost,NPB,MLB,full_cross_league,MLB,Jake Bloss,2024,-0.5999670622397439,-0.6361585855484009,0.0013098263594010584
xgboost,NPB,MLB,full_cross_league,MLB,Trevor Williams,2024,0.679015635280563,-0.19895386695861816,0.7708304468621154
xgboost,NPB,MLB,full_cross_league,MLB,MacKenzie Gore,2024,-0.08546115924081701,0.4142100512981415,0.24967131864146816
xgboost,NPB,MLB,full_cross_league,MLB,Josiah Gray,2024,-0.37190745207851195,-0.5883753299713135,0.046858342159412834
xgboost,NPB,MLB,full_cross_league,MLB,Jake Irvin,2024,-0.47893420331150505,0.3911078870296478,0.7569732389652029
xgboost,NPB,MLB,full_cross_league,MLB,Mitchell Parker,2024,-0.4803106335498161,-0.3889772593975067,0.00834178523404574
xgboost,NPB,MLB,full_cross_league,MLB,DJ Herz,2024,-0.48086864580859107,-0.008110972121357918,0.22349981803016442
xgboost,NPB,MLB,full_cross_league,MLB,Brandon Pfaadt,2025,1.0510238077970497,1.3108726739883423,0.06752143326090027
xgboost,NPB,MLB,full_cross_league,MLB,Merrill Kelly,2025,3.0970687566377304,1.2561454772949219,3.3889985204262802
xgboost,NPB,MLB,full_cross_league,MLB,Zac Gallen,2025,3.4737270313106703,0.629195511341095,8.091359568100422
xgboost,NPB,MLB,full_cross_league,MLB,Michael Soroka,2025,0.772017678409685,-0.07807061821222305,0.7226501120535372
xgboost,NPB,MLB,full_cross_league,MLB,Ryne Nelson,2025,-0.06500070975241032,-0.20140394568443298,0.01860584277272704
xgboost,NPB,MLB,full_cross_league,MLB,Aaron Civale,2025,0.49301154902232,-0.21127723157405853,0.4960226864739337
xgboost,NPB,MLB,full_cross_league,MLB,J.T. Ginn,2025,-0.4769997608144191,-0.31355568766593933,0.0267139650473656
xgboost,NPB,MLB,full_cross_league,MLB,Luis Morales,2025,-0.4779297812457111,-0.602473258972168,0.015511077844200454
xgboost,NPB,MLB,full_cross_league,MLB,Mason Barnett,2025,-0.4779297812457111,-0.6369140148162842,0.02527598652402253
xgboost,NPB,MLB,full_cross_league,MLB,Gunnar Hoglund,2025,-0.4779297812457111,-0.6578938364982605,0.03238706118294265
xgboost,NPB,MLB,full_cross_league,MLB,Jacob Lopez,2025,-0.4779297812457111,0.0018844273872673512,0.23022167480609138
xgboost,NPB,MLB,full_cross_league,MLB,Martín Pérez,2025,0.028001333376711398,-0.5664200186729431,0.3533367437725393
xgboost,NPB,MLB,full_cross_league,MLB,Carlos Carrasco,2025,-0.34400683913977503,-0.17794956266880035,0.02757501906895772
xgboost,NPB,MLB,full_cross_league,MLB,AJ Smith-Shawver,2025,-0.47420969952054604,-0.5293675065040588,0.0030423836712304537
xgboost,NPB,MLB,full_cross_league,MLB,Spencer Schwellenbach,2025,-0.47420969952054604,-0.38962605595588684,0.007154392758673312
xgboost,NPB,MLB,full_cross_league,MLB,Grant Holmes,2025,-0.47420969952054604,-0.1706220507621765,0.09216546047863515
xgboost,NPB,MLB,full_cross_league,MLB,Hurston Waldrep,2025,-0.474525906467185,-0.5112792253494263,0.001350806448859712
xgboost,NPB,MLB,full_cross_league,MLB,Shane Baz,2025,1.9066426045849698,0.5400475263595581,1.867582107829919
xgboost,NPB,MLB,full_cross_league,MLB,Chris Bassitt,2025,2.8180626272503595,1.47183096408844,1.812339690899708
xgboost,NPB,MLB,full_cross_league,MLB,Zach Eflin,2025,1.23702789405529,-0.25246864557266235,2.218599941563644
xgboost,NPB,MLB,full_cross_league,MLB,Trevor Rogers,2025,0.5302123662739688,-0.29771628975868225,0.6854658594800319
xgboost,NPB,MLB,full_cross_league,MLB,Dean Kremer,2025,0.44651052745775904,0.4820770025253296,0.0012649741487321172
xgboost,NPB,MLB,full_cross_league,MLB,Kyle Bradish,2025,0.0373015376896236,-0.02784099243581295,0.004243549231143409
xgboost,NPB,MLB,full_cross_league,MLB,Shane Baz,2025,0.028001333376711398,0.5400475263595581,0.2621913037482267
xgboost,NPB,MLB,full_cross_league,MLB,Tyler Wells,2025,-0.16730295719444402,-0.022369161248207092,0.021005805207385445
xgboost,NPB,MLB,full_cross_league,MLB,Garrett Crochet,2025,4.647102746788389,1.3396382331848145,10.939321508746929
xgboost,NPB,MLB,full_cross_league,MLB,Ranger Suárez,2025,4.21309327418719,0.8957947492599487,11.00446950348445
xgboost,NPB,MLB,full_cross_league,MLB,Tanner Houck,2025,0.14890398944457003,-0.30174520611763,0.20308469746085803
xgboost,NPB,MLB,full_cross_league,MLB,Johan Oviedo,2025,-0.33470663482686297,-0.18994785845279694,0.020955103337316858
xgboost,NPB,MLB,full_cross_league,MLB,Connelly Early,2025,-0.476162742426257,-0.5940613746643066,0.013900087483602878
xgboost,NPB,MLB,full_cross_league,MLB,Shota Imanaga,2025,3.4737270313106703,0.887082040309906,6.690732309469344
xgboost,NPB,MLB,full_cross_league,MLB,Justin Steele,2025,0.6371647158724588,-0.33806514739990234,0.9510732862182283
xgboost,NPB,MLB,full_cross_league,MLB,Colin Rea,2025,0.5860135921514419,0.7095012068748474,0.01524919099007624
xgboost,NPB,MLB,full_cross_league,MLB,Edward Cabrera,2025,0.20470521532204303,0.022573670372366905,0.03317189966575589
xgboost,NPB,MLB,full_cross_league,MLB,Javier Assad,2025,-0.28820561326230204,-0.49221912026405334,0.04162151103915363
xgboost,NPB,MLB,full_cross_league,MLB,Cade Horton,2025,-0.470954628011026,-0.0058552357368171215,0.21631744469383843
xgboost,NPB,MLB,full_cross_league,MLB,Ben Brown,2025,-0.47420969952054604,-0.2599654793739319,0.045900585866230866
xgboost,NPB,MLB,full_cross_league,MLB,Erick Fedde,2025,-0.34400683913977503,-0.05673050507903099,0.08252769211138021
xgboost,NPB,MLB,full_cross_league,MLB,Shane Smith,2025,-0.46939219368645707,-0.24553851783275604,0.05011046819321385
xgboost,NPB,MLB,full_cross_league,MLB,Davis Martin,2025,-0.47441430401543006,0.30164703726768494,0.6022712054341475
xgboost,NPB,MLB,full_cross_league,MLB,Sean Burke,2025,-0.4754745273071021,0.0024730104487389326,0.2284338488468711
xgboost,NPB,MLB,full_cross_league,MLB,Brady Singer,2025,1.74853913126546,0.8270244598388672,0.8491892896544612
xgboost,NPB,MLB,full_cross_league,MLB,Nick Lodolo,2025,0.25585633904306004,0.21917803585529327,0.001345297924733742
xgboost,NPB,MLB,full_cross_league,MLB,Andrew Abbott,2025,-0.47420969952054604,-0.17562532424926758,0.08915262915613964
xgboost,NPB,MLB,full_cross_league,MLB,Chase Burns,2025,-0.4769997608144191,-0.5898647308349609,0.012738501457737812
xgboost,NPB,MLB,full_cross_league,MLB,Chase Petty,2025,-0.4779297812457111,-0.5870322585105896,0.011903350545333327
xgboost,NPB,MLB,full_cross_league,MLB,Gavin Williams,2025,-0.4700804088056131,0.756885826587677,1.5054461427951829
xgboost,NPB,MLB,full_cross_league,MLB,Slade Cecconi,2025,-0.47502811750008206,-0.39430275559425354,0.00651658405482699
xgboost,NPB,MLB,full_cross_league,MLB,Parker Messick,2025,-0.476367346921141,-0.4462350904941559,9.079528773815872e-4
xgboost,NPB,MLB,full_cross_league,MLB,Doug Nikhazy,2025,-0.4779297812457111,-0.6077316999435425,0.016848538097638425
xgboost,NPB,MLB,full_cross_league,MLB,Michael Lorenzen,2025,0.8650197215388071,0.6078774333000183,0.06612215640068035
xgboost,NPB,MLB,full_cross_league,MLB,Jose Quintana,2025,0.49301154902232,1.1113080978393555,0.3822906222790568
xgboost,NPB,MLB,full_cross_league,MLB,Tomoyuki Sugano,2025,0.3256078713899011,1.9100333452224731,2.5104040821295706
xgboost,NPB,MLB,full_cross_league,MLB,Ryan Feltner,2025,-0.16730295719444402,-0.530027449131012,0.13156905705064137
xgboost,NPB,MLB,full_cross_league,MLB,Chase Dollander,2025,-0.477557773073194,0.0029652894008904696,0.23090241356947291
xgboost,NPB,MLB,full_cross_league,MLB,McCade Brown,2025,-0.477557773073194,-0.6022355556488037,0.015544549467971002
xgboost,NPB,MLB,full_cross_league,MLB,Tanner Gordon,2025,-0.4779297812457111,-0.3024676442146301,0.03078696153151384
xgboost,NPB,MLB,full_cross_league,MLB,Framber Valdez,2025,6.50714360937083,1.0977689027786255,29.261334716319503
xgboost,NPB,MLB,full_cross_league,MLB,Tarik Skubal,2025,5.32911779173665,2.3787174224853516,8.704862338878197
xgboost,NPB,MLB,full_cross_league,MLB,Justin Verlander,2025,1.79504015283002,0.7965471744537354,0.9969882278667436
xgboost,NPB,MLB,full_cross_league,MLB,Casey Mize,2025,0.5209121619610557,0.33057528734207153,0.03622812583972291
xgboost,NPB,MLB,full_cross_league,MLB,Reese Olson,2025,-0.47084302555927204,-0.33589789271354675,0.018210188878750446
xgboost,NPB,MLB,full_cross_league,MLB,Jackson Jobe,2025,-0.47712996367480015,-0.5472838282585144,0.004921564716030117
xgboost,NPB,MLB,full_cross_league,MLB,Hunter Brown,2025,0.4390703640074291,1.4372426271438599,0.9963478668949038
xgboost,NPB,MLB,full_cross_league,MLB,Hayden Wesneski,2025,-0.441658984425353,-0.41053444147109985,9.687371741111497e-4
xgboost,NPB,MLB,full_cross_league,MLB,Brandon Walter,2025,-0.4649094952076341,-0.23077170550823212,0.05482050456532138
xgboost,NPB,MLB,full_cross_league,MLB,Ronel Blanco,2025,-0.47370748848764804,-0.33277273178100586,0.019862605647960423
xgboost,NPB,MLB,full_cross_league,MLB,Kai-Wei Teng,2025,-0.47668355386778005,-0.30569276213645935,0.02923785085690389
xgboost,NPB,MLB,full_cross_league,MLB,Colton Gordon,2025,-0.4779297812457111,-0.4812031388282776,1.0714869863345416e-5
xgboost,NPB,MLB,full_cross_league,MLB,Seth Lugo,2025,3.6550810154124602,0.48719701170921326,10.035489060918914
xgboost,NPB,MLB,full_cross_league,MLB,Kris Bubic,2025,0.5209121619610557,0.24144166707992554,0.07810375750910381
xgboost,NPB,MLB,full_cross_league,MLB,Bailey Falter,2025,0.0466017420025358,-0.2039417326450348,0.06277203268847785
xgboost,NPB,MLB,full_cross_league,MLB,Noah Cameron,2025,-0.47383769134802906,-0.37363123893737793,0.010041333104728089
xgboost,NPB,MLB,full_cross_league,MLB,Stephen Kolek,2025,-0.47546522710278905,-0.1992289274930954,0.07630649322205643
xgboost,NPB,MLB,full_cross_league,MLB,José Soriano,2025,-0.08360111837823461,0.42201492190361023,0.2556475801902921
xgboost,NPB,MLB,full_cross_league,MLB,Jack Kochanowicz,2025,-0.47420969952054604,0.1796688586473465,0.427557168831722
xgboost,NPB,MLB,full_cross_league,MLB,Mitch Farris,2025,-0.4779297812457111,-0.6238982677459717,0.02130679905117675
xgboost,NPB,MLB,full_cross_league,MLB,Emmet Sheehan,2025,-0.472349658657963,0.006248595658689737,0.22905628903494743
xgboost,NPB,MLB,full_cross_league,MLB,Roki Sasaki,2025,-0.47420969952054604,-0.599307119846344,0.01564936457216937
xgboost,NPB,MLB,full_cross_league,MLB,Bobby Miller,2025,-0.47420969952054604,-0.5654283761978149,0.008320846974752123
xgboost,NPB,MLB,full_cross_league,MLB,Landon Knack,2025,-0.476069740383128,-0.5379598140716553,0.0038303812211713368
xgboost,NPB,MLB,full_cross_league,MLB,Chris Paddack,2025,0.12100337650583301,0.3768969178199768,0.0654815044862934
xgboost,NPB,MLB,full_cross_league,MLB,Ryan Weathers,2025,-0.37190745207851195,-0.46158960461616516,0.0080428884837869
xgboost,NPB,MLB,full_cross_league,MLB,Max Meyer,2025,-0.44072896399406214,-0.14785225689411163,0.0857767655617102
xgboost,NPB,MLB,full_cross_league,MLB,Eury Pérez,2025,-0.4743027015636751,-0.513539731502533,0.001539544518422828
xgboost,NPB,MLB,full_cross_league,MLB,Janson Junk,2025,-0.47458170769306207,-0.19786302745342255,0.07657322799356786
xgboost,NPB,MLB,full_cross_league,MLB,Adam Mazur,2025,-0.476813756728161,-0.5852035284042358,0.011748342603991633
xgboost,NPB,MLB,full_cross_league,MLB,Brandon Woodruff,2025,3.4737270313106703,0.6484692692756653,7.982081421939045
xgboost,NPB,MLB,full_cross_league,MLB,Quinn Priester,2025,-0.47361448644451903,-0.23406267166137695,0.05738507196589681
xgboost,NPB,MLB,full_cross_league,MLB,Chad Patrick,2025,-0.47487931423107504,-0.21007366478443146,0.07012203197885869
xgboost,NPB,MLB,full_cross_league,MLB,Jacob Misiorowski,2025,-0.47638594732976713,-0.37228137254714966,0.010837762490669594
xgboost,NPB,MLB,full_cross_league,MLB,Kyle Harrison,2025,-0.47679515631953495,-0.5661695003509521,0.00798777337104612
xgboost,NPB,MLB,full_cross_league,MLB,Brandon Sproat,2025,-0.47737176898693606,-0.5988997220993042,0.014769043387681948
xgboost,NPB,MLB,full_cross_league,MLB,Logan Henderson,2025,-0.4779297812457111,-0.4502202272415161,7.678193831113994e-4
xgboost,NPB,MLB,full_cross_league,MLB,Joe Ryan,2025,0.5302123662739688,1.2038557529449463,0.45379541240554405
xgboost,NPB,MLB,full_cross_league,MLB,Bailey Ober,2025,0.34420828001572495,0.27921947836875916,0.004223544339508664
xgboost,NPB,MLB,full_cross_league,MLB,Taj Bradley,2025,-0.4738283911437161,-0.2944555878639221,0.03217460255645167
xgboost,NPB,MLB,full_cross_league,MLB,David Festa,2025,-0.4758465354796181,-0.44174230098724365,0.0011630988103108618
xgboost,NPB,MLB,full_cross_league,MLB,Mick Abel,2025,-0.4774647710300651,-0.6050846576690674,0.016286835465751787
xgboost,NPB,MLB,full_cross_league,MLB,David Peterson,2025,0.883620130164631,0.10009419173002243,0.613912896199834
xgboost,NPB,MLB,full_cross_league,MLB,Tylor Megill,2025,-0.15800275288153204,-0.12498702853918076,0.001090038053850127
xgboost,NPB,MLB,full_cross_league,MLB,Nolan McLean,2025,-0.475790734253741,-0.26626503467559814,0.04390101878371018
xgboost,NPB,MLB,full_cross_league,MLB,Jonah Tong,2025,-0.4779297812457111,-0.6160464882850647,0.019076224763394625
xgboost,NPB,MLB,full_cross_league,MLB,Clarke Schmidt,2025,0.214005419634955,0.5197299718856812,0.09346750184890698
xgboost,NPB,MLB,full_cross_league,MLB,Luis Gil,2025,-0.22077913199368898,-0.45132002234458923,0.05314910212378581
xgboost,NPB,MLB,full_cross_league,MLB,Will Warren,2025,-0.46925734072391995,0.36973199248313904,0.7039031012352256
xgboost,NPB,MLB,full_cross_league,MLB,Cam Schlittler,2025,-0.47394464369762807,-0.36371591687202454,0.012150372217593528
xgboost,NPB,MLB,full_cross_league,MLB,Jesús Luzardo,2025,1.4230319803135398,1.3996683359146118,5.458598795995606e-4
xgboost,NPB,MLB,full_cross_league,MLB,Paul Skenes,2025,-0.42119853493694603,0.6686869263648987,1.1878503187571348
xgboost,NPB,MLB,full_cross_league,MLB,Bubba Chandler,2025,-0.4765905518246511,-0.5920968651771545,0.013341708424286716
xgboost,NPB,MLB,full_cross_league,MLB,Michael King,2025,4.027089187928949,0.08487942814826965,15.541017790110041
xgboost,NPB,MLB,full_cross_league,MLB,Lucas Giolito,2025,-0.06500070975241032,0.58036208152771,0.41649313236886815
xgboost,NPB,MLB,full_cross_league,MLB,JP Sears,2025,-0.11150173131697101,-0.07311742752790451,0.0014733547773713449
xgboost,NPB,MLB,full_cross_league,MLB,Griffin Canning,2025,-0.15800275288153204,-0.21682316064834595,0.003459840369854262
xgboost,NPB,MLB,full_cross_league,MLB,Germán Márquez,2025,-0.29750581757521505,0.5553950667381287,0.7274399184624836
xgboost,NPB,MLB,full_cross_league,MLB,Walker Buehler,2025,-0.34400683913977503,0.38445213437080383,0.5306524760880862
xgboost,NPB,MLB,full_cross_league,MLB,Randy Vásquez,2025,-0.4725728635614731,-0.009717782959342003,0.21423482563920526
xgboost,NPB,MLB,full_cross_league,MLB,Matt Waldron,2025,-0.47480491259657204,-0.5307087898254395,0.003125243489220281
xgboost,NPB,MLB,full_cross_league,MLB,Logan Gilbert,2025,1.4094536820166896,0.753028154373169,0.43089447334207454
xgboost,NPB,MLB,full_cross_league,MLB,George Kirby,2025,0.5953137964643539,0.5604639053344727,0.001214514911764575
xgboost,NPB,MLB,full_cross_league,MLB,Bryce Miller,2025,-0.166837946978799,-0.3427037298679352,0.030928773591208783
xgboost,NPB,MLB,full_cross_league,MLB,Bryan Woo,2025,-0.4683319703947851,1.1576119661331177,2.6436936847318524
xgboost,NPB,MLB,full_cross_league,MLB,Emerson Hancock,2025,-0.47545592689847604,-0.4224618673324585,0.002808370349286616
xgboost,NPB,MLB,full_cross_league,MLB,Logan Evans,2025,-0.47685095754541307,-0.42052632570266724,0.0031724641522208577
xgboost,NPB,MLB,full_cross_league,MLB,Adrian Houser,2025,1.4230319803135398,0.5876572728157043,0.6978509019270942
xgboost,NPB,MLB,full_cross_league,MLB,Tyler Mahle,2025,1.23702789405529,0.012089049443602562,1.5004751730386154
xgboost,NPB,MLB,full_cross_league,MLB,Landen Roupp,2025,-0.47420969952054604,-0.2243587225675583,0.06242551068436242
xgboost,NPB,MLB,full_cross_league,MLB,Trevor McDonald,2025,-0.4779297812457111,-0.5710417032241821,0.008669830014524873
xgboost,NPB,MLB,full_cross_league,MLB,Blade Tidwell,2025,-0.4779297812457111,-0.5689898133277893,0.00829192944278911
xgboost,NPB,MLB,full_cross_league,MLB,Dustin May,2025,1.7020381097009,0.05867929756641388,2.7006281854200695
xgboost,NPB,MLB,full_cross_league,MLB,Andre Pallante,2025,0.12100337650583301,0.7819051146507263,0.4367911074829411
xgboost,NPB,MLB,full_cross_league,MLB,Matthew Liberatore,2025,-0.20264373358351,-0.3257165849208832,0.015146926736311156
xgboost,NPB,MLB,full_cross_league,MLB,Hunter Dobbins,2025,-0.47651615019014804,-0.4756981134414673,6.691841221921733e-7
xgboost,NPB,MLB,full_cross_league,MLB,Michael McGreevy,2025,-0.47708346265323603,-0.30017244815826416,0.03129750704964015
xgboost,NPB,MLB,full_cross_league,MLB,Nick Martinez,2025,1.79504015283002,1.4258366823196411,0.13631120263690816
xgboost,NPB,MLB,full_cross_league,MLB,Ryan Pepiot,2025,-0.06035060759595421,0.7018274664878845,0.5809154166141496
xgboost,NPB,MLB,full_cross_league,MLB,Joe Boyle,2025,-0.47714856408342604,-0.26176467537879944,0.04639021951352698
xgboost,NPB,MLB,full_cross_league,MLB,Cal Quantrill,2025,-0.4370088822688971,0.2244853973388672,0.43757468195379506
xgboost,NPB,MLB,full_cross_league,MLB,Jack Leiter,2025,-0.47532572403809503,-0.0027910624630749226,0.22328900638981877
xgboost,NPB,MLB,full_cross_league,MLB,Kumar Rocker,2025,-0.47625574446938596,-0.38487157225608826,0.008351066931109652
xgboost,NPB,MLB,full_cross_league,MLB,Dylan Cease,2025,4.9571096192201605,1.428541660308838,12.450791840655617
xgboost,NPB,MLB,full_cross_league,MLB,Eric Lauer,2025,0.19540501100913002,0.0073019652627408504,0.035382755819068176
xgboost,NPB,MLB,full_cross_league,MLB,Max Scherzer,2025,-0.06500070975241032,0.19566084444522858,0.06794444583672865
xgboost,NPB,MLB,full_cross_league,MLB,Patrick Corbin,2025,-0.4370088822688971,1.536576271057129,3.8950383574289136
xgboost,NPB,MLB,full_cross_league,MLB,Bowden Francis,2025,-0.4723868594752151,0.2570870518684387,0.5321321873310089
xgboost,NPB,MLB,full_cross_league,MLB,Trey Yesavage,2025,-0.476292945286638,-0.5887542963027954,0.012647555472379366
xgboost,NPB,MLB,full_cross_league,MLB,Zack Littell,2025,0.679015635280563,2.0451016426086426,1.866190979417574
xgboost,NPB,MLB,full_cross_league,MLB,MacKenzie Gore,2025,0.418609914519023,0.2459944188594818,0.029796109341789088
xgboost,NPB,MLB,full_cross_league,MLB,Jake Irvin,2025,-0.10220152700405902,0.6913298964500427,0.629692120009093
xgboost,NPB,MLB,full_cross_league,MLB,Miles Mikolas,2025,-0.20450377444609302,2.591064929962158,7.8152043810668275
xgboost,NPB,MLB,full_cross_league,MLB,Cade Cavalli,2025,-0.46118941348246906,-0.5525878071784973,0.008353666370214178
xgboost,NPB,MLB,full_cross_league,MLB,Andrew Alvarez,2025,-0.4779297812457111,-0.5982978343963623,0.014488468219277989
