league,player_name,year,actual_salary,predicted_salary,squared_error,trained_on,predicted_on,model_name
NPB,久保　康友,2010,180000000,155622093.02325583,594282348566792.4,NPB,NPB,regression_tree
NPB,下柳　剛,2010,90000000,74327542.37288135,245625928073829.47,NPB,NPB,regression_tree
NPB,能見　篤史,2010,50000000,74327542.37288135,591829317904337.6,NPB,NPB,regression_tree
NPB,秋山　拓巳,2010,12000000,16104664.371772805,16848269604901.037,NPB,NPB,regression_tree
NPB,鶴　直人,2010,11000000,43054295.532646045,1027477862094212.2,NPB,NPB,regression_tree
NPB,小嶋　達也,2010,10000000,16104664.371772805,37266927091992.26,NPB,NPB,regression_tree
NPB,清水　直行,2010,280000000,155622093.02325583,15469863743915628,NPB,NPB,regression_tree
NPB,三浦　大輔,2010,250000000,74327542.37288135,30860812368751796,NPB,NPB,regression_tree
NPB,大家　友和,2010,100000000,155622093.02325583,3093817232287724.5,NPB,NPB,regression_tree
NPB,山本　省吾,2010,62000000,159259259.25925925,9459363511659806,NPB,NPB,regression_tree
NPB,加賀　繁,2010,25000000,73449189.1891892,2347323933089847,NPB,NPB,regression_tree
NPB,田中　健二朗,2010,8200000,16104664.371772805,62483718830374.36,NPB,NPB,regression_tree
NPB,杉原　洋,2010,6000000,16104664.371772805,102104242066174.7,NPB,NPB,regression_tree
NPB,眞下　貴之,2010,5500000,16104664.371772805,112458906437947.5,NPB,NPB,regression_tree
NPB,内海　哲也,2010,120000000,73449189.1891892,2166977987143900,NPB,NPB,regression_tree
NPB,東野　峻,2010,75000000,73449189.1891892,2405014170927.6646,NPB,NPB,regression_tree
NPB,藤井　秀悟,2010,70000000,155622093.02325583,7331142813683074,NPB,NPB,regression_tree
NPB,朝井　秀樹,2010,40000000,16104664.371772805,570987064785624,NPB,NPB,regression_tree
NPB,西村　健太朗,2010,28000000,43054295.532646045,226631813984246.66,NPB,NPB,regression_tree
NPB,黄　志龍,2010,4400000,16104664.371772805,136999168055847.67,NPB,NPB,regression_tree
NPB,吉見　一起,2010,120000000,73449189.1891892,2166977987143900,NPB,NPB,regression_tree
NPB,山本昌,2010,100000000,74327542.37288135,659075080616202.4,NPB,NPB,regression_tree
NPB,中田　賢一,2010,72000000,43054295.532646045,837853807111394.75,NPB,NPB,regression_tree
NPB,朝倉　健太,2010,71250000,16104664.371772805,3041008041549824,NPB,NPB,regression_tree
NPB,山井　大介,2010,42000000,159259259.25925925,13749733882030178,NPB,NPB,regression_tree
NPB,小笠原　孝,2010,39000000,74327542.37288135,1248035250107727.5,NPB,NPB,regression_tree
NPB,川井　雄太,2010,25500000,74327542.37288135,2384128894175524,NPB,NPB,regression_tree
NPB,山内　壮馬,2010,15000000,16104664.371772805,1220283374264.2065,NPB,NPB,regression_tree
NPB,岩田　慎司,2010,13000000,16104664.371772805,9638940861355.428,NPB,NPB,regression_tree
NPB,伊藤　準規,2010,7500000,16104664.371772805,74040248950856.28,NPB,NPB,regression_tree
NPB,前田　健太,2010,120000000,180043478.26086956,3605219281663516,NPB,NPB,regression_tree
NPB,大竹　寛,2010,80000000,16104664.371772805,4082613915043800,NPB,NPB,regression_tree
NPB,齊藤　悠葵,2010,21000000,43054295.532646045,486391951441291.3,NPB,NPB,regression_tree
NPB,青木　高広,2010,16000000,43054295.532646045,731934906767751.75,NPB,NPB,regression_tree
NPB,小松　剛,2010,13000000,16104664.371772805,9638940861355.428,NPB,NPB,regression_tree
NPB,今村　猛,2010,10000000,16104664.371772805,37266927091992.26,NPB,NPB,regression_tree
NPB,今井　啓介,2010,9500000,16104664.371772805,43621591463765.06,NPB,NPB,regression_tree
NPB,石川　雅規,2010,180000000,155622093.02325583,594282348566792.4,NPB,NPB,regression_tree
NPB,館山　昌平,2010,120000000,196927419.3548387,5917827848595212,NPB,NPB,regression_tree
NPB,村中　恭兵,2010,51000000,73449189.1891892,503966095252009.06,NPB,NPB,regression_tree
NPB,中澤　雅人,2010,24000000,43054295.532646045,363066178245415,NPB,NPB,regression_tree
NPB,赤川　克紀,2010,7200000,16104664.371772805,79293047573919.97,NPB,NPB,regression_tree
NPB,山本　斉,2010,6000000,16104664.371772805,102104242066174.7,NPB,NPB,regression_tree
NPB,杉内　俊哉,2010,350000000,423333333.3333333,5377777777777775,NPB,NPB,regression_tree
NPB,和田　毅,2010,330000000,423333333.3333333,8711111111111107,NPB,NPB,regression_tree
NPB,大隣　憲司,2010,35000000,43054295.532646045,64871676527202.04,NPB,NPB,regression_tree
NPB,小椋　真介,2010,25000000,74327542.37288135,2433206436548405.5,NPB,NPB,regression_tree
NPB,山田　大樹,2010,12000000,16104664.371772805,16848269604901.037,NPB,NPB,regression_tree
NPB,巽　真悟,2010,10600000,16104664.371772805,30301329845864.89,NPB,NPB,regression_tree
NPB,岩嵜　翔,2010,8400000,16104664.371772805,59361853081665.234,NPB,NPB,regression_tree
NPB,ダルビッシュ　有,2010,500000000,380000000,144e14,NPB,NPB,regression_tree
NPB,武田　勝,2010,135000000,196927419.3548387,3835005267950050.5,NPB,NPB,regression_tree
NPB,八木　智哉,2010,48000000,16104664.371772805,1017312434837259.1,NPB,NPB,regression_tree
NPB,増井　浩俊,2010,16000000,43054295.532646045,731934906767751.75,NPB,NPB,regression_tree
NPB,糸数　敬作,2010,15000000,16104664.371772805,1220283374264.2065,NPB,NPB,regression_tree
NPB,矢貫　俊之,2010,11000000,16104664.371772805,26057598348446.65,NPB,NPB,regression_tree
NPB,吉川　光夫,2010,10500000,16104664.371772805,31412262720219.453,NPB,NPB,regression_tree
NPB,多田野　数人,2010,8000000,74327542.37288135,4399342877226371.5,NPB,NPB,regression_tree
NPB,中村　勝,2010,8000000,16104664.371772805,65685584579083.48,NPB,NPB,regression_tree
NPB,ダース　ローマシュ匡,2010,5200000,16104664.371772805,118911705061011.19,NPB,NPB,regression_tree
NPB,木佐貫　洋,2010,60000000,155622093.02325583,9143584674148190,NPB,NPB,regression_tree
NPB,近藤　一樹,2010,49000000,73449189.1891892,597762852008765.9,NPB,NPB,regression_tree
NPB,長谷川　昌幸,2010,32000000,74327542.37288135,1791620843328066.5,NPB,NPB,regression_tree
NPB,中山　慎也,2010,20000000,16104664.371772805,15173639656536.154,NPB,NPB,regression_tree
NPB,伊原　正樹,2010,11000000,16104664.371772805,26057598348446.65,NPB,NPB,regression_tree
NPB,山田　修義,2010,5400000,16104664.371772805,114589839312302.06,NPB,NPB,regression_tree
NPB,岩隈　久志,2010,300000000,196927419.3548387,10623956880853280,NPB,NPB,regression_tree
NPB,田中　将大,2010,200000000,73449189.1891892,16015107716873628,NPB,NPB,regression_tree
NPB,永井　怜,2010,73000000,180043478.26086956,11458306238185254,NPB,NPB,regression_tree
NPB,川井　貴志,2010,20000000,74327542.37288135,2951481860277219,NPB,NPB,regression_tree
NPB,長谷部　康平,2010,19000000,16104664.371772805,8382968400081.765,NPB,NPB,regression_tree
NPB,藤原　紘通,2010,18000000,16104664.371772805,3592297143627.375,NPB,NPB,regression_tree
NPB,戸村　健次,2010,15000000,16104664.371772805,1220283374264.2065,NPB,NPB,regression_tree
NPB,井坂　亮平,2010,13500000,16104664.371772805,6784276489582.622,NPB,NPB,regression_tree
NPB,菊池　保則,2010,6800000,16104664.371772805,86576779071338.22,NPB,NPB,regression_tree
NPB,涌井　秀章,2010,252999999.99999997,180043478.26086956,5322654064272208,NPB,NPB,regression_tree
NPB,石井　一久,2010,190000000,159259259.25925925,944993141289437.9,NPB,NPB,regression_tree
NPB,岸　孝之,2010,120000000,43054295.532646045,5920641435977374,NPB,NPB,regression_tree
NPB,帆足　和幸,2010,110000000.00000001,155622093.02325583,2081375371822606.5,NPB,NPB,regression_tree
NPB,西口　文也,2010,60000000,74327542.37288135,205278470446710.62,NPB,NPB,regression_tree
NPB,平野　将光,2010,16000000,43054295.532646045,731934906767751.75,NPB,NPB,regression_tree
NPB,渡辺　俊介,2010,140000000,155622093.02325583,244049790427258.3,NPB,NPB,regression_tree
NPB,成瀬　善久,2010,130000000,180043478.26086956,2504349716446124.5,NPB,NPB,regression_tree
NPB,唐川　侑己,2010,34500000,43054295.532646045,73175972059848.08,NPB,NPB,regression_tree
NPB,吉見　祐治,2010,33000000,74327542.37288135,1707965758582303.8,NPB,NPB,regression_tree
NPB,大嶺　祐太,2010,21000000,43054295.532646045,486391951441291.3,NPB,NPB,regression_tree
NPB,香月　良仁,2010,10000000,16104664.371772805,37266927091992.26,NPB,NPB,regression_tree
NPB,久保　康友,2011,140000000,159259259.25925925,370919067215363.3,NPB,NPB,regression_tree
NPB,能見　篤史,2011,100000000,196927419.3548387,9394924622788760,NPB,NPB,regression_tree
NPB,安藤　優也,2011,58000000,74327542.37288135,266588639938236.03,NPB,NPB,regression_tree
NPB,岩田　稔,2011,55000000,148977272.72727272,8831727789256197,NPB,NPB,regression_tree
NPB,鄭　凱文,2011,14000000,16104664.371772805,4429612117809.817,NPB,NPB,regression_tree
NPB,秋山　拓巳,2011,11000000,16104664.371772805,26057598348446.65,NPB,NPB,regression_tree
NPB,鶴　直人,2011,10000000,16104664.371772805,37266927091992.26,NPB,NPB,regression_tree
NPB,蕭　一傑,2011,10000000,16104664.371772805,37266927091992.26,NPB,NPB,regression_tree
NPB,清原　大貴,2011,6500000,16104664.371772805,92249577694401.89,NPB,NPB,regression_tree
NPB,三浦　大輔,2011,150000000,159259259.25925925,85733882030178.22,NPB,NPB,regression_tree
NPB,山本　省吾,2011,60000000,74327542.37288135,205278470446710.62,NPB,NPB,regression_tree
NPB,清水　直行,2011,50000000,74327542.37288135,591829317904337.6,NPB,NPB,regression_tree
NPB,高崎　健太郎,2011,40000000,73449189.1891892,1118848257414171.4,NPB,NPB,regression_tree
NPB,須田　幸太,2011,17000000,43054295.532646045,678826315702459.6,NPB,NPB,regression_tree
NPB,加賀美　希昇,2011,11000000,16104664.371772805,26057598348446.65,NPB,NPB,regression_tree
NPB,小林　寛,2011,10000000,16104664.371772805,37266927091992.26,NPB,NPB,regression_tree
NPB,国吉　佑樹,2011,10000000,16104664.371772805,37266927091992.26,NPB,NPB,regression_tree
NPB,田中　健二朗,2011,7000000,16104664.371772805,82894913322629.1,NPB,NPB,regression_tree
NPB,眞下　貴之,2011,6500000,16104664.371772805,92249577694401.89,NPB,NPB,regression_tree
NPB,杉内　俊哉,2011,350000000,423333333.3333333,5377777777777775,NPB,NPB,regression_tree
NPB,内海　哲也,2011,220000000.00000003,196927419.3548387,532343977627473.25,NPB,NPB,regression_tree
NPB,東野　峻,2011,65000000,73449189.1891892,71388797954711.58,NPB,NPB,regression_tree
NPB,澤村　拓一,2011,52000000,180043478.26086956,16395132325141776,NPB,NPB,regression_tree
NPB,小野　淳平,2011,15000000,16104664.371772805,1220283374264.2065,NPB,NPB,regression_tree
NPB,小山　雄輝,2011,8200000,16104664.371772805,62483718830374.36,NPB,NPB,regression_tree
NPB,吉見　一起,2011,240000000,380000000,196e14,NPB,NPB,regression_tree
NPB,中田　賢一,2011,60000000,16104664.371772805,1926800489914712,NPB,NPB,regression_tree
NPB,朝倉　健太,2011,57000000,74327542.37288135,300243724683998.75,NPB,NPB,regression_tree
NPB,山井　大介,2011,36000000,74327542.37288135,1469000504345015.5,NPB,NPB,regression_tree
NPB,小笠原　孝,2011,30000000,74327542.37288135,1964931012819591.8,NPB,NPB,regression_tree
NPB,山内　壮馬,2011,18000000,16104664.371772805,3592297143627.375,NPB,NPB,regression_tree
NPB,大野　雄大,2011,13500000,16104664.371772805,6784276489582.622,NPB,NPB,regression_tree
NPB,岩田　慎司,2011,12000000,16104664.371772805,16848269604901.037,NPB,NPB,regression_tree
NPB,伊藤　準規,2011,9000000,16104664.371772805,50476255835537.87,NPB,NPB,regression_tree
NPB,前田　健太,2011,150000000,180043478.26086956,902610586011342,NPB,NPB,regression_tree
NPB,大竹　寛,2011,65000000,16104664.371772805,2390753846196984,NPB,NPB,regression_tree
NPB,福井　優也,2011,27000000,73449189.1891892,2157527176333090.5,NPB,NPB,regression_tree
NPB,篠田　純平,2011,24000000,43054295.532646045,363066178245415,NPB,NPB,regression_tree
NPB,中村　恭平,2011,10000000,16104664.371772805,37266927091992.26,NPB,NPB,regression_tree
NPB,中田　廉,2011,8000000,16104664.371772805,65685584579083.48,NPB,NPB,regression_tree
NPB,石川　雅規,2011,200000000,196927419.3548387,9440751821019.836,NPB,NPB,regression_tree
NPB,館山　昌平,2011,190000000,196927419.3548387,47989138917793.82,NPB,NPB,regression_tree
NPB,村中　恭兵,2011,45000000,43054295.532646045,3785765874281.137,NPB,NPB,regression_tree
NPB,増渕　竜義,2011,41000000,73449189.1891892,1052949879035793,NPB,NPB,regression_tree
NPB,赤川　克紀,2011,21000000,43054295.532646045,486391951441291.3,NPB,NPB,regression_tree
NPB,中澤　雅人,2011,18500000,16104664.371772805,5737632771854.57,NPB,NPB,regression_tree
NPB,七條　祐樹,2011,16000000,16104664.371772805,10954630718.595987,NPB,NPB,regression_tree
NPB,山本　斉,2011,10000000,16104664.371772805,37266927091992.26,NPB,NPB,regression_tree
NPB,山岸　穣,2011,9500000,16104664.371772805,43621591463765.06,NPB,NPB,regression_tree
NPB,攝津　正,2011,190000000,196927419.3548387,47989138917793.82,NPB,NPB,regression_tree
NPB,帆足　和幸,2011,110000000.00000001,196927419.3548387,7556376235691983,NPB,NPB,regression_tree
NPB,山田　大樹,2011,30000000,43054295.532646045,170414631853662.5,NPB,NPB,regression_tree
NPB,岩嵜　翔,2011,18000000,43054295.532646045,627717724637167.6,NPB,NPB,regression_tree
NPB,武田　勝,2011,170000000,196927419.3548387,725085913111341.75,NPB,NPB,regression_tree
NPB,斎藤　佑樹,2011,30000000,43054295.532646045,170414631853662.5,NPB,NPB,regression_tree
NPB,八木　智哉,2011,24000000,16104664.371772805,62336324682353.71,NPB,NPB,regression_tree
NPB,糸数　敬作,2011,14000000,16104664.371772805,4429612117809.817,NPB,NPB,regression_tree
NPB,吉川　光夫,2011,11000000,16104664.371772805,26057598348446.65,NPB,NPB,regression_tree
NPB,矢貫　俊之,2011,10000000,16104664.371772805,37266927091992.26,NPB,NPB,regression_tree
NPB,中村　勝,2011,7800000,16104664.371772805,68967450327792.6,NPB,NPB,regression_tree
NPB,大塚　豊,2011,7800000,16104664.371772805,68967450327792.6,NPB,NPB,regression_tree
NPB,寺原　隼人,2011,85000000,73449189.1891892,133421230387143.75,NPB,NPB,regression_tree
NPB,木佐貫　洋,2011,50000000,74327542.37288135,591829317904337.6,NPB,NPB,regression_tree
NPB,中山　慎也,2011,40000000,196927419.3548387,24626214945369404,NPB,NPB,regression_tree
NPB,近藤　一樹,2011,40000000,43054295.532646045,9328721200741.588,NPB,NPB,regression_tree
NPB,西　勇輝,2011,30000000,73449189.1891892,1887832041197955.2,NPB,NPB,regression_tree
NPB,田中　将大,2011,320000000,380000000,36e14,NPB,NPB,regression_tree
NPB,永井　怜,2011,64000000,43054295.532646045,438722535633731.44,NPB,NPB,regression_tree
NPB,川島　亮,2011,36000000,74327542.37288135,1469000504345015.5,NPB,NPB,regression_tree
NPB,塩見　貴洋,2011,32000000,73449189.1891892,1718035284441198.5,NPB,NPB,regression_tree
NPB,川井　貴志,2011,20000000,74327542.37288135,2951481860277219,NPB,NPB,regression_tree
NPB,長谷部　康平,2011,17000000,16104664.371772805,801625887172.9855,NPB,NPB,regression_tree
NPB,井坂　亮平,2011,16500000,43054295.532646045,705130611235105.75,NPB,NPB,regression_tree
NPB,下柳　剛,2011,15000000,74327542.37288135,3519757284006032.5,NPB,NPB,regression_tree
NPB,戸村　健次,2011,14100000,16104664.371772805,4018679243455.256,NPB,NPB,regression_tree
NPB,藤原　紘通,2011,13000000,16104664.371772805,9638940861355.428,NPB,NPB,regression_tree
NPB,菊池　保則,2011,6200000,16104664.371772805,98102376317465.58,NPB,NPB,regression_tree
NPB,涌井　秀章,2011,210000000,73449189.1891892,18646123933089844,NPB,NPB,regression_tree
NPB,石井　一久,2011,170000000,159259259.25925925,115363511659808.08,NPB,NPB,regression_tree
NPB,岸　孝之,2011,110000000.00000001,73449189.1891892,1335961770927685,NPB,NPB,regression_tree
NPB,西口　文也,2011,100000000,196927419.3548387,9394924622788760,NPB,NPB,regression_tree
NPB,菊池　雄星,2011,20000000,16104664.371772805,15173639656536.154,NPB,NPB,regression_tree
NPB,成瀬　善久,2011,130000000,180043478.26086956,2504349716446124.5,NPB,NPB,regression_tree
NPB,渡辺　俊介,2011,126000000,155622093.02325583,877468395078421.4,NPB,NPB,regression_tree
NPB,小野　晋吾,2011,80000000,74327542.37288135,32176775531456.51,NPB,NPB,regression_tree
NPB,唐川　侑己,2011,54500000,73449189.1891892,359071770927684.7,NPB,NPB,regression_tree
NPB,大嶺　祐太,2011,17000000,16104664.371772805,801625887172.9855,NPB,NPB,regression_tree
NPB,上野　大樹,2011,17000000,43054295.532646045,678826315702459.6,NPB,NPB,regression_tree
NPB,小林　敦,2011,15000000,16104664.371772805,1220283374264.2065,NPB,NPB,regression_tree
NPB,光原　逸裕,2011,9000000,74327542.37288135,4267687792480608.5,NPB,NPB,regression_tree
NPB,阿部　和成,2011,5500000,16104664.371772805,112458906437947.5,NPB,NPB,regression_tree
NPB,久保　康友,2012,120000000,159259259.25925925,1541289437585733.5,NPB,NPB,regression_tree
NPB,能見　篤史,2012,120000000,196927419.3548387,5917827848595212,NPB,NPB,regression_tree
NPB,岩田　稔,2012,58000000,155622093.02325583,9530073046241214,NPB,NPB,regression_tree
NPB,安藤　優也,2012,50000000,74327542.37288135,591829317904337.6,NPB,NPB,regression_tree
NPB,二神　一人,2012,10000000,16104664.371772805,37266927091992.26,NPB,NPB,regression_tree
NPB,秋山　拓巳,2012,10000000,16104664.371772805,37266927091992.26,NPB,NPB,regression_tree
NPB,岩本　輝,2012,8000000,16104664.371772805,65685584579083.48,NPB,NPB,regression_tree
NPB,歳内　宏明,2012,7500000,16104664.371772805,74040248950856.28,NPB,NPB,regression_tree
NPB,伊藤　和雄,2012,7500000,16104664.371772805,74040248950856.28,NPB,NPB,regression_tree
NPB,三浦　大輔,2012,180000000,196927419.3548387,286537526014567.8,NPB,NPB,regression_tree
NPB,高崎　健太郎,2012,55000000,73449189.1891892,340372581738495.5,NPB,NPB,regression_tree
NPB,藤井　秀悟,2012,37000000,74327542.37288135,1393345419599252.8,NPB,NPB,regression_tree
NPB,国吉　佑樹,2012,18000000,43054295.532646045,627717724637167.6,NPB,NPB,regression_tree
NPB,加賀美　希昇,2012,14000000,16104664.371772805,4429612117809.817,NPB,NPB,regression_tree
NPB,須田　幸太,2012,13000000,16104664.371772805,9638940861355.428,NPB,NPB,regression_tree
NPB,王　溢正,2012,10000000,16104664.371772805,37266927091992.26,NPB,NPB,regression_tree
NPB,杉内　俊哉,2012,500000000,423333333.3333333,5877777777777781,NPB,NPB,regression_tree
NPB,内海　哲也,2012,400000000,196927419.3548387,41238473009885544,NPB,NPB,regression_tree
NPB,澤村　拓一,2012,65000000,73449189.1891892,71388797954711.58,NPB,NPB,regression_tree
NPB,小山　雄輝,2012,18000000,16104664.371772805,3592297143627.375,NPB,NPB,regression_tree
NPB,宮國　椋丞,2012,16000000,43054295.532646045,731934906767751.75,NPB,NPB,regression_tree
NPB,笠原　将生,2012,8400000,16104664.371772805,59361853081665.234,NPB,NPB,regression_tree
NPB,吉見　一起,2012,290000000,148977272.72727272,19887409607438020,NPB,NPB,regression_tree
NPB,中田　賢一,2012,70000000,196927419.3548387,16110569784079082,NPB,NPB,regression_tree
NPB,川上　憲伸,2012,60000000,74327542.37288135,205278470446710.62,NPB,NPB,regression_tree
NPB,山本昌,2012,60000000,74327542.37288135,205278470446710.62,NPB,NPB,regression_tree
NPB,山内　壮馬,2012,42000000,73449189.1891892,989051500657414.6,NPB,NPB,regression_tree
NPB,岩田　慎司,2012,28000000,43054295.532646045,226631813984246.66,NPB,NPB,regression_tree
NPB,大野　雄大,2012,17500000,16104664.371772805,1946961515400.1804,NPB,NPB,regression_tree
NPB,伊藤　準規,2012,10000000,16104664.371772805,37266927091992.26,NPB,NPB,regression_tree
NPB,小川　龍也,2012,5500000,16104664.371772805,112458906437947.5,NPB,NPB,regression_tree
NPB,前田　健太,2012,210000000,380000000,289e14,NPB,NPB,regression_tree
NPB,大竹　寛,2012,100000000,196927419.3548387,9394924622788760,NPB,NPB,regression_tree
NPB,野村　祐輔,2012,40000000,148977272.72727272,11876045971074378,NPB,NPB,regression_tree
NPB,福井　優也,2012,24000000,16104664.371772805,62336324682353.71,NPB,NPB,regression_tree
NPB,篠田　純平,2012,19000000,16104664.371772805,8382968400081.765,NPB,NPB,regression_tree
NPB,今井　啓介,2012,18000000,43054295.532646045,627717724637167.6,NPB,NPB,regression_tree
NPB,齊藤　悠葵,2012,15000000,16104664.371772805,1220283374264.2065,NPB,NPB,regression_tree
NPB,戸田　隆矢,2012,5500000,16104664.371772805,112458906437947.5,NPB,NPB,regression_tree
NPB,石川　雅規,2012,200000000,155622093.02325583,1969398627636559.2,NPB,NPB,regression_tree
NPB,館山　昌平,2012,190000000,196927419.3548387,47989138917793.82,NPB,NPB,regression_tree
NPB,村中　恭兵,2012,65000000,73449189.1891892,71388797954711.58,NPB,NPB,regression_tree
NPB,赤川　克紀,2012,40000000,73449189.1891892,1118848257414171.4,NPB,NPB,regression_tree
NPB,中澤　雅人,2012,16500000,16104664.371772805,156290258945.79077,NPB,NPB,regression_tree
NPB,七條　祐樹,2012,15000000,16104664.371772805,1220283374264.2065,NPB,NPB,regression_tree
NPB,八木　亮祐,2012,7000000,16104664.371772805,82894913322629.1,NPB,NPB,regression_tree
NPB,攝津　正,2012,290000000,196927419.3548387,8662505267950054,NPB,NPB,regression_tree
NPB,帆足　和幸,2012,110000000.00000001,74327542.37288135,1272524233158576.5,NPB,NPB,regression_tree
NPB,寺原　隼人,2012,85000000,43054295.532646045,1759442123262597.5,NPB,NPB,regression_tree
NPB,大隣　憲司,2012,63000000,148977272.72727272,7392091425619833,NPB,NPB,regression_tree
NPB,山本　省吾,2012,55000000,74327542.37288135,373553894175524.2,NPB,NPB,regression_tree
NPB,新垣　渚,2012,42000000,74327542.37288135,1045069995870439.4,NPB,NPB,regression_tree
NPB,山田　大樹,2012,40000000,73449189.1891892,1118848257414171.4,NPB,NPB,regression_tree
NPB,陽　耀勲,2012,35000000,16104664.371772805,357033708503352.06,NPB,NPB,regression_tree
NPB,岩嵜　翔,2012,28000000,73449189.1891892,2065628797954712,NPB,NPB,regression_tree
NPB,武田　翔太,2012,20000000,16104664.371772805,15173639656536.154,NPB,NPB,regression_tree
NPB,大場　翔太,2012,16000000,16104664.371772805,10954630718.595987,NPB,NPB,regression_tree
NPB,千賀　滉大,2012,6500000,16104664.371772805,92249577694401.89,NPB,NPB,regression_tree
NPB,武田　勝,2012,200000000,196927419.3548387,9440751821019.836,NPB,NPB,regression_tree
NPB,吉川　光夫,2012,70000000,148977272.72727272,6237409607438015,NPB,NPB,regression_tree
NPB,木佐貫　洋,2012,62000000,196927419.3548387,18205408493756500,NPB,NPB,regression_tree
NPB,多田野　数人,2012,38000000,74327542.37288135,1319690334853490.2,NPB,NPB,regression_tree
NPB,斎藤　佑樹,2012,35000000,43054295.532646045,64871676527202.04,NPB,NPB,regression_tree
NPB,中村　勝,2012,13500000,16104664.371772805,6784276489582.622,NPB,NPB,regression_tree
NPB,井川　慶,2012,100000000,74327542.37288135,659075080616202.4,NPB,NPB,regression_tree
NPB,東野　峻,2012,65000000,16104664.371772805,2390753846196984,NPB,NPB,regression_tree
NPB,西　勇輝,2012,46000000,73449189.1891892,753457987143901,NPB,NPB,regression_tree
NPB,近藤　一樹,2012,31000000,16104664.371772805,221871023477534.44,NPB,NPB,regression_tree
NPB,八木　智哉,2012,24000000,43054295.532646045,363066178245415,NPB,NPB,regression_tree
NPB,前田　祐二,2012,12000000,16104664.371772805,16848269604901.037,NPB,NPB,regression_tree
NPB,田中　将大,2012,400000000,148977272.72727272,63012409607438024,NPB,NPB,regression_tree
NPB,永井　怜,2012,49000000,16104664.371772805,1082103106093713.6,NPB,NPB,regression_tree
NPB,美馬　学,2012,31000000,73449189.1891892,1801933662819577,NPB,NPB,regression_tree
NPB,塩見　貴洋,2012,29000000,43054295.532646045,197523222918954.6,NPB,NPB,regression_tree
NPB,辛島　航,2012,22000000,43054295.532646045,443283360375999.2,NPB,NPB,regression_tree
NPB,川井　貴志,2012,20000000,74327542.37288135,2951481860277219,NPB,NPB,regression_tree
NPB,釜田　佳直,2012,20000000,43054295.532646045,531500542506583.4,NPB,NPB,regression_tree
NPB,上園　啓史,2012,15000000,16104664.371772805,1220283374264.2065,NPB,NPB,regression_tree
NPB,戸村　健次,2012,15000000,16104664.371772805,1220283374264.2065,NPB,NPB,regression_tree
NPB,菊池　保則,2012,7200000,16104664.371772805,79293047573919.97,NPB,NPB,regression_tree
NPB,石井　一久,2012,190000000,155622093.02325583,1181840488101675.8,NPB,NPB,regression_tree
NPB,岸　孝之,2012,150000000,180043478.26086956,902610586011342,NPB,NPB,regression_tree
NPB,西口　文也,2012,70000000,74327542.37288135,18727622989083.57,NPB,NPB,regression_tree
NPB,牧田　和久,2012,67000000,73449189.1891892,41592041197954.8,NPB,NPB,regression_tree
NPB,野上　亮磨,2012,28000000,43054295.532646045,226631813984246.66,NPB,NPB,regression_tree
NPB,菊池　雄星,2012,23000000,43054295.532646045,402174769310707.1,NPB,NPB,regression_tree
NPB,平野　将光,2012,11000000,16104664.371772805,26057598348446.65,NPB,NPB,regression_tree
NPB,岡本　洋介,2012,8000000,16104664.371772805,65685584579083.48,NPB,NPB,regression_tree
NPB,山本　淳,2012,7000000,74327542.37288135,4532997961972134,NPB,NPB,regression_tree
NPB,成瀬　善久,2012,160000000,180043478.26086956,401741020793950.75,NPB,NPB,regression_tree
NPB,小野　晋吾,2012,80000000,74327542.37288135,32176775531456.51,NPB,NPB,regression_tree
NPB,渡辺　俊介,2012,80000000,74327542.37288135,32176775531456.51,NPB,NPB,regression_tree
NPB,唐川　侑己,2012,54500000,43054295.532646045,131004150754006.28,NPB,NPB,regression_tree
NPB,吉見　祐治,2012,26000000,74327542.37288135,2335551351802642.5,NPB,NPB,regression_tree
NPB,藤岡　貴裕,2012,21000000,43054295.532646045,486391951441291.3,NPB,NPB,regression_tree
NPB,上野　大樹,2012,17000000,16104664.371772805,801625887172.9855,NPB,NPB,regression_tree
NPB,香月　良仁,2012,9000000,16104664.371772805,50476255835537.87,NPB,NPB,regression_tree
NPB,阿部　和成,2012,7000000,16104664.371772805,82894913322629.1,NPB,NPB,regression_tree
NPB,能見　篤史,2013,150000000,196927419.3548387,2202182687304889.8,NPB,NPB,regression_tree
NPB,岩田　稔,2013,46000000,74327542.37288135,802449656887388.5,NPB,NPB,regression_tree
NPB,藤浪　晋太郎,2013,45000000,73449189.1891892,809356365522279.4,NPB,NPB,regression_tree
NPB,榎田　大樹,2013,41000000,43054295.532646045,4220130135449.498,NPB,NPB,regression_tree
NPB,吉見　祐治,2013,15000000,74327542.37288135,3519757284006032.5,NPB,NPB,regression_tree
NPB,秋山　拓巳,2013,12000000,16104664.371772805,16848269604901.037,NPB,NPB,regression_tree
NPB,小嶋　達也,2013,11000000,16104664.371772805,26057598348446.65,NPB,NPB,regression_tree
NPB,白仁田　寛和,2013,7500000,16104664.371772805,74040248950856.28,NPB,NPB,regression_tree
NPB,岩本　輝,2013,7000000,16104664.371772805,82894913322629.1,NPB,NPB,regression_tree
NPB,三浦　大輔,2013,180000000,155622093.02325583,594282348566792.4,NPB,NPB,regression_tree
NPB,藤井　秀悟,2013,41000000,159259259.25925925,13985252400548696,NPB,NPB,regression_tree
NPB,三嶋　一輝,2013,27000000,73449189.1891892,2157527176333090.5,NPB,NPB,regression_tree
NPB,須田　幸太,2013,17000000,43054295.532646045,678826315702459.6,NPB,NPB,regression_tree
NPB,井納　翔一,2013,16500000,43054295.532646045,705130611235105.75,NPB,NPB,regression_tree
NPB,国吉　佑樹,2013,15000000,16104664.371772805,1220283374264.2065,NPB,NPB,regression_tree
NPB,加賀美　希昇,2013,12500000,16104664.371772805,12993605233128.232,NPB,NPB,regression_tree
NPB,小杉　陽太,2013,10000000,16104664.371772805,37266927091992.26,NPB,NPB,regression_tree
NPB,杉内　俊哉,2013,500000000,423333333.3333333,5877777777777781,NPB,NPB,regression_tree
NPB,内海　哲也,2013,400000000,155622093.02325583,59720561418334230,NPB,NPB,regression_tree
NPB,大竹　寛,2013,100000000,155622093.02325583,3093817232287724.5,NPB,NPB,regression_tree
NPB,菅野　智之,2013,70000000,73449189.1891892,11896906062819.621,NPB,NPB,regression_tree
NPB,澤村　拓一,2013,60000000,73449189.1891892,180880689846603.53,NPB,NPB,regression_tree
NPB,小山　雄輝,2013,18000000,16104664.371772805,3592297143627.375,NPB,NPB,regression_tree
NPB,宮國　椋丞,2013,16000000,43054295.532646045,731934906767751.75,NPB,NPB,regression_tree
NPB,阿南　徹,2013,11000000,16104664.371772805,26057598348446.65,NPB,NPB,regression_tree
NPB,今村　信貴,2013,9000000,16104664.371772805,50476255835537.87,NPB,NPB,regression_tree
NPB,吉見　一起,2013,174000000,16104664.371772805,24930937013150516,NPB,NPB,regression_tree
NPB,山井　大介,2013,60000000,74327542.37288135,205278470446710.62,NPB,NPB,regression_tree
NPB,山本昌,2013,40000000,74327542.37288135,1178380165361964.8,NPB,NPB,regression_tree
NPB,川上　憲伸,2013,30000000,74327542.37288135,1964931012819591.8,NPB,NPB,regression_tree
NPB,大野　雄大,2013,28000000,73449189.1891892,2065628797954712,NPB,NPB,regression_tree
NPB,山内　壮馬,2013,20000000,16104664.371772805,15173639656536.154,NPB,NPB,regression_tree
NPB,朝倉　健太,2013,18000000,74327542.37288135,3172792029768744.5,NPB,NPB,regression_tree
NPB,岩田　慎司,2013,15000000,16104664.371772805,1220283374264.2065,NPB,NPB,regression_tree
NPB,西川　健太郎,2013,7700000,16104664.371772805,70638383202147.16,NPB,NPB,regression_tree
NPB,小川　龍也,2013,4800000,16104664.371772805,127795436558429.44,NPB,NPB,regression_tree
NPB,前田　健太,2013,280000000,148977272.72727272,17166955061983474,NPB,NPB,regression_tree
NPB,野村　祐輔,2013,60000000,73449189.1891892,180880689846603.53,NPB,NPB,regression_tree
NPB,篠田　純平,2013,15000000,16104664.371772805,1220283374264.2065,NPB,NPB,regression_tree
NPB,中村　恭平,2013,11000000,16104664.371772805,26057598348446.65,NPB,NPB,regression_tree
NPB,武内　久士,2013,7600000,16104664.371772805,72329316076501.72,NPB,NPB,regression_tree
NPB,戸田　隆矢,2013,5500000,16104664.371772805,112458906437947.5,NPB,NPB,regression_tree
NPB,石川　雅規,2013,180000000,155622093.02325583,594282348566792.4,NPB,NPB,regression_tree
NPB,館山　昌平,2013,150000000,74327542.37288135,5726320843328067,NPB,NPB,regression_tree
NPB,小川　泰弘,2013,56000000,73449189.1891892,304474203360117.1,NPB,NPB,regression_tree
NPB,村中　恭兵,2013,53000000,43054295.532646045,98917037351944.42,NPB,NPB,regression_tree
NPB,新垣　渚,2013,33000000,74327542.37288135,1707965758582303.8,NPB,NPB,regression_tree
NPB,赤川　克紀,2013,31000000,16104664.371772805,221871023477534.44,NPB,NPB,regression_tree
NPB,八木　亮祐,2013,23000000,73449189.1891892,2545120689846604,NPB,NPB,regression_tree
NPB,中澤　雅人,2013,14000000,16104664.371772805,4429612117809.817,NPB,NPB,regression_tree
NPB,古野　正人,2013,9600000,16104664.371772805,42310658589410.5,NPB,NPB,regression_tree
NPB,徳山　武陽,2013,6000000,16104664.371772805,102104242066174.7,NPB,NPB,regression_tree
NPB,攝津　正,2013,400000000,336071428.5714286,4086862244897956,NPB,NPB,regression_tree
NPB,寺原　隼人,2013,85000000,74327542.37288135,113901351802642.98,NPB,NPB,regression_tree
NPB,大隣　憲司,2013,60000000,16104664.371772805,1926800489914712,NPB,NPB,regression_tree
NPB,帆足　和幸,2013,55000000,74327542.37288135,373553894175524.2,NPB,NPB,regression_tree
NPB,山田　大樹,2013,30000000,16104664.371772805,193080352221080.06,NPB,NPB,regression_tree
NPB,武田　翔太,2013,19500000,43054295.532646045,554804838039229.44,NPB,NPB,regression_tree
NPB,大場　翔太,2013,16000000,16104664.371772805,10954630718.595987,NPB,NPB,regression_tree
NPB,東浜　巨,2013,14000000,16104664.371772805,4429612117809.817,NPB,NPB,regression_tree
NPB,巽　真悟,2013,9000000,16104664.371772805,50476255835537.87,NPB,NPB,regression_tree
NPB,武田　勝,2013,170000000,155622093.02325583,206724209031908.8,NPB,NPB,regression_tree
NPB,木佐貫　洋,2013,82000000,155622093.02325583,5420212581124934,NPB,NPB,regression_tree
NPB,吉川　光夫,2013,70000000,73449189.1891892,11896906062819.621,NPB,NPB,regression_tree
NPB,大谷　翔平,2013,30000000,43054295.532646045,170414631853662.5,NPB,NPB,regression_tree
NPB,多田野　数人,2013,30000000,74327542.37288135,1964931012819591.8,NPB,NPB,regression_tree
NPB,斎藤　佑樹,2013,28000000,16104664.371772805,141499009708171.28,NPB,NPB,regression_tree
NPB,中村　勝,2013,13000000,16104664.371772805,9638940861355.428,NPB,NPB,regression_tree
NPB,新垣　勇人,2013,8250000,16104664.371772805,61695752393197.08,NPB,NPB,regression_tree
NPB,井川　慶,2013,60000000,74327542.37288135,205278470446710.62,NPB,NPB,regression_tree
NPB,西　勇輝,2013,55000000,73449189.1891892,340372581738495.5,NPB,NPB,regression_tree
NPB,東野　峻,2013,49000000,16104664.371772805,1082103106093713.6,NPB,NPB,regression_tree
NPB,八木　智哉,2013,18000000,74327542.37288135,3172792029768744.5,NPB,NPB,regression_tree
NPB,前田　祐二,2013,18000000,43054295.532646045,627717724637167.6,NPB,NPB,regression_tree
NPB,松葉　貴大,2013,18000000,43054295.532646045,627717724637167.6,NPB,NPB,regression_tree
NPB,則本　昂大,2013,60000000,73449189.1891892,180880689846603.53,NPB,NPB,regression_tree
NPB,美馬　学,2013,40000000,43054295.532646045,9328721200741.588,NPB,NPB,regression_tree
NPB,永井　怜,2013,37000000,16104664.371772805,436615051016260.9,NPB,NPB,regression_tree
NPB,辛島　航,2013,21000000,16104664.371772805,23964310912990.543,NPB,NPB,regression_tree
NPB,川井　貴志,2013,19000000,74327542.37288135,3061136945022981.5,NPB,NPB,regression_tree
NPB,戸村　健次,2013,18000000,43054295.532646045,627717724637167.6,NPB,NPB,regression_tree
NPB,岸　孝之,2013,200000000,336071428.5714286,18515433673469396,NPB,NPB,regression_tree
NPB,牧田　和久,2013,80000000,196927419.3548387,13672021396982308,NPB,NPB,regression_tree
NPB,野上　亮磨,2013,48000000,73449189.1891892,647661230387144.25,NPB,NPB,regression_tree
NPB,十亀　剣,2013,44000000,73449189.1891892,867254743900657.75,NPB,NPB,regression_tree
NPB,菊池　雄星,2013,40000000,43054295.532646045,9328721200741.588,NPB,NPB,regression_tree
NPB,西口　文也,2013,35000000,74327542.37288135,1546655589090778.2,NPB,NPB,regression_tree
NPB,成瀬　善久,2013,144000000,43054295.532646045,10190035250410364,NPB,NPB,regression_tree
NPB,唐川　侑己,2013,65400000,73449189.1891892,64789446603360.22,NPB,NPB,regression_tree
NPB,大谷　智久,2013,30700000,16104664.371772805,213023822100598.12,NPB,NPB,regression_tree
NPB,古谷　拓哉,2013,30000000,74327542.37288135,1964931012819591.8,NPB,NPB,regression_tree
NPB,西野　勇士,2013,26400000,73449189.1891892,2213626203360117.5,NPB,NPB,regression_tree
NPB,大嶺　祐太,2013,15400000,16104664.371772805,496551876845.9623,NPB,NPB,regression_tree
NPB,阿部　和成,2013,8300000,16104664.371772805,60912785956019.8,NPB,NPB,regression_tree
NPB,能見　篤史,2014,140000000,155622093.02325583,244049790427258.3,NPB,NPB,regression_tree
NPB,藤浪　晋太郎,2014,85000000,73449189.1891892,133421230387143.75,NPB,NPB,regression_tree
NPB,岩田　稔,2014,60000000,196927419.3548387,18749118171175856,NPB,NPB,regression_tree
NPB,岩貞　祐太,2014,16500000,16104664.371772805,156290258945.79077,NPB,NPB,regression_tree
NPB,岩崎　優,2014,15000000,43054295.532646045,787043497833043.9,NPB,NPB,regression_tree
NPB,秋山　拓巳,2014,10000000,16104664.371772805,37266927091992.26,NPB,NPB,regression_tree
NPB,三浦　大輔,2014,135000000,74327542.37288135,3681147114514507.5,NPB,NPB,regression_tree
NPB,久保　康友,2014,120000000,155622093.02325583,1268933511357491.2,NPB,NPB,regression_tree
NPB,山口　俊,2014,88000000,73449189.1891892,211726095252008.56,NPB,NPB,regression_tree
NPB,高崎　健太郎,2014,39000000,16104664.371772805,524196393529169.6,NPB,NPB,regression_tree
NPB,井納　翔一,2014,39000000,73449189.1891892,1186746635792549.8,NPB,NPB,regression_tree
NPB,三嶋　一輝,2014,21000000,16104664.371772805,23964310912990.543,NPB,NPB,regression_tree
NPB,加賀美　希昇,2014,10000000,16104664.371772805,37266927091992.26,NPB,NPB,regression_tree
NPB,杉内　俊哉,2014,500000000,336071428.5714286,26872576530612236,NPB,NPB,regression_tree
NPB,内海　哲也,2014,400000000,336071428.5714286,4086862244897956,NPB,NPB,regression_tree
NPB,菅野　智之,2014,110000000.00000001,148977272.72727272,1519227789256196.5,NPB,NPB,regression_tree
NPB,大竹　寛,2014,100000000,155622093.02325583,3093817232287724.5,NPB,NPB,regression_tree
NPB,澤村　拓一,2014,48000000,43054295.532646045,24459992678404.867,NPB,NPB,regression_tree
NPB,小山　雄輝,2014,35000000,43054295.532646045,64871676527202.04,NPB,NPB,regression_tree
NPB,宮國　椋丞,2014,12000000,16104664.371772805,16848269604901.037,NPB,NPB,regression_tree
NPB,山井　大介,2014,120000000,155622093.02325583,1268933511357491.2,NPB,NPB,regression_tree
NPB,吉見　一起,2014,104400000,74327542.37288135,904352707734846.5,NPB,NPB,regression_tree
NPB,大野　雄大,2014,45000000,73449189.1891892,809356365522279.4,NPB,NPB,regression_tree
NPB,川上　憲伸,2014,40000000,74327542.37288135,1178380165361964.8,NPB,NPB,regression_tree
NPB,山本昌,2014,40000000,74327542.37288135,1178380165361964.8,NPB,NPB,regression_tree
NPB,朝倉　健太,2014,25000000,74327542.37288135,2433206436548405.5,NPB,NPB,regression_tree
NPB,濱田　達郎,2014,17000000,43054295.532646045,678826315702459.6,NPB,NPB,regression_tree
NPB,山内　壮馬,2014,15000000,16104664.371772805,1220283374264.2065,NPB,NPB,regression_tree
NPB,伊藤　準規,2014,9000000,16104664.371772805,50476255835537.87,NPB,NPB,regression_tree
NPB,前田　健太,2014,300000000,180043478.26086956,14389567107750474,NPB,NPB,regression_tree
NPB,野村　祐輔,2014,58000000,43054295.532646045,223374082025483.97,NPB,NPB,regression_tree
NPB,大瀬良　大地,2014,35000000,73449189.1891892,1478340149306063.2,NPB,NPB,regression_tree
NPB,福井　優也,2014,22000000,16104664.371772805,34754982169444.934,NPB,NPB,regression_tree
NPB,九里　亜蓮,2014,16000000,43054295.532646045,731934906767751.75,NPB,NPB,regression_tree
NPB,篠田　純平,2014,15000000,16104664.371772805,1220283374264.2065,NPB,NPB,regression_tree
NPB,成瀬　善久,2014,200000000,155622093.02325583,1969398627636559.2,NPB,NPB,regression_tree
NPB,石川　雅規,2014,180000000,155622093.02325583,594282348566792.4,NPB,NPB,regression_tree
NPB,小川　泰弘,2014,65000000,43054295.532646045,481613944568439.3,NPB,NPB,regression_tree
NPB,村中　恭兵,2014,40000000,16104664.371772805,570987064785624,NPB,NPB,regression_tree
NPB,八木　亮祐,2014,26000000,43054295.532646045,290848996114830.9,NPB,NPB,regression_tree
NPB,新垣　渚,2014,26000000,74327542.37288135,2335551351802642.5,NPB,NPB,regression_tree
NPB,木谷　良平,2014,16800000,43054295.532646045,689288033915518.1,NPB,NPB,regression_tree
NPB,杉浦　稔大,2014,16000000,16104664.371772805,10954630718.595987,NPB,NPB,regression_tree
NPB,古野　正人,2014,13600000,43054295.532646045,867555525324452.75,NPB,NPB,regression_tree
NPB,攝津　正,2014,400000000,155622093.02325583,59720561418334230,NPB,NPB,regression_tree
NPB,中田　賢一,2014,95000000,155622093.02325583,3675038162520282.5,NPB,NPB,regression_tree
NPB,大隣　憲司,2014,73000000,74327542.37288135,1762368751795.4531,NPB,NPB,regression_tree
NPB,帆足　和幸,2014,55000000,74327542.37288135,373553894175524.2,NPB,NPB,regression_tree
NPB,寺原　隼人,2014,45000000,74327542.37288135,860104741633151.25,NPB,NPB,regression_tree
NPB,岩嵜　翔,2014,44000000,16104664.371772805,778149749811441.6,NPB,NPB,regression_tree
NPB,武田　翔太,2014,26000000,16104664.371772805,97917667195262.48,NPB,NPB,regression_tree
NPB,山田　大樹,2014,22500000,16104664.371772805,40900317797672.125,NPB,NPB,regression_tree
NPB,飯田　優也,2014,18000000,16104664.371772805,3592297143627.375,NPB,NPB,regression_tree
NPB,東浜　巨,2014,17000000,16104664.371772805,801625887172.9855,NPB,NPB,regression_tree
NPB,大場　翔太,2014,12000000,16104664.371772805,16848269604901.037,NPB,NPB,regression_tree
NPB,大谷　翔平,2014,100000000,73449189.1891892,704945554711467.9,NPB,NPB,regression_tree
NPB,木佐貫　洋,2014,65000000,74327542.37288135,87003046717897.1,NPB,NPB,regression_tree
NPB,吉川　光夫,2014,60000000,43054295.532646045,287156899894899.8,NPB,NPB,regression_tree
NPB,中村　勝,2014,26000000,43054295.532646045,290848996114830.9,NPB,NPB,regression_tree
NPB,斎藤　佑樹,2014,25000000,16104664.371772805,79126995938808.11,NPB,NPB,regression_tree
NPB,浦野　博司,2014,24000000,43054295.532646045,363066178245415,NPB,NPB,regression_tree
NPB,上沢　直之,2014,23000000,73449189.1891892,2545120689846604,NPB,NPB,regression_tree
NPB,新垣　勇人,2014,8150000,16104664.371772805,63276685267551.64,NPB,NPB,regression_tree
NPB,西　勇輝,2014,95000000,73449189.1891892,464437446603359.8,NPB,NPB,regression_tree
NPB,井川　慶,2014,48000000,74327542.37288135,693139487395863.1,NPB,NPB,regression_tree
NPB,松葉　貴大,2014,35000000,43054295.532646045,64871676527202.04,NPB,NPB,regression_tree
NPB,東明　大貴,2014,22000000,43054295.532646045,443283360375999.2,NPB,NPB,regression_tree
NPB,吉田　一将,2014,21000000,43054295.532646045,486391951441291.3,NPB,NPB,regression_tree
NPB,近藤　一樹,2014,13000000,74327542.37288135,3761067453497558,NPB,NPB,regression_tree
NPB,則本　昂大,2014,120000000,180043478.26086956,3605219281663516,NPB,NPB,regression_tree
NPB,辛島　航,2014,42000000,73449189.1891892,989051500657414.6,NPB,NPB,regression_tree
NPB,美馬　学,2014,37000000,43054295.532646045,36654494396617.86,NPB,NPB,regression_tree
NPB,塩見　貴洋,2014,30000000,43054295.532646045,170414631853662.5,NPB,NPB,regression_tree
NPB,松井　裕樹,2014,25000000,43054295.532646045,325957587180122.94,NPB,NPB,regression_tree
NPB,川井　貴志,2014,18000000,74327542.37288135,3172792029768744.5,NPB,NPB,regression_tree
NPB,菊池　保則,2014,12000000,16104664.371772805,16848269604901.037,NPB,NPB,regression_tree
NPB,濱矢　廣大,2014,10000000,16104664.371772805,37266927091992.26,NPB,NPB,regression_tree
NPB,森　雄大,2014,9500000,16104664.371772805,43621591463765.06,NPB,NPB,regression_tree
NPB,横山　貴明,2014,8100000,16104664.371772805,64074651704728.92,NPB,NPB,regression_tree
NPB,岸　孝之,2014,225000000,196927419.3548387,788069784079084.9,NPB,NPB,regression_tree
NPB,牧田　和久,2014,75000000,155622093.02325583,6499921883450516,NPB,NPB,regression_tree
NPB,野上　亮磨,2014,45000000,73449189.1891892,809356365522279.4,NPB,NPB,regression_tree
NPB,菊池　雄星,2014,38000000,73449189.1891892,1256645014170928.2,NPB,NPB,regression_tree
NPB,岡本　洋介,2014,17000000,43054295.532646045,678826315702459.6,NPB,NPB,regression_tree
NPB,小石　博孝,2014,9500000,16104664.371772805,43621591463765.06,NPB,NPB,regression_tree
NPB,涌井　秀章,2014,220000000.00000003,73449189.1891892,21477140149306068,NPB,NPB,regression_tree
NPB,唐川　侑己,2014,60000000,43054295.532646045,287156899894899.8,NPB,NPB,regression_tree
NPB,石川　歩,2014,37000000,73449189.1891892,1328543392549306.5,NPB,NPB,regression_tree
NPB,古谷　拓哉,2014,36000000,74327542.37288135,1469000504345015.5,NPB,NPB,regression_tree
NPB,藤岡　貴裕,2014,35000000,73449189.1891892,1478340149306063.2,NPB,NPB,regression_tree
NPB,大嶺　祐太,2014,18200000,16104664.371772805,4390431394918.253,NPB,NPB,regression_tree
NPB,チェン・グァンユウ,2014,6000000,16104664.371772805,102104242066174.7,NPB,NPB,regression_tree
NPB,藤浪　晋太郎,2015,170000000,180043478.26086956,100871455576559.5,NPB,NPB,regression_tree
NPB,能見　篤史,2015,140000000,155622093.02325583,244049790427258.3,NPB,NPB,regression_tree
NPB,岩田　稔,2015,68000000,155622093.02325583,7677631185776097,NPB,NPB,regression_tree
NPB,岩崎　優,2015,20000000,43054295.532646045,531500542506583.4,NPB,NPB,regression_tree
NPB,岩貞　祐太,2015,16000000,16104664.371772805,10954630718.595987,NPB,NPB,regression_tree
NPB,横山　雄哉,2015,15000000,16104664.371772805,1220283374264.2065,NPB,NPB,regression_tree
NPB,秋山　拓巳,2015,10000000,16104664.371772805,37266927091992.26,NPB,NPB,regression_tree
NPB,三浦　大輔,2015,125000000,74327542.37288135,2567697961972135,NPB,NPB,regression_tree
NPB,久保　康友,2015,120000000,155622093.02325583,1268933511357491.2,NPB,NPB,regression_tree
NPB,山口　俊,2015,80000000,43054295.532646045,1364985078589058,NPB,NPB,regression_tree
NPB,井納　翔一,2015,45000000,155622093.02325583,12237247464845866,NPB,NPB,regression_tree
NPB,高崎　健太郎,2015,33000000,74327542.37288135,1707965758582303.8,NPB,NPB,regression_tree
NPB,三嶋　一輝,2015,25000000,43054295.532646045,325957587180122.94,NPB,NPB,regression_tree
NPB,石田　健大,2015,18000000,43054295.532646045,627717724637167.6,NPB,NPB,regression_tree
NPB,砂田　毅樹,2015,13000000,43054295.532646045,903260679963628,NPB,NPB,regression_tree
NPB,内海　哲也,2015,400000000,74327542.37288135,1.0606254965688739e+17,NPB,NPB,regression_tree
NPB,菅野　智之,2015,130000000,148977272.72727272,360136880165288.94,NPB,NPB,regression_tree
NPB,大竹　寛,2015,100000000,74327542.37288135,659075080616202.4,NPB,NPB,regression_tree
NPB,杉内　俊哉,2015,50000000,74327542.37288135,591829317904337.6,NPB,NPB,regression_tree
NPB,高木　勇人,2015,42000000,73449189.1891892,989051500657414.6,NPB,NPB,regression_tree
NPB,田口　麗斗,2015,18000000,43054295.532646045,627717724637167.6,NPB,NPB,regression_tree
NPB,山井　大介,2015,120000000,155622093.02325583,1268933511357491.2,NPB,NPB,regression_tree
NPB,大野　雄大,2015,108000000,180043478.26086956,5190262759924385,NPB,NPB,regression_tree
NPB,吉見　一起,2015,89000000,74327542.37288135,215281012819592.16,NPB,NPB,regression_tree
NPB,若松　駿太,2015,36000000,148977272.72727272,12763864152892560,NPB,NPB,regression_tree
NPB,八木　智哉,2015,20000000,74327542.37288135,2951481860277219,NPB,NPB,regression_tree
NPB,武藤　祐太,2015,16000000,16104664.371772805,10954630718.595987,NPB,NPB,regression_tree
NPB,濱田　達郎,2015,13000000,16104664.371772805,9638940861355.428,NPB,NPB,regression_tree
NPB,小熊　凌祐,2015,12000000,16104664.371772805,16848269604901.037,NPB,NPB,regression_tree
NPB,岩田　慎司,2015,11500000,16104664.371772805,21202933976673.844,NPB,NPB,regression_tree
NPB,伊藤　準規,2015,6750000,16104664.371772805,87509745508515.5,NPB,NPB,regression_tree
NPB,鈴木　翔太,2015,6000000,16104664.371772805,102104242066174.7,NPB,NPB,regression_tree
NPB,黒田　博樹,2015,600000000,196927419.3548387,162467505267950050,NPB,NPB,regression_tree
NPB,野村　祐輔,2015,52000000,43054295.532646045,80025628417236.5,NPB,NPB,regression_tree
NPB,福井　優也,2015,42000000,73449189.1891892,989051500657414.6,NPB,NPB,regression_tree
NPB,薮田　和樹,2015,10000000,16104664.371772805,37266927091992.26,NPB,NPB,regression_tree
NPB,中村　恭平,2015,8000000,16104664.371772805,65685584579083.48,NPB,NPB,regression_tree
NPB,石川　雅規,2015,200000000,155622093.02325583,1969398627636559.2,NPB,NPB,regression_tree
NPB,成瀬　善久,2015,144000000,74327542.37288135,4854251351802643,NPB,NPB,regression_tree
NPB,館山　昌平,2015,120000000,74327542.37288135,2085973385700948.2,NPB,NPB,regression_tree
NPB,小川　泰弘,2015,100000000,73449189.1891892,704945554711467.9,NPB,NPB,regression_tree
NPB,石山　泰稚,2015,41000000,43054295.532646045,4220130135449.498,NPB,NPB,regression_tree
NPB,新垣　渚,2015,28000000,74327542.37288135,2146241182311117.2,NPB,NPB,regression_tree
NPB,山中　浩史,2015,22000000,74327542.37288135,2738171690785693.5,NPB,NPB,regression_tree
NPB,杉浦　稔大,2015,17000000,16104664.371772805,801625887172.9855,NPB,NPB,regression_tree
NPB,近藤　一樹,2015,12000000,74327542.37288135,3884722538243320.5,NPB,NPB,regression_tree
NPB,風張　蓮,2015,11000000,16104664.371772805,26057598348446.65,NPB,NPB,regression_tree
NPB,寺田　哲也,2015,9500000,16104664.371772805,43621591463765.06,NPB,NPB,regression_tree
NPB,攝津　正,2015,400000000,155622093.02325583,59720561418334230,NPB,NPB,regression_tree
NPB,中田　賢一,2015,95000000,155622093.02325583,3675038162520282.5,NPB,NPB,regression_tree
NPB,武田　翔太,2015,70000000,73449189.1891892,11896906062819.621,NPB,NPB,regression_tree
NPB,大隣　憲司,2015,68000000,74327542.37288135,40037792480608.984,NPB,NPB,regression_tree
NPB,寺原　隼人,2015,65000000,74327542.37288135,87003046717897.1,NPB,NPB,regression_tree
NPB,千賀　滉大,2015,25000000,16104664.371772805,79126995938808.11,NPB,NPB,regression_tree
NPB,東浜　巨,2015,18000000,16104664.371772805,3592297143627.375,NPB,NPB,regression_tree
NPB,大谷　翔平,2015,200000000,148977272.72727272,2603318698347108.5,NPB,NPB,regression_tree
NPB,吉川　光夫,2015,95000000,73449189.1891892,464437446603359.8,NPB,NPB,regression_tree
NPB,武田　勝,2015,40000000,74327542.37288135,1178380165361964.8,NPB,NPB,regression_tree
NPB,有原　航平,2015,30000000,43054295.532646045,170414631853662.5,NPB,NPB,regression_tree
NPB,上沢　直之,2015,24000000,43054295.532646045,363066178245415,NPB,NPB,regression_tree
NPB,中村　勝,2015,24000000,16104664.371772805,62336324682353.71,NPB,NPB,regression_tree
NPB,浦野　博司,2015,23000000,16104664.371772805,47545653425899.32,NPB,NPB,regression_tree
NPB,斎藤　佑樹,2015,23000000,16104664.371772805,47545653425899.32,NPB,NPB,regression_tree
NPB,新垣　勇人,2015,8500000,74327542.37288135,4333265334853490,NPB,NPB,regression_tree
NPB,高梨　裕稔,2015,7700000,16104664.371772805,70638383202147.16,NPB,NPB,regression_tree
NPB,西　勇輝,2015,120000000,148977272.72727272,839682334710743.4,NPB,NPB,regression_tree
NPB,東明　大貴,2015,42000000,73449189.1891892,989051500657414.6,NPB,NPB,regression_tree
NPB,松葉　貴大,2015,28000000,43054295.532646045,226631813984246.66,NPB,NPB,regression_tree
NPB,八木　亮祐,2015,20000000,16104664.371772805,15173639656536.154,NPB,NPB,regression_tree
NPB,山﨑　福也,2015,17000000,16104664.371772805,801625887172.9855,NPB,NPB,regression_tree
NPB,則本　昂大,2015,150000000,180043478.26086956,902610586011342,NPB,NPB,regression_tree
NPB,美馬　学,2015,35000000,43054295.532646045,64871676527202.04,NPB,NPB,regression_tree
NPB,辛島　航,2015,33000000,43054295.532646045,101088858657786.22,NPB,NPB,regression_tree
NPB,塩見　貴洋,2015,30000000,43054295.532646045,170414631853662.5,NPB,NPB,regression_tree
NPB,菊池　保則,2015,19000000,43054295.532646045,578609133571875.5,NPB,NPB,regression_tree
NPB,川井　貴志,2015,16000000,74327542.37288135,3402102199260269.5,NPB,NPB,regression_tree
NPB,釜田　佳直,2015,12800000,16104664.371772805,10920806610064.549,NPB,NPB,regression_tree
NPB,安樂　智大,2015,12000000,16104664.371772805,16848269604901.037,NPB,NPB,regression_tree
NPB,森　雄大,2015,9500000,16104664.371772805,43621591463765.06,NPB,NPB,regression_tree
NPB,岸　孝之,2015,225000000,159259259.25925925,4321844993141290,NPB,NPB,regression_tree
NPB,牧田　和久,2015,75000000,155622093.02325583,6499921883450516,NPB,NPB,regression_tree
NPB,十亀　剣,2015,60000000,73449189.1891892,180880689846603.53,NPB,NPB,regression_tree
NPB,野上　亮磨,2015,58000000,73449189.1891892,238677446603360.3,NPB,NPB,regression_tree
NPB,菊池　雄星,2015,55000000,73449189.1891892,340372581738495.5,NPB,NPB,regression_tree
NPB,郭　俊麟,2015,30000000,43054295.532646045,170414631853662.5,NPB,NPB,regression_tree
NPB,髙橋　光成,2015,18000000,16104664.371772805,3592297143627.375,NPB,NPB,regression_tree
NPB,佐野　泰雄,2015,12000000,16104664.371772805,16848269604901.037,NPB,NPB,regression_tree
NPB,涌井　秀章,2015,220000000.00000003,155622093.02325583,4144514906706330,NPB,NPB,regression_tree
NPB,石川　歩,2015,75000000,73449189.1891892,2405014170927.6646,NPB,NPB,regression_tree
NPB,唐川　侑己,2015,48000000,43054295.532646045,24459992678404.867,NPB,NPB,regression_tree
NPB,大嶺　祐太,2015,36400000,73449189.1891892,1372642419576333.5,NPB,NPB,regression_tree
NPB,古谷　拓哉,2015,31000000,74327542.37288135,1877275928073829,NPB,NPB,regression_tree
NPB,チェン・グァンユウ,2015,17000000,16104664.371772805,801625887172.9855,NPB,NPB,regression_tree
NPB,田中　英祐,2015,13400000,16104664.371772805,7315209363937.184,NPB,NPB,regression_tree
NPB,木村　優太,2015,9300000,74327542.37288135,4228581267056880,NPB,NPB,regression_tree
NPB,藤浪　晋太郎,2016,160000000,73449189.1891892,7491042852008764,NPB,NPB,regression_tree
NPB,能見　篤史,2016,130000000,155622093.02325583,656491650892374.9,NPB,NPB,regression_tree
NPB,岩田　稔,2016,53000000,74327542.37288135,454864063667049.56,NPB,NPB,regression_tree
NPB,岩貞　祐太,2016,40000000,73449189.1891892,1118848257414171.4,NPB,NPB,regression_tree
NPB,岩崎　優,2016,25000000,43054295.532646045,325957587180122.94,NPB,NPB,regression_tree
NPB,横山　雄哉,2016,15700000,16104664.371772805,163753253782.2791,NPB,NPB,regression_tree
NPB,青柳　晃洋,2016,12000000,43054295.532646045,964369271028920.1,NPB,NPB,regression_tree
NPB,久保　康友,2016,100000000,74327542.37288135,659075080616202.4,NPB,NPB,regression_tree
NPB,井納　翔一,2016,72000000,155622093.02325583,6992654441590051,NPB,NPB,regression_tree
NPB,石田　健大,2016,48000000,73449189.1891892,647661230387144.25,NPB,NPB,regression_tree
NPB,今永　昇太,2016,40000000,73449189.1891892,1118848257414171.4,NPB,NPB,regression_tree
NPB,三嶋　一輝,2016,23000000,16104664.371772805,47545653425899.32,NPB,NPB,regression_tree
NPB,国吉　佑樹,2016,20000000,16104664.371772805,15173639656536.154,NPB,NPB,regression_tree
NPB,平良　拳太郎,2016,7500000,16104664.371772805,74040248950856.28,NPB,NPB,regression_tree
NPB,菅野　智之,2016,229999999.99999997,180043478.26086956,2495654064272209,NPB,NPB,regression_tree
NPB,内海　哲也,2016,200000000,159259259.25925925,1659807956104252.8,NPB,NPB,regression_tree
NPB,吉川　光夫,2016,95000000,43054295.532646045,2698356212609676.5,NPB,NPB,regression_tree
NPB,山口　俊,2016,80000000,196927419.3548387,13672021396982308,NPB,NPB,regression_tree
NPB,大竹　寛,2016,70000000,74327542.37288135,18727622989083.57,NPB,NPB,regression_tree
NPB,田口　麗斗,2016,50000000,73449189.1891892,549864473630387.44,NPB,NPB,regression_tree
NPB,高木　勇人,2016,37000000,43054295.532646045,36654494396617.86,NPB,NPB,regression_tree
NPB,今村　信貴,2016,16000000,43054295.532646045,731934906767751.75,NPB,NPB,regression_tree
NPB,桜井　俊貴,2016,12000000,16104664.371772805,16848269604901.037,NPB,NPB,regression_tree
NPB,江柄子　裕樹,2016,11000000,74327542.37288135,4010377622989083,NPB,NPB,regression_tree
NPB,大野　雄大,2016,86400000,73449189.1891892,167723500657414,NPB,NPB,regression_tree
NPB,吉見　一起,2016,80000000,336071428.5714286,65572576530612256,NPB,NPB,regression_tree
NPB,ジョーダン,2016,30000000,155622093.02325583,15780910255543540,NPB,NPB,regression_tree
NPB,若松　駿太,2016,30000000,43054295.532646045,170414631853662.5,NPB,NPB,regression_tree
NPB,小笠原　慎之介,2016,18000000,43054295.532646045,627717724637167.6,NPB,NPB,regression_tree
NPB,小熊　凌祐,2016,16000000,16104664.371772805,10954630718.595987,NPB,NPB,regression_tree
NPB,八木　智哉,2016,15000000,74327542.37288135,3519757284006032.5,NPB,NPB,regression_tree
NPB,濱田　達郎,2016,9750000,16104664.371772805,40381759277878.664,NPB,NPB,regression_tree
NPB,伊藤　準規,2016,7500000,16104664.371772805,74040248950856.28,NPB,NPB,regression_tree
NPB,野村　祐輔,2016,100000000,73449189.1891892,704945554711467.9,NPB,NPB,regression_tree
NPB,福井　優也,2016,41000000,43054295.532646045,4220130135449.498,NPB,NPB,regression_tree
NPB,岡田　明丈,2016,25200000,43054295.532646045,318775868967064.5,NPB,NPB,regression_tree
NPB,横山　弘樹,2016,12500000,16104664.371772805,12993605233128.232,NPB,NPB,regression_tree
NPB,中村　恭平,2016,9000000,16104664.371772805,50476255835537.87,NPB,NPB,regression_tree
NPB,石川　雅規,2016,180000000,159259259.25925925,430178326474623,NPB,NPB,regression_tree
NPB,館山　昌平,2016,120000000,74327542.37288135,2085973385700948.2,NPB,NPB,regression_tree
NPB,小川　泰弘,2016,88000000,73449189.1891892,211726095252008.56,NPB,NPB,regression_tree
NPB,山中　浩史,2016,41000000,155622093.02325583,13138224209031912,NPB,NPB,regression_tree
NPB,原　樹理,2016,17000000,43054295.532646045,678826315702459.6,NPB,NPB,regression_tree
NPB,和田　毅,2016,400000000,423333333.3333333,544444444444443.5,NPB,NPB,regression_tree
NPB,攝津　正,2016,400000000,74327542.37288135,1.0606254965688739e+17,NPB,NPB,regression_tree
NPB,武田　翔太,2016,120000000,180043478.26086956,3605219281663516,NPB,NPB,regression_tree
NPB,中田　賢一,2016,95000000,74327542.37288135,427350504345015.94,NPB,NPB,regression_tree
NPB,千賀　滉大,2016,65000000,73449189.1891892,71388797954711.58,NPB,NPB,regression_tree
NPB,大隣　憲司,2016,55000000,74327542.37288135,373553894175524.2,NPB,NPB,regression_tree
NPB,東浜　巨,2016,36000000,73449189.1891892,1402441770927685,NPB,NPB,regression_tree
NPB,山田　大樹,2016,14000000,16104664.371772805,4429612117809.817,NPB,NPB,regression_tree
NPB,大谷　翔平,2016,270000000,148977272.72727272,14646500516528928,NPB,NPB,regression_tree
NPB,有原　航平,2016,60000000,73449189.1891892,180880689846603.53,NPB,NPB,regression_tree
NPB,加藤　貴之,2016,26000000,43054295.532646045,290848996114830.9,NPB,NPB,regression_tree
NPB,杉浦　稔大,2016,15000000,16104664.371772805,1220283374264.2065,NPB,NPB,regression_tree
NPB,中村　勝,2016,12000000,16104664.371772805,16848269604901.037,NPB,NPB,regression_tree
NPB,西　勇輝,2016,130000000,73449189.1891892,3197994203360116,NPB,NPB,regression_tree
NPB,松葉　貴大,2016,36500000,73449189.1891892,1365242581738495.8,NPB,NPB,regression_tree
NPB,東明　大貴,2016,34000000,73449189.1891892,1556238527684441.8,NPB,NPB,regression_tree
NPB,八木　亮祐,2016,16000000,16104664.371772805,10954630718.595987,NPB,NPB,regression_tree
NPB,近藤　大亮,2016,9600000,16104664.371772805,42310658589410.5,NPB,NPB,regression_tree
NPB,青山　大紀,2016,9000000,16104664.371772805,50476255835537.87,NPB,NPB,regression_tree
NPB,山田　修義,2016,9000000,16104664.371772805,50476255835537.87,NPB,NPB,regression_tree
NPB,岸　孝之,2016,225000000,196927419.3548387,788069784079084.9,NPB,NPB,regression_tree
NPB,則本　昂大,2016,200000000,180043478.26086956,398262759924385.75,NPB,NPB,regression_tree
NPB,美馬　学,2016,50000000,155622093.02325583,11156026534613306,NPB,NPB,regression_tree
NPB,塩見　貴洋,2016,45000000,73449189.1891892,809356365522279.4,NPB,NPB,regression_tree
NPB,辛島　航,2016,30000000,43054295.532646045,170414631853662.5,NPB,NPB,regression_tree
NPB,釜田　佳直,2016,25000000,43054295.532646045,325957587180122.94,NPB,NPB,regression_tree
NPB,安樂　智大,2016,21000000,43054295.532646045,486391951441291.3,NPB,NPB,regression_tree
NPB,菊池　保則,2016,15000000,16104664.371772805,1220283374264.2065,NPB,NPB,regression_tree
NPB,菊池　雄星,2016,100000000,73449189.1891892,704945554711467.9,NPB,NPB,regression_tree
NPB,野上　亮磨,2016,50000000,43054295.532646045,48242810547820.69,NPB,NPB,regression_tree
NPB,十亀　剣,2016,50000000,43054295.532646045,48242810547820.69,NPB,NPB,regression_tree
NPB,髙橋　光成,2016,23000000,43054295.532646045,402174769310707.1,NPB,NPB,regression_tree
NPB,多和田　真三郎,2016,23000000,43054295.532646045,402174769310707.1,NPB,NPB,regression_tree
NPB,本田　圭佑,2016,7000000,16104664.371772805,82894913322629.1,NPB,NPB,regression_tree
NPB,佐藤　勇,2016,6000000,16104664.371772805,102104242066174.7,NPB,NPB,regression_tree
NPB,涌井　秀章,2016,250000000,196927419.3548387,2816698816337150,NPB,NPB,regression_tree
NPB,石川　歩,2016,130000000,148977272.72727272,360136880165288.94,NPB,NPB,regression_tree
NPB,唐川　侑己,2016,52000000,43054295.532646045,80025628417236.5,NPB,NPB,regression_tree
NPB,古谷　拓哉,2016,27000000,74327542.37288135,2239896267056880,NPB,NPB,regression_tree
NPB,関谷　亮太,2016,22500000,43054295.532646045,422479064843353.2,NPB,NPB,regression_tree
NPB,二木　康太,2016,18000000,43054295.532646045,627717724637167.6,NPB,NPB,regression_tree
NPB,チェン・グァンユウ,2016,16000000,16104664.371772805,10954630718.595987,NPB,NPB,regression_tree
NPB,藤浪　晋太郎,2017,120000000,43054295.532646045,5920641435977374,NPB,NPB,regression_tree
NPB,能見　篤史,2017,120000000,155622093.02325583,1268933511357491.2,NPB,NPB,regression_tree
NPB,岩田　稔,2017,50000000,74327542.37288135,591829317904337.6,NPB,NPB,regression_tree
NPB,秋山　拓巳,2017,41000000,73449189.1891892,1052949879035793,NPB,NPB,regression_tree
NPB,岩貞　祐太,2017,35000000,43054295.532646045,64871676527202.04,NPB,NPB,regression_tree
NPB,岡本　洋介,2017,23000000,74327542.37288135,2634516606039930.5,NPB,NPB,regression_tree
NPB,小野　泰己,2017,18000000,43054295.532646045,627717724637167.6,NPB,NPB,regression_tree
NPB,青柳　晃洋,2017,13000000,43054295.532646045,903260679963628,NPB,NPB,regression_tree
NPB,横山　雄哉,2017,13000000,16104664.371772805,9638940861355.428,NPB,NPB,regression_tree
NPB,福永　春吾,2017,6800000,16104664.371772805,86576779071338.22,NPB,NPB,regression_tree
NPB,井納　翔一,2017,85000000,155622093.02325583,4987480022985399,NPB,NPB,regression_tree
NPB,今永　昇太,2017,84000000,73449189.1891892,111319608765522.14,NPB,NPB,regression_tree
NPB,石田　健大,2017,60000000,43054295.532646045,287156899894899.8,NPB,NPB,regression_tree
NPB,濵口　遥大,2017,47500000,73449189.1891892,673360419576333.4,NPB,NPB,regression_tree
NPB,熊原　健人,2017,13000000,16104664.371772805,9638940861355.428,NPB,NPB,regression_tree
NPB,水野　滉也,2017,12000000,16104664.371772805,16848269604901.037,NPB,NPB,regression_tree
NPB,飯塚　悟史,2017,8500000,16104664.371772805,57830920207310.67,NPB,NPB,regression_tree
NPB,平良　拳太郎,2017,7500000,16104664.371772805,74040248950856.28,NPB,NPB,regression_tree
NPB,綾部　翔,2017,5700000,16104664.371772805,108257040689238.39,NPB,NPB,regression_tree
NPB,菅野　智之,2017,450000000,380000000,49e14,NPB,NPB,regression_tree
NPB,山口　俊,2017,229999999.99999997,74327542.37288135,24233914063667040,NPB,NPB,regression_tree
NPB,野上　亮磨,2017,150000000,155622093.02325583,31607929962141.824,NPB,NPB,regression_tree
NPB,内海　哲也,2017,100000000,74327542.37288135,659075080616202.4,NPB,NPB,regression_tree
NPB,田口　麗斗,2017,90000000,73449189.1891892,273929338495251.78,NPB,NPB,regression_tree
NPB,吉川　光夫,2017,70000000,16104664.371772805,2904707202479256,NPB,NPB,regression_tree
NPB,大竹　寛,2017,52500000,74327542.37288135,476441606039930.94,NPB,NPB,regression_tree
NPB,宮國　椋丞,2017,24000000,16104664.371772805,62336324682353.71,NPB,NPB,regression_tree
NPB,畠　世周,2017,24000000,43054295.532646045,363066178245415,NPB,NPB,regression_tree
NPB,大野　雄大,2017,80000000,155622093.02325583,5718700953217957,NPB,NPB,regression_tree
NPB,吉見　一起,2017,75000000,74327542.37288135,452199260270.04144,NPB,NPB,regression_tree
NPB,山井　大介,2017,72000000,74327542.37288135,5417453497558.159,NPB,NPB,regression_tree
NPB,若松　駿太,2017,25000000,16104664.371772805,79126995938808.11,NPB,NPB,regression_tree
NPB,小笠原　慎之介,2017,21000000,73449189.1891892,2750917446603361,NPB,NPB,regression_tree
NPB,柳　裕也,2017,14500000,16104664.371772805,2574947746037.0117,NPB,NPB,regression_tree
NPB,鈴木　翔太,2017,12000000,43054295.532646045,964369271028920.1,NPB,NPB,regression_tree
NPB,小熊　凌祐,2017,12000000,16104664.371772805,16848269604901.037,NPB,NPB,regression_tree
NPB,野村　祐輔,2017,120000000,73449189.1891892,2166977987143900,NPB,NPB,regression_tree
NPB,大瀬良　大地,2017,63000000,73449189.1891892,109185554711468.36,NPB,NPB,regression_tree
NPB,岡田　明丈,2017,42000000,73449189.1891892,989051500657414.6,NPB,NPB,regression_tree
NPB,福井　優也,2017,31000000,16104664.371772805,221871023477534.44,NPB,NPB,regression_tree
NPB,中村　祐太,2017,9000000,43054295.532646045,1159695044224796.5,NPB,NPB,regression_tree
NPB,床田　寛樹,2017,7000000,16104664.371772805,82894913322629.1,NPB,NPB,regression_tree
NPB,石川　雅規,2017,120000000,155622093.02325583,1268933511357491.2,NPB,NPB,regression_tree
NPB,館山　昌平,2017,98000000,74327542.37288135,560385250107727.8,NPB,NPB,regression_tree
NPB,小川　泰弘,2017,90000000,73449189.1891892,273929338495251.78,NPB,NPB,regression_tree
NPB,山中　浩史,2017,32000000,74327542.37288135,1791620843328066.5,NPB,NPB,regression_tree
NPB,原　樹理,2017,29000000,73449189.1891892,1975730419576333.8,NPB,NPB,regression_tree
NPB,星　知弥,2017,22000000,43054295.532646045,443283360375999.2,NPB,NPB,regression_tree
NPB,山田　大樹,2017,14000000,16104664.371772805,4429612117809.817,NPB,NPB,regression_tree
NPB,寺島　成輝,2017,11000000,16104664.371772805,26057598348446.65,NPB,NPB,regression_tree
NPB,岩橋　慶侍,2017,10000000,16104664.371772805,37266927091992.26,NPB,NPB,regression_tree
NPB,中尾　輝,2017,7200000,16104664.371772805,79293047573919.97,NPB,NPB,regression_tree
NPB,梅野　雄吾,2017,6500000,16104664.371772805,92249577694401.89,NPB,NPB,regression_tree
NPB,和田　毅,2017,400000000,74327542.37288135,1.0606254965688739e+17,NPB,NPB,regression_tree
NPB,攝津　正,2017,400000000,74327542.37288135,1.0606254965688739e+17,NPB,NPB,regression_tree
NPB,千賀　滉大,2017,125000000,73449189.1891892,2657486095252008,NPB,NPB,regression_tree
NPB,武田　翔太,2017,90000000,43054295.532646045,2203899167936137,NPB,NPB,regression_tree
NPB,東浜　巨,2017,90000000,73449189.1891892,273929338495251.78,NPB,NPB,regression_tree
NPB,中田　賢一,2017,85000000,74327542.37288135,113901351802642.98,NPB,NPB,regression_tree
NPB,松本　裕樹,2017,12000000,16104664.371772805,16848269604901.037,NPB,NPB,regression_tree
NPB,有原　航平,2017,70000000,73449189.1891892,11896906062819.621,NPB,NPB,regression_tree
NPB,高梨　裕稔,2017,36000000,43054295.532646045,49763085461909.945,NPB,NPB,regression_tree
NPB,村田　透,2017,35000000,74327542.37288135,1546655589090778.2,NPB,NPB,regression_tree
NPB,加藤　貴之,2017,32000000,73449189.1891892,1718035284441198.5,NPB,NPB,regression_tree
NPB,上沢　直之,2017,24000000,43054295.532646045,363066178245415,NPB,NPB,regression_tree
NPB,浦野　博司,2017,19400000,16104664.371772805,10859236902663.52,NPB,NPB,regression_tree
NPB,斎藤　佑樹,2017,18300000,16104664.371772805,4819498520563.692,NPB,NPB,regression_tree
NPB,上原　健太,2017,12000000,16104664.371772805,16848269604901.037,NPB,NPB,regression_tree
NPB,中村　勝,2017,11000000,16104664.371772805,26057598348446.65,NPB,NPB,regression_tree
NPB,吉田　侑樹,2017,9500000,16104664.371772805,43621591463765.06,NPB,NPB,regression_tree
NPB,西　勇輝,2017,120000000,43054295.532646045,5920641435977374,NPB,NPB,regression_tree
NPB,山岡　泰輔,2017,43000000,73449189.1891892,927153122279036.1,NPB,NPB,regression_tree
NPB,松葉　貴大,2017,36500000,73449189.1891892,1365242581738495.8,NPB,NPB,regression_tree
NPB,東明　大貴,2017,25500000,16104664.371772805,88272331567035.3,NPB,NPB,regression_tree
NPB,山本　由伸,2017,8000000,16104664.371772805,65685584579083.48,NPB,NPB,regression_tree
NPB,山田　修義,2017,7200000,16104664.371772805,79293047573919.97,NPB,NPB,regression_tree
NPB,吉田　凌,2017,5300000,16104664.371772805,116740772186656.62,NPB,NPB,regression_tree
NPB,岸　孝之,2017,300000000,423333333.3333333,15211111111111106,NPB,NPB,regression_tree
NPB,則本　昂大,2017,250000000,180043478.26086956,4893914933837429,NPB,NPB,regression_tree
NPB,美馬　学,2017,80000000,155622093.02325583,5718700953217957,NPB,NPB,regression_tree
NPB,辛島　航,2017,42000000,43054295.532646045,1111539070157.408,NPB,NPB,regression_tree
NPB,塩見　貴洋,2017,38000000,16104664.371772805,479405722272715.25,NPB,NPB,regression_tree
NPB,釜田　佳直,2017,23000000,16104664.371772805,47545653425899.32,NPB,NPB,regression_tree
NPB,安樂　智大,2017,20000000,16104664.371772805,15173639656536.154,NPB,NPB,regression_tree
NPB,藤平　尚真,2017,18000000,16104664.371772805,3592297143627.375,NPB,NPB,regression_tree
NPB,古川　侑利,2017,7500000,16104664.371772805,74040248950856.28,NPB,NPB,regression_tree
NPB,菊池　雄星,2017,240000000,180043478.26086956,3594784499054820.5,NPB,NPB,regression_tree
NPB,十亀　剣,2017,60000000,159259259.25925925,9852400548696844,NPB,NPB,regression_tree
NPB,多和田　真三郎,2017,26000000,43054295.532646045,290848996114830.9,NPB,NPB,regression_tree
NPB,髙橋　光成,2017,21500000,16104664.371772805,29109646541217.74,NPB,NPB,regression_tree
NPB,佐野　泰雄,2017,15000000,16104664.371772805,1220283374264.2065,NPB,NPB,regression_tree
NPB,涌井　秀章,2017,200000000,155622093.02325583,1969398627636559.2,NPB,NPB,regression_tree
NPB,石川　歩,2017,110000000.00000001,43054295.532646045,4481727346630297.5,NPB,NPB,regression_tree
NPB,西野　勇士,2017,75000000,16104664.371772805,3468660558761528,NPB,NPB,regression_tree
NPB,唐川　侑己,2017,56000000,73449189.1891892,304474203360117.1,NPB,NPB,regression_tree
NPB,二木　康太,2017,40000000,73449189.1891892,1118848257414171.4,NPB,NPB,regression_tree
NPB,関谷　亮太,2017,20500000,16104664.371772805,19318975284763.348,NPB,NPB,regression_tree
NPB,佐々木　千隼,2017,19700000,43054295.532646045,545423119826171,NPB,NPB,regression_tree
NPB,大隣　憲司,2017,10000000,74327542.37288135,4138032707734846,NPB,NPB,regression_tree
NPB,成田　翔,2017,6700000,16104664.371772805,88447711945692.77,NPB,NPB,regression_tree
NPB,西　勇輝,2018,250000000,73449189.1891892,31170188797954708,NPB,NPB,regression_tree
NPB,藤浪　晋太郎,2018,84000000,43054295.532646045,1676550714327889.5,NPB,NPB,regression_tree
NPB,岩貞　祐太,2018,38000000,73449189.1891892,1256645014170928.2,NPB,NPB,regression_tree
NPB,岩田　稔,2018,38000000,74327542.37288135,1319690334853490.2,NPB,NPB,regression_tree
NPB,秋山　拓巳,2018,36000000,43054295.532646045,49763085461909.945,NPB,NPB,regression_tree
NPB,小野　泰己,2018,27000000,73449189.1891892,2157527176333090.5,NPB,NPB,regression_tree
NPB,飯田　優也,2018,19000000,16104664.371772805,8382968400081.765,NPB,NPB,regression_tree
NPB,才木　浩人,2018,15000000,43054295.532646045,787043497833043.9,NPB,NPB,regression_tree
NPB,馬場　皐輔,2018,14500000,16104664.371772805,2574947746037.0117,NPB,NPB,regression_tree
NPB,髙橋　遥人,2018,13000000,16104664.371772805,9638940861355.428,NPB,NPB,regression_tree
NPB,青柳　晃洋,2018,12000000,16104664.371772805,16848269604901.037,NPB,NPB,regression_tree
NPB,今永　昇太,2018,67000000,43054295.532646045,573396762437855.1,NPB,NPB,regression_tree
NPB,石田　健大,2018,58000000,43054295.532646045,223374082025483.97,NPB,NPB,regression_tree
NPB,東　克樹,2018,55500000,73449189.1891892,322173392549306.3,NPB,NPB,regression_tree
NPB,濵口　遥大,2018,50500000,43054295.532646045,55438515015174.64,NPB,NPB,regression_tree
NPB,飯塚　悟史,2018,14000000,16104664.371772805,4429612117809.817,NPB,NPB,regression_tree
NPB,平良　拳太郎,2018,13000000,43054295.532646045,903260679963628,NPB,NPB,regression_tree
NPB,京山　将弥,2018,10500000,16104664.371772805,31412262720219.453,NPB,NPB,regression_tree
NPB,菅野　智之,2018,650000000,423333333.3333333,51377777777777784,NPB,NPB,regression_tree
NPB,山口　俊,2018,229999999.99999997,155622093.02325583,5532073046241205,NPB,NPB,regression_tree
NPB,田口　麗斗,2018,75000000,43054295.532646045,1020528033915518.4,NPB,NPB,regression_tree
NPB,大竹　寛,2018,26250000,74327542.37288135,2311450080616202,NPB,NPB,regression_tree
NPB,今村　信貴,2018,26000000,43054295.532646045,290848996114830.9,NPB,NPB,regression_tree
NPB,鍬原　拓也,2018,16500000,16104664.371772805,156290258945.79077,NPB,NPB,regression_tree
NPB,古川　侑利,2018,16000000,43054295.532646045,731934906767751.75,NPB,NPB,regression_tree
NPB,髙田　萌生,2018,6800000,16104664.371772805,86576779071338.22,NPB,NPB,regression_tree
NPB,吉見　一起,2018,90000000,155622093.02325583,4306259092752841,NPB,NPB,regression_tree
NPB,松坂　大輔,2018,80000000,74327542.37288135,32176775531456.51,NPB,NPB,regression_tree
NPB,山井　大介,2018,62000000,74327542.37288135,151968300955185.22,NPB,NPB,regression_tree
NPB,大野　雄大,2018,60000000,74327542.37288135,205278470446710.62,NPB,NPB,regression_tree
NPB,松葉　貴大,2018,28000000,16104664.371772805,141499009708171.28,NPB,NPB,regression_tree
NPB,笠原　祥太郎,2018,21000000,43054295.532646045,486391951441291.3,NPB,NPB,regression_tree
NPB,小笠原　慎之介,2018,21000000,43054295.532646045,486391951441291.3,NPB,NPB,regression_tree
NPB,柳　裕也,2018,14500000,16104664.371772805,2574947746037.0117,NPB,NPB,regression_tree
NPB,小熊　凌祐,2018,12000000,16104664.371772805,16848269604901.037,NPB,NPB,regression_tree
NPB,鈴木　翔太,2018,10000000,16104664.371772805,37266927091992.26,NPB,NPB,regression_tree
NPB,Ｒ．マルティネス,2018,10000000,16104664.371772805,37266927091992.26,NPB,NPB,regression_tree
NPB,大瀬良　大地,2018,145000000,180043478.26086956,1228045368620037.8,NPB,NPB,regression_tree
NPB,野村　祐輔,2018,120000000,155622093.02325583,1268933511357491.2,NPB,NPB,regression_tree
NPB,九里　亜蓮,2018,62000000,73449189.1891892,131083933089846.75,NPB,NPB,regression_tree
NPB,岡田　明丈,2018,55000000,73449189.1891892,340372581738495.5,NPB,NPB,regression_tree
NPB,中村　祐太,2018,12000000,16104664.371772805,16848269604901.037,NPB,NPB,regression_tree
NPB,高橋　昂也,2018,8000000,16104664.371772805,65685584579083.48,NPB,NPB,regression_tree
NPB,石川　雅規,2018,95000000,159259259.25925925,4129252400548696,NPB,NPB,regression_tree
NPB,小川　泰弘,2018,92000000,43054295.532646045,2395681985805553,NPB,NPB,regression_tree
NPB,原　樹理,2018,40000000,43054295.532646045,9328721200741.588,NPB,NPB,regression_tree
NPB,高梨　裕稔,2018,36000000,43054295.532646045,49763085461909.945,NPB,NPB,regression_tree
NPB,館山　昌平,2018,24000000,74327542.37288135,2532861521294168,NPB,NPB,regression_tree
NPB,山田　大樹,2018,13000000,74327542.37288135,3761067453497558,NPB,NPB,regression_tree
NPB,寺島　成輝,2018,11000000,16104664.371772805,26057598348446.65,NPB,NPB,regression_tree
NPB,高橋　奎二,2018,7000000,16104664.371772805,82894913322629.1,NPB,NPB,regression_tree
NPB,千賀　滉大,2018,160000000,73449189.1891892,7491042852008764,NPB,NPB,regression_tree
NPB,東浜　巨,2018,85000000,43054295.532646045,1759442123262597.5,NPB,NPB,regression_tree
NPB,武田　翔太,2018,85000000,73449189.1891892,133421230387143.75,NPB,NPB,regression_tree
NPB,中田　賢一,2018,60000000,74327542.37288135,205278470446710.62,NPB,NPB,regression_tree
NPB,大竹　耕太郎,2018,15000000,16104664.371772805,1220283374264.2065,NPB,NPB,regression_tree
NPB,松本　裕樹,2018,12000000,16104664.371772805,16848269604901.037,NPB,NPB,regression_tree
NPB,金子　弌大,2018,150000000,74327542.37288135,5726320843328067,NPB,NPB,regression_tree
NPB,吉川　光夫,2018,75000000,74327542.37288135,452199260270.04144,NPB,NPB,regression_tree
NPB,有原　航平,2018,70000000,43054295.532646045,726070989241978.9,NPB,NPB,regression_tree
NPB,上沢　直之,2018,70000000,73449189.1891892,11896906062819.621,NPB,NPB,regression_tree
NPB,村田　透,2018,50000000,74327542.37288135,591829317904337.6,NPB,NPB,regression_tree
NPB,加藤　貴之,2018,35000000,43054295.532646045,64871676527202.04,NPB,NPB,regression_tree
NPB,上原　健太,2018,17000000,16104664.371772805,801625887172.9855,NPB,NPB,regression_tree
NPB,杉浦　稔大,2018,16000000,16104664.371772805,10954630718.595987,NPB,NPB,regression_tree
NPB,斎藤　佑樹,2018,16000000,74327542.37288135,3402102199260269.5,NPB,NPB,regression_tree
NPB,堀　瑞輝,2018,9600000,16104664.371772805,42310658589410.5,NPB,NPB,regression_tree
NPB,吉田　侑樹,2018,9200000,16104664.371772805,47674390086828.75,NPB,NPB,regression_tree
NPB,宮台　康平,2018,7700000,16104664.371772805,70638383202147.16,NPB,NPB,regression_tree
NPB,山岡　泰輔,2018,45000000,73449189.1891892,809356365522279.4,NPB,NPB,regression_tree
NPB,東明　大貴,2018,23000000,16104664.371772805,47545653425899.32,NPB,NPB,regression_tree
NPB,田嶋　大樹,2018,20000000,43054295.532646045,531500542506583.4,NPB,NPB,regression_tree
NPB,竹安　大知,2018,9000000,16104664.371772805,50476255835537.87,NPB,NPB,regression_tree
NPB,榊原　翼,2018,7500000,16104664.371772805,74040248950856.28,NPB,NPB,regression_tree
NPB,岸　孝之,2018,300000000,423333333.3333333,15211111111111106,NPB,NPB,regression_tree
NPB,則本　昂大,2018,250000000,180043478.26086956,4893914933837429,NPB,NPB,regression_tree
NPB,美馬　学,2018,65000000,74327542.37288135,87003046717897.1,NPB,NPB,regression_tree
NPB,辛島　航,2018,50000000,43054295.532646045,48242810547820.69,NPB,NPB,regression_tree
NPB,塩見　貴洋,2018,34000000,74327542.37288135,1626310673836541,NPB,NPB,regression_tree
NPB,福井　優也,2018,25000000,74327542.37288135,2433206436548405.5,NPB,NPB,regression_tree
NPB,藤平　尚真,2018,18000000,43054295.532646045,627717724637167.6,NPB,NPB,regression_tree
NPB,安樂　智大,2018,16000000,16104664.371772805,10954630718.595987,NPB,NPB,regression_tree
NPB,西口　直人,2018,6300000,16104664.371772805,96131443443111.02,NPB,NPB,regression_tree
NPB,内海　哲也,2018,100000000,74327542.37288135,659075080616202.4,NPB,NPB,regression_tree
NPB,多和田　真三郎,2018,80000000,73449189.1891892,42913122279035.71,NPB,NPB,regression_tree
NPB,榎田　大樹,2018,55000000,155622093.02325583,10124805604380748,NPB,NPB,regression_tree
NPB,十亀　剣,2018,51000000,155622093.02325583,10945782348566796,NPB,NPB,regression_tree
NPB,髙橋　光成,2018,18500000,16104664.371772805,5737632771854.57,NPB,NPB,regression_tree
NPB,今井　達也,2018,18000000,43054295.532646045,627717724637167.6,NPB,NPB,regression_tree
NPB,郭　俊麟,2018,12000000,16104664.371772805,16848269604901.037,NPB,NPB,regression_tree
NPB,涌井　秀章,2018,200000000,155622093.02325583,1969398627636559.2,NPB,NPB,regression_tree
NPB,石川　歩,2018,115000000.00000001,155622093.02325583,1650154441590048.2,NPB,NPB,regression_tree
NPB,二木　康太,2018,43000000,43054295.532646045,2948004865.317748,NPB,NPB,regression_tree
NPB,有吉　優樹,2018,42000000,43054295.532646045,1111539070157.408,NPB,NPB,regression_tree
NPB,酒居　知史,2018,21500000,43054295.532646045,464587655908645.25,NPB,NPB,regression_tree
NPB,土肥　星也,2018,11800000,16104664.371772805,18530135353610.16,NPB,NPB,regression_tree
NPB,山本　大貴,2018,11500000,16104664.371772805,21202933976673.844,NPB,NPB,regression_tree
NPB,渡邉　啓太,2018,11000000,16104664.371772805,26057598348446.65,NPB,NPB,regression_tree
NPB,種市　篤暉,2018,6800000,16104664.371772805,86576779071338.22,NPB,NPB,regression_tree
NPB,西　勇輝,2019,200000000,196927419.3548387,9440751821019.836,NPB,NPB,regression_tree
NPB,藤浪　晋太郎,2019,63000000,16104664.371772805,2199172503684075,NPB,NPB,regression_tree
NPB,岩田　稔,2019,38000000,74327542.37288135,1319690334853490.2,NPB,NPB,regression_tree
NPB,中田　賢一,2019,35000000,74327542.37288135,1546655589090778.2,NPB,NPB,regression_tree
NPB,秋山　拓巳,2019,32000000,16104664.371772805,252661694733988.84,NPB,NPB,regression_tree
NPB,岩貞　祐太,2019,32000000,16104664.371772805,252661694733988.84,NPB,NPB,regression_tree
NPB,青柳　晃洋,2019,30000000,73449189.1891892,1887832041197955.2,NPB,NPB,regression_tree
NPB,髙橋　遥人,2019,22000000,43054295.532646045,443283360375999.2,NPB,NPB,regression_tree
NPB,才木　浩人,2019,13000000,16104664.371772805,9638940861355.428,NPB,NPB,regression_tree
NPB,望月　惇志,2019,11500000,16104664.371772805,21202933976673.844,NPB,NPB,regression_tree
NPB,今永　昇太,2019,136000000,73449189.1891892,3912603933089846,NPB,NPB,regression_tree
NPB,井納　翔一,2019,61000000,74327542.37288135,177623385700947.94,NPB,NPB,regression_tree
NPB,濵口　遥大,2019,55000000,43054295.532646045,142699855221360.25,NPB,NPB,regression_tree
NPB,東　克樹,2019,44000000,16104664.371772805,778149749811441.6,NPB,NPB,regression_tree
NPB,上茶谷　大河,2019,43000000,73449189.1891892,927153122279036.1,NPB,NPB,regression_tree
NPB,大貫　晋一,2019,25000000,43054295.532646045,325957587180122.94,NPB,NPB,regression_tree
NPB,平良　拳太郎,2019,21000000,43054295.532646045,486391951441291.3,NPB,NPB,regression_tree
NPB,京山　将弥,2019,11200000,16104664.371772805,24055732599737.527,NPB,NPB,regression_tree
NPB,阪口　皓亮,2019,6100000,16104664.371772805,100093309191820.14,NPB,NPB,regression_tree
NPB,菅野　智之,2019,650000000,155622093.02325583,244409514906706300,NPB,NPB,regression_tree
NPB,桜井　俊貴,2019,30000000,43054295.532646045,170414631853662.5,NPB,NPB,regression_tree
NPB,今村　信貴,2019,28000000,43054295.532646045,226631813984246.66,NPB,NPB,regression_tree
NPB,髙橋　優貴,2019,24000000,43054295.532646045,363066178245415,NPB,NPB,regression_tree
NPB,畠　世周,2019,16300000,16104664.371772805,38156007654.91285,NPB,NPB,regression_tree
NPB,古川　侑利,2019,16000000,16104664.371772805,10954630718.595987,NPB,NPB,regression_tree
NPB,戸郷　翔征,2019,6500000,16104664.371772805,92249577694401.89,NPB,NPB,regression_tree
NPB,大野　雄大,2019,130000000,196927419.3548387,4479279461498437.5,NPB,NPB,regression_tree
NPB,吉見　一起,2019,90000000,74327542.37288135,245625928073829.47,NPB,NPB,regression_tree
NPB,山井　大介,2019,46500000,74327542.37288135,774372114514507.1,NPB,NPB,regression_tree
NPB,柳　裕也,2019,45000000,73449189.1891892,809356365522279.4,NPB,NPB,regression_tree
NPB,松葉　貴大,2019,25000000,16104664.371772805,79126995938808.11,NPB,NPB,regression_tree
NPB,小笠原　慎之介,2019,19000000,16104664.371772805,8382968400081.765,NPB,NPB,regression_tree
NPB,福谷　浩司,2019,18000000,16104664.371772805,3592297143627.375,NPB,NPB,regression_tree
NPB,笠原　祥太郎,2019,16500000,16104664.371772805,156290258945.79077,NPB,NPB,regression_tree
NPB,梅津　晃大,2019,15000000,16104664.371772805,1220283374264.2065,NPB,NPB,regression_tree
NPB,山本　拓実,2019,11000000,16104664.371772805,26057598348446.65,NPB,NPB,regression_tree
NPB,勝野　昌慶,2019,11000000,16104664.371772805,26057598348446.65,NPB,NPB,regression_tree
NPB,清水　達也,2019,8000000,16104664.371772805,65685584579083.48,NPB,NPB,regression_tree
NPB,阿知羅　拓馬,2019,8000000,16104664.371772805,65685584579083.48,NPB,NPB,regression_tree
NPB,Ｋ．ジョンソン,2019,272500000,196927419.3548387,5711214945369408,NPB,NPB,regression_tree
NPB,大瀬良　大地,2019,175000000,73449189.1891892,10312567176333088,NPB,NPB,regression_tree
NPB,野村　祐輔,2019,120000000,74327542.37288135,2085973385700948.2,NPB,NPB,regression_tree
NPB,九里　亜蓮,2019,72000000,43054295.532646045,837853807111394.75,NPB,NPB,regression_tree
NPB,岡田　明丈,2019,44000000,16104664.371772805,778149749811441.6,NPB,NPB,regression_tree
NPB,薮田　和樹,2019,28000000,16104664.371772805,141499009708171.28,NPB,NPB,regression_tree
NPB,床田　寛樹,2019,27000000,73449189.1891892,2157527176333090.5,NPB,NPB,regression_tree
NPB,アドゥワ　誠,2019,22000000,43054295.532646045,443283360375999.2,NPB,NPB,regression_tree
NPB,中村　祐太,2019,10000000,16104664.371772805,37266927091992.26,NPB,NPB,regression_tree
NPB,山口　翔,2019,7500000,16104664.371772805,74040248950856.28,NPB,NPB,regression_tree
NPB,石川　雅規,2019,105000000,155622093.02325583,2562596302055166,NPB,NPB,regression_tree
NPB,小川　泰弘,2019,90000000,155622093.02325583,4306259092752841,NPB,NPB,regression_tree
NPB,原　樹理,2019,33000000,43054295.532646045,101088858657786.22,NPB,NPB,regression_tree
NPB,高梨　裕稔,2019,33000000,43054295.532646045,101088858657786.22,NPB,NPB,regression_tree
NPB,山田　大樹,2019,20000000,74327542.37288135,2951481860277219,NPB,NPB,regression_tree
NPB,高橋　奎二,2019,17000000,43054295.532646045,678826315702459.6,NPB,NPB,regression_tree
NPB,田川　賢吾,2019,7000000,16104664.371772805,82894913322629.1,NPB,NPB,regression_tree
NPB,千賀　滉大,2019,300000000,180043478.26086956,14389567107750474,NPB,NPB,regression_tree
NPB,和田　毅,2019,100000000,74327542.37288135,659075080616202.4,NPB,NPB,regression_tree
NPB,東浜　巨,2019,67000000,16104664.371772805,2590335188709892.5,NPB,NPB,regression_tree
NPB,高橋　礼,2019,50000000,73449189.1891892,549864473630387.44,NPB,NPB,regression_tree
NPB,大竹　耕太郎,2019,27000000,43054295.532646045,257740405049538.75,NPB,NPB,regression_tree
NPB,二保　旭,2019,22000000,16104664.371772805,34754982169444.934,NPB,NPB,regression_tree
NPB,松本　裕樹,2019,12000000,16104664.371772805,16848269604901.037,NPB,NPB,regression_tree
NPB,金子　弌大,2019,180000000,159259259.25925925,430178326474623,NPB,NPB,regression_tree
NPB,有原　航平,2019,145000000,73449189.1891892,5119518527684440,NPB,NPB,regression_tree
NPB,上沢　直之,2019,60000000,43054295.532646045,287156899894899.8,NPB,NPB,regression_tree
NPB,加藤　貴之,2019,57000000,43054295.532646045,194482673090776.06,NPB,NPB,regression_tree
NPB,杉浦　稔大,2019,20000000,16104664.371772805,15173639656536.154,NPB,NPB,regression_tree
NPB,上原　健太,2019,17000000,16104664.371772805,801625887172.9855,NPB,NPB,regression_tree
NPB,吉田　輝星,2019,10300000,16104664.371772805,33694128468928.574,NPB,NPB,regression_tree
NPB,北浦　竜次,2019,7000000,16104664.371772805,82894913322629.1,NPB,NPB,regression_tree
NPB,山岡　泰輔,2019,100000000,73449189.1891892,704945554711467.9,NPB,NPB,regression_tree
NPB,山本　由伸,2019,90000000,148977272.72727272,3478318698347106.5,NPB,NPB,regression_tree
NPB,Ｋ－鈴木,2019,22000000,43054295.532646045,443283360375999.2,NPB,NPB,regression_tree
NPB,榊原　翼,2019,19000000,43054295.532646045,578609133571875.5,NPB,NPB,regression_tree
NPB,田嶋　大樹,2019,18000000,16104664.371772805,3592297143627.375,NPB,NPB,regression_tree
NPB,東明　大貴,2019,18000000,74327542.37288135,3172792029768744.5,NPB,NPB,regression_tree
NPB,竹安　大知,2019,18000000,16104664.371772805,3592297143627.375,NPB,NPB,regression_tree
NPB,荒西　祐大,2019,15800000,16104664.371772805,92820379427.71808,NPB,NPB,regression_tree
NPB,張　奕,2019,8000000,16104664.371772805,65685584579083.48,NPB,NPB,regression_tree
NPB,鈴木　優,2019,5300000,16104664.371772805,116740772186656.62,NPB,NPB,regression_tree
NPB,則本　昂大,2019,300000000,43054295.532646045,66021095044224790,NPB,NPB,regression_tree
NPB,岸　孝之,2019,300000000,74327542.37288135,50928058131463664,NPB,NPB,regression_tree
NPB,涌井　秀章,2019,125000000,159259259.25925925,1173696844993141,NPB,NPB,regression_tree
NPB,辛島　航,2019,62000000,43054295.532646045,358939717764315.6,NPB,NPB,regression_tree
NPB,塩見　貴洋,2019,30000000,74327542.37288135,1964931012819591.8,NPB,NPB,regression_tree
NPB,石橋　良太,2019,26000000,73449189.1891892,2251425554711468.8,NPB,NPB,regression_tree
NPB,福井　優也,2019,23000000,74327542.37288135,2634516606039930.5,NPB,NPB,regression_tree
NPB,藤平　尚真,2019,15000000,16104664.371772805,1220283374264.2065,NPB,NPB,regression_tree
NPB,釜田　佳直,2019,15000000,16104664.371772805,1220283374264.2065,NPB,NPB,regression_tree
NPB,弓削　隼人,2019,13500000,16104664.371772805,6784276489582.622,NPB,NPB,regression_tree
NPB,菅原　秀,2019,13000000,16104664.371772805,9638940861355.428,NPB,NPB,regression_tree
NPB,近藤　弘樹,2019,10000000,16104664.371772805,37266927091992.26,NPB,NPB,regression_tree
NPB,熊原　健人,2019,9000000,16104664.371772805,50476255835537.87,NPB,NPB,regression_tree
NPB,髙田　萌生,2019,7100000,16104664.371772805,81083980448274.53,NPB,NPB,regression_tree
NPB,十亀　剣,2019,70000000,74327542.37288135,18727622989083.57,NPB,NPB,regression_tree
NPB,榎田　大樹,2019,48000000,74327542.37288135,693139487395863.1,NPB,NPB,regression_tree
NPB,髙橋　光成,2019,40000000,73449189.1891892,1118848257414171.4,NPB,NPB,regression_tree
NPB,今井　達也,2019,35000000,73449189.1891892,1478340149306063.2,NPB,NPB,regression_tree
NPB,松坂　大輔,2019,30000000,74327542.37288135,1964931012819591.8,NPB,NPB,regression_tree
NPB,松本　航,2019,21000000,43054295.532646045,486391951441291.3,NPB,NPB,regression_tree
NPB,本田　圭佑,2019,16000000,43054295.532646045,731934906767751.75,NPB,NPB,regression_tree
NPB,相内　誠,2019,5900000,16104664.371772805,104135174940529.27,NPB,NPB,regression_tree
NPB,石川　歩,2019,105000000,159259259.25925925,2944067215363511,NPB,NPB,regression_tree
NPB,美馬　学,2019,65000000,155622093.02325583,8212363743915632,NPB,NPB,regression_tree
NPB,二木　康太,2019,46000000,73449189.1891892,753457987143901,NPB,NPB,regression_tree
NPB,有吉　優樹,2019,34000000,16104664.371772805,320243037246897.7,NPB,NPB,regression_tree
NPB,種市　篤暉,2019,30000000,43054295.532646045,170414631853662.5,NPB,NPB,regression_tree
NPB,岩下　大輝,2019,25000000,43054295.532646045,325957587180122.94,NPB,NPB,regression_tree
NPB,佐々木　千隼,2019,19700000,16104664.371772805,12926438279599.838,NPB,NPB,regression_tree
NPB,小島　和哉,2019,17000000,16104664.371772805,801625887172.9855,NPB,NPB,regression_tree
NPB,土肥　星也,2019,15300000,16104664.371772805,647484751200.5233,NPB,NPB,regression_tree
NPB,チェン・ウェイン,2020,206000000,74327542.37288135,17337636097565356,NPB,NPB,regression_tree
NPB,西　勇輝,2020,200000000,196927419.3548387,9440751821019.836,NPB,NPB,regression_tree
NPB,秋山　拓巳,2020,51000000,43054295.532646045,63134219482528.59,NPB,NPB,regression_tree
NPB,青柳　晃洋,2020,50000000,73449189.1891892,549864473630387.44,NPB,NPB,regression_tree
NPB,髙橋　遥人,2020,29000000,43054295.532646045,197523222918954.6,NPB,NPB,regression_tree
NPB,二保　旭,2020,28000000,74327542.37288135,2146241182311117.2,NPB,NPB,regression_tree
NPB,岩田　稔,2020,18600000,74327542.37288135,3105558978921286.5,NPB,NPB,regression_tree
NPB,中田　賢一,2020,17500000,74327542.37288135,3229369572141625.5,NPB,NPB,regression_tree
NPB,今永　昇太,2020,100000000,16104664.371772805,7038427340172886,NPB,NPB,regression_tree
NPB,濵口　遥大,2020,55000000,43054295.532646045,142699855221360.25,NPB,NPB,regression_tree
NPB,大貫　晋一,2020,52500000,43054295.532646045,89221332884590.47,NPB,NPB,regression_tree
NPB,上茶谷　大河,2020,43000000,16104664.371772805,723359078554987.25,NPB,NPB,regression_tree
NPB,平良　拳太郎,2020,33000000,43054295.532646045,101088858657786.22,NPB,NPB,regression_tree
NPB,有吉　優樹,2020,27000000,16104664.371772805,118708338451716.88,NPB,NPB,regression_tree
NPB,坂本　裕哉,2020,16450000,16104664.371772805,119256696123.07129,NPB,NPB,regression_tree
NPB,京山　将弥,2020,13200000,16104664.371772805,8437075112646.306,NPB,NPB,regression_tree
NPB,阪口　皓亮,2020,6100000,16104664.371772805,100093309191820.14,NPB,NPB,regression_tree
NPB,中川　虎大,2020,4700000,16104664.371772805,130066369432784,NPB,NPB,regression_tree
NPB,菅野　智之,2020,800000000,423333333.3333333,1.4187777777777779e+17,NPB,NPB,regression_tree
NPB,井納　翔一,2020,100000000,74327542.37288135,659075080616202.4,NPB,NPB,regression_tree
NPB,今村　信貴,2020,30000000,16104664.371772805,193080352221080.06,NPB,NPB,regression_tree
NPB,戸郷　翔征,2020,26000000,43054295.532646045,290848996114830.9,NPB,NPB,regression_tree
NPB,畠　世周,2020,22000000,16104664.371772805,34754982169444.934,NPB,NPB,regression_tree
NPB,髙橋　優貴,2020,19200000,16104664.371772805,9581102651372.643,NPB,NPB,regression_tree
NPB,直江　大輔,2020,7500000,16104664.371772805,74040248950856.28,NPB,NPB,regression_tree
NPB,横川　凱,2020,6300000,16104664.371772805,96131443443111.02,NPB,NPB,regression_tree
NPB,大野　雄大,2020,300000000,423333333.3333333,15211111111111106,NPB,NPB,regression_tree
NPB,柳　裕也,2020,41000000,43054295.532646045,4220130135449.498,NPB,NPB,regression_tree
NPB,福谷　浩司,2020,29000000,43054295.532646045,197523222918954.6,NPB,NPB,regression_tree
NPB,松葉　貴大,2020,25000000,74327542.37288135,2433206436548405.5,NPB,NPB,regression_tree
NPB,勝野　昌慶,2020,16500000,43054295.532646045,705130611235105.75,NPB,NPB,regression_tree
NPB,梅津　晃大,2020,15000000,16104664.371772805,1220283374264.2065,NPB,NPB,regression_tree
NPB,小笠原　慎之介,2020,14500000,16104664.371772805,2574947746037.0117,NPB,NPB,regression_tree
NPB,岡野　祐一郎,2020,11000000,16104664.371772805,26057598348446.65,NPB,NPB,regression_tree
NPB,山本　拓実,2020,10560000,16104664.371772805,30743302995606.72,NPB,NPB,regression_tree
NPB,清水　達也,2020,8000000,16104664.371772805,65685584579083.48,NPB,NPB,regression_tree
NPB,大瀬良　大地,2020,150000000,43054295.532646045,11437383704018612,NPB,NPB,regression_tree
NPB,野村　祐輔,2020,120000000,74327542.37288135,2085973385700948.2,NPB,NPB,regression_tree
NPB,九里　亜蓮,2020,87000000,196927419.3548387,12084037526014566,NPB,NPB,regression_tree
NPB,森下　暢仁,2020,43000000,148977272.72727272,11231182334710742,NPB,NPB,regression_tree
NPB,床田　寛樹,2020,27000000,43054295.532646045,257740405049538.75,NPB,NPB,regression_tree
NPB,遠藤　淳志,2020,24000000,43054295.532646045,363066178245415,NPB,NPB,regression_tree
NPB,中村　祐太,2020,15000000,16104664.371772805,1220283374264.2065,NPB,NPB,regression_tree
NPB,小川　泰弘,2020,160000000,155622093.02325583,19166069497025.32,NPB,NPB,regression_tree
NPB,石川　雅規,2020,90000000,74327542.37288135,245625928073829.47,NPB,NPB,regression_tree
NPB,田口　麗斗,2020,70000000,43054295.532646045,726070989241978.9,NPB,NPB,regression_tree
NPB,高梨　裕稔,2020,37000000,43054295.532646045,36654494396617.86,NPB,NPB,regression_tree
NPB,原　樹理,2020,26000000,16104664.371772805,97917667195262.48,NPB,NPB,regression_tree
NPB,奥川　恭伸,2020,16000000,16104664.371772805,10954630718.595987,NPB,NPB,regression_tree
NPB,吉田　大喜,2020,15000000,43054295.532646045,787043497833043.9,NPB,NPB,regression_tree
NPB,高橋　奎二,2020,14500000,16104664.371772805,2574947746037.0117,NPB,NPB,regression_tree
NPB,歳内　宏明,2020,8000000,16104664.371772805,65685584579083.48,NPB,NPB,regression_tree
NPB,金久保　優斗,2020,5800000,16104664.371772805,106186107814883.83,NPB,NPB,regression_tree
NPB,千賀　滉大,2020,400000000,148977272.72727272,63012409607438024,NPB,NPB,regression_tree
NPB,和田　毅,2020,150000000,74327542.37288135,5726320843328067,NPB,NPB,regression_tree
NPB,東浜　巨,2020,90000000,196927419.3548387,11433473009885534,NPB,NPB,regression_tree
NPB,石川　柊太,2020,80000000,43054295.532646045,1364985078589058,NPB,NPB,regression_tree
NPB,武田　翔太,2020,60000000,16104664.371772805,1926800489914712,NPB,NPB,regression_tree
NPB,大竹　耕太郎,2020,24000000,16104664.371772805,62336324682353.71,NPB,NPB,regression_tree
NPB,笠谷　俊介,2020,22000000,16104664.371772805,34754982169444.934,NPB,NPB,regression_tree
NPB,上沢　直之,2020,85000000,43054295.532646045,1759442123262597.5,NPB,NPB,regression_tree
NPB,杉浦　稔大,2020,37000000,43054295.532646045,36654494396617.86,NPB,NPB,regression_tree
NPB,河野　竜生,2020,17500000,43054295.532646045,653022020169813.6,NPB,NPB,regression_tree
NPB,上原　健太,2020,17000000,16104664.371772805,801625887172.9855,NPB,NPB,regression_tree
NPB,吉田　輝星,2020,10300000,16104664.371772805,33694128468928.574,NPB,NPB,regression_tree
NPB,山本　由伸,2020,150000000,148977272.72727272,1045971074380.1819,NPB,NPB,regression_tree
NPB,山岡　泰輔,2020,85000000,43054295.532646045,1759442123262597.5,NPB,NPB,regression_tree
NPB,田嶋　大樹,2020,42000000,73449189.1891892,989051500657414.6,NPB,NPB,regression_tree
NPB,山﨑　福也,2020,28000000,43054295.532646045,226631813984246.66,NPB,NPB,regression_tree
NPB,竹安　大知,2020,16000000,16104664.371772805,10954630718.595987,NPB,NPB,regression_tree
NPB,榊原　翼,2020,15000000,16104664.371772805,1220283374264.2065,NPB,NPB,regression_tree
NPB,張　奕,2020,11000000,16104664.371772805,26057598348446.65,NPB,NPB,regression_tree
NPB,宮城　大弥,2020,8700000,16104664.371772805,54829054458601.555,NPB,NPB,regression_tree
NPB,本田　仁海,2020,5000000,16104664.371772805,123313570809720.31,NPB,NPB,regression_tree
NPB,則本　昂大,2020,300000000,159259259.25925925,19807956104252404,NPB,NPB,regression_tree
NPB,岸　孝之,2020,250000000,74327542.37288135,30860812368751796,NPB,NPB,regression_tree
NPB,涌井　秀章,2020,160000000,155622093.02325583,19166069497025.32,NPB,NPB,regression_tree
NPB,塩見　貴洋,2020,40000000,74327542.37288135,1178380165361964.8,NPB,NPB,regression_tree
NPB,石橋　良太,2020,20000000,43054295.532646045,531500542506583.4,NPB,NPB,regression_tree
NPB,福井　優也,2020,20000000,74327542.37288135,2951481860277219,NPB,NPB,regression_tree
NPB,弓削　隼人,2020,13500000,16104664.371772805,6784276489582.622,NPB,NPB,regression_tree
NPB,瀧中　瞭太,2020,13000000,16104664.371772805,9638940861355.428,NPB,NPB,regression_tree
NPB,髙橋　光成,2020,67000000,73449189.1891892,41592041197954.8,NPB,NPB,regression_tree
NPB,内海　哲也,2020,56250000,74327542.37288135,326797538243320.75,NPB,NPB,regression_tree
NPB,榎田　大樹,2020,37000000,74327542.37288135,1393345419599252.8,NPB,NPB,regression_tree
NPB,松本　航,2020,30000000,43054295.532646045,170414631853662.5,NPB,NPB,regression_tree
NPB,今井　達也,2020,28000000,43054295.532646045,226631813984246.66,NPB,NPB,regression_tree
NPB,浜屋　将太,2020,15500000,16104664.371772805,365619002491.40125,NPB,NPB,regression_tree
NPB,本田　圭佑,2020,13600000,16104664.371772805,6273343615228.062,NPB,NPB,regression_tree
NPB,與座　海人,2020,9000000,16104664.371772805,50476255835537.87,NPB,NPB,regression_tree
NPB,美馬　学,2020,120000000,155622093.02325583,1268933511357491.2,NPB,NPB,regression_tree
NPB,石川　歩,2020,110000000.00000001,155622093.02325583,2081375371822606.5,NPB,NPB,regression_tree
NPB,二木　康太,2020,60000000,43054295.532646045,287156899894899.8,NPB,NPB,regression_tree
NPB,岩下　大輝,2020,35000000,43054295.532646045,64871676527202.04,NPB,NPB,regression_tree
NPB,小島　和哉,2020,34000000,43054295.532646045,81980267592494.125,NPB,NPB,regression_tree
NPB,種市　篤暉,2020,27000000,16104664.371772805,118708338451716.88,NPB,NPB,regression_tree
NPB,中村　稔弥,2020,18000000,43054295.532646045,627717724637167.6,NPB,NPB,regression_tree
NPB,大嶺　祐太,2020,12000000,74327542.37288135,3884722538243320.5,NPB,NPB,regression_tree
NPB,古谷　拓郎,2020,4800000,16104664.371772805,127795436558429.44,NPB,NPB,regression_tree
NPB,チェン・ウェイン,2021,210000000,74327542.37288135,18407015758582304,NPB,NPB,regression_tree
NPB,西　勇輝,2021,200000000,155622093.02325583,1969398627636559.2,NPB,NPB,regression_tree
NPB,青柳　晃洋,2021,120000000,73449189.1891892,2166977987143900,NPB,NPB,regression_tree
NPB,秋山　拓巳,2021,110000000.00000001,196927419.3548387,7556376235691983,NPB,NPB,regression_tree
NPB,伊藤　将司,2021,44000000,73449189.1891892,867254743900657.75,NPB,NPB,regression_tree
NPB,髙橋　遥人,2021,32000000,16104664.371772805,252661694733988.84,NPB,NPB,regression_tree
NPB,二保　旭,2021,27000000,74327542.37288135,2239896267056880,NPB,NPB,regression_tree
NPB,西　純矢,2021,12500000,16104664.371772805,12993605233128.232,NPB,NPB,regression_tree
NPB,村上　頌樹,2021,7500000,16104664.371772805,74040248950856.28,NPB,NPB,regression_tree
NPB,今永　昇太,2021,100000000,73449189.1891892,704945554711467.9,NPB,NPB,regression_tree
NPB,濵口　遥大,2021,58300000,43054295.532646045,232431504705896.34,NPB,NPB,regression_tree
NPB,大貫　晋一,2021,57800000,43054295.532646045,217435800238542.38,NPB,NPB,regression_tree
NPB,上茶谷　大河,2021,33000000,16104664.371772805,285452365990443.25,NPB,NPB,regression_tree
NPB,有吉　優樹,2021,27000000,74327542.37288135,2239896267056880,NPB,NPB,regression_tree
NPB,平良　拳太郎,2021,27000000,16104664.371772805,118708338451716.88,NPB,NPB,regression_tree
NPB,東　克樹,2021,25100000,16104664.371772805,80916063064453.55,NPB,NPB,regression_tree
NPB,坂本　裕哉,2021,22000000,43054295.532646045,443283360375999.2,NPB,NPB,regression_tree
NPB,京山　将弥,2021,20900000,43054295.532646045,490812810547820.5,NPB,NPB,regression_tree
NPB,入江　大生,2021,16000000,16104664.371772805,10954630718.595987,NPB,NPB,regression_tree
NPB,阪口　皓亮,2021,9350000,16104664.371772805,45625490775296.91,NPB,NPB,regression_tree
NPB,宮國　椋丞,2021,8400000,16104664.371772805,59361853081665.234,NPB,NPB,regression_tree
NPB,中川　虎大,2021,6600000,16104664.371772805,90338644820047.33,NPB,NPB,regression_tree
NPB,菅野　智之,2021,600000000,159259259.25925925,194252400548696860,NPB,NPB,regression_tree
NPB,山口　俊,2021,60000000,74327542.37288135,205278470446710.62,NPB,NPB,regression_tree
NPB,戸郷　翔征,2021,40000000,73449189.1891892,1118848257414171.4,NPB,NPB,regression_tree
NPB,髙橋　優貴,2021,36000000,73449189.1891892,1402441770927685,NPB,NPB,regression_tree
NPB,今村　信貴,2021,30000000,43054295.532646045,170414631853662.5,NPB,NPB,regression_tree
NPB,直江　大輔,2021,7600000,16104664.371772805,72329316076501.72,NPB,NPB,regression_tree
NPB,横川　凱,2021,6500000,16104664.371772805,92249577694401.89,NPB,NPB,regression_tree
NPB,大野　雄大,2021,300000000,196927419.3548387,10623956880853280,NPB,NPB,regression_tree
NPB,柳　裕也,2021,100000000,148977272.72727272,2398773243801652,NPB,NPB,regression_tree
NPB,小笠原　慎之介,2021,36000000,73449189.1891892,1402441770927685,NPB,NPB,regression_tree
NPB,福谷　浩司,2021,29000000,74327542.37288135,2054586097565354.5,NPB,NPB,regression_tree
NPB,松葉　貴大,2021,28000000,74327542.37288135,2146241182311117.2,NPB,NPB,regression_tree
NPB,勝野　昌慶,2021,21000000,43054295.532646045,486391951441291.3,NPB,NPB,regression_tree
NPB,梅津　晃大,2021,12000000,16104664.371772805,16848269604901.037,NPB,NPB,regression_tree
NPB,笠原　祥太郎,2021,10000000,16104664.371772805,37266927091992.26,NPB,NPB,regression_tree
NPB,岡野　祐一郎,2021,8800000,16104664.371772805,53358121584246.99,NPB,NPB,regression_tree
NPB,清水　達也,2021,7200000,16104664.371772805,79293047573919.97,NPB,NPB,regression_tree
NPB,大瀬良　大地,2021,180000000,336071428.5714286,24358290816326540,NPB,NPB,regression_tree
NPB,九里　亜蓮,2021,140000000,155622093.02325583,244049790427258.3,NPB,NPB,regression_tree
NPB,森下　暢仁,2021,75000000,73449189.1891892,2405014170927.6646,NPB,NPB,regression_tree
NPB,野村　祐輔,2021,72000000,74327542.37288135,5417453497558.159,NPB,NPB,regression_tree
NPB,床田　寛樹,2021,33000000,43054295.532646045,101088858657786.22,NPB,NPB,regression_tree
NPB,遠藤　淳志,2021,20000000,16104664.371772805,15173639656536.154,NPB,NPB,regression_tree
NPB,薮田　和樹,2021,19000000,16104664.371772805,8382968400081.765,NPB,NPB,regression_tree
NPB,中村　祐太,2021,13000000,16104664.371772805,9638940861355.428,NPB,NPB,regression_tree
NPB,玉村　昇悟,2021,12000000,43054295.532646045,964369271028920.1,NPB,NPB,regression_tree
NPB,高橋　昂也,2021,12000000,43054295.532646045,964369271028920.1,NPB,NPB,regression_tree
NPB,小林　樹斗,2021,5000000,16104664.371772805,123313570809720.31,NPB,NPB,regression_tree
NPB,小川　泰弘,2021,160000000,155622093.02325583,19166069497025.32,NPB,NPB,regression_tree
NPB,サイスニード,2021,95000000,43054295.532646045,2698356212609676.5,NPB,NPB,regression_tree
NPB,石川　雅規,2021,90000000,74327542.37288135,245625928073829.47,NPB,NPB,regression_tree
NPB,田口　麗斗,2021,70000000,43054295.532646045,726070989241978.9,NPB,NPB,regression_tree
NPB,高梨　裕稔,2021,37000000,74327542.37288135,1393345419599252.8,NPB,NPB,regression_tree
NPB,奥川　恭伸,2021,36000000,43054295.532646045,49763085461909.945,NPB,NPB,regression_tree
NPB,原　樹理,2021,26000000,16104664.371772805,97917667195262.48,NPB,NPB,regression_tree
NPB,高橋　奎二,2021,22000000,43054295.532646045,443283360375999.2,NPB,NPB,regression_tree
NPB,金久保　優斗,2021,12000000,16104664.371772805,16848269604901.037,NPB,NPB,regression_tree
NPB,山野　太一,2021,9500000,16104664.371772805,43621591463765.06,NPB,NPB,regression_tree
NPB,千賀　滉大,2021,600000000,43054295.532646045,310188517724637200,NPB,NPB,regression_tree
NPB,武田　翔太,2021,150000000,43054295.532646045,11437383704018612,NPB,NPB,regression_tree
NPB,和田　毅,2021,150000000,74327542.37288135,5726320843328067,NPB,NPB,regression_tree
NPB,石川　柊太,2021,120000000,155622093.02325583,1268933511357491.2,NPB,NPB,regression_tree
NPB,東浜　巨,2021,80000000,74327542.37288135,32176775531456.51,NPB,NPB,regression_tree
NPB,笠谷　俊介,2021,22000000,16104664.371772805,34754982169444.934,NPB,NPB,regression_tree
NPB,大竹　耕太郎,2021,21000000,16104664.371772805,23964310912990.543,NPB,NPB,regression_tree
NPB,上沢　直之,2021,150000000,73449189.1891892,5860026635792548,NPB,NPB,regression_tree
NPB,加藤　貴之,2021,73000000,155622093.02325583,6826410255543539,NPB,NPB,regression_tree
NPB,金子　千尋,2021,20000000,74327542.37288135,2951481860277219,NPB,NPB,regression_tree
NPB,立野　和明,2021,17000000,16104664.371772805,801625887172.9855,NPB,NPB,regression_tree
NPB,池田　隆英,2021,17000000,43054295.532646045,678826315702459.6,NPB,NPB,regression_tree
NPB,吉田　輝星,2021,9700000,16104664.371772805,41019725715055.945,NPB,NPB,regression_tree
NPB,生田目　翼,2021,9000000,16104664.371772805,50476255835537.87,NPB,NPB,regression_tree
NPB,山本　由伸,2021,370000000,380000000,100000000000000,NPB,NPB,regression_tree
NPB,田嶋　大樹,2021,80000000,73449189.1891892,42913122279035.71,NPB,NPB,regression_tree
NPB,山岡　泰輔,2021,72000000,43054295.532646045,837853807111394.75,NPB,NPB,regression_tree
NPB,増井　浩俊,2021,70000000,74327542.37288135,18727622989083.57,NPB,NPB,regression_tree
NPB,宮城　大弥,2021,50000000,73449189.1891892,549864473630387.44,NPB,NPB,regression_tree
NPB,山﨑　福也,2021,50000000,43054295.532646045,48242810547820.69,NPB,NPB,regression_tree
NPB,山﨑　颯一郎,2021,13000000,16104664.371772805,9638940861355.428,NPB,NPB,regression_tree
NPB,榊原　翼,2021,8000000,16104664.371772805,65685584579083.48,NPB,NPB,regression_tree
NPB,本田　仁海,2021,5000000,16104664.371772805,123313570809720.31,NPB,NPB,regression_tree
NPB,田中　将大,2021,900000000,336071428.5714286,318015433673469440,NPB,NPB,regression_tree
NPB,則本　昂大,2021,300000000,423333333.3333333,15211111111111106,NPB,NPB,regression_tree
NPB,岸　孝之,2021,250000000,155622093.02325583,8907189325310977,NPB,NPB,regression_tree
NPB,涌井　秀章,2021,110000000.00000001,74327542.37288135,1272524233158576.5,NPB,NPB,regression_tree
NPB,早川　隆久,2021,36000000,73449189.1891892,1402441770927685,NPB,NPB,regression_tree
NPB,塩見　貴洋,2021,35000000,74327542.37288135,1546655589090778.2,NPB,NPB,regression_tree
NPB,瀧中　瞭太,2021,30000000,43054295.532646045,170414631853662.5,NPB,NPB,regression_tree
NPB,石橋　良太,2021,16000000,74327542.37288135,3402102199260269.5,NPB,NPB,regression_tree
NPB,弓削　隼人,2021,11500000,16104664.371772805,21202933976673.844,NPB,NPB,regression_tree
NPB,釜田　佳直,2021,10000000,16104664.371772805,37266927091992.26,NPB,NPB,regression_tree
NPB,髙橋　光成,2021,110000000.00000001,73449189.1891892,1335961770927685,NPB,NPB,regression_tree
NPB,松本　航,2021,54000000,73449189.1891892,378270960116873.9,NPB,NPB,regression_tree
NPB,今井　達也,2021,51000000,73449189.1891892,503966095252009.06,NPB,NPB,regression_tree
NPB,内海　哲也,2021,45000000,74327542.37288135,860104741633151.25,NPB,NPB,regression_tree
NPB,浜屋　将太,2021,13100000,16104664.371772805,9028007987000.867,NPB,NPB,regression_tree
NPB,本田　圭佑,2021,12600000,16104664.371772805,12282672358773.672,NPB,NPB,regression_tree
NPB,渡邉　勇太朗,2021,10000000,16104664.371772805,37266927091992.26,NPB,NPB,regression_tree
NPB,上間　永遠,2021,6500000,16104664.371772805,92249577694401.89,NPB,NPB,regression_tree
NPB,石川　歩,2021,150000000,74327542.37288135,5726320843328067,NPB,NPB,regression_tree
NPB,美馬　学,2021,120000000,159259259.25925925,1541289437585733.5,NPB,NPB,regression_tree
NPB,小島　和哉,2021,62000000,73449189.1891892,131083933089846.75,NPB,NPB,regression_tree
NPB,二木　康太,2021,55000000,43054295.532646045,142699855221360.25,NPB,NPB,regression_tree
NPB,岩下　大輝,2021,45000000,73449189.1891892,809356365522279.4,NPB,NPB,regression_tree
NPB,佐々木　朗希,2021,30000000,16104664.371772805,193080352221080.06,NPB,NPB,regression_tree
NPB,鈴木　昭汰,2021,20000000,43054295.532646045,531500542506583.4,NPB,NPB,regression_tree
NPB,土肥　星也,2021,10500000,16104664.371772805,31412262720219.453,NPB,NPB,regression_tree
NPB,本前　郁也,2021,6700000,16104664.371772805,88447711945692.77,NPB,NPB,regression_tree
NPB,西　勇輝,2022,300000000,196927419.3548387,10623956880853280,NPB,NPB,regression_tree
NPB,青柳　晃洋,2022,240000000,196927419.3548387,1855247203433924,NPB,NPB,regression_tree
NPB,秋山　拓巳,2022,88000000,74327542.37288135,186936097565354.88,NPB,NPB,regression_tree
NPB,伊藤　将司,2022,80000000,73449189.1891892,42913122279035.71,NPB,NPB,regression_tree
NPB,西　純矢,2022,28000000,43054295.532646045,226631813984246.66,NPB,NPB,regression_tree
NPB,大竹　耕太郎,2022,20000000,16104664.371772805,15173639656536.154,NPB,NPB,regression_tree
NPB,才木　浩人,2022,19000000,16104664.371772805,8382968400081.765,NPB,NPB,regression_tree
NPB,小川　一平,2022,13000000,16104664.371772805,9638940861355.428,NPB,NPB,regression_tree
NPB,森木　大智,2022,12000000,16104664.371772805,16848269604901.037,NPB,NPB,regression_tree
NPB,今永　昇太,2022,140000000,196927419.3548387,3240731074401663.5,NPB,NPB,regression_tree
NPB,大貫　晋一,2022,88000000,73449189.1891892,211726095252008.56,NPB,NPB,regression_tree
NPB,石田　健大,2022,62000000,43054295.532646045,358939717764315.6,NPB,NPB,regression_tree
NPB,濵口　遥大,2022,62000000,43054295.532646045,358939717764315.6,NPB,NPB,regression_tree
NPB,上茶谷　大河,2022,34000000,43054295.532646045,81980267592494.125,NPB,NPB,regression_tree
NPB,京山　将弥,2022,27900000,16104664.371772805,139129942582525.83,NPB,NPB,regression_tree
NPB,東　克樹,2022,26100000,16104664.371772805,99906734320907.94,NPB,NPB,regression_tree
NPB,坂本　裕哉,2022,23000000,16104664.371772805,47545653425899.32,NPB,NPB,regression_tree
NPB,笠原　祥太郎,2022,9000000,16104664.371772805,50476255835537.87,NPB,NPB,regression_tree
NPB,菅野　智之,2022,500000000,336071428.5714286,26872576530612236,NPB,NPB,regression_tree
NPB,戸郷　翔征,2022,90000000,73449189.1891892,273929338495251.78,NPB,NPB,regression_tree
NPB,髙橋　優貴,2022,30000000,16104664.371772805,193080352221080.06,NPB,NPB,regression_tree
NPB,山﨑　伊織,2022,25000000,43054295.532646045,325957587180122.94,NPB,NPB,regression_tree
NPB,横川　凱,2022,6600000,16104664.371772805,90338644820047.33,NPB,NPB,regression_tree
NPB,堀田　賢慎,2022,6500000,16104664.371772805,92249577694401.89,NPB,NPB,regression_tree
NPB,井上　温大,2022,6500000,16104664.371772805,92249577694401.89,NPB,NPB,regression_tree
NPB,大野　雄大,2022,300000000,196927419.3548387,10623956880853280,NPB,NPB,regression_tree
NPB,柳　裕也,2022,108000000,73449189.1891892,1193758527684440.8,NPB,NPB,regression_tree
NPB,涌井　秀章,2022,100000000,74327542.37288135,659075080616202.4,NPB,NPB,regression_tree
NPB,小笠原　慎之介,2022,66000000,73449189.1891892,55490419576333.19,NPB,NPB,regression_tree
NPB,松葉　貴大,2022,50000000,74327542.37288135,591829317904337.6,NPB,NPB,regression_tree
NPB,髙橋　宏斗,2022,35000000,43054295.532646045,64871676527202.04,NPB,NPB,regression_tree
NPB,福谷　浩司,2022,22000000,74327542.37288135,2738171690785693.5,NPB,NPB,regression_tree
NPB,岡田　俊哉,2022,19000000,74327542.37288135,3061136945022981.5,NPB,NPB,regression_tree
NPB,勝野　昌慶,2022,19000000,16104664.371772805,8382968400081.765,NPB,NPB,regression_tree
NPB,鈴木　博志,2022,13500000,16104664.371772805,6784276489582.622,NPB,NPB,regression_tree
NPB,岡野　祐一郎,2022,8500000,16104664.371772805,57830920207310.67,NPB,NPB,regression_tree
NPB,上田　洸太朗,2022,8100000,16104664.371772805,64074651704728.92,NPB,NPB,regression_tree
NPB,大瀬良　大地,2022,180000000,155622093.02325583,594282348566792.4,NPB,NPB,regression_tree
NPB,九里　亜蓮,2022,140000000,155622093.02325583,244049790427258.3,NPB,NPB,regression_tree
NPB,森下　暢仁,2022,110000000.00000001,73449189.1891892,1335961770927685,NPB,NPB,regression_tree
NPB,野村　祐輔,2022,55000000,74327542.37288135,373553894175524.2,NPB,NPB,regression_tree
NPB,床田　寛樹,2022,50000000,43054295.532646045,48242810547820.69,NPB,NPB,regression_tree
NPB,遠藤　淳志,2022,26000000,43054295.532646045,290848996114830.9,NPB,NPB,regression_tree
NPB,大道　温貴,2022,13000000,16104664.371772805,9638940861355.428,NPB,NPB,regression_tree
NPB,玉村　昇悟,2022,13000000,16104664.371772805,9638940861355.428,NPB,NPB,regression_tree
NPB,サイスニード,2022,195000000,155622093.02325583,1550619557869117.5,NPB,NPB,regression_tree
NPB,小川　泰弘,2022,160000000,196927419.3548387,1363634300208115.8,NPB,NPB,regression_tree
NPB,石川　雅規,2022,90000000,74327542.37288135,245625928073829.47,NPB,NPB,regression_tree
NPB,高橋　奎二,2022,50000000,43054295.532646045,48242810547820.69,NPB,NPB,regression_tree
NPB,高梨　裕稔,2022,43000000,74327542.37288135,981414911124676.6,NPB,NPB,regression_tree
NPB,原　樹理,2022,38000000,43054295.532646045,25545903331325.77,NPB,NPB,regression_tree
NPB,奥川　恭伸,2022,27000000,16104664.371772805,118708338451716.88,NPB,NPB,regression_tree
NPB,山下　輝,2022,14000000,16104664.371772805,4429612117809.817,NPB,NPB,regression_tree
NPB,小澤　怜史,2022,11000000,16104664.371772805,26057598348446.65,NPB,NPB,regression_tree
NPB,吉田　大喜,2022,11000000,16104664.371772805,26057598348446.65,NPB,NPB,regression_tree
NPB,金久保　優斗,2022,10000000,16104664.371772805,37266927091992.26,NPB,NPB,regression_tree
NPB,阪口　皓亮,2022,9000000,16104664.371772805,50476255835537.87,NPB,NPB,regression_tree
NPB,和田　毅,2022,165000000,74327542.37288135,8221494572141627,NPB,NPB,regression_tree
NPB,東浜　巨,2022,150000000,336071428.5714286,34622576530612256,NPB,NPB,regression_tree
NPB,石川　柊太,2022,150000000,155622093.02325583,31607929962141.824,NPB,NPB,regression_tree
NPB,大関　友久,2022,45000000,43054295.532646045,3785765874281.137,NPB,NPB,regression_tree
NPB,杉山　一樹,2022,16000000,16104664.371772805,10954630718.595987,NPB,NPB,regression_tree
NPB,奥村　政稔,2022,9000000,74327542.37288135,4267687792480608.5,NPB,NPB,regression_tree
NPB,田上　奏大,2022,6500000,16104664.371772805,92249577694401.89,NPB,NPB,regression_tree
NPB,上沢　直之,2022,170000000,73449189.1891892,9322059068224980,NPB,NPB,regression_tree
NPB,加藤　貴之,2022,135000000,196927419.3548387,3835005267950050.5,NPB,NPB,regression_tree
NPB,杉浦　稔大,2022,60000000,74327542.37288135,205278470446710.62,NPB,NPB,regression_tree
NPB,立野　和明,2022,16000000,16104664.371772805,10954630718.595987,NPB,NPB,regression_tree
NPB,池田　隆英,2022,16000000,16104664.371772805,10954630718.595987,NPB,NPB,regression_tree
NPB,根本　悠楓,2022,13000000,16104664.371772805,9638940861355.428,NPB,NPB,regression_tree
NPB,達　孝太,2022,10000000,16104664.371772805,37266927091992.26,NPB,NPB,regression_tree
NPB,生田目　翼,2022,9000000,16104664.371772805,50476255835537.87,NPB,NPB,regression_tree
NPB,田中　瑛斗,2022,7000000,16104664.371772805,82894913322629.1,NPB,NPB,regression_tree
NPB,山本　由伸,2022,650000000,380000000,729e14,NPB,NPB,regression_tree
NPB,田嶋　大樹,2022,110000000.00000001,73449189.1891892,1335961770927685,NPB,NPB,regression_tree
NPB,宮城　大弥,2022,80000000,73449189.1891892,42913122279035.71,NPB,NPB,regression_tree
NPB,山岡　泰輔,2022,72000000,73449189.1891892,2100149306062.8381,NPB,NPB,regression_tree
NPB,山﨑　福也,2022,60000000,159259259.25925925,9852400548696844,NPB,NPB,regression_tree
NPB,竹安　大知,2022,21000000,16104664.371772805,23964310912990.543,NPB,NPB,regression_tree
NPB,椋木　蓮,2022,16000000,16104664.371772805,10954630718.595987,NPB,NPB,regression_tree
NPB,東　晃平,2022,8000000,16104664.371772805,65685584579083.48,NPB,NPB,regression_tree
NPB,田中　将大,2022,475000000,155622093.02325583,102002247464845860,NPB,NPB,regression_tree
NPB,則本　昂大,2022,300000000,155622093.02325583,20844980022985396,NPB,NPB,regression_tree
NPB,岸　孝之,2022,250000000,336071428.5714286,7408290816326535,NPB,NPB,regression_tree
NPB,辛島　航,2022,80000000,74327542.37288135,32176775531456.51,NPB,NPB,regression_tree
NPB,早川　隆久,2022,33000000,43054295.532646045,101088858657786.22,NPB,NPB,regression_tree
NPB,瀧中　瞭太,2022,26000000,43054295.532646045,290848996114830.9,NPB,NPB,regression_tree
NPB,藤井　聖,2022,10500000,16104664.371772805,31412262720219.453,NPB,NPB,regression_tree
NPB,高田　孝一,2022,10000000,16104664.371772805,37266927091992.26,NPB,NPB,regression_tree
NPB,藤平　尚真,2022,10000000,16104664.371772805,37266927091992.26,NPB,NPB,regression_tree
NPB,松井　友飛,2022,7000000,16104664.371772805,82894913322629.1,NPB,NPB,regression_tree
NPB,髙橋　光成,2022,180000000,148977272.72727272,962409607438017,NPB,NPB,regression_tree
NPB,松本　航,2022,65000000,73449189.1891892,71388797954711.58,NPB,NPB,regression_tree
NPB,今井　達也,2022,45000000,16104664.371772805,834940421067896,NPB,NPB,regression_tree
NPB,與座　海人,2022,33000000,43054295.532646045,101088858657786.22,NPB,NPB,regression_tree
NPB,隅田　知一郎,2022,20000000,43054295.532646045,531500542506583.4,NPB,NPB,regression_tree
NPB,佐藤　隼輔,2022,16000000,16104664.371772805,10954630718.595987,NPB,NPB,regression_tree
NPB,渡邉　勇太朗,2022,8500000,16104664.371772805,57830920207310.67,NPB,NPB,regression_tree
NPB,石川　歩,2022,150000000,196927419.3548387,2202182687304889.8,NPB,NPB,regression_tree
NPB,美馬　学,2022,140000000,159259259.25925925,370919067215363.3,NPB,NPB,regression_tree
NPB,佐々木　朗希,2022,80000000,148977272.72727272,4757864152892561,NPB,NPB,regression_tree
NPB,小島　和哉,2022,68000000,73449189.1891892,29693662819576.402,NPB,NPB,regression_tree
NPB,二木　康太,2022,46000000,16104664.371772805,893731092324350.4,NPB,NPB,regression_tree
NPB,種市　篤暉,2022,18000000,16104664.371772805,3592297143627.375,NPB,NPB,regression_tree
NPB,鈴木　昭汰,2022,16000000,16104664.371772805,10954630718.595987,NPB,NPB,regression_tree
NPB,河村　説人,2022,15000000,16104664.371772805,1220283374264.2065,NPB,NPB,regression_tree
NPB,本前　郁也,2022,13000000,16104664.371772805,9638940861355.428,NPB,NPB,regression_tree
NPB,佐藤　奨真,2022,9000000,16104664.371772805,50476255835537.87,NPB,NPB,regression_tree
NPB,森　遼大朗,2022,4600000,16104664.371772805,132357302307138.56,NPB,NPB,regression_tree
NPB,西　勇輝,2023,300000000,159259259.25925925,19807956104252404,NPB,NPB,regression_tree
NPB,青柳　晃洋,2023,210000000,74327542.37288135,18407015758582304,NPB,NPB,regression_tree
NPB,伊藤　将司,2023,160000000,148977272.72727272,121500516528925.8,NPB,NPB,regression_tree
NPB,大竹　耕太郎,2023,67000000,148977272.72727272,6720273243801652,NPB,NPB,regression_tree
NPB,村上　頌樹,2023,67000000,148977272.72727272,6720273243801652,NPB,NPB,regression_tree
NPB,才木　浩人,2023,50000000,43054295.532646045,48242810547820.69,NPB,NPB,regression_tree
NPB,秋山　拓巳,2023,44000000,74327542.37288135,919759826378913.9,NPB,NPB,regression_tree
NPB,西　純矢,2023,38000000,43054295.532646045,25545903331325.77,NPB,NPB,regression_tree
NPB,門別　啓人,2023,8000000,16104664.371772805,65685584579083.48,NPB,NPB,regression_tree
NPB,東　克樹,2023,105000000,148977272.72727272,1934000516528925,NPB,NPB,regression_tree
NPB,石田　健大,2023,80000000,159259259.25925925,6282030178326474,NPB,NPB,regression_tree
NPB,大貫　晋一,2023,77000000,43054295.532646045,1152310851784934.2,NPB,NPB,regression_tree
NPB,濵口　遥大,2023,54000000,43054295.532646045,119808446286652.33,NPB,NPB,regression_tree
NPB,森　唯斗,2023,50000000,74327542.37288135,591829317904337.6,NPB,NPB,regression_tree
NPB,平良　拳太郎,2023,26000000,16104664.371772805,97917667195262.48,NPB,NPB,regression_tree
NPB,菅野　智之,2023,400000000,74327542.37288135,1.0606254965688739e+17,NPB,NPB,regression_tree
NPB,戸郷　翔征,2023,180000000,148977272.72727272,962409607438017,NPB,NPB,regression_tree
NPB,山﨑　伊織,2023,51000000,73449189.1891892,503966095252009.06,NPB,NPB,regression_tree
NPB,高橋　礼,2023,43000000,16104664.371772805,723359078554987.25,NPB,NPB,regression_tree
NPB,赤星　優志,2023,30000000,43054295.532646045,170414631853662.5,NPB,NPB,regression_tree
NPB,髙橋　優貴,2023,23000000,16104664.371772805,47545653425899.32,NPB,NPB,regression_tree
NPB,横川　凱,2023,17000000,43054295.532646045,678826315702459.6,NPB,NPB,regression_tree
NPB,井上　温大,2023,6700000,16104664.371772805,88447711945692.77,NPB,NPB,regression_tree
NPB,大野　雄大,2023,300000000,74327542.37288135,50928058131463664,NPB,NPB,regression_tree
NPB,柳　裕也,2023,148000000,196927419.3548387,2393892364724244.5,NPB,NPB,regression_tree
NPB,涌井　秀章,2023,100000000,159259259.25925925,3511659807956103.5,NPB,NPB,regression_tree
NPB,小笠原　慎之介,2023,93000000,73449189.1891892,382234203360116.6,NPB,NPB,regression_tree
NPB,髙橋　宏斗,2023,63000000,73449189.1891892,109185554711468.36,NPB,NPB,regression_tree
NPB,松葉　貴大,2023,50000000,74327542.37288135,591829317904337.6,NPB,NPB,regression_tree
NPB,福谷　浩司,2023,20000000,74327542.37288135,2951481860277219,NPB,NPB,regression_tree
NPB,根尾　昂,2023,16000000,16104664.371772805,10954630718.595987,NPB,NPB,regression_tree
NPB,仲地　礼亜,2023,15000000,16104664.371772805,1220283374264.2065,NPB,NPB,regression_tree
NPB,梅津　晃大,2023,10000000,16104664.371772805,37266927091992.26,NPB,NPB,regression_tree
NPB,大瀬良　大地,2023,180000000,155622093.02325583,594282348566792.4,NPB,NPB,regression_tree
NPB,九里　亜蓮,2023,140000000,196927419.3548387,3240731074401663.5,NPB,NPB,regression_tree
NPB,森下　暢仁,2023,130000000,73449189.1891892,3197994203360116,NPB,NPB,regression_tree
NPB,床田　寛樹,2023,100000000,148977272.72727272,2398773243801652,NPB,NPB,regression_tree
NPB,野村　祐輔,2023,44500000,74327542.37288135,889682284006032.6,NPB,NPB,regression_tree
NPB,遠藤　淳志,2023,25000000,16104664.371772805,79126995938808.11,NPB,NPB,regression_tree
NPB,森　翔平,2023,18000000,16104664.371772805,3592297143627.375,NPB,NPB,regression_tree
NPB,玉村　昇悟,2023,16000000,16104664.371772805,10954630718.595987,NPB,NPB,regression_tree
NPB,黒原　拓未,2023,14000000,16104664.371772805,4429612117809.817,NPB,NPB,regression_tree
NPB,サイスニード,2023,232500000,155622093.02325583,5910212581124931,NPB,NPB,regression_tree
NPB,小川　泰弘,2023,160000000,155622093.02325583,19166069497025.32,NPB,NPB,regression_tree
NPB,石川　雅規,2023,67500000,74327542.37288135,46615334853490.336,NPB,NPB,regression_tree
NPB,高橋　奎二,2023,48000000,43054295.532646045,24459992678404.867,NPB,NPB,regression_tree
NPB,吉村　貢司郎,2023,21000000,16104664.371772805,23964310912990.543,NPB,NPB,regression_tree
NPB,宮川　哲,2023,20000000,16104664.371772805,15173639656536.154,NPB,NPB,regression_tree
NPB,山野　太一,2023,9000000,16104664.371772805,50476255835537.87,NPB,NPB,regression_tree
NPB,金久保　優斗,2023,9000000,16104664.371772805,50476255835537.87,NPB,NPB,regression_tree
NPB,有原　航平,2023,500000000,196927419.3548387,91852989138917780,NPB,NPB,regression_tree
NPB,和田　毅,2023,200000000,74327542.37288135,15793566606039932,NPB,NPB,regression_tree
NPB,東浜　巨,2023,150000000,74327542.37288135,5726320843328067,NPB,NPB,regression_tree
NPB,石川　柊太,2023,120000000,155622093.02325583,1268933511357491.2,NPB,NPB,regression_tree
NPB,大関　友久,2023,55000000,43054295.532646045,142699855221360.25,NPB,NPB,regression_tree
NPB,加藤　貴之,2023,300000000,196927419.3548387,10623956880853280,NPB,NPB,regression_tree
NPB,山﨑　福也,2023,60000000,155622093.02325583,9143584674148190,NPB,NPB,regression_tree
NPB,上原　健太,2023,40000000,43054295.532646045,9328721200741.588,NPB,NPB,regression_tree
NPB,北山　亘基,2023,33000000,43054295.532646045,101088858657786.22,NPB,NPB,regression_tree
NPB,鈴木　健矢,2023,30000000,43054295.532646045,170414631853662.5,NPB,NPB,regression_tree
NPB,根本　悠楓,2023,16000000,16104664.371772805,10954630718.595987,NPB,NPB,regression_tree
NPB,金村　尚真,2023,12000000,16104664.371772805,16848269604901.037,NPB,NPB,regression_tree
NPB,田中　瑛斗,2023,7500000,16104664.371772805,74040248950856.28,NPB,NPB,regression_tree
NPB,宮城　大弥,2023,160000000,148977272.72727272,121500516528925.8,NPB,NPB,regression_tree
NPB,田嶋　大樹,2023,95000000,43054295.532646045,2698356212609676.5,NPB,NPB,regression_tree
NPB,山下　舜平大,2023,40000000,43054295.532646045,9328721200741.588,NPB,NPB,regression_tree
NPB,東　晃平,2023,24000000,16104664.371772805,62336324682353.71,NPB,NPB,regression_tree
NPB,曽谷　龍平,2023,16000000,16104664.371772805,10954630718.595987,NPB,NPB,regression_tree
NPB,齋藤　響介,2023,6000000,16104664.371772805,102104242066174.7,NPB,NPB,regression_tree
NPB,則本　昂大,2023,300000000,196927419.3548387,10623956880853280,NPB,NPB,regression_tree
NPB,田中　将大,2023,260000000,155622093.02325583,10894747464845860,NPB,NPB,regression_tree
NPB,岸　孝之,2023,210000000,336071428.5714286,15894005102040822,NPB,NPB,regression_tree
NPB,辛島　航,2023,80000000,74327542.37288135,32176775531456.51,NPB,NPB,regression_tree
NPB,早川　隆久,2023,33000000,43054295.532646045,101088858657786.22,NPB,NPB,regression_tree
NPB,荘司　康誠,2023,30000000,43054295.532646045,170414631853662.5,NPB,NPB,regression_tree
NPB,瀧中　瞭太,2023,23000000,16104664.371772805,47545653425899.32,NPB,NPB,regression_tree
NPB,藤平　尚真,2023,14500000,16104664.371772805,2574947746037.0117,NPB,NPB,regression_tree
NPB,藤井　聖,2023,13000000,16104664.371772805,9638940861355.428,NPB,NPB,regression_tree
NPB,松井　友飛,2023,8000000,16104664.371772805,65685584579083.48,NPB,NPB,regression_tree
NPB,髙橋　光成,2023,265000000,148977272.72727272,13461273243801654,NPB,NPB,regression_tree
NPB,平良　海馬,2023,250000000,148977272.72727272,10205591425619836,NPB,NPB,regression_tree
NPB,今井　達也,2023,80000000,148977272.72727272,4757864152892561,NPB,NPB,regression_tree
NPB,松本　航,2023,58000000,43054295.532646045,223374082025483.97,NPB,NPB,regression_tree
NPB,隅田　知一郎,2023,40000000,73449189.1891892,1118848257414171.4,NPB,NPB,regression_tree
NPB,與座　海人,2023,30000000,43054295.532646045,170414631853662.5,NPB,NPB,regression_tree
NPB,渡邉　勇太朗,2023,8200000,16104664.371772805,62483718830374.36,NPB,NPB,regression_tree
NPB,美馬　学,2023,140000000,74327542.37288135,4312871690785694,NPB,NPB,regression_tree
NPB,小島　和哉,2023,105000000,73449189.1891892,995453662819575.9,NPB,NPB,regression_tree
NPB,西野　勇士,2023,85000000,159259259.25925925,5514437585733881,NPB,NPB,regression_tree
NPB,佐々木　朗希,2023,80000000,43054295.532646045,1364985078589058,NPB,NPB,regression_tree
NPB,種市　篤暉,2023,52000000,73449189.1891892,460067716873630.7,NPB,NPB,regression_tree
NPB,菊地　吏玖,2023,16000000,16104664.371772805,10954630718.595987,NPB,NPB,regression_tree
NPB,本前　郁也,2023,12000000,16104664.371772805,16848269604901.037,NPB,NPB,regression_tree
NPB,森　遼大朗,2023,7000000,16104664.371772805,82894913322629.1,NPB,NPB,regression_tree
NPB,西　勇輝,2024,300000000,196927419.3548387,10623956880853280,NPB,NPB,regression_tree
NPB,伊藤　将司,2024,140000000,43054295.532646045,9398469614671532,NPB,NPB,regression_tree
NPB,才木　浩人,2024,120000000,148977272.72727272,839682334710743.4,NPB,NPB,regression_tree
NPB,大竹　耕太郎,2024,90000000,196927419.3548387,11433473009885534,NPB,NPB,regression_tree
NPB,村上　頌樹,2024,80000000,73449189.1891892,42913122279035.71,NPB,NPB,regression_tree
NPB,及川　雅貴,2024,30000000,16104664.371772805,193080352221080.06,NPB,NPB,regression_tree
NPB,髙橋　遥人,2024,25000000,16104664.371772805,79126995938808.11,NPB,NPB,regression_tree
NPB,東　克樹,2024,210000000,196927419.3548387,170892364724245.84,NPB,NPB,regression_tree
NPB,石田　健大,2024,100000000,74327542.37288135,659075080616202.4,NPB,NPB,regression_tree
NPB,大貫　晋一,2024,72000000,74327542.37288135,5417453497558.159,NPB,NPB,regression_tree
NPB,平良　拳太郎,2024,26000000,16104664.371772805,97917667195262.48,NPB,NPB,regression_tree
NPB,吉野　光樹,2024,14000000,16104664.371772805,4429612117809.817,NPB,NPB,regression_tree
NPB,石田　裕太郎,2024,13000000,16104664.371772805,9638940861355.428,NPB,NPB,regression_tree
NPB,小園　健太,2024,6900000,16104664.371772805,84725846196983.66,NPB,NPB,regression_tree
NPB,松本　隆之介,2024,5600000,16104664.371772805,110347973563592.94,NPB,NPB,regression_tree
NPB,戸郷　翔征,2024,300000000,380000000,64e14,NPB,NPB,regression_tree
NPB,田中　将大,2024,160000000,74327542.37288135,7339769995870440,NPB,NPB,regression_tree
NPB,山﨑　伊織,2024,90000000,73449189.1891892,273929338495251.78,NPB,NPB,regression_tree
NPB,高橋　礼,2024,37000000,16104664.371772805,436615051016260.9,NPB,NPB,regression_tree
NPB,井上　温大,2024,34000000,43054295.532646045,81980267592494.125,NPB,NPB,regression_tree
NPB,又木　鉄平,2024,10000000,16104664.371772805,37266927091992.26,NPB,NPB,regression_tree
NPB,髙橋　宏斗,2024,120000000,148977272.72727272,839682334710743.4,NPB,NPB,regression_tree
NPB,大野　雄大,2024,120000000,74327542.37288135,2085973385700948.2,NPB,NPB,regression_tree
NPB,柳　裕也,2024,110000000.00000001,74327542.37288135,1272524233158576.5,NPB,NPB,regression_tree
NPB,涌井　秀章,2024,90000000,74327542.37288135,245625928073829.47,NPB,NPB,regression_tree
NPB,松葉　貴大,2024,50000000,74327542.37288135,591829317904337.6,NPB,NPB,regression_tree
NPB,梅津　晃大,2024,14000000,43054295.532646045,844152088898335.9,NPB,NPB,regression_tree
NPB,仲地　礼亜,2024,11500000,16104664.371772805,21202933976673.844,NPB,NPB,regression_tree
NPB,松木平　優太,2024,10500000,16104664.371772805,31412262720219.453,NPB,NPB,regression_tree
NPB,大瀬良　大地,2024,200000000,196927419.3548387,9440751821019.836,NPB,NPB,regression_tree
NPB,森下　暢仁,2024,165000000,73449189.1891892,8381550960116872,NPB,NPB,regression_tree
NPB,床田　寛樹,2024,150000000,196927419.3548387,2202182687304889.8,NPB,NPB,regression_tree
NPB,アドゥワ　誠,2024,34000000,43054295.532646045,81980267592494.125,NPB,NPB,regression_tree
NPB,玉村　昇悟,2024,26000000,43054295.532646045,290848996114830.9,NPB,NPB,regression_tree
NPB,森　翔平,2024,20000000,16104664.371772805,15173639656536.154,NPB,NPB,regression_tree
NPB,常廣　羽也斗,2024,16000000,16104664.371772805,10954630718.595987,NPB,NPB,regression_tree
NPB,小川　泰弘,2024,110000000.00000001,74327542.37288135,1272524233158576.5,NPB,NPB,regression_tree
NPB,高橋　奎二,2024,58000000,43054295.532646045,223374082025483.97,NPB,NPB,regression_tree
NPB,吉村　貢司郎,2024,50000000,73449189.1891892,549864473630387.44,NPB,NPB,regression_tree
NPB,青柳　晃洋,2024,50000000,74327542.37288135,591829317904337.6,NPB,NPB,regression_tree
NPB,石川　雅規,2024,40000000,74327542.37288135,1178380165361964.8,NPB,NPB,regression_tree
NPB,高梨　裕稔,2024,30000000,74327542.37288135,1964931012819591.8,NPB,NPB,regression_tree
NPB,奥川　恭伸,2024,21000000,16104664.371772805,23964310912990.543,NPB,NPB,regression_tree
NPB,松本　健吾,2024,16000000,16104664.371772805,10954630718.595987,NPB,NPB,regression_tree
NPB,山野　太一,2024,14000000,16104664.371772805,4429612117809.817,NPB,NPB,regression_tree
NPB,阪口　皓亮,2024,10000000,16104664.371772805,37266927091992.26,NPB,NPB,regression_tree
NPB,有原　航平,2024,400000000,196927419.3548387,41238473009885544,NPB,NPB,regression_tree
NPB,東浜　巨,2024,150000000,74327542.37288135,5726320843328067,NPB,NPB,regression_tree
NPB,大関　友久,2024,90000000,73449189.1891892,273929338495251.78,NPB,NPB,regression_tree
NPB,大津　亮介,2024,55000000,73449189.1891892,340372581738495.5,NPB,NPB,regression_tree
NPB,濵口　遥大,2024,46000000,16104664.371772805,893731092324350.4,NPB,NPB,regression_tree
NPB,前田　悠伍,2024,10000000,16104664.371772805,37266927091992.26,NPB,NPB,regression_tree
NPB,松本　晴,2024,9000000,16104664.371772805,50476255835537.87,NPB,NPB,regression_tree
NPB,前田　純,2024,7500000,16104664.371772805,74040248950856.28,NPB,NPB,regression_tree
NPB,加藤　貴之,2024,300000000,196927419.3548387,10623956880853280,NPB,NPB,regression_tree
NPB,山﨑　福也,2024,250000000,336071428.5714286,7408290816326535,NPB,NPB,regression_tree
NPB,伊藤　大海,2024,220000000.00000003,73449189.1891892,21477140149306068,NPB,NPB,regression_tree
NPB,北山　亘基,2024,46000000,43054295.532646045,8677174808989.047,NPB,NPB,regression_tree
NPB,金村　尚真,2024,36000000,148977272.72727272,12763864152892560,NPB,NPB,regression_tree
NPB,上原　健太,2024,36000000,74327542.37288135,1469000504345015.5,NPB,NPB,regression_tree
NPB,福谷　浩司,2024,20000000,74327542.37288135,2951481860277219,NPB,NPB,regression_tree
NPB,福島　蓮,2024,16000000,16104664.371772805,10954630718.595987,NPB,NPB,regression_tree
NPB,根本　悠楓,2024,15000000,16104664.371772805,1220283374264.2065,NPB,NPB,regression_tree
NPB,細野　晴希,2024,13000000,16104664.371772805,9638940861355.428,NPB,NPB,regression_tree
NPB,達　孝太,2024,10500000,16104664.371772805,31412262720219.453,NPB,NPB,regression_tree
NPB,宮城　大弥,2024,200000000,148977272.72727272,2603318698347108.5,NPB,NPB,regression_tree
NPB,九里　亜蓮,2024,140000000,155622093.02325583,244049790427258.3,NPB,NPB,regression_tree
NPB,田嶋　大樹,2024,100000000,43054295.532646045,3242813257283216,NPB,NPB,regression_tree
NPB,曽谷　龍平,2024,38000000,148977272.72727272,12315955061983470,NPB,NPB,regression_tree
NPB,山下　舜平大,2024,36000000,43054295.532646045,49763085461909.945,NPB,NPB,regression_tree
NPB,東　晃平,2024,24000000,16104664.371772805,62336324682353.71,NPB,NPB,regression_tree
NPB,齋藤　響介,2024,12000000,16104664.371772805,16848269604901.037,NPB,NPB,regression_tree
NPB,佐藤　一磨,2024,9000000,16104664.371772805,50476255835537.87,NPB,NPB,regression_tree
NPB,岸　孝之,2024,220000000.00000003,196927419.3548387,532343977627473.25,NPB,NPB,regression_tree
NPB,早川　隆久,2024,70000000,73449189.1891892,11896906062819.621,NPB,NPB,regression_tree
NPB,藤井　聖,2024,37000000,73449189.1891892,1328543392549306.5,NPB,NPB,regression_tree
NPB,内　星龍,2024,31000000,43054295.532646045,145306040788370.4,NPB,NPB,regression_tree
NPB,瀧中　瞭太,2024,28000000,74327542.37288135,2146241182311117.2,NPB,NPB,regression_tree
NPB,荘司　康誠,2024,27000000,16104664.371772805,118708338451716.88,NPB,NPB,regression_tree
NPB,古謝　樹,2024,23000000,43054295.532646045,402174769310707.1,NPB,NPB,regression_tree
NPB,髙橋　光成,2024,210000000,43054295.532646045,27870868240101080,NPB,NPB,regression_tree
NPB,今井　達也,2024,180000000,148977272.72727272,962409607438017,NPB,NPB,regression_tree
NPB,隅田　知一郎,2024,90000000,73449189.1891892,273929338495251.78,NPB,NPB,regression_tree
NPB,武内　夏暉,2024,45000000,148977272.72727272,10811273243801652,NPB,NPB,regression_tree
NPB,與座　海人,2024,25000000,16104664.371772805,79126995938808.11,NPB,NPB,regression_tree
NPB,渡邉　勇太朗,2024,20000000,43054295.532646045,531500542506583.4,NPB,NPB,regression_tree
NPB,青山　美夏人,2024,15500000,16104664.371772805,365619002491.40125,NPB,NPB,regression_tree
NPB,杉山　遙希,2024,7000000,16104664.371772805,82894913322629.1,NPB,NPB,regression_tree
NPB,菅井　信也,2024,6700000,16104664.371772805,88447711945692.77,NPB,NPB,regression_tree
NPB,石川　柊太,2024,200000000,74327542.37288135,15793566606039932,NPB,NPB,regression_tree
NPB,小島　和哉,2024,160000000,73449189.1891892,7491042852008764,NPB,NPB,regression_tree
NPB,西野　勇士,2024,150000000,155622093.02325583,31607929962141.824,NPB,NPB,regression_tree
NPB,石川　歩,2024,90000000,74327542.37288135,245625928073829.47,NPB,NPB,regression_tree
NPB,種市　篤暉,2024,85000000,73449189.1891892,133421230387143.75,NPB,NPB,regression_tree
NPB,唐川　侑己,2024,58000000,74327542.37288135,266588639938236.03,NPB,NPB,regression_tree
NPB,美馬　学,2024,40000000,74327542.37288135,1178380165361964.8,NPB,NPB,regression_tree
NPB,中森　俊介,2024,16000000,16104664.371772805,10954630718.595987,NPB,NPB,regression_tree
NPB,田中　晴也,2024,11000000,16104664.371772805,26057598348446.65,NPB,NPB,regression_tree
NPB,西　勇輝,2025,300000000,74327542.37288135,50928058131463664,NPB,NPB,regression_tree
NPB,才木　浩人,2025,250000000,148977272.72727272,10205591425619836,NPB,NPB,regression_tree
NPB,村上　頌樹,2025,229999999.99999997,148977272.72727272,6564682334710740,NPB,NPB,regression_tree
NPB,伊藤　将司,2025,140000000,43054295.532646045,9398469614671532,NPB,NPB,regression_tree
NPB,大竹　耕太郎,2025,130000000,43054295.532646045,7559555525324453,NPB,NPB,regression_tree
NPB,伊原　陵人,2025,36000000,43054295.532646045,49763085461909.945,NPB,NPB,regression_tree
NPB,髙橋　遥人,2025,30000000,16104664.371772805,193080352221080.06,NPB,NPB,regression_tree
NPB,門別　啓人,2025,12000000,16104664.371772805,16848269604901.037,NPB,NPB,regression_tree
NPB,早川　太貴,2025,7200000,16104664.371772805,79293047573919.97,NPB,NPB,regression_tree
NPB,東　克樹,2025,300000000,196927419.3548387,10623956880853280,NPB,NPB,regression_tree
NPB,藤浪　晋太郎,2025,80000000,74327542.37288135,32176775531456.51,NPB,NPB,regression_tree
NPB,大貫　晋一,2025,63000000,74327542.37288135,128313216209422.52,NPB,NPB,regression_tree
NPB,平良　拳太郎,2025,30000000,16104664.371772805,193080352221080.06,NPB,NPB,regression_tree
NPB,石田　裕太郎,2025,30000000,43054295.532646045,170414631853662.5,NPB,NPB,regression_tree
NPB,竹田　祐,2025,20000000,16104664.371772805,15173639656536.154,NPB,NPB,regression_tree
NPB,吉野　光樹,2025,11000000,16104664.371772805,26057598348446.65,NPB,NPB,regression_tree
NPB,小園　健太,2025,6600000,16104664.371772805,90338644820047.33,NPB,NPB,regression_tree
NPB,戸郷　翔征,2025,240000000,43054295.532646045,38787610508142320,NPB,NPB,regression_tree
NPB,山﨑　伊織,2025,180000000,148977272.72727272,962409607438017,NPB,NPB,regression_tree
NPB,田中　将大,2025,100000000,74327542.37288135,659075080616202.4,NPB,NPB,regression_tree
NPB,赤星　優志,2025,48000000,73449189.1891892,647661230387144.25,NPB,NPB,regression_tree
NPB,井上　温大,2025,38000000,43054295.532646045,25545903331325.77,NPB,NPB,regression_tree
NPB,森田　駿哉,2025,15000000,16104664.371772805,1220283374264.2065,NPB,NPB,regression_tree
NPB,柳　裕也,2025,200000000,74327542.37288135,15793566606039932,NPB,NPB,regression_tree
NPB,髙橋　宏斗,2025,200000000,73449189.1891892,16015107716873628,NPB,NPB,regression_tree
NPB,大野　雄大,2025,170000000,196927419.3548387,725085913111341.75,NPB,NPB,regression_tree
NPB,松葉　貴大,2025,100000000,196927419.3548387,9394924622788760,NPB,NPB,regression_tree
NPB,涌井　秀章,2025,70000000,74327542.37288135,18727622989083.57,NPB,NPB,regression_tree
NPB,金丸　夢斗,2025,25000000,43054295.532646045,325957587180122.94,NPB,NPB,regression_tree
NPB,草加　勝,2025,11000000,16104664.371772805,26057598348446.65,NPB,NPB,regression_tree
NPB,三浦　瑞樹,2025,9000000,16104664.371772805,50476255835537.87,NPB,NPB,regression_tree
NPB,松木平　優太,2025,9000000,16104664.371772805,50476255835537.87,NPB,NPB,regression_tree
NPB,仲地　礼亜,2025,9000000,16104664.371772805,50476255835537.87,NPB,NPB,regression_tree
NPB,森下　暢仁,2025,200000000,73449189.1891892,16015107716873628,NPB,NPB,regression_tree
NPB,大瀬良　大地,2025,200000000,155622093.02325583,1969398627636559.2,NPB,NPB,regression_tree
NPB,床田　寛樹,2025,185000000,336071428.5714286,22822576530612252,NPB,NPB,regression_tree
NPB,森　翔平,2025,38000000,73449189.1891892,1256645014170928.2,NPB,NPB,regression_tree
NPB,玉村　昇悟,2025,33000000,43054295.532646045,101088858657786.22,NPB,NPB,regression_tree
NPB,アドゥワ　誠,2025,29000000,16104664.371772805,166289680964625.66,NPB,NPB,regression_tree
NPB,髙　太一,2025,18000000,16104664.371772805,3592297143627.375,NPB,NPB,regression_tree
NPB,常廣　羽也斗,2025,14000000,16104664.371772805,4429612117809.817,NPB,NPB,regression_tree
NPB,佐藤　柳之介,2025,12000000,16104664.371772805,16848269604901.037,NPB,NPB,regression_tree
NPB,斉藤　優汰,2025,7000000,16104664.371772805,82894913322629.1,NPB,NPB,regression_tree
NPB,小川　泰弘,2025,89000000,74327542.37288135,215281012819592.16,NPB,NPB,regression_tree
NPB,吉村　貢司郎,2025,75000000,73449189.1891892,2405014170927.6646,NPB,NPB,regression_tree
NPB,青柳　晃洋,2025,50000000,74327542.37288135,591829317904337.6,NPB,NPB,regression_tree
NPB,高橋　奎二,2025,46000000,16104664.371772805,893731092324350.4,NPB,NPB,regression_tree
NPB,高梨　裕稔,2025,43000000,74327542.37288135,981414911124676.6,NPB,NPB,regression_tree
NPB,奥川　恭伸,2025,32000000,43054295.532646045,122197449723078.31,NPB,NPB,regression_tree
NPB,石川　雅規,2025,32000000,74327542.37288135,1791620843328066.5,NPB,NPB,regression_tree
NPB,山野　太一,2025,23000000,43054295.532646045,402174769310707.1,NPB,NPB,regression_tree
NPB,中村　優斗,2025,17000000,16104664.371772805,801625887172.9855,NPB,NPB,regression_tree
NPB,上沢　直之,2025,250000000,196927419.3548387,2816698816337150,NPB,NPB,regression_tree
NPB,大関　友久,2025,170000000,148977272.72727272,441955061983471.44,NPB,NPB,regression_tree
NPB,東浜　巨,2025,110000000.00000001,74327542.37288135,1272524233158576.5,NPB,NPB,regression_tree
NPB,大津　亮介,2025,68000000,16104664.371772805,2693125859966347,NPB,NPB,regression_tree
NPB,松本　晴,2025,36000000,43054295.532646045,49763085461909.945,NPB,NPB,regression_tree
NPB,前田　純,2025,18000000,16104664.371772805,3592297143627.375,NPB,NPB,regression_tree
NPB,前田　悠伍,2025,11000000,16104664.371772805,26057598348446.65,NPB,NPB,regression_tree
NPB,有原　航平,2025,500000000,336071428.5714286,26872576530612236,NPB,NPB,regression_tree
NPB,伊藤　大海,2025,340000000,180043478.26086956,25586088846880908,NPB,NPB,regression_tree
NPB,加藤　貴之,2025,300000000,155622093.02325583,20844980022985396,NPB,NPB,regression_tree
NPB,山﨑　福也,2025,250000000,159259259.25925925,8233882030178327,NPB,NPB,regression_tree
NPB,北山　亘基,2025,95000000,148977272.72727272,2913545971074379.5,NPB,NPB,regression_tree
NPB,古林　睿煬,2025,75000000,16104664.371772805,3468660558761528,NPB,NPB,regression_tree
NPB,達　孝太,2025,42000000,43054295.532646045,1111539070157.408,NPB,NPB,regression_tree
NPB,福島　蓮,2025,29000000,16104664.371772805,166289680964625.66,NPB,NPB,regression_tree
NPB,細野　晴希,2025,17000000,16104664.371772805,801625887172.9855,NPB,NPB,regression_tree
NPB,柴田　獅子,2025,9900000,16104664.371772805,38497859966346.82,NPB,NPB,regression_tree
NPB,宮城　大弥,2025,220000000.00000003,148977272.72727272,5044227789256204,NPB,NPB,regression_tree
NPB,九里　亜蓮,2025,160000000,196927419.3548387,1363634300208115.8,NPB,NPB,regression_tree
NPB,田嶋　大樹,2025,110000000.00000001,43054295.532646045,4481727346630297.5,NPB,NPB,regression_tree
NPB,曽谷　龍平,2025,55000000,43054295.532646045,142699855221360.25,NPB,NPB,regression_tree
NPB,山下　舜平大,2025,30000000,16104664.371772805,193080352221080.06,NPB,NPB,regression_tree
NPB,東　晃平,2025,19000000,16104664.371772805,8382968400081.765,NPB,NPB,regression_tree
NPB,寺西　成騎,2025,14000000,16104664.371772805,4429612117809.817,NPB,NPB,regression_tree
NPB,佐藤　一磨,2025,8000000,16104664.371772805,65685584579083.48,NPB,NPB,regression_tree
NPB,山口　廉王,2025,5500000,16104664.371772805,112458906437947.5,NPB,NPB,regression_tree
NPB,岸　孝之,2025,180000000,159259259.25925925,430178326474623,NPB,NPB,regression_tree
NPB,辛島　航,2025,80000000,74327542.37288135,32176775531456.51,NPB,NPB,regression_tree
NPB,早川　隆久,2025,60000000,43054295.532646045,287156899894899.8,NPB,NPB,regression_tree
NPB,藤井　聖,2025,47000000,43054295.532646045,15568583743696.957,NPB,NPB,regression_tree
NPB,内　星龍,2025,44000000,43054295.532646045,894356939573.2275,NPB,NPB,regression_tree
NPB,瀧中　瞭太,2025,40000000,74327542.37288135,1178380165361964.8,NPB,NPB,regression_tree
NPB,荘司　康誠,2025,40000000,43054295.532646045,9328721200741.588,NPB,NPB,regression_tree
NPB,古謝　樹,2025,39500000,43054295.532646045,12633016733387.633,NPB,NPB,regression_tree
NPB,坂井　陽翔,2025,6400000,16104664.371772805,94180510568756.45,NPB,NPB,regression_tree
NPB,大内　誠弥,2025,5500000,16104664.371772805,112458906437947.5,NPB,NPB,regression_tree
NPB,髙橋　光成,2025,250000000,73449189.1891892,31170188797954708,NPB,NPB,regression_tree
NPB,隅田　知一郎,2025,160000000,73449189.1891892,7491042852008764,NPB,NPB,regression_tree
NPB,渡邉　勇太朗,2025,43000000,73449189.1891892,927153122279036.1,NPB,NPB,regression_tree
NPB,與座　海人,2025,40000000,43054295.532646045,9328721200741.588,NPB,NPB,regression_tree
NPB,松本　航,2025,40000000,16104664.371772805,570987064785624,NPB,NPB,regression_tree
NPB,武内　夏暉,2025,38500000,43054295.532646045,20741607798679.723,NPB,NPB,regression_tree
NPB,菅井　信也,2025,14000000,16104664.371772805,4429612117809.817,NPB,NPB,regression_tree
NPB,上田　大河,2025,12500000,16104664.371772805,12993605233128.232,NPB,NPB,regression_tree
NPB,篠原　響,2025,7000000,16104664.371772805,82894913322629.1,NPB,NPB,regression_tree
NPB,杉山　遙希,2025,7000000,16104664.371772805,82894913322629.1,NPB,NPB,regression_tree
NPB,石川　柊太,2025,160000000,74327542.37288135,7339769995870440,NPB,NPB,regression_tree
NPB,西野　勇士,2025,150000000,74327542.37288135,5726320843328067,NPB,NPB,regression_tree
NPB,小島　和哉,2025,145000000,73449189.1891892,5119518527684440,NPB,NPB,regression_tree
NPB,種市　篤暉,2025,130000000,73449189.1891892,3197994203360116,NPB,NPB,regression_tree
NPB,唐川　侑己,2025,44000000,74327542.37288135,919759826378913.9,NPB,NPB,regression_tree
NPB,田中　晴也,2025,23000000,43054295.532646045,402174769310707.1,NPB,NPB,regression_tree
NPB,河村　説人,2025,12000000,16104664.371772805,16848269604901.037,NPB,NPB,regression_tree
NPB,吉川　悠斗,2025,5000000,16104664.371772805,123313570809720.31,NPB,NPB,regression_tree
MLB,Joe Saunders,2010,5500000,180043478.26086956,30465425803402644,NPB,MLB,regression_tree
MLB,Zach Duke,2010,4300000,73449189.1891892,4781610365522280,NPB,MLB,regression_tree
MLB,Ian Kennedy,2010,423000,180043478.26086956,32263516210663516,NPB,MLB,regression_tree
MLB,Daniel Hudson,2010,419000,43054295.532646045,1817768425156067.8,NPB,MLB,regression_tree
MLB,Barry Enright,2010,418000,43054295.532646045,1817853696747133,NPB,MLB,regression_tree
MLB,Trevor Cahill,2010,6100000,180043478.26086956,30256333629489604,NPB,MLB,regression_tree
MLB,Dallas Braden,2010,3350000,180043478.26086956,31220585259924384,NPB,MLB,regression_tree
MLB,Rich Harden,2010,1500000,43054295.532646045,1726759477214487,NPB,MLB,regression_tree
MLB,Trevor Cahill,2010,440000,180043478.26086956,32257409403402644,NPB,MLB,regression_tree
MLB,Gio González,2010,420000,180043478.26086956,32264593942533080,NPB,MLB,regression_tree
MLB,Bobby Cramer,2010,414000,16104664.371772805,246196948427620.47,NPB,MLB,regression_tree
MLB,Jair Jurrjens,2010,3250000,43054295.532646045,1584381942850226,NPB,MLB,regression_tree
MLB,Tommy Hanson,2010,456500,180043478.26086956,32251482760870036,NPB,MLB,regression_tree
MLB,Brandon Beachy,2010,416500,16104664.371772805,246118501355761.62,NPB,MLB,regression_tree
MLB,Rodrigo López,2010,414000,155622093.02325583,24089552139915632,NPB,MLB,regression_tree
MLB,Mike Minor,2010,414000,16104664.371772805,246196948427620.47,NPB,MLB,regression_tree
MLB,Jeremy Guthrie,2010,5750000,155622093.02325583,22461644267171448,NPB,MLB,regression_tree
MLB,Justin Duchscherer,2010,700000,74327542.37288135,5421014995870439,NPB,MLB,regression_tree
MLB,Brad Bergesen,2010,434000,73449189.1891892,5331217852333091,NPB,MLB,regression_tree
MLB,Jake Arrieta,2010,419000,43054295.532646045,1817768425156067.8,NPB,MLB,regression_tree
MLB,Chris Tillman,2010,417000,16104664.371772805,246102813441389.84,NPB,MLB,regression_tree
MLB,Josh Beckett,2010,17000000,155622093.02325583,19216084674148192,NPB,MLB,regression_tree
MLB,Andrew Miller,2010,1300000,16104664.371772805,219178087160839.06,NPB,MLB,regression_tree
MLB,Clay Buchholz,2010,555000,148977272.72727272,22029171041528924,NPB,MLB,regression_tree
MLB,Matt Garza,2010,5950000,180043478.26086956,30308539172967864,NPB,MLB,regression_tree
MLB,Tom Gorzelanny,2010,2100000,73449189.1891892,5090706797954712,NPB,MLB,regression_tree
MLB,Doug Davis,2010,900000,74327542.37288135,5391603978921287,NPB,MLB,regression_tree
MLB,Randy Wells,2010,475000,180043478.26086956,32244838384924384,NPB,MLB,regression_tree
MLB,Chris Carpenter,2010,414000,155622093.02325583,24089552139915632,NPB,MLB,regression_tree
MLB,Casey Coleman,2010,414000,16104664.371772805,246196948427620.47,NPB,MLB,regression_tree
MLB,John Danks,2010,6000000,180043478.26086956,30291132325141776,NPB,MLB,regression_tree
MLB,Bronson Arroyo,2010,11666667,155622093.02325583,20723164681537080,NPB,MLB,regression_tree
MLB,Johnny Cueto,2010,6750000,180043478.26086956,30030629607750472,NPB,MLB,regression_tree
MLB,Edinson Vólquez,2010,1625000,43054295.532646045,1716386528331325.5,NPB,MLB,regression_tree
MLB,Homer Bailey,2010,441000,43054295.532646045,1815892956152631.5,NPB,MLB,regression_tree
MLB,Mike Leake,2010,425000,73449189.1891892,5332532206738496,NPB,MLB,regression_tree
MLB,Travis Wood,2010,422500,43054295.532646045,1817469990337339.2,NPB,MLB,regression_tree
MLB,Dontrelle Willis,2010,414000,43054295.532646045,1818194803111394.2,NPB,MLB,regression_tree
MLB,Justin Masterson,2010,468400,180043478.26086956,32247208732397428,NPB,MLB,regression_tree
MLB,Mitch Talbot,2010,431700,73449189.1891892,5331553727493361,NPB,MLB,regression_tree
MLB,Josh Tomlin,2010,417200,43054295.532646045,1817921915459985.2,NPB,MLB,regression_tree
MLB,Carlos Carrasco,2010,415800,16104664.371772805,246140465275882.1,NPB,MLB,regression_tree
MLB,Jeanmar Gómez,2010,414000,16104664.371772805,246196948427620.47,NPB,MLB,regression_tree
MLB,David Huff,2010,414000,43054295.532646045,1818194803111394.2,NPB,MLB,regression_tree
MLB,Jorge De La Rosa,2010,10750000,73449189.1891892,3931188324981739.5,NPB,MLB,regression_tree
MLB,Jason Hammel,2010,3875000,73449189.1891892,4840567801333091,NPB,MLB,regression_tree
MLB,Felipe Paulino,2010,790000,43054295.532646045,1786270676870844.5,NPB,MLB,regression_tree
MLB,Jhoulys Chacín,2010,419000,73449189.1891892,5333408533008766,NPB,MLB,regression_tree
MLB,Brad Penny,2010,3000000,74327542.37288135,5087618300955185,NPB,MLB,regression_tree
MLB,Armando Galarraga,2010,2300000,73449189.1891892,5062207122279037,NPB,MLB,regression_tree
MLB,Max Scherzer,2010,600000,180043478.26086956,32199961890359168,NPB,MLB,regression_tree
MLB,Andy Oliver,2010,414000,16104664.371772805,246196948427620.47,NPB,MLB,regression_tree
MLB,Wandy Rodríguez,2010,11333333,155622093.02325583,20819246269048708,NPB,MLB,regression_tree
MLB,Brett Myers,2010,11500000,180043478.26086956,28406904064272212,NPB,MLB,regression_tree
MLB,J.A. Happ,2010,474000,43054295.532646045,1813081567647476.8,NPB,MLB,regression_tree
MLB,Bud Norris,2010,437500,73449189.1891892,5330706758258766,NPB,MLB,regression_tree
MLB,Kyle Davies,2010,3200000,180043478.26086956,31273615803402644,NPB,MLB,regression_tree
MLB,Jeff Francis,2010,2000000,43054295.532646045,1685455181681841,NPB,MLB,regression_tree
MLB,Bruce Chen,2010,2000000,155622093.02325583,23599747464845868,NPB,MLB,regression_tree
MLB,Luke Hochevar,2010,1760000,43054295.532646045,1705218843537511,NPB,MLB,regression_tree
MLB,Sean O'Sullivan,2010,420500,43054295.532646045,1817640521519469.8,NPB,MLB,regression_tree
MLB,Vin Mazzaro,2010,414000,73449189.1891892,5334138859900658,NPB,MLB,regression_tree
MLB,Jered Weaver,2010,7365000,180043478.26086956,29817856854489604,NPB,MLB,regression_tree
MLB,Ted Lilly,2010,11000000,155622093.02325583,20915549790427260,NPB,MLB,regression_tree
MLB,Hiroki Kuroda,2010,12000000,155622093.02325583,20627305604380748,NPB,MLB,regression_tree
MLB,Jon Garland,2010,5000000,155622093.02325583,22687014906706332,NPB,MLB,regression_tree
MLB,Chad Billingsley,2010,3275000,180043478.26086956,31247094906663516,NPB,MLB,regression_tree
MLB,Clayton Kershaw,2010,500000,180043478.26086956,32235860586011340,NPB,MLB,regression_tree
MLB,Ricky Nolasco,2010,8833333,73449189.1891892,4175208871061979.5,NPB,MLB,regression_tree
MLB,Javier Vázquez,2010,7000000,155622093.02325583,22088526534613308,NPB,MLB,regression_tree
MLB,Aníbal Sánchez,2010,3700000,180043478.26086956,31097022325141776,NPB,MLB,regression_tree
MLB,Shawn Hill,2010,600000,16104664.371772805,240394617281321,NPB,MLB,regression_tree
MLB,Chris Volstad,2010,445000,73449189.1891892,5329611639170929,NPB,MLB,regression_tree
MLB,Alex Sanabia,2010,414000,43054295.532646045,1818194803111394.2,NPB,MLB,regression_tree
MLB,Shaun Marcum,2010,3950000,180043478.26086956,31008913086011340,NPB,MLB,regression_tree
MLB,Chris Narveson,2010,444150,73449189.1891892,5329735747015050,NPB,MLB,regression_tree
MLB,Mark Rogers,2010,414000,16104664.371772805,246196948427620.47,NPB,MLB,regression_tree
MLB,Carl Pavano,2010,8250000,155622093.02325583,21718533802055168,NPB,MLB,regression_tree
MLB,Francisco Liriano,2010,4300000,180043478.26086956,30885770151228732,NPB,MLB,regression_tree
MLB,Kevin Slowey,2010,2700000,73449189.1891892,5005447770927685,NPB,MLB,regression_tree
MLB,R.A. Dickey,2010,3900000,196927419.3548387,37259584622788760,NPB,MLB,regression_tree
MLB,Mike Pelfrey,2010,3925000,180043478.26086956,31017718384924384,NPB,MLB,regression_tree
MLB,Chris Young,2010,1100000,74327542.37288135,5362272961972134,NPB,MLB,regression_tree
MLB,Dillon Gee,2010,400000,16104664.371772805,246636483030030.12,NPB,MLB,regression_tree
MLB,Phil Hughes,2010,2700000,73449189.1891892,5005447770927685,NPB,MLB,regression_tree
MLB,Kevin Millwood,2010,1500000,155622093.02325583,23753619557869120,NPB,MLB,regression_tree
MLB,Freddy García,2010,1500000,155622093.02325583,23753619557869120,NPB,MLB,regression_tree
MLB,Iván Nova,2010,432900,16104664.371772805,245604198524367.47,NPB,MLB,regression_tree
MLB,Cliff Lee,2010,24000000,336071428.5714286,97388576530612260,NPB,MLB,regression_tree
MLB,Roy Halladay,2010,20000000,196927419.3548387,31303311719562952,NPB,MLB,regression_tree
MLB,Kyle Kendrick,2010,2450000,180043478.26086956,31539443520793948,NPB,MLB,regression_tree
MLB,Kevin Correia,2010,4000000,73449189.1891892,4823189879035793,NPB,MLB,regression_tree
MLB,Ross Ohlendorf,2010,2025000,43054295.532646045,1683403091905208.8,NPB,MLB,regression_tree
MLB,Jeff Karstens,2010,1100000,73449189.1891892,5234405176333091,NPB,MLB,regression_tree
MLB,Scott Olsen,2010,450000,43054295.532646045,1815125997833043.8,NPB,MLB,regression_tree
MLB,James McDonald,2010,443000,43054295.532646045,1815722506970500.8,NPB,MLB,regression_tree
MLB,Charlie Morton,2010,441000,43054295.532646045,1815892956152631.5,NPB,MLB,regression_tree
MLB,Brad Lincoln,2010,414500,16104664.371772805,246181258013248.72,NPB,MLB,regression_tree
MLB,Aaron Harang,2010,4000000,159259259.25925925,24105437585733880,NPB,MLB,regression_tree
MLB,Dustin Moseley,2010,900000,43054295.532646045,1776984631853662.2,NPB,MLB,regression_tree
MLB,Clayton Richard,2010,468800,180043478.26086956,32247065072494820,NPB,MLB,regression_tree
MLB,Mat Latos,2010,460700,180043478.26086956,32249974247892644,NPB,MLB,regression_tree
MLB,Cory Luebke,2010,415600,16104664.371772805,246146740861630.8,NPB,MLB,regression_tree
MLB,Wade LeBlanc,2010,414000,73449189.1891892,5334138859900658,NPB,MLB,regression_tree
MLB,Jason Vargas,2010,2450000,180043478.26086956,31539443520793948,NPB,MLB,regression_tree
MLB,Doug Fister,2010,436500,73449189.1891892,5330852782637145,NPB,MLB,regression_tree
MLB,David Pauley,2010,422000,43054295.532646045,1817512622382872,NPB,MLB,regression_tree
MLB,Jonathan Sánchez,2010,4800000,180043478.26086956,30710276672967864,NPB,MLB,regression_tree
MLB,Jeff Suppan,2010,1000000,74327542.37288135,5376928470446710,NPB,MLB,regression_tree
MLB,Madison Bumgarner,2010,450000,43054295.532646045,1815125997833043.8,NPB,MLB,regression_tree
MLB,Jake Westbrook,2010,8250000,155622093.02325583,21718533802055168,NPB,MLB,regression_tree
MLB,Jaime García,2010,437000,73449189.1891892,5330779770197956,NPB,MLB,regression_tree
MLB,Wade Davis,2010,3150000,73449189.1891892,4941976000657415,NPB,MLB,regression_tree
MLB,Jeff Niemann,2010,903000,73449189.1891892,5262949565873631,NPB,MLB,regression_tree
MLB,Scott Feldman,2010,5750000,73449189.1891892,4583180216873631,NPB,MLB,regression_tree
MLB,C.J. Wilson,2010,7000000,180043478.26086956,29944045368620036,NPB,MLB,regression_tree
MLB,Dave Bush,2010,1000000,155622093.02325583,23907991650892376,NPB,MLB,regression_tree
MLB,Tommy Hunter,2010,442160,73449189.1891892,5330026311031123,NPB,MLB,regression_tree
MLB,Derek Holland,2010,431810,16104664.371772805,245638364158797.94,NPB,MLB,regression_tree
MLB,Omar Beltré,2010,415000,16104664.371772805,246165568098876.94,NPB,MLB,regression_tree
MLB,Ricky Romero,2010,6020000,180043478.26086956,30284170986011340,NPB,MLB,regression_tree
MLB,Brandon Morrow,2010,2300000,73449189.1891892,5062207122279037,NPB,MLB,regression_tree
MLB,Jesse Litsch,2010,830000,16104664.371772805,233315371670305.5,NPB,MLB,regression_tree
MLB,Brett Cecil,2010,443100,73449189.1891892,5329889058699848,NPB,MLB,regression_tree
MLB,Marc Rzepczynski,2010,429600,43054295.532646045,1816864669250775.8,NPB,MLB,regression_tree
MLB,Kyle Drabek,2010,416000,16104664.371772805,246134189770133.38,NPB,MLB,regression_tree
MLB,John Lannan,2010,2750000,73449189.1891892,4998375352008766,NPB,MLB,regression_tree
MLB,Liván Hernández,2010,1000000,155622093.02325583,23907991650892376,NPB,MLB,regression_tree
MLB,Jordan Zimmermann,2010,415000,16104664.371772805,246165568098876.94,NPB,MLB,regression_tree
MLB,Ross Detwiler,2010,414000,16104664.371772805,246196948427620.47,NPB,MLB,regression_tree
MLB,Craig Stammen,2010,414000,73449189.1891892,5334138859900658,NPB,MLB,regression_tree
MLB,Joe Saunders,2011,6000000,155622093.02325583,22386770720659820,NPB,MLB,regression_tree
MLB,Ian Kennedy,2011,519500,180043478.26086956,32228858770609168,NPB,MLB,regression_tree
MLB,Daniel Hudson,2011,504000,180043478.26086956,32234424254185256,NPB,MLB,regression_tree
MLB,Josh Collmenter,2011,486000,73449189.1891892,5323626976657415,NPB,MLB,regression_tree
MLB,Wade Miley,2011,481000,16104664.371772805,244098888401802.94,NPB,MLB,regression_tree
MLB,Brandon McCarthy,2011,4275000,73449189.1891892,4785068449981739,NPB,MLB,regression_tree
MLB,Dallas Braden,2011,3350000,16104664.371772805,162681463236570.56,NPB,MLB,regression_tree
MLB,Bartolo Colon,2011,2000000,155622093.02325583,23599747464845868,NPB,MLB,regression_tree
MLB,Tyson Ross,2011,480000,16104664.371772805,244130136730546.47,NPB,MLB,regression_tree
MLB,Brad Peacock,2011,480000,16104664.371772805,244130136730546.47,NPB,MLB,regression_tree
MLB,Jarrod Parker,2011,480000,16104664.371772805,244130136730546.47,NPB,MLB,regression_tree
MLB,Tommy Milone,2011,480000,16104664.371772805,244130136730546.47,NPB,MLB,regression_tree
MLB,Graham Godfrey,2011,480000,16104664.371772805,244130136730546.47,NPB,MLB,regression_tree
MLB,Jair Jurrjens,2011,5500000,73449189.1891892,4617092311468226,NPB,MLB,regression_tree
MLB,Tommy Hanson,2011,535000,73449189.1891892,5316478985116875,NPB,MLB,regression_tree
MLB,Brandon Beachy,2011,495000,73449189.1891892,5322313720252010,NPB,MLB,regression_tree
MLB,Mike Minor,2011,482500,43054295.532646045,1812357774873421.8,NPB,MLB,regression_tree
MLB,Julio Teheran,2011,480000,16104664.371772805,244130136730546.47,NPB,MLB,regression_tree
MLB,Randall Delgado,2011,480000,16104664.371772805,244130136730546.47,NPB,MLB,regression_tree
MLB,Dana Eveland,2011,750000,16104664.371772805,235765717969789.16,NPB,MLB,regression_tree
MLB,Dontrelle Willis,2011,700000,43054295.532646045,1793886350066720.8,NPB,MLB,regression_tree
MLB,Tommy Hunter,2011,493500,43054295.532646045,1811421316371703.5,NPB,MLB,regression_tree
MLB,Jake Arrieta,2011,488500,73449189.1891892,5323262166961469,NPB,MLB,regression_tree
MLB,Zack Britton,2011,486000,73449189.1891892,5323626976657415,NPB,MLB,regression_tree
MLB,Chris Tillman,2011,480000,43054295.532646045,1812570640101085,NPB,MLB,regression_tree
MLB,Clay Buchholz,2011,7486250,43054295.532646045,1265085863012382.2,NPB,MLB,regression_tree
MLB,Aaron Cook,2011,1500000,74327542.37288135,5303850928073829,NPB,MLB,regression_tree
MLB,Andrew Miller,2011,1040000,43054295.532646045,1765201029104521.5,NPB,MLB,regression_tree
MLB,Chris Carpenter,2011,482000,155622093.02325583,24068448463264472,NPB,MLB,regression_tree
MLB,Matt Garza,2011,9500000,180043478.26086956,29085077977315688,NPB,MLB,regression_tree
MLB,Paul Maholm,2011,4250000,73449189.1891892,4788527784441199,NPB,MLB,regression_tree
MLB,Randy Wells,2011,2705000,73449189.1891892,5004740304035793,NPB,MLB,regression_tree
MLB,Chris Volstad,2011,2655000,73449189.1891892,5011817222954712,NPB,MLB,regression_tree
MLB,Travis Wood,2011,480000,43054295.532646045,1812570640101085,NPB,MLB,regression_tree
MLB,Casey Coleman,2011,480000,43054295.532646045,1812570640101085,NPB,MLB,regression_tree
MLB,John Danks,2011,13000000,73449189.1891892,3654104473630388,NPB,MLB,regression_tree
MLB,Philip Humber,2011,530000,73449189.1891892,5317208152008766,NPB,MLB,regression_tree
MLB,Zach Stewart,2011,481500,43054295.532646045,1812442919464487,NPB,MLB,regression_tree
MLB,Dylan Axelrod,2011,480000,16104664.371772805,244130136730546.47,NPB,MLB,regression_tree
MLB,Homer Bailey,2011,2425000,73449189.1891892,5044435449981739,NPB,MLB,regression_tree
MLB,Mat Latos,2011,550000,180043478.26086956,32217908738185256,NPB,MLB,regression_tree
MLB,Mike Leake,2011,507500,73449189.1891892,5320490021772280,NPB,MLB,regression_tree
MLB,Alfredo Simón,2011,487500,43054295.532646045,1811932081918095.2,NPB,MLB,regression_tree
MLB,Justin Masterson,2011,3825000,180043478.26086956,31052952080576560,NPB,MLB,regression_tree
MLB,Josh Tomlin,2011,494500,73449189.1891892,5322386674691199,NPB,MLB,regression_tree
MLB,Carlos Carrasco,2011,488500,73449189.1891892,5323262166961469,NPB,MLB,regression_tree
MLB,David Huff,2011,486200,16104664.371772805,243936429332336.5,NPB,MLB,regression_tree
MLB,Jeanmar Gómez,2011,482700,16104664.371772805,244045770832938.9,NPB,MLB,regression_tree
MLB,Zach McAllister,2011,480000,16104664.371772805,244130136730546.47,NPB,MLB,regression_tree
MLB,Jeremy Guthrie,2011,8200000,155622093.02325583,21733273511357492,NPB,MLB,regression_tree
MLB,Kevin Slowey,2011,2750000,16104664.371772805,178347060482697.94,NPB,MLB,regression_tree
MLB,Jhoulys Chacín,2011,482000,180043478.26086956,32242324475228732,NPB,MLB,regression_tree
MLB,Josh Outman,2011,482000,16104664.371772805,244067642073059.38,NPB,MLB,regression_tree
MLB,Esmil Rogers,2011,481000,43054295.532646045,1812485492510019.8,NPB,MLB,regression_tree
MLB,Guillermo Moscoso,2011,480000,73449189.1891892,5324502570927685,NPB,MLB,regression_tree
MLB,Drew Pomeranz,2011,480000,16104664.371772805,244130136730546.47,NPB,MLB,regression_tree
MLB,Jeff Francis,2011,480000,155622093.02325583,24069069027636564,NPB,MLB,regression_tree
MLB,Alex White,2011,480000,16104664.371772805,244130136730546.47,NPB,MLB,regression_tree
MLB,Tyler Chatwood,2011,480000,73449189.1891892,5324502570927685,NPB,MLB,regression_tree
MLB,Juan Nicasio,2011,480000,43054295.532646045,1812570640101085,NPB,MLB,regression_tree
MLB,Max Scherzer,2011,3750000,180043478.26086956,31079390477315688,NPB,MLB,regression_tree
MLB,Rick Porcello,2011,3100000,180043478.26086956,31308994499054820,NPB,MLB,regression_tree
MLB,Doug Fister,2011,507500,180043478.26086956,32233167490087428,NPB,MLB,regression_tree
MLB,J.A. Happ,2011,2350000,73449189.1891892,5055094703360118,NPB,MLB,regression_tree
MLB,Bud Norris,2011,511000,180043478.26086956,32231910750489604,NPB,MLB,regression_tree
MLB,Kyle Weiland,2011,481500,16104664.371772805,244083264987431.16,NPB,MLB,regression_tree
MLB,Jordan Lyles,2011,480000,43054295.532646045,1812570640101085,NPB,MLB,regression_tree
MLB,Bruce Chen,2011,4500000,155622093.02325583,22837886999729588,NPB,MLB,regression_tree
MLB,Jonathan Sánchez,2011,5600000,43054295.532646045,1402824253846789.5,NPB,MLB,regression_tree
MLB,Luke Hochevar,2011,3510000,180043478.26086956,31164068946880908,NPB,MLB,regression_tree
MLB,Felipe Paulino,2011,1900000,73449189.1891892,5119286473630388,NPB,MLB,regression_tree
MLB,Sean O'Sullivan,2011,493500,43054295.532646045,1811421316371703.5,NPB,MLB,regression_tree
MLB,Vin Mazzaro,2011,490875,16104664.371772805,243790418546085.4,NPB,MLB,regression_tree
MLB,Luis Mendoza,2011,488925,16104664.371772805,243851316127135.3,NPB,MLB,regression_tree
MLB,Danny Duffy,2011,487750,43054295.532646045,1811910798582829,NPB,MLB,regression_tree
MLB,Jered Weaver,2011,17000000,180043478.26086956,26583175803402644,NPB,MLB,regression_tree
MLB,C.J. Wilson,2011,15500000,196927419.3548387,32915908493756500,NPB,MLB,regression_tree
MLB,Jerome Williams,2011,820000,16104664.371772805,233620964957740.97,NPB,MLB,regression_tree
MLB,Barry Enright,2011,480000,16104664.371772805,244130136730546.47,NPB,MLB,regression_tree
MLB,Brad Mills,2011,480000,16104664.371772805,244130136730546.47,NPB,MLB,regression_tree
MLB,Chad Billingsley,2011,11666667,180043478.26086956,28350750570378492,NPB,MLB,regression_tree
MLB,Clayton Kershaw,2011,9500000,180043478.26086956,29085077977315688,NPB,MLB,regression_tree
MLB,Aaron Harang,2011,6000000,155622093.02325583,22386770720659820,NPB,MLB,regression_tree
MLB,Chris Capuano,2011,5000000,155622093.02325583,22687014906706332,NPB,MLB,regression_tree
MLB,Rubby De La Rosa,2011,482500,16104664.371772805,244052019658687.6,NPB,MLB,regression_tree
MLB,Nathan Eovaldi,2011,480000,16104664.371772805,244130136730546.47,NPB,MLB,regression_tree
MLB,Mark Buehrle,2011,14500000,155622093.02325583,19915445139264472,NPB,MLB,regression_tree
MLB,Aníbal Sánchez,2011,8000000,180043478.26086956,29598958412098296,NPB,MLB,regression_tree
MLB,Wade LeBlanc,2011,480000,43054295.532646045,1812570640101085,NPB,MLB,regression_tree
MLB,Alex Sanabia,2011,480000,16104664.371772805,244130136730546.47,NPB,MLB,regression_tree
MLB,Brad Hand,2011,480000,16104664.371772805,244130136730546.47,NPB,MLB,regression_tree
MLB,Shaun Marcum,2011,7725000,180043478.26086956,29693657950141776,NPB,MLB,regression_tree
MLB,Liván Hernández,2011,750000,155622093.02325583,23985365197404004,NPB,MLB,regression_tree
MLB,Chris Narveson,2011,500000,73449189.1891892,5321584203360118,NPB,MLB,regression_tree
MLB,Francisco Liriano,2011,5500000,73449189.1891892,4617092311468226,NPB,MLB,regression_tree
MLB,Brian Duensing,2011,515000,73449189.1891892,5319395952684442,NPB,MLB,regression_tree
MLB,Scott Diamond,2011,480000,16104664.371772805,244130136730546.47,NPB,MLB,regression_tree
MLB,Liam Hendriks,2011,480000,16104664.371772805,244130136730546.47,NPB,MLB,regression_tree
MLB,Mike Pelfrey,2011,5687500,180043478.26086956,30400007155304820,NPB,MLB,regression_tree
MLB,Chris Young,2011,900000,74327542.37288135,5391603978921287,NPB,MLB,regression_tree
MLB,Dillon Gee,2011,502000,73449189.1891892,5321292410603361,NPB,MLB,regression_tree
MLB,CC Sabathia,2011,24400000,423333333.3333333,1.5914780444444442e+17,NPB,MLB,regression_tree
MLB,Hiroki Kuroda,2011,10000000,336071428.5714286,106322576530612260,NPB,MLB,regression_tree
MLB,Freddy García,2011,4000000,155622093.02325583,22989259092752844,NPB,MLB,regression_tree
MLB,Phil Hughes,2011,3200000,43054295.532646045,1588364872403490.5,NPB,MLB,regression_tree
MLB,Derek Lowe,2011,1000000,155622093.02325583,23907991650892376,NPB,MLB,regression_tree
MLB,Michael Pineda,2011,528475,73449189.1891892,5317430557861418,NPB,MLB,regression_tree
MLB,Iván Nova,2011,527200,73449189.1891892,5317616507308226,NPB,MLB,regression_tree
MLB,Dellin Betances,2011,481000,16104664.371772805,244098888401802.94,NPB,MLB,regression_tree
MLB,Cole Hamels,2011,15000000,180043478.26086956,27239349716446124,NPB,MLB,regression_tree
MLB,Joel Piñeiro,2011,1500000,155622093.02325583,23753619557869120,NPB,MLB,regression_tree
MLB,Vance Worley,2011,495000,73449189.1891892,5322313720252010,NPB,MLB,regression_tree
MLB,Érik Bédard,2011,4500000,423333333.3333333,175421361111111100,NPB,MLB,regression_tree
MLB,Jeff Karstens,2011,3100000,73449189.1891892,4949008419576334,NPB,MLB,regression_tree
MLB,Charlie Morton,2011,2445000,73449189.1891892,5041594882414172,NPB,MLB,regression_tree
MLB,James McDonald,2011,502500,73449189.1891892,5321219463664172,NPB,MLB,regression_tree
MLB,Rick van den Hurk,2011,480000,16104664.371772805,244130136730546.47,NPB,MLB,regression_tree
MLB,Jeff Locke,2011,480000,16104664.371772805,244130136730546.47,NPB,MLB,regression_tree
MLB,Tim Stauffer,2011,3200000,180043478.26086956,31273615803402644,NPB,MLB,regression_tree
MLB,Jason Marquis,2011,3000000,155622093.02325583,23293503278799356,NPB,MLB,regression_tree
MLB,Clayton Richard,2011,2705000,43054295.532646045,1628065649980810,NPB,MLB,regression_tree
MLB,Edinson Vólquez,2011,2237500,43054295.532646045,1666010797553834.2,NPB,MLB,regression_tree
MLB,Dustin Moseley,2011,2012500,73449189.1891892,5103200562312820,NPB,MLB,regression_tree
MLB,Ross Ohlendorf,2011,900000,16104664.371772805,231181818658257.3,NPB,MLB,regression_tree
MLB,Jason Vargas,2011,4850000,180043478.26086956,30692754825141776,NPB,MLB,regression_tree
MLB,Kevin Millwood,2011,1000000,74327542.37288135,5376928470446710,NPB,MLB,regression_tree
MLB,Blake Beavan,2011,486500,43054295.532646045,1812017216509160.5,NPB,MLB,regression_tree
MLB,Tim Lincecum,2011,20250000,180043478.26086956,25533955694706992,NPB,MLB,regression_tree
MLB,Ryan Vogelsong,2011,4000000,196927419.3548387,37220989138917790,NPB,MLB,regression_tree
MLB,Madison Bumgarner,2011,560000,180043478.26086956,32214318968620036,NPB,MLB,regression_tree
MLB,Brad Penny,2011,500000,155622093.02325583,24062863743915632,NPB,MLB,regression_tree
MLB,Eric Surkamp,2011,480000,16104664.371772805,244130136730546.47,NPB,MLB,regression_tree
MLB,Jaime García,2011,6875000,180043478.26086956,29987321863185256,NPB,MLB,regression_tree
MLB,Chris Carpenter,2011,10500000,155622093.02325583,21060421883450516,NPB,MLB,regression_tree
MLB,David Price,2011,4350000,180043478.26086956,30868198303402644,NPB,MLB,regression_tree
MLB,Jeff Niemann,2011,2750000,73449189.1891892,4998375352008766,NPB,MLB,regression_tree
MLB,Jeremy Hellickson,2011,489500,180043478.26086956,32239631109304820,NPB,MLB,regression_tree
MLB,Alex Cobb,2011,480000,16104664.371772805,244130136730546.47,NPB,MLB,regression_tree
MLB,Derek Holland,2011,5700000,180043478.26086956,30395648412098296,NPB,MLB,regression_tree
MLB,Roy Oswalt,2011,5000000,155622093.02325583,22687014906706332,NPB,MLB,regression_tree
MLB,Matt Harrison,2011,2950000,180043478.26086956,31362100042533080,NPB,MLB,regression_tree
MLB,Derek Holland,2011,504700,180043478.26086956,32234172899405688,NPB,MLB,regression_tree
MLB,Alexi Ogando,2011,497600,73449189.1891892,5321934365228226,NPB,MLB,regression_tree
MLB,Brandon Morrow,2011,6666667,73449189.1891892,4459905269949547.5,NPB,MLB,regression_tree
MLB,Dustin McGowan,2011,1366667,16104664.371772805,217208566530382.12,NPB,MLB,regression_tree
MLB,Nelson Figueroa,2011,650000,74327542.37288135,5428380250107727,NPB,MLB,regression_tree
MLB,Kyle Drabek,2011,485900,43054295.532646045,1812068298223799.8,NPB,MLB,regression_tree
MLB,Henderson Alvarez III,2011,482900,16104664.371772805,244039522087190.2,NPB,MLB,regression_tree
MLB,Brett Cecil,2011,480000,73449189.1891892,5324502570927685,NPB,MLB,regression_tree
MLB,Gio González,2011,8400000,180043478.26086956,29461483629489604,NPB,MLB,regression_tree
MLB,Edwin Jackson,2011,11000000,180043478.26086956,28575697542533080,NPB,MLB,regression_tree
MLB,John Lannan,2011,5000000,180043478.26086956,30640219281663516,NPB,MLB,regression_tree
MLB,Chien-Ming Wang,2011,4000000,74327542.37288135,4945963216209422,NPB,MLB,regression_tree
MLB,Tom Gorzelanny,2011,3000000,43054295.532646045,1604346590616549,NPB,MLB,regression_tree
MLB,Jordan Zimmermann,2011,2300000,73449189.1891892,5062207122279037,NPB,MLB,regression_tree
MLB,Ross Detwiler,2011,485000,43054295.532646045,1812144922145758.5,NPB,MLB,regression_tree
MLB,Brandon McCarthy,2012,7750000,43054295.532646045,1246393283056411.5,NPB,MLB,regression_tree
MLB,Ian Kennedy,2012,4265000,180043478.26086956,30898073419706992,NPB,MLB,regression_tree
MLB,Daniel Hudson,2012,518500,16104664.371772805,242928519823919.97,NPB,MLB,regression_tree
MLB,Wade Miley,2012,500500,180043478.26086956,32235681042783080,NPB,MLB,regression_tree
MLB,Randall Delgado,2012,495000,43054295.532646045,1811293636235105.5,NPB,MLB,regression_tree
MLB,Patrick Corbin,2012,494000,43054295.532646045,1811378755826171,NPB,MLB,regression_tree
MLB,Tyler Skaggs,2012,490000,16104664.371772805,243817743443111,NPB,MLB,regression_tree
MLB,Bartolo Colon,2012,3000000,155622093.02325583,23293503278799356,NPB,MLB,regression_tree
MLB,Travis Blackley,2012,550000,43054295.532646045,1806615138726514.5,NPB,MLB,regression_tree
MLB,Tommy Milone,2012,495000,180043478.26086956,32237656045793948,NPB,MLB,regression_tree
MLB,Jarrod Parker,2012,495000,180043478.26086956,32237656045793948,NPB,MLB,regression_tree
MLB,Dan Straily,2012,492500,16104664.371772805,243739676371252.16,NPB,MLB,regression_tree
MLB,A.J. Griffin,2012,492500,43054295.532646045,1811506438962768.8,NPB,MLB,regression_tree
MLB,Brandon Beachy,2012,510000,43054295.532646045,1810017082369126.2,NPB,MLB,regression_tree
MLB,Mike Minor,2012,505000,73449189.1891892,5320854736468226,NPB,MLB,regression_tree
MLB,Julio Teheran,2012,490000,16104664.371772805,243817743443111,NPB,MLB,regression_tree
MLB,Jason Hammel,2012,6750000,43054295.532646045,1318001874121703.5,NPB,MLB,regression_tree
MLB,Tommy Hunter,2012,1820000,73449189.1891892,5130740743900658,NPB,MLB,regression_tree
MLB,Jake Arrieta,2012,516500,43054295.532646045,1809464048777201.8,NPB,MLB,regression_tree
MLB,Chris Tillman,2012,508500,43054295.532646045,1810144717505724.2,NPB,MLB,regression_tree
MLB,Miguel González,2012,502000,43054295.532646045,1810697855097648.5,NPB,MLB,regression_tree
MLB,Jair Jurrjens,2012,490000,16104664.371772805,243817743443111,NPB,MLB,regression_tree
MLB,Freddy García,2012,490000,159259259.25925925,25207677685733880,NPB,MLB,regression_tree
MLB,Ryan Dempster,2012,13250000,155622093.02325583,20269812871822608,NPB,MLB,regression_tree
MLB,Daniel Bard,2012,1862500,43054295.532646045,1696764019203318.8,NPB,MLB,regression_tree
MLB,Chris Sale,2012,600000,180043478.26086956,32199961890359168,NPB,MLB,regression_tree
MLB,Félix Doubront,2012,518500,73449189.1891892,5318885425610118,NPB,MLB,regression_tree
MLB,Edwin Jackson,2012,13000000,180043478.26086956,27903523629489604,NPB,MLB,regression_tree
MLB,Matt Garza,2012,10250000,43054295.532646045,1076121805393181.2,NPB,MLB,regression_tree
MLB,Scott Feldman,2012,6000000,73449189.1891892,4549393122279037,NPB,MLB,regression_tree
MLB,Jeff Samardzija,2012,2640000,73449189.1891892,5013941273630388,NPB,MLB,regression_tree
MLB,Travis Wood,2012,527500,73449189.1891892,5317572754204712,NPB,MLB,regression_tree
MLB,Brooks Raley,2012,490000,16104664.371772805,243817743443111,NPB,MLB,regression_tree
MLB,Chris Rusin,2012,490000,16104664.371772805,243817743443111,NPB,MLB,regression_tree
MLB,Chris Sale,2012,6500000,180043478.26086956,30117338846880908,NPB,MLB,regression_tree
MLB,Jake Peavy,2012,14500000,155622093.02325583,19915445139264472,NPB,MLB,regression_tree
MLB,Jose Quintana,2012,500000,73449189.1891892,5321584203360118,NPB,MLB,regression_tree
MLB,Dylan Axelrod,2012,493000,16104664.371772805,243724064456880.38,NPB,MLB,regression_tree
MLB,Mat Latos,2012,5750000,180043478.26086956,30378216564272212,NPB,MLB,regression_tree
MLB,Homer Bailey,2012,5350000,180043478.26086956,30517811346880908,NPB,MLB,regression_tree
MLB,Mike Leake,2012,3060000,73449189.1891892,4954637954711469,NPB,MLB,regression_tree
MLB,Justin Masterson,2012,5678500,180043478.26086956,30403145643913516,NPB,MLB,regression_tree
MLB,Josh Tomlin,2012,501800,43054295.532646045,1810714876055861.5,NPB,MLB,regression_tree
MLB,Zach McAllister,2012,496400,73449189.1891892,5322109450482280,NPB,MLB,regression_tree
MLB,David Huff,2012,493600,16104664.371772805,243705330819634.25,NPB,MLB,regression_tree
MLB,Corey Kluber,2012,491800,43054295.532646045,1811566025966514.5,NPB,MLB,regression_tree
MLB,Jhoulys Chacín,2012,3250000,43054295.532646045,1584381942850226,NPB,MLB,regression_tree
MLB,Roy Oswalt,2012,2300000,74327542.37288135,5187966860277219,NPB,MLB,regression_tree
MLB,Chris Volstad,2012,1500000,43054295.532646045,1726759477214487,NPB,MLB,regression_tree
MLB,Jeff Francis,2012,1500000,159259259.25925925,24887983882030176,NPB,MLB,regression_tree
MLB,Juan Nicasio,2012,491000,16104664.371772805,243786515114367.47,NPB,MLB,regression_tree
MLB,Drew Pomeranz,2012,490000,43054295.532646045,1811719254190432,NPB,MLB,regression_tree
MLB,Edwar Cabrera,2012,490000,16104664.371772805,243817743443111,NPB,MLB,regression_tree
MLB,Tyler Chatwood,2012,490000,43054295.532646045,1811719254190432,NPB,MLB,regression_tree
MLB,Christian Friedrich,2012,490000,43054295.532646045,1811719254190432,NPB,MLB,regression_tree
MLB,Justin Verlander,2012,25714286,180043478.26086956,23817499583892440,NPB,MLB,regression_tree
MLB,Aníbal Sánchez,2012,16000000,180043478.26086956,26910262759924384,NPB,MLB,regression_tree
MLB,Max Scherzer,2012,6725000,180043478.26086956,30039294906663516,NPB,MLB,regression_tree
MLB,Rick Porcello,2012,5100000,73449189.1891892,4671611662819577,NPB,MLB,regression_tree
MLB,Doug Fister,2012,4000000,73449189.1891892,4823189879035793,NPB,MLB,regression_tree
MLB,Drew Smyly,2012,498000,43054295.532646045,1811038289461909.8,NPB,MLB,regression_tree
MLB,Bud Norris,2012,3000000,73449189.1891892,4963088257414172,NPB,MLB,regression_tree
MLB,Érik Bédard,2012,1150000,155622093.02325583,23861627522985400,NPB,MLB,regression_tree
MLB,Philip Humber,2012,850000,43054295.532646045,1781202561406927,NPB,MLB,regression_tree
MLB,Lucas Harrell,2012,500700,180043478.26086956,32235609225631776,NPB,MLB,regression_tree
MLB,Alex White,2012,497100,43054295.532646045,1811114891603868.5,NPB,MLB,regression_tree
MLB,Jordan Lyles,2012,490000,73449189.1891892,5323043287143902,NPB,MLB,regression_tree
MLB,Dallas Keuchel,2012,490000,43054295.532646045,1811719254190432,NPB,MLB,regression_tree
MLB,Jeremy Guthrie,2012,8333333,155622093.02325583,21693978829188244,NPB,MLB,regression_tree
MLB,Luke Hochevar,2012,4560000,180043478.26086956,30794451142533080,NPB,MLB,regression_tree
MLB,Felipe Paulino,2012,1750000,16104664.371772805,206056389226243.53,NPB,MLB,regression_tree
MLB,Luis Mendoza,2012,532000,73449189.1891892,5316916479252010,NPB,MLB,regression_tree
MLB,Danny Duffy,2012,505125,16104664.371772805,243345628611489.88,NPB,MLB,regression_tree
MLB,Will Smith,2012,496500,43054295.532646045,1811165960598507.8,NPB,MLB,regression_tree
MLB,Joe Blanton,2012,7500000,155622093.02325583,21940154441590052,NPB,MLB,regression_tree
MLB,Jason Vargas,2012,8500000,180043478.26086956,29427164933837428,NPB,MLB,regression_tree
MLB,Tommy Hanson,2012,3725000,73449189.1891892,4861462558089848,NPB,MLB,regression_tree
MLB,Zack Greinke,2012,24500000,180043478.26086956,24193773629489604,NPB,MLB,regression_tree
MLB,Stephen Fife,2012,492500,16104664.371772805,243739676371252.16,NPB,MLB,regression_tree
MLB,Edinson Vólquez,2012,490000,180043478.26086956,32239451555576560,NPB,MLB,regression_tree
MLB,Henderson Alvarez III,2012,507900,180043478.26086956,32233023861464820,NPB,MLB,regression_tree
MLB,Nathan Eovaldi,2012,502000,73449189.1891892,5321292410603361,NPB,MLB,regression_tree
MLB,Brad Hand,2012,490000,16104664.371772805,243817743443111,NPB,MLB,regression_tree
MLB,Kyle Lohse,2012,11000000,196927419.3548387,34569005267950048,NPB,MLB,regression_tree
MLB,Marco Estrada,2012,1955000,73449189.1891892,5111419087819577,NPB,MLB,regression_tree
MLB,Chris Narveson,2012,840000,16104664.371772805,233009978382870.06,NPB,MLB,regression_tree
MLB,Mark Rogers,2012,491000,16104664.371772805,243786515114367.47,NPB,MLB,regression_tree
MLB,Wily Peralta,2012,490000,16104664.371772805,243817743443111,NPB,MLB,regression_tree
MLB,Kevin Correia,2012,5000000,155622093.02325583,22687014906706332,NPB,MLB,regression_tree
MLB,Mike Pelfrey,2012,4000000,16104664.371772805,146522899553265.9,NPB,MLB,regression_tree
MLB,Scott Diamond,2012,530000,73449189.1891892,5317208152008766,NPB,MLB,regression_tree
MLB,Vance Worley,2012,525000,73449189.1891892,5317937368900658,NPB,MLB,regression_tree
MLB,Liam Hendriks,2012,500000,43054295.532646045,1810868068279779.2,NPB,MLB,regression_tree
MLB,Shaun Marcum,2012,4000000,155622093.02325583,22989259092752844,NPB,MLB,regression_tree
MLB,Dillon Gee,2012,527375,43054295.532646045,1808538969989991.8,NPB,MLB,regression_tree
MLB,Jeremy Hefner,2012,500625,43054295.532646045,1810814875800988.2,NPB,MLB,regression_tree
MLB,Matt Harvey,2012,498750,16104664.371772805,243544563379105,NPB,MLB,regression_tree
MLB,Jenrry Mejía,2012,494925,16104664.371772805,243663963254674.06,NPB,MLB,regression_tree
MLB,Daisuke Matsuzaka,2012,490000,74327542.37288135,5451982663667049,NPB,MLB,regression_tree
MLB,Hiroki Kuroda,2012,15000000,155622093.02325583,19774573046241216,NPB,MLB,regression_tree
MLB,Andy Pettitte,2012,12000000,74327542.37288135,3884722538243320.5,NPB,MLB,regression_tree
MLB,Phil Hughes,2012,7150000,180043478.26086956,29892154825141776,NPB,MLB,regression_tree
MLB,Iván Nova,2012,575600,73449189.1891892,5310560001314712,NPB,MLB,regression_tree
MLB,Adam Warren,2012,490525,16104664.371772805,243801348321145.66,NPB,MLB,regression_tree
MLB,Cole Hamels,2012,24000000,180043478.26086956,24349567107750472,NPB,MLB,regression_tree
MLB,John Lannan,2012,2500000,16104664.371772805,185086892668584.34,NPB,MLB,regression_tree
MLB,Aaron Cook,2012,1625000,74327542.37288135,5285659667480609,NPB,MLB,regression_tree
MLB,Francisco Liriano,2012,3500000,73449189.1891892,4892889068224983,NPB,MLB,regression_tree
MLB,James McDonald,2012,3025000,73449189.1891892,4959566422954712,NPB,MLB,regression_tree
MLB,Jeff Karstens,2012,2500000,43054295.532646045,1644650886149195,NPB,MLB,regression_tree
MLB,Charlie Morton,2012,2000000,16104664.371772805,198941557040357.16,NPB,MLB,regression_tree
MLB,Jonathan Sánchez,2012,1375000,43054295.532646045,1737163676097648.5,NPB,MLB,regression_tree
MLB,Jeanmar Gómez,2012,500000,43054295.532646045,1810868068279779.2,NPB,MLB,regression_tree
MLB,Jeff Locke,2012,497500,16104664.371772805,243583579727534.44,NPB,MLB,regression_tree
MLB,Edinson Vólquez,2012,5725000,180043478.26086956,30386931863185256,NPB,MLB,regression_tree
MLB,Clayton Richard,2012,5240000,180043478.26086956,30556256012098296,NPB,MLB,regression_tree
MLB,Jason Marquis,2012,3000000,155622093.02325583,23293503278799356,NPB,MLB,regression_tree
MLB,Tim Stauffer,2012,1000000,16104664.371772805,228150885783902.75,NPB,MLB,regression_tree
MLB,Eric Stults,2012,507600,74327542.37288135,5449383891935524,NPB,MLB,regression_tree
MLB,Anthony Bass,2012,503600,43054295.532646045,1810561690311944,NPB,MLB,regression_tree
MLB,Tyson Ross,2012,500500,43054295.532646045,1810825514234246.5,NPB,MLB,regression_tree
MLB,Joe Wieland,2012,494300,16104664.371772805,243683475819513.78,NPB,MLB,regression_tree
MLB,Casey Kelly,2012,491400,16104664.371772805,243774024342870.06,NPB,MLB,regression_tree
MLB,Félix Hernández,2012,25000000,180043478.26086956,24038480151228732,NPB,MLB,regression_tree
MLB,Hisashi Iwakuma,2012,7000000,336071428.5714286,108288005102040830,NPB,MLB,regression_tree
MLB,Joe Saunders,2012,6500000,155622093.02325583,22237398627636564,NPB,MLB,regression_tree
MLB,Blake Beavan,2012,506700,73449189.1891892,5320606729114983,NPB,MLB,regression_tree
MLB,Erasmo Ramírez,2012,490000,16104664.371772805,243817743443111,NPB,MLB,regression_tree
MLB,Héctor Noesí,2012,490000,43054295.532646045,1811719254190432,NPB,MLB,regression_tree
MLB,Matt Cain,2012,22500000,180043478.26086956,24819947542533080,NPB,MLB,regression_tree
MLB,Madison Bumgarner,2012,7000000,180043478.26086956,29944045368620036,NPB,MLB,regression_tree
MLB,Yusmeiro Petit,2012,490000,16104664.371772805,243817743443111,NPB,MLB,regression_tree
MLB,Jake Westbrook,2012,9750000,155622093.02325583,21278667522985400,NPB,MLB,regression_tree
MLB,Lance Lynn,2012,513000,73449189.1891892,5319687693441199,NPB,MLB,regression_tree
MLB,Joe Kelly,2012,493000,43054295.532646045,1811463877417236.2,NPB,MLB,regression_tree
MLB,David Price,2012,10112500,180043478.26086956,28876537372696124,NPB,MLB,regression_tree
MLB,Roberto Hernández,2012,3250000,74327542.37288135,5052017029768744,NPB,MLB,regression_tree
MLB,Jeff Niemann,2012,3000000,16104664.371772805,171732228296811.53,NPB,MLB,regression_tree
MLB,Jeremy Hellickson,2012,503000,73449189.1891892,5321146517224983,NPB,MLB,regression_tree
MLB,Alex Cobb,2012,502200,73449189.1891892,5321263231767685,NPB,MLB,regression_tree
MLB,Chris Archer,2012,490000,16104664.371772805,243817743443111,NPB,MLB,regression_tree
MLB,Jake Odorizzi,2012,490000,16104664.371772805,243817743443111,NPB,MLB,regression_tree
MLB,Matt Harrison,2012,11000000,180043478.26086956,28575697542533080,NPB,MLB,regression_tree
MLB,Neftalí Feliz,2012,2900000,16104664.371772805,174363161171166.1,NPB,MLB,regression_tree
MLB,Colby Lewis,2012,2000000,159259259.25925925,24730474622770916,NPB,MLB,regression_tree
MLB,Martín Pérez,2012,492000,16104664.371772805,243755288785623.94,NPB,MLB,regression_tree
MLB,Travis Blackley,2012,490000,43054295.532646045,1811719254190432,NPB,MLB,regression_tree
MLB,J.A. Happ,2012,3700000,73449189.1891892,4864949392549307,NPB,MLB,regression_tree
MLB,Kyle Drabek,2012,499500,43054295.532646045,1810910622825311.8,NPB,MLB,regression_tree
MLB,Drew Hutchison,2012,493200,16104664.371772805,243717819831131.66,NPB,MLB,regression_tree
MLB,Todd Redmond,2012,490000,16104664.371772805,243817743443111,NPB,MLB,regression_tree
MLB,Dan Haren,2012,13000000,155622093.02325583,20341061418334236,NPB,MLB,regression_tree
MLB,Jordan Zimmermann,2012,5350000,180043478.26086956,30517811346880908,NPB,MLB,regression_tree
MLB,Ross Detwiler,2012,2337500,73449189.1891892,5056872339339848,NPB,MLB,regression_tree
MLB,Chris Young,2012,2000000,159259259.25925925,24730474622770916,NPB,MLB,regression_tree
MLB,Ross Ohlendorf,2012,490000,16104664.371772805,243817743443111,NPB,MLB,regression_tree
MLB,Bronson Arroyo,2013,11750000,155622093.02325583,20699179150892376,NPB,MLB,regression_tree
MLB,Wade Miley,2013,523500,180043478.26086956,32227422594783080,NPB,MLB,regression_tree
MLB,Patrick Corbin,2013,515000,180043478.26086956,32230474506663516,NPB,MLB,regression_tree
MLB,Randall Delgado,2013,510000,43054295.532646045,1810017082369126.2,NPB,MLB,regression_tree
MLB,Scott Kazmir,2013,11000000,73449189.1891892,3899901230387144.5,NPB,MLB,regression_tree
MLB,Tommy Milone,2013,510000,73449189.1891892,5320125319576334,NPB,MLB,regression_tree
MLB,Drew Pomeranz,2013,505000,16104664.371772805,243349528511957.84,NPB,MLB,regression_tree
MLB,Dan Straily,2013,505000,73449189.1891892,5320854736468226,NPB,MLB,regression_tree
MLB,A.J. Griffin,2013,505000,180043478.26086956,32234065176228732,NPB,MLB,regression_tree
MLB,Sonny Gray,2013,502500,16104664.371772805,243427533083816.7,NPB,MLB,regression_tree
MLB,Jarrod Parker,2013,500000,180043478.26086956,32235860586011340,NPB,MLB,regression_tree
MLB,Julio Teheran,2013,5400000,180043478.26086956,30500344499054820,NPB,MLB,regression_tree
MLB,Ervin Santana,2013,14100000,155622093.02325583,20028502813683076,NPB,MLB,regression_tree
MLB,Kris Medlen,2013,5800000,180043478.26086956,30360789716446124,NPB,MLB,regression_tree
MLB,Gavin Floyd,2013,4000000,16104664.371772805,146522899553265.9,NPB,MLB,regression_tree
MLB,Mike Minor,2013,3850000,180043478.26086956,31044141781663516,NPB,MLB,regression_tree
MLB,Brandon Beachy,2013,1450000,16104664.371772805,214759187849307.22,NPB,MLB,regression_tree
MLB,Freddy García,2013,1250000,74327542.37288135,5340327199260270,NPB,MLB,regression_tree
MLB,Aaron Harang,2013,1000000,155622093.02325583,23907991650892376,NPB,MLB,regression_tree
MLB,David Hale,2013,502500,16104664.371772805,243427533083816.7,NPB,MLB,regression_tree
MLB,Ubaldo Jiménez,2013,12500000,180043478.26086956,28070817107750472,NPB,MLB,regression_tree
MLB,Bud Norris,2013,5300000,73449189.1891892,4644311987143902,NPB,MLB,regression_tree
MLB,Alfredo Aceves,2013,1200000,16104664.371772805,222149020035193.62,NPB,MLB,regression_tree
MLB,Chris Tillman,2013,546000,180043478.26086956,32219344702011340,NPB,MLB,regression_tree
MLB,Miguel González,2013,529000,73449189.1891892,5317353991387145,NPB,MLB,regression_tree
MLB,Zack Britton,2013,521500,16104664.371772805,242835011837689.3,NPB,MLB,regression_tree
MLB,Chris Capuano,2013,2250000,159259259.25925925,24651907493141288,NPB,MLB,regression_tree
MLB,Félix Doubront,2013,586000,73449189.1891892,5309044338819577,NPB,MLB,regression_tree
MLB,Allen Webster,2013,500000,16104664.371772805,243505550155675.56,NPB,MLB,regression_tree
MLB,Jason Hammel,2013,6000000,155622093.02325583,22386770720659820,NPB,MLB,regression_tree
MLB,Jeff Samardzija,2013,5345000,180043478.26086956,30519558306663516,NPB,MLB,regression_tree
MLB,Travis Wood,2013,3900000,180043478.26086956,31026524933837428,NPB,MLB,regression_tree
MLB,James McDonald,2013,1000000,16104664.371772805,228150885783902.75,NPB,MLB,regression_tree
MLB,Jake Arrieta,2013,544500,43054295.532646045,1807082716227373.8,NPB,MLB,regression_tree
MLB,Justin Grimm,2013,505500,43054295.532646045,1810400001278920,NPB,MLB,regression_tree
MLB,Chris Rusin,2013,503500,43054295.532646045,1810570200461050.8,NPB,MLB,regression_tree
MLB,Jose Quintana,2013,5300000,180043478.26086956,30535283194706992,NPB,MLB,regression_tree
MLB,Jose Quintana,2013,550000,180043478.26086956,32217908738185256,NPB,MLB,regression_tree
MLB,Erik Johnson,2013,500000,16104664.371772805,243505550155675.56,NPB,MLB,regression_tree
MLB,Eric Surkamp,2013,500000,16104664.371772805,243505550155675.56,NPB,MLB,regression_tree
MLB,André Rienzo,2013,500000,16104664.371772805,243505550155675.56,NPB,MLB,regression_tree
MLB,Dylan Axelrod,2013,500000,73449189.1891892,5321584203360118,NPB,MLB,regression_tree
MLB,Homer Bailey,2013,17500000,180043478.26086956,26420382325141776,NPB,MLB,regression_tree
MLB,Mike Leake,2013,5925000,180043478.26086956,30317244471880908,NPB,MLB,regression_tree
MLB,Chien-Ming Wang,2013,1250000,74327542.37288135,5340327199260270,NPB,MLB,regression_tree
MLB,Tony Cingrani,2013,512500,43054295.532646045,1809804367141463,NPB,MLB,regression_tree
MLB,Jair Jurrjens,2013,500000,16104664.371772805,243505550155675.56,NPB,MLB,regression_tree
MLB,Pedro Villarreal,2013,500000,16104664.371772805,243505550155675.56,NPB,MLB,regression_tree
MLB,David Holmberg,2013,500000,16104664.371772805,243505550155675.56,NPB,MLB,regression_tree
MLB,Justin Masterson,2013,9762500,180043478.26086956,28995611557478732,NPB,MLB,regression_tree
MLB,Shaun Marcum,2013,1000000,74327542.37288135,5376928470446710,NPB,MLB,regression_tree
MLB,Corey Kluber,2013,514000,73449189.1891892,5319541822062821,NPB,MLB,regression_tree
MLB,Zach McAllister,2013,504500,73449189.1891892,5320927680907415,NPB,MLB,regression_tree
MLB,Danny Salazar,2013,501500,16104664.371772805,243458738412560.25,NPB,MLB,regression_tree
MLB,Juan Nicasio,2013,2025000,73449189.1891892,5101414801333091,NPB,MLB,regression_tree
MLB,Tyler Chatwood,2013,502000,43054295.532646045,1810697855097648.5,NPB,MLB,regression_tree
MLB,Jordan Lyles,2013,502000,73449189.1891892,5321292410603361,NPB,MLB,regression_tree
MLB,Chris Capuano,2013,500000,159259259.25925925,25204502400548696,NPB,MLB,regression_tree
MLB,Chad Bettis,2013,500000,16104664.371772805,243505550155675.56,NPB,MLB,regression_tree
MLB,Max Scherzer,2013,15525000,180043478.26086956,27066329689272212,NPB,MLB,regression_tree
MLB,Rick Porcello,2013,8500000,73449189.1891892,4218397176333090.5,NPB,MLB,regression_tree
MLB,Scott Feldman,2013,10000000,155622093.02325583,21205793976473772,NPB,MLB,regression_tree
MLB,Lucas Harrell,2013,509700,73449189.1891892,5320169083179848,NPB,MLB,regression_tree
MLB,Dallas Keuchel,2013,508700,73449189.1891892,5320314963158226,NPB,MLB,regression_tree
MLB,Brad Peacock,2013,504300,43054295.532646045,1810502119828198.5,NPB,MLB,regression_tree
MLB,Brett Oberholtzer,2013,503600,43054295.532646045,1810561690311944,NPB,MLB,regression_tree
MLB,Jarred Cosart,2013,500000,16104664.371772805,243505550155675.56,NPB,MLB,regression_tree
MLB,Collin McHugh,2013,500000,16104664.371772805,243505550155675.56,NPB,MLB,regression_tree
MLB,Jason Vargas,2013,8000000,155622093.02325583,21792282348566796,NPB,MLB,regression_tree
MLB,Danny Duffy,2013,526000,16104664.371772805,242694783608343.38,NPB,MLB,regression_tree
MLB,Yordano Ventura,2013,500500,16104664.371772805,243489945741303.78,NPB,MLB,regression_tree
MLB,Héctor Santiago,2013,530000,73449189.1891892,5317208152008766,NPB,MLB,regression_tree
MLB,Tyler Skaggs,2013,502250,16104664.371772805,243435334228502.6,NPB,MLB,regression_tree
MLB,Matt Shoemaker,2013,500500,16104664.371772805,243489945741303.78,NPB,MLB,regression_tree
MLB,Clayton Kershaw,2013,30714286,380000000,1.2200051000448979e+17,NPB,MLB,regression_tree
MLB,Paul Maholm,2013,1500000,155622093.02325583,23753619557869120,NPB,MLB,regression_tree
MLB,Dan Haren,2013,1000000,155622093.02325583,23907991650892376,NPB,MLB,regression_tree
MLB,Kevin Slowey,2013,800000,43054295.532646045,1785425490960191.5,NPB,MLB,regression_tree
MLB,José Fernández,2013,635000,148977272.72727272,22005429877892560,NPB,MLB,regression_tree
MLB,Henderson Alvarez III,2013,525400,43054295.532646045,1808706955226720.8,NPB,MLB,regression_tree
MLB,Nathan Eovaldi,2013,517000,43054295.532646045,1809421511231669.2,NPB,MLB,regression_tree
MLB,Tom Koehler,2013,515000,73449189.1891892,5319395952684442,NPB,MLB,regression_tree
MLB,Brian Flynn,2013,500000,16104664.371772805,243505550155675.56,NPB,MLB,regression_tree
MLB,Matt Garza,2013,12500000,73449189.1891892,3714803662819577,NPB,MLB,regression_tree
MLB,Marco Estrada,2013,3325000,73449189.1891892,4917401909441199,NPB,MLB,regression_tree
MLB,Wily Peralta,2013,515000,180043478.26086956,32230474506663516,NPB,MLB,regression_tree
MLB,Johnny Hellweg,2013,500000,16104664.371772805,243505550155675.56,NPB,MLB,regression_tree
MLB,Ricky Nolasco,2013,12250000,155622093.02325583,20555557057869120,NPB,MLB,regression_tree
MLB,Phil Hughes,2013,8000000,73449189.1891892,4283596365522280,NPB,MLB,regression_tree
MLB,Mike Pelfrey,2013,5500000,73449189.1891892,4617092311468226,NPB,MLB,regression_tree
MLB,Scott Diamond,2013,542500,73449189.1891892,5315385328529037,NPB,MLB,regression_tree
MLB,Vance Worley,2013,527500,16104664.371772805,242648049865228.06,NPB,MLB,regression_tree
MLB,Kyle Gibson,2013,502500,16104664.371772805,243427533083816.7,NPB,MLB,regression_tree
MLB,Bartolo Colon,2013,10000000,196927419.3548387,34941860106659724,NPB,MLB,regression_tree
MLB,Dillon Gee,2013,3625000,180043478.26086956,31123479471880908,NPB,MLB,regression_tree
MLB,John Lannan,2013,1500000,43054295.532646045,1726759477214487,NPB,MLB,regression_tree
MLB,Daisuke Matsuzaka,2013,1500000,74327542.37288135,5303850928073829,NPB,MLB,regression_tree
MLB,Matt Harvey,2013,546625,148977272.72727272,22031657184737732,NPB,MLB,regression_tree
MLB,Zack Wheeler,2013,512375,43054295.532646045,1809815002605971.2,NPB,MLB,regression_tree
MLB,Jenrry Mejía,2013,509675,16104664.371772805,243203693505706.75,NPB,MLB,regression_tree
MLB,Hiroki Kuroda,2013,16000000,155622093.02325583,19494328860194704,NPB,MLB,regression_tree
MLB,Iván Nova,2013,3300000,73449189.1891892,4920908743900658,NPB,MLB,regression_tree
MLB,Alfredo Aceves,2013,1200000,16104664.371772805,222149020035193.62,NPB,MLB,regression_tree
MLB,David Phelps,2013,541425,43054295.532646045,1807344160925524.5,NPB,MLB,regression_tree
MLB,A.J. Burnett,2013,11250000,423333333.3333333,169812673611111100,NPB,MLB,regression_tree
MLB,Miguel González,2013,4000000,73449189.1891892,4823189879035793,NPB,MLB,regression_tree
MLB,Kyle Kendrick,2013,7675000,180043478.26086956,29710892297967864,NPB,MLB,regression_tree
MLB,Roberto Hernández,2013,4500000,155622093.02325583,22837886999729588,NPB,MLB,regression_tree
MLB,Jonathan Pettibone,2013,500000,43054295.532646045,1810868068279779.2,NPB,MLB,regression_tree
MLB,Ethan Martin,2013,500000,16104664.371772805,243505550155675.56,NPB,MLB,regression_tree
MLB,Charlie Morton,2013,7000000,43054295.532646045,1299912226355380.5,NPB,MLB,regression_tree
MLB,Edinson Vólquez,2013,5000000,73449189.1891892,4685291500657415,NPB,MLB,regression_tree
MLB,Jeff Locke,2013,513000,73449189.1891892,5319687693441199,NPB,MLB,regression_tree
MLB,Gerrit Cole,2013,512500,43054295.532646045,1809804367141463,NPB,MLB,regression_tree
MLB,Brandon Cumpton,2013,507000,16104664.371772805,243287133854470.75,NPB,MLB,regression_tree
MLB,Phil Irwin,2013,500000,16104664.371772805,243505550155675.56,NPB,MLB,regression_tree
MLB,Ian Kennedy,2013,6100000,180043478.26086956,30256333629489604,NPB,MLB,regression_tree
MLB,Eric Stults,2013,2750000,155622093.02325583,23369876825310984,NPB,MLB,regression_tree
MLB,Andrew Cashner,2013,2400000,73449189.1891892,5047987284441199,NPB,MLB,regression_tree
MLB,Robbie Erlin,2013,504500,16104664.371772805,243365128426329.6,NPB,MLB,regression_tree
MLB,Burch Smith,2013,500000,16104664.371772805,243505550155675.56,NPB,MLB,regression_tree
MLB,Erasmo Ramírez,2013,511800,43054295.532646045,1809863926145208.8,NPB,MLB,regression_tree
MLB,Brandon Maurer,2013,504600,43054295.532646045,1810476589920878.8,NPB,MLB,regression_tree
MLB,James Paxton,2013,503500,16104664.371772805,243396329755073.16,NPB,MLB,regression_tree
MLB,Taijuan Walker,2013,502400,16104664.371772805,243430653526691.06,NPB,MLB,regression_tree
MLB,Tim Lincecum,2013,17500000,180043478.26086956,26420382325141776,NPB,MLB,regression_tree
MLB,Tim Hudson,2013,11500000,155622093.02325583,20771177697404004,NPB,MLB,regression_tree
MLB,Ryan Vogelsong,2013,5000000,159259259.25925925,23795919067215360,NPB,MLB,regression_tree
MLB,Yusmeiro Petit,2013,845000,16104664.371772805,232857356739152.3,NPB,MLB,regression_tree
MLB,Adam Wainwright,2013,19500000,196927419.3548387,31480489138917792,NPB,MLB,regression_tree
MLB,Lance Lynn,2013,535000,180043478.26086956,32223293767533080,NPB,MLB,regression_tree
MLB,Shelby Miller,2013,521000,73449189.1891892,5318520778414172,NPB,MLB,regression_tree
MLB,Michael Wacha,2013,510000,16104664.371772805,243193556868240.1,NPB,MLB,regression_tree
MLB,Tyler Lyons,2013,500000,16104664.371772805,243505550155675.56,NPB,MLB,regression_tree
MLB,Chris Archer,2013,4250000,73449189.1891892,4788527784441199,NPB,MLB,regression_tree
MLB,David Price,2013,14000000,180043478.26086956,27570436672967864,NPB,MLB,regression_tree
MLB,Jeremy Hellickson,2013,3625000,73449189.1891892,4875417395927685,NPB,MLB,regression_tree
MLB,Érik Bédard,2013,1150000,155622093.02325583,23861627522985400,NPB,MLB,regression_tree
MLB,Alex Cobb,2013,516900,73449189.1891892,5319118806375523,NPB,MLB,regression_tree
MLB,Chris Archer,2013,511200,73449189.1891892,5319950266962280,NPB,MLB,regression_tree
MLB,Jake Odorizzi,2013,503100,16104664.371772805,243408810846570.56,NPB,MLB,regression_tree
MLB,Alex Colomé,2013,500000,16104664.371772805,243505550155675.56,NPB,MLB,regression_tree
MLB,Enny Romero,2013,500000,16104664.371772805,243505550155675.56,NPB,MLB,regression_tree
MLB,Nate Karns,2013,500000,16104664.371772805,243505550155675.56,NPB,MLB,regression_tree
MLB,Martín Pérez,2013,3125000,73449189.1891892,4945491585116875,NPB,MLB,regression_tree
MLB,Alexi Ogando,2013,2625000,43054295.532646045,1634527937266033.5,NPB,MLB,regression_tree
MLB,Tommy Hanson,2013,2000000,43054295.532646045,1685455181681841,NPB,MLB,regression_tree
MLB,Scott Baker,2013,1000000,74327542.37288135,5376928470446710,NPB,MLB,regression_tree
MLB,Nick Tepesch,2013,505071,43054295.532646045,1810436508329528,NPB,MLB,regression_tree
MLB,Joe Saunders,2013,500000,155622093.02325583,24062863743915632,NPB,MLB,regression_tree
MLB,R.A. Dickey,2013,12500000,155622093.02325583,20483933511357492,NPB,MLB,regression_tree
MLB,J.A. Happ,2013,5400000,43054295.532646045,1417845972059848,NPB,MLB,regression_tree
MLB,Todd Redmond,2013,505700,43054295.532646045,1810382981800707,NPB,MLB,regression_tree
MLB,Liam Hendriks,2013,500000,16104664.371772805,243505550155675.56,NPB,MLB,regression_tree
MLB,Sean Nolin,2013,500000,16104664.371772805,243505550155675.56,NPB,MLB,regression_tree
MLB,Jordan Zimmermann,2013,12000000,180043478.26086956,28238610586011340,NPB,MLB,regression_tree
MLB,Doug Fister,2013,7200000,180043478.26086956,29874867977315688,NPB,MLB,regression_tree
MLB,Stephen Strasburg,2013,3975000,180043478.26086956,31000109037098296,NPB,MLB,regression_tree
MLB,Ross Detwiler,2013,3000000,43054295.532646045,1604346590616549,NPB,MLB,regression_tree
MLB,Taylor Jordan,2013,504300,16104664.371772805,243371368532078.3,NPB,MLB,regression_tree
MLB,Jeremy Hellickson,2014,4275000,43054295.532646045,1503833762008301.5,NPB,MLB,regression_tree
MLB,Rubby De La Rosa,2014,516000,43054295.532646045,1809506586822734.5,NPB,MLB,regression_tree
MLB,Chase Anderson,2014,512500,43054295.532646045,1809804367141463,NPB,MLB,regression_tree
MLB,Robbie Ray,2014,508500,16104664.371772805,243240343111355.4,NPB,MLB,regression_tree
MLB,Allen Webster,2014,507500,16104664.371772805,243271536440098.97,NPB,MLB,regression_tree
MLB,Jhoulys Chacín,2014,507500,43054295.532646045,1810229810096789.5,NPB,MLB,regression_tree
MLB,Andrew Chafin,2014,507500,16104664.371772805,243271536440098.97,NPB,MLB,regression_tree
MLB,Jesse Chavez,2014,2150000,155622093.02325583,23553683336938888,NPB,MLB,regression_tree
MLB,Drew Pomeranz,2014,517500,43054295.532646045,1809378974186136.5,NPB,MLB,regression_tree
MLB,Sonny Gray,2014,512500,180043478.26086956,32231372155304820,NPB,MLB,regression_tree
MLB,Chris Bassitt,2014,507500,16104664.371772805,243271536440098.97,NPB,MLB,regression_tree
MLB,Brad Mills,2014,507500,16104664.371772805,243271536440098.97,NPB,MLB,regression_tree
MLB,Jesse Hahn,2014,507500,43054295.532646045,1810229810096789.5,NPB,MLB,regression_tree
MLB,Mike Minor,2014,5600000,73449189.1891892,4603512473630388,NPB,MLB,regression_tree
MLB,Eric Stults,2014,2000000,155622093.02325583,23599747464845868,NPB,MLB,regression_tree
MLB,Shelby Miller,2014,535000,180043478.26086956,32223293767533080,NPB,MLB,regression_tree
MLB,Alex Wood,2014,520000,73449189.1891892,5318666635792550,NPB,MLB,regression_tree
MLB,Edwin Jackson,2014,507500,155622093.02325583,24060536968770284,NPB,MLB,regression_tree
MLB,Bud Norris,2014,8800000,73449189.1891892,4179517662819577,NPB,MLB,regression_tree
MLB,Chris Tillman,2014,4315000,180043478.26086956,30880498071880908,NPB,MLB,regression_tree
MLB,Miguel González,2014,3275000,155622093.02325583,23209636752636564,NPB,MLB,regression_tree
MLB,Kevin Gausman,2014,522000,43054295.532646045,1808996163276342.8,NPB,MLB,regression_tree
MLB,Wade Miley,2014,6416667,180043478.26086956,30146269588617620,NPB,MLB,regression_tree
MLB,Rick Porcello,2014,12500000,180043478.26086956,28070817107750472,NPB,MLB,regression_tree
MLB,Joe Kelly,2014,603000,43054295.532646045,1802112492400054,NPB,MLB,regression_tree
MLB,Brandon Workman,2014,539500,43054295.532646045,1807507839182700,NPB,MLB,regression_tree
MLB,Jon Lester,2014,25833333,423333333.3333333,158006250265e6,NPB,MLB,regression_tree
MLB,Jason Hammel,2014,10000000,155622093.02325583,21205793976473772,NPB,MLB,regression_tree
MLB,Travis Wood,2014,5685000,73449189.1891892,4591985336468226,NPB,MLB,regression_tree
MLB,Tsuyoshi Wada,2014,4000000,74327542.37288135,4945963216209422,NPB,MLB,regression_tree
MLB,Jake Arrieta,2014,3630000,73449189.1891892,4874719179035793,NPB,MLB,regression_tree
MLB,Félix Doubront,2014,1925000,43054295.532646045,1691618951011738,NPB,MLB,regression_tree
MLB,Kyle Hendricks,2014,510000,43054295.532646045,1810017082369126.2,NPB,MLB,regression_tree
MLB,Dallas Beeler,2014,508000,16104664.371772805,243255939525727.2,NPB,MLB,regression_tree
MLB,Trevor Cahill,2014,507500,43054295.532646045,1810229810096789.5,NPB,MLB,regression_tree
MLB,Jeff Samardzija,2014,9800000,180043478.26086956,28982841890359168,NPB,MLB,regression_tree
MLB,Héctor Noesí,2014,1950000,73449189.1891892,5112134054711469,NPB,MLB,regression_tree
MLB,Erik Johnson,2014,510000,16104664.371772805,243193556868240.1,NPB,MLB,regression_tree
MLB,Scott Carroll,2014,507500,73449189.1891892,5320490021772280,NPB,MLB,regression_tree
MLB,Mike Leake,2014,9775000,180043478.26086956,28991354689272212,NPB,MLB,regression_tree
MLB,Tony Cingrani,2014,525500,43054295.532646045,1808698449457614.2,NPB,MLB,regression_tree
MLB,David Holmberg,2014,507500,16104664.371772805,243271536440098.97,NPB,MLB,regression_tree
MLB,Dylan Axelrod,2014,507500,16104664.371772805,243271536440098.97,NPB,MLB,regression_tree
MLB,Corey Kluber,2014,7700000,180043478.26086956,29702274499054820,NPB,MLB,regression_tree
MLB,Gavin Floyd,2014,4000000,74327542.37288135,4945963216209422,NPB,MLB,regression_tree
MLB,Trevor Bauer,2014,1940000,73449189.1891892,5113564138495253,NPB,MLB,regression_tree
MLB,Josh Tomlin,2014,1500000,43054295.532646045,1726759477214487,NPB,MLB,regression_tree
MLB,Bruce Chen,2014,1000000,74327542.37288135,5376928470446710,NPB,MLB,regression_tree
MLB,Corey Kluber,2014,601000,180043478.26086956,32199603004402644,NPB,MLB,regression_tree
MLB,Zach McAllister,2014,520400,43054295.532646045,1809132269182047.2,NPB,MLB,regression_tree
MLB,Danny Salazar,2014,507500,43054295.532646045,1810229810096789.5,NPB,MLB,regression_tree
MLB,Jhoulys Chacín,2014,505700,43054295.532646045,1810382981800707,NPB,MLB,regression_tree
MLB,Jorge De La Rosa,2014,12500000,155622093.02325583,20483933511357492,NPB,MLB,regression_tree
MLB,Jhoulys Chacín,2014,5500000,43054295.532646045,1410325112953318.8,NPB,MLB,regression_tree
MLB,Kyle Kendrick,2014,5500000,180043478.26086956,30465425803402644,NPB,MLB,regression_tree
MLB,Jordan Lyles,2014,2475000,73449189.1891892,5037335531062820,NPB,MLB,regression_tree
MLB,Tyler Chatwood,2014,1000000,16104664.371772805,228150885783902.75,NPB,MLB,regression_tree
MLB,Tyler Matzek,2014,509500,43054295.532646045,1810059626914659,NPB,MLB,regression_tree
MLB,Christian Bergman,2014,509500,16104664.371772805,243209151782611.88,NPB,MLB,regression_tree
MLB,Eddie Butler,2014,509500,16104664.371772805,243209151782611.88,NPB,MLB,regression_tree
MLB,Yohan Flande,2014,507500,16104664.371772805,243271536440098.97,NPB,MLB,regression_tree
MLB,David Price,2014,19750000,180043478.26086956,25693999172967864,NPB,MLB,regression_tree
MLB,Alfredo Simón,2014,5500000,155622093.02325583,22536642813683076,NPB,MLB,regression_tree
MLB,Shane Greene,2014,515000,43054295.532646045,1809591664413799.8,NPB,MLB,regression_tree
MLB,Drew VerHagen,2014,507500,16104664.371772805,243271536440098.97,NPB,MLB,regression_tree
MLB,Randy Wolf,2014,507500,74327542.37288135,5449398655933998,NPB,MLB,regression_tree
MLB,Kyle Lobstein,2014,507500,16104664.371772805,243271536440098.97,NPB,MLB,regression_tree
MLB,Buck Farmer,2014,507500,16104664.371772805,243271536440098.97,NPB,MLB,regression_tree
MLB,Dallas Keuchel,2014,524500,180043478.26086956,32227063555826560,NPB,MLB,regression_tree
MLB,Collin McHugh,2014,516300,73449189.1891892,5319206325482550,NPB,MLB,regression_tree
MLB,Brad Peacock,2014,515800,73449189.1891892,5319279258621739,NPB,MLB,regression_tree
MLB,Brett Oberholtzer,2014,515800,73449189.1891892,5319279258621739,NPB,MLB,regression_tree
MLB,Dan Straily,2014,507500,16104664.371772805,243271536440098.97,NPB,MLB,regression_tree
MLB,Yordano Ventura,2014,4800000,180043478.26086956,30710276672967864,NPB,MLB,regression_tree
MLB,Edinson Vólquez,2014,10000000,336071428.5714286,106322576530612260,NPB,MLB,regression_tree
MLB,Danny Duffy,2014,2425000,73449189.1891892,5044435449981739,NPB,MLB,regression_tree
MLB,Franklin Morales,2014,1850000,73449189.1891892,5126443892549307,NPB,MLB,regression_tree
MLB,Chris Young,2014,675000,155622093.02325583,24008601636357492,NPB,MLB,regression_tree
MLB,Yordano Ventura,2014,535675,180043478.26086956,32223051431543052,NPB,MLB,regression_tree
MLB,Brian Flynn,2014,508450,16104664.371772805,243241902730292.6,NPB,MLB,regression_tree
MLB,Aaron Brooks,2014,507500,16104664.371772805,243271536440098.97,NPB,MLB,regression_tree
MLB,Yohan Pino,2014,507500,16104664.371772805,243271536440098.97,NPB,MLB,regression_tree
MLB,Garrett Richards,2014,3200000,73449189.1891892,4934948581738496,NPB,MLB,regression_tree
MLB,Héctor Santiago,2014,2290000,73449189.1891892,5063630206062820,NPB,MLB,regression_tree
MLB,Matt Shoemaker,2014,517500,73449189.1891892,5319031287988496,NPB,MLB,regression_tree
MLB,Tyler Skaggs,2014,515000,43054295.532646045,1809591664413799.8,NPB,MLB,regression_tree
MLB,Andrew Heaney,2014,509250,16104664.371772805,243216949427297.75,NPB,MLB,regression_tree
MLB,Nick Tropeano,2014,507500,16104664.371772805,243271536440098.97,NPB,MLB,regression_tree
MLB,Mat Latos,2014,507500,43054295.532646045,1810229810096789.5,NPB,MLB,regression_tree
MLB,Brandon McCarthy,2014,12000000,155622093.02325583,20627305604380748,NPB,MLB,regression_tree
MLB,Brett Anderson,2014,10000000,16104664.371772805,37266927091992.26,NPB,MLB,regression_tree
MLB,Mike Bolsinger,2014,507500,16104664.371772805,243271536440098.97,NPB,MLB,regression_tree
MLB,Mat Latos,2014,9400000,43054295.532646045,1132611607798679.5,NPB,MLB,regression_tree
MLB,Henderson Alvarez III,2014,4000000,180043478.26086956,30991306238185256,NPB,MLB,regression_tree
MLB,David Phelps,2014,1400000,43054295.532646045,1735080336321016.2,NPB,MLB,regression_tree
MLB,José Fernández,2014,651000,16104664.371772805,238815742515400.16,NPB,MLB,regression_tree
MLB,Tom Koehler,2014,555000,180043478.26086956,32216113828402644,NPB,MLB,regression_tree
MLB,Jarred Cosart,2014,540000,180043478.26086956,32221498707750472,NPB,MLB,regression_tree
MLB,Brad Hand,2014,520000,43054295.532646045,1809166296458473.2,NPB,MLB,regression_tree
MLB,André Rienzo,2014,507500,43054295.532646045,1810229810096789.5,NPB,MLB,regression_tree
MLB,Wily Peralta,2014,525500,180043478.26086956,32226704518870036,NPB,MLB,regression_tree
MLB,Jimmy Nelson,2014,511500,43054295.532646045,1809889451732528.2,NPB,MLB,regression_tree
MLB,Ervin Santana,2014,13750000,155622093.02325583,20127690778799356,NPB,MLB,regression_tree
MLB,Phil Hughes,2014,14000000,180043478.26086956,27570436672967864,NPB,MLB,regression_tree
MLB,Tommy Milone,2014,2775000,43054295.532646045,1622421648606239.8,NPB,MLB,regression_tree
MLB,Kyle Gibson,2014,537500,73449189.1891892,5316114420420929,NPB,MLB,regression_tree
MLB,Trevor May,2014,510000,16104664.371772805,243193556868240.1,NPB,MLB,regression_tree
MLB,Logan Darnell,2014,507500,16104664.371772805,243271536440098.97,NPB,MLB,regression_tree
MLB,Dillon Gee,2014,5300000,73449189.1891892,4644311987143902,NPB,MLB,regression_tree
MLB,Jacob deGrom,2014,556875,73449189.1891892,5313289467855473,NPB,MLB,regression_tree
MLB,Zack Wheeler,2014,546250,180043478.26086956,32219254953334712,NPB,MLB,regression_tree
MLB,Rafael Montero,2014,511000,16104664.371772805,243162368539496.56,NPB,MLB,regression_tree
MLB,Nathan Eovaldi,2014,3300000,180043478.26086956,31238257107750472,NPB,MLB,regression_tree
MLB,Iván Nova,2014,3300000,16104664.371772805,163959429673747.84,NPB,MLB,regression_tree
MLB,Michael Pineda,2014,2100000,43054295.532646045,1677254322575311.8,NPB,MLB,regression_tree
MLB,Chase Whitley,2014,524525,43054295.532646045,1808781381559527.8,NPB,MLB,regression_tree
MLB,Aaron Harang,2014,5000000,155622093.02325583,22687014906706332,NPB,MLB,regression_tree
MLB,Kevin Correia,2014,650000,155622093.02325583,24016349616008656,NPB,MLB,regression_tree
MLB,David Buchanan,2014,512500,43054295.532646045,1809804367141463,NPB,MLB,regression_tree
MLB,Jonathan Pettibone,2014,510000,16104664.371772805,243193556868240.1,NPB,MLB,regression_tree
MLB,Sean O'Sullivan,2014,507500,16104664.371772805,243271536440098.97,NPB,MLB,regression_tree
MLB,Francisco Liriano,2014,13000000,423333333.3333333,1.6837344444444442e+17,NPB,MLB,regression_tree
MLB,A.J. Burnett,2014,8500000,155622093.02325583,21644910255543540,NPB,MLB,regression_tree
MLB,Vance Worley,2014,2450000,43054295.532646045,1648708815702459.5,NPB,MLB,regression_tree
MLB,Gerrit Cole,2014,531000,73449189.1891892,5317062314630388,NPB,MLB,regression_tree
MLB,Jeff Locke,2014,531000,73449189.1891892,5317062314630388,NPB,MLB,regression_tree
MLB,Brandon Cumpton,2014,520500,43054295.532646045,1809123762412940.8,NPB,MLB,regression_tree
MLB,James Shields,2014,18750000,155622093.02325583,18733969848566796,NPB,MLB,regression_tree
MLB,Ian Kennedy,2014,9850000,180043478.26086956,28965820042533080,NPB,MLB,regression_tree
MLB,Tyson Ross,2014,5250000,180043478.26086956,30552760042533080,NPB,MLB,regression_tree
MLB,Andrew Cashner,2014,4050000,73449189.1891892,4816247460116875,NPB,MLB,regression_tree
MLB,Joe Wieland,2014,590000,16104664.371772805,240704810568756.47,NPB,MLB,regression_tree
MLB,Odrisamer Despaigne,2014,517300,43054295.532646045,1809395988944349.5,NPB,MLB,regression_tree
MLB,Bud Norris,2014,507500,73449189.1891892,5320490021772280,NPB,MLB,regression_tree
MLB,Robbie Erlin,2014,507500,16104664.371772805,243271536440098.97,NPB,MLB,regression_tree
MLB,Erasmo Ramírez,2014,522800,43054295.532646045,1808928112243490.5,NPB,MLB,regression_tree
MLB,James Paxton,2014,519000,43054295.532646045,1809251366049538.5,NPB,MLB,regression_tree
MLB,Taijuan Walker,2014,513100,16104664.371772805,243096879559135.12,NPB,MLB,regression_tree
MLB,Roenis Elías,2014,507500,73449189.1891892,5320490021772280,NPB,MLB,regression_tree
MLB,Jake Peavy,2014,12000000,155622093.02325583,20627305604380748,NPB,MLB,regression_tree
MLB,Ryan Vogelsong,2014,4000000,155622093.02325583,22989259092752844,NPB,MLB,regression_tree
MLB,Kevin Correia,2014,850000,155622093.02325583,23954400778799356,NPB,MLB,regression_tree
MLB,Lance Lynn,2014,7833333,180043478.26086956,29656334130769796,NPB,MLB,regression_tree
MLB,Michael Wacha,2014,520000,43054295.532646045,1809166296458473.2,NPB,MLB,regression_tree
MLB,Marco Gonzales,2014,507500,16104664.371772805,243271536440098.97,NPB,MLB,regression_tree
MLB,Alex Cobb,2014,4000000,73449189.1891892,4823189879035793,NPB,MLB,regression_tree
MLB,Drew Smyly,2014,2650000,73449189.1891892,5012525189846604,NPB,MLB,regression_tree
MLB,Jake Odorizzi,2014,522000,73449189.1891892,5318374923035793,NPB,MLB,regression_tree
MLB,Alex Colomé,2014,510800,16104664.371772805,243168606045245.25,NPB,MLB,regression_tree
MLB,Nate Karns,2014,508800,16104664.371772805,243230985502732.34,NPB,MLB,regression_tree
MLB,Colby Lewis,2014,4000000,155622093.02325583,22989259092752844,NPB,MLB,regression_tree
MLB,Nick Tepesch,2014,517760,73449189.1891892,5318993363577718,NPB,MLB,regression_tree
MLB,Tanner Scheppers,2014,515200,16104664.371772805,243031399398773.66,NPB,MLB,regression_tree
MLB,Nick Martinez,2014,515000,73449189.1891892,5319395952684442,NPB,MLB,regression_tree
MLB,Anthony Ranaudo,2014,508500,16104664.371772805,243240343111355.4,NPB,MLB,regression_tree
MLB,Lisalverto Bonilla,2014,508500,16104664.371772805,243240343111355.4,NPB,MLB,regression_tree
MLB,Wandy Rodríguez,2014,507500,74327542.37288135,5449398655933998,NPB,MLB,regression_tree
MLB,Drew Hutchison,2014,520100,180043478.26086956,32228643342195256,NPB,MLB,regression_tree
MLB,Liam Hendriks,2014,518400,16104664.371772805,242931637066794.3,NPB,MLB,regression_tree
MLB,Marcus Stroman,2014,514700,73449189.1891892,5319439713287956,NPB,MLB,regression_tree
MLB,Félix Doubront,2014,507500,43054295.532646045,1810229810096789.5,NPB,MLB,regression_tree
MLB,Max Scherzer,2014,30000000,180043478.26086956,22513045368620036,NPB,MLB,regression_tree
MLB,Doug Fister,2014,11400000,196927419.3548387,34420423332466176,NPB,MLB,regression_tree
MLB,Stephen Strasburg,2014,7400000,180043478.26086956,29805770586011340,NPB,MLB,regression_tree
MLB,Tanner Roark,2014,529600,180043478.26086956,32225232488258296,NPB,MLB,regression_tree
MLB,Taylor Jordan,2014,507500,16104664.371772805,243271536440098.97,NPB,MLB,regression_tree
MLB,Zack Greinke,2015,34416667,196927419.3548387,26409744630935712,NPB,MLB,regression_tree
MLB,Shelby Miller,2015,4350000,180043478.26086956,30868198303402644,NPB,MLB,regression_tree
MLB,Patrick Corbin,2015,2525000,43054295.532646045,1642623796372562.8,NPB,MLB,regression_tree
MLB,Rubby De La Rosa,2015,2350000,180043478.26086956,31574972216446124,NPB,MLB,regression_tree
MLB,Robbie Ray,2015,521000,73449189.1891892,5318520778414172,NPB,MLB,regression_tree
MLB,Archie Bradley,2015,507500,16104664.371772805,243271536440098.97,NPB,MLB,regression_tree
MLB,Zack Godley,2015,507500,16104664.371772805,243271536440098.97,NPB,MLB,regression_tree
MLB,Tyler Wagner,2015,507500,16104664.371772805,243271536440098.97,NPB,MLB,regression_tree
MLB,Rich Hill,2015,6000000,74327542.37288135,4668653046717897,NPB,MLB,regression_tree
MLB,Henderson Alvarez III,2015,4250000,16104664.371772805,140533067367379.52,NPB,MLB,regression_tree
MLB,Félix Doubront,2015,2000000,43054295.532646045,1685455181681841,NPB,MLB,regression_tree
MLB,Sonny Gray,2015,527500,180043478.26086956,32225986450956992,NPB,MLB,regression_tree
MLB,Kendall Graveman,2015,512500,43054295.532646045,1809804367141463,NPB,MLB,regression_tree
MLB,Chris Bassitt,2015,510000,43054295.532646045,1810017082369126.2,NPB,MLB,regression_tree
MLB,Jesse Hahn,2015,507500,43054295.532646045,1810229810096789.5,NPB,MLB,regression_tree
MLB,Jhoulys Chacín,2015,1100000,16104664.371772805,225139952909548.2,NPB,MLB,regression_tree
MLB,Williams Pérez,2015,511250,43054295.532646045,1809910723192794.5,NPB,MLB,regression_tree
MLB,Roberto Hernández,2015,507500,74327542.37288135,5449398655933998,NPB,MLB,regression_tree
MLB,Mike Foltynewicz,2015,507500,43054295.532646045,1810229810096789.5,NPB,MLB,regression_tree
MLB,Ryan Weber,2015,507500,16104664.371772805,243271536440098.97,NPB,MLB,regression_tree
MLB,Matt Wisler,2015,507500,43054295.532646045,1810229810096789.5,NPB,MLB,regression_tree
MLB,Manny Bañuelos,2015,507500,16104664.371772805,243271536440098.97,NPB,MLB,regression_tree
MLB,Yovani Gallardo,2015,11000000,180043478.26086956,28575697542533080,NPB,MLB,regression_tree
MLB,Chris Tillman,2015,6225000,73449189.1891892,4519091612143902,NPB,MLB,regression_tree
MLB,Miguel González,2015,5100000,155622093.02325583,22656900488101680,NPB,MLB,regression_tree
MLB,Kevin Gausman,2015,532000,43054295.532646045,1808145617365689.8,NPB,MLB,regression_tree
MLB,Tyler Wilson,2015,511500,16104664.371772805,243146775125124.78,NPB,MLB,regression_tree
MLB,Odrisamer Despaigne,2015,507500,73449189.1891892,5320490021772280,NPB,MLB,regression_tree
MLB,David Price,2015,31000000,180043478.26086956,22213958412098296,NPB,MLB,regression_tree
MLB,Rick Porcello,2015,20625000,73449189.1891892,2790394963495252.5,NPB,MLB,regression_tree
MLB,Joe Kelly,2015,2600000,73449189.1891892,5019607608765523,NPB,MLB,regression_tree
MLB,Roenis Elías,2015,558000,43054295.532646045,1805935133997992.2,NPB,MLB,regression_tree
MLB,Eduardo Rodríguez,2015,521000,73449189.1891892,5318520778414172,NPB,MLB,regression_tree
MLB,Steven Wright,2015,514500,43054295.532646045,1809634203959332.5,NPB,MLB,regression_tree
MLB,Sean O'Sullivan,2015,507500,43054295.532646045,1810229810096789.5,NPB,MLB,regression_tree
MLB,Henry Owens,2015,507500,43054295.532646045,1810229810096789.5,NPB,MLB,regression_tree
MLB,John Lackey,2015,16000000,196927419.3548387,32734731074401660,NPB,MLB,regression_tree
MLB,Jake Arrieta,2015,10700000,380000000,13638249e10,NPB,MLB,regression_tree
MLB,Kyle Hendricks,2015,541000,180043478.26086956,32221139701793948,NPB,MLB,regression_tree
MLB,Aaron Brooks,2015,510000,16104664.371772805,243193556868240.1,NPB,MLB,regression_tree
MLB,Dallas Beeler,2015,508500,16104664.371772805,243240343111355.4,NPB,MLB,regression_tree
MLB,Carlos Rodón,2015,518000,73449189.1891892,5318958356549307,NPB,MLB,regression_tree
MLB,Miguel González,2015,507500,155622093.02325583,24060536968770284,NPB,MLB,regression_tree
MLB,Chris Beck,2015,507500,16104664.371772805,243271536440098.97,NPB,MLB,regression_tree
MLB,Erik Johnson,2015,507500,16104664.371772805,243271536440098.97,NPB,MLB,regression_tree
MLB,Alfredo Simón,2015,2000000,155622093.02325583,23599747464845868,NPB,MLB,regression_tree
MLB,Anthony DeSclafani,2015,540000,180043478.26086956,32221498707750472,NPB,MLB,regression_tree
MLB,Michael Lorenzen,2015,516500,43054295.532646045,1809464048777201.8,NPB,MLB,regression_tree
MLB,Jon Moscot,2015,508000,16104664.371772805,243255939525727.2,NPB,MLB,regression_tree
MLB,Josh A. Smith,2015,507500,16104664.371772805,243271536440098.97,NPB,MLB,regression_tree
MLB,John Lamb,2015,507500,16104664.371772805,243271536440098.97,NPB,MLB,regression_tree
MLB,Keyvius Sampson,2015,507500,16104664.371772805,243271536440098.97,NPB,MLB,regression_tree
MLB,Josh Tomlin,2015,1833333,16104664.371772805,203670899122946.66,NPB,MLB,regression_tree
MLB,Trevor Bauer,2015,1697500,73449189.1891892,5148304901502010,NPB,MLB,regression_tree
MLB,Danny Salazar,2015,536200,180043478.26086956,32222862948625256,NPB,MLB,regression_tree
MLB,Cody Anderson,2015,511400,43054295.532646045,1809897960301634.8,NPB,MLB,regression_tree
MLB,Jordan Lyles,2015,2975000,16104664.371772805,172388086515400.2,NPB,MLB,regression_tree
MLB,Chad Bettis,2015,512500,43054295.532646045,1809804367141463,NPB,MLB,regression_tree
MLB,Chris Rusin,2015,512500,73449189.1891892,5319760629880388,NPB,MLB,regression_tree
MLB,Tyler Matzek,2015,509500,16104664.371772805,243209151782611.88,NPB,MLB,regression_tree
MLB,Jon Gray,2015,509500,16104664.371772805,243209151782611.88,NPB,MLB,regression_tree
MLB,Yohan Flande,2015,507500,43054295.532646045,1810229810096789.5,NPB,MLB,regression_tree
MLB,Eddie Butler,2015,507500,43054295.532646045,1810229810096789.5,NPB,MLB,regression_tree
MLB,David Hale,2015,507500,43054295.532646045,1810229810096789.5,NPB,MLB,regression_tree
MLB,Jordan Zimmermann,2015,22000000,180043478.26086956,24977741020793952,NPB,MLB,regression_tree
MLB,Mike Pelfrey,2015,8000000,155622093.02325583,21792282348566796,NPB,MLB,regression_tree
MLB,Shane Greene,2015,517000,43054295.532646045,1809421511231669.2,NPB,MLB,regression_tree
MLB,Daniel Norris,2015,514500,16104664.371772805,243053225138894.16,NPB,MLB,regression_tree
MLB,Matthew Boyd,2015,507500,16104664.371772805,243271536440098.97,NPB,MLB,regression_tree
MLB,Dallas Keuchel,2015,7250000,180043478.26086956,29857586129489604,NPB,MLB,regression_tree
MLB,Doug Fister,2015,7000000,74327542.37288135,4532997961972134,NPB,MLB,regression_tree
MLB,Collin McHugh,2015,529000,180043478.26086956,32225447905272212,NPB,MLB,regression_tree
MLB,Dan Straily,2015,512100,16104664.371772805,243128063687878.66,NPB,MLB,regression_tree
MLB,Brad Peacock,2015,507500,16104664.371772805,243271536440098.97,NPB,MLB,regression_tree
MLB,Ian Kennedy,2015,14000000,423333333.3333333,167553777777777760,NPB,MLB,regression_tree
MLB,Chris Young,2015,5750000,336071428.5714286,1.0911224617346941e+17,NPB,MLB,regression_tree
MLB,Danny Duffy,2015,4225000,73449189.1891892,4791988368900658,NPB,MLB,regression_tree
MLB,Dillon Gee,2015,2000000,16104664.371772805,198941557040357.16,NPB,MLB,regression_tree
MLB,Garrett Richards,2015,6425000,180043478.26086956,30143375993620036,NPB,MLB,regression_tree
MLB,Héctor Santiago,2015,5000000,180043478.26086956,30640219281663516,NPB,MLB,regression_tree
MLB,Tim Lincecum,2015,2500000,74327542.37288135,5159195843328066,NPB,MLB,regression_tree
MLB,Matt Shoemaker,2015,530000,73449189.1891892,5317208152008766,NPB,MLB,regression_tree
MLB,Andrew Heaney,2015,515000,43054295.532646045,1809591664413799.8,NPB,MLB,regression_tree
MLB,Nick Tropeano,2015,507500,16104664.371772805,243271536440098.97,NPB,MLB,regression_tree
MLB,Scott Kazmir,2015,16000000,336071428.5714286,102445719387755120,NPB,MLB,regression_tree
MLB,Brett Anderson,2015,15800000,180043478.26086956,26975920151228732,NPB,MLB,regression_tree
MLB,Brandon Beachy,2015,1500000,16104664.371772805,213296221412129.94,NPB,MLB,regression_tree
MLB,Joe Wieland,2015,590000,16104664.371772805,240704810568756.47,NPB,MLB,regression_tree
MLB,Alex Wood,2015,530000,180043478.26086956,32225088877315688,NPB,MLB,regression_tree
MLB,Carlos Frías,2015,517500,43054295.532646045,1809378974186136.5,NPB,MLB,regression_tree
MLB,Mike Bolsinger,2015,515000,43054295.532646045,1809591664413799.8,NPB,MLB,regression_tree
MLB,Zach Lee,2015,507500,16104664.371772805,243271536440098.97,NPB,MLB,regression_tree
MLB,Wei-Yin Chen,2015,16000000,180043478.26086956,26910262759924384,NPB,MLB,regression_tree
MLB,Tom Koehler,2015,3500000,180043478.26086956,31167599716446124,NPB,MLB,regression_tree
MLB,José Fernández,2015,2800000,16104664.371772805,177014094045520.66,NPB,MLB,regression_tree
MLB,David Phelps,2015,2500000,43054295.532646045,1644650886149195,NPB,MLB,regression_tree
MLB,Jarred Cosart,2015,550000,43054295.532646045,1806615138726514.5,NPB,MLB,regression_tree
MLB,Adam Conley,2015,512500,43054295.532646045,1809804367141463,NPB,MLB,regression_tree
MLB,Jeremy Guthrie,2015,507500,155622093.02325583,24060536968770284,NPB,MLB,regression_tree
MLB,Justin Nicolino,2015,507500,43054295.532646045,1810229810096789.5,NPB,MLB,regression_tree
MLB,Wily Peralta,2015,2800000,43054295.532646045,1620408308829607.2,NPB,MLB,regression_tree
MLB,Jimmy Nelson,2015,522300,73449189.1891892,5318331166812280,NPB,MLB,regression_tree
MLB,Chase Anderson,2015,520200,73449189.1891892,5318637464156875,NPB,MLB,regression_tree
MLB,Taylor Jungmann,2015,518500,73449189.1891892,5318885425610118,NPB,MLB,regression_tree
MLB,Tyler Cravy,2015,510600,16104664.371772805,243174843630993.97,NPB,MLB,regression_tree
MLB,Ariel Peña,2015,510100,16104664.371772805,243190437945365.75,NPB,MLB,regression_tree
MLB,Zach Davies,2015,507500,16104664.371772805,243271536440098.97,NPB,MLB,regression_tree
MLB,Tommy Milone,2015,4500000,73449189.1891892,4753990689846604,NPB,MLB,regression_tree
MLB,Kyle Gibson,2015,587500,180043478.26086956,32204448133565688,NPB,MLB,regression_tree
MLB,Tyler Duffey,2015,507500,16104664.371772805,243271536440098.97,NPB,MLB,regression_tree
MLB,Bartolo Colon,2015,7250000,155622093.02325583,22014277988101680,NPB,MLB,regression_tree
MLB,Matt Harvey,2015,4325000,180043478.26086956,30876983602315688,NPB,MLB,regression_tree
MLB,Jacob deGrom,2015,607000,180043478.26086956,32197449730663516,NPB,MLB,regression_tree
MLB,Noah Syndergaard,2015,535375,73449189.1891892,5316424299615608,NPB,MLB,regression_tree
MLB,Steven Matz,2015,515750,16104664.371772805,243014251290464.72,NPB,MLB,regression_tree
MLB,Nathan Eovaldi,2015,5600000,73449189.1891892,4603512473630388,NPB,MLB,regression_tree
MLB,Michael Pineda,2015,4300000,73449189.1891892,4781610365522280,NPB,MLB,regression_tree
MLB,Iván Nova,2015,4100000,43054295.532646045,1517437140444727.8,NPB,MLB,regression_tree
MLB,Luis Severino,2015,521300,16104664.371772805,242841245143438.03,NPB,MLB,regression_tree
MLB,Jeremy Hellickson,2015,7000000,73449189.1891892,4415494743900658.5,NPB,MLB,regression_tree
MLB,Brett Oberholtzer,2015,518000,16104664.371772805,242944106238291.75,NPB,MLB,regression_tree
MLB,Aaron Nola,2015,517500,43054295.532646045,1809378974186136.5,NPB,MLB,regression_tree
MLB,Jerad Eickhoff,2015,516000,16104664.371772805,243006456895778.84,NPB,MLB,regression_tree
MLB,Alec Asher,2015,507500,16104664.371772805,243271536440098.97,NPB,MLB,regression_tree
MLB,Severino González,2015,507500,16104664.371772805,243271536440098.97,NPB,MLB,regression_tree
MLB,Adam Morgan,2015,507500,43054295.532646045,1810229810096789.5,NPB,MLB,regression_tree
MLB,Jeff Locke,2015,3025000,73449189.1891892,4959566422954712,NPB,MLB,regression_tree
MLB,Ryan Vogelsong,2015,2000000,155622093.02325583,23599747464845868,NPB,MLB,regression_tree
MLB,Gerrit Cole,2015,548000,180043478.26086956,32218626716098296,NPB,MLB,regression_tree
MLB,Kyle Lobstein,2015,520000,43054295.532646045,1809166296458473.2,NPB,MLB,regression_tree
MLB,Tyson Ross,2015,9625000,180043478.26086956,29042457732750472,NPB,MLB,regression_tree
MLB,Andrew Cashner,2015,7150000,180043478.26086956,29892154825141776,NPB,MLB,regression_tree
MLB,Jeremy Guthrie,2015,1250000,155622093.02325583,23830743104380748,NPB,MLB,regression_tree
MLB,Robbie Erlin,2015,516400,16104664.371772805,242993986124281.4,NPB,MLB,regression_tree
MLB,Colin Rea,2015,510200,16104664.371772805,243187319042491.4,NPB,MLB,regression_tree
MLB,Brandon Morrow,2015,507500,16104664.371772805,243271536440098.97,NPB,MLB,regression_tree
MLB,Casey Kelly,2015,507500,16104664.371772805,243271536440098.97,NPB,MLB,regression_tree
MLB,Hisashi Iwakuma,2015,12000000,155622093.02325583,20627305604380748,NPB,MLB,regression_tree
MLB,Taijuan Walker,2015,528600,73449189.1891892,5317412327698496,NPB,MLB,regression_tree
MLB,Nate Karns,2015,523700,73449189.1891892,5318126973482550,NPB,MLB,regression_tree
MLB,Mike Montgomery,2015,515000,43054295.532646045,1809591664413799.8,NPB,MLB,regression_tree
MLB,Donn Roach,2015,507500,16104664.371772805,243271536440098.97,NPB,MLB,regression_tree
MLB,James Paxton,2015,507500,43054295.532646045,1810229810096789.5,NPB,MLB,regression_tree
MLB,Johnny Cueto,2015,21666667,180043478.26086956,25083214345161100,NPB,MLB,regression_tree
MLB,Jeff Samardzija,2015,18000000,155622093.02325583,18939840488101680,NPB,MLB,regression_tree
MLB,Chris Heston,2015,530000,73449189.1891892,5317208152008766,NPB,MLB,regression_tree
MLB,Mike Leake,2015,16000000,180043478.26086956,26910262759924384,NPB,MLB,regression_tree
MLB,Carlos Martínez,2015,539000,180043478.26086956,32221857715706992,NPB,MLB,regression_tree
MLB,Michael Wacha,2015,539000,180043478.26086956,32221857715706992,NPB,MLB,regression_tree
MLB,Jerome Williams,2015,507500,155622093.02325583,24060536968770284,NPB,MLB,regression_tree
MLB,Drew Smyly,2015,3750000,43054295.532646045,1544827647317579.8,NPB,MLB,regression_tree
MLB,Erasmo Ramírez,2015,2375000,73449189.1891892,5051540368900658,NPB,MLB,regression_tree
MLB,Chase Whitley,2015,524525,16104664.371772805,242740742843865.1,NPB,MLB,regression_tree
MLB,Jake Odorizzi,2015,520700,73449189.1891892,5318564535417685,NPB,MLB,regression_tree
MLB,Colby Lewis,2015,6000000,155622093.02325583,22386770720659820,NPB,MLB,regression_tree
MLB,Nick Martinez,2015,519190,73449189.1891892,5318784781735137,NPB,MLB,regression_tree
MLB,Anthony Ranaudo,2015,509500,16104664.371772805,243209151782611.88,NPB,MLB,regression_tree
MLB,Chi Chi González,2015,509500,43054295.532646045,1810059626914659,NPB,MLB,regression_tree
MLB,Kyle Lohse,2015,507500,155622093.02325583,24060536968770284,NPB,MLB,regression_tree
MLB,J.A. Happ,2015,12000000,155622093.02325583,20627305604380748,NPB,MLB,regression_tree
MLB,Marco Estrada,2015,13000000,336071428.5714286,104375147959183700,NPB,MLB,regression_tree
MLB,Jesse Chavez,2015,4000000,155622093.02325583,22989259092752844,NPB,MLB,regression_tree
MLB,Drew Hutchison,2015,2200000,73449189.1891892,5076446960116875,NPB,MLB,regression_tree
MLB,Marcus Stroman,2015,515900,16104664.371772805,243009574638653.2,NPB,MLB,regression_tree
MLB,Stephen Strasburg,2015,10400000,73449189.1891892,3975200257414171.5,NPB,MLB,regression_tree
MLB,Joe Ross,2015,514400,43054295.532646045,1809642711928439,NPB,MLB,regression_tree
MLB,Mat Latos,2015,507500,43054295.532646045,1810229810096789.5,NPB,MLB,regression_tree
MLB,Shelby Miller,2016,4700000,43054295.532646045,1471051985805552.2,NPB,MLB,regression_tree
MLB,Patrick Corbin,2016,3950000,73449189.1891892,4830137297954712,NPB,MLB,regression_tree
MLB,Taijuan Walker,2016,2250000,73449189.1891892,5069324541197956,NPB,MLB,regression_tree
MLB,Jorge De La Rosa,2016,2250000,155622093.02325583,23522998918334240,NPB,MLB,regression_tree
MLB,Robbie Ray,2016,570400,73449189.1891892,5311317913682280,NPB,MLB,regression_tree
MLB,Archie Bradley,2016,544100,73449189.1891892,5315152029683631,NPB,MLB,regression_tree
MLB,Braden Shipley,2016,535000,43054295.532646045,1807890492592494,NPB,MLB,regression_tree
MLB,Jake Buchanan,2016,535000,16104664.371772805,242414448649651.47,NPB,MLB,regression_tree
MLB,Sonny Gray,2016,3575000,43054295.532646045,1558614775754006,NPB,MLB,regression_tree
MLB,Kendall Graveman,2016,545000,180043478.26086956,32219703697967864,NPB,MLB,regression_tree
MLB,Chris Bassitt,2016,540000,16104664.371772805,242258777005933.72,NPB,MLB,regression_tree
MLB,Daniel Mengden,2016,537500,43054295.532646045,1807677902364830.8,NPB,MLB,regression_tree
MLB,Sean Manaea,2016,537500,73449189.1891892,5316114420420929,NPB,MLB,regression_tree
MLB,Jharel Cotton,2016,535000,16104664.371772805,242414448649651.47,NPB,MLB,regression_tree
MLB,Raúl Alcantara,2016,535000,16104664.371772805,242414448649651.47,NPB,MLB,regression_tree
MLB,Jesse Hahn,2016,535000,16104664.371772805,242414448649651.47,NPB,MLB,regression_tree
MLB,R.A. Dickey,2016,8000000,155622093.02325583,21792282348566796,NPB,MLB,regression_tree
MLB,John Danks,2016,1500000,74327542.37288135,5303850928073829,NPB,MLB,regression_tree
MLB,Kris Medlen,2016,1000000,16104664.371772805,228150885783902.75,NPB,MLB,regression_tree
MLB,Mike Foltynewicz,2016,544000,73449189.1891892,5315166610711469,NPB,MLB,regression_tree
MLB,Matt Wisler,2016,535000,73449189.1891892,5316478985116875,NPB,MLB,regression_tree
MLB,Aaron Blair,2016,535000,43054295.532646045,1807890492592494,NPB,MLB,regression_tree
MLB,Chris Tillman,2016,10050000,73449189.1891892,4019457189846604,NPB,MLB,regression_tree
MLB,Kevin Gausman,2016,3450000,180043478.26086956,31185256564272212,NPB,MLB,regression_tree
MLB,Tyler Wilson,2016,545000,43054295.532646045,1807040206681841,NPB,MLB,regression_tree
MLB,Alec Asher,2016,535000,16104664.371772805,242414448649651.47,NPB,MLB,regression_tree
MLB,Drew Pomeranz,2016,4450000,73449189.1891892,4760888108765523,NPB,MLB,regression_tree
MLB,Steven Wright,2016,593500,155622093.02325583,24033864654770284,NPB,MLB,regression_tree
MLB,Eduardo Rodríguez,2016,584500,43054295.532646045,1803683532584762,NPB,MLB,regression_tree
MLB,Jake Arrieta,2016,15637500,423333333.3333333,166215892517361100,NPB,MLB,regression_tree
MLB,Kyle Hendricks,2016,760500,180043478.26086956,32142386294087428,NPB,MLB,regression_tree
MLB,Eddie Butler,2016,535000,43054295.532646045,1807890492592494,NPB,MLB,regression_tree
MLB,Miguel González,2016,5900000,155622093.02325583,22416705139264472,NPB,MLB,regression_tree
MLB,Carlos Rodón,2016,600000,73449189.1891892,5307004365522280,NPB,MLB,regression_tree
MLB,Lucas Giolito,2016,535000,16104664.371772805,242414448649651.47,NPB,MLB,regression_tree
MLB,Mike Pelfrey,2016,535000,155622093.02325583,24052006422404004,NPB,MLB,regression_tree
MLB,Reynaldo López,2016,535000,16104664.371772805,242414448649651.47,NPB,MLB,regression_tree
MLB,Anthony DeSclafani,2016,585000,73449189.1891892,5309190066197956,NPB,MLB,regression_tree
MLB,Brandon Finnegan,2016,567000,73449189.1891892,5311813501008766,NPB,MLB,regression_tree
MLB,Cody Reed,2016,537000,16104664.371772805,242352173992164.38,NPB,MLB,regression_tree
MLB,Robert Stephenson,2016,535000,16104664.371772805,242414448649651.47,NPB,MLB,regression_tree
MLB,Tim Adleman,2016,535000,43054295.532646045,1807890492592494,NPB,MLB,regression_tree
MLB,Trevor Bauer,2016,3550000,180043478.26086956,31149947868620036,NPB,MLB,regression_tree
MLB,Danny Salazar,2016,3400000,73449189.1891892,4906888906062820,NPB,MLB,regression_tree
MLB,Mike Clevinger,2016,535000,16104664.371772805,242414448649651.47,NPB,MLB,regression_tree
MLB,Tyler Chatwood,2016,4400000,73449189.1891892,4767790527684442,NPB,MLB,regression_tree
MLB,Chad Bettis,2016,545000,180043478.26086956,32219703697967864,NPB,MLB,regression_tree
MLB,Jon Gray,2016,540000,73449189.1891892,5315749868224983,NPB,MLB,regression_tree
MLB,Tyler Anderson,2016,540000,43054295.532646045,1807465324637167.5,NPB,MLB,regression_tree
MLB,Germán Márquez,2016,537000,16104664.371772805,242352173992164.38,NPB,MLB,regression_tree
MLB,Jeff Hoffman,2016,535000,16104664.371772805,242414448649651.47,NPB,MLB,regression_tree
MLB,Michael Fulmer,2016,551900,73449189.1891892,5314014771132280,NPB,MLB,regression_tree
MLB,Daniel Norris,2016,545500,43054295.532646045,1806997697636308.2,NPB,MLB,regression_tree
MLB,Matthew Boyd,2016,544200,43054295.532646045,1807108222194693.2,NPB,MLB,regression_tree
MLB,Charlie Morton,2016,7000000,74327542.37288135,4532997961972134,NPB,MLB,regression_tree
MLB,Dallas Keuchel,2016,9150000,73449189.1891892,4134385730387144.5,NPB,MLB,regression_tree
MLB,Collin McHugh,2016,3850000,180043478.26086956,31044141781663516,NPB,MLB,regression_tree
MLB,Joe Musgrove,2016,543400,16104664.371772805,242152948848205.7,NPB,MLB,regression_tree
MLB,Brad Peacock,2016,541500,16104664.371772805,242212085262818.4,NPB,MLB,regression_tree
MLB,Danny Duffy,2016,13000000,180043478.26086956,27903523629489604,NPB,MLB,regression_tree
MLB,Jason Hammel,2016,8000000,155622093.02325583,21792282348566796,NPB,MLB,regression_tree
MLB,Nate Karns,2016,571000,43054295.532646045,1804830399314143.5,NPB,MLB,regression_tree
MLB,Garrett Richards,2016,6850000,16104664.371772805,85648812634160.94,NPB,MLB,regression_tree
MLB,Matt Shoemaker,2016,3325000,73449189.1891892,4917401909441199,NPB,MLB,regression_tree
MLB,Bud Norris,2016,1750000,159259259.25925925,24809166752400548,NPB,MLB,regression_tree
MLB,Doug Fister,2016,1750000,155622093.02325583,23676621011357492,NPB,MLB,regression_tree
MLB,Tyler Skaggs,2016,555000,16104664.371772805,241792062074780.56,NPB,MLB,regression_tree
MLB,Andrew Heaney,2016,543000,16104664.371772805,242165398019703.1,NPB,MLB,regression_tree
MLB,Nick Tropeano,2016,542500,43054295.532646045,1807252759409504.2,NPB,MLB,regression_tree
MLB,Alex Meyer,2016,535000,16104664.371772805,242414448649651.47,NPB,MLB,regression_tree
MLB,Daniel Wright,2016,535000,16104664.371772805,242414448649651.47,NPB,MLB,regression_tree
MLB,Rich Hill,2016,16000000,159259259.25925925,20523215363511660,NPB,MLB,regression_tree
MLB,Alex Wood,2016,2800000,16104664.371772805,177014094045520.66,NPB,MLB,regression_tree
MLB,Ross Stripling,2016,540000,43054295.532646045,1807465324637167.5,NPB,MLB,regression_tree
MLB,Julio Urías,2016,540000,43054295.532646045,1807465324637167.5,NPB,MLB,regression_tree
MLB,Brock Stewart,2016,537500,16104664.371772805,242336606577792.6,NPB,MLB,regression_tree
MLB,Edinson Vólquez,2016,11000000,155622093.02325583,20915549790427260,NPB,MLB,regression_tree
MLB,Tom Koehler,2016,5750000,155622093.02325583,22461644267171448,NPB,MLB,regression_tree
MLB,Jeff Locke,2016,3000000,73449189.1891892,4963088257414172,NPB,MLB,regression_tree
MLB,Dan Straily,2016,552100,180043478.26086956,32217154869986560,NPB,MLB,regression_tree
MLB,Adam Conley,2016,537500,73449189.1891892,5316114420420929,NPB,MLB,regression_tree
MLB,Justin Nicolino,2016,535000,43054295.532646045,1807890492592494,NPB,MLB,regression_tree
MLB,Wily Peralta,2016,4275000,73449189.1891892,4785068449981739,NPB,MLB,regression_tree
MLB,Chase Anderson,2016,2450000,73449189.1891892,5040884865522280,NPB,MLB,regression_tree
MLB,Tommy Milone,2016,1250000,43054295.532646045,1747599124980810,NPB,MLB,regression_tree
MLB,Jimmy Nelson,2016,547000,73449189.1891892,5314729188576334,NPB,MLB,regression_tree
MLB,Junior Guerra,2016,546200,196927419.3548387,38565583315293270,NPB,MLB,regression_tree
MLB,Zach Davies,2016,546200,73449189.1891892,5314845832719037,NPB,MLB,regression_tree
MLB,Taylor Jungmann,2016,537600,16104664.371772805,242333493154918.25,NPB,MLB,regression_tree
MLB,Héctor Santiago,2016,8000000,180043478.26086956,29598958412098296,NPB,MLB,regression_tree
MLB,Kyle Gibson,2016,2900000,73449189.1891892,4977188095252010,NPB,MLB,regression_tree
MLB,Nick Tepesch,2016,1000000,16104664.371772805,228150885783902.75,NPB,MLB,regression_tree
MLB,Tyler Duffey,2016,542500,73449189.1891892,5315385328529037,NPB,MLB,regression_tree
MLB,Tim Melville,2016,535000,16104664.371772805,242414448649651.47,NPB,MLB,regression_tree
MLB,Bartolo Colon,2016,535000,155622093.02325583,24052006422404004,NPB,MLB,regression_tree
MLB,José Berríos,2016,535000,43054295.532646045,1807890492592494,NPB,MLB,regression_tree
MLB,Matt Harvey,2016,5125000,43054295.532646045,1438631459602803.2,NPB,MLB,regression_tree
MLB,Jacob deGrom,2016,4050000,73449189.1891892,4816247460116875,NPB,MLB,regression_tree
MLB,Noah Syndergaard,2016,605500,180043478.26086956,32197988042348296,NPB,MLB,regression_tree
MLB,Steven Matz,2016,562250,73449189.1891892,5312505904368564,NPB,MLB,regression_tree
MLB,Robert Gsellman,2016,541750,16104664.371772805,242204303743132.53,NPB,MLB,regression_tree
MLB,Michael Pineda,2016,7400000,73449189.1891892,4362495392549307,NPB,MLB,regression_tree
MLB,Luis Severino,2016,550975,43054295.532646045,1806532256300851,NPB,MLB,regression_tree
MLB,Bryan Mitchell,2016,550625,16104664.371772805,241928140778658.56,NPB,MLB,regression_tree
MLB,Chad Green,2016,535000,16104664.371772805,242414448649651.47,NPB,MLB,regression_tree
MLB,Luis Cessa,2016,535000,43054295.532646045,1807890492592494,NPB,MLB,regression_tree
MLB,Jeremy Hellickson,2016,17200000,180043478.26086956,26517998412098296,NPB,MLB,regression_tree
MLB,Jerad Eickhoff,2016,552000,180043478.26086956,32217190768272212,NPB,MLB,regression_tree
MLB,Vince Velasquez,2016,547000,73449189.1891892,5314729188576334,NPB,MLB,regression_tree
MLB,Aaron Nola,2016,544000,43054295.532646045,1807125226272906.2,NPB,MLB,regression_tree
MLB,Adam Morgan,2016,539000,43054295.532646045,1807550354228232.8,NPB,MLB,regression_tree
MLB,Zach Eflin,2016,537000,43054295.532646045,1807720419410363.2,NPB,MLB,regression_tree
MLB,Jake Thompson,2016,535000,16104664.371772805,242414448649651.47,NPB,MLB,regression_tree
MLB,Iván Nova,2016,8666667,73449189.1891892,4196775181192790.5,NPB,MLB,regression_tree
MLB,Gerrit Cole,2016,3750000,43054295.532646045,1544827647317579.8,NPB,MLB,regression_tree
MLB,Jameson Taillon,2016,555500,43054295.532646045,1806147621725655.5,NPB,MLB,regression_tree
MLB,Chad Kuhl,2016,550000,43054295.532646045,1806615138726514.5,NPB,MLB,regression_tree
MLB,Tyler Glasnow,2016,541000,16104664.371772805,242227648677190.2,NPB,MLB,regression_tree
MLB,Steven Brault,2016,535000,16104664.371772805,242414448649651.47,NPB,MLB,regression_tree
MLB,Christian Friedrich,2016,1790000,73449189.1891892,5135039395252010,NPB,MLB,regression_tree
MLB,Jhoulys Chacín,2016,1750000,73449189.1891892,5140773730387145,NPB,MLB,regression_tree
MLB,Jarred Cosart,2016,566300,16104664.371772805,241440767349978.47,NPB,MLB,regression_tree
MLB,Colin Rea,2016,545800,43054295.532646045,1806972192448988.8,NPB,MLB,regression_tree
MLB,Robbie Erlin,2016,545500,16104664.371772805,242087595947844.22,NPB,MLB,regression_tree
MLB,Luis Perdomo,2016,544300,73449189.1891892,5315122867687956,NPB,MLB,regression_tree
MLB,Jake Esch,2016,535000,16104664.371772805,242414448649651.47,NPB,MLB,regression_tree
MLB,Drew Smyly,2016,6850000,73449189.1891892,4435452000657415,NPB,MLB,regression_tree
MLB,James Paxton,2016,2350000,73449189.1891892,5055094703360118,NPB,MLB,regression_tree
MLB,Aríel Miranda,2016,540500,16104664.371772805,242243212591561.97,NPB,MLB,regression_tree
MLB,Rob Whalen,2016,537500,16104664.371772805,242336606577792.6,NPB,MLB,regression_tree
MLB,Dillon Overton,2016,536600,16104664.371772805,242364628283661.78,NPB,MLB,regression_tree
MLB,Ty Blach,2016,536500,16104664.371772805,242367741906536.16,NPB,MLB,regression_tree
MLB,Albert Suárez,2016,535000,43054295.532646045,1807890492592494,NPB,MLB,regression_tree
MLB,Carlos Martínez,2016,10200000,180043478.26086956,28846807107750472,NPB,MLB,regression_tree
MLB,Michael Wacha,2016,2775000,73449189.1891892,4994841017549307,NPB,MLB,regression_tree
MLB,Luke Weaver,2016,535000,16104664.371772805,242414448649651.47,NPB,MLB,regression_tree
MLB,Alex Cobb,2016,4200000,16104664.371772805,141721033804556.8,NPB,MLB,regression_tree
MLB,Jake Odorizzi,2016,4100000,180043478.26086956,30956107542533080,NPB,MLB,regression_tree
MLB,Nathan Eovaldi,2016,2000000,73449189.1891892,5104986635792550,NPB,MLB,regression_tree
MLB,Blake Snell,2016,545000,43054295.532646045,1807040206681841,NPB,MLB,regression_tree
MLB,José De León,2016,535600,16104664.371772805,242395765412405.34,NPB,MLB,regression_tree
MLB,Matt Andriese,2016,535000,73449189.1891892,5316478985116875,NPB,MLB,regression_tree
MLB,Andrew Cashner,2016,10000000,73449189.1891892,4025799608765523,NPB,MLB,regression_tree
MLB,A.J. Griffin,2016,2000000,73449189.1891892,5104986635792550,NPB,MLB,regression_tree
MLB,Chi Chi González,2016,537000,16104664.371772805,242352173992164.38,NPB,MLB,regression_tree
MLB,Marcus Stroman,2016,3400000,180043478.26086956,31202918412098296,NPB,MLB,regression_tree
MLB,Mat Latos,2016,1500000,43054295.532646045,1726759477214487,NPB,MLB,regression_tree
MLB,Mike Bolsinger,2016,545700,16104664.371772805,242081372322095.53,NPB,MLB,regression_tree
MLB,Brett Anderson,2016,535000,16104664.371772805,242414448649651.47,NPB,MLB,regression_tree
MLB,Lucas Harrell,2016,535000,74327542.37288135,5445339309853490,NPB,MLB,regression_tree
MLB,Aaron Sanchez,2016,535000,180043478.26086956,32223293767533080,NPB,MLB,regression_tree
MLB,Stephen Strasburg,2016,25000000,73449189.1891892,2347323933089847,NPB,MLB,regression_tree
MLB,Tanner Roark,2016,4315000,180043478.26086956,30880498071880908,NPB,MLB,regression_tree
MLB,Edwin Jackson,2016,1000000,74327542.37288135,5376928470446710,NPB,MLB,regression_tree
MLB,Joe Ross,2016,551000,43054295.532646045,1806530131135449.2,NPB,MLB,regression_tree
MLB,A.J. Cole,2016,535000,16104664.371772805,242414448649651.47,NPB,MLB,regression_tree
MLB,Patrick Corbin,2017,7500000,180043478.26086956,29771251890359168,NPB,MLB,regression_tree
MLB,Shelby Miller,2017,4900000,16104664.371772805,125544503684074.88,NPB,MLB,regression_tree
MLB,Taijuan Walker,2017,4825000,73449189.1891892,4709279341873631,NPB,MLB,regression_tree
MLB,Robbie Ray,2017,3950000,73449189.1891892,4830137297954712,NPB,MLB,regression_tree
MLB,Clay Buchholz,2017,1500000,74327542.37288135,5303850928073829,NPB,MLB,regression_tree
MLB,Zack Godley,2017,579200,73449189.1891892,5310035324432550,NPB,MLB,regression_tree
MLB,Brett Anderson,2017,4000000,16104664.371772805,146522899553265.9,NPB,MLB,regression_tree
MLB,Kendall Graveman,2017,2360000,43054295.532646045,1656025688898335.8,NPB,MLB,regression_tree
MLB,Trevor Cahill,2017,1500000,43054295.532646045,1726759477214487,NPB,MLB,regression_tree
MLB,Edwin Jackson,2017,1500000,74327542.37288135,5303850928073829,NPB,MLB,regression_tree
MLB,Jharel Cotton,2017,550000,73449189.1891892,5314291784441199,NPB,MLB,regression_tree
MLB,Sean Manaea,2017,550000,73449189.1891892,5314291784441199,NPB,MLB,regression_tree
MLB,Andrew Triggs,2017,550000,43054295.532646045,1806615138726514.5,NPB,MLB,regression_tree
MLB,Paul Blackburn,2017,547500,16104664.371772805,242025363290357.16,NPB,MLB,regression_tree
MLB,Daniel Gossett,2017,547500,43054295.532646045,1806827666454177.8,NPB,MLB,regression_tree
MLB,Daniel Mengden,2017,547500,16104664.371772805,242025363290357.16,NPB,MLB,regression_tree
MLB,Mike Foltynewicz,2017,2200000,73449189.1891892,5076446960116875,NPB,MLB,regression_tree
MLB,Aníbal Sánchez,2017,1000000,159259259.25925925,25045993141289436,NPB,MLB,regression_tree
MLB,Luiz Gohara,2017,555000,16104664.371772805,241792062074780.56,NPB,MLB,regression_tree
MLB,Sean Newcomb,2017,555000,43054295.532646045,1806190120771188,NPB,MLB,regression_tree
MLB,Lucas Sims,2017,545000,16104664.371772805,242103155362216,NPB,MLB,regression_tree
MLB,Alex Cobb,2017,14250000,73449189.1891892,3504544000657415,NPB,MLB,regression_tree
MLB,Andrew Cashner,2017,8000000,155622093.02325583,21792282348566796,NPB,MLB,regression_tree
MLB,Kevin Gausman,2017,5600000,180043478.26086956,30430527107750472,NPB,MLB,regression_tree
MLB,Dylan Bundy,2017,1640000,73449189.1891892,5156559652008766,NPB,MLB,regression_tree
MLB,Drew Pomeranz,2017,8500000,73449189.1891892,4218397176333090.5,NPB,MLB,regression_tree
MLB,Eduardo Rodríguez,2017,2375000,73449189.1891892,5051540368900658,NPB,MLB,regression_tree
MLB,Steven Wright,2017,1100000,74327542.37288135,5362272961972134,NPB,MLB,regression_tree
MLB,Brian Johnson,2017,548000,16104664.371772805,242009806375985.38,NPB,MLB,regression_tree
MLB,Yu Darvish,2017,21000000,423333333.3333333,161872111111111100,NPB,MLB,regression_tree
MLB,Tyler Chatwood,2017,12666667,73449189.1891892,3694515003679277,NPB,MLB,regression_tree
MLB,Kyle Hendricks,2017,4175000,73449189.1891892,4798913287819577,NPB,MLB,regression_tree
MLB,Eddie Butler,2017,570750,16104664.371772805,241302495709569.72,NPB,MLB,regression_tree
MLB,Jaime García,2017,545000,155622093.02325583,24048904780543540,NPB,MLB,regression_tree
MLB,Jen-Ho Tseng,2017,545000,16104664.371772805,242103155362216,NPB,MLB,regression_tree
MLB,Miguel González,2017,4750000,155622093.02325583,22762388453217960,NPB,MLB,regression_tree
MLB,Carlos Rodón,2017,2300000,43054295.532646045,1660912604362253.5,NPB,MLB,regression_tree
MLB,Héctor Santiago,2017,2000000,43054295.532646045,1685455181681841,NPB,MLB,regression_tree
MLB,Lucas Giolito,2017,555000,16104664.371772805,241792062074780.56,NPB,MLB,regression_tree
MLB,Reynaldo López,2017,555000,16104664.371772805,241792062074780.56,NPB,MLB,regression_tree
MLB,Carson Fulmer,2017,552000,16104664.371772805,241885369061011.2,NPB,MLB,regression_tree
MLB,Dylan Covey,2017,545000,43054295.532646045,1807040206681841,NPB,MLB,regression_tree
MLB,Tyler Danish,2017,545000,16104664.371772805,242103155362216,NPB,MLB,regression_tree
MLB,Vance Worley,2017,1500000,43054295.532646045,1726759477214487,NPB,MLB,regression_tree
MLB,Brandon Finnegan,2017,577500,16104664.371772805,241092833428050.78,NPB,MLB,regression_tree
MLB,Luis Castillo,2017,555000,43054295.532646045,1806190120771188,NPB,MLB,regression_tree
MLB,Rookie Davis,2017,545000,16104664.371772805,242103155362216,NPB,MLB,regression_tree
MLB,Jackson Stephens,2017,545000,16104664.371772805,242103155362216,NPB,MLB,regression_tree
MLB,Amir Garrett,2017,545000,43054295.532646045,1807040206681841,NPB,MLB,regression_tree
MLB,Sal Romano,2017,545000,43054295.532646045,1807040206681841,NPB,MLB,regression_tree
MLB,Tyler Mahle,2017,545000,16104664.371772805,242103155362216,NPB,MLB,regression_tree
MLB,Trevor Bauer,2017,6525000,73449189.1891892,4478847098630388,NPB,MLB,regression_tree
MLB,Danny Salazar,2017,5000000,43054295.532646045,1448129408485964.8,NPB,MLB,regression_tree
MLB,Adam Wilk,2017,560000,16104664.371772805,241636590431062.8,NPB,MLB,regression_tree
MLB,Mike Clevinger,2017,558500,73449189.1891892,5313052570474983,NPB,MLB,regression_tree
MLB,Ryan Merritt,2017,545800,16104664.371772805,242078260539221.16,NPB,MLB,regression_tree
MLB,Chad Bettis,2017,2000000,16104664.371772805,198941557040357.16,NPB,MLB,regression_tree
MLB,Jon Gray,2017,555000,43054295.532646045,1806190120771188,NPB,MLB,regression_tree
MLB,Tyler Anderson,2017,555000,43054295.532646045,1806190120771188,NPB,MLB,regression_tree
MLB,Kyle Freeland,2017,550000,73449189.1891892,5314291784441199,NPB,MLB,regression_tree
MLB,Germán Márquez,2017,550000,73449189.1891892,5314291784441199,NPB,MLB,regression_tree
MLB,Antonio Senzatela,2017,545000,73449189.1891892,5315020801333091,NPB,MLB,regression_tree
MLB,Jeff Hoffman,2017,545000,43054295.532646045,1807040206681841,NPB,MLB,regression_tree
MLB,Michael Fulmer,2017,575200,73449189.1891892,5310618300346064,NPB,MLB,regression_tree
MLB,Matthew Boyd,2017,562000,73449189.1891892,5312542347900658,NPB,MLB,regression_tree
MLB,Daniel Norris,2017,561400,43054295.532646045,1805646170748370.2,NPB,MLB,regression_tree
MLB,Buck Farmer,2017,554800,16104664.371772805,241798281980529.25,NPB,MLB,regression_tree
MLB,Dallas Keuchel,2017,13200000,73449189.1891892,3629964797954712,NPB,MLB,regression_tree
MLB,Collin McHugh,2017,5000000,43054295.532646045,1448129408485964.8,NPB,MLB,regression_tree
MLB,Brad Peacock,2017,2440000,73449189.1891892,5042304949306064,NPB,MLB,regression_tree
MLB,David Paulino,2017,545000,16104664.371772805,242103155362216,NPB,MLB,regression_tree
MLB,Nate Karns,2017,1375000,16104664.371772805,216963012505073.16,NPB,MLB,regression_tree
MLB,Jesse Hahn,2017,574000,43054295.532646045,1804575508540947.5,NPB,MLB,regression_tree
MLB,Eric Skoglund,2017,545000,16104664.371772805,242103155362216,NPB,MLB,regression_tree
MLB,Sam Gaviglio,2017,545000,43054295.532646045,1807040206681841,NPB,MLB,regression_tree
MLB,Garrett Richards,2017,7300000,16104664.371772805,77522114699565.4,NPB,MLB,regression_tree
MLB,Matt Shoemaker,2017,4125000,43054295.532646045,1515490050668095.2,NPB,MLB,regression_tree
MLB,JC Ramírez,2017,1900000,73449189.1891892,5119286473630388,NPB,MLB,regression_tree
MLB,Tyler Skaggs,2017,1875000,43054295.532646045,1695734380565002.5,NPB,MLB,regression_tree
MLB,Andrew Heaney,2017,800000,16104664.371772805,234232751532611.88,NPB,MLB,regression_tree
MLB,Alex Meyer,2017,551500,43054295.532646045,1806487628089916.5,NPB,MLB,regression_tree
MLB,Parker Bridwell,2017,545000,73449189.1891892,5315020801333091,NPB,MLB,regression_tree
MLB,Alex Wood,2017,6000000,73449189.1891892,4549393122279037,NPB,MLB,regression_tree
MLB,Julio Urías,2017,550000,16104664.371772805,241947583718498.28,NPB,MLB,regression_tree
MLB,Dan Straily,2017,3370000,180043478.26086956,31213517920793948,NPB,MLB,regression_tree
MLB,José Ureña,2017,575000,73449189.1891892,5310647449981739,NPB,MLB,regression_tree
MLB,Adam Conley,2017,545000,43054295.532646045,1807040206681841,NPB,MLB,regression_tree
MLB,Dillon Peters,2017,545000,16104664.371772805,242103155362216,NPB,MLB,regression_tree
MLB,Jhoulys Chacín,2017,7750000,180043478.26086956,29685042651228732,NPB,MLB,regression_tree
MLB,Chase Anderson,2017,5875000,73449189.1891892,4566271044576334,NPB,MLB,regression_tree
MLB,Jimmy Nelson,2017,3700000,73449189.1891892,4864949392549307,NPB,MLB,regression_tree
MLB,Wade Miley,2017,2500000,155622093.02325583,23446375371822612,NPB,MLB,regression_tree
MLB,Yovani Gallardo,2017,2000000,155622093.02325583,23599747464845868,NPB,MLB,regression_tree
MLB,Zach Davies,2017,572000,180043478.26086956,32210011509141776,NPB,MLB,regression_tree
MLB,Brent Suter,2017,556500,43054295.532646045,1806062625134590.2,NPB,MLB,regression_tree
MLB,Brandon Woodruff,2017,550100,16104664.371772805,241944472795623.94,NPB,MLB,regression_tree
MLB,Junior Guerra,2017,545000,74327542.37288135,5443863559006032,NPB,MLB,regression_tree
MLB,Aaron Wilkerson,2017,545000,16104664.371772805,242103155362216,NPB,MLB,regression_tree
MLB,Lance Lynn,2017,12000000,155622093.02325583,20627305604380748,NPB,MLB,regression_tree
MLB,Michael Pineda,2017,5000000,43054295.532646045,1448129408485964.8,NPB,MLB,regression_tree
MLB,Kyle Gibson,2017,4200000,73449189.1891892,4795450203360118,NPB,MLB,regression_tree
MLB,Aníbal Sánchez,2017,2500000,159259259.25925925,24573465363511660,NPB,MLB,regression_tree
MLB,José Berríos,2017,570000,73449189.1891892,5311376216873631,NPB,MLB,regression_tree
MLB,Aaron Slegers,2017,545000,16104664.371772805,242103155362216,NPB,MLB,regression_tree
MLB,Adalberto Mejía,2017,545000,43054295.532646045,1807040206681841,NPB,MLB,regression_tree
MLB,Jason Vargas,2017,8000000,155622093.02325583,21792282348566796,NPB,MLB,regression_tree
MLB,Jacob deGrom,2017,7400000,180043478.26086956,29805770586011340,NPB,MLB,regression_tree
MLB,Matt Harvey,2017,5625000,43054295.532646045,1400952164070157.2,NPB,MLB,regression_tree
MLB,Noah Syndergaard,2017,2975000,16104664.371772805,172388086515400.2,NPB,MLB,regression_tree
MLB,Zack Wheeler,2017,1900000,43054295.532646045,1693676040788370.2,NPB,MLB,regression_tree
MLB,A.J. Griffin,2017,750000,43054295.532646045,1789653420513456.2,NPB,MLB,regression_tree
MLB,Steven Matz,2017,577000,43054295.532646045,1804320635767751.8,NPB,MLB,regression_tree
MLB,Seth Lugo,2017,564000,43054295.532646045,1805425214451600.5,NPB,MLB,regression_tree
MLB,Robert Gsellman,2017,562375,73449189.1891892,5312487682649391,NPB,MLB,regression_tree
MLB,Rafael Montero,2017,558025,73449189.1891892,5313121816855337,NPB,MLB,regression_tree
MLB,Chris Flexen,2017,545000,16104664.371772805,242103155362216,NPB,MLB,regression_tree
MLB,CC Sabathia,2017,10000000,155622093.02325583,21205793976473772,NPB,MLB,regression_tree
MLB,Sonny Gray,2017,6500000,73449189.1891892,4482193933089847.5,NPB,MLB,regression_tree
MLB,Luis Severino,2017,604975,180043478.26086956,32198176452501096,NPB,MLB,regression_tree
MLB,Jordan Montgomery,2017,580450,73449189.1891892,5309853151022077,NPB,MLB,regression_tree
MLB,Luis Cessa,2017,568925,16104664.371772805,241359197827651.7,NPB,MLB,regression_tree
MLB,Jake Arrieta,2017,25000000,423333333.3333333,1.5866944444444442e+17,NPB,MLB,regression_tree
MLB,Aaron Nola,2017,573000,73449189.1891892,5310938950738496,NPB,MLB,regression_tree
MLB,Jerad Eickhoff,2017,568000,73449189.1891892,5311667737630388,NPB,MLB,regression_tree
MLB,Vince Velasquez,2017,559000,43054295.532646045,1805850142406927,NPB,MLB,regression_tree
MLB,Nick Pivetta,2017,551000,73449189.1891892,5314145987062821,NPB,MLB,regression_tree
MLB,Ben Lively,2017,550000,43054295.532646045,1806615138726514.5,NPB,MLB,regression_tree
MLB,Jake Thompson,2017,549000,16104664.371772805,241978694047241.8,NPB,MLB,regression_tree
MLB,Zach Eflin,2017,545000,43054295.532646045,1807040206681841,NPB,MLB,regression_tree
MLB,Gerrit Cole,2017,6750000,180043478.26086956,30030629607750472,NPB,MLB,regression_tree
MLB,Jameson Taillon,2017,571000,73449189.1891892,5311230459495253,NPB,MLB,regression_tree
MLB,Chad Kuhl,2017,570500,73449189.1891892,5311303337934442,NPB,MLB,regression_tree
MLB,Trevor Williams,2017,569500,73449189.1891892,5311449096312821,NPB,MLB,regression_tree
MLB,Tyler Glasnow,2017,556500,43054295.532646045,1806062625134590.2,NPB,MLB,regression_tree
MLB,Clayton Richard,2017,3000000,155622093.02325583,23293503278799356,NPB,MLB,regression_tree
MLB,Tyson Ross,2017,1750000,16104664.371772805,206056389226243.53,NPB,MLB,regression_tree
MLB,Luis Perdomo,2017,566800,73449189.1891892,5311842653924442,NPB,MLB,regression_tree
MLB,Dinelson Lamet,2017,555700,43054295.532646045,1806130622247442.5,NPB,MLB,regression_tree
MLB,James Paxton,2017,4900000,73449189.1891892,4698991338495253,NPB,MLB,regression_tree
MLB,Erasmo Ramírez,2017,4200000,73449189.1891892,4795450203360118,NPB,MLB,regression_tree
MLB,Marco Gonzales,2017,550300,16104664.371772805,241938251009875.22,NPB,MLB,regression_tree
MLB,Aríel Miranda,2017,545000,73449189.1891892,5315020801333091,NPB,MLB,regression_tree
MLB,Rob Whalen,2017,545000,16104664.371772805,242103155362216,NPB,MLB,regression_tree
MLB,Chase De Jong,2017,545000,16104664.371772805,242103155362216,NPB,MLB,regression_tree
MLB,Christian Bergman,2017,545000,16104664.371772805,242103155362216,NPB,MLB,regression_tree
MLB,Derek Holland,2017,1750000,155622093.02325583,23676621011357492,NPB,MLB,regression_tree
MLB,Ty Blach,2017,565000,73449189.1891892,5312105033765523,NPB,MLB,regression_tree
MLB,Chris Stratton,2017,552500,16104664.371772805,241869816646639.4,NPB,MLB,regression_tree
MLB,Michael Wacha,2017,5300000,73449189.1891892,4644311987143902,NPB,MLB,regression_tree
MLB,Luke Weaver,2017,550800,16104664.371772805,241922696895503.44,NPB,MLB,regression_tree
MLB,Jack Flaherty,2017,545000,16104664.371772805,242103155362216,NPB,MLB,regression_tree
MLB,Jake Odorizzi,2017,6300000,73449189.1891892,4509013608765523,NPB,MLB,regression_tree
MLB,Matt Andriese,2017,558400,43054295.532646045,1805901137121566,NPB,MLB,regression_tree
MLB,Blake Snell,2017,558200,73449189.1891892,5313096304978496,NPB,MLB,regression_tree
MLB,Jake Faria,2017,555000,43054295.532646045,1806190120771188,NPB,MLB,regression_tree
MLB,Anthony Banda,2017,545000,16104664.371772805,242103155362216,NPB,MLB,regression_tree
MLB,Ryan Weber,2017,545000,16104664.371772805,242103155362216,NPB,MLB,regression_tree
MLB,Doug Fister,2017,4000000,74327542.37288135,4945963216209422,NPB,MLB,regression_tree
MLB,Yovani Gallardo,2017,2000000,155622093.02325583,23599747464845868,NPB,MLB,regression_tree
MLB,Edinson Vólquez,2017,1000000,74327542.37288135,5376928470446710,NPB,MLB,regression_tree
MLB,Bartolo Colon,2017,1750000,155622093.02325583,23676621011357492,NPB,MLB,regression_tree
MLB,Jesse Chavez,2017,1500000,155622093.02325583,23753619557869120,NPB,MLB,regression_tree
MLB,Chris Tillman,2017,545000,43054295.532646045,1807040206681841,NPB,MLB,regression_tree
MLB,Marco Estrada,2017,13000000,155622093.02325583,20341061418334236,NPB,MLB,regression_tree
MLB,Jaime García,2017,10000000,155622093.02325583,21205793976473772,NPB,MLB,regression_tree
MLB,Marcus Stroman,2017,6500000,180043478.26086956,30117338846880908,NPB,MLB,regression_tree
MLB,Aaron Sanchez,2017,2700000,16104664.371772805,179685026919875.22,NPB,MLB,regression_tree
MLB,Nick Tepesch,2017,572300,16104664.371772805,241254342977517.22,NPB,MLB,regression_tree
MLB,Chris Rowley,2017,545000,16104664.371772805,242103155362216,NPB,MLB,regression_tree
MLB,Tanner Roark,2017,6475000,155622093.02325583,22244855357287728,NPB,MLB,regression_tree
MLB,Jeremy Hellickson,2017,2000000,155622093.02325583,23599747464845868,NPB,MLB,regression_tree
MLB,Edwin Jackson,2017,1500000,74327542.37288135,5303850928073829,NPB,MLB,regression_tree
MLB,Joe Ross,2017,567900,43054295.532646045,1805093805356445.8,NPB,MLB,regression_tree
MLB,A.J. Cole,2017,555300,16104664.371772805,241782732366157.5,NPB,MLB,regression_tree
MLB,Erick Fedde,2017,545000,16104664.371772805,242103155362216,NPB,MLB,regression_tree
MLB,Robbie Ray,2018,6050000,73449189.1891892,4542650703360118,NPB,MLB,regression_tree
MLB,Taijuan Walker,2018,5025000,16104664.371772805,122758962591131.67,NPB,MLB,regression_tree
MLB,Zack Godley,2018,609400,73449189.1891892,5305634889125523,NPB,MLB,regression_tree
MLB,Luke Weaver,2018,581300,73449189.1891892,5309729274887956,NPB,MLB,regression_tree
MLB,Matt Koch,2018,567600,43054295.532646045,1805119297283765.5,NPB,MLB,regression_tree
MLB,Marco Estrada,2018,4000000,155622093.02325583,22989259092752844,NPB,MLB,regression_tree
MLB,Sean Manaea,2018,3150000,73449189.1891892,4941976000657415,NPB,MLB,regression_tree
MLB,Brett Anderson,2018,1500000,43054295.532646045,1726759477214487,NPB,MLB,regression_tree
MLB,Chris Bassitt,2018,565000,16104664.371772805,241481168787345.1,NPB,MLB,regression_tree
MLB,Daniel Gossett,2018,560000,16104664.371772805,241636590431062.8,NPB,MLB,regression_tree
MLB,Frankie Montas,2018,560000,43054295.532646045,1805765152815861.5,NPB,MLB,regression_tree
MLB,Edwin Jackson,2018,555000,74327542.37288135,5442388008158575,NPB,MLB,regression_tree
MLB,Paul Blackburn,2018,555000,16104664.371772805,241792062074780.56,NPB,MLB,regression_tree
MLB,Daniel Mengden,2018,555000,43054295.532646045,1806190120771188,NPB,MLB,regression_tree
MLB,Dallas Keuchel,2018,21021527,155622093.02325583,18117312373780852,NPB,MLB,regression_tree
MLB,Kevin Gausman,2018,9350000,180043478.26086956,29136263520793948,NPB,MLB,regression_tree
MLB,Mike Foltynewicz,2018,5475000,180043478.26086956,30474153602315688,NPB,MLB,regression_tree
MLB,Sean Newcomb,2018,575000,73449189.1891892,5310647449981739,NPB,MLB,regression_tree
MLB,Touki Toussaint,2018,555000,16104664.371772805,241792062074780.56,NPB,MLB,regression_tree
MLB,Michael Soroka,2018,555000,16104664.371772805,241792062074780.56,NPB,MLB,regression_tree
MLB,Dylan Bundy,2018,2800000,73449189.1891892,4991307933089848,NPB,MLB,regression_tree
MLB,Dan Straily,2018,575000,73449189.1891892,5310647449981739,NPB,MLB,regression_tree
MLB,David Hess,2018,563500,43054295.532646045,1805467704997133,NPB,MLB,regression_tree
MLB,Jimmy Yacabonis,2018,559000,16104664.371772805,241667680759806.38,NPB,MLB,regression_tree
MLB,Josh Rogers,2018,555000,16104664.371772805,241792062074780.56,NPB,MLB,regression_tree
MLB,Yefry Ramírez,2018,555000,43054295.532646045,1806190120771188,NPB,MLB,regression_tree
MLB,Luis Ortiz,2018,555000,16104664.371772805,241792062074780.56,NPB,MLB,regression_tree
MLB,Nathan Eovaldi,2018,17000000,43054295.532646045,678826315702459.6,NPB,MLB,regression_tree
MLB,Eduardo Rodríguez,2018,4300000,73449189.1891892,4781610365522280,NPB,MLB,regression_tree
MLB,Erasmo Ramírez,2018,1000000,16104664.371772805,228150885783902.75,NPB,MLB,regression_tree
MLB,Jhoulys Chacín,2018,555000,155622093.02325583,24045803338683076,NPB,MLB,regression_tree
MLB,Kyle Hendricks,2018,7405000,180043478.26086956,29804044176228732,NPB,MLB,regression_tree
MLB,Mike Montgomery,2018,2440000,73449189.1891892,5042304949306064,NPB,MLB,regression_tree
MLB,Kendall Graveman,2018,575000,16104664.371772805,241170475499909.62,NPB,MLB,regression_tree
MLB,Ervin Santana,2018,4300000,74327542.37288135,4903856690785693,NPB,MLB,regression_tree
MLB,Carlos Rodón,2018,4200000,73449189.1891892,4795450203360118,NPB,MLB,regression_tree
MLB,Reynaldo López,2018,580000,180043478.26086956,32207140029489604,NPB,MLB,regression_tree
MLB,Lucas Giolito,2018,573000,73449189.1891892,5310938950738496,NPB,MLB,regression_tree
MLB,Dylan Covey,2018,571000,73449189.1891892,5311230459495253,NPB,MLB,regression_tree
MLB,Carson Fulmer,2018,555000,16104664.371772805,241792062074780.56,NPB,MLB,regression_tree
MLB,Michael Kopech,2018,555000,16104664.371772805,241792062074780.56,NPB,MLB,regression_tree
MLB,Sonny Gray,2018,10166667,73449189.1891892,4004677614625223,NPB,MLB,regression_tree
MLB,Tanner Roark,2018,10000000,155622093.02325583,21205793976473772,NPB,MLB,regression_tree
MLB,Alex Wood,2018,9650000,73449189.1891892,4070336541197955.5,NPB,MLB,regression_tree
MLB,Anthony DeSclafani,2018,2125000,43054295.532646045,1675207232798679.5,NPB,MLB,regression_tree
MLB,Tyler Mahle,2018,570000,43054295.532646045,1804915366905208.8,NPB,MLB,regression_tree
MLB,Robert Stephenson,2018,565000,16104664.371772805,241481168787345.1,NPB,MLB,regression_tree
MLB,Luis Castillo,2018,557500,73449189.1891892,5313198352853361,NPB,MLB,regression_tree
MLB,Brandon Finnegan,2018,555000,16104664.371772805,241792062074780.56,NPB,MLB,regression_tree
MLB,Sal Romano,2018,555000,73449189.1891892,5313562817549307,NPB,MLB,regression_tree
MLB,Carlos Carrasco,2018,11750000,423333333.3333333,169400840277777760,NPB,MLB,regression_tree
MLB,Trevor Bauer,2018,13000000,148977272.72727272,18489818698347104,NPB,MLB,regression_tree
MLB,Mike Clevinger,2018,592200,180043478.26086956,32202761269460036,NPB,MLB,regression_tree
MLB,Shane Bieber,2018,559600,43054295.532646045,1805799148412287.8,NPB,MLB,regression_tree
MLB,Jefry Rodríguez,2018,555000,16104664.371772805,241792062074780.56,NPB,MLB,regression_tree
MLB,Adam Plutko,2018,555000,43054295.532646045,1806190120771188,NPB,MLB,regression_tree
MLB,Germán Márquez,2018,8600000,180043478.26086956,29392866238185256,NPB,MLB,regression_tree
MLB,Chad Bettis,2018,3325000,73449189.1891892,4917401909441199,NPB,MLB,regression_tree
MLB,Jon Gray,2018,2925000,73449189.1891892,4973661260792550,NPB,MLB,regression_tree
MLB,Tyler Anderson,2018,2625000,73449189.1891892,5016065774306064,NPB,MLB,regression_tree
MLB,Germán Márquez,2018,565000,180043478.26086956,32212524158837428,NPB,MLB,regression_tree
MLB,Kyle Freeland,2018,565000,180043478.26086956,32212524158837428,NPB,MLB,regression_tree
MLB,Antonio Senzatela,2018,560000,43054295.532646045,1805765152815861.5,NPB,MLB,regression_tree
MLB,Tyson Ross,2018,5750000,155622093.02325583,22461644267171448,NPB,MLB,regression_tree
MLB,Michael Fulmer,2018,2800000,73449189.1891892,4991307933089848,NPB,MLB,regression_tree
MLB,Matthew Boyd,2018,2600000,73449189.1891892,5019607608765523,NPB,MLB,regression_tree
MLB,Daniel Norris,2018,1275000,16104664.371772805,219918945379427.72,NPB,MLB,regression_tree
MLB,Spencer Turnbull,2018,556100,16104664.371772805,241757854023162.66,NPB,MLB,regression_tree
MLB,Edwin Jackson,2018,555000,74327542.37288135,5442388008158575,NPB,MLB,regression_tree
MLB,Ryan Carpenter,2018,555000,16104664.371772805,241792062074780.56,NPB,MLB,regression_tree
MLB,Gerrit Cole,2018,13500000,180043478.26086956,27736730151228732,NPB,MLB,regression_tree
MLB,Wade Miley,2018,4500000,74327542.37288135,4875885673836541,NPB,MLB,regression_tree
MLB,Josh James,2018,566800,16104664.371772805,241425229235606.72,NPB,MLB,regression_tree
MLB,Framber Valdez,2018,566600,16104664.371772805,241431444421355.4,NPB,MLB,regression_tree
MLB,Eric Skoglund,2018,568175,43054295.532646045,1805070437914527.8,NPB,MLB,regression_tree
MLB,Trevor Oaks,2018,555350,16104664.371772805,241781177432220.3,NPB,MLB,regression_tree
MLB,Homer Bailey,2018,555000,159259259.25925925,25187041907030176,NPB,MLB,regression_tree
MLB,Heath Fillmyer,2018,555000,43054295.532646045,1806190120771188,NPB,MLB,regression_tree
MLB,Ben Lively,2018,555000,16104664.371772805,241792062074780.56,NPB,MLB,regression_tree
MLB,Trevor Cahill,2018,9000000,43054295.532646045,1159695044224796.5,NPB,MLB,regression_tree
MLB,Tyler Skaggs,2018,3700000,73449189.1891892,4864949392549307,NPB,MLB,regression_tree
MLB,Andrew Heaney,2018,3400000,180043478.26086956,31202918412098296,NPB,MLB,regression_tree
MLB,JC Ramírez,2018,1901000,16104664.371772805,201744081585968.16,NPB,MLB,regression_tree
MLB,Nick Tropeano,2018,1075000,43054295.532646045,1762261253417236.2,NPB,MLB,regression_tree
MLB,Félix Peña,2018,569000,43054295.532646045,1805000336496274,NPB,MLB,regression_tree
MLB,Jaime Barria,2018,563500,73449189.1891892,5312323688583091,NPB,MLB,regression_tree
MLB,Dillon Peters,2018,555000,16104664.371772805,241792062074780.56,NPB,MLB,regression_tree
MLB,Clayton Kershaw,2018,31000000,423333333.3333333,1.5392544444444442e+17,NPB,MLB,regression_tree
MLB,Ross Stripling,2018,595000,73449189.1891892,5307732882414172,NPB,MLB,regression_tree
MLB,Walker Buehler,2018,570000,73449189.1891892,5311376216873631,NPB,MLB,regression_tree
MLB,Dan Straily,2018,5000000,73449189.1891892,4685291500657415,NPB,MLB,regression_tree
MLB,José Ureña,2018,3200000,73449189.1891892,4934948581738496,NPB,MLB,regression_tree
MLB,Trevor Richards,2018,570000,73449189.1891892,5311376216873631,NPB,MLB,regression_tree
MLB,Caleb Smith,2018,556500,43054295.532646045,1806062625134590.2,NPB,MLB,regression_tree
MLB,Sandy Alcantara,2018,555000,16104664.371772805,241792062074780.56,NPB,MLB,regression_tree
MLB,Pablo López,2018,555000,16104664.371772805,241792062074780.56,NPB,MLB,regression_tree
MLB,Jeff Brigham,2018,555000,16104664.371772805,241792062074780.56,NPB,MLB,regression_tree
MLB,Zach Davies,2018,2600000,43054295.532646045,1636550027042665.8,NPB,MLB,regression_tree
MLB,Junior Guerra,2018,2225000,423333333.3333333,177332228402777760,NPB,MLB,regression_tree
MLB,Gio González,2018,2000000,155622093.02325583,23599747464845868,NPB,MLB,regression_tree
MLB,Brent Suter,2018,568300,43054295.532646045,1805059816400019.8,NPB,MLB,regression_tree
MLB,Freddy Peralta,2018,564600,43054295.532646045,1805374226456961.2,NPB,MLB,regression_tree
MLB,Jake Odorizzi,2018,9500000,73449189.1891892,4089498797954712.5,NPB,MLB,regression_tree
MLB,Kyle Gibson,2018,8125000,155622093.02325583,21755392450310984,NPB,MLB,regression_tree
MLB,Martín Pérez,2018,4000000,43054295.532646045,1525237999551256.8,NPB,MLB,regression_tree
MLB,José Berríos,2018,620000,180043478.26086956,32192784551228732,NPB,MLB,regression_tree
MLB,Adalberto Mejía,2018,560000,16104664.371772805,241636590431062.8,NPB,MLB,regression_tree
MLB,Chase De Jong,2018,555000,16104664.371772805,241792062074780.56,NPB,MLB,regression_tree
MLB,Kohl Stewart,2018,555000,16104664.371772805,241792062074780.56,NPB,MLB,regression_tree
MLB,Fernando Romero,2018,555000,16104664.371772805,241792062074780.56,NPB,MLB,regression_tree
MLB,Stephen Gonsalves,2018,555000,16104664.371772805,241792062074780.56,NPB,MLB,regression_tree
MLB,Jacob deGrom,2018,27500000,423333333.3333333,156684027777777760,NPB,MLB,regression_tree
MLB,Jacob deGrom,2018,17000000,423333333.3333333,165106777777777760,NPB,MLB,regression_tree
MLB,Noah Syndergaard,2018,6000000,73449189.1891892,4549393122279037,NPB,MLB,regression_tree
MLB,Zack Wheeler,2018,5975000,180043478.26086956,30299835124054820,NPB,MLB,regression_tree
MLB,Steven Matz,2018,2625000,73449189.1891892,5016065774306064,NPB,MLB,regression_tree
MLB,Corey Oswalt,2018,555000,43054295.532646045,1806190120771188,NPB,MLB,regression_tree
MLB,Walker Lockett,2018,555000,16104664.371772805,241792062074780.56,NPB,MLB,regression_tree
MLB,Luis Severino,2018,10000000,180043478.26086956,28914784499054820,NPB,MLB,regression_tree
MLB,J.A. Happ,2018,17000000,423333333.3333333,165106777777777760,NPB,MLB,regression_tree
MLB,James Paxton,2018,8575000,73449189.1891892,4208660422954712.5,NPB,MLB,regression_tree
MLB,CC Sabathia,2018,8000000,155622093.02325583,21792282348566796,NPB,MLB,regression_tree
MLB,Sonny Gray,2018,7500000,73449189.1891892,4349295554711469,NPB,MLB,regression_tree
MLB,Gio González,2018,3000000,155622093.02325583,23293503278799356,NPB,MLB,regression_tree
MLB,Jordan Montgomery,2018,596600,16104664.371772805,240500060559049.06,NPB,MLB,regression_tree
MLB,Domingo Germán,2018,577500,43054295.532646045,1804278158722219,NPB,MLB,regression_tree
MLB,Aaron Nola,2018,11250000,180043478.26086956,28491238303402644,NPB,MLB,regression_tree
MLB,Vince Velasquez,2018,2249000,73449189.1891892,5069466940576334,NPB,MLB,regression_tree
MLB,Nick Pivetta,2018,598000,73449189.1891892,5307295766279037,NPB,MLB,regression_tree
MLB,Zach Eflin,2018,590000,73449189.1891892,5308461449306064,NPB,MLB,regression_tree
MLB,Ranger Suárez,2018,555000,16104664.371772805,241792062074780.56,NPB,MLB,regression_tree
MLB,Francisco Liriano,2018,1800000,155622093.02325583,23661236302055168,NPB,MLB,regression_tree
MLB,Jameson Taillon,2018,587500,180043478.26086956,32204448133565688,NPB,MLB,regression_tree
MLB,Trevor Williams,2018,584000,73449189.1891892,5309335795576334,NPB,MLB,regression_tree
MLB,Joe Musgrove,2018,582500,43054295.532646045,1803853415766892.5,NPB,MLB,regression_tree
MLB,Chad Kuhl,2018,578000,43054295.532646045,1804235682176686.2,NPB,MLB,regression_tree
MLB,Nick Kingham,2018,569000,43054295.532646045,1805000336496274,NPB,MLB,regression_tree
MLB,Aaron Slegers,2018,555000,16104664.371772805,241792062074780.56,NPB,MLB,regression_tree
MLB,Garrett Richards,2018,7750000,43054295.532646045,1246393283056411.5,NPB,MLB,regression_tree
MLB,Bryan Mitchell,2018,910000,43054295.532646045,1776141645943009.5,NPB,MLB,regression_tree
MLB,Joey Lucchesi,2018,565100,73449189.1891892,5312090456937685,NPB,MLB,regression_tree
MLB,Eric Lauer,2018,562500,43054295.532646045,1805552687588198.5,NPB,MLB,regression_tree
MLB,Jacob Nix,2018,556800,16104664.371772805,241736086523042.16,NPB,MLB,regression_tree
MLB,Brett Kennedy,2018,556000,16104664.371772805,241760963746037,NPB,MLB,regression_tree
MLB,Luis Perdomo,2018,555000,16104664.371772805,241792062074780.56,NPB,MLB,regression_tree
MLB,Wade LeBlanc,2018,2750000,155622093.02325583,23369876825310984,NPB,MLB,regression_tree
MLB,Marco Gonzales,2018,950000,73449189.1891892,5256132433089848,NPB,MLB,regression_tree
MLB,Tommy Milone,2018,555000,74327542.37288135,5442388008158575,NPB,MLB,regression_tree
MLB,Derek Holland,2018,7000000,423333333.3333333,1.7333344444444442e+17,NPB,MLB,regression_tree
MLB,Chris Stratton,2018,567500,73449189.1891892,5311740619069577,NPB,MLB,regression_tree
MLB,Dereck Rodríguez,2018,561250,43054295.532646045,1805658918639530,NPB,MLB,regression_tree
MLB,Andrew Suárez,2018,555000,73449189.1891892,5313562817549307,NPB,MLB,regression_tree
MLB,Tyler Beede,2018,555000,16104664.371772805,241792062074780.56,NPB,MLB,regression_tree
MLB,Michael Wacha,2018,6350000,43054295.532646045,1347205310547820.5,NPB,MLB,regression_tree
MLB,Adam Wainwright,2018,2000000,74327542.37288135,5231273385700948,NPB,MLB,regression_tree
MLB,John Gant,2018,571300,43054295.532646045,1804804909426823.8,NPB,MLB,regression_tree
MLB,Alex Reyes,2018,564600,16104664.371772805,241493600678842.5,NPB,MLB,regression_tree
MLB,Jack Flaherty,2018,562100,73449189.1891892,5312527770472821,NPB,MLB,regression_tree
MLB,Blake Snell,2018,10000000,380000000,1369e14,NPB,MLB,regression_tree
MLB,Charlie Morton,2018,15000000,423333333.3333333,166736111111111100,NPB,MLB,regression_tree
MLB,Blake Snell,2018,573700,380000000,14396431713169e4,NPB,MLB,regression_tree
MLB,Jake Faria,2018,555000,43054295.532646045,1806190120771188,NPB,MLB,regression_tree
MLB,Lance Lynn,2018,10000000,423333333.3333333,1.7084444444444442e+17,NPB,MLB,regression_tree
MLB,Shelby Miller,2018,2000000,16104664.371772805,198941557040357.16,NPB,MLB,regression_tree
MLB,Yohander Méndez,2018,558000,16104664.371772805,241698773088549.9,NPB,MLB,regression_tree
MLB,Jen-Ho Tseng,2018,555000,16104664.371772805,241792062074780.56,NPB,MLB,regression_tree
MLB,Adrian Sampson,2018,555000,16104664.371772805,241792062074780.56,NPB,MLB,regression_tree
MLB,Ariel Jurado,2018,555000,16104664.371772805,241792062074780.56,NPB,MLB,regression_tree
MLB,Marcus Stroman,2018,7400000,43054295.532646045,1271228789929263.8,NPB,MLB,regression_tree
MLB,Aaron Sanchez,2018,3900000,43054295.532646045,1533058858657786,NPB,MLB,regression_tree
MLB,Matt Shoemaker,2018,3500000,74327542.37288135,5016540758582304,NPB,MLB,regression_tree
MLB,Clay Buchholz,2018,3000000,74327542.37288135,5087618300955185,NPB,MLB,regression_tree
MLB,Sam Gaviglio,2018,579500,73449189.1891892,5309991602529037,NPB,MLB,regression_tree
MLB,Ryan Borucki,2018,565200,43054295.532646045,1805323239182322,NPB,MLB,regression_tree
MLB,Thomas Pannone,2018,560100,16104664.371772805,241633481508188.47,NPB,MLB,regression_tree
MLB,Sean Reid-Foley,2018,555000,16104664.371772805,241792062074780.56,NPB,MLB,regression_tree
MLB,Patrick Corbin,2018,23333333,180043478.26086956,24558069627682840,NPB,MLB,regression_tree
MLB,Aníbal Sánchez,2018,9500000,423333333.3333333,171258027777777760,NPB,MLB,regression_tree
MLB,Jeremy Hellickson,2018,1300000,74327542.37288135,5333021945022981,NPB,MLB,regression_tree
MLB,Joe Ross,2018,1000000,16104664.371772805,228150885783902.75,NPB,MLB,regression_tree
MLB,Austin Voth,2018,556000,16104664.371772805,241760963746037,NPB,MLB,regression_tree
MLB,Erick Fedde,2018,555000,16104664.371772805,241792062074780.56,NPB,MLB,regression_tree
MLB,Madison Bumgarner,2019,17000000,180043478.26086956,26583175803402644,NPB,MLB,regression_tree
MLB,Robbie Ray,2019,9430000,73449189.1891892,4098456584441199,NPB,MLB,regression_tree
MLB,Luke Weaver,2019,597000,16104664.371772805,240487654267551.62,NPB,MLB,regression_tree
MLB,Alex Young,2019,575000,43054295.532646045,1804490548949882.2,NPB,MLB,regression_tree
MLB,Taylor Clarke,2019,575000,43054295.532646045,1804490548949882.2,NPB,MLB,regression_tree
MLB,Zac Gallen,2019,575000,43054295.532646045,1804490548949882.2,NPB,MLB,regression_tree
MLB,Corbin Martin,2019,565700,16104664.371772805,241459413747224.62,NPB,MLB,regression_tree
MLB,Sean Manaea,2019,3750000,16104664.371772805,152637731739152.3,NPB,MLB,regression_tree
MLB,Chris Bassitt,2019,2250000,423333333.3333333,177311173611111100,NPB,MLB,regression_tree
MLB,Daniel Mengden,2019,573500,16104664.371772805,241217066743024.97,NPB,MLB,regression_tree
MLB,Frankie Montas,2019,573500,43054295.532646045,1804617989086480.2,NPB,MLB,regression_tree
MLB,Cole Hamels,2019,18000000,423333333.3333333,164295111111111100,NPB,MLB,regression_tree
MLB,Mike Foltynewicz,2019,6425000,43054295.532646045,1341705291217923.5,NPB,MLB,regression_tree
MLB,Jhoulys Chacín,2019,1600000,74327542.37288135,5289295419599253,NPB,MLB,regression_tree
MLB,Félix Hernández,2019,1000000,74327542.37288135,5376928470446710,NPB,MLB,regression_tree
MLB,Max Fried,2019,583500,73449189.1891892,5309408661015523,NPB,MLB,regression_tree
MLB,Michael Soroka,2019,583500,73449189.1891892,5309408661015523,NPB,MLB,regression_tree
MLB,Bryse Wilson,2019,575000,16104664.371772805,241170475499909.62,NPB,MLB,regression_tree
MLB,Kyle Wright,2019,573500,16104664.371772805,241217066743024.97,NPB,MLB,regression_tree
MLB,John Means,2019,580000,73449189.1891892,5309918733089848,NPB,MLB,regression_tree
MLB,Asher Wojciechowski,2019,575000,43054295.532646045,1804490548949882.2,NPB,MLB,regression_tree
MLB,Chandler Shepherd,2019,563500,16104664.371772805,241527790030460.4,NPB,MLB,regression_tree
MLB,David Hess,2019,563500,43054295.532646045,1805467704997133,NPB,MLB,regression_tree
MLB,Chris Sale,2019,29000000,423333333.3333333,155498777777777760,NPB,MLB,regression_tree
MLB,Eduardo Rodríguez,2019,8300000,180043478.26086956,29495822325141776,NPB,MLB,regression_tree
MLB,Martín Pérez,2019,6000000,73449189.1891892,4549393122279037,NPB,MLB,regression_tree
MLB,Kyle Hendricks,2019,13875000,73449189.1891892,3549084017549307,NPB,MLB,regression_tree
MLB,Adbert Alzolay,2019,563500,16104664.371772805,241527790030460.4,NPB,MLB,regression_tree
MLB,Dallas Keuchel,2019,18500000,159259259.25925925,19813169067215360,NPB,MLB,regression_tree
MLB,Gio González,2019,5000000,74327542.37288135,4806308131463659,NPB,MLB,regression_tree
MLB,Carlos Rodón,2019,4450000,16104664.371772805,135831201618670.39,NPB,MLB,regression_tree
MLB,Ross Detwiler,2019,1000000,74327542.37288135,5376928470446710,NPB,MLB,regression_tree
MLB,Lucas Giolito,2019,627000,73449189.1891892,5303071238306064,NPB,MLB,regression_tree
MLB,Reynaldo López,2019,605000,180043478.26086956,32198167480576560,NPB,MLB,regression_tree
MLB,Dylan Cease,2019,575000,43054295.532646045,1804490548949882.2,NPB,MLB,regression_tree
MLB,Trevor Bauer,2019,17500000,180043478.26086956,26420382325141776,NPB,MLB,regression_tree
MLB,Wade Miley,2019,7500000,155622093.02325583,21940154441590052,NPB,MLB,regression_tree
MLB,Anthony DeSclafani,2019,5900000,73449189.1891892,4562892960116875,NPB,MLB,regression_tree
MLB,Luis Castillo,2019,663500,180043478.26086956,32177176600870036,NPB,MLB,regression_tree
MLB,Tyler Mahle,2019,609793,73449189.1891892,5305577637205670,NPB,MLB,regression_tree
MLB,Mike Clevinger,2019,4100000,73449189.1891892,4809310041197956,NPB,MLB,regression_tree
MLB,Shane Bieber,2019,623200,180043478.26086956,32191636251207864,NPB,MLB,regression_tree
MLB,Adam Plutko,2019,574800,43054295.532646045,1804507540708095.2,NPB,MLB,regression_tree
MLB,Jefry Rodríguez,2019,566000,16104664.371772805,241450090458601.56,NPB,MLB,regression_tree
MLB,Aaron Civale,2019,565400,16104664.371772805,241468737215847.7,NPB,MLB,regression_tree
MLB,Zach Plesac,2019,563500,43054295.532646045,1805467704997133,NPB,MLB,regression_tree
MLB,Jon Gray,2019,5600000,73449189.1891892,4603512473630388,NPB,MLB,regression_tree
MLB,Kyle Freeland,2019,2875000,43054295.532646045,1614375789499710.5,NPB,MLB,regression_tree
MLB,Chi Chi González,2019,1750000,43054295.532646045,1706044829448164,NPB,MLB,regression_tree
MLB,Antonio Senzatela,2019,573500,73449189.1891892,5310866074799307,NPB,MLB,regression_tree
MLB,Jeff Hoffman,2019,568500,43054295.532646045,1805042822041806.8,NPB,MLB,regression_tree
MLB,Peter Lambert,2019,565500,43054295.532646045,1805297745815002.5,NPB,MLB,regression_tree
MLB,Matthew Boyd,2019,5300000,180043478.26086956,30535283194706992,NPB,MLB,regression_tree
MLB,Daniel Norris,2019,2960000,73449189.1891892,4968725792549307,NPB,MLB,regression_tree
MLB,Iván Nova,2019,1500000,155622093.02325583,23753619557869120,NPB,MLB,regression_tree
MLB,Spencer Turnbull,2019,573500,73449189.1891892,5310866074799307,NPB,MLB,regression_tree
MLB,Dario Agrazal,2019,567900,43054295.532646045,1805093805356445.8,NPB,MLB,regression_tree
MLB,Tyler Alexander,2019,566600,16104664.371772805,241431444421355.4,NPB,MLB,regression_tree
MLB,Justin Verlander,2019,33000000,423333333.3333333,152360111111111100,NPB,MLB,regression_tree
MLB,Brad Peacock,2019,3900000,74327542.37288135,4960038724683998,NPB,MLB,regression_tree
MLB,José Urquidy,2019,574600,16104664.371772805,241182899391407.06,NPB,MLB,regression_tree
MLB,Brad Keller,2019,613000,73449189.1891892,5305110455603361,NPB,MLB,regression_tree
MLB,Glenn Sparkman,2019,604500,73449189.1891892,5306348743069577,NPB,MLB,regression_tree
MLB,Matt Harvey,2019,575000,16104664.371772805,241170475499909.62,NPB,MLB,regression_tree
MLB,Julio Teheran,2019,9000000,73449189.1891892,4153697987143901.5,NPB,MLB,regression_tree
MLB,Dylan Bundy,2019,5000000,73449189.1891892,4685291500657415,NPB,MLB,regression_tree
MLB,Andrew Heaney,2019,4300000,43054295.532646045,1501895422231669.2,NPB,MLB,regression_tree
MLB,Griffin Canning,2019,570500,43054295.532646045,1804872882859676,NPB,MLB,regression_tree
MLB,Dillon Peters,2019,569000,43054295.532646045,1805000336496274,NPB,MLB,regression_tree
MLB,José Suarez,2019,567500,43054295.532646045,1805127794632872,NPB,MLB,regression_tree
MLB,Patrick Sandoval,2019,565750,16104664.371772805,241457859853287.44,NPB,MLB,regression_tree
MLB,Jaime Barria,2019,563500,43054295.532646045,1805467704997133,NPB,MLB,regression_tree
MLB,Alex Wood,2019,4000000,16104664.371772805,146522899553265.9,NPB,MLB,regression_tree
MLB,Walker Buehler,2019,603500,180043478.26086956,32198705798261340,NPB,MLB,regression_tree
MLB,Tony Gonsolin,2019,566000,16104664.371772805,241450090458601.56,NPB,MLB,regression_tree
MLB,José Ureña,2019,3750000,43054295.532646045,1544827647317579.8,NPB,MLB,regression_tree
MLB,Sandy Alcantara,2019,620000,180043478.26086956,32192784551228732,NPB,MLB,regression_tree
MLB,Caleb Smith,2019,586500,73449189.1891892,5308971475880388,NPB,MLB,regression_tree
MLB,Pablo López,2019,575000,43054295.532646045,1804490548949882.2,NPB,MLB,regression_tree
MLB,Elieser Hernández,2019,571500,43054295.532646045,1804787916268610.8,NPB,MLB,regression_tree
MLB,Jordan Yamamoto,2019,565000,43054295.532646045,1805340234860535.2,NPB,MLB,regression_tree
MLB,Brett Anderson,2019,5000000,155622093.02325583,22687014906706332,NPB,MLB,regression_tree
MLB,Brandon Woodruff,2019,633100,73449189.1891892,5302182844807956,NPB,MLB,regression_tree
MLB,Adrian Houser,2019,581600,43054295.532646045,1803929865808851.2,NPB,MLB,regression_tree
MLB,Michael Pineda,2019,10000000,423333333.3333333,1.7084444444444442e+17,NPB,MLB,regression_tree
MLB,Jake Odorizzi,2019,17800000,73449189.1891892,3096832257414171.5,NPB,MLB,regression_tree
MLB,José Berríos,2019,4025000,180043478.26086956,30982504689272212,NPB,MLB,regression_tree
MLB,Rich Hill,2019,3000000,74327542.37288135,5087618300955185,NPB,MLB,regression_tree
MLB,Devin Smeltzer,2019,571000,16104664.371772805,241294728814883.8,NPB,MLB,regression_tree
MLB,Randy Dobnak,2019,571000,16104664.371772805,241294728814883.8,NPB,MLB,regression_tree
MLB,Marcus Stroman,2019,12000000,180043478.26086956,28238610586011340,NPB,MLB,regression_tree
MLB,Rick Porcello,2019,10000000,155622093.02325583,21205793976473772,NPB,MLB,regression_tree
MLB,Noah Syndergaard,2019,9700000,180043478.26086956,29016900586011340,NPB,MLB,regression_tree
MLB,Steven Matz,2019,5000000,73449189.1891892,4685291500657415,NPB,MLB,regression_tree
MLB,Michael Wacha,2019,3000000,73449189.1891892,4963088257414172,NPB,MLB,regression_tree
MLB,Gerrit Cole,2019,36000000,180043478.26086956,20748523629489604,NPB,MLB,regression_tree
MLB,James Paxton,2019,12500000,423333333.3333333,168784027777777760,NPB,MLB,regression_tree
MLB,Jordan Montgomery,2019,805000,16104664.371772805,234079729888894.16,NPB,MLB,regression_tree
MLB,Zack Wheeler,2019,23600000,180043478.26086956,24474561890359168,NPB,MLB,regression_tree
MLB,Vince Velasquez,2019,3600000,43054295.532646045,1556641435977373.8,NPB,MLB,regression_tree
MLB,Zach Eflin,2019,2625000,73449189.1891892,5016065774306064,NPB,MLB,regression_tree
MLB,Trevor Williams,2019,2825000,73449189.1891892,4987776098630388,NPB,MLB,regression_tree
MLB,Joe Musgrove,2019,2800000,73449189.1891892,4991307933089848,NPB,MLB,regression_tree
MLB,Jameson Taillon,2019,2250000,16104664.371772805,191951724854470.75,NPB,MLB,regression_tree
MLB,Steven Brault,2019,590500,43054295.532646045,1803173931038370.2,NPB,MLB,regression_tree
MLB,Mitch Keller,2019,577500,16104664.371772805,241092833428050.78,NPB,MLB,regression_tree
MLB,Zach Davies,2019,5250000,73449189.1891892,4651129406062820,NPB,MLB,regression_tree
MLB,Dinelson Lamet,2019,1300000,43054295.532646045,1743421195427545.5,NPB,MLB,regression_tree
MLB,Joey Lucchesi,2019,599300,73449189.1891892,5307106354877145,NPB,MLB,regression_tree
MLB,Chris Paddack,2019,588500,73449189.1891892,5308680029123631,NPB,MLB,regression_tree
MLB,Eric Lauer,2019,582300,73449189.1891892,5309583540109577,NPB,MLB,regression_tree
MLB,Jerad Eickhoff,2019,575000,16104664.371772805,241170475499909.62,NPB,MLB,regression_tree
MLB,Cal Quantrill,2019,571800,43054295.532646045,1804762426681291.2,NPB,MLB,regression_tree
MLB,Ronald Bolaños,2019,563500,16104664.371772805,241527790030460.4,NPB,MLB,regression_tree
MLB,Marco Gonzales,2019,7500000,180043478.26086956,29771251890359168,NPB,MLB,regression_tree
MLB,Taijuan Walker,2019,2000000,16104664.371772805,198941557040357.16,NPB,MLB,regression_tree
MLB,Justus Sheffield,2019,566300,16104664.371772805,241440767349978.47,NPB,MLB,regression_tree
MLB,Justin Dunn,2019,564500,16104664.371772805,241496708701716.88,NPB,MLB,regression_tree
MLB,Nick Margevicius,2019,563500,16104664.371772805,241527790030460.4,NPB,MLB,regression_tree
MLB,Kevin Gausman,2019,9000000,43054295.532646045,1159695044224796.5,NPB,MLB,regression_tree
MLB,Drew Smyly,2019,4000000,43054295.532646045,1525237999551256.8,NPB,MLB,regression_tree
MLB,Tyler Anderson,2019,1775000,16104664.371772805,205339281007654.9,NPB,MLB,regression_tree
MLB,Tyson Ross,2019,1750000,74327542.37288135,5267499656887388,NPB,MLB,regression_tree
MLB,Dereck Rodríguez,2019,576000,43054295.532646045,1804405591358817,NPB,MLB,regression_tree
MLB,Tyler Beede,2019,569750,43054295.532646045,1804936609115475,NPB,MLB,regression_tree
MLB,Logan Webb,2019,566625,16104664.371772805,241430667518761.84,NPB,MLB,regression_tree
MLB,Rico Garcia,2019,563500,16104664.371772805,241527790030460.4,NPB,MLB,regression_tree
MLB,Shaun Anderson,2019,563500,43054295.532646045,1805467704997133,NPB,MLB,regression_tree
MLB,Miles Mikolas,2019,17000000,155622093.02325583,19216084674148192,NPB,MLB,regression_tree
MLB,Adam Wainwright,2019,5000000,155622093.02325583,22687014906706332,NPB,MLB,regression_tree
MLB,Jack Flaherty,2019,604500,180043478.26086956,32198346919304820,NPB,MLB,regression_tree
MLB,Dakota Hudson,2019,580500,73449189.1891892,5309845864150658,NPB,MLB,regression_tree
MLB,Daniel Ponce de Leon,2019,572800,16104664.371772805,241238810863145.44,NPB,MLB,regression_tree
MLB,Tyler Glasnow,2019,2050000,16104664.371772805,197533590603179.88,NPB,MLB,regression_tree
MLB,Ryan Yarbrough,2019,578500,73449189.1891892,5310137342907415,NPB,MLB,regression_tree
MLB,Yonny Chirinos,2019,576700,73449189.1891892,5310399680628496,NPB,MLB,regression_tree
MLB,Dylan Covey,2019,575000,43054295.532646045,1804490548949882.2,NPB,MLB,regression_tree
MLB,Trevor Richards,2019,575000,73449189.1891892,5310647449981739,NPB,MLB,regression_tree
MLB,Sean Gilmartin,2019,575000,16104664.371772805,241170475499909.62,NPB,MLB,regression_tree
MLB,Brendan McKay,2019,563500,16104664.371772805,241527790030460.4,NPB,MLB,regression_tree
MLB,Kyle Gibson,2019,9333333,423333333.3333333,171396000275999970,NPB,MLB,regression_tree
MLB,Jordan Lyles,2019,8000000,73449189.1891892,4283596365522280,NPB,MLB,regression_tree
MLB,Kolby Allard,2019,566500,16104664.371772805,241434552044229.78,NPB,MLB,regression_tree
MLB,Brock Burke,2019,564500,16104664.371772805,241496708701716.88,NPB,MLB,regression_tree
MLB,Taylor Hearn,2019,563500,16104664.371772805,241527790030460.4,NPB,MLB,regression_tree
MLB,Ariel Jurado,2019,563500,73449189.1891892,5312323688583091,NPB,MLB,regression_tree
MLB,Joe Palumbo,2019,563500,16104664.371772805,241527790030460.4,NPB,MLB,regression_tree
MLB,Tanner Roark,2019,12000000,423333333.3333333,169195111111111100,NPB,MLB,regression_tree
MLB,Matt Shoemaker,2019,4200000,74327542.37288135,4917872199260270,NPB,MLB,regression_tree
MLB,Trent Thornton,2019,581900,73449189.1891892,5309641833780929,NPB,MLB,regression_tree
MLB,Ryan Borucki,2019,573800,16104664.371772805,241207748134401.9,NPB,MLB,regression_tree
MLB,Sean Reid-Foley,2019,572700,16104664.371772805,241241917246019.78,NPB,MLB,regression_tree
MLB,Anthony Kay,2019,565600,16104664.371772805,241462521550098.97,NPB,MLB,regression_tree
MLB,Jacob Waguespack,2019,563500,43054295.532646045,1805467704997133,NPB,MLB,regression_tree
MLB,T.J. Zeuch,2019,563500,16104664.371772805,241527790030460.4,NPB,MLB,regression_tree
MLB,Stephen Strasburg,2019,35000000,423333333.3333333,150802777777777760,NPB,MLB,regression_tree
MLB,Austin Voth,2019,568900,16104664.371772805,241359974615245.25,NPB,MLB,regression_tree
MLB,Erick Fedde,2019,563500,43054295.532646045,1805467704997133,NPB,MLB,regression_tree
MLB,Luke Weaver,2020,1950000,16104664.371772805,200354523477534.44,NPB,MLB,regression_tree
MLB,Caleb Smith,2020,1465000,16104664.371772805,214319772918154.03,NPB,MLB,regression_tree
MLB,Zac Gallen,2020,607500,43054295.532646045,1801730450990260.2,NPB,MLB,regression_tree
MLB,Sean Manaea,2020,5950000,16104664.371772805,103117208503351.98,NPB,MLB,regression_tree
MLB,Chris Bassitt,2020,4900000,74327542.37288135,4820183639938236,NPB,MLB,regression_tree
MLB,Frankie Montas,2020,1800000,16104664.371772805,204623422789066.25,NPB,MLB,regression_tree
MLB,Jesús Luzardo,2020,575500,16104664.371772805,241154946085537.88,NPB,MLB,regression_tree
MLB,Daulton Jefferies,2020,570500,16104664.371772805,241310262729255.6,NPB,MLB,regression_tree
MLB,Paul Blackburn,2020,570500,16104664.371772805,241310262729255.6,NPB,MLB,regression_tree
MLB,Charlie Morton,2020,15000000,74327542.37288135,3519757284006032.5,NPB,MLB,regression_tree
MLB,Drew Smyly,2020,11000000,74327542.37288135,4010377622989083,NPB,MLB,regression_tree
MLB,Max Fried,2020,3500000,16104664.371772805,158877563925038.72,NPB,MLB,regression_tree
MLB,Michael Soroka,2020,2800000,16104664.371772805,177014094045520.66,NPB,MLB,regression_tree
MLB,Sean Newcomb,2020,600500,16104664.371772805,240379112866949.22,NPB,MLB,regression_tree
MLB,Touki Toussaint,2020,590500,16104664.371772805,240689296154384.7,NPB,MLB,regression_tree
MLB,Huascar Ynoa,2020,580500,16104664.371772805,240999679441820.12,NPB,MLB,regression_tree
MLB,Ian Anderson,2020,575500,16104664.371772805,241154946085537.88,NPB,MLB,regression_tree
MLB,Tanner Roark,2020,570500,74327542.37288135,5440101299595015,NPB,MLB,regression_tree
MLB,Kyle Wright,2020,570500,16104664.371772805,241310262729255.6,NPB,MLB,regression_tree
MLB,Tucker Davidson,2020,570500,16104664.371772805,241310262729255.6,NPB,MLB,regression_tree
MLB,Matt Harvey,2020,1000000,74327542.37288135,5376928470446710,NPB,MLB,regression_tree
MLB,Wade LeBlanc,2020,700000,74327542.37288135,5421014995870439,NPB,MLB,regression_tree
MLB,John Means,2020,593500,16104664.371772805,240596220168154.03,NPB,MLB,regression_tree
MLB,Jorge López,2020,586750,16104664.371772805,240805666449672.97,NPB,MLB,regression_tree
MLB,Dean Kremer,2020,572500,16104664.371772805,241248130071768.5,NPB,MLB,regression_tree
MLB,Bruce Zimmermann,2020,571500,16104664.371772805,241279195400512.06,NPB,MLB,regression_tree
MLB,Keegan Akin,2020,570500,16104664.371772805,241310262729255.6,NPB,MLB,regression_tree
MLB,Garrett Richards,2020,10000000,74327542.37288135,4138032707734846,NPB,MLB,regression_tree
MLB,Martín Pérez,2020,5000000,16104664.371772805,123313570809720.31,NPB,MLB,regression_tree
MLB,Tanner Houck,2020,577000,16104664.371772805,241108360842422.53,NPB,MLB,regression_tree
MLB,Chris Mazza,2020,570500,16104664.371772805,241310262729255.6,NPB,MLB,regression_tree
MLB,Zach Davies,2020,8630000,43054295.532646045,1185032122918954.5,NPB,MLB,regression_tree
MLB,Jake Arrieta,2020,6000000,74327542.37288135,4668653046717897,NPB,MLB,regression_tree
MLB,Trevor Williams,2020,2500000,16104664.371772805,185086892668584.34,NPB,MLB,regression_tree
MLB,Alec Mills,2020,600000,16104664.371772805,240394617281321,NPB,MLB,regression_tree
MLB,Adbert Alzolay,2020,573000,16104664.371772805,241232598157396.72,NPB,MLB,regression_tree
MLB,Lucas Giolito,2020,4150000,43054295.532646045,1513544210891463,NPB,MLB,regression_tree
MLB,Carlos Rodón,2020,3000000,16104664.371772805,171732228296811.53,NPB,MLB,regression_tree
MLB,Reynaldo López,2020,2100000,16104664.371772805,196130624166002.6,NPB,MLB,regression_tree
MLB,Dylan Cease,2020,600000,16104664.371772805,240394617281321,NPB,MLB,regression_tree
MLB,Dane Dunning,2020,572500,16104664.371772805,241248130071768.5,NPB,MLB,regression_tree
MLB,Jonathan Stiever,2020,570500,16104664.371772805,241310262729255.6,NPB,MLB,regression_tree
MLB,Luis Castillo,2020,4200000,43054295.532646045,1509656281338198.5,NPB,MLB,regression_tree
MLB,Tyler Mahle,2020,2200000,16104664.371772805,193339691291648.03,NPB,MLB,regression_tree
MLB,Shane Bieber,2020,679700,43054295.532646045,1795606346555346.2,NPB,MLB,regression_tree
MLB,Zach Plesac,2020,590200,16104664.371772805,240698604743007.75,NPB,MLB,regression_tree
MLB,Aaron Civale,2020,587400,43054295.532646045,1803437216180672.5,NPB,MLB,regression_tree
MLB,Triston McKenzie,2020,575300,16104664.371772805,241161157791286.56,NPB,MLB,regression_tree
MLB,Jon Gray,2020,6000000,16104664.371772805,102104242066174.7,NPB,MLB,regression_tree
MLB,Kyle Freeland,2020,5025000,43054295.532646045,1446227318709332.5,NPB,MLB,regression_tree
MLB,Antonio Senzatela,2020,3000000,43054295.532646045,1604346590616549,NPB,MLB,regression_tree
MLB,Chi Chi González,2020,1100000,16104664.371772805,225139952909548.2,NPB,MLB,regression_tree
MLB,Ryan Castellani,2020,570500,16104664.371772805,241310262729255.6,NPB,MLB,regression_tree
MLB,Matthew Boyd,2020,6500000,43054295.532646045,1336216521888026.5,NPB,MLB,regression_tree
MLB,José Ureña,2020,3250000,16104664.371772805,165242396110925.12,NPB,MLB,regression_tree
MLB,Michael Fulmer,2020,3100000,16104664.371772805,169121295422456.97,NPB,MLB,regression_tree
MLB,Julio Teheran,2020,3000000,16104664.371772805,171732228296811.53,NPB,MLB,regression_tree
MLB,Spencer Turnbull,2020,586900,16104664.371772805,240801011097861.44,NPB,MLB,regression_tree
MLB,Tarik Skubal,2020,574300,16104664.371772805,241192217520030.12,NPB,MLB,regression_tree
MLB,Casey Mize,2020,574100,16104664.371772805,241198429705778.84,NPB,MLB,regression_tree
MLB,Jake Odorizzi,2020,7833333,16104664.371772805,68414922661672.99,NPB,MLB,regression_tree
MLB,Framber Valdez,2020,637300,43054295.532646045,1799201510016514.5,NPB,MLB,regression_tree
MLB,Cristian Javier,2020,620400,16104664.371772805,239762443134952.66,NPB,MLB,regression_tree
MLB,José Urquidy,2020,604200,16104664.371772805,240264395740598.1,NPB,MLB,regression_tree
MLB,Brandon Bielak,2020,599000,16104664.371772805,240425627610064.53,NPB,MLB,regression_tree
MLB,Mike Minor,2020,9000000,74327542.37288135,4267687792480608.5,NPB,MLB,regression_tree
MLB,Brad Keller,2020,3350000,16104664.371772805,162681463236570.56,NPB,MLB,regression_tree
MLB,Brady Singer,2020,593700,16104664.371772805,240590015742405.34,NPB,MLB,regression_tree
MLB,Carlos Hernández,2020,570500,16104664.371772805,241310262729255.6,NPB,MLB,regression_tree
MLB,Kris Bubic,2020,570500,16104664.371772805,241310262729255.6,NPB,MLB,regression_tree
MLB,Ronald Bolaños,2020,570500,16104664.371772805,241310262729255.6,NPB,MLB,regression_tree
MLB,Dylan Bundy,2020,8325000,16104664.371772805,60523177737431.16,NPB,MLB,regression_tree
MLB,Andrew Heaney,2020,6750000,43054295.532646045,1318001874121703.5,NPB,MLB,regression_tree
MLB,Jaime Barria,2020,590500,16104664.371772805,240689296154384.7,NPB,MLB,regression_tree
MLB,Griffin Canning,2020,590500,16104664.371772805,240689296154384.7,NPB,MLB,regression_tree
MLB,Dillon Peters,2020,570500,16104664.371772805,241310262729255.6,NPB,MLB,regression_tree
MLB,Patrick Sandoval,2020,570500,16104664.371772805,241310262729255.6,NPB,MLB,regression_tree
MLB,José Suarez,2020,570500,16104664.371772805,241310262729255.6,NPB,MLB,regression_tree
MLB,Trevor Bauer,2020,34000000,43054295.532646045,81980267592494.125,NPB,MLB,regression_tree
MLB,Walker Buehler,2020,4000000,16104664.371772805,146522899553265.9,NPB,MLB,regression_tree
MLB,Julio Urías,2020,3600000,16104664.371772805,156366631050684.16,NPB,MLB,regression_tree
MLB,Cole Hamels,2020,1000000,74327542.37288135,5376928470446710,NPB,MLB,regression_tree
MLB,Dustin May,2020,590500,16104664.371772805,240689296154384.7,NPB,MLB,regression_tree
MLB,Tony Gonsolin,2020,580500,16104664.371772805,240999679441820.12,NPB,MLB,regression_tree
MLB,Sandy Alcantara,2020,630000,16104664.371772805,239465237419014.62,NPB,MLB,regression_tree
MLB,Pablo López,2020,595000,16104664.371772805,240549688925038.72,NPB,MLB,regression_tree
MLB,Elieser Hernández,2020,579000,16104664.371772805,241046254184935.47,NPB,MLB,regression_tree
MLB,Trevor Rogers,2020,570500,16104664.371772805,241310262729255.6,NPB,MLB,regression_tree
MLB,Daniel Castano,2020,570500,16104664.371772805,241310262729255.6,NPB,MLB,regression_tree
MLB,Braxton Garrett,2020,570500,16104664.371772805,241310262729255.6,NPB,MLB,regression_tree
MLB,Jordan Yamamoto,2020,570500,16104664.371772805,241310262729255.6,NPB,MLB,regression_tree
MLB,Brandon Woodruff,2020,3275000,43054295.532646045,1582392353073593.5,NPB,MLB,regression_tree
MLB,Brett Anderson,2020,2500000,74327542.37288135,5159195843328066,NPB,MLB,regression_tree
MLB,Jordan Zimmermann,2020,1000000,74327542.37288135,5376928470446710,NPB,MLB,regression_tree
MLB,Zack Godley,2020,800000,16104664.371772805,234232751532611.88,NPB,MLB,regression_tree
MLB,Corbin Burnes,2020,608000,16104664.371772805,240146606651372.62,NPB,MLB,regression_tree
MLB,Adrian Houser,2020,584100,16104664.371772805,240887918418343.38,NPB,MLB,regression_tree
MLB,Eric Lauer,2020,570500,16104664.371772805,241310262729255.6,NPB,MLB,regression_tree
MLB,Randy Dobnak,2020,1850000,16104664.371772805,203195456351888.97,NPB,MLB,regression_tree
MLB,J.A. Happ,2020,8000000,74327542.37288135,4399342877226371.5,NPB,MLB,regression_tree
MLB,José Berríos,2020,6100000,43054295.532646045,1365619958314143.5,NPB,MLB,regression_tree
MLB,Matt Shoemaker,2020,2000000,74327542.37288135,5231273385700948,NPB,MLB,regression_tree
MLB,Taijuan Walker,2020,7666667,16104664.371772805,71199799646044.77,NPB,MLB,regression_tree
MLB,Steven Matz,2020,5200000,16104664.371772805,118911705061011.19,NPB,MLB,regression_tree
MLB,Robert Gsellman,2020,1300000,16104664.371772805,219178087160839.06,NPB,MLB,regression_tree
MLB,Joey Lucchesi,2020,607100,16104664.371772805,240174501457241.8,NPB,MLB,regression_tree
MLB,David Peterson,2020,585750,16104664.371772805,240836703278416.53,NPB,MLB,regression_tree
MLB,Corey Kluber,2020,11000000,74327542.37288135,4010377622989083,NPB,MLB,regression_tree
MLB,Jordan Montgomery,2020,2130000,16104664.371772805,195291244303696.22,NPB,MLB,regression_tree
MLB,Asher Wojciechowski,2020,750000,74327542.37288135,5413654741633151,NPB,MLB,regression_tree
MLB,Deivi García,2020,570500,16104664.371772805,241310262729255.6,NPB,MLB,regression_tree
MLB,Zach Eflin,2020,4450000,16104664.371772805,135831201618670.39,NPB,MLB,regression_tree
MLB,Vince Velasquez,2020,4000000,16104664.371772805,146522899553265.9,NPB,MLB,regression_tree
MLB,Chase Anderson,2020,4000000,74327542.37288135,4945963216209422,NPB,MLB,regression_tree
MLB,Spencer Howard,2020,570500,16104664.371772805,241310262729255.6,NPB,MLB,regression_tree
MLB,Adonis Medina,2020,570500,16104664.371772805,241310262729255.6,NPB,MLB,regression_tree
MLB,Tyler Anderson,2020,2500000,16104664.371772805,185086892668584.34,NPB,MLB,regression_tree
MLB,Chad Kuhl,2020,2130000,16104664.371772805,195291244303696.22,NPB,MLB,regression_tree
MLB,Steven Brault,2020,2050000,16104664.371772805,197533590603179.88,NPB,MLB,regression_tree
MLB,Trevor Cahill,2020,1500000,74327542.37288135,5303850928073829,NPB,MLB,regression_tree
MLB,JT Brubaker,2020,590500,16104664.371772805,240689296154384.7,NPB,MLB,regression_tree
MLB,Cody Ponce,2020,580500,16104664.371772805,240999679441820.12,NPB,MLB,regression_tree
MLB,Mitch Keller,2020,579000,16104664.371772805,241046254184935.47,NPB,MLB,regression_tree
MLB,Chase De Jong,2020,570500,16104664.371772805,241310262729255.6,NPB,MLB,regression_tree
MLB,Mike Clevinger,2020,5750000,16104664.371772805,107219074252061.11,NPB,MLB,regression_tree
MLB,Joe Musgrove,2020,4450000,16104664.371772805,135831201618670.39,NPB,MLB,regression_tree
MLB,Dinelson Lamet,2020,4200000,16104664.371772805,141721033804556.8,NPB,MLB,regression_tree
MLB,Chris Paddack,2020,610900,16104664.371772805,240056734408016.34,NPB,MLB,regression_tree
MLB,Vince Velasquez,2020,570500,16104664.371772805,241310262729255.6,NPB,MLB,regression_tree
MLB,Jake Arrieta,2020,570500,74327542.37288135,5440101299595015,NPB,MLB,regression_tree
MLB,James Paxton,2020,8500000,74327542.37288135,4333265334853490,NPB,MLB,regression_tree
MLB,Justus Sheffield,2020,625000,16104664.371772805,239620009062732.34,NPB,MLB,regression_tree
MLB,Nick Margevicius,2020,586900,16104664.371772805,240801011097861.44,NPB,MLB,regression_tree
MLB,Justin Dunn,2020,584900,16104664.371772805,240863086155348.53,NPB,MLB,regression_tree
MLB,Jimmy Yacabonis,2020,570500,16104664.371772805,241310262729255.6,NPB,MLB,regression_tree
MLB,Ljay Newsome,2020,570500,16104664.371772805,241310262729255.6,NPB,MLB,regression_tree
MLB,Kevin Gausman,2020,18900000,16104664.371772805,7813901274436.325,NPB,MLB,regression_tree
MLB,Anthony DeSclafani,2020,6000000,16104664.371772805,102104242066174.7,NPB,MLB,regression_tree
MLB,Logan Webb,2020,583000,16104664.371772805,240922064869961.28,NPB,MLB,regression_tree
MLB,Tyler Chatwood,2020,570500,16104664.371772805,241310262729255.6,NPB,MLB,regression_tree
MLB,Adam Wainwright,2020,8000000,74327542.37288135,4399342877226371.5,NPB,MLB,regression_tree
MLB,Jack Flaherty,2020,3900000,16104664.371772805,148953832427620.47,NPB,MLB,regression_tree
MLB,Dakota Hudson,2020,595700,16104664.371772805,240527975884918.25,NPB,MLB,regression_tree
MLB,Daniel Ponce de Leon,2020,585500,16104664.371772805,240844462798102.4,NPB,MLB,regression_tree
MLB,Wade LeBlanc,2020,570500,74327542.37288135,5440101299595015,NPB,MLB,regression_tree
MLB,Johan Oviedo,2020,570500,16104664.371772805,241310262729255.6,NPB,MLB,regression_tree
MLB,Tyler Glasnow,2020,4000000,16104664.371772805,146522899553265.9,NPB,MLB,regression_tree
MLB,Michael Wacha,2020,3000000,16104664.371772805,171732228296811.53,NPB,MLB,regression_tree
MLB,Rich Hill,2020,2500000,74327542.37288135,5159195843328066,NPB,MLB,regression_tree
MLB,Ryan Yarbrough,2020,2300000,16104664.371772805,190568758417293.47,NPB,MLB,regression_tree
MLB,Yonny Chirinos,2020,1175000,16104664.371772805,222894878253782.28,NPB,MLB,regression_tree
MLB,Josh Fleming,2020,570500,16104664.371772805,241310262729255.6,NPB,MLB,regression_tree
MLB,Mike Foltynewicz,2020,2000000,16104664.371772805,198941557040357.16,NPB,MLB,regression_tree
MLB,Kolby Allard,2020,584250,16104664.371772805,240883262271531.84,NPB,MLB,regression_tree
MLB,Robbie Ray,2020,8000000,16104664.371772805,65685584579083.48,NPB,MLB,regression_tree
MLB,Ross Stripling,2020,3000000,16104664.371772805,171732228296811.53,NPB,MLB,regression_tree
MLB,Tyler Chatwood,2020,3000000,16104664.371772805,171732228296811.53,NPB,MLB,regression_tree
MLB,Tommy Milone,2020,1000000,74327542.37288135,5376928470446710,NPB,MLB,regression_tree
MLB,Trent Thornton,2020,592900,16104664.371772805,240614833925400.16,NPB,MLB,regression_tree
MLB,Nate Pearson,2020,577500,16104664.371772805,241092833428050.78,NPB,MLB,regression_tree
MLB,Jon Lester,2020,5000000,74327542.37288135,4806308131463659,NPB,MLB,regression_tree
MLB,Austin Voth,2020,587700,16104664.371772805,240776183314866.6,NPB,MLB,regression_tree
MLB,Erick Fedde,2020,575000,16104664.371772805,241170475499909.62,NPB,MLB,regression_tree
MLB,Wil Crowe,2020,574000,16104664.371772805,241201535828653.2,NPB,MLB,regression_tree
MLB,Paolo Espino,2020,570500,74327542.37288135,5440101299595015,NPB,MLB,regression_tree
MLB,Luke Weaver,2021,2875000,43054295.532646045,1614375789499710.5,NPB,MLB,regression_tree
MLB,Zach Davies,2021,1750000,73449189.1891892,5140773730387145,NPB,MLB,regression_tree
MLB,Zac Gallen,2021,1670875,73449189.1891892,5152126387841959,NPB,MLB,regression_tree
MLB,Zac Gallen,2021,745600,73449189.1891892,5285811880990388,NPB,MLB,regression_tree
MLB,Humberto Castellanos,2021,713700,16104664.371772805,236881784293179.88,NPB,MLB,regression_tree
MLB,Corbin Martin,2021,705100,16104664.371772805,237146582840374.34,NPB,MLB,regression_tree
MLB,Dallas Keuchel,2021,700000,155622093.02325583,24000854906706332,NPB,MLB,regression_tree
MLB,Tyler Gilbert,2021,700000,16104664.371772805,237303684406966.44,NPB,MLB,regression_tree
MLB,Taylor Widener,2021,700000,43054295.532646045,1793886350066720.8,NPB,MLB,regression_tree
MLB,Sean Manaea,2021,9750000,73449189.1891892,4057586703360117.5,NPB,MLB,regression_tree
MLB,Chris Bassitt,2021,8800000,423333333.3333333,1.7183788444444442e+17,NPB,MLB,regression_tree
MLB,Frankie Montas,2021,5025000,180043478.26086956,30631467732750472,NPB,MLB,regression_tree
MLB,Paul Blackburn,2021,710000,16104664.371772805,236995691119530.97,NPB,MLB,regression_tree
MLB,James Kaprielian,2021,705000,73449189.1891892,5291717060792550,NPB,MLB,regression_tree
MLB,Cole Irvin,2021,705000,73449189.1891892,5291717060792550,NPB,MLB,regression_tree
MLB,Cole Irvin,2021,201978,73449189.1891892,5365153946993683,NPB,MLB,regression_tree
MLB,Charlie Morton,2021,20000000,423333333.3333333,162677777777777760,NPB,MLB,regression_tree
MLB,Max Fried,2021,6850000,73449189.1891892,4435452000657415,NPB,MLB,regression_tree
MLB,Huascar Ynoa,2021,720000,43054295.532646045,1792192578245415,NPB,MLB,regression_tree
MLB,Kyle Wright,2021,720000,16104664.371772805,236687897832095.53,NPB,MLB,regression_tree
MLB,Tucker Davidson,2021,710000,16104664.371772805,236995691119530.97,NPB,MLB,regression_tree
MLB,Ian Anderson,2021,710000,73449189.1891892,5290989643900658,NPB,MLB,regression_tree
MLB,Touki Toussaint,2021,700000,16104664.371772805,237303684406966.44,NPB,MLB,regression_tree
MLB,Kyle Muller,2021,700000,16104664.371772805,237303684406966.44,NPB,MLB,regression_tree
MLB,Kyle Wright,2021,477143,16104664.371772805,244219424225215.78,NPB,MLB,regression_tree
MLB,Jordan Lyles,2021,7000000,155622093.02325583,22088526534613308,NPB,MLB,regression_tree
MLB,John Means,2021,2962500,73449189.1891892,4968373352853361,NPB,MLB,regression_tree
MLB,Jorge López,2021,1500000,73449189.1891892,5176685824981739,NPB,MLB,regression_tree
MLB,Matt Harvey,2021,1000000,155622093.02325583,23907991650892376,NPB,MLB,regression_tree
MLB,Keegan Akin,2021,709500,43054295.532646045,1793081708701600.5,NPB,MLB,regression_tree
MLB,Bruce Zimmermann,2021,705500,43054295.532646045,1793420483065861.8,NPB,MLB,regression_tree
MLB,Dean Kremer,2021,705500,16104664.371772805,237134263348876.94,NPB,MLB,regression_tree
MLB,Chris Ellis,2021,700000,16104664.371772805,237303684406966.44,NPB,MLB,regression_tree
MLB,Zac Lowther,2021,700000,16104664.371772805,237303684406966.44,NPB,MLB,regression_tree
MLB,Spenser Watkins,2021,700000,16104664.371772805,237303684406966.44,NPB,MLB,regression_tree
MLB,Dean Kremer,2021,280627,16104664.371772805,250400158743262.38,NPB,MLB,regression_tree
MLB,James Paxton,2021,10000000,74327542.37288135,4138032707734846,NPB,MLB,regression_tree
MLB,Michael Wacha,2021,7000000,73449189.1891892,4415494743900658.5,NPB,MLB,regression_tree
MLB,Rich Hill,2021,5000000,155622093.02325583,22687014906706332,NPB,MLB,regression_tree
MLB,Nick Pivetta,2021,2650000,73449189.1891892,5012525189846604,NPB,MLB,regression_tree
MLB,Tanner Houck,2021,716000,43054295.532646045,1792531268609676,NPB,MLB,regression_tree
MLB,Kutter Crawford,2021,702000,16104664.371772805,237242069749479.34,NPB,MLB,regression_tree
MLB,Connor Seabold,2021,700000,16104664.371772805,237303684406966.44,NPB,MLB,regression_tree
MLB,Marcus Stroman,2021,23666667,336071428.5714286,97596735052501150,NPB,MLB,regression_tree
MLB,Drew Smyly,2021,5250000,155622093.02325583,22611766360194704,NPB,MLB,regression_tree
MLB,Steven Brault,2021,1500000,16104664.371772805,213296221412129.94,NPB,MLB,regression_tree
MLB,Alec Mills,2021,741250,73449189.1891892,5286444421138834,NPB,MLB,regression_tree
MLB,Adbert Alzolay,2021,718250,73449189.1891892,5289789515341537,NPB,MLB,regression_tree
MLB,Adrian Sampson,2021,700000,16104664.371772805,237303684406966.44,NPB,MLB,regression_tree
MLB,Lance Lynn,2021,19000000,423333333.3333333,1.6348544444444442e+17,NPB,MLB,regression_tree
MLB,Lucas Giolito,2021,7450000,73449189.1891892,4355892973630388,NPB,MLB,regression_tree
MLB,Johnny Cueto,2021,4200000,159259259.25925925,24043373882030176,NPB,MLB,regression_tree
MLB,Vince Velasquez,2021,3000000,43054295.532646045,1604346590616549,NPB,MLB,regression_tree
MLB,Dylan Cease,2021,2457426,73449189.1891892,5039830440709918,NPB,MLB,regression_tree
MLB,Dylan Cease,2021,750000,73449189.1891892,5285172108765523,NPB,MLB,regression_tree
MLB,Jimmy Lambert,2021,700000,16104664.371772805,237303684406966.44,NPB,MLB,regression_tree
MLB,Luis Castillo,2021,7350000,180043478.26086956,29823037433837428,NPB,MLB,regression_tree
MLB,Tyler Mahle,2021,5200000,180043478.26086956,30570241890359168,NPB,MLB,regression_tree
MLB,Justin Dunn,2021,720000,16104664.371772805,236687897832095.53,NPB,MLB,regression_tree
MLB,Vladimir Gutierrez,2021,707500,43054295.532646045,1793251091883731,NPB,MLB,regression_tree
MLB,Chase Anderson,2021,700000,74327542.37288135,5421014995870439,NPB,MLB,regression_tree
MLB,T.J. Zeuch,2021,700000,16104664.371772805,237303684406966.44,NPB,MLB,regression_tree
MLB,Riley O'Brien,2021,700000,16104664.371772805,237303684406966.44,NPB,MLB,regression_tree
MLB,Reiver Sanmartin,2021,700000,16104664.371772805,237303684406966.44,NPB,MLB,regression_tree
MLB,Shane Bieber,2021,6000000,43054295.532646045,1373020817420672.8,NPB,MLB,regression_tree
MLB,Cal Quantrill,2021,2510000,73449189.1891892,5032368562819577,NPB,MLB,regression_tree
MLB,Zach Plesac,2021,2000000,73449189.1891892,5104986635792550,NPB,MLB,regression_tree
MLB,Aaron Civale,2021,716900,73449189.1891892,5289985890699848,NPB,MLB,regression_tree
MLB,Triston McKenzie,2021,707100,73449189.1891892,5291411539607956,NPB,MLB,regression_tree
MLB,Eli Morgan,2021,702100,43054295.532646045,1793708466435483.5,NPB,MLB,regression_tree
MLB,Logan Allen,2021,701700,16104664.371772805,237251311438102.4,NPB,MLB,regression_tree
MLB,Triston McKenzie,2021,531152,73449189.1891892,5317040147523979,NPB,MLB,regression_tree
MLB,Kyle Freeland,2021,12900000,73449189.1891892,3666204311468226,NPB,MLB,regression_tree
MLB,Antonio Senzatela,2021,10100000,73449189.1891892,4013119770927685.5,NPB,MLB,regression_tree
MLB,Chad Kuhl,2021,3000000,43054295.532646045,1604346590616549,NPB,MLB,regression_tree
MLB,Peter Lambert,2021,762500,16104664.371772805,235382007610494.84,NPB,MLB,regression_tree
MLB,Austin Gomber,2021,710000,43054295.532646045,1793039364156067.8,NPB,MLB,regression_tree
MLB,José Ureña,2021,700000,43054295.532646045,1793886350066720.8,NPB,MLB,regression_tree
MLB,Ryan Feltner,2021,700000,16104664.371772805,237303684406966.44,NPB,MLB,regression_tree
MLB,Eduardo Rodríguez,2021,15400000,73449189.1891892,3369708365522280,NPB,MLB,regression_tree
MLB,Michael Pineda,2021,5500000,159259259.25925925,23641909807956104,NPB,MLB,regression_tree
MLB,Spencer Turnbull,2021,1825000,16104664.371772805,203908814570477.62,NPB,MLB,regression_tree
MLB,Wily Peralta,2021,2500000,74327542.37288135,5159195843328066,NPB,MLB,regression_tree
MLB,Casey Mize,2021,714200,73449189.1891892,5290378652351469,NPB,MLB,regression_tree
MLB,Tarik Skubal,2021,713600,73449189.1891892,5290465934698496,NPB,MLB,regression_tree
MLB,Matt Manning,2021,705300,43054295.532646045,1793437422624074.8,NPB,MLB,regression_tree
MLB,Luis Castillo,2021,700000,180043478.26086956,32164083194706992,NPB,MLB,regression_tree
MLB,Tarik Skubal,2021,293739,73449189.1891892,5351719892382942,NPB,MLB,regression_tree
MLB,Framber Valdez,2021,3000000,73449189.1891892,4963088257414172,NPB,MLB,regression_tree
MLB,José Urquidy,2021,748700,43054295.532646045,1789763413371841,NPB,MLB,regression_tree
MLB,Zack Greinke,2021,13000000,155622093.02325583,20341061418334236,NPB,MLB,regression_tree
MLB,Brad Keller,2021,4825000,73449189.1891892,4709279341873631,NPB,MLB,regression_tree
MLB,Brady Singer,2021,726250,73449189.1891892,5288625884314510,NPB,MLB,regression_tree
MLB,Kris Bubic,2021,713750,73449189.1891892,5290444114044239,NPB,MLB,regression_tree
MLB,Jackson Kowar,2021,702000,16104664.371772805,237242069749479.34,NPB,MLB,regression_tree
MLB,Ángel Zerpa,2021,700000,16104664.371772805,237303684406966.44,NPB,MLB,regression_tree
MLB,Brady Singer,2021,421437,73449189.1891892,5333052589805627,NPB,MLB,regression_tree
MLB,Noah Syndergaard,2021,21000000,16104664.371772805,23964310912990.543,NPB,MLB,regression_tree
MLB,Griffin Canning,2021,730000,43054295.532646045,1791345992334762,NPB,MLB,regression_tree
MLB,Jaime Barria,2021,730000,16104664.371772805,236380304544660.06,NPB,MLB,regression_tree
MLB,José Suarez,2021,720000,43054295.532646045,1792192578245415,NPB,MLB,regression_tree
MLB,Patrick Sandoval,2021,720000,43054295.532646045,1792192578245415,NPB,MLB,regression_tree
MLB,Reid Detmers,2021,710000,16104664.371772805,236995691119530.97,NPB,MLB,regression_tree
MLB,Cooper Criswell,2021,710000,16104664.371772805,236995691119530.97,NPB,MLB,regression_tree
MLB,Jhonathan Díaz,2021,700000,16104664.371772805,237303684406966.44,NPB,MLB,regression_tree
MLB,Janson Junk,2021,700000,16104664.371772805,237303684406966.44,NPB,MLB,regression_tree
MLB,Patrick Sandoval,2021,432834,43054295.532646045,1816588983178826.5,NPB,MLB,regression_tree
MLB,Reid Detmers,2021,284691,16104664.371772805,250271557483600.62,NPB,MLB,regression_tree
MLB,Clayton Kershaw,2021,17000000,423333333.3333333,165106777777777760,NPB,MLB,regression_tree
MLB,Andrew Heaney,2021,8500000,423333333.3333333,1.7208669444444442e+17,NPB,MLB,regression_tree
MLB,Julio Urías,2021,8000000,180043478.26086956,29598958412098296,NPB,MLB,regression_tree
MLB,Tyler Anderson,2021,8000000,155622093.02325583,21792282348566796,NPB,MLB,regression_tree
MLB,Danny Duffy,2021,3000000,74327542.37288135,5087618300955185,NPB,MLB,regression_tree
MLB,Dustin May,2021,730000,16104664.371772805,236380304544660.06,NPB,MLB,regression_tree
MLB,Tony Gonsolin,2021,720000,16104664.371772805,236687897832095.53,NPB,MLB,regression_tree
MLB,Tony Gonsolin,2021,529938,16104664.371772805,242572101555595.28,NPB,MLB,regression_tree
MLB,Sandy Alcantara,2021,11200000,180043478.26086956,28508120151228732,NPB,MLB,regression_tree
MLB,Pablo López,2021,2450000,43054295.532646045,1648708815702459.5,NPB,MLB,regression_tree
MLB,Elieser Hernández,2021,1325000,16104664.371772805,218438478942250.44,NPB,MLB,regression_tree
MLB,Trevor Rogers,2021,722000,73449189.1891892,5289244047360118,NPB,MLB,regression_tree
MLB,Jesús Luzardo,2021,715000,43054295.532646045,1792615946200741.2,NPB,MLB,regression_tree
MLB,Zach Thompson,2021,705000,43054295.532646045,1793462832111394.2,NPB,MLB,regression_tree
MLB,Daniel Castano,2021,705000,16104664.371772805,237149662763248.72,NPB,MLB,regression_tree
MLB,Cody Poteet,2021,704000,16104664.371772805,237180463091992.25,NPB,MLB,regression_tree
MLB,Edward Cabrera,2021,700000,16104664.371772805,237303684406966.44,NPB,MLB,regression_tree
MLB,Braxton Garrett,2021,700000,16104664.371772805,237303684406966.44,NPB,MLB,regression_tree
MLB,Nick Neidert,2021,700000,16104664.371772805,237303684406966.44,NPB,MLB,regression_tree
MLB,Jesús Luzardo,2021,288794,43054295.532646045,1828888121338751.2,NPB,MLB,regression_tree
MLB,Brandon Woodruff,2021,6800000,73449189.1891892,4442114419576334,NPB,MLB,regression_tree
MLB,Corbin Burnes,2021,6500000,73449189.1891892,4482193933089847.5,NPB,MLB,regression_tree
MLB,Eric Lauer,2021,2425000,43054295.532646045,1650739655479092,NPB,MLB,regression_tree
MLB,Adrian Houser,2021,2425000,73449189.1891892,5044435449981739,NPB,MLB,regression_tree
MLB,José Ureña,2021,1250000,43054295.532646045,1747599124980810,NPB,MLB,regression_tree
MLB,Dylan Bundy,2021,5000000,43054295.532646045,1448129408485964.8,NPB,MLB,regression_tree
MLB,Chris Archer,2021,3500000,74327542.37288135,5016540758582304,NPB,MLB,regression_tree
MLB,Bailey Ober,2021,706200,43054295.532646045,1793361195242116,NPB,MLB,regression_tree
MLB,Joe Ryan,2021,701650,16104664.371772805,237252851737039.6,NPB,MLB,regression_tree
MLB,Chi Chi González,2021,700000,43054295.532646045,1793886350066720.8,NPB,MLB,regression_tree
MLB,Aaron Sanchez,2021,700000,16104664.371772805,237303684406966.44,NPB,MLB,regression_tree
MLB,Griffin Jax,2021,700000,43054295.532646045,1793886350066720.8,NPB,MLB,regression_tree
MLB,Joe Ryan,2021,265573,16104664.371772805,250876815483367.72,NPB,MLB,regression_tree
MLB,Max Scherzer,2021,43333333,423333333.3333333,144400000253333300,NPB,MLB,regression_tree
MLB,Trevor Williams,2021,3900000,43054295.532646045,1533058858657786,NPB,MLB,regression_tree
MLB,Joey Lucchesi,2021,1150000,16104664.371772805,223641986472370.9,NPB,MLB,regression_tree
MLB,Tylor Megill,2021,707500,43054295.532646045,1793251091883731,NPB,MLB,regression_tree
MLB,David Peterson,2021,700000,43054295.532646045,1793886350066720.8,NPB,MLB,regression_tree
MLB,Jordan Montgomery,2021,6000000,73449189.1891892,4549393122279037,NPB,MLB,regression_tree
MLB,Jameson Taillon,2021,5800000,73449189.1891892,4576412797954712,NPB,MLB,regression_tree
MLB,Domingo Germán,2021,1750000,43054295.532646045,1706044829448164,NPB,MLB,regression_tree
MLB,Nestor Cortes,2021,727500,43054295.532646045,1791557620062425.2,NPB,MLB,regression_tree
MLB,Clarke Schmidt,2021,712500,16104664.371772805,236918724047672.12,NPB,MLB,regression_tree
MLB,Chi Chi González,2021,700000,43054295.532646045,1793886350066720.8,NPB,MLB,regression_tree
MLB,Deivi García,2021,700000,16104664.371772805,237303684406966.44,NPB,MLB,regression_tree
MLB,Luis Gil,2021,700000,16104664.371772805,237303684406966.44,NPB,MLB,regression_tree
MLB,Nestor Cortes,2021,597831,43054295.532646045,1802551380611831.5,NPB,MLB,regression_tree
MLB,Zach Eflin,2021,5700000,43054295.532646045,1395343394740260.2,NPB,MLB,regression_tree
MLB,Hans Crouse,2021,700000,16104664.371772805,237303684406966.44,NPB,MLB,regression_tree
MLB,Jerad Eickhoff,2021,1000000,16104664.371772805,228150885783902.75,NPB,MLB,regression_tree
MLB,JT Brubaker,2021,725000,73449189.1891892,5288807693224983,NPB,MLB,regression_tree
MLB,Mitch Keller,2021,725000,43054295.532646045,1791769260290088.5,NPB,MLB,regression_tree
MLB,Bryse Wilson,2021,715000,43054295.532646045,1792615946200741.2,NPB,MLB,regression_tree
MLB,Dillon Peters,2021,715000,16104664.371772805,236841769475813.25,NPB,MLB,regression_tree
MLB,Wil Crowe,2021,715000,43054295.532646045,1792615946200741.2,NPB,MLB,regression_tree
MLB,Miguel Yajure,2021,705000,16104664.371772805,237149662763248.72,NPB,MLB,regression_tree
MLB,Max Kranick,2021,705000,16104664.371772805,237149662763248.72,NPB,MLB,regression_tree
MLB,Chase De Jong,2021,700000,16104664.371772805,237303684406966.44,NPB,MLB,regression_tree
MLB,Roansy Contreras,2021,700000,16104664.371772805,237303684406966.44,NPB,MLB,regression_tree
MLB,Mitch Keller,2021,252104,43054295.532646045,1832027599997316.8,NPB,MLB,regression_tree
MLB,Joe Musgrove,2021,8625000,180043478.26086956,29384294689272212,NPB,MLB,regression_tree
MLB,Chris Paddack,2021,2250000,43054295.532646045,1664990533915518,NPB,MLB,regression_tree
MLB,Adrián Morejón,2021,704500,16104664.371772805,237165062677620.47,NPB,MLB,regression_tree
MLB,Ryan Weathers,2021,700000,43054295.532646045,1793886350066720.8,NPB,MLB,regression_tree
MLB,Robbie Ray,2021,23000000,180043478.26086956,24662654064272212,NPB,MLB,regression_tree
MLB,Justus Sheffield,2021,760800,43054295.532646045,1788739764369951,NPB,MLB,regression_tree
MLB,Logan Gilbert,2021,712300,73449189.1891892,5290655048920388,NPB,MLB,regression_tree
MLB,Carlos Rodón,2021,22000000,148977272.72727272,16123227789256196,NPB,MLB,regression_tree
MLB,Anthony DeSclafani,2021,12000000,336071428.5714286,105022290816326540,NPB,MLB,regression_tree
MLB,Alex Wood,2021,12500000,423333333.3333333,168784027777777760,NPB,MLB,regression_tree
MLB,Alex Cobb,2021,10000000,74327542.37288135,4138032707734846,NPB,MLB,regression_tree
MLB,Matthew Boyd,2021,5200000,43054295.532646045,1432947690272906.2,NPB,MLB,regression_tree
MLB,Logan Webb,2021,730000,73449189.1891892,5288080476333091,NPB,MLB,regression_tree
MLB,Logan Webb,2021,572075,73449189.1891892,5311073772544121,NPB,MLB,regression_tree
MLB,Steven Matz,2021,11000000,423333333.3333333,170018777777777760,NPB,MLB,regression_tree
MLB,Adam Wainwright,2021,17500000,336071428.5714286,101487755102040830,NPB,MLB,regression_tree
MLB,Jack Flaherty,2021,5000000,43054295.532646045,1448129408485964.8,NPB,MLB,regression_tree
MLB,Dakota Hudson,2021,1050000,16104664.371772805,226642919346725.47,NPB,MLB,regression_tree
MLB,Packy Naughton,2021,700000,16104664.371772805,237303684406966.44,NPB,MLB,regression_tree
MLB,Johan Oviedo,2021,700000,43054295.532646045,1793886350066720.8,NPB,MLB,regression_tree
MLB,Corey Kluber,2021,8000000,74327542.37288135,4399342877226371.5,NPB,MLB,regression_tree
MLB,Tyler Glasnow,2021,5100000,43054295.532646045,1440528549379435.5,NPB,MLB,regression_tree
MLB,Ryan Yarbrough,2021,3850000,73449189.1891892,4844047135792550,NPB,MLB,regression_tree
MLB,Shane McClanahan,2021,711400,73449189.1891892,5290785976130929,NPB,MLB,regression_tree
MLB,Luis Patiño,2021,707400,43054295.532646045,1793259561252837.5,NPB,MLB,regression_tree
MLB,Shane Baz,2021,701100,16104664.371772805,237269795355348.53,NPB,MLB,regression_tree
MLB,Shane McClanahan,2021,563144,73449189.1891892,5312375583320529,NPB,MLB,regression_tree
MLB,Jon Gray,2021,14000000,73449189.1891892,3534206095252009.5,NPB,MLB,regression_tree
MLB,Garrett Richards,2021,5500000,155622093.02325583,22536642813683076,NPB,MLB,regression_tree
MLB,Martín Pérez,2021,4000000,43054295.532646045,1525237999551256.8,NPB,MLB,regression_tree
MLB,Matt Moore,2021,2500000,74327542.37288135,5159195843328066,NPB,MLB,regression_tree
MLB,Kolby Allard,2021,720000,73449189.1891892,5289534960116875,NPB,MLB,regression_tree
MLB,Spencer Howard,2021,714000,16104664.371772805,236872549804556.8,NPB,MLB,regression_tree
MLB,Dane Dunning,2021,714000,43054295.532646045,1792700625791806.8,NPB,MLB,regression_tree
MLB,Dallas Keuchel,2021,700000,155622093.02325583,24000854906706332,NPB,MLB,regression_tree
MLB,A.J. Alexy,2021,700000,16104664.371772805,237303684406966.44,NPB,MLB,regression_tree
MLB,Glenn Otto,2021,700000,16104664.371772805,237303684406966.44,NPB,MLB,regression_tree
MLB,José Berríos,2021,18714286,180043478.26086956,26027108275544616,NPB,MLB,regression_tree
MLB,Kevin Gausman,2021,22000000,423333333.3333333,1.6106844444444442e+17,NPB,MLB,regression_tree
MLB,Yusei Kikuchi,2021,12000000,423333333.3333333,169195111111111100,NPB,MLB,regression_tree
MLB,Ross Stripling,2021,3790000,74327542.37288135,4975544884006032,NPB,MLB,regression_tree
MLB,Alek Manoah,2021,2191023,43054295.532646045,1669807042077304.8,NPB,MLB,regression_tree
MLB,Alek Manoah,2021,730000,43054295.532646045,1791345992334762,NPB,MLB,regression_tree
MLB,Thomas Hatch,2021,715800,16104664.371772805,236817146652818.4,NPB,MLB,regression_tree
MLB,Joe Ross,2021,2400000,43054295.532646045,1652771745255724.2,NPB,MLB,regression_tree
MLB,Erick Fedde,2021,2150000,73449189.1891892,5083574379035793,NPB,MLB,regression_tree
MLB,Aaron Sanchez,2021,2000000,16104664.371772805,198941557040357.16,NPB,MLB,regression_tree
MLB,Paolo Espino,2021,716200,159259259.25925925,25135901639284992,NPB,MLB,regression_tree
MLB,Josiah Gray,2021,703500,43054295.532646045,1793589882247992.2,NPB,MLB,regression_tree
MLB,Joan Adon,2021,700200,16104664.371772805,237297522581217.72,NPB,MLB,regression_tree
MLB,Josh Rogers,2021,700000,16104664.371772805,237303684406966.44,NPB,MLB,regression_tree
MLB,Merrill Kelly,2022,9000000,155622093.02325583,21498038162520284,NPB,MLB,regression_tree
MLB,Zac Gallen,2022,5600000,180043478.26086956,30430527107750472,NPB,MLB,regression_tree
MLB,Zach Davies,2022,5000000,73449189.1891892,4685291500657415,NPB,MLB,regression_tree
MLB,Drey Jameson,2022,723600,16104664.371772805,236577141208618.75,NPB,MLB,regression_tree
MLB,Ryne Nelson,2022,722700,16104664.371772805,236604827934487.94,NPB,MLB,regression_tree
MLB,Tyler Gilbert,2022,720000,16104664.371772805,236687897832095.53,NPB,MLB,regression_tree
MLB,Tommy Henry,2022,720000,16104664.371772805,236687897832095.53,NPB,MLB,regression_tree
MLB,Paul Blackburn,2022,1900000,43054295.532646045,1693676040788370.2,NPB,MLB,regression_tree
MLB,Cole Irvin,2022,737600,180043478.26086956,32150597978901776,NPB,MLB,regression_tree
MLB,James Kaprielian,2022,730000,73449189.1891892,5288080476333091,NPB,MLB,regression_tree
MLB,Kyle Muller,2022,720000,16104664.371772805,236687897832095.53,NPB,MLB,regression_tree
MLB,Adam Oller,2022,720000,43054295.532646045,1792192578245415,NPB,MLB,regression_tree
MLB,Adrián Martínez,2022,720000,16104664.371772805,236687897832095.53,NPB,MLB,regression_tree
MLB,JP Sears,2022,720000,43054295.532646045,1792192578245415,NPB,MLB,regression_tree
MLB,Ken Waldichuk,2022,720000,16104664.371772805,236687897832095.53,NPB,MLB,regression_tree
MLB,Spencer Strider,2022,12500000,73449189.1891892,3714803662819577,NPB,MLB,regression_tree
MLB,Charlie Morton,2022,20000000,423333333.3333333,162677777777777760,NPB,MLB,regression_tree
MLB,Max Fried,2022,13500000,180043478.26086956,27736730151228732,NPB,MLB,regression_tree
MLB,Spencer Strider,2022,1692833,73449189.1891892,5148974653549791,NPB,MLB,regression_tree
MLB,Kyle Wright,2022,750000,180043478.26086956,32146151346880908,NPB,MLB,regression_tree
MLB,Huascar Ynoa,2022,750000,16104664.371772805,235765717969789.16,NPB,MLB,regression_tree
MLB,Bryce Elder,2022,720000,16104664.371772805,236687897832095.53,NPB,MLB,regression_tree
MLB,Dane Dunning,2022,446638,73449189.1891892,5329372480130189,NPB,MLB,regression_tree
MLB,Bryce Elder,2022,392639,16104664.371772805,246867741283232.34,NPB,MLB,regression_tree
MLB,Kyle Gibson,2022,10000000,155622093.02325583,21205793976473772,NPB,MLB,regression_tree
MLB,Kyle Bradish,2022,1666786,43054295.532646045,1712925945314867.2,NPB,MLB,regression_tree
MLB,Tyler Wells,2022,732400,43054295.532646045,1791142841476205.2,NPB,MLB,regression_tree
MLB,Dean Kremer,2022,731200,73449189.1891892,5287905951719037,NPB,MLB,regression_tree
MLB,Kyle Bradish,2022,728100,43054295.532646045,1791506828267786,NPB,MLB,regression_tree
MLB,Bruce Zimmermann,2022,720000,43054295.532646045,1792192578245415,NPB,MLB,regression_tree
MLB,Spenser Watkins,2022,720000,43054295.532646045,1792192578245415,NPB,MLB,regression_tree
MLB,Dean Kremer,2022,276862,73449189.1891892,5354189466281756,NPB,MLB,regression_tree
MLB,Corey Kluber,2022,10000000,155622093.02325583,21205793976473772,NPB,MLB,regression_tree
MLB,Nick Pivetta,2022,5350000,180043478.26086956,30517811346880908,NPB,MLB,regression_tree
MLB,Kutter Crawford,2022,730000,43054295.532646045,1791345992334762,NPB,MLB,regression_tree
MLB,Brayan Bello,2022,729500,16104664.371772805,236395679459031.84,NPB,MLB,regression_tree
MLB,Josh Winckowski,2022,722000,43054295.532646045,1792023245063284.2,NPB,MLB,regression_tree
MLB,Connor Seabold,2022,722000,16104664.371772805,236626363174608.44,NPB,MLB,regression_tree
MLB,Kutter Crawford,2022,343008,43054295.532646045,1824254082696365.5,NPB,MLB,regression_tree
MLB,Brayan Bello,2022,334768,16104664.371772805,248689631576453.1,NPB,MLB,regression_tree
MLB,Jameson Taillon,2022,17000000,155622093.02325583,19216084674148192,NPB,MLB,regression_tree
MLB,Drew Smyly,2022,9500000,159259259.25925925,22427835733882028,NPB,MLB,regression_tree
MLB,Adrian Sampson,2022,1900000,43054295.532646045,1693676040788370.2,NPB,MLB,regression_tree
MLB,Justin Steele,2022,1673331,73449189.1891892,5151773818794598,NPB,MLB,regression_tree
MLB,Keegan Thompson,2022,740000,43054295.532646045,1790499606424109,NPB,MLB,regression_tree
MLB,Justin Steele,2022,740000,73449189.1891892,5286626192549307,NPB,MLB,regression_tree
MLB,Javier Assad,2022,721500,16104664.371772805,236641746088980.22,NPB,MLB,regression_tree
MLB,Hayden Wesneski,2022,721500,16104664.371772805,236641746088980.22,NPB,MLB,regression_tree
MLB,Caleb Kilian,2022,720000,16104664.371772805,236687897832095.53,NPB,MLB,regression_tree
MLB,Javier Assad,2022,261955,16104664.371772805,250991440238457.88,NPB,MLB,regression_tree
MLB,Mike Clevinger,2022,12000000,159259259.25925925,21685289437585732,NPB,MLB,regression_tree
MLB,Lucas Giolito,2022,10400000,73449189.1891892,3975200257414171.5,NPB,MLB,regression_tree
MLB,Dylan Cease,2022,5700000,180043478.26086956,30395648412098296,NPB,MLB,regression_tree
MLB,Michael Kopech,2022,2050000,73449189.1891892,5097844216873631,NPB,MLB,regression_tree
MLB,José Ureña,2022,720000,43054295.532646045,1792192578245415,NPB,MLB,regression_tree
MLB,Hunter Greene,2022,8833333,73449189.1891892,4175208871061979.5,NPB,MLB,regression_tree
MLB,Justin Dunn,2022,900000,16104664.371772805,231181818658257.3,NPB,MLB,regression_tree
MLB,Hunter Greene,2022,730000,73449189.1891892,5288080476333091,NPB,MLB,regression_tree
MLB,Nick Lodolo,2022,730000,43054295.532646045,1791345992334762,NPB,MLB,regression_tree
MLB,Connor Overton,2022,730000,16104664.371772805,236380304544660.06,NPB,MLB,regression_tree
MLB,Vladimir Gutierrez,2022,730000,16104664.371772805,236380304544660.06,NPB,MLB,regression_tree
MLB,Graham Ashcraft,2022,722500,43054295.532646045,1791980913017751.8,NPB,MLB,regression_tree
MLB,Chase Anderson,2022,720000,74327542.37288135,5418070294175524,NPB,MLB,regression_tree
MLB,Shane Bieber,2022,10010000,180043478.26086956,28911383729489604,NPB,MLB,regression_tree
MLB,Cal Quantrill,2022,5500000,180043478.26086956,30465425803402644,NPB,MLB,regression_tree
MLB,Zach Plesac,2022,2950000,73449189.1891892,4970135676333091,NPB,MLB,regression_tree
MLB,Aaron Civale,2022,2600000,43054295.532646045,1636550027042665.8,NPB,MLB,regression_tree
MLB,Triston McKenzie,2022,739500,180043478.26086956,32149916620174384,NPB,MLB,regression_tree
MLB,Cody Morris,2022,720200,16104664.371772805,236681744006346.8,NPB,MLB,regression_tree
MLB,Hunter Gaddis,2022,720100,16104664.371772805,236684820909221.16,NPB,MLB,regression_tree
MLB,Xzavion Curry,2022,720100,16104664.371772805,236684820909221.16,NPB,MLB,regression_tree
MLB,Konnor Pilkington,2022,720000,16104664.371772805,236687897832095.53,NPB,MLB,regression_tree
MLB,José Ureña,2022,3500000,43054295.532646045,1564542295083903,NPB,MLB,regression_tree
MLB,Austin Gomber,2022,1650000,73449189.1891892,5155123568224983,NPB,MLB,regression_tree
MLB,Ryan Feltner,2022,722000,43054295.532646045,1792023245063284.2,NPB,MLB,regression_tree
MLB,Chris Flexen,2022,720000,73449189.1891892,5289534960116875,NPB,MLB,regression_tree
MLB,Michael Lorenzen,2022,8500000,43054295.532646045,1193999339757442.5,NPB,MLB,regression_tree
MLB,Tyler Alexander,2022,1875000,43054295.532646045,1695734380565002.5,NPB,MLB,regression_tree
MLB,Rony García,2022,830000,16104664.371772805,233315371670305.5,NPB,MLB,regression_tree
MLB,Tarik Skubal,2022,743700,43054295.532646045,1790186494327167.5,NPB,MLB,regression_tree
MLB,Casey Mize,2022,734200,16104664.371772805,236251175003937.2,NPB,MLB,regression_tree
MLB,Matt Manning,2022,729200,16104664.371772805,236404904647654.9,NPB,MLB,regression_tree
MLB,Beau Brieske,2022,724400,43054295.532646045,1791820055804727.5,NPB,MLB,regression_tree
MLB,Joey Wentz,2022,723500,16104664.371772805,236580217431493.12,NPB,MLB,regression_tree
MLB,Zach Logue,2022,720000,16104664.371772805,236687897832095.53,NPB,MLB,regression_tree
MLB,Alex Faedo,2022,720000,16104664.371772805,236687897832095.53,NPB,MLB,regression_tree
MLB,Tarik Skubal,2022,408487,43054295.532646045,1818664985403106.2,NPB,MLB,regression_tree
MLB,Cristian Javier,2022,12800000,73449189.1891892,3678324149306063.5,NPB,MLB,regression_tree
MLB,Framber Valdez,2022,6800000,180043478.26086956,30013302759924384,NPB,MLB,regression_tree
MLB,José Urquidy,2022,3025000,73449189.1891892,4959566422954712,NPB,MLB,regression_tree
MLB,Jordan Lyles,2022,8500000,155622093.02325583,21644910255543540,NPB,MLB,regression_tree
MLB,Zack Greinke,2022,8500000,155622093.02325583,21644910255543540,NPB,MLB,regression_tree
MLB,Brad Keller,2022,5775000,73449189.1891892,4579795882414172,NPB,MLB,regression_tree
MLB,Brady Singer,2022,2950000,73449189.1891892,4970135676333091,NPB,MLB,regression_tree
MLB,Kris Bubic,2022,2200000,73449189.1891892,5076446960116875,NPB,MLB,regression_tree
MLB,Ángel Zerpa,2022,721400,16104664.371772805,236644822731854.56,NPB,MLB,regression_tree
MLB,Cole Ragans,2022,381333,16104664.371772805,247223149426574.88,NPB,MLB,regression_tree
MLB,Tyler Anderson,2022,13000000,196927419.3548387,33829295590530692,NPB,MLB,regression_tree
MLB,Patrick Sandoval,2022,2750000,73449189.1891892,4998375352008766,NPB,MLB,regression_tree
MLB,José Suarez,2022,750000,43054295.532646045,1789653420513456.2,NPB,MLB,regression_tree
MLB,Tucker Davidson,2022,740000,16104664.371772805,236072911257224.62,NPB,MLB,regression_tree
MLB,Reid Detmers,2022,740000,73449189.1891892,5286626192549307,NPB,MLB,regression_tree
MLB,Jhonathan Díaz,2022,720000,16104664.371772805,236687897832095.53,NPB,MLB,regression_tree
MLB,Chase Silseth,2022,720000,16104664.371772805,236687897832095.53,NPB,MLB,regression_tree
MLB,Reid Detmers,2022,274063,73449189.1891892,5354599092803762,NPB,MLB,regression_tree
MLB,Clayton Kershaw,2022,20000000,423333333.3333333,162677777777777760,NPB,MLB,regression_tree
MLB,Julio Urías,2022,14250000,148977272.72727272,18151438016528924,NPB,MLB,regression_tree
MLB,Noah Syndergaard,2022,13000000,73449189.1891892,3654104473630388,NPB,MLB,regression_tree
MLB,Walker Buehler,2022,8025000,43054295.532646045,1227051545513456.2,NPB,MLB,regression_tree
MLB,Tony Gonsolin,2022,3325000,148977272.72727272,21214584550619832,NPB,MLB,regression_tree
MLB,Dustin May,2022,1675000,16104664.371772805,208215213882009.47,NPB,MLB,regression_tree
MLB,Michael Grove,2022,722500,16104664.371772805,236610980760236.66,NPB,MLB,regression_tree
MLB,Ryan Pepiot,2022,722500,16104664.371772805,236610980760236.66,NPB,MLB,regression_tree
MLB,Johnny Cueto,2022,8500000,155622093.02325583,21644910255543540,NPB,MLB,regression_tree
MLB,Pablo López,2022,5450000,180043478.26086956,30482882651228732,NPB,MLB,regression_tree
MLB,Jesús Luzardo,2022,2450000,43054295.532646045,1648708815702459.5,NPB,MLB,regression_tree
MLB,Devin Smeltzer,2022,1000000,43054295.532646045,1768563772747133,NPB,MLB,regression_tree
MLB,Trevor Rogers,2022,752000,43054295.532646045,1789484207331325.5,NPB,MLB,regression_tree
MLB,Braxton Garrett,2022,732000,43054295.532646045,1791176699152631.5,NPB,MLB,regression_tree
MLB,Edward Cabrera,2022,731000,43054295.532646045,1791261344743696.8,NPB,MLB,regression_tree
MLB,Max Meyer,2022,721500,16104664.371772805,236641746088980.22,NPB,MLB,regression_tree
MLB,Chi Chi González,2022,720000,16104664.371772805,236687897832095.53,NPB,MLB,regression_tree
MLB,Daniel Castano,2022,720000,16104664.371772805,236687897832095.53,NPB,MLB,regression_tree
MLB,Braxton Garrett,2022,466898,43054295.532646045,1813686428603626.5,NPB,MLB,regression_tree
MLB,Aaron Ashby,2022,4100000,43054295.532646045,1517437140444727.8,NPB,MLB,regression_tree
MLB,Brandon Woodruff,2022,10800000,73449189.1891892,3924920906062820.5,NPB,MLB,regression_tree
MLB,Corbin Burnes,2022,10010000,180043478.26086956,28911383729489604,NPB,MLB,regression_tree
MLB,Eric Lauer,2022,5075000,73449189.1891892,4675029747279037,NPB,MLB,regression_tree
MLB,Wade Miley,2022,4500000,74327542.37288135,4875885673836541,NPB,MLB,regression_tree
MLB,Adrian Houser,2022,3600000,43054295.532646045,1556641435977373.8,NPB,MLB,regression_tree
MLB,Bryse Wilson,2022,732600,43054295.532646045,1791125912757992.2,NPB,MLB,regression_tree
MLB,Jason Alexander,2022,732500,43054295.532646045,1791134377107098.8,NPB,MLB,regression_tree
MLB,Janson Junk,2022,720000,16104664.371772805,236687897832095.53,NPB,MLB,regression_tree
MLB,Ethan Small,2022,720000,16104664.371772805,236687897832095.53,NPB,MLB,regression_tree
MLB,Chris Paddack,2022,4175000,16104664.371772805,142316892023145.44,NPB,MLB,regression_tree
MLB,Tyler Mahle,2022,7500000,73449189.1891892,4349295554711469,NPB,MLB,regression_tree
MLB,Chris Paddack,2022,2400000,16104664.371772805,187817825542938.9,NPB,MLB,regression_tree
MLB,Joe Ryan,2022,730250,73449189.1891892,5288044116800996,NPB,MLB,regression_tree
MLB,Josh Winder,2022,725650,43054295.532646045,1791714232628396,NPB,MLB,regression_tree
MLB,Dallas Keuchel,2022,720000,74327542.37288135,5418070294175524,NPB,MLB,regression_tree
MLB,Bailey Ober,2022,720000,16104664.371772805,236687897832095.53,NPB,MLB,regression_tree
MLB,Bailey Ober,2022,432752,16104664.371772805,245608837388525.5,NPB,MLB,regression_tree
MLB,Joe Ryan,2022,341931,73449189.1891892,5344671199940771,NPB,MLB,regression_tree
MLB,Justin Verlander,2022,43333333,423333333.3333333,144400000253333300,NPB,MLB,regression_tree
MLB,Jose Quintana,2022,13000000,196927419.3548387,33829295590530692,NPB,MLB,regression_tree
MLB,Elieser Hernández,2022,1600000,43054295.532646045,1718458618107957.8,NPB,MLB,regression_tree
MLB,Tylor Megill,2022,750000,16104664.371772805,235765717969789.16,NPB,MLB,regression_tree
MLB,David Peterson,2022,750000,43054295.532646045,1789653420513456.2,NPB,MLB,regression_tree
MLB,José Buttó,2022,720000,16104664.371772805,236687897832095.53,NPB,MLB,regression_tree
MLB,Carlos Rodón,2022,27000000,73449189.1891892,2157527176333090.5,NPB,MLB,regression_tree
MLB,Frankie Montas,2022,7500000,73449189.1891892,4349295554711469,NPB,MLB,regression_tree
MLB,Nestor Cortes,2022,3200000,73449189.1891892,4934948581738496,NPB,MLB,regression_tree
MLB,Domingo Germán,2022,2600000,43054295.532646045,1636550027042665.8,NPB,MLB,regression_tree
MLB,Luis Gil,2022,723400,16104664.371772805,236583293674367.47,NPB,MLB,regression_tree
MLB,Taijuan Walker,2022,18000000,73449189.1891892,3074612581738496,NPB,MLB,regression_tree
MLB,Ranger Suárez,2022,2950000,73449189.1891892,4970135676333091,NPB,MLB,regression_tree
MLB,Bailey Falter,2022,733000,43054295.532646045,1791092055561566,NPB,MLB,regression_tree
MLB,Rich Hill,2022,8000000,155622093.02325583,21792282348566796,NPB,MLB,regression_tree
MLB,Mitch Keller,2022,2437500,73449189.1891892,5042660001502010,NPB,MLB,regression_tree
MLB,JT Brubaker,2022,2275000,73449189.1891892,5065765206738496,NPB,MLB,regression_tree
MLB,Roansy Contreras,2022,725000,43054295.532646045,1791769260290088.5,NPB,MLB,regression_tree
MLB,Yu Darvish,2022,18000000,423333333.3333333,164295111111111100,NPB,MLB,regression_tree
MLB,Joe Musgrove,2022,20000000,180043478.26086956,25613914933837428,NPB,MLB,regression_tree
MLB,Michael Wacha,2022,6500000,155622093.02325583,22237398627636564,NPB,MLB,regression_tree
MLB,Ryan Weathers,2022,727600,16104664.371772805,236454108693644.56,NPB,MLB,regression_tree
MLB,Luis Castillo,2022,21600000,73449189.1891892,2688338419576334,NPB,MLB,regression_tree
MLB,Logan Gilbert,2022,767300,180043478.26086956,32139948091823080,NPB,MLB,regression_tree
MLB,George Kirby,2022,758300,73449189.1891892,5283965371114983,NPB,MLB,regression_tree
MLB,George Kirby,2022,613007,73449189.1891892,5305109435896761,NPB,MLB,regression_tree
MLB,Logan Gilbert,2022,468999,180043478.26086956,32246993601812472,NPB,MLB,regression_tree
MLB,Ross Stripling,2022,12500000,336071428.5714286,104698469387755120,NPB,MLB,regression_tree
MLB,Sean Manaea,2022,12500000,423333333.3333333,168784027777777760,NPB,MLB,regression_tree
MLB,Logan Webb,2022,4600000,180043478.26086956,30780414064272212,NPB,MLB,regression_tree
MLB,Miles Mikolas,2022,18583333,155622093.02325583,18779621748711500,NPB,MLB,regression_tree
MLB,Adam Wainwright,2022,17500000,155622093.02325583,19077712581124936,NPB,MLB,regression_tree
MLB,Jordan Montgomery,2022,10000000,73449189.1891892,4025799608765523,NPB,MLB,regression_tree
MLB,Jack Flaherty,2022,5400000,16104664.371772805,114589839312302.06,NPB,MLB,regression_tree
MLB,Dakota Hudson,2022,2650000,73449189.1891892,5012525189846604,NPB,MLB,regression_tree
MLB,Matthew Liberatore,2022,720000,16104664.371772805,236687897832095.53,NPB,MLB,regression_tree
MLB,Zach Eflin,2022,13333333,43054295.532646045,883335613866950,NPB,MLB,regression_tree
MLB,Jeffrey Springs,2022,7750000,73449189.1891892,4316383460116874.5,NPB,MLB,regression_tree
MLB,Tyler Glasnow,2022,15175000,16104664.371772805,864275844143.7246,NPB,MLB,regression_tree
MLB,Yonny Chirinos,2022,1275000,16104664.371772805,219918945379427.72,NPB,MLB,regression_tree
MLB,Drew Rasmussen,2022,739700,73449189.1891892,5286669818152821,NPB,MLB,regression_tree
MLB,Shane McClanahan,2022,737000,73449189.1891892,5287062456684442,NPB,MLB,regression_tree
MLB,Shane Baz,2022,723600,16104664.371772805,236577141208618.75,NPB,MLB,regression_tree
MLB,Elvin Rodríguez,2022,720000,16104664.371772805,236687897832095.53,NPB,MLB,regression_tree
MLB,Luis Patiño,2022,720000,16104664.371772805,236687897832095.53,NPB,MLB,regression_tree
MLB,Cooper Criswell,2022,720000,16104664.371772805,236687897832095.53,NPB,MLB,regression_tree
MLB,Shane McClanahan,2022,349912,73449189.1891892,5343504325581916,NPB,MLB,regression_tree
MLB,Jacob deGrom,2022,37000000,74327542.37288135,1393345419599252.8,NPB,MLB,regression_tree
MLB,Nathan Eovaldi,2022,17000000,159259259.25925925,20237696844993140,NPB,MLB,regression_tree
MLB,Andrew Heaney,2022,12500000,74327542.37288135,3822644995870439,NPB,MLB,regression_tree
MLB,Martín Pérez,2022,19650000,196927419.3548387,31427283413111340,NPB,MLB,regression_tree
MLB,Dane Dunning,2022,742840,73449189.1891892,5286213212420312,NPB,MLB,regression_tree
MLB,Glenn Otto,2022,736340,73449189.1891892,5287158437209772,NPB,MLB,regression_tree
MLB,Spencer Howard,2022,733455,16104664.371772805,236274077550876.12,NPB,MLB,regression_tree
MLB,Cole Ragans,2022,724145,16104664.371772805,236560376145478.53,NPB,MLB,regression_tree
MLB,Tyson Miller,2022,720000,16104664.371772805,236687897832095.53,NPB,MLB,regression_tree
MLB,Chris Bassitt,2022,21000000,155622093.02325583,18123107929962144,NPB,MLB,regression_tree
MLB,Alek Manoah,2022,745660,180043478.26086956,32147707633107812,NPB,MLB,regression_tree
MLB,Mitch White,2022,743000,43054295.532646045,1790245729650913.2,NPB,MLB,regression_tree
MLB,Thomas Hatch,2022,720000,16104664.371772805,236687897832095.53,NPB,MLB,regression_tree
MLB,Chad Kuhl,2022,2000000,73449189.1891892,5104986635792550,NPB,MLB,regression_tree
MLB,Josiah Gray,2022,730000,73449189.1891892,5288080476333091,NPB,MLB,regression_tree
MLB,MacKenzie Gore,2022,723300,43054295.532646045,1791913182784899.5,NPB,MLB,regression_tree
MLB,Cade Cavalli,2022,720200,16104664.371772805,236681744006346.8,NPB,MLB,regression_tree
MLB,Joan Adon,2022,720000,43054295.532646045,1792192578245415,NPB,MLB,regression_tree
MLB,Cory Abbott,2022,720000,16104664.371772805,236687897832095.53,NPB,MLB,regression_tree
MLB,Josiah Gray,2022,311171,73449189.1891892,5349169704642170,NPB,MLB,regression_tree
MLB,Eduardo Rodríguez,2023,20000000,155622093.02325583,18393352116008656,NPB,MLB,regression_tree
MLB,Jordan Montgomery,2023,25000000,336071428.5714286,96765433673469408,NPB,MLB,regression_tree
MLB,Zac Gallen,2023,10011000,180043478.26086956,28911043663533080,NPB,MLB,regression_tree
MLB,Ryne Nelson,2023,764300,73449189.1891892,5283093116444712,NPB,MLB,regression_tree
MLB,Tommy Henry,2023,760500,43054295.532646045,1788765140557270.5,NPB,MLB,regression_tree
MLB,Brandon Pfaadt,2023,754400,43054295.532646045,1789281162072768.8,NPB,MLB,regression_tree
MLB,Logan Allen,2023,740000,73449189.1891892,5286626192549307,NPB,MLB,regression_tree
MLB,Slade Cecconi,2023,740000,16104664.371772805,236072911257224.62,NPB,MLB,regression_tree
MLB,Ryne Nelson,2023,274561,73449189.1891892,5354526210626082,NPB,MLB,regression_tree
MLB,Brandon Pfaadt,2023,271783,43054295.532646045,1830343378606016,NPB,MLB,regression_tree
MLB,Paul Blackburn,2023,3450000,43054295.532646045,1568500224637167.5,NPB,MLB,regression_tree
MLB,Osvaldo Bido,2023,750000,16104664.371772805,235765717969789.16,NPB,MLB,regression_tree
MLB,Ken Waldichuk,2023,745000,73449189.1891892,5285899125657415,NPB,MLB,regression_tree
MLB,JP Sears,2023,745000,73449189.1891892,5285899125657415,NPB,MLB,regression_tree
MLB,Joey Estes,2023,740000,16104664.371772805,236072911257224.62,NPB,MLB,regression_tree
MLB,Joe Boyle,2023,740000,16104664.371772805,236072911257224.62,NPB,MLB,regression_tree
MLB,Kyle Muller,2023,740000,43054295.532646045,1790499606424109,NPB,MLB,regression_tree
MLB,Luis Medina,2023,740000,43054295.532646045,1790499606424109,NPB,MLB,regression_tree
MLB,Mason Miller,2023,740000,16104664.371772805,236072911257224.62,NPB,MLB,regression_tree
MLB,Chris Sale,2023,19000000,74327542.37288135,3061136945022981.5,NPB,MLB,regression_tree
MLB,Max Fried,2023,15000000,43054295.532646045,787043497833043.9,NPB,MLB,regression_tree
MLB,Dylan Dodd,2023,740000,16104664.371772805,236072911257224.62,NPB,MLB,regression_tree
MLB,AJ Smith-Shawver,2023,740000,16104664.371772805,236072911257224.62,NPB,MLB,regression_tree
MLB,Allan Winans,2023,740000,16104664.371772805,236072911257224.62,NPB,MLB,regression_tree
MLB,Bryce Elder,2023,740000,73449189.1891892,5286626192549307,NPB,MLB,regression_tree
MLB,John Means,2023,3325000,16104664.371772805,163319821455159.22,NPB,MLB,regression_tree
MLB,Cole Irvin,2023,2000000,43054295.532646045,1685455181681841,NPB,MLB,regression_tree
MLB,Tyler Wells,2023,1962500,43054295.532646045,1688535660096789.5,NPB,MLB,regression_tree
MLB,Dean Kremer,2023,756600,73449189.1891892,5284212523028226,NPB,MLB,regression_tree
MLB,Kyle Bradish,2023,754500,73449189.1891892,5284517836312821,NPB,MLB,regression_tree
MLB,Grayson Rodriguez,2023,748300,73449189.1891892,5285419288898766,NPB,MLB,regression_tree
MLB,Grayson Rodriguez,2023,243098,73449189.1891892,5359131787199884,NPB,MLB,regression_tree
MLB,Brayan Bello,2023,9166667,73449189.1891892,4132242659003601.5,NPB,MLB,regression_tree
MLB,Lucas Giolito,2023,19250000,180043478.26086956,25854542651228732,NPB,MLB,regression_tree
MLB,Chase Anderson,2023,1250000,74327542.37288135,5340327199260270,NPB,MLB,regression_tree
MLB,Rich Hill,2023,1000000,155622093.02325583,23907991650892376,NPB,MLB,regression_tree
MLB,Tanner Houck,2023,770000,43054295.532646045,1787961648692150.2,NPB,MLB,regression_tree
MLB,Kutter Crawford,2023,760000,73449189.1891892,5283718224981739,NPB,MLB,regression_tree
MLB,Brad Keller,2023,740000,16104664.371772805,236072911257224.62,NPB,MLB,regression_tree
MLB,Tanner Houck,2023,534267,43054295.532646045,1807952826417033.8,NPB,MLB,regression_tree
MLB,Kutter Crawford,2023,237986,73449189.1891892,5359880272408746,NPB,MLB,regression_tree
MLB,Justin Steele,2023,4000000,73449189.1891892,4823189879035793,NPB,MLB,regression_tree
MLB,Jordan Wicks,2023,741500,16104664.371772805,236026819514109.28,NPB,MLB,regression_tree
MLB,Dylan Cease,2023,8000000,73449189.1891892,4283596365522280,NPB,MLB,regression_tree
MLB,Michael Soroka,2023,3000000,16104664.371772805,171732228296811.53,NPB,MLB,regression_tree
MLB,Michael Kopech,2023,3000000,73449189.1891892,4963088257414172,NPB,MLB,regression_tree
MLB,Mike Clevinger,2023,3000000,155622093.02325583,23293503278799356,NPB,MLB,regression_tree
MLB,Chris Flexen,2023,1750000,43054295.532646045,1706044829448164,NPB,MLB,regression_tree
MLB,Touki Toussaint,2023,1300000,43054295.532646045,1743421195427545.5,NPB,MLB,regression_tree
MLB,Brad Keller,2023,1000000,16104664.371772805,228150885783902.75,NPB,MLB,regression_tree
MLB,Jared Shuster,2023,740000,16104664.371772805,236072911257224.62,NPB,MLB,regression_tree
MLB,Jake Woodford,2023,740000,16104664.371772805,236072911257224.62,NPB,MLB,regression_tree
MLB,Nick Lodolo,2023,760000,16104664.371772805,235458724682353.7,NPB,MLB,regression_tree
MLB,Graham Ashcraft,2023,750000,73449189.1891892,5285172108765523,NPB,MLB,regression_tree
MLB,Brandon Williamson,2023,742500,43054295.532646045,1790288041196445.8,NPB,MLB,regression_tree
MLB,Andrew Abbott,2023,742500,43054295.532646045,1790288041196445.8,NPB,MLB,regression_tree
MLB,Lyon Richardson,2023,740000,16104664.371772805,236072911257224.62,NPB,MLB,regression_tree
MLB,Connor Phillips,2023,740000,16104664.371772805,236072911257224.62,NPB,MLB,regression_tree
MLB,Carson Spiers,2023,740000,16104664.371772805,236072911257224.62,NPB,MLB,regression_tree
MLB,Hunter Greene,2023,529910,43054295.532646045,1808323364929116.2,NPB,MLB,regression_tree
MLB,Shane Bieber,2023,13125000,73449189.1891892,3639007801333090.5,NPB,MLB,regression_tree
MLB,Carlos Carrasco,2023,2000000,74327542.37288135,5231273385700948,NPB,MLB,regression_tree
MLB,Triston McKenzie,2023,1600000,16104664.371772805,210385288537775.38,NPB,MLB,regression_tree
MLB,Ben Lively,2023,750000,74327542.37288135,5413654741633151,NPB,MLB,regression_tree
MLB,Tanner Bibee,2023,745700,73449189.1891892,5285797340282550,NPB,MLB,regression_tree
MLB,Logan Allen,2023,744300,73449189.1891892,5286000912012280,NPB,MLB,regression_tree
MLB,Gavin Williams,2023,742100,43054295.532646045,1790321890792872,NPB,MLB,regression_tree
MLB,Hunter Gaddis,2023,740700,16104664.371772805,236051401217104.12,NPB,MLB,regression_tree
MLB,Matthew Boyd,2023,740000,74327542.37288135,5415126392480609,NPB,MLB,regression_tree
MLB,Tanner Bibee,2023,411884,73449189.1891892,5334447949298763,NPB,MLB,regression_tree
MLB,Hunter Gaddis,2023,291335,16104664.371772805,250061385820172.5,NPB,MLB,regression_tree
MLB,Luis Ortiz,2023,246313,43054295.532646045,1832523368515329,NPB,MLB,regression_tree
MLB,Germán Márquez,2023,10000000,16104664.371772805,37266927091992.26,NPB,MLB,regression_tree
MLB,Cal Quantrill,2023,6550000,43054295.532646045,1332563592334762,NPB,MLB,regression_tree
MLB,Austin Gomber,2023,3150000,73449189.1891892,4941976000657415,NPB,MLB,regression_tree
MLB,Dakota Hudson,2023,1500000,43054295.532646045,1726759477214487,NPB,MLB,regression_tree
MLB,Ty Blach,2023,1000000,74327542.37288135,5376928470446710,NPB,MLB,regression_tree
MLB,Ryan Feltner,2023,745000,16104664.371772805,235919289613506.88,NPB,MLB,regression_tree
MLB,Noah Davis,2023,740000,16104664.371772805,236072911257224.62,NPB,MLB,regression_tree
MLB,Ryan Feltner,2023,241935,16104664.371772805,251626183122103.66,NPB,MLB,regression_tree
MLB,Kenta Maeda,2023,12000000,159259259.25925925,21685289437585732,NPB,MLB,regression_tree
MLB,Jack Flaherty,2023,14000000,73449189.1891892,3534206095252009.5,NPB,MLB,regression_tree
MLB,Tarik Skubal,2023,2650000,43054295.532646045,1632507097489401.2,NPB,MLB,regression_tree
MLB,Reese Olson,2023,752300,43054295.532646045,1789458826044006,NPB,MLB,regression_tree
MLB,Joey Wentz,2023,746700,43054295.532646045,1789932639753971.5,NPB,MLB,regression_tree
MLB,Alex Faedo,2023,746600,16104664.371772805,235870141247517.22,NPB,MLB,regression_tree
MLB,Sawyer Gipson-Long,2023,743600,16104664.371772805,235962298633747.84,NPB,MLB,regression_tree
MLB,Matt Manning,2023,740000,43054295.532646045,1790499606424109,NPB,MLB,regression_tree
MLB,Reese Olson,2023,261138,43054295.532646045,1831254331613861,NPB,MLB,regression_tree
MLB,Framber Valdez,2023,12100000,180043478.26086956,28205011890359168,NPB,MLB,regression_tree
MLB,José Urquidy,2023,3750000,43054295.532646045,1544827647317579.8,NPB,MLB,regression_tree
MLB,Hunter Brown,2023,774500,73449189.1891892,5281610448745253,NPB,MLB,regression_tree
MLB,J.P. France,2023,767600,73449189.1891892,5282613407066064,NPB,MLB,regression_tree
MLB,Brandon Bielak,2023,765000,43054295.532646045,1788384516647476.8,NPB,MLB,regression_tree
MLB,Hunter Brown,2023,416842,73449189.1891892,5333723735962271,NPB,MLB,regression_tree
MLB,Seth Lugo,2023,15000000,423333333.3333333,166736111111111100,NPB,MLB,regression_tree
MLB,Michael Wacha,2023,16000000,155622093.02325583,19494328860194704,NPB,MLB,regression_tree
MLB,Brady Singer,2023,4850000,73449189.1891892,4705848757414172,NPB,MLB,regression_tree
MLB,Kris Bubic,2023,2350000,16104664.371772805,189190791980116.2,NPB,MLB,regression_tree
MLB,Kyle Wright,2023,1800000,16104664.371772805,204623422789066.25,NPB,MLB,regression_tree
MLB,Jonathan Bowlan,2023,740000,16104664.371772805,236072911257224.62,NPB,MLB,regression_tree
MLB,Patrick Sandoval,2023,5025000,73449189.1891892,4681869666197956,NPB,MLB,regression_tree
MLB,Griffin Canning,2023,2600000,73449189.1891892,5019607608765523,NPB,MLB,regression_tree
MLB,Zach Plesac,2023,1000000,16104664.371772805,228150885783902.75,NPB,MLB,regression_tree
MLB,Johnny Cueto,2023,1000000,74327542.37288135,5376928470446710,NPB,MLB,regression_tree
MLB,José Suarez,2023,925000,16104664.371772805,230422210439668.7,NPB,MLB,regression_tree
MLB,Reid Detmers,2023,770000,73449189.1891892,5282264541197956,NPB,MLB,regression_tree
MLB,Chase Silseth,2023,750000,16104664.371772805,235765717969789.16,NPB,MLB,regression_tree
MLB,Tyler Glasnow,2023,27312500,73449189.1891892,2128594089339847.2,NPB,MLB,regression_tree
MLB,Clayton Kershaw,2023,5000000,423333333.3333333,175002777777777760,NPB,MLB,regression_tree
MLB,James Paxton,2023,7000000,74327542.37288135,4532997961972134,NPB,MLB,regression_tree
MLB,Dustin May,2023,2135000,16104664.371772805,195151522659978.5,NPB,MLB,regression_tree
MLB,Michael Grove,2023,760000,43054295.532646045,1788807434602803.2,NPB,MLB,regression_tree
MLB,Bobby Miller,2023,750000,73449189.1891892,5285172108765523,NPB,MLB,regression_tree
MLB,Emmet Sheehan,2023,750000,16104664.371772805,235765717969789.16,NPB,MLB,regression_tree
MLB,Gavin Stone,2023,742500,16104664.371772805,235996094185365.75,NPB,MLB,regression_tree
MLB,Gavin Stone,2023,350022,16104664.371772805,248208756262459.03,NPB,MLB,regression_tree
MLB,Jesús Luzardo,2023,5500000,73449189.1891892,4617092311468226,NPB,MLB,regression_tree
MLB,Trevor Rogers,2023,1530000,16104664.371772805,212420841549823.6,NPB,MLB,regression_tree
MLB,Braxton Garrett,2023,764000,73449189.1891892,5283136727468226,NPB,MLB,regression_tree
MLB,Edward Cabrera,2023,761000,43054295.532646045,1788722847011738,NPB,MLB,regression_tree
MLB,Ryan Weathers,2023,752600,16104664.371772805,235685880475055.94,NPB,MLB,regression_tree
MLB,Eury Pérez,2023,748000,43054295.532646045,1789822641695586.8,NPB,MLB,regression_tree
MLB,Brandon Woodruff,2023,8750000,16104664.371772805,54091088021424.27,NPB,MLB,regression_tree
MLB,Corbin Burnes,2023,15637000,180043478.26086956,27029490094141776,NPB,MLB,regression_tree
MLB,Wade Miley,2023,8500000,336071428.5714286,107303040816326540,NPB,MLB,regression_tree
MLB,Colin Rea,2023,4500000,155622093.02325583,22837886999729588,NPB,MLB,regression_tree
MLB,Janson Junk,2023,740000,16104664.371772805,236072911257224.62,NPB,MLB,regression_tree
MLB,Pablo López,2023,18375000,180043478.26086956,26136696863185256,NPB,MLB,regression_tree
MLB,Bailey Ober,2023,761850,73449189.1891892,5283449278404239,NPB,MLB,regression_tree
MLB,Joe Ryan,2023,758850,73449189.1891892,5283885411439375,NPB,MLB,regression_tree
MLB,Bailey Ober,2023,381085,73449189.1891892,5338947849802208,NPB,MLB,regression_tree
MLB,Joe Ryan,2023,331054,73449189.1891892,5346261693544547,NPB,MLB,regression_tree
MLB,Luis Severino,2023,13000000,43054295.532646045,903260679963628,NPB,MLB,regression_tree
MLB,Adrian Houser,2023,5050000,43054295.532646045,1444326478932700.2,NPB,MLB,regression_tree
MLB,Julio Teheran,2023,2500000,74327542.37288135,5159195843328066,NPB,MLB,regression_tree
MLB,David Peterson,2023,2150000,43054295.532646045,1673161393022047.2,NPB,MLB,regression_tree
MLB,Joey Lucchesi,2023,1650000,16104664.371772805,208937322100598.1,NPB,MLB,regression_tree
MLB,Tylor Megill,2023,766250,73449189.1891892,5282809649179375,NPB,MLB,regression_tree
MLB,José Buttó,2023,740000,16104664.371772805,236072911257224.62,NPB,MLB,regression_tree
MLB,Marcus Stroman,2023,18500000,155622093.02325583,18802468395078424,NPB,MLB,regression_tree
MLB,Nestor Cortes,2023,3950000,16104664.371772805,147735865990443.2,NPB,MLB,regression_tree
MLB,Clarke Schmidt,2023,2025000,73449189.1891892,5101414801333091,NPB,MLB,regression_tree
MLB,Luke Weaver,2023,2000000,73449189.1891892,5104986635792550,NPB,MLB,regression_tree
MLB,Aaron Nola,2023,24571429,423333333.3333333,159011056347546460,NPB,MLB,regression_tree
MLB,Ranger Suárez,2023,5050000,73449189.1891892,4678449081738496,NPB,MLB,regression_tree
MLB,Spencer Turnbull,2023,2000000,16104664.371772805,198941557040357.16,NPB,MLB,regression_tree
MLB,Kolby Allard,2023,1000000,16104664.371772805,228150885783902.75,NPB,MLB,regression_tree
MLB,Cristopher Sánchez,2023,753500,43054295.532646045,1789357302694727.5,NPB,MLB,regression_tree
MLB,Luis Ortiz,2023,744000,43054295.532646045,1790161108059848,NPB,MLB,regression_tree
MLB,Cristopher Sánchez,2023,576282,43054295.532646045,1804381633679660.5,NPB,MLB,regression_tree
MLB,Mitch Keller,2023,15400000,180043478.26086956,27107474933837428,NPB,MLB,regression_tree
MLB,Martín Pérez,2023,8000000,155622093.02325583,21792282348566796,NPB,MLB,regression_tree
MLB,Mitch Keller,2023,5442500,180043478.26086956,30485501609652644,NPB,MLB,regression_tree
MLB,Johan Oviedo,2023,765000,73449189.1891892,5282991358089848,NPB,MLB,regression_tree
MLB,Roansy Contreras,2023,755000,43054295.532646045,1789230402558129.8,NPB,MLB,regression_tree
MLB,Bailey Falter,2023,755000,43054295.532646045,1789230402558129.8,NPB,MLB,regression_tree
MLB,Luis Ortiz,2023,747500,43054295.532646045,1789864948241119.2,NPB,MLB,regression_tree
MLB,Jake Woodford,2023,740000,16104664.371772805,236072911257224.62,NPB,MLB,regression_tree
MLB,Domingo Germán,2023,740000,43054295.532646045,1790499606424109,NPB,MLB,regression_tree
MLB,Quinn Priester,2023,740000,16104664.371772805,236072911257224.62,NPB,MLB,regression_tree
MLB,Mason Miller,2023,825276,16104664.371772805,233459709015466.03,NPB,MLB,regression_tree
MLB,Matt Waldron,2023,741800,16104664.371772805,236017601705486.22,NPB,MLB,regression_tree
MLB,Jhony Brito,2023,740000,43054295.532646045,1790499606424109,NPB,MLB,regression_tree
MLB,Logan Gilbert,2023,4050000,180043478.26086956,30973704390359168,NPB,MLB,regression_tree
MLB,George Kirby,2023,798600,180043478.26086956,32128726382753948,NPB,MLB,regression_tree
MLB,Bryce Miller,2023,752600,73449189.1891892,5284794079741739,NPB,MLB,regression_tree
MLB,Bryan Woo,2023,749000,43054295.532646045,1789738030104521.5,NPB,MLB,regression_tree
MLB,Emerson Hancock,2023,741300,16104664.371772805,236032964819858,NPB,MLB,regression_tree
MLB,Dallas Keuchel,2023,740000,74327542.37288135,5415126392480609,NPB,MLB,regression_tree
MLB,Bryce Miller,2023,497306,73449189.1891892,5321977260849105,NPB,MLB,regression_tree
MLB,George Kirby,2023,446287,180043478.26086956,32255151108793364,NPB,MLB,regression_tree
MLB,Bryan Woo,2023,362483,43054295.532646045,1822590857322594,NPB,MLB,regression_tree
MLB,Logan Webb,2023,18000000,180043478.26086956,26258088846880908,NPB,MLB,regression_tree
MLB,Blake Snell,2023,31000000,423333333.3333333,1.5392544444444442e+17,NPB,MLB,regression_tree
MLB,Kyle Harrison,2023,743750,16104664.371772805,235957690336936.3,NPB,MLB,regression_tree
MLB,Keaton Winn,2023,743750,16104664.371772805,235957690336936.3,NPB,MLB,regression_tree
MLB,Sonny Gray,2023,25000000,423333333.3333333,1.5866944444444442e+17,NPB,MLB,regression_tree
MLB,Kyle Gibson,2023,13000000,155622093.02325583,20341061418334236,NPB,MLB,regression_tree
MLB,Lance Lynn,2023,11000000,423333333.3333333,170018777777777760,NPB,MLB,regression_tree
MLB,Matthew Liberatore,2023,747200,43054295.532646045,1789890332408439,NPB,MLB,regression_tree
MLB,Shane McClanahan,2023,3600000,43054295.532646045,1556641435977373.8,NPB,MLB,regression_tree
MLB,Aaron Civale,2023,4900000,73449189.1891892,4698991338495253,NPB,MLB,regression_tree
MLB,Drew Rasmussen,2023,1862500,16104664.371772805,202839245992594.66,NPB,MLB,regression_tree
MLB,Zack Littell,2023,1850000,43054295.532646045,1697793970341634.8,NPB,MLB,regression_tree
MLB,Taj Bradley,2023,743300,43054295.532646045,1790220342963593.5,NPB,MLB,regression_tree
MLB,Tyler Mahle,2023,11000000,16104664.371772805,26057598348446.65,NPB,MLB,regression_tree
MLB,Michael Lorenzen,2023,4500000,155622093.02325583,22837886999729588,NPB,MLB,regression_tree
MLB,Dane Dunning,2023,3325000,73449189.1891892,4917401909441199,NPB,MLB,regression_tree
MLB,José Ureña,2023,1500000,74327542.37288135,5303850928073829,NPB,MLB,regression_tree
MLB,Chase Anderson,2023,1000000,74327542.37288135,5376928470446710,NPB,MLB,regression_tree
MLB,Alek Manoah,2023,782500,43054295.532646045,1786904697553834.2,NPB,MLB,regression_tree
MLB,Wes Parsons,2023,749600,16104664.371772805,235778001861286.56,NPB,MLB,regression_tree
MLB,Josiah Gray,2023,757400,73449189.1891892,5284096215525523,NPB,MLB,regression_tree
MLB,MacKenzie Gore,2023,749600,73449189.1891892,5285230268276875,NPB,MLB,regression_tree
MLB,Jake Irvin,2023,745600,73449189.1891892,5285811880990388,NPB,MLB,regression_tree
MLB,Jackson Rutledge,2023,740000,16104664.371772805,236072911257224.62,NPB,MLB,regression_tree
MLB,Joan Adon,2023,740000,16104664.371772805,236072911257224.62,NPB,MLB,regression_tree
MLB,MacKenzie Gore,2023,300017,73449189.1891892,5350801391963650,NPB,MLB,regression_tree
MLB,Jake Irvin,2023,239663,73449189.1891892,5359634724845579,NPB,MLB,regression_tree
MLB,Corbin Burnes,2024,35000000,180043478.26086956,21037610586011340,NPB,MLB,regression_tree
MLB,Brandon Pfaadt,2024,799400,180043478.26086956,32128439591588732,NPB,MLB,regression_tree
MLB,Luis Severino,2024,22333333,155622093.02325583,17765893548537080,NPB,MLB,regression_tree
MLB,JP Sears,2024,770000,180043478.26086956,32138980007750472,NPB,MLB,regression_tree
MLB,Osvaldo Bido,2024,765000,16104664.371772805,235305303038635.97,NPB,MLB,regression_tree
MLB,Luis Medina,2024,765000,16104664.371772805,235305303038635.97,NPB,MLB,regression_tree
MLB,Mitch Spence,2024,765000,73449189.1891892,5282991358089848,NPB,MLB,regression_tree
MLB,J.T. Ginn,2024,760000,16104664.371772805,235458724682353.7,NPB,MLB,regression_tree
MLB,Joey Estes,2024,760000,73449189.1891892,5283718224981739,NPB,MLB,regression_tree
MLB,Brady Basso,2024,760000,16104664.371772805,235458724682353.7,NPB,MLB,regression_tree
MLB,Reynaldo López,2024,10000000,423333333.3333333,1.7084444444444442e+17,NPB,MLB,regression_tree
MLB,Bryce Elder,2024,800000,16104664.371772805,234232751532611.88,NPB,MLB,regression_tree
MLB,AJ Smith-Shawver,2024,770000,16104664.371772805,235151931394918.25,NPB,MLB,regression_tree
MLB,Spencer Schwellenbach,2024,770000,73449189.1891892,5282264541197956,NPB,MLB,regression_tree
MLB,Charlie Morton,2024,760000,423333333.3333333,1.7856822204444442e+17,NPB,MLB,regression_tree
MLB,Hurston Waldrep,2024,760000,16104664.371772805,235458724682353.7,NPB,MLB,regression_tree
MLB,Davis Daniel,2024,760000,16104664.371772805,235458724682353.7,NPB,MLB,regression_tree
MLB,Spencer Schwellenbach,2024,335439,73449189.1891892,5345620466727163,NPB,MLB,regression_tree
MLB,Hurston Waldrep,2024,221100,16104664.371772805,252287617152250.44,NPB,MLB,regression_tree
MLB,Charlie Morton,2024,15000000,423333333.3333333,166736111111111100,NPB,MLB,regression_tree
MLB,Kyle Gibson,2024,5250000,155622093.02325583,22611766360194704,NPB,MLB,regression_tree
MLB,Dean Kremer,2024,2950000,73449189.1891892,4970135676333091,NPB,MLB,regression_tree
MLB,Trevor Rogers,2024,2600000,73449189.1891892,5019607608765523,NPB,MLB,regression_tree
MLB,Kyle Bradish,2024,2350000,16104664.371772805,189190791980116.2,NPB,MLB,regression_tree
MLB,Tyler Wells,2024,2075000,16104664.371772805,196831482384591.22,NPB,MLB,regression_tree
MLB,Albert Suárez,2024,825000,155622093.02325583,23962140008450516,NPB,MLB,regression_tree
MLB,Grayson Rodriguez,2024,770800,43054295.532646045,1787893994459298,NPB,MLB,regression_tree
MLB,Cade Povich,2024,766100,43054295.532646045,1788291481407305,NPB,MLB,regression_tree
MLB,Chayce McDermott,2024,762200,16104664.371772805,235391212999117.9,NPB,MLB,regression_tree
MLB,Cody Poteet,2024,760000,16104664.371772805,235458724682353.7,NPB,MLB,regression_tree
MLB,Walker Buehler,2024,21050000,43054295.532646045,484189021888026.7,NPB,MLB,regression_tree
MLB,Patrick Sandoval,2024,9125000,43054295.532646045,1151197095341634.8,NPB,MLB,regression_tree
MLB,Tanner Houck,2024,3950000,73449189.1891892,4830137297954712,NPB,MLB,regression_tree
MLB,Garrett Crochet,2024,3800000,73449189.1891892,4851009554711469,NPB,MLB,regression_tree
MLB,Kutter Crawford,2024,2750000,180043478.26086956,31432977433837428,NPB,MLB,regression_tree
MLB,Cooper Criswell,2024,1000000,43054295.532646045,1768563772747133,NPB,MLB,regression_tree
MLB,Richard Fitts,2024,766000,16104664.371772805,235274624709892.44,NPB,MLB,regression_tree
MLB,Quinn Priester,2024,760000,16104664.371772805,235458724682353.7,NPB,MLB,regression_tree
MLB,Brayan Bello,2024,336196,73449189.1891892,5345509773082426,NPB,MLB,regression_tree
MLB,Matthew Boyd,2024,14500000,74327542.37288135,3579334826378913.5,NPB,MLB,regression_tree
MLB,Justin Steele,2024,6550000,73449189.1891892,4475501514170928.5,NPB,MLB,regression_tree
MLB,Colin Rea,2024,5000000,155622093.02325583,22687014906706332,NPB,MLB,regression_tree
MLB,Chris Flexen,2024,1250000,73449189.1891892,5212722919576334,NPB,MLB,regression_tree
MLB,Javier Assad,2024,793250,73449189.1891892,5278885499463158,NPB,MLB,regression_tree
MLB,Ben Brown,2024,762500,16104664.371772805,235382007610494.84,NPB,MLB,regression_tree
MLB,Jordan Wicks,2024,760000,16104664.371772805,235458724682353.7,NPB,MLB,regression_tree
MLB,Martín Pérez,2024,5000000,155622093.02325583,22687014906706332,NPB,MLB,regression_tree
MLB,Mike Clevinger,2024,1500000,74327542.37288135,5303850928073829,NPB,MLB,regression_tree
MLB,Jonathan Cannon,2024,769100,73449189.1891892,5282395364548496,NPB,MLB,regression_tree
MLB,Davis Martin,2024,765450,16104664.371772805,235291497543201.38,NPB,MLB,regression_tree
MLB,Drew Thorpe,2024,764750,16104664.371772805,235312972933321.84,NPB,MLB,regression_tree
MLB,Ky Bush,2024,760800,16104664.371772805,235434173859358.88,NPB,MLB,regression_tree
MLB,Sean Burke,2024,760350,16104664.371772805,235447983539793.47,NPB,MLB,regression_tree
MLB,Brady Singer,2024,8750000,180043478.26086956,29341455694706992,NPB,MLB,regression_tree
MLB,Wade Miley,2024,2500000,74327542.37288135,5159195843328066,NPB,MLB,regression_tree
MLB,Nick Lodolo,2024,1975000,43054295.532646045,1687508521458473.2,NPB,MLB,regression_tree
MLB,Graham Ashcraft,2024,780000,43054295.532646045,1787116062781497.2,NPB,MLB,regression_tree
MLB,Brandon Williamson,2024,770000,16104664.371772805,235151931394918.25,NPB,MLB,regression_tree
MLB,Andrew Abbott,2024,770000,73449189.1891892,5282264541197956,NPB,MLB,regression_tree
MLB,Rhett Lowder,2024,761500,16104664.371772805,235412692939238.38,NPB,MLB,regression_tree
MLB,Julian Aguiar,2024,761500,16104664.371772805,235412692939238.38,NPB,MLB,regression_tree
MLB,Andrew Abbott,2024,520065,73449189.1891892,5318657155002181,NPB,MLB,regression_tree
MLB,Tanner Bibee,2024,9600000,73449189.1891892,4076718960116874.5,NPB,MLB,regression_tree
MLB,Shane Bieber,2024,13000000,16104664.371772805,9638940861355.428,NPB,MLB,regression_tree
MLB,Ben Lively,2024,2250000,155622093.02325583,23522998918334240,NPB,MLB,regression_tree
MLB,Triston McKenzie,2024,1950000,43054295.532646045,1689563111235105.5,NPB,MLB,regression_tree
MLB,Kolby Allard,2024,1000000,16104664.371772805,228150885783902.75,NPB,MLB,regression_tree
MLB,John Means,2024,1000000,74327542.37288135,5376928470446710,NPB,MLB,regression_tree
MLB,Kolby Allard,2024,850000,16104664.371772805,232704785095434.6,NPB,MLB,regression_tree
MLB,Gavin Williams,2024,780300,43054295.532646045,1787090698294177.8,NPB,MLB,regression_tree
MLB,Logan Allen,2024,777200,43054295.532646045,1787352806676480.2,NPB,MLB,regression_tree
MLB,Slade Cecconi,2024,765000,43054295.532646045,1788384516647476.8,NPB,MLB,regression_tree
MLB,Joey Cantillo,2024,762800,16104664.371772805,235372802401871.78,NPB,MLB,regression_tree
MLB,Gavin Williams,2024,347481,43054295.532646045,1823872007525827.5,NPB,MLB,regression_tree
MLB,Tanner Bibee,2024,217235,73449189.1891892,5362919114367505,NPB,MLB,regression_tree
MLB,Austin Gomber,2024,6350000,155622093.02325583,22282157755543540,NPB,MLB,regression_tree
MLB,Ryan Feltner,2024,2275000,73449189.1891892,5065765206738496,NPB,MLB,regression_tree
MLB,Bradley Blalock,2024,762000,16104664.371772805,235397350024866.6,NPB,MLB,regression_tree
MLB,Tanner Gordon,2024,760000,16104664.371772805,235458724682353.7,NPB,MLB,regression_tree
MLB,Jack Flaherty,2024,17500000,73449189.1891892,3130311770927685,NPB,MLB,regression_tree
MLB,Alex Cobb,2024,15000000,74327542.37288135,3519757284006032.5,NPB,MLB,regression_tree
MLB,Tarik Skubal,2024,10150000,180043478.26086956,28863793955576560,NPB,MLB,regression_tree
MLB,Casey Mize,2024,2340000,43054295.532646045,1657653860719641.8,NPB,MLB,regression_tree
MLB,Reese Olson,2024,787100,43054295.532646045,1786515818194933.8,NPB,MLB,regression_tree
MLB,Keider Montero,2024,760000,43054295.532646045,1788807434602803.2,NPB,MLB,regression_tree
MLB,Matt Manning,2024,760000,16104664.371772805,235458724682353.7,NPB,MLB,regression_tree
MLB,Reese Olson,2024,224416,43054295.532646045,1834398580780972.5,NPB,MLB,regression_tree
MLB,Framber Valdez,2024,18000000,423333333.3333333,164295111111111100,NPB,MLB,regression_tree
MLB,Hunter Brown,2024,2206538,73449189.1891892,5075515348464481,NPB,MLB,regression_tree
MLB,Hunter Brown,2024,870000,73449189.1891892,5267738703360118,NPB,MLB,regression_tree
MLB,Ronel Blanco,2024,802700,423333333.3333333,178532136105067780,NPB,MLB,regression_tree
MLB,Spencer Arrighetti,2024,794200,73449189.1891892,5278747454081199,NPB,MLB,regression_tree
MLB,J.P. France,2024,769900,16104664.371772805,235154998337792.6,NPB,MLB,regression_tree
MLB,Michael Wacha,2024,17000000,155622093.02325583,19216084674148192,NPB,MLB,regression_tree
MLB,Cole Ragans,2024,4416667,180043478.26086956,30844776833661100,NPB,MLB,regression_tree
MLB,Michael Lorenzen,2024,7000000,155622093.02325583,22088526534613308,NPB,MLB,regression_tree
MLB,Alec Marsh,2024,769000,73449189.1891892,5282409900576334,NPB,MLB,regression_tree
MLB,Jonathan Bowlan,2024,760000,16104664.371772805,235458724682353.7,NPB,MLB,regression_tree
MLB,Yusei Kikuchi,2024,21225000,423333333.3333333,161691111736111100,NPB,MLB,regression_tree
MLB,Kyle Hendricks,2024,2500000,155622093.02325583,23446375371822612,NPB,MLB,regression_tree
MLB,Reid Detmers,2024,1825000,43054295.532646045,1699854810118267.2,NPB,MLB,regression_tree
MLB,José Soriano,2024,790000,43054295.532646045,1786270676870844.5,NPB,MLB,regression_tree
MLB,Jack Kochanowicz,2024,770000,16104664.371772805,235151931394918.25,NPB,MLB,regression_tree
MLB,Caden Dana,2024,760000,16104664.371772805,235458724682353.7,NPB,MLB,regression_tree
MLB,Chase Silseth,2024,760000,16104664.371772805,235458724682353.7,NPB,MLB,regression_tree
MLB,José Soriano,2024,324925,43054295.532646045,1825799106116160.2,NPB,MLB,regression_tree
MLB,Blake Snell,2024,36400000,159259259.25925925,15094397585733880,NPB,MLB,regression_tree
MLB,Clayton Kershaw,2024,7500000,74327542.37288135,4465920419599252.5,NPB,MLB,regression_tree
MLB,Justin Wrobleski,2024,800000,16104664.371772805,234232751532611.88,NPB,MLB,regression_tree
MLB,Gavin Stone,2024,780000,73449189.1891892,5280811057414172,NPB,MLB,regression_tree
MLB,River Ryan,2024,770000,16104664.371772805,235151931394918.25,NPB,MLB,regression_tree
MLB,Andrew Heaney,2024,760000,423333333.3333333,1.7856822204444442e+17,NPB,MLB,regression_tree
MLB,Landon Knack,2024,760000,43054295.532646045,1788807434602803.2,NPB,MLB,regression_tree
MLB,Bobby Miller,2024,760000,16104664.371772805,235458724682353.7,NPB,MLB,regression_tree
MLB,Cal Quantrill,2024,3500000,73449189.1891892,4892889068224983,NPB,MLB,regression_tree
MLB,Edward Cabrera,2024,1950000,43054295.532646045,1689563111235105.5,NPB,MLB,regression_tree
MLB,Braxton Garrett,2024,1530000,16104664.371772805,212420841549823.6,NPB,MLB,regression_tree
MLB,Valente Bellozo,2024,800000,43054295.532646045,1785425490960191.5,NPB,MLB,regression_tree
MLB,Ryan Weathers,2024,779100,43054295.532646045,1787192157323456.2,NPB,MLB,regression_tree
MLB,Max Meyer,2024,768000,16104664.371772805,235213274052405.34,NPB,MLB,regression_tree
MLB,Adam Mazur,2024,760000,16104664.371772805,235458724682353.7,NPB,MLB,regression_tree
MLB,Aaron Civale,2024,8000000,73449189.1891892,4283596365522280,NPB,MLB,regression_tree
MLB,Nestor Cortes,2024,7600000,73449189.1891892,4336115716873631,NPB,MLB,regression_tree
MLB,Jose Quintana,2024,4000000,155622093.02325583,22989259092752844,NPB,MLB,regression_tree
MLB,Tobias Myers,2024,781800,73449189.1891892,5280549451573091,NPB,MLB,regression_tree
MLB,DL Hall,2024,766100,16104664.371772805,235271556987018.06,NPB,MLB,regression_tree
MLB,Robert Gasser,2024,765400,16104664.371772805,235293031467138.56,NPB,MLB,regression_tree
MLB,Erick Fedde,2024,760000,155622093.02325583,23982267855543540,NPB,MLB,regression_tree
MLB,Quinn Priester,2024,307705,16104664.371772805,249543925393440.66,NPB,MLB,regression_tree
MLB,Bailey Ober,2024,3550000,73449189.1891892,4885896649306064,NPB,MLB,regression_tree
MLB,Joe Ryan,2024,3000000,73449189.1891892,4963088257414172,NPB,MLB,regression_tree
MLB,David Festa,2024,760000,43054295.532646045,1788807434602803.2,NPB,MLB,regression_tree
MLB,Zebby Matthews,2024,760000,16104664.371772805,235458724682353.7,NPB,MLB,regression_tree
MLB,Sean Manaea,2024,25000000,423333333.3333333,1.5866944444444442e+17,NPB,MLB,regression_tree
MLB,Frankie Montas,2024,17000000,423333333.3333333,165106777777777760,NPB,MLB,regression_tree
MLB,David Peterson,2024,4625000,73449189.1891892,4736769017549307,NPB,MLB,regression_tree
MLB,Griffin Canning,2024,4250000,73449189.1891892,4788527784441199,NPB,MLB,regression_tree
MLB,Paul Blackburn,2024,4050000,43054295.532646045,1521335069997992.2,NPB,MLB,regression_tree
MLB,Tylor Megill,2024,1975000,43054295.532646045,1687508521458473.2,NPB,MLB,regression_tree
MLB,Christian Scott,2024,764500,16104664.371772805,235320642953007.75,NPB,MLB,regression_tree
MLB,Max Fried,2024,27250000,423333333.3333333,1.5688200694444442e+17,NPB,MLB,regression_tree
MLB,Clarke Schmidt,2024,3600000,43054295.532646045,1556641435977373.8,NPB,MLB,regression_tree
MLB,Carlos Carrasco,2024,1500000,159259259.25925925,24887983882030176,NPB,MLB,regression_tree
MLB,Luis Gil,2024,804125,73449189.1891892,5277305351051418,NPB,MLB,regression_tree
MLB,Will Warren,2024,767600,16104664.371772805,235225543543902.75,NPB,MLB,regression_tree
MLB,Paul Blackburn,2024,760000,43054295.532646045,1788807434602803.2,NPB,MLB,regression_tree
MLB,Allan Winans,2024,760000,16104664.371772805,235458724682353.7,NPB,MLB,regression_tree
MLB,Will Warren,2024,223911,16104664.371772805,252198327655073.3,NPB,MLB,regression_tree
MLB,Zack Wheeler,2024,42000000,423333333.3333333,145415111111111100,NPB,MLB,regression_tree
MLB,Cristopher Sánchez,2024,5625000,180043478.26086956,30421805558837428,NPB,MLB,regression_tree
MLB,Ranger Suárez,2024,8800000,73449189.1891892,4179517662819577,NPB,MLB,regression_tree
MLB,Jesús Luzardo,2024,6625000,43054295.532646045,1327093573004865,NPB,MLB,regression_tree
MLB,Cristopher Sánchez,2024,2678437,180043478.26086956,31458357861469964,NPB,MLB,regression_tree
MLB,Tyler Phillips,2024,764000,16104664.371772805,235335983367379.53,NPB,MLB,regression_tree
MLB,Walker Buehler,2024,760000,43054295.532646045,1788807434602803.2,NPB,MLB,regression_tree
MLB,Seth Johnson,2024,760000,16104664.371772805,235458724682353.7,NPB,MLB,regression_tree
MLB,Andrew Heaney,2024,5250000,423333333.3333333,174793673611111100,NPB,MLB,regression_tree
MLB,Paul Skenes,2024,3436343,148977272.72727272,21182162225878936,NPB,MLB,regression_tree
MLB,Bailey Falter,2024,2222000,73449189.1891892,5073312479792550,NPB,MLB,regression_tree
MLB,Paul Skenes,2024,875000,148977272.72727272,21934283186983468,NPB,MLB,regression_tree
MLB,Jared Jones,2024,775000,73449189.1891892,5281537774306064,NPB,MLB,regression_tree
MLB,Nick Pivetta,2024,13750000,423333333.3333333,1.6775850694444442e+17,NPB,MLB,regression_tree
MLB,Dylan Cease,2024,13750000,180043478.26086956,27653520912098296,NPB,MLB,regression_tree
MLB,Michael King,2024,7750000,73449189.1891892,4316383460116874.5,NPB,MLB,regression_tree
MLB,Matt Waldron,2024,775800,73449189.1891892,5281421496243361,NPB,MLB,regression_tree
MLB,Randy Vásquez,2024,772800,43054295.532646045,1787724864477167.5,NPB,MLB,regression_tree
MLB,Logan Gilbert,2024,7625000,180043478.26086956,29728131645793948,NPB,MLB,regression_tree
MLB,George Kirby,2024,4300000,180043478.26086956,30885770151228732,NPB,MLB,regression_tree
MLB,Bryan Woo,2024,1540676,73449189.1891892,5170834269079797,NPB,MLB,regression_tree
MLB,Bryce Miller,2024,800000,180043478.26086956,32128224499054820,NPB,MLB,regression_tree
MLB,Bryan Woo,2024,783300,73449189.1891892,5280331451655523,NPB,MLB,regression_tree
MLB,Emerson Hancock,2024,766000,16104664.371772805,235274624709892.44,NPB,MLB,regression_tree
MLB,Luis Castillo,2024,760000,423333333.3333333,1.7856822204444442e+17,NPB,MLB,regression_tree
MLB,Justin Verlander,2024,15000000,74327542.37288135,3519757284006032.5,NPB,MLB,regression_tree
MLB,Joey Lucchesi,2024,854839,74327542.37288135,5398238140919411,NPB,MLB,regression_tree
MLB,Hayden Birdsong,2024,765000,43054295.532646045,1788384516647476.8,NPB,MLB,regression_tree
MLB,Mason Black,2024,760000,16104664.371772805,235458724682353.7,NPB,MLB,regression_tree
MLB,Keaton Winn,2024,760000,16104664.371772805,235458724682353.7,NPB,MLB,regression_tree
MLB,Kyle Harrison,2024,760000,73449189.1891892,5283718224981739,NPB,MLB,regression_tree
MLB,Andre Pallante,2024,2100000,73449189.1891892,5090706797954712,NPB,MLB,regression_tree
MLB,Gordon Graceffo,2024,760000,16104664.371772805,235458724682353.7,NPB,MLB,regression_tree
MLB,Roddery Muñoz,2024,760000,43054295.532646045,1788807434602803.2,NPB,MLB,regression_tree
MLB,Michael McGreevy,2024,760000,16104664.371772805,235458724682353.7,NPB,MLB,regression_tree
MLB,Zack Littell,2024,5720000,73449189.1891892,4587243068224983,NPB,MLB,regression_tree
MLB,Shane Baz,2024,1450000,43054295.532646045,1730917406767751.8,NPB,MLB,regression_tree
MLB,Ryan Pepiot,2024,774600,73449189.1891892,5281595913817415,NPB,MLB,regression_tree
MLB,Taj Bradley,2024,774200,73449189.1891892,5281654053648766,NPB,MLB,regression_tree
MLB,Joe Boyle,2024,760000,16104664.371772805,235458724682353.7,NPB,MLB,regression_tree
MLB,Ryan Pepiot,2024,303898,73449189.1891892,5350233623151279,NPB,MLB,regression_tree
MLB,Nathan Eovaldi,2024,25000000,423333333.3333333,1.5866944444444442e+17,NPB,MLB,regression_tree
MLB,Dane Dunning,2024,2660000,43054295.532646045,1631699111578748.2,NPB,MLB,regression_tree
MLB,Patrick Corbin,2024,1100000,155622093.02325583,23877077232287728,NPB,MLB,regression_tree
MLB,Cody Bradford,2024,774000,43054295.532646045,1787623390327889,NPB,MLB,regression_tree
MLB,Jack Leiter,2024,762500,16104664.371772805,235382007610494.84,NPB,MLB,regression_tree
MLB,Kumar Rocker,2024,761500,16104664.371772805,235412692939238.38,NPB,MLB,regression_tree
MLB,Jack Leiter,2024,286905,16104664.371772805,250201511543306.4,NPB,MLB,regression_tree
MLB,Max Scherzer,2024,15500000,74327542.37288135,3460679741633151,NPB,MLB,regression_tree
MLB,Alek Manoah,2024,2200000,16104664.371772805,193339691291648.03,NPB,MLB,regression_tree
MLB,Jake Bloss,2024,123900,16104664.371772805,255384829906123.06,NPB,MLB,regression_tree
MLB,Trevor Williams,2024,7000000,74327542.37288135,4532997961972134,NPB,MLB,regression_tree
MLB,MacKenzie Gore,2024,2890000,73449189.1891892,4978599179035793,NPB,MLB,regression_tree
MLB,Josiah Gray,2024,1350000,16104664.371772805,217700120723661.78,NPB,MLB,regression_tree
MLB,Jake Irvin,2024,774600,180043478.26086956,32137330712910472,NPB,MLB,regression_tree
MLB,Mitchell Parker,2024,767200,73449189.1891892,5282671552497415,NPB,MLB,regression_tree
MLB,DJ Herz,2024,764200,43054295.532646045,1788452180160329,NPB,MLB,regression_tree
MLB,Brandon Pfaadt,2025,9000000,73449189.1891892,4153697987143901.5,NPB,MLB,regression_tree
MLB,Merrill Kelly,2025,20000000,155622093.02325583,18393352116008656,NPB,MLB,regression_tree
MLB,Zac Gallen,2025,22025000,180043478.26086956,24969839471880908,NPB,MLB,regression_tree
MLB,Michael Soroka,2025,7500000,43054295.532646045,1264107930822734.5,NPB,MLB,regression_tree
MLB,Ryne Nelson,2025,3000000,73449189.1891892,4963088257414172,NPB,MLB,regression_tree
MLB,Aaron Civale,2025,6000000,43054295.532646045,1373020817420672.8,NPB,MLB,regression_tree
MLB,J.T. Ginn,2025,785000,43054295.532646045,1786693344826171,NPB,MLB,regression_tree
MLB,Luis Morales,2025,780000,16104664.371772805,234845338107482.78,NPB,MLB,regression_tree
MLB,Mason Barnett,2025,780000,16104664.371772805,234845338107482.78,NPB,MLB,regression_tree
MLB,Gunnar Hoglund,2025,780000,16104664.371772805,234845338107482.78,NPB,MLB,regression_tree
MLB,Jacob Lopez,2025,780000,43054295.532646045,1787116062781497.2,NPB,MLB,regression_tree
MLB,Martín Pérez,2025,3500000,74327542.37288135,5016540758582304,NPB,MLB,regression_tree
MLB,Carlos Carrasco,2025,1500000,74327542.37288135,5303850928073829,NPB,MLB,regression_tree
MLB,AJ Smith-Shawver,2025,800000,16104664.371772805,234232751532611.88,NPB,MLB,regression_tree
MLB,Spencer Schwellenbach,2025,800000,43054295.532646045,1785425490960191.5,NPB,MLB,regression_tree
MLB,Grant Holmes,2025,800000,43054295.532646045,1785425490960191.5,NPB,MLB,regression_tree
MLB,Hurston Waldrep,2025,798300,16104664.371772805,234284790281475.9,NPB,MLB,regression_tree
MLB,Shane Baz,2025,13600000,73449189.1891892,3581925446603361,NPB,MLB,regression_tree
MLB,Chris Bassitt,2025,18500000,423333333.3333333,163890027777777760,NPB,MLB,regression_tree
MLB,Zach Eflin,2025,10000000,74327542.37288135,4138032707734846,NPB,MLB,regression_tree
MLB,Trevor Rogers,2025,6200000,43054295.532646045,1358239099207614.2,NPB,MLB,regression_tree
MLB,Dean Kremer,2025,5750000,73449189.1891892,4583180216873631,NPB,MLB,regression_tree
MLB,Kyle Bradish,2025,3550000,16104664.371772805,157619597487861.44,NPB,MLB,regression_tree
MLB,Shane Baz,2025,3500000,73449189.1891892,4892889068224983,NPB,MLB,regression_tree
MLB,Tyler Wells,2025,2450000,16104664.371772805,186449859105761.62,NPB,MLB,regression_tree
MLB,Garrett Crochet,2025,28333333,180043478.26086956,23015968175074144,NPB,MLB,regression_tree
MLB,Ranger Suárez,2025,26000000,73449189.1891892,2251425554711468.8,NPB,MLB,regression_tree
MLB,Tanner Houck,2025,4150000,16104664.371772805,142914000241734.1,NPB,MLB,regression_tree
MLB,Johan Oviedo,2025,1550000,16104664.371772805,211838254974952.66,NPB,MLB,regression_tree
MLB,Connelly Early,2025,789500,16104664.371772805,234554259734419.1,NPB,MLB,regression_tree
MLB,Shota Imanaga,2025,22025000,155622093.02325583,17848183264264470,NPB,MLB,regression_tree
MLB,Justin Steele,2025,6775000,16104664.371772805,87042637289926.86,NPB,MLB,regression_tree
MLB,Colin Rea,2025,6500000,155622093.02325583,22237398627636564,NPB,MLB,regression_tree
MLB,Edward Cabrera,2025,4450000,73449189.1891892,4760888108765523,NPB,MLB,regression_tree
MLB,Javier Assad,2025,1800000,16104664.371772805,204623422789066.25,NPB,MLB,regression_tree
MLB,Cade Horton,2025,817500,43054295.532646045,1783946896866549,NPB,MLB,regression_tree
MLB,Ben Brown,2025,800000,43054295.532646045,1785425490960191.5,NPB,MLB,regression_tree
MLB,Erick Fedde,2025,1500000,155622093.02325583,23753619557869120,NPB,MLB,regression_tree
MLB,Shane Smith,2025,825900,73449189.1891892,5274142132656604,NPB,MLB,regression_tree
MLB,Davis Martin,2025,798900,73449189.1891892,5278064519272821,NPB,MLB,regression_tree
MLB,Sean Burke,2025,793200,73449189.1891892,5278892765059577,NPB,MLB,regression_tree
MLB,Brady Singer,2025,12750000,73449189.1891892,3684391568224982.5,NPB,MLB,regression_tree
MLB,Nick Lodolo,2025,4725000,73449189.1891892,4723014179711469,NPB,MLB,regression_tree
MLB,Andrew Abbott,2025,800000,73449189.1891892,5277904689846604,NPB,MLB,regression_tree
MLB,Chase Burns,2025,785000,16104664.371772805,234692116463765.06,NPB,MLB,regression_tree
MLB,Chase Petty,2025,780000,16104664.371772805,234845338107482.78,NPB,MLB,regression_tree
MLB,Gavin Williams,2025,822200,73449189.1891892,5274679558686604,NPB,MLB,regression_tree
MLB,Slade Cecconi,2025,795600,73449189.1891892,5278544022071469,NPB,MLB,regression_tree
MLB,Parker Messick,2025,788400,16104664.371772805,234587954306037,NPB,MLB,regression_tree
MLB,Doug Nikhazy,2025,780000,16104664.371772805,234845338107482.78,NPB,MLB,regression_tree
MLB,Michael Lorenzen,2025,8000000,155622093.02325583,21792282348566796,NPB,MLB,regression_tree
MLB,Jose Quintana,2025,6000000,155622093.02325583,22386770720659820,NPB,MLB,regression_tree
MLB,Tomoyuki Sugano,2025,5100000,155622093.02325583,22656900488101680,NPB,MLB,regression_tree
MLB,Ryan Feltner,2025,2450000,16104664.371772805,186449859105761.62,NPB,MLB,regression_tree
MLB,Chase Dollander,2025,782000,43054295.532646045,1786946969599366.8,NPB,MLB,regression_tree
MLB,McCade Brown,2025,782000,16104664.371772805,234784043449995.7,NPB,MLB,regression_tree
MLB,Tanner Gordon,2025,780000,43054295.532646045,1787116062781497.2,NPB,MLB,regression_tree
MLB,Framber Valdez,2025,38333333,423333333.3333333,148225000256666660,NPB,MLB,regression_tree
MLB,Tarik Skubal,2025,32000000,180043478.26086956,21916871455576560,NPB,MLB,regression_tree
MLB,Justin Verlander,2025,13000000,155622093.02325583,20341061418334236,NPB,MLB,regression_tree
MLB,Casey Mize,2025,6150000,73449189.1891892,4529180865522280,NPB,MLB,regression_tree
MLB,Reese Olson,2025,818100,43054295.532646045,1783896213071909.8,NPB,MLB,regression_tree
MLB,Jackson Jobe,2025,784300,16104664.371772805,234713564483885.53,NPB,MLB,regression_tree
MLB,Hunter Brown,2025,5710000,180043478.26086956,30392161642533080,NPB,MLB,regression_tree
MLB,Hayden Wesneski,2025,975000,16104664.371772805,228906744002491.4,NPB,MLB,regression_tree
MLB,Brandon Walter,2025,850000,16104664.371772805,232704785095434.6,NPB,MLB,regression_tree
MLB,Ronel Blanco,2025,802700,74327542.37288135,5405902445957049,NPB,MLB,regression_tree
MLB,Kai-Wei Teng,2025,786700,16104664.371772805,234640032494901.03,NPB,MLB,regression_tree
MLB,Colton Gordon,2025,780000,43054295.532646045,1787116062781497.2,NPB,MLB,regression_tree
MLB,Seth Lugo,2025,23000000,155622093.02325583,17588619557869122,NPB,MLB,regression_tree
MLB,Kris Bubic,2025,6150000,43054295.532646045,1361927028760878.8,NPB,MLB,regression_tree
MLB,Bailey Falter,2025,3600000,73449189.1891892,4878909230387145,NPB,MLB,regression_tree
MLB,Noah Cameron,2025,802000,73449189.1891892,5277614097089848,NPB,MLB,regression_tree
MLB,Stephen Kolek,2025,793250,43054295.532646045,1785995969512382.2,NPB,MLB,regression_tree
MLB,José Soriano,2025,2900000,73449189.1891892,4977188095252010,NPB,MLB,regression_tree
MLB,Jack Kochanowicz,2025,800000,43054295.532646045,1785425490960191.5,NPB,MLB,regression_tree
MLB,Mitch Farris,2025,780000,16104664.371772805,234845338107482.78,NPB,MLB,regression_tree
MLB,Emmet Sheehan,2025,810000,43054295.532646045,1784580505049538.5,NPB,MLB,regression_tree
MLB,Roki Sasaki,2025,800000,16104664.371772805,234232751532611.88,NPB,MLB,regression_tree
MLB,Bobby Miller,2025,800000,16104664.371772805,234232751532611.88,NPB,MLB,regression_tree
MLB,Landon Knack,2025,790000,16104664.371772805,234538944820047.34,NPB,MLB,regression_tree
MLB,Chris Paddack,2025,4000000,73449189.1891892,4823189879035793,NPB,MLB,regression_tree
MLB,Ryan Weathers,2025,1350000,16104664.371772805,217700120723661.78,NPB,MLB,regression_tree
MLB,Max Meyer,2025,980000,43054295.532646045,1770246344568439,NPB,MLB,regression_tree
MLB,Eury Pérez,2025,799500,43054295.532646045,1785467745505724.2,NPB,MLB,regression_tree
MLB,Janson Junk,2025,798000,43054295.532646045,1785594512142322,NPB,MLB,regression_tree
MLB,Adam Mazur,2025,786000,16104664.371772805,234661478135021.5,NPB,MLB,regression_tree
MLB,Brandon Woodruff,2025,22025000,74327542.37288135,2735555938667049.5,NPB,MLB,regression_tree
MLB,Quinn Priester,2025,803200,73449189.1891892,5277439745275793,NPB,MLB,regression_tree
MLB,Chad Patrick,2025,796400,73449189.1891892,5278427776968766,NPB,MLB,regression_tree
MLB,Jacob Misiorowski,2025,788300,43054295.532646045,1786414378365655.5,NPB,MLB,regression_tree
MLB,Kyle Harrison,2025,786100,16104664.371772805,234658414412147.16,NPB,MLB,regression_tree
MLB,Brandon Sproat,2025,783000,16104664.371772805,234753399121252.16,NPB,MLB,regression_tree
MLB,Logan Henderson,2025,780000,16104664.371772805,234845338107482.78,NPB,MLB,regression_tree
MLB,Joe Ryan,2025,6200000,73449189.1891892,4522453446603361,NPB,MLB,regression_tree
MLB,Bailey Ober,2025,5200000,73449189.1891892,4657951824981739,NPB,MLB,regression_tree
MLB,Taj Bradley,2025,802050,73449189.1891892,5277606832373429,NPB,MLB,regression_tree
MLB,David Festa,2025,791200,16104664.371772805,234502191065555.06,NPB,MLB,regression_tree
MLB,Mick Abel,2025,782500,16104664.371772805,234768721035623.94,NPB,MLB,regression_tree
MLB,David Peterson,2025,8100000,73449189.1891892,4270516527684442,NPB,MLB,regression_tree
MLB,Tylor Megill,2025,2500000,43054295.532646045,1644650886149195,NPB,MLB,regression_tree
MLB,Nolan McLean,2025,791500,16104664.371772805,234493003076932,NPB,MLB,regression_tree
MLB,Jonah Tong,2025,780000,16104664.371772805,234845338107482.78,NPB,MLB,regression_tree
MLB,Clarke Schmidt,2025,4500000,43054295.532646045,1486433704018610.8,NPB,MLB,regression_tree
MLB,Luis Gil,2025,2162500,16104664.371772805,194383947369530.97,NPB,MLB,regression_tree
MLB,Will Warren,2025,826625,73449189.1891892,5274036829412905,NPB,MLB,regression_tree
MLB,Cam Schlittler,2025,801425,43054295.532646045,1785305068248548.5,NPB,MLB,regression_tree
MLB,Jesús Luzardo,2025,11000000,180043478.26086956,28575697542533080,NPB,MLB,regression_tree
MLB,Paul Skenes,2025,1085000,180043478.26086956,32026136941446124,NPB,MLB,regression_tree
MLB,Bubba Chandler,2025,787200,16104664.371772805,234624714780529.25,NPB,MLB,regression_tree
MLB,Michael King,2025,25000000,43054295.532646045,325957587180122.94,NPB,MLB,regression_tree
MLB,Lucas Giolito,2025,3000000,155622093.02325583,23293503278799356,NPB,MLB,regression_tree
MLB,JP Sears,2025,2750000,73449189.1891892,4998375352008766,NPB,MLB,regression_tree
MLB,Griffin Canning,2025,2500000,43054295.532646045,1644650886149195,NPB,MLB,regression_tree
MLB,Germán Márquez,2025,1750000,155622093.02325583,23676621011357492,NPB,MLB,regression_tree
MLB,Walker Buehler,2025,1500000,155622093.02325583,23753619557869120,NPB,MLB,regression_tree
MLB,Randy Vásquez,2025,808800,73449189.1891892,5276626141556875,NPB,MLB,regression_tree
MLB,Matt Waldron,2025,796800,16104664.371772805,234330711624591.22,NPB,MLB,regression_tree
MLB,Logan Gilbert,2025,10927000,73449189.1891892,3909024141008766.5,NPB,MLB,regression_tree
MLB,George Kirby,2025,6550000,73449189.1891892,4475501514170928.5,NPB,MLB,regression_tree
MLB,Bryce Miller,2025,2452500,43054295.532646045,1648505800474796.2,NPB,MLB,regression_tree
MLB,Bryan Woo,2025,831600,180043478.26086956,32116897309788732,NPB,MLB,regression_tree
MLB,Emerson Hancock,2025,793300,43054295.532646045,1785991743410329,NPB,MLB,regression_tree
MLB,Logan Evans,2025,785800,43054295.532646045,1786625714593318.8,NPB,MLB,regression_tree
MLB,Adrian Houser,2025,11000000,155622093.02325583,20915549790427260,NPB,MLB,regression_tree
MLB,Tyler Mahle,2025,10000000,43054295.532646045,1092586453159504.2,NPB,MLB,regression_tree
MLB,Landen Roupp,2025,800000,43054295.532646045,1785425490960191.5,NPB,MLB,regression_tree
MLB,Trevor McDonald,2025,780000,16104664.371772805,234845338107482.78,NPB,MLB,regression_tree
MLB,Blade Tidwell,2025,780000,16104664.371772805,234845338107482.78,NPB,MLB,regression_tree
MLB,Dustin May,2025,12500000,73449189.1891892,3714803662819577,NPB,MLB,regression_tree
MLB,Andre Pallante,2025,4000000,73449189.1891892,4823189879035793,NPB,MLB,regression_tree
MLB,Matthew Liberatore,2025,2260000,73449189.1891892,5067900657414172,NPB,MLB,regression_tree
MLB,Hunter Dobbins,2025,787600,16104664.371772805,234612460969031.84,NPB,MLB,regression_tree
MLB,Michael McGreevy,2025,784550,43054295.532646045,1786731387394650.2,NPB,MLB,regression_tree
MLB,Nick Martinez,2025,13000000,155622093.02325583,20341061418334236,NPB,MLB,regression_tree
MLB,Ryan Pepiot,2025,3025000,73449189.1891892,4959566422954712,NPB,MLB,regression_tree
MLB,Joe Boyle,2025,784200,16104664.371772805,234716628566759.9,NPB,MLB,regression_tree
MLB,Cal Quantrill,2025,1000000,43054295.532646045,1768563772747133,NPB,MLB,regression_tree
MLB,Jack Leiter,2025,794000,73449189.1891892,5278776516116875,NPB,MLB,regression_tree
MLB,Kumar Rocker,2025,789000,43054295.532646045,1786355206461909.8,NPB,MLB,regression_tree
MLB,Dylan Cease,2025,30000000,73449189.1891892,1887832041197955.2,NPB,MLB,regression_tree
MLB,Eric Lauer,2025,4400000,43054295.532646045,1494154563125140,NPB,MLB,regression_tree
MLB,Max Scherzer,2025,3000000,74327542.37288135,5087618300955185,NPB,MLB,regression_tree
MLB,Patrick Corbin,2025,1000000,155622093.02325583,23907991650892376,NPB,MLB,regression_tree
MLB,Bowden Francis,2025,809800,43054295.532646045,1784597402807751.8,NPB,MLB,regression_tree
MLB,Trey Yesavage,2025,788800,16104664.371772805,234575701454539.6,NPB,MLB,regression_tree
MLB,Zack Littell,2025,7000000,180043478.26086956,29944045368620036,NPB,MLB,regression_tree
MLB,MacKenzie Gore,2025,5600000,73449189.1891892,4603512473630388,NPB,MLB,regression_tree
MLB,Jake Irvin,2025,2800000,180043478.26086956,31415250586011340,NPB,MLB,regression_tree
MLB,Miles Mikolas,2025,2250000,155622093.02325583,23522998918334240,NPB,MLB,regression_tree
MLB,Cade Cavalli,2025,870000,16104664.371772805,232094998520563.7,NPB,MLB,regression_tree
MLB,Andrew Alvarez,2025,780000,16104664.371772805,234845338107482.78,NPB,MLB,regression_tree
NPB,久保　康友,2010,180000000,7599250.804347826,29722018323222168,MLB,NPB,regression_tree
NPB,下柳　剛,2010,90000000,6938325.923611111,6899241700372255,MLB,NPB,regression_tree
NPB,能見　篤史,2010,50000000,6938325.923611111,1854307774261142.8,MLB,NPB,regression_tree
NPB,秋山　拓巳,2010,12000000,1196259.3567398118,116720811886832.06,MLB,NPB,regression_tree
NPB,鶴　直人,2010,11000000,1196259.3567398118,96113330600311.69,MLB,NPB,regression_tree
NPB,小嶋　達也,2010,10000000,1196259.3567398118,77505849313791.31,MLB,NPB,regression_tree
NPB,清水　直行,2010,280000000,7599250.804347826,74202168162352608,MLB,NPB,regression_tree
NPB,三浦　大輔,2010,250000000,2496038.3161764704,61258211049187584,MLB,NPB,regression_tree
NPB,大家　友和,2010,100000000,6938325.923611111,8660475181900033,MLB,NPB,regression_tree
NPB,山本　省吾,2010,62000000,2496038.3161764704,3540721456069938.5,MLB,NPB,regression_tree
NPB,加賀　繁,2010,25000000,1196259.3567398118,566618068611597,MLB,NPB,regression_tree
NPB,田中　健二朗,2010,8200000,1196259.3567398118,49052382998054.64,MLB,NPB,regression_tree
NPB,杉原　洋,2010,6000000,1196259.3567398118,23075924167709.81,MLB,NPB,regression_tree
NPB,眞下　貴之,2010,5500000,1196259.3567398118,18522183524449.62,MLB,NPB,regression_tree
NPB,内海　哲也,2010,120000000,7599250.804347826,12633928419743902,MLB,NPB,regression_tree
NPB,東野　峻,2010,75000000,1196259.3567398118,5446992132937615,MLB,NPB,regression_tree
NPB,藤井　秀悟,2010,70000000,6938325.923611111,3976774737316698.5,MLB,NPB,regression_tree
NPB,朝井　秀樹,2010,40000000,1196259.3567398118,1505730287909402.5,MLB,NPB,regression_tree
NPB,西村　健太朗,2010,28000000,1196259.3567398118,718440512471158.1,MLB,NPB,regression_tree
NPB,黄　志龍,2010,4400000,1196259.3567398118,10263954109277.205,MLB,NPB,regression_tree
NPB,吉見　一起,2010,120000000,1196259.3567398118,14114328790831030,MLB,NPB,regression_tree
NPB,山本昌,2010,100000000,3534554.007518797,9305582270528308,MLB,NPB,regression_tree
NPB,中田　賢一,2010,72000000,6938325.923611111,4233021433622254,MLB,NPB,regression_tree
NPB,朝倉　健太,2010,71250000,2496038.3161764704,4727107247220674,MLB,NPB,regression_tree
NPB,山井　大介,2010,42000000,6938325.923611111,1229320989038920.5,MLB,NPB,regression_tree
NPB,小笠原　孝,2010,39000000,2496038.3161764704,1332539218614056,MLB,NPB,regression_tree
NPB,川井　雄太,2010,25500000,3534554.007518797,482480817648608.5,MLB,NPB,regression_tree
NPB,山内　壮馬,2010,15000000,1196259.3567398118,190543255746393.2,MLB,NPB,regression_tree
NPB,岩田　慎司,2010,13000000,1196259.3567398118,139328293173352.45,MLB,NPB,regression_tree
NPB,伊藤　準規,2010,7500000,1196259.3567398118,39737146097490.375,MLB,NPB,regression_tree
NPB,前田　健太,2010,120000000,10030874.5,12093208563234750,MLB,NPB,regression_tree
NPB,大竹　寛,2010,80000000,2496038.3161764704,6006864076687585,MLB,NPB,regression_tree
NPB,齊藤　悠葵,2010,21000000,1196259.3567398118,392188143465515.44,MLB,NPB,regression_tree
NPB,青木　高広,2010,16000000,2496038.3161764704,182356981158174.03,MLB,NPB,regression_tree
NPB,小松　剛,2010,13000000,1196259.3567398118,139328293173352.45,MLB,NPB,regression_tree
NPB,今村　猛,2010,10000000,1196259.3567398118,77505849313791.31,MLB,NPB,regression_tree
NPB,今井　啓介,2010,9500000,1196259.3567398118,68952108670531.125,MLB,NPB,regression_tree
NPB,石川　雅規,2010,180000000,7599250.804347826,29722018323222168,MLB,NPB,regression_tree
NPB,館山　昌平,2010,120000000,7599250.804347826,12633928419743902,MLB,NPB,regression_tree
NPB,村中　恭兵,2010,51000000,3973936.4208333334,2211450655751825.5,MLB,NPB,regression_tree
NPB,中澤　雅人,2010,24000000,1196259.3567398118,520010587325076.56,MLB,NPB,regression_tree
NPB,赤川　克紀,2010,7200000,1196259.3567398118,36044901711534.26,MLB,NPB,regression_tree
NPB,山本　斉,2010,6000000,1196259.3567398118,23075924167709.81,MLB,NPB,regression_tree
NPB,杉内　俊哉,2010,350000000,12398073.776699029,113975060589683170,MLB,NPB,regression_tree
NPB,和田　毅,2010,330000000,12398073.776699029,100870983540751120,MLB,NPB,regression_tree
NPB,大隣　憲司,2010,35000000,1196259.3567398118,1142692881476800.8,MLB,NPB,regression_tree
NPB,小椋　真介,2010,25000000,6378000,346778884000000,MLB,NPB,regression_tree
NPB,山田　大樹,2010,12000000,1196259.3567398118,116720811886832.06,MLB,NPB,regression_tree
NPB,巽　真悟,2010,10600000,1196259.3567398118,88430338085703.55,MLB,NPB,regression_tree
NPB,岩嵜　翔,2010,8400000,1196259.3567398118,51893879255358.71,MLB,NPB,regression_tree
NPB,ダルビッシュ　有,2010,500000000,3973936.4208333334,246041855749843500,MLB,NPB,regression_tree
NPB,武田　勝,2010,135000000,7599250.804347826,16230950895613468,MLB,NPB,regression_tree
NPB,八木　智哉,2010,48000000,2496038.3161764704,2070610528922879.5,MLB,NPB,regression_tree
NPB,増井　浩俊,2010,16000000,1196259.3567398118,219150737032913.56,MLB,NPB,regression_tree
NPB,糸数　敬作,2010,15000000,1196259.3567398118,190543255746393.2,MLB,NPB,regression_tree
NPB,矢貫　俊之,2010,11000000,3534554.007518797,55732883866653.65,MLB,NPB,regression_tree
NPB,吉川　光夫,2010,10500000,1196259.3567398118,86559589957051.5,MLB,NPB,regression_tree
NPB,多田野　数人,2010,8000000,2496038.3161764704,30293594216997.543,MLB,NPB,regression_tree
NPB,中村　勝,2010,8000000,1196259.3567398118,46290886740750.56,MLB,NPB,regression_tree
NPB,ダース　ローマシュ匡,2010,5200000,1196259.3567398118,16029939138493.508,MLB,NPB,regression_tree
NPB,木佐貫　洋,2010,60000000,7599250.804347826,2745838516265641.5,MLB,NPB,regression_tree
NPB,近藤　一樹,2010,49000000,3534554.007518797,2067106779295225,MLB,NPB,regression_tree
NPB,長谷川　昌幸,2010,32000000,2496038.3161764704,870483755040527,MLB,NPB,regression_tree
NPB,中山　慎也,2010,20000000,3534554.007518797,271110911731315.28,MLB,NPB,regression_tree
NPB,伊原　正樹,2010,11000000,1196259.3567398118,96113330600311.69,MLB,NPB,regression_tree
NPB,山田　修義,2010,5400000,1196259.3567398118,17671435395797.582,MLB,NPB,regression_tree
NPB,岩隈　久志,2010,300000000,7599250.804347826,85498198130178690,MLB,NPB,regression_tree
NPB,田中　将大,2010,200000000,1196259.3567398118,39522927293752656,MLB,NPB,regression_tree
NPB,永井　怜,2010,73000000,3973936.4208333334,4764597453235159,MLB,NPB,regression_tree
NPB,川井　貴志,2010,20000000,3534554.007518797,271110911731315.28,MLB,NPB,regression_tree
NPB,長谷部　康平,2010,19000000,1196259.3567398118,316973180892474.7,MLB,NPB,regression_tree
NPB,藤原　紘通,2010,18000000,1196259.3567398118,282365699605954.3,MLB,NPB,regression_tree
NPB,戸村　健次,2010,15000000,1196259.3567398118,190543255746393.2,MLB,NPB,regression_tree
NPB,井坂　亮平,2010,13500000,1196259.3567398118,151382033816612.62,MLB,NPB,regression_tree
NPB,菊池　保則,2010,6800000,1196259.3567398118,31401909196926.11,MLB,NPB,regression_tree
NPB,涌井　秀章,2010,252999999.99999997,3973936.4208333334,62013980341735150,MLB,NPB,regression_tree
NPB,石井　一久,2010,190000000,6938325.923611111,33511576515650036,MLB,NPB,regression_tree
NPB,岸　孝之,2010,120000000,1196259.3567398118,14114328790831030,MLB,NPB,regression_tree
NPB,帆足　和幸,2010,110000000.00000001,7599250.804347826,10485913435830862,MLB,NPB,regression_tree
NPB,西口　文也,2010,60000000,2496038.3161764704,3306705609334644,MLB,NPB,regression_tree
NPB,平野　将光,2010,16000000,3534554.007518797,155387343791465.66,MLB,NPB,regression_tree
NPB,渡辺　俊介,2010,140000000,6938325.923611111,17705409108011144,MLB,NPB,regression_tree
NPB,成瀬　善久,2010,130000000,3973936.4208333334,15882568701260158,MLB,NPB,regression_tree
NPB,唐川　侑己,2010,34500000,1196259.3567398118,1109139140833540.5,MLB,NPB,regression_tree
NPB,吉見　祐治,2010,33000000,2496038.3161764704,930491678408174,MLB,NPB,regression_tree
NPB,大嶺　祐太,2010,21000000,1196259.3567398118,392188143465515.44,MLB,NPB,regression_tree
NPB,香月　良仁,2010,10000000,1196259.3567398118,77505849313791.31,MLB,NPB,regression_tree
NPB,久保　康友,2011,140000000,6938325.923611111,17705409108011144,MLB,NPB,regression_tree
NPB,能見　篤史,2011,100000000,12398073.776699029,7674097478032665,MLB,NPB,regression_tree
NPB,安藤　優也,2011,58000000,2496038.3161764704,3080689762599350,MLB,NPB,regression_tree
NPB,岩田　稔,2011,55000000,6938325.923611111,2309924515025031.5,MLB,NPB,regression_tree
NPB,鄭　凱文,2011,14000000,1196259.3567398118,163935774459872.8,MLB,NPB,regression_tree
NPB,秋山　拓巳,2011,11000000,1196259.3567398118,96113330600311.69,MLB,NPB,regression_tree
NPB,鶴　直人,2011,10000000,1196259.3567398118,77505849313791.31,MLB,NPB,regression_tree
NPB,蕭　一傑,2011,10000000,1196259.3567398118,77505849313791.31,MLB,NPB,regression_tree
NPB,清原　大貴,2011,6500000,1196259.3567398118,28129664810969.996,MLB,NPB,regression_tree
NPB,三浦　大輔,2011,150000000,3534554.007518797,21452126869776428,MLB,NPB,regression_tree
NPB,山本　省吾,2011,60000000,2496038.3161764704,3306705609334644,MLB,NPB,regression_tree
NPB,清水　直行,2011,50000000,3534554.007518797,2159037671280187.5,MLB,NPB,regression_tree
NPB,高崎　健太郎,2011,40000000,3973936.4208333334,1297877257010159,MLB,NPB,regression_tree
NPB,須田　幸太,2011,17000000,1196259.3567398118,249758218319433.97,MLB,NPB,regression_tree
NPB,加賀美　希昇,2011,11000000,1196259.3567398118,96113330600311.69,MLB,NPB,regression_tree
NPB,小林　寛,2011,10000000,1196259.3567398118,77505849313791.31,MLB,NPB,regression_tree
NPB,国吉　佑樹,2011,10000000,1196259.3567398118,77505849313791.31,MLB,NPB,regression_tree
NPB,田中　健二朗,2011,7000000,1196259.3567398118,33683405454230.184,MLB,NPB,regression_tree
NPB,眞下　貴之,2011,6500000,1196259.3567398118,28129664810969.996,MLB,NPB,regression_tree
NPB,杉内　俊哉,2011,350000000,6938325.923611111,117691312220094480,MLB,NPB,regression_tree
NPB,内海　哲也,2011,220000000.00000003,7599250.804347826,45114078258874350,MLB,NPB,regression_tree
NPB,東野　峻,2011,65000000,1196259.3567398118,4070917320072412,MLB,NPB,regression_tree
NPB,澤村　拓一,2011,52000000,3973936.4208333334,2306502782910159,MLB,NPB,regression_tree
NPB,小野　淳平,2011,15000000,1196259.3567398118,190543255746393.2,MLB,NPB,regression_tree
NPB,小山　雄輝,2011,8200000,1196259.3567398118,49052382998054.64,MLB,NPB,regression_tree
NPB,吉見　一起,2011,240000000,7599250.804347826,54010108226700430,MLB,NPB,regression_tree
NPB,中田　賢一,2011,60000000,3534554.007518797,3188346591129811.5,MLB,NPB,regression_tree
NPB,朝倉　健太,2011,57000000,2496038.3161764704,2970681839231703,MLB,NPB,regression_tree
NPB,山井　大介,2011,36000000,3534554.007518797,1054005183490713.8,MLB,NPB,regression_tree
NPB,小笠原　孝,2011,30000000,6378000,557998884000000,MLB,NPB,regression_tree
NPB,山内　壮馬,2011,18000000,1196259.3567398118,282365699605954.3,MLB,NPB,regression_tree
NPB,大野　雄大,2011,13500000,1196259.3567398118,151382033816612.62,MLB,NPB,regression_tree
NPB,岩田　慎司,2011,12000000,1196259.3567398118,116720811886832.06,MLB,NPB,regression_tree
NPB,伊藤　準規,2011,9000000,1196259.3567398118,60898368027270.94,MLB,NPB,regression_tree
NPB,前田　健太,2011,150000000,10030874.5,19591356093234752,MLB,NPB,regression_tree
NPB,大竹　寛,2011,65000000,3534554.007518797,3778001051054623.5,MLB,NPB,regression_tree
NPB,福井　優也,2011,27000000,1196259.3567398118,665833031184637.75,MLB,NPB,regression_tree
NPB,篠田　純平,2011,24000000,1196259.3567398118,520010587325076.56,MLB,NPB,regression_tree
NPB,中村　恭平,2011,10000000,1196259.3567398118,77505849313791.31,MLB,NPB,regression_tree
NPB,中田　廉,2011,8000000,1196259.3567398118,46290886740750.56,MLB,NPB,regression_tree
NPB,石川　雅規,2011,200000000,7599250.804347826,37018048291048256,MLB,NPB,regression_tree
NPB,館山　昌平,2011,190000000,7599250.804347826,33270033307135212,MLB,NPB,regression_tree
NPB,村中　恭兵,2011,45000000,1196259.3567398118,1918767694342004.5,MLB,NPB,regression_tree
NPB,増渕　竜義,2011,41000000,1196259.3567398118,1584337769195923,MLB,NPB,regression_tree
NPB,赤川　克紀,2011,21000000,1196259.3567398118,392188143465515.44,MLB,NPB,regression_tree
NPB,中澤　雅人,2011,18500000,1196259.3567398118,299419440249214.5,MLB,NPB,regression_tree
NPB,七條　祐樹,2011,16000000,2496038.3161764704,182356981158174.03,MLB,NPB,regression_tree
NPB,山本　斉,2011,10000000,1196259.3567398118,77505849313791.31,MLB,NPB,regression_tree
NPB,山岸　穣,2011,9500000,2496038.3161764704,49055479268468.13,MLB,NPB,regression_tree
NPB,攝津　正,2011,190000000,7599250.804347826,33270033307135212,MLB,NPB,regression_tree
NPB,帆足　和幸,2011,110000000.00000001,6938325.923611111,10621708663427814,MLB,NPB,regression_tree
NPB,山田　大樹,2011,30000000,1196259.3567398118,829655475044198.9,MLB,NPB,regression_tree
NPB,岩嵜　翔,2011,18000000,1196259.3567398118,282365699605954.3,MLB,NPB,regression_tree
NPB,武田　勝,2011,170000000,7599250.804347826,26374003339309124,MLB,NPB,regression_tree
NPB,斎藤　佑樹,2011,30000000,1196259.3567398118,829655475044198.9,MLB,NPB,regression_tree
NPB,八木　智哉,2011,24000000,3534554.007518797,418834479671164.9,MLB,NPB,regression_tree
NPB,糸数　敬作,2011,14000000,3534554.007518797,109525559821540.84,MLB,NPB,regression_tree
NPB,吉川　光夫,2011,11000000,1196259.3567398118,96113330600311.69,MLB,NPB,regression_tree
NPB,矢貫　俊之,2011,10000000,3534554.007518797,41801991881691.24,MLB,NPB,regression_tree
NPB,中村　勝,2011,7800000,1196259.3567398118,43609390483446.484,MLB,NPB,regression_tree
NPB,大塚　豊,2011,7800000,1196259.3567398118,43609390483446.484,MLB,NPB,regression_tree
NPB,寺原　隼人,2011,85000000,7599250.804347826,5990875976048250,MLB,NPB,regression_tree
NPB,木佐貫　洋,2011,50000000,3534554.007518797,2159037671280187.5,MLB,NPB,regression_tree
NPB,中山　慎也,2011,40000000,6938325.923611111,1093074292733365,MLB,NPB,regression_tree
NPB,近藤　一樹,2011,40000000,2496038.3161764704,1406547141981703.2,MLB,NPB,regression_tree
NPB,西　勇輝,2011,30000000,1196259.3567398118,829655475044198.9,MLB,NPB,regression_tree
NPB,田中　将大,2011,320000000,10030874.5,96080858763234750,MLB,NPB,regression_tree
NPB,永井　怜,2011,64000000,3534554.007518797,3656070159069661,MLB,NPB,regression_tree
NPB,川島　亮,2011,36000000,2496038.3161764704,1122515448511115.2,MLB,NPB,regression_tree
NPB,塩見　貴洋,2011,32000000,1196259.3567398118,948870437617239.6,MLB,NPB,regression_tree
NPB,川井　貴志,2011,20000000,3534554.007518797,271110911731315.28,MLB,NPB,regression_tree
NPB,長谷部　康平,2011,17000000,1196259.3567398118,249758218319433.97,MLB,NPB,regression_tree
NPB,井坂　亮平,2011,16500000,3534554.007518797,168102789783946.84,MLB,NPB,regression_tree
NPB,下柳　剛,2011,15000000,3534554.007518797,131456451806503.25,MLB,NPB,regression_tree
NPB,戸村　健次,2011,14100000,1196259.3567398118,166506522588524.88,MLB,NPB,regression_tree
NPB,藤原　紘通,2011,13000000,1196259.3567398118,139328293173352.45,MLB,NPB,regression_tree
NPB,菊池　保則,2011,6200000,1196259.3567398118,25037420425013.883,MLB,NPB,regression_tree
NPB,涌井　秀章,2011,210000000,3973936.4208333334,42446738873926830,MLB,NPB,regression_tree
NPB,石井　一久,2011,170000000,6938325.923611111,26589109552594480,MLB,NPB,regression_tree
NPB,岸　孝之,2011,110000000.00000001,6938325.923611111,10621708663427814,MLB,NPB,regression_tree
NPB,西口　文也,2011,100000000,7599250.804347826,8537898451917816,MLB,NPB,regression_tree
NPB,菊池　雄星,2011,20000000,1196259.3567398118,353580662178995.06,MLB,NPB,regression_tree
NPB,成瀬　善久,2011,130000000,3973936.4208333334,15882568701260158,MLB,NPB,regression_tree
NPB,渡辺　俊介,2011,126000000,6938325.923611111,14175682233872256,MLB,NPB,regression_tree
NPB,小野　晋吾,2011,80000000,3534554.007518797,5846964430829059,MLB,NPB,regression_tree
NPB,唐川　侑己,2011,54500000,1196259.3567398118,2841288766563948,MLB,NPB,regression_tree
NPB,大嶺　祐太,2011,17000000,1196259.3567398118,249758218319433.97,MLB,NPB,regression_tree
NPB,上野　大樹,2011,17000000,1196259.3567398118,249758218319433.97,MLB,NPB,regression_tree
NPB,小林　敦,2011,15000000,1196259.3567398118,190543255746393.2,MLB,NPB,regression_tree
NPB,光原　逸裕,2011,9000000,2496038.3161764704,42301517584644.6,MLB,NPB,regression_tree
NPB,阿部　和成,2011,5500000,1196259.3567398118,18522183524449.62,MLB,NPB,regression_tree
NPB,久保　康友,2012,120000000,3534554.007518797,13564200110227556,MLB,NPB,regression_tree
NPB,能見　篤史,2012,120000000,17190228.363636363,10569849143921242,MLB,NPB,regression_tree
NPB,岩田　稔,2012,58000000,6938325.923611111,2607294559483365,MLB,NPB,regression_tree
NPB,安藤　優也,2012,50000000,3534554.007518797,2159037671280187.5,MLB,NPB,regression_tree
NPB,二神　一人,2012,10000000,1196259.3567398118,77505849313791.31,MLB,NPB,regression_tree
NPB,秋山　拓巳,2012,10000000,1196259.3567398118,77505849313791.31,MLB,NPB,regression_tree
NPB,岩本　輝,2012,8000000,1196259.3567398118,46290886740750.56,MLB,NPB,regression_tree
NPB,歳内　宏明,2012,7500000,1196259.3567398118,39737146097490.375,MLB,NPB,regression_tree
NPB,伊藤　和雄,2012,7500000,1196259.3567398118,39737146097490.375,MLB,NPB,regression_tree
NPB,三浦　大輔,2012,180000000,6938325.923611111,29950343034122256,MLB,NPB,regression_tree
NPB,高崎　健太郎,2012,55000000,6938325.923611111,2309924515025031.5,MLB,NPB,regression_tree
NPB,藤井　秀悟,2012,37000000,6938325.923611111,903704248275031.75,MLB,NPB,regression_tree
NPB,国吉　佑樹,2012,18000000,1196259.3567398118,282365699605954.3,MLB,NPB,regression_tree
NPB,加賀美　希昇,2012,14000000,1196259.3567398118,163935774459872.8,MLB,NPB,regression_tree
NPB,須田　幸太,2012,13000000,1196259.3567398118,139328293173352.45,MLB,NPB,regression_tree
NPB,王　溢正,2012,10000000,2496038.3161764704,56309440952291.664,MLB,NPB,regression_tree
NPB,杉内　俊哉,2012,500000000,12398073.776699029,237755638456673470,MLB,NPB,regression_tree
NPB,内海　哲也,2012,400000000,7599250.804347826,153978347969309120,MLB,NPB,regression_tree
NPB,澤村　拓一,2012,65000000,1196259.3567398118,4070917320072412,MLB,NPB,regression_tree
NPB,小山　雄輝,2012,18000000,1196259.3567398118,282365699605954.3,MLB,NPB,regression_tree
NPB,宮國　椋丞,2012,16000000,1196259.3567398118,219150737032913.56,MLB,NPB,regression_tree
NPB,笠原　将生,2012,8400000,1196259.3567398118,51893879255358.71,MLB,NPB,regression_tree
NPB,吉見　一起,2012,290000000,7599250.804347826,79750183146265650,MLB,NPB,regression_tree
NPB,中田　賢一,2012,70000000,6938325.923611111,3976774737316698.5,MLB,NPB,regression_tree
NPB,川上　憲伸,2012,60000000,3534554.007518797,3188346591129811.5,MLB,NPB,regression_tree
NPB,山本昌,2012,60000000,3534554.007518797,3188346591129811.5,MLB,NPB,regression_tree
NPB,山内　壮馬,2012,42000000,7599250.804347826,1183411545222163.5,MLB,NPB,regression_tree
NPB,岩田　慎司,2012,28000000,1196259.3567398118,718440512471158.1,MLB,NPB,regression_tree
NPB,大野　雄大,2012,17500000,1196259.3567398118,265811958962694.16,MLB,NPB,regression_tree
NPB,伊藤　準規,2012,10000000,1196259.3567398118,77505849313791.31,MLB,NPB,regression_tree
NPB,小川　龍也,2012,5500000,1196259.3567398118,18522183524449.62,MLB,NPB,regression_tree
NPB,前田　健太,2012,210000000,3973936.4208333334,42446738873926830,MLB,NPB,regression_tree
NPB,大竹　寛,2012,100000000,7599250.804347826,8537898451917816,MLB,NPB,regression_tree
NPB,野村　祐輔,2012,40000000,3973936.4208333334,1297877257010159,MLB,NPB,regression_tree
NPB,福井　優也,2012,24000000,1196259.3567398118,520010587325076.56,MLB,NPB,regression_tree
NPB,篠田　純平,2012,19000000,2496038.3161764704,272380751261115.2,MLB,NPB,regression_tree
NPB,今井　啓介,2012,18000000,1196259.3567398118,282365699605954.3,MLB,NPB,regression_tree
NPB,齊藤　悠葵,2012,15000000,1196259.3567398118,190543255746393.2,MLB,NPB,regression_tree
NPB,戸田　隆矢,2012,5500000,1196259.3567398118,18522183524449.62,MLB,NPB,regression_tree
NPB,石川　雅規,2012,200000000,6938325.923611111,37272809997177816,MLB,NPB,regression_tree
NPB,館山　昌平,2012,190000000,7599250.804347826,33270033307135212,MLB,NPB,regression_tree
NPB,村中　恭兵,2012,65000000,1196259.3567398118,4070917320072412,MLB,NPB,regression_tree
NPB,赤川　克紀,2012,40000000,1196259.3567398118,1505730287909402.5,MLB,NPB,regression_tree
NPB,中澤　雅人,2012,16500000,3534554.007518797,168102789783946.84,MLB,NPB,regression_tree
NPB,七條　祐樹,2012,15000000,3534554.007518797,131456451806503.25,MLB,NPB,regression_tree
NPB,八木　亮祐,2012,7000000,1196259.3567398118,33683405454230.184,MLB,NPB,regression_tree
NPB,攝津　正,2012,290000000,7599250.804347826,79750183146265650,MLB,NPB,regression_tree
NPB,帆足　和幸,2012,110000000.00000001,2496038.3161764704,11557101777717e3,MLB,NPB,regression_tree
NPB,寺原　隼人,2012,85000000,6938325.923611111,6093624959608366,MLB,NPB,regression_tree
NPB,大隣　憲司,2012,63000000,7599250.804347826,3069243011439555,MLB,NPB,regression_tree
NPB,山本　省吾,2012,55000000,3534554.007518797,2648692131204999.5,MLB,NPB,regression_tree
NPB,新垣　渚,2012,42000000,6938325.923611111,1229320989038920.5,MLB,NPB,regression_tree
NPB,山田　大樹,2012,40000000,1196259.3567398118,1505730287909402.5,MLB,NPB,regression_tree
NPB,陽　耀勲,2012,35000000,3534554.007518797,990074291505751.4,MLB,NPB,regression_tree
NPB,岩嵜　翔,2012,28000000,1196259.3567398118,718440512471158.1,MLB,NPB,regression_tree
NPB,武田　翔太,2012,20000000,1196259.3567398118,353580662178995.06,MLB,NPB,regression_tree
NPB,大場　翔太,2012,16000000,3534554.007518797,155387343791465.66,MLB,NPB,regression_tree
NPB,千賀　滉大,2012,6500000,1196259.3567398118,28129664810969.996,MLB,NPB,regression_tree
NPB,武田　勝,2012,200000000,7599250.804347826,37018048291048256,MLB,NPB,regression_tree
NPB,吉川　光夫,2012,70000000,3973936.4208333334,4359441071760159,MLB,NPB,regression_tree
NPB,木佐貫　洋,2012,62000000,3534554.007518797,3418208375099736,MLB,NPB,regression_tree
NPB,多田野　数人,2012,38000000,6938325.923611111,964827596427809.5,MLB,NPB,regression_tree
NPB,斎藤　佑樹,2012,35000000,1196259.3567398118,1142692881476800.8,MLB,NPB,regression_tree
NPB,中村　勝,2012,13500000,1196259.3567398118,151382033816612.62,MLB,NPB,regression_tree
NPB,井川　慶,2012,100000000,2496038.3161764704,9507022544040526,MLB,NPB,regression_tree
NPB,東野　峻,2012,65000000,1196259.3567398118,4070917320072412,MLB,NPB,regression_tree
NPB,西　勇輝,2012,46000000,1196259.3567398118,2007375175628525,MLB,NPB,regression_tree
NPB,近藤　一樹,2012,31000000,3534554.007518797,754350723565901.75,MLB,NPB,regression_tree
NPB,八木　智哉,2012,24000000,6938325.923611111,291100722288920.6,MLB,NPB,regression_tree
NPB,前田　祐二,2012,12000000,1196259.3567398118,116720811886832.06,MLB,NPB,regression_tree
NPB,田中　将大,2012,400000000,3973936.4208333334,156836643034010140,MLB,NPB,regression_tree
NPB,永井　怜,2012,49000000,3534554.007518797,2067106779295225,MLB,NPB,regression_tree
NPB,美馬　学,2012,31000000,1196259.3567398118,888262956330719.25,MLB,NPB,regression_tree
NPB,塩見　貴洋,2012,29000000,1196259.3567398118,773047993757678.5,MLB,NPB,regression_tree
NPB,辛島　航,2012,22000000,1196259.3567398118,432795624752035.8,MLB,NPB,regression_tree
NPB,川井　貴志,2012,20000000,3534554.007518797,271110911731315.28,MLB,NPB,regression_tree
NPB,釜田　佳直,2012,20000000,1196259.3567398118,353580662178995.06,MLB,NPB,regression_tree
NPB,上園　啓史,2012,15000000,2496038.3161764704,156349057790526.97,MLB,NPB,regression_tree
NPB,戸村　健次,2012,15000000,1196259.3567398118,190543255746393.2,MLB,NPB,regression_tree
NPB,菊池　保則,2012,7200000,1196259.3567398118,36044901711534.26,MLB,NPB,regression_tree
NPB,石井　一久,2012,190000000,7599250.804347826,33270033307135212,MLB,NPB,regression_tree
NPB,岸　孝之,2012,150000000,7599250.804347826,20277973371483036,MLB,NPB,regression_tree
NPB,西口　文也,2012,70000000,3534554.007518797,4417655510979435.5,MLB,NPB,regression_tree
NPB,牧田　和久,2012,67000000,7599250.804347826,3528449005004772,MLB,NPB,regression_tree
NPB,野上　亮磨,2012,28000000,1196259.3567398118,718440512471158.1,MLB,NPB,regression_tree
NPB,菊池　雄星,2012,23000000,1196259.3567398118,475403106038556.2,MLB,NPB,regression_tree
NPB,平野　将光,2012,11000000,3534554.007518797,55732883866653.65,MLB,NPB,regression_tree
NPB,岡本　洋介,2012,8000000,2496038.3161764704,30293594216997.543,MLB,NPB,regression_tree
NPB,山本　淳,2012,7000000,2496038.3161764704,20285670849350.484,MLB,NPB,regression_tree
NPB,成瀬　善久,2012,160000000,7599250.804347826,23225988355396080,MLB,NPB,regression_tree
NPB,小野　晋吾,2012,80000000,3534554.007518797,5846964430829059,MLB,NPB,regression_tree
NPB,渡辺　俊介,2012,80000000,3534554.007518797,5846964430829059,MLB,NPB,regression_tree
NPB,唐川　侑己,2012,54500000,1196259.3567398118,2841288766563948,MLB,NPB,regression_tree
NPB,吉見　祐治,2012,26000000,2496038.3161764704,552436214834644.6,MLB,NPB,regression_tree
NPB,藤岡　貴裕,2012,21000000,1196259.3567398118,392188143465515.44,MLB,NPB,regression_tree
NPB,上野　大樹,2012,17000000,1196259.3567398118,249758218319433.97,MLB,NPB,regression_tree
NPB,香月　良仁,2012,9000000,2496038.3161764704,42301517584644.6,MLB,NPB,regression_tree
NPB,阿部　和成,2012,7000000,1196259.3567398118,33683405454230.184,MLB,NPB,regression_tree
NPB,能見　篤史,2013,150000000,7599250.804347826,20277973371483036,MLB,NPB,regression_tree
NPB,岩田　稔,2013,46000000,2496038.3161764704,1892594682187585.5,MLB,NPB,regression_tree
NPB,藤浪　晋太郎,2013,45000000,1196259.3567398118,1918767694342004.5,MLB,NPB,regression_tree
NPB,榎田　大樹,2013,41000000,3534554.007518797,1403659643415525.8,MLB,NPB,regression_tree
NPB,吉見　祐治,2013,15000000,3534554.007518797,131456451806503.25,MLB,NPB,regression_tree
NPB,秋山　拓巳,2013,12000000,1196259.3567398118,116720811886832.06,MLB,NPB,regression_tree
NPB,小嶋　達也,2013,11000000,2496038.3161764704,72317364319938.72,MLB,NPB,regression_tree
NPB,白仁田　寛和,2013,7500000,3534554.007518797,15724761919285.232,MLB,NPB,regression_tree
NPB,岩本　輝,2013,7000000,1196259.3567398118,33683405454230.184,MLB,NPB,regression_tree
NPB,三浦　大輔,2013,180000000,6938325.923611111,29950343034122256,MLB,NPB,regression_tree
NPB,藤井　秀悟,2013,41000000,6938325.923611111,1160197640886142.8,MLB,NPB,regression_tree
NPB,三嶋　一輝,2013,27000000,1196259.3567398118,665833031184637.75,MLB,NPB,regression_tree
NPB,須田　幸太,2013,17000000,2496038.3161764704,210364904525821.06,MLB,NPB,regression_tree
NPB,井納　翔一,2013,16500000,2496038.3161764704,196110942841997.56,MLB,NPB,regression_tree
NPB,国吉　佑樹,2013,15000000,1196259.3567398118,190543255746393.2,MLB,NPB,regression_tree
NPB,加賀美　希昇,2013,12500000,1196259.3567398118,127774552530092.27,MLB,NPB,regression_tree
NPB,小杉　陽太,2013,10000000,2496038.3161764704,56309440952291.664,MLB,NPB,regression_tree
NPB,杉内　俊哉,2013,500000000,12398073.776699029,237755638456673470,MLB,NPB,regression_tree
NPB,内海　哲也,2013,400000000,7599250.804347826,153978347969309120,MLB,NPB,regression_tree
NPB,大竹　寛,2013,100000000,7599250.804347826,8537898451917816,MLB,NPB,regression_tree
NPB,菅野　智之,2013,70000000,3973936.4208333334,4359441071760159,MLB,NPB,regression_tree
NPB,澤村　拓一,2013,60000000,1196259.3567398118,3457879913639810,MLB,NPB,regression_tree
NPB,小山　雄輝,2013,18000000,1196259.3567398118,282365699605954.3,MLB,NPB,regression_tree
NPB,宮國　椋丞,2013,16000000,1196259.3567398118,219150737032913.56,MLB,NPB,regression_tree
NPB,阿南　徹,2013,11000000,3534554.007518797,55732883866653.65,MLB,NPB,regression_tree
NPB,今村　信貴,2013,9000000,1196259.3567398118,60898368027270.94,MLB,NPB,regression_tree
NPB,吉見　一起,2013,174000000,2496038.3161764704,29413608873246408,MLB,NPB,regression_tree
NPB,山井　大介,2013,60000000,3534554.007518797,3188346591129811.5,MLB,NPB,regression_tree
NPB,山本昌,2013,40000000,3534554.007518797,1329728751430563.2,MLB,NPB,regression_tree
NPB,川上　憲伸,2013,30000000,3534554.007518797,700419831580939.25,MLB,NPB,regression_tree
NPB,大野　雄大,2013,28000000,1196259.3567398118,718440512471158.1,MLB,NPB,regression_tree
NPB,山内　壮馬,2013,20000000,2496038.3161764704,306388674628762.25,MLB,NPB,regression_tree
NPB,朝倉　健太,2013,18000000,2496038.3161764704,240372827893468.12,MLB,NPB,regression_tree
NPB,岩田　慎司,2013,15000000,1196259.3567398118,190543255746393.2,MLB,NPB,regression_tree
NPB,西川　健太郎,2013,7700000,1196259.3567398118,42298642354794.445,MLB,NPB,regression_tree
NPB,小川　龍也,2013,4800000,1196259.3567398118,12986946623885.357,MLB,NPB,regression_tree
NPB,前田　健太,2013,280000000,3973936.4208333334,76190387775010140,MLB,NPB,regression_tree
NPB,野村　祐輔,2013,60000000,1196259.3567398118,3457879913639810,MLB,NPB,regression_tree
NPB,篠田　純平,2013,15000000,2496038.3161764704,156349057790526.97,MLB,NPB,regression_tree
NPB,中村　恭平,2013,11000000,1196259.3567398118,96113330600311.69,MLB,NPB,regression_tree
NPB,武内　久士,2013,7600000,1196259.3567398118,41007894226142.414,MLB,NPB,regression_tree
NPB,戸田　隆矢,2013,5500000,1196259.3567398118,18522183524449.62,MLB,NPB,regression_tree
NPB,石川　雅規,2013,180000000,6938325.923611111,29950343034122256,MLB,NPB,regression_tree
NPB,館山　昌平,2013,150000000,3534554.007518797,21452126869776428,MLB,NPB,regression_tree
NPB,小川　泰弘,2013,56000000,3973936.4208333334,2706711291543492,MLB,NPB,regression_tree
NPB,村中　恭兵,2013,53000000,1196259.3567398118,2683627544634167.5,MLB,NPB,regression_tree
NPB,新垣　渚,2013,33000000,2496038.3161764704,930491678408174,MLB,NPB,regression_tree
NPB,赤川　克紀,2013,31000000,1196259.3567398118,888262956330719.25,MLB,NPB,regression_tree
NPB,八木　亮祐,2013,23000000,1196259.3567398118,475403106038556.2,MLB,NPB,regression_tree
NPB,中澤　雅人,2013,14000000,2496038.3161764704,132341134422879.9,MLB,NPB,regression_tree
NPB,古野　正人,2013,9600000,2496038.3161764704,50466271605232.836,MLB,NPB,regression_tree
NPB,徳山　武陽,2013,6000000,1196259.3567398118,23075924167709.81,MLB,NPB,regression_tree
NPB,攝津　正,2013,400000000,17190228.363636363,146543321260284860,MLB,NPB,regression_tree
NPB,寺原　隼人,2013,85000000,2496038.3161764704,6806903693525820,MLB,NPB,regression_tree
NPB,大隣　憲司,2013,60000000,3534554.007518797,3188346591129811.5,MLB,NPB,regression_tree
NPB,帆足　和幸,2013,55000000,6938325.923611111,2309924515025031.5,MLB,NPB,regression_tree
NPB,山田　大樹,2013,30000000,1196259.3567398118,829655475044198.9,MLB,NPB,regression_tree
NPB,武田　翔太,2013,19500000,1196259.3567398118,335026921535734.9,MLB,NPB,regression_tree
NPB,大場　翔太,2013,16000000,2496038.3161764704,182356981158174.03,MLB,NPB,regression_tree
NPB,東浜　巨,2013,14000000,1196259.3567398118,163935774459872.8,MLB,NPB,regression_tree
NPB,巽　真悟,2013,9000000,1196259.3567398118,60898368027270.94,MLB,NPB,regression_tree
NPB,武田　勝,2013,170000000,6938325.923611111,26589109552594480,MLB,NPB,regression_tree
NPB,木佐貫　洋,2013,82000000,6938325.923611111,5634254915150033,MLB,NPB,regression_tree
NPB,吉川　光夫,2013,70000000,1196259.3567398118,4733954726505013,MLB,NPB,regression_tree
NPB,大谷　翔平,2013,30000000,1196259.3567398118,829655475044198.9,MLB,NPB,regression_tree
NPB,多田野　数人,2013,30000000,3534554.007518797,700419831580939.25,MLB,NPB,regression_tree
NPB,斎藤　佑樹,2013,28000000,1196259.3567398118,718440512471158.1,MLB,NPB,regression_tree
NPB,中村　勝,2013,13000000,1196259.3567398118,139328293173352.45,MLB,NPB,regression_tree
NPB,新垣　勇人,2013,8250000,2496038.3161764704,33108075058909.31,MLB,NPB,regression_tree
NPB,井川　慶,2013,60000000,3534554.007518797,3188346591129811.5,MLB,NPB,regression_tree
NPB,西　勇輝,2013,55000000,1196259.3567398118,2894842507207208.5,MLB,NPB,regression_tree
NPB,東野　峻,2013,49000000,2496038.3161764704,2162618452290526.8,MLB,NPB,regression_tree
NPB,八木　智哉,2013,18000000,2496038.3161764704,240372827893468.12,MLB,NPB,regression_tree
NPB,前田　祐二,2013,18000000,3534554.007518797,209249127761390.47,MLB,NPB,regression_tree
NPB,松葉　貴大,2013,18000000,1196259.3567398118,282365699605954.3,MLB,NPB,regression_tree
NPB,則本　昂大,2013,60000000,1196259.3567398118,3457879913639810,MLB,NPB,regression_tree
NPB,美馬　学,2013,40000000,6938325.923611111,1093074292733365,MLB,NPB,regression_tree
NPB,永井　怜,2013,37000000,3534554.007518797,1119936075475676.1,MLB,NPB,regression_tree
NPB,辛島　航,2013,21000000,1196259.3567398118,392188143465515.44,MLB,NPB,regression_tree
NPB,川井　貴志,2013,19000000,3534554.007518797,239180019746352.88,MLB,NPB,regression_tree
NPB,戸村　健次,2013,18000000,1196259.3567398118,282365699605954.3,MLB,NPB,regression_tree
NPB,岸　孝之,2013,200000000,7599250.804347826,37018048291048256,MLB,NPB,regression_tree
NPB,牧田　和久,2013,80000000,6938325.923611111,5338008218844477,MLB,NPB,regression_tree
NPB,野上　亮磨,2013,48000000,1196259.3567398118,2190590138201565.8,MLB,NPB,regression_tree
NPB,十亀　剣,2013,44000000,1196259.3567398118,1832160213055484.2,MLB,NPB,regression_tree
NPB,菊池　雄星,2013,40000000,1196259.3567398118,1505730287909402.5,MLB,NPB,regression_tree
NPB,西口　文也,2013,35000000,2496038.3161764704,1056507525143468.1,MLB,NPB,regression_tree
NPB,成瀬　善久,2013,144000000,6938325.923611111,18785902500622256,MLB,NPB,regression_tree
NPB,唐川　侑己,2013,65400000,1196259.3567398118,4122120312587020,MLB,NPB,regression_tree
NPB,大谷　智久,2013,30700000,2496038.3161764704,795463454662585.75,MLB,NPB,regression_tree
NPB,古谷　拓哉,2013,30000000,6938325.923611111,531840811205587.25,MLB,NPB,regression_tree
NPB,西野　勇士,2013,26400000,1196259.3567398118,635228542412725.5,MLB,NPB,regression_tree
NPB,大嶺　祐太,2013,15400000,1196259.3567398118,201746248261001.34,MLB,NPB,regression_tree
NPB,阿部　和成,2013,8300000,1196259.3567398118,50463131126706.67,MLB,NPB,regression_tree
NPB,能見　篤史,2014,140000000,6938325.923611111,17705409108011144,MLB,NPB,regression_tree
NPB,藤浪　晋太郎,2014,85000000,1196259.3567398118,7023066945802818,MLB,NPB,regression_tree
NPB,岩田　稔,2014,60000000,6938325.923611111,2815541255788920.5,MLB,NPB,regression_tree
NPB,岩貞　祐太,2014,16500000,1196259.3567398118,234204477676173.75,MLB,NPB,regression_tree
NPB,岩崎　優,2014,15000000,1196259.3567398118,190543255746393.2,MLB,NPB,regression_tree
NPB,秋山　拓巳,2014,10000000,1196259.3567398118,77505849313791.31,MLB,NPB,regression_tree
NPB,三浦　大輔,2014,135000000,3534554.007518797,17283163490001992,MLB,NPB,regression_tree
NPB,久保　康友,2014,120000000,7599250.804347826,12633928419743902,MLB,NPB,regression_tree
NPB,山口　俊,2014,88000000,6938325.923611111,6570995004066699,MLB,NPB,regression_tree
NPB,高崎　健太郎,2014,39000000,3534554.007518797,1257797859445601,MLB,NPB,regression_tree
NPB,井納　翔一,2014,39000000,7599250.804347826,986007050048250.5,MLB,NPB,regression_tree
NPB,三嶋　一輝,2014,21000000,1196259.3567398118,392188143465515.44,MLB,NPB,regression_tree
NPB,加賀美　希昇,2014,10000000,1196259.3567398118,77505849313791.31,MLB,NPB,regression_tree
NPB,杉内　俊哉,2014,500000000,17190228.363636363,233105275587557600,MLB,NPB,regression_tree
NPB,内海　哲也,2014,400000000,6938325.923611111,154497479627733380,MLB,NPB,regression_tree
NPB,菅野　智之,2014,110000000.00000001,1196259.3567398118,11838253977965830,MLB,NPB,regression_tree
NPB,大竹　寛,2014,100000000,6938325.923611111,8660475181900033,MLB,NPB,regression_tree
NPB,澤村　拓一,2014,48000000,1196259.3567398118,2190590138201565.8,MLB,NPB,regression_tree
NPB,小山　雄輝,2014,35000000,1196259.3567398118,1142692881476800.8,MLB,NPB,regression_tree
NPB,宮國　椋丞,2014,12000000,1196259.3567398118,116720811886832.06,MLB,NPB,regression_tree
NPB,山井　大介,2014,120000000,7599250.804347826,12633928419743902,MLB,NPB,regression_tree
NPB,吉見　一起,2014,104400000,3534554.007518797,10173838195262142,MLB,NPB,regression_tree
NPB,大野　雄大,2014,45000000,1196259.3567398118,1918767694342004.5,MLB,NPB,regression_tree
NPB,川上　憲伸,2014,40000000,2496038.3161764704,1406547141981703.2,MLB,NPB,regression_tree
NPB,山本昌,2014,40000000,3534554.007518797,1329728751430563.2,MLB,NPB,regression_tree
NPB,朝倉　健太,2014,25000000,2496038.3161764704,506428291466997.56,MLB,NPB,regression_tree
NPB,濱田　達郎,2014,17000000,1196259.3567398118,249758218319433.97,MLB,NPB,regression_tree
NPB,山内　壮馬,2014,15000000,2496038.3161764704,156349057790526.97,MLB,NPB,regression_tree
NPB,伊藤　準規,2014,9000000,1196259.3567398118,60898368027270.94,MLB,NPB,regression_tree
NPB,前田　健太,2014,300000000,3973936.4208333334,87631430318176820,MLB,NPB,regression_tree
NPB,野村　祐輔,2014,58000000,1196259.3567398118,3226664951066769.5,MLB,NPB,regression_tree
NPB,大瀬良　大地,2014,35000000,1196259.3567398118,1142692881476800.8,MLB,NPB,regression_tree
NPB,福井　優也,2014,22000000,1196259.3567398118,432795624752035.8,MLB,NPB,regression_tree
NPB,九里　亜蓮,2014,16000000,1196259.3567398118,219150737032913.56,MLB,NPB,regression_tree
NPB,篠田　純平,2014,15000000,2496038.3161764704,156349057790526.97,MLB,NPB,regression_tree
NPB,成瀬　善久,2014,200000000,2496038.3161764704,39007814880805230,MLB,NPB,regression_tree
NPB,石川　雅規,2014,180000000,7599250.804347826,29722018323222168,MLB,NPB,regression_tree
NPB,小川　泰弘,2014,65000000,1196259.3567398118,4070917320072412,MLB,NPB,regression_tree
NPB,村中　恭兵,2014,40000000,3534554.007518797,1329728751430563.2,MLB,NPB,regression_tree
NPB,八木　亮祐,2014,26000000,1196259.3567398118,615225549898117.4,MLB,NPB,regression_tree
NPB,新垣　渚,2014,26000000,2496038.3161764704,552436214834644.6,MLB,NPB,regression_tree
NPB,木谷　良平,2014,16800000,1196259.3567398118,243476722062129.88,MLB,NPB,regression_tree
NPB,杉浦　稔大,2014,16000000,1196259.3567398118,219150737032913.56,MLB,NPB,regression_tree
NPB,古野　正人,2014,13600000,2496038.3161764704,123297965075821.08,MLB,NPB,regression_tree
NPB,攝津　正,2014,400000000,7599250.804347826,153978347969309120,MLB,NPB,regression_tree
NPB,中田　賢一,2014,95000000,7599250.804347826,7638890959961294,MLB,NPB,regression_tree
NPB,大隣　憲司,2014,73000000,3534554.007518797,4825448186934323,MLB,NPB,regression_tree
NPB,帆足　和幸,2014,55000000,6938325.923611111,2309924515025031.5,MLB,NPB,regression_tree
NPB,寺原　隼人,2014,45000000,2496038.3161764704,1806586758819938.5,MLB,NPB,regression_tree
NPB,岩嵜　翔,2014,44000000,1196259.3567398118,1832160213055484.2,MLB,NPB,regression_tree
NPB,武田　翔太,2014,26000000,1196259.3567398118,615225549898117.4,MLB,NPB,regression_tree
NPB,山田　大樹,2014,22500000,1196259.3567398118,453849365395296,MLB,NPB,regression_tree
NPB,飯田　優也,2014,18000000,1196259.3567398118,282365699605954.3,MLB,NPB,regression_tree
NPB,東浜　巨,2014,17000000,1196259.3567398118,249758218319433.97,MLB,NPB,regression_tree
NPB,大場　翔太,2014,12000000,3534554.007518797,71663775851616.05,MLB,NPB,regression_tree
NPB,大谷　翔平,2014,100000000,1196259.3567398118,9762179165100624,MLB,NPB,regression_tree
NPB,木佐貫　洋,2014,65000000,3534554.007518797,3778001051054623.5,MLB,NPB,regression_tree
NPB,吉川　光夫,2014,60000000,1196259.3567398118,3457879913639810,MLB,NPB,regression_tree
NPB,中村　勝,2014,26000000,1196259.3567398118,615225549898117.4,MLB,NPB,regression_tree
NPB,斎藤　佑樹,2014,25000000,1196259.3567398118,566618068611597,MLB,NPB,regression_tree
NPB,浦野　博司,2014,24000000,1196259.3567398118,520010587325076.56,MLB,NPB,regression_tree
NPB,上沢　直之,2014,23000000,1196259.3567398118,475403106038556.2,MLB,NPB,regression_tree
NPB,新垣　勇人,2014,8150000,2496038.3161764704,31967282722144.6,MLB,NPB,regression_tree
NPB,西　勇輝,2014,95000000,1196259.3567398118,8799141758668022,MLB,NPB,regression_tree
NPB,井川　慶,2014,48000000,3534554.007518797,1977175887310262.5,MLB,NPB,regression_tree
NPB,松葉　貴大,2014,35000000,1196259.3567398118,1142692881476800.8,MLB,NPB,regression_tree
NPB,東明　大貴,2014,22000000,1196259.3567398118,432795624752035.8,MLB,NPB,regression_tree
NPB,吉田　一将,2014,21000000,1196259.3567398118,392188143465515.44,MLB,NPB,regression_tree
NPB,近藤　一樹,2014,13000000,2496038.3161764704,110333211055232.84,MLB,NPB,regression_tree
NPB,則本　昂大,2014,120000000,3973936.4208333334,13462047429676826,MLB,NPB,regression_tree
NPB,辛島　航,2014,42000000,1196259.3567398118,1664945250482443.2,MLB,NPB,regression_tree
NPB,美馬　学,2014,37000000,2496038.3161764704,1190523371878762,MLB,NPB,regression_tree
NPB,塩見　貴洋,2014,30000000,1196259.3567398118,829655475044198.9,MLB,NPB,regression_tree
NPB,松井　裕樹,2014,25000000,1196259.3567398118,566618068611597,MLB,NPB,regression_tree
NPB,川井　貴志,2014,18000000,2496038.3161764704,240372827893468.12,MLB,NPB,regression_tree
NPB,菊池　保則,2014,12000000,1196259.3567398118,116720811886832.06,MLB,NPB,regression_tree
NPB,濱矢　廣大,2014,10000000,1196259.3567398118,77505849313791.31,MLB,NPB,regression_tree
NPB,森　雄大,2014,9500000,1196259.3567398118,68952108670531.125,MLB,NPB,regression_tree
NPB,横山　貴明,2014,8100000,1196259.3567398118,47661634869402.6,MLB,NPB,regression_tree
NPB,岸　孝之,2014,225000000,7599250.804347826,47263085750830864,MLB,NPB,regression_tree
NPB,牧田　和久,2014,75000000,6938325.923611111,4632391478080588,MLB,NPB,regression_tree
NPB,野上　亮磨,2014,45000000,6938325.923611111,1448691033497254,MLB,NPB,regression_tree
NPB,菊池　雄星,2014,38000000,1196259.3567398118,1354515325336361.8,MLB,NPB,regression_tree
NPB,岡本　洋介,2014,17000000,3534554.007518797,181318235776428.06,MLB,NPB,regression_tree
NPB,小石　博孝,2014,9500000,3534554.007518797,35586545889210.04,MLB,NPB,regression_tree
NPB,涌井　秀章,2014,220000000.00000003,6938325.923611111,45395276960233384,MLB,NPB,regression_tree
NPB,唐川　侑己,2014,60000000,1196259.3567398118,3457879913639810,MLB,NPB,regression_tree
NPB,石川　歩,2014,37000000,1196259.3567398118,1281907844049841.5,MLB,NPB,regression_tree
NPB,古谷　拓哉,2014,36000000,6938325.923611111,844580900122253.9,MLB,NPB,regression_tree
NPB,藤岡　貴裕,2014,35000000,1196259.3567398118,1142692881476800.8,MLB,NPB,regression_tree
NPB,大嶺　祐太,2014,18200000,1196259.3567398118,289127195863258.4,MLB,NPB,regression_tree
NPB,チェン・グァンユウ,2014,6000000,1196259.3567398118,23075924167709.81,MLB,NPB,regression_tree
NPB,藤浪　晋太郎,2015,170000000,3973936.4208333334,27564653787593496,MLB,NPB,regression_tree
NPB,能見　篤史,2015,140000000,7599250.804347826,17529958387569990,MLB,NPB,regression_tree
NPB,岩田　稔,2015,68000000,6938325.923611111,3728528041011143,MLB,NPB,regression_tree
NPB,岩崎　優,2015,20000000,1196259.3567398118,353580662178995.06,MLB,NPB,regression_tree
NPB,岩貞　祐太,2015,16000000,1196259.3567398118,219150737032913.56,MLB,NPB,regression_tree
NPB,横山　雄哉,2015,15000000,1196259.3567398118,190543255746393.2,MLB,NPB,regression_tree
NPB,秋山　拓巳,2015,10000000,1196259.3567398118,77505849313791.31,MLB,NPB,regression_tree
NPB,三浦　大輔,2015,125000000,6938325.923611111,13938558885719478,MLB,NPB,regression_tree
NPB,久保　康友,2015,120000000,6938325.923611111,12782942144955588,MLB,NPB,regression_tree
NPB,山口　俊,2015,80000000,3534554.007518797,5846964430829059,MLB,NPB,regression_tree
NPB,井納　翔一,2015,45000000,3534554.007518797,1719383211355375.2,MLB,NPB,regression_tree
NPB,高崎　健太郎,2015,33000000,2496038.3161764704,930491678408174,MLB,NPB,regression_tree
NPB,三嶋　一輝,2015,25000000,1196259.3567398118,566618068611597,MLB,NPB,regression_tree
NPB,石田　健大,2015,18000000,1196259.3567398118,282365699605954.3,MLB,NPB,regression_tree
NPB,砂田　毅樹,2015,13000000,1196259.3567398118,139328293173352.45,MLB,NPB,regression_tree
NPB,内海　哲也,2015,400000000,2496038.3161764704,158009399554334660,MLB,NPB,regression_tree
NPB,菅野　智之,2015,130000000,3973936.4208333334,15882568701260158,MLB,NPB,regression_tree
NPB,大竹　寛,2015,100000000,3534554.007518797,9305582270528308,MLB,NPB,regression_tree
NPB,杉内　俊哉,2015,50000000,6938325.923611111,1854307774261142.8,MLB,NPB,regression_tree
NPB,高木　勇人,2015,42000000,1196259.3567398118,1664945250482443.2,MLB,NPB,regression_tree
NPB,田口　麗斗,2015,18000000,1196259.3567398118,282365699605954.3,MLB,NPB,regression_tree
NPB,山井　大介,2015,120000000,3534554.007518797,13564200110227556,MLB,NPB,regression_tree
NPB,大野　雄大,2015,108000000,7599250.804347826,10080310439048250,MLB,NPB,regression_tree
NPB,吉見　一起,2015,89000000,3534554.007518797,7304342458693721,MLB,NPB,regression_tree
NPB,若松　駿太,2015,36000000,1196259.3567398118,1211300362763321,MLB,NPB,regression_tree
NPB,八木　智哉,2015,20000000,3534554.007518797,271110911731315.28,MLB,NPB,regression_tree
NPB,武藤　祐太,2015,16000000,1196259.3567398118,219150737032913.56,MLB,NPB,regression_tree
NPB,濱田　達郎,2015,13000000,1196259.3567398118,139328293173352.45,MLB,NPB,regression_tree
NPB,小熊　凌祐,2015,12000000,1196259.3567398118,116720811886832.06,MLB,NPB,regression_tree
NPB,岩田　慎司,2015,11500000,3534554.007518797,63448329859134.85,MLB,NPB,regression_tree
NPB,伊藤　準規,2015,6750000,1196259.3567398118,30844035132600.09,MLB,NPB,regression_tree
NPB,鈴木　翔太,2015,6000000,1196259.3567398118,23075924167709.81,MLB,NPB,regression_tree
NPB,黒田　博樹,2015,600000000,7599250.804347826,350938647647569900,MLB,NPB,regression_tree
NPB,野村　祐輔,2015,52000000,1196259.3567398118,2581020063347647,MLB,NPB,regression_tree
NPB,福井　優也,2015,42000000,6938325.923611111,1229320989038920.5,MLB,NPB,regression_tree
NPB,薮田　和樹,2015,10000000,1196259.3567398118,77505849313791.31,MLB,NPB,regression_tree
NPB,中村　恭平,2015,8000000,1196259.3567398118,46290886740750.56,MLB,NPB,regression_tree
NPB,石川　雅規,2015,200000000,7599250.804347826,37018048291048256,MLB,NPB,regression_tree
NPB,成瀬　善久,2015,144000000,2496038.3161764704,20023371172216996,MLB,NPB,regression_tree
NPB,館山　昌平,2015,120000000,6938325.923611111,12782942144955588,MLB,NPB,regression_tree
NPB,小川　泰弘,2015,100000000,1196259.3567398118,9762179165100624,MLB,NPB,regression_tree
NPB,石山　泰稚,2015,41000000,3534554.007518797,1403659643415525.8,MLB,NPB,regression_tree
NPB,新垣　渚,2015,28000000,3534554.007518797,598558047611014.5,MLB,NPB,regression_tree
NPB,山中　浩史,2015,22000000,6938325.923611111,226854025983365.06,MLB,NPB,regression_tree
NPB,杉浦　稔大,2015,17000000,1196259.3567398118,249758218319433.97,MLB,NPB,regression_tree
NPB,近藤　一樹,2015,12000000,2496038.3161764704,90325287687585.78,MLB,NPB,regression_tree
NPB,風張　蓮,2015,11000000,1196259.3567398118,96113330600311.69,MLB,NPB,regression_tree
NPB,寺田　哲也,2015,9500000,3534554.007518797,35586545889210.04,MLB,NPB,regression_tree
NPB,攝津　正,2015,400000000,7599250.804347826,153978347969309120,MLB,NPB,regression_tree
NPB,中田　賢一,2015,95000000,6938325.923611111,7754858441136144,MLB,NPB,regression_tree
NPB,武田　翔太,2015,70000000,1196259.3567398118,4733954726505013,MLB,NPB,regression_tree
NPB,大隣　憲司,2015,68000000,3534554.007518797,4155793727009510.5,MLB,NPB,regression_tree
NPB,寺原　隼人,2015,65000000,6938325.923611111,3371157996552809.5,MLB,NPB,regression_tree
NPB,千賀　滉大,2015,25000000,1196259.3567398118,566618068611597,MLB,NPB,regression_tree
NPB,東浜　巨,2015,18000000,1196259.3567398118,282365699605954.3,MLB,NPB,regression_tree
NPB,大谷　翔平,2015,200000000,1196259.3567398118,39522927293752656,MLB,NPB,regression_tree
NPB,吉川　光夫,2015,95000000,7599250.804347826,7638890959961294,MLB,NPB,regression_tree
NPB,武田　勝,2015,40000000,2496038.3161764704,1406547141981703.2,MLB,NPB,regression_tree
NPB,有原　航平,2015,30000000,1196259.3567398118,829655475044198.9,MLB,NPB,regression_tree
NPB,上沢　直之,2015,24000000,1196259.3567398118,520010587325076.56,MLB,NPB,regression_tree
NPB,中村　勝,2015,24000000,1196259.3567398118,520010587325076.56,MLB,NPB,regression_tree
NPB,浦野　博司,2015,23000000,1196259.3567398118,475403106038556.2,MLB,NPB,regression_tree
NPB,斎藤　佑樹,2015,23000000,2496038.3161764704,420412444731703.44,MLB,NPB,regression_tree
NPB,新垣　勇人,2015,8500000,2496038.3161764704,36047555900821.07,MLB,NPB,regression_tree
NPB,高梨　裕稔,2015,7700000,1196259.3567398118,42298642354794.445,MLB,NPB,regression_tree
NPB,西　勇輝,2015,120000000,1196259.3567398118,14114328790831030,MLB,NPB,regression_tree
NPB,東明　大貴,2015,42000000,1196259.3567398118,1664945250482443.2,MLB,NPB,regression_tree
NPB,松葉　貴大,2015,28000000,1196259.3567398118,718440512471158.1,MLB,NPB,regression_tree
NPB,八木　亮祐,2015,20000000,1196259.3567398118,353580662178995.06,MLB,NPB,regression_tree
NPB,山﨑　福也,2015,17000000,1196259.3567398118,249758218319433.97,MLB,NPB,regression_tree
NPB,則本　昂大,2015,150000000,3973936.4208333334,21323611244426828,MLB,NPB,regression_tree
NPB,美馬　学,2015,35000000,3534554.007518797,990074291505751.4,MLB,NPB,regression_tree
NPB,辛島　航,2015,33000000,1196259.3567398118,1011477918903760,MLB,NPB,regression_tree
NPB,塩見　貴洋,2015,30000000,3534554.007518797,700419831580939.25,MLB,NPB,regression_tree
NPB,菊池　保則,2015,19000000,1196259.3567398118,316973180892474.7,MLB,NPB,regression_tree
NPB,川井　貴志,2015,16000000,2496038.3161764704,182356981158174.03,MLB,NPB,regression_tree
NPB,釜田　佳直,2015,12800000,1196259.3567398118,134646796916048.38,MLB,NPB,regression_tree
NPB,安樂　智大,2015,12000000,1196259.3567398118,116720811886832.06,MLB,NPB,regression_tree
NPB,森　雄大,2015,9500000,1196259.3567398118,68952108670531.125,MLB,NPB,regression_tree
NPB,岸　孝之,2015,225000000,3534554.007518797,49046943768648610,MLB,NPB,regression_tree
NPB,牧田　和久,2015,75000000,6938325.923611111,4632391478080588,MLB,NPB,regression_tree
NPB,十亀　剣,2015,60000000,7599250.804347826,2745838516265641.5,MLB,NPB,regression_tree
NPB,野上　亮磨,2015,58000000,6938325.923611111,2607294559483365,MLB,NPB,regression_tree
NPB,菊池　雄星,2015,55000000,1196259.3567398118,2894842507207208.5,MLB,NPB,regression_tree
NPB,郭　俊麟,2015,30000000,1196259.3567398118,829655475044198.9,MLB,NPB,regression_tree
NPB,髙橋　光成,2015,18000000,1196259.3567398118,282365699605954.3,MLB,NPB,regression_tree
NPB,佐野　泰雄,2015,12000000,1196259.3567398118,116720811886832.06,MLB,NPB,regression_tree
NPB,涌井　秀章,2015,220000000.00000003,7599250.804347826,45114078258874350,MLB,NPB,regression_tree
NPB,石川　歩,2015,75000000,7599250.804347826,4542860992135207,MLB,NPB,regression_tree
NPB,唐川　侑己,2015,48000000,1196259.3567398118,2190590138201565.8,MLB,NPB,regression_tree
NPB,大嶺　祐太,2015,36400000,6938325.923611111,867990239383365,MLB,NPB,regression_tree
NPB,古谷　拓哉,2015,31000000,3534554.007518797,754350723565901.75,MLB,NPB,regression_tree
NPB,チェン・グァンユウ,2015,17000000,1196259.3567398118,249758218319433.97,MLB,NPB,regression_tree
NPB,田中　英祐,2015,13400000,1196259.3567398118,148931285687960.6,MLB,NPB,regression_tree
NPB,木村　優太,2015,9300000,2496038.3161764704,46293894594938.72,MLB,NPB,regression_tree
NPB,藤浪　晋太郎,2016,160000000,1196259.3567398118,25218628042291844,MLB,NPB,regression_tree
NPB,能見　篤史,2016,130000000,6938325.923611111,15144175626483366,MLB,NPB,regression_tree
NPB,岩田　稔,2016,53000000,2496038.3161764704,2550650145761115,MLB,NPB,regression_tree
NPB,岩貞　祐太,2016,40000000,1196259.3567398118,1505730287909402.5,MLB,NPB,regression_tree
NPB,岩崎　優,2016,25000000,1196259.3567398118,566618068611597,MLB,NPB,regression_tree
NPB,横山　雄哉,2016,15700000,1196259.3567398118,210358492646957.47,MLB,NPB,regression_tree
NPB,青柳　晃洋,2016,12000000,1196259.3567398118,116720811886832.06,MLB,NPB,regression_tree
NPB,久保　康友,2016,100000000,3534554.007518797,9305582270528308,MLB,NPB,regression_tree
NPB,井納　翔一,2016,72000000,6938325.923611111,4233021433622254,MLB,NPB,regression_tree
NPB,石田　健大,2016,48000000,1196259.3567398118,2190590138201565.8,MLB,NPB,regression_tree
NPB,今永　昇太,2016,40000000,1196259.3567398118,1505730287909402.5,MLB,NPB,regression_tree
NPB,三嶋　一輝,2016,23000000,1196259.3567398118,475403106038556.2,MLB,NPB,regression_tree
NPB,国吉　佑樹,2016,20000000,1196259.3567398118,353580662178995.06,MLB,NPB,regression_tree
NPB,平良　拳太郎,2016,7500000,1196259.3567398118,39737146097490.375,MLB,NPB,regression_tree
NPB,菅野　智之,2016,229999999.99999997,6938325.923611111,49756510441761136,MLB,NPB,regression_tree
NPB,内海　哲也,2016,200000000,6938325.923611111,37272809997177816,MLB,NPB,regression_tree
NPB,吉川　光夫,2016,95000000,6938325.923611111,7754858441136144,MLB,NPB,regression_tree
NPB,山口　俊,2016,80000000,12398073.776699029,4570020429100626,MLB,NPB,regression_tree
NPB,大竹　寛,2016,70000000,6938325.923611111,3976774737316698.5,MLB,NPB,regression_tree
NPB,田口　麗斗,2016,50000000,1196259.3567398118,2381805100774606.5,MLB,NPB,regression_tree
NPB,高木　勇人,2016,37000000,3534554.007518797,1119936075475676.1,MLB,NPB,regression_tree
NPB,今村　信貴,2016,16000000,1196259.3567398118,219150737032913.56,MLB,NPB,regression_tree
NPB,桜井　俊貴,2016,12000000,1196259.3567398118,116720811886832.06,MLB,NPB,regression_tree
NPB,江柄子　裕樹,2016,11000000,2496038.3161764704,72317364319938.72,MLB,NPB,regression_tree
NPB,大野　雄大,2016,86400000,6938325.923611111,6314157647022255,MLB,NPB,regression_tree
NPB,吉見　一起,2016,80000000,6938325.923611111,5338008218844477,MLB,NPB,regression_tree
NPB,ジョーダン,2016,30000000,6938325.923611111,531840811205587.25,MLB,NPB,regression_tree
NPB,若松　駿太,2016,30000000,1196259.3567398118,829655475044198.9,MLB,NPB,regression_tree
NPB,小笠原　慎之介,2016,18000000,1196259.3567398118,282365699605954.3,MLB,NPB,regression_tree
NPB,小熊　凌祐,2016,16000000,1196259.3567398118,219150737032913.56,MLB,NPB,regression_tree
NPB,八木　智哉,2016,15000000,3534554.007518797,131456451806503.25,MLB,NPB,regression_tree
NPB,濱田　達郎,2016,9750000,1196259.3567398118,73166478992161.22,MLB,NPB,regression_tree
NPB,伊藤　準規,2016,7500000,1196259.3567398118,39737146097490.375,MLB,NPB,regression_tree
NPB,野村　祐輔,2016,100000000,7599250.804347826,8537898451917816,MLB,NPB,regression_tree
NPB,福井　優也,2016,41000000,3534554.007518797,1403659643415525.8,MLB,NPB,regression_tree
NPB,岡田　明丈,2016,25200000,1196259.3567398118,576179564868901,MLB,NPB,regression_tree
NPB,横山　弘樹,2016,12500000,1196259.3567398118,127774552530092.27,MLB,NPB,regression_tree
NPB,中村　恭平,2016,9000000,2496038.3161764704,42301517584644.6,MLB,NPB,regression_tree
NPB,石川　雅規,2016,180000000,6938325.923611111,29950343034122256,MLB,NPB,regression_tree
NPB,館山　昌平,2016,120000000,2496038.3161764704,13807181011393468,MLB,NPB,regression_tree
NPB,小川　泰弘,2016,88000000,1196259.3567398118,7534889389662379,MLB,NPB,regression_tree
NPB,山中　浩史,2016,41000000,6938325.923611111,1160197640886142.8,MLB,NPB,regression_tree
NPB,原　樹理,2016,17000000,1196259.3567398118,249758218319433.97,MLB,NPB,regression_tree
NPB,和田　毅,2016,400000000,17190228.363636363,146543321260284860,MLB,NPB,regression_tree
NPB,攝津　正,2016,400000000,2496038.3161764704,158009399554334660,MLB,NPB,regression_tree
NPB,武田　翔太,2016,120000000,3973936.4208333334,13462047429676826,MLB,NPB,regression_tree
NPB,中田　賢一,2016,95000000,6938325.923611111,7754858441136144,MLB,NPB,regression_tree
NPB,千賀　滉大,2016,65000000,1196259.3567398118,4070917320072412,MLB,NPB,regression_tree
NPB,大隣　憲司,2016,55000000,3534554.007518797,2648692131204999.5,MLB,NPB,regression_tree
NPB,東浜　巨,2016,36000000,1196259.3567398118,1211300362763321,MLB,NPB,regression_tree
NPB,山田　大樹,2016,14000000,2496038.3161764704,132341134422879.9,MLB,NPB,regression_tree
NPB,大谷　翔平,2016,270000000,1196259.3567398118,72255450983809090,MLB,NPB,regression_tree
NPB,有原　航平,2016,60000000,1196259.3567398118,3457879913639810,MLB,NPB,regression_tree
NPB,加藤　貴之,2016,26000000,1196259.3567398118,615225549898117.4,MLB,NPB,regression_tree
NPB,杉浦　稔大,2016,15000000,1196259.3567398118,190543255746393.2,MLB,NPB,regression_tree
NPB,中村　勝,2016,12000000,1196259.3567398118,116720811886832.06,MLB,NPB,regression_tree
NPB,西　勇輝,2016,130000000,1196259.3567398118,16590403603696234,MLB,NPB,regression_tree
NPB,松葉　貴大,2016,36500000,1196259.3567398118,1246354103406581.2,MLB,NPB,regression_tree
NPB,東明　大貴,2016,34000000,2496038.3161764704,992499601775821.1,MLB,NPB,regression_tree
NPB,八木　亮祐,2016,16000000,1196259.3567398118,219150737032913.56,MLB,NPB,regression_tree
NPB,近藤　大亮,2016,9600000,1196259.3567398118,70622856799183.17,MLB,NPB,regression_tree
NPB,青山　大紀,2016,9000000,1196259.3567398118,60898368027270.94,MLB,NPB,regression_tree
NPB,山田　修義,2016,9000000,1196259.3567398118,60898368027270.94,MLB,NPB,regression_tree
NPB,岸　孝之,2016,225000000,6938325.923611111,47550893700997256,MLB,NPB,regression_tree
NPB,則本　昂大,2016,200000000,3973936.4208333334,38426217602343496,MLB,NPB,regression_tree
NPB,美馬　学,2016,50000000,6938325.923611111,1854307774261142.8,MLB,NPB,regression_tree
NPB,塩見　貴洋,2016,45000000,6938325.923611111,1448691033497254,MLB,NPB,regression_tree
NPB,辛島　航,2016,30000000,1196259.3567398118,829655475044198.9,MLB,NPB,regression_tree
NPB,釜田　佳直,2016,25000000,1196259.3567398118,566618068611597,MLB,NPB,regression_tree
NPB,安樂　智大,2016,21000000,1196259.3567398118,392188143465515.44,MLB,NPB,regression_tree
NPB,菊池　保則,2016,15000000,2496038.3161764704,156349057790526.97,MLB,NPB,regression_tree
NPB,菊池　雄星,2016,100000000,1196259.3567398118,9762179165100624,MLB,NPB,regression_tree
NPB,野上　亮磨,2016,50000000,3534554.007518797,2159037671280187.5,MLB,NPB,regression_tree
NPB,十亀　剣,2016,50000000,2496038.3161764704,2256626375658173.5,MLB,NPB,regression_tree
NPB,髙橋　光成,2016,23000000,1196259.3567398118,475403106038556.2,MLB,NPB,regression_tree
NPB,多和田　真三郎,2016,23000000,1196259.3567398118,475403106038556.2,MLB,NPB,regression_tree
NPB,本田　圭佑,2016,7000000,1196259.3567398118,33683405454230.184,MLB,NPB,regression_tree
NPB,佐藤　勇,2016,6000000,1196259.3567398118,23075924167709.81,MLB,NPB,regression_tree
NPB,涌井　秀章,2016,250000000,7599250.804347826,58758123210613470,MLB,NPB,regression_tree
NPB,石川　歩,2016,130000000,7599250.804347826,14981943403656946,MLB,NPB,regression_tree
NPB,唐川　侑己,2016,52000000,6938325.923611111,2030554470566698.2,MLB,NPB,regression_tree
NPB,古谷　拓哉,2016,27000000,2496038.3161764704,600444138202291.6,MLB,NPB,regression_tree
NPB,関谷　亮太,2016,22500000,1196259.3567398118,453849365395296,MLB,NPB,regression_tree
NPB,二木　康太,2016,18000000,1196259.3567398118,282365699605954.3,MLB,NPB,regression_tree
NPB,チェン・グァンユウ,2016,16000000,1196259.3567398118,219150737032913.56,MLB,NPB,regression_tree
NPB,藤浪　晋太郎,2017,120000000,1196259.3567398118,14114328790831030,MLB,NPB,regression_tree
NPB,能見　篤史,2017,120000000,6938325.923611111,12782942144955588,MLB,NPB,regression_tree
NPB,岩田　稔,2017,50000000,3534554.007518797,2159037671280187.5,MLB,NPB,regression_tree
NPB,秋山　拓巳,2017,41000000,1196259.3567398118,1584337769195923,MLB,NPB,regression_tree
NPB,岩貞　祐太,2017,35000000,1196259.3567398118,1142692881476800.8,MLB,NPB,regression_tree
NPB,岡本　洋介,2017,23000000,2496038.3161764704,420412444731703.44,MLB,NPB,regression_tree
NPB,小野　泰己,2017,18000000,1196259.3567398118,282365699605954.3,MLB,NPB,regression_tree
NPB,青柳　晃洋,2017,13000000,1196259.3567398118,139328293173352.45,MLB,NPB,regression_tree
NPB,横山　雄哉,2017,13000000,1196259.3567398118,139328293173352.45,MLB,NPB,regression_tree
NPB,福永　春吾,2017,6800000,1196259.3567398118,31401909196926.11,MLB,NPB,regression_tree
NPB,井納　翔一,2017,85000000,6938325.923611111,6093624959608366,MLB,NPB,regression_tree
NPB,今永　昇太,2017,84000000,1196259.3567398118,6856459464516298,MLB,NPB,regression_tree
NPB,石田　健大,2017,60000000,1196259.3567398118,3457879913639810,MLB,NPB,regression_tree
NPB,濵口　遥大,2017,47500000,1196259.3567398118,2144036397558305.5,MLB,NPB,regression_tree
NPB,熊原　健人,2017,13000000,1196259.3567398118,139328293173352.45,MLB,NPB,regression_tree
NPB,水野　滉也,2017,12000000,1196259.3567398118,116720811886832.06,MLB,NPB,regression_tree
NPB,飯塚　悟史,2017,8500000,1196259.3567398118,53344627384010.75,MLB,NPB,regression_tree
NPB,平良　拳太郎,2017,7500000,1196259.3567398118,39737146097490.375,MLB,NPB,regression_tree
NPB,綾部　翔,2017,5700000,1196259.3567398118,20283679781753.695,MLB,NPB,regression_tree
NPB,菅野　智之,2017,450000000,31928333.3,174783918497315870,MLB,NPB,regression_tree
NPB,山口　俊,2017,229999999.99999997,2496038.3161764704,51758052581834630,MLB,NPB,regression_tree
NPB,野上　亮磨,2017,150000000,7599250.804347826,20277973371483036,MLB,NPB,regression_tree
NPB,内海　哲也,2017,100000000,2496038.3161764704,9507022544040526,MLB,NPB,regression_tree
NPB,田口　麗斗,2017,90000000,1196259.3567398118,7886104352235420,MLB,NPB,regression_tree
NPB,吉川　光夫,2017,70000000,2496038.3161764704,4556784843011115,MLB,NPB,regression_tree
NPB,大竹　寛,2017,52500000,2496038.3161764704,2500396184077291.5,MLB,NPB,regression_tree
NPB,宮國　椋丞,2017,24000000,1196259.3567398118,520010587325076.56,MLB,NPB,regression_tree
NPB,畠　世周,2017,24000000,1196259.3567398118,520010587325076.56,MLB,NPB,regression_tree
NPB,大野　雄大,2017,80000000,6938325.923611111,5338008218844477,MLB,NPB,regression_tree
NPB,吉見　一起,2017,75000000,2496038.3161764704,5256824459849350,MLB,NPB,regression_tree
NPB,山井　大介,2017,72000000,3534554.007518797,4687517294949360,MLB,NPB,regression_tree
NPB,若松　駿太,2017,25000000,1196259.3567398118,566618068611597,MLB,NPB,regression_tree
NPB,小笠原　慎之介,2017,21000000,1196259.3567398118,392188143465515.44,MLB,NPB,regression_tree
NPB,柳　裕也,2017,14500000,1196259.3567398118,176989515103133,MLB,NPB,regression_tree
NPB,鈴木　翔太,2017,12000000,1196259.3567398118,116720811886832.06,MLB,NPB,regression_tree
NPB,小熊　凌祐,2017,12000000,2496038.3161764704,90325287687585.78,MLB,NPB,regression_tree
NPB,野村　祐輔,2017,120000000,6938325.923611111,12782942144955588,MLB,NPB,regression_tree
NPB,大瀬良　大地,2017,63000000,1196259.3567398118,3819702357499371.5,MLB,NPB,regression_tree
NPB,岡田　明丈,2017,42000000,1196259.3567398118,1664945250482443.2,MLB,NPB,regression_tree
NPB,福井　優也,2017,31000000,2496038.3161764704,812475831672879.9,MLB,NPB,regression_tree
NPB,中村　祐太,2017,9000000,1196259.3567398118,60898368027270.94,MLB,NPB,regression_tree
NPB,床田　寛樹,2017,7000000,1196259.3567398118,33683405454230.184,MLB,NPB,regression_tree
NPB,石川　雅規,2017,120000000,2496038.3161764704,13807181011393468,MLB,NPB,regression_tree
NPB,館山　昌平,2017,98000000,2496038.3161764704,9121006697305232,MLB,NPB,regression_tree
NPB,小川　泰弘,2017,90000000,6938325.923611111,6899241700372255,MLB,NPB,regression_tree
NPB,山中　浩史,2017,32000000,2496038.3161764704,870483755040527,MLB,NPB,regression_tree
NPB,原　樹理,2017,29000000,1196259.3567398118,773047993757678.5,MLB,NPB,regression_tree
NPB,星　知弥,2017,22000000,1196259.3567398118,432795624752035.8,MLB,NPB,regression_tree
NPB,山田　大樹,2017,14000000,3534554.007518797,109525559821540.84,MLB,NPB,regression_tree
NPB,寺島　成輝,2017,11000000,1196259.3567398118,96113330600311.69,MLB,NPB,regression_tree
NPB,岩橋　慶侍,2017,10000000,1196259.3567398118,77505849313791.31,MLB,NPB,regression_tree
NPB,中尾　輝,2017,7200000,1196259.3567398118,36044901711534.26,MLB,NPB,regression_tree
NPB,梅野　雄吾,2017,6500000,1196259.3567398118,28129664810969.996,MLB,NPB,regression_tree
NPB,和田　毅,2017,400000000,3534554.007518797,157184849866017060,MLB,NPB,regression_tree
NPB,攝津　正,2017,400000000,2496038.3161764704,158009399554334660,MLB,NPB,regression_tree
NPB,千賀　滉大,2017,125000000,1196259.3567398118,15327366197263632,MLB,NPB,regression_tree
NPB,武田　翔太,2017,90000000,1196259.3567398118,7886104352235420,MLB,NPB,regression_tree
NPB,東浜　巨,2017,90000000,12398073.776699029,6022058953566646,MLB,NPB,regression_tree
NPB,中田　賢一,2017,85000000,6938325.923611111,6093624959608366,MLB,NPB,regression_tree
NPB,松本　裕樹,2017,12000000,1196259.3567398118,116720811886832.06,MLB,NPB,regression_tree
NPB,有原　航平,2017,70000000,1196259.3567398118,4733954726505013,MLB,NPB,regression_tree
NPB,高梨　裕稔,2017,36000000,1196259.3567398118,1211300362763321,MLB,NPB,regression_tree
NPB,村田　透,2017,35000000,3534554.007518797,990074291505751.4,MLB,NPB,regression_tree
NPB,加藤　貴之,2017,32000000,1196259.3567398118,948870437617239.6,MLB,NPB,regression_tree
NPB,上沢　直之,2017,24000000,1196259.3567398118,520010587325076.56,MLB,NPB,regression_tree
NPB,浦野　博司,2017,19400000,3534554.007518797,251712376540337.84,MLB,NPB,regression_tree
NPB,斎藤　佑樹,2017,18300000,2496038.3161764704,249765204903762.25,MLB,NPB,regression_tree
NPB,上原　健太,2017,12000000,1196259.3567398118,116720811886832.06,MLB,NPB,regression_tree
NPB,中村　勝,2017,11000000,1196259.3567398118,96113330600311.69,MLB,NPB,regression_tree
NPB,吉田　侑樹,2017,9500000,1196259.3567398118,68952108670531.125,MLB,NPB,regression_tree
NPB,西　勇輝,2017,120000000,3534554.007518797,13564200110227556,MLB,NPB,regression_tree
NPB,山岡　泰輔,2017,43000000,1196259.3567398118,1747552731768963.8,MLB,NPB,regression_tree
NPB,松葉　貴大,2017,36500000,3534554.007518797,1086720629483194.9,MLB,NPB,regression_tree
NPB,東明　大貴,2017,25500000,3534554.007518797,482480817648608.5,MLB,NPB,regression_tree
NPB,山本　由伸,2017,8000000,1196259.3567398118,46290886740750.56,MLB,NPB,regression_tree
NPB,山田　修義,2017,7200000,1196259.3567398118,36044901711534.26,MLB,NPB,regression_tree
NPB,吉田　凌,2017,5300000,1196259.3567398118,16840687267145.545,MLB,NPB,regression_tree
NPB,岸　孝之,2017,300000000,6938325.923611111,85885144812455580,MLB,NPB,regression_tree
NPB,則本　昂大,2017,250000000,17190228.363636363,54200389769375784,MLB,NPB,regression_tree
NPB,美馬　学,2017,80000000,7599250.804347826,5241868484091729,MLB,NPB,regression_tree
NPB,辛島　航,2017,42000000,6938325.923611111,1229320989038920.5,MLB,NPB,regression_tree
NPB,塩見　貴洋,2017,38000000,3534554.007518797,1187866967460638.5,MLB,NPB,regression_tree
NPB,釜田　佳直,2017,23000000,1196259.3567398118,475403106038556.2,MLB,NPB,regression_tree
NPB,安樂　智大,2017,20000000,1196259.3567398118,353580662178995.06,MLB,NPB,regression_tree
NPB,藤平　尚真,2017,18000000,1196259.3567398118,282365699605954.3,MLB,NPB,regression_tree
NPB,古川　侑利,2017,7500000,1196259.3567398118,39737146097490.375,MLB,NPB,regression_tree
NPB,菊池　雄星,2017,240000000,3973936.4208333334,55708302688676830,MLB,NPB,regression_tree
NPB,十亀　剣,2017,60000000,6938325.923611111,2815541255788920.5,MLB,NPB,regression_tree
NPB,多和田　真三郎,2017,26000000,1196259.3567398118,615225549898117.4,MLB,NPB,regression_tree
NPB,髙橋　光成,2017,21500000,1196259.3567398118,412241884108775.6,MLB,NPB,regression_tree
NPB,佐野　泰雄,2017,15000000,1196259.3567398118,190543255746393.2,MLB,NPB,regression_tree
NPB,涌井　秀章,2017,200000000,3534554.007518797,38598671469024544,MLB,NPB,regression_tree
NPB,石川　歩,2017,110000000.00000001,2496038.3161764704,11557101777717e3,MLB,NPB,regression_tree
NPB,西野　勇士,2017,75000000,1196259.3567398118,5446992132937615,MLB,NPB,regression_tree
NPB,唐川　侑己,2017,56000000,3534554.007518797,2752623023189962,MLB,NPB,regression_tree
NPB,二木　康太,2017,40000000,1196259.3567398118,1505730287909402.5,MLB,NPB,regression_tree
NPB,関谷　亮太,2017,20500000,1196259.3567398118,372634402822255.25,MLB,NPB,regression_tree
NPB,佐々木　千隼,2017,19700000,1196259.3567398118,342388417793039,MLB,NPB,regression_tree
NPB,大隣　憲司,2017,10000000,2496038.3161764704,56309440952291.664,MLB,NPB,regression_tree
NPB,成田　翔,2017,6700000,1196259.3567398118,30291161068274.074,MLB,NPB,regression_tree
NPB,西　勇輝,2018,250000000,7599250.804347826,58758123210613470,MLB,NPB,regression_tree
NPB,藤浪　晋太郎,2018,84000000,1196259.3567398118,6856459464516298,MLB,NPB,regression_tree
NPB,岩貞　祐太,2018,38000000,6938325.923611111,964827596427809.5,MLB,NPB,regression_tree
NPB,岩田　稔,2018,38000000,3534554.007518797,1187866967460638.5,MLB,NPB,regression_tree
NPB,秋山　拓巳,2018,36000000,3534554.007518797,1054005183490713.8,MLB,NPB,regression_tree
NPB,小野　泰己,2018,27000000,1196259.3567398118,665833031184637.75,MLB,NPB,regression_tree
NPB,飯田　優也,2018,19000000,2496038.3161764704,272380751261115.2,MLB,NPB,regression_tree
NPB,才木　浩人,2018,15000000,1196259.3567398118,190543255746393.2,MLB,NPB,regression_tree
NPB,馬場　皐輔,2018,14500000,1196259.3567398118,176989515103133,MLB,NPB,regression_tree
NPB,髙橋　遥人,2018,13000000,1196259.3567398118,139328293173352.45,MLB,NPB,regression_tree
NPB,青柳　晃洋,2018,12000000,1196259.3567398118,116720811886832.06,MLB,NPB,regression_tree
NPB,今永　昇太,2018,67000000,1196259.3567398118,4330132282645453,MLB,NPB,regression_tree
NPB,石田　健大,2018,58000000,1196259.3567398118,3226664951066769.5,MLB,NPB,regression_tree
NPB,東　克樹,2018,55500000,1196259.3567398118,2948896247850468.5,MLB,NPB,regression_tree
NPB,濵口　遥大,2018,50500000,1196259.3567398118,2430858841417866.5,MLB,NPB,regression_tree
NPB,飯塚　悟史,2018,14000000,1196259.3567398118,163935774459872.8,MLB,NPB,regression_tree
NPB,平良　拳太郎,2018,13000000,1196259.3567398118,139328293173352.45,MLB,NPB,regression_tree
NPB,京山　将弥,2018,10500000,1196259.3567398118,86559589957051.5,MLB,NPB,regression_tree
NPB,菅野　智之,2018,650000000,17190228.363636363,400448207078466700,MLB,NPB,regression_tree
NPB,山口　俊,2018,229999999.99999997,6938325.923611111,49756510441761136,MLB,NPB,regression_tree
NPB,田口　麗斗,2018,75000000,1196259.3567398118,5446992132937615,MLB,NPB,regression_tree
NPB,大竹　寛,2018,26250000,2496038.3161764704,564250695676556.4,MLB,NPB,regression_tree
NPB,今村　信貴,2018,26000000,1196259.3567398118,615225549898117.4,MLB,NPB,regression_tree
NPB,鍬原　拓也,2018,16500000,1196259.3567398118,234204477676173.75,MLB,NPB,regression_tree
NPB,古川　侑利,2018,16000000,1196259.3567398118,219150737032913.56,MLB,NPB,regression_tree
NPB,髙田　萌生,2018,6800000,1196259.3567398118,31401909196926.11,MLB,NPB,regression_tree
NPB,吉見　一起,2018,90000000,3534554.007518797,7476273350678684,MLB,NPB,regression_tree
NPB,松坂　大輔,2018,80000000,6938325.923611111,5338008218844477,MLB,NPB,regression_tree
NPB,山井　大介,2018,62000000,3534554.007518797,3418208375099736,MLB,NPB,regression_tree
NPB,大野　雄大,2018,60000000,2496038.3161764704,3306705609334644,MLB,NPB,regression_tree
NPB,松葉　貴大,2018,28000000,2496038.3161764704,650452061569938.75,MLB,NPB,regression_tree
NPB,笠原　祥太郎,2018,21000000,1196259.3567398118,392188143465515.44,MLB,NPB,regression_tree
NPB,小笠原　慎之介,2018,21000000,1196259.3567398118,392188143465515.44,MLB,NPB,regression_tree
NPB,柳　裕也,2018,14500000,1196259.3567398118,176989515103133,MLB,NPB,regression_tree
NPB,小熊　凌祐,2018,12000000,2496038.3161764704,90325287687585.78,MLB,NPB,regression_tree
NPB,鈴木　翔太,2018,10000000,1196259.3567398118,77505849313791.31,MLB,NPB,regression_tree
NPB,Ｒ．マルティネス,2018,10000000,1196259.3567398118,77505849313791.31,MLB,NPB,regression_tree
NPB,大瀬良　大地,2018,145000000,17190228.363636363,16335337725739424,MLB,NPB,regression_tree
NPB,野村　祐輔,2018,120000000,6938325.923611111,12782942144955588,MLB,NPB,regression_tree
NPB,九里　亜蓮,2018,62000000,6938325.923611111,3031787952094476,MLB,NPB,regression_tree
NPB,岡田　明丈,2018,55000000,1196259.3567398118,2894842507207208.5,MLB,NPB,regression_tree
NPB,中村　祐太,2018,12000000,1196259.3567398118,116720811886832.06,MLB,NPB,regression_tree
NPB,高橋　昂也,2018,8000000,1196259.3567398118,46290886740750.56,MLB,NPB,regression_tree
NPB,石川　雅規,2018,95000000,2496038.3161764704,8556982927202291,MLB,NPB,regression_tree
NPB,小川　泰弘,2018,92000000,6938325.923611111,7235488396677811,MLB,NPB,regression_tree
NPB,原　樹理,2018,40000000,1196259.3567398118,1505730287909402.5,MLB,NPB,regression_tree
NPB,高梨　裕稔,2018,36000000,3534554.007518797,1054005183490713.8,MLB,NPB,regression_tree
NPB,館山　昌平,2018,24000000,2496038.3161764704,462420368099350.5,MLB,NPB,regression_tree
NPB,山田　大樹,2018,13000000,2496038.3161764704,110333211055232.84,MLB,NPB,regression_tree
NPB,寺島　成輝,2018,11000000,1196259.3567398118,96113330600311.69,MLB,NPB,regression_tree
NPB,高橋　奎二,2018,7000000,1196259.3567398118,33683405454230.184,MLB,NPB,regression_tree
NPB,千賀　滉大,2018,160000000,1196259.3567398118,25218628042291844,MLB,NPB,regression_tree
NPB,東浜　巨,2018,85000000,6938325.923611111,6093624959608366,MLB,NPB,regression_tree
NPB,武田　翔太,2018,85000000,1196259.3567398118,7023066945802818,MLB,NPB,regression_tree
NPB,中田　賢一,2018,60000000,2496038.3161764704,3306705609334644,MLB,NPB,regression_tree
NPB,大竹　耕太郎,2018,15000000,1196259.3567398118,190543255746393.2,MLB,NPB,regression_tree
NPB,松本　裕樹,2018,12000000,1196259.3567398118,116720811886832.06,MLB,NPB,regression_tree
NPB,金子　弌大,2018,150000000,3534554.007518797,21452126869776428,MLB,NPB,regression_tree
NPB,吉川　光夫,2018,75000000,6938325.923611111,4632391478080588,MLB,NPB,regression_tree
NPB,有原　航平,2018,70000000,1196259.3567398118,4733954726505013,MLB,NPB,regression_tree
NPB,上沢　直之,2018,70000000,1196259.3567398118,4733954726505013,MLB,NPB,regression_tree
NPB,村田　透,2018,50000000,6938325.923611111,1854307774261142.8,MLB,NPB,regression_tree
NPB,加藤　貴之,2018,35000000,1196259.3567398118,1142692881476800.8,MLB,NPB,regression_tree
NPB,上原　健太,2018,17000000,1196259.3567398118,249758218319433.97,MLB,NPB,regression_tree
NPB,杉浦　稔大,2018,16000000,1196259.3567398118,219150737032913.56,MLB,NPB,regression_tree
NPB,斎藤　佑樹,2018,16000000,2496038.3161764704,182356981158174.03,MLB,NPB,regression_tree
NPB,堀　瑞輝,2018,9600000,1196259.3567398118,70622856799183.17,MLB,NPB,regression_tree
NPB,吉田　侑樹,2018,9200000,1196259.3567398118,64059864284575.016,MLB,NPB,regression_tree
NPB,宮台　康平,2018,7700000,1196259.3567398118,42298642354794.445,MLB,NPB,regression_tree
NPB,山岡　泰輔,2018,45000000,1196259.3567398118,1918767694342004.5,MLB,NPB,regression_tree
NPB,東明　大貴,2018,23000000,3534554.007518797,378903587686202.5,MLB,NPB,regression_tree
NPB,田嶋　大樹,2018,20000000,1196259.3567398118,353580662178995.06,MLB,NPB,regression_tree
NPB,竹安　大知,2018,9000000,1196259.3567398118,60898368027270.94,MLB,NPB,regression_tree
NPB,榊原　翼,2018,7500000,1196259.3567398118,39737146097490.375,MLB,NPB,regression_tree
NPB,岸　孝之,2018,300000000,17190228.363636363,79981366933012140,MLB,NPB,regression_tree
NPB,則本　昂大,2018,250000000,12398073.776699029,56454675345022950,MLB,NPB,regression_tree
NPB,美馬　学,2018,65000000,3534554.007518797,3778001051054623.5,MLB,NPB,regression_tree
NPB,辛島　航,2018,50000000,3534554.007518797,2159037671280187.5,MLB,NPB,regression_tree
NPB,塩見　貴洋,2018,34000000,3534554.007518797,928143399520788.9,MLB,NPB,regression_tree
NPB,福井　優也,2018,25000000,2496038.3161764704,506428291466997.56,MLB,NPB,regression_tree
NPB,藤平　尚真,2018,18000000,1196259.3567398118,282365699605954.3,MLB,NPB,regression_tree
NPB,安樂　智大,2018,16000000,1196259.3567398118,219150737032913.56,MLB,NPB,regression_tree
NPB,西口　直人,2018,6300000,1196259.3567398118,26048168553665.92,MLB,NPB,regression_tree
NPB,内海　哲也,2018,100000000,3534554.007518797,9305582270528308,MLB,NPB,regression_tree
NPB,多和田　真三郎,2018,80000000,3973936.4208333334,5779962343343492,MLB,NPB,regression_tree
NPB,榎田　大樹,2018,55000000,7599250.804347826,2246831024309120,MLB,NPB,regression_tree
NPB,十亀　剣,2018,51000000,3534554.007518797,2252968563265150,MLB,NPB,regression_tree
NPB,髙橋　光成,2018,18500000,1196259.3567398118,299419440249214.5,MLB,NPB,regression_tree
NPB,今井　達也,2018,18000000,1196259.3567398118,282365699605954.3,MLB,NPB,regression_tree
NPB,郭　俊麟,2018,12000000,1196259.3567398118,116720811886832.06,MLB,NPB,regression_tree
NPB,涌井　秀章,2018,200000000,6938325.923611111,37272809997177816,MLB,NPB,regression_tree
NPB,石川　歩,2018,115000000.00000001,6938325.923611111,11677325404191704,MLB,NPB,regression_tree
NPB,二木　康太,2018,43000000,1196259.3567398118,1747552731768963.8,MLB,NPB,regression_tree
NPB,有吉　優樹,2018,42000000,6938325.923611111,1229320989038920.5,MLB,NPB,regression_tree
NPB,酒居　知史,2018,21500000,1196259.3567398118,412241884108775.6,MLB,NPB,regression_tree
NPB,土肥　星也,2018,11800000,1196259.3567398118,112439315629528,MLB,NPB,regression_tree
NPB,山本　大貴,2018,11500000,1196259.3567398118,106167071243571.88,MLB,NPB,regression_tree
NPB,渡邉　啓太,2018,11000000,1196259.3567398118,96113330600311.69,MLB,NPB,regression_tree
NPB,種市　篤暉,2018,6800000,1196259.3567398118,31401909196926.11,MLB,NPB,regression_tree
NPB,西　勇輝,2019,200000000,7599250.804347826,37018048291048256,MLB,NPB,regression_tree
NPB,藤浪　晋太郎,2019,63000000,1196259.3567398118,3819702357499371.5,MLB,NPB,regression_tree
NPB,岩田　稔,2019,38000000,3534554.007518797,1187866967460638.5,MLB,NPB,regression_tree
NPB,中田　賢一,2019,35000000,3534554.007518797,990074291505751.4,MLB,NPB,regression_tree
NPB,秋山　拓巳,2019,32000000,3534554.007518797,810281615550864.1,MLB,NPB,regression_tree
NPB,岩貞　祐太,2019,32000000,3534554.007518797,810281615550864.1,MLB,NPB,regression_tree
NPB,青柳　晃洋,2019,30000000,1196259.3567398118,829655475044198.9,MLB,NPB,regression_tree
NPB,髙橋　遥人,2019,22000000,1196259.3567398118,432795624752035.8,MLB,NPB,regression_tree
NPB,才木　浩人,2019,13000000,1196259.3567398118,139328293173352.45,MLB,NPB,regression_tree
NPB,望月　惇志,2019,11500000,1196259.3567398118,106167071243571.88,MLB,NPB,regression_tree
NPB,今永　昇太,2019,136000000,1196259.3567398118,18172048491415356,MLB,NPB,regression_tree
NPB,井納　翔一,2019,61000000,2496038.3161764704,3422713532702291,MLB,NPB,regression_tree
NPB,濵口　遥大,2019,55000000,1196259.3567398118,2894842507207208.5,MLB,NPB,regression_tree
NPB,東　克樹,2019,44000000,1196259.3567398118,1832160213055484.2,MLB,NPB,regression_tree
NPB,上茶谷　大河,2019,43000000,1196259.3567398118,1747552731768963.8,MLB,NPB,regression_tree
NPB,大貫　晋一,2019,25000000,1196259.3567398118,566618068611597,MLB,NPB,regression_tree
NPB,平良　拳太郎,2019,21000000,1196259.3567398118,392188143465515.44,MLB,NPB,regression_tree
NPB,京山　将弥,2019,11200000,1196259.3567398118,100074826857615.77,MLB,NPB,regression_tree
NPB,阪口　皓亮,2019,6100000,1196259.3567398118,24046672296361.848,MLB,NPB,regression_tree
NPB,菅野　智之,2019,650000000,17190228.363636363,400448207078466700,MLB,NPB,regression_tree
NPB,桜井　俊貴,2019,30000000,1196259.3567398118,829655475044198.9,MLB,NPB,regression_tree
NPB,今村　信貴,2019,28000000,1196259.3567398118,718440512471158.1,MLB,NPB,regression_tree
NPB,髙橋　優貴,2019,24000000,1196259.3567398118,520010587325076.56,MLB,NPB,regression_tree
NPB,畠　世周,2019,16300000,1196259.3567398118,228122981418869.7,MLB,NPB,regression_tree
NPB,古川　侑利,2019,16000000,1196259.3567398118,219150737032913.56,MLB,NPB,regression_tree
NPB,戸郷　翔征,2019,6500000,1196259.3567398118,28129664810969.996,MLB,NPB,regression_tree
NPB,大野　雄大,2019,130000000,6938325.923611111,15144175626483366,MLB,NPB,regression_tree
NPB,吉見　一起,2019,90000000,2496038.3161764704,7656943310364056,MLB,NPB,regression_tree
NPB,山井　大介,2019,46500000,2496038.3161764704,1936348643871409,MLB,NPB,regression_tree
NPB,柳　裕也,2019,45000000,1196259.3567398118,1918767694342004.5,MLB,NPB,regression_tree
NPB,松葉　貴大,2019,25000000,2496038.3161764704,506428291466997.56,MLB,NPB,regression_tree
NPB,小笠原　慎之介,2019,19000000,1196259.3567398118,316973180892474.7,MLB,NPB,regression_tree
NPB,福谷　浩司,2019,18000000,3534554.007518797,209249127761390.47,MLB,NPB,regression_tree
NPB,笠原　祥太郎,2019,16500000,1196259.3567398118,234204477676173.75,MLB,NPB,regression_tree
NPB,梅津　晃大,2019,15000000,1196259.3567398118,190543255746393.2,MLB,NPB,regression_tree
NPB,山本　拓実,2019,11000000,1196259.3567398118,96113330600311.69,MLB,NPB,regression_tree
NPB,勝野　昌慶,2019,11000000,1196259.3567398118,96113330600311.69,MLB,NPB,regression_tree
NPB,清水　達也,2019,8000000,1196259.3567398118,46290886740750.56,MLB,NPB,regression_tree
NPB,阿知羅　拓馬,2019,8000000,2496038.3161764704,30293594216997.543,MLB,NPB,regression_tree
NPB,Ｋ．ジョンソン,2019,272500000,7599250.804347826,70172406924417824,MLB,NPB,regression_tree
NPB,大瀬良　大地,2019,175000000,7599250.804347826,28023010831265648,MLB,NPB,regression_tree
NPB,野村　祐輔,2019,120000000,6938325.923611111,12782942144955588,MLB,NPB,regression_tree
NPB,九里　亜蓮,2019,72000000,6938325.923611111,4233021433622254,MLB,NPB,regression_tree
NPB,岡田　明丈,2019,44000000,1196259.3567398118,1832160213055484.2,MLB,NPB,regression_tree
NPB,薮田　和樹,2019,28000000,2496038.3161764704,650452061569938.75,MLB,NPB,regression_tree
NPB,床田　寛樹,2019,27000000,1196259.3567398118,665833031184637.75,MLB,NPB,regression_tree
NPB,アドゥワ　誠,2019,22000000,1196259.3567398118,432795624752035.8,MLB,NPB,regression_tree
NPB,中村　祐太,2019,10000000,1196259.3567398118,77505849313791.31,MLB,NPB,regression_tree
NPB,山口　翔,2019,7500000,1196259.3567398118,39737146097490.375,MLB,NPB,regression_tree
NPB,石川　雅規,2019,105000000,6938325.923611111,9616091922663922,MLB,NPB,regression_tree
NPB,小川　泰弘,2019,90000000,3534554.007518797,7476273350678684,MLB,NPB,regression_tree
NPB,原　樹理,2019,33000000,1196259.3567398118,1011477918903760,MLB,NPB,regression_tree
NPB,高梨　裕稔,2019,33000000,2496038.3161764704,930491678408174,MLB,NPB,regression_tree
NPB,山田　大樹,2019,20000000,3534554.007518797,271110911731315.28,MLB,NPB,regression_tree
NPB,高橋　奎二,2019,17000000,1196259.3567398118,249758218319433.97,MLB,NPB,regression_tree
NPB,田川　賢吾,2019,7000000,1196259.3567398118,33683405454230.184,MLB,NPB,regression_tree
NPB,千賀　滉大,2019,300000000,3973936.4208333334,87631430318176820,MLB,NPB,regression_tree
NPB,和田　毅,2019,100000000,3534554.007518797,9305582270528308,MLB,NPB,regression_tree
NPB,東浜　巨,2019,67000000,2496038.3161764704,4160761072908173.5,MLB,NPB,regression_tree
NPB,高橋　礼,2019,50000000,1196259.3567398118,2381805100774606.5,MLB,NPB,regression_tree
NPB,大竹　耕太郎,2019,27000000,1196259.3567398118,665833031184637.75,MLB,NPB,regression_tree
NPB,二保　旭,2019,22000000,3534554.007518797,340972695701240.06,MLB,NPB,regression_tree
NPB,松本　裕樹,2019,12000000,1196259.3567398118,116720811886832.06,MLB,NPB,regression_tree
NPB,金子　弌大,2019,180000000,6938325.923611111,29950343034122256,MLB,NPB,regression_tree
NPB,有原　航平,2019,145000000,31928333.3,12785201810315890,MLB,NPB,regression_tree
NPB,上沢　直之,2019,60000000,1196259.3567398118,3457879913639810,MLB,NPB,regression_tree
NPB,加藤　貴之,2019,57000000,3534554.007518797,2858553915174924,MLB,NPB,regression_tree
NPB,杉浦　稔大,2019,20000000,3534554.007518797,271110911731315.28,MLB,NPB,regression_tree
NPB,上原　健太,2019,17000000,1196259.3567398118,249758218319433.97,MLB,NPB,regression_tree
NPB,吉田　輝星,2019,10300000,1196259.3567398118,82878093699747.42,MLB,NPB,regression_tree
NPB,北浦　竜次,2019,7000000,1196259.3567398118,33683405454230.184,MLB,NPB,regression_tree
NPB,山岡　泰輔,2019,100000000,1196259.3567398118,9762179165100624,MLB,NPB,regression_tree
NPB,山本　由伸,2019,90000000,1196259.3567398118,7886104352235420,MLB,NPB,regression_tree
NPB,Ｋ－鈴木,2019,22000000,1196259.3567398118,432795624752035.8,MLB,NPB,regression_tree
NPB,榊原　翼,2019,19000000,1196259.3567398118,316973180892474.7,MLB,NPB,regression_tree
NPB,田嶋　大樹,2019,18000000,1196259.3567398118,282365699605954.3,MLB,NPB,regression_tree
NPB,東明　大貴,2019,18000000,2496038.3161764704,240372827893468.12,MLB,NPB,regression_tree
NPB,竹安　大知,2019,18000000,1196259.3567398118,282365699605954.3,MLB,NPB,regression_tree
NPB,荒西　祐大,2019,15800000,2496038.3161764704,176995396484644.6,MLB,NPB,regression_tree
NPB,張　奕,2019,8000000,1196259.3567398118,46290886740750.56,MLB,NPB,regression_tree
NPB,鈴木　優,2019,5300000,1196259.3567398118,16840687267145.545,MLB,NPB,regression_tree
NPB,則本　昂大,2019,300000000,3534554.007518797,87891760667520800,MLB,NPB,regression_tree
NPB,岸　孝之,2019,300000000,3534554.007518797,87891760667520800,MLB,NPB,regression_tree
NPB,涌井　秀章,2019,125000000,3534554.007518797,14753854570152368,MLB,NPB,regression_tree
NPB,辛島　航,2019,62000000,6938325.923611111,3031787952094476,MLB,NPB,regression_tree
NPB,塩見　貴洋,2019,30000000,3534554.007518797,700419831580939.25,MLB,NPB,regression_tree
NPB,石橋　良太,2019,26000000,6938325.923611111,363347418594476.2,MLB,NPB,regression_tree
NPB,福井　優也,2019,23000000,2496038.3161764704,420412444731703.44,MLB,NPB,regression_tree
NPB,藤平　尚真,2019,15000000,1196259.3567398118,190543255746393.2,MLB,NPB,regression_tree
NPB,釜田　佳直,2019,15000000,1196259.3567398118,190543255746393.2,MLB,NPB,regression_tree
NPB,弓削　隼人,2019,13500000,1196259.3567398118,151382033816612.62,MLB,NPB,regression_tree
NPB,菅原　秀,2019,13000000,1196259.3567398118,139328293173352.45,MLB,NPB,regression_tree
NPB,近藤　弘樹,2019,10000000,1196259.3567398118,77505849313791.31,MLB,NPB,regression_tree
NPB,熊原　健人,2019,9000000,1196259.3567398118,60898368027270.94,MLB,NPB,regression_tree
NPB,髙田　萌生,2019,7100000,1196259.3567398118,34854153582882.223,MLB,NPB,regression_tree
NPB,十亀　剣,2019,70000000,3534554.007518797,4417655510979435.5,MLB,NPB,regression_tree
NPB,榎田　大樹,2019,48000000,2496038.3161764704,2070610528922879.5,MLB,NPB,regression_tree
NPB,髙橋　光成,2019,40000000,1196259.3567398118,1505730287909402.5,MLB,NPB,regression_tree
NPB,今井　達也,2019,35000000,1196259.3567398118,1142692881476800.8,MLB,NPB,regression_tree
NPB,松坂　大輔,2019,30000000,2496038.3161764704,756467908305232.9,MLB,NPB,regression_tree
NPB,松本　航,2019,21000000,1196259.3567398118,392188143465515.44,MLB,NPB,regression_tree
NPB,本田　圭佑,2019,16000000,1196259.3567398118,219150737032913.56,MLB,NPB,regression_tree
NPB,相内　誠,2019,5900000,1196259.3567398118,22125176039057.77,MLB,NPB,regression_tree
NPB,石川　歩,2019,105000000,6938325.923611111,9616091922663922,MLB,NPB,regression_tree
NPB,美馬　学,2019,65000000,6938325.923611111,3371157996552809.5,MLB,NPB,regression_tree
NPB,二木　康太,2019,46000000,1196259.3567398118,2007375175628525,MLB,NPB,regression_tree
NPB,有吉　優樹,2019,34000000,2496038.3161764704,992499601775821.1,MLB,NPB,regression_tree
NPB,種市　篤暉,2019,30000000,1196259.3567398118,829655475044198.9,MLB,NPB,regression_tree
NPB,岩下　大輝,2019,25000000,1196259.3567398118,566618068611597,MLB,NPB,regression_tree
NPB,佐々木　千隼,2019,19700000,1196259.3567398118,342388417793039,MLB,NPB,regression_tree
NPB,小島　和哉,2019,17000000,1196259.3567398118,249758218319433.97,MLB,NPB,regression_tree
NPB,土肥　星也,2019,15300000,1196259.3567398118,198915500132349.3,MLB,NPB,regression_tree
NPB,チェン・ウェイン,2020,206000000,3534554.007518797,40992256820934320,MLB,NPB,regression_tree
NPB,西　勇輝,2020,200000000,7599250.804347826,37018048291048256,MLB,NPB,regression_tree
NPB,秋山　拓巳,2020,51000000,7599250.804347826,1883625030743902.8,MLB,NPB,regression_tree
NPB,青柳　晃洋,2020,50000000,6938325.923611111,1854307774261142.8,MLB,NPB,regression_tree
NPB,髙橋　遥人,2020,29000000,1196259.3567398118,773047993757678.5,MLB,NPB,regression_tree
NPB,二保　旭,2020,28000000,2496038.3161764704,650452061569938.75,MLB,NPB,regression_tree
NPB,岩田　稔,2020,18600000,2496038.3161764704,259337581914056.38,MLB,NPB,regression_tree
NPB,中田　賢一,2020,17500000,2496038.3161764704,225118866209644.6,MLB,NPB,regression_tree
NPB,今永　昇太,2020,100000000,16773727.272727273,6926612472074379,MLB,NPB,regression_tree
NPB,濵口　遥大,2020,55000000,1196259.3567398118,2894842507207208.5,MLB,NPB,regression_tree
NPB,大貫　晋一,2020,52500000,1196259.3567398118,2632073803990907.5,MLB,NPB,regression_tree
NPB,上茶谷　大河,2020,43000000,1196259.3567398118,1747552731768963.8,MLB,NPB,regression_tree
NPB,平良　拳太郎,2020,33000000,1196259.3567398118,1011477918903760,MLB,NPB,regression_tree
NPB,有吉　優樹,2020,27000000,2496038.3161764704,600444138202291.6,MLB,NPB,regression_tree
NPB,坂本　裕哉,2020,16450000,1196259.3567398118,232676603611847.75,MLB,NPB,regression_tree
NPB,京山　将弥,2020,13200000,1196259.3567398118,144089789430656.53,MLB,NPB,regression_tree
NPB,阪口　皓亮,2020,6100000,1196259.3567398118,24046672296361.848,MLB,NPB,regression_tree
NPB,中川　虎大,2020,4700000,1196259.3567398118,12276198495233.318,MLB,NPB,regression_tree
NPB,菅野　智之,2020,800000000,31928333.3,589934085187316e3,MLB,NPB,regression_tree
NPB,井納　翔一,2020,100000000,6938325.923611111,8660475181900033,MLB,NPB,regression_tree
NPB,今村　信貴,2020,30000000,1196259.3567398118,829655475044198.9,MLB,NPB,regression_tree
NPB,戸郷　翔征,2020,26000000,1196259.3567398118,615225549898117.4,MLB,NPB,regression_tree
NPB,畠　世周,2020,22000000,1196259.3567398118,432795624752035.8,MLB,NPB,regression_tree
NPB,髙橋　優貴,2020,19200000,1196259.3567398118,324134677149778.8,MLB,NPB,regression_tree
NPB,直江　大輔,2020,7500000,1196259.3567398118,39737146097490.375,MLB,NPB,regression_tree
NPB,横川　凱,2020,6300000,1196259.3567398118,26048168553665.92,MLB,NPB,regression_tree
NPB,大野　雄大,2020,300000000,31928333.3,71862418487315880,MLB,NPB,regression_tree
NPB,柳　裕也,2020,41000000,1196259.3567398118,1584337769195923,MLB,NPB,regression_tree
NPB,福谷　浩司,2020,29000000,6938325.923611111,486717463052809.5,MLB,NPB,regression_tree
NPB,松葉　貴大,2020,25000000,3534554.007518797,460765371656127.3,MLB,NPB,regression_tree
NPB,勝野　昌慶,2020,16500000,1196259.3567398118,234204477676173.75,MLB,NPB,regression_tree
NPB,梅津　晃大,2020,15000000,1196259.3567398118,190543255746393.2,MLB,NPB,regression_tree
NPB,小笠原　慎之介,2020,14500000,1196259.3567398118,176989515103133,MLB,NPB,regression_tree
NPB,岡野　祐一郎,2020,11000000,1196259.3567398118,96113330600311.69,MLB,NPB,regression_tree
NPB,山本　拓実,2020,10560000,1196259.3567398118,87679638834242.73,MLB,NPB,regression_tree
NPB,清水　達也,2020,8000000,1196259.3567398118,46290886740750.56,MLB,NPB,regression_tree
NPB,大瀬良　大地,2020,150000000,3534554.007518797,21452126869776428,MLB,NPB,regression_tree
NPB,野村　祐輔,2020,120000000,6938325.923611111,12782942144955588,MLB,NPB,regression_tree
NPB,九里　亜蓮,2020,87000000,6938325.923611111,6409871655913922,MLB,NPB,regression_tree
NPB,森下　暢仁,2020,43000000,1196259.3567398118,1747552731768963.8,MLB,NPB,regression_tree
NPB,床田　寛樹,2020,27000000,1196259.3567398118,665833031184637.75,MLB,NPB,regression_tree
NPB,遠藤　淳志,2020,24000000,1196259.3567398118,520010587325076.56,MLB,NPB,regression_tree
NPB,中村　祐太,2020,15000000,1196259.3567398118,190543255746393.2,MLB,NPB,regression_tree
NPB,小川　泰弘,2020,160000000,7599250.804347826,23225988355396080,MLB,NPB,regression_tree
NPB,石川　雅規,2020,90000000,3534554.007518797,7476273350678684,MLB,NPB,regression_tree
NPB,田口　麗斗,2020,70000000,1196259.3567398118,4733954726505013,MLB,NPB,regression_tree
NPB,高梨　裕稔,2020,37000000,3534554.007518797,1119936075475676.1,MLB,NPB,regression_tree
NPB,原　樹理,2020,26000000,2496038.3161764704,552436214834644.6,MLB,NPB,regression_tree
NPB,奥川　恭伸,2020,16000000,1196259.3567398118,219150737032913.56,MLB,NPB,regression_tree
NPB,吉田　大喜,2020,15000000,1196259.3567398118,190543255746393.2,MLB,NPB,regression_tree
NPB,高橋　奎二,2020,14500000,1196259.3567398118,176989515103133,MLB,NPB,regression_tree
NPB,歳内　宏明,2020,8000000,3534554.007518797,19940207911766.434,MLB,NPB,regression_tree
NPB,金久保　優斗,2020,5800000,1196259.3567398118,21194427910405.734,MLB,NPB,regression_tree
NPB,千賀　滉大,2020,400000000,12398073.776699029,150235253212013280,MLB,NPB,regression_tree
NPB,和田　毅,2020,150000000,6938325.923611111,20466642589538924,MLB,NPB,regression_tree
NPB,東浜　巨,2020,90000000,6938325.923611111,6899241700372255,MLB,NPB,regression_tree
NPB,石川　柊太,2020,80000000,12398073.776699029,4570020429100626,MLB,NPB,regression_tree
NPB,武田　翔太,2020,60000000,2496038.3161764704,3306705609334644,MLB,NPB,regression_tree
NPB,大竹　耕太郎,2020,24000000,1196259.3567398118,520010587325076.56,MLB,NPB,regression_tree
NPB,笠谷　俊介,2020,22000000,1196259.3567398118,432795624752035.8,MLB,NPB,regression_tree
NPB,上沢　直之,2020,85000000,1196259.3567398118,7023066945802818,MLB,NPB,regression_tree
NPB,杉浦　稔大,2020,37000000,6938325.923611111,903704248275031.75,MLB,NPB,regression_tree
NPB,河野　竜生,2020,17500000,1196259.3567398118,265811958962694.16,MLB,NPB,regression_tree
NPB,上原　健太,2020,17000000,1196259.3567398118,249758218319433.97,MLB,NPB,regression_tree
NPB,吉田　輝星,2020,10300000,1196259.3567398118,82878093699747.42,MLB,NPB,regression_tree
NPB,山本　由伸,2020,150000000,1196259.3567398118,22142553229426640,MLB,NPB,regression_tree
NPB,山岡　泰輔,2020,85000000,1196259.3567398118,7023066945802818,MLB,NPB,regression_tree
NPB,田嶋　大樹,2020,42000000,1196259.3567398118,1664945250482443.2,MLB,NPB,regression_tree
NPB,山﨑　福也,2020,28000000,3534554.007518797,598558047611014.5,MLB,NPB,regression_tree
NPB,竹安　大知,2020,16000000,1196259.3567398118,219150737032913.56,MLB,NPB,regression_tree
NPB,榊原　翼,2020,15000000,1196259.3567398118,190543255746393.2,MLB,NPB,regression_tree
NPB,張　奕,2020,11000000,1196259.3567398118,96113330600311.69,MLB,NPB,regression_tree
NPB,宮城　大弥,2020,8700000,1196259.3567398118,56306123641314.83,MLB,NPB,regression_tree
NPB,本田　仁海,2020,5000000,1196259.3567398118,14468442881189.432,MLB,NPB,regression_tree
NPB,則本　昂大,2020,300000000,3534554.007518797,87891760667520800,MLB,NPB,regression_tree
NPB,岸　孝之,2020,250000000,6938325.923611111,59078977404816704,MLB,NPB,regression_tree
NPB,涌井　秀章,2020,160000000,7599250.804347826,23225988355396080,MLB,NPB,regression_tree
NPB,塩見　貴洋,2020,40000000,2496038.3161764704,1406547141981703.2,MLB,NPB,regression_tree
NPB,石橋　良太,2020,20000000,2496038.3161764704,306388674628762.25,MLB,NPB,regression_tree
NPB,福井　優也,2020,20000000,2496038.3161764704,306388674628762.25,MLB,NPB,regression_tree
NPB,弓削　隼人,2020,13500000,1196259.3567398118,151382033816612.62,MLB,NPB,regression_tree
NPB,瀧中　瞭太,2020,13000000,1196259.3567398118,139328293173352.45,MLB,NPB,regression_tree
NPB,髙橋　光成,2020,67000000,1196259.3567398118,4330132282645453,MLB,NPB,regression_tree
NPB,内海　哲也,2020,56250000,3534554.007518797,2778918246186202.5,MLB,NPB,regression_tree
NPB,榎田　大樹,2020,37000000,2496038.3161764704,1190523371878762,MLB,NPB,regression_tree
NPB,松本　航,2020,30000000,1196259.3567398118,829655475044198.9,MLB,NPB,regression_tree
NPB,今井　達也,2020,28000000,1196259.3567398118,718440512471158.1,MLB,NPB,regression_tree
NPB,浜屋　将太,2020,15500000,1196259.3567398118,204596996389653.38,MLB,NPB,regression_tree
NPB,本田　圭佑,2020,13600000,3534554.007518797,101313203027555.89,MLB,NPB,regression_tree
NPB,與座　海人,2020,9000000,1196259.3567398118,60898368027270.94,MLB,NPB,regression_tree
NPB,美馬　学,2020,120000000,7599250.804347826,12633928419743902,MLB,NPB,regression_tree
NPB,石川　歩,2020,110000000.00000001,6938325.923611111,10621708663427814,MLB,NPB,regression_tree
NPB,二木　康太,2020,60000000,1196259.3567398118,3457879913639810,MLB,NPB,regression_tree
NPB,岩下　大輝,2020,35000000,1196259.3567398118,1142692881476800.8,MLB,NPB,regression_tree
NPB,小島　和哉,2020,34000000,1196259.3567398118,1076085400190280.4,MLB,NPB,regression_tree
NPB,種市　篤暉,2020,27000000,1196259.3567398118,665833031184637.75,MLB,NPB,regression_tree
NPB,中村　稔弥,2020,18000000,1196259.3567398118,282365699605954.3,MLB,NPB,regression_tree
NPB,大嶺　祐太,2020,12000000,2496038.3161764704,90325287687585.78,MLB,NPB,regression_tree
NPB,古谷　拓郎,2020,4800000,1196259.3567398118,12986946623885.357,MLB,NPB,regression_tree
NPB,チェン・ウェイン,2021,210000000,3534554.007518797,42627980388874170,MLB,NPB,regression_tree
NPB,西　勇輝,2021,200000000,6938325.923611111,37272809997177816,MLB,NPB,regression_tree
NPB,青柳　晃洋,2021,120000000,7599250.804347826,12633928419743902,MLB,NPB,regression_tree
NPB,秋山　拓巳,2021,110000000.00000001,7599250.804347826,10485913435830862,MLB,NPB,regression_tree
NPB,伊藤　将司,2021,44000000,1196259.3567398118,1832160213055484.2,MLB,NPB,regression_tree
NPB,髙橋　遥人,2021,32000000,1196259.3567398118,948870437617239.6,MLB,NPB,regression_tree
NPB,二保　旭,2021,27000000,2496038.3161764704,600444138202291.6,MLB,NPB,regression_tree
NPB,西　純矢,2021,12500000,1196259.3567398118,127774552530092.27,MLB,NPB,regression_tree
NPB,村上　頌樹,2021,7500000,1196259.3567398118,39737146097490.375,MLB,NPB,regression_tree
NPB,今永　昇太,2021,100000000,3534554.007518797,9305582270528308,MLB,NPB,regression_tree
NPB,濵口　遥大,2021,58300000,1196259.3567398118,3260837195452725.5,MLB,NPB,regression_tree
NPB,大貫　晋一,2021,57800000,6938325.923611111,2586909889852809.5,MLB,NPB,regression_tree
NPB,上茶谷　大河,2021,33000000,1196259.3567398118,1011477918903760,MLB,NPB,regression_tree
NPB,有吉　優樹,2021,27000000,3534554.007518797,550627155626052.1,MLB,NPB,regression_tree
NPB,平良　拳太郎,2021,27000000,1196259.3567398118,665833031184637.75,MLB,NPB,regression_tree
NPB,東　克樹,2021,25100000,1196259.3567398118,571388816740249,MLB,NPB,regression_tree
NPB,坂本　裕哉,2021,22000000,1196259.3567398118,432795624752035.8,MLB,NPB,regression_tree
NPB,京山　将弥,2021,20900000,1196259.3567398118,388237395336863.44,MLB,NPB,regression_tree
NPB,入江　大生,2021,16000000,1196259.3567398118,219150737032913.56,MLB,NPB,regression_tree
NPB,阪口　皓亮,2021,9350000,1196259.3567398118,66483486477553.07,MLB,NPB,regression_tree
NPB,宮國　椋丞,2021,8400000,2496038.3161764704,34856763564056.367,MLB,NPB,regression_tree
NPB,中川　虎大,2021,6600000,1196259.3567398118,29200412939622.035,MLB,NPB,regression_tree
NPB,菅野　智之,2021,600000000,6938325.923611111,3.5172214925828883e+17,MLB,NPB,regression_tree
NPB,山口　俊,2021,60000000,3534554.007518797,3188346591129811.5,MLB,NPB,regression_tree
NPB,戸郷　翔征,2021,40000000,1196259.3567398118,1505730287909402.5,MLB,NPB,regression_tree
NPB,髙橋　優貴,2021,36000000,1196259.3567398118,1211300362763321,MLB,NPB,regression_tree
NPB,今村　信貴,2021,30000000,3534554.007518797,700419831580939.25,MLB,NPB,regression_tree
NPB,直江　大輔,2021,7600000,1196259.3567398118,41007894226142.414,MLB,NPB,regression_tree
NPB,横川　凱,2021,6500000,1196259.3567398118,28129664810969.996,MLB,NPB,regression_tree
NPB,大野　雄大,2021,300000000,6938325.923611111,85885144812455580,MLB,NPB,regression_tree
NPB,柳　裕也,2021,100000000,17190228.363636363,6857458278466696,MLB,NPB,regression_tree
NPB,小笠原　慎之介,2021,36000000,1196259.3567398118,1211300362763321,MLB,NPB,regression_tree
NPB,福谷　浩司,2021,29000000,3534554.007518797,648488939595976.9,MLB,NPB,regression_tree
NPB,松葉　貴大,2021,28000000,6938325.923611111,443594114900031.75,MLB,NPB,regression_tree
NPB,勝野　昌慶,2021,21000000,1196259.3567398118,392188143465515.44,MLB,NPB,regression_tree
NPB,梅津　晃大,2021,12000000,1196259.3567398118,116720811886832.06,MLB,NPB,regression_tree
NPB,笠原　祥太郎,2021,10000000,1196259.3567398118,77505849313791.31,MLB,NPB,regression_tree
NPB,岡野　祐一郎,2021,8800000,2496038.3161764704,39739932911115.19,MLB,NPB,regression_tree
NPB,清水　達也,2021,7200000,1196259.3567398118,36044901711534.26,MLB,NPB,regression_tree
NPB,大瀬良　大地,2021,180000000,7599250.804347826,29722018323222168,MLB,NPB,regression_tree
NPB,九里　亜蓮,2021,140000000,7599250.804347826,17529958387569990,MLB,NPB,regression_tree
NPB,森下　暢仁,2021,75000000,1196259.3567398118,5446992132937615,MLB,NPB,regression_tree
NPB,野村　祐輔,2021,72000000,2496038.3161764704,4830800689746409,MLB,NPB,regression_tree
NPB,床田　寛樹,2021,33000000,1196259.3567398118,1011477918903760,MLB,NPB,regression_tree
NPB,遠藤　淳志,2021,20000000,1196259.3567398118,353580662178995.06,MLB,NPB,regression_tree
NPB,薮田　和樹,2021,19000000,3534554.007518797,239180019746352.88,MLB,NPB,regression_tree
NPB,中村　祐太,2021,13000000,1196259.3567398118,139328293173352.45,MLB,NPB,regression_tree
NPB,玉村　昇悟,2021,12000000,1196259.3567398118,116720811886832.06,MLB,NPB,regression_tree
NPB,高橋　昂也,2021,12000000,1196259.3567398118,116720811886832.06,MLB,NPB,regression_tree
NPB,小林　樹斗,2021,5000000,1196259.3567398118,14468442881189.432,MLB,NPB,regression_tree
NPB,小川　泰弘,2021,160000000,6938325.923611111,23427876071066700,MLB,NPB,regression_tree
NPB,サイスニード,2021,95000000,6938325.923611111,7754858441136144,MLB,NPB,regression_tree
NPB,石川　雅規,2021,90000000,3534554.007518797,7476273350678684,MLB,NPB,regression_tree
NPB,田口　麗斗,2021,70000000,1196259.3567398118,4733954726505013,MLB,NPB,regression_tree
NPB,高梨　裕稔,2021,37000000,3534554.007518797,1119936075475676.1,MLB,NPB,regression_tree
NPB,奥川　恭伸,2021,36000000,1196259.3567398118,1211300362763321,MLB,NPB,regression_tree
NPB,原　樹理,2021,26000000,3534554.007518797,504696263641089.7,MLB,NPB,regression_tree
NPB,高橋　奎二,2021,22000000,1196259.3567398118,432795624752035.8,MLB,NPB,regression_tree
NPB,金久保　優斗,2021,12000000,1196259.3567398118,116720811886832.06,MLB,NPB,regression_tree
NPB,山野　太一,2021,9500000,1196259.3567398118,68952108670531.125,MLB,NPB,regression_tree
NPB,千賀　滉大,2021,600000000,12398073.776699029,3.4527602370133357e+17,MLB,NPB,regression_tree
NPB,武田　翔太,2021,150000000,3534554.007518797,21452126869776428,MLB,NPB,regression_tree
NPB,和田　毅,2021,150000000,3534554.007518797,21452126869776428,MLB,NPB,regression_tree
NPB,石川　柊太,2021,120000000,6938325.923611111,12782942144955588,MLB,NPB,regression_tree
NPB,東浜　巨,2021,80000000,3534554.007518797,5846964430829059,MLB,NPB,regression_tree
NPB,笠谷　俊介,2021,22000000,1196259.3567398118,432795624752035.8,MLB,NPB,regression_tree
NPB,大竹　耕太郎,2021,21000000,1196259.3567398118,392188143465515.44,MLB,NPB,regression_tree
NPB,上沢　直之,2021,150000000,7599250.804347826,20277973371483036,MLB,NPB,regression_tree
NPB,加藤　貴之,2021,73000000,6938325.923611111,4364144781775031.5,MLB,NPB,regression_tree
NPB,金子　千尋,2021,20000000,2496038.3161764704,306388674628762.25,MLB,NPB,regression_tree
NPB,立野　和明,2021,17000000,1196259.3567398118,249758218319433.97,MLB,NPB,regression_tree
NPB,池田　隆英,2021,17000000,3534554.007518797,181318235776428.06,MLB,NPB,regression_tree
NPB,吉田　輝星,2021,9700000,1196259.3567398118,72313604927835.2,MLB,NPB,regression_tree
NPB,生田目　翼,2021,9000000,1196259.3567398118,60898368027270.94,MLB,NPB,regression_tree
NPB,山本　由伸,2021,370000000,3973936.4208333334,133975079219260140,MLB,NPB,regression_tree
NPB,田嶋　大樹,2021,80000000,1196259.3567398118,6210029539370217,MLB,NPB,regression_tree
NPB,山岡　泰輔,2021,72000000,1196259.3567398118,5013169689078054,MLB,NPB,regression_tree
NPB,増井　浩俊,2021,70000000,2496038.3161764704,4556784843011115,MLB,NPB,regression_tree
NPB,宮城　大弥,2021,50000000,1196259.3567398118,2381805100774606.5,MLB,NPB,regression_tree
NPB,山﨑　福也,2021,50000000,6938325.923611111,1854307774261142.8,MLB,NPB,regression_tree
NPB,山﨑　颯一郎,2021,13000000,1196259.3567398118,139328293173352.45,MLB,NPB,regression_tree
NPB,榊原　翼,2021,8000000,1196259.3567398118,46290886740750.56,MLB,NPB,regression_tree
NPB,本田　仁海,2021,5000000,1196259.3567398118,14468442881189.432,MLB,NPB,regression_tree
NPB,田中　将大,2021,900000000,3534554.007518797,803650295858498300,MLB,NPB,regression_tree
NPB,則本　昂大,2021,300000000,17190228.363636363,79981366933012140,MLB,NPB,regression_tree
NPB,岸　孝之,2021,250000000,6938325.923611111,59078977404816704,MLB,NPB,regression_tree
NPB,涌井　秀章,2021,110000000.00000001,2496038.3161764704,11557101777717e3,MLB,NPB,regression_tree
NPB,早川　隆久,2021,36000000,1196259.3567398118,1211300362763321,MLB,NPB,regression_tree
NPB,塩見　貴洋,2021,35000000,3534554.007518797,990074291505751.4,MLB,NPB,regression_tree
NPB,瀧中　瞭太,2021,30000000,7599250.804347826,501793564526511.44,MLB,NPB,regression_tree
NPB,石橋　良太,2021,16000000,3534554.007518797,155387343791465.66,MLB,NPB,regression_tree
NPB,弓削　隼人,2021,11500000,2496038.3161764704,81071326003762.25,MLB,NPB,regression_tree
NPB,釜田　佳直,2021,10000000,2496038.3161764704,56309440952291.664,MLB,NPB,regression_tree
NPB,髙橋　光成,2021,110000000.00000001,3973936.4208333334,11241526158093496,MLB,NPB,regression_tree
NPB,松本　航,2021,54000000,1196259.3567398118,2788235025920688,MLB,NPB,regression_tree
NPB,今井　達也,2021,51000000,1196259.3567398118,2480412582061127,MLB,NPB,regression_tree
NPB,内海　哲也,2021,45000000,2496038.3161764704,1806586758819938.5,MLB,NPB,regression_tree
NPB,浜屋　将太,2021,13100000,1196259.3567398118,141699041302004.47,MLB,NPB,regression_tree
NPB,本田　圭佑,2021,12600000,3534554.007518797,82182311042593.48,MLB,NPB,regression_tree
NPB,渡邉　勇太朗,2021,10000000,1196259.3567398118,77505849313791.31,MLB,NPB,regression_tree
NPB,上間　永遠,2021,6500000,1196259.3567398118,28129664810969.996,MLB,NPB,regression_tree
NPB,石川　歩,2021,150000000,6938325.923611111,20466642589538924,MLB,NPB,regression_tree
NPB,美馬　学,2021,120000000,2496038.3161764704,13807181011393468,MLB,NPB,regression_tree
NPB,小島　和哉,2021,62000000,1196259.3567398118,3697094876212851,MLB,NPB,regression_tree
NPB,二木　康太,2021,55000000,1196259.3567398118,2894842507207208.5,MLB,NPB,regression_tree
NPB,岩下　大輝,2021,45000000,1196259.3567398118,1918767694342004.5,MLB,NPB,regression_tree
NPB,佐々木　朗希,2021,30000000,1196259.3567398118,829655475044198.9,MLB,NPB,regression_tree
NPB,鈴木　昭汰,2021,20000000,1196259.3567398118,353580662178995.06,MLB,NPB,regression_tree
NPB,土肥　星也,2021,10500000,1196259.3567398118,86559589957051.5,MLB,NPB,regression_tree
NPB,本前　郁也,2021,6700000,1196259.3567398118,30291161068274.074,MLB,NPB,regression_tree
NPB,西　勇輝,2022,300000000,6938325.923611111,85885144812455580,MLB,NPB,regression_tree
NPB,青柳　晃洋,2022,240000000,7599250.804347826,54010108226700430,MLB,NPB,regression_tree
NPB,秋山　拓巳,2022,88000000,2496038.3161764704,7310927463628762,MLB,NPB,regression_tree
NPB,伊藤　将司,2022,80000000,1196259.3567398118,6210029539370217,MLB,NPB,regression_tree
NPB,西　純矢,2022,28000000,1196259.3567398118,718440512471158.1,MLB,NPB,regression_tree
NPB,大竹　耕太郎,2022,20000000,2496038.3161764704,306388674628762.25,MLB,NPB,regression_tree
NPB,才木　浩人,2022,19000000,1196259.3567398118,316973180892474.7,MLB,NPB,regression_tree
NPB,小川　一平,2022,13000000,1196259.3567398118,139328293173352.45,MLB,NPB,regression_tree
NPB,森木　大智,2022,12000000,1196259.3567398118,116720811886832.06,MLB,NPB,regression_tree
NPB,今永　昇太,2022,140000000,31928333.3,11679485143315890,MLB,NPB,regression_tree
NPB,大貫　晋一,2022,88000000,12398073.776699029,5715651248673442,MLB,NPB,regression_tree
NPB,石田　健大,2022,62000000,6938325.923611111,3031787952094476,MLB,NPB,regression_tree
NPB,濵口　遥大,2022,62000000,6938325.923611111,3031787952094476,MLB,NPB,regression_tree
NPB,上茶谷　大河,2022,34000000,1196259.3567398118,1076085400190280.4,MLB,NPB,regression_tree
NPB,京山　将弥,2022,27900000,1196259.3567398118,713089764342506,MLB,NPB,regression_tree
NPB,東　克樹,2022,26100000,3534554.007518797,509199352839585.94,MLB,NPB,regression_tree
NPB,坂本　裕哉,2022,23000000,1196259.3567398118,475403106038556.2,MLB,NPB,regression_tree
NPB,笠原　祥太郎,2022,9000000,2496038.3161764704,42301517584644.6,MLB,NPB,regression_tree
NPB,菅野　智之,2022,500000000,7599250.804347826,242458497808439550,MLB,NPB,regression_tree
NPB,戸郷　翔征,2022,90000000,1196259.3567398118,7886104352235420,MLB,NPB,regression_tree
NPB,髙橋　優貴,2022,30000000,1196259.3567398118,829655475044198.9,MLB,NPB,regression_tree
NPB,山﨑　伊織,2022,25000000,1196259.3567398118,566618068611597,MLB,NPB,regression_tree
NPB,横川　凱,2022,6600000,1196259.3567398118,29200412939622.035,MLB,NPB,regression_tree
NPB,堀田　賢慎,2022,6500000,1196259.3567398118,28129664810969.996,MLB,NPB,regression_tree
NPB,井上　温大,2022,6500000,1196259.3567398118,28129664810969.996,MLB,NPB,regression_tree
NPB,大野　雄大,2022,300000000,6938325.923611111,85885144812455580,MLB,NPB,regression_tree
NPB,柳　裕也,2022,108000000,6938325.923611111,10213461967122256,MLB,NPB,regression_tree
NPB,涌井　秀章,2022,100000000,3534554.007518797,9305582270528308,MLB,NPB,regression_tree
NPB,小笠原　慎之介,2022,66000000,1196259.3567398118,4199524801358932.5,MLB,NPB,regression_tree
NPB,松葉　貴大,2022,50000000,6938325.923611111,1854307774261142.8,MLB,NPB,regression_tree
NPB,髙橋　宏斗,2022,35000000,1196259.3567398118,1142692881476800.8,MLB,NPB,regression_tree
NPB,福谷　浩司,2022,22000000,2496038.3161764704,380404521364056.4,MLB,NPB,regression_tree
NPB,岡田　俊哉,2022,19000000,2496038.3161764704,272380751261115.2,MLB,NPB,regression_tree
NPB,勝野　昌慶,2022,19000000,1196259.3567398118,316973180892474.7,MLB,NPB,regression_tree
NPB,鈴木　博志,2022,13500000,1196259.3567398118,151382033816612.62,MLB,NPB,regression_tree
NPB,岡野　祐一郎,2022,8500000,2496038.3161764704,36047555900821.07,MLB,NPB,regression_tree
NPB,上田　洸太朗,2022,8100000,1196259.3567398118,47661634869402.6,MLB,NPB,regression_tree
NPB,大瀬良　大地,2022,180000000,2496038.3161764704,31507656413452292,MLB,NPB,regression_tree
NPB,九里　亜蓮,2022,140000000,6938325.923611111,17705409108011144,MLB,NPB,regression_tree
NPB,森下　暢仁,2022,110000000.00000001,3973936.4208333334,11241526158093496,MLB,NPB,regression_tree
NPB,野村　祐輔,2022,55000000,2496038.3161764704,2756665992496409,MLB,NPB,regression_tree
NPB,床田　寛樹,2022,50000000,6938325.923611111,1854307774261142.8,MLB,NPB,regression_tree
NPB,遠藤　淳志,2022,26000000,1196259.3567398118,615225549898117.4,MLB,NPB,regression_tree
NPB,大道　温貴,2022,13000000,1196259.3567398118,139328293173352.45,MLB,NPB,regression_tree
NPB,玉村　昇悟,2022,13000000,1196259.3567398118,139328293173352.45,MLB,NPB,regression_tree
NPB,サイスニード,2022,195000000,6938325.923611111,35367193256413924,MLB,NPB,regression_tree
NPB,小川　泰弘,2022,160000000,6938325.923611111,23427876071066700,MLB,NPB,regression_tree
NPB,石川　雅規,2022,90000000,6938325.923611111,6899241700372255,MLB,NPB,regression_tree
NPB,高橋　奎二,2022,50000000,1196259.3567398118,2381805100774606.5,MLB,NPB,regression_tree
NPB,高梨　裕稔,2022,43000000,6938325.923611111,1300444337191698.2,MLB,NPB,regression_tree
NPB,原　樹理,2022,38000000,2496038.3161764704,1260531295246409,MLB,NPB,regression_tree
NPB,奥川　恭伸,2022,27000000,1196259.3567398118,665833031184637.75,MLB,NPB,regression_tree
NPB,山下　輝,2022,14000000,1196259.3567398118,163935774459872.8,MLB,NPB,regression_tree
NPB,小澤　怜史,2022,11000000,1196259.3567398118,96113330600311.69,MLB,NPB,regression_tree
NPB,吉田　大喜,2022,11000000,1196259.3567398118,96113330600311.69,MLB,NPB,regression_tree
NPB,金久保　優斗,2022,10000000,1196259.3567398118,77505849313791.31,MLB,NPB,regression_tree
NPB,阪口　皓亮,2022,9000000,1196259.3567398118,60898368027270.94,MLB,NPB,regression_tree
NPB,和田　毅,2022,165000000,6938325.923611111,24983492811830588,MLB,NPB,regression_tree
NPB,東浜　巨,2022,150000000,7599250.804347826,20277973371483036,MLB,NPB,regression_tree
NPB,石川　柊太,2022,150000000,6938325.923611111,20466642589538924,MLB,NPB,regression_tree
NPB,大関　友久,2022,45000000,1196259.3567398118,1918767694342004.5,MLB,NPB,regression_tree
NPB,杉山　一樹,2022,16000000,1196259.3567398118,219150737032913.56,MLB,NPB,regression_tree
NPB,奥村　政稔,2022,9000000,3534554.007518797,29871099896728.84,MLB,NPB,regression_tree
NPB,田上　奏大,2022,6500000,1196259.3567398118,28129664810969.996,MLB,NPB,regression_tree
NPB,上沢　直之,2022,170000000,6938325.923611111,26589109552594480,MLB,NPB,regression_tree
NPB,加藤　貴之,2022,135000000,6938325.923611111,16399792367247256,MLB,NPB,regression_tree
NPB,杉浦　稔大,2022,60000000,6378000,2875318884e6,MLB,NPB,regression_tree
NPB,立野　和明,2022,16000000,1196259.3567398118,219150737032913.56,MLB,NPB,regression_tree
NPB,池田　隆英,2022,16000000,3534554.007518797,155387343791465.66,MLB,NPB,regression_tree
NPB,根本　悠楓,2022,13000000,1196259.3567398118,139328293173352.45,MLB,NPB,regression_tree
NPB,達　孝太,2022,10000000,1196259.3567398118,77505849313791.31,MLB,NPB,regression_tree
NPB,生田目　翼,2022,9000000,3534554.007518797,29871099896728.84,MLB,NPB,regression_tree
NPB,田中　瑛斗,2022,7000000,1196259.3567398118,33683405454230.184,MLB,NPB,regression_tree
NPB,山本　由伸,2022,650000000,3973936.4208333334,417349674823593500,MLB,NPB,regression_tree
NPB,田嶋　大樹,2022,110000000.00000001,1196259.3567398118,11838253977965830,MLB,NPB,regression_tree
NPB,宮城　大弥,2022,80000000,1196259.3567398118,6210029539370217,MLB,NPB,regression_tree
NPB,山岡　泰輔,2022,72000000,6938325.923611111,4233021433622254,MLB,NPB,regression_tree
NPB,山﨑　福也,2022,60000000,3534554.007518797,3188346591129811.5,MLB,NPB,regression_tree
NPB,竹安　大知,2022,21000000,3534554.007518797,305041803716277.7,MLB,NPB,regression_tree
NPB,椋木　蓮,2022,16000000,1196259.3567398118,219150737032913.56,MLB,NPB,regression_tree
NPB,東　晃平,2022,8000000,1196259.3567398118,46290886740750.56,MLB,NPB,regression_tree
NPB,田中　将大,2022,475000000,6938325.923611111,219081730739191700,MLB,NPB,regression_tree
NPB,則本　昂大,2022,300000000,7599250.804347826,85498198130178690,MLB,NPB,regression_tree
NPB,岸　孝之,2022,250000000,6938325.923611111,59078977404816704,MLB,NPB,regression_tree
NPB,辛島　航,2022,80000000,6938325.923611111,5338008218844477,MLB,NPB,regression_tree
NPB,早川　隆久,2022,33000000,1196259.3567398118,1011477918903760,MLB,NPB,regression_tree
NPB,瀧中　瞭太,2022,26000000,3534554.007518797,504696263641089.7,MLB,NPB,regression_tree
NPB,藤井　聖,2022,10500000,1196259.3567398118,86559589957051.5,MLB,NPB,regression_tree
NPB,高田　孝一,2022,10000000,1196259.3567398118,77505849313791.31,MLB,NPB,regression_tree
NPB,藤平　尚真,2022,10000000,1196259.3567398118,77505849313791.31,MLB,NPB,regression_tree
NPB,松井　友飛,2022,7000000,1196259.3567398118,33683405454230.184,MLB,NPB,regression_tree
NPB,髙橋　光成,2022,180000000,3973936.4208333334,30985175059176832,MLB,NPB,regression_tree
NPB,松本　航,2022,65000000,1196259.3567398118,4070917320072412,MLB,NPB,regression_tree
NPB,今井　達也,2022,45000000,1196259.3567398118,1918767694342004.5,MLB,NPB,regression_tree
NPB,與座　海人,2022,33000000,7599250.804347826,645198059700424.5,MLB,NPB,regression_tree
NPB,隅田　知一郎,2022,20000000,1196259.3567398118,353580662178995.06,MLB,NPB,regression_tree
NPB,佐藤　隼輔,2022,16000000,1196259.3567398118,219150737032913.56,MLB,NPB,regression_tree
NPB,渡邉　勇太朗,2022,8500000,1196259.3567398118,53344627384010.75,MLB,NPB,regression_tree
NPB,石川　歩,2022,150000000,6938325.923611111,20466642589538924,MLB,NPB,regression_tree
NPB,美馬　学,2022,140000000,7599250.804347826,17529958387569990,MLB,NPB,regression_tree
NPB,佐々木　朗希,2022,80000000,1196259.3567398118,6210029539370217,MLB,NPB,regression_tree
NPB,小島　和哉,2022,68000000,1196259.3567398118,4462739763931973,MLB,NPB,regression_tree
NPB,二木　康太,2022,46000000,3534554.007518797,1803314103340337.8,MLB,NPB,regression_tree
NPB,種市　篤暉,2022,18000000,1196259.3567398118,282365699605954.3,MLB,NPB,regression_tree
NPB,鈴木　昭汰,2022,16000000,1196259.3567398118,219150737032913.56,MLB,NPB,regression_tree
NPB,河村　説人,2022,15000000,1196259.3567398118,190543255746393.2,MLB,NPB,regression_tree
NPB,本前　郁也,2022,13000000,1196259.3567398118,139328293173352.45,MLB,NPB,regression_tree
NPB,佐藤　奨真,2022,9000000,1196259.3567398118,60898368027270.94,MLB,NPB,regression_tree
NPB,森　遼大朗,2022,4600000,1196259.3567398118,11585450366581.281,MLB,NPB,regression_tree
NPB,西　勇輝,2023,300000000,6938325.923611111,85885144812455580,MLB,NPB,regression_tree
NPB,青柳　晃洋,2023,210000000,6938325.923611111,41234043478705590,MLB,NPB,regression_tree
NPB,伊藤　将司,2023,160000000,7599250.804347826,23225988355396080,MLB,NPB,regression_tree
NPB,大竹　耕太郎,2023,67000000,7599250.804347826,3528449005004772,MLB,NPB,regression_tree
NPB,村上　頌樹,2023,67000000,1196259.3567398118,4330132282645453,MLB,NPB,regression_tree
NPB,才木　浩人,2023,50000000,1196259.3567398118,2381805100774606.5,MLB,NPB,regression_tree
NPB,秋山　拓巳,2023,44000000,2496038.3161764704,1722578835452291.2,MLB,NPB,regression_tree
NPB,西　純矢,2023,38000000,1196259.3567398118,1354515325336361.8,MLB,NPB,regression_tree
NPB,門別　啓人,2023,8000000,1196259.3567398118,46290886740750.56,MLB,NPB,regression_tree
NPB,東　克樹,2023,105000000,7599250.804347826,9486905943874338,MLB,NPB,regression_tree
NPB,石田　健大,2023,80000000,3534554.007518797,5846964430829059,MLB,NPB,regression_tree
NPB,大貫　晋一,2023,77000000,3534554.007518797,5397171754874172,MLB,NPB,regression_tree
NPB,濵口　遥大,2023,54000000,3534554.007518797,2546761239220037,MLB,NPB,regression_tree
NPB,森　唯斗,2023,50000000,3534554.007518797,2159037671280187.5,MLB,NPB,regression_tree
NPB,平良　拳太郎,2023,26000000,3534554.007518797,504696263641089.7,MLB,NPB,regression_tree
NPB,菅野　智之,2023,400000000,3534554.007518797,157184849866017060,MLB,NPB,regression_tree
NPB,戸郷　翔征,2023,180000000,1196259.3567398118,31970777668022252,MLB,NPB,regression_tree
NPB,山﨑　伊織,2023,51000000,1196259.3567398118,2480412582061127,MLB,NPB,regression_tree
NPB,高橋　礼,2023,43000000,2496038.3161764704,1640570912084644.2,MLB,NPB,regression_tree
NPB,赤星　優志,2023,30000000,1196259.3567398118,829655475044198.9,MLB,NPB,regression_tree
NPB,髙橋　優貴,2023,23000000,1196259.3567398118,475403106038556.2,MLB,NPB,regression_tree
NPB,横川　凱,2023,17000000,1196259.3567398118,249758218319433.97,MLB,NPB,regression_tree
NPB,井上　温大,2023,6700000,1196259.3567398118,30291161068274.074,MLB,NPB,regression_tree
NPB,大野　雄大,2023,300000000,3534554.007518797,87891760667520800,MLB,NPB,regression_tree
NPB,柳　裕也,2023,148000000,3534554.007518797,20870265085806504,MLB,NPB,regression_tree
NPB,涌井　秀章,2023,100000000,3534554.007518797,9305582270528308,MLB,NPB,regression_tree
NPB,小笠原　慎之介,2023,93000000,1196259.3567398118,8427926796094981,MLB,NPB,regression_tree
NPB,髙橋　宏斗,2023,63000000,1196259.3567398118,3819702357499371.5,MLB,NPB,regression_tree
NPB,松葉　貴大,2023,50000000,3534554.007518797,2159037671280187.5,MLB,NPB,regression_tree
NPB,福谷　浩司,2023,20000000,2496038.3161764704,306388674628762.25,MLB,NPB,regression_tree
NPB,根尾　昂,2023,16000000,1196259.3567398118,219150737032913.56,MLB,NPB,regression_tree
NPB,仲地　礼亜,2023,15000000,1196259.3567398118,190543255746393.2,MLB,NPB,regression_tree
NPB,梅津　晃大,2023,10000000,3534554.007518797,41801991881691.24,MLB,NPB,regression_tree
NPB,大瀬良　大地,2023,180000000,6938325.923611111,29950343034122256,MLB,NPB,regression_tree
NPB,九里　亜蓮,2023,140000000,6938325.923611111,17705409108011144,MLB,NPB,regression_tree
NPB,森下　暢仁,2023,130000000,1196259.3567398118,16590403603696234,MLB,NPB,regression_tree
NPB,床田　寛樹,2023,100000000,7599250.804347826,8537898451917816,MLB,NPB,regression_tree
NPB,野村　祐輔,2023,44500000,3534554.007518797,1678167765362894.2,MLB,NPB,regression_tree
NPB,遠藤　淳志,2023,25000000,1196259.3567398118,566618068611597,MLB,NPB,regression_tree
NPB,森　翔平,2023,18000000,1196259.3567398118,282365699605954.3,MLB,NPB,regression_tree
NPB,玉村　昇悟,2023,16000000,1196259.3567398118,219150737032913.56,MLB,NPB,regression_tree
NPB,黒原　拓未,2023,14000000,1196259.3567398118,163935774459872.8,MLB,NPB,regression_tree
NPB,サイスニード,2023,232500000,6938325.923611111,50878068812143090,MLB,NPB,regression_tree
NPB,小川　泰弘,2023,160000000,7599250.804347826,23225988355396080,MLB,NPB,regression_tree
NPB,石川　雅規,2023,67500000,3534554.007518797,4091578281017029.5,MLB,NPB,regression_tree
NPB,高橋　奎二,2023,48000000,1196259.3567398118,2190590138201565.8,MLB,NPB,regression_tree
NPB,吉村　貢司郎,2023,21000000,1196259.3567398118,392188143465515.44,MLB,NPB,regression_tree
NPB,宮川　哲,2023,20000000,2496038.3161764704,306388674628762.25,MLB,NPB,regression_tree
NPB,山野　太一,2023,9000000,1196259.3567398118,60898368027270.94,MLB,NPB,regression_tree
NPB,金久保　優斗,2023,9000000,1196259.3567398118,60898368027270.94,MLB,NPB,regression_tree
NPB,有原　航平,2023,500000000,7599250.804347826,242458497808439550,MLB,NPB,regression_tree
NPB,和田　毅,2023,200000000,6938325.923611111,37272809997177816,MLB,NPB,regression_tree
NPB,東浜　巨,2023,150000000,6938325.923611111,20466642589538924,MLB,NPB,regression_tree
NPB,石川　柊太,2023,120000000,3534554.007518797,13564200110227556,MLB,NPB,regression_tree
NPB,大関　友久,2023,55000000,1196259.3567398118,2894842507207208.5,MLB,NPB,regression_tree
NPB,加藤　貴之,2023,300000000,6938325.923611111,85885144812455580,MLB,NPB,regression_tree
NPB,山﨑　福也,2023,60000000,7599250.804347826,2745838516265641.5,MLB,NPB,regression_tree
NPB,上原　健太,2023,40000000,3534554.007518797,1329728751430563.2,MLB,NPB,regression_tree
NPB,北山　亘基,2023,33000000,1196259.3567398118,1011477918903760,MLB,NPB,regression_tree
NPB,鈴木　健矢,2023,30000000,1196259.3567398118,829655475044198.9,MLB,NPB,regression_tree
NPB,根本　悠楓,2023,16000000,1196259.3567398118,219150737032913.56,MLB,NPB,regression_tree
NPB,金村　尚真,2023,12000000,1196259.3567398118,116720811886832.06,MLB,NPB,regression_tree
NPB,田中　瑛斗,2023,7500000,1196259.3567398118,39737146097490.375,MLB,NPB,regression_tree
NPB,宮城　大弥,2023,160000000,1196259.3567398118,25218628042291844,MLB,NPB,regression_tree
NPB,田嶋　大樹,2023,95000000,6938325.923611111,7754858441136144,MLB,NPB,regression_tree
NPB,山下　舜平大,2023,40000000,1196259.3567398118,1505730287909402.5,MLB,NPB,regression_tree
NPB,東　晃平,2023,24000000,1196259.3567398118,520010587325076.56,MLB,NPB,regression_tree
NPB,曽谷　龍平,2023,16000000,1196259.3567398118,219150737032913.56,MLB,NPB,regression_tree
NPB,齋藤　響介,2023,6000000,1196259.3567398118,23075924167709.81,MLB,NPB,regression_tree
NPB,則本　昂大,2023,300000000,6938325.923611111,85885144812455580,MLB,NPB,regression_tree
NPB,田中　将大,2023,260000000,2496038.3161764704,66308290282864056,MLB,NPB,regression_tree
NPB,岸　孝之,2023,210000000,6938325.923611111,41234043478705590,MLB,NPB,regression_tree
NPB,辛島　航,2023,80000000,3534554.007518797,5846964430829059,MLB,NPB,regression_tree
NPB,早川　隆久,2023,33000000,1196259.3567398118,1011477918903760,MLB,NPB,regression_tree
NPB,荘司　康誠,2023,30000000,1196259.3567398118,829655475044198.9,MLB,NPB,regression_tree
NPB,瀧中　瞭太,2023,23000000,3534554.007518797,378903587686202.5,MLB,NPB,regression_tree
NPB,藤平　尚真,2023,14500000,1196259.3567398118,176989515103133,MLB,NPB,regression_tree
NPB,藤井　聖,2023,13000000,3534554.007518797,89594667836578.44,MLB,NPB,regression_tree
NPB,松井　友飛,2023,8000000,1196259.3567398118,46290886740750.56,MLB,NPB,regression_tree
NPB,髙橋　光成,2023,265000000,1196259.3567398118,69592413577376480,MLB,NPB,regression_tree
NPB,平良　海馬,2023,250000000,1196259.3567398118,61903301358078680,MLB,NPB,regression_tree
NPB,今井　達也,2023,80000000,1196259.3567398118,6210029539370217,MLB,NPB,regression_tree
NPB,松本　航,2023,58000000,6938325.923611111,2607294559483365,MLB,NPB,regression_tree
NPB,隅田　知一郎,2023,40000000,1196259.3567398118,1505730287909402.5,MLB,NPB,regression_tree
NPB,與座　海人,2023,30000000,3534554.007518797,700419831580939.25,MLB,NPB,regression_tree
NPB,渡邉　勇太朗,2023,8200000,1196259.3567398118,49052382998054.64,MLB,NPB,regression_tree
NPB,美馬　学,2023,140000000,2496038.3161764704,18907339478746408,MLB,NPB,regression_tree
NPB,小島　和哉,2023,105000000,7599250.804347826,9486905943874338,MLB,NPB,regression_tree
NPB,西野　勇士,2023,85000000,6938325.923611111,6093624959608366,MLB,NPB,regression_tree
NPB,佐々木　朗希,2023,80000000,1196259.3567398118,6210029539370217,MLB,NPB,regression_tree
NPB,種市　篤暉,2023,52000000,1196259.3567398118,2581020063347647,MLB,NPB,regression_tree
NPB,菊地　吏玖,2023,16000000,1196259.3567398118,219150737032913.56,MLB,NPB,regression_tree
NPB,本前　郁也,2023,12000000,1196259.3567398118,116720811886832.06,MLB,NPB,regression_tree
NPB,森　遼大朗,2023,7000000,1196259.3567398118,33683405454230.184,MLB,NPB,regression_tree
NPB,西　勇輝,2024,300000000,6938325.923611111,85885144812455580,MLB,NPB,regression_tree
NPB,伊藤　将司,2024,140000000,3534554.007518797,18622817949926804,MLB,NPB,regression_tree
NPB,才木　浩人,2024,120000000,1196259.3567398118,14114328790831030,MLB,NPB,regression_tree
NPB,大竹　耕太郎,2024,90000000,7599250.804347826,6789883468004772,MLB,NPB,regression_tree
NPB,村上　頌樹,2024,80000000,1196259.3567398118,6210029539370217,MLB,NPB,regression_tree
NPB,及川　雅貴,2024,30000000,1196259.3567398118,829655475044198.9,MLB,NPB,regression_tree
NPB,髙橋　遥人,2024,25000000,3534554.007518797,460765371656127.3,MLB,NPB,regression_tree
NPB,東　克樹,2024,210000000,7599250.804347826,40966063274961296,MLB,NPB,regression_tree
NPB,石田　健大,2024,100000000,3534554.007518797,9305582270528308,MLB,NPB,regression_tree
NPB,大貫　晋一,2024,72000000,6938325.923611111,4233021433622254,MLB,NPB,regression_tree
NPB,平良　拳太郎,2024,26000000,3534554.007518797,504696263641089.7,MLB,NPB,regression_tree
NPB,吉野　光樹,2024,14000000,1196259.3567398118,163935774459872.8,MLB,NPB,regression_tree
NPB,石田　裕太郎,2024,13000000,1196259.3567398118,139328293173352.45,MLB,NPB,regression_tree
NPB,小園　健太,2024,6900000,1196259.3567398118,32532657325578.15,MLB,NPB,regression_tree
NPB,松本　隆之介,2024,5600000,1196259.3567398118,19392931653101.656,MLB,NPB,regression_tree
NPB,戸郷　翔征,2024,300000000,3973936.4208333334,87631430318176820,MLB,NPB,regression_tree
NPB,田中　将大,2024,160000000,2496038.3161764704,24807497946099348,MLB,NPB,regression_tree
NPB,山﨑　伊織,2024,90000000,1196259.3567398118,7886104352235420,MLB,NPB,regression_tree
NPB,高橋　礼,2024,37000000,3534554.007518797,1119936075475676.1,MLB,NPB,regression_tree
NPB,井上　温大,2024,34000000,1196259.3567398118,1076085400190280.4,MLB,NPB,regression_tree
NPB,又木　鉄平,2024,10000000,1196259.3567398118,77505849313791.31,MLB,NPB,regression_tree
NPB,髙橋　宏斗,2024,120000000,1196259.3567398118,14114328790831030,MLB,NPB,regression_tree
NPB,大野　雄大,2024,120000000,2496038.3161764704,13807181011393468,MLB,NPB,regression_tree
NPB,柳　裕也,2024,110000000.00000001,3534554.007518797,11334891190377934,MLB,NPB,regression_tree
NPB,涌井　秀章,2024,90000000,3534554.007518797,7476273350678684,MLB,NPB,regression_tree
NPB,松葉　貴大,2024,50000000,3534554.007518797,2159037671280187.5,MLB,NPB,regression_tree
NPB,梅津　晃大,2024,14000000,3534554.007518797,109525559821540.84,MLB,NPB,regression_tree
NPB,仲地　礼亜,2024,11500000,1196259.3567398118,106167071243571.88,MLB,NPB,regression_tree
NPB,松木平　優太,2024,10500000,1196259.3567398118,86559589957051.5,MLB,NPB,regression_tree
NPB,大瀬良　大地,2024,200000000,6938325.923611111,37272809997177816,MLB,NPB,regression_tree
NPB,森下　暢仁,2024,165000000,7599250.804347826,24774995847352604,MLB,NPB,regression_tree
NPB,床田　寛樹,2024,150000000,7599250.804347826,20277973371483036,MLB,NPB,regression_tree
NPB,アドゥワ　誠,2024,34000000,1196259.3567398118,1076085400190280.4,MLB,NPB,regression_tree
NPB,玉村　昇悟,2024,26000000,1196259.3567398118,615225549898117.4,MLB,NPB,regression_tree
NPB,森　翔平,2024,20000000,1196259.3567398118,353580662178995.06,MLB,NPB,regression_tree
NPB,常廣　羽也斗,2024,16000000,1196259.3567398118,219150737032913.56,MLB,NPB,regression_tree
NPB,小川　泰弘,2024,110000000.00000001,2496038.3161764704,11557101777717e3,MLB,NPB,regression_tree
NPB,高橋　奎二,2024,58000000,6938325.923611111,2607294559483365,MLB,NPB,regression_tree
NPB,吉村　貢司郎,2024,50000000,1196259.3567398118,2381805100774606.5,MLB,NPB,regression_tree
NPB,青柳　晃洋,2024,50000000,3534554.007518797,2159037671280187.5,MLB,NPB,regression_tree
NPB,石川　雅規,2024,40000000,3534554.007518797,1329728751430563.2,MLB,NPB,regression_tree
NPB,高梨　裕稔,2024,30000000,3534554.007518797,700419831580939.25,MLB,NPB,regression_tree
NPB,奥川　恭伸,2024,21000000,1196259.3567398118,392188143465515.44,MLB,NPB,regression_tree
NPB,松本　健吾,2024,16000000,1196259.3567398118,219150737032913.56,MLB,NPB,regression_tree
NPB,山野　太一,2024,14000000,1196259.3567398118,163935774459872.8,MLB,NPB,regression_tree
NPB,阪口　皓亮,2024,10000000,1196259.3567398118,77505849313791.31,MLB,NPB,regression_tree
NPB,有原　航平,2024,400000000,7599250.804347826,153978347969309120,MLB,NPB,regression_tree
NPB,東浜　巨,2024,150000000,3534554.007518797,21452126869776428,MLB,NPB,regression_tree
NPB,大関　友久,2024,90000000,6938325.923611111,6899241700372255,MLB,NPB,regression_tree
NPB,大津　亮介,2024,55000000,1196259.3567398118,2894842507207208.5,MLB,NPB,regression_tree
NPB,濵口　遥大,2024,46000000,3534554.007518797,1803314103340337.8,MLB,NPB,regression_tree
NPB,前田　悠伍,2024,10000000,1196259.3567398118,77505849313791.31,MLB,NPB,regression_tree
NPB,松本　晴,2024,9000000,1196259.3567398118,60898368027270.94,MLB,NPB,regression_tree
NPB,前田　純,2024,7500000,1196259.3567398118,39737146097490.375,MLB,NPB,regression_tree
NPB,加藤　貴之,2024,300000000,7599250.804347826,85498198130178690,MLB,NPB,regression_tree
NPB,山﨑　福也,2024,250000000,7599250.804347826,58758123210613470,MLB,NPB,regression_tree
NPB,伊藤　大海,2024,220000000.00000003,17190228.363636363,41131803471193976,MLB,NPB,regression_tree
NPB,北山　亘基,2024,46000000,1196259.3567398118,2007375175628525,MLB,NPB,regression_tree
NPB,金村　尚真,2024,36000000,1196259.3567398118,1211300362763321,MLB,NPB,regression_tree
NPB,上原　健太,2024,36000000,2496038.3161764704,1122515448511115.2,MLB,NPB,regression_tree
NPB,福谷　浩司,2024,20000000,3534554.007518797,271110911731315.28,MLB,NPB,regression_tree
NPB,福島　蓮,2024,16000000,1196259.3567398118,219150737032913.56,MLB,NPB,regression_tree
NPB,根本　悠楓,2024,15000000,1196259.3567398118,190543255746393.2,MLB,NPB,regression_tree
NPB,細野　晴希,2024,13000000,1196259.3567398118,139328293173352.45,MLB,NPB,regression_tree
NPB,達　孝太,2024,10500000,1196259.3567398118,86559589957051.5,MLB,NPB,regression_tree
NPB,宮城　大弥,2024,200000000,1196259.3567398118,39522927293752656,MLB,NPB,regression_tree
NPB,九里　亜蓮,2024,140000000,6938325.923611111,17705409108011144,MLB,NPB,regression_tree
NPB,田嶋　大樹,2024,100000000,6938325.923611111,8660475181900033,MLB,NPB,regression_tree
NPB,曽谷　龍平,2024,38000000,1196259.3567398118,1354515325336361.8,MLB,NPB,regression_tree
NPB,山下　舜平大,2024,36000000,1196259.3567398118,1211300362763321,MLB,NPB,regression_tree
NPB,東　晃平,2024,24000000,1196259.3567398118,520010587325076.56,MLB,NPB,regression_tree
NPB,齋藤　響介,2024,12000000,1196259.3567398118,116720811886832.06,MLB,NPB,regression_tree
NPB,佐藤　一磨,2024,9000000,1196259.3567398118,60898368027270.94,MLB,NPB,regression_tree
NPB,岸　孝之,2024,220000000.00000003,6938325.923611111,45395276960233384,MLB,NPB,regression_tree
NPB,早川　隆久,2024,70000000,1196259.3567398118,4733954726505013,MLB,NPB,regression_tree
NPB,藤井　聖,2024,37000000,7599250.804347826,864404053265641.9,MLB,NPB,regression_tree
NPB,内　星龍,2024,31000000,1196259.3567398118,888262956330719.25,MLB,NPB,regression_tree
NPB,瀧中　瞭太,2024,28000000,3534554.007518797,598558047611014.5,MLB,NPB,regression_tree
NPB,荘司　康誠,2024,27000000,1196259.3567398118,665833031184637.75,MLB,NPB,regression_tree
NPB,古謝　樹,2024,23000000,1196259.3567398118,475403106038556.2,MLB,NPB,regression_tree
NPB,髙橋　光成,2024,210000000,3534554.007518797,42627980388874170,MLB,NPB,regression_tree
NPB,今井　達也,2024,180000000,3973936.4208333334,30985175059176832,MLB,NPB,regression_tree
NPB,隅田　知一郎,2024,90000000,3973936.4208333334,7400483614926825,MLB,NPB,regression_tree
NPB,武内　夏暉,2024,45000000,1196259.3567398118,1918767694342004.5,MLB,NPB,regression_tree
NPB,與座　海人,2024,25000000,2496038.3161764704,506428291466997.56,MLB,NPB,regression_tree
NPB,渡邉　勇太朗,2024,20000000,1196259.3567398118,353580662178995.06,MLB,NPB,regression_tree
NPB,青山　美夏人,2024,15500000,1196259.3567398118,204596996389653.38,MLB,NPB,regression_tree
NPB,杉山　遙希,2024,7000000,1196259.3567398118,33683405454230.184,MLB,NPB,regression_tree
NPB,菅井　信也,2024,6700000,1196259.3567398118,30291161068274.074,MLB,NPB,regression_tree
NPB,石川　柊太,2024,200000000,6938325.923611111,37272809997177816,MLB,NPB,regression_tree
NPB,小島　和哉,2024,160000000,7599250.804347826,23225988355396080,MLB,NPB,regression_tree
NPB,西野　勇士,2024,150000000,6938325.923611111,20466642589538924,MLB,NPB,regression_tree
NPB,石川　歩,2024,90000000,3534554.007518797,7476273350678684,MLB,NPB,regression_tree
NPB,種市　篤暉,2024,85000000,1196259.3567398118,7023066945802818,MLB,NPB,regression_tree
NPB,唐川　侑己,2024,58000000,3534554.007518797,2966484807159886.5,MLB,NPB,regression_tree
NPB,美馬　学,2024,40000000,2496038.3161764704,1406547141981703.2,MLB,NPB,regression_tree
NPB,中森　俊介,2024,16000000,1196259.3567398118,219150737032913.56,MLB,NPB,regression_tree
NPB,田中　晴也,2024,11000000,1196259.3567398118,96113330600311.69,MLB,NPB,regression_tree
NPB,西　勇輝,2025,300000000,2496038.3161764704,88508607217569940,MLB,NPB,regression_tree
NPB,才木　浩人,2025,250000000,1196259.3567398118,61903301358078680,MLB,NPB,regression_tree
NPB,村上　頌樹,2025,229999999.99999997,3973936.4208333334,51087781417093490,MLB,NPB,regression_tree
NPB,伊藤　将司,2025,140000000,3534554.007518797,18622817949926804,MLB,NPB,regression_tree
NPB,大竹　耕太郎,2025,130000000,6938325.923611111,15144175626483366,MLB,NPB,regression_tree
NPB,伊原　陵人,2025,36000000,1196259.3567398118,1211300362763321,MLB,NPB,regression_tree
NPB,髙橋　遥人,2025,30000000,6378000,557998884000000,MLB,NPB,regression_tree
NPB,門別　啓人,2025,12000000,1196259.3567398118,116720811886832.06,MLB,NPB,regression_tree
NPB,早川　太貴,2025,7200000,1196259.3567398118,36044901711534.26,MLB,NPB,regression_tree
NPB,東　克樹,2025,300000000,7599250.804347826,85498198130178690,MLB,NPB,regression_tree
NPB,藤浪　晋太郎,2025,80000000,3534554.007518797,5846964430829059,MLB,NPB,regression_tree
NPB,大貫　晋一,2025,63000000,3534554.007518797,3536139267084698.5,MLB,NPB,regression_tree
NPB,平良　拳太郎,2025,30000000,3534554.007518797,700419831580939.25,MLB,NPB,regression_tree
NPB,石田　裕太郎,2025,30000000,1196259.3567398118,829655475044198.9,MLB,NPB,regression_tree
NPB,竹田　祐,2025,20000000,1196259.3567398118,353580662178995.06,MLB,NPB,regression_tree
NPB,吉野　光樹,2025,11000000,1196259.3567398118,96113330600311.69,MLB,NPB,regression_tree
NPB,小園　健太,2025,6600000,1196259.3567398118,29200412939622.035,MLB,NPB,regression_tree
NPB,戸郷　翔征,2025,240000000,1196259.3567398118,57027226545213470,MLB,NPB,regression_tree
NPB,山﨑　伊織,2025,180000000,1196259.3567398118,31970777668022252,MLB,NPB,regression_tree
NPB,田中　将大,2025,100000000,2496038.3161764704,9507022544040526,MLB,NPB,regression_tree
NPB,赤星　優志,2025,48000000,1196259.3567398118,2190590138201565.8,MLB,NPB,regression_tree
NPB,井上　温大,2025,38000000,1196259.3567398118,1354515325336361.8,MLB,NPB,regression_tree
NPB,森田　駿哉,2025,15000000,3534554.007518797,131456451806503.25,MLB,NPB,regression_tree
NPB,柳　裕也,2025,200000000,3534554.007518797,38598671469024544,MLB,NPB,regression_tree
NPB,髙橋　宏斗,2025,200000000,1196259.3567398118,39522927293752656,MLB,NPB,regression_tree
NPB,大野　雄大,2025,170000000,7599250.804347826,26374003339309124,MLB,NPB,regression_tree
NPB,松葉　貴大,2025,100000000,6938325.923611111,8660475181900033,MLB,NPB,regression_tree
NPB,涌井　秀章,2025,70000000,3534554.007518797,4417655510979435.5,MLB,NPB,regression_tree
NPB,金丸　夢斗,2025,25000000,1196259.3567398118,566618068611597,MLB,NPB,regression_tree
NPB,草加　勝,2025,11000000,1196259.3567398118,96113330600311.69,MLB,NPB,regression_tree
NPB,三浦　瑞樹,2025,9000000,1196259.3567398118,60898368027270.94,MLB,NPB,regression_tree
NPB,松木平　優太,2025,9000000,1196259.3567398118,60898368027270.94,MLB,NPB,regression_tree
NPB,仲地　礼亜,2025,9000000,1196259.3567398118,60898368027270.94,MLB,NPB,regression_tree
NPB,森下　暢仁,2025,200000000,6938325.923611111,37272809997177816,MLB,NPB,regression_tree
NPB,大瀬良　大地,2025,200000000,6938325.923611111,37272809997177816,MLB,NPB,regression_tree
NPB,床田　寛樹,2025,185000000,6938325.923611111,31705959774886144,MLB,NPB,regression_tree
NPB,森　翔平,2025,38000000,6938325.923611111,964827596427809.5,MLB,NPB,regression_tree
NPB,玉村　昇悟,2025,33000000,1196259.3567398118,1011477918903760,MLB,NPB,regression_tree
NPB,アドゥワ　誠,2025,29000000,1196259.3567398118,773047993757678.5,MLB,NPB,regression_tree
NPB,髙　太一,2025,18000000,1196259.3567398118,282365699605954.3,MLB,NPB,regression_tree
NPB,常廣　羽也斗,2025,14000000,1196259.3567398118,163935774459872.8,MLB,NPB,regression_tree
NPB,佐藤　柳之介,2025,12000000,1196259.3567398118,116720811886832.06,MLB,NPB,regression_tree
NPB,斉藤　優汰,2025,7000000,1196259.3567398118,33683405454230.184,MLB,NPB,regression_tree
NPB,小川　泰弘,2025,89000000,3534554.007518797,7304342458693721,MLB,NPB,regression_tree
NPB,吉村　貢司郎,2025,75000000,6938325.923611111,4632391478080588,MLB,NPB,regression_tree
NPB,青柳　晃洋,2025,50000000,2496038.3161764704,2256626375658173.5,MLB,NPB,regression_tree
NPB,高橋　奎二,2025,46000000,3534554.007518797,1803314103340337.8,MLB,NPB,regression_tree
NPB,高梨　裕稔,2025,43000000,3534554.007518797,1557521427385450.5,MLB,NPB,regression_tree
NPB,奥川　恭伸,2025,32000000,1196259.3567398118,948870437617239.6,MLB,NPB,regression_tree
NPB,石川　雅規,2025,32000000,2496038.3161764704,870483755040527,MLB,NPB,regression_tree
NPB,山野　太一,2025,23000000,1196259.3567398118,475403106038556.2,MLB,NPB,regression_tree
NPB,中村　優斗,2025,17000000,1196259.3567398118,249758218319433.97,MLB,NPB,regression_tree
NPB,上沢　直之,2025,250000000,7599250.804347826,58758123210613470,MLB,NPB,regression_tree
NPB,大関　友久,2025,170000000,7599250.804347826,26374003339309124,MLB,NPB,regression_tree
NPB,東浜　巨,2025,110000000.00000001,3534554.007518797,11334891190377934,MLB,NPB,regression_tree
NPB,大津　亮介,2025,68000000,1196259.3567398118,4462739763931973,MLB,NPB,regression_tree
NPB,松本　晴,2025,36000000,1196259.3567398118,1211300362763321,MLB,NPB,regression_tree
NPB,前田　純,2025,18000000,1196259.3567398118,282365699605954.3,MLB,NPB,regression_tree
NPB,前田　悠伍,2025,11000000,1196259.3567398118,96113330600311.69,MLB,NPB,regression_tree
NPB,有原　航平,2025,500000000,7599250.804347826,242458497808439550,MLB,NPB,regression_tree
NPB,伊藤　大海,2025,340000000,17190228.363636363,104206148663921230,MLB,NPB,regression_tree
NPB,加藤　貴之,2025,300000000,6938325.923611111,85885144812455580,MLB,NPB,regression_tree
NPB,山﨑　福也,2025,250000000,6938325.923611111,59078977404816704,MLB,NPB,regression_tree
NPB,北山　亘基,2025,95000000,1196259.3567398118,8799141758668022,MLB,NPB,regression_tree
NPB,古林　睿煬,2025,75000000,1196259.3567398118,5446992132937615,MLB,NPB,regression_tree
NPB,達　孝太,2025,42000000,1196259.3567398118,1664945250482443.2,MLB,NPB,regression_tree
NPB,福島　蓮,2025,29000000,1196259.3567398118,773047993757678.5,MLB,NPB,regression_tree
NPB,細野　晴希,2025,17000000,1196259.3567398118,249758218319433.97,MLB,NPB,regression_tree
NPB,柴田　獅子,2025,9900000,1196259.3567398118,75755101185139.28,MLB,NPB,regression_tree
NPB,宮城　大弥,2025,220000000.00000003,1196259.3567398118,47875076919483080,MLB,NPB,regression_tree
NPB,九里　亜蓮,2025,160000000,7599250.804347826,23225988355396080,MLB,NPB,regression_tree
NPB,田嶋　大樹,2025,110000000.00000001,6938325.923611111,10621708663427814,MLB,NPB,regression_tree
NPB,曽谷　龍平,2025,55000000,1196259.3567398118,2894842507207208.5,MLB,NPB,regression_tree
NPB,山下　舜平大,2025,30000000,1196259.3567398118,829655475044198.9,MLB,NPB,regression_tree
NPB,東　晃平,2025,19000000,1196259.3567398118,316973180892474.7,MLB,NPB,regression_tree
NPB,寺西　成騎,2025,14000000,1196259.3567398118,163935774459872.8,MLB,NPB,regression_tree
NPB,佐藤　一磨,2025,8000000,1196259.3567398118,46290886740750.56,MLB,NPB,regression_tree
NPB,山口　廉王,2025,5500000,1196259.3567398118,18522183524449.62,MLB,NPB,regression_tree
NPB,岸　孝之,2025,180000000,6938325.923611111,29950343034122256,MLB,NPB,regression_tree
NPB,辛島　航,2025,80000000,2496038.3161764704,6006864076687585,MLB,NPB,regression_tree
NPB,早川　隆久,2025,60000000,1196259.3567398118,3457879913639810,MLB,NPB,regression_tree
NPB,藤井　聖,2025,47000000,6938325.923611111,1604937729802809.5,MLB,NPB,regression_tree
NPB,内　星龍,2025,44000000,1196259.3567398118,1832160213055484.2,MLB,NPB,regression_tree
NPB,瀧中　瞭太,2025,40000000,3534554.007518797,1329728751430563.2,MLB,NPB,regression_tree
NPB,荘司　康誠,2025,40000000,1196259.3567398118,1505730287909402.5,MLB,NPB,regression_tree
NPB,古謝　樹,2025,39500000,1196259.3567398118,1467176547266142.5,MLB,NPB,regression_tree
NPB,坂井　陽翔,2025,6400000,1196259.3567398118,27078916682317.96,MLB,NPB,regression_tree
NPB,大内　誠弥,2025,5500000,1196259.3567398118,18522183524449.62,MLB,NPB,regression_tree
NPB,髙橋　光成,2025,250000000,6938325.923611111,59078977404816704,MLB,NPB,regression_tree
NPB,隅田　知一郎,2025,160000000,1196259.3567398118,25218628042291844,MLB,NPB,regression_tree
NPB,渡邉　勇太朗,2025,43000000,1196259.3567398118,1747552731768963.8,MLB,NPB,regression_tree
NPB,與座　海人,2025,40000000,6938325.923611111,1093074292733365,MLB,NPB,regression_tree
NPB,松本　航,2025,40000000,2496038.3161764704,1406547141981703.2,MLB,NPB,regression_tree
NPB,武内　夏暉,2025,38500000,1196259.3567398118,1391569065979622,MLB,NPB,regression_tree
NPB,菅井　信也,2025,14000000,1196259.3567398118,163935774459872.8,MLB,NPB,regression_tree
NPB,上田　大河,2025,12500000,1196259.3567398118,127774552530092.27,MLB,NPB,regression_tree
NPB,篠原　響,2025,7000000,1196259.3567398118,33683405454230.184,MLB,NPB,regression_tree
NPB,杉山　遙希,2025,7000000,1196259.3567398118,33683405454230.184,MLB,NPB,regression_tree
NPB,石川　柊太,2025,160000000,3534554.007518797,24481435789626052,MLB,NPB,regression_tree
NPB,西野　勇士,2025,150000000,3534554.007518797,21452126869776428,MLB,NPB,regression_tree
NPB,小島　和哉,2025,145000000,6938325.923611111,19061025848775032,MLB,NPB,regression_tree
NPB,種市　篤暉,2025,130000000,1196259.3567398118,16590403603696234,MLB,NPB,regression_tree
NPB,唐川　侑己,2025,44000000,3534554.007518797,1637452319370413,MLB,NPB,regression_tree
NPB,田中　晴也,2025,23000000,1196259.3567398118,475403106038556.2,MLB,NPB,regression_tree
NPB,河村　説人,2025,12000000,3534554.007518797,71663775851616.05,MLB,NPB,regression_tree
NPB,吉川　悠斗,2025,5000000,1196259.3567398118,14468442881189.432,MLB,NPB,regression_tree
MLB,Joe Saunders,2010,5500000,6938325.923611111,2068781462531.7556,MLB,MLB,regression_tree
MLB,Zach Duke,2010,4300000,1196259.3567398118,9633205980625.168,MLB,MLB,regression_tree
MLB,Ian Kennedy,2010,423000,3973936.4208333334,12609149464800.645,MLB,MLB,regression_tree
MLB,Daniel Hudson,2010,419000,1196259.3567398118,604132107639.586,MLB,MLB,regression_tree
MLB,Barry Enright,2010,418000,1196259.3567398118,605687626353.0657,MLB,MLB,regression_tree
MLB,Trevor Cahill,2010,6100000,3973936.4208333334,4520146342658.977,MLB,MLB,regression_tree
MLB,Dallas Braden,2010,3350000,3973936.4208333334,389296657242.3105,MLB,MLB,regression_tree
MLB,Rich Harden,2010,1500000,2496038.3161764704,992092327291.6583,MLB,MLB,regression_tree
MLB,Trevor Cahill,2010,440000,3973936.4208333334,12488706626492.31,MLB,MLB,regression_tree
MLB,Gio González,2010,420000,3973936.4208333334,12630464083325.645,MLB,MLB,regression_tree
MLB,Bobby Cramer,2010,414000,3534554.007518797,9737857313841.625,MLB,MLB,regression_tree
MLB,Jair Jurrjens,2010,3250000,1196259.3567398118,4217850629778.7715,MLB,MLB,regression_tree
MLB,Tommy Hanson,2010,456500,3973936.4208333334,12372358974604.81,MLB,MLB,regression_tree
MLB,Brandon Beachy,2010,416500,1196259.3567398118,608024654423.2852,MLB,MLB,regression_tree
MLB,Rodrigo López,2010,414000,2496038.3161764704,4334883550026.952,MLB,MLB,regression_tree
MLB,Mike Minor,2010,414000,1196259.3567398118,611929701206.9841,MLB,MLB,regression_tree
MLB,Jeremy Guthrie,2010,5750000,7599250.804347826,3419728537381.082,MLB,MLB,regression_tree
MLB,Justin Duchscherer,2010,700000,3534554.007518797,8034696421540.873,MLB,MLB,regression_tree
MLB,Brad Bergesen,2010,434000,1196259.3567398118,581039326937.3917,MLB,MLB,regression_tree
MLB,Jake Arrieta,2010,419000,1196259.3567398118,604132107639.586,MLB,MLB,regression_tree
MLB,Chris Tillman,2010,417000,1196259.3567398118,607245145066.5453,MLB,MLB,regression_tree
MLB,Josh Beckett,2010,17000000,2496038.3161764704,210364904525821.06,MLB,MLB,regression_tree
MLB,Andrew Miller,2010,1300000,1196259.3567398118,10762121064.037624,MLB,MLB,regression_tree
MLB,Clay Buchholz,2010,555000,3973936.4208333334,11689126249700.645,MLB,MLB,regression_tree
MLB,Matt Garza,2010,5950000,3973936.4208333334,3904827268908.977,MLB,MLB,regression_tree
MLB,Tom Gorzelanny,2010,2100000,1196259.3567398118,816747150280.3387,MLB,MLB,regression_tree
MLB,Doug Davis,2010,900000,2496038.3161764704,2547338306703.423,MLB,MLB,regression_tree
MLB,Randy Wells,2010,475000,3973936.4208333334,12242556077033.977,MLB,MLB,regression_tree
MLB,Chris Carpenter,2010,414000,7599250.804347826,51627829121381.086,MLB,MLB,regression_tree
MLB,Casey Coleman,2010,414000,1196259.3567398118,611929701206.9841,MLB,MLB,regression_tree
MLB,John Danks,2010,6000000,10030874.5,16247949234750.25,MLB,MLB,regression_tree
MLB,Bronson Arroyo,2010,11666667,7599250.804347826,16543874508653.604,MLB,MLB,regression_tree
MLB,Johnny Cueto,2010,6750000,3973936.4208333334,7706528995575.644,MLB,MLB,regression_tree
MLB,Edinson Vólquez,2010,1625000,1196259.3567398118,183818539183.15994,MLB,MLB,regression_tree
MLB,Homer Bailey,2010,441000,1196259.3567398118,570416695943.0343,MLB,MLB,regression_tree
MLB,Mike Leake,2010,425000,1196259.3567398118,594840995358.7084,MLB,MLB,regression_tree
MLB,Travis Wood,2010,422500,1196259.3567398118,598703542142.4073,MLB,MLB,regression_tree
MLB,Dontrelle Willis,2010,414000,2496038.3161764704,4334883550026.952,MLB,MLB,regression_tree
MLB,Justin Masterson,2010,468400,3973936.4208333334,12288785597788.977,MLB,MLB,regression_tree
MLB,Mitch Talbot,2010,431700,1196259.3567398118,584551009978.3949,MLB,MLB,regression_tree
MLB,Josh Tomlin,2010,417200,1196259.3567398118,606933481323.8494,MLB,MLB,regression_tree
MLB,Carlos Carrasco,2010,415800,1196259.3567398118,609116807522.7208,MLB,MLB,regression_tree
MLB,Jeanmar Gómez,2010,414000,1196259.3567398118,611929701206.9841,MLB,MLB,regression_tree
MLB,David Huff,2010,414000,1196259.3567398118,611929701206.9841,MLB,MLB,regression_tree
MLB,Jorge De La Rosa,2010,10750000,6938325.923611111,14528859264615.09,MLB,MLB,regression_tree
MLB,Jason Hammel,2010,3875000,3973936.4208333334,9788415367.310446,MLB,MLB,regression_tree
MLB,Felipe Paulino,2010,790000,1196259.3567398118,165046664938.6457,MLB,MLB,regression_tree
MLB,Jhoulys Chacín,2010,419000,1196259.3567398118,604132107639.586,MLB,MLB,regression_tree
MLB,Brad Penny,2010,3000000,3534554.007518797,285747986954.40625,MLB,MLB,regression_tree
MLB,Armando Galarraga,2010,2300000,3534554.007518797,1524123597480.7224,MLB,MLB,regression_tree
MLB,Max Scherzer,2010,600000,3973936.4208333334,11383446971825.645,MLB,MLB,regression_tree
MLB,Andy Oliver,2010,414000,1196259.3567398118,611929701206.9841,MLB,MLB,regression_tree
MLB,Wandy Rodríguez,2010,11333333,12398073.776699029,1133672921565.6514,MLB,MLB,regression_tree
MLB,Brett Myers,2010,11500000,7599250.804347826,15215844287381.082,MLB,MLB,regression_tree
MLB,J.A. Happ,2010,474000,1196259.3567398118,521658578398.2068,MLB,MLB,regression_tree
MLB,Bud Norris,2010,437500,1196259.3567398118,575715761440.213,MLB,MLB,regression_tree
MLB,Kyle Davies,2010,3200000,3973936.4208333334,598977583492.3105,MLB,MLB,regression_tree
MLB,Jeff Francis,2010,2000000,2496038.3161764704,246054011115.188,MLB,MLB,regression_tree
MLB,Bruce Chen,2010,2000000,7599250.804347826,31351609569989.777,MLB,MLB,regression_tree
MLB,Luke Hochevar,2010,1760000,1196259.3567398118,317803512863.41077,MLB,MLB,regression_tree
MLB,Sean O'Sullivan,2010,420500,1196259.3567398118,601802579569.3666,MLB,MLB,regression_tree
MLB,Vin Mazzaro,2010,414000,1196259.3567398118,611929701206.9841,MLB,MLB,regression_tree
MLB,Jered Weaver,2010,7365000,10030874.5,7106886849750.25,MLB,MLB,regression_tree
MLB,Ted Lilly,2010,11000000,17190228.363636363,38318927193968.125,MLB,MLB,regression_tree
MLB,Hiroki Kuroda,2010,12000000,7599250.804347826,19366593483033.254,MLB,MLB,regression_tree
MLB,Jon Garland,2010,5000000,7599250.804347826,6756104743902.821,MLB,MLB,regression_tree
MLB,Chad Billingsley,2010,3275000,3973936.4208333334,488512120367.31055,MLB,MLB,regression_tree
MLB,Clayton Kershaw,2010,500000,3973936.4208333334,12068234255992.31,MLB,MLB,regression_tree
MLB,Ricky Nolasco,2010,8833333,1196259.3567398118,58324893832579.445,MLB,MLB,regression_tree
MLB,Javier Vázquez,2010,7000000,7599250.804347826,359101526511.51666,MLB,MLB,regression_tree
MLB,Aníbal Sánchez,2010,3700000,3973936.4208333334,75041162658.97714,MLB,MLB,regression_tree
MLB,Shawn Hill,2010,600000,3534554.007518797,8611607223044.633,MLB,MLB,regression_tree
MLB,Chris Volstad,2010,445000,3973936.4208333334,12453392262283.977,MLB,MLB,regression_tree
MLB,Alex Sanabia,2010,414000,1196259.3567398118,611929701206.9841,MLB,MLB,regression_tree
MLB,Shaun Marcum,2010,3950000,7599250.804347826,13317031433033.256,MLB,MLB,regression_tree
MLB,Chris Narveson,2010,444150,7599250.804347826,51195467520378.91,MLB,MLB,regression_tree
MLB,Mark Rogers,2010,414000,1196259.3567398118,611929701206.9841,MLB,MLB,regression_tree
MLB,Carl Pavano,2010,8250000,7599250.804347826,423474515641.95123,MLB,MLB,regression_tree
MLB,Francisco Liriano,2010,4300000,3973936.4208333334,106317457658.97707,MLB,MLB,regression_tree
MLB,Kevin Slowey,2010,2700000,1196259.3567398118,2261235922192.5645,MLB,MLB,regression_tree
MLB,R.A. Dickey,2010,3900000,7599250.804347826,13684456513468.04,MLB,MLB,regression_tree
MLB,Mike Pelfrey,2010,3925000,3973936.4208333334,2394773283.9771066,MLB,MLB,regression_tree
MLB,Chris Young,2010,1100000,3534554.007518797,5927053215525.836,MLB,MLB,regression_tree
MLB,Dillon Gee,2010,400000,1196259.3567398118,634028963195.699,MLB,MLB,regression_tree
MLB,Phil Hughes,2010,2700000,3973936.4208333334,1622914004325.644,MLB,MLB,regression_tree
MLB,Kevin Millwood,2010,1500000,2496038.3161764704,992092327291.6583,MLB,MLB,regression_tree
MLB,Freddy García,2010,1500000,7599250.804347826,37200860374337.6,MLB,MLB,regression_tree
MLB,Iván Nova,2010,432900,1196259.3567398118,582717507522.2194,MLB,MLB,regression_tree
MLB,Cliff Lee,2010,24000000,17190228.363636363,46372989739422.68,MLB,MLB,regression_tree
MLB,Roy Halladay,2010,20000000,17190228.363636363,7894816648513.589,MLB,MLB,regression_tree
MLB,Kyle Kendrick,2010,2450000,3973936.4208333334,2322382214742.3105,MLB,MLB,regression_tree
MLB,Kevin Correia,2010,4000000,7599250.804347826,12954606352598.475,MLB,MLB,regression_tree
MLB,Ross Ohlendorf,2010,2025000,1196259.3567398118,686811053791.3104,MLB,MLB,regression_tree
MLB,Jeff Karstens,2010,1100000,1196259.3567398118,9265863759.962358,MLB,MLB,regression_tree
MLB,Scott Olsen,2010,450000,1196259.3567398118,556903027521.7178,MLB,MLB,regression_tree
MLB,James McDonald,2010,443000,1196259.3567398118,567399658516.0751,MLB,MLB,regression_tree
MLB,Charlie Morton,2010,441000,1196259.3567398118,570416695943.0343,MLB,MLB,regression_tree
MLB,Brad Lincoln,2010,414500,1196259.3567398118,611147691850.2444,MLB,MLB,regression_tree
MLB,Aaron Harang,2010,4000000,2496038.3161764704,2261900746409.3066,MLB,MLB,regression_tree
MLB,Dustin Moseley,2010,900000,2496038.3161764704,2547338306703.423,MLB,MLB,regression_tree
MLB,Clayton Richard,2010,468800,3973936.4208333334,12285981328652.31,MLB,MLB,regression_tree
MLB,Mat Latos,2010,460700,3973936.4208333334,12342830148669.81,MLB,MLB,regression_tree
MLB,Cory Luebke,2010,415600,1196259.3567398118,609429031265.4167,MLB,MLB,regression_tree
MLB,Wade LeBlanc,2010,414000,1196259.3567398118,611929701206.9841,MLB,MLB,regression_tree
MLB,Jason Vargas,2010,2450000,3973936.4208333334,2322382214742.3105,MLB,MLB,regression_tree
MLB,Doug Fister,2010,436500,1196259.3567398118,577234280153.6926,MLB,MLB,regression_tree
MLB,David Pauley,2010,422000,1196259.3567398118,599477551499.1472,MLB,MLB,regression_tree
MLB,Jonathan Sánchez,2010,4800000,3973936.4208333334,682381036825.6437,MLB,MLB,regression_tree
MLB,Jeff Suppan,2010,1000000,2496038.3161764704,2238130643468.129,MLB,MLB,regression_tree
MLB,Madison Bumgarner,2010,450000,1196259.3567398118,556903027521.7178,MLB,MLB,regression_tree
MLB,Jake Westbrook,2010,8250000,7599250.804347826,423474515641.95123,MLB,MLB,regression_tree
MLB,Jaime García,2010,437000,1196259.3567398118,576474770796.9529,MLB,MLB,regression_tree
MLB,Wade Davis,2010,3150000,1196259.3567398118,3817102501126.734,MLB,MLB,regression_tree
MLB,Jeff Niemann,2010,903000,3973936.4208333334,9430650500800.645,MLB,MLB,regression_tree
MLB,Scott Feldman,2010,5750000,1196259.3567398118,20736553846079.715,MLB,MLB,regression_tree
MLB,C.J. Wilson,2010,7000000,7599250.804347826,359101526511.51666,MLB,MLB,regression_tree
MLB,Dave Bush,2010,1000000,6938325.923611111,35263714775031.76,MLB,MLB,regression_tree
MLB,Tommy Hunter,2010,442160,1196259.3567398118,568665839835.398,MLB,MLB,regression_tree
MLB,Derek Holland,2010,431810,1196259.3567398118,584382819019.9121,MLB,MLB,regression_tree
MLB,Omar Beltré,2010,415000,6378000,35557369000000,MLB,MLB,regression_tree
MLB,Ricky Romero,2010,6020000,10030874.5,16087114254750.25,MLB,MLB,regression_tree
MLB,Brandon Morrow,2010,2300000,1196259.3567398118,1218243407584.414,MLB,MLB,regression_tree
MLB,Jesse Litsch,2010,830000,1196259.3567398118,134145916399.46075,MLB,MLB,regression_tree
MLB,Brett Cecil,2010,443100,3973936.4208333334,12466805830683.145,MLB,MLB,regression_tree
MLB,Marc Rzepczynski,2010,429600,1196259.3567398118,587766569276.702,MLB,MLB,regression_tree
MLB,Kyle Drabek,2010,416000,1196259.3567398118,608804663780.0249,MLB,MLB,regression_tree
MLB,John Lannan,2010,2750000,1196259.3567398118,2414109986518.5835,MLB,MLB,regression_tree
MLB,Liván Hernández,2010,1000000,7599250.804347826,43550111178685.43,MLB,MLB,regression_tree
MLB,Jordan Zimmermann,2010,415000,1196259.3567398118,610366182493.5045,MLB,MLB,regression_tree
MLB,Ross Detwiler,2010,414000,1196259.3567398118,611929701206.9841,MLB,MLB,regression_tree
MLB,Craig Stammen,2010,414000,1196259.3567398118,611929701206.9841,MLB,MLB,regression_tree
MLB,Joe Saunders,2011,6000000,7599250.804347826,2557603135207.169,MLB,MLB,regression_tree
MLB,Ian Kennedy,2011,519500,10030874.5,90466244879250.25,MLB,MLB,regression_tree
MLB,Daniel Hudson,2011,504000,10030874.5,90761337738750.25,MLB,MLB,regression_tree
MLB,Josh Collmenter,2011,486000,1196259.3567398118,504468353836.4513,MLB,MLB,regression_tree
MLB,Wade Miley,2011,481000,1196259.3567398118,511595947403.8494,MLB,MLB,regression_tree
MLB,Brandon McCarthy,2011,4275000,1196259.3567398118,9478643948462.158,MLB,MLB,regression_tree
MLB,Dallas Braden,2011,3350000,1196259.3567398118,4638598758430.811,MLB,MLB,regression_tree
MLB,Bartolo Colon,2011,2000000,6938325.923611111,24387062927809.53,MLB,MLB,regression_tree
MLB,Tyson Ross,2011,480000,1196259.3567398118,513027466117.32904,MLB,MLB,regression_tree
MLB,Brad Peacock,2011,480000,1196259.3567398118,513027466117.32904,MLB,MLB,regression_tree
MLB,Jarrod Parker,2011,480000,1196259.3567398118,513027466117.32904,MLB,MLB,regression_tree
MLB,Tommy Milone,2011,480000,1196259.3567398118,513027466117.32904,MLB,MLB,regression_tree
MLB,Graham Godfrey,2011,480000,1196259.3567398118,513027466117.32904,MLB,MLB,regression_tree
MLB,Jair Jurrjens,2011,5500000,1196259.3567398118,18522183524449.62,MLB,MLB,regression_tree
MLB,Tommy Hanson,2011,535000,1196259.3567398118,437263936875.9497,MLB,MLB,regression_tree
MLB,Brandon Beachy,2011,495000,1196259.3567398118,491764685415.1347,MLB,MLB,regression_tree
MLB,Mike Minor,2011,482500,1196259.3567398118,509452419333.62994,MLB,MLB,regression_tree
MLB,Julio Teheran,2011,480000,1196259.3567398118,513027466117.32904,MLB,MLB,regression_tree
MLB,Randall Delgado,2011,480000,1196259.3567398118,513027466117.32904,MLB,MLB,regression_tree
MLB,Dana Eveland,2011,750000,1196259.3567398118,199147413477.83063,MLB,MLB,regression_tree
MLB,Dontrelle Willis,2011,700000,2496038.3161764704,3225753633174.0107,MLB,MLB,regression_tree
MLB,Tommy Hunter,2011,493500,1196259.3567398118,493870713485.3541,MLB,MLB,regression_tree
MLB,Jake Arrieta,2011,488500,1196259.3567398118,500923307052.75226,MLB,MLB,regression_tree
MLB,Zack Britton,2011,486000,1196259.3567398118,504468353836.4513,MLB,MLB,regression_tree
MLB,Chris Tillman,2011,480000,1196259.3567398118,513027466117.32904,MLB,MLB,regression_tree
MLB,Clay Buchholz,2011,7486250,1196259.3567398118,39563982292300.72,MLB,MLB,regression_tree
MLB,Aaron Cook,2011,1500000,2496038.3161764704,992092327291.6583,MLB,MLB,regression_tree
MLB,Andrew Miller,2011,1040000,1196259.3567398118,24416986568.739777,MLB,MLB,regression_tree
MLB,Chris Carpenter,2011,482000,7599250.804347826,50655259011989.78,MLB,MLB,regression_tree
MLB,Matt Garza,2011,9500000,3973936.4208333334,30537378680992.31,MLB,MLB,regression_tree
MLB,Paul Maholm,2011,4250000,6938325.923611111,7227096271559.533,MLB,MLB,regression_tree
MLB,Randy Wells,2011,2705000,2496038.3161764704,43664985306.36476,MLB,MLB,regression_tree
MLB,Chris Volstad,2011,2655000,1196259.3567398118,2127924264299.1475,MLB,MLB,regression_tree
MLB,Travis Wood,2011,480000,1196259.3567398118,513027466117.32904,MLB,MLB,regression_tree
MLB,Casey Coleman,2011,480000,1196259.3567398118,513027466117.32904,MLB,MLB,regression_tree
MLB,John Danks,2011,13000000,1196259.3567398118,139328293173352.45,MLB,MLB,regression_tree
MLB,Philip Humber,2011,530000,6938325.923611111,41066641143226.195,MLB,MLB,regression_tree
MLB,Zach Stewart,2011,481500,1196259.3567398118,510880938047.1096,MLB,MLB,regression_tree
MLB,Dylan Axelrod,2011,480000,1196259.3567398118,513027466117.32904,MLB,MLB,regression_tree
MLB,Homer Bailey,2011,2425000,1196259.3567398118,1509803568399.461,MLB,MLB,regression_tree
MLB,Mat Latos,2011,550000,3973936.4208333334,11723340613908.977,MLB,MLB,regression_tree
MLB,Mike Leake,2011,507500,1196259.3567398118,474389451496.6394,MLB,MLB,regression_tree
MLB,Alfredo Simón,2011,487500,2496038.3161764704,4034226167549.0107,MLB,MLB,regression_tree
MLB,Justin Masterson,2011,3825000,10030874.5,38512878309750.25,MLB,MLB,regression_tree
MLB,Josh Tomlin,2011,494500,1196259.3567398118,492466194771.8745,MLB,MLB,regression_tree
MLB,Carlos Carrasco,2011,488500,1196259.3567398118,500923307052.75226,MLB,MLB,regression_tree
MLB,David Huff,2011,486200,1196259.3567398118,504184290093.7554,MLB,MLB,regression_tree
MLB,Jeanmar Gómez,2011,482700,1196259.3567398118,509166955590.934,MLB,MLB,regression_tree
MLB,Zach McAllister,2011,480000,1196259.3567398118,513027466117.32904,MLB,MLB,regression_tree
MLB,Jeremy Guthrie,2011,8200000,6938325.923611111,1591821475031.756,MLB,MLB,regression_tree
MLB,Kevin Slowey,2011,2750000,1196259.3567398118,2414109986518.5835,MLB,MLB,regression_tree
MLB,Jhoulys Chacín,2011,482000,3973936.4208333334,12193619967142.31,MLB,MLB,regression_tree
MLB,Josh Outman,2011,482000,1196259.3567398118,510166428690.3698,MLB,MLB,regression_tree
MLB,Esmil Rogers,2011,481000,1196259.3567398118,511595947403.8494,MLB,MLB,regression_tree
MLB,Guillermo Moscoso,2011,480000,1196259.3567398118,513027466117.32904,MLB,MLB,regression_tree
MLB,Drew Pomeranz,2011,480000,1196259.3567398118,513027466117.32904,MLB,MLB,regression_tree
MLB,Jeff Francis,2011,480000,2496038.3161764704,4064410492291.6577,MLB,MLB,regression_tree
MLB,Alex White,2011,480000,1196259.3567398118,513027466117.32904,MLB,MLB,regression_tree
MLB,Tyler Chatwood,2011,480000,1196259.3567398118,513027466117.32904,MLB,MLB,regression_tree
MLB,Juan Nicasio,2011,480000,1196259.3567398118,513027466117.32904,MLB,MLB,regression_tree
MLB,Max Scherzer,2011,3750000,3973936.4208333334,50147520575.6438,MLB,MLB,regression_tree
MLB,Rick Porcello,2011,3100000,3973936.4208333334,763764867658.9772,MLB,MLB,regression_tree
MLB,Doug Fister,2011,507500,10030874.5,90694661867250.25,MLB,MLB,regression_tree
MLB,J.A. Happ,2011,2350000,2496038.3161764704,21327189791.658726,MLB,MLB,regression_tree
MLB,Bud Norris,2011,511000,3973936.4208333334,11991928654733.977,MLB,MLB,regression_tree
MLB,Kyle Weiland,2011,481500,1196259.3567398118,510880938047.1096,MLB,MLB,regression_tree
MLB,Jordan Lyles,2011,480000,1196259.3567398118,513027466117.32904,MLB,MLB,regression_tree
MLB,Bruce Chen,2011,4500000,7599250.804347826,9605355548250.648,MLB,MLB,regression_tree
MLB,Jonathan Sánchez,2011,5600000,3534554.007518797,4266067147856.661,MLB,MLB,regression_tree
MLB,Luke Hochevar,2011,3510000,3973936.4208333334,215237002575.64383,MLB,MLB,regression_tree
MLB,Felipe Paulino,2011,1900000,1196259.3567398118,495250892976.2634,MLB,MLB,regression_tree
MLB,Sean O'Sullivan,2011,493500,1196259.3567398118,493870713485.3541,MLB,MLB,regression_tree
MLB,Vin Mazzaro,2011,490875,1196259.3567398118,497567090733.2381,MLB,MLB,regression_tree
MLB,Luis Mendoza,2011,488925,1196259.3567398118,500321892224.5234,MLB,MLB,regression_tree
MLB,Danny Duffy,2011,487750,1196259.3567398118,501985508587.86194,MLB,MLB,regression_tree
MLB,Jered Weaver,2011,17000000,7599250.804347826,88374085439555,MLB,MLB,regression_tree
MLB,C.J. Wilson,2011,15500000,12398073.776699029,9621946294802.227,MLB,MLB,regression_tree
MLB,Jerome Williams,2011,820000,3534554.007518797,7368803459736.362,MLB,MLB,regression_tree
MLB,Barry Enright,2011,480000,1196259.3567398118,513027466117.32904,MLB,MLB,regression_tree
MLB,Brad Mills,2011,480000,1196259.3567398118,513027466117.32904,MLB,MLB,regression_tree
MLB,Chad Billingsley,2011,11666667,3973936.4208333334,59178103763645.914,MLB,MLB,regression_tree
MLB,Clayton Kershaw,2011,9500000,10030874.5,281827734750.25,MLB,MLB,regression_tree
MLB,Aaron Harang,2011,6000000,7599250.804347826,2557603135207.169,MLB,MLB,regression_tree
MLB,Chris Capuano,2011,5000000,12398073.776699029,54731495605481.836,MLB,MLB,regression_tree
MLB,Rubby De La Rosa,2011,482500,1196259.3567398118,509452419333.62994,MLB,MLB,regression_tree
MLB,Nathan Eovaldi,2011,480000,1196259.3567398118,513027466117.32904,MLB,MLB,regression_tree
MLB,Mark Buehrle,2011,14500000,7599250.804347826,47620339461294.125,MLB,MLB,regression_tree
MLB,Aníbal Sánchez,2011,8000000,3973936.4208333334,16209187943492.31,MLB,MLB,regression_tree
MLB,Wade LeBlanc,2011,480000,1196259.3567398118,513027466117.32904,MLB,MLB,regression_tree
MLB,Alex Sanabia,2011,480000,1196259.3567398118,513027466117.32904,MLB,MLB,regression_tree
MLB,Brad Hand,2011,480000,1196259.3567398118,513027466117.32904,MLB,MLB,regression_tree
MLB,Shaun Marcum,2011,7725000,7599250.804347826,15812860207.168694,MLB,MLB,regression_tree
MLB,Liván Hernández,2011,750000,6938325.923611111,38295377736837.31,MLB,MLB,regression_tree
MLB,Chris Narveson,2011,500000,7599250.804347826,50399361983033.26,MLB,MLB,regression_tree
MLB,Francisco Liriano,2011,5500000,1196259.3567398118,18522183524449.62,MLB,MLB,regression_tree
MLB,Brian Duensing,2011,515000,2496038.3161764704,3924512810159.305,MLB,MLB,regression_tree
MLB,Scott Diamond,2011,480000,1196259.3567398118,513027466117.32904,MLB,MLB,regression_tree
MLB,Liam Hendriks,2011,480000,1196259.3567398118,513027466117.32904,MLB,MLB,regression_tree
MLB,Mike Pelfrey,2011,5687500,3973936.4208333334,2936300139846.477,MLB,MLB,regression_tree
MLB,Chris Young,2011,900000,3534554.007518797,6940874818533.3545,MLB,MLB,regression_tree
MLB,Dillon Gee,2011,502000,1196259.3567398118,481996054420.7773,MLB,MLB,regression_tree
MLB,CC Sabathia,2011,24400000,17190228.363636363,51980807048513.59,MLB,MLB,regression_tree
MLB,Hiroki Kuroda,2011,10000000,7599250.804347826,5763596700424.56,MLB,MLB,regression_tree
MLB,Freddy García,2011,4000000,7599250.804347826,12954606352598.475,MLB,MLB,regression_tree
MLB,Phil Hughes,2011,3200000,1196259.3567398118,4014976565452.7524,MLB,MLB,regression_tree
MLB,Derek Lowe,2011,1000000,2496038.3161764704,2238130643468.129,MLB,MLB,regression_tree
MLB,Michael Pineda,2011,528475,1196259.3567398118,445935947106.4043,MLB,MLB,regression_tree
MLB,Iván Nova,2011,527200,1196259.3567398118,447640422841.0908,MLB,MLB,regression_tree
MLB,Dellin Betances,2011,481000,1196259.3567398118,511595947403.8494,MLB,MLB,regression_tree
MLB,Cole Hamels,2011,15000000,10030874.5,24692208234750.25,MLB,MLB,regression_tree
MLB,Joel Piñeiro,2011,1500000,2496038.3161764704,992092327291.6583,MLB,MLB,regression_tree
MLB,Vance Worley,2011,495000,1196259.3567398118,491764685415.1347,MLB,MLB,regression_tree
MLB,Érik Bédard,2011,4500000,3534554.007518797,932085964398.0148,MLB,MLB,regression_tree
MLB,Jeff Karstens,2011,3100000,6938325.923611111,14732745895865.088,MLB,MLB,regression_tree
MLB,Charlie Morton,2011,2445000,1196259.3567398118,1559353194129.8684,MLB,MLB,regression_tree
MLB,James McDonald,2011,502500,1196259.3567398118,481302045064.0375,MLB,MLB,regression_tree
MLB,Rick van den Hurk,2011,480000,1196259.3567398118,513027466117.32904,MLB,MLB,regression_tree
MLB,Jeff Locke,2011,480000,1196259.3567398118,513027466117.32904,MLB,MLB,regression_tree
MLB,Tim Stauffer,2011,3200000,6938325.923611111,13975080711142.865,MLB,MLB,regression_tree
MLB,Jason Marquis,2011,3000000,6938325.923611111,15510411080587.31,MLB,MLB,regression_tree
MLB,Clayton Richard,2011,2705000,1196259.3567398118,2276298328625.1665,MLB,MLB,regression_tree
MLB,Edinson Vólquez,2011,2237500,1196259.3567398118,1084182077176.8904,MLB,MLB,regression_tree
MLB,Dustin Moseley,2011,2012500,3534554.007518797,2316648401804.031,MLB,MLB,regression_tree
MLB,Ross Ohlendorf,2011,900000,2496038.3161764704,2547338306703.423,MLB,MLB,regression_tree
MLB,Jason Vargas,2011,4850000,7599250.804347826,7558379985207.169,MLB,MLB,regression_tree
MLB,Kevin Millwood,2011,1000000,3534554.007518797,6423964017029.595,MLB,MLB,regression_tree
MLB,Blake Beavan,2011,486500,1196259.3567398118,503758344479.7115,MLB,MLB,regression_tree
MLB,Tim Lincecum,2011,20250000,10030874.5,104430525984750.25,MLB,MLB,regression_tree
MLB,Ryan Vogelsong,2011,4000000,7599250.804347826,12954606352598.475,MLB,MLB,regression_tree
MLB,Madison Bumgarner,2011,560000,3973936.4208333334,11654961885492.31,MLB,MLB,regression_tree
MLB,Brad Penny,2011,500000,7599250.804347826,50399361983033.26,MLB,MLB,regression_tree
MLB,Eric Surkamp,2011,480000,1196259.3567398118,513027466117.32904,MLB,MLB,regression_tree
MLB,Jaime García,2011,6875000,3973936.4208333334,8416169890367.311,MLB,MLB,regression_tree
MLB,Chris Carpenter,2011,10500000,7599250.804347826,8414345896076.733,MLB,MLB,regression_tree
MLB,David Price,2011,4350000,10030874.5,32272335084750.25,MLB,MLB,regression_tree
MLB,Jeff Niemann,2011,2750000,7599250.804347826,23515233363468.04,MLB,MLB,regression_tree
MLB,Jeremy Hellickson,2011,489500,3973936.4208333334,12141297170829.81,MLB,MLB,regression_tree
MLB,Alex Cobb,2011,480000,1196259.3567398118,513027466117.32904,MLB,MLB,regression_tree
MLB,Derek Holland,2011,5700000,3973936.4208333334,2979295479325.6436,MLB,MLB,regression_tree
MLB,Roy Oswalt,2011,5000000,6938325.923611111,3757107386142.8667,MLB,MLB,regression_tree
MLB,Matt Harrison,2011,2950000,3973936.4208333334,1048445793908.9772,MLB,MLB,regression_tree
MLB,Derek Holland,2011,504700,3973936.4208333334,12035601343636.477,MLB,MLB,regression_tree
MLB,Alexi Ogando,2011,497600,1196259.3567398118,488124896760.08765,MLB,MLB,regression_tree
MLB,Brandon Morrow,2011,6666667,3973936.4208333334,7250797971979.252,MLB,MLB,regression_tree
MLB,Dustin McGowan,2011,1366667,2496038.3161764704,1275479569802.173,MLB,MLB,regression_tree
MLB,Nelson Figueroa,2011,650000,2496038.3161764704,3407857464791.658,MLB,MLB,regression_tree
MLB,Kyle Drabek,2011,485900,1196259.3567398118,504610415707.79926,MLB,MLB,regression_tree
MLB,Henderson Alvarez III,2011,482900,1196259.3567398118,508881571848.2381,MLB,MLB,regression_tree
MLB,Brett Cecil,2011,480000,1196259.3567398118,513027466117.32904,MLB,MLB,regression_tree
MLB,Gio González,2011,8400000,3973936.4208333334,19590038806825.645,MLB,MLB,regression_tree
MLB,Edwin Jackson,2011,11000000,3973936.4208333334,49365569418492.31,MLB,MLB,regression_tree
MLB,John Lannan,2011,5000000,3973936.4208333334,1052806468492.3103,MLB,MLB,regression_tree
MLB,Chien-Ming Wang,2011,4000000,3534554.007518797,216639971916.81192,MLB,MLB,regression_tree
MLB,Tom Gorzelanny,2011,3000000,3534554.007518797,285747986954.40625,MLB,MLB,regression_tree
MLB,Jordan Zimmermann,2011,2300000,1196259.3567398118,1218243407584.414,MLB,MLB,regression_tree
MLB,Ross Detwiler,2011,485000,1196259.3567398118,505889872549.9309,MLB,MLB,regression_tree
MLB,Brandon McCarthy,2012,7750000,6938325.923611111,658814806281.756,MLB,MLB,regression_tree
MLB,Ian Kennedy,2012,4265000,3973936.4208333334,84718007117.3104,MLB,MLB,regression_tree
MLB,Daniel Hudson,2012,518500,1196259.3567398118,459357745648.3635,MLB,MLB,regression_tree
MLB,Wade Miley,2012,500500,3973936.4208333334,12064760569571.477,MLB,MLB,regression_tree
MLB,Randall Delgado,2012,495000,1196259.3567398118,491764685415.1347,MLB,MLB,regression_tree
MLB,Patrick Corbin,2012,494000,1196259.3567398118,493168204128.6143,MLB,MLB,regression_tree
MLB,Tyler Skaggs,2012,490000,1196259.3567398118,498802278982.5328,MLB,MLB,regression_tree
MLB,Bartolo Colon,2012,3000000,7599250.804347826,21153107961294.125,MLB,MLB,regression_tree
MLB,Travis Blackley,2012,550000,6938325.923611111,40810708106281.76,MLB,MLB,regression_tree
MLB,Tommy Milone,2012,495000,3973936.4208333334,12102998620200.645,MLB,MLB,regression_tree
MLB,Jarrod Parker,2012,495000,3973936.4208333334,12102998620200.645,MLB,MLB,regression_tree
MLB,Dan Straily,2012,492500,1196259.3567398118,495277232198.83374,MLB,MLB,regression_tree
MLB,A.J. Griffin,2012,492500,1196259.3567398118,495277232198.83374,MLB,MLB,regression_tree
MLB,Brandon Beachy,2012,510000,1196259.3567398118,470951904712.9403,MLB,MLB,regression_tree
MLB,Mike Minor,2012,505000,3973936.4208333334,12033519891783.977,MLB,MLB,regression_tree
MLB,Julio Teheran,2012,490000,1196259.3567398118,498802278982.5328,MLB,MLB,regression_tree
MLB,Jason Hammel,2012,6750000,6938325.923611111,35466653503.97802,MLB,MLB,regression_tree
MLB,Tommy Hunter,2012,1820000,1196259.3567398118,389052390054.6333,MLB,MLB,regression_tree
MLB,Jake Arrieta,2012,516500,1196259.3567398118,462072783075.32275,MLB,MLB,regression_tree
MLB,Chris Tillman,2012,508500,1196259.3567398118,473012932783.1597,MLB,MLB,regression_tree
MLB,Miguel González,2012,502000,6938325.923611111,41426291394948.42,MLB,MLB,regression_tree
MLB,Jair Jurrjens,2012,490000,1196259.3567398118,498802278982.5328,MLB,MLB,regression_tree
MLB,Freddy García,2012,490000,2496038.3161764704,4024189725968.1284,MLB,MLB,regression_tree
MLB,Ryan Dempster,2012,13250000,12398073.776699029,725778289947.8561,MLB,MLB,regression_tree
MLB,Daniel Bard,2012,1862500,1196259.3567398118,443876594731.7493,MLB,MLB,regression_tree
MLB,Chris Sale,2012,600000,3973936.4208333334,11383446971825.645,MLB,MLB,regression_tree
MLB,Félix Doubront,2012,518500,1196259.3567398118,459357745648.3635,MLB,MLB,regression_tree
MLB,Edwin Jackson,2012,13000000,12398073.776699029,362315178297.3705,MLB,MLB,regression_tree
MLB,Matt Garza,2012,10250000,3534554.007518797,45097214877931.84,MLB,MLB,regression_tree
MLB,Scott Feldman,2012,6000000,2496038.3161764704,12277747481703.426,MLB,MLB,regression_tree
MLB,Jeff Samardzija,2012,2640000,3973936.4208333334,1779386374825.644,MLB,MLB,regression_tree
MLB,Travis Wood,2012,527500,1196259.3567398118,447239077227.0469,MLB,MLB,regression_tree
MLB,Brooks Raley,2012,490000,1196259.3567398118,498802278982.5328,MLB,MLB,regression_tree
MLB,Chris Rusin,2012,490000,1196259.3567398118,498802278982.5328,MLB,MLB,regression_tree
MLB,Chris Sale,2012,6500000,3973936.4208333334,6380997205992.311,MLB,MLB,regression_tree
MLB,Jake Peavy,2012,14500000,17190228.363636363,7237328648513.585,MLB,MLB,regression_tree
MLB,Jose Quintana,2012,500000,1196259.3567398118,484777091847.7366,MLB,MLB,regression_tree
MLB,Dylan Axelrod,2012,493000,1196259.3567398118,494573722842.09393,MLB,MLB,regression_tree
MLB,Mat Latos,2012,5750000,10030874.5,18325886484750.25,MLB,MLB,regression_tree
MLB,Homer Bailey,2012,5350000,3973936.4208333334,1893550973908.977,MLB,MLB,regression_tree
MLB,Mike Leake,2012,3060000,3973936.4208333334,835279781325.6439,MLB,MLB,regression_tree
MLB,Justin Masterson,2012,5678500,3973936.4208333334,2905536995421.477,MLB,MLB,regression_tree
MLB,Josh Tomlin,2012,501800,1196259.3567398118,482273798163.4732,MLB,MLB,regression_tree
MLB,Zach McAllister,2012,496400,1196259.3567398118,489803119216.2632,MLB,MLB,regression_tree
MLB,David Huff,2012,493600,1196259.3567398118,493730171614.00616,MLB,MLB,regression_tree
MLB,Corey Kluber,2012,491800,1196259.3567398118,496262985298.2695,MLB,MLB,regression_tree
MLB,Jhoulys Chacín,2012,3250000,1196259.3567398118,4217850629778.7715,MLB,MLB,regression_tree
MLB,Roy Oswalt,2012,2300000,2496038.3161764704,38431021409.30576,MLB,MLB,regression_tree
MLB,Chris Volstad,2012,1500000,1196259.3567398118,92258378368.11288,MLB,MLB,regression_tree
MLB,Jeff Francis,2012,1500000,2496038.3161764704,992092327291.6583,MLB,MLB,regression_tree
MLB,Juan Nicasio,2012,491000,1196259.3567398118,497390760269.05316,MLB,MLB,regression_tree
MLB,Drew Pomeranz,2012,490000,1196259.3567398118,498802278982.5328,MLB,MLB,regression_tree
MLB,Edwar Cabrera,2012,490000,1196259.3567398118,498802278982.5328,MLB,MLB,regression_tree
MLB,Tyler Chatwood,2012,490000,1196259.3567398118,498802278982.5328,MLB,MLB,regression_tree
MLB,Christian Friedrich,2012,490000,1196259.3567398118,498802278982.5328,MLB,MLB,regression_tree
MLB,Justin Verlander,2012,25714286,17190228.363636363,72659558588049.23,MLB,MLB,regression_tree
MLB,Aníbal Sánchez,2012,16000000,6938325.923611111,82113937066698.4,MLB,MLB,regression_tree
MLB,Max Scherzer,2012,6725000,3973936.4208333334,7568350816617.311,MLB,MLB,regression_tree
MLB,Rick Porcello,2012,5100000,3973936.4208333334,1268019184325.6436,MLB,MLB,regression_tree
MLB,Doug Fister,2012,4000000,7599250.804347826,12954606352598.475,MLB,MLB,regression_tree
MLB,Drew Smyly,2012,498000,1196259.3567398118,487566129274.6958,MLB,MLB,regression_tree
MLB,Bud Norris,2012,3000000,1196259.3567398118,3253480308148.6772,MLB,MLB,regression_tree
MLB,Érik Bédard,2012,1150000,2496038.3161764704,1811819148615.1875,MLB,MLB,regression_tree
MLB,Philip Humber,2012,850000,2496038.3161764704,2709442138321.07,MLB,MLB,regression_tree
MLB,Lucas Harrell,2012,500700,3973936.4208333334,12063371235003.145,MLB,MLB,regression_tree
MLB,Alex White,2012,497100,1196259.3567398118,488823806116.82745,MLB,MLB,regression_tree
MLB,Jordan Lyles,2012,490000,1196259.3567398118,498802278982.5328,MLB,MLB,regression_tree
MLB,Dallas Keuchel,2012,490000,1196259.3567398118,498802278982.5328,MLB,MLB,regression_tree
MLB,Jeremy Guthrie,2012,8333333,2496038.3161764704,34074009225794.44,MLB,MLB,regression_tree
MLB,Luke Hochevar,2012,4560000,2496038.3161764704,4259937832291.6597,MLB,MLB,regression_tree
MLB,Felipe Paulino,2012,1750000,3534554.007518797,3184633005751.3994,MLB,MLB,regression_tree
MLB,Luis Mendoza,2012,532000,6938325.923611111,41041011839531.76,MLB,MLB,regression_tree
MLB,Danny Duffy,2012,505125,1196259.3567398118,477666699066.1535,MLB,MLB,regression_tree
MLB,Will Smith,2012,496500,1196259.3567398118,489663157344.9152,MLB,MLB,regression_tree
MLB,Joe Blanton,2012,7500000,17190228.363636363,93900525739422.67,MLB,MLB,regression_tree
MLB,Jason Vargas,2012,8500000,7599250.804347826,811349113468.0381,MLB,MLB,regression_tree
MLB,Tommy Hanson,2012,3725000,3973936.4208333334,61969341617.31046,MLB,MLB,regression_tree
MLB,Zack Greinke,2012,24500000,17190228.363636363,53432761375786.32,MLB,MLB,regression_tree
MLB,Stephen Fife,2012,492500,1196259.3567398118,495277232198.83374,MLB,MLB,regression_tree
MLB,Edinson Vólquez,2012,490000,12398073.776699029,141802221071307.06,MLB,MLB,regression_tree
MLB,Henderson Alvarez III,2012,507900,3973936.4208333334,12013408470543.145,MLB,MLB,regression_tree
MLB,Nathan Eovaldi,2012,502000,1196259.3567398118,481996054420.7773,MLB,MLB,regression_tree
MLB,Brad Hand,2012,490000,1196259.3567398118,498802278982.5328,MLB,MLB,regression_tree
MLB,Kyle Lohse,2012,11000000,7599250.804347826,11565095091728.908,MLB,MLB,regression_tree
MLB,Marco Estrada,2012,1955000,3534554.007518797,2494990862668.6924,MLB,MLB,regression_tree
MLB,Chris Narveson,2012,840000,2496038.3161764704,2742462904644.599,MLB,MLB,regression_tree
MLB,Mark Rogers,2012,491000,1196259.3567398118,497390760269.05316,MLB,MLB,regression_tree
MLB,Wily Peralta,2012,490000,1196259.3567398118,498802278982.5328,MLB,MLB,regression_tree
MLB,Kevin Correia,2012,5000000,7599250.804347826,6756104743902.821,MLB,MLB,regression_tree
MLB,Mike Pelfrey,2012,4000000,3534554.007518797,216639971916.81192,MLB,MLB,regression_tree
MLB,Scott Diamond,2012,530000,3973936.4208333334,11860698070742.31,MLB,MLB,regression_tree
MLB,Vance Worley,2012,525000,1196259.3567398118,450589124010.746,MLB,MLB,regression_tree
MLB,Liam Hendriks,2012,500000,1196259.3567398118,484777091847.7366,MLB,MLB,regression_tree
MLB,Shaun Marcum,2012,4000000,6938325.923611111,8633759233365.089,MLB,MLB,regression_tree
MLB,Dillon Gee,2012,527375,1196259.3567398118,447406282691.2319,MLB,MLB,regression_tree
MLB,Jeremy Hefner,2012,500625,1196259.3567398118,483907158276.81177,MLB,MLB,regression_tree
MLB,Matt Harvey,2012,498750,1196259.3567398118,486519302739.58606,MLB,MLB,regression_tree
MLB,Jenrry Mejía,2012,494925,1196259.3567398118,491869879943.6456,MLB,MLB,regression_tree
MLB,Daisuke Matsuzaka,2012,490000,2496038.3161764704,4024189725968.1284,MLB,MLB,regression_tree
MLB,Hiroki Kuroda,2012,15000000,7599250.804347826,54771088656946.3,MLB,MLB,regression_tree
MLB,Andy Pettitte,2012,12000000,3534554.007518797,71663775851616.05,MLB,MLB,regression_tree
MLB,Phil Hughes,2012,7150000,3973936.4208333334,10087379858908.977,MLB,MLB,regression_tree
MLB,Iván Nova,2012,575600,1196259.3567398118,385218037108.677,MLB,MLB,regression_tree
MLB,Adam Warren,2012,490525,1196259.3567398118,498060982282.956,MLB,MLB,regression_tree
MLB,Cole Hamels,2012,24000000,17190228.363636363,46372989739422.68,MLB,MLB,regression_tree
MLB,John Lannan,2012,2500000,1196259.3567398118,1699739664888.4893,MLB,MLB,regression_tree
MLB,Aaron Cook,2012,1625000,2496038.3161764704,758707748247.5408,MLB,MLB,regression_tree
MLB,Francisco Liriano,2012,3500000,2496038.3161764704,1007939062585.7769,MLB,MLB,regression_tree
MLB,James McDonald,2012,3025000,1196259.3567398118,3344292340311.687,MLB,MLB,regression_tree
MLB,Jeff Karstens,2012,2500000,3534554.007518797,1070301994473.2035,MLB,MLB,regression_tree
MLB,Charlie Morton,2012,2000000,2496038.3161764704,246054011115.188,MLB,MLB,regression_tree
MLB,Jonathan Sánchez,2012,1375000,2496038.3161764704,1256726906335.776,MLB,MLB,regression_tree
MLB,Jeanmar Gómez,2012,500000,1196259.3567398118,484777091847.7366,MLB,MLB,regression_tree
MLB,Jeff Locke,2012,497500,1196259.3567398118,488264638631.4356,MLB,MLB,regression_tree
MLB,Edinson Vólquez,2012,5725000,12398073.776699029,44529913629268.24,MLB,MLB,regression_tree
MLB,Clayton Richard,2012,5240000,7599250.804347826,5566064357815.865,MLB,MLB,regression_tree
MLB,Jason Marquis,2012,3000000,2496038.3161764704,253977378762.24725,MLB,MLB,regression_tree
MLB,Tim Stauffer,2012,1000000,2496038.3161764704,2238130643468.129,MLB,MLB,regression_tree
MLB,Eric Stults,2012,507600,6938325.923611111,41354235904603.98,MLB,MLB,regression_tree
MLB,Anthony Bass,2012,503600,1196259.3567398118,479776984479.2099,MLB,MLB,regression_tree
MLB,Tyson Ross,2012,500500,1196259.3567398118,484081082490.99677,MLB,MLB,regression_tree
MLB,Joe Wieland,2012,494300,1196259.3567398118,492746938514.57043,MLB,MLB,regression_tree
MLB,Casey Kelly,2012,491400,1196259.3567398118,496826712783.6613,MLB,MLB,regression_tree
MLB,Félix Hernández,2012,25000000,10030874.5,224074718234750.25,MLB,MLB,regression_tree
MLB,Hisashi Iwakuma,2012,7000000,6938325.923611111,3803691698.422515,MLB,MLB,regression_tree
MLB,Joe Saunders,2012,6500000,6938325.923611111,192129615309.5335,MLB,MLB,regression_tree
MLB,Blake Beavan,2012,506700,1196259.3567398118,475492106467.4231,MLB,MLB,regression_tree
MLB,Erasmo Ramírez,2012,490000,1196259.3567398118,498802278982.5328,MLB,MLB,regression_tree
MLB,Héctor Noesí,2012,490000,1196259.3567398118,498802278982.5328,MLB,MLB,regression_tree
MLB,Matt Cain,2012,22500000,10030874.5,155479090734750.25,MLB,MLB,regression_tree
MLB,Madison Bumgarner,2012,7000000,3973936.4208333334,9157060785158.977,MLB,MLB,regression_tree
MLB,Yusmeiro Petit,2012,490000,1196259.3567398118,498802278982.5328,MLB,MLB,regression_tree
MLB,Jake Westbrook,2012,9750000,7599250.804347826,4625722102598.473,MLB,MLB,regression_tree
MLB,Lance Lynn,2012,513000,3973936.4208333334,11978080909050.645,MLB,MLB,regression_tree
MLB,Joe Kelly,2012,493000,1196259.3567398118,494573722842.09393,MLB,MLB,regression_tree
MLB,David Price,2012,10112500,10030874.5,6662722250.25,MLB,MLB,regression_tree
MLB,Roberto Hernández,2012,3250000,2496038.3161764704,568458220674.0121,MLB,MLB,regression_tree
MLB,Jeff Niemann,2012,3000000,3534554.007518797,285747986954.40625,MLB,MLB,regression_tree
MLB,Jeremy Hellickson,2012,503000,3973936.4208333334,12047399637467.31,MLB,MLB,regression_tree
MLB,Alex Cobb,2012,502200,1196259.3567398118,481718390678.08136,MLB,MLB,regression_tree
MLB,Chris Archer,2012,490000,1196259.3567398118,498802278982.5328,MLB,MLB,regression_tree
MLB,Jake Odorizzi,2012,490000,1196259.3567398118,498802278982.5328,MLB,MLB,regression_tree
MLB,Matt Harrison,2012,11000000,10030874.5,939204234750.25,MLB,MLB,regression_tree
MLB,Neftalí Feliz,2012,2900000,1196259.3567398118,2902732179496.6396,MLB,MLB,regression_tree
MLB,Colby Lewis,2012,2000000,6938325.923611111,24387062927809.53,MLB,MLB,regression_tree
MLB,Martín Pérez,2012,492000,1196259.3567398118,495981241555.57355,MLB,MLB,regression_tree
MLB,Travis Blackley,2012,490000,6938325.923611111,41580907217115.086,MLB,MLB,regression_tree
MLB,J.A. Happ,2012,3700000,12398073.776699029,75656487424899.31,MLB,MLB,regression_tree
MLB,Kyle Drabek,2012,499500,1196259.3567398118,485473601204.4764,MLB,MLB,regression_tree
MLB,Drew Hutchison,2012,493200,1196259.3567398118,494292459099.398,MLB,MLB,regression_tree
MLB,Todd Redmond,2012,490000,1196259.3567398118,498802278982.5328,MLB,MLB,regression_tree
MLB,Dan Haren,2012,13000000,7599250.804347826,29168091874337.6,MLB,MLB,regression_tree
MLB,Jordan Zimmermann,2012,5350000,3973936.4208333334,1893550973908.977,MLB,MLB,regression_tree
MLB,Ross Detwiler,2012,2337500,1196259.3567398118,1302430205828.928,MLB,MLB,regression_tree
MLB,Chris Young,2012,2000000,3534554.007518797,2354856001992.0005,MLB,MLB,regression_tree
MLB,Ross Ohlendorf,2012,490000,2496038.3161764704,4024189725968.1284,MLB,MLB,regression_tree
MLB,Bronson Arroyo,2013,11750000,7599250.804347826,17228718885207.168,MLB,MLB,regression_tree
MLB,Wade Miley,2013,523500,3973936.4208333334,11905511494213.145,MLB,MLB,regression_tree
MLB,Patrick Corbin,2013,515000,3973936.4208333334,11964241163367.31,MLB,MLB,regression_tree
MLB,Randall Delgado,2013,510000,1196259.3567398118,470951904712.9403,MLB,MLB,regression_tree
MLB,Scott Kazmir,2013,11000000,12398073.776699029,1954610285093.486,MLB,MLB,regression_tree
MLB,Tommy Milone,2013,510000,1196259.3567398118,470951904712.9403,MLB,MLB,regression_tree
MLB,Drew Pomeranz,2013,505000,1196259.3567398118,477839498280.33844,MLB,MLB,regression_tree
MLB,Dan Straily,2013,505000,1196259.3567398118,477839498280.33844,MLB,MLB,regression_tree
MLB,A.J. Griffin,2013,505000,3973936.4208333334,12033519891783.977,MLB,MLB,regression_tree
MLB,Sonny Gray,2013,502500,1196259.3567398118,481302045064.0375,MLB,MLB,regression_tree
MLB,Jarrod Parker,2013,500000,3973936.4208333334,12068234255992.31,MLB,MLB,regression_tree
MLB,Julio Teheran,2013,5400000,3973936.4208333334,2033657331825.6436,MLB,MLB,regression_tree
MLB,Ervin Santana,2013,14100000,6938325.923611111,51289575576420.65,MLB,MLB,regression_tree
MLB,Kris Medlen,2013,5800000,3973936.4208333334,3334508195158.977,MLB,MLB,regression_tree
MLB,Gavin Floyd,2013,4000000,2496038.3161764704,2261900746409.3066,MLB,MLB,regression_tree
MLB,Mike Minor,2013,3850000,3973936.4208333334,15360236408.977116,MLB,MLB,regression_tree
MLB,Brandon Beachy,2013,1450000,1196259.3567398118,64384314042.09408,MLB,MLB,regression_tree
MLB,Freddy García,2013,1250000,3534554.007518797,5219187013270.196,MLB,MLB,regression_tree
MLB,Aaron Harang,2013,1000000,2496038.3161764704,2238130643468.129,MLB,MLB,regression_tree
MLB,David Hale,2013,502500,1196259.3567398118,481302045064.0375,MLB,MLB,regression_tree
MLB,Ubaldo Jiménez,2013,12500000,12398073.776699029,10388954996.399422,MLB,MLB,regression_tree
MLB,Bud Norris,2013,5300000,7599250.804347826,5286554261294.126,MLB,MLB,regression_tree
MLB,Alfredo Aceves,2013,1200000,2496038.3161764704,1679715316997.5405,MLB,MLB,regression_tree
MLB,Chris Tillman,2013,546000,3973936.4208333334,11750748105275.645,MLB,MLB,regression_tree
MLB,Miguel González,2013,529000,7599250.804347826,49988446436381.086,MLB,MLB,regression_tree
MLB,Zack Britton,2013,521500,1196259.3567398118,455300189507.9246,MLB,MLB,regression_tree
MLB,Chris Capuano,2013,2250000,3534554.007518797,1650078998232.602,MLB,MLB,regression_tree
MLB,Félix Doubront,2013,586000,1196259.3567398118,372416482488.4889,MLB,MLB,regression_tree
MLB,Allen Webster,2013,500000,1196259.3567398118,484777091847.7366,MLB,MLB,regression_tree
MLB,Jason Hammel,2013,6000000,2496038.3161764704,12277747481703.426,MLB,MLB,regression_tree
MLB,Jeff Samardzija,2013,5345000,6938325.923611111,2538687498851.1997,MLB,MLB,regression_tree
MLB,Travis Wood,2013,3900000,3973936.4208333334,5466594325.643777,MLB,MLB,regression_tree
MLB,James McDonald,2013,1000000,2496038.3161764704,2238130643468.129,MLB,MLB,regression_tree
MLB,Jake Arrieta,2013,544500,1196259.3567398118,424790259097.8933,MLB,MLB,regression_tree
MLB,Justin Grimm,2013,505500,1196259.3567398118,477148488923.59863,MLB,MLB,regression_tree
MLB,Chris Rusin,2013,503500,1196259.3567398118,479915526350.55786,MLB,MLB,regression_tree
MLB,Jose Quintana,2013,5300000,3973936.4208333334,1758444615992.3103,MLB,MLB,regression_tree
MLB,Jose Quintana,2013,550000,3973936.4208333334,11723340613908.977,MLB,MLB,regression_tree
MLB,Erik Johnson,2013,500000,1196259.3567398118,484777091847.7366,MLB,MLB,regression_tree
MLB,Eric Surkamp,2013,500000,1196259.3567398118,484777091847.7366,MLB,MLB,regression_tree
MLB,André Rienzo,2013,500000,1196259.3567398118,484777091847.7366,MLB,MLB,regression_tree
MLB,Dylan Axelrod,2013,500000,1196259.3567398118,484777091847.7366,MLB,MLB,regression_tree
MLB,Homer Bailey,2013,17500000,10030874.5,55787835734750.25,MLB,MLB,regression_tree
MLB,Mike Leake,2013,5925000,3973936.4208333334,3806649089950.6436,MLB,MLB,regression_tree
MLB,Chien-Ming Wang,2013,1250000,2496038.3161764704,1552611485379.8936,MLB,MLB,regression_tree
MLB,Tony Cingrani,2013,512500,1196259.3567398118,467526857929.2413,MLB,MLB,regression_tree
MLB,Jair Jurrjens,2013,500000,1196259.3567398118,484777091847.7366,MLB,MLB,regression_tree
MLB,Pedro Villarreal,2013,500000,1196259.3567398118,484777091847.7366,MLB,MLB,regression_tree
MLB,David Holmberg,2013,500000,1196259.3567398118,484777091847.7366,MLB,MLB,regression_tree
MLB,Justin Masterson,2013,9762500,12398073.776699029,6946249132423.583,MLB,MLB,regression_tree
MLB,Shaun Marcum,2013,1000000,2496038.3161764704,2238130643468.129,MLB,MLB,regression_tree
MLB,Corey Kluber,2013,514000,1196259.3567398118,465477829859.02185,MLB,MLB,regression_tree
MLB,Zach McAllister,2013,504500,1196259.3567398118,478531007637.07825,MLB,MLB,regression_tree
MLB,Danny Salazar,2013,501500,1196259.3567398118,482690563777.51715,MLB,MLB,regression_tree
MLB,Juan Nicasio,2013,2025000,1196259.3567398118,686811053791.3104,MLB,MLB,regression_tree
MLB,Tyler Chatwood,2013,502000,1196259.3567398118,481996054420.7773,MLB,MLB,regression_tree
MLB,Jordan Lyles,2013,502000,1196259.3567398118,481996054420.7773,MLB,MLB,regression_tree
MLB,Chris Capuano,2013,500000,3534554.007518797,9208518024548.393,MLB,MLB,regression_tree
MLB,Chad Bettis,2013,500000,1196259.3567398118,484777091847.7366,MLB,MLB,regression_tree
MLB,Max Scherzer,2013,15525000,12398073.776699029,9777667605967.275,MLB,MLB,regression_tree
MLB,Rick Porcello,2013,8500000,3973936.4208333334,20485251522658.977,MLB,MLB,regression_tree
MLB,Scott Feldman,2013,10000000,7599250.804347826,5763596700424.56,MLB,MLB,regression_tree
MLB,Lucas Harrell,2013,509700,2496038.3161764704,3945539906310.7754,MLB,MLB,regression_tree
MLB,Dallas Keuchel,2013,508700,1196259.3567398118,472737869040.4638,MLB,MLB,regression_tree
MLB,Brad Peacock,2013,504300,1196259.3567398118,478807751379.7742,MLB,MLB,regression_tree
MLB,Brett Oberholtzer,2013,503600,1196259.3567398118,479776984479.2099,MLB,MLB,regression_tree
MLB,Jarred Cosart,2013,500000,1196259.3567398118,484777091847.7366,MLB,MLB,regression_tree
MLB,Collin McHugh,2013,500000,1196259.3567398118,484777091847.7366,MLB,MLB,regression_tree
MLB,Jason Vargas,2013,8000000,6938325.923611111,1127151844476.2004,MLB,MLB,regression_tree
MLB,Danny Duffy,2013,526000,1196259.3567398118,449247605297.26636,MLB,MLB,regression_tree
MLB,Yordano Ventura,2013,500500,1196259.3567398118,484081082490.99677,MLB,MLB,regression_tree
MLB,Héctor Santiago,2013,530000,1196259.3567398118,443901530443.34784,MLB,MLB,regression_tree
MLB,Tyler Skaggs,2013,502250,1196259.3567398118,481648987242.4074,MLB,MLB,regression_tree
MLB,Matt Shoemaker,2013,500500,1196259.3567398118,484081082490.99677,MLB,MLB,regression_tree
MLB,Clayton Kershaw,2013,30714286,10030874.5,427803511278332.25,MLB,MLB,regression_tree
MLB,Paul Maholm,2013,1500000,7599250.804347826,37200860374337.6,MLB,MLB,regression_tree
MLB,Dan Haren,2013,1000000,17190228.363636363,262123494466695.4,MLB,MLB,regression_tree
MLB,Kevin Slowey,2013,800000,3534554.007518797,7477785620037.114,MLB,MLB,regression_tree
MLB,José Fernández,2013,635000,3973936.4208333334,11148496422367.31,MLB,MLB,regression_tree
MLB,Henderson Alvarez III,2013,525400,1196259.3567398118,450052276525.3541,MLB,MLB,regression_tree
MLB,Nathan Eovaldi,2013,517000,1196259.3567398118,461393273718.58295,MLB,MLB,regression_tree
MLB,Tom Koehler,2013,515000,1196259.3567398118,464114311145.5422,MLB,MLB,regression_tree
MLB,Brian Flynn,2013,500000,1196259.3567398118,484777091847.7366,MLB,MLB,regression_tree
MLB,Matt Garza,2013,12500000,12398073.776699029,10388954996.399422,MLB,MLB,regression_tree
MLB,Marco Estrada,2013,3325000,6938325.923611111,13056124230240.088,MLB,MLB,regression_tree
MLB,Wily Peralta,2013,515000,3973936.4208333334,11964241163367.31,MLB,MLB,regression_tree
MLB,Johnny Hellweg,2013,500000,1196259.3567398118,484777091847.7366,MLB,MLB,regression_tree
MLB,Ricky Nolasco,2013,12250000,7599250.804347826,21629468080859.344,MLB,MLB,regression_tree
MLB,Phil Hughes,2013,8000000,1196259.3567398118,46290886740750.56,MLB,MLB,regression_tree
MLB,Mike Pelfrey,2013,5500000,2496038.3161764704,9023785797879.895,MLB,MLB,regression_tree
MLB,Scott Diamond,2013,542500,1196259.3567398118,427401296524.85254,MLB,MLB,regression_tree
MLB,Vance Worley,2013,527500,1196259.3567398118,447239077227.0469,MLB,MLB,regression_tree
MLB,Kyle Gibson,2013,502500,1196259.3567398118,481302045064.0375,MLB,MLB,regression_tree
MLB,Bartolo Colon,2013,10000000,7599250.804347826,5763596700424.56,MLB,MLB,regression_tree
MLB,Dillon Gee,2013,3625000,3973936.4208333334,121756625783.97714,MLB,MLB,regression_tree
MLB,John Lannan,2013,1500000,2496038.3161764704,992092327291.6583,MLB,MLB,regression_tree
MLB,Daisuke Matsuzaka,2013,1500000,3534554.007518797,4139410009510.798,MLB,MLB,regression_tree
MLB,Matt Harvey,2013,546625,3973936.4208333334,11746463575374.602,MLB,MLB,regression_tree
MLB,Zack Wheeler,2013,512375,1196259.3567398118,467697813393.4262,MLB,MLB,regression_tree
MLB,Jenrry Mejía,2013,509675,1196259.3567398118,471398078919.82117,MLB,MLB,regression_tree
MLB,Hiroki Kuroda,2013,16000000,7599250.804347826,70572587048250.64,MLB,MLB,regression_tree
MLB,Iván Nova,2013,3300000,1196259.3567398118,4425724694104.791,MLB,MLB,regression_tree
MLB,Alfredo Aceves,2013,1200000,2496038.3161764704,1679715316997.5405,MLB,MLB,regression_tree
MLB,David Phelps,2013,541425,1196259.3567398118,428808034766.84314,MLB,MLB,regression_tree
MLB,A.J. Burnett,2013,11250000,12398073.776699029,1318073396743.9717,MLB,MLB,regression_tree
MLB,Miguel González,2013,4000000,7599250.804347826,12954606352598.475,MLB,MLB,regression_tree
MLB,Kyle Kendrick,2013,7675000,7599250.804347826,5737940641.951311,MLB,MLB,regression_tree
MLB,Roberto Hernández,2013,4500000,2496038.3161764704,4015862430232.836,MLB,MLB,regression_tree
MLB,Jonathan Pettibone,2013,500000,1196259.3567398118,484777091847.7366,MLB,MLB,regression_tree
MLB,Ethan Martin,2013,500000,1196259.3567398118,484777091847.7366,MLB,MLB,regression_tree
MLB,Charlie Morton,2013,7000000,6938325.923611111,3803691698.422515,MLB,MLB,regression_tree
MLB,Edinson Vólquez,2013,5000000,2496038.3161764704,6269824114056.366,MLB,MLB,regression_tree
MLB,Jeff Locke,2013,513000,1196259.3567398118,466843348572.50146,MLB,MLB,regression_tree
MLB,Gerrit Cole,2013,512500,1196259.3567398118,467526857929.2413,MLB,MLB,regression_tree
MLB,Brandon Cumpton,2013,507000,1196259.3567398118,475078460853.3792,MLB,MLB,regression_tree
MLB,Phil Irwin,2013,500000,1196259.3567398118,484777091847.7366,MLB,MLB,regression_tree
MLB,Ian Kennedy,2013,6100000,2496038.3161764704,12988539818468.13,MLB,MLB,regression_tree
MLB,Eric Stults,2013,2750000,7599250.804347826,23515233363468.04,MLB,MLB,regression_tree
MLB,Andrew Cashner,2013,2400000,3973936.4208333334,2477275856825.644,MLB,MLB,regression_tree
MLB,Robbie Erlin,2013,504500,1196259.3567398118,478531007637.07825,MLB,MLB,regression_tree
MLB,Burch Smith,2013,500000,1196259.3567398118,484777091847.7366,MLB,MLB,regression_tree
MLB,Erasmo Ramírez,2013,511800,1196259.3567398118,468484611028.677,MLB,MLB,regression_tree
MLB,Brandon Maurer,2013,504600,1196259.3567398118,478392665765.7303,MLB,MLB,regression_tree
MLB,James Paxton,2013,503500,1196259.3567398118,479915526350.55786,MLB,MLB,regression_tree
MLB,Taijuan Walker,2013,502400,1196259.3567398118,481440806935.38544,MLB,MLB,regression_tree
MLB,Tim Lincecum,2013,17500000,12398073.776699029,26029651188006.11,MLB,MLB,regression_tree
MLB,Tim Hudson,2013,11500000,6938325.923611111,20808870379198.42,MLB,MLB,regression_tree
MLB,Ryan Vogelsong,2013,5000000,2496038.3161764704,6269824114056.366,MLB,MLB,regression_tree
MLB,Yusmeiro Petit,2013,845000,3534554.007518797,7233700759360.422,MLB,MLB,regression_tree
MLB,Adam Wainwright,2013,19500000,17190228.363636363,5335045012149.952,MLB,MLB,regression_tree
MLB,Lance Lynn,2013,535000,3973936.4208333334,11826283706533.977,MLB,MLB,regression_tree
MLB,Shelby Miller,2013,521000,3973936.4208333334,11922769926317.31,MLB,MLB,regression_tree
MLB,Michael Wacha,2013,510000,1196259.3567398118,470951904712.9403,MLB,MLB,regression_tree
MLB,Tyler Lyons,2013,500000,1196259.3567398118,484777091847.7366,MLB,MLB,regression_tree
MLB,Chris Archer,2013,4250000,1196259.3567398118,9325331916299.148,MLB,MLB,regression_tree
MLB,David Price,2013,14000000,3973936.4208333334,100521950893492.3,MLB,MLB,regression_tree
MLB,Jeremy Hellickson,2013,3625000,3973936.4208333334,121756625783.97714,MLB,MLB,regression_tree
MLB,Érik Bédard,2013,1150000,3534554.007518797,5686097814773.956,MLB,MLB,regression_tree
MLB,Alex Cobb,2013,516900,1196259.3567398118,461529135589.9309,MLB,MLB,regression_tree
MLB,Chris Archer,2013,511200,1196259.3567398118,469306322256.7648,MLB,MLB,regression_tree
MLB,Jake Odorizzi,2013,503100,1196259.3567398118,480469893835.9497,MLB,MLB,regression_tree
MLB,Alex Colomé,2013,500000,1196259.3567398118,484777091847.7366,MLB,MLB,regression_tree
MLB,Enny Romero,2013,500000,1196259.3567398118,484777091847.7366,MLB,MLB,regression_tree
MLB,Nate Karns,2013,500000,1196259.3567398118,484777091847.7366,MLB,MLB,regression_tree
MLB,Martín Pérez,2013,3125000,1196259.3567398118,3720040468963.7246,MLB,MLB,regression_tree
MLB,Alexi Ogando,2013,2625000,6938325.923611111,18604780523295.645,MLB,MLB,regression_tree
MLB,Tommy Hanson,2013,2000000,1196259.3567398118,645999021628.301,MLB,MLB,regression_tree
MLB,Scott Baker,2013,1000000,3534554.007518797,6423964017029.595,MLB,MLB,regression_tree
MLB,Nick Tepesch,2013,505071,1196259.3567398118,477741344492.6814,MLB,MLB,regression_tree
MLB,Joe Saunders,2013,500000,7599250.804347826,50399361983033.26,MLB,MLB,regression_tree
MLB,R.A. Dickey,2013,12500000,7599250.804347826,24017342678685.43,MLB,MLB,regression_tree
MLB,J.A. Happ,2013,5400000,3534554.007518797,3479888750864.1797,MLB,MLB,regression_tree
MLB,Todd Redmond,2013,505700,3534554.007518797,9173956598862.678,MLB,MLB,regression_tree
MLB,Liam Hendriks,2013,500000,1196259.3567398118,484777091847.7366,MLB,MLB,regression_tree
MLB,Sean Nolin,2013,500000,1196259.3567398118,484777091847.7366,MLB,MLB,regression_tree
MLB,Jordan Zimmermann,2013,12000000,10030874.5,3877455234750.25,MLB,MLB,regression_tree
MLB,Doug Fister,2013,7200000,7599250.804347826,159401204772.38617,MLB,MLB,regression_tree
MLB,Stephen Strasburg,2013,3975000,3973936.4208333334,1131200.643767229,MLB,MLB,regression_tree
MLB,Ross Detwiler,2013,3000000,1196259.3567398118,3253480308148.6772,MLB,MLB,regression_tree
MLB,Taylor Jordan,2013,504300,1196259.3567398118,478807751379.7742,MLB,MLB,regression_tree
MLB,Jeremy Hellickson,2014,4275000,1196259.3567398118,9478643948462.158,MLB,MLB,regression_tree
MLB,Rubby De La Rosa,2014,516000,1196259.3567398118,462752792432.06256,MLB,MLB,regression_tree
MLB,Chase Anderson,2014,512500,1196259.3567398118,467526857929.2413,MLB,MLB,regression_tree
MLB,Robbie Ray,2014,508500,1196259.3567398118,473012932783.1597,MLB,MLB,regression_tree
MLB,Allen Webster,2014,507500,1196259.3567398118,474389451496.6394,MLB,MLB,regression_tree
MLB,Jhoulys Chacín,2014,507500,1196259.3567398118,474389451496.6394,MLB,MLB,regression_tree
MLB,Andrew Chafin,2014,507500,1196259.3567398118,474389451496.6394,MLB,MLB,regression_tree
MLB,Jesse Chavez,2014,2150000,6938325.923611111,22928065150726.2,MLB,MLB,regression_tree
MLB,Drew Pomeranz,2014,517500,1196259.3567398118,460714264361.84314,MLB,MLB,regression_tree
MLB,Sonny Gray,2014,512500,10030874.5,90599453122250.25,MLB,MLB,regression_tree
MLB,Chris Bassitt,2014,507500,1196259.3567398118,474389451496.6394,MLB,MLB,regression_tree
MLB,Brad Mills,2014,507500,2496038.3161764704,3954284634901.952,MLB,MLB,regression_tree
MLB,Jesse Hahn,2014,507500,1196259.3567398118,474389451496.6394,MLB,MLB,regression_tree
MLB,Mike Minor,2014,5600000,1196259.3567398118,19392931653101.656,MLB,MLB,regression_tree
MLB,Eric Stults,2014,2000000,6938325.923611111,24387062927809.53,MLB,MLB,regression_tree
MLB,Shelby Miller,2014,535000,3973936.4208333334,11826283706533.977,MLB,MLB,regression_tree
MLB,Alex Wood,2014,520000,1196259.3567398118,457326717578.1441,MLB,MLB,regression_tree
MLB,Edwin Jackson,2014,507500,2496038.3161764704,3954284634901.952,MLB,MLB,regression_tree
MLB,Bud Norris,2014,8800000,7599250.804347826,1441798630859.3425,MLB,MLB,regression_tree
MLB,Chris Tillman,2014,4315000,3973936.4208333334,116324365033.97705,MLB,MLB,regression_tree
MLB,Miguel González,2014,3275000,7599250.804347826,18699145018902.82,MLB,MLB,regression_tree
MLB,Kevin Gausman,2014,522000,1196259.3567398118,454625680151.1848,MLB,MLB,regression_tree
MLB,Wade Miley,2014,6416667,3973936.4208333334,5966932682395.919,MLB,MLB,regression_tree
MLB,Rick Porcello,2014,12500000,3973936.4208333334,72693760155992.3,MLB,MLB,regression_tree
MLB,Joe Kelly,2014,603000,1196259.3567398118,351956664359.3353,MLB,MLB,regression_tree
MLB,Brandon Workman,2014,539500,1196259.3567398118,431332852665.29144,MLB,MLB,regression_tree
MLB,Jon Lester,2014,25833333,17190228.363636363,74703257755130.6,MLB,MLB,regression_tree
MLB,Jason Hammel,2014,10000000,17190228.363636363,51699383921240.85,MLB,MLB,regression_tree
MLB,Travis Wood,2014,5685000,3973936.4208333334,2927738571950.6436,MLB,MLB,regression_tree
MLB,Tsuyoshi Wada,2014,4000000,3534554.007518797,216639971916.81192,MLB,MLB,regression_tree
MLB,Jake Arrieta,2014,3630000,12398073.776699029,76879117753637.17,MLB,MLB,regression_tree
MLB,Félix Doubront,2014,1925000,1196259.3567398118,531062925139.2728,MLB,MLB,regression_tree
MLB,Kyle Hendricks,2014,510000,1196259.3567398118,470951904712.9403,MLB,MLB,regression_tree
MLB,Dallas Beeler,2014,508000,1196259.3567398118,473700942139.8996,MLB,MLB,regression_tree
MLB,Trevor Cahill,2014,507500,1196259.3567398118,474389451496.6394,MLB,MLB,regression_tree
MLB,Jeff Samardzija,2014,9800000,6938325.923611111,8189178519476.201,MLB,MLB,regression_tree
MLB,Héctor Noesí,2014,1950000,3973936.4208333334,4096318635575.644,MLB,MLB,regression_tree
MLB,Erik Johnson,2014,510000,1196259.3567398118,470951904712.9403,MLB,MLB,regression_tree
MLB,Scott Carroll,2014,507500,2496038.3161764704,3954284634901.952,MLB,MLB,regression_tree
MLB,Mike Leake,2014,9775000,10030874.5,65471759750.25,MLB,MLB,regression_tree
MLB,Tony Cingrani,2014,525500,1196259.3567398118,449918114654.00616,MLB,MLB,regression_tree
MLB,David Holmberg,2014,507500,1196259.3567398118,474389451496.6394,MLB,MLB,regression_tree
MLB,Dylan Axelrod,2014,507500,3534554.007518797,9163055964435.61,MLB,MLB,regression_tree
MLB,Corey Kluber,2014,7700000,17190228.363636363,90064434393968.125,MLB,MLB,regression_tree
MLB,Gavin Floyd,2014,4000000,3534554.007518797,216639971916.81192,MLB,MLB,regression_tree
MLB,Trevor Bauer,2014,1940000,1196259.3567398118,553150144437.0785,MLB,MLB,regression_tree
MLB,Josh Tomlin,2014,1500000,2496038.3161764704,992092327291.6583,MLB,MLB,regression_tree
MLB,Bruce Chen,2014,1000000,2496038.3161764704,2238130643468.129,MLB,MLB,regression_tree
MLB,Corey Kluber,2014,601000,17190228.363636363,275202497700877.22,MLB,MLB,regression_tree
MLB,Zach McAllister,2014,520400,1196259.3567398118,456785870092.75226,MLB,MLB,regression_tree
MLB,Danny Salazar,2014,507500,1196259.3567398118,474389451496.6394,MLB,MLB,regression_tree
MLB,Jhoulys Chacín,2014,505700,1196259.3567398118,476872225180.9027,MLB,MLB,regression_tree
MLB,Jorge De La Rosa,2014,12500000,7599250.804347826,24017342678685.43,MLB,MLB,regression_tree
MLB,Jhoulys Chacín,2014,5500000,1196259.3567398118,18522183524449.62,MLB,MLB,regression_tree
MLB,Kyle Kendrick,2014,5500000,7599250.804347826,4406853939554.995,MLB,MLB,regression_tree
MLB,Jordan Lyles,2014,2475000,1196259.3567398118,1635177632725.4797,MLB,MLB,regression_tree
MLB,Tyler Chatwood,2014,1000000,1196259.3567398118,38517735107.92472,MLB,MLB,regression_tree
MLB,Tyler Matzek,2014,509500,1196259.3567398118,471638414069.6801,MLB,MLB,regression_tree
MLB,Christian Bergman,2014,509500,1196259.3567398118,471638414069.6801,MLB,MLB,regression_tree
MLB,Eddie Butler,2014,509500,1196259.3567398118,471638414069.6801,MLB,MLB,regression_tree
MLB,Yohan Flande,2014,507500,2496038.3161764704,3954284634901.952,MLB,MLB,regression_tree
MLB,David Price,2014,19750000,17190228.363636363,6552430830331.7705,MLB,MLB,regression_tree
MLB,Alfredo Simón,2014,5500000,7599250.804347826,4406853939554.995,MLB,MLB,regression_tree
MLB,Shane Greene,2014,515000,1196259.3567398118,464114311145.5422,MLB,MLB,regression_tree
MLB,Drew VerHagen,2014,507500,1196259.3567398118,474389451496.6394,MLB,MLB,regression_tree
MLB,Randy Wolf,2014,507500,2496038.3161764704,3954284634901.952,MLB,MLB,regression_tree
MLB,Kyle Lobstein,2014,507500,1196259.3567398118,474389451496.6394,MLB,MLB,regression_tree
MLB,Buck Farmer,2014,507500,1196259.3567398118,474389451496.6394,MLB,MLB,regression_tree
MLB,Dallas Keuchel,2014,524500,3973936.4208333334,11898611621371.477,MLB,MLB,regression_tree
MLB,Collin McHugh,2014,516300,1196259.3567398118,462344726818.0187,MLB,MLB,regression_tree
MLB,Brad Peacock,2014,515800,1196259.3567398118,463024936174.7585,MLB,MLB,regression_tree
MLB,Brett Oberholtzer,2014,515800,1196259.3567398118,463024936174.7585,MLB,MLB,regression_tree
MLB,Dan Straily,2014,507500,1196259.3567398118,474389451496.6394,MLB,MLB,regression_tree
MLB,Yordano Ventura,2014,4800000,3973936.4208333334,682381036825.6437,MLB,MLB,regression_tree
MLB,Edinson Vólquez,2014,10000000,7599250.804347826,5763596700424.56,MLB,MLB,regression_tree
MLB,Danny Duffy,2014,2425000,1196259.3567398118,1509803568399.461,MLB,MLB,regression_tree
MLB,Franklin Morales,2014,1850000,2496038.3161764704,417365505968.1291,MLB,MLB,regression_tree
MLB,Chris Young,2014,675000,7599250.804347826,47945249201511.516,MLB,MLB,regression_tree
MLB,Yordano Ventura,2014,535675,3973936.4208333334,11821641597990.852,MLB,MLB,regression_tree
MLB,Brian Flynn,2014,508450,1196259.3567398118,473081711218.83374,MLB,MLB,regression_tree
MLB,Aaron Brooks,2014,507500,1196259.3567398118,474389451496.6394,MLB,MLB,regression_tree
MLB,Yohan Pino,2014,507500,2496038.3161764704,3954284634901.952,MLB,MLB,regression_tree
MLB,Garrett Richards,2014,3200000,1196259.3567398118,4014976565452.7524,MLB,MLB,regression_tree
MLB,Héctor Santiago,2014,2290000,1196259.3567398118,1196268594719.2102,MLB,MLB,regression_tree
MLB,Matt Shoemaker,2014,517500,1196259.3567398118,460714264361.84314,MLB,MLB,regression_tree
MLB,Tyler Skaggs,2014,515000,1196259.3567398118,464114311145.5422,MLB,MLB,regression_tree
MLB,Andrew Heaney,2014,509250,1196259.3567398118,471981856248.05005,MLB,MLB,regression_tree
MLB,Nick Tropeano,2014,507500,1196259.3567398118,474389451496.6394,MLB,MLB,regression_tree
MLB,Mat Latos,2014,507500,1196259.3567398118,474389451496.6394,MLB,MLB,regression_tree
MLB,Brandon McCarthy,2014,12000000,17190228.363636363,26938470466695.402,MLB,MLB,regression_tree
MLB,Brett Anderson,2014,10000000,1196259.3567398118,77505849313791.31,MLB,MLB,regression_tree
MLB,Mike Bolsinger,2014,507500,1196259.3567398118,474389451496.6394,MLB,MLB,regression_tree
MLB,Mat Latos,2014,9400000,1196259.3567398118,67301360541879.086,MLB,MLB,regression_tree
MLB,Henderson Alvarez III,2014,4000000,3973936.4208333334,679310158.9770975,MLB,MLB,regression_tree
MLB,David Phelps,2014,1400000,1196259.3567398118,41510249716.07526,MLB,MLB,regression_tree
MLB,José Fernández,2014,651000,1196259.3567398118,297307766112.31335,MLB,MLB,regression_tree
MLB,Tom Koehler,2014,555000,7599250.804347826,49621469394554.99,MLB,MLB,regression_tree
MLB,Jarred Cosart,2014,540000,3973936.4208333334,11791919342325.645,MLB,MLB,regression_tree
MLB,Brad Hand,2014,520000,1196259.3567398118,457326717578.1441,MLB,MLB,regression_tree
MLB,André Rienzo,2014,507500,1196259.3567398118,474389451496.6394,MLB,MLB,regression_tree
MLB,Wily Peralta,2014,525500,3973936.4208333334,11891713748529.81,MLB,MLB,regression_tree
MLB,Jimmy Nelson,2014,511500,1196259.3567398118,468895376642.7209,MLB,MLB,regression_tree
MLB,Ervin Santana,2014,13750000,12398073.776699029,1827704513248.8271,MLB,MLB,regression_tree
MLB,Phil Hughes,2014,14000000,17190228.363636363,10177557012149.95,MLB,MLB,regression_tree
MLB,Tommy Milone,2014,2775000,1196259.3567398118,2492422018681.593,MLB,MLB,regression_tree
MLB,Kyle Gibson,2014,537500,3973936.4208333334,11809095274429.81,MLB,MLB,regression_tree
MLB,Trevor May,2014,510000,1196259.3567398118,470951904712.9403,MLB,MLB,regression_tree
MLB,Logan Darnell,2014,507500,1196259.3567398118,474389451496.6394,MLB,MLB,regression_tree
MLB,Dillon Gee,2014,5300000,6938325.923611111,2684111831976.1997,MLB,MLB,regression_tree
MLB,Jacob deGrom,2014,556875,1196259.3567398118,408812355643.58295,MLB,MLB,regression_tree
MLB,Zack Wheeler,2014,546250,3973936.4208333334,11749034199565.227,MLB,MLB,regression_tree
MLB,Rafael Montero,2014,511000,1196259.3567398118,469580385999.4607,MLB,MLB,regression_tree
MLB,Nathan Eovaldi,2014,3300000,3973936.4208333334,454190299325.64386,MLB,MLB,regression_tree
MLB,Iván Nova,2014,3300000,1196259.3567398118,4425724694104.791,MLB,MLB,regression_tree
MLB,Michael Pineda,2014,2100000,1196259.3567398118,816747150280.3387,MLB,MLB,regression_tree
MLB,Chase Whitley,2014,524525,1196259.3567398118,451227046024.6488,MLB,MLB,regression_tree
MLB,Aaron Harang,2014,5000000,7599250.804347826,6756104743902.821,MLB,MLB,regression_tree
MLB,Kevin Correia,2014,650000,2496038.3161764704,3407857464791.658,MLB,MLB,regression_tree
MLB,David Buchanan,2014,512500,1196259.3567398118,467526857929.2413,MLB,MLB,regression_tree
MLB,Jonathan Pettibone,2014,510000,1196259.3567398118,470951904712.9403,MLB,MLB,regression_tree
MLB,Sean O'Sullivan,2014,507500,1196259.3567398118,474389451496.6394,MLB,MLB,regression_tree
MLB,Francisco Liriano,2014,13000000,6938325.923611111,36743892608365.09,MLB,MLB,regression_tree
MLB,A.J. Burnett,2014,8500000,6938325.923611111,2438825920865.0894,MLB,MLB,regression_tree
MLB,Vance Worley,2014,2450000,1196259.3567398118,1571865600562.4705,MLB,MLB,regression_tree
MLB,Gerrit Cole,2014,531000,1196259.3567398118,442570011729.8682,MLB,MLB,regression_tree
MLB,Jeff Locke,2014,531000,1196259.3567398118,442570011729.8682,MLB,MLB,regression_tree
MLB,Brandon Cumpton,2014,520500,1196259.3567398118,456650708221.4043,MLB,MLB,regression_tree
MLB,James Shields,2014,18750000,7599250.804347826,124339207624337.61,MLB,MLB,regression_tree
MLB,Ian Kennedy,2014,9850000,12398073.776699029,6492679971501.253,MLB,MLB,regression_tree
MLB,Tyson Ross,2014,5250000,3973936.4208333334,1628338258075.6436,MLB,MLB,regression_tree
MLB,Andrew Cashner,2014,4050000,1196259.3567398118,8143835658995.074,MLB,MLB,regression_tree
MLB,Joe Wieland,2014,590000,1196259.3567398118,367550407634.57043,MLB,MLB,regression_tree
MLB,Odrisamer Despaigne,2014,517300,1196259.3567398118,460985808104.53906,MLB,MLB,regression_tree
MLB,Bud Norris,2014,507500,7599250.804347826,50292929470968.04,MLB,MLB,regression_tree
MLB,Robbie Erlin,2014,507500,1196259.3567398118,474389451496.6394,MLB,MLB,regression_tree
MLB,Erasmo Ramírez,2014,522800,1196259.3567398118,453547505180.4011,MLB,MLB,regression_tree
MLB,James Paxton,2014,519000,1196259.3567398118,458680236291.6237,MLB,MLB,regression_tree
MLB,Taijuan Walker,2014,513100,1196259.3567398118,466706706701.1535,MLB,MLB,regression_tree
MLB,Roenis Elías,2014,507500,1196259.3567398118,474389451496.6394,MLB,MLB,regression_tree
MLB,Jake Peavy,2014,12000000,6938325.923611111,25620544455587.312,MLB,MLB,regression_tree
MLB,Ryan Vogelsong,2014,4000000,6938325.923611111,8633759233365.089,MLB,MLB,regression_tree
MLB,Kevin Correia,2014,850000,2496038.3161764704,2709442138321.07,MLB,MLB,regression_tree
MLB,Lance Lynn,2014,7833333,3973936.4208333334,14894941955283.37,MLB,MLB,regression_tree
MLB,Michael Wacha,2014,520000,1196259.3567398118,457326717578.1441,MLB,MLB,regression_tree
MLB,Marco Gonzales,2014,507500,1196259.3567398118,474389451496.6394,MLB,MLB,regression_tree
MLB,Alex Cobb,2014,4000000,1196259.3567398118,7860961594669.055,MLB,MLB,regression_tree
MLB,Drew Smyly,2014,2650000,1196259.3567398118,2113361857866.5457,MLB,MLB,regression_tree
MLB,Jake Odorizzi,2014,522000,1196259.3567398118,454625680151.1848,MLB,MLB,regression_tree
MLB,Alex Colomé,2014,510800,1196259.3567398118,469854529742.1566,MLB,MLB,regression_tree
MLB,Nate Karns,2014,508800,1196259.3567398118,472600367169.11584,MLB,MLB,regression_tree
MLB,Colby Lewis,2014,4000000,7599250.804347826,12954606352598.475,MLB,MLB,regression_tree
MLB,Nick Tepesch,2014,517760,1196259.3567398118,460361377096.33844,MLB,MLB,regression_tree
MLB,Tanner Scheppers,2014,515200,1196259.3567398118,463841847402.84625,MLB,MLB,regression_tree
MLB,Nick Martinez,2014,515000,1196259.3567398118,464114311145.5422,MLB,MLB,regression_tree
MLB,Anthony Ranaudo,2014,508500,1196259.3567398118,473012932783.1597,MLB,MLB,regression_tree
MLB,Lisalverto Bonilla,2014,508500,1196259.3567398118,473012932783.1597,MLB,MLB,regression_tree
MLB,Wandy Rodríguez,2014,507500,2496038.3161764704,3954284634901.952,MLB,MLB,regression_tree
MLB,Drew Hutchison,2014,520100,3973936.4208333334,11928986021874.81,MLB,MLB,regression_tree
MLB,Liam Hendriks,2014,518400,1196259.3567398118,459493307519.7115,MLB,MLB,regression_tree
MLB,Marcus Stroman,2014,514700,1196259.3567398118,464523156759.58606,MLB,MLB,regression_tree
MLB,Félix Doubront,2014,507500,1196259.3567398118,474389451496.6394,MLB,MLB,regression_tree
MLB,Max Scherzer,2014,30000000,12398073.776699029,309827806770530.4,MLB,MLB,regression_tree
MLB,Doug Fister,2014,11400000,7599250.804347826,14445694448250.646,MLB,MLB,regression_tree
MLB,Stephen Strasburg,2014,7400000,10030874.5,6921500634750.25,MLB,MLB,regression_tree
MLB,Tanner Roark,2014,529600,3973936.4208333334,11863453379878.977,MLB,MLB,regression_tree
MLB,Taylor Jordan,2014,507500,1196259.3567398118,474389451496.6394,MLB,MLB,regression_tree
MLB,Zack Greinke,2015,34416667,31928333.3,6191804602555.687,MLB,MLB,regression_tree
MLB,Shelby Miller,2015,4350000,3973936.4208333334,141423815575.6437,MLB,MLB,regression_tree
MLB,Patrick Corbin,2015,2525000,1196259.3567398118,1765551697051.4985,MLB,MLB,regression_tree
MLB,Rubby De La Rosa,2015,2350000,3973936.4208333334,2637169498908.9775,MLB,MLB,regression_tree
MLB,Robbie Ray,2015,521000,1196259.3567398118,455975198864.6644,MLB,MLB,regression_tree
MLB,Archie Bradley,2015,507500,1196259.3567398118,474389451496.6394,MLB,MLB,regression_tree
MLB,Zack Godley,2015,507500,1196259.3567398118,474389451496.6394,MLB,MLB,regression_tree
MLB,Tyler Wagner,2015,507500,1196259.3567398118,474389451496.6394,MLB,MLB,regression_tree
MLB,Rich Hill,2015,6000000,6378000,142884000000,MLB,MLB,regression_tree
MLB,Henderson Alvarez III,2015,4250000,1196259.3567398118,9325331916299.148,MLB,MLB,regression_tree
MLB,Félix Doubront,2015,2000000,1196259.3567398118,645999021628.301,MLB,MLB,regression_tree
MLB,Sonny Gray,2015,527500,3973936.4208333334,11877924002846.477,MLB,MLB,regression_tree
MLB,Kendall Graveman,2015,512500,1196259.3567398118,467526857929.2413,MLB,MLB,regression_tree
MLB,Chris Bassitt,2015,510000,1196259.3567398118,470951904712.9403,MLB,MLB,regression_tree
MLB,Jesse Hahn,2015,507500,1196259.3567398118,474389451496.6394,MLB,MLB,regression_tree
MLB,Jhoulys Chacín,2015,1100000,1196259.3567398118,9265863759.962358,MLB,MLB,regression_tree
MLB,Williams Pérez,2015,511250,1196259.3567398118,469237818821.0908,MLB,MLB,regression_tree
MLB,Roberto Hernández,2015,507500,3534554.007518797,9163055964435.61,MLB,MLB,regression_tree
MLB,Mike Foltynewicz,2015,507500,1196259.3567398118,474389451496.6394,MLB,MLB,regression_tree
MLB,Ryan Weber,2015,507500,1196259.3567398118,474389451496.6394,MLB,MLB,regression_tree
MLB,Matt Wisler,2015,507500,1196259.3567398118,474389451496.6394,MLB,MLB,regression_tree
MLB,Manny Bañuelos,2015,507500,1196259.3567398118,474389451496.6394,MLB,MLB,regression_tree
MLB,Yovani Gallardo,2015,11000000,7599250.804347826,11565095091728.908,MLB,MLB,regression_tree
MLB,Chris Tillman,2015,6225000,3973936.4208333334,5067287237450.644,MLB,MLB,regression_tree
MLB,Miguel González,2015,5100000,2496038.3161764704,6780616450821.071,MLB,MLB,regression_tree
MLB,Kevin Gausman,2015,532000,1196259.3567398118,441240493016.3886,MLB,MLB,regression_tree
MLB,Tyler Wilson,2015,511500,1196259.3567398118,468895376642.7209,MLB,MLB,regression_tree
MLB,Odrisamer Despaigne,2015,507500,2496038.3161764704,3954284634901.952,MLB,MLB,regression_tree
MLB,David Price,2015,31000000,17190228.363636363,190709792648513.6,MLB,MLB,regression_tree
MLB,Rick Porcello,2015,20625000,3973936.4208333334,277257918317450.62,MLB,MLB,regression_tree
MLB,Joe Kelly,2015,2600000,1196259.3567398118,1970487793540.5269,MLB,MLB,regression_tree
MLB,Roenis Elías,2015,558000,1196259.3567398118,407375006465.9184,MLB,MLB,regression_tree
MLB,Eduardo Rodríguez,2015,521000,1196259.3567398118,455975198864.6644,MLB,MLB,regression_tree
MLB,Steven Wright,2015,514500,3534554.007518797,9120726208330.348,MLB,MLB,regression_tree
MLB,Sean O'Sullivan,2015,507500,1196259.3567398118,474389451496.6394,MLB,MLB,regression_tree
MLB,Henry Owens,2015,507500,1196259.3567398118,474389451496.6394,MLB,MLB,regression_tree
MLB,John Lackey,2015,16000000,7599250.804347826,70572587048250.64,MLB,MLB,regression_tree
MLB,Jake Arrieta,2015,10700000,31928333.3,450642134695888.94,MLB,MLB,regression_tree
MLB,Kyle Hendricks,2015,541000,3973936.4208333334,11785052469483.977,MLB,MLB,regression_tree
MLB,Aaron Brooks,2015,510000,1196259.3567398118,470951904712.9403,MLB,MLB,regression_tree
MLB,Dallas Beeler,2015,508500,1196259.3567398118,473012932783.1597,MLB,MLB,regression_tree
MLB,Carlos Rodón,2015,518000,1196259.3567398118,460035755005.10333,MLB,MLB,regression_tree
MLB,Miguel González,2015,507500,2496038.3161764704,3954284634901.952,MLB,MLB,regression_tree
MLB,Chris Beck,2015,507500,1196259.3567398118,474389451496.6394,MLB,MLB,regression_tree
MLB,Erik Johnson,2015,507500,1196259.3567398118,474389451496.6394,MLB,MLB,regression_tree
MLB,Alfredo Simón,2015,2000000,7599250.804347826,31351609569989.777,MLB,MLB,regression_tree
MLB,Anthony DeSclafani,2015,540000,3973936.4208333334,11791919342325.645,MLB,MLB,regression_tree
MLB,Michael Lorenzen,2015,516500,1196259.3567398118,462072783075.32275,MLB,MLB,regression_tree
MLB,Jon Moscot,2015,508000,1196259.3567398118,473700942139.8996,MLB,MLB,regression_tree
MLB,Josh A. Smith,2015,507500,1196259.3567398118,474389451496.6394,MLB,MLB,regression_tree
MLB,John Lamb,2015,507500,1196259.3567398118,474389451496.6394,MLB,MLB,regression_tree
MLB,Keyvius Sampson,2015,507500,1196259.3567398118,474389451496.6394,MLB,MLB,regression_tree
MLB,Josh Tomlin,2015,1833333,6938325.923611111,26060952750119.52,MLB,MLB,regression_tree
MLB,Trevor Bauer,2015,1697500,3973936.4208333334,5182162778096.478,MLB,MLB,regression_tree
MLB,Danny Salazar,2015,536200,3973936.4208333334,11818031699123.977,MLB,MLB,regression_tree
MLB,Cody Anderson,2015,511400,1196259.3567398118,469032338514.06885,MLB,MLB,regression_tree
MLB,Jordan Lyles,2015,2975000,1196259.3567398118,3163918275985.668,MLB,MLB,regression_tree
MLB,Chad Bettis,2015,512500,1196259.3567398118,467526857929.2413,MLB,MLB,regression_tree
MLB,Chris Rusin,2015,512500,2496038.3161764704,3934424251740.1875,MLB,MLB,regression_tree
MLB,Tyler Matzek,2015,509500,1196259.3567398118,471638414069.6801,MLB,MLB,regression_tree
MLB,Jon Gray,2015,509500,1196259.3567398118,471638414069.6801,MLB,MLB,regression_tree
MLB,Yohan Flande,2015,507500,2496038.3161764704,3954284634901.952,MLB,MLB,regression_tree
MLB,Eddie Butler,2015,507500,1196259.3567398118,474389451496.6394,MLB,MLB,regression_tree
MLB,David Hale,2015,507500,1196259.3567398118,474389451496.6394,MLB,MLB,regression_tree
MLB,Jordan Zimmermann,2015,22000000,7599250.804347826,207381577396076.72,MLB,MLB,regression_tree
MLB,Mike Pelfrey,2015,8000000,6938325.923611111,1127151844476.2004,MLB,MLB,regression_tree
MLB,Shane Greene,2015,517000,1196259.3567398118,461393273718.58295,MLB,MLB,regression_tree
MLB,Daniel Norris,2015,514500,1196259.3567398118,464795820502.28204,MLB,MLB,regression_tree
MLB,Matthew Boyd,2015,507500,1196259.3567398118,474389451496.6394,MLB,MLB,regression_tree
MLB,Dallas Keuchel,2015,7250000,10030874.5,7733262984750.25,MLB,MLB,regression_tree
MLB,Doug Fister,2015,7000000,3534554.007518797,12009315926804.03,MLB,MLB,regression_tree
MLB,Collin McHugh,2015,529000,7599250.804347826,49988446436381.086,MLB,MLB,regression_tree
MLB,Dan Straily,2015,512100,1196259.3567398118,468074025414.6331,MLB,MLB,regression_tree
MLB,Brad Peacock,2015,507500,1196259.3567398118,474389451496.6394,MLB,MLB,regression_tree
MLB,Ian Kennedy,2015,14000000,6938325.923611111,49867240761142.87,MLB,MLB,regression_tree
MLB,Chris Young,2015,5750000,7599250.804347826,3419728537381.082,MLB,MLB,regression_tree
MLB,Danny Duffy,2015,4225000,1196259.3567398118,9173269884136.14,MLB,MLB,regression_tree
MLB,Dillon Gee,2015,2000000,2496038.3161764704,246054011115.188,MLB,MLB,regression_tree
MLB,Garrett Richards,2015,6425000,3973936.4208333334,6007712669117.311,MLB,MLB,regression_tree
MLB,Héctor Santiago,2015,5000000,3973936.4208333334,1052806468492.3103,MLB,MLB,regression_tree
MLB,Tim Lincecum,2015,2500000,6938325.923611111,19698737004198.42,MLB,MLB,regression_tree
MLB,Matt Shoemaker,2015,530000,6938325.923611111,41066641143226.195,MLB,MLB,regression_tree
MLB,Andrew Heaney,2015,515000,1196259.3567398118,464114311145.5422,MLB,MLB,regression_tree
MLB,Nick Tropeano,2015,507500,1196259.3567398118,474389451496.6394,MLB,MLB,regression_tree
MLB,Scott Kazmir,2015,16000000,6938325.923611111,82113937066698.4,MLB,MLB,regression_tree
MLB,Brett Anderson,2015,15800000,3973936.4208333334,139855779778492.28,MLB,MLB,regression_tree
MLB,Brandon Beachy,2015,1500000,2496038.3161764704,992092327291.6583,MLB,MLB,regression_tree
MLB,Joe Wieland,2015,590000,1196259.3567398118,367550407634.57043,MLB,MLB,regression_tree
MLB,Alex Wood,2015,530000,3973936.4208333334,11860698070742.31,MLB,MLB,regression_tree
MLB,Carlos Frías,2015,517500,1196259.3567398118,460714264361.84314,MLB,MLB,regression_tree
MLB,Mike Bolsinger,2015,515000,1196259.3567398118,464114311145.5422,MLB,MLB,regression_tree
MLB,Zach Lee,2015,507500,1196259.3567398118,474389451496.6394,MLB,MLB,regression_tree
MLB,Wei-Yin Chen,2015,16000000,7599250.804347826,70572587048250.64,MLB,MLB,regression_tree
MLB,Tom Koehler,2015,3500000,7599250.804347826,16803857156946.3,MLB,MLB,regression_tree
MLB,José Fernández,2015,2800000,1196259.3567398118,2571984050844.602,MLB,MLB,regression_tree
MLB,David Phelps,2015,2500000,3534554.007518797,1070301994473.2035,MLB,MLB,regression_tree
MLB,Jarred Cosart,2015,550000,1196259.3567398118,417651156173.7554,MLB,MLB,regression_tree
MLB,Adam Conley,2015,512500,1196259.3567398118,467526857929.2413,MLB,MLB,regression_tree
MLB,Jeremy Guthrie,2015,507500,2496038.3161764704,3954284634901.952,MLB,MLB,regression_tree
MLB,Justin Nicolino,2015,507500,1196259.3567398118,474389451496.6394,MLB,MLB,regression_tree
MLB,Wily Peralta,2015,2800000,1196259.3567398118,2571984050844.602,MLB,MLB,regression_tree
MLB,Jimmy Nelson,2015,522300,3973936.4208333334,11913793981623.145,MLB,MLB,regression_tree
MLB,Chase Anderson,2015,520200,1196259.3567398118,457056253835.4482,MLB,MLB,regression_tree
MLB,Taylor Jungmann,2015,518500,1196259.3567398118,459357745648.3635,MLB,MLB,regression_tree
MLB,Tyler Cravy,2015,510600,1196259.3567398118,470128753484.85254,MLB,MLB,regression_tree
MLB,Ariel Peña,2015,510100,1196259.3567398118,470814662841.59235,MLB,MLB,regression_tree
MLB,Zach Davies,2015,507500,1196259.3567398118,474389451496.6394,MLB,MLB,regression_tree
MLB,Tommy Milone,2015,4500000,6938325.923611111,5945433309753.978,MLB,MLB,regression_tree
MLB,Kyle Gibson,2015,587500,3973936.4208333334,11467951632346.477,MLB,MLB,regression_tree
MLB,Tyler Duffey,2015,507500,1196259.3567398118,474389451496.6394,MLB,MLB,regression_tree
MLB,Bartolo Colon,2015,7250000,7599250.804347826,121976124337.60355,MLB,MLB,regression_tree
MLB,Matt Harvey,2015,4325000,3973936.4208333334,123245636617.3104,MLB,MLB,regression_tree
MLB,Jacob deGrom,2015,607000,3973936.4208333334,11336260861933.977,MLB,MLB,regression_tree
MLB,Noah Syndergaard,2015,535375,1196259.3567398118,436768132983.3949,MLB,MLB,regression_tree
MLB,Steven Matz,2015,515750,1196259.3567398118,463092984610.4325,MLB,MLB,regression_tree
MLB,Nathan Eovaldi,2015,5600000,1196259.3567398118,19392931653101.656,MLB,MLB,regression_tree
MLB,Michael Pineda,2015,4300000,1196259.3567398118,9633205980625.168,MLB,MLB,regression_tree
MLB,Iván Nova,2015,4100000,2496038.3161764704,2572693083174.012,MLB,MLB,regression_tree
MLB,Luis Severino,2015,521300,1196259.3567398118,455570133250.62054,MLB,MLB,regression_tree
MLB,Jeremy Hellickson,2015,7000000,6938325.923611111,3803691698.422515,MLB,MLB,regression_tree
MLB,Brett Oberholtzer,2015,518000,1196259.3567398118,460035755005.10333,MLB,MLB,regression_tree
MLB,Aaron Nola,2015,517500,1196259.3567398118,460714264361.84314,MLB,MLB,regression_tree
MLB,Jerad Eickhoff,2015,516000,1196259.3567398118,462752792432.06256,MLB,MLB,regression_tree
MLB,Alec Asher,2015,507500,1196259.3567398118,474389451496.6394,MLB,MLB,regression_tree
MLB,Severino González,2015,507500,1196259.3567398118,474389451496.6394,MLB,MLB,regression_tree
MLB,Adam Morgan,2015,507500,1196259.3567398118,474389451496.6394,MLB,MLB,regression_tree
MLB,Jeff Locke,2015,3025000,1196259.3567398118,3344292340311.687,MLB,MLB,regression_tree
MLB,Ryan Vogelsong,2015,2000000,2496038.3161764704,246054011115.188,MLB,MLB,regression_tree
MLB,Gerrit Cole,2015,548000,3973936.4208333334,11737040359592.31,MLB,MLB,regression_tree
MLB,Kyle Lobstein,2015,520000,1196259.3567398118,457326717578.1441,MLB,MLB,regression_tree
MLB,Tyson Ross,2015,9625000,12398073.776699029,7689938171015.815,MLB,MLB,regression_tree
MLB,Andrew Cashner,2015,7150000,6938325.923611111,44805914615.08921,MLB,MLB,regression_tree
MLB,Jeremy Guthrie,2015,1250000,2496038.3161764704,1552611485379.8936,MLB,MLB,regression_tree
MLB,Robbie Erlin,2015,516400,1196259.3567398118,462208744946.6707,MLB,MLB,regression_tree
MLB,Colin Rea,2015,510200,1196259.3567398118,470677440970.2444,MLB,MLB,regression_tree
MLB,Brandon Morrow,2015,507500,3534554.007518797,9163055964435.61,MLB,MLB,regression_tree
MLB,Casey Kelly,2015,507500,1196259.3567398118,474389451496.6394,MLB,MLB,regression_tree
MLB,Hisashi Iwakuma,2015,12000000,6938325.923611111,25620544455587.312,MLB,MLB,regression_tree
MLB,Taijuan Walker,2015,528600,1196259.3567398118,445769016642.2193,MLB,MLB,regression_tree
MLB,Nate Karns,2015,523700,1196259.3567398118,452336088338.2695,MLB,MLB,regression_tree
MLB,Mike Montgomery,2015,515000,1196259.3567398118,464114311145.5422,MLB,MLB,regression_tree
MLB,Donn Roach,2015,507500,1196259.3567398118,474389451496.6394,MLB,MLB,regression_tree
MLB,James Paxton,2015,507500,1196259.3567398118,474389451496.6394,MLB,MLB,regression_tree
MLB,Johnny Cueto,2015,21666667,7599250.804347826,197892198421697.1,MLB,MLB,regression_tree
MLB,Jeff Samardzija,2015,18000000,7599250.804347826,108175583830859.34,MLB,MLB,regression_tree
MLB,Chris Heston,2015,530000,3973936.4208333334,11860698070742.31,MLB,MLB,regression_tree
MLB,Mike Leake,2015,16000000,3973936.4208333334,144626205210158.97,MLB,MLB,regression_tree
MLB,Carlos Martínez,2015,539000,3973936.4208333334,11798788215167.31,MLB,MLB,regression_tree
MLB,Michael Wacha,2015,539000,3973936.4208333334,11798788215167.31,MLB,MLB,regression_tree
MLB,Jerome Williams,2015,507500,2496038.3161764704,3954284634901.952,MLB,MLB,regression_tree
MLB,Drew Smyly,2015,3750000,1196259.3567398118,6521591273038.961,MLB,MLB,regression_tree
MLB,Erasmo Ramírez,2015,2375000,1196259.3567398118,1389429504073.4421,MLB,MLB,regression_tree
MLB,Chase Whitley,2015,524525,1196259.3567398118,451227046024.6488,MLB,MLB,regression_tree
MLB,Jake Odorizzi,2015,520700,1196259.3567398118,456380444478.7084,MLB,MLB,regression_tree
MLB,Colby Lewis,2015,6000000,7599250.804347826,2557603135207.169,MLB,MLB,regression_tree
MLB,Nick Martinez,2015,519190,1196259.3567398118,458422913836.06256,MLB,MLB,regression_tree
MLB,Anthony Ranaudo,2015,509500,1196259.3567398118,471638414069.6801,MLB,MLB,regression_tree
MLB,Chi Chi González,2015,509500,1196259.3567398118,471638414069.6801,MLB,MLB,regression_tree
MLB,Kyle Lohse,2015,507500,2496038.3161764704,3954284634901.952,MLB,MLB,regression_tree
MLB,J.A. Happ,2015,12000000,12398073.776699029,158462731695.42834,MLB,MLB,regression_tree
MLB,Marco Estrada,2015,13000000,7599250.804347826,29168091874337.6,MLB,MLB,regression_tree
MLB,Jesse Chavez,2015,4000000,6938325.923611111,8633759233365.089,MLB,MLB,regression_tree
MLB,Drew Hutchison,2015,2200000,1196259.3567398118,1007495278932.3763,MLB,MLB,regression_tree
MLB,Marcus Stroman,2015,515900,1196259.3567398118,462888854303.4105,MLB,MLB,regression_tree
MLB,Stephen Strasburg,2015,10400000,1196259.3567398118,84708841828399.47,MLB,MLB,regression_tree
MLB,Joe Ross,2015,514400,1196259.3567398118,464932182373.63,MLB,MLB,regression_tree
MLB,Mat Latos,2015,507500,1196259.3567398118,474389451496.6394,MLB,MLB,regression_tree
MLB,Shelby Miller,2016,4700000,1196259.3567398118,12276198495233.318,MLB,MLB,regression_tree
MLB,Patrick Corbin,2016,3950000,1196259.3567398118,7583087530343.036,MLB,MLB,regression_tree
MLB,Taijuan Walker,2016,2250000,1196259.3567398118,1110369343258.3953,MLB,MLB,regression_tree
MLB,Jorge De La Rosa,2016,2250000,2496038.3161764704,60534853026.952805,MLB,MLB,regression_tree
MLB,Robbie Ray,2016,570400,3973936.4208333334,11584060167938.977,MLB,MLB,regression_tree
MLB,Archie Bradley,2016,544100,1196259.3567398118,425311826583.28516,MLB,MLB,regression_tree
MLB,Braden Shipley,2016,535000,1196259.3567398118,437263936875.9497,MLB,MLB,regression_tree
MLB,Jake Buchanan,2016,535000,1196259.3567398118,437263936875.9497,MLB,MLB,regression_tree
MLB,Sonny Gray,2016,3575000,1196259.3567398118,5658407047897.895,MLB,MLB,regression_tree
MLB,Kendall Graveman,2016,545000,3973936.4208333334,11757604978117.31,MLB,MLB,regression_tree
MLB,Chris Bassitt,2016,540000,1196259.3567398118,430676343308.55164,MLB,MLB,regression_tree
MLB,Daniel Mengden,2016,537500,1196259.3567398118,433963890092.2507,MLB,MLB,regression_tree
MLB,Sean Manaea,2016,537500,1196259.3567398118,433963890092.2507,MLB,MLB,regression_tree
MLB,Jharel Cotton,2016,535000,1196259.3567398118,437263936875.9497,MLB,MLB,regression_tree
MLB,Raúl Alcantara,2016,535000,1196259.3567398118,437263936875.9497,MLB,MLB,regression_tree
MLB,Jesse Hahn,2016,535000,1196259.3567398118,437263936875.9497,MLB,MLB,regression_tree
MLB,R.A. Dickey,2016,8000000,7599250.804347826,160599917815.8643,MLB,MLB,regression_tree
MLB,John Danks,2016,1500000,2496038.3161764704,992092327291.6583,MLB,MLB,regression_tree
MLB,Kris Medlen,2016,1000000,2496038.3161764704,2238130643468.129,MLB,MLB,regression_tree
MLB,Mike Foltynewicz,2016,544000,1196259.3567398118,425442268454.6331,MLB,MLB,regression_tree
MLB,Matt Wisler,2016,535000,1196259.3567398118,437263936875.9497,MLB,MLB,regression_tree
MLB,Aaron Blair,2016,535000,1196259.3567398118,437263936875.9497,MLB,MLB,regression_tree
MLB,Chris Tillman,2016,10050000,7599250.804347826,6006171619989.777,MLB,MLB,regression_tree
MLB,Kevin Gausman,2016,3450000,3973936.4208333334,274509373075.64383,MLB,MLB,regression_tree
MLB,Tyler Wilson,2016,545000,1196259.3567398118,424138749741.1535,MLB,MLB,regression_tree
MLB,Alec Asher,2016,535000,1196259.3567398118,437263936875.9497,MLB,MLB,regression_tree
MLB,Drew Pomeranz,2016,4450000,1196259.3567398118,10586828173603.225,MLB,MLB,regression_tree
MLB,Steven Wright,2016,593500,7599250.804347826,49080544332620.21,MLB,MLB,regression_tree
MLB,Eduardo Rodríguez,2016,584500,1196259.3567398118,374249510558.7084,MLB,MLB,regression_tree
MLB,Jake Arrieta,2016,15637500,12398073.776699029,10493882256209.992,MLB,MLB,regression_tree
MLB,Kyle Hendricks,2016,760500,3973936.4208333334,10326173630738.145,MLB,MLB,regression_tree
MLB,Eddie Butler,2016,535000,1196259.3567398118,437263936875.9497,MLB,MLB,regression_tree
MLB,Miguel González,2016,5900000,3534554.007518797,5595334743345.383,MLB,MLB,regression_tree
MLB,Carlos Rodón,2016,600000,1196259.3567398118,355525220499.7742,MLB,MLB,regression_tree
MLB,Lucas Giolito,2016,535000,1196259.3567398118,437263936875.9497,MLB,MLB,regression_tree
MLB,Mike Pelfrey,2016,535000,2496038.3161764704,3845671277512.246,MLB,MLB,regression_tree
MLB,Reynaldo López,2016,535000,1196259.3567398118,437263936875.9497,MLB,MLB,regression_tree
MLB,Anthony DeSclafani,2016,585000,1196259.3567398118,373638001201.96857,MLB,MLB,regression_tree
MLB,Brandon Finnegan,2016,567000,3973936.4208333334,11607215775600.645,MLB,MLB,regression_tree
MLB,Cody Reed,2016,537000,1196259.3567398118,434622899448.9905,MLB,MLB,regression_tree
MLB,Robert Stephenson,2016,535000,1196259.3567398118,437263936875.9497,MLB,MLB,regression_tree
MLB,Tim Adleman,2016,535000,3534554.007518797,8997324244022.076,MLB,MLB,regression_tree
MLB,Trevor Bauer,2016,3550000,3973936.4208333334,179722088908.97714,MLB,MLB,regression_tree
MLB,Danny Salazar,2016,3400000,1196259.3567398118,4856472822756.829,MLB,MLB,regression_tree
MLB,Mike Clevinger,2016,535000,1196259.3567398118,437263936875.9497,MLB,MLB,regression_tree
MLB,Tyler Chatwood,2016,4400000,1196259.3567398118,10263954109277.205,MLB,MLB,regression_tree
MLB,Chad Bettis,2016,545000,3973936.4208333334,11757604978117.31,MLB,MLB,regression_tree
MLB,Jon Gray,2016,540000,1196259.3567398118,430676343308.55164,MLB,MLB,regression_tree
MLB,Tyler Anderson,2016,540000,1196259.3567398118,430676343308.55164,MLB,MLB,regression_tree
MLB,Germán Márquez,2016,537000,1196259.3567398118,434622899448.9905,MLB,MLB,regression_tree
MLB,Jeff Hoffman,2016,535000,1196259.3567398118,437263936875.9497,MLB,MLB,regression_tree
MLB,Michael Fulmer,2016,551900,1196259.3567398118,415198980618.1441,MLB,MLB,regression_tree
MLB,Daniel Norris,2016,545500,1196259.3567398118,423487740384.4137,MLB,MLB,regression_tree
MLB,Matthew Boyd,2016,544200,1196259.3567398118,425181404711.9372,MLB,MLB,regression_tree
MLB,Charlie Morton,2016,7000000,6378000,386884000000,MLB,MLB,regression_tree
MLB,Dallas Keuchel,2016,9150000,6938325.923611111,4891502220170.6455,MLB,MLB,regression_tree
MLB,Collin McHugh,2016,3850000,12398073.776699029,73069565291889.6,MLB,MLB,regression_tree
MLB,Joe Musgrove,2016,543400,1196259.3567398118,426225339682.7209,MLB,MLB,regression_tree
MLB,Brad Peacock,2016,541500,3534554.007518797,8958372291924.332,MLB,MLB,regression_tree
MLB,Danny Duffy,2016,13000000,3973936.4208333334,81469823735158.95,MLB,MLB,regression_tree
MLB,Jason Hammel,2016,8000000,12398073.776699029,19343052945287.66,MLB,MLB,regression_tree
MLB,Nate Karns,2016,571000,2496038.3161764704,3705772518747.5405,MLB,MLB,regression_tree
MLB,Garrett Richards,2016,6850000,3534554.007518797,10992182129059.668,MLB,MLB,regression_tree
MLB,Matt Shoemaker,2016,3325000,6938325.923611111,13056124230240.088,MLB,MLB,regression_tree
MLB,Bud Norris,2016,1750000,2496038.3161764704,556573169203.4232,MLB,MLB,regression_tree
MLB,Doug Fister,2016,1750000,7599250.804347826,34213734972163.69,MLB,MLB,regression_tree
MLB,Tyler Skaggs,2016,555000,1196259.3567398118,411213562606.35724,MLB,MLB,regression_tree
MLB,Andrew Heaney,2016,543000,1196259.3567398118,426747787168.11273,MLB,MLB,regression_tree
MLB,Nick Tropeano,2016,542500,1196259.3567398118,427401296524.85254,MLB,MLB,regression_tree
MLB,Alex Meyer,2016,535000,1196259.3567398118,437263936875.9497,MLB,MLB,regression_tree
MLB,Daniel Wright,2016,535000,1196259.3567398118,437263936875.9497,MLB,MLB,regression_tree
MLB,Rich Hill,2016,16000000,12398073.776699029,12973872518103.197,MLB,MLB,regression_tree
MLB,Alex Wood,2016,2800000,1196259.3567398118,2571984050844.602,MLB,MLB,regression_tree
MLB,Ross Stripling,2016,540000,1196259.3567398118,430676343308.55164,MLB,MLB,regression_tree
MLB,Julio Urías,2016,540000,1196259.3567398118,430676343308.55164,MLB,MLB,regression_tree
MLB,Brock Stewart,2016,537500,1196259.3567398118,433963890092.2507,MLB,MLB,regression_tree
MLB,Edinson Vólquez,2016,11000000,7599250.804347826,11565095091728.908,MLB,MLB,regression_tree
MLB,Tom Koehler,2016,5750000,6938325.923611111,1412118500726.2,MLB,MLB,regression_tree
MLB,Jeff Locke,2016,3000000,2496038.3161764704,253977378762.24725,MLB,MLB,regression_tree
MLB,Dan Straily,2016,552100,3973936.4208333334,11708964490941.477,MLB,MLB,regression_tree
MLB,Adam Conley,2016,537500,1196259.3567398118,433963890092.2507,MLB,MLB,regression_tree
MLB,Justin Nicolino,2016,535000,1196259.3567398118,437263936875.9497,MLB,MLB,regression_tree
MLB,Wily Peralta,2016,4275000,1196259.3567398118,9478643948462.158,MLB,MLB,regression_tree
MLB,Chase Anderson,2016,2450000,6938325.923611111,20145069596559.53,MLB,MLB,regression_tree
MLB,Tommy Milone,2016,1250000,2496038.3161764704,1552611485379.8936,MLB,MLB,regression_tree
MLB,Jimmy Nelson,2016,547000,3973936.4208333334,11743893232433.977,MLB,MLB,regression_tree
MLB,Junior Guerra,2016,546200,6938325.923611111,40859273823301.195,MLB,MLB,regression_tree
MLB,Zach Davies,2016,546200,1196259.3567398118,422577167284.97797,MLB,MLB,regression_tree
MLB,Taylor Jungmann,2016,537600,1196259.3567398118,433832148220.9027,MLB,MLB,regression_tree
MLB,Héctor Santiago,2016,8000000,7599250.804347826,160599917815.8643,MLB,MLB,regression_tree
MLB,Kyle Gibson,2016,2900000,2496038.3161764704,163185041997.54132,MLB,MLB,regression_tree
MLB,Nick Tepesch,2016,1000000,1196259.3567398118,38517735107.92472,MLB,MLB,regression_tree
MLB,Tyler Duffey,2016,542500,1196259.3567398118,427401296524.85254,MLB,MLB,regression_tree
MLB,Tim Melville,2016,535000,1196259.3567398118,437263936875.9497,MLB,MLB,regression_tree
MLB,Bartolo Colon,2016,535000,7599250.804347826,49903639426728.91,MLB,MLB,regression_tree
MLB,José Berríos,2016,535000,1196259.3567398118,437263936875.9497,MLB,MLB,regression_tree
MLB,Matt Harvey,2016,5125000,1196259.3567398118,15435003042004.479,MLB,MLB,regression_tree
MLB,Jacob deGrom,2016,4050000,6938325.923611111,8342426641003.978,MLB,MLB,regression_tree
MLB,Noah Syndergaard,2016,605500,3973936.4208333334,11346363921196.477,MLB,MLB,regression_tree
MLB,Steven Matz,2016,562250,1196259.3567398118,401967864433.63,MLB,MLB,regression_tree
MLB,Robert Gsellman,2016,541750,1196259.3567398118,428382498059.9623,MLB,MLB,regression_tree
MLB,Michael Pineda,2016,7400000,3973936.4208333334,11737911648492.31,MLB,MLB,regression_tree
MLB,Luis Severino,2016,550975,1196259.3567398118,416391901053.11273,MLB,MLB,regression_tree
MLB,Bryan Mitchell,2016,550625,1196259.3567398118,416843722602.8306,MLB,MLB,regression_tree
MLB,Chad Green,2016,535000,1196259.3567398118,437263936875.9497,MLB,MLB,regression_tree
MLB,Luis Cessa,2016,535000,1196259.3567398118,437263936875.9497,MLB,MLB,regression_tree
MLB,Jeremy Hellickson,2016,17200000,7599250.804347826,92174385117815.86,MLB,MLB,regression_tree
MLB,Jerad Eickhoff,2016,552000,3973936.4208333334,11709648868225.645,MLB,MLB,regression_tree
MLB,Vince Velasquez,2016,547000,1196259.3567398118,421537712314.1942,MLB,MLB,regression_tree
MLB,Aaron Nola,2016,544000,1196259.3567398118,425442268454.6331,MLB,MLB,regression_tree
MLB,Adam Morgan,2016,539000,1196259.3567398118,431989862022.03125,MLB,MLB,regression_tree
MLB,Zach Eflin,2016,537000,1196259.3567398118,434622899448.9905,MLB,MLB,regression_tree
MLB,Jake Thompson,2016,535000,1196259.3567398118,437263936875.9497,MLB,MLB,regression_tree
MLB,Iván Nova,2016,8666667,7599250.804347826,1139377334740.5598,MLB,MLB,regression_tree
MLB,Gerrit Cole,2016,3750000,1196259.3567398118,6521591273038.961,MLB,MLB,regression_tree
MLB,Jameson Taillon,2016,555500,1196259.3567398118,410572553249.61743,MLB,MLB,regression_tree
MLB,Chad Kuhl,2016,550000,1196259.3567398118,417651156173.7554,MLB,MLB,regression_tree
MLB,Tyler Glasnow,2016,541000,1196259.3567398118,429364824595.07196,MLB,MLB,regression_tree
MLB,Steven Brault,2016,535000,1196259.3567398118,437263936875.9497,MLB,MLB,regression_tree
MLB,Christian Friedrich,2016,1790000,2496038.3161764704,498490103909.30554,MLB,MLB,regression_tree
MLB,Jhoulys Chacín,2016,1750000,2496038.3161764704,556573169203.4232,MLB,MLB,regression_tree
MLB,Jarred Cosart,2016,566300,1196259.3567398118,396848791144.03754,MLB,MLB,regression_tree
MLB,Colin Rea,2016,545800,1196259.3567398118,423097374770.3698,MLB,MLB,regression_tree
MLB,Robbie Erlin,2016,545500,1196259.3567398118,423487740384.4137,MLB,MLB,regression_tree
MLB,Luis Perdomo,2016,544300,1196259.3567398118,425051002840.58923,MLB,MLB,regression_tree
MLB,Jake Esch,2016,535000,1196259.3567398118,437263936875.9497,MLB,MLB,regression_tree
MLB,Drew Smyly,2016,6850000,3973936.4208333334,8271741711408.977,MLB,MLB,regression_tree
MLB,James Paxton,2016,2350000,1196259.3567398118,1331117471910.4329,MLB,MLB,regression_tree
MLB,Aríel Miranda,2016,540500,1196259.3567398118,430020333951.81177,MLB,MLB,regression_tree
MLB,Rob Whalen,2016,537500,1196259.3567398118,433963890092.2507,MLB,MLB,regression_tree
MLB,Dillon Overton,2016,536600,1196259.3567398118,435150466934.3823,MLB,MLB,regression_tree
MLB,Ty Blach,2016,536500,1196259.3567398118,435282408805.7303,MLB,MLB,regression_tree
MLB,Albert Suárez,2016,535000,1196259.3567398118,437263936875.9497,MLB,MLB,regression_tree
MLB,Carlos Martínez,2016,10200000,3973936.4208333334,38763867691825.64,MLB,MLB,regression_tree
MLB,Michael Wacha,2016,2775000,1196259.3567398118,2492422018681.593,MLB,MLB,regression_tree
MLB,Luke Weaver,2016,535000,1196259.3567398118,437263936875.9497,MLB,MLB,regression_tree
MLB,Alex Cobb,2016,4200000,2496038.3161764704,2903485419938.7183,MLB,MLB,regression_tree
MLB,Jake Odorizzi,2016,4100000,3973936.4208333334,15892025992.31042,MLB,MLB,regression_tree
MLB,Nathan Eovaldi,2016,2000000,1196259.3567398118,645999021628.301,MLB,MLB,regression_tree
MLB,Blake Snell,2016,545000,1196259.3567398118,424138749741.1535,MLB,MLB,regression_tree
MLB,José De León,2016,535600,1196259.3567398118,436470785647.86194,MLB,MLB,regression_tree
MLB,Matt Andriese,2016,535000,1196259.3567398118,437263936875.9497,MLB,MLB,regression_tree
MLB,Andrew Cashner,2016,10000000,2496038.3161764704,56309440952291.664,MLB,MLB,regression_tree
MLB,A.J. Griffin,2016,2000000,2496038.3161764704,246054011115.188,MLB,MLB,regression_tree
MLB,Chi Chi González,2016,537000,1196259.3567398118,434622899448.9905,MLB,MLB,regression_tree
MLB,Marcus Stroman,2016,3400000,3973936.4208333334,329403015158.9772,MLB,MLB,regression_tree
MLB,Mat Latos,2016,1500000,2496038.3161764704,992092327291.6583,MLB,MLB,regression_tree
MLB,Mike Bolsinger,2016,545700,2496038.3161764704,3803819547546.07,MLB,MLB,regression_tree
MLB,Brett Anderson,2016,535000,2496038.3161764704,3845671277512.246,MLB,MLB,regression_tree
MLB,Lucas Harrell,2016,535000,3534554.007518797,8997324244022.076,MLB,MLB,regression_tree
MLB,Aaron Sanchez,2016,535000,3973936.4208333334,11826283706533.977,MLB,MLB,regression_tree
MLB,Stephen Strasburg,2016,25000000,1196259.3567398118,566618068611597,MLB,MLB,regression_tree
MLB,Tanner Roark,2016,4315000,7599250.804347826,10786303345859.344,MLB,MLB,regression_tree
MLB,Edwin Jackson,2016,1000000,2496038.3161764704,2238130643468.129,MLB,MLB,regression_tree
MLB,Joe Ross,2016,551000,1196259.3567398118,416359637460.27576,MLB,MLB,regression_tree
MLB,A.J. Cole,2016,535000,1196259.3567398118,437263936875.9497,MLB,MLB,regression_tree
MLB,Patrick Corbin,2017,7500000,3973936.4208333334,12433124364325.643,MLB,MLB,regression_tree
MLB,Shelby Miller,2017,4900000,1196259.3567398118,13717694752537.395,MLB,MLB,regression_tree
MLB,Taijuan Walker,2017,4825000,1196259.3567398118,13167758656048.365,MLB,MLB,regression_tree
MLB,Robbie Ray,2017,3950000,1196259.3567398118,7583087530343.036,MLB,MLB,regression_tree
MLB,Clay Buchholz,2017,1500000,2496038.3161764704,992092327291.6583,MLB,MLB,regression_tree
MLB,Zack Godley,2017,579200,1196259.3567398118,380762249740.1504,MLB,MLB,regression_tree
MLB,Brett Anderson,2017,4000000,2496038.3161764704,2261900746409.3066,MLB,MLB,regression_tree
MLB,Kendall Graveman,2017,2360000,1196259.3567398118,1354292284775.6365,MLB,MLB,regression_tree
MLB,Trevor Cahill,2017,1500000,2496038.3161764704,992092327291.6583,MLB,MLB,regression_tree
MLB,Edwin Jackson,2017,1500000,2496038.3161764704,992092327291.6583,MLB,MLB,regression_tree
MLB,Jharel Cotton,2017,550000,1196259.3567398118,417651156173.7554,MLB,MLB,regression_tree
MLB,Sean Manaea,2017,550000,1196259.3567398118,417651156173.7554,MLB,MLB,regression_tree
MLB,Andrew Triggs,2017,550000,3534554.007518797,8907562623796.512,MLB,MLB,regression_tree
MLB,Paul Blackburn,2017,547500,1196259.3567398118,420888702957.4544,MLB,MLB,regression_tree
MLB,Daniel Gossett,2017,547500,1196259.3567398118,420888702957.4544,MLB,MLB,regression_tree
MLB,Daniel Mengden,2017,547500,1196259.3567398118,420888702957.4544,MLB,MLB,regression_tree
MLB,Mike Foltynewicz,2017,2200000,1196259.3567398118,1007495278932.3763,MLB,MLB,regression_tree
MLB,Aníbal Sánchez,2017,1000000,2496038.3161764704,2238130643468.129,MLB,MLB,regression_tree
MLB,Luiz Gohara,2017,555000,1196259.3567398118,411213562606.35724,MLB,MLB,regression_tree
MLB,Sean Newcomb,2017,555000,1196259.3567398118,411213562606.35724,MLB,MLB,regression_tree
MLB,Lucas Sims,2017,545000,1196259.3567398118,424138749741.1535,MLB,MLB,regression_tree
MLB,Alex Cobb,2017,14250000,7599250.804347826,44232464863468.04,MLB,MLB,regression_tree
MLB,Andrew Cashner,2017,8000000,7599250.804347826,160599917815.8643,MLB,MLB,regression_tree
MLB,Kevin Gausman,2017,5600000,3973936.4208333334,2644082763492.31,MLB,MLB,regression_tree
MLB,Dylan Bundy,2017,1640000,1196259.3567398118,196905758480.96558,MLB,MLB,regression_tree
MLB,Drew Pomeranz,2017,8500000,12398073.776699029,15194979168588.63,MLB,MLB,regression_tree
MLB,Eduardo Rodríguez,2017,2375000,1196259.3567398118,1389429504073.4421,MLB,MLB,regression_tree
MLB,Steven Wright,2017,1100000,2496038.3161764704,1948922980232.8347,MLB,MLB,regression_tree
MLB,Brian Johnson,2017,548000,1196259.3567398118,420240193600.7146,MLB,MLB,regression_tree
MLB,Yu Darvish,2017,21000000,12398073.776699029,73993134751112.9,MLB,MLB,regression_tree
MLB,Tyler Chatwood,2017,12666667,1196259.3567398118,131570251502561.75,MLB,MLB,regression_tree
MLB,Kyle Hendricks,2017,4175000,1196259.3567398118,8872895819810.121,MLB,MLB,regression_tree
MLB,Eddie Butler,2017,570750,1196259.3567398118,391261955369.05316,MLB,MLB,regression_tree
MLB,Jaime García,2017,545000,3534554.007518797,8937433163871.701,MLB,MLB,regression_tree
MLB,Jen-Ho Tseng,2017,545000,1196259.3567398118,424138749741.1535,MLB,MLB,regression_tree
MLB,Miguel González,2017,4750000,6938325.923611111,4788770347948.422,MLB,MLB,regression_tree
MLB,Carlos Rodón,2017,2300000,1196259.3567398118,1218243407584.414,MLB,MLB,regression_tree
MLB,Héctor Santiago,2017,2000000,2496038.3161764704,246054011115.188,MLB,MLB,regression_tree
MLB,Lucas Giolito,2017,555000,1196259.3567398118,411213562606.35724,MLB,MLB,regression_tree
MLB,Reynaldo López,2017,555000,1196259.3567398118,411213562606.35724,MLB,MLB,regression_tree
MLB,Carson Fulmer,2017,552000,1196259.3567398118,415070118746.79614,MLB,MLB,regression_tree
MLB,Dylan Covey,2017,545000,1196259.3567398118,424138749741.1535,MLB,MLB,regression_tree
MLB,Tyler Danish,2017,545000,1196259.3567398118,424138749741.1535,MLB,MLB,regression_tree
MLB,Vance Worley,2017,1500000,2496038.3161764704,992092327291.6583,MLB,MLB,regression_tree
MLB,Brandon Finnegan,2017,577500,1196259.3567398118,382863141553.06573,MLB,MLB,regression_tree
MLB,Luis Castillo,2017,555000,1196259.3567398118,411213562606.35724,MLB,MLB,regression_tree
MLB,Rookie Davis,2017,545000,1196259.3567398118,424138749741.1535,MLB,MLB,regression_tree
MLB,Jackson Stephens,2017,545000,1196259.3567398118,424138749741.1535,MLB,MLB,regression_tree
MLB,Amir Garrett,2017,545000,1196259.3567398118,424138749741.1535,MLB,MLB,regression_tree
MLB,Sal Romano,2017,545000,1196259.3567398118,424138749741.1535,MLB,MLB,regression_tree
MLB,Tyler Mahle,2017,545000,1196259.3567398118,424138749741.1535,MLB,MLB,regression_tree
MLB,Trevor Bauer,2017,6525000,3973936.4208333334,6507925384950.644,MLB,MLB,regression_tree
MLB,Danny Salazar,2017,5000000,1196259.3567398118,14468442881189.432,MLB,MLB,regression_tree
MLB,Adam Wilk,2017,560000,2496038.3161764704,3748244361703.423,MLB,MLB,regression_tree
MLB,Mike Clevinger,2017,558500,1196259.3567398118,406736997109.1786,MLB,MLB,regression_tree
MLB,Ryan Merritt,2017,545800,1196259.3567398118,423097374770.3698,MLB,MLB,regression_tree
MLB,Chad Bettis,2017,2000000,2496038.3161764704,246054011115.188,MLB,MLB,regression_tree
MLB,Jon Gray,2017,555000,1196259.3567398118,411213562606.35724,MLB,MLB,regression_tree
MLB,Tyler Anderson,2017,555000,1196259.3567398118,411213562606.35724,MLB,MLB,regression_tree
MLB,Kyle Freeland,2017,550000,1196259.3567398118,417651156173.7554,MLB,MLB,regression_tree
MLB,Germán Márquez,2017,550000,1196259.3567398118,417651156173.7554,MLB,MLB,regression_tree
MLB,Antonio Senzatela,2017,545000,1196259.3567398118,424138749741.1535,MLB,MLB,regression_tree
MLB,Jeff Hoffman,2017,545000,1196259.3567398118,424138749741.1535,MLB,MLB,regression_tree
MLB,Michael Fulmer,2017,575200,1196259.3567398118,385714724594.06885,MLB,MLB,regression_tree
MLB,Matthew Boyd,2017,562000,1196259.3567398118,402284931611.9999,MLB,MLB,regression_tree
MLB,Daniel Norris,2017,561400,1196259.3567398118,403046402840.08765,MLB,MLB,regression_tree
MLB,Buck Farmer,2017,554800,1196259.3567398118,411470106349.05316,MLB,MLB,regression_tree
MLB,Dallas Keuchel,2017,13200000,12398073.776699029,643085667617.7589,MLB,MLB,regression_tree
MLB,Collin McHugh,2017,5000000,3534554.007518797,2147531956879.2175,MLB,MLB,regression_tree
MLB,Brad Peacock,2017,2440000,12398073.776699029,99163233342180.86,MLB,MLB,regression_tree
MLB,David Paulino,2017,545000,1196259.3567398118,424138749741.1535,MLB,MLB,regression_tree
MLB,Nate Karns,2017,1375000,6378000,25030009000000,MLB,MLB,regression_tree
MLB,Jesse Hahn,2017,574000,1196259.3567398118,387206707050.2444,MLB,MLB,regression_tree
MLB,Eric Skoglund,2017,545000,1196259.3567398118,424138749741.1535,MLB,MLB,regression_tree
MLB,Sam Gaviglio,2017,545000,1196259.3567398118,424138749741.1535,MLB,MLB,regression_tree
MLB,Garrett Richards,2017,7300000,3534554.007518797,14178583522292.75,MLB,MLB,regression_tree
MLB,Matt Shoemaker,2017,4125000,6938325.923611111,7914802752462.311,MLB,MLB,regression_tree
MLB,JC Ramírez,2017,1900000,7599250.804347826,32481459730859.344,MLB,MLB,regression_tree
MLB,Tyler Skaggs,2017,1875000,1196259.3567398118,460688860813.254,MLB,MLB,regression_tree
MLB,Andrew Heaney,2017,800000,1196259.3567398118,157021477803.84946,MLB,MLB,regression_tree
MLB,Alex Meyer,2017,551500,1196259.3567398118,415714628103.53595,MLB,MLB,regression_tree
MLB,Parker Bridwell,2017,545000,1196259.3567398118,424138749741.1535,MLB,MLB,regression_tree
MLB,Alex Wood,2017,6000000,1196259.3567398118,23075924167709.81,MLB,MLB,regression_tree
MLB,Julio Urías,2017,550000,1196259.3567398118,417651156173.7554,MLB,MLB,regression_tree
MLB,Dan Straily,2017,3370000,12398073.776699029,81506116117520.67,MLB,MLB,regression_tree
MLB,José Ureña,2017,575000,1196259.3567398118,385963188336.7648,MLB,MLB,regression_tree
MLB,Adam Conley,2017,545000,1196259.3567398118,424138749741.1535,MLB,MLB,regression_tree
MLB,Dillon Peters,2017,545000,1196259.3567398118,424138749741.1535,MLB,MLB,regression_tree
MLB,Jhoulys Chacín,2017,7750000,7599250.804347826,22725319989.777386,MLB,MLB,regression_tree
MLB,Chase Anderson,2017,5875000,12398073.776699029,42550491496258.53,MLB,MLB,regression_tree
MLB,Jimmy Nelson,2017,3700000,12398073.776699029,75656487424899.31,MLB,MLB,regression_tree
MLB,Wade Miley,2017,2500000,2496038.3161764704,15694938.717616355,MLB,MLB,regression_tree
MLB,Yovani Gallardo,2017,2000000,2496038.3161764704,246054011115.188,MLB,MLB,regression_tree
MLB,Zach Davies,2017,572000,3973936.4208333334,11573171411392.31,MLB,MLB,regression_tree
MLB,Brent Suter,2017,556500,1196259.3567398118,409292034536.1378,MLB,MLB,regression_tree
MLB,Brandon Woodruff,2017,550100,1196259.3567398118,417521914302.4074,MLB,MLB,regression_tree
MLB,Junior Guerra,2017,545000,2496038.3161764704,3806550511188.717,MLB,MLB,regression_tree
MLB,Aaron Wilkerson,2017,545000,3534554.007518797,8937433163871.701,MLB,MLB,regression_tree
MLB,Lance Lynn,2017,12000000,7599250.804347826,19366593483033.254,MLB,MLB,regression_tree
MLB,Michael Pineda,2017,5000000,6938325.923611111,3757107386142.8667,MLB,MLB,regression_tree
MLB,Kyle Gibson,2017,4200000,7599250.804347826,11554906030859.344,MLB,MLB,regression_tree
MLB,Aníbal Sánchez,2017,2500000,2496038.3161764704,15694938.717616355,MLB,MLB,regression_tree
MLB,José Berríos,2017,570000,1196259.3567398118,392200781904.1629,MLB,MLB,regression_tree
MLB,Aaron Slegers,2017,545000,1196259.3567398118,424138749741.1535,MLB,MLB,regression_tree
MLB,Adalberto Mejía,2017,545000,1196259.3567398118,424138749741.1535,MLB,MLB,regression_tree
MLB,Jason Vargas,2017,8000000,7599250.804347826,160599917815.8643,MLB,MLB,regression_tree
MLB,Jacob deGrom,2017,7400000,12398073.776699029,24980741477326.496,MLB,MLB,regression_tree
MLB,Matt Harvey,2017,5625000,2496038.3161764704,9790401218835.777,MLB,MLB,regression_tree
MLB,Noah Syndergaard,2017,2975000,1196259.3567398118,3163918275985.668,MLB,MLB,regression_tree
MLB,Zack Wheeler,2017,1900000,1196259.3567398118,495250892976.2634,MLB,MLB,regression_tree
MLB,A.J. Griffin,2017,750000,2496038.3161764704,3048649801556.364,MLB,MLB,regression_tree
MLB,Steven Matz,2017,577000,1196259.3567398118,383482150909.80554,MLB,MLB,regression_tree
MLB,Seth Lugo,2017,564000,1196259.3567398118,399751894185.04065,MLB,MLB,regression_tree
MLB,Robert Gsellman,2017,562375,1196259.3567398118,401809377719.445,MLB,MLB,regression_tree
MLB,Rafael Montero,2017,558025,1196259.3567398118,407343094123.0814,MLB,MLB,regression_tree
MLB,Chris Flexen,2017,545000,1196259.3567398118,424138749741.1535,MLB,MLB,regression_tree
MLB,CC Sabathia,2017,10000000,7599250.804347826,5763596700424.56,MLB,MLB,regression_tree
MLB,Sonny Gray,2017,6500000,1196259.3567398118,28129664810969.996,MLB,MLB,regression_tree
MLB,Luis Severino,2017,604975,3973936.4208333334,11349901055063.352,MLB,MLB,regression_tree
MLB,Jordan Montgomery,2017,580450,1196259.3567398118,379221163848.30084,MLB,MLB,regression_tree
MLB,Luis Cessa,2017,568925,1196259.3567398118,393548395146.1535,MLB,MLB,regression_tree
MLB,Jake Arrieta,2017,25000000,12398073.776699029,158808544537520.7,MLB,MLB,regression_tree
MLB,Aaron Nola,2017,573000,1196259.3567398118,388452225763.724,MLB,MLB,regression_tree
MLB,Jerad Eickhoff,2017,568000,1196259.3567398118,394709819331.12213,MLB,MLB,regression_tree
MLB,Vince Velasquez,2017,559000,1196259.3567398118,406099487752.4388,MLB,MLB,regression_tree
MLB,Nick Pivetta,2017,551000,1196259.3567398118,416359637460.27576,MLB,MLB,regression_tree
MLB,Ben Lively,2017,550000,1196259.3567398118,417651156173.7554,MLB,MLB,regression_tree
MLB,Jake Thompson,2017,549000,1196259.3567398118,418944674887.235,MLB,MLB,regression_tree
MLB,Zach Eflin,2017,545000,1196259.3567398118,424138749741.1535,MLB,MLB,regression_tree
MLB,Gerrit Cole,2017,6750000,3973936.4208333334,7706528995575.644,MLB,MLB,regression_tree
MLB,Jameson Taillon,2017,571000,1196259.3567398118,390949263190.6833,MLB,MLB,regression_tree
MLB,Chad Kuhl,2017,570500,1196259.3567398118,391574772547.4231,MLB,MLB,regression_tree
MLB,Trevor Williams,2017,569500,1196259.3567398118,392827291260.9027,MLB,MLB,regression_tree
MLB,Tyler Glasnow,2017,556500,1196259.3567398118,409292034536.1378,MLB,MLB,regression_tree
MLB,Clayton Richard,2017,3000000,2496038.3161764704,253977378762.24725,MLB,MLB,regression_tree
MLB,Tyson Ross,2017,1750000,2496038.3161764704,556573169203.4232,MLB,MLB,regression_tree
MLB,Luis Perdomo,2017,566800,1196259.3567398118,396219081787.29767,MLB,MLB,regression_tree
MLB,Dinelson Lamet,2017,555700,1196259.3567398118,410316289506.9215,MLB,MLB,regression_tree
MLB,James Paxton,2017,4900000,12398073.776699029,56221110360821.64,MLB,MLB,regression_tree
MLB,Erasmo Ramírez,2017,4200000,1196259.3567398118,9022457851973.13,MLB,MLB,regression_tree
MLB,Marco Gonzales,2017,550300,1196259.3567398118,417263490559.7115,MLB,MLB,regression_tree
MLB,Aríel Miranda,2017,545000,2496038.3161764704,3806550511188.717,MLB,MLB,regression_tree
MLB,Rob Whalen,2017,545000,1196259.3567398118,424138749741.1535,MLB,MLB,regression_tree
MLB,Chase De Jong,2017,545000,1196259.3567398118,424138749741.1535,MLB,MLB,regression_tree
MLB,Christian Bergman,2017,545000,2496038.3161764704,3806550511188.717,MLB,MLB,regression_tree
MLB,Derek Holland,2017,1750000,2496038.3161764704,556573169203.4232,MLB,MLB,regression_tree
MLB,Ty Blach,2017,565000,1196259.3567398118,398488375471.56104,MLB,MLB,regression_tree
MLB,Chris Stratton,2017,552500,1196259.3567398118,414426109390.05634,MLB,MLB,regression_tree
MLB,Michael Wacha,2017,5300000,1196259.3567398118,16840687267145.545,MLB,MLB,regression_tree
MLB,Luke Weaver,2017,550800,1196259.3567398118,416617781202.9717,MLB,MLB,regression_tree
MLB,Jack Flaherty,2017,545000,1196259.3567398118,424138749741.1535,MLB,MLB,regression_tree
MLB,Jake Odorizzi,2017,6300000,1196259.3567398118,26048168553665.92,MLB,MLB,regression_tree
MLB,Matt Andriese,2017,558400,1196259.3567398118,406864558980.52655,MLB,MLB,regression_tree
MLB,Blake Snell,2017,558200,1196259.3567398118,407119742723.2225,MLB,MLB,regression_tree
MLB,Jake Faria,2017,555000,1196259.3567398118,411213562606.35724,MLB,MLB,regression_tree
MLB,Anthony Banda,2017,545000,1196259.3567398118,424138749741.1535,MLB,MLB,regression_tree
MLB,Ryan Weber,2017,545000,1196259.3567398118,424138749741.1535,MLB,MLB,regression_tree
MLB,Doug Fister,2017,4000000,2496038.3161764704,2261900746409.3066,MLB,MLB,regression_tree
MLB,Yovani Gallardo,2017,2000000,2496038.3161764704,246054011115.188,MLB,MLB,regression_tree
MLB,Edinson Vólquez,2017,1000000,3534554.007518797,6423964017029.595,MLB,MLB,regression_tree
MLB,Bartolo Colon,2017,1750000,2496038.3161764704,556573169203.4232,MLB,MLB,regression_tree
MLB,Jesse Chavez,2017,1500000,2496038.3161764704,992092327291.6583,MLB,MLB,regression_tree
MLB,Chris Tillman,2017,545000,2496038.3161764704,3806550511188.717,MLB,MLB,regression_tree
MLB,Marco Estrada,2017,13000000,12398073.776699029,362315178297.3705,MLB,MLB,regression_tree
MLB,Jaime García,2017,10000000,3534554.007518797,41801991881691.24,MLB,MLB,regression_tree
MLB,Marcus Stroman,2017,6500000,3973936.4208333334,6380997205992.311,MLB,MLB,regression_tree
MLB,Aaron Sanchez,2017,2700000,1196259.3567398118,2261235922192.5645,MLB,MLB,regression_tree
MLB,Nick Tepesch,2017,572300,2496038.3161764704,3700769109125.4814,MLB,MLB,regression_tree
MLB,Chris Rowley,2017,545000,1196259.3567398118,424138749741.1535,MLB,MLB,regression_tree
MLB,Tanner Roark,2017,6475000,12398073.776699029,35082802964219.7,MLB,MLB,regression_tree
MLB,Jeremy Hellickson,2017,2000000,2496038.3161764704,246054011115.188,MLB,MLB,regression_tree
MLB,Edwin Jackson,2017,1500000,2496038.3161764704,992092327291.6583,MLB,MLB,regression_tree
MLB,Joe Ross,2017,567900,1196259.3567398118,394835481202.4701,MLB,MLB,regression_tree
MLB,A.J. Cole,2017,555300,1196259.3567398118,410828896992.31335,MLB,MLB,regression_tree
MLB,Erick Fedde,2017,545000,1196259.3567398118,424138749741.1535,MLB,MLB,regression_tree
MLB,Robbie Ray,2018,6050000,1196259.3567398118,23558798232035.83,MLB,MLB,regression_tree
MLB,Taijuan Walker,2018,5025000,1196259.3567398118,14659254913352.441,MLB,MLB,regression_tree
MLB,Zack Godley,2018,609400,12398073.776699029,138972829413431.34,MLB,MLB,regression_tree
MLB,Luke Weaver,2018,581300,1196259.3567398118,378175010441.84314,MLB,MLB,regression_tree
MLB,Matt Koch,2018,567600,1196259.3567398118,395212586816.514,MLB,MLB,regression_tree
MLB,Marco Estrada,2018,4000000,2496038.3161764704,2261900746409.3066,MLB,MLB,regression_tree
MLB,Sean Manaea,2018,3150000,1196259.3567398118,3817102501126.734,MLB,MLB,regression_tree
MLB,Brett Anderson,2018,1500000,3534554.007518797,4139410009510.798,MLB,MLB,regression_tree
MLB,Chris Bassitt,2018,565000,3534554.007518797,8818251003570.95,MLB,MLB,regression_tree
MLB,Daniel Gossett,2018,560000,1196259.3567398118,404825969038.9591,MLB,MLB,regression_tree
MLB,Frankie Montas,2018,560000,1196259.3567398118,404825969038.9591,MLB,MLB,regression_tree
MLB,Edwin Jackson,2018,555000,6938325.923611111,40746849847045.64,MLB,MLB,regression_tree
MLB,Paul Blackburn,2018,555000,1196259.3567398118,411213562606.35724,MLB,MLB,regression_tree
MLB,Daniel Mengden,2018,555000,1196259.3567398118,411213562606.35724,MLB,MLB,regression_tree
MLB,Dallas Keuchel,2018,21021527,7599250.804347826,180157498272371,MLB,MLB,regression_tree
MLB,Kevin Gausman,2018,9350000,3973936.4208333334,28902059607242.31,MLB,MLB,regression_tree
MLB,Mike Foltynewicz,2018,5475000,3973936.4208333334,2253191868700.6436,MLB,MLB,regression_tree
MLB,Sean Newcomb,2018,575000,1196259.3567398118,385963188336.7648,MLB,MLB,regression_tree
MLB,Touki Toussaint,2018,555000,1196259.3567398118,411213562606.35724,MLB,MLB,regression_tree
MLB,Michael Soroka,2018,555000,1196259.3567398118,411213562606.35724,MLB,MLB,regression_tree
MLB,Dylan Bundy,2018,2800000,1196259.3567398118,2571984050844.602,MLB,MLB,regression_tree
MLB,Dan Straily,2018,575000,3534554.007518797,8758959923420.572,MLB,MLB,regression_tree
MLB,David Hess,2018,563500,1196259.3567398118,400384403541.78046,MLB,MLB,regression_tree
MLB,Jimmy Yacabonis,2018,559000,1196259.3567398118,406099487752.4388,MLB,MLB,regression_tree
MLB,Josh Rogers,2018,555000,1196259.3567398118,411213562606.35724,MLB,MLB,regression_tree
MLB,Yefry Ramírez,2018,555000,1196259.3567398118,411213562606.35724,MLB,MLB,regression_tree
MLB,Luis Ortiz,2018,555000,1196259.3567398118,411213562606.35724,MLB,MLB,regression_tree
MLB,Nathan Eovaldi,2018,17000000,6938325.923611111,101237285219476.19,MLB,MLB,regression_tree
MLB,Eduardo Rodríguez,2018,4300000,1196259.3567398118,9633205980625.168,MLB,MLB,regression_tree
MLB,Erasmo Ramírez,2018,1000000,2496038.3161764704,2238130643468.129,MLB,MLB,regression_tree
MLB,Jhoulys Chacín,2018,555000,7599250.804347826,49621469394554.99,MLB,MLB,regression_tree
MLB,Kyle Hendricks,2018,7405000,7599250.804347826,37733374989.77744,MLB,MLB,regression_tree
MLB,Mike Montgomery,2018,2440000,3534554.007518797,1198048475375.4592,MLB,MLB,regression_tree
MLB,Kendall Graveman,2018,575000,1196259.3567398118,385963188336.7648,MLB,MLB,regression_tree
MLB,Ervin Santana,2018,4300000,2496038.3161764704,3254277756703.4243,MLB,MLB,regression_tree
MLB,Carlos Rodón,2018,4200000,1196259.3567398118,9022457851973.13,MLB,MLB,regression_tree
MLB,Reynaldo López,2018,580000,3973936.4208333334,11518804428658.977,MLB,MLB,regression_tree
MLB,Lucas Giolito,2018,573000,3973936.4208333334,11566368538550.645,MLB,MLB,regression_tree
MLB,Dylan Covey,2018,571000,1196259.3567398118,390949263190.6833,MLB,MLB,regression_tree
MLB,Carson Fulmer,2018,555000,1196259.3567398118,411213562606.35724,MLB,MLB,regression_tree
MLB,Michael Kopech,2018,555000,1196259.3567398118,411213562606.35724,MLB,MLB,regression_tree
MLB,Sonny Gray,2018,10166667,12398073.776699029,4979176203098.35,MLB,MLB,regression_tree
MLB,Tanner Roark,2018,10000000,6938325.923611111,9373848150031.756,MLB,MLB,regression_tree
MLB,Alex Wood,2018,9650000,1196259.3567398118,71465730863509.19,MLB,MLB,regression_tree
MLB,Anthony DeSclafani,2018,2125000,2496038.3161764704,137669432071.0704,MLB,MLB,regression_tree
MLB,Tyler Mahle,2018,570000,1196259.3567398118,392200781904.1629,MLB,MLB,regression_tree
MLB,Robert Stephenson,2018,565000,1196259.3567398118,398488375471.56104,MLB,MLB,regression_tree
MLB,Luis Castillo,2018,557500,1196259.3567398118,408013515822.6582,MLB,MLB,regression_tree
MLB,Brandon Finnegan,2018,555000,1196259.3567398118,411213562606.35724,MLB,MLB,regression_tree
MLB,Sal Romano,2018,555000,1196259.3567398118,411213562606.35724,MLB,MLB,regression_tree
MLB,Carlos Carrasco,2018,11750000,17190228.363636363,29596084648513.582,MLB,MLB,regression_tree
MLB,Trevor Bauer,2018,13000000,3973936.4208333334,81469823735158.95,MLB,MLB,regression_tree
MLB,Mike Clevinger,2018,592200,3973936.4208333334,11436141219990.645,MLB,MLB,regression_tree
MLB,Shane Bieber,2018,559600,1196259.3567398118,405335136524.351,MLB,MLB,regression_tree
MLB,Jefry Rodríguez,2018,555000,1196259.3567398118,411213562606.35724,MLB,MLB,regression_tree
MLB,Adam Plutko,2018,555000,1196259.3567398118,411213562606.35724,MLB,MLB,regression_tree
MLB,Germán Márquez,2018,8600000,3973936.4208333334,21400464238492.31,MLB,MLB,regression_tree
MLB,Chad Bettis,2018,3325000,2496038.3161764704,687177473247.5415,MLB,MLB,regression_tree
MLB,Jon Gray,2018,2925000,3973936.4208333334,1100267614950.6438,MLB,MLB,regression_tree
MLB,Tyler Anderson,2018,2625000,6938325.923611111,18604780523295.645,MLB,MLB,regression_tree
MLB,Germán Márquez,2018,565000,3973936.4208333334,11620847521283.977,MLB,MLB,regression_tree
MLB,Kyle Freeland,2018,565000,3973936.4208333334,11620847521283.977,MLB,MLB,regression_tree
MLB,Antonio Senzatela,2018,560000,1196259.3567398118,404825969038.9591,MLB,MLB,regression_tree
MLB,Tyson Ross,2018,5750000,6938325.923611111,1412118500726.2,MLB,MLB,regression_tree
MLB,Michael Fulmer,2018,2800000,1196259.3567398118,2571984050844.602,MLB,MLB,regression_tree
MLB,Matthew Boyd,2018,2600000,1196259.3567398118,1970487793540.5269,MLB,MLB,regression_tree
MLB,Daniel Norris,2018,1275000,1196259.3567398118,6200088901.028216,MLB,MLB,regression_tree
MLB,Spencer Turnbull,2018,556100,1196259.3567398118,409804002021.52966,MLB,MLB,regression_tree
MLB,Edwin Jackson,2018,555000,6938325.923611111,40746849847045.64,MLB,MLB,regression_tree
MLB,Ryan Carpenter,2018,555000,1196259.3567398118,411213562606.35724,MLB,MLB,regression_tree
MLB,Gerrit Cole,2018,13500000,3973936.4208333334,90745887314325.625,MLB,MLB,regression_tree
MLB,Wade Miley,2018,4500000,3534554.007518797,932085964398.0148,MLB,MLB,regression_tree
MLB,Josh James,2018,566800,1196259.3567398118,396219081787.29767,MLB,MLB,regression_tree
MLB,Framber Valdez,2018,566600,1196259.3567398118,396470905529.9936,MLB,MLB,regression_tree
MLB,Eric Skoglund,2018,568175,1196259.3567398118,394489959181.2632,MLB,MLB,regression_tree
MLB,Trevor Oaks,2018,555350,1196259.3567398118,410764803556.6394,MLB,MLB,regression_tree
MLB,Homer Bailey,2018,555000,2496038.3161764704,3767629744865.1875,MLB,MLB,regression_tree
MLB,Heath Fillmyer,2018,555000,1196259.3567398118,411213562606.35724,MLB,MLB,regression_tree
MLB,Ben Lively,2018,555000,1196259.3567398118,411213562606.35724,MLB,MLB,regression_tree
MLB,Trevor Cahill,2018,9000000,6938325.923611111,4250499997253.9785,MLB,MLB,regression_tree
MLB,Tyler Skaggs,2018,3700000,1196259.3567398118,6268717208712.942,MLB,MLB,regression_tree
MLB,Andrew Heaney,2018,3400000,3973936.4208333334,329403015158.9772,MLB,MLB,regression_tree
MLB,JC Ramírez,2018,1901000,2496038.3161764704,354070597718.1291,MLB,MLB,regression_tree
MLB,Nick Tropeano,2018,1075000,1196259.3567398118,14703831596.95295,MLB,MLB,regression_tree
MLB,Félix Peña,2018,569000,3534554.007518797,8794510571510.798,MLB,MLB,regression_tree
MLB,Jaime Barria,2018,563500,1196259.3567398118,400384403541.78046,MLB,MLB,regression_tree
MLB,Dillon Peters,2018,555000,1196259.3567398118,411213562606.35724,MLB,MLB,regression_tree
MLB,Clayton Kershaw,2018,31000000,6938325.923611111,578964159358365,MLB,MLB,regression_tree
MLB,Ross Stripling,2018,595000,16773727.272727273,261751216165289.28,MLB,MLB,regression_tree
MLB,Walker Buehler,2018,570000,1196259.3567398118,392200781904.1629,MLB,MLB,regression_tree
MLB,Dan Straily,2018,5000000,3534554.007518797,2147531956879.2175,MLB,MLB,regression_tree
MLB,José Ureña,2018,3200000,3973936.4208333334,598977583492.3105,MLB,MLB,regression_tree
MLB,Trevor Richards,2018,570000,1196259.3567398118,392200781904.1629,MLB,MLB,regression_tree
MLB,Caleb Smith,2018,556500,1196259.3567398118,409292034536.1378,MLB,MLB,regression_tree
MLB,Sandy Alcantara,2018,555000,1196259.3567398118,411213562606.35724,MLB,MLB,regression_tree
MLB,Pablo López,2018,555000,1196259.3567398118,411213562606.35724,MLB,MLB,regression_tree
MLB,Jeff Brigham,2018,555000,1196259.3567398118,411213562606.35724,MLB,MLB,regression_tree
MLB,Zach Davies,2018,2600000,1196259.3567398118,1970487793540.5269,MLB,MLB,regression_tree
MLB,Junior Guerra,2018,2225000,6938325.923611111,22215441262184.53,MLB,MLB,regression_tree
MLB,Gio González,2018,2000000,12398073.776699029,108119938265676,MLB,MLB,regression_tree
MLB,Brent Suter,2018,568300,6938325.923611111,40577230267477.586,MLB,MLB,regression_tree
MLB,Freddy Peralta,2018,564600,1196259.3567398118,398993542956.9529,MLB,MLB,regression_tree
MLB,Jake Odorizzi,2018,9500000,6938325.923611111,6562174073642.867,MLB,MLB,regression_tree
MLB,Kyle Gibson,2018,8125000,12398073.776699029,18259159501112.902,MLB,MLB,regression_tree
MLB,Martín Pérez,2018,4000000,1196259.3567398118,7860961594669.055,MLB,MLB,regression_tree
MLB,José Berríos,2018,620000,3973936.4208333334,11248889514992.31,MLB,MLB,regression_tree
MLB,Adalberto Mejía,2018,560000,1196259.3567398118,404825969038.9591,MLB,MLB,regression_tree
MLB,Chase De Jong,2018,555000,1196259.3567398118,411213562606.35724,MLB,MLB,regression_tree
MLB,Kohl Stewart,2018,555000,1196259.3567398118,411213562606.35724,MLB,MLB,regression_tree
MLB,Fernando Romero,2018,555000,1196259.3567398118,411213562606.35724,MLB,MLB,regression_tree
MLB,Stephen Gonsalves,2018,555000,1196259.3567398118,411213562606.35724,MLB,MLB,regression_tree
MLB,Jacob deGrom,2018,27500000,31928333.3,19610135815888.9,MLB,MLB,regression_tree
MLB,Jacob deGrom,2018,17000000,31928333.3,222855135115888.9,MLB,MLB,regression_tree
MLB,Noah Syndergaard,2018,6000000,1196259.3567398118,23075924167709.81,MLB,MLB,regression_tree
MLB,Zack Wheeler,2018,5975000,12398073.776699029,41255876740918.73,MLB,MLB,regression_tree
MLB,Steven Matz,2018,2625000,1196259.3567398118,2041299825703.5364,MLB,MLB,regression_tree
MLB,Corey Oswalt,2018,555000,1196259.3567398118,411213562606.35724,MLB,MLB,regression_tree
MLB,Walker Lockett,2018,555000,1196259.3567398118,411213562606.35724,MLB,MLB,regression_tree
MLB,Luis Severino,2018,10000000,3973936.4208333334,36313442260158.98,MLB,MLB,regression_tree
MLB,J.A. Happ,2018,17000000,12398073.776699029,21177724964705.14,MLB,MLB,regression_tree
MLB,James Paxton,2018,8575000,12398073.776699029,14615893102083.775,MLB,MLB,regression_tree
MLB,CC Sabathia,2018,8000000,6938325.923611111,1127151844476.2004,MLB,MLB,regression_tree
MLB,Sonny Gray,2018,7500000,12398073.776699029,23991126721986.688,MLB,MLB,regression_tree
MLB,Gio González,2018,3000000,12398073.776699029,88323790712277.95,MLB,MLB,regression_tree
MLB,Jordan Montgomery,2018,596600,1196259.3567398118,359591344125.6049,MLB,MLB,regression_tree
MLB,Domingo Germán,2018,577500,1196259.3567398118,382863141553.06573,MLB,MLB,regression_tree
MLB,Aaron Nola,2018,11250000,10030874.5,1486266984750.25,MLB,MLB,regression_tree
MLB,Vince Velasquez,2018,2249000,1196259.3567398118,1108262861971.8748,MLB,MLB,regression_tree
MLB,Nick Pivetta,2018,598000,1196259.3567398118,357914257926.73346,MLB,MLB,regression_tree
MLB,Zach Eflin,2018,590000,1196259.3567398118,367550407634.57043,MLB,MLB,regression_tree
MLB,Ranger Suárez,2018,555000,1196259.3567398118,411213562606.35724,MLB,MLB,regression_tree
MLB,Francisco Liriano,2018,1800000,3534554.007518797,3008677604999.5195,MLB,MLB,regression_tree
MLB,Jameson Taillon,2018,587500,3973936.4208333334,11467951632346.477,MLB,MLB,regression_tree
MLB,Trevor Williams,2018,584000,1196259.3567398118,374861519915.4482,MLB,MLB,regression_tree
MLB,Joe Musgrove,2018,582500,1196259.3567398118,376700547985.6676,MLB,MLB,regression_tree
MLB,Chad Kuhl,2018,578000,1196259.3567398118,382244632196.3259,MLB,MLB,regression_tree
MLB,Nick Kingham,2018,569000,1196259.3567398118,393454300617.6425,MLB,MLB,regression_tree
MLB,Aaron Slegers,2018,555000,1196259.3567398118,411213562606.35724,MLB,MLB,regression_tree
MLB,Garrett Richards,2018,7750000,16773727.272727273,81427653892562,MLB,MLB,regression_tree
MLB,Bryan Mitchell,2018,910000,1196259.3567398118,81944419321.09085,MLB,MLB,regression_tree
MLB,Joey Lucchesi,2018,565100,1196259.3567398118,398362133600.2131,MLB,MLB,regression_tree
MLB,Eric Lauer,2018,562500,1196259.3567398118,401650922255.2601,MLB,MLB,regression_tree
MLB,Jacob Nix,2018,556800,1196259.3567398118,408908268922.09393,MLB,MLB,regression_tree
MLB,Brett Kennedy,2018,556000,1196259.3567398118,409932043892.8776,MLB,MLB,regression_tree
MLB,Luis Perdomo,2018,555000,1196259.3567398118,411213562606.35724,MLB,MLB,regression_tree
MLB,Wade LeBlanc,2018,2750000,6938325.923611111,17542074042392.865,MLB,MLB,regression_tree
MLB,Marco Gonzales,2018,950000,1196259.3567398118,60643670781.90591,MLB,MLB,regression_tree
MLB,Tommy Milone,2018,555000,2496038.3161764704,3767629744865.1875,MLB,MLB,regression_tree
MLB,Derek Holland,2018,7000000,6938325.923611111,3803691698.422515,MLB,MLB,regression_tree
MLB,Chris Stratton,2018,567500,1196259.3567398118,395338328687.86194,MLB,MLB,regression_tree
MLB,Dereck Rodríguez,2018,561250,1196259.3567398118,403236883147.1096,MLB,MLB,regression_tree
MLB,Andrew Suárez,2018,555000,1196259.3567398118,411213562606.35724,MLB,MLB,regression_tree
MLB,Tyler Beede,2018,555000,1196259.3567398118,411213562606.35724,MLB,MLB,regression_tree
MLB,Michael Wacha,2018,6350000,1196259.3567398118,26561042617991.94,MLB,MLB,regression_tree
MLB,Adam Wainwright,2018,2000000,3534554.007518797,2354856001992.0005,MLB,MLB,regression_tree
MLB,John Gant,2018,571300,1196259.3567398118,390574197576.6394,MLB,MLB,regression_tree
MLB,Alex Reyes,2018,564600,1196259.3567398118,398993542956.9529,MLB,MLB,regression_tree
MLB,Jack Flaherty,2018,562100,1196259.3567398118,402158089740.6519,MLB,MLB,regression_tree
MLB,Blake Snell,2018,10000000,3973936.4208333334,36313442260158.98,MLB,MLB,regression_tree
MLB,Charlie Morton,2018,15000000,12398073.776699029,6770020071501.255,MLB,MLB,regression_tree
MLB,Blake Snell,2018,573700,3973936.4208333334,11561607717561.477,MLB,MLB,regression_tree
MLB,Jake Faria,2018,555000,1196259.3567398118,411213562606.35724,MLB,MLB,regression_tree
MLB,Lance Lynn,2018,10000000,12398073.776699029,5750757838491.544,MLB,MLB,regression_tree
MLB,Shelby Miller,2018,2000000,1196259.3567398118,645999021628.301,MLB,MLB,regression_tree
MLB,Yohander Méndez,2018,558000,1196259.3567398118,407375006465.9184,MLB,MLB,regression_tree
MLB,Jen-Ho Tseng,2018,555000,1196259.3567398118,411213562606.35724,MLB,MLB,regression_tree
MLB,Adrian Sampson,2018,555000,1196259.3567398118,411213562606.35724,MLB,MLB,regression_tree
MLB,Ariel Jurado,2018,555000,1196259.3567398118,411213562606.35724,MLB,MLB,regression_tree
MLB,Marcus Stroman,2018,7400000,1196259.3567398118,38486397968838.336,MLB,MLB,regression_tree
MLB,Aaron Sanchez,2018,3900000,1196259.3567398118,7310213466017.018,MLB,MLB,regression_tree
MLB,Matt Shoemaker,2018,3500000,2496038.3161764704,1007939062585.7769,MLB,MLB,regression_tree
MLB,Clay Buchholz,2018,3000000,6938325.923611111,15510411080587.31,MLB,MLB,regression_tree
MLB,Sam Gaviglio,2018,579500,2496038.3161764704,3673119117372.5405,MLB,MLB,regression_tree
MLB,Ryan Borucki,2018,565200,1196259.3567398118,398235911728.8651,MLB,MLB,regression_tree
MLB,Thomas Pannone,2018,560100,1196259.3567398118,404698727167.61115,MLB,MLB,regression_tree
MLB,Sean Reid-Foley,2018,555000,1196259.3567398118,411213562606.35724,MLB,MLB,regression_tree
MLB,Patrick Corbin,2018,23333333,17190228.363636363,37737734573312.41,MLB,MLB,regression_tree
MLB,Aníbal Sánchez,2018,9500000,6938325.923611111,6562174073642.867,MLB,MLB,regression_tree
MLB,Jeremy Hellickson,2018,1300000,3534554.007518797,4993231612518.316,MLB,MLB,regression_tree
MLB,Joe Ross,2018,1000000,1196259.3567398118,38517735107.92472,MLB,MLB,regression_tree
MLB,Austin Voth,2018,556000,1196259.3567398118,409932043892.8776,MLB,MLB,regression_tree
MLB,Erick Fedde,2018,555000,1196259.3567398118,411213562606.35724,MLB,MLB,regression_tree
MLB,Madison Bumgarner,2019,17000000,6938325.923611111,101237285219476.19,MLB,MLB,regression_tree
MLB,Robbie Ray,2019,9430000,3973936.4208333334,29768629779908.977,MLB,MLB,regression_tree
MLB,Luke Weaver,2019,597000,1196259.3567398118,359111776640.2131,MLB,MLB,regression_tree
MLB,Alex Young,2019,575000,1196259.3567398118,385963188336.7648,MLB,MLB,regression_tree
MLB,Taylor Clarke,2019,575000,1196259.3567398118,385963188336.7648,MLB,MLB,regression_tree
MLB,Zac Gallen,2019,575000,1196259.3567398118,385963188336.7648,MLB,MLB,regression_tree
MLB,Corbin Martin,2019,565700,1196259.3567398118,397605102372.1253,MLB,MLB,regression_tree
MLB,Sean Manaea,2019,3750000,1196259.3567398118,6521591273038.961,MLB,MLB,regression_tree
MLB,Chris Bassitt,2019,2250000,12398073.776699029,102983401377326.48,MLB,MLB,regression_tree
MLB,Daniel Mengden,2019,573500,1196259.3567398118,387829216406.9842,MLB,MLB,regression_tree
MLB,Frankie Montas,2019,573500,1196259.3567398118,387829216406.9842,MLB,MLB,regression_tree
MLB,Cole Hamels,2019,18000000,6938325.923611111,122360633372253.95,MLB,MLB,regression_tree
MLB,Mike Foltynewicz,2019,6425000,1196259.3567398118,27339728714480.97,MLB,MLB,regression_tree
MLB,Jhoulys Chacín,2019,1600000,2496038.3161764704,802884664056.3643,MLB,MLB,regression_tree
MLB,Félix Hernández,2019,1000000,2496038.3161764704,2238130643468.129,MLB,MLB,regression_tree
MLB,Max Fried,2019,583500,1196259.3567398118,375474029272.188,MLB,MLB,regression_tree
MLB,Michael Soroka,2019,583500,3973936.4208333334,11495059123713.145,MLB,MLB,regression_tree
MLB,Bryse Wilson,2019,575000,1196259.3567398118,385963188336.7648,MLB,MLB,regression_tree
MLB,Kyle Wright,2019,573500,1196259.3567398118,387829216406.9842,MLB,MLB,regression_tree
MLB,John Means,2019,580000,1196259.3567398118,379775594769.36664,MLB,MLB,regression_tree
MLB,Asher Wojciechowski,2019,575000,2496038.3161764704,3690388212218.1284,MLB,MLB,regression_tree
MLB,Chandler Shepherd,2019,563500,1196259.3567398118,400384403541.78046,MLB,MLB,regression_tree
MLB,David Hess,2019,563500,1196259.3567398118,400384403541.78046,MLB,MLB,regression_tree
MLB,Chris Sale,2019,29000000,16773727.272727273,149481744801652.88,MLB,MLB,regression_tree
MLB,Eduardo Rodríguez,2019,8300000,3973936.4208333334,18714826090992.31,MLB,MLB,regression_tree
MLB,Martín Pérez,2019,6000000,7599250.804347826,2557603135207.169,MLB,MLB,regression_tree
MLB,Kyle Hendricks,2019,13875000,7599250.804347826,39385027966728.91,MLB,MLB,regression_tree
MLB,Adbert Alzolay,2019,563500,1196259.3567398118,400384403541.78046,MLB,MLB,regression_tree
MLB,Dallas Keuchel,2019,18500000,6938325.923611111,133672307448642.84,MLB,MLB,regression_tree
MLB,Gio González,2019,5000000,3534554.007518797,2147531956879.2175,MLB,MLB,regression_tree
MLB,Carlos Rodón,2019,4450000,1196259.3567398118,10586828173603.225,MLB,MLB,regression_tree
MLB,Ross Detwiler,2019,1000000,2496038.3161764704,2238130643468.129,MLB,MLB,regression_tree
MLB,Lucas Giolito,2019,627000,3973936.4208333334,11201983405100.645,MLB,MLB,regression_tree
MLB,Reynaldo López,2019,605000,3973936.4208333334,11349732607617.31,MLB,MLB,regression_tree
MLB,Dylan Cease,2019,575000,1196259.3567398118,385963188336.7648,MLB,MLB,regression_tree
MLB,Trevor Bauer,2019,17500000,12398073.776699029,26029651188006.11,MLB,MLB,regression_tree
MLB,Wade Miley,2019,7500000,7599250.804347826,9850722163.69047,MLB,MLB,regression_tree
MLB,Anthony DeSclafani,2019,5900000,6938325.923611111,1078120723642.8667,MLB,MLB,regression_tree
MLB,Luis Castillo,2019,663500,3973936.4208333334,10958989296379.81,MLB,MLB,regression_tree
MLB,Tyler Mahle,2019,609793,1196259.3567398118,343942787587.6682,MLB,MLB,regression_tree
MLB,Mike Clevinger,2019,4100000,12398073.776699029,68858028403540.086,MLB,MLB,regression_tree
MLB,Shane Bieber,2019,623200,10030874.5,88504339497950.25,MLB,MLB,regression_tree
MLB,Adam Plutko,2019,574800,1196259.3567398118,386211732079.4607,MLB,MLB,regression_tree
MLB,Jefry Rodríguez,2019,566000,1196259.3567398118,397226856758.0814,MLB,MLB,regression_tree
MLB,Aaron Civale,2019,565400,1196259.3567398118,397983527986.1692,MLB,MLB,regression_tree
MLB,Zach Plesac,2019,563500,1196259.3567398118,400384403541.78046,MLB,MLB,regression_tree
MLB,Jon Gray,2019,5600000,1196259.3567398118,19392931653101.656,MLB,MLB,regression_tree
MLB,Kyle Freeland,2019,2875000,1196259.3567398118,2818170147333.6304,MLB,MLB,regression_tree
MLB,Chi Chi González,2019,1750000,1196259.3567398118,306628699998.207,MLB,MLB,regression_tree
MLB,Antonio Senzatela,2019,573500,1196259.3567398118,387829216406.9842,MLB,MLB,regression_tree
MLB,Jeff Hoffman,2019,568500,1196259.3567398118,394081809974.3823,MLB,MLB,regression_tree
MLB,Peter Lambert,2019,565500,1196259.3567398118,397857366114.8212,MLB,MLB,regression_tree
MLB,Matthew Boyd,2019,5300000,16773727.272727273,131646417528925.64,MLB,MLB,regression_tree
MLB,Daniel Norris,2019,2960000,1196259.3567398118,3110781056687.8623,MLB,MLB,regression_tree
MLB,Iván Nova,2019,1500000,7599250.804347826,37200860374337.6,MLB,MLB,regression_tree
MLB,Spencer Turnbull,2019,573500,1196259.3567398118,387829216406.9842,MLB,MLB,regression_tree
MLB,Dario Agrazal,2019,567900,1196259.3567398118,394835481202.4701,MLB,MLB,regression_tree
MLB,Tyler Alexander,2019,566600,1196259.3567398118,396470905529.9936,MLB,MLB,regression_tree
MLB,Justin Verlander,2019,33000000,31928333.3,1148469515888.8884,MLB,MLB,regression_tree
MLB,Brad Peacock,2019,3900000,6938325.923611111,9231424418087.31,MLB,MLB,regression_tree
MLB,José Urquidy,2019,574600,1196259.3567398118,386460355822.1566,MLB,MLB,regression_tree
MLB,Brad Keller,2019,613000,1196259.3567398118,340191477224.53906,MLB,MLB,regression_tree
MLB,Glenn Sparkman,2019,604500,1196259.3567398118,350179136289.1159,MLB,MLB,regression_tree
MLB,Matt Harvey,2019,575000,2496038.3161764704,3690388212218.1284,MLB,MLB,regression_tree
MLB,Julio Teheran,2019,9000000,12398073.776699029,11546905391889.602,MLB,MLB,regression_tree
MLB,Dylan Bundy,2019,5000000,1196259.3567398118,14468442881189.432,MLB,MLB,regression_tree
MLB,Andrew Heaney,2019,4300000,6378000,4318084000000,MLB,MLB,regression_tree
MLB,Griffin Canning,2019,570500,1196259.3567398118,391574772547.4231,MLB,MLB,regression_tree
MLB,Dillon Peters,2019,569000,1196259.3567398118,393454300617.6425,MLB,MLB,regression_tree
MLB,José Suarez,2019,567500,1196259.3567398118,395338328687.86194,MLB,MLB,regression_tree
MLB,Patrick Sandoval,2019,565750,1196259.3567398118,397542048936.4513,MLB,MLB,regression_tree
MLB,Jaime Barria,2019,563500,1196259.3567398118,400384403541.78046,MLB,MLB,regression_tree
MLB,Alex Wood,2019,4000000,2496038.3161764704,2261900746409.3066,MLB,MLB,regression_tree
MLB,Walker Buehler,2019,603500,3973936.4208333334,11359841666879.81,MLB,MLB,regression_tree
MLB,Tony Gonsolin,2019,566000,1196259.3567398118,397226856758.0814,MLB,MLB,regression_tree
MLB,José Ureña,2019,3750000,1196259.3567398118,6521591273038.961,MLB,MLB,regression_tree
MLB,Sandy Alcantara,2019,620000,3973936.4208333334,11248889514992.31,MLB,MLB,regression_tree
MLB,Caleb Smith,2019,586500,1196259.3567398118,371806473131.7491,MLB,MLB,regression_tree
MLB,Pablo López,2019,575000,1196259.3567398118,385963188336.7648,MLB,MLB,regression_tree
MLB,Elieser Hernández,2019,571500,1196259.3567398118,390324253833.9435,MLB,MLB,regression_tree
MLB,Jordan Yamamoto,2019,565000,1196259.3567398118,398488375471.56104,MLB,MLB,regression_tree
MLB,Brett Anderson,2019,5000000,7599250.804347826,6756104743902.821,MLB,MLB,regression_tree
MLB,Brandon Woodruff,2019,633100,1196259.3567398118,317148461083.59863,MLB,MLB,regression_tree
MLB,Adrian Houser,2019,581600,1196259.3567398118,377806124827.79926,MLB,MLB,regression_tree
MLB,Michael Pineda,2019,10000000,17190228.363636363,51699383921240.85,MLB,MLB,regression_tree
MLB,Jake Odorizzi,2019,17800000,12398073.776699029,29180806921986.69,MLB,MLB,regression_tree
MLB,José Berríos,2019,4025000,3973936.4208333334,2607489117.3104277,MLB,MLB,regression_tree
MLB,Rich Hill,2019,3000000,6378000,11410884000000,MLB,MLB,regression_tree
MLB,Devin Smeltzer,2019,571000,1196259.3567398118,390949263190.6833,MLB,MLB,regression_tree
MLB,Randy Dobnak,2019,571000,1196259.3567398118,390949263190.6833,MLB,MLB,regression_tree
MLB,Marcus Stroman,2019,12000000,12398073.776699029,158462731695.42834,MLB,MLB,regression_tree
MLB,Rick Porcello,2019,10000000,7599250.804347826,5763596700424.56,MLB,MLB,regression_tree
MLB,Noah Syndergaard,2019,9700000,3973936.4208333334,32787804112658.977,MLB,MLB,regression_tree
MLB,Steven Matz,2019,5000000,12398073.776699029,54731495605481.836,MLB,MLB,regression_tree
MLB,Michael Wacha,2019,3000000,1196259.3567398118,3253480308148.6772,MLB,MLB,regression_tree
MLB,Gerrit Cole,2019,36000000,31928333.3,16578469715888.885,MLB,MLB,regression_tree
MLB,James Paxton,2019,12500000,12398073.776699029,10388954996.399422,MLB,MLB,regression_tree
MLB,Jordan Montgomery,2019,805000,1196259.3567398118,153083884236.45132,MLB,MLB,regression_tree
MLB,Zack Wheeler,2019,23600000,17190228.363636363,41085172430331.77,MLB,MLB,regression_tree
MLB,Vince Velasquez,2019,3600000,1196259.3567398118,5777969080060.904,MLB,MLB,regression_tree
MLB,Zach Eflin,2019,2625000,1196259.3567398118,2041299825703.5364,MLB,MLB,regression_tree
MLB,Trevor Williams,2019,2825000,1196259.3567398118,2652796083007.6113,MLB,MLB,regression_tree
MLB,Joe Musgrove,2019,2800000,1196259.3567398118,2571984050844.602,MLB,MLB,regression_tree
MLB,Jameson Taillon,2019,2250000,1196259.3567398118,1110369343258.3953,MLB,MLB,regression_tree
MLB,Steven Brault,2019,590500,1196259.3567398118,366944398277.8306,MLB,MLB,regression_tree
MLB,Mitch Keller,2019,577500,1196259.3567398118,382863141553.06573,MLB,MLB,regression_tree
MLB,Zach Davies,2019,5250000,1196259.3567398118,16432813202819.525,MLB,MLB,regression_tree
MLB,Dinelson Lamet,2019,1300000,1196259.3567398118,10762121064.037624,MLB,MLB,regression_tree
MLB,Joey Lucchesi,2019,599300,1196259.3567398118,356360473599.2099,MLB,MLB,regression_tree
MLB,Chris Paddack,2019,588500,1196259.3567398118,369371435704.78986,MLB,MLB,regression_tree
MLB,Eric Lauer,2019,582300,1196259.3567398118,376946091728.3635,MLB,MLB,regression_tree
MLB,Jerad Eickhoff,2019,575000,2496038.3161764704,3690388212218.1284,MLB,MLB,regression_tree
MLB,Cal Quantrill,2019,571800,1196259.3567398118,389949488219.8996,MLB,MLB,regression_tree
MLB,Ronald Bolaños,2019,563500,1196259.3567398118,400384403541.78046,MLB,MLB,regression_tree
MLB,Marco Gonzales,2019,7500000,3973936.4208333334,12433124364325.643,MLB,MLB,regression_tree
MLB,Taijuan Walker,2019,2000000,1196259.3567398118,645999021628.301,MLB,MLB,regression_tree
MLB,Justus Sheffield,2019,566300,1196259.3567398118,396848791144.03754,MLB,MLB,regression_tree
MLB,Justin Dunn,2019,564500,1196259.3567398118,399119884828.30084,MLB,MLB,regression_tree
MLB,Nick Margevicius,2019,563500,1196259.3567398118,400384403541.78046,MLB,MLB,regression_tree
MLB,Kevin Gausman,2019,9000000,6378000,6874884000000,MLB,MLB,regression_tree
MLB,Drew Smyly,2019,4000000,2496038.3161764704,2261900746409.3066,MLB,MLB,regression_tree
MLB,Tyler Anderson,2019,1775000,6378000,21187609000000,MLB,MLB,regression_tree
MLB,Tyson Ross,2019,1750000,2496038.3161764704,556573169203.4232,MLB,MLB,regression_tree
MLB,Dereck Rodríguez,2019,576000,1196259.3567398118,384721669623.28516,MLB,MLB,regression_tree
MLB,Tyler Beede,2019,569750,1196259.3567398118,392513974082.5328,MLB,MLB,regression_tree
MLB,Logan Webb,2019,566625,1196259.3567398118,396439423187.1566,MLB,MLB,regression_tree
MLB,Rico Garcia,2019,563500,1196259.3567398118,400384403541.78046,MLB,MLB,regression_tree
MLB,Shaun Anderson,2019,563500,1196259.3567398118,400384403541.78046,MLB,MLB,regression_tree
MLB,Miles Mikolas,2019,17000000,6938325.923611111,101237285219476.19,MLB,MLB,regression_tree
MLB,Adam Wainwright,2019,5000000,12398073.776699029,54731495605481.836,MLB,MLB,regression_tree
MLB,Jack Flaherty,2019,604500,3973936.4208333334,11353101794038.145,MLB,MLB,regression_tree
MLB,Dakota Hudson,2019,580500,3973936.4208333334,11515410742238.145,MLB,MLB,regression_tree
MLB,Daniel Ponce de Leon,2019,572800,1196259.3567398118,388701569506.42,MLB,MLB,regression_tree
MLB,Tyler Glasnow,2019,2050000,1196259.3567398118,728873085954.3198,MLB,MLB,regression_tree
MLB,Ryan Yarbrough,2019,578500,1196259.3567398118,381626622839.5861,MLB,MLB,regression_tree
MLB,Yonny Chirinos,2019,576700,1196259.3567398118,383853796523.8494,MLB,MLB,regression_tree
MLB,Dylan Covey,2019,575000,1196259.3567398118,385963188336.7648,MLB,MLB,regression_tree
MLB,Trevor Richards,2019,575000,1196259.3567398118,385963188336.7648,MLB,MLB,regression_tree
MLB,Sean Gilmartin,2019,575000,2496038.3161764704,3690388212218.1284,MLB,MLB,regression_tree
MLB,Brendan McKay,2019,563500,1196259.3567398118,400384403541.78046,MLB,MLB,regression_tree
MLB,Kyle Gibson,2019,9333333,12398073.776699029,9392636028361.768,MLB,MLB,regression_tree
MLB,Jordan Lyles,2019,8000000,12398073.776699029,19343052945287.66,MLB,MLB,regression_tree
MLB,Kolby Allard,2019,566500,1196259.3567398118,396596847401.34155,MLB,MLB,regression_tree
MLB,Brock Burke,2019,564500,1196259.3567398118,399119884828.30084,MLB,MLB,regression_tree
MLB,Taylor Hearn,2019,563500,1196259.3567398118,400384403541.78046,MLB,MLB,regression_tree
MLB,Ariel Jurado,2019,563500,1196259.3567398118,400384403541.78046,MLB,MLB,regression_tree
MLB,Joe Palumbo,2019,563500,1196259.3567398118,400384403541.78046,MLB,MLB,regression_tree
MLB,Tanner Roark,2019,12000000,12398073.776699029,158462731695.42834,MLB,MLB,regression_tree
MLB,Matt Shoemaker,2019,4200000,3534554.007518797,442818368909.293,MLB,MLB,regression_tree
MLB,Trent Thornton,2019,581900,1196259.3567398118,377437419213.7554,MLB,MLB,regression_tree
MLB,Ryan Borucki,2019,573800,1196259.3567398118,387455650792.9403,MLB,MLB,regression_tree
MLB,Sean Reid-Foley,2019,572700,1196259.3567398118,388826271377.76794,MLB,MLB,regression_tree
MLB,Anthony Kay,2019,565600,1196259.3567398118,397731224243.47327,MLB,MLB,regression_tree
MLB,Jacob Waguespack,2019,563500,1196259.3567398118,400384403541.78046,MLB,MLB,regression_tree
MLB,T.J. Zeuch,2019,563500,1196259.3567398118,400384403541.78046,MLB,MLB,regression_tree
MLB,Stephen Strasburg,2019,35000000,12398073.776699029,510847069003540.1,MLB,MLB,regression_tree
MLB,Austin Voth,2019,568900,1196259.3567398118,393579762488.9905,MLB,MLB,regression_tree
MLB,Erick Fedde,2019,563500,1196259.3567398118,400384403541.78046,MLB,MLB,regression_tree
MLB,Luke Weaver,2020,1950000,1196259.3567398118,568124957302.2822,MLB,MLB,regression_tree
MLB,Caleb Smith,2020,1465000,3534554.007518797,4283053790037.114,MLB,MLB,regression_tree
MLB,Zac Gallen,2020,607500,1196259.3567398118,346637580148.677,MLB,MLB,regression_tree
MLB,Sean Manaea,2020,5950000,3534554.007518797,5834379342593.503,MLB,MLB,regression_tree
MLB,Chris Bassitt,2020,4900000,3534554.007518797,1864442758382.977,MLB,MLB,regression_tree
MLB,Frankie Montas,2020,1800000,1196259.3567398118,364502764324.22577,MLB,MLB,regression_tree
MLB,Jesús Luzardo,2020,575500,1196259.3567398118,385342178980.02496,MLB,MLB,regression_tree
MLB,Daulton Jefferies,2020,570500,1196259.3567398118,391574772547.4231,MLB,MLB,regression_tree
MLB,Paul Blackburn,2020,570500,1196259.3567398118,391574772547.4231,MLB,MLB,regression_tree
MLB,Charlie Morton,2020,15000000,6378000,74338884000000,MLB,MLB,regression_tree
MLB,Drew Smyly,2020,11000000,6378000,21362884000000,MLB,MLB,regression_tree
MLB,Max Fried,2020,3500000,1196259.3567398118,5307220951408.866,MLB,MLB,regression_tree
MLB,Michael Soroka,2020,2800000,1196259.3567398118,2571984050844.602,MLB,MLB,regression_tree
MLB,Sean Newcomb,2020,600500,1196259.3567398118,354929211143.03436,MLB,MLB,regression_tree
MLB,Touki Toussaint,2020,590500,1196259.3567398118,366944398277.8306,MLB,MLB,regression_tree
MLB,Huascar Ynoa,2020,580500,1196259.3567398118,379159585412.62683,MLB,MLB,regression_tree
MLB,Ian Anderson,2020,575500,1196259.3567398118,385342178980.02496,MLB,MLB,regression_tree
MLB,Tanner Roark,2020,570500,2496038.3161764704,3707697807063.717,MLB,MLB,regression_tree
MLB,Kyle Wright,2020,570500,1196259.3567398118,391574772547.4231,MLB,MLB,regression_tree
MLB,Tucker Davidson,2020,570500,1196259.3567398118,391574772547.4231,MLB,MLB,regression_tree
MLB,Matt Harvey,2020,1000000,2496038.3161764704,2238130643468.129,MLB,MLB,regression_tree
MLB,Wade LeBlanc,2020,700000,2496038.3161764704,3225753633174.0107,MLB,MLB,regression_tree
MLB,John Means,2020,593500,1196259.3567398118,363318842137.3917,MLB,MLB,regression_tree
MLB,Jorge López,2020,586750,1196259.3567398118,371501655953.3792,MLB,MLB,regression_tree
MLB,Dean Kremer,2020,572500,1196259.3567398118,389075735120.46387,MLB,MLB,regression_tree
MLB,Bruce Zimmermann,2020,571500,1196259.3567398118,390324253833.9435,MLB,MLB,regression_tree
MLB,Keegan Akin,2020,570500,1196259.3567398118,391574772547.4231,MLB,MLB,regression_tree
MLB,Garrett Richards,2020,10000000,3534554.007518797,41801991881691.24,MLB,MLB,regression_tree
MLB,Martín Pérez,2020,5000000,3534554.007518797,2147531956879.2175,MLB,MLB,regression_tree
MLB,Tanner Houck,2020,577000,1196259.3567398118,383482150909.80554,MLB,MLB,regression_tree
MLB,Chris Mazza,2020,570500,2496038.3161764704,3707697807063.717,MLB,MLB,regression_tree
MLB,Zach Davies,2020,8630000,1196259.3567398118,55260499951258.4,MLB,MLB,regression_tree
MLB,Jake Arrieta,2020,6000000,2496038.3161764704,12277747481703.426,MLB,MLB,regression_tree
MLB,Trevor Williams,2020,2500000,2496038.3161764704,15694938.717616355,MLB,MLB,regression_tree
MLB,Alec Mills,2020,600000,3534554.007518797,8611607223044.633,MLB,MLB,regression_tree
MLB,Adbert Alzolay,2020,573000,1196259.3567398118,388452225763.724,MLB,MLB,regression_tree
MLB,Lucas Giolito,2020,4150000,1196259.3567398118,8724583787647.111,MLB,MLB,regression_tree
MLB,Carlos Rodón,2020,3000000,1196259.3567398118,3253480308148.6772,MLB,MLB,regression_tree
MLB,Reynaldo López,2020,2100000,1196259.3567398118,816747150280.3387,MLB,MLB,regression_tree
MLB,Dylan Cease,2020,600000,1196259.3567398118,355525220499.7742,MLB,MLB,regression_tree
MLB,Dane Dunning,2020,572500,1196259.3567398118,389075735120.46387,MLB,MLB,regression_tree
MLB,Jonathan Stiever,2020,570500,1196259.3567398118,391574772547.4231,MLB,MLB,regression_tree
MLB,Luis Castillo,2020,4200000,1196259.3567398118,9022457851973.13,MLB,MLB,regression_tree
MLB,Tyler Mahle,2020,2200000,1196259.3567398118,1007495278932.3763,MLB,MLB,regression_tree
MLB,Shane Bieber,2020,679700,1196259.3567398118,266833569035.44818,MLB,MLB,regression_tree
MLB,Zach Plesac,2020,590200,1196259.3567398118,367307943891.8745,MLB,MLB,regression_tree
MLB,Aaron Civale,2020,587400,1196259.3567398118,370709716289.61743,MLB,MLB,regression_tree
MLB,Triston McKenzie,2020,575300,1196259.3567398118,385590522722.7209,MLB,MLB,regression_tree
MLB,Jon Gray,2020,6000000,2496038.3161764704,12277747481703.426,MLB,MLB,regression_tree
MLB,Kyle Freeland,2020,5025000,1196259.3567398118,14659254913352.441,MLB,MLB,regression_tree
MLB,Antonio Senzatela,2020,3000000,1196259.3567398118,3253480308148.6772,MLB,MLB,regression_tree
MLB,Chi Chi González,2020,1100000,2496038.3161764704,1948922980232.8347,MLB,MLB,regression_tree
MLB,Ryan Castellani,2020,570500,1196259.3567398118,391574772547.4231,MLB,MLB,regression_tree
MLB,Matthew Boyd,2020,6500000,2496038.3161764704,16031709165526.955,MLB,MLB,regression_tree
MLB,José Ureña,2020,3250000,2496038.3161764704,568458220674.0121,MLB,MLB,regression_tree
MLB,Michael Fulmer,2020,3100000,1196259.3567398118,3624228436800.715,MLB,MLB,regression_tree
MLB,Julio Teheran,2020,3000000,2496038.3161764704,253977378762.24725,MLB,MLB,regression_tree
MLB,Spencer Turnbull,2020,586900,1196259.3567398118,371318825646.35724,MLB,MLB,regression_tree
MLB,Tarik Skubal,2020,574300,1196259.3567398118,386833441436.2005,MLB,MLB,regression_tree
MLB,Casey Mize,2020,574100,1196259.3567398118,387082265178.8964,MLB,MLB,regression_tree
MLB,Jake Odorizzi,2020,7833333,2496038.3161764704,28486714541970.91,MLB,MLB,regression_tree
MLB,Framber Valdez,2020,637300,1196259.3567398118,312435562486.98425,MLB,MLB,regression_tree
MLB,Cristian Javier,2020,620400,1196259.3567398118,331613998744.78986,MLB,MLB,regression_tree
MLB,José Urquidy,2020,604200,1196259.3567398118,350534281903.1598,MLB,MLB,regression_tree
MLB,Brandon Bielak,2020,599000,1196259.3567398118,356718739213.2538,MLB,MLB,regression_tree
MLB,Mike Minor,2020,9000000,2496038.3161764704,42301517584644.6,MLB,MLB,regression_tree
MLB,Brad Keller,2020,3350000,1196259.3567398118,4638598758430.811,MLB,MLB,regression_tree
MLB,Brady Singer,2020,593700,1196259.3567398118,363077778394.6958,MLB,MLB,regression_tree
MLB,Carlos Hernández,2020,570500,1196259.3567398118,391574772547.4231,MLB,MLB,regression_tree
MLB,Kris Bubic,2020,570500,1196259.3567398118,391574772547.4231,MLB,MLB,regression_tree
MLB,Ronald Bolaños,2020,570500,1196259.3567398118,391574772547.4231,MLB,MLB,regression_tree
MLB,Dylan Bundy,2020,8325000,1196259.3567398118,50818943158869.69,MLB,MLB,regression_tree
MLB,Andrew Heaney,2020,6750000,3534554.007518797,10339092930563.428,MLB,MLB,regression_tree
MLB,Jaime Barria,2020,590500,1196259.3567398118,366944398277.8306,MLB,MLB,regression_tree
MLB,Griffin Canning,2020,590500,1196259.3567398118,366944398277.8306,MLB,MLB,regression_tree
MLB,Dillon Peters,2020,570500,1196259.3567398118,391574772547.4231,MLB,MLB,regression_tree
MLB,Patrick Sandoval,2020,570500,1196259.3567398118,391574772547.4231,MLB,MLB,regression_tree
MLB,José Suarez,2020,570500,1196259.3567398118,391574772547.4231,MLB,MLB,regression_tree
MLB,Trevor Bauer,2020,34000000,16773727.272727273,296744472074380.1,MLB,MLB,regression_tree
MLB,Walker Buehler,2020,4000000,1196259.3567398118,7860961594669.055,MLB,MLB,regression_tree
MLB,Julio Urías,2020,3600000,1196259.3567398118,5777969080060.904,MLB,MLB,regression_tree
MLB,Cole Hamels,2020,1000000,2496038.3161764704,2238130643468.129,MLB,MLB,regression_tree
MLB,Dustin May,2020,590500,1196259.3567398118,366944398277.8306,MLB,MLB,regression_tree
MLB,Tony Gonsolin,2020,580500,1196259.3567398118,379159585412.62683,MLB,MLB,regression_tree
MLB,Sandy Alcantara,2020,630000,1196259.3567398118,320649659095.3855,MLB,MLB,regression_tree
MLB,Pablo López,2020,595000,1196259.3567398118,361512814067.1723,MLB,MLB,regression_tree
MLB,Elieser Hernández,2020,579000,1196259.3567398118,381009113482.8463,MLB,MLB,regression_tree
MLB,Trevor Rogers,2020,570500,1196259.3567398118,391574772547.4231,MLB,MLB,regression_tree
MLB,Daniel Castano,2020,570500,1196259.3567398118,391574772547.4231,MLB,MLB,regression_tree
MLB,Braxton Garrett,2020,570500,1196259.3567398118,391574772547.4231,MLB,MLB,regression_tree
MLB,Jordan Yamamoto,2020,570500,1196259.3567398118,391574772547.4231,MLB,MLB,regression_tree
MLB,Brandon Woodruff,2020,3275000,1196259.3567398118,4321162661941.781,MLB,MLB,regression_tree
MLB,Brett Anderson,2020,2500000,3534554.007518797,1070301994473.2035,MLB,MLB,regression_tree
MLB,Jordan Zimmermann,2020,1000000,2496038.3161764704,2238130643468.129,MLB,MLB,regression_tree
MLB,Zack Godley,2020,800000,2496038.3161764704,2876545969938.717,MLB,MLB,regression_tree
MLB,Corbin Burnes,2020,608000,1196259.3567398118,346049070791.9372,MLB,MLB,regression_tree
MLB,Adrian Houser,2020,584100,1196259.3567398118,374739078044.1002,MLB,MLB,regression_tree
MLB,Eric Lauer,2020,570500,1196259.3567398118,391574772547.4231,MLB,MLB,regression_tree
MLB,Randy Dobnak,2020,1850000,1196259.3567398118,427376828650.2446,MLB,MLB,regression_tree
MLB,J.A. Happ,2020,8000000,3534554.007518797,19940207911766.434,MLB,MLB,regression_tree
MLB,José Berríos,2020,6100000,1196259.3567398118,24046672296361.848,MLB,MLB,regression_tree
MLB,Matt Shoemaker,2020,2000000,2496038.3161764704,246054011115.188,MLB,MLB,regression_tree
MLB,Taijuan Walker,2020,7666667,1196259.3567398118,41866175069959.87,MLB,MLB,regression_tree
MLB,Steven Matz,2020,5200000,6378000,1387684000000,MLB,MLB,regression_tree
MLB,Robert Gsellman,2020,1300000,1196259.3567398118,10762121064.037624,MLB,MLB,regression_tree
MLB,Joey Lucchesi,2020,607100,1196259.3567398118,347108747634.06885,MLB,MLB,regression_tree
MLB,David Peterson,2020,585750,1196259.3567398118,372721674666.8588,MLB,MLB,regression_tree
MLB,Corey Kluber,2020,11000000,3534554.007518797,55732883866653.65,MLB,MLB,regression_tree
MLB,Jordan Montgomery,2020,2130000,1196259.3567398118,871871588875.95,MLB,MLB,regression_tree
MLB,Asher Wojciechowski,2020,750000,2496038.3161764704,3048649801556.364,MLB,MLB,regression_tree
MLB,Deivi García,2020,570500,1196259.3567398118,391574772547.4231,MLB,MLB,regression_tree
MLB,Zach Eflin,2020,4450000,1196259.3567398118,10586828173603.225,MLB,MLB,regression_tree
MLB,Vince Velasquez,2020,4000000,6378000,5654884000000,MLB,MLB,regression_tree
MLB,Chase Anderson,2020,4000000,6378000,5654884000000,MLB,MLB,regression_tree
MLB,Spencer Howard,2020,570500,1196259.3567398118,391574772547.4231,MLB,MLB,regression_tree
MLB,Adonis Medina,2020,570500,1196259.3567398118,391574772547.4231,MLB,MLB,regression_tree
MLB,Tyler Anderson,2020,2500000,3534554.007518797,1070301994473.2035,MLB,MLB,regression_tree
MLB,Chad Kuhl,2020,2130000,1196259.3567398118,871871588875.95,MLB,MLB,regression_tree
MLB,Steven Brault,2020,2050000,3534554.007518797,2203900601240.121,MLB,MLB,regression_tree
MLB,Trevor Cahill,2020,1500000,6378000,23794884000000,MLB,MLB,regression_tree
MLB,JT Brubaker,2020,590500,1196259.3567398118,366944398277.8306,MLB,MLB,regression_tree
MLB,Cody Ponce,2020,580500,1196259.3567398118,379159585412.62683,MLB,MLB,regression_tree
MLB,Mitch Keller,2020,579000,1196259.3567398118,381009113482.8463,MLB,MLB,regression_tree
MLB,Chase De Jong,2020,570500,1196259.3567398118,391574772547.4231,MLB,MLB,regression_tree
MLB,Mike Clevinger,2020,5750000,3534554.007518797,4908200945601.021,MLB,MLB,regression_tree
MLB,Joe Musgrove,2020,4450000,1196259.3567398118,10586828173603.225,MLB,MLB,regression_tree
MLB,Dinelson Lamet,2020,4200000,1196259.3567398118,9022457851973.13,MLB,MLB,regression_tree
MLB,Chris Paddack,2020,610900,1196259.3567398118,342645576522.8463,MLB,MLB,regression_tree
MLB,Vince Velasquez,2020,570500,6378000,33727056250000,MLB,MLB,regression_tree
MLB,Jake Arrieta,2020,570500,2496038.3161764704,3707697807063.717,MLB,MLB,regression_tree
MLB,James Paxton,2020,8500000,6378000,4502884000000,MLB,MLB,regression_tree
MLB,Justus Sheffield,2020,625000,1196259.3567398118,326337252662.78357,MLB,MLB,regression_tree
MLB,Nick Margevicius,2020,586900,1196259.3567398118,371318825646.35724,MLB,MLB,regression_tree
MLB,Justin Dunn,2020,584900,1196259.3567398118,373760263073.3165,MLB,MLB,regression_tree
MLB,Jimmy Yacabonis,2020,570500,3534554.007518797,8785616159488.242,MLB,MLB,regression_tree
MLB,Ljay Newsome,2020,570500,1196259.3567398118,391574772547.4231,MLB,MLB,regression_tree
MLB,Kevin Gausman,2020,18900000,6378000,156800484000000,MLB,MLB,regression_tree
MLB,Anthony DeSclafani,2020,6000000,2496038.3161764704,12277747481703.426,MLB,MLB,regression_tree
MLB,Logan Webb,2020,583000,1196259.3567398118,376087038628.9278,MLB,MLB,regression_tree
MLB,Tyler Chatwood,2020,570500,6378000,33727056250000,MLB,MLB,regression_tree
MLB,Adam Wainwright,2020,8000000,3534554.007518797,19940207911766.434,MLB,MLB,regression_tree
MLB,Jack Flaherty,2020,3900000,1196259.3567398118,7310213466017.018,MLB,MLB,regression_tree
MLB,Dakota Hudson,2020,595700,1196259.3567398118,360671540967.7366,MLB,MLB,regression_tree
MLB,Daniel Ponce de Leon,2020,585500,6378000,33553056250000,MLB,MLB,regression_tree
MLB,Wade LeBlanc,2020,570500,2496038.3161764704,3707697807063.717,MLB,MLB,regression_tree
MLB,Johan Oviedo,2020,570500,1196259.3567398118,391574772547.4231,MLB,MLB,regression_tree
MLB,Tyler Glasnow,2020,4000000,1196259.3567398118,7860961594669.055,MLB,MLB,regression_tree
MLB,Michael Wacha,2020,3000000,2496038.3161764704,253977378762.24725,MLB,MLB,regression_tree
MLB,Rich Hill,2020,2500000,3534554.007518797,1070301994473.2035,MLB,MLB,regression_tree
MLB,Ryan Yarbrough,2020,2300000,3534554.007518797,1524123597480.7224,MLB,MLB,regression_tree
MLB,Yonny Chirinos,2020,1175000,1196259.3567398118,451960248.99058276,MLB,MLB,regression_tree
MLB,Josh Fleming,2020,570500,1196259.3567398118,391574772547.4231,MLB,MLB,regression_tree
MLB,Mike Foltynewicz,2020,2000000,2496038.3161764704,246054011115.188,MLB,MLB,regression_tree
MLB,Kolby Allard,2020,584250,1196259.3567398118,374555452737.07825,MLB,MLB,regression_tree
MLB,Robbie Ray,2020,8000000,6378000,2630884000000,MLB,MLB,regression_tree
MLB,Ross Stripling,2020,3000000,2496038.3161764704,253977378762.24725,MLB,MLB,regression_tree
MLB,Tyler Chatwood,2020,3000000,6378000,11410884000000,MLB,MLB,regression_tree
MLB,Tommy Milone,2020,1000000,2496038.3161764704,2238130643468.129,MLB,MLB,regression_tree
MLB,Trent Thornton,2020,592900,1196259.3567398118,364042513365.4795,MLB,MLB,regression_tree
MLB,Nate Pearson,2020,577500,1196259.3567398118,382863141553.06573,MLB,MLB,regression_tree
MLB,Jon Lester,2020,5000000,2496038.3161764704,6269824114056.366,MLB,MLB,regression_tree
MLB,Austin Voth,2020,587700,2496038.3161764704,3641755128987.246,MLB,MLB,regression_tree
MLB,Erick Fedde,2020,575000,1196259.3567398118,385963188336.7648,MLB,MLB,regression_tree
MLB,Wil Crowe,2020,574000,1196259.3567398118,387206707050.2444,MLB,MLB,regression_tree
MLB,Paolo Espino,2020,570500,6378000,33727056250000,MLB,MLB,regression_tree
MLB,Luke Weaver,2021,2875000,1196259.3567398118,2818170147333.6304,MLB,MLB,regression_tree
MLB,Zach Davies,2021,1750000,2496038.3161764704,556573169203.4232,MLB,MLB,regression_tree
MLB,Zac Gallen,2021,1670875,1196259.3567398118,225260008827.2822,MLB,MLB,regression_tree
MLB,Zac Gallen,2021,745600,1196259.3567398118,203093855817.141,MLB,MLB,regression_tree
MLB,Humberto Castellanos,2021,713700,1196259.3567398118,232863532777.141,MLB,MLB,regression_tree
MLB,Corbin Martin,2021,705100,1196259.3567398118,241237513713.06573,MLB,MLB,regression_tree
MLB,Dallas Keuchel,2021,700000,2496038.3161764704,3225753633174.0107,MLB,MLB,regression_tree
MLB,Tyler Gilbert,2021,700000,1196259.3567398118,246273349151.81183,MLB,MLB,regression_tree
MLB,Taylor Widener,2021,700000,1196259.3567398118,246273349151.81183,MLB,MLB,regression_tree
MLB,Sean Manaea,2021,9750000,17190228.363636363,55356998103059.04,MLB,MLB,regression_tree
MLB,Chris Bassitt,2021,8800000,17190228.363636363,70395931993968.125,MLB,MLB,regression_tree
MLB,Frankie Montas,2021,5025000,12398073.776699029,54362216916646.88,MLB,MLB,regression_tree
MLB,Paul Blackburn,2021,710000,1196259.3567398118,236448162017.0156,MLB,MLB,regression_tree
MLB,James Kaprielian,2021,705000,1196259.3567398118,241335755584.4137,MLB,MLB,regression_tree
MLB,Cole Irvin,2021,705000,3973936.4208333334,10685945323450.645,MLB,MLB,regression_tree
MLB,Cole Irvin,2021,201978,3973936.4208333334,14227670328495.494,MLB,MLB,regression_tree
MLB,Charlie Morton,2021,20000000,12398073.776699029,57789282304510.97,MLB,MLB,regression_tree
MLB,Max Fried,2021,6850000,1196259.3567398118,31964783261252.13,MLB,MLB,regression_tree
MLB,Huascar Ynoa,2021,720000,1196259.3567398118,226822974882.21936,MLB,MLB,regression_tree
MLB,Kyle Wright,2021,720000,1196259.3567398118,226822974882.21936,MLB,MLB,regression_tree
MLB,Tucker Davidson,2021,710000,1196259.3567398118,236448162017.0156,MLB,MLB,regression_tree
MLB,Ian Anderson,2021,710000,1196259.3567398118,236448162017.0156,MLB,MLB,regression_tree
MLB,Touki Toussaint,2021,700000,1196259.3567398118,246273349151.81183,MLB,MLB,regression_tree
MLB,Kyle Muller,2021,700000,1196259.3567398118,246273349151.81183,MLB,MLB,regression_tree
MLB,Kyle Wright,2021,477143,1196259.3567398118,517128334530.7403,MLB,MLB,regression_tree
MLB,Jordan Lyles,2021,7000000,7599250.804347826,359101526511.51666,MLB,MLB,regression_tree
MLB,John Means,2021,2962500,6938325.923611111,15807191774858.145,MLB,MLB,regression_tree
MLB,Jorge López,2021,1500000,2496038.3161764704,992092327291.6583,MLB,MLB,regression_tree
MLB,Matt Harvey,2021,1000000,2496038.3161764704,2238130643468.129,MLB,MLB,regression_tree
MLB,Keegan Akin,2021,709500,1196259.3567398118,236934671373.7554,MLB,MLB,regression_tree
MLB,Bruce Zimmermann,2021,705500,1196259.3567398118,240844746227.6739,MLB,MLB,regression_tree
MLB,Dean Kremer,2021,705500,1196259.3567398118,240844746227.6739,MLB,MLB,regression_tree
MLB,Chris Ellis,2021,700000,3534554.007518797,8034696421540.873,MLB,MLB,regression_tree
MLB,Zac Lowther,2021,700000,1196259.3567398118,246273349151.81183,MLB,MLB,regression_tree
MLB,Spenser Watkins,2021,700000,2496038.3161764704,3225753633174.0107,MLB,MLB,regression_tree
MLB,Dean Kremer,2021,280627,1196259.3567398118,838382612708.902,MLB,MLB,regression_tree
MLB,James Paxton,2021,10000000,6378000,13118884000000,MLB,MLB,regression_tree
MLB,Michael Wacha,2021,7000000,2496038.3161764704,20285670849350.484,MLB,MLB,regression_tree
MLB,Rich Hill,2021,5000000,6938325.923611111,3757107386142.8667,MLB,MLB,regression_tree
MLB,Nick Pivetta,2021,2650000,16773727.272727273,199479672074380.2,MLB,MLB,regression_tree
MLB,Tanner Houck,2021,716000,1196259.3567398118,230649049736.13785,MLB,MLB,regression_tree
MLB,Kutter Crawford,2021,702000,1196259.3567398118,244292311724.85257,MLB,MLB,regression_tree
MLB,Connor Seabold,2021,700000,1196259.3567398118,246273349151.81183,MLB,MLB,regression_tree
MLB,Marcus Stroman,2021,23666667,17190228.363636363,41944257410583.68,MLB,MLB,regression_tree
MLB,Drew Smyly,2021,5250000,12398073.776699029,51094958717132.32,MLB,MLB,regression_tree
MLB,Steven Brault,2021,1500000,2496038.3161764704,992092327291.6583,MLB,MLB,regression_tree
MLB,Alec Mills,2021,741250,2496038.3161764704,3079282034589.452,MLB,MLB,regression_tree
MLB,Adbert Alzolay,2021,718250,1196259.3567398118,228492945130.8087,MLB,MLB,regression_tree
MLB,Adrian Sampson,2021,700000,3534554.007518797,8034696421540.873,MLB,MLB,regression_tree
MLB,Lance Lynn,2021,19000000,12398073.776699029,43585429857909.02,MLB,MLB,regression_tree
MLB,Lucas Giolito,2021,7450000,3973936.4208333334,12083018006408.977,MLB,MLB,regression_tree
MLB,Johnny Cueto,2021,4200000,6938325.923611111,7498428863920.645,MLB,MLB,regression_tree
MLB,Vince Velasquez,2021,3000000,2496038.3161764704,253977378762.24725,MLB,MLB,regression_tree
MLB,Dylan Cease,2021,2457426,1196259.3567398118,1590541302072.1707,MLB,MLB,regression_tree
MLB,Dylan Cease,2021,750000,1196259.3567398118,199147413477.83063,MLB,MLB,regression_tree
MLB,Jimmy Lambert,2021,700000,1196259.3567398118,246273349151.81183,MLB,MLB,regression_tree
MLB,Luis Castillo,2021,7350000,6938325.923611111,169475545170.6448,MLB,MLB,regression_tree
MLB,Tyler Mahle,2021,5200000,3973936.4208333334,1503231900158.977,MLB,MLB,regression_tree
MLB,Justin Dunn,2021,720000,1196259.3567398118,226822974882.21936,MLB,MLB,regression_tree
MLB,Vladimir Gutierrez,2021,707500,1196259.3567398118,238885708800.71466,MLB,MLB,regression_tree
MLB,Chase Anderson,2021,700000,2496038.3161764704,3225753633174.0107,MLB,MLB,regression_tree
MLB,T.J. Zeuch,2021,700000,1196259.3567398118,246273349151.81183,MLB,MLB,regression_tree
MLB,Riley O'Brien,2021,700000,1196259.3567398118,246273349151.81183,MLB,MLB,regression_tree
MLB,Reiver Sanmartin,2021,700000,1196259.3567398118,246273349151.81183,MLB,MLB,regression_tree
MLB,Shane Bieber,2021,6000000,1196259.3567398118,23075924167709.81,MLB,MLB,regression_tree
MLB,Cal Quantrill,2021,2510000,1196259.3567398118,1725914477753.6929,MLB,MLB,regression_tree
MLB,Zach Plesac,2021,2000000,1196259.3567398118,645999021628.301,MLB,MLB,regression_tree
MLB,Aaron Civale,2021,716900,1196259.3567398118,229785392894.0062,MLB,MLB,regression_tree
MLB,Triston McKenzie,2021,707100,1196259.3567398118,239276876286.1065,MLB,MLB,regression_tree
MLB,Eli Morgan,2021,702100,1196259.3567398118,244193469853.5046,MLB,MLB,regression_tree
MLB,Logan Allen,2021,701700,1196259.3567398118,244588957338.89645,MLB,MLB,regression_tree
MLB,Triston McKenzie,2021,531152,1196259.3567398118,442367795989.4193,MLB,MLB,regression_tree
MLB,Kyle Freeland,2021,12900000,6938325.923611111,35541557793087.31,MLB,MLB,regression_tree
MLB,Antonio Senzatela,2021,10100000,1196259.3567398118,79276597442443.36,MLB,MLB,regression_tree
MLB,Chad Kuhl,2021,3000000,2496038.3161764704,253977378762.24725,MLB,MLB,regression_tree
MLB,Peter Lambert,2021,762500,1196259.3567398118,188147179559.33536,MLB,MLB,regression_tree
MLB,Austin Gomber,2021,710000,1196259.3567398118,236448162017.0156,MLB,MLB,regression_tree
MLB,José Ureña,2021,700000,2496038.3161764704,3225753633174.0107,MLB,MLB,regression_tree
MLB,Ryan Feltner,2021,700000,1196259.3567398118,246273349151.81183,MLB,MLB,regression_tree
MLB,Eduardo Rodríguez,2021,15400000,12398073.776699029,9011561050142.031,MLB,MLB,regression_tree
MLB,Michael Pineda,2021,5500000,6938325.923611111,2068781462531.7556,MLB,MLB,regression_tree
MLB,Spencer Turnbull,2021,1825000,3534554.007518797,2922574904623.5796,MLB,MLB,regression_tree
MLB,Wily Peralta,2021,2500000,3534554.007518797,1070301994473.2035,MLB,MLB,regression_tree
MLB,Casey Mize,2021,714200,1196259.3567398118,232381223420.40115,MLB,MLB,regression_tree
MLB,Tarik Skubal,2021,713600,1196259.3567398118,232960054648.48895,MLB,MLB,regression_tree
MLB,Matt Manning,2021,705300,1196259.3567398118,241041089970.3698,MLB,MLB,regression_tree
MLB,Luis Castillo,2021,700000,6938325.923611111,38916710329198.42,MLB,MLB,regression_tree
MLB,Tarik Skubal,2021,293739,1196259.3567398118,814542994329.7572,MLB,MLB,regression_tree
MLB,Framber Valdez,2021,3000000,1196259.3567398118,3253480308148.6772,MLB,MLB,regression_tree
MLB,José Urquidy,2021,748700,1196259.3567398118,200309377805.35416,MLB,MLB,regression_tree
MLB,Zack Greinke,2021,13000000,7599250.804347826,29168091874337.6,MLB,MLB,regression_tree
MLB,Brad Keller,2021,4825000,1196259.3567398118,13167758656048.365,MLB,MLB,regression_tree
MLB,Brady Singer,2021,726250,1196259.3567398118,220908795422.9717,MLB,MLB,regression_tree
MLB,Kris Bubic,2021,713750,1196259.3567398118,232815279341.467,MLB,MLB,regression_tree
MLB,Jackson Kowar,2021,702000,1196259.3567398118,244292311724.85257,MLB,MLB,regression_tree
MLB,Ángel Zerpa,2021,700000,1196259.3567398118,246273349151.81183,MLB,MLB,regression_tree
MLB,Brady Singer,2021,421437,1196259.3567398118,600349684503.8362,MLB,MLB,regression_tree
MLB,Noah Syndergaard,2021,21000000,2496038.3161764704,342396597996409.3,MLB,MLB,regression_tree
MLB,Griffin Canning,2021,730000,1196259.3567398118,217397787747.42313,MLB,MLB,regression_tree
MLB,Jaime Barria,2021,730000,1196259.3567398118,217397787747.42313,MLB,MLB,regression_tree
MLB,José Suarez,2021,720000,1196259.3567398118,226822974882.21936,MLB,MLB,regression_tree
MLB,Patrick Sandoval,2021,720000,1196259.3567398118,226822974882.21936,MLB,MLB,regression_tree
MLB,Reid Detmers,2021,710000,1196259.3567398118,236448162017.0156,MLB,MLB,regression_tree
MLB,Cooper Criswell,2021,710000,1196259.3567398118,236448162017.0156,MLB,MLB,regression_tree
MLB,Jhonathan Díaz,2021,700000,1196259.3567398118,246273349151.81183,MLB,MLB,regression_tree
MLB,Janson Junk,2021,700000,1196259.3567398118,246273349151.81183,MLB,MLB,regression_tree
MLB,Patrick Sandoval,2021,432834,1196259.3567398118,582818275313.309,MLB,MLB,regression_tree
MLB,Reid Detmers,2021,284691,1196259.3567398118,830956869009.3208,MLB,MLB,regression_tree
MLB,Clayton Kershaw,2021,17000000,17190228.363636363,36186830331.76846,MLB,MLB,regression_tree
MLB,Andrew Heaney,2021,8500000,16773727.272727273,68454562983471.086,MLB,MLB,regression_tree
MLB,Julio Urías,2021,8000000,3973936.4208333334,16209187943492.31,MLB,MLB,regression_tree
MLB,Tyler Anderson,2021,8000000,6938325.923611111,1127151844476.2004,MLB,MLB,regression_tree
MLB,Danny Duffy,2021,3000000,3534554.007518797,285747986954.40625,MLB,MLB,regression_tree
MLB,Dustin May,2021,730000,1196259.3567398118,217397787747.42313,MLB,MLB,regression_tree
MLB,Tony Gonsolin,2021,720000,1196259.3567398118,226822974882.21936,MLB,MLB,regression_tree
MLB,Tony Gonsolin,2021,529938,1196259.3567398118,443984150447.58356,MLB,MLB,regression_tree
MLB,Sandy Alcantara,2021,11200000,3973936.4208333334,52215994850158.98,MLB,MLB,regression_tree
MLB,Pablo López,2021,2450000,1196259.3567398118,1571865600562.4705,MLB,MLB,regression_tree
MLB,Elieser Hernández,2021,1325000,1196259.3567398118,16574153227.047033,MLB,MLB,regression_tree
MLB,Trevor Rogers,2021,722000,1196259.3567398118,224921937455.2601,MLB,MLB,regression_tree
MLB,Jesús Luzardo,2021,715000,1196259.3567398118,231610568449.61746,MLB,MLB,regression_tree
MLB,Zach Thompson,2021,705000,1196259.3567398118,241335755584.4137,MLB,MLB,regression_tree
MLB,Daniel Castano,2021,705000,1196259.3567398118,241335755584.4137,MLB,MLB,regression_tree
MLB,Cody Poteet,2021,704000,1196259.3567398118,242319274297.89334,MLB,MLB,regression_tree
MLB,Edward Cabrera,2021,700000,1196259.3567398118,246273349151.81183,MLB,MLB,regression_tree
MLB,Braxton Garrett,2021,700000,1196259.3567398118,246273349151.81183,MLB,MLB,regression_tree
MLB,Nick Neidert,2021,700000,1196259.3567398118,246273349151.81183,MLB,MLB,regression_tree
MLB,Jesús Luzardo,2021,288794,1196259.3567398118,823493373682.914,MLB,MLB,regression_tree
MLB,Brandon Woodruff,2021,6800000,16773727.272727273,99475235710743.81,MLB,MLB,regression_tree
MLB,Corbin Burnes,2021,6500000,1196259.3567398118,28129664810969.996,MLB,MLB,regression_tree
MLB,Eric Lauer,2021,2425000,1196259.3567398118,1509803568399.461,MLB,MLB,regression_tree
MLB,Adrian Houser,2021,2425000,7599250.804347826,26772871386294.125,MLB,MLB,regression_tree
MLB,José Ureña,2021,1250000,2496038.3161764704,1552611485379.8936,MLB,MLB,regression_tree
MLB,Dylan Bundy,2021,5000000,2496038.3161764704,6269824114056.366,MLB,MLB,regression_tree
MLB,Chris Archer,2021,3500000,2496038.3161764704,1007939062585.7769,MLB,MLB,regression_tree
MLB,Bailey Ober,2021,706200,1196259.3567398118,240158173128.23816,MLB,MLB,regression_tree
MLB,Joe Ryan,2021,701650,1196259.3567398118,244638415774.57043,MLB,MLB,regression_tree
MLB,Chi Chi González,2021,700000,2496038.3161764704,3225753633174.0107,MLB,MLB,regression_tree
MLB,Aaron Sanchez,2021,700000,3534554.007518797,8034696421540.873,MLB,MLB,regression_tree
MLB,Griffin Jax,2021,700000,1196259.3567398118,246273349151.81183,MLB,MLB,regression_tree
MLB,Joe Ryan,2021,265573,1196259.3567398118,866177094621.6243,MLB,MLB,regression_tree
MLB,Max Scherzer,2021,43333333,31928333.3,130074018157000.08,MLB,MLB,regression_tree
MLB,Trevor Williams,2021,3900000,3534554.007518797,133550773420.57135,MLB,MLB,regression_tree
MLB,Joey Lucchesi,2021,1150000,3534554.007518797,5686097814773.956,MLB,MLB,regression_tree
MLB,Tylor Megill,2021,707500,1196259.3567398118,238885708800.71466,MLB,MLB,regression_tree
MLB,David Peterson,2021,700000,1196259.3567398118,246273349151.81183,MLB,MLB,regression_tree
MLB,Jordan Montgomery,2021,6000000,6938325.923611111,880455538920.6445,MLB,MLB,regression_tree
MLB,Jameson Taillon,2021,5800000,6938325.923611111,1295785908365.0889,MLB,MLB,regression_tree
MLB,Domingo Germán,2021,1750000,3534554.007518797,3184633005751.3994,MLB,MLB,regression_tree
MLB,Nestor Cortes,2021,727500,1196259.3567398118,219735334531.12216,MLB,MLB,regression_tree
MLB,Clarke Schmidt,2021,712500,1196259.3567398118,234023115233.31653,MLB,MLB,regression_tree
MLB,Chi Chi González,2021,700000,2496038.3161764704,3225753633174.0107,MLB,MLB,regression_tree
MLB,Deivi García,2021,700000,1196259.3567398118,246273349151.81183,MLB,MLB,regression_tree
MLB,Luis Gil,2021,700000,1196259.3567398118,246273349151.81183,MLB,MLB,regression_tree
MLB,Nestor Cortes,2021,597831,1196259.3567398118,358116498150.3115,MLB,MLB,regression_tree
MLB,Zach Eflin,2021,5700000,1196259.3567398118,20283679781753.695,MLB,MLB,regression_tree
MLB,Hans Crouse,2021,700000,1196259.3567398118,246273349151.81183,MLB,MLB,regression_tree
MLB,Jerad Eickhoff,2021,1000000,2496038.3161764704,2238130643468.129,MLB,MLB,regression_tree
MLB,JT Brubaker,2021,725000,1196259.3567398118,222085381314.82123,MLB,MLB,regression_tree
MLB,Mitch Keller,2021,725000,1196259.3567398118,222085381314.82123,MLB,MLB,regression_tree
MLB,Bryse Wilson,2021,715000,1196259.3567398118,231610568449.61746,MLB,MLB,regression_tree
MLB,Dillon Peters,2021,715000,3534554.007518797,7949884801315.31,MLB,MLB,regression_tree
MLB,Wil Crowe,2021,715000,1196259.3567398118,231610568449.61746,MLB,MLB,regression_tree
MLB,Miguel Yajure,2021,705000,1196259.3567398118,241335755584.4137,MLB,MLB,regression_tree
MLB,Max Kranick,2021,705000,1196259.3567398118,241335755584.4137,MLB,MLB,regression_tree
MLB,Chase De Jong,2021,700000,1196259.3567398118,246273349151.81183,MLB,MLB,regression_tree
MLB,Roansy Contreras,2021,700000,1196259.3567398118,246273349151.81183,MLB,MLB,regression_tree
MLB,Mitch Keller,2021,252104,1196259.3567398118,891429337660.4813,MLB,MLB,regression_tree
MLB,Joe Musgrove,2021,8625000,12398073.776699029,14236085724413.873,MLB,MLB,regression_tree
MLB,Chris Paddack,2021,2250000,1196259.3567398118,1110369343258.3953,MLB,MLB,regression_tree
MLB,Adrián Morejón,2021,704500,1196259.3567398118,241827264941.1535,MLB,MLB,regression_tree
MLB,Ryan Weathers,2021,700000,1196259.3567398118,246273349151.81183,MLB,MLB,regression_tree
MLB,Robbie Ray,2021,23000000,12398073.776699029,112400839644316.8,MLB,MLB,regression_tree
MLB,Justus Sheffield,2021,760800,1196259.3567398118,189624851372.2507,MLB,MLB,regression_tree
MLB,Logan Gilbert,2021,712300,1196259.3567398118,234216658976.01245,MLB,MLB,regression_tree
MLB,Carlos Rodón,2021,22000000,12398073.776699029,92196987197714.84,MLB,MLB,regression_tree
MLB,Anthony DeSclafani,2021,12000000,17190228.363636363,26938470466695.402,MLB,MLB,regression_tree
MLB,Alex Wood,2021,12500000,12398073.776699029,10388954996.399422,MLB,MLB,regression_tree
MLB,Alex Cobb,2021,10000000,6938325.923611111,9373848150031.756,MLB,MLB,regression_tree
MLB,Matthew Boyd,2021,5200000,3534554.007518797,2773710353871.6987,MLB,MLB,regression_tree
MLB,Logan Webb,2021,730000,1196259.3567398118,217397787747.42313,MLB,MLB,regression_tree
MLB,Logan Webb,2021,572075,1196259.3567398118,389606111198.6927,MLB,MLB,regression_tree
MLB,Steven Matz,2021,11000000,12398073.776699029,1954610285093.486,MLB,MLB,regression_tree
MLB,Adam Wainwright,2021,17500000,7599250.804347826,98024834635207.17,MLB,MLB,regression_tree
MLB,Jack Flaherty,2021,5000000,1196259.3567398118,14468442881189.432,MLB,MLB,regression_tree
MLB,Dakota Hudson,2021,1050000,1196259.3567398118,21391799433.943542,MLB,MLB,regression_tree
MLB,Packy Naughton,2021,700000,1196259.3567398118,246273349151.81183,MLB,MLB,regression_tree
MLB,Johan Oviedo,2021,700000,1196259.3567398118,246273349151.81183,MLB,MLB,regression_tree
MLB,Corey Kluber,2021,8000000,3534554.007518797,19940207911766.434,MLB,MLB,regression_tree
MLB,Tyler Glasnow,2021,5100000,1196259.3567398118,15239191009841.469,MLB,MLB,regression_tree
MLB,Ryan Yarbrough,2021,3850000,2496038.3161764704,1833212241262.2476,MLB,MLB,regression_tree
MLB,Shane McClanahan,2021,711400,1196259.3567398118,235088595818.1441,MLB,MLB,regression_tree
MLB,Luis Patiño,2021,707400,1196259.3567398118,238983470672.06262,MLB,MLB,regression_tree
MLB,Shane Baz,2021,701100,1196259.3567398118,245182788566.98422,MLB,MLB,regression_tree
MLB,Shane McClanahan,2021,563144,1196259.3567398118,400835054939.7792,MLB,MLB,regression_tree
MLB,Jon Gray,2021,14000000,6938325.923611111,49867240761142.87,MLB,MLB,regression_tree
MLB,Garrett Richards,2021,5500000,2496038.3161764704,9023785797879.895,MLB,MLB,regression_tree
MLB,Martín Pérez,2021,4000000,2496038.3161764704,2261900746409.3066,MLB,MLB,regression_tree
MLB,Matt Moore,2021,2500000,2496038.3161764704,15694938.717616355,MLB,MLB,regression_tree
MLB,Kolby Allard,2021,720000,1196259.3567398118,226822974882.21936,MLB,MLB,regression_tree
MLB,Spencer Howard,2021,714000,1196259.3567398118,232574087163.0971,MLB,MLB,regression_tree
MLB,Dane Dunning,2021,714000,1196259.3567398118,232574087163.0971,MLB,MLB,regression_tree
MLB,Dallas Keuchel,2021,700000,2496038.3161764704,3225753633174.0107,MLB,MLB,regression_tree
MLB,A.J. Alexy,2021,700000,1196259.3567398118,246273349151.81183,MLB,MLB,regression_tree
MLB,Glenn Otto,2021,700000,1196259.3567398118,246273349151.81183,MLB,MLB,regression_tree
MLB,José Berríos,2021,18714286,3973936.4208333334,217277905716038.9,MLB,MLB,regression_tree
MLB,Kevin Gausman,2021,22000000,17190228.363636363,23133903193968.137,MLB,MLB,regression_tree
MLB,Yusei Kikuchi,2021,12000000,6938325.923611111,25620544455587.312,MLB,MLB,regression_tree
MLB,Ross Stripling,2021,3790000,2496038.3161764704,1674336839203.424,MLB,MLB,regression_tree
MLB,Alek Manoah,2021,2191023,1196259.3567398118,989554705952.283,MLB,MLB,regression_tree
MLB,Alek Manoah,2021,730000,1196259.3567398118,217397787747.42313,MLB,MLB,regression_tree
MLB,Thomas Hatch,2021,715800,1196259.3567398118,230841193478.83377,MLB,MLB,regression_tree
MLB,Joe Ross,2021,2400000,3534554.007518797,1287212795976.963,MLB,MLB,regression_tree
MLB,Erick Fedde,2021,2150000,2496038.3161764704,119742516262.24687,MLB,MLB,regression_tree
MLB,Aaron Sanchez,2021,2000000,3534554.007518797,2354856001992.0005,MLB,MLB,regression_tree
MLB,Paolo Espino,2021,716200,3534554.007518797,7943119311697.265,MLB,MLB,regression_tree
MLB,Josiah Gray,2021,703500,1196259.3567398118,242811783654.63315,MLB,MLB,regression_tree
MLB,Joan Adon,2021,700200,1196259.3567398118,246074885409.1159,MLB,MLB,regression_tree
MLB,Josh Rogers,2021,700000,1196259.3567398118,246273349151.81183,MLB,MLB,regression_tree
MLB,Merrill Kelly,2022,9000000,12398073.776699029,11546905391889.602,MLB,MLB,regression_tree
MLB,Zac Gallen,2022,5600000,3973936.4208333334,2644082763492.31,MLB,MLB,regression_tree
MLB,Zach Davies,2022,5000000,3534554.007518797,2147531956879.2175,MLB,MLB,regression_tree
MLB,Drey Jameson,2022,723600,1196259.3567398118,223406867513.69272,MLB,MLB,regression_tree
MLB,Ryne Nelson,2022,722700,1196259.3567398118,224258464355.82437,MLB,MLB,regression_tree
MLB,Tyler Gilbert,2022,720000,2496038.3161764704,3154312100526.952,MLB,MLB,regression_tree
MLB,Tommy Henry,2022,720000,1196259.3567398118,226822974882.21936,MLB,MLB,regression_tree
MLB,Paul Blackburn,2022,1900000,6938325.923611111,25384728112531.754,MLB,MLB,regression_tree
MLB,Cole Irvin,2022,737600,6938325.923611111,38449001979742.87,MLB,MLB,regression_tree
MLB,James Kaprielian,2022,730000,3534554.007518797,7865523181089.745,MLB,MLB,regression_tree
MLB,Kyle Muller,2022,720000,1196259.3567398118,226822974882.21936,MLB,MLB,regression_tree
MLB,Adam Oller,2022,720000,1196259.3567398118,226822974882.21936,MLB,MLB,regression_tree
MLB,Adrián Martínez,2022,720000,1196259.3567398118,226822974882.21936,MLB,MLB,regression_tree
MLB,JP Sears,2022,720000,1196259.3567398118,226822974882.21936,MLB,MLB,regression_tree
MLB,Ken Waldichuk,2022,720000,1196259.3567398118,226822974882.21936,MLB,MLB,regression_tree
MLB,Spencer Strider,2022,12500000,1196259.3567398118,127774552530092.27,MLB,MLB,regression_tree
MLB,Charlie Morton,2022,20000000,16773727.272727273,10408835710743.797,MLB,MLB,regression_tree
MLB,Max Fried,2022,13500000,17190228.363636363,13617785375786.312,MLB,MLB,regression_tree
MLB,Spencer Strider,2022,1692833,1196259.3567398118,246585383180.69662,MLB,MLB,regression_tree
MLB,Kyle Wright,2022,750000,3973936.4208333334,10393766045575.645,MLB,MLB,regression_tree
MLB,Huascar Ynoa,2022,750000,1196259.3567398118,199147413477.83063,MLB,MLB,regression_tree
MLB,Bryce Elder,2022,720000,1196259.3567398118,226822974882.21936,MLB,MLB,regression_tree
MLB,Dane Dunning,2022,446638,1196259.3567398118,561932178480.4363,MLB,MLB,regression_tree
MLB,Bryce Elder,2022,392639,1196259.3567398118,645805677766.6224,MLB,MLB,regression_tree
MLB,Kyle Gibson,2022,10000000,12398073.776699029,5750757838491.544,MLB,MLB,regression_tree
MLB,Kyle Bradish,2022,1666786,1196259.3567398118,221395322017.70038,MLB,MLB,regression_tree
MLB,Tyler Wells,2022,732400,1196259.3567398118,215165502835.07202,MLB,MLB,regression_tree
MLB,Dean Kremer,2022,731200,1196259.3567398118,216280205291.24756,MLB,MLB,regression_tree
MLB,Kyle Bradish,2022,728100,1196259.3567398118,219173183303.0344,MLB,MLB,regression_tree
MLB,Bruce Zimmermann,2022,720000,1196259.3567398118,226822974882.21936,MLB,MLB,regression_tree
MLB,Spenser Watkins,2022,720000,2496038.3161764704,3154312100526.952,MLB,MLB,regression_tree
MLB,Dean Kremer,2022,276862,1196259.3567398118,845291499580.1528,MLB,MLB,regression_tree
MLB,Corey Kluber,2022,10000000,7599250.804347826,5763596700424.56,MLB,MLB,regression_tree
MLB,Nick Pivetta,2022,5350000,12398073.776699029,49675343961792.516,MLB,MLB,regression_tree
MLB,Kutter Crawford,2022,730000,1196259.3567398118,217397787747.42313,MLB,MLB,regression_tree
MLB,Brayan Bello,2022,729500,1196259.3567398118,217864297104.16293,MLB,MLB,regression_tree
MLB,Josh Winckowski,2022,722000,1196259.3567398118,224921937455.2601,MLB,MLB,regression_tree
MLB,Connor Seabold,2022,722000,1196259.3567398118,224921937455.2601,MLB,MLB,regression_tree
MLB,Kutter Crawford,2022,343008,1196259.3567398118,728037877778.3296,MLB,MLB,regression_tree
MLB,Brayan Bello,2022,334768,1196259.3567398118,742167357737.4017,MLB,MLB,regression_tree
MLB,Jameson Taillon,2022,17000000,17190228.363636363,36186830331.76846,MLB,MLB,regression_tree
MLB,Drew Smyly,2022,9500000,6938325.923611111,6562174073642.867,MLB,MLB,regression_tree
MLB,Adrian Sampson,2022,1900000,3534554.007518797,2671766803495.7603,MLB,MLB,regression_tree
MLB,Justin Steele,2022,1673331,1196259.3567398118,227597352802.97626,MLB,MLB,regression_tree
MLB,Keegan Thompson,2022,740000,1196259.3567398118,208172600612.62686,MLB,MLB,regression_tree
MLB,Justin Steele,2022,740000,1196259.3567398118,208172600612.62686,MLB,MLB,regression_tree
MLB,Javier Assad,2022,721500,1196259.3567398118,225396446811.9999,MLB,MLB,regression_tree
MLB,Hayden Wesneski,2022,721500,1196259.3567398118,225396446811.9999,MLB,MLB,regression_tree
MLB,Caleb Kilian,2022,720000,1196259.3567398118,226822974882.21936,MLB,MLB,regression_tree
MLB,Javier Assad,2022,261955,1196259.3567398118,872924631022.9935,MLB,MLB,regression_tree
MLB,Mike Clevinger,2022,12000000,6938325.923611111,25620544455587.312,MLB,MLB,regression_tree
MLB,Lucas Giolito,2022,10400000,1196259.3567398118,84708841828399.47,MLB,MLB,regression_tree
MLB,Dylan Cease,2022,5700000,3973936.4208333334,2979295479325.6436,MLB,MLB,regression_tree
MLB,Michael Kopech,2022,2050000,1196259.3567398118,728873085954.3198,MLB,MLB,regression_tree
MLB,José Ureña,2022,720000,2496038.3161764704,3154312100526.952,MLB,MLB,regression_tree
MLB,Hunter Greene,2022,8833333,1196259.3567398118,58324893832579.445,MLB,MLB,regression_tree
MLB,Justin Dunn,2022,900000,1196259.3567398118,87769606455.88708,MLB,MLB,regression_tree
MLB,Hunter Greene,2022,730000,1196259.3567398118,217397787747.42313,MLB,MLB,regression_tree
MLB,Nick Lodolo,2022,730000,1196259.3567398118,217397787747.42313,MLB,MLB,regression_tree
MLB,Connor Overton,2022,730000,3534554.007518797,7865523181089.745,MLB,MLB,regression_tree
MLB,Vladimir Gutierrez,2022,730000,1196259.3567398118,217397787747.42313,MLB,MLB,regression_tree
MLB,Graham Ashcraft,2022,722500,1196259.3567398118,224447928098.5203,MLB,MLB,regression_tree
MLB,Chase Anderson,2022,720000,2496038.3161764704,3154312100526.952,MLB,MLB,regression_tree
MLB,Shane Bieber,2022,10010000,3973936.4208333334,36434063531742.31,MLB,MLB,regression_tree
MLB,Cal Quantrill,2022,5500000,3973936.4208333334,2328870047658.977,MLB,MLB,regression_tree
MLB,Zach Plesac,2022,2950000,1196259.3567398118,3075606243822.6587,MLB,MLB,regression_tree
MLB,Aaron Civale,2022,2600000,1196259.3567398118,1970487793540.5269,MLB,MLB,regression_tree
MLB,Triston McKenzie,2022,739500,3973936.4208333334,10461578960413.145,MLB,MLB,regression_tree
MLB,Cody Morris,2022,720200,1196259.3567398118,226632511139.52344,MLB,MLB,regression_tree
MLB,Hunter Gaddis,2022,720100,1196259.3567398118,226727733010.8714,MLB,MLB,regression_tree
MLB,Xzavion Curry,2022,720100,1196259.3567398118,226727733010.8714,MLB,MLB,regression_tree
MLB,Konnor Pilkington,2022,720000,1196259.3567398118,226822974882.21936,MLB,MLB,regression_tree
MLB,José Ureña,2022,3500000,2496038.3161764704,1007939062585.7769,MLB,MLB,regression_tree
MLB,Austin Gomber,2022,1650000,2496038.3161764704,715780832438.7173,MLB,MLB,regression_tree
MLB,Ryan Feltner,2022,722000,1196259.3567398118,224921937455.2601,MLB,MLB,regression_tree
MLB,Chris Flexen,2022,720000,1196259.3567398118,226822974882.21936,MLB,MLB,regression_tree
MLB,Michael Lorenzen,2022,8500000,6938325.923611111,2438825920865.0894,MLB,MLB,regression_tree
MLB,Tyler Alexander,2022,1875000,1196259.3567398118,460688860813.254,MLB,MLB,regression_tree
MLB,Rony García,2022,830000,1196259.3567398118,134145916399.46075,MLB,MLB,regression_tree
MLB,Tarik Skubal,2022,743700,1196259.3567398118,204809971372.75226,MLB,MLB,regression_tree
MLB,Casey Mize,2022,734200,1196259.3567398118,213498849150.8087,MLB,MLB,regression_tree
MLB,Matt Manning,2022,729200,1196259.3567398118,218144442718.20682,MLB,MLB,regression_tree
MLB,Beau Brieske,2022,724400,1196259.3567398118,222651252542.909,MLB,MLB,regression_tree
MLB,Joey Wentz,2022,723500,1196259.3567398118,223501409385.04068,MLB,MLB,regression_tree
MLB,Zach Logue,2022,720000,1196259.3567398118,226822974882.21936,MLB,MLB,regression_tree
MLB,Alex Faedo,2022,720000,1196259.3567398118,226822974882.21936,MLB,MLB,regression_tree
MLB,Tarik Skubal,2022,408487,1196259.3567398118,620585286043.3973,MLB,MLB,regression_tree
MLB,Cristian Javier,2022,12800000,1196259.3567398118,134646796916048.38,MLB,MLB,regression_tree
MLB,Framber Valdez,2022,6800000,12398073.776699029,31338430009365.33,MLB,MLB,regression_tree
MLB,José Urquidy,2022,3025000,1196259.3567398118,3344292340311.687,MLB,MLB,regression_tree
MLB,Jordan Lyles,2022,8500000,7599250.804347826,811349113468.0381,MLB,MLB,regression_tree
MLB,Zack Greinke,2022,8500000,3534554.007518797,24655653904247.637,MLB,MLB,regression_tree
MLB,Brad Keller,2022,5775000,1196259.3567398118,20964865878242.723,MLB,MLB,regression_tree
MLB,Brady Singer,2022,2950000,1196259.3567398118,3075606243822.6587,MLB,MLB,regression_tree
MLB,Kris Bubic,2022,2200000,1196259.3567398118,1007495278932.3763,MLB,MLB,regression_tree
MLB,Ángel Zerpa,2022,721400,1196259.3567398118,225491408683.34787,MLB,MLB,regression_tree
MLB,Cole Ragans,2022,381333,1196259.3567398118,664104966909.223,MLB,MLB,regression_tree
MLB,Tyler Anderson,2022,13000000,7599250.804347826,29168091874337.6,MLB,MLB,regression_tree
MLB,Patrick Sandoval,2022,2750000,1196259.3567398118,2414109986518.5835,MLB,MLB,regression_tree
MLB,José Suarez,2022,750000,1196259.3567398118,199147413477.83063,MLB,MLB,regression_tree
MLB,Tucker Davidson,2022,740000,1196259.3567398118,208172600612.62686,MLB,MLB,regression_tree
MLB,Reid Detmers,2022,740000,1196259.3567398118,208172600612.62686,MLB,MLB,regression_tree
MLB,Jhonathan Díaz,2022,720000,1196259.3567398118,226822974882.21936,MLB,MLB,regression_tree
MLB,Chase Silseth,2022,720000,1196259.3567398118,226822974882.21936,MLB,MLB,regression_tree
MLB,Reid Detmers,2022,274063,1196259.3567398118,850446120384.1823,MLB,MLB,regression_tree
MLB,Clayton Kershaw,2022,20000000,17190228.363636363,7894816648513.589,MLB,MLB,regression_tree
MLB,Julio Urías,2022,14250000,3973936.4208333334,105597482683075.62,MLB,MLB,regression_tree
MLB,Noah Syndergaard,2022,13000000,7599250.804347826,29168091874337.6,MLB,MLB,regression_tree
MLB,Walker Buehler,2022,8025000,1196259.3567398118,46631698772913.57,MLB,MLB,regression_tree
MLB,Tony Gonsolin,2022,3325000,12398073.776699029,82320667757423.58,MLB,MLB,regression_tree
MLB,Dustin May,2022,1675000,1196259.3567398118,229192603509.17874,MLB,MLB,regression_tree
MLB,Michael Grove,2022,722500,1196259.3567398118,224447928098.5203,MLB,MLB,regression_tree
MLB,Ryan Pepiot,2022,722500,1196259.3567398118,224447928098.5203,MLB,MLB,regression_tree
MLB,Johnny Cueto,2022,8500000,6938325.923611111,2438825920865.0894,MLB,MLB,regression_tree
MLB,Pablo López,2022,5450000,3973936.4208333334,2178763689742.3103,MLB,MLB,regression_tree
MLB,Jesús Luzardo,2022,2450000,1196259.3567398118,1571865600562.4705,MLB,MLB,regression_tree
MLB,Devin Smeltzer,2022,1000000,1196259.3567398118,38517735107.92472,MLB,MLB,regression_tree
MLB,Trevor Rogers,2022,752000,1196259.3567398118,197366376050.8714,MLB,MLB,regression_tree
MLB,Braxton Garrett,2022,732000,1196259.3567398118,215536750320.46387,MLB,MLB,regression_tree
MLB,Edward Cabrera,2022,731000,1196259.3567398118,216466269033.94348,MLB,MLB,regression_tree
MLB,Max Meyer,2022,721500,1196259.3567398118,225396446811.9999,MLB,MLB,regression_tree
MLB,Chi Chi González,2022,720000,2496038.3161764704,3154312100526.952,MLB,MLB,regression_tree
MLB,Daniel Castano,2022,720000,1196259.3567398118,226822974882.21936,MLB,MLB,regression_tree
MLB,Braxton Garrett,2022,466898,1196259.3567398118,531967988705.33905,MLB,MLB,regression_tree
MLB,Aaron Ashby,2022,4100000,1196259.3567398118,8431709723321.093,MLB,MLB,regression_tree
MLB,Brandon Woodruff,2022,10800000,12398073.776699029,2553839795773.0977,MLB,MLB,regression_tree
MLB,Corbin Burnes,2022,10010000,3973936.4208333334,36434063531742.31,MLB,MLB,regression_tree
MLB,Eric Lauer,2022,5075000,1196259.3567398118,15044628977678.46,MLB,MLB,regression_tree
MLB,Wade Miley,2022,4500000,3534554.007518797,932085964398.0148,MLB,MLB,regression_tree
MLB,Adrian Houser,2022,3600000,2496038.3161764704,1218731399350.483,MLB,MLB,regression_tree
MLB,Bryse Wilson,2022,732600,1196259.3567398118,214979999092.3761,MLB,MLB,regression_tree
MLB,Jason Alexander,2022,732500,2496038.3161764704,3110067392622.5405,MLB,MLB,regression_tree
MLB,Janson Junk,2022,720000,1196259.3567398118,226822974882.21936,MLB,MLB,regression_tree
MLB,Ethan Small,2022,720000,1196259.3567398118,226822974882.21936,MLB,MLB,regression_tree
MLB,Chris Paddack,2022,4175000,1196259.3567398118,8872895819810.121,MLB,MLB,regression_tree
MLB,Tyler Mahle,2022,7500000,1196259.3567398118,39737146097490.375,MLB,MLB,regression_tree
MLB,Chris Paddack,2022,2400000,1196259.3567398118,1448991536236.4517,MLB,MLB,regression_tree
MLB,Joe Ryan,2022,730250,1196259.3567398118,217164720569.05322,MLB,MLB,regression_tree
MLB,Josh Winder,2022,725650,1196259.3567398118,221473166651.05948,MLB,MLB,regression_tree
MLB,Dallas Keuchel,2022,720000,2496038.3161764704,3154312100526.952,MLB,MLB,regression_tree
MLB,Bailey Ober,2022,720000,1196259.3567398118,226822974882.21936,MLB,MLB,regression_tree
MLB,Bailey Ober,2022,432752,1196259.3567398118,582943483795.8143,MLB,MLB,regression_tree
MLB,Joe Ryan,2022,341931,1196259.3567398118,729876941129.7472,MLB,MLB,regression_tree
MLB,Justin Verlander,2022,43333333,31928333.3,130074018157000.08,MLB,MLB,regression_tree
MLB,Jose Quintana,2022,13000000,6938325.923611111,36743892608365.09,MLB,MLB,regression_tree
MLB,Elieser Hernández,2022,1600000,1196259.3567398118,163006507020.1505,MLB,MLB,regression_tree
MLB,Tylor Megill,2022,750000,1196259.3567398118,199147413477.83063,MLB,MLB,regression_tree
MLB,David Peterson,2022,750000,1196259.3567398118,199147413477.83063,MLB,MLB,regression_tree
MLB,José Buttó,2022,720000,1196259.3567398118,226822974882.21936,MLB,MLB,regression_tree
MLB,Carlos Rodón,2022,27000000,12398073.776699029,213216249430724.56,MLB,MLB,regression_tree
MLB,Frankie Montas,2022,7500000,3534554.007518797,15724761919285.232,MLB,MLB,regression_tree
MLB,Nestor Cortes,2022,3200000,1196259.3567398118,4014976565452.7524,MLB,MLB,regression_tree
MLB,Domingo Germán,2022,2600000,3534554.007518797,873391192969.444,MLB,MLB,regression_tree
MLB,Luis Gil,2022,723400,1196259.3567398118,223595971256.38864,MLB,MLB,regression_tree
MLB,Taijuan Walker,2022,18000000,7599250.804347826,108175583830859.34,MLB,MLB,regression_tree
MLB,Ranger Suárez,2022,2950000,1196259.3567398118,3075606243822.6587,MLB,MLB,regression_tree
MLB,Bailey Falter,2022,733000,1196259.3567398118,214609231606.98425,MLB,MLB,regression_tree
MLB,Rich Hill,2022,8000000,6938325.923611111,1127151844476.2004,MLB,MLB,regression_tree
MLB,Mitch Keller,2022,2437500,1196259.3567398118,1540678334480.9658,MLB,MLB,regression_tree
MLB,JT Brubaker,2022,2275000,2496038.3161764704,48857937218.12928,MLB,MLB,regression_tree
MLB,Roansy Contreras,2022,725000,1196259.3567398118,222085381314.82123,MLB,MLB,regression_tree
MLB,Yu Darvish,2022,18000000,17190228.363636363,655730103059.0419,MLB,MLB,regression_tree
MLB,Joe Musgrove,2022,20000000,17190228.363636363,7894816648513.589,MLB,MLB,regression_tree
MLB,Michael Wacha,2022,6500000,7599250.804347826,1208352330859.3428,MLB,MLB,regression_tree
MLB,Ryan Weathers,2022,727600,1196259.3567398118,219641592659.7742,MLB,MLB,regression_tree
MLB,Luis Castillo,2022,21600000,16773727.272727273,23292908438016.523,MLB,MLB,regression_tree
MLB,Logan Gilbert,2022,767300,3973936.4208333334,10282517135414.81,MLB,MLB,regression_tree
MLB,George Kirby,2022,758300,1196259.3567398118,191808398155.94977,MLB,MLB,regression_tree
MLB,George Kirby,2022,613007,1196259.3567398118,340183311642.54474,MLB,MLB,regression_tree
MLB,Logan Gilbert,2022,468999,3973936.4208333334,12284586323957.818,MLB,MLB,regression_tree
MLB,Ross Stripling,2022,12500000,7599250.804347826,24017342678685.43,MLB,MLB,regression_tree
MLB,Sean Manaea,2022,12500000,2496038.3161764704,100079249371409.31,MLB,MLB,regression_tree
MLB,Logan Webb,2022,4600000,3973936.4208333334,391955605158.97705,MLB,MLB,regression_tree
MLB,Miles Mikolas,2022,18583333,7599250.804347826,120650061680843.08,MLB,MLB,regression_tree
MLB,Adam Wainwright,2022,17500000,7599250.804347826,98024834635207.17,MLB,MLB,regression_tree
MLB,Jordan Montgomery,2022,10000000,6938325.923611111,9373848150031.756,MLB,MLB,regression_tree
MLB,Jack Flaherty,2022,5400000,1196259.3567398118,17671435395797.582,MLB,MLB,regression_tree
MLB,Dakota Hudson,2022,2650000,1196259.3567398118,2113361857866.5457,MLB,MLB,regression_tree
MLB,Matthew Liberatore,2022,720000,1196259.3567398118,226822974882.21936,MLB,MLB,regression_tree
MLB,Zach Eflin,2022,13333333,3534554.007518797,96016069743490.92,MLB,MLB,regression_tree
MLB,Jeffrey Springs,2022,7750000,6938325.923611111,658814806281.756,MLB,MLB,regression_tree
MLB,Tyler Glasnow,2022,15175000,6378000,77387209000000,MLB,MLB,regression_tree
MLB,Yonny Chirinos,2022,1275000,3534554.007518797,5105584312894.257,MLB,MLB,regression_tree
MLB,Drew Rasmussen,2022,739700,1196259.3567398118,208446446226.67078,MLB,MLB,regression_tree
MLB,Shane McClanahan,2022,737000,1196259.3567398118,210919156753.06573,MLB,MLB,regression_tree
MLB,Shane Baz,2022,723600,1196259.3567398118,223406867513.69272,MLB,MLB,regression_tree
MLB,Elvin Rodríguez,2022,720000,1196259.3567398118,226822974882.21936,MLB,MLB,regression_tree
MLB,Luis Patiño,2022,720000,1196259.3567398118,226822974882.21936,MLB,MLB,regression_tree
MLB,Cooper Criswell,2022,720000,1196259.3567398118,226822974882.21936,MLB,MLB,regression_tree
MLB,Shane McClanahan,2022,349912,1196259.3567398118,716303848260.4663,MLB,MLB,regression_tree
MLB,Jacob deGrom,2022,37000000,16773727.272727273,409102108438016.5,MLB,MLB,regression_tree
MLB,Nathan Eovaldi,2022,17000000,6938325.923611111,101237285219476.19,MLB,MLB,regression_tree
MLB,Andrew Heaney,2022,12500000,6378000,37478884000000,MLB,MLB,regression_tree
MLB,Martín Pérez,2022,19650000,12398073.776699029,52590433948200.29,MLB,MLB,regression_tree
MLB,Dane Dunning,2022,742840,1196259.3567398118,205589113066.34476,MLB,MLB,regression_tree
MLB,Glenn Otto,2022,736340,1196259.3567398118,211525814703.9623,MLB,MLB,regression_tree
MLB,Spencer Howard,2022,733455,1196259.3567398118,214187872617.351,MLB,MLB,regression_tree
MLB,Cole Ragans,2022,724145,1196259.3567398118,222891965839.8463,MLB,MLB,regression_tree
MLB,Tyson Miller,2022,720000,1196259.3567398118,226822974882.21936,MLB,MLB,regression_tree
MLB,Chris Bassitt,2022,21000000,12398073.776699029,73993134751112.9,MLB,MLB,regression_tree
MLB,Alek Manoah,2022,745660,3973936.4208333334,10421768649308.477,MLB,MLB,regression_tree
MLB,Mitch White,2022,743000,1196259.3567398118,205444044472.18802,MLB,MLB,regression_tree
MLB,Thomas Hatch,2022,720000,1196259.3567398118,226822974882.21936,MLB,MLB,regression_tree
MLB,Chad Kuhl,2022,2000000,2496038.3161764704,246054011115.188,MLB,MLB,regression_tree
MLB,Josiah Gray,2022,730000,1196259.3567398118,217397787747.42313,MLB,MLB,regression_tree
MLB,MacKenzie Gore,2022,723300,1196259.3567398118,223690553127.7366,MLB,MLB,regression_tree
MLB,Cade Cavalli,2022,720200,1196259.3567398118,226632511139.52344,MLB,MLB,regression_tree
MLB,Joan Adon,2022,720000,1196259.3567398118,226822974882.21936,MLB,MLB,regression_tree
MLB,Cory Abbott,2022,720000,1196259.3567398118,226822974882.21936,MLB,MLB,regression_tree
MLB,Josiah Gray,2022,311171,1196259.3567398118,783381399236.3804,MLB,MLB,regression_tree
MLB,Eduardo Rodríguez,2023,20000000,12398073.776699029,57789282304510.97,MLB,MLB,regression_tree
MLB,Jordan Montgomery,2023,25000000,17190228.363636363,60992533012149.95,MLB,MLB,regression_tree
MLB,Zac Gallen,2023,10011000,10030874.5,394995750.25,MLB,MLB,regression_tree
MLB,Ryne Nelson,2023,764300,1196259.3567398118,186588885875.07202,MLB,MLB,regression_tree
MLB,Tommy Henry,2023,760500,1196259.3567398118,189886216986.2946,MLB,MLB,regression_tree
MLB,Brandon Pfaadt,2023,754400,1196259.3567398118,195239691138.5203,MLB,MLB,regression_tree
MLB,Logan Allen,2023,740000,1196259.3567398118,208172600612.62686,MLB,MLB,regression_tree
MLB,Slade Cecconi,2023,740000,1196259.3567398118,208172600612.62686,MLB,MLB,regression_tree
MLB,Ryne Nelson,2023,274561,1196259.3567398118,849527860816.8694,MLB,MLB,regression_tree
MLB,Brandon Pfaadt,2023,271783,1196259.3567398118,854656534170.9158,MLB,MLB,regression_tree
MLB,Paul Blackburn,2023,3450000,3534554.007518797,7149380187.488811,MLB,MLB,regression_tree
MLB,Osvaldo Bido,2023,750000,1196259.3567398118,199147413477.83063,MLB,MLB,regression_tree
MLB,Ken Waldichuk,2023,745000,1196259.3567398118,203635007045.22876,MLB,MLB,regression_tree
MLB,JP Sears,2023,745000,3973936.4208333334,10426030409783.977,MLB,MLB,regression_tree
MLB,Joey Estes,2023,740000,1196259.3567398118,208172600612.62686,MLB,MLB,regression_tree
MLB,Joe Boyle,2023,740000,1196259.3567398118,208172600612.62686,MLB,MLB,regression_tree
MLB,Kyle Muller,2023,740000,1196259.3567398118,208172600612.62686,MLB,MLB,regression_tree
MLB,Luis Medina,2023,740000,1196259.3567398118,208172600612.62686,MLB,MLB,regression_tree
MLB,Mason Miller,2023,740000,1196259.3567398118,208172600612.62686,MLB,MLB,regression_tree
MLB,Chris Sale,2023,19000000,16773727.272727273,4956290256198.344,MLB,MLB,regression_tree
MLB,Max Fried,2023,15000000,6938325.923611111,64990588913920.65,MLB,MLB,regression_tree
MLB,Dylan Dodd,2023,740000,1196259.3567398118,208172600612.62686,MLB,MLB,regression_tree
MLB,AJ Smith-Shawver,2023,740000,1196259.3567398118,208172600612.62686,MLB,MLB,regression_tree
MLB,Allan Winans,2023,740000,1196259.3567398118,208172600612.62686,MLB,MLB,regression_tree
MLB,Bryce Elder,2023,740000,3973936.4208333334,10458344773992.31,MLB,MLB,regression_tree
MLB,John Means,2023,3325000,3534554.007518797,43912882067.1881,MLB,MLB,regression_tree
MLB,Cole Irvin,2023,2000000,3534554.007518797,2354856001992.0005,MLB,MLB,regression_tree
MLB,Tyler Wells,2023,1962500,6938325.923611111,24758843622080.367,MLB,MLB,regression_tree
MLB,Dean Kremer,2023,756600,3973936.4208333334,10351253644820.645,MLB,MLB,regression_tree
MLB,Kyle Bradish,2023,754500,1196259.3567398118,195151329267.17233,MLB,MLB,regression_tree
MLB,Grayson Rodriguez,2023,748300,1196259.3567398118,200667585290.746,MLB,MLB,regression_tree
MLB,Grayson Rodriguez,2023,243098,1196259.3567398118,908516571982.0789,MLB,MLB,regression_tree
MLB,Brayan Bello,2023,9166667,1196259.3567398118,63527397999740.43,MLB,MLB,regression_tree
MLB,Lucas Giolito,2023,19250000,16773727.272727273,6131926619834.707,MLB,MLB,regression_tree
MLB,Chase Anderson,2023,1250000,2496038.3161764704,1552611485379.8936,MLB,MLB,regression_tree
MLB,Rich Hill,2023,1000000,2496038.3161764704,2238130643468.129,MLB,MLB,regression_tree
MLB,Tanner Houck,2023,770000,1196259.3567398118,181697039208.23816,MLB,MLB,regression_tree
MLB,Kutter Crawford,2023,760000,1196259.3567398118,190322226343.0344,MLB,MLB,regression_tree
MLB,Brad Keller,2023,740000,1196259.3567398118,208172600612.62686,MLB,MLB,regression_tree
MLB,Tanner Houck,2023,534267,1196259.3567398118,438233880381.9303,MLB,MLB,regression_tree
MLB,Kutter Crawford,2023,237986,1196259.3567398118,918287826237.3867,MLB,MLB,regression_tree
MLB,Justin Steele,2023,4000000,3973936.4208333334,679310158.9770975,MLB,MLB,regression_tree
MLB,Jordan Wicks,2023,741500,1196259.3567398118,206806072542.40744,MLB,MLB,regression_tree
MLB,Dylan Cease,2023,8000000,3973936.4208333334,16209187943492.31,MLB,MLB,regression_tree
MLB,Michael Soroka,2023,3000000,1196259.3567398118,3253480308148.6772,MLB,MLB,regression_tree
MLB,Michael Kopech,2023,3000000,1196259.3567398118,3253480308148.6772,MLB,MLB,regression_tree
MLB,Mike Clevinger,2023,3000000,6938325.923611111,15510411080587.31,MLB,MLB,regression_tree
MLB,Chris Flexen,2023,1750000,2496038.3161764704,556573169203.4232,MLB,MLB,regression_tree
MLB,Touki Toussaint,2023,1300000,1196259.3567398118,10762121064.037624,MLB,MLB,regression_tree
MLB,Brad Keller,2023,1000000,1196259.3567398118,38517735107.92472,MLB,MLB,regression_tree
MLB,Jared Shuster,2023,740000,1196259.3567398118,208172600612.62686,MLB,MLB,regression_tree
MLB,Jake Woodford,2023,740000,1196259.3567398118,208172600612.62686,MLB,MLB,regression_tree
MLB,Nick Lodolo,2023,760000,1196259.3567398118,190322226343.0344,MLB,MLB,regression_tree
MLB,Graham Ashcraft,2023,750000,1196259.3567398118,199147413477.83063,MLB,MLB,regression_tree
MLB,Brandon Williamson,2023,742500,1196259.3567398118,205897553828.92783,MLB,MLB,regression_tree
MLB,Andrew Abbott,2023,742500,1196259.3567398118,205897553828.92783,MLB,MLB,regression_tree
MLB,Lyon Richardson,2023,740000,1196259.3567398118,208172600612.62686,MLB,MLB,regression_tree
MLB,Connor Phillips,2023,740000,1196259.3567398118,208172600612.62686,MLB,MLB,regression_tree
MLB,Carson Spiers,2023,740000,1196259.3567398118,208172600612.62686,MLB,MLB,regression_tree
MLB,Hunter Greene,2023,529910,1196259.3567398118,444021465227.56104,MLB,MLB,regression_tree
MLB,Shane Bieber,2023,13125000,6938325.923611111,38274936127462.31,MLB,MLB,regression_tree
MLB,Carlos Carrasco,2023,2000000,2496038.3161764704,246054011115.188,MLB,MLB,regression_tree
MLB,Triston McKenzie,2023,1600000,1196259.3567398118,163006507020.1505,MLB,MLB,regression_tree
MLB,Ben Lively,2023,750000,2496038.3161764704,3048649801556.364,MLB,MLB,regression_tree
MLB,Tanner Bibee,2023,745700,1196259.3567398118,203003733945.79303,MLB,MLB,regression_tree
MLB,Logan Allen,2023,744300,1196259.3567398118,204267260144.6645,MLB,MLB,regression_tree
MLB,Gavin Williams,2023,742100,1196259.3567398118,206260721314.31967,MLB,MLB,regression_tree
MLB,Hunter Gaddis,2023,740700,1196259.3567398118,207534327513.19113,MLB,MLB,regression_tree
MLB,Matthew Boyd,2023,740000,2496038.3161764704,3083670567879.8936,MLB,MLB,regression_tree
MLB,Tanner Bibee,2023,411884,1196259.3567398118,615244700260.707,MLB,MLB,regression_tree
MLB,Hunter Gaddis,2023,291335,1196259.3567398118,818888091420.9623,MLB,MLB,regression_tree
MLB,Luis Ortiz,2023,246313,1196259.3567398118,902398080683.2418,MLB,MLB,regression_tree
MLB,Germán Márquez,2023,10000000,2496038.3161764704,56309440952291.664,MLB,MLB,regression_tree
MLB,Cal Quantrill,2023,6550000,2496038.3161764704,16434605333909.309,MLB,MLB,regression_tree
MLB,Austin Gomber,2023,3150000,2496038.3161764704,427665883909.30615,MLB,MLB,regression_tree
MLB,Dakota Hudson,2023,1500000,2496038.3161764704,992092327291.6583,MLB,MLB,regression_tree
MLB,Ty Blach,2023,1000000,2496038.3161764704,2238130643468.129,MLB,MLB,regression_tree
MLB,Ryan Feltner,2023,745000,1196259.3567398118,203635007045.22876,MLB,MLB,regression_tree
MLB,Noah Davis,2023,740000,1196259.3567398118,208172600612.62686,MLB,MLB,regression_tree
MLB,Ryan Feltner,2023,241935,1196259.3567398118,910734977866.8556,MLB,MLB,regression_tree
MLB,Kenta Maeda,2023,12000000,16773727.272727273,22788472074380.17,MLB,MLB,regression_tree
MLB,Jack Flaherty,2023,14000000,1196259.3567398118,163935774459872.8,MLB,MLB,regression_tree
MLB,Tarik Skubal,2023,2650000,1196259.3567398118,2113361857866.5457,MLB,MLB,regression_tree
MLB,Reese Olson,2023,752300,1196259.3567398118,197099910436.8275,MLB,MLB,regression_tree
MLB,Joey Wentz,2023,746700,1196259.3567398118,202103615232.3134,MLB,MLB,regression_tree
MLB,Alex Faedo,2023,746600,1196259.3567398118,202193537103.66135,MLB,MLB,regression_tree
MLB,Sawyer Gipson-Long,2023,743600,1196259.3567398118,204900493244.10022,MLB,MLB,regression_tree
MLB,Matt Manning,2023,740000,1196259.3567398118,208172600612.62686,MLB,MLB,regression_tree
MLB,Reese Olson,2023,261138,1196259.3567398118,874451951830.9064,MLB,MLB,regression_tree
MLB,Framber Valdez,2023,12100000,12398073.776699029,88847976355.62254,MLB,MLB,regression_tree
MLB,José Urquidy,2023,3750000,2496038.3161764704,1572419904497.5417,MLB,MLB,regression_tree
MLB,Hunter Brown,2023,774500,1196259.3567398118,177880954997.57986,MLB,MLB,regression_tree
MLB,J.P. France,2023,767600,7599250.804347826,46671452712546.3,MLB,MLB,regression_tree
MLB,Brandon Bielak,2023,765000,1196259.3567398118,185984632775.6363,MLB,MLB,regression_tree
MLB,Hunter Brown,2023,416842,1196259.3567398118,607491415987.2751,MLB,MLB,regression_tree
MLB,Seth Lugo,2023,15000000,6938325.923611111,64990588913920.65,MLB,MLB,regression_tree
MLB,Michael Wacha,2023,16000000,12398073.776699029,12973872518103.197,MLB,MLB,regression_tree
MLB,Brady Singer,2023,4850000,1196259.3567398118,13349820688211.375,MLB,MLB,regression_tree
MLB,Kris Bubic,2023,2350000,1196259.3567398118,1331117471910.4329,MLB,MLB,regression_tree
MLB,Kyle Wright,2023,1800000,1196259.3567398118,364502764324.22577,MLB,MLB,regression_tree
MLB,Jonathan Bowlan,2023,740000,1196259.3567398118,208172600612.62686,MLB,MLB,regression_tree
MLB,Patrick Sandoval,2023,5025000,1196259.3567398118,14659254913352.441,MLB,MLB,regression_tree
MLB,Griffin Canning,2023,2600000,1196259.3567398118,1970487793540.5269,MLB,MLB,regression_tree
MLB,Zach Plesac,2023,1000000,2496038.3161764704,2238130643468.129,MLB,MLB,regression_tree
MLB,Johnny Cueto,2023,1000000,2496038.3161764704,2238130643468.129,MLB,MLB,regression_tree
MLB,José Suarez,2023,925000,1196259.3567398118,73581638618.8965,MLB,MLB,regression_tree
MLB,Reid Detmers,2023,770000,1196259.3567398118,181697039208.23816,MLB,MLB,regression_tree
MLB,Chase Silseth,2023,750000,1196259.3567398118,199147413477.83063,MLB,MLB,regression_tree
MLB,Tyler Glasnow,2023,27312500,12398073.776699029,222440109570287.66,MLB,MLB,regression_tree
MLB,Clayton Kershaw,2023,5000000,12398073.776699029,54731495605481.836,MLB,MLB,regression_tree
MLB,James Paxton,2023,7000000,6938325.923611111,3803691698.422515,MLB,MLB,regression_tree
MLB,Dustin May,2023,2135000,1196259.3567398118,881233995308.5519,MLB,MLB,regression_tree
MLB,Michael Grove,2023,760000,1196259.3567398118,190322226343.0344,MLB,MLB,regression_tree
MLB,Bobby Miller,2023,750000,1196259.3567398118,199147413477.83063,MLB,MLB,regression_tree
MLB,Emmet Sheehan,2023,750000,1196259.3567398118,199147413477.83063,MLB,MLB,regression_tree
MLB,Gavin Stone,2023,742500,1196259.3567398118,205897553828.92783,MLB,MLB,regression_tree
MLB,Gavin Stone,2023,350022,1196259.3567398118,716117663941.9835,MLB,MLB,regression_tree
MLB,Jesús Luzardo,2023,5500000,3973936.4208333334,2328870047658.977,MLB,MLB,regression_tree
MLB,Trevor Rogers,2023,1530000,1196259.3567398118,111382816963.72418,MLB,MLB,regression_tree
MLB,Braxton Garrett,2023,764000,1196259.3567398118,186848151489.1159,MLB,MLB,regression_tree
MLB,Edward Cabrera,2023,761000,1196259.3567398118,189450707629.55478,MLB,MLB,regression_tree
MLB,Ryan Weathers,2023,752600,1196259.3567398118,196833624822.78363,MLB,MLB,regression_tree
MLB,Eury Pérez,2023,748000,1196259.3567398118,200936450904.7899,MLB,MLB,regression_tree
MLB,Brandon Woodruff,2023,8750000,16773727.272727273,64380199347107.445,MLB,MLB,regression_tree
MLB,Corbin Burnes,2023,15637000,12398073.776699029,10490643079986.691,MLB,MLB,regression_tree
MLB,Wade Miley,2023,8500000,6938325.923611111,2438825920865.0894,MLB,MLB,regression_tree
MLB,Colin Rea,2023,4500000,6938325.923611111,5945433309753.978,MLB,MLB,regression_tree
MLB,Janson Junk,2023,740000,1196259.3567398118,208172600612.62686,MLB,MLB,regression_tree
MLB,Pablo López,2023,18375000,3973936.4208333334,207390632211200.62,MLB,MLB,regression_tree
MLB,Bailey Ober,2023,761850,1196259.3567398118,188711489223.0971,MLB,MLB,regression_tree
MLB,Joe Ryan,2023,758850,1196259.3567398118,191326945363.53598,MLB,MLB,regression_tree
MLB,Bailey Ober,2023,381085,1196259.3567398118,664509231886.166,MLB,MLB,regression_tree
MLB,Joe Ryan,2023,331054,1196259.3567398118,748580309331.265,MLB,MLB,regression_tree
MLB,Luis Severino,2023,13000000,2496038.3161764704,110333211055232.84,MLB,MLB,regression_tree
MLB,Adrian Houser,2023,5050000,6938325.923611111,3565774793781.7554,MLB,MLB,regression_tree
MLB,Julio Teheran,2023,2500000,3534554.007518797,1070301994473.2035,MLB,MLB,regression_tree
MLB,David Peterson,2023,2150000,1196259.3567398118,909621214606.3575,MLB,MLB,regression_tree
MLB,Joey Lucchesi,2023,1650000,3534554.007518797,3551543807255.1587,MLB,MLB,regression_tree
MLB,Tylor Megill,2023,766250,1196259.3567398118,184908046883.78674,MLB,MLB,regression_tree
MLB,José Buttó,2023,740000,1196259.3567398118,208172600612.62686,MLB,MLB,regression_tree
MLB,Marcus Stroman,2023,18500000,12398073.776699029,37233503634608.055,MLB,MLB,regression_tree
MLB,Nestor Cortes,2023,3950000,2496038.3161764704,2114004578026.9536,MLB,MLB,regression_tree
MLB,Clarke Schmidt,2023,2025000,1196259.3567398118,686811053791.3104,MLB,MLB,regression_tree
MLB,Luke Weaver,2023,2000000,2496038.3161764704,246054011115.188,MLB,MLB,regression_tree
MLB,Aaron Nola,2023,24571429,17190228.363636363,54482122834254.95,MLB,MLB,regression_tree
MLB,Ranger Suárez,2023,5050000,1196259.3567398118,14851316945515.451,MLB,MLB,regression_tree
MLB,Spencer Turnbull,2023,2000000,2496038.3161764704,246054011115.188,MLB,MLB,regression_tree
MLB,Kolby Allard,2023,1000000,1196259.3567398118,38517735107.92472,MLB,MLB,regression_tree
MLB,Cristopher Sánchez,2023,753500,1196259.3567398118,196035847980.65195,MLB,MLB,regression_tree
MLB,Luis Ortiz,2023,744000,1196259.3567398118,204538525758.70837,MLB,MLB,regression_tree
MLB,Cristopher Sánchez,2023,576282,1196259.3567398118,384371922870.0839,MLB,MLB,regression_tree
MLB,Mitch Keller,2023,15400000,3973936.4208333334,130554928915158.95,MLB,MLB,regression_tree
MLB,Martín Pérez,2023,8000000,7599250.804347826,160599917815.8643,MLB,MLB,regression_tree
MLB,Mitch Keller,2023,5442500,3973936.4208333334,2156678986054.8103,MLB,MLB,regression_tree
MLB,Johan Oviedo,2023,765000,3973936.4208333334,10297272952950.645,MLB,MLB,regression_tree
MLB,Roansy Contreras,2023,755000,1196259.3567398118,194709819910.43253,MLB,MLB,regression_tree
MLB,Bailey Falter,2023,755000,1196259.3567398118,194709819910.43253,MLB,MLB,regression_tree
MLB,Luis Ortiz,2023,747500,1196259.3567398118,201384960261.5297,MLB,MLB,regression_tree
MLB,Jake Woodford,2023,740000,1196259.3567398118,208172600612.62686,MLB,MLB,regression_tree
MLB,Domingo Germán,2023,740000,3534554.007518797,7809532100939.369,MLB,MLB,regression_tree
MLB,Quinn Priester,2023,740000,1196259.3567398118,208172600612.62686,MLB,MLB,regression_tree
MLB,Mason Miller,2023,825276,1196259.3567398118,137628650977.93848,MLB,MLB,regression_tree
MLB,Matt Waldron,2023,741800,1196259.3567398118,206533306928.36356,MLB,MLB,regression_tree
MLB,Jhony Brito,2023,740000,1196259.3567398118,208172600612.62686,MLB,MLB,regression_tree
MLB,Logan Gilbert,2023,4050000,3973936.4208333334,5785668075.643758,MLB,MLB,regression_tree
MLB,George Kirby,2023,798600,3973936.4208333334,10082761385470.645,MLB,MLB,regression_tree
MLB,Bryce Miller,2023,752600,1196259.3567398118,196833624822.78363,MLB,MLB,regression_tree
MLB,Bryan Woo,2023,749000,1196259.3567398118,200040932191.31027,MLB,MLB,regression_tree
MLB,Emerson Hancock,2023,741300,1196259.3567398118,206988016285.10336,MLB,MLB,regression_tree
MLB,Dallas Keuchel,2023,740000,2496038.3161764704,3083670567879.8936,MLB,MLB,regression_tree
MLB,Bryce Miller,2023,497306,1196259.3567398118,488535794897.85065,MLB,MLB,regression_tree
MLB,George Kirby,2023,446287,3973936.4208333334,12444310436305.752,MLB,MLB,regression_tree
MLB,Bryan Woo,2023,362483,1196259.3567398118,695183013058.314,MLB,MLB,regression_tree
MLB,Logan Webb,2023,18000000,10030874.5,63506961234750.25,MLB,MLB,regression_tree
MLB,Blake Snell,2023,31000000,12398073.776699029,346031659217132.3,MLB,MLB,regression_tree
MLB,Kyle Harrison,2023,743750,1196259.3567398118,204764717937.07828,MLB,MLB,regression_tree
MLB,Keaton Winn,2023,743750,1196259.3567398118,204764717937.07828,MLB,MLB,regression_tree
MLB,Sonny Gray,2023,25000000,6938325.923611111,326224070441698.4,MLB,MLB,regression_tree
MLB,Kyle Gibson,2023,13000000,7599250.804347826,29168091874337.6,MLB,MLB,regression_tree
MLB,Lance Lynn,2023,11000000,12398073.776699029,1954610285093.486,MLB,MLB,regression_tree
MLB,Matthew Liberatore,2023,747200,1196259.3567398118,201654305875.57358,MLB,MLB,regression_tree
MLB,Shane McClanahan,2023,3600000,1196259.3567398118,5777969080060.904,MLB,MLB,regression_tree
MLB,Aaron Civale,2023,4900000,6938325.923611111,4154772570865.089,MLB,MLB,regression_tree
MLB,Drew Rasmussen,2023,1862500,1196259.3567398118,443876594731.7493,MLB,MLB,regression_tree
MLB,Zack Littell,2023,1850000,1196259.3567398118,427376828650.2446,MLB,MLB,regression_tree
MLB,Taj Bradley,2023,743300,1196259.3567398118,205172178858.1441,MLB,MLB,regression_tree
MLB,Tyler Mahle,2023,11000000,3534554.007518797,55732883866653.65,MLB,MLB,regression_tree
MLB,Michael Lorenzen,2023,4500000,6938325.923611111,5945433309753.978,MLB,MLB,regression_tree
MLB,Dane Dunning,2023,3325000,7599250.804347826,18269219938468.04,MLB,MLB,regression_tree
MLB,José Ureña,2023,1500000,2496038.3161764704,992092327291.6583,MLB,MLB,regression_tree
MLB,Chase Anderson,2023,1000000,2496038.3161764704,2238130643468.129,MLB,MLB,regression_tree
MLB,Alek Manoah,2023,782500,1196259.3567398118,171196805289.74286,MLB,MLB,regression_tree
MLB,Wes Parsons,2023,749600,2496038.3161764704,3050046792209.305,MLB,MLB,regression_tree
MLB,Josiah Gray,2023,757400,1196259.3567398118,192597534998.08142,MLB,MLB,regression_tree
MLB,MacKenzie Gore,2023,749600,1196259.3567398118,199504580963.2225,MLB,MLB,regression_tree
MLB,Jake Irvin,2023,745600,1196259.3567398118,203093855817.141,MLB,MLB,regression_tree
MLB,Jackson Rutledge,2023,740000,1196259.3567398118,208172600612.62686,MLB,MLB,regression_tree
MLB,Joan Adon,2023,740000,1196259.3567398118,208172600612.62686,MLB,MLB,regression_tree
MLB,MacKenzie Gore,2023,300017,1196259.3567398118,803250362014.5321,MLB,MLB,regression_tree
MLB,Jake Irvin,2023,239663,1196259.3567398118,915076589727.8813,MLB,MLB,regression_tree
MLB,Corbin Burnes,2024,35000000,17190228.363636363,317187965739422.7,MLB,MLB,regression_tree
MLB,Brandon Pfaadt,2024,799400,3973936.4208333334,10077681487197.31,MLB,MLB,regression_tree
MLB,Luis Severino,2024,22333333,12398073.776699029,98709375834187.02,MLB,MLB,regression_tree
MLB,JP Sears,2024,770000,7599250.804347826,46638666548685.43,MLB,MLB,regression_tree
MLB,Osvaldo Bido,2024,765000,3534554.007518797,7670429400563.43,MLB,MLB,regression_tree
MLB,Luis Medina,2024,765000,1196259.3567398118,185984632775.6363,MLB,MLB,regression_tree
MLB,Mitch Spence,2024,765000,1196259.3567398118,185984632775.6363,MLB,MLB,regression_tree
MLB,J.T. Ginn,2024,760000,1196259.3567398118,190322226343.0344,MLB,MLB,regression_tree
MLB,Joey Estes,2024,760000,1196259.3567398118,190322226343.0344,MLB,MLB,regression_tree
MLB,Brady Basso,2024,760000,1196259.3567398118,190322226343.0344,MLB,MLB,regression_tree
MLB,Reynaldo López,2024,10000000,6938325.923611111,9373848150031.756,MLB,MLB,regression_tree
MLB,Bryce Elder,2024,800000,1196259.3567398118,157021477803.84946,MLB,MLB,regression_tree
MLB,AJ Smith-Shawver,2024,770000,1196259.3567398118,181697039208.23816,MLB,MLB,regression_tree
MLB,Spencer Schwellenbach,2024,770000,1196259.3567398118,181697039208.23816,MLB,MLB,regression_tree
MLB,Charlie Morton,2024,760000,6938325.923611111,38171711218365.086,MLB,MLB,regression_tree
MLB,Hurston Waldrep,2024,760000,1196259.3567398118,190322226343.0344,MLB,MLB,regression_tree
MLB,Davis Daniel,2024,760000,1196259.3567398118,190322226343.0344,MLB,MLB,regression_tree
MLB,Spencer Schwellenbach,2024,335439,1196259.3567398118,741011686577.6569,MLB,MLB,regression_tree
MLB,Hurston Waldrep,2024,221100,1196259.3567398118,950935771037.2036,MLB,MLB,regression_tree
MLB,Charlie Morton,2024,15000000,6938325.923611111,64990588913920.65,MLB,MLB,regression_tree
MLB,Kyle Gibson,2024,5250000,6938325.923611111,2850444424337.311,MLB,MLB,regression_tree
MLB,Dean Kremer,2024,2950000,6938325.923611111,15906743672948.422,MLB,MLB,regression_tree
MLB,Trevor Rogers,2024,2600000,1196259.3567398118,1970487793540.5269,MLB,MLB,regression_tree
MLB,Kyle Bradish,2024,2350000,1196259.3567398118,1331117471910.4329,MLB,MLB,regression_tree
MLB,Tyler Wells,2024,2075000,2496038.3161764704,177273263688.71744,MLB,MLB,regression_tree
MLB,Albert Suárez,2024,825000,6938325.923611111,37372753848295.64,MLB,MLB,regression_tree
MLB,Grayson Rodriguez,2024,770800,1196259.3567398118,181015664237.45447,MLB,MLB,regression_tree
MLB,Cade Povich,2024,766100,1196259.3567398118,185037072190.8087,MLB,MLB,regression_tree
MLB,Chayce McDermott,2024,762200,1196259.3567398118,188407525173.37924,MLB,MLB,regression_tree
MLB,Cody Poteet,2024,760000,3534554.007518797,7698149940638.617,MLB,MLB,regression_tree
MLB,Walker Buehler,2024,21050000,2496038.3161764704,344249494164791.7,MLB,MLB,regression_tree
MLB,Patrick Sandoval,2024,9125000,1196259.3567398118,62864928188085.984,MLB,MLB,regression_tree
MLB,Tanner Houck,2024,3950000,6938325.923611111,8930091825726.2,MLB,MLB,regression_tree
MLB,Garrett Crochet,2024,3800000,1196259.3567398118,6779465337364.9795,MLB,MLB,regression_tree
MLB,Kutter Crawford,2024,2750000,6938325.923611111,17542074042392.865,MLB,MLB,regression_tree
MLB,Cooper Criswell,2024,1000000,1196259.3567398118,38517735107.92472,MLB,MLB,regression_tree
MLB,Richard Fitts,2024,766000,1196259.3567398118,185123114062.15665,MLB,MLB,regression_tree
MLB,Quinn Priester,2024,760000,1196259.3567398118,190322226343.0344,MLB,MLB,regression_tree
MLB,Brayan Bello,2024,336196,1196259.3567398118,739708977606.5529,MLB,MLB,regression_tree
MLB,Matthew Boyd,2024,14500000,6378000,65966884000000,MLB,MLB,regression_tree
MLB,Justin Steele,2024,6550000,3534554.007518797,9092914533570.945,MLB,MLB,regression_tree
MLB,Colin Rea,2024,5000000,7599250.804347826,6756104743902.821,MLB,MLB,regression_tree
MLB,Chris Flexen,2024,1250000,2496038.3161764704,1552611485379.8936,MLB,MLB,regression_tree
MLB,Javier Assad,2024,793250,1196259.3567398118,162416541619.8369,MLB,MLB,regression_tree
MLB,Ben Brown,2024,762500,1196259.3567398118,188147179559.33536,MLB,MLB,regression_tree
MLB,Jordan Wicks,2024,760000,1196259.3567398118,190322226343.0344,MLB,MLB,regression_tree
MLB,Martín Pérez,2024,5000000,3534554.007518797,2147531956879.2175,MLB,MLB,regression_tree
MLB,Mike Clevinger,2024,1500000,2496038.3161764704,992092327291.6583,MLB,MLB,regression_tree
MLB,Jonathan Cannon,2024,769100,1196259.3567398118,182465116050.36984,MLB,MLB,regression_tree
MLB,Davis Martin,2024,765450,1196259.3567398118,185596701854.57047,MLB,MLB,regression_tree
MLB,Drew Thorpe,2024,764750,1196259.3567398118,186200324954.0062,MLB,MLB,regression_tree
MLB,Ky Bush,2024,760800,1196259.3567398118,189624851372.2507,MLB,MLB,regression_tree
MLB,Sean Burke,2024,760350,1196259.3567398118,190016967293.31653,MLB,MLB,regression_tree
MLB,Brady Singer,2024,8750000,3973936.4208333334,22810783312242.31,MLB,MLB,regression_tree
MLB,Wade Miley,2024,2500000,2496038.3161764704,15694938.717616355,MLB,MLB,regression_tree
MLB,Nick Lodolo,2024,1975000,1196259.3567398118,606436989465.2916,MLB,MLB,regression_tree
MLB,Graham Ashcraft,2024,780000,1196259.3567398118,173271852073.44193,MLB,MLB,regression_tree
MLB,Brandon Williamson,2024,770000,1196259.3567398118,181697039208.23816,MLB,MLB,regression_tree
MLB,Andrew Abbott,2024,770000,1196259.3567398118,181697039208.23816,MLB,MLB,regression_tree
MLB,Rhett Lowder,2024,761500,1196259.3567398118,189015698272.81497,MLB,MLB,regression_tree
MLB,Julian Aguiar,2024,761500,1196259.3567398118,189015698272.81497,MLB,MLB,regression_tree
MLB,Andrew Abbott,2024,520065,1196259.3567398118,457238808086.7679,MLB,MLB,regression_tree
MLB,Tanner Bibee,2024,9600000,3973936.4208333334,31652591396825.645,MLB,MLB,regression_tree
MLB,Shane Bieber,2024,13000000,6378000,43850884000000,MLB,MLB,regression_tree
MLB,Ben Lively,2024,2250000,7599250.804347826,28614484167815.863,MLB,MLB,regression_tree
MLB,Triston McKenzie,2024,1950000,1196259.3567398118,568124957302.2822,MLB,MLB,regression_tree
MLB,Kolby Allard,2024,1000000,1196259.3567398118,38517735107.92472,MLB,MLB,regression_tree
MLB,John Means,2024,1000000,3534554.007518797,6423964017029.595,MLB,MLB,regression_tree
MLB,Kolby Allard,2024,850000,1196259.3567398118,119895542129.86827,MLB,MLB,regression_tree
MLB,Gavin Williams,2024,780300,1196259.3567398118,173022186459.39804,MLB,MLB,regression_tree
MLB,Logan Allen,2024,777200,1196259.3567398118,175610744471.18488,MLB,MLB,regression_tree
MLB,Slade Cecconi,2024,765000,1196259.3567398118,185984632775.6363,MLB,MLB,regression_tree
MLB,Joey Cantillo,2024,762800,1196259.3567398118,187887013945.29144,MLB,MLB,regression_tree
MLB,Gavin Williams,2024,347481,1196259.3567398118,720424698869.9353,MLB,MLB,regression_tree
MLB,Tanner Bibee,2024,217235,3973936.4208333334,14112805565291.186,MLB,MLB,regression_tree
MLB,Austin Gomber,2024,6350000,2496038.3161764704,14853020660379.896,MLB,MLB,regression_tree
MLB,Ryan Feltner,2024,2275000,1196259.3567398118,1163681375421.4045,MLB,MLB,regression_tree
MLB,Bradley Blalock,2024,762000,1196259.3567398118,188581188916.07516,MLB,MLB,regression_tree
MLB,Tanner Gordon,2024,760000,1196259.3567398118,190322226343.0344,MLB,MLB,regression_tree
MLB,Jack Flaherty,2024,17500000,17190228.363636363,95958466695.40517,MLB,MLB,regression_tree
MLB,Alex Cobb,2024,15000000,3534554.007518797,131456451806503.25,MLB,MLB,regression_tree
MLB,Tarik Skubal,2024,10150000,3973936.4208333334,38143761333908.98,MLB,MLB,regression_tree
MLB,Casey Mize,2024,2340000,1196259.3567398118,1308142659045.229,MLB,MLB,regression_tree
MLB,Reese Olson,2024,787100,1196259.3567398118,167411379207.7366,MLB,MLB,regression_tree
MLB,Keider Montero,2024,760000,1196259.3567398118,190322226343.0344,MLB,MLB,regression_tree
MLB,Matt Manning,2024,760000,1196259.3567398118,190322226343.0344,MLB,MLB,regression_tree
MLB,Reese Olson,2024,224416,1196259.3567398118,944479510039.3052,MLB,MLB,regression_tree
MLB,Framber Valdez,2024,18000000,12398073.776699029,31381577411307.082,MLB,MLB,regression_tree
MLB,Hunter Brown,2024,2206538,1196259.3567398118,1020662937027.6466,MLB,MLB,regression_tree
MLB,Hunter Brown,2024,870000,1196259.3567398118,106445167860.2758,MLB,MLB,regression_tree
MLB,Ronel Blanco,2024,802700,12398073.776699029,134452693021359.5,MLB,MLB,regression_tree
MLB,Spencer Arrighetti,2024,794200,1196259.3567398118,161651726342.03128,MLB,MLB,regression_tree
MLB,J.P. France,2024,769900,2496038.3161764704,2979553486572.5405,MLB,MLB,regression_tree
MLB,Michael Wacha,2024,17000000,12398073.776699029,21177724964705.14,MLB,MLB,regression_tree
MLB,Cole Ragans,2024,4416667,3973936.4208333334,196010365729.25204,MLB,MLB,regression_tree
MLB,Michael Lorenzen,2024,7000000,6938325.923611111,3803691698.422515,MLB,MLB,regression_tree
MLB,Alec Marsh,2024,769000,1196259.3567398118,182550557921.7178,MLB,MLB,regression_tree
MLB,Jonathan Bowlan,2024,760000,1196259.3567398118,190322226343.0344,MLB,MLB,regression_tree
MLB,Yusei Kikuchi,2024,21225000,16773727.272727273,19813828892561.977,MLB,MLB,regression_tree
MLB,Kyle Hendricks,2024,2500000,2496038.3161764704,15694938.717616355,MLB,MLB,regression_tree
MLB,Reid Detmers,2024,1825000,1196259.3567398118,395314796487.2352,MLB,MLB,regression_tree
MLB,José Soriano,2024,790000,1196259.3567398118,165046664938.6457,MLB,MLB,regression_tree
MLB,Jack Kochanowicz,2024,770000,1196259.3567398118,181697039208.23816,MLB,MLB,regression_tree
MLB,Caden Dana,2024,760000,1196259.3567398118,190322226343.0344,MLB,MLB,regression_tree
MLB,Chase Silseth,2024,760000,1196259.3567398118,190322226343.0344,MLB,MLB,regression_tree
MLB,José Soriano,2024,324925,1196259.3567398118,759223561235.1816,MLB,MLB,regression_tree
MLB,Blake Snell,2024,36400000,16773727.272727273,385190581165289.25,MLB,MLB,regression_tree
MLB,Clayton Kershaw,2024,7500000,3534554.007518797,15724761919285.232,MLB,MLB,regression_tree
MLB,Justin Wrobleski,2024,800000,1196259.3567398118,157021477803.84946,MLB,MLB,regression_tree
MLB,Gavin Stone,2024,780000,1196259.3567398118,173271852073.44193,MLB,MLB,regression_tree
MLB,River Ryan,2024,770000,1196259.3567398118,181697039208.23816,MLB,MLB,regression_tree
MLB,Andrew Heaney,2024,760000,3534554.007518797,7698149940638.617,MLB,MLB,regression_tree
MLB,Landon Knack,2024,760000,1196259.3567398118,190322226343.0344,MLB,MLB,regression_tree
MLB,Bobby Miller,2024,760000,1196259.3567398118,190322226343.0344,MLB,MLB,regression_tree
MLB,Cal Quantrill,2024,3500000,2496038.3161764704,1007939062585.7769,MLB,MLB,regression_tree
MLB,Edward Cabrera,2024,1950000,1196259.3567398118,568124957302.2822,MLB,MLB,regression_tree
MLB,Braxton Garrett,2024,1530000,1196259.3567398118,111382816963.72418,MLB,MLB,regression_tree
MLB,Valente Bellozo,2024,800000,1196259.3567398118,157021477803.84946,MLB,MLB,regression_tree
MLB,Ryan Weathers,2024,779100,1196259.3567398118,174021928915.57358,MLB,MLB,regression_tree
MLB,Max Meyer,2024,768000,1196259.3567398118,183406076635.19742,MLB,MLB,regression_tree
MLB,Adam Mazur,2024,760000,1196259.3567398118,190322226343.0344,MLB,MLB,regression_tree
MLB,Aaron Civale,2024,8000000,6938325.923611111,1127151844476.2004,MLB,MLB,regression_tree
MLB,Nestor Cortes,2024,7600000,6938325.923611111,437812583365.0893,MLB,MLB,regression_tree
MLB,Jose Quintana,2024,4000000,7599250.804347826,12954606352598.475,MLB,MLB,regression_tree
MLB,Tobias Myers,2024,781800,1196259.3567398118,171776558389.17862,MLB,MLB,regression_tree
MLB,DL Hall,2024,766100,1196259.3567398118,185037072190.8087,MLB,MLB,regression_tree
MLB,Robert Gasser,2024,765400,1196259.3567398118,185639785290.24445,MLB,MLB,regression_tree
MLB,Erick Fedde,2024,760000,6938325.923611111,38171711218365.086,MLB,MLB,regression_tree
MLB,Quinn Priester,2024,307705,1196259.3567398118,789528844881.3008,MLB,MLB,regression_tree
MLB,Bailey Ober,2024,3550000,17190228.363636363,186055829812149.94,MLB,MLB,regression_tree
MLB,Joe Ryan,2024,3000000,6938325.923611111,15510411080587.31,MLB,MLB,regression_tree
MLB,David Festa,2024,760000,1196259.3567398118,190322226343.0344,MLB,MLB,regression_tree
MLB,Zebby Matthews,2024,760000,1196259.3567398118,190322226343.0344,MLB,MLB,regression_tree
MLB,Sean Manaea,2024,25000000,12398073.776699029,158808544537520.7,MLB,MLB,regression_tree
MLB,Frankie Montas,2024,17000000,2496038.3161764704,210364904525821.06,MLB,MLB,regression_tree
MLB,David Peterson,2024,4625000,7599250.804347826,8846167847163.691,MLB,MLB,regression_tree
MLB,Griffin Canning,2024,4250000,2496038.3161764704,3076381588321.0713,MLB,MLB,regression_tree
MLB,Paul Blackburn,2024,4050000,2496038.3161764704,2414796914791.6597,MLB,MLB,regression_tree
MLB,Tylor Megill,2024,1975000,6378000,19386409000000,MLB,MLB,regression_tree
MLB,Christian Scott,2024,764500,1196259.3567398118,186416142132.3761,MLB,MLB,regression_tree
MLB,Max Fried,2024,27250000,12398073.776699029,220579712542375.03,MLB,MLB,regression_tree
MLB,Clarke Schmidt,2024,3600000,3534554.007518797,4283177931.8496556,MLB,MLB,regression_tree
MLB,Carlos Carrasco,2024,1500000,2496038.3161764704,992092327291.6583,MLB,MLB,regression_tree
MLB,Luis Gil,2024,804125,1196259.3567398118,153769353735.746,MLB,MLB,regression_tree
MLB,Will Warren,2024,767600,1196259.3567398118,183748844120.58926,MLB,MLB,regression_tree
MLB,Paul Blackburn,2024,760000,2496038.3161764704,3013829035232.8345,MLB,MLB,regression_tree
MLB,Allan Winans,2024,760000,2496038.3161764704,3013829035232.8345,MLB,MLB,regression_tree
MLB,Will Warren,2024,223911,1196259.3567398118,945461326854.6124,MLB,MLB,regression_tree
MLB,Zack Wheeler,2024,42000000,31928333.3,101438470115888.88,MLB,MLB,regression_tree
MLB,Cristopher Sánchez,2024,5625000,3973936.4208333334,2726010942450.6436,MLB,MLB,regression_tree
MLB,Ranger Suárez,2024,8800000,12398073.776699029,12946134902569.213,MLB,MLB,regression_tree
MLB,Jesús Luzardo,2024,6625000,1196259.3567398118,29471224971785.043,MLB,MLB,regression_tree
MLB,Cristopher Sánchez,2024,2678437,3973936.4208333334,1678318749379.5022,MLB,MLB,regression_tree
MLB,Tyler Phillips,2024,764000,1196259.3567398118,186848151489.1159,MLB,MLB,regression_tree
MLB,Walker Buehler,2024,760000,2496038.3161764704,3013829035232.8345,MLB,MLB,regression_tree
MLB,Seth Johnson,2024,760000,1196259.3567398118,190322226343.0344,MLB,MLB,regression_tree
MLB,Andrew Heaney,2024,5250000,3534554.007518797,2942754953119.819,MLB,MLB,regression_tree
MLB,Paul Skenes,2024,3436343,1196259.3567398118,5017974728801.839,MLB,MLB,regression_tree
MLB,Bailey Falter,2024,2222000,1196259.3567398118,1052143867235.8246,MLB,MLB,regression_tree
MLB,Paul Skenes,2024,875000,1196259.3567398118,103207574292.87769,MLB,MLB,regression_tree
MLB,Jared Jones,2024,775000,1196259.3567398118,177459445640.84006,MLB,MLB,regression_tree
MLB,Nick Pivetta,2024,13750000,16773727.272727273,9142926619834.715,MLB,MLB,regression_tree
MLB,Dylan Cease,2024,13750000,12398073.776699029,1827704513248.8271,MLB,MLB,regression_tree
MLB,Michael King,2024,7750000,12398073.776699029,21604589833637.176,MLB,MLB,regression_tree
MLB,Matt Waldron,2024,775800,1196259.3567398118,176786070670.05634,MLB,MLB,regression_tree
MLB,Randy Vásquez,2024,772800,1196259.3567398118,179317826810.4952,MLB,MLB,regression_tree
MLB,Logan Gilbert,2024,7625000,10030874.5,5788232109750.25,MLB,MLB,regression_tree
MLB,George Kirby,2024,4300000,3973936.4208333334,106317457658.97707,MLB,MLB,regression_tree
MLB,Bryan Woo,2024,1540676,1196259.3567398118,118622824154.61572,MLB,MLB,regression_tree
MLB,Bryce Miller,2024,800000,3973936.4208333334,10073872403492.31,MLB,MLB,regression_tree
MLB,Bryan Woo,2024,783300,1196259.3567398118,170535430318.95917,MLB,MLB,regression_tree
MLB,Emerson Hancock,2024,766000,1196259.3567398118,185123114062.15665,MLB,MLB,regression_tree
MLB,Luis Castillo,2024,760000,12398073.776699029,135444761231889.6,MLB,MLB,regression_tree
MLB,Justin Verlander,2024,15000000,2496038.3161764704,156349057790526.97,MLB,MLB,regression_tree
MLB,Joey Lucchesi,2024,854839,2496038.3161764704,2693535195418.114,MLB,MLB,regression_tree
MLB,Hayden Birdsong,2024,765000,1196259.3567398118,185984632775.6363,MLB,MLB,regression_tree
MLB,Mason Black,2024,760000,1196259.3567398118,190322226343.0344,MLB,MLB,regression_tree
MLB,Keaton Winn,2024,760000,1196259.3567398118,190322226343.0344,MLB,MLB,regression_tree
MLB,Kyle Harrison,2024,760000,1196259.3567398118,190322226343.0344,MLB,MLB,regression_tree
MLB,Andre Pallante,2024,2100000,1196259.3567398118,816747150280.3387,MLB,MLB,regression_tree
MLB,Gordon Graceffo,2024,760000,1196259.3567398118,190322226343.0344,MLB,MLB,regression_tree
MLB,Roddery Muñoz,2024,760000,1196259.3567398118,190322226343.0344,MLB,MLB,regression_tree
MLB,Michael McGreevy,2024,760000,1196259.3567398118,190322226343.0344,MLB,MLB,regression_tree
MLB,Zack Littell,2024,5720000,6938325.923611111,1484318056142.8667,MLB,MLB,regression_tree
MLB,Shane Baz,2024,1450000,1196259.3567398118,64384314042.09408,MLB,MLB,regression_tree
MLB,Ryan Pepiot,2024,774600,1196259.3567398118,177796613126.2319,MLB,MLB,regression_tree
MLB,Taj Bradley,2024,774200,1196259.3567398118,178134100611.62375,MLB,MLB,regression_tree
MLB,Joe Boyle,2024,760000,1196259.3567398118,190322226343.0344,MLB,MLB,regression_tree
MLB,Ryan Pepiot,2024,303898,1196259.3567398118,796308791002.5177,MLB,MLB,regression_tree
MLB,Nathan Eovaldi,2024,25000000,17190228.363636363,60992533012149.95,MLB,MLB,regression_tree
MLB,Dane Dunning,2024,2660000,2496038.3161764704,26883433762.247097,MLB,MLB,regression_tree
MLB,Patrick Corbin,2024,1100000,2496038.3161764704,1948922980232.8347,MLB,MLB,regression_tree
MLB,Cody Bradford,2024,774000,1196259.3567398118,178302964354.31967,MLB,MLB,regression_tree
MLB,Jack Leiter,2024,762500,1196259.3567398118,188147179559.33536,MLB,MLB,regression_tree
MLB,Kumar Rocker,2024,761500,1196259.3567398118,189015698272.81497,MLB,MLB,regression_tree
MLB,Jack Leiter,2024,286905,1196259.3567398118,826925346121.677,MLB,MLB,regression_tree
MLB,Max Scherzer,2024,15500000,3534554.007518797,143171897798984.47,MLB,MLB,regression_tree
MLB,Alek Manoah,2024,2200000,1196259.3567398118,1007495278932.3763,MLB,MLB,regression_tree
MLB,Jake Bloss,2024,123900,1196259.3567398118,1149954589987.423,MLB,MLB,regression_tree
MLB,Trevor Williams,2024,7000000,6938325.923611111,3803691698.422515,MLB,MLB,regression_tree
MLB,MacKenzie Gore,2024,2890000,1196259.3567398118,2868757366631.436,MLB,MLB,regression_tree
MLB,Josiah Gray,2024,1350000,1196259.3567398118,23636185390.056442,MLB,MLB,regression_tree
MLB,Jake Irvin,2024,774600,3973936.4208333334,10235753533670.645,MLB,MLB,regression_tree
MLB,Mitchell Parker,2024,767200,1196259.3567398118,184091931605.9811,MLB,MLB,regression_tree
MLB,DJ Herz,2024,764200,1196259.3567398118,186675287746.41998,MLB,MLB,regression_tree
MLB,Brandon Pfaadt,2025,9000000,3973936.4208333334,25261315101825.645,MLB,MLB,regression_tree
MLB,Merrill Kelly,2025,20000000,17190228.363636363,7894816648513.589,MLB,MLB,regression_tree
MLB,Zac Gallen,2025,22025000,12398073.776699029,92677708508879.9,MLB,MLB,regression_tree
MLB,Michael Soroka,2025,7500000,1196259.3567398118,39737146097490.375,MLB,MLB,regression_tree
MLB,Ryne Nelson,2025,3000000,1196259.3567398118,3253480308148.6772,MLB,MLB,regression_tree
MLB,Aaron Civale,2025,6000000,2496038.3161764704,12277747481703.426,MLB,MLB,regression_tree
MLB,J.T. Ginn,2025,785000,1196259.3567398118,169134258506.04382,MLB,MLB,regression_tree
MLB,Luis Morales,2025,780000,1196259.3567398118,173271852073.44193,MLB,MLB,regression_tree
MLB,Mason Barnett,2025,780000,1196259.3567398118,173271852073.44193,MLB,MLB,regression_tree
MLB,Gunnar Hoglund,2025,780000,1196259.3567398118,173271852073.44193,MLB,MLB,regression_tree
MLB,Jacob Lopez,2025,780000,1196259.3567398118,173271852073.44193,MLB,MLB,regression_tree
MLB,Martín Pérez,2025,3500000,3534554.007518797,1193979435.6090922,MLB,MLB,regression_tree
MLB,Carlos Carrasco,2025,1500000,2496038.3161764704,992092327291.6583,MLB,MLB,regression_tree
MLB,AJ Smith-Shawver,2025,800000,1196259.3567398118,157021477803.84946,MLB,MLB,regression_tree
MLB,Spencer Schwellenbach,2025,800000,1196259.3567398118,157021477803.84946,MLB,MLB,regression_tree
MLB,Grant Holmes,2025,800000,3534554.007518797,7477785620037.114,MLB,MLB,regression_tree
MLB,Hurston Waldrep,2025,798300,1196259.3567398118,158371649616.76483,MLB,MLB,regression_tree
MLB,Shane Baz,2025,13600000,1196259.3567398118,153852781945264.7,MLB,MLB,regression_tree
MLB,Chris Bassitt,2025,18500000,12398073.776699029,37233503634608.055,MLB,MLB,regression_tree
MLB,Zach Eflin,2025,10000000,2496038.3161764704,56309440952291.664,MLB,MLB,regression_tree
MLB,Trevor Rogers,2025,6200000,1196259.3567398118,25037420425013.883,MLB,MLB,regression_tree
MLB,Dean Kremer,2025,5750000,7599250.804347826,3419728537381.082,MLB,MLB,regression_tree
MLB,Kyle Bradish,2025,3550000,6378000,7997584000000,MLB,MLB,regression_tree
MLB,Shane Baz,2025,3500000,1196259.3567398118,5307220951408.866,MLB,MLB,regression_tree
MLB,Tyler Wells,2025,2450000,3534554.007518797,1176257395225.0833,MLB,MLB,regression_tree
MLB,Garrett Crochet,2025,28333333,3973936.4208333334,593380201701116.6,MLB,MLB,regression_tree
MLB,Ranger Suárez,2025,26000000,17190228.363636363,77612076284877.23,MLB,MLB,regression_tree
MLB,Tanner Houck,2025,4150000,2496038.3161764704,2735589251556.365,MLB,MLB,regression_tree
MLB,Johan Oviedo,2025,1550000,1196259.3567398118,125132442694.13171,MLB,MLB,regression_tree
MLB,Connelly Early,2025,789500,1196259.3567398118,165453174295.3855,MLB,MLB,regression_tree
MLB,Shota Imanaga,2025,22025000,6938325.923611111,227607734687184.5,MLB,MLB,regression_tree
MLB,Justin Steele,2025,6775000,2496038.3161764704,18309513091629.895,MLB,MLB,regression_tree
MLB,Colin Rea,2025,6500000,7599250.804347826,1208352330859.3428,MLB,MLB,regression_tree
MLB,Edward Cabrera,2025,4450000,1196259.3567398118,10586828173603.225,MLB,MLB,regression_tree
MLB,Javier Assad,2025,1800000,1196259.3567398118,364502764324.22577,MLB,MLB,regression_tree
MLB,Cade Horton,2025,817500,1196259.3567398118,143458650317.95605,MLB,MLB,regression_tree
MLB,Ben Brown,2025,800000,1196259.3567398118,157021477803.84946,MLB,MLB,regression_tree
MLB,Erick Fedde,2025,1500000,2496038.3161764704,992092327291.6583,MLB,MLB,regression_tree
MLB,Shane Smith,2025,825900,1196259.3567398118,137166053124.7272,MLB,MLB,regression_tree
MLB,Davis Martin,2025,798900,6938325.923611111,37692550671508.14,MLB,MLB,regression_tree
MLB,Sean Burke,2025,793200,1196259.3567398118,162456845055.5109,MLB,MLB,regression_tree
MLB,Brady Singer,2025,12750000,12398073.776699029,123852066646.88496,MLB,MLB,regression_tree
MLB,Nick Lodolo,2025,4725000,1196259.3567398118,12452010527396.328,MLB,MLB,regression_tree
MLB,Andrew Abbott,2025,800000,1196259.3567398118,157021477803.84946,MLB,MLB,regression_tree
MLB,Chase Burns,2025,785000,1196259.3567398118,169134258506.04382,MLB,MLB,regression_tree
MLB,Chase Petty,2025,780000,1196259.3567398118,173271852073.44193,MLB,MLB,regression_tree
MLB,Gavin Williams,2025,822200,1196259.3567398118,139920402364.6018,MLB,MLB,regression_tree
MLB,Slade Cecconi,2025,795600,1196259.3567398118,160527920143.1598,MLB,MLB,regression_tree
MLB,Parker Messick,2025,788400,1196259.3567398118,166349254880.2131,MLB,MLB,regression_tree
MLB,Doug Nikhazy,2025,780000,1196259.3567398118,173271852073.44193,MLB,MLB,regression_tree
MLB,Michael Lorenzen,2025,8000000,6938325.923611111,1127151844476.2004,MLB,MLB,regression_tree
MLB,Jose Quintana,2025,6000000,7599250.804347826,2557603135207.169,MLB,MLB,regression_tree
MLB,Tomoyuki Sugano,2025,5100000,7599250.804347826,6246254583033.256,MLB,MLB,regression_tree
MLB,Ryan Feltner,2025,2450000,2496038.3161764704,2119526556.3646533,MLB,MLB,regression_tree
MLB,Chase Dollander,2025,782000,1196259.3567398118,171610814646.4827,MLB,MLB,regression_tree
MLB,McCade Brown,2025,782000,1196259.3567398118,171610814646.4827,MLB,MLB,regression_tree
MLB,Tanner Gordon,2025,780000,1196259.3567398118,173271852073.44193,MLB,MLB,regression_tree
MLB,Framber Valdez,2025,38333333,12398073.776699029,672637670979818.1,MLB,MLB,regression_tree
MLB,Tarik Skubal,2025,32000000,31928333.3,5136115888.889894,MLB,MLB,regression_tree
MLB,Justin Verlander,2025,13000000,3534554.007518797,89594667836578.44,MLB,MLB,regression_tree
MLB,Casey Mize,2025,6150000,17190228.363636363,121886642321240.86,MLB,MLB,regression_tree
MLB,Reese Olson,2025,818100,1196259.3567398118,143004499089.86826,MLB,MLB,regression_tree
MLB,Jackson Jobe,2025,784300,1196259.3567398118,169710511605.47955,MLB,MLB,regression_tree
MLB,Hunter Brown,2025,5710000,3973936.4208333334,3013916750908.977,MLB,MLB,regression_tree
MLB,Hayden Wesneski,2025,975000,1196259.3567398118,48955702944.91531,MLB,MLB,regression_tree
MLB,Brandon Walter,2025,850000,3534554.007518797,7206830219285.234,MLB,MLB,regression_tree
MLB,Ronel Blanco,2025,802700,3534554.007518797,7463026318396.513,MLB,MLB,regression_tree
MLB,Kai-Wei Teng,2025,786700,1196259.3567398118,167738866693.12845,MLB,MLB,regression_tree
MLB,Colton Gordon,2025,780000,1196259.3567398118,173271852073.44193,MLB,MLB,regression_tree
MLB,Seth Lugo,2025,23000000,6938325.923611111,257977374136142.84,MLB,MLB,regression_tree
MLB,Kris Bubic,2025,6150000,1196259.3567398118,24539546360687.863,MLB,MLB,regression_tree
MLB,Bailey Falter,2025,3600000,6938325.923611111,11144419972253.977,MLB,MLB,regression_tree
MLB,Noah Cameron,2025,802000,1196259.3567398118,155440440376.8902,MLB,MLB,regression_tree
MLB,Stephen Kolek,2025,793250,3534554.007518797,7514747661638.617,MLB,MLB,regression_tree
MLB,José Soriano,2025,2900000,1196259.3567398118,2902732179496.6396,MLB,MLB,regression_tree
MLB,Jack Kochanowicz,2025,800000,1196259.3567398118,157021477803.84946,MLB,MLB,regression_tree
MLB,Mitch Farris,2025,780000,1196259.3567398118,173271852073.44193,MLB,MLB,regression_tree
MLB,Emmet Sheehan,2025,810000,1196259.3567398118,149196290669.05322,MLB,MLB,regression_tree
MLB,Roki Sasaki,2025,800000,1196259.3567398118,157021477803.84946,MLB,MLB,regression_tree
MLB,Bobby Miller,2025,800000,1196259.3567398118,157021477803.84946,MLB,MLB,regression_tree
MLB,Landon Knack,2025,790000,1196259.3567398118,165046664938.6457,MLB,MLB,regression_tree
MLB,Chris Paddack,2025,4000000,2496038.3161764704,2261900746409.3066,MLB,MLB,regression_tree
MLB,Ryan Weathers,2025,1350000,1196259.3567398118,23636185390.056442,MLB,MLB,regression_tree
MLB,Max Meyer,2025,980000,1196259.3567398118,46768109377.5172,MLB,MLB,regression_tree
MLB,Eury Pérez,2025,799500,1196259.3567398118,157417987160.58926,MLB,MLB,regression_tree
MLB,Janson Junk,2025,798000,6938325.923611111,37703602448170.64,MLB,MLB,regression_tree
MLB,Adam Mazur,2025,786000,1196259.3567398118,168312739792.56418,MLB,MLB,regression_tree
MLB,Brandon Woodruff,2025,22025000,16773727.272727273,27575865256198.34,MLB,MLB,regression_tree
MLB,Quinn Priester,2025,803200,1196259.3567398118,154495657920.71466,MLB,MLB,regression_tree
MLB,Chad Patrick,2025,796400,1196259.3567398118,159887505172.3761,MLB,MLB,regression_tree
MLB,Jacob Misiorowski,2025,788300,1196259.3567398118,166430836751.56107,MLB,MLB,regression_tree
MLB,Kyle Harrison,2025,786100,1196259.3567398118,168230697921.21622,MLB,MLB,regression_tree
MLB,Brandon Sproat,2025,783000,1196259.3567398118,170783295933.00305,MLB,MLB,regression_tree
MLB,Logan Henderson,2025,780000,1196259.3567398118,173271852073.44193,MLB,MLB,regression_tree
MLB,Joe Ryan,2025,6200000,17190228.363636363,120785119484877.22,MLB,MLB,regression_tree
MLB,Bailey Ober,2025,5200000,2496038.3161764704,7311408787585.777,MLB,MLB,regression_tree
MLB,Taj Bradley,2025,802050,1196259.3567398118,155401016941.21622,MLB,MLB,regression_tree
MLB,David Festa,2025,791200,1196259.3567398118,164073082482.47015,MLB,MLB,regression_tree
MLB,Mick Abel,2025,782500,1196259.3567398118,171196805289.74286,MLB,MLB,regression_tree
MLB,David Peterson,2025,8100000,6938325.923611111,1349486659753.9783,MLB,MLB,regression_tree
MLB,Tylor Megill,2025,2500000,16773727.272727273,203739290256198.38,MLB,MLB,regression_tree
MLB,Nolan McLean,2025,791500,1196259.3567398118,163830136868.42627,MLB,MLB,regression_tree
MLB,Jonah Tong,2025,780000,1196259.3567398118,173271852073.44193,MLB,MLB,regression_tree
MLB,Clarke Schmidt,2025,4500000,3534554.007518797,932085964398.0148,MLB,MLB,regression_tree
MLB,Luis Gil,2025,2162500,1196259.3567398118,933620980687.8622,MLB,MLB,regression_tree
MLB,Will Warren,2025,826625,1196259.3567398118,136629557682.45448,MLB,MLB,regression_tree
MLB,Cam Schlittler,2025,801425,1196259.3567398118,155894169262.141,MLB,MLB,regression_tree
MLB,Jesús Luzardo,2025,11000000,3973936.4208333334,49365569418492.31,MLB,MLB,regression_tree
MLB,Paul Skenes,2025,1085000,3973936.4208333334,8345953643617.311,MLB,MLB,regression_tree
MLB,Bubba Chandler,2025,787200,1196259.3567398118,167329557336.38864,MLB,MLB,regression_tree
MLB,Michael King,2025,25000000,3534554.007518797,460765371656127.3,MLB,MLB,regression_tree
MLB,Lucas Giolito,2025,3000000,7599250.804347826,21153107961294.125,MLB,MLB,regression_tree
MLB,JP Sears,2025,2750000,2496038.3161764704,64496536850.48243,MLB,MLB,regression_tree
MLB,Griffin Canning,2025,2500000,6938325.923611111,19698737004198.42,MLB,MLB,regression_tree
MLB,Germán Márquez,2025,1750000,2496038.3161764704,556573169203.4232,MLB,MLB,regression_tree
MLB,Walker Buehler,2025,1500000,7599250.804347826,37200860374337.6,MLB,MLB,regression_tree
MLB,Randy Vásquez,2025,808800,1196259.3567398118,150124753125.22876,MLB,MLB,regression_tree
MLB,Matt Waldron,2025,796800,2496038.3161764704,2887410855162.246,MLB,MLB,regression_tree
MLB,Logan Gilbert,2025,10927000,16773727.272727273,34184219801652.902,MLB,MLB,regression_tree
MLB,George Kirby,2025,6550000,1196259.3567398118,28662538875296.016,MLB,MLB,regression_tree
MLB,Bryce Miller,2025,2452500,1196259.3567398118,1578140553778.7712,MLB,MLB,regression_tree
MLB,Bryan Woo,2025,831600,3973936.4208333334,9874278181695.645,MLB,MLB,regression_tree
MLB,Emerson Hancock,2025,793300,1196259.3567398118,162376243184.16293,MLB,MLB,regression_tree
MLB,Logan Evans,2025,785800,1196259.3567398118,168476883535.2601,MLB,MLB,regression_tree
MLB,Adrian Houser,2025,11000000,6938325.923611111,16497196302809.535,MLB,MLB,regression_tree
MLB,Tyler Mahle,2025,10000000,6938325.923611111,9373848150031.756,MLB,MLB,regression_tree
MLB,Landen Roupp,2025,800000,1196259.3567398118,157021477803.84946,MLB,MLB,regression_tree
MLB,Trevor McDonald,2025,780000,1196259.3567398118,173271852073.44193,MLB,MLB,regression_tree
MLB,Blade Tidwell,2025,780000,1196259.3567398118,173271852073.44193,MLB,MLB,regression_tree
MLB,Dustin May,2025,12500000,1196259.3567398118,127774552530092.27,MLB,MLB,regression_tree
MLB,Andre Pallante,2025,4000000,1196259.3567398118,7860961594669.055,MLB,MLB,regression_tree
MLB,Matthew Liberatore,2025,2260000,1196259.3567398118,1131544156123.5989,MLB,MLB,regression_tree
MLB,Hunter Dobbins,2025,787600,1196259.3567398118,167002469850.9968,MLB,MLB,regression_tree
MLB,Michael McGreevy,2025,784550,1196259.3567398118,169504594427.10965,MLB,MLB,regression_tree
MLB,Nick Martinez,2025,13000000,7599250.804347826,29168091874337.6,MLB,MLB,regression_tree
MLB,Ryan Pepiot,2025,3025000,1196259.3567398118,3344292340311.687,MLB,MLB,regression_tree
MLB,Joe Boyle,2025,784200,1196259.3567398118,169792913476.8275,MLB,MLB,regression_tree
MLB,Cal Quantrill,2025,1000000,2496038.3161764704,2238130643468.129,MLB,MLB,regression_tree
MLB,Jack Leiter,2025,794000,1196259.3567398118,161812590084.7272,MLB,MLB,regression_tree
MLB,Kumar Rocker,2025,789000,1196259.3567398118,165860183652.1253,MLB,MLB,regression_tree
MLB,Dylan Cease,2025,30000000,16773727.272727273,174934290256198.34,MLB,MLB,regression_tree
MLB,Eric Lauer,2025,4400000,6938325.923611111,6443098494476.2,MLB,MLB,regression_tree
MLB,Max Scherzer,2025,3000000,2496038.3161764704,253977378762.24725,MLB,MLB,regression_tree
MLB,Patrick Corbin,2025,1000000,6938325.923611111,35263714775031.76,MLB,MLB,regression_tree
MLB,Bowden Francis,2025,809800,2496038.3161764704,2843399658941.658,MLB,MLB,regression_tree
MLB,Trey Yesavage,2025,788800,1196259.3567398118,166023127394.82123,MLB,MLB,regression_tree
MLB,Zack Littell,2025,7000000,7599250.804347826,359101526511.51666,MLB,MLB,regression_tree
MLB,MacKenzie Gore,2025,5600000,1196259.3567398118,19392931653101.656,MLB,MLB,regression_tree
MLB,Jake Irvin,2025,2800000,2496038.3161764704,92392705232.83539,MLB,MLB,regression_tree
MLB,Miles Mikolas,2025,2250000,2496038.3161764704,60534853026.952805,MLB,MLB,regression_tree
MLB,Cade Cavalli,2025,870000,1196259.3567398118,106445167860.2758,MLB,MLB,regression_tree
MLB,Andrew Alvarez,2025,780000,1196259.3567398118,173271852073.44193,MLB,MLB,regression_tree
