league,player_name,year,actual_salary,predicted_salary,squared_error,trained_on,predicted_on,model_name
NPB,久保　康友,2010,180000000,258161594.1991918,6109234807759135,NPB,NPB,adaboost
NPB,下柳　剛,2010,90000000,153581137.92515343,4042561099857384.5,NPB,NPB,adaboost
NPB,能見　篤史,2010,50000000,151029781.9937981,10207016849714372,NPB,NPB,adaboost
NPB,秋山　拓巳,2010,12000000,77338716.03632994,4269147813276159.5,NPB,NPB,adaboost
NPB,鶴　直人,2010,11000000,70101227.13707432,3492955049108050,NPB,NPB,adaboost
NPB,小嶋　達也,2010,10000000,78572779.07652543,4702226030277964,NPB,NPB,adaboost
NPB,清水　直行,2010,280000000,281666207.0416442,2776245905624.7686,NPB,NPB,adaboost
NPB,三浦　大輔,2010,250000000,161640483.0964575,7807404227427411,NPB,NPB,adaboost
NPB,大家　友和,2010,100000000,176010538.82466376,5777602012415717,NPB,NPB,adaboost
NPB,山本　省吾,2010,62000000,158012758.33978426,9218449764013812,NPB,NPB,adaboost
NPB,加賀　繁,2010,25000000,151150688.76080424,15913996274825300,NPB,NPB,adaboost
NPB,田中　健二朗,2010,8200000,66410490.35180272,3388461186997317.5,NPB,NPB,adaboost
NPB,杉原　洋,2010,6000000,79352201.10391332,5380545406788943,NPB,NPB,adaboost
NPB,眞下　貴之,2010,5500000,67848730.30833536,3887364171061537,NPB,NPB,adaboost
NPB,内海　哲也,2010,120000000,165349266.3259663,2056555956303420.8,NPB,NPB,adaboost
NPB,東野　峻,2010,75000000,142242943.24702916,4521613416523184,NPB,NPB,adaboost
NPB,藤井　秀悟,2010,70000000,178257027.53166908,11719584009992558,NPB,NPB,adaboost
NPB,朝井　秀樹,2010,40000000,92720006.47761488,2779399082999755,NPB,NPB,adaboost
NPB,西村　健太朗,2010,28000000,98875087.42153305,5023278017009952,NPB,NPB,adaboost
NPB,黄　志龍,2010,4400000,67720316.96170644,4009462540130969,NPB,NPB,adaboost
NPB,吉見　一起,2010,120000000,161524017.20586005,1724244004912561.2,NPB,NPB,adaboost
NPB,山本昌,2010,100000000,188429441.4472926,7819766114680150,NPB,NPB,adaboost
NPB,中田　賢一,2010,72000000,176773955.25258902,10977581699271526,NPB,NPB,adaboost
NPB,朝倉　健太,2010,71250000,139826253.11019728,4702702490633842,NPB,NPB,adaboost
NPB,山井　大介,2010,42000000,148279414.9300658,11295314037877096,NPB,NPB,adaboost
NPB,小笠原　孝,2010,39000000,152426649.54627192,12865604827292788,NPB,NPB,adaboost
NPB,川井　雄太,2010,25500000,112921236.86171454,7642472654431997,NPB,NPB,adaboost
NPB,山内　壮馬,2010,15000000,91294917.98122346,5820914509761615,NPB,NPB,adaboost
NPB,岩田　慎司,2010,13000000,73767623.41896902,3692704055989632,NPB,NPB,adaboost
NPB,伊藤　準規,2010,7500000,73248821.4692371,4322907524593614,NPB,NPB,adaboost
NPB,前田　健太,2010,120000000,226239668.2037396,11286867100040682,NPB,NPB,adaboost
NPB,大竹　寛,2010,80000000,84768192.28822614,22735657697499.258,NPB,NPB,adaboost
NPB,齊藤　悠葵,2010,21000000,72035242.06101398,2604595932226290.5,NPB,NPB,adaboost
NPB,青木　高広,2010,16000000,145038817.036657,16651016302219842,NPB,NPB,adaboost
NPB,小松　剛,2010,13000000,75431848.44253945,3897735699952216,NPB,NPB,adaboost
NPB,今村　猛,2010,10000000,67720316.96170644,3331634990159856.5,NPB,NPB,adaboost
NPB,今井　啓介,2010,9500000,64143528.75577317,2985915234883009.5,NPB,NPB,adaboost
NPB,石川　雅規,2010,180000000,222227449.8820841,1783157523543924.5,NPB,NPB,adaboost
NPB,館山　昌平,2010,120000000,233519537.22445193,12886685331653728,NPB,NPB,adaboost
NPB,村中　恭兵,2010,51000000,144951196.66140768,8826827354110501,NPB,NPB,adaboost
NPB,中澤　雅人,2010,24000000,97897134.73849459,5460786522559224,NPB,NPB,adaboost
NPB,赤川　克紀,2010,7200000,74161756.1275807,4483876783689591.5,NPB,NPB,adaboost
NPB,山本　斉,2010,6000000,78062315.56568523,5192977324688399,NPB,NPB,adaboost
NPB,杉内　俊哉,2010,350000000,302119367.3167645,2292554986146922,NPB,NPB,adaboost
NPB,和田　毅,2010,330000000,312333664.7218755,312099402159106.6,NPB,NPB,adaboost
NPB,大隣　憲司,2010,35000000,125127087.94601324,8122891981628405,NPB,NPB,adaboost
NPB,小椋　真介,2010,25000000,112711432.76378587,7693295437476129,NPB,NPB,adaboost
NPB,山田　大樹,2010,12000000,67612475.1078784,3092747387624395,NPB,NPB,adaboost
NPB,巽　真悟,2010,10600000,64015115.40914423,2853174554172197.5,NPB,NPB,adaboost
NPB,岩嵜　翔,2010,8400000,64330567.948288016,3128228431018062.5,NPB,NPB,adaboost
NPB,ダルビッシュ　有,2010,500000000,380940677.94434285,14175122168352688,NPB,NPB,adaboost
NPB,武田　勝,2010,135000000,243375646.5389895,11745280762743990,NPB,NPB,adaboost
NPB,八木　智哉,2010,48000000,80215430.45725259,1037833959546078,NPB,NPB,adaboost
NPB,増井　浩俊,2010,16000000,80797948.75906493,4198774163382404,NPB,NPB,adaboost
NPB,糸数　敬作,2010,15000000,86927575.07790151,5173576056587159,NPB,NPB,adaboost
NPB,矢貫　俊之,2010,11000000,94787595.16454475,7020361103457642,NPB,NPB,adaboost
NPB,吉川　光夫,2010,10500000,64707691.80661137,2938473851000561,NPB,NPB,adaboost
NPB,多田野　数人,2010,8000000,129716274.67088239,14814851519757686,NPB,NPB,adaboost
NPB,中村　勝,2010,8000000,67848730.30833536,3581870519519860,NPB,NPB,adaboost
NPB,ダース　ローマシュ匡,2010,5200000,67720316.96170644,3908790032992238.5,NPB,NPB,adaboost
NPB,木佐貫　洋,2010,60000000,177380304.18754038,13778135811159510,NPB,NPB,adaboost
NPB,近藤　一樹,2010,49000000,158688759.2358599,12031623902702440,NPB,NPB,adaboost
NPB,長谷川　昌幸,2010,32000000,135879621.04768968,10790975669011612,NPB,NPB,adaboost
NPB,中山　慎也,2010,20000000,102017324.41724811,6726841504564124,NPB,NPB,adaboost
NPB,伊原　正樹,2010,11000000,72958352.3183583,3838837422005815.5,NPB,NPB,adaboost
NPB,山田　修義,2010,5400000,75644448.11776127,4934282491368855,NPB,NPB,adaboost
NPB,岩隈　久志,2010,300000000,251713657.51294056,2331570870777602,NPB,NPB,adaboost
NPB,田中　将大,2010,200000000,169729832.76691672,916283024318828.5,NPB,NPB,adaboost
NPB,永井　怜,2010,73000000,154931222.48278615,6712725217523803,NPB,NPB,adaboost
NPB,川井　貴志,2010,20000000,124355514.55711614,10890073418480478,NPB,NPB,adaboost
NPB,長谷部　康平,2010,19000000,74746495.68378443,3107671781022195.5,NPB,NPB,adaboost
NPB,藤原　紘通,2010,18000000,88003838.08060375,4900537346015388,NPB,NPB,adaboost
NPB,戸村　健次,2010,15000000,72078417.37613043,3257945730163748.5,NPB,NPB,adaboost
NPB,井坂　亮平,2010,13500000,95651497.093244,6748868474661278,NPB,NPB,adaboost
NPB,菊池　保則,2010,6800000,80252459.48017937,5395263803687392,NPB,NPB,adaboost
NPB,涌井　秀章,2010,252999999.99999997,160339870.8862153,8585899527383246,NPB,NPB,adaboost
NPB,石井　一久,2010,190000000,186565573.49197006,11795285439058.713,NPB,NPB,adaboost
NPB,岸　孝之,2010,120000000,165158853.76770368,2039322073612845,NPB,NPB,adaboost
NPB,帆足　和幸,2010,110000000.00000001,221935744.75951666,12529610954867658,NPB,NPB,adaboost
NPB,西口　文也,2010,60000000,139072568.12670207,6252471030151940,NPB,NPB,adaboost
NPB,平野　将光,2010,16000000,102272390.70220074,7442925397473173,NPB,NPB,adaboost
NPB,渡辺　俊介,2010,140000000,180366082.13230368,1629420586711886.8,NPB,NPB,adaboost
NPB,成瀬　善久,2010,130000000,243950302.32152665,12984671399167322,NPB,NPB,adaboost
NPB,唐川　侑己,2010,34500000,74118468.71571063,1569623063377741.5,NPB,NPB,adaboost
NPB,吉見　祐治,2010,33000000,134387570.00652665,10279439351828342,NPB,NPB,adaboost
NPB,大嶺　祐太,2010,21000000,76571231.41219388,3088161760667604,NPB,NPB,adaboost
NPB,香月　良仁,2010,10000000,83704488.45458415,5432351618351928,NPB,NPB,adaboost
NPB,久保　康友,2011,140000000,151462702.80631602,131393555625925.11,NPB,NPB,adaboost
NPB,能見　篤史,2011,100000000,226021012.02980614,15881295473016544,NPB,NPB,adaboost
NPB,安藤　優也,2011,58000000,135854573.03681806,6061334542745237,NPB,NPB,adaboost
NPB,岩田　稔,2011,55000000,168614111.14057297,12908166250262466,NPB,NPB,adaboost
NPB,鄭　凱文,2011,14000000,67224635.03970298,2832861775109578.5,NPB,NPB,adaboost
NPB,秋山　拓巳,2011,11000000,67720316.96170644,3217194356236444,NPB,NPB,adaboost
NPB,鶴　直人,2011,10000000,74605632.47394116,4173887747357961,NPB,NPB,adaboost
NPB,蕭　一傑,2011,10000000,134881051.12616816,15595276930376626,NPB,NPB,adaboost
NPB,清原　大貴,2011,6500000,84408296.61102927,6069702680832114,NPB,NPB,adaboost
NPB,三浦　大輔,2011,150000000,210290363.81091627,3634927968452643,NPB,NPB,adaboost
NPB,山本　省吾,2011,60000000,143979086.50399914,7052486970046171,NPB,NPB,adaboost
NPB,清水　直行,2011,50000000,175445971.66802365,15736691807734592,NPB,NPB,adaboost
NPB,高崎　健太郎,2011,40000000,166871804.45443946,16096454765525524,NPB,NPB,adaboost
NPB,須田　幸太,2011,17000000,96005280.51782952,6241834349700933,NPB,NPB,adaboost
NPB,加賀美　希昇,2011,11000000,100792614.5044033,8062713619536377,NPB,NPB,adaboost
NPB,小林　寛,2011,10000000,65416302.350660786,3070966566219852,NPB,NPB,adaboost
NPB,国吉　佑樹,2011,10000000,73169385.22596656,3990371229826562,NPB,NPB,adaboost
NPB,田中　健二朗,2011,7000000,82695422.04251732,5729796918194817,NPB,NPB,adaboost
NPB,眞下　貴之,2011,6500000,64143528.75577317,3322776407417648.5,NPB,NPB,adaboost
NPB,杉内　俊哉,2011,350000000,280668969.6722459,4806791766307956,NPB,NPB,adaboost
NPB,内海　哲也,2011,220000000.00000003,230012290.2680273,100245956411233.7,NPB,NPB,adaboost
NPB,東野　峻,2011,65000000,118843100.3247347,2899079452579446,NPB,NPB,adaboost
NPB,澤村　拓一,2011,52000000,179398529.6530374,16230385357755850,NPB,NPB,adaboost
NPB,小野　淳平,2011,15000000,70382247.78781249,3067193370030661,NPB,NPB,adaboost
NPB,小山　雄輝,2011,8200000,69121503.903223,3711429637830414.5,NPB,NPB,adaboost
NPB,吉見　一起,2011,240000000,294692084.172036,2991224071081070,NPB,NPB,adaboost
NPB,中田　賢一,2011,60000000,130251123.46683705,4935220348352783,NPB,NPB,adaboost
NPB,朝倉　健太,2011,57000000,107265850.28359365,2526655704732652.5,NPB,NPB,adaboost
NPB,山井　大介,2011,36000000,140217881.782503,10861366883231772,NPB,NPB,adaboost
NPB,小笠原　孝,2011,30000000,158454911.94562444,16500664402958128,NPB,NPB,adaboost
NPB,山内　壮馬,2011,18000000,96924303.87460443,6229045742090900,NPB,NPB,adaboost
NPB,大野　雄大,2011,13500000,72668875.97768229,3500955884462348.5,NPB,NPB,adaboost
NPB,岩田　慎司,2011,12000000,74976603.40269344,3966052576140138.5,NPB,NPB,adaboost
NPB,伊藤　準規,2011,9000000,78196714.85058655,4788185346113385,NPB,NPB,adaboost
NPB,前田　健太,2011,150000000,192564277.62288818,1811717729558299.2,NPB,NPB,adaboost
NPB,大竹　寛,2011,65000000,112666333.62048261,2272079360819150.5,NPB,NPB,adaboost
NPB,福井　優也,2011,27000000,130275949.39572777,10665921723588922,NPB,NPB,adaboost
NPB,篠田　純平,2011,24000000,95498533.99159375,5112040362947087,NPB,NPB,adaboost
NPB,中村　恭平,2011,10000000,69121503.903223,3495352223778811.5,NPB,NPB,adaboost
NPB,中田　廉,2011,8000000,64330567.948288016,3173132885376693,NPB,NPB,adaboost
NPB,石川　雅規,2011,200000000,272200958.03477913,5212978341139937,NPB,NPB,adaboost
NPB,館山　昌平,2011,190000000,251339627.24906185,3762549871053851.5,NPB,NPB,adaboost
NPB,村中　恭兵,2011,45000000,76624834.9069872,1000130182894196.4,NPB,NPB,adaboost
NPB,増渕　竜義,2011,41000000,104181838.77438052,3991944750911813.5,NPB,NPB,adaboost
NPB,赤川　克紀,2011,21000000,78769137.98685725,3337273303744553.5,NPB,NPB,adaboost
NPB,中澤　雅人,2011,18500000,90276585.81522055,5151878271289720,NPB,NPB,adaboost
NPB,七條　祐樹,2011,16000000,114929111.06154506,9786969015427516,NPB,NPB,adaboost
NPB,山本　斉,2011,10000000,71729736.73394354,3810560397241978,NPB,NPB,adaboost
NPB,山岸　穣,2011,9500000,92234134.59976426,6844937027971909,NPB,NPB,adaboost
NPB,攝津　正,2011,190000000,294356855.14740646,10890353216256774,NPB,NPB,adaboost
NPB,帆足　和幸,2011,110000000.00000001,231550637.82699427,14774557556149126,NPB,NPB,adaboost
NPB,山田　大樹,2011,30000000,80903080.26601519,2591123580568385,NPB,NPB,adaboost
NPB,岩嵜　翔,2011,18000000,73892580.53474408,3123980558832853.5,NPB,NPB,adaboost
NPB,武田　勝,2011,170000000,263177147.94744343,8681980899619761,NPB,NPB,adaboost
NPB,斎藤　佑樹,2011,30000000,85994558.09178968,3135390535894809,NPB,NPB,adaboost
NPB,八木　智哉,2011,24000000,98799422.12349987,5594953550009522,NPB,NPB,adaboost
NPB,糸数　敬作,2011,14000000,123142323.32876544,11912046741600776,NPB,NPB,adaboost
NPB,吉川　光夫,2011,11000000,73479604.31764698,3903700955689731,NPB,NPB,adaboost
NPB,矢貫　俊之,2011,10000000,104848214.49574007,8996183793029917,NPB,NPB,adaboost
NPB,中村　勝,2011,7800000,71011341.64092919,3995673712046269,NPB,NPB,adaboost
NPB,大塚　豊,2011,7800000,68915704.44307809,3735129329573674.5,NPB,NPB,adaboost
NPB,寺原　隼人,2011,85000000,191853030.99151883,11417570232074482,NPB,NPB,adaboost
NPB,木佐貫　洋,2011,50000000,115811312.83769757,4331128897421296.5,NPB,NPB,adaboost
NPB,中山　慎也,2011,40000000,152254436.05575857,12601058414196388,NPB,NPB,adaboost
NPB,近藤　一樹,2011,40000000,98653006.45802157,3440175166564719.5,NPB,NPB,adaboost
NPB,西　勇輝,2011,30000000,172572595.56723815,20326945006779256,NPB,NPB,adaboost
NPB,田中　将大,2011,320000000,429130189.5838347,11909398278603706,NPB,NPB,adaboost
NPB,永井　怜,2011,64000000,111913485.86175042,2295702127424158,NPB,NPB,adaboost
NPB,川島　亮,2011,36000000,117048143.40461025,6568801549334267,NPB,NPB,adaboost
NPB,塩見　貴洋,2011,32000000,157160149.95444882,15665063136620114,NPB,NPB,adaboost
NPB,川井　貴志,2011,20000000,144944339.69593364,15611088022052858,NPB,NPB,adaboost
NPB,長谷部　康平,2011,17000000,91662665.87975743,5574513676272295,NPB,NPB,adaboost
NPB,井坂　亮平,2011,16500000,90518237.6524351,5478699505172360,NPB,NPB,adaboost
NPB,下柳　剛,2011,15000000,136698443.24999607,14810511089472514,NPB,NPB,adaboost
NPB,戸村　健次,2011,14100000,77739076.578098,4049932067713021.5,NPB,NPB,adaboost
NPB,藤原　紘通,2011,13000000,77986726.41670477,4223274610359634,NPB,NPB,adaboost
NPB,菊池　保則,2011,6200000,70231177.86435537,4099991738696713,NPB,NPB,adaboost
NPB,涌井　秀章,2011,210000000,154585987.64382854,3070712765409923,NPB,NPB,adaboost
NPB,石井　一久,2011,170000000,156280046.01874998,188237137247618.22,NPB,NPB,adaboost
NPB,岸　孝之,2011,110000000.00000001,136768893.24312446,716573645461793.4,NPB,NPB,adaboost
NPB,西口　文也,2011,100000000,210448133.773353,12198790254016482,NPB,NPB,adaboost
NPB,菊池　雄星,2011,20000000,86193568.81543829,4381588552524164,NPB,NPB,adaboost
NPB,成瀬　善久,2011,130000000,197262657.9457156,4524265153922339,NPB,NPB,adaboost
NPB,渡辺　俊介,2011,126000000,156452311.73502743,927343290007289.5,NPB,NPB,adaboost
NPB,小野　晋吾,2011,80000000,136211304.15801874,3159710715145294.5,NPB,NPB,adaboost
NPB,唐川　侑己,2011,54500000,168427521.00201216,12979480041663922,NPB,NPB,adaboost
NPB,大嶺　祐太,2011,17000000,67720316.96170644,2572550552695966.5,NPB,NPB,adaboost
NPB,上野　大樹,2011,17000000,93881482.67231922,5910762377894120,NPB,NPB,adaboost
NPB,小林　敦,2011,15000000,75499742.65327908,3660218861112996,NPB,NPB,adaboost
NPB,光原　逸裕,2011,9000000,107815132.34145352,9764430379658974,NPB,NPB,adaboost
NPB,阿部　和成,2011,5500000,67720316.96170644,3871367842815214.5,NPB,NPB,adaboost
NPB,久保　康友,2012,120000000,187159564.5858227,4510407115357291,NPB,NPB,adaboost
NPB,能見　篤史,2012,120000000,237653717.99526128,13842397358108468,NPB,NPB,adaboost
NPB,岩田　稔,2012,58000000,152763903.5446873,8980197415026798,NPB,NPB,adaboost
NPB,安藤　優也,2012,50000000,154638077.50594804,10949127264140788,NPB,NPB,adaboost
NPB,二神　一人,2012,10000000,86292234.2971897,5820505014057288,NPB,NPB,adaboost
NPB,秋山　拓巳,2012,10000000,68035769.50085022,3368150541555816,NPB,NPB,adaboost
NPB,岩本　輝,2012,8000000,79521448.56142838,5115317604325046,NPB,NPB,adaboost
NPB,歳内　宏明,2012,7500000,77481059.81097008,4897348732266572,NPB,NPB,adaboost
NPB,伊藤　和雄,2012,7500000,67720316.96170644,3626486574968389,NPB,NPB,adaboost
NPB,三浦　大輔,2012,180000000,239144445.08198455,3498065384055886.5,NPB,NPB,adaboost
NPB,高崎　健太郎,2012,55000000,108402196.73695555,2851794616332506.5,NPB,NPB,adaboost
NPB,藤井　秀悟,2012,37000000,141241762.9788649,10866345148941850,NPB,NPB,adaboost
NPB,国吉　佑樹,2012,18000000,94231698.3849599,5811271838655499,NPB,NPB,adaboost
NPB,加賀美　希昇,2012,14000000,79935249.33531561,4347457104910238,NPB,NPB,adaboost
NPB,須田　幸太,2012,13000000,79352201.10391332,4402614591334156.5,NPB,NPB,adaboost
NPB,王　溢正,2012,10000000,84014970.64836796,5478215880078770,NPB,NPB,adaboost
NPB,杉内　俊哉,2012,500000000,388434167.06751466,12446935077919230,NPB,NPB,adaboost
NPB,内海　哲也,2012,400000000,318797221.6991278,6593891203780602,NPB,NPB,adaboost
NPB,澤村　拓一,2012,65000000,155028491.30000186,8105129245754511,NPB,NPB,adaboost
NPB,小山　雄輝,2012,18000000,81346747.27935897,4012810390874973,NPB,NPB,adaboost
NPB,宮國　椋丞,2012,16000000,78392014.1285339,3892763427015174,NPB,NPB,adaboost
NPB,笠原　将生,2012,8400000,82621476.74613906,5508827610377662,NPB,NPB,adaboost
NPB,吉見　一起,2012,290000000,207026261.1884375,6884641332369395,NPB,NPB,adaboost
NPB,中田　賢一,2012,70000000,178549190.45878354,11782926749257262,NPB,NPB,adaboost
NPB,川上　憲伸,2012,60000000,153014635.28954062,8651722378046255,NPB,NPB,adaboost
NPB,山本昌,2012,60000000,187094061.71515113,16152900523254644,NPB,NPB,adaboost
NPB,山内　壮馬,2012,42000000,140327714.6290329,9668339464168532,NPB,NPB,adaboost
NPB,岩田　慎司,2012,28000000,97384861.71131594,4814259034698437,NPB,NPB,adaboost
NPB,大野　雄大,2012,17500000,89694042.96260524,5211979839286491,NPB,NPB,adaboost
NPB,伊藤　準規,2012,10000000,79521448.56142838,4833231810079333,NPB,NPB,adaboost
NPB,小川　龍也,2012,5500000,79715065.96534923,5507876016241137,NPB,NPB,adaboost
NPB,前田　健太,2012,210000000,289870948.63855416,6379368436422556,NPB,NPB,adaboost
NPB,大竹　寛,2012,100000000,153920081.54074067,2907375193360122.5,NPB,NPB,adaboost
NPB,野村　祐輔,2012,40000000,148369780.6373625,11744009355390070,NPB,NPB,adaboost
NPB,福井　優也,2012,24000000,73052600.40391956,2406157606386609.5,NPB,NPB,adaboost
NPB,篠田　純平,2012,19000000,96348210.43567948,5982745657602156,NPB,NPB,adaboost
NPB,今井　啓介,2012,18000000,85981150.72126052,4621436853386739,NPB,NPB,adaboost
NPB,齊藤　悠葵,2012,15000000,82527511.47373807,4559964805835827,NPB,NPB,adaboost
NPB,戸田　隆矢,2012,5500000,67720316.96170644,3871367842815214.5,NPB,NPB,adaboost
NPB,石川　雅規,2012,200000000,190163639.5137493,96753987615474.08,NPB,NPB,adaboost
NPB,館山　昌平,2012,190000000,223531732.50904697,1124377085058277.5,NPB,NPB,adaboost
NPB,村中　恭兵,2012,65000000,120969769.96856454,3132615150334029,NPB,NPB,adaboost
NPB,赤川　克紀,2012,40000000,117352476.5095715,5983405622163810,NPB,NPB,adaboost
NPB,中澤　雅人,2012,16500000,97806204.0558068,6610698817964494,NPB,NPB,adaboost
NPB,七條　祐樹,2012,15000000,100591059.97911231,7325829548348001,NPB,NPB,adaboost
NPB,八木　亮祐,2012,7000000,81679492.14646575,5577026547254039,NPB,NPB,adaboost
NPB,攝津　正,2012,290000000,246862526.19828406,1860841645993729,NPB,NPB,adaboost
NPB,帆足　和幸,2012,110000000.00000001,115192005.3620774,26956919679840.32,NPB,NPB,adaboost
NPB,寺原　隼人,2012,85000000,124762006.00777026,1581017121761957.8,NPB,NPB,adaboost
NPB,大隣　憲司,2012,63000000,169405800.3530331,11322194348769538,NPB,NPB,adaboost
NPB,山本　省吾,2012,55000000,149806448.60233474,8988262696587138,NPB,NPB,adaboost
NPB,新垣　渚,2012,42000000,174308097.25592187,17505432599482480,NPB,NPB,adaboost
NPB,山田　大樹,2012,40000000,114069272.53404294,5486257133722328,NPB,NPB,adaboost
NPB,陽　耀勲,2012,35000000,146688072.93560815,12474225636069726,NPB,NPB,adaboost
NPB,岩嵜　翔,2012,28000000,85033117.07036059,3252776442761456,NPB,NPB,adaboost
NPB,武田　翔太,2012,20000000,90222173.43177402,4931153641482149,NPB,NPB,adaboost
NPB,大場　翔太,2012,16000000,112827993.22679955,9375660272329140,NPB,NPB,adaboost
NPB,千賀　滉大,2012,6500000,67720316.96170644,3747927208891802,NPB,NPB,adaboost
NPB,武田　勝,2012,200000000,266249529.11992505,4389000108611797.5,NPB,NPB,adaboost
NPB,吉川　光夫,2012,70000000,203913244.14549232,17932756957570232,NPB,NPB,adaboost
NPB,木佐貫　洋,2012,62000000,185547666.6189709,15264025926992376,NPB,NPB,adaboost
NPB,多田野　数人,2012,38000000,129171528.00219098,8312247518254294,NPB,NPB,adaboost
NPB,斎藤　佑樹,2012,35000000,77189664.1273563,1779967759179135.5,NPB,NPB,adaboost
NPB,中村　勝,2012,13500000,77481059.81097008,4093576014534931,NPB,NPB,adaboost
NPB,井川　慶,2012,100000000,130809928.74085261,949251709016415.6,NPB,NPB,adaboost
NPB,東野　峻,2012,65000000,118934735.44917803,2908955687972820.5,NPB,NPB,adaboost
NPB,西　勇輝,2012,46000000,97579520.47435445,2660446932364349.5,NPB,NPB,adaboost
NPB,近藤　一樹,2012,31000000,104467307.54809307,5397445278366092,NPB,NPB,adaboost
NPB,八木　智哉,2012,24000000,110529188.31763189,7487300430908202,NPB,NPB,adaboost
NPB,前田　祐二,2012,12000000,81958847.19205761,4894240300441667,NPB,NPB,adaboost
NPB,田中　将大,2012,400000000,318078037.33020866,6711207967670686,NPB,NPB,adaboost
NPB,永井　怜,2012,49000000,89566844.3604561,1645668861365468.5,NPB,NPB,adaboost
NPB,美馬　学,2012,31000000,158079450.66618812,16149186781620140,NPB,NPB,adaboost
NPB,塩見　貴洋,2012,29000000,71584174.11859208,1813411885362567.8,NPB,NPB,adaboost
NPB,辛島　航,2012,22000000,124839454.93365107,10575953491050450,NPB,NPB,adaboost
NPB,川井　貴志,2012,20000000,128305148.5715611,11730005207107922,NPB,NPB,adaboost
NPB,釜田　佳直,2012,20000000,102575362.73771238,6818690531264779,NPB,NPB,adaboost
NPB,上園　啓史,2012,15000000,114698600.15631996,9939810873129762,NPB,NPB,adaboost
NPB,戸村　健次,2012,15000000,83155902.2967772,4645227017887840,NPB,NPB,adaboost
NPB,菊池　保則,2012,7200000,74755692.61693291,4563771604953524,NPB,NPB,adaboost
NPB,石井　一久,2012,190000000,204818148.02822605,219577510986419.5,NPB,NPB,adaboost
NPB,岸　孝之,2012,150000000,183415382.349987,1116587777595822.8,NPB,NPB,adaboost
NPB,西口　文也,2012,70000000,166462296.9637549,9304974735523636,NPB,NPB,adaboost
NPB,牧田　和久,2012,67000000,195949346.09992343,16627933859597838,NPB,NPB,adaboost
NPB,野上　亮磨,2012,28000000,101362721.32759596,5382088880590504,NPB,NPB,adaboost
NPB,菊池　雄星,2012,23000000,70704239.17636421,2275694435395762,NPB,NPB,adaboost
NPB,平野　将光,2012,11000000,103175854.38206054,8496388131062830,NPB,NPB,adaboost
NPB,岡本　洋介,2012,8000000,88992066.29226804,6559714802291140,NPB,NPB,adaboost
NPB,山本　淳,2012,7000000,109172993.91085604,10439320684707826,NPB,NPB,adaboost
NPB,成瀬　善久,2012,160000000,196867282.00642532,1359196482541292.2,NPB,NPB,adaboost
NPB,小野　晋吾,2012,80000000,172274216.84336013,8514531094055446,NPB,NPB,adaboost
NPB,渡辺　俊介,2012,80000000,150369653.3875837,4951888117888670,NPB,NPB,adaboost
NPB,唐川　侑己,2012,54500000,106079433.84997629,2660437996284079.5,NPB,NPB,adaboost
NPB,吉見　祐治,2012,26000000,126465762.75276978,10093369485495824,NPB,NPB,adaboost
NPB,藤岡　貴裕,2012,21000000,76861515.41857782,3120508904860007.5,NPB,NPB,adaboost
NPB,上野　大樹,2012,17000000,86232540.55837905,4793144672167601,NPB,NPB,adaboost
NPB,香月　良仁,2012,9000000,88524775.41903046,6324189905447231,NPB,NPB,adaboost
NPB,阿部　和成,2012,7000000,130432721.86641072,15235636827350706,NPB,NPB,adaboost
NPB,能見　篤史,2013,150000000,255323997.51627117,11093144452807496,NPB,NPB,adaboost
NPB,岩田　稔,2013,46000000,114811503.0403967,4735022950678525,NPB,NPB,adaboost
NPB,藤浪　晋太郎,2013,45000000,143591984.01031056,9720379311089334,NPB,NPB,adaboost
NPB,榎田　大樹,2013,41000000,160985978.90273657,14396635133247946,NPB,NPB,adaboost
NPB,吉見　祐治,2013,15000000,121024501.83964364,11241194990344598,NPB,NPB,adaboost
NPB,秋山　拓巳,2013,12000000,75168111.3336247,3990210289457206,NPB,NPB,adaboost
NPB,小嶋　達也,2013,11000000,85216827.02004603,5508137412923434,NPB,NPB,adaboost
NPB,白仁田　寛和,2013,7500000,93865878.9187395,7459065041406372,NPB,NPB,adaboost
NPB,岩本　輝,2013,7000000,69121503.903223,3859081247198149.5,NPB,NPB,adaboost
NPB,三浦　大輔,2013,180000000,225009407.16371158,2025846733228771,NPB,NPB,adaboost
NPB,藤井　秀悟,2013,41000000,134551555.4895662,8751893534517385,NPB,NPB,adaboost
NPB,三嶋　一輝,2013,27000000,119302325.42004721,8519719277948293,NPB,NPB,adaboost
NPB,須田　幸太,2013,17000000,84513951.51507571,4558133649179994,NPB,NPB,adaboost
NPB,井納　翔一,2013,16500000,105431018.88877998,7908726120596542,NPB,NPB,adaboost
NPB,国吉　佑樹,2013,15000000,72393869.91527422,3294056303851419,NPB,NPB,adaboost
NPB,加賀美　希昇,2013,12500000,80889273.57512547,4677092740133355,NPB,NPB,adaboost
NPB,小杉　陽太,2013,10000000,98498884.72755024,7832052598020225,NPB,NPB,adaboost
NPB,杉内　俊哉,2013,500000000,387217217.7971227,12719955961421652,NPB,NPB,adaboost
NPB,内海　哲也,2013,400000000,295625447.4689555,10894047216055764,NPB,NPB,adaboost
NPB,大竹　寛,2013,100000000,192345692.7385034,8527726967354079,NPB,NPB,adaboost
NPB,菅野　智之,2013,70000000,181902525.01151624,12522175103953018,NPB,NPB,adaboost
NPB,澤村　拓一,2013,60000000,173552658.13738722,12894206170066332,NPB,NPB,adaboost
NPB,小山　雄輝,2013,18000000,97184046.0625124,6270113150830085,NPB,NPB,adaboost
NPB,宮國　椋丞,2013,16000000,80181089.62097053,4119212264935051.5,NPB,NPB,adaboost
NPB,阿南　徹,2013,11000000,117974499.61093363,11443543567009640,NPB,NPB,adaboost
NPB,今村　信貴,2013,9000000,81873109.5503866,5310490095542646,NPB,NPB,adaboost
NPB,吉見　一起,2013,174000000,124533324.94960044,2446951940541822,NPB,NPB,adaboost
NPB,山井　大介,2013,60000000,127681967.05466077,4580848664388186,NPB,NPB,adaboost
NPB,山本昌,2013,40000000,144250039.00402126,10868070632339954,NPB,NPB,adaboost
NPB,川上　憲伸,2013,30000000,121646574.34268756,8399094588749758,NPB,NPB,adaboost
NPB,大野　雄大,2013,28000000,121458818.46688914,8734550749226939,NPB,NPB,adaboost
NPB,山内　壮馬,2013,20000000,87679370.39875904,4580497177572421,NPB,NPB,adaboost
NPB,朝倉　健太,2013,18000000,130105910.16574879,12567735094090938,NPB,NPB,adaboost
NPB,岩田　慎司,2013,15000000,103925118.41263326,7907676684700846,NPB,NPB,adaboost
NPB,西川　健太郎,2013,7700000,67871107.86793494,3620562222054662.5,NPB,NPB,adaboost
NPB,小川　龍也,2013,4800000,67720316.96170644,3958966286561603.5,NPB,NPB,adaboost
NPB,前田　健太,2013,280000000,238315988.35858375,1737556826521725.5,NPB,NPB,adaboost
NPB,野村　祐輔,2013,60000000,133446404.58470717,5394374346420495,NPB,NPB,adaboost
NPB,篠田　純平,2013,15000000,84842065.94342735,4877914175246055,NPB,NPB,adaboost
NPB,中村　恭平,2013,11000000,76820687.86426687,4332362950925248.5,NPB,NPB,adaboost
NPB,武内　久士,2013,7600000,90694769.82359862,6904740772036836,NPB,NPB,adaboost
NPB,戸田　隆矢,2013,5500000,66525976.311793156,3724169784807539.5,NPB,NPB,adaboost
NPB,石川　雅規,2013,180000000,197436496.56263795,304031412378885.2,NPB,NPB,adaboost
NPB,館山　昌平,2013,150000000,142338645.5762247,58696351606701.13,NPB,NPB,adaboost
NPB,小川　泰弘,2013,56000000,180247402.7756523,15437417096495168,NPB,NPB,adaboost
NPB,村中　恭兵,2013,53000000,77396108.79040694,595170124113370.9,NPB,NPB,adaboost
NPB,新垣　渚,2013,33000000,158353321.34804964,15713455172987398,NPB,NPB,adaboost
NPB,赤川　克紀,2013,31000000,67806468.806814,1354716146026972,NPB,NPB,adaboost
NPB,八木　亮祐,2013,23000000,139661101.3276794,13609812562987080,NPB,NPB,adaboost
NPB,中澤　雅人,2013,14000000,85216827.02004603,5071836450803158,NPB,NPB,adaboost
NPB,古野　正人,2013,9600000,78771566.29715945,4784705584002325,NPB,NPB,adaboost
NPB,徳山　武陽,2013,6000000,93885173.44148783,7723803710840399,NPB,NPB,adaboost
NPB,攝津　正,2013,400000000,338460048.8623271,3787165586027168,NPB,NPB,adaboost
NPB,寺原　隼人,2013,85000000,132426504.04781422,2249273286197338.5,NPB,NPB,adaboost
NPB,大隣　憲司,2013,60000000,136251366.55982,5814270902240035,NPB,NPB,adaboost
NPB,帆足　和幸,2013,55000000,163589725.3768117,11791728457411386,NPB,NPB,adaboost
NPB,山田　大樹,2013,30000000,78343855.38251862,2337128353245874.5,NPB,NPB,adaboost
NPB,武田　翔太,2013,19500000,68925213.67010874,2442851746335903.5,NPB,NPB,adaboost
NPB,大場　翔太,2013,16000000,112040835.64044961,9223842110515856,NPB,NPB,adaboost
NPB,東浜　巨,2013,14000000,77186077.43176065,3992480381212453,NPB,NPB,adaboost
NPB,巽　真悟,2013,9000000,87535049.39591418,6167753983618681,NPB,NPB,adaboost
NPB,武田　勝,2013,170000000,144810104.2910396,634530845828302.25,NPB,NPB,adaboost
NPB,木佐貫　洋,2013,82000000,210133063.96230322,16418082080367688,NPB,NPB,adaboost
NPB,吉川　光夫,2013,70000000,115110342.9215042,2034943038495704,NPB,NPB,adaboost
NPB,大谷　翔平,2013,30000000,72240513.76105309,1784261002797715,NPB,NPB,adaboost
NPB,多田野　数人,2013,30000000,122023951.0564524,8468407568040346,NPB,NPB,adaboost
NPB,斎藤　佑樹,2013,28000000,79352201.10391332,2637048558216756.5,NPB,NPB,adaboost
NPB,中村　勝,2013,13000000,65416302.350660786,2747468752115887.5,NPB,NPB,adaboost
NPB,新垣　勇人,2013,8250000,92750787.7679556,7140383133405075,NPB,NPB,adaboost
NPB,井川　慶,2013,60000000,148306882.40411532,7798105479934252,NPB,NPB,adaboost
NPB,西　勇輝,2013,55000000,127547902.1273463,5263198103079019,NPB,NPB,adaboost
NPB,東野　峻,2013,49000000,85005684.25895786,1296409298955766,NPB,NPB,adaboost
NPB,八木　智哉,2013,18000000,120130333.57632102,10430605036410604,NPB,NPB,adaboost
NPB,前田　祐二,2013,18000000,127061685.99948111,11894451353049414,NPB,NPB,adaboost
NPB,松葉　貴大,2013,18000000,68437277.58033466,2543918969715729.5,NPB,NPB,adaboost
NPB,則本　昂大,2013,60000000,158014721.00302705,9606885533301232,NPB,NPB,adaboost
NPB,美馬　学,2013,40000000,118122059.89275092,6103056241886562,NPB,NPB,adaboost
NPB,永井　怜,2013,37000000,115970074.57568625,6236272678489447,NPB,NPB,adaboost
NPB,辛島　航,2013,21000000,73670790.10157773,2774212129924458.5,NPB,NPB,adaboost
NPB,川井　貴志,2013,19000000,143288414.69299796,15447610026898632,NPB,NPB,adaboost
NPB,戸村　健次,2013,18000000,83349115.43266821,4270506887832194.5,NPB,NPB,adaboost
NPB,岸　孝之,2013,200000000,248521989.85833424,2354383499812291,NPB,NPB,adaboost
NPB,牧田　和久,2013,80000000,149697989.51503816,4857809742438370,NPB,NPB,adaboost
NPB,野上　亮磨,2013,48000000,130332789.21922907,6778688180618003,NPB,NPB,adaboost
NPB,十亀　剣,2013,44000000,133590598.08803955,8026475265772635,NPB,NPB,adaboost
NPB,菊池　雄星,2013,40000000,126721607.29116885,7520637171163711,NPB,NPB,adaboost
NPB,西口　文也,2013,35000000,125079297.59178671,8114279854629671,NPB,NPB,adaboost
NPB,成瀬　善久,2013,144000000,114126433.5796402,892429970671649,NPB,NPB,adaboost
NPB,唐川　侑己,2013,65400000,123999788.28928265,3433935187548748,NPB,NPB,adaboost
NPB,大谷　智久,2013,30700000,87505231.8870213,3226834369738262,NPB,NPB,adaboost
NPB,古谷　拓哉,2013,30000000,156950231.56958875,16116361295572208,NPB,NPB,adaboost
NPB,西野　勇士,2013,26400000,144787323.19710058,14015558293774750,NPB,NPB,adaboost
NPB,大嶺　祐太,2013,15400000,86314533.38643962,5028871045416460,NPB,NPB,adaboost
NPB,阿部　和成,2013,8300000,68492410.05010629,3623126227640136.5,NPB,NPB,adaboost
NPB,能見　篤史,2014,140000000,211473160.8163855,5108412717084905,NPB,NPB,adaboost
NPB,藤浪　晋太郎,2014,85000000,207025032.95355678,14890108667316618,NPB,NPB,adaboost
NPB,岩田　稔,2014,60000000,171129668.41683617,12349803202435956,NPB,NPB,adaboost
NPB,岩貞　祐太,2014,16500000,75448878.29862373,3474970252665951,NPB,NPB,adaboost
NPB,岩崎　優,2014,15000000,76653636.15907136,3801170851635151,NPB,NPB,adaboost
NPB,秋山　拓巳,2014,10000000,72078417.37613043,3853729903925052.5,NPB,NPB,adaboost
NPB,三浦　大輔,2014,135000000,165269322.05116412,916231857437090.5,NPB,NPB,adaboost
NPB,久保　康友,2014,120000000,229830146.06633395,12062660984952250,NPB,NPB,adaboost
NPB,山口　俊,2014,88000000,104619622.46695377,276211850944074.5,NPB,NPB,adaboost
NPB,高崎　健太郎,2014,39000000,111181206.34646012,5210126549630255,NPB,NPB,adaboost
NPB,井納　翔一,2014,39000000,147252964.87724373,11718704404713764,NPB,NPB,adaboost
NPB,三嶋　一輝,2014,21000000,82981832.42884405,3841747551237304,NPB,NPB,adaboost
NPB,加賀美　希昇,2014,10000000,92520074.87759967,6809562757804656,NPB,NPB,adaboost
NPB,杉内　俊哉,2014,500000000,380760004.2019102,14218176597928474,NPB,NPB,adaboost
NPB,内海　哲也,2014,400000000,284280150.0115455,13391083681350418,NPB,NPB,adaboost
NPB,菅野　智之,2014,110000000.00000001,164523100.06325868,2972768440508117,NPB,NPB,adaboost
NPB,大竹　寛,2014,100000000,156498967.7051705,3192133351749900.5,NPB,NPB,adaboost
NPB,澤村　拓一,2014,48000000,96377302.04677276,2340363353324684,NPB,NPB,adaboost
NPB,小山　雄輝,2014,35000000,83349115.43266821,2337636963121475,NPB,NPB,adaboost
NPB,宮國　椋丞,2014,12000000,69528649.65074864,3309545530638581.5,NPB,NPB,adaboost
NPB,山井　大介,2014,120000000,239419014.2836308,14260900972474014,NPB,NPB,adaboost
NPB,吉見　一起,2014,104400000,111312875.8522751,47787852548968.234,NPB,NPB,adaboost
NPB,大野　雄大,2014,45000000,135511694.57597438,8192366855014469,NPB,NPB,adaboost
NPB,川上　憲伸,2014,40000000,127818500.15512286,7712088969495314,NPB,NPB,adaboost
NPB,山本昌,2014,40000000,141941394.9441136,10392048003151752,NPB,NPB,adaboost
NPB,朝倉　健太,2014,25000000,134826182.7230275,12061790411511824,NPB,NPB,adaboost
NPB,濱田　達郎,2014,17000000,73215100.07901314,3160137476893463,NPB,NPB,adaboost
NPB,山内　壮馬,2014,15000000,92234134.59976426,5965111547374502,NPB,NPB,adaboost
NPB,伊藤　準規,2014,9000000,65416302.350660786,3182799170921173.5,NPB,NPB,adaboost
NPB,前田　健太,2014,300000000,174314890.79168963,15796746676704904,NPB,NPB,adaboost
NPB,野村　祐輔,2014,58000000,99904635.0260448,1755998436666020.8,NPB,NPB,adaboost
NPB,大瀬良　大地,2014,35000000,127341836.43789968,8527014756723817,NPB,NPB,adaboost
NPB,福井　優也,2014,22000000,79992409.73366086,3363119586716803,NPB,NPB,adaboost
NPB,九里　亜蓮,2014,16000000,72594881.64280015,3202980628162557.5,NPB,NPB,adaboost
NPB,篠田　純平,2014,15000000,113667343.9722234,9735244766533050,NPB,NPB,adaboost
NPB,成瀬　善久,2014,200000000,144923110.649554,3033463740521270.5,NPB,NPB,adaboost
NPB,石川　雅規,2014,180000000,231245225.1676189,2626073102479961.5,NPB,NPB,adaboost
NPB,小川　泰弘,2014,65000000,111813130.4106244,2191469178842127,NPB,NPB,adaboost
NPB,村中　恭兵,2014,40000000,116578704.52491075,5864297986713586,NPB,NPB,adaboost
NPB,八木　亮祐,2014,26000000,71584174.11859208,2077916930074120.2,NPB,NPB,adaboost
NPB,新垣　渚,2014,26000000,143918828.15891647,13904850034372072,NPB,NPB,adaboost
NPB,木谷　良平,2014,16800000,83999785.65466371,4515811192032747,NPB,NPB,adaboost
NPB,杉浦　稔大,2014,16000000,99549364.99149834,6980496390482608,NPB,NPB,adaboost
NPB,古野　正人,2014,13600000,99769092.51003475,7425112504002928,NPB,NPB,adaboost
NPB,攝津　正,2014,400000000,333168392.5488716,4466463754501724,NPB,NPB,adaboost
NPB,中田　賢一,2014,95000000,203272932.07419923,11723027819944160,NPB,NPB,adaboost
NPB,大隣　憲司,2014,73000000,139358119.99611676,4403400089419030.5,NPB,NPB,adaboost
NPB,帆足　和幸,2014,55000000,161990446.54794726,11446955652529160,NPB,NPB,adaboost
NPB,寺原　隼人,2014,45000000,127702629.93440947,6839724998067881,NPB,NPB,adaboost
NPB,岩嵜　翔,2014,44000000,94523372.57572547,2552611176425568,NPB,NPB,adaboost
NPB,武田　翔太,2014,26000000,91651164.97020875,4310075461945564.5,NPB,NPB,adaboost
NPB,山田　大樹,2014,22500000,79387913.35822134,3236234686252497.5,NPB,NPB,adaboost
NPB,飯田　優也,2014,18000000,87027156.75918521,4764748370257128,NPB,NPB,adaboost
NPB,東浜　巨,2014,17000000,70650453.63514365,2878371175256699,NPB,NPB,adaboost
NPB,大場　翔太,2014,12000000,104555670.00646472,8566552050345593,NPB,NPB,adaboost
NPB,大谷　翔平,2014,100000000,197820185.23193252,9568788638809590,NPB,NPB,adaboost
NPB,木佐貫　洋,2014,65000000,140844362.93161613,5752367388502707,NPB,NPB,adaboost
NPB,吉川　光夫,2014,60000000,79168657.85497485,367437443961089.06,NPB,NPB,adaboost
NPB,中村　勝,2014,26000000,84108275.63600577,3376571697390022.5,NPB,NPB,adaboost
NPB,斎藤　佑樹,2014,25000000,90495937.70274007,4289717855561208.5,NPB,NPB,adaboost
NPB,浦野　博司,2014,24000000,93900178.16512112,4886034907515676,NPB,NPB,adaboost
NPB,上沢　直之,2014,23000000,131164064.2872802,11699464803142884,NPB,NPB,adaboost
NPB,新垣　勇人,2014,8150000,92234134.59976426,7070141691391273,NPB,NPB,adaboost
NPB,西　勇輝,2014,95000000,151568239.1589182,3199965681540566.5,NPB,NPB,adaboost
NPB,井川　慶,2014,48000000,150952766.91109225,10599272214649692,NPB,NPB,adaboost
NPB,松葉　貴大,2014,35000000,96678286.43759163,3804211017877599.5,NPB,NPB,adaboost
NPB,東明　大貴,2014,22000000,80562723.6086769,3429592596466282,NPB,NPB,adaboost
NPB,吉田　一将,2014,21000000,88805093.12296095,4597530653413407,NPB,NPB,adaboost
NPB,近藤　一樹,2014,13000000,130292465.23943041,13757522401942992,NPB,NPB,adaboost
NPB,則本　昂大,2014,120000000,241888865.7387745,14856895591084998,NPB,NPB,adaboost
NPB,辛島　航,2014,42000000,138540880.85755602,9320141676752826,NPB,NPB,adaboost
NPB,美馬　学,2014,37000000,112200508.71962409,5655116511690258,NPB,NPB,adaboost
NPB,塩見　貴洋,2014,30000000,100262482.60328272,4936816461576607,NPB,NPB,adaboost
NPB,松井　裕樹,2014,25000000,147970050.86713022,15121633410264594,NPB,NPB,adaboost
NPB,川井　貴志,2014,18000000,130533337.38245335,12663752022433074,NPB,NPB,adaboost
NPB,菊池　保則,2014,12000000,126050085.91766332,13007422097826386,NPB,NPB,adaboost
NPB,濱矢　廣大,2014,10000000,69121503.903223,3495352223778811.5,NPB,NPB,adaboost
NPB,森　雄大,2014,9500000,67612475.1078784,3377059763163787,NPB,NPB,adaboost
NPB,横山　貴明,2014,8100000,83317957.54690301,5657741137527704,NPB,NPB,adaboost
NPB,岸　孝之,2014,225000000,268052996.9061092,1853560542597449.5,NPB,NPB,adaboost
NPB,牧田　和久,2014,75000000,161880676.21656668,7548251899847895,NPB,NPB,adaboost
NPB,野上　亮磨,2014,45000000,115275057.22613052,4938583668135919,NPB,NPB,adaboost
NPB,菊池　雄星,2014,38000000,144955075.11589494,11439388093046730,NPB,NPB,adaboost
NPB,岡本　洋介,2014,17000000,103042428.98662084,7403299585917691,NPB,NPB,adaboost
NPB,小石　博孝,2014,9500000,83356728.56076136,5454816353697983,NPB,NPB,adaboost
NPB,涌井　秀章,2014,220000000.00000003,129960872.64698745,8107044454492018,NPB,NPB,adaboost
NPB,唐川　侑己,2014,60000000,103200208.69771509,1866258031526138.5,NPB,NPB,adaboost
NPB,石川　歩,2014,37000000,131111631.88429248,8856999255924578,NPB,NPB,adaboost
NPB,古谷　拓哉,2014,36000000,129337879.28983717,8711959710324214,NPB,NPB,adaboost
NPB,藤岡　貴裕,2014,35000000,92660471.13981104,3324729932064981.5,NPB,NPB,adaboost
NPB,大嶺　祐太,2014,18200000,77130947.63092877,3472856588679269,NPB,NPB,adaboost
NPB,チェン・グァンユウ,2014,6000000,87457237.22594613,6635281496484064,NPB,NPB,adaboost
NPB,藤浪　晋太郎,2015,170000000,242422182.19186872,5244972473432227,NPB,NPB,adaboost
NPB,能見　篤史,2015,140000000,254377182.57932597,13082139894784470,NPB,NPB,adaboost
NPB,岩田　稔,2015,68000000,179527293.5716185,12438337211409976,NPB,NPB,adaboost
NPB,岩崎　優,2015,20000000,77897608.50187483,3352133070236369,NPB,NPB,adaboost
NPB,岩貞　祐太,2015,16000000,70001438.84545086,2916155397378969.5,NPB,NPB,adaboost
NPB,横山　雄哉,2015,15000000,70231177.86435537,3050483008284058.5,NPB,NPB,adaboost
NPB,秋山　拓巳,2015,10000000,76848094.7882994,4468667776825461,NPB,NPB,adaboost
NPB,三浦　大輔,2015,125000000,166675859.9001353,1736877298415706.2,NPB,NPB,adaboost
NPB,久保　康友,2015,120000000,194255827.5591909,5513927926500295,NPB,NPB,adaboost
NPB,山口　俊,2015,80000000,153139944.38282296,5349451464322436,NPB,NPB,adaboost
NPB,井納　翔一,2015,45000000,164434001.95747104,14264480823577196,NPB,NPB,adaboost
NPB,高崎　健太郎,2015,33000000,137760423.0183953,10974746230993128,NPB,NPB,adaboost
NPB,三嶋　一輝,2015,25000000,98239062.83012868,5363960324235537,NPB,NPB,adaboost
NPB,石田　健大,2015,18000000,77017673.55964696,3483085792393052.5,NPB,NPB,adaboost
NPB,砂田　毅樹,2015,13000000,74495592.57403399,3781707906031584.5,NPB,NPB,adaboost
NPB,内海　哲也,2015,400000000,265154651.22601268,18183268085978284,NPB,NPB,adaboost
NPB,菅野　智之,2015,130000000,186654895.53173637,3209777187711962,NPB,NPB,adaboost
NPB,大竹　寛,2015,100000000,156653284.730483,3209594670753177.5,NPB,NPB,adaboost
NPB,杉内　俊哉,2015,50000000,157807434.09845275,11622442846892232,NPB,NPB,adaboost
NPB,高木　勇人,2015,42000000,128882886.01731603,7548635882697929,NPB,NPB,adaboost
NPB,田口　麗斗,2015,18000000,104176133.05145733,7426325907702477,NPB,NPB,adaboost
NPB,山井　大介,2015,120000000,181629611.28655618,3798208987332013.5,NPB,NPB,adaboost
NPB,大野　雄大,2015,108000000,182648362.74580887,5572378060629866,NPB,NPB,adaboost
NPB,吉見　一起,2015,89000000,133321171.48702595,1964366241982361.8,NPB,NPB,adaboost
NPB,若松　駿太,2015,36000000,133861163.62213738,9576807345478746,NPB,NPB,adaboost
NPB,八木　智哉,2015,20000000,110711883.03112926,8228645723053276,NPB,NPB,adaboost
NPB,武藤　祐太,2015,16000000,77880660.11090882,3829216095761822,NPB,NPB,adaboost
NPB,濱田　達郎,2015,13000000,95055522.78299831,6733108819191154,NPB,NPB,adaboost
NPB,小熊　凌祐,2015,12000000,79686955.94467194,4581524005055961,NPB,NPB,adaboost
NPB,岩田　慎司,2015,11500000,88524775.41903046,5932816028352079,NPB,NPB,adaboost
NPB,伊藤　準規,2015,6750000,81377551.8779489,5569271499295954,NPB,NPB,adaboost
NPB,鈴木　翔太,2015,6000000,64015115.40914423,3365753615936324.5,NPB,NPB,adaboost
NPB,黒田　博樹,2015,600000000,481945072.35881704,13936965940364944,NPB,NPB,adaboost
NPB,野村　祐輔,2015,52000000,104694505.42781548,2776710902282075.5,NPB,NPB,adaboost
NPB,福井　優也,2015,42000000,114991907.52369693,5327818563947924,NPB,NPB,adaboost
NPB,薮田　和樹,2015,10000000,84855717.35014503,5603378420004803,NPB,NPB,adaboost
NPB,中村　恭平,2015,8000000,91907071.67463961,7040396677013109,NPB,NPB,adaboost
NPB,石川　雅規,2015,200000000,261432283.43914837,3773925448547862.5,NPB,NPB,adaboost
NPB,成瀬　善久,2015,144000000,125328985.32763246,348606788895764.06,NPB,NPB,adaboost
NPB,館山　昌平,2015,120000000,162303688.51144752,1789602061673576.8,NPB,NPB,adaboost
NPB,小川　泰弘,2015,100000000,151036993.57827878,2604774713509269.5,NPB,NPB,adaboost
NPB,石山　泰稚,2015,41000000,106491165.49993329,4289092758539652,NPB,NPB,adaboost
NPB,新垣　渚,2015,28000000,141015618.3229957,12772529984929040,NPB,NPB,adaboost
NPB,山中　浩史,2015,22000000,135076628.3988716,12786323890056496,NPB,NPB,adaboost
NPB,杉浦　稔大,2015,17000000,69121503.903223,2716651169133689.5,NPB,NPB,adaboost
NPB,近藤　一樹,2015,12000000,134175099.77873851,14926755005944712,NPB,NPB,adaboost
NPB,風張　蓮,2015,11000000,98953047.7754731,7735738612994654,NPB,NPB,adaboost
NPB,寺田　哲也,2015,9500000,128822001.39443713,14237740016774058,NPB,NPB,adaboost
NPB,攝津　正,2015,400000000,298398715.76855326,10322820957479228,NPB,NPB,adaboost
NPB,中田　賢一,2015,95000000,224217417.1391931,16697140892124232,NPB,NPB,adaboost
NPB,武田　翔太,2015,70000000,155134316.13930467,7247851784507071,NPB,NPB,adaboost
NPB,大隣　憲司,2015,68000000,183726373.72023854,13392593574436316,NPB,NPB,adaboost
NPB,寺原　隼人,2015,65000000,151183601.290092,7427613131329546,NPB,NPB,adaboost
NPB,千賀　滉大,2015,25000000,77917084.25644068,2800217806203242.5,NPB,NPB,adaboost
NPB,東浜　巨,2015,18000000,88637289.08198336,4989626608851685,NPB,NPB,adaboost
NPB,大谷　翔平,2015,200000000,258529379.83082333,3425688303380789,NPB,NPB,adaboost
NPB,吉川　光夫,2015,95000000,137699431.299673,1823241433315493.5,NPB,NPB,adaboost
NPB,武田　勝,2015,40000000,145664461.03542078,11164978325905956,NPB,NPB,adaboost
NPB,有原　航平,2015,30000000,92616821.62451138,3920866350355875.5,NPB,NPB,adaboost
NPB,上沢　直之,2015,24000000,80181089.62097053,3156314830999523,NPB,NPB,adaboost
NPB,中村　勝,2015,24000000,71059039.7144335,2214553218844630,NPB,NPB,adaboost
NPB,浦野　博司,2015,23000000,79422506.28130224,3183499215063591,NPB,NPB,adaboost
NPB,斎藤　佑樹,2015,23000000,108181881.84031923,7255952993858107,NPB,NPB,adaboost
NPB,新垣　勇人,2015,8500000,106812315.58823867,9665311396321436,NPB,NPB,adaboost
NPB,高梨　裕稔,2015,7700000,106046359.29118718,9672006385831280,NPB,NPB,adaboost
NPB,西　勇輝,2015,120000000,150703869.61945647,942727609608582,NPB,NPB,adaboost
NPB,東明　大貴,2015,42000000,138170617.29830804,9248787631537626,NPB,NPB,adaboost
NPB,松葉　貴大,2015,28000000,75377304.45730509,2244608977640180.5,NPB,NPB,adaboost
NPB,八木　亮祐,2015,20000000,87346881.32082634,4535602423641467,NPB,NPB,adaboost
NPB,山﨑　福也,2015,17000000,67402350.8434468,2540396970545903,NPB,NPB,adaboost
NPB,則本　昂大,2015,150000000,181798976.75442827,1011174922628669.2,NPB,NPB,adaboost
NPB,美馬　学,2015,35000000,117076410.98641959,6736537240411658,NPB,NPB,adaboost
NPB,辛島　航,2015,33000000,89736885.84176038,3219074215020949.5,NPB,NPB,adaboost
NPB,塩見　貴洋,2015,30000000,127964089.74219151,9596962879016152,NPB,NPB,adaboost
NPB,菊池　保則,2015,19000000,89192792.66321065,4927028141860478,NPB,NPB,adaboost
NPB,川井　貴志,2015,16000000,124974566.06489313,11875456049031756,NPB,NPB,adaboost
NPB,釜田　佳直,2015,12800000,72078417.37613043,3513930766618722.5,NPB,NPB,adaboost
NPB,安樂　智大,2015,12000000,79521448.56142838,4559146015833619,NPB,NPB,adaboost
NPB,森　雄大,2015,9500000,79397308.37969722,4885633718726491,NPB,NPB,adaboost
NPB,岸　孝之,2015,225000000,213532407.67218944,131505673796859.52,NPB,NPB,adaboost
NPB,牧田　和久,2015,75000000,161356032.03617853,7457364269033492,NPB,NPB,adaboost
NPB,十亀　剣,2015,60000000,141749180.3180943,6682928482680299,NPB,NPB,adaboost
NPB,野上　亮磨,2015,58000000,126328388.42547569,4668768664822680,NPB,NPB,adaboost
NPB,菊池　雄星,2015,55000000,130643102.20692593,5721878911487442,NPB,NPB,adaboost
NPB,郭　俊麟,2015,30000000,70257797.02891113,1620690221621005.8,NPB,NPB,adaboost
NPB,髙橋　光成,2015,18000000,88429900.50714539,4960370885446398,NPB,NPB,adaboost
NPB,佐野　泰雄,2015,12000000,64143528.75577317,2718947591104143.5,NPB,NPB,adaboost
NPB,涌井　秀章,2015,220000000.00000003,185297413.03795883,1204269541858031.8,NPB,NPB,adaboost
NPB,石川　歩,2015,75000000,136472539.4347726,3778873104559673.5,NPB,NPB,adaboost
NPB,唐川　侑己,2015,48000000,82029490.90250012,1158006251083338.5,NPB,NPB,adaboost
NPB,大嶺　祐太,2015,36400000,121178309.11657833,7187361696666108,NPB,NPB,adaboost
NPB,古谷　拓哉,2015,31000000,141786655.25341997,12273682982240126,NPB,NPB,adaboost
NPB,チェン・グァンユウ,2015,17000000,83092665.36302172,4368240414788370.5,NPB,NPB,adaboost
NPB,田中　英祐,2015,13400000,69878360.54674381,3189805210047988,NPB,NPB,adaboost
NPB,木村　優太,2015,9300000,109358632.14619412,10011729866967390,NPB,NPB,adaboost
NPB,藤浪　晋太郎,2016,160000000,129981976.14601703,901081756098290.6,NPB,NPB,adaboost
NPB,能見　篤史,2016,130000000,211897999.14728907,6707282264329361,NPB,NPB,adaboost
NPB,岩田　稔,2016,53000000,130864250.07524873,6062841439780872,NPB,NPB,adaboost
NPB,岩貞　祐太,2016,40000000,169193077.95315772,16690851391010688,NPB,NPB,adaboost
NPB,岩崎　優,2016,25000000,80118733.77380468,3038074812827556.5,NPB,NPB,adaboost
NPB,横山　雄哉,2016,15700000,105136939.05984451,7998966068394340,NPB,NPB,adaboost
NPB,青柳　晃洋,2016,12000000,82449917.24114516,4963190839284203,NPB,NPB,adaboost
NPB,久保　康友,2016,100000000,152174652.34664664,2722194347493439.5,NPB,NPB,adaboost
NPB,井納　翔一,2016,72000000,166116751.1568975,8857962848329364,NPB,NPB,adaboost
NPB,石田　健大,2016,48000000,160766228.34034872,12716222254107666,NPB,NPB,adaboost
NPB,今永　昇太,2016,40000000,152747064.17464295,12711900480001056,NPB,NPB,adaboost
NPB,三嶋　一輝,2016,23000000,85407286.9997755,3894669470672348,NPB,NPB,adaboost
NPB,国吉　佑樹,2016,20000000,102146012.92149973,6747967438899200,NPB,NPB,adaboost
NPB,平良　拳太郎,2016,7500000,78737866.08646914,5074833564553711,NPB,NPB,adaboost
NPB,菅野　智之,2016,229999999.99999997,269292782.03755856,1543922720251086.5,NPB,NPB,adaboost
NPB,内海　哲也,2016,200000000,171473636.59557858,813753409081113.6,NPB,NPB,adaboost
NPB,吉川　光夫,2016,95000000,88177280.83604811,46549496790156.36,NPB,NPB,adaboost
NPB,山口　俊,2016,80000000,199899019.07682383,14375774775584564,NPB,NPB,adaboost
NPB,大竹　寛,2016,70000000,157263003.39537212,7614831761580727,NPB,NPB,adaboost
NPB,田口　麗斗,2016,50000000,130405535.77450989,6465050183185990,NPB,NPB,adaboost
NPB,高木　勇人,2016,37000000,111560530.11880003,5559272651596486,NPB,NPB,adaboost
NPB,今村　信貴,2016,16000000,74049150.42658089,3369703865247816.5,NPB,NPB,adaboost
NPB,桜井　俊貴,2016,12000000,94620176.33001168,6826093536802222,NPB,NPB,adaboost
NPB,江柄子　裕樹,2016,11000000,108790287.28170843,9562940286639066,NPB,NPB,adaboost
NPB,大野　雄大,2016,86400000,110588636.07745452,585090115287534.5,NPB,NPB,adaboost
NPB,吉見　一起,2016,80000000,179950377.54955354,9990077972298296,NPB,NPB,adaboost
NPB,ジョーダン,2016,30000000,144553637.51930457,13122535868904224,NPB,NPB,adaboost
NPB,若松　駿太,2016,30000000,84847625.79655571,3008262055519003.5,NPB,NPB,adaboost
NPB,小笠原　慎之介,2016,18000000,85339607.76404564,4534622773815516,NPB,NPB,adaboost
NPB,小熊　凌祐,2016,16000000,80853941.69930941,4206033753937423.5,NPB,NPB,adaboost
NPB,八木　智哉,2016,15000000,133269775.3146176,13987739752970132,NPB,NPB,adaboost
NPB,濱田　達郎,2016,9750000,67720316.96170644,3360557648640710,NPB,NPB,adaboost
NPB,伊藤　準規,2016,7500000,77014756.58844323,4832301383550512,NPB,NPB,adaboost
NPB,野村　祐輔,2016,100000000,213605193.05259812,12906139888518088,NPB,NPB,adaboost
NPB,福井　優也,2016,41000000,108249985.93591745,4522560608381095,NPB,NPB,adaboost
NPB,岡田　明丈,2016,25200000,79880116.86554399,2989915180429548.5,NPB,NPB,adaboost
NPB,横山　弘樹,2016,12500000,75282938.42220485,3941697356926366.5,NPB,NPB,adaboost
NPB,中村　恭平,2016,9000000,94375240.5157964,7288931693130082,NPB,NPB,adaboost
NPB,石川　雅規,2016,180000000,170722464.75057715,86072660304283.47,NPB,NPB,adaboost
NPB,館山　昌平,2016,120000000,121503557.09110126,2260683926200.8794,NPB,NPB,adaboost
NPB,小川　泰弘,2016,88000000,129046372.53127278,1684804697976025,NPB,NPB,adaboost
NPB,山中　浩史,2016,41000000,171070356.87664846,16918297738018690,NPB,NPB,adaboost
NPB,原　樹理,2016,17000000,75009344.72367392,3365084075270036,NPB,NPB,adaboost
NPB,和田　毅,2016,400000000,450245593.66143763,2524619682390301.5,NPB,NPB,adaboost
NPB,攝津　正,2016,400000000,271592057.800698,16488599619859288,NPB,NPB,adaboost
NPB,武田　翔太,2016,120000000,149979448.86028495,898767353966440.9,NPB,NPB,adaboost
NPB,中田　賢一,2016,95000000,181306460.4407962,7448805113818719,NPB,NPB,adaboost
NPB,千賀　滉大,2016,65000000,194875184.2636044,16867563487505196,NPB,NPB,adaboost
NPB,大隣　憲司,2016,55000000,147186378.76411504,8498328429640880,NPB,NPB,adaboost
NPB,東浜　巨,2016,36000000,122598952.28131841,7499378536222063,NPB,NPB,adaboost
NPB,山田　大樹,2016,14000000,80137062.16700287,4374110992082002.5,NPB,NPB,adaboost
NPB,大谷　翔平,2016,270000000,273127133.2687388,9778962480453.05,NPB,NPB,adaboost
NPB,有原　航平,2016,60000000,163271648.4429411,10665033372122418,NPB,NPB,adaboost
NPB,加藤　貴之,2016,26000000,74139906.83921686,2317450630488478,NPB,NPB,adaboost
NPB,杉浦　稔大,2016,15000000,67053093.93640947,2709524588352668.5,NPB,NPB,adaboost
NPB,中村　勝,2016,12000000,89212021.30258635,5961696233631048,NPB,NPB,adaboost
NPB,西　勇輝,2016,130000000,149255842.2097069,370787459205130,NPB,NPB,adaboost
NPB,松葉　貴大,2016,36500000,91961939.62566635,3076026747041059.5,NPB,NPB,adaboost
NPB,東明　大貴,2016,34000000,112861794.67049174,6219182658650799,NPB,NPB,adaboost
NPB,八木　亮祐,2016,16000000,87723164.51668829,5144212328287934,NPB,NPB,adaboost
NPB,近藤　大亮,2016,9600000,90096520.39757495,6479689796117199,NPB,NPB,adaboost
NPB,青山　大紀,2016,9000000,84527972.83255391,5704474680195001,NPB,NPB,adaboost
NPB,山田　修義,2016,9000000,88904702.70530064,6384761514422480,NPB,NPB,adaboost
NPB,岸　孝之,2016,225000000,186548292.14889675,1478533836666595,NPB,NPB,adaboost
NPB,則本　昂大,2016,200000000,185468356.60250545,211168659831947.1,NPB,NPB,adaboost
NPB,美馬　学,2016,50000000,179519790.08594674,16775376023907708,NPB,NPB,adaboost
NPB,塩見　貴洋,2016,45000000,141117145.6454414,9238505687026998,NPB,NPB,adaboost
NPB,辛島　航,2016,30000000,87908985.72918041,3353450628182420.5,NPB,NPB,adaboost
NPB,釜田　佳直,2016,25000000,76907049.93663828,2694341833124660,NPB,NPB,adaboost
NPB,安樂　智大,2016,21000000,73867655.23768778,2794988970331016.5,NPB,NPB,adaboost
NPB,菊池　保則,2016,15000000,84578508.01479164,4841168777564424,NPB,NPB,adaboost
NPB,菊池　雄星,2016,100000000,152628119.4429538,2769718956101811.5,NPB,NPB,adaboost
NPB,野上　亮磨,2016,50000000,117305438.57950364,4530022062379337,NPB,NPB,adaboost
NPB,十亀　剣,2016,50000000,88860927.33044183,1510171672981881,NPB,NPB,adaboost
NPB,髙橋　光成,2016,23000000,116170193.84805939,8680685021684963,NPB,NPB,adaboost
NPB,多和田　真三郎,2016,23000000,102087502.15473852,6254832997075769,NPB,NPB,adaboost
NPB,本田　圭佑,2016,7000000,65823448.09818643,3460198046160033,NPB,NPB,adaboost
NPB,佐藤　勇,2016,6000000,76792415.38315882,5011566075781701,NPB,NPB,adaboost
NPB,涌井　秀章,2016,250000000,216777747.43928045,1103718065208236.6,NPB,NPB,adaboost
NPB,石川　歩,2016,130000000,222672615.69293344,8588213699370133,NPB,NPB,adaboost
NPB,唐川　侑己,2016,52000000,115835821.37246047,4075012090296681,NPB,NPB,adaboost
NPB,古谷　拓哉,2016,27000000,117190386.03337374,8134305732848978,NPB,NPB,adaboost
NPB,関谷　亮太,2016,22500000,94544538.30932756,5190415500204166,NPB,NPB,adaboost
NPB,二木　康太,2016,18000000,90067210.33213249,5193682805055824,NPB,NPB,adaboost
NPB,チェン・グァンユウ,2016,16000000,89353887.60132223,5380792826227416,NPB,NPB,adaboost
NPB,藤浪　晋太郎,2017,120000000,72014625.58008654,2302596158219284.5,NPB,NPB,adaboost
NPB,能見　篤史,2017,120000000,204311888.34402618,7108494516135537,NPB,NPB,adaboost
NPB,岩田　稔,2017,50000000,138573713.06791833,7845302646637926,NPB,NPB,adaboost
NPB,秋山　拓巳,2017,41000000,160786437.96399948,14348790720103096,NPB,NPB,adaboost
NPB,岩貞　祐太,2017,35000000,87404540.34492527,2746235848762900.5,NPB,NPB,adaboost
NPB,岡本　洋介,2017,23000000,136832549.2891741,12957849277672254,NPB,NPB,adaboost
NPB,小野　泰己,2017,18000000,74524823.78265086,3195055703659732,NPB,NPB,adaboost
NPB,青柳　晃洋,2017,13000000,82727100.00312603,4861868474845937,NPB,NPB,adaboost
NPB,横山　雄哉,2017,13000000,83896402.32486604,5026299862609271,NPB,NPB,adaboost
NPB,福永　春吾,2017,6800000,67720316.96170644,3711285018714778,NPB,NPB,adaboost
NPB,井納　翔一,2017,85000000,173602723.37802947,7850442590003609,NPB,NPB,adaboost
NPB,今永　昇太,2017,84000000,130512103.17524526,2163375741784659.8,NPB,NPB,adaboost
NPB,石田　健大,2017,60000000,84269361.24037936,589001895016028.1,NPB,NPB,adaboost
NPB,濵口　遥大,2017,47500000,148413221.2310532,10183478219227486,NPB,NPB,adaboost
NPB,熊原　健人,2017,13000000,76176174.63628232,3991229041674042,NPB,NPB,adaboost
NPB,水野　滉也,2017,12000000,101615633.08354124,8030961692963892,NPB,NPB,adaboost
NPB,飯塚　悟史,2017,8500000,67934882.15344293,3532505216593649.5,NPB,NPB,adaboost
NPB,平良　拳太郎,2017,7500000,67720316.96170644,3626486574968389,NPB,NPB,adaboost
NPB,綾部　翔,2017,5700000,84473426.41310313,6205252708860574,NPB,NPB,adaboost
NPB,菅野　智之,2017,450000000,408859366.8802685,1692551693492347.2,NPB,NPB,adaboost
NPB,山口　俊,2017,229999999.99999997,133649509.40027027,9283417038808602,NPB,NPB,adaboost
NPB,野上　亮磨,2017,150000000,239978405.05009007,8096113375358075,NPB,NPB,adaboost
NPB,内海　哲也,2017,100000000,178738539.45767227,6199757595927413,NPB,NPB,adaboost
NPB,田口　麗斗,2017,90000000,137834814.0809586,2288169438159875.5,NPB,NPB,adaboost
NPB,吉川　光夫,2017,70000000,94173201.8760061,584343688938144.6,NPB,NPB,adaboost
NPB,大竹　寛,2017,52500000,169991260.53430793,13804196301940624,NPB,NPB,adaboost
NPB,宮國　椋丞,2017,24000000,87880770.0688884,4080752784594187.5,NPB,NPB,adaboost
NPB,畠　世周,2017,24000000,122972246.79115078,9795505634888456,NPB,NPB,adaboost
NPB,大野　雄大,2017,80000000,121521163.45344411,1724007014527622.8,NPB,NPB,adaboost
NPB,吉見　一起,2017,75000000,203581588.38898462,16533224872634264,NPB,NPB,adaboost
NPB,山井　大介,2017,72000000,173356432.17872825,10273126344001140,NPB,NPB,adaboost
NPB,若松　駿太,2017,25000000,78483361.37425745,2860469943889413.5,NPB,NPB,adaboost
NPB,小笠原　慎之介,2017,21000000,104130277.17737703,6910642983587532,NPB,NPB,adaboost
NPB,柳　裕也,2017,14500000,82576807.13824251,4634451670137467,NPB,NPB,adaboost
NPB,鈴木　翔太,2017,12000000,68437277.58033466,3185166300679745.5,NPB,NPB,adaboost
NPB,小熊　凌祐,2017,12000000,108173993.53855489,9249437033153998,NPB,NPB,adaboost
NPB,野村　祐輔,2017,120000000,133282511.73363577,176425117954171.88,NPB,NPB,adaboost
NPB,大瀬良　大地,2017,63000000,139725994.20212075,5886878186303867,NPB,NPB,adaboost
NPB,岡田　明丈,2017,42000000,123295248.8154429,6608917479964771,NPB,NPB,adaboost
NPB,福井　優也,2017,31000000,101679617.99007963,4995608399223588,NPB,NPB,adaboost
NPB,中村　祐太,2017,9000000,74118468.71571063,4240414967878983.5,NPB,NPB,adaboost
NPB,床田　寛樹,2017,7000000,90857399.13744342,7032063390096497,NPB,NPB,adaboost
NPB,石川　雅規,2017,120000000,187220356.8264766,4518576371878840,NPB,NPB,adaboost
NPB,館山　昌平,2017,98000000,132060850.86283462,1160141561500261.8,NPB,NPB,adaboost
NPB,小川　泰弘,2017,90000000,128864194.46033753,1510425611050930.8,NPB,NPB,adaboost
NPB,山中　浩史,2017,32000000,137371603.20966548,11103174762975184,NPB,NPB,adaboost
NPB,原　樹理,2017,29000000,107302631.98647106,6131302176008720,NPB,NPB,adaboost
NPB,星　知弥,2017,22000000,66763528.4522094,2003773479491760.2,NPB,NPB,adaboost
NPB,山田　大樹,2017,14000000,92287882.18268129,6128992496649387,NPB,NPB,adaboost
NPB,寺島　成輝,2017,11000000,77996121.43818067,4488480287759451.5,NPB,NPB,adaboost
NPB,岩橋　慶侍,2017,10000000,85592016.16986004,5714152908624381,NPB,NPB,adaboost
NPB,中尾　輝,2017,7200000,74290919.88561846,4501191531098475,NPB,NPB,adaboost
NPB,梅野　雄吾,2017,6500000,80217924.60288496,5434332407756632,NPB,NPB,adaboost
NPB,和田　毅,2017,400000000,289923984.55487955,12116729176274396,NPB,NPB,adaboost
NPB,攝津　正,2017,400000000,269608200.68534213,17002021328514012,NPB,NPB,adaboost
NPB,千賀　滉大,2017,125000000,222395495.80923662,9485882603927028,NPB,NPB,adaboost
NPB,武田　翔太,2017,90000000,77087128.95384613,166742238654599.03,NPB,NPB,adaboost
NPB,東浜　巨,2017,90000000,212517735.39997208,15010595487537572,NPB,NPB,adaboost
NPB,中田　賢一,2017,85000000,160401157.30492616,5685334522922219,NPB,NPB,adaboost
NPB,松本　裕樹,2017,12000000,67612475.1078784,3092747387624395,NPB,NPB,adaboost
NPB,有原　航平,2017,70000000,140485819.74181446,4968250784675562,NPB,NPB,adaboost
NPB,高梨　裕稔,2017,36000000,106090058.9254138,4912616360167979,NPB,NPB,adaboost
NPB,村田　透,2017,35000000,107369774.11848523,5237384205960574,NPB,NPB,adaboost
NPB,加藤　貴之,2017,32000000,100832524.14655042,4737916380385446,NPB,NPB,adaboost
NPB,上沢　直之,2017,24000000,82001609.069547,3364186654656556.5,NPB,NPB,adaboost
NPB,浦野　博司,2017,19400000,120496267.29216254,10220455260408372,NPB,NPB,adaboost
NPB,斎藤　佑樹,2017,18300000,130951954.29972292,12690462807546862,NPB,NPB,adaboost
NPB,上原　健太,2017,12000000,66173158.9941816,2934731155408879,NPB,NPB,adaboost
NPB,中村　勝,2017,11000000,78840238.0155214,4602297894002596,NPB,NPB,adaboost
NPB,吉田　侑樹,2017,9500000,89445569.94399,6391294153669398,NPB,NPB,adaboost
NPB,西　勇輝,2017,120000000,128203018.0057054,67289504401927.016,NPB,NPB,adaboost
NPB,山岡　泰輔,2017,43000000,118736797.37447205,5736062476541837,NPB,NPB,adaboost
NPB,松葉　貴大,2017,36500000,168889408.41371435,17526955460133260,NPB,NPB,adaboost
NPB,東明　大貴,2017,25500000,93178674.37337607,4580402964937471,NPB,NPB,adaboost
NPB,山本　由伸,2017,8000000,80641404.9592948,5276773714460259,NPB,NPB,adaboost
NPB,山田　修義,2017,7200000,85617720.72922333,6149338924366462,NPB,NPB,adaboost
NPB,吉田　凌,2017,5300000,67720316.96170644,3896295969599897.5,NPB,NPB,adaboost
NPB,岸　孝之,2017,300000000,295496263.00240725,20283646943485.734,NPB,NPB,adaboost
NPB,則本　昂大,2017,250000000,287621119.1559226,1415348606544125.8,NPB,NPB,adaboost
NPB,美馬　学,2017,80000000,203931999.68868735,15359140546836802,NPB,NPB,adaboost
NPB,辛島　航,2017,42000000,108996044.1021476,4488469925336905.5,NPB,NPB,adaboost
NPB,塩見　貴洋,2017,38000000,115797810.3424006,6052499294072133,NPB,NPB,adaboost
NPB,釜田　佳直,2017,23000000,75768232.45309219,2784486356223571.5,NPB,NPB,adaboost
NPB,安樂　智大,2017,20000000,73139371.62982953,2823792817213131,NPB,NPB,adaboost
NPB,藤平　尚真,2017,18000000,93667298.918554,5725540125629802,NPB,NPB,adaboost
NPB,古川　侑利,2017,7500000,71011341.64092919,4033690517030826.5,NPB,NPB,adaboost
NPB,菊池　雄星,2017,240000000,295162890.9145432,3042944534049794,NPB,NPB,adaboost
NPB,十亀　剣,2017,60000000,144681573.315533,7170968859193993,NPB,NPB,adaboost
NPB,多和田　真三郎,2017,26000000,87282768.55869803,3755577722218947.5,NPB,NPB,adaboost
NPB,髙橋　光成,2017,21500000,75675777.0748646,2935014821665424.5,NPB,NPB,adaboost
NPB,佐野　泰雄,2017,15000000,72197611.60266848,3271566773049716,NPB,NPB,adaboost
NPB,涌井　秀章,2017,200000000,223535531.40765697,553921238640807.56,NPB,NPB,adaboost
NPB,石川　歩,2017,110000000.00000001,114390947.69432467,19280421654295.023,NPB,NPB,adaboost
NPB,西野　勇士,2017,75000000,83606517.56242491,74072144552328.47,NPB,NPB,adaboost
NPB,唐川　侑己,2017,56000000,129616941.23652583,5419454037022098,NPB,NPB,adaboost
NPB,二木　康太,2017,40000000,128094026.65495624,7760557532284140,NPB,NPB,adaboost
NPB,関谷　亮太,2017,20500000,80245045.19007586,3569470424764206.5,NPB,NPB,adaboost
NPB,佐々木　千隼,2017,19700000,68437277.58033466,2375322225942592,NPB,NPB,adaboost
NPB,大隣　憲司,2017,10000000,130247860.66593988,14459547994735292,NPB,NPB,adaboost
NPB,成田　翔,2017,6700000,74371674.52287364,4579455532729745,NPB,NPB,adaboost
NPB,西　勇輝,2018,250000000,141529935.70929268,11765754847230180,NPB,NPB,adaboost
NPB,藤浪　晋太郎,2018,84000000,85207811.66690433,1458809022710.2168,NPB,NPB,adaboost
NPB,岩貞　祐太,2018,38000000,149087868.1671341,12340514453918568,NPB,NPB,adaboost
NPB,岩田　稔,2018,38000000,141832591.6540276,10781207089592044,NPB,NPB,adaboost
NPB,秋山　拓巳,2018,36000000,132025165.13169761,9220832338569794,NPB,NPB,adaboost
NPB,小野　泰己,2018,27000000,86403677.21638726,3528796866828726.5,NPB,NPB,adaboost
NPB,飯田　優也,2018,19000000,89801838.26958115,5012900302351926,NPB,NPB,adaboost
NPB,才木　浩人,2018,15000000,80307713.32441881,4265097419664470.5,NPB,NPB,adaboost
NPB,馬場　皐輔,2018,14500000,67848730.30833536,2846087025511500,NPB,NPB,adaboost
NPB,髙橋　遥人,2018,13000000,76669965.07600655,4053864452779893.5,NPB,NPB,adaboost
NPB,青柳　晃洋,2018,12000000,99005194.52230169,7569903873863556,NPB,NPB,adaboost
NPB,今永　昇太,2018,67000000,104233933.20692709,1386365782057908,NPB,NPB,adaboost
NPB,石田　健大,2018,58000000,94289695.53157017,1316942001774063.8,NPB,NPB,adaboost
NPB,東　克樹,2018,55500000,165947942.49520662,12198748001424470,NPB,NPB,adaboost
NPB,濵口　遥大,2018,50500000,78228040.52879156,768844231566307.4,NPB,NPB,adaboost
NPB,飯塚　悟史,2018,14000000,70456963.13905591,3187388686884717.5,NPB,NPB,adaboost
NPB,平良　拳太郎,2018,13000000,74049150.42658089,3726998767807302,NPB,NPB,adaboost
NPB,京山　将弥,2018,10500000,76792415.38315882,4394684337333272,NPB,NPB,adaboost
NPB,菅野　智之,2018,650000000,530394746.367524,14305416696488906,NPB,NPB,adaboost
NPB,山口　俊,2018,229999999.99999997,226044680.2006223,15644554715349.09,NPB,NPB,adaboost
NPB,田口　麗斗,2018,75000000,78838193.00822343,14731725568375.219,NPB,NPB,adaboost
NPB,大竹　寛,2018,26250000,151396769.64116192,15661713951618046,NPB,NPB,adaboost
NPB,今村　信貴,2018,26000000,75375527.51626186,2437942717509132,NPB,NPB,adaboost
NPB,鍬原　拓也,2018,16500000,92280650.68658447,5742707018482136,NPB,NPB,adaboost
NPB,古川　侑利,2018,16000000,79239586.51856314,3999245303038832.5,NPB,NPB,adaboost
NPB,髙田　萌生,2018,6800000,67720316.96170644,3711285018714778,NPB,NPB,adaboost
NPB,吉見　一起,2018,90000000,173479774.2217054,6968872704106911,NPB,NPB,adaboost
NPB,松坂　大輔,2018,80000000,144136494.44728056,4113489919986049.5,NPB,NPB,adaboost
NPB,山井　大介,2018,62000000,173635171.7760511,12462411577468438,NPB,NPB,adaboost
NPB,大野　雄大,2018,60000000,111189820.45170277,2620397717877567.5,NPB,NPB,adaboost
NPB,松葉　貴大,2018,28000000,98579767.14173268,4981503529781208,NPB,NPB,adaboost
NPB,笠原　祥太郎,2018,21000000,133087539.05512922,12563616411435118,NPB,NPB,adaboost
NPB,小笠原　慎之介,2018,21000000,78682034.86715429,3327217146415602.5,NPB,NPB,adaboost
NPB,柳　裕也,2018,14500000,82011928.63813856,4557860508441114,NPB,NPB,adaboost
NPB,小熊　凌祐,2018,12000000,113467995.81490204,10295754174692978,NPB,NPB,adaboost
NPB,鈴木　翔太,2018,10000000,67848730.30833536,3346475598286518.5,NPB,NPB,adaboost
NPB,Ｒ．マルティネス,2018,10000000,64330567.948288016,2951810613583541,NPB,NPB,adaboost
NPB,大瀬良　大地,2018,145000000,241532055.0515669,9318437652478742,NPB,NPB,adaboost
NPB,野村　祐輔,2018,120000000,121180162.37655778,1392783235042.5127,NPB,NPB,adaboost
NPB,九里　亜蓮,2018,62000000,102553830.46797176,1644613165624994.5,NPB,NPB,adaboost
NPB,岡田　明丈,2018,55000000,113505345.90248224,3422875499169095.5,NPB,NPB,adaboost
NPB,中村　祐太,2018,12000000,67806468.806814,3114361960685904,NPB,NPB,adaboost
NPB,高橋　昂也,2018,8000000,135890648.99085218,16356018099301358,NPB,NPB,adaboost
NPB,石川　雅規,2018,95000000,152312491.77283365,3284721713211124.5,NPB,NPB,adaboost
NPB,小川　泰弘,2018,92000000,114293868.49644057,497016572536585.5,NPB,NPB,adaboost
NPB,原　樹理,2018,40000000,108020312.08929393,4626762856724946,NPB,NPB,adaboost
NPB,高梨　裕稔,2018,36000000,109107234.38184169,5344667718961536,NPB,NPB,adaboost
NPB,館山　昌平,2018,24000000,125061649.41953975,10213456983397960,NPB,NPB,adaboost
NPB,山田　大樹,2018,13000000,106275136.67300378,8700251121367534,NPB,NPB,adaboost
NPB,寺島　成輝,2018,11000000,77996121.43818067,4488480287759451.5,NPB,NPB,adaboost
NPB,高橋　奎二,2018,7000000,84656386.17918283,6030514314410378,NPB,NPB,adaboost
NPB,千賀　滉大,2018,160000000,215337092.2536193,3062193779085574.5,NPB,NPB,adaboost
NPB,東浜　巨,2018,85000000,128537192.55577755,1895487135638852,NPB,NPB,adaboost
NPB,武田　翔太,2018,85000000,137189945.79170808,2723790441741428,NPB,NPB,adaboost
NPB,中田　賢一,2018,60000000,126522476.64744842,4425239899310320.5,NPB,NPB,adaboost
NPB,大竹　耕太郎,2018,15000000,77043347.59496002,3849376980789031,NPB,NPB,adaboost
NPB,松本　裕樹,2018,12000000,67848730.30833536,3119080677053177,NPB,NPB,adaboost
NPB,金子　弌大,2018,150000000,192503704.9601276,1806564935337574.8,NPB,NPB,adaboost
NPB,吉川　光夫,2018,75000000,109862166.87226045,1215370679029334,NPB,NPB,adaboost
NPB,有原　航平,2018,70000000,110500340.77987319,1640277603285859.5,NPB,NPB,adaboost
NPB,上沢　直之,2018,70000000,163831695.55656826,8804387091020513,NPB,NPB,adaboost
NPB,村田　透,2018,50000000,166655039.89360747,13608398332579150,NPB,NPB,adaboost
NPB,加藤　貴之,2018,35000000,83840243.85996608,2385369420300955,NPB,NPB,adaboost
NPB,上原　健太,2018,17000000,74550725.0438056,3312085953067713,NPB,NPB,adaboost
NPB,杉浦　稔大,2018,16000000,97407136.53199549,6627121878338955,NPB,NPB,adaboost
NPB,斎藤　佑樹,2018,16000000,107265850.28359365,8329455427987332,NPB,NPB,adaboost
NPB,堀　瑞輝,2018,9600000,64015115.40914423,2961004784990486,NPB,NPB,adaboost
NPB,吉田　侑樹,2018,9200000,68600251.90393431,3528389926250852,NPB,NPB,adaboost
NPB,宮台　康平,2018,7700000,71835859.79400708,4113408511516533.5,NPB,NPB,adaboost
NPB,山岡　泰輔,2018,45000000,113379165.22576676,4675710236972711,NPB,NPB,adaboost
NPB,東明　大貴,2018,23000000,108457950.48163107,7303061300520908,NPB,NPB,adaboost
NPB,田嶋　大樹,2018,20000000,86591916.49908468,4434483343021066.5,NPB,NPB,adaboost
NPB,竹安　大知,2018,9000000,98953047.7754731,8091550804096547,NPB,NPB,adaboost
NPB,榊原　翼,2018,7500000,72044237.27531207,4165958565451783.5,NPB,NPB,adaboost
NPB,岸　孝之,2018,300000000,400200423.014341,10040124772252876,NPB,NPB,adaboost
NPB,則本　昂大,2018,250000000,207326050.4595921,1821065969377279.2,NPB,NPB,adaboost
NPB,美馬　学,2018,65000000,140843334.63841823,5752211409075090,NPB,NPB,adaboost
NPB,辛島　航,2018,50000000,110532624.79965425,3664198665135716,NPB,NPB,adaboost
NPB,塩見　貴洋,2018,34000000,137209538.34508753,10652208805406092,NPB,NPB,adaboost
NPB,福井　優也,2018,25000000,138565801.47839534,12897191265430302,NPB,NPB,adaboost
NPB,藤平　尚真,2018,18000000,111549908.72861147,8751585423131536,NPB,NPB,adaboost
NPB,安樂　智大,2018,16000000,68035769.50085022,2707721307545613.5,NPB,NPB,adaboost
NPB,西口　直人,2018,6300000,94013124.31997134,7693592177970747,NPB,NPB,adaboost
NPB,内海　哲也,2018,100000000,159435213.15315077,3532544562560466,NPB,NPB,adaboost
NPB,多和田　真三郎,2018,80000000,172391708.70431915,8536227837303763,NPB,NPB,adaboost
NPB,榎田　大樹,2018,55000000,177081963.61769348,14904005840751836,NPB,NPB,adaboost
NPB,十亀　剣,2018,51000000,138156845.20212525,7596315665587223,NPB,NPB,adaboost
NPB,髙橋　光成,2018,18500000,68240147.53351146,2474082276655486,NPB,NPB,adaboost
NPB,今井　達也,2018,18000000,72189952.43298195,2936550944688846.5,NPB,NPB,adaboost
NPB,郭　俊麟,2018,12000000,83704488.45458415,5141533664533592,NPB,NPB,adaboost
NPB,涌井　秀章,2018,200000000,203638671.92243057,13239933359084.615,NPB,NPB,adaboost
NPB,石川　歩,2018,115000000.00000001,172413865.89263275,3296351996737217,NPB,NPB,adaboost
NPB,二木　康太,2018,43000000,88453598.67345281,2066029632367311,NPB,NPB,adaboost
NPB,有吉　優樹,2018,42000000,102137981.89205867,3616576866049576.5,NPB,NPB,adaboost
NPB,酒居　知史,2018,21500000,96231168.69879605,5584747575087914,NPB,NPB,adaboost
NPB,土肥　星也,2018,11800000,77496296.52344108,4316003376895896,NPB,NPB,adaboost
NPB,山本　大貴,2018,11500000,67720316.96170644,3160724039274737.5,NPB,NPB,adaboost
NPB,渡邉　啓太,2018,11000000,92405918.04617923,6626923492941250,NPB,NPB,adaboost
NPB,種市　篤暉,2018,6800000,78155518.06510757,5091609958339893,NPB,NPB,adaboost
NPB,西　勇輝,2019,200000000,177270499.91959262,516630173905239.1,NPB,NPB,adaboost
NPB,藤浪　晋太郎,2019,63000000,80753388.04542989,315182787091612.75,NPB,NPB,adaboost
NPB,岩田　稔,2019,38000000,145190840.9348307,11489876380316176,NPB,NPB,adaboost
NPB,中田　賢一,2019,35000000,136695010.25424942,10341875110611896,NPB,NPB,adaboost
NPB,秋山　拓巳,2019,32000000,99652053.54576793,4576800348959452,NPB,NPB,adaboost
NPB,岩貞　祐太,2019,32000000,94052690.8657138,3850536443675841.5,NPB,NPB,adaboost
NPB,青柳　晃洋,2019,30000000,114898325.13197169,7207725610213975,NPB,NPB,adaboost
NPB,髙橋　遥人,2019,22000000,108287429.91410704,7445520561181934,NPB,NPB,adaboost
NPB,才木　浩人,2019,13000000,73694525.0314263,3683825368790433,NPB,NPB,adaboost
NPB,望月　惇志,2019,11500000,66301572.34081053,3003212331025089.5,NPB,NPB,adaboost
NPB,今永　昇太,2019,136000000,192858986.50236356,3232944346075962,NPB,NPB,adaboost
NPB,井納　翔一,2019,61000000,146996351.46820268,7395372465842645,NPB,NPB,adaboost
NPB,濵口　遥大,2019,55000000,129458333.91086708,5544043488782179,NPB,NPB,adaboost
NPB,東　克樹,2019,44000000,78822673.61312203,1212618597566025.2,NPB,NPB,adaboost
NPB,上茶谷　大河,2019,43000000,112764849.60577196,4867134240515980,NPB,NPB,adaboost
NPB,大貫　晋一,2019,25000000,153230912.45889893,16443166910041802,NPB,NPB,adaboost
NPB,平良　拳太郎,2019,21000000,88224935.45425044,4519191946828138,NPB,NPB,adaboost
NPB,京山　将弥,2019,11200000,72486593.37746435,3756046527814657.5,NPB,NPB,adaboost
NPB,阪口　皓亮,2019,6100000,67720316.96170644,3797063462461167,NPB,NPB,adaboost
NPB,菅野　智之,2019,650000000,522450429.19234127,16268893013217948,NPB,NPB,adaboost
NPB,桜井　俊貴,2019,30000000,98816978.20230891,4735776488897059,NPB,NPB,adaboost
NPB,今村　信貴,2019,28000000,85897577.60279772,3352129492271984,NPB,NPB,adaboost
NPB,髙橋　優貴,2019,24000000,132839662.96323448,11846072233950476,NPB,NPB,adaboost
NPB,畠　世周,2019,16300000,84559477.25583522,4659356235239886,NPB,NPB,adaboost
NPB,古川　侑利,2019,16000000,73246594.10285515,3277172536377049.5,NPB,NPB,adaboost
NPB,戸郷　翔征,2019,6500000,100199150.31292722,8779530769364528,NPB,NPB,adaboost
NPB,大野　雄大,2019,130000000,226872240.69535473,9384231017338742,NPB,NPB,adaboost
NPB,吉見　一起,2019,90000000,180757130.82755953,8236856796050757,NPB,NPB,adaboost
NPB,山井　大介,2019,46500000,139951692.69759503,8733218868045736,NPB,NPB,adaboost
NPB,柳　裕也,2019,45000000,151786300.4354475,11403313960689658,NPB,NPB,adaboost
NPB,松葉　貴大,2019,25000000,95186860.24280532,4926195350743086,NPB,NPB,adaboost
NPB,小笠原　慎之介,2019,19000000,115565064.83291273,9324811746184638,NPB,NPB,adaboost
NPB,福谷　浩司,2019,18000000,111482648.09023385,8739005493962502,NPB,NPB,adaboost
NPB,笠原　祥太郎,2019,16500000,81463703.72305647,4220282801417060.5,NPB,NPB,adaboost
NPB,梅津　晃大,2019,15000000,83280536.61549346,4662231680499743,NPB,NPB,adaboost
NPB,山本　拓実,2019,11000000,74118184.39633226,3983905201489401.5,NPB,NPB,adaboost
NPB,勝野　昌慶,2019,11000000,67720316.96170644,3217194356236444,NPB,NPB,adaboost
NPB,清水　達也,2019,8000000,73224347.95412464,4254215566040723.5,NPB,NPB,adaboost
NPB,阿知羅　拓馬,2019,8000000,98087569.82665014,8115770237271565,NPB,NPB,adaboost
NPB,Ｋ．ジョンソン,2019,272500000,268690508.87583613,14512222625083.275,NPB,NPB,adaboost
NPB,大瀬良　大地,2019,175000000,149814837.45501694,634292412417217.5,NPB,NPB,adaboost
NPB,野村　祐輔,2019,120000000,126938094.56632794,48137156211309.34,NPB,NPB,adaboost
NPB,九里　亜蓮,2019,72000000,120699059.71664725,2371598417285575,NPB,NPB,adaboost
NPB,岡田　明丈,2019,44000000,79352201.10391332,1249778122891530.2,NPB,NPB,adaboost
NPB,薮田　和樹,2019,28000000,84450094.66816272,3186613188044533,NPB,NPB,adaboost
NPB,床田　寛樹,2019,27000000,116524939.69050266,8014714826588138,NPB,NPB,adaboost
NPB,アドゥワ　誠,2019,22000000,81031566.12873982,3484725799611782.5,NPB,NPB,adaboost
NPB,中村　祐太,2019,10000000,64895050.3513721,3013466553079678,NPB,NPB,adaboost
NPB,山口　翔,2019,7500000,64143528.75577317,3208489349906102,NPB,NPB,adaboost
NPB,石川　雅規,2019,105000000,198456527.03066385,8734122444633202,NPB,NPB,adaboost
NPB,小川　泰弘,2019,90000000,206714420.62532318,13622255981904864,NPB,NPB,adaboost
NPB,原　樹理,2019,33000000,100012783.89827745,4490713205797233,NPB,NPB,adaboost
NPB,高梨　裕稔,2019,33000000,120584480.76093647,7671041270162850,NPB,NPB,adaboost
NPB,山田　大樹,2019,20000000,134628978.038339,13139802606114002,NPB,NPB,adaboost
NPB,高橋　奎二,2019,17000000,94801308.39174148,6053043587466864,NPB,NPB,adaboost
NPB,田川　賢吾,2019,7000000,81367043.93911406,5530457224242122,NPB,NPB,adaboost
NPB,千賀　滉大,2019,300000000,217702980.78916323,6772799370988836,NPB,NPB,adaboost
NPB,和田　毅,2019,100000000,166159240.88402233,4377045154350091,NPB,NPB,adaboost
NPB,東浜　巨,2019,67000000,95490541.7843409,811710971165274.9,NPB,NPB,adaboost
NPB,高橋　礼,2019,50000000,132821748.14872864,6859441966411436,NPB,NPB,adaboost
NPB,大竹　耕太郎,2019,27000000,82457933.3586499,3075582372412453,NPB,NPB,adaboost
NPB,二保　旭,2019,22000000,95493872.48718548,5401349293162679,NPB,NPB,adaboost
NPB,松本　裕樹,2019,12000000,77880302.9580021,4340214317838141,NPB,NPB,adaboost
NPB,金子　弌大,2019,180000000,174078057.3473909,35069404780791.02,NPB,NPB,adaboost
NPB,有原　航平,2019,145000000,252581023.24459296,11573676562353652,NPB,NPB,adaboost
NPB,上沢　直之,2019,60000000,88135193.96744803,791589139585923.75,NPB,NPB,adaboost
NPB,加藤　貴之,2019,57000000,112400314.92611346,3069194893912549.5,NPB,NPB,adaboost
NPB,杉浦　稔大,2019,20000000,123164772.10738079,10642970203967814,NPB,NPB,adaboost
NPB,上原　健太,2019,17000000,121483358.01986457,10916772103107198,NPB,NPB,adaboost
NPB,吉田　輝星,2019,10300000,83095966.50089315,5299252738799157,NPB,NPB,adaboost
NPB,北浦　竜次,2019,7000000,91318348.68326868,7109583924673277,NPB,NPB,adaboost
NPB,山岡　泰輔,2019,100000000,147217348.05610356,2229477957451226.5,NPB,NPB,adaboost
NPB,山本　由伸,2019,90000000,147981942.15841302,3361905616461553.5,NPB,NPB,adaboost
NPB,Ｋ－鈴木,2019,22000000,91901606.43949457,4886234582821988,NPB,NPB,adaboost
NPB,榊原　翼,2019,19000000,90432172.35596818,5102555247492744,NPB,NPB,adaboost
NPB,田嶋　大樹,2019,18000000,73670790.10157773,3099236870533925,NPB,NPB,adaboost
NPB,東明　大貴,2019,18000000,115055845.37855038,9419837122145080,NPB,NPB,adaboost
NPB,竹安　大知,2019,18000000,92099319.9751981,5490709220786793,NPB,NPB,adaboost
NPB,荒西　祐大,2019,15800000,86866544.93675804,5050453809248250,NPB,NPB,adaboost
NPB,張　奕,2019,8000000,72915256.7077419,4213990553432030,NPB,NPB,adaboost
NPB,鈴木　優,2019,5300000,78194074.33351551,5313546072940085,NPB,NPB,adaboost
NPB,則本　昂大,2019,300000000,173464811.8979257,16011153828027324,NPB,NPB,adaboost
NPB,岸　孝之,2019,300000000,195204992.95819303,10981993500892372,NPB,NPB,adaboost
NPB,涌井　秀章,2019,125000000,161517000.77249932,1333491345418716.2,NPB,NPB,adaboost
NPB,辛島　航,2019,62000000,105571815.07946788,1898503069319344.2,NPB,NPB,adaboost
NPB,塩見　貴洋,2019,30000000,146725646.91433233,13624876647569380,NPB,NPB,adaboost
NPB,石橋　良太,2019,26000000,131098628.57403986,11045721728143988,NPB,NPB,adaboost
NPB,福井　優也,2019,23000000,122953246.20906942,9990651427730850,NPB,NPB,adaboost
NPB,藤平　尚真,2019,15000000,67720316.96170644,2779431820542792,NPB,NPB,adaboost
NPB,釜田　佳直,2019,15000000,85206471.90205836,4928948696934510,NPB,NPB,adaboost
NPB,弓削　隼人,2019,13500000,87859159.31310964,5529284573752420,NPB,NPB,adaboost
NPB,菅原　秀,2019,13000000,77138396.23589087,4113733871712139.5,NPB,NPB,adaboost
NPB,近藤　弘樹,2019,10000000,70408584.5929765,3649197092526797,NPB,NPB,adaboost
NPB,熊原　健人,2019,9000000,84040804.80435552,5631122385685386,NPB,NPB,adaboost
NPB,髙田　萌生,2019,7100000,87290163.92893815,6430462390949973,NPB,NPB,adaboost
NPB,十亀　剣,2019,70000000,142434904.5470556,5246815396741056,NPB,NPB,adaboost
NPB,榎田　大樹,2019,48000000,160213896.20837182,12591958502263244,NPB,NPB,adaboost
NPB,髙橋　光成,2019,40000000,105995604.02156512,4355419750171223,NPB,NPB,adaboost
NPB,今井　達也,2019,35000000,113450732.99177687,6154517506947068,NPB,NPB,adaboost
NPB,松坂　大輔,2019,30000000,126908604.4873023,9391277623676388,NPB,NPB,adaboost
NPB,松本　航,2019,21000000,89216618.5308269,4653507043780356,NPB,NPB,adaboost
NPB,本田　圭佑,2019,16000000,101397168.40714604,7292676371958461,NPB,NPB,adaboost
NPB,相内　誠,2019,5900000,79352201.10391332,5395225847009725,NPB,NPB,adaboost
NPB,石川　歩,2019,105000000,137047067.1990233,1027014516058715.5,NPB,NPB,adaboost
NPB,美馬　学,2019,65000000,189528814.79834345,15507425715080122,NPB,NPB,adaboost
NPB,二木　康太,2019,46000000,115968801.1226229,4895633130537157,NPB,NPB,adaboost
NPB,有吉　優樹,2019,34000000,86207540.63063592,2725627298699500,NPB,NPB,adaboost
NPB,種市　篤暉,2019,30000000,104101371.13094537,5491013203486104,NPB,NPB,adaboost
NPB,岩下　大輝,2019,25000000,88998091.80863915,4095755755147006,NPB,NPB,adaboost
NPB,佐々木　千隼,2019,19700000,88653857.79060924,4754634504207563,NPB,NPB,adaboost
NPB,小島　和哉,2019,17000000,75828833.6866151,3460831672927419,NPB,NPB,adaboost
NPB,土肥　星也,2019,15300000,82731068.81459989,4546949041479305,NPB,NPB,adaboost
NPB,チェン・ウェイン,2020,206000000,163818187.19117343,1779305331838885,NPB,NPB,adaboost
NPB,西　勇輝,2020,200000000,210575645.5265853,111844278303983.89,NPB,NPB,adaboost
NPB,秋山　拓巳,2020,51000000,165013529.61616138,12999084935535308,NPB,NPB,adaboost
NPB,青柳　晃洋,2020,50000000,122843350.31784323,5306153685528031,NPB,NPB,adaboost
NPB,髙橋　遥人,2020,29000000,100572961.42054155,5122688806506330,NPB,NPB,adaboost
NPB,二保　旭,2020,28000000,122840471.547572,8994715043365814,NPB,NPB,adaboost
NPB,岩田　稔,2020,18600000,137083632.16607487,14038371091265732,NPB,NPB,adaboost
NPB,中田　賢一,2020,17500000,125893144.36220294,11749073744725368,NPB,NPB,adaboost
NPB,今永　昇太,2020,100000000,119026097.7592817,361992395945743.94,NPB,NPB,adaboost
NPB,濵口　遥大,2020,55000000,82928713.37162565,780013030594421.25,NPB,NPB,adaboost
NPB,大貫　晋一,2020,52500000,132219646.30592781,6355222007142230,NPB,NPB,adaboost
NPB,上茶谷　大河,2020,43000000,83913812.36892945,1673940042559964,NPB,NPB,adaboost
NPB,平良　拳太郎,2020,33000000,118913197.80092835,7381077556381441,NPB,NPB,adaboost
NPB,有吉　優樹,2020,27000000,103050851.25206907,5783731976164336,NPB,NPB,adaboost
NPB,坂本　裕哉,2020,16450000,87148517.90986753,4998280434651859,NPB,NPB,adaboost
NPB,京山　将弥,2020,13200000,81544177.84618464,4670926645470915,NPB,NPB,adaboost
NPB,阪口　皓亮,2020,6100000,69878360.54674381,4067679274030447.5,NPB,NPB,adaboost
NPB,中川　虎大,2020,4700000,67720316.96170644,3971560349953945,NPB,NPB,adaboost
NPB,菅野　智之,2020,800000000,661971317.7560295,19051917122006980,NPB,NPB,adaboost
NPB,井納　翔一,2020,100000000,163072000.27943996,3978077219249674,NPB,NPB,adaboost
NPB,今村　信貴,2020,30000000,86918592.11587696,3239726128453570.5,NPB,NPB,adaboost
NPB,戸郷　翔征,2020,26000000,106679129.26487398,6509121898938245,NPB,NPB,adaboost
NPB,畠　世周,2020,22000000,107327356.46380597,7280757761101411,NPB,NPB,adaboost
NPB,髙橋　優貴,2020,19200000,79397308.37969722,3623715936160365,NPB,NPB,adaboost
NPB,直江　大輔,2020,7500000,75554172.19687578,4631370353402021,NPB,NPB,adaboost
NPB,横川　凱,2020,6300000,96648879.03097497,8162919942153749,NPB,NPB,adaboost
NPB,大野　雄大,2020,300000000,340439418.2911624,1635346551727597.8,NPB,NPB,adaboost
NPB,柳　裕也,2020,41000000,108582954.86951438,4567455788894817,NPB,NPB,adaboost
NPB,福谷　浩司,2020,29000000,139671078.18632373,12248087546923380,NPB,NPB,adaboost
NPB,松葉　貴大,2020,25000000,125986596.56313537,10198292685405464,NPB,NPB,adaboost
NPB,勝野　昌慶,2020,16500000,122823993.58020577,11304791610843638,NPB,NPB,adaboost
NPB,梅津　晃大,2020,15000000,88880845.94473106,5458379397509083,NPB,NPB,adaboost
NPB,小笠原　慎之介,2020,14500000,79185019.97714365,4184151809443472.5,NPB,NPB,adaboost
NPB,岡野　祐一郎,2020,11000000,82774720.27494581,5151610470546717,NPB,NPB,adaboost
NPB,山本　拓実,2020,10560000,66301572.34081053,3107122887025813.5,NPB,NPB,adaboost
NPB,清水　達也,2020,8000000,89492495.46309002,6641026816801747,NPB,NPB,adaboost
NPB,大瀬良　大地,2020,150000000,112724867.1244714,1389435530888313.2,NPB,NPB,adaboost
NPB,野村　祐輔,2020,120000000,136675919.30951545,278086284817470.12,NPB,NPB,adaboost
NPB,九里　亜蓮,2020,87000000,195440562.77526268,11759355655015686,NPB,NPB,adaboost
NPB,森下　暢仁,2020,43000000,158968374.27510133,13448663832009984,NPB,NPB,adaboost
NPB,床田　寛樹,2020,27000000,99193292.41911624,5211871470312027,NPB,NPB,adaboost
NPB,遠藤　淳志,2020,24000000,168233597.9266556,20803330770868148,NPB,NPB,adaboost
NPB,中村　祐太,2020,15000000,88595496.72827314,5416297138681262,NPB,NPB,adaboost
NPB,小川　泰弘,2020,160000000,226612314.46247843,4437200438048113,NPB,NPB,adaboost
NPB,石川　雅規,2020,90000000,158365882.21598846,4673893851170407,NPB,NPB,adaboost
NPB,田口　麗斗,2020,70000000,89786564.9923694,391508154197258.2,NPB,NPB,adaboost
NPB,高梨　裕稔,2020,37000000,114173280.63484313,5955715243944253,NPB,NPB,adaboost
NPB,原　樹理,2020,26000000,90057658.08890785,4103383559835421.5,NPB,NPB,adaboost
NPB,奥川　恭伸,2020,16000000,86595487.40669055,4983722842188204,NPB,NPB,adaboost
NPB,吉田　大喜,2020,15000000,76571231.41219388,3791016537613930.5,NPB,NPB,adaboost
NPB,高橋　奎二,2020,14500000,88922818.60970286,5538755929812734,NPB,NPB,adaboost
NPB,歳内　宏明,2020,8000000,105564575.24493594,9518846342724768,NPB,NPB,adaboost
NPB,金久保　優斗,2020,5800000,77373458.11032778,5122759905870846,NPB,NPB,adaboost
NPB,千賀　滉大,2020,400000000,369711974.5282362,917364486978212.1,NPB,NPB,adaboost
NPB,和田　毅,2020,150000000,172588926.4039474,510259596082952.6,NPB,NPB,adaboost
NPB,東浜　巨,2020,90000000,153341848.36879307,4012189754775173.5,NPB,NPB,adaboost
NPB,石川　柊太,2020,80000000,202020719.4089295,14889055965072704,NPB,NPB,adaboost
NPB,武田　翔太,2020,60000000,99244193.06745094,1540106689515364.5,NPB,NPB,adaboost
NPB,大竹　耕太郎,2020,24000000,102933722.79329364,6230532594008524,NPB,NPB,adaboost
NPB,笠谷　俊介,2020,22000000,116752299.45374842,8977998251772813,NPB,NPB,adaboost
NPB,上沢　直之,2020,85000000,106430803.01083617,459279317689264.6,NPB,NPB,adaboost
NPB,杉浦　稔大,2020,37000000,104881508.84818451,4607899243506152,NPB,NPB,adaboost
NPB,河野　竜生,2020,17500000,74049150.42658089,3197806413968074,NPB,NPB,adaboost
NPB,上原　健太,2020,17000000,88881471.18721138,5166945900037900,NPB,NPB,adaboost
NPB,吉田　輝星,2020,10300000,72078417.37613043,3816572853499374.5,NPB,NPB,adaboost
NPB,山本　由伸,2020,150000000,117449724.30995944,1059520447497645.4,NPB,NPB,adaboost
NPB,山岡　泰輔,2020,85000000,92631787.86120468,58244185958431.164,NPB,NPB,adaboost
NPB,田嶋　大樹,2020,42000000,126541282.2648293,7147228406981540,NPB,NPB,adaboost
NPB,山﨑　福也,2020,28000000,90888588.12355047,3954974516173574,NPB,NPB,adaboost
NPB,竹安　大知,2020,16000000,80113011.61040904,4110478257756444,NPB,NPB,adaboost
NPB,榊原　翼,2020,15000000,67934882.15344293,2802101748598891.5,NPB,NPB,adaboost
NPB,張　奕,2020,11000000,87799256.23960291,5898125758956186,NPB,NPB,adaboost
NPB,宮城　大弥,2020,8700000,83896402.32486604,5654498922603119,NPB,NPB,adaboost
NPB,本田　仁海,2020,5000000,67720316.96170644,3933838159776921,NPB,NPB,adaboost
NPB,則本　昂大,2020,300000000,200398352.3875461,9920488207115446,NPB,NPB,adaboost
NPB,岸　孝之,2020,250000000,263415067.35065216,179964032022533.53,NPB,NPB,adaboost
NPB,涌井　秀章,2020,160000000,264163900.6601659,10850118200740912,NPB,NPB,adaboost
NPB,塩見　貴洋,2020,40000000,153389508.5601712,12857180651517134,NPB,NPB,adaboost
NPB,石橋　良太,2020,20000000,95142266.92797823,5646360279075531,NPB,NPB,adaboost
NPB,福井　優也,2020,20000000,122958140.31114835,10600378656330110,NPB,NPB,adaboost
NPB,弓削　隼人,2020,13500000,88154185.3907569,5573247396357502,NPB,NPB,adaboost
NPB,瀧中　瞭太,2020,13000000,96985131.30791906,7053502280808405,NPB,NPB,adaboost
NPB,髙橋　光成,2020,67000000,112208843.0725365,2043839491957231.2,NPB,NPB,adaboost
NPB,内海　哲也,2020,56250000,143884575.84452072,7679818883449054,NPB,NPB,adaboost
NPB,榎田　大樹,2020,37000000,167220505.71645057,16957380109048136,NPB,NPB,adaboost
NPB,松本　航,2020,30000000,80165522.24520583,2516579622134241.5,NPB,NPB,adaboost
NPB,今井　達也,2020,28000000,68631271.27927025,1650900205769651.2,NPB,NPB,adaboost
NPB,浜屋　将太,2020,15500000,71699956.15248443,3158435071541172.5,NPB,NPB,adaboost
NPB,本田　圭佑,2020,13600000,94638304.09109035,6567206729960031,NPB,NPB,adaboost
NPB,與座　海人,2020,9000000,93148726.26504526,7081008132029517,NPB,NPB,adaboost
NPB,美馬　学,2020,120000000,214016847.9087212,8839167690691615,NPB,NPB,adaboost
NPB,石川　歩,2020,110000000.00000001,152925790.53668138,1842623493199043.8,NPB,NPB,adaboost
NPB,二木　康太,2020,60000000,149607300.71202466,8029468340895215,NPB,NPB,adaboost
NPB,岩下　大輝,2020,35000000,84813699.41584568,2481404649492224,NPB,NPB,adaboost
NPB,小島　和哉,2020,34000000,82564144.67746001,2358476148253268,NPB,NPB,adaboost
NPB,種市　篤暉,2020,27000000,81544177.84618464,2975067336916219.5,NPB,NPB,adaboost
NPB,中村　稔弥,2020,18000000,76899380.12097235,3469136978634793,NPB,NPB,adaboost
NPB,大嶺　祐太,2020,12000000,125307831.10341251,12838664589359456,NPB,NPB,adaboost
NPB,古谷　拓郎,2020,4800000,78866279.43309808,5485813749061767,NPB,NPB,adaboost
NPB,チェン・ウェイン,2021,210000000,139204724.73740944,5011970999505967,NPB,NPB,adaboost
NPB,西　勇輝,2021,200000000,192242289.38135767,60182074042595.97,NPB,NPB,adaboost
NPB,青柳　晃洋,2021,120000000,180169253.99375027,3620339126164433.5,NPB,NPB,adaboost
NPB,秋山　拓巳,2021,110000000.00000001,222060454.33540654,12557545425857732,NPB,NPB,adaboost
NPB,伊藤　将司,2021,44000000,128871345.01033762,7203145203863761,NPB,NPB,adaboost
NPB,髙橋　遥人,2021,32000000,131810432.27159145,9962122390241944,NPB,NPB,adaboost
NPB,二保　旭,2021,27000000,126986867.09939295,9997373592351668,NPB,NPB,adaboost
NPB,西　純矢,2021,12500000,72703237.80459706,3624429842156865,NPB,NPB,adaboost
NPB,村上　頌樹,2021,7500000,67720316.96170644,3626486574968389,NPB,NPB,adaboost
NPB,今永　昇太,2021,100000000,181227563.90974656,6597917138711961,NPB,NPB,adaboost
NPB,濵口　遥大,2021,58300000,87679525.17178525,863156499319563.1,NPB,NPB,adaboost
NPB,大貫　晋一,2021,57800000,130414005.04161067,5272793728183060,NPB,NPB,adaboost
NPB,上茶谷　大河,2021,33000000,80889273.57512547,2293382523553210.5,NPB,NPB,adaboost
NPB,有吉　優樹,2021,27000000,111312875.8522751,7108661034481154,NPB,NPB,adaboost
NPB,平良　拳太郎,2021,27000000,95134908.57034133,4642365765888773,NPB,NPB,adaboost
NPB,東　克樹,2021,25100000,102125538.84970243,5932933635087019,NPB,NPB,adaboost
NPB,坂本　裕哉,2021,22000000,84015915.48346068,3845973773251738,NPB,NPB,adaboost
NPB,京山　将弥,2021,20900000,84792389.32714923,4082237413932012.5,NPB,NPB,adaboost
NPB,入江　大生,2021,16000000,72393869.91527422,3180268564020870.5,NPB,NPB,adaboost
NPB,阪口　皓亮,2021,9350000,70131054.91066055,3694336636052733,NPB,NPB,adaboost
NPB,宮國　椋丞,2021,8400000,98323487.91973773,8086233679651217,NPB,NPB,adaboost
NPB,中川　虎大,2021,6600000,74589278.27877936,4622541960869299,NPB,NPB,adaboost
NPB,菅野　智之,2021,600000000,480702425.61090267,14231911255122212,NPB,NPB,adaboost
NPB,山口　俊,2021,60000000,189563978.13802683,16786824430951096,NPB,NPB,adaboost
NPB,戸郷　翔征,2021,40000000,117320065.0641533,5978392461524899,NPB,NPB,adaboost
NPB,髙橋　優貴,2021,36000000,127963933.44589908,8457365054841756,NPB,NPB,adaboost
NPB,今村　信貴,2021,30000000,94348313.72100312,4140705478736638,NPB,NPB,adaboost
NPB,直江　大輔,2021,7600000,67306140.08836699,3564823164251703,NPB,NPB,adaboost
NPB,横川　凱,2021,6500000,90732615.09011194,7095133444918954,NPB,NPB,adaboost
NPB,大野　雄大,2021,300000000,293513748.0172328,42071464783951.75,NPB,NPB,adaboost
NPB,柳　裕也,2021,100000000,202316423.3654803,10468650490304204,NPB,NPB,adaboost
NPB,小笠原　慎之介,2021,36000000,112456947.17313336,5845664771035305,NPB,NPB,adaboost
NPB,福谷　浩司,2021,29000000,137488237.927137,11769697768535084,NPB,NPB,adaboost
NPB,松葉　貴大,2021,28000000,131797738.87923874,10773970596442630,NPB,NPB,adaboost
NPB,勝野　昌慶,2021,21000000,81061024.56319839,3607326671581120,NPB,NPB,adaboost
NPB,梅津　晃大,2021,12000000,91294917.98122346,6287684017648956,NPB,NPB,adaboost
NPB,笠原　祥太郎,2021,10000000,84087344.94483955,5488934680975643,NPB,NPB,adaboost
NPB,岡野　祐一郎,2021,8800000,83587728.05084163,5593204267006644,NPB,NPB,adaboost
NPB,清水　達也,2021,7200000,69121503.903223,3834272645636860.5,NPB,NPB,adaboost
NPB,大瀬良　大地,2021,180000000,268228067.52000743,7784191898314990,NPB,NPB,adaboost
NPB,九里　亜蓮,2021,140000000,235247844.75099224,9072151929709120,NPB,NPB,adaboost
NPB,森下　暢仁,2021,75000000,128608029.38105318,2873820814119861,NPB,NPB,adaboost
NPB,野村　祐輔,2021,72000000,103891096.79697885,1017042054914274.4,NPB,NPB,adaboost
NPB,床田　寛樹,2021,33000000,88477658.18929124,3077770558167833.5,NPB,NPB,adaboost
NPB,遠藤　淳志,2021,20000000,84527972.83255391,4163859277878815.5,NPB,NPB,adaboost
NPB,薮田　和樹,2021,19000000,100362551.8370327,6619864841433834,NPB,NPB,adaboost
NPB,中村　祐太,2021,13000000,84361445.21436156,5092455863082327,NPB,NPB,adaboost
NPB,玉村　昇悟,2021,12000000,78838193.00822343,4467344044604527.5,NPB,NPB,adaboost
NPB,高橋　昂也,2021,12000000,83135980.54123281,5060327727562653,NPB,NPB,adaboost
NPB,小林　樹斗,2021,5000000,83406553.26926823,6147587595566597,NPB,NPB,adaboost
NPB,小川　泰弘,2021,160000000,185303714.0910393,640277946801060.9,NPB,NPB,adaboost
NPB,サイスニード,2021,95000000,154223359.15787783,3507406269942992,NPB,NPB,adaboost
NPB,石川　雅規,2021,90000000,183260207.75954422,8697466351353353,NPB,NPB,adaboost
NPB,田口　麗斗,2021,70000000,83423451.45847765,180189049058105.66,NPB,NPB,adaboost
NPB,高梨　裕稔,2021,37000000,156254131.24701256,14221547819479696,NPB,NPB,adaboost
NPB,奥川　恭伸,2021,36000000,114420142.94014704,6149718818753094,NPB,NPB,adaboost
NPB,原　樹理,2021,26000000,99478511.47886895,5399091649150276,NPB,NPB,adaboost
NPB,高橋　奎二,2021,22000000,117160021.14488414,9055429624294796,NPB,NPB,adaboost
NPB,金久保　優斗,2021,12000000,69502312.84558462,3306515982591485.5,NPB,NPB,adaboost
NPB,山野　太一,2021,9500000,83406553.26926823,5462178616143182,NPB,NPB,adaboost
NPB,千賀　滉大,2021,600000000,469355950.2260141,17067867741347712,NPB,NPB,adaboost
NPB,武田　翔太,2021,150000000,127640399.78904763,499951721593621.3,NPB,NPB,adaboost
NPB,和田　毅,2021,150000000,176314712.5932581,692464098865777.1,NPB,NPB,adaboost
NPB,石川　柊太,2021,120000000,218442626.47567967,9690950707430188,NPB,NPB,adaboost
NPB,東浜　巨,2021,80000000,195198426.69090843,13270677512060604,NPB,NPB,adaboost
NPB,笠谷　俊介,2021,22000000,83379808.0746098,3767480839275934.5,NPB,NPB,adaboost
NPB,大竹　耕太郎,2021,21000000,77986726.41670477,3247486987692357.5,NPB,NPB,adaboost
NPB,上沢　直之,2021,150000000,148783685.0634978,1479422024758.3228,NPB,NPB,adaboost
NPB,加藤　貴之,2021,73000000,152836180.8156097,6373815767222725,NPB,NPB,adaboost
NPB,金子　千尋,2021,20000000,113188180.64886291,8684037012645108,NPB,NPB,adaboost
NPB,立野　和明,2021,17000000,102557390.85352308,7320067129662514,NPB,NPB,adaboost
NPB,池田　隆英,2021,17000000,102121565.1860715,7245680859726620,NPB,NPB,adaboost
NPB,吉田　輝星,2021,9700000,77996121.43818067,4664360203498721,NPB,NPB,adaboost
NPB,生田目　翼,2021,9000000,93452961.56626083,7132302717312329,NPB,NPB,adaboost
NPB,山本　由伸,2021,370000000,412494000.45846134,1805740074963713,NPB,NPB,adaboost
NPB,田嶋　大樹,2021,80000000,117764529.55895492,1426159692809180.2,NPB,NPB,adaboost
NPB,山岡　泰輔,2021,72000000,100922100.33184274,836487887605177.6,NPB,NPB,adaboost
NPB,増井　浩俊,2021,70000000,143684812.1444023,5429451540755856,NPB,NPB,adaboost
NPB,宮城　大弥,2021,50000000,182808488.09950915,17638094511277464,NPB,NPB,adaboost
NPB,山﨑　福也,2021,50000000,132153714.64020392,6749232829184056,NPB,NPB,adaboost
NPB,山﨑　颯一郎,2021,13000000,71176929.72930731,3384555152728760.5,NPB,NPB,adaboost
NPB,榊原　翼,2021,8000000,69878360.54674381,3828931503952821,NPB,NPB,adaboost
NPB,本田　仁海,2021,5000000,67720316.96170644,3933838159776921,NPB,NPB,adaboost
NPB,田中　将大,2021,900000000,762702038.306286,18850730285248564,NPB,NPB,adaboost
NPB,則本　昂大,2021,300000000,380458260.5227015,6473531686338907,NPB,NPB,adaboost
NPB,岸　孝之,2021,250000000,275803482.6930691,665819719091516.6,NPB,NPB,adaboost
NPB,涌井　秀章,2021,110000000.00000001,150177507.4103392,1614232101707860.8,NPB,NPB,adaboost
NPB,早川　隆久,2021,36000000,132703636.9501436,9351593399385180,NPB,NPB,adaboost
NPB,塩見　貴洋,2021,35000000,146941848.6895915,12530977488043398,NPB,NPB,adaboost
NPB,瀧中　瞭太,2021,30000000,136971963.87395585,11443001055050914,NPB,NPB,adaboost
NPB,石橋　良太,2021,16000000,107696186.60354021,8408190637631267,NPB,NPB,adaboost
NPB,弓削　隼人,2021,11500000,89550095.36413331,6091817386350305,NPB,NPB,adaboost
NPB,釜田　佳直,2021,10000000,90890306.77866052,6543241730745812,NPB,NPB,adaboost
NPB,髙橋　光成,2021,110000000.00000001,142921662.43693894,1083835857611755.5,NPB,NPB,adaboost
NPB,松本　航,2021,54000000,127821440.6967407,5449605106542404,NPB,NPB,adaboost
NPB,今井　達也,2021,51000000,136049269.89905027,7233378310361498,NPB,NPB,adaboost
NPB,内海　哲也,2021,45000000,135026997.9001334,8104860350910624,NPB,NPB,adaboost
NPB,浜屋　将太,2021,13100000,70102661.61146043,3249303430790665,NPB,NPB,adaboost
NPB,本田　圭佑,2021,12600000,81762351.01552926,4783430797995281,NPB,NPB,adaboost
NPB,渡邉　勇太朗,2021,10000000,69953216.59123911,3594388179636028.5,NPB,NPB,adaboost
NPB,上間　永遠,2021,6500000,72393869.91527422,4342002092411080.5,NPB,NPB,adaboost
NPB,石川　歩,2021,150000000,195600107.71570596,2079369823683986.2,NPB,NPB,adaboost
NPB,美馬　学,2021,120000000,165903704.76680583,2107150111318072,NPB,NPB,adaboost
NPB,小島　和哉,2021,62000000,166886125.06786463,11001099231751740,NPB,NPB,adaboost
NPB,二木　康太,2021,55000000,98872164.69204582,1924766834765992.2,NPB,NPB,adaboost
NPB,岩下　大輝,2021,45000000,114534243.74121788,4835011052663098,NPB,NPB,adaboost
NPB,佐々木　朗希,2021,30000000,84108433.1088895,2927722533499170,NPB,NPB,adaboost
NPB,鈴木　昭汰,2021,20000000,69746153.7269079,2474679810621152,NPB,NPB,adaboost
NPB,土肥　星也,2021,10500000,87793262.85027093,5974248482041072,NPB,NPB,adaboost
NPB,本前　郁也,2021,6700000,71081778.69170035,4145013427507082,NPB,NPB,adaboost
NPB,西　勇輝,2022,300000000,302158095.1613038,4657374725242.953,NPB,NPB,adaboost
NPB,青柳　晃洋,2022,240000000,241878261.60983473,3527866674978.9536,NPB,NPB,adaboost
NPB,秋山　拓巳,2022,88000000,144482939.54809943,3190322459994254.5,NPB,NPB,adaboost
NPB,伊藤　将司,2022,80000000,171763296.20886213,8420502531115370,NPB,NPB,adaboost
NPB,西　純矢,2022,28000000,76832824.60649471,2384644759048675,NPB,NPB,adaboost
NPB,大竹　耕太郎,2022,20000000,92634459.15851022,5275764657249290,NPB,NPB,adaboost
NPB,才木　浩人,2022,19000000,94211761.77401082,5656809109150556,NPB,NPB,adaboost
NPB,小川　一平,2022,13000000,88802559.52763505,5746028030940656,NPB,NPB,adaboost
NPB,森木　大智,2022,12000000,68035769.50085022,3140007463552415,NPB,NPB,adaboost
NPB,今永　昇太,2022,140000000,216245969.64170784,5813447886604233,NPB,NPB,adaboost
NPB,大貫　晋一,2022,88000000,208493948.9797996,14518791740746548,NPB,NPB,adaboost
NPB,石田　健大,2022,62000000,118767004.12169537,3222492756952579,NPB,NPB,adaboost
NPB,濵口　遥大,2022,62000000,112530625.17998141,2553344081079771.5,NPB,NPB,adaboost
NPB,上茶谷　大河,2022,34000000,96941335.05857454,3961611658955745,NPB,NPB,adaboost
NPB,京山　将弥,2022,27900000,76441164.77873746,2356244678076541.5,NPB,NPB,adaboost
NPB,東　克樹,2022,26100000,100542822.94774608,5541733888429471,NPB,NPB,adaboost
NPB,坂本　裕哉,2022,23000000,70955142.28611466,2299695671681502.5,NPB,NPB,adaboost
NPB,笠原　祥太郎,2022,9000000,89678508.71076225,6509021767792540,NPB,NPB,adaboost
NPB,菅野　智之,2022,500000000,390134996.65892273,12070318959134920,NPB,NPB,adaboost
NPB,戸郷　翔征,2022,90000000,144308771.63272896,2949442676255906,NPB,NPB,adaboost
NPB,髙橋　優貴,2022,30000000,76147682.62530099,2129608611685506.8,NPB,NPB,adaboost
NPB,山﨑　伊織,2022,25000000,79704408.385058,2992572296759204,NPB,NPB,adaboost
NPB,横川　凱,2022,6600000,72668875.97768229,4365096372954364.5,NPB,NPB,adaboost
NPB,堀田　賢慎,2022,6500000,67806468.806814,3758483117560858,NPB,NPB,adaboost
NPB,井上　温大,2022,6500000,83788542.89836028,5973518863351678,NPB,NPB,adaboost
NPB,大野　雄大,2022,300000000,249351032.8941127,2565317868893253,NPB,NPB,adaboost
NPB,柳　裕也,2022,108000000,134270591.174116,690143960637540.75,NPB,NPB,adaboost
NPB,涌井　秀章,2022,100000000,208179045.35347128,11702705853588396,NPB,NPB,adaboost
NPB,小笠原　慎之介,2022,66000000,147429873.98167372,6630824376671262,NPB,NPB,adaboost
NPB,松葉　貴大,2022,50000000,161790292.6872019,12497069539090264,NPB,NPB,adaboost
NPB,髙橋　宏斗,2022,35000000,96741668.32077844,3812033607033016.5,NPB,NPB,adaboost
NPB,福谷　浩司,2022,22000000,130951886.48724829,11870513569130236,NPB,NPB,adaboost
NPB,岡田　俊哉,2022,19000000,112003923.67447305,8649729818847208,NPB,NPB,adaboost
NPB,勝野　昌慶,2022,19000000,91062907.95886712,5193062703488154,NPB,NPB,adaboost
NPB,鈴木　博志,2022,13500000,82962155.03271313,4824990981788674,NPB,NPB,adaboost
NPB,岡野　祐一郎,2022,8500000,90150979.88426688,6666882516060955,NPB,NPB,adaboost
NPB,上田　洸太朗,2022,8100000,75000464.08732118,4475672095098950.5,NPB,NPB,adaboost
NPB,大瀬良　大地,2022,180000000,218802497.52974954,1505633814546219.2,NPB,NPB,adaboost
NPB,九里　亜蓮,2022,140000000,189754499.09451732,2475510180146325,NPB,NPB,adaboost
NPB,森下　暢仁,2022,110000000.00000001,134593689.71707565,604849573899791.6,NPB,NPB,adaboost
NPB,野村　祐輔,2022,55000000,171675291.41281116,13613123626264406,NPB,NPB,adaboost
NPB,床田　寛樹,2022,50000000,166190859.58721763,13500315851616522,NPB,NPB,adaboost
NPB,遠藤　淳志,2022,26000000,101039053.16445804,5630859499818360,NPB,NPB,adaboost
NPB,大道　温貴,2022,13000000,68035769.50085022,3028935924550715,NPB,NPB,adaboost
NPB,玉村　昇悟,2022,13000000,73670790.10157773,3680944771549702,NPB,NPB,adaboost
NPB,サイスニード,2022,195000000,166036373.96529073,838891633078488.9,NPB,NPB,adaboost
NPB,小川　泰弘,2022,160000000,265273625.86018422,11082536301750048,NPB,NPB,adaboost
NPB,石川　雅規,2022,90000000,175563188.022517,7321059144576596,NPB,NPB,adaboost
NPB,高橋　奎二,2022,50000000,151316542.97613502,10265041880635014,NPB,NPB,adaboost
NPB,高梨　裕稔,2022,43000000,138092151.26763317,9042517232706428,NPB,NPB,adaboost
NPB,原　樹理,2022,38000000,125516778.20989731,7659186468240357,NPB,NPB,adaboost
NPB,奥川　恭伸,2022,27000000,79190749.10242936,2723874291872731,NPB,NPB,adaboost
NPB,山下　輝,2022,14000000,75644448.11776127,3800037983743361,NPB,NPB,adaboost
NPB,小澤　怜史,2022,11000000,74942438.14162575,4088635395495635,NPB,NPB,adaboost
NPB,吉田　大喜,2022,11000000,79480614.45054226,4689594555523817,NPB,NPB,adaboost
NPB,金久保　優斗,2022,10000000,65823448.09818643,3116257357570914.5,NPB,NPB,adaboost
NPB,阪口　皓亮,2022,9000000,68035769.50085022,3485222080557516.5,NPB,NPB,adaboost
NPB,和田　毅,2022,165000000,170206345.6193626,27106034708256.06,NPB,NPB,adaboost
NPB,東浜　巨,2022,150000000,247812341.28037772,9567254106749082,NPB,NPB,adaboost
NPB,石川　柊太,2022,150000000,206527377.73965338,3195344434121460.5,NPB,NPB,adaboost
NPB,大関　友久,2022,45000000,91400104.66609326,2152969713024409.5,NPB,NPB,adaboost
NPB,杉山　一樹,2022,16000000,81212630.96836105,4252687237815642.5,NPB,NPB,adaboost
NPB,奥村　政稔,2022,9000000,129063787.98634686,14415313185630448,NPB,NPB,adaboost
NPB,田上　奏大,2022,6500000,79521448.56142838,5332131950009331,NPB,NPB,adaboost
NPB,上沢　直之,2022,170000000,129365545.55993667,1651158887641582.2,NPB,NPB,adaboost
NPB,加藤　貴之,2022,135000000,258392519.46836376,15225713860750530,NPB,NPB,adaboost
NPB,杉浦　稔大,2022,60000000,136825296.75981116,5902126222233052,NPB,NPB,adaboost
NPB,立野　和明,2022,16000000,68915704.44307809,2800071776707194,NPB,NPB,adaboost
NPB,池田　隆英,2022,16000000,89566844.3604561,5412080589155571,NPB,NPB,adaboost
NPB,根本　悠楓,2022,13000000,80363709.02597566,4537869293736315,NPB,NPB,adaboost
NPB,達　孝太,2022,10000000,79521448.56142838,4833231810079333,NPB,NPB,adaboost
NPB,生田目　翼,2022,9000000,97403231.09068888,7815131267273742,NPB,NPB,adaboost
NPB,田中　瑛斗,2022,7000000,69738568.04604156,3936127920467787.5,NPB,NPB,adaboost
NPB,山本　由伸,2022,650000000,515958099.299589,17967231143378848,NPB,NPB,adaboost
NPB,田嶋　大樹,2022,110000000.00000001,100750137.3365854,85559959292031.67,NPB,NPB,adaboost
NPB,宮城　大弥,2022,80000000,172649567.27506354,8583942316256526,NPB,NPB,adaboost
NPB,山岡　泰輔,2022,72000000,119423992.37069936,2249035052376151.2,NPB,NPB,adaboost
NPB,山﨑　福也,2022,60000000,136340497.34503096,5827871534886680,NPB,NPB,adaboost
NPB,竹安　大知,2022,21000000,96647620.72548132,5722562521426270,NPB,NPB,adaboost
NPB,椋木　蓮,2022,16000000,82156016.25565493,4376618486818479.5,NPB,NPB,adaboost
NPB,東　晃平,2022,8000000,67306140.08836699,3517218252181009.5,NPB,NPB,adaboost
NPB,田中　将大,2022,475000000,434442133.1910064,1644940560096063,NPB,NPB,adaboost
NPB,則本　昂大,2022,300000000,263153632.3465066,1357654809256405,NPB,NPB,adaboost
NPB,岸　孝之,2022,250000000,277617694.79760224,762737065933505.6,NPB,NPB,adaboost
NPB,辛島　航,2022,80000000,150938860.46817657,5032321924523425,NPB,NPB,adaboost
NPB,早川　隆久,2022,33000000,87920733.15769453,3016286930578688,NPB,NPB,adaboost
NPB,瀧中　瞭太,2022,26000000,108467311.51714881,6800857468866464,NPB,NPB,adaboost
NPB,藤井　聖,2022,10500000,81836653.89060323,5088918188307717,NPB,NPB,adaboost
NPB,高田　孝一,2022,10000000,87457237.22594613,5999623598676495,NPB,NPB,adaboost
NPB,藤平　尚真,2022,10000000,72671499.63483083,3927716866478601,NPB,NPB,adaboost
NPB,松井　友飛,2022,7000000,67720316.96170644,3686956891930095.5,NPB,NPB,adaboost
NPB,髙橋　光成,2022,180000000,148961952.13829637,963360415065405.5,NPB,NPB,adaboost
NPB,松本　航,2022,65000000,99837862.96668369,1213676696085430.5,NPB,NPB,adaboost
NPB,今井　達也,2022,45000000,88172149.05205008,1863834453772429,NPB,NPB,adaboost
NPB,與座　海人,2022,33000000,143423297.4488849,12193304619484912,NPB,NPB,adaboost
NPB,隅田　知一郎,2022,20000000,83094009.85491163,3980854079571685.5,NPB,NPB,adaboost
NPB,佐藤　隼輔,2022,16000000,67612475.1078784,2663847586761367.5,NPB,NPB,adaboost
NPB,渡邉　勇太朗,2022,8500000,67720316.96170644,3507045941044976,NPB,NPB,adaboost
NPB,石川　歩,2022,150000000,172493396.35975525,505952879797050.6,NPB,NPB,adaboost
NPB,美馬　学,2022,140000000,226235043.28581563,7436482690506495,NPB,NPB,adaboost
NPB,佐々木　朗希,2022,80000000,169407336.78782678,7993671871491883,NPB,NPB,adaboost
NPB,小島　和哉,2022,68000000,152926204.86294022,7212460272422091,NPB,NPB,adaboost
NPB,二木　康太,2022,46000000,99273721.55520451,2838089408341461.5,NPB,NPB,adaboost
NPB,種市　篤暉,2022,18000000,68600251.90393431,2560385492741608.5,NPB,NPB,adaboost
NPB,鈴木　昭汰,2022,16000000,64895050.3513721,2390725948863213,NPB,NPB,adaboost
NPB,河村　説人,2022,15000000,82949560.80264752,4617142813272692,NPB,NPB,adaboost
NPB,本前　郁也,2022,13000000,85233275.52283376,5217646092757615,NPB,NPB,adaboost
NPB,佐藤　奨真,2022,9000000,70759371.64613584,3814219986125527,NPB,NPB,adaboost
NPB,森　遼大朗,2022,4600000,64015115.40914423,3530155939081928,NPB,NPB,adaboost
NPB,西　勇輝,2023,300000000,206166584.93999493,8804709781823186,NPB,NPB,adaboost
NPB,青柳　晃洋,2023,210000000,128158690.09406288,6698000007119641,NPB,NPB,adaboost
NPB,伊藤　将司,2023,160000000,147671589.43839067,151989706975600.4,NPB,NPB,adaboost
NPB,大竹　耕太郎,2023,67000000,133739949.1994812,4454220819149332,NPB,NPB,adaboost
NPB,村上　頌樹,2023,67000000,182191885.2133218,13269170418999106,NPB,NPB,adaboost
NPB,才木　浩人,2023,50000000,161699703.98192456,12476823869649574,NPB,NPB,adaboost
NPB,秋山　拓巳,2023,44000000,133496716.02888574,8009662179955013,NPB,NPB,adaboost
NPB,西　純矢,2023,38000000,72147634.76661733,1166060960154292.5,NPB,NPB,adaboost
NPB,門別　啓人,2023,8000000,86205170.87236482,6116048751175779,NPB,NPB,adaboost
NPB,東　克樹,2023,105000000,202582902.1986391,9522422801509162,NPB,NPB,adaboost
NPB,石田　健大,2023,80000000,153717013.73180974,5434198113535825,NPB,NPB,adaboost
NPB,大貫　晋一,2023,77000000,177352606.99155194,10070645730000878,NPB,NPB,adaboost
NPB,濵口　遥大,2023,54000000,93493747.68310541,1559756106056793.8,NPB,NPB,adaboost
NPB,森　唯斗,2023,50000000,156886635.9517743,11424752945087130,NPB,NPB,adaboost
NPB,平良　拳太郎,2023,26000000,126773047.391659,10155207080601552,NPB,NPB,adaboost
NPB,菅野　智之,2023,400000000,268646184.8932985,17253824743085522,NPB,NPB,adaboost
NPB,戸郷　翔征,2023,180000000,191316788.73076397,128069707176746.42,NPB,NPB,adaboost
NPB,山﨑　伊織,2023,51000000,166998702.0656808,13455698880922580,NPB,NPB,adaboost
NPB,高橋　礼,2023,43000000,86017856.35720141,1850535965568814,NPB,NPB,adaboost
NPB,赤星　優志,2023,30000000,84332624.00475349,2952034031241914.5,NPB,NPB,adaboost
NPB,髙橋　優貴,2023,23000000,74784699.28739016,2681655080285426.5,NPB,NPB,adaboost
NPB,横川　凱,2023,17000000,74774857.02395217,3337934104138115.5,NPB,NPB,adaboost
NPB,井上　温大,2023,6700000,79537837.2947552,5305350541777232,NPB,NPB,adaboost
NPB,大野　雄大,2023,300000000,177597940.4890609,14982264172519474,NPB,NPB,adaboost
NPB,柳　裕也,2023,148000000,200478180.35667372,2753959413547575,NPB,NPB,adaboost
NPB,涌井　秀章,2023,100000000,170477770.84373763,4967116183102394,NPB,NPB,adaboost
NPB,小笠原　慎之介,2023,93000000,120222533.76825286,741066344763667.5,NPB,NPB,adaboost
NPB,髙橋　宏斗,2023,63000000,150204250.83335024,7604581363405866,NPB,NPB,adaboost
NPB,松葉　貴大,2023,50000000,143346829.3490728,8713630549524922,NPB,NPB,adaboost
NPB,福谷　浩司,2023,20000000,133208854.7294989,12816244789164784,NPB,NPB,adaboost
NPB,根尾　昂,2023,16000000,93605386.65688482,6022596038164596,NPB,NPB,adaboost
NPB,仲地　礼亜,2023,15000000,75382391.53916201,3646033207988664,NPB,NPB,adaboost
NPB,梅津　晃大,2023,10000000,106204395.54894127,9255285722937150,NPB,NPB,adaboost
NPB,大瀬良　大地,2023,180000000,199593583.29820797,383908506463814.25,NPB,NPB,adaboost
NPB,九里　亜蓮,2023,140000000,227158957.68173957,7596683904167269,NPB,NPB,adaboost
NPB,森下　暢仁,2023,130000000,108773431.33089758,450567217464120.3,NPB,NPB,adaboost
NPB,床田　寛樹,2023,100000000,223676794.4079417,15295949475024280,NPB,NPB,adaboost
NPB,野村　祐輔,2023,44500000,167086202.39906704,15027377018625030,NPB,NPB,adaboost
NPB,遠藤　淳志,2023,25000000,74245194.75302392,2425089206263255,NPB,NPB,adaboost
NPB,森　翔平,2023,18000000,92467566.89171354,5545418518771831,NPB,NPB,adaboost
NPB,玉村　昇悟,2023,16000000,84531988.39104037,4696633432829692,NPB,NPB,adaboost
NPB,黒原　拓未,2023,14000000,85283486.24599688,5081335411383226,NPB,NPB,adaboost
NPB,サイスニード,2023,232500000,223317156.7481354,84324610188315.44,NPB,NPB,adaboost
NPB,小川　泰弘,2023,160000000,268775641.3674795,11832140154906518,NPB,NPB,adaboost
NPB,石川　雅規,2023,67500000,161413439.28685504,8819734078685808,NPB,NPB,adaboost
NPB,高橋　奎二,2023,48000000,92191844.44186135,1952919115173671.5,NPB,NPB,adaboost
NPB,吉村　貢司郎,2023,21000000,98233220.92473124,5964970414408343,NPB,NPB,adaboost
NPB,宮川　哲,2023,20000000,99804477.44322485,6368754619986183,NPB,NPB,adaboost
NPB,山野　太一,2023,9000000,72268400.44148041,4002890494423519,NPB,NPB,adaboost
NPB,金久保　優斗,2023,9000000,80401383.50365625,5098157566236195,NPB,NPB,adaboost
NPB,有原　航平,2023,500000000,376208947.9066141,15324224578387376,NPB,NPB,adaboost
NPB,和田　毅,2023,200000000,159326251.86920738,1654353787007156,NPB,NPB,adaboost
NPB,東浜　巨,2023,150000000,164347027.96602717,205837211457965.72,NPB,NPB,adaboost
NPB,石川　柊太,2023,120000000,177262523.6196019,3278996611285466,NPB,NPB,adaboost
NPB,大関　友久,2023,55000000,90426183.392483,1255014469757838,NPB,NPB,adaboost
NPB,加藤　貴之,2023,300000000,220123228.9564815,6380298552338678,NPB,NPB,adaboost
NPB,山﨑　福也,2023,60000000,189758488.851375,16837265428992414,NPB,NPB,adaboost
NPB,上原　健太,2023,40000000,120967319.26183802,6555706788448406,NPB,NPB,adaboost
NPB,北山　亘基,2023,33000000,101607947.66255642,4707050482468082,NPB,NPB,adaboost
NPB,鈴木　健矢,2023,30000000,80739704.19007473,2574517581296287,NPB,NPB,adaboost
NPB,根本　悠楓,2023,16000000,74679296.53096312,3443259841368701,NPB,NPB,adaboost
NPB,金村　尚真,2023,12000000,115513580.09270033,10715061263607886,NPB,NPB,adaboost
NPB,田中　瑛斗,2023,7500000,68728665.25056325,3748949448365531.5,NPB,NPB,adaboost
NPB,宮城　大弥,2023,160000000,181069151.25629205,443909134660512.7,NPB,NPB,adaboost
NPB,田嶋　大樹,2023,95000000,112075423.18241172,291570076858443.44,NPB,NPB,adaboost
NPB,山下　舜平大,2023,40000000,140153659.8906924,10030755589500490,NPB,NPB,adaboost
NPB,東　晃平,2023,24000000,101240358.33263966,5966072955354578,NPB,NPB,adaboost
NPB,曽谷　龍平,2023,16000000,67574345.93569815,2659913158695064.5,NPB,NPB,adaboost
NPB,齋藤　響介,2023,6000000,79521448.56142838,5405403398570760,NPB,NPB,adaboost
NPB,則本　昂大,2023,300000000,241892675.95494685,3376461107676812.5,NPB,NPB,adaboost
NPB,田中　将大,2023,260000000,185953506.14829293,5482883251730893,NPB,NPB,adaboost
NPB,岸　孝之,2023,210000000,200163555.68729135,96755636717018.27,NPB,NPB,adaboost
NPB,辛島　航,2023,80000000,157096672.37863126,5943896891858005,NPB,NPB,adaboost
NPB,早川　隆久,2023,33000000,99193292.41911624,4381551961282632,NPB,NPB,adaboost
NPB,荘司　康誠,2023,30000000,84428034.95303835,2962410988849164.5,NPB,NPB,adaboost
NPB,瀧中　瞭太,2023,23000000,105655579.73970821,6831944862107263,NPB,NPB,adaboost
NPB,藤平　尚真,2023,14500000,86298206.75386949,5154982493071390,NPB,NPB,adaboost
NPB,藤井　聖,2023,13000000,88812983.91321485,5747608529825373,NPB,NPB,adaboost
NPB,松井　友飛,2023,8000000,72948877.45213972,4218356682293063.5,NPB,NPB,adaboost
NPB,髙橋　光成,2023,265000000,150696301.60066074,13065335467767112,NPB,NPB,adaboost
NPB,平良　海馬,2023,250000000,186772058.00155833,3997772649358303.5,NPB,NPB,adaboost
NPB,今井　達也,2023,80000000,164449080.82523373,7131647252226859,NPB,NPB,adaboost
NPB,松本　航,2023,58000000,112745701.45954287,2997091828297394.5,NPB,NPB,adaboost
NPB,隅田　知一郎,2023,40000000,112156615.7569105,5206577197490425,NPB,NPB,adaboost
NPB,與座　海人,2023,30000000,120443236.02219515,8179978942166498,NPB,NPB,adaboost
NPB,渡邉　勇太朗,2023,8200000,79521448.56142838,5086749024900475,NPB,NPB,adaboost
NPB,美馬　学,2023,140000000,165012634.31032735,625631875142165,NPB,NPB,adaboost
NPB,小島　和哉,2023,105000000,141709009.67555043,1347551391359655.2,NPB,NPB,adaboost
NPB,西野　勇士,2023,85000000,175730981.79781958,8232111057996269,NPB,NPB,adaboost
NPB,佐々木　朗希,2023,80000000,165311749.51956466,7278094606088941,NPB,NPB,adaboost
NPB,種市　篤暉,2023,52000000,193845376.99865672,20120110975891052,NPB,NPB,adaboost
NPB,菊地　吏玖,2023,16000000,67848730.30833536,2688290834586494,NPB,NPB,adaboost
NPB,本前　郁也,2023,12000000,96061864.06844589,7066396990661874,NPB,NPB,adaboost
NPB,森　遼大朗,2023,7000000,75431848.44253945,4682917881262689,NPB,NPB,adaboost
NPB,西　勇輝,2024,300000000,273030196.0265167,727370326368116.9,NPB,NPB,adaboost
NPB,伊藤　将司,2024,140000000,96290866.36604828,1910488363030649.8,NPB,NPB,adaboost
NPB,才木　浩人,2024,120000000,232853698.07260394,12735957168662450,NPB,NPB,adaboost
NPB,大竹　耕太郎,2024,90000000,160548145.47646287,4977040830168169,NPB,NPB,adaboost
NPB,村上　頌樹,2024,80000000,161829649.9136363,6696091604988277,NPB,NPB,adaboost
NPB,及川　雅貴,2024,30000000,64605734.819761194,1197556882415632.2,NPB,NPB,adaboost
NPB,髙橋　遥人,2024,25000000,148797432.69958687,15325804343008740,NPB,NPB,adaboost
NPB,東　克樹,2024,210000000,221295785.78721625,127594776550676.55,NPB,NPB,adaboost
NPB,石田　健大,2024,100000000,135301960.05581105,1246228383782078.8,NPB,NPB,adaboost
NPB,大貫　晋一,2024,72000000,156754288.77357963,7183289465515326,NPB,NPB,adaboost
NPB,平良　拳太郎,2024,26000000,116411868.92065154,8174306041725076,NPB,NPB,adaboost
NPB,吉野　光樹,2024,14000000,100982800.60578659,7566007601226028,NPB,NPB,adaboost
NPB,石田　裕太郎,2024,13000000,73212161.19459037,3625504355723335,NPB,NPB,adaboost
NPB,小園　健太,2024,6900000,77616446.523183465,5000815808866267,NPB,NPB,adaboost
NPB,松本　隆之介,2024,5600000,69121503.903223,4034981458127174,NPB,NPB,adaboost
NPB,戸郷　翔征,2024,300000000,192969471.3687099,11455534059093412,NPB,NPB,adaboost
NPB,田中　将大,2024,160000000,131665981.7130833,802816592283330.1,NPB,NPB,adaboost
NPB,山﨑　伊織,2024,90000000,126844787.06828274,1357538334107095,NPB,NPB,adaboost
NPB,高橋　礼,2024,37000000,91368213.80391668,2955902672228396,NPB,NPB,adaboost
NPB,井上　温大,2024,34000000,88502978.65604277,2970574682381053.5,NPB,NPB,adaboost
NPB,又木　鉄平,2024,10000000,78361487.49332343,4673292972299816,NPB,NPB,adaboost
NPB,髙橋　宏斗,2024,120000000,183053683.99744722,3975767065649932,NPB,NPB,adaboost
NPB,大野　雄大,2024,120000000,166497842.73238096,2162049378765232.5,NPB,NPB,adaboost
NPB,柳　裕也,2024,110000000.00000001,123963157.32070974,194969762362889.47,NPB,NPB,adaboost
NPB,涌井　秀章,2024,90000000,156313850.91695327,4397526823435903.5,NPB,NPB,adaboost
NPB,松葉　貴大,2024,50000000,172756471.5253914,15069151301364230,NPB,NPB,adaboost
NPB,梅津　晃大,2024,14000000,107945734.55984665,8825801041989166,NPB,NPB,adaboost
NPB,仲地　礼亜,2024,11500000,106582721.25048806,9040723880398014,NPB,NPB,adaboost
NPB,松木平　優太,2024,10500000,75451709.82829174,4218724609618610.5,NPB,NPB,adaboost
NPB,大瀬良　大地,2024,200000000,226995154.3850732,728738360273937.6,NPB,NPB,adaboost
NPB,森下　暢仁,2024,165000000,139660302.23507747,642100282817619.9,NPB,NPB,adaboost
NPB,床田　寛樹,2024,150000000,178987142.22322464,840254414269452.75,NPB,NPB,adaboost
NPB,アドゥワ　誠,2024,34000000,85878140.92453027,2691341505785422,NPB,NPB,adaboost
NPB,玉村　昇悟,2024,26000000,84037984.82936078,3368407683053112.5,NPB,NPB,adaboost
NPB,森　翔平,2024,20000000,90362508.95166004,4950882665972439,NPB,NPB,adaboost
NPB,常廣　羽也斗,2024,16000000,71011341.64092919,3026247709135030,NPB,NPB,adaboost
NPB,小川　泰弘,2024,110000000.00000001,137907187.71055496,778811125912148.75,NPB,NPB,adaboost
NPB,高橋　奎二,2024,58000000,125610661.86586316,4571201597940083,NPB,NPB,adaboost
NPB,吉村　貢司郎,2024,50000000,153050997.30820522,10619508046215718,NPB,NPB,adaboost
NPB,青柳　晃洋,2024,50000000,144088269.4539829,8852602448845290,NPB,NPB,adaboost
NPB,石川　雅規,2024,40000000,151886564.75140226,12518603371869730,NPB,NPB,adaboost
NPB,高梨　裕稔,2024,30000000,145960004.71594405,13446722693721766,NPB,NPB,adaboost
NPB,奥川　恭伸,2024,21000000,80371425.28919886,3524966140870922,NPB,NPB,adaboost
NPB,松本　健吾,2024,16000000,91952090.6126936,5768720068438818,NPB,NPB,adaboost
NPB,山野　太一,2024,14000000,71966229.40578766,3360083751524402,NPB,NPB,adaboost
NPB,阪口　皓亮,2024,10000000,79352201.10391332,4809727797957636,NPB,NPB,adaboost
NPB,有原　航平,2024,400000000,347513860.04807025,2754794887053556,NPB,NPB,adaboost
NPB,東浜　巨,2024,150000000,219265030.40865257,4797644437511566,NPB,NPB,adaboost
NPB,大関　友久,2024,90000000,168263774.81628206,6125218448493707,NPB,NPB,adaboost
NPB,大津　亮介,2024,55000000,168371028.2047794,12852990036208884,NPB,NPB,adaboost
NPB,濵口　遥大,2024,46000000,96553327.76611303,2555638948228054.5,NPB,NPB,adaboost
NPB,前田　悠伍,2024,10000000,72668875.97768229,3927388016306124.5,NPB,NPB,adaboost
NPB,松本　晴,2024,9000000,126924827.61747453,13906264968611082,NPB,NPB,adaboost
NPB,前田　純,2024,7500000,102891618.02771427,9099560789945342,NPB,NPB,adaboost
NPB,加藤　貴之,2024,300000000,301407772.89646727,1981824528027.8425,NPB,NPB,adaboost
NPB,山﨑　福也,2024,250000000,246248467.55230725,14073995706091.57,NPB,NPB,adaboost
NPB,伊藤　大海,2024,220000000.00000003,212528936.03214923,55816796811718.6,NPB,NPB,adaboost
NPB,北山　亘基,2024,46000000,104205053.55649707,3387828259514692,NPB,NPB,adaboost
NPB,金村　尚真,2024,36000000,154010547.7935623,13926489390536650,NPB,NPB,adaboost
NPB,上原　健太,2024,36000000,110218575.92663473,5508397012577644,NPB,NPB,adaboost
NPB,福谷　浩司,2024,20000000,145756599.1758185,15814722236267474,NPB,NPB,adaboost
NPB,福島　蓮,2024,16000000,73066767.46701351,3256615949134191.5,NPB,NPB,adaboost
NPB,根本　悠楓,2024,15000000,68207327.59498592,2831019709800150,NPB,NPB,adaboost
NPB,細野　晴希,2024,13000000,82056091.40695596,4768743760405856,NPB,NPB,adaboost
NPB,達　孝太,2024,10500000,101726070.67386611,8322195970593214,NPB,NPB,adaboost
NPB,宮城　大弥,2024,200000000,192479283.5618586,56561175742930.35,NPB,NPB,adaboost
NPB,九里　亜蓮,2024,140000000,247981244.6829768,11659949203284908,NPB,NPB,adaboost
NPB,田嶋　大樹,2024,100000000,112391897.24538076,153559117340075.25,NPB,NPB,adaboost
NPB,曽谷　龍平,2024,38000000,106737296.71951422,4724815960306540,NPB,NPB,adaboost
NPB,山下　舜平大,2024,36000000,125681321.00992316,8042739338084885,NPB,NPB,adaboost
NPB,東　晃平,2024,24000000,84215168.70516421,3625866542191387,NPB,NPB,adaboost
NPB,齋藤　響介,2024,12000000,79750982.09885769,4590195575359735,NPB,NPB,adaboost
NPB,佐藤　一磨,2024,9000000,79942235.65077065,5032800799129474,NPB,NPB,adaboost
NPB,岸　孝之,2024,220000000.00000003,212743005.72255203,52663965942913,NPB,NPB,adaboost
NPB,早川　隆久,2024,70000000,172731344.0310862,10553729046433392,NPB,NPB,adaboost
NPB,藤井　聖,2024,37000000,140939332.13771608,10803384765234460,NPB,NPB,adaboost
NPB,内　星龍,2024,31000000,80181089.62097053,2418779576305935.5,NPB,NPB,adaboost
NPB,瀧中　瞭太,2024,28000000,133124938.73354898,11051252743732428,NPB,NPB,adaboost
NPB,荘司　康誠,2024,27000000,80878044.05322903,2902843631001688.5,NPB,NPB,adaboost
NPB,古謝　樹,2024,23000000,132985213.38420285,12096747163168634,NPB,NPB,adaboost
NPB,髙橋　光成,2024,210000000,100414059.03162432,12009078457924320,NPB,NPB,adaboost
NPB,今井　達也,2024,180000000,203774117.14633134,565208646087485.9,NPB,NPB,adaboost
NPB,隅田　知一郎,2024,90000000,136549874.64613757,2166890829571121,NPB,NPB,adaboost
NPB,武内　夏暉,2024,45000000,161756920.96242145,13632178592625128,NPB,NPB,adaboost
NPB,與座　海人,2024,25000000,82830366.76007274,3344351319604526,NPB,NPB,adaboost
NPB,渡邉　勇太朗,2024,20000000,74998403.6579385,3024824404921542.5,NPB,NPB,adaboost
NPB,青山　美夏人,2024,15500000,71891276.58315708,3179976074678119.5,NPB,NPB,adaboost
NPB,杉山　遙希,2024,7000000,86848796.09283979,6375830237475907,NPB,NPB,adaboost
NPB,菅井　信也,2024,6700000,77010492.18513079,4943565311315338,NPB,NPB,adaboost
NPB,石川　柊太,2024,200000000,190045928.54675847,99083538496237.89,NPB,NPB,adaboost
NPB,小島　和哉,2024,160000000,144784891.76755413,231499518525041.97,NPB,NPB,adaboost
NPB,西野　勇士,2024,150000000,206226190.80383778,3161384532309571.5,NPB,NPB,adaboost
NPB,石川　歩,2024,90000000,165943502.77813467,5767415614212549,NPB,NPB,adaboost
NPB,種市　篤暉,2024,85000000,140334255.94431806,3061879880911298,NPB,NPB,adaboost
NPB,唐川　侑己,2024,58000000,173407339.65260646,13318854045692070,NPB,NPB,adaboost
NPB,美馬　学,2024,40000000,123129772.99729179,6910559158581263,NPB,NPB,adaboost
NPB,中森　俊介,2024,16000000,71011341.64092919,3026247709135030,NPB,NPB,adaboost
NPB,田中　晴也,2024,11000000,83536529.03416255,5261548044323907,NPB,NPB,adaboost
NPB,西　勇輝,2025,300000000,185571057.78951493,13093982815410532,NPB,NPB,adaboost
NPB,才木　浩人,2025,250000000,163334395.13072923,7510927067356570,NPB,NPB,adaboost
NPB,村上　頌樹,2025,229999999.99999997,281793500.12548506,2682566655248624.5,NPB,NPB,adaboost
NPB,伊藤　将司,2025,140000000,111724567.10138749,799500105603938.9,NPB,NPB,adaboost
NPB,大竹　耕太郎,2025,130000000,149044551.26851282,362694933019013.06,NPB,NPB,adaboost
NPB,伊原　陵人,2025,36000000,84029386.50241718,2306821967798573.5,NPB,NPB,adaboost
NPB,髙橋　遥人,2025,30000000,160647336.18574965,17068726452432290,NPB,NPB,adaboost
NPB,門別　啓人,2025,12000000,68606663.10902034,3204314308338124,NPB,NPB,adaboost
NPB,早川　太貴,2025,7200000,111816318.51747173,10944574100149098,NPB,NPB,adaboost
NPB,東　克樹,2025,300000000,228226335.30780503,5151458943347635,NPB,NPB,adaboost
NPB,藤浪　晋太郎,2025,80000000,117324742.40475681,1393136395581451.5,NPB,NPB,adaboost
NPB,大貫　晋一,2025,63000000,174498102.62701717,12431826889424854,NPB,NPB,adaboost
NPB,平良　拳太郎,2025,30000000,119051662.34990677,7930198567281803,NPB,NPB,adaboost
NPB,石田　裕太郎,2025,30000000,107354090.27805588,5983655282745619,NPB,NPB,adaboost
NPB,竹田　祐,2025,20000000,91893907.99118263,5168734006244633,NPB,NPB,adaboost
NPB,吉野　光樹,2025,11000000,91805748.37818085,6529568970957877,NPB,NPB,adaboost
NPB,小園　健太,2025,6600000,79832973.51579763,5363068409965517,NPB,NPB,adaboost
NPB,戸郷　翔征,2025,240000000,107408027.51484492,17580631167504120,NPB,NPB,adaboost
NPB,山﨑　伊織,2025,180000000,190859286.0548347,117924093620727.25,NPB,NPB,adaboost
NPB,田中　将大,2025,100000000,147658744.79754826,2271355955677833.5,NPB,NPB,adaboost
NPB,赤星　優志,2025,48000000,114891063.72453584,4474414406199914.5,NPB,NPB,adaboost
NPB,井上　温大,2025,38000000,102662131.74063718,4181191281243518.5,NPB,NPB,adaboost
NPB,森田　駿哉,2025,15000000,82807962.60118885,4597919792124226,NPB,NPB,adaboost
NPB,柳　裕也,2025,200000000,128550724.67858994,5104998943954657,NPB,NPB,adaboost
NPB,髙橋　宏斗,2025,200000000,132805712.53273559,4515072268233367,NPB,NPB,adaboost
NPB,大野　雄大,2025,170000000,223567621.37146387,2869490059396512,NPB,NPB,adaboost
NPB,松葉　貴大,2025,100000000,210315126.0926429,12169427044835704,NPB,NPB,adaboost
NPB,涌井　秀章,2025,70000000,174365528.71257445,10892163583455202,NPB,NPB,adaboost
NPB,金丸　夢斗,2025,25000000,79876887.32441463,3011472762416498.5,NPB,NPB,adaboost
NPB,草加　勝,2025,11000000,88756267.1240396,6046037077065002,NPB,NPB,adaboost
NPB,三浦　瑞樹,2025,9000000,84436323.4004115,5690638888171472,NPB,NPB,adaboost
NPB,松木平　優太,2025,9000000,100792614.5044033,8425884077553990,NPB,NPB,adaboost
NPB,仲地　礼亜,2025,9000000,70001438.84545086,3721175541215281.5,NPB,NPB,adaboost
NPB,森下　暢仁,2025,200000000,115555232.11860299,7130918822543020,NPB,NPB,adaboost
NPB,大瀬良　大地,2025,200000000,215759072.9429636,248348380021647.44,NPB,NPB,adaboost
NPB,床田　寛樹,2025,185000000,195730542.95524573,115144552114373.83,NPB,NPB,adaboost
NPB,森　翔平,2025,38000000,107701295.24087793,4858270558256032,NPB,NPB,adaboost
NPB,玉村　昇悟,2025,33000000,90351419.21264353,3289185285704378,NPB,NPB,adaboost
NPB,アドゥワ　誠,2025,29000000,85908947.43593381,3238628298265878,NPB,NPB,adaboost
NPB,髙　太一,2025,18000000,86534714.60278817,4697007105685625,NPB,NPB,adaboost
NPB,常廣　羽也斗,2025,14000000,78026466.8379712,4099388455753825,NPB,NPB,adaboost
NPB,佐藤　柳之介,2025,12000000,69121503.903223,3262866208165919.5,NPB,NPB,adaboost
NPB,斉藤　優汰,2025,7000000,81138223.81913549,5496476231056228,NPB,NPB,adaboost
NPB,小川　泰弘,2025,89000000,159138834.38572326,4919456088987916,NPB,NPB,adaboost
NPB,吉村　貢司郎,2025,75000000,117799467.04724485,1831794379528197.5,NPB,NPB,adaboost
NPB,青柳　晃洋,2025,50000000,119320625.39518721,4805349105179874,NPB,NPB,adaboost
NPB,高橋　奎二,2025,46000000,131848946.31095868,7370041582701867,NPB,NPB,adaboost
NPB,高梨　裕稔,2025,43000000,154739296.3097349,12485670339794738,NPB,NPB,adaboost
NPB,奥川　恭伸,2025,32000000,79788250.96831077,2283716930610255.5,NPB,NPB,adaboost
NPB,石川　雅規,2025,32000000,147061327.18813097,13239109014294128,NPB,NPB,adaboost
NPB,山野　太一,2025,23000000,95531917.99787118,5260879128449909,NPB,NPB,adaboost
NPB,中村　優斗,2025,17000000,74036355.57905094,3253145857739935.5,NPB,NPB,adaboost
NPB,上沢　直之,2025,250000000,214592788.56981024,1253670621262160.2,NPB,NPB,adaboost
NPB,大関　友久,2025,170000000,201290629.3100649,979103482619893.4,NPB,NPB,adaboost
NPB,東浜　巨,2025,110000000.00000001,176241906.71377018,4387990205075829,NPB,NPB,adaboost
NPB,大津　亮介,2025,68000000,101515586.18939704,1123294517618901.4,NPB,NPB,adaboost
NPB,松本　晴,2025,36000000,83909308.04623066,2295301797468622,NPB,NPB,adaboost
NPB,前田　純,2025,18000000,74550725.0438056,3197984502980102,NPB,NPB,adaboost
NPB,前田　悠伍,2025,11000000,96700398.67262717,7344558332647236,NPB,NPB,adaboost
NPB,有原　航平,2025,500000000,374016083.53101426,15871947208864376,NPB,NPB,adaboost
NPB,伊藤　大海,2025,340000000,288425879.099317,2659889946678265.5,NPB,NPB,adaboost
NPB,加藤　貴之,2025,300000000,173344066.77389675,16041725421375124,NPB,NPB,adaboost
NPB,山﨑　福也,2025,250000000,188603789.1572584,3769494705846382.5,NPB,NPB,adaboost
NPB,北山　亘基,2025,95000000,194686109.02989814,9937320333520738,NPB,NPB,adaboost
NPB,古林　睿煬,2025,75000000,97934594.57348931,525995628250325.25,NPB,NPB,adaboost
NPB,達　孝太,2025,42000000,147078066.87204853,11041400137566702,NPB,NPB,adaboost
NPB,福島　蓮,2025,29000000,125779381.15668832,9366248617071558,NPB,NPB,adaboost
NPB,細野　晴希,2025,17000000,77917084.25644068,3710891154306293.5,NPB,NPB,adaboost
NPB,柴田　獅子,2025,9900000,86610387.64933908,5884483573311874,NPB,NPB,adaboost
NPB,宮城　大弥,2025,220000000.00000003,164812549.43330318,3045654700051608.5,NPB,NPB,adaboost
NPB,九里　亜蓮,2025,160000000,279890208.721301,14373662147237122,NPB,NPB,adaboost
NPB,田嶋　大樹,2025,110000000.00000001,106749250.44666916,10567372658480.744,NPB,NPB,adaboost
NPB,曽谷　龍平,2025,55000000,120992419.60427178,4354999445226275,NPB,NPB,adaboost
NPB,山下　舜平大,2025,30000000,90924579.45272216,3711804381491055.5,NPB,NPB,adaboost
NPB,東　晃平,2025,19000000,83638858.3533701,4178182009227043.5,NPB,NPB,adaboost
NPB,寺西　成騎,2025,14000000,77591453.77626376,4043872993378690,NPB,NPB,adaboost
NPB,佐藤　一磨,2025,8000000,79295427.76948512,5083038020833869,NPB,NPB,adaboost
NPB,山口　廉王,2025,5500000,79521448.56142838,5479174847132188,NPB,NPB,adaboost
NPB,岸　孝之,2025,180000000,173125811.70218587,47254464753804.734,NPB,NPB,adaboost
NPB,辛島　航,2025,80000000,118945978.54705581,1516789244987731.5,NPB,NPB,adaboost
NPB,早川　隆久,2025,60000000,99633086.97404575,1570781583092275.2,NPB,NPB,adaboost
NPB,藤井　聖,2025,47000000,100771422.94826666,2891365925881378,NPB,NPB,adaboost
NPB,内　星龍,2025,44000000,73867655.23768778,892076829397378.4,NPB,NPB,adaboost
NPB,瀧中　瞭太,2025,40000000,151026708.81262097,12326930069762526,NPB,NPB,adaboost
NPB,荘司　康誠,2025,40000000,76255176.70385608,1314437837827828.8,NPB,NPB,adaboost
NPB,古謝　樹,2025,39500000,79573406.28027174,1605877890903722.5,NPB,NPB,adaboost
NPB,坂井　陽翔,2025,6400000,89329263.41922295,6877262731254870,NPB,NPB,adaboost
NPB,大内　誠弥,2025,5500000,79521448.56142838,5479174847132188,NPB,NPB,adaboost
NPB,髙橋　光成,2025,250000000,129340081.71901274,14558815879574524,NPB,NPB,adaboost
NPB,隅田　知一郎,2025,160000000,153957479.26286274,36512056858733.79,NPB,NPB,adaboost
NPB,渡邉　勇太朗,2025,43000000,116665005.42635398,5426533024464761,NPB,NPB,adaboost
NPB,與座　海人,2025,40000000,150247568.36937058,12154526331359040,NPB,NPB,adaboost
NPB,松本　航,2025,40000000,92289883.72912467,2734231940405376.5,NPB,NPB,adaboost
NPB,武内　夏暉,2025,38500000,78793380.10704336,1623556480450677.2,NPB,NPB,adaboost
NPB,菅井　信也,2025,14000000,73561872.09058554,3547616606935273,NPB,NPB,adaboost
NPB,上田　大河,2025,12500000,72393869.91527422,3587275653427790,NPB,NPB,adaboost
NPB,篠原　響,2025,7000000,79053318.62561293,5191680724964099,NPB,NPB,adaboost
NPB,杉山　遙希,2025,7000000,72668875.97768229,4312401272172218.5,NPB,NPB,adaboost
NPB,石川　柊太,2025,160000000,151627984.18903324,70090648739077.414,NPB,NPB,adaboost
NPB,西野　勇士,2025,150000000,157704745.69423887,59363106212892.43,NPB,NPB,adaboost
NPB,小島　和哉,2025,145000000,115261129.25449395,884400433217915.5,NPB,NPB,adaboost
NPB,種市　篤暉,2025,130000000,164432029.01454318,1185564622058343,NPB,NPB,adaboost
NPB,唐川　侑己,2025,44000000,125881419.59309518,6704566874580512,NPB,NPB,adaboost
NPB,田中　晴也,2025,23000000,120671866.1432341,9539793435901840,NPB,NPB,adaboost
NPB,河村　説人,2025,12000000,95072735.05843319,6901079310088635,NPB,NPB,adaboost
NPB,吉川　悠斗,2025,5000000,72703237.80459706,4583728409225821,NPB,NPB,adaboost
MLB,Joe Saunders,2010,5500000,147939314.070112,20288958192764004,NPB,MLB,adaboost
MLB,Zach Duke,2010,4300000,125812775.92370144,14765354712683676,NPB,MLB,adaboost
MLB,Ian Kennedy,2010,423000,148431527.73875147,21906524283392764,NPB,MLB,adaboost
MLB,Daniel Hudson,2010,419000,98305533.26621625,9581773394878060,NPB,MLB,adaboost
MLB,Barry Enright,2010,418000,87345000.51202257,7556303418017172,NPB,MLB,adaboost
MLB,Trevor Cahill,2010,6100000,179655355.22423568,30121461327010632,NPB,MLB,adaboost
MLB,Dallas Braden,2010,3350000,154701630.65493652,22907316101908320,NPB,MLB,adaboost
MLB,Rich Harden,2010,1500000,159235033.0897858,24880340663835824,NPB,MLB,adaboost
MLB,Trevor Cahill,2010,440000,179655355.22423568,32118143548148980,NPB,MLB,adaboost
MLB,Gio González,2010,420000,198343631.88888636,39173764060087390,NPB,MLB,adaboost
MLB,Bobby Cramer,2010,414000,103973021.63064152,10724470961095678,NPB,MLB,adaboost
MLB,Jair Jurrjens,2010,3250000,85048435.43768488,6690984040053101,NPB,MLB,adaboost
MLB,Tommy Hanson,2010,456500,144652849.27501822,20792587144243048,NPB,MLB,adaboost
MLB,Brandon Beachy,2010,416500,77373458.11032778,5922373401594745,NPB,MLB,adaboost
MLB,Rodrigo López,2010,414000,203189650.1066116,41117964276158976,NPB,MLB,adaboost
MLB,Mike Minor,2010,414000,85695628.2628713,7272956119166568,NPB,MLB,adaboost
MLB,Jeremy Guthrie,2010,5750000,200844923.34126568,38062029113534330,NPB,MLB,adaboost
MLB,Justin Duchscherer,2010,700000,126360628.9820219,15790593676157362,NPB,MLB,adaboost
MLB,Brad Bergesen,2010,434000,120424340.0739059,14397681711051588,NPB,MLB,adaboost
MLB,Jake Arrieta,2010,419000,74524823.78265086,5491673118505302,NPB,MLB,adaboost
MLB,Chris Tillman,2010,417000,67806468.806814,4541340506064557,NPB,MLB,adaboost
MLB,Josh Beckett,2010,17000000,167704661.10086298,22711894877525964,NPB,MLB,adaboost
MLB,Andrew Miller,2010,1300000,72814742.08624284,5114358335661833,NPB,MLB,adaboost
MLB,Clay Buchholz,2010,555000,166690268.7301199,27600927516029160,NPB,MLB,adaboost
MLB,Matt Garza,2010,5950000,169269002.62638563,26673096618877356,NPB,MLB,adaboost
MLB,Tom Gorzelanny,2010,2100000,158014337.55008402,24309280653681540,NPB,MLB,adaboost
MLB,Doug Davis,2010,900000,119999648.92520721,14184726374107612,NPB,MLB,adaboost
MLB,Randy Wells,2010,475000,137564654.08351493,18793573256737780,NPB,MLB,adaboost
MLB,Chris Carpenter,2010,414000,275164364.6356365,75487762867415220,NPB,MLB,adaboost
MLB,Casey Coleman,2010,414000,71403828.50554818,5039555751247141,NPB,MLB,adaboost
MLB,John Danks,2010,6000000,186461100.55101734,32566208812084392,NPB,MLB,adaboost
MLB,Bronson Arroyo,2010,11666667,244346125.70531982,54139730503400630,NPB,MLB,adaboost
MLB,Johnny Cueto,2010,6750000,144893870.05421028,19083728833554536,NPB,MLB,adaboost
MLB,Edinson Vólquez,2010,1625000,93872207.9989955,8509547383609939,NPB,MLB,adaboost
MLB,Homer Bailey,2010,441000,86496613.25135934,7405568572067534,NPB,MLB,adaboost
MLB,Mike Leake,2010,425000,118361093.14013883,13908922065159502,NPB,MLB,adaboost
MLB,Travis Wood,2010,422500,76426737.38283047,5776644100145645,NPB,MLB,adaboost
MLB,Dontrelle Willis,2010,414000,103414088.03946836,10609018136138234,NPB,MLB,adaboost
MLB,Justin Masterson,2010,468400,142074972.2711009,20052421310370524,NPB,MLB,adaboost
MLB,Mitch Talbot,2010,431700,130516859.68444787,16922148770128302,NPB,MLB,adaboost
MLB,Josh Tomlin,2010,417200,82162314.54899055,6682263752627586,NPB,MLB,adaboost
MLB,Carlos Carrasco,2010,415800,86887569.28866021,7477366883911280,NPB,MLB,adaboost
MLB,Jeanmar Gómez,2010,414000,78654725.61147778,6121611144210555,NPB,MLB,adaboost
MLB,David Huff,2010,414000,73311964.12473433,5314113173531053,NPB,MLB,adaboost
MLB,Jorge De La Rosa,2010,10750000,126164369.5230112,13320476692394174,NPB,MLB,adaboost
MLB,Jason Hammel,2010,3875000,140950345.1906945,18789650259148056,NPB,MLB,adaboost
MLB,Felipe Paulino,2010,790000,85432237.74542782,7164308410553525,NPB,MLB,adaboost
MLB,Jhoulys Chacín,2010,419000,156185213.73496675,24263113341327344,NPB,MLB,adaboost
MLB,Brad Penny,2010,3000000,136016991.19216645,17693519945816886,NPB,MLB,adaboost
MLB,Armando Galarraga,2010,2300000,154256080.4880734,23090650397297844,NPB,MLB,adaboost
MLB,Max Scherzer,2010,600000,157396987.66174963,24585295339798868,NPB,MLB,adaboost
MLB,Andy Oliver,2010,414000,74236460.9611678,5449755742363143,NPB,MLB,adaboost
MLB,Wandy Rodríguez,2010,11333333,204273538.31523004,37225922827083120,NPB,MLB,adaboost
MLB,Brett Myers,2010,11500000,189350214.70604804,31630698870987388,NPB,MLB,adaboost
MLB,J.A. Happ,2010,474000,85890930.90612647,7296052085421983,NPB,MLB,adaboost
MLB,Bud Norris,2010,437500,142306868.22333932,20126917640089440,NPB,MLB,adaboost
MLB,Kyle Davies,2010,3200000,137178834.46878853,17950328085615038,NPB,MLB,adaboost
MLB,Jeff Francis,2010,2000000,97627453.22370102,9144609810051126,NPB,MLB,adaboost
MLB,Bruce Chen,2010,2000000,235164907.91030326,54365874280820200,NPB,MLB,adaboost
MLB,Luke Hochevar,2010,1760000,90246750.77631818,7829905062950246,NPB,MLB,adaboost
MLB,Sean O'Sullivan,2010,420500,85747610.369107,7280715763941766,NPB,MLB,adaboost
MLB,Vin Mazzaro,2010,414000,76883626.0358921,5847603706069187,NPB,MLB,adaboost
MLB,Jered Weaver,2010,7365000,200882768.08564818,37449126564850710,NPB,MLB,adaboost
MLB,Ted Lilly,2010,11000000,268926690.51618975,66526177680634330,NPB,MLB,adaboost
MLB,Hiroki Kuroda,2010,12000000,296748278.4120622,81081582058633300,NPB,MLB,adaboost
MLB,Jon Garland,2010,5000000,177680406.43040416,29818522764969564,NPB,MLB,adaboost
MLB,Chad Billingsley,2010,3275000,149182350.7833057,21288955012602620,NPB,MLB,adaboost
MLB,Clayton Kershaw,2010,500000,179864622.73532578,32171667888985748,NPB,MLB,adaboost
MLB,Ricky Nolasco,2010,8833333,204762220.31661952,38388128885128584,NPB,MLB,adaboost
MLB,Javier Vázquez,2010,7000000,232563457.8259077,50878873506380050,NPB,MLB,adaboost
MLB,Aníbal Sánchez,2010,3700000,151516610.19041324,21849750248184580,NPB,MLB,adaboost
MLB,Shawn Hill,2010,600000,86851643.94272181,7439346082822061,NPB,MLB,adaboost
MLB,Chris Volstad,2010,445000,136828445.8691557,18600444307144924,NPB,MLB,adaboost
MLB,Alex Sanabia,2010,414000,74036963.66704662,5420340779119267,NPB,MLB,adaboost
MLB,Shaun Marcum,2010,3950000,173660732.66713768,28801732782416672,NPB,MLB,adaboost
MLB,Chris Narveson,2010,444150,170609428.76174954,28956222096063928,NPB,MLB,adaboost
MLB,Mark Rogers,2010,414000,88135641.34698525,7695086360609112,NPB,MLB,adaboost
MLB,Carl Pavano,2010,8250000,251385758.19858736,59114996914801936,NPB,MLB,adaboost
MLB,Francisco Liriano,2010,4300000,183498804.74792913,32112211623086428,NPB,MLB,adaboost
MLB,Kevin Slowey,2010,2700000,179022000.2258693,31089447763651452,NPB,MLB,adaboost
MLB,R.A. Dickey,2010,3900000,255291595.7291781,63197734403262520,NPB,MLB,adaboost
MLB,Mike Pelfrey,2010,3925000,190972573.43810126,34986794729081884,NPB,MLB,adaboost
MLB,Chris Young,2010,1100000,127190099.58517753,15898713213399986,NPB,MLB,adaboost
MLB,Dillon Gee,2010,400000,80634444.17468327,6437566032020367,NPB,MLB,adaboost
MLB,Phil Hughes,2010,2700000,176025338.84527937,30041673085830908,NPB,MLB,adaboost
MLB,Kevin Millwood,2010,1500000,315199455.9750225,98407348679025070,NPB,MLB,adaboost
MLB,Freddy García,2010,1500000,239930405.59862635,56849058313925470,NPB,MLB,adaboost
MLB,Iván Nova,2010,432900,67306140.08836699,4472030239916373,NPB,MLB,adaboost
MLB,Cliff Lee,2010,24000000,269569635.01462495,60304445641216110,NPB,MLB,adaboost
MLB,Roy Halladay,2010,20000000,340007483.6089259,102404789565716960,NPB,MLB,adaboost
MLB,Kyle Kendrick,2010,2450000,148940121.99041998,21459355840768128,NPB,MLB,adaboost
MLB,Kevin Correia,2010,4000000,152480479.20565245,22046452705140188,NPB,MLB,adaboost
MLB,Ross Ohlendorf,2010,2025000,91008399.72504222,7918045426626645,NPB,MLB,adaboost
MLB,Jeff Karstens,2010,1100000,105956229.71745263,10994828910559196,NPB,MLB,adaboost
MLB,Scott Olsen,2010,450000,98147688.50965004,9544838340128604,NPB,MLB,adaboost
MLB,James McDonald,2010,443000,91382863.06684503,8270058694616525,NPB,MLB,adaboost
MLB,Charlie Morton,2010,441000,94152382.83082438,8781823272065325,NPB,MLB,adaboost
MLB,Brad Lincoln,2010,414500,69001856.28818566,4704225442602520,NPB,MLB,adaboost
MLB,Aaron Harang,2010,4000000,130457851.97360969,15991588325779380,NPB,MLB,adaboost
MLB,Dustin Moseley,2010,900000,91170752.65955575,8148808785722691,NPB,MLB,adaboost
MLB,Clayton Richard,2010,468800,180579720.73024547,32439943766296768,NPB,MLB,adaboost
MLB,Mat Latos,2010,460700,261712699.92517602,68252607464904176,NPB,MLB,adaboost
MLB,Cory Luebke,2010,415600,83871541.8401779,6964894228431155,NPB,MLB,adaboost
MLB,Wade LeBlanc,2010,414000,112682835.3540999,12604291391765992,NPB,MLB,adaboost
MLB,Jason Vargas,2010,2450000,139823565.80113897,18871496580919856,NPB,MLB,adaboost
MLB,Doug Fister,2010,436500,156364589.8607923,24313569207635320,NPB,MLB,adaboost
MLB,David Pauley,2010,422000,92811791.4210906,8535873558832627,NPB,MLB,adaboost
MLB,Jonathan Sánchez,2010,4800000,225092286.0847137,48528691308429344,NPB,MLB,adaboost
MLB,Jeff Suppan,2010,1000000,132706761.46030061,17346671014360526,NPB,MLB,adaboost
MLB,Madison Bumgarner,2010,450000,81602704.68656814,6585761477945339,NPB,MLB,adaboost
MLB,Jake Westbrook,2010,8250000,195626474.06314877,35109943032337864,NPB,MLB,adaboost
MLB,Jaime García,2010,437000,205575373.85272992,42081752426942384,NPB,MLB,adaboost
MLB,Wade Davis,2010,3150000,136300952.2322322,17729176080350184,NPB,MLB,adaboost
MLB,Jeff Niemann,2010,903000,139300683.1136426,19153918691224236,NPB,MLB,adaboost
MLB,Scott Feldman,2010,5750000,110386366.97359978,10948769293433842,NPB,MLB,adaboost
MLB,C.J. Wilson,2010,7000000,201145691.9916476,37692549718915696,NPB,MLB,adaboost
MLB,Dave Bush,2010,1000000,137109117.68911517,18525691918109404,NPB,MLB,adaboost
MLB,Tommy Hunter,2010,442160,138695451.96022296,19113972737838652,NPB,MLB,adaboost
MLB,Derek Holland,2010,431810,72390297.60655689,5178023938623002,NPB,MLB,adaboost
MLB,Omar Beltré,2010,415000,104978801.88430373,10933588664499922,NPB,MLB,adaboost
MLB,Ricky Romero,2010,6020000,160961469.21233815,24006858881677932,NPB,MLB,adaboost
MLB,Brandon Morrow,2010,2300000,160335011.60679972,24975064893561324,NPB,MLB,adaboost
MLB,Jesse Litsch,2010,830000,91191868.91341896,8165267353525912,NPB,MLB,adaboost
MLB,Brett Cecil,2010,443100,151741581.99844122,22891230655032640,NPB,MLB,adaboost
MLB,Marc Rzepczynski,2010,429600,76334123.14826328,5761496634365235,NPB,MLB,adaboost
MLB,Kyle Drabek,2010,416000,75081959.48851715,5575005506340884,NPB,MLB,adaboost
MLB,John Lannan,2010,2750000,112298034.6621311,12000771898335478,NPB,MLB,adaboost
MLB,Liván Hernández,2010,1000000,214469868.4515336,45569384736715056,NPB,MLB,adaboost
MLB,Jordan Zimmermann,2010,415000,76254712.04550292,5751661923144800,NPB,MLB,adaboost
MLB,Ross Detwiler,2010,414000,64143528.75577317,4061452835432919.5,NPB,MLB,adaboost
MLB,Craig Stammen,2010,414000,101590365.17348938,10236656869719274,NPB,MLB,adaboost
MLB,Joe Saunders,2011,6000000,169877718.34353486,26855906569482940,NPB,MLB,adaboost
MLB,Ian Kennedy,2011,519500,192790604.82111672,36968177749132850,NPB,MLB,adaboost
MLB,Daniel Hudson,2011,504000,189742231.98900262,35811108446323572,NPB,MLB,adaboost
MLB,Josh Collmenter,2011,486000,217148429.98003283,46942608564852630,NPB,MLB,adaboost
MLB,Wade Miley,2011,481000,73224347.95412464,5291594671574850,NPB,MLB,adaboost
MLB,Brandon McCarthy,2011,4275000,182903735.2333243,31908225051057072,NPB,MLB,adaboost
MLB,Dallas Braden,2011,3350000,96551114.89353062,8686447817397096,NPB,MLB,adaboost
MLB,Bartolo Colon,2011,2000000,265562498.44217205,69465190585079944,NPB,MLB,adaboost
MLB,Tyson Ross,2011,480000,69502312.84558462,4764079670553755,NPB,MLB,adaboost
MLB,Brad Peacock,2011,480000,79521448.56142838,6247550590688929,NPB,MLB,adaboost
MLB,Jarrod Parker,2011,480000,119339779.78736041,14127647251099812,NPB,MLB,adaboost
MLB,Tommy Milone,2011,480000,80736956.29198028,6441179033252833,NPB,MLB,adaboost
MLB,Graham Godfrey,2011,480000,85264835.15216066,7188468271779058,NPB,MLB,adaboost
MLB,Jair Jurrjens,2011,5500000,157654790.23688304,23151080192029880,NPB,MLB,adaboost
MLB,Tommy Hanson,2011,535000,161069455.83158848,25771311509144232,NPB,MLB,adaboost
MLB,Brandon Beachy,2011,495000,141082866.88971058,19764948316598980,NPB,MLB,adaboost
MLB,Mike Minor,2011,482500,77006453.4766829,5855915455701529,NPB,MLB,adaboost
MLB,Julio Teheran,2011,480000,74036355.57905094,5410537446071779,NPB,MLB,adaboost
MLB,Randall Delgado,2011,480000,72349452.03719443,5165218136126591,NPB,MLB,adaboost
MLB,Dana Eveland,2011,750000,85717519.12295546,7219479305909801,NPB,MLB,adaboost
MLB,Dontrelle Willis,2011,700000,104351933.19561096,10743723255187396,NPB,MLB,adaboost
MLB,Tommy Hunter,2011,493500,88992471.86650683,7832068021428767,NPB,MLB,adaboost
MLB,Jake Arrieta,2011,488500,106253565.47868316,11186249075710136,NPB,MLB,adaboost
MLB,Zack Britton,2011,486000,139094438.76541933,19212299296987e3,NPB,MLB,adaboost
MLB,Chris Tillman,2011,480000,81956796.16836694,6638468313861613,NPB,MLB,adaboost
MLB,Clay Buchholz,2011,7486250,89991156.05941054,6807059523872158,NPB,MLB,adaboost
MLB,Aaron Cook,2011,1500000,129670781.48023723,16427749225254724,NPB,MLB,adaboost
MLB,Andrew Miller,2011,1040000,81318219.70476533,6444592558966573,NPB,MLB,adaboost
MLB,Chris Carpenter,2011,482000,226849009.61463374,51242023041871680,NPB,MLB,adaboost
MLB,Matt Garza,2011,9500000,172400593.3196102,26536603303881036,NPB,MLB,adaboost
MLB,Paul Maholm,2011,4250000,131356291.67971893,16156009384569784,NPB,MLB,adaboost
MLB,Randy Wells,2011,2705000,137975391.03639406,18298078691138960,NPB,MLB,adaboost
MLB,Chris Volstad,2011,2655000,163876351.80325323,25992324277268344,NPB,MLB,adaboost
MLB,Travis Wood,2011,480000,69010228.12289223,4696392166575649,NPB,MLB,adaboost
MLB,Casey Coleman,2011,480000,67936879.3044055,4550430565489130,NPB,MLB,adaboost
MLB,John Danks,2011,13000000,127843890.41231287,13189119165035326,NPB,MLB,adaboost
MLB,Philip Humber,2011,530000,133577266.41406767,17701575100255900,NPB,MLB,adaboost
MLB,Zach Stewart,2011,481500,68695910.34039119,4653205778087268,NPB,MLB,adaboost
MLB,Dylan Axelrod,2011,480000,78621371.22052723,6106073896224242,NPB,MLB,adaboost
MLB,Homer Bailey,2011,2425000,101738423.73092724,9863156133158702,NPB,MLB,adaboost
MLB,Mat Latos,2011,550000,144545678.3616152,20734755386821740,NPB,MLB,adaboost
MLB,Mike Leake,2011,507500,139805888.76373369,19404041112172288,NPB,MLB,adaboost
MLB,Alfredo Simón,2011,487500,117105552.5394275,13599770178088674,NPB,MLB,adaboost
MLB,Justin Masterson,2011,3825000,147588056.99358794,20667816556141616,NPB,MLB,adaboost
MLB,Josh Tomlin,2011,494500,153293193.50692093,23347440737421960,NPB,MLB,adaboost
MLB,Carlos Carrasco,2011,488500,93482073.80956627,8647804769875251,NPB,MLB,adaboost
MLB,David Huff,2011,486200,85055579.4511818,7151979940757970,NPB,MLB,adaboost
MLB,Jeanmar Gómez,2011,482700,73293666.24325438,5301436805276329,NPB,MLB,adaboost
MLB,Zach McAllister,2011,480000,68035769.50085022,4563781992852004,NPB,MLB,adaboost
MLB,Jeremy Guthrie,2011,8200000,170221137.26673427,26250848921205948,NPB,MLB,adaboost
MLB,Kevin Slowey,2011,2750000,87075809.80161001,7110842198697306,NPB,MLB,adaboost
MLB,Jhoulys Chacín,2011,482000,146734120.36331856,21389682710766620,NPB,MLB,adaboost
MLB,Josh Outman,2011,482000,77473411.85277197,5927677499083156,NPB,MLB,adaboost
MLB,Esmil Rogers,2011,481000,66080065.16301791,4303237350261870.5,NPB,MLB,adaboost
MLB,Guillermo Moscoso,2011,480000,106585556.80874325,11258389185693442,NPB,MLB,adaboost
MLB,Drew Pomeranz,2011,480000,82138408.40798828,6668095663725811,NPB,MLB,adaboost
MLB,Jeff Francis,2011,480000,146663044.95046666,21369482630990156,NPB,MLB,adaboost
MLB,Alex White,2011,480000,67580580.62584746,4502487920325855.5,NPB,MLB,adaboost
MLB,Tyler Chatwood,2011,480000,99886738.31475033,9881699622377252,NPB,MLB,adaboost
MLB,Juan Nicasio,2011,480000,142001318.17802033,20028283498844468,NPB,MLB,adaboost
MLB,Max Scherzer,2011,3750000,186906719.25494424,33546383808234460,NPB,MLB,adaboost
MLB,Rick Porcello,2011,3100000,151475445.79496923,22015272914855852,NPB,MLB,adaboost
MLB,Doug Fister,2011,507500,196157415.3585809,38278889379819864,NPB,MLB,adaboost
MLB,J.A. Happ,2011,2350000,162765680.7767613,25733190639071784,NPB,MLB,adaboost
MLB,Bud Norris,2011,511000,155917037.27198002,24151036420580044,NPB,MLB,adaboost
MLB,Kyle Weiland,2011,481500,64015115.40914423,4036520286957049,NPB,MLB,adaboost
MLB,Jordan Lyles,2011,480000,75287563.50312005,5596171557273339,NPB,MLB,adaboost
MLB,Bruce Chen,2011,4500000,270504393.4952613,70758337358781816,NPB,MLB,adaboost
MLB,Jonathan Sánchez,2011,5600000,123456290.28861846,13890105160595102,NPB,MLB,adaboost
MLB,Luke Hochevar,2011,3510000,156933217.8831417,23538683785617972,NPB,MLB,adaboost
MLB,Felipe Paulino,2011,1900000,158212746.15533102,24433674610620952,NPB,MLB,adaboost
MLB,Sean O'Sullivan,2011,493500,64839917.88160047,4140461494193552.5,NPB,MLB,adaboost
MLB,Vin Mazzaro,2011,490875,64015115.40914423,4035329119558752.5,NPB,MLB,adaboost
MLB,Luis Mendoza,2011,488925,96924303.87460443,9299782298688504,NPB,MLB,adaboost
MLB,Danny Duffy,2011,487750,81192766.77304116,6513299732336855,NPB,MLB,adaboost
MLB,Jered Weaver,2011,17000000,226014026.95581424,43686863464285840,NPB,MLB,adaboost
MLB,C.J. Wilson,2011,15500000,226794525.89186904,44645376671869710,NPB,MLB,adaboost
MLB,Jerome Williams,2011,820000,97834812.04985493,9411873757068678,NPB,MLB,adaboost
MLB,Barry Enright,2011,480000,73273804.85750209,5298938025632095,NPB,MLB,adaboost
MLB,Brad Mills,2011,480000,96412478.87247813,9203040502618462,NPB,MLB,adaboost
MLB,Chad Billingsley,2011,11666667,217193023.40974537,42241083179065680,NPB,MLB,adaboost
MLB,Clayton Kershaw,2011,9500000,334079590.9776309,105351910879206180,NPB,MLB,adaboost
MLB,Aaron Harang,2011,6000000,275350115.49539703,72549484717383710,NPB,MLB,adaboost
MLB,Chris Capuano,2011,5000000,243617915.1180146,56938509415268024,NPB,MLB,adaboost
MLB,Rubby De La Rosa,2011,482500,77888279.58435263,5991654713061382,NPB,MLB,adaboost
MLB,Nathan Eovaldi,2011,480000,70179104.77220564,4857965206046898,NPB,MLB,adaboost
MLB,Mark Buehrle,2011,14500000,202939197.68156958,35509331222873656,NPB,MLB,adaboost
MLB,Aníbal Sánchez,2011,8000000,166580678.752553,25147831673620412,NPB,MLB,adaboost
MLB,Wade LeBlanc,2011,480000,86439548.82109094,7389044033525516,NPB,MLB,adaboost
MLB,Alex Sanabia,2011,480000,75081959.48851715,5565452359526354,NPB,MLB,adaboost
MLB,Brad Hand,2011,480000,70456963.13905591,4896775370164789,NPB,MLB,adaboost
MLB,Shaun Marcum,2011,7725000,163180990.19545588,24166564887649676,NPB,MLB,adaboost
MLB,Liván Hernández,2011,750000,206068932.62281284,42155864093371160,NPB,MLB,adaboost
MLB,Chris Narveson,2011,500000,143872901.12939107,20555788778258148,NPB,MLB,adaboost
MLB,Francisco Liriano,2011,5500000,150928515.53451577,21149453130572896,NPB,MLB,adaboost
MLB,Brian Duensing,2011,515000,132188333.8498571,17337866847135926,NPB,MLB,adaboost
MLB,Scott Diamond,2011,480000,73479604.31764698,5328942230533024,NPB,MLB,adaboost
MLB,Liam Hendriks,2011,480000,72393869.91527422,5171604686190982,NPB,MLB,adaboost
MLB,Mike Pelfrey,2011,5687500,129957013.78835905,15442912057195160,NPB,MLB,adaboost
MLB,Chris Young,2011,900000,129622983.64081378,16569606517393212,NPB,MLB,adaboost
MLB,Dillon Gee,2011,502000,141884384.4214736,19988978624701340,NPB,MLB,adaboost
MLB,CC Sabathia,2011,24400000,317664710.6080565,86004190488027120,NPB,MLB,adaboost
MLB,Hiroki Kuroda,2011,10000000,273232293.5171151,69291240350280650,NPB,MLB,adaboost
MLB,Freddy García,2011,4000000,273226797.498804,72483068491462e3,NPB,MLB,adaboost
MLB,Phil Hughes,2011,3200000,88225317.98820545,7229304698995453,NPB,MLB,adaboost
MLB,Derek Lowe,2011,1000000,245842644.49661934,59947920564097920,NPB,MLB,adaboost
MLB,Michael Pineda,2011,528475,139238539.89816087,19240482104052e3,NPB,MLB,adaboost
MLB,Iván Nova,2011,527200,144545685.22649035,20741324086932820,NPB,MLB,adaboost
MLB,Dellin Betances,2011,481000,72703237.80459706,5216051633503769,NPB,MLB,adaboost
MLB,Cole Hamels,2011,15000000,223438996.59009406,43446815299485240,NPB,MLB,adaboost
MLB,Joel Piñeiro,2011,1500000,152386370.5802334,22766696826875520,NPB,MLB,adaboost
MLB,Vance Worley,2011,495000,128692593.76235999,16434623046459082,NPB,MLB,adaboost
MLB,Érik Bédard,2011,4500000,176158664.88926,29466697231563260,NPB,MLB,adaboost
MLB,Jeff Karstens,2011,3100000,128345685.67927742,15686481781272358,NPB,MLB,adaboost
MLB,Charlie Morton,2011,2445000,175915205.04732037,30091912039159372,NPB,MLB,adaboost
MLB,James McDonald,2011,502500,133232386.95841855,17617222891994566,NPB,MLB,adaboost
MLB,Rick van den Hurk,2011,480000,75646999.55135112,5650077821552819,NPB,MLB,adaboost
MLB,Jeff Locke,2011,480000,67720316.96170644,4521260225110747,NPB,MLB,adaboost
MLB,Tim Stauffer,2011,3200000,144115008.67964253,19857039671183728,NPB,MLB,adaboost
MLB,Jason Marquis,2011,3000000,152612336.848553,22383851337284892,NPB,MLB,adaboost
MLB,Clayton Richard,2011,2705000,89736885.84176038,7574549153173211,NPB,MLB,adaboost
MLB,Edinson Vólquez,2011,2237500,114193184.5048455,12534075292948502,NPB,MLB,adaboost
MLB,Dustin Moseley,2011,2012500,122397373.79250999,14492517838038558,NPB,MLB,adaboost
MLB,Ross Ohlendorf,2011,900000,85170428.62277934,7101505140266947,NPB,MLB,adaboost
MLB,Jason Vargas,2011,4850000,168237726.45071244,26695549154732840,NPB,MLB,adaboost
MLB,Kevin Millwood,2011,1000000,172124340.18111098,29283539802420592,NPB,MLB,adaboost
MLB,Blake Beavan,2011,486500,95571273.19732864,9041114093987428,NPB,MLB,adaboost
MLB,Tim Lincecum,2011,20250000,201190341.95917708,32739407348303936,NPB,MLB,adaboost
MLB,Ryan Vogelsong,2011,4000000,288021818.48187464,80668393373750940,NPB,MLB,adaboost
MLB,Madison Bumgarner,2011,560000,208992015.17665523,43443904950601440,NPB,MLB,adaboost
MLB,Brad Penny,2011,500000,214362850.80706015,45737318955322870,NPB,MLB,adaboost
MLB,Eric Surkamp,2011,480000,84855717.35014503,7119261678351565,NPB,MLB,adaboost
MLB,Jaime García,2011,6875000,148718175.44467977,20119486420230204,NPB,MLB,adaboost
MLB,Chris Carpenter,2011,10500000,226849009.61463374,46806893961232880,NPB,MLB,adaboost
MLB,David Price,2011,4350000,159058179.37586722,23934620765795508,NPB,MLB,adaboost
MLB,Jeff Niemann,2011,2750000,154093430.01305285,22904833808115828,NPB,MLB,adaboost
MLB,Jeremy Hellickson,2011,489500,147035486.1041415,21475726043235236,NPB,MLB,adaboost
MLB,Alex Cobb,2011,480000,73293666.24325438,5301829991784042,NPB,MLB,adaboost
MLB,Derek Holland,2011,5700000,232714041.9594844,51535375246782544,NPB,MLB,adaboost
MLB,Roy Oswalt,2011,5000000,240404530.1231446,55415292802498490,NPB,MLB,adaboost
MLB,Matt Harrison,2011,2950000,160444118.69257107,24804397422749664,NPB,MLB,adaboost
MLB,Derek Holland,2011,504700,232714041.9594844,53921178493256760,NPB,MLB,adaboost
MLB,Alexi Ogando,2011,497600,135682929.46743926,18275073303220104,NPB,MLB,adaboost
MLB,Brandon Morrow,2011,6666667,177798908.4521997,29286244064453976,NPB,MLB,adaboost
MLB,Dustin McGowan,2011,1366667,95005013.03885745,8768139848892810,NPB,MLB,adaboost
MLB,Nelson Figueroa,2011,650000,119890950.06289789,14218404171902508,NPB,MLB,adaboost
MLB,Kyle Drabek,2011,485900,73374773.13038775,5312787826217762,NPB,MLB,adaboost
MLB,Henderson Alvarez III,2011,482900,85812879.19491884,7281205349405282,NPB,MLB,adaboost
MLB,Brett Cecil,2011,480000,90950690.07837884,8184945763258076,NPB,MLB,adaboost
MLB,Gio González,2011,8400000,196776320.49577388,35485638123526520,NPB,MLB,adaboost
MLB,Edwin Jackson,2011,11000000,155742834.0496498,20950488008724464,NPB,MLB,adaboost
MLB,John Lannan,2011,5000000,146114749.01533768,19913372389661744,NPB,MLB,adaboost
MLB,Chien-Ming Wang,2011,4000000,123211660.14162451,14211419913722186,NPB,MLB,adaboost
MLB,Tom Gorzelanny,2011,3000000,109754667.05595297,11396558938227370,NPB,MLB,adaboost
MLB,Jordan Zimmermann,2011,2300000,129608875.29402596,16207549728629852,NPB,MLB,adaboost
MLB,Ross Detwiler,2011,485000,79446145.36384982,6234862477171022,NPB,MLB,adaboost
MLB,Brandon McCarthy,2012,7750000,113701626.87467481,11225747237390314,NPB,MLB,adaboost
MLB,Ian Kennedy,2012,4265000,207427121.98458743,41274847809280384,NPB,MLB,adaboost
MLB,Daniel Hudson,2012,518500,132814087.90290742,17502122578575904,NPB,MLB,adaboost
MLB,Wade Miley,2012,500500,193068861.01435706,37082573663755750,NPB,MLB,adaboost
MLB,Randall Delgado,2012,495000,76682867.36768822,5804591134036452,NPB,MLB,adaboost
MLB,Patrick Corbin,2012,494000,72999340.92181617,5257024462188791,NPB,MLB,adaboost
MLB,Tyler Skaggs,2012,490000,72078417.37613043,5124901502419054,NPB,MLB,adaboost
MLB,Bartolo Colon,2012,3000000,272686507.0289595,72730812073481020,NPB,MLB,adaboost
MLB,Travis Blackley,2012,550000,108483632.45628144,11649669015207650,NPB,MLB,adaboost
MLB,Tommy Milone,2012,495000,149487222.88265038,22198682479513368,NPB,MLB,adaboost
MLB,Jarrod Parker,2012,495000,142163136.6008426,20069860927954996,NPB,MLB,adaboost
MLB,Dan Straily,2012,492500,143198365.87586904,20364964155381524,NPB,MLB,adaboost
MLB,A.J. Griffin,2012,492500,88794930.53252977,7797319237952246,NPB,MLB,adaboost
MLB,Brandon Beachy,2012,510000,91089066.4437876,8204567277828090,NPB,MLB,adaboost
MLB,Mike Minor,2012,505000,212926834.33737043,45123035703253250,NPB,MLB,adaboost
MLB,Julio Teheran,2012,490000,98416055.82660414,9589512409755192,NPB,MLB,adaboost
MLB,Jason Hammel,2012,6750000,131748135.36810835,15624533845503938,NPB,MLB,adaboost
MLB,Tommy Hunter,2012,1820000,129969383.25923532,16422264429722382,NPB,MLB,adaboost
MLB,Jake Arrieta,2012,516500,104520741.07561004,10816882161713610,NPB,MLB,adaboost
MLB,Chris Tillman,2012,508500,119722027.9271351,14211865240833820,NPB,MLB,adaboost
MLB,Miguel González,2012,502000,112365698.95074753,12513487142943476,NPB,MLB,adaboost
MLB,Jair Jurrjens,2012,490000,74262340.04452768,5442358155645422,NPB,MLB,adaboost
MLB,Freddy García,2012,490000,160734114.8585164,25678176346789396,NPB,MLB,adaboost
MLB,Ryan Dempster,2012,13250000,276365003.26047045,69229504940757376,NPB,MLB,adaboost
MLB,Daniel Bard,2012,1862500,84098143.24435571,6762701019812947,NPB,MLB,adaboost
MLB,Chris Sale,2012,600000,198739911.65998816,39259424592627910,NPB,MLB,adaboost
MLB,Félix Doubront,2012,518500,160891873.63564613,25719618971278560,NPB,MLB,adaboost
MLB,Edwin Jackson,2012,13000000,166216797.61468554,23475387071299508,NPB,MLB,adaboost
MLB,Matt Garza,2012,10250000,153843982.26170343,20619231741774400,NPB,MLB,adaboost
MLB,Scott Feldman,2012,6000000,112053319.19930387,11247306513189434,NPB,MLB,adaboost
MLB,Jeff Samardzija,2012,2640000,146561221.14295274,20713317895278708,NPB,MLB,adaboost
MLB,Travis Wood,2012,527500,141694505.0926715,19928123326834344,NPB,MLB,adaboost
MLB,Brooks Raley,2012,490000,72078417.37613043,5124901502419054,NPB,MLB,adaboost
MLB,Chris Rusin,2012,490000,73650928.71582544,5352521490562091,NPB,MLB,adaboost
MLB,Chris Sale,2012,6500000,198739911.65998816,36956183635040056,NPB,MLB,adaboost
MLB,Jake Peavy,2012,14500000,259930437.16446376,60236099486739790,NPB,MLB,adaboost
MLB,Jose Quintana,2012,500000,113780400.56957267,12832449153202840,NPB,MLB,adaboost
MLB,Dylan Axelrod,2012,493000,94426273.55911419,8823459881531381,NPB,MLB,adaboost
MLB,Mat Latos,2012,5750000,190386770.09688264,34090736871809096,NPB,MLB,adaboost
MLB,Homer Bailey,2012,5350000,222731271.47708458,47254617188993944,NPB,MLB,adaboost
MLB,Mike Leake,2012,3060000,124543239.44316901,14758177465606336,NPB,MLB,adaboost
MLB,Justin Masterson,2012,5678500,153758778.96828863,21927769019326184,NPB,MLB,adaboost
MLB,Josh Tomlin,2012,501800,92719061.9786564,8504023406840147,NPB,MLB,adaboost
MLB,Zach McAllister,2012,496400,102044973.88796495,10312112858679476,NPB,MLB,adaboost
MLB,David Huff,2012,493600,87019580.92545836,7486745375112783,NPB,MLB,adaboost
MLB,Corey Kluber,2012,491800,95956036.67900294,9113420484704690,NPB,MLB,adaboost
MLB,Jhoulys Chacín,2012,3250000,74049150.42658089,5012519701125629,NPB,MLB,adaboost
MLB,Roy Oswalt,2012,2300000,136053326.37071875,17889952315232008,NPB,MLB,adaboost
MLB,Chris Volstad,2012,1500000,77768415.70629226,5816871234347807,NPB,MLB,adaboost
MLB,Jeff Francis,2012,1500000,130441608.1854372,16625938321446806,NPB,MLB,adaboost
MLB,Juan Nicasio,2012,491000,90613746.67071474,8122109467473824,NPB,MLB,adaboost
MLB,Drew Pomeranz,2012,490000,81890725.62892634,6626078132915745,NPB,MLB,adaboost
MLB,Edwar Cabrera,2012,490000,69878360.54674381,4814744579364913,NPB,MLB,adaboost
MLB,Tyler Chatwood,2012,490000,76019445.17874448,5704697089008968,NPB,MLB,adaboost
MLB,Christian Friedrich,2012,490000,87201808.15116508,7518937672844459,NPB,MLB,adaboost
MLB,Justin Verlander,2012,25714286,312291699.5403712,82126613951488910,NPB,MLB,adaboost
MLB,Aníbal Sánchez,2012,16000000,147935841.6583977,17407066314109792,NPB,MLB,adaboost
MLB,Max Scherzer,2012,6725000,258280398.016241,63280118271109430,NPB,MLB,adaboost
MLB,Rick Porcello,2012,5100000,135844186.38923004,17094042274581726,NPB,MLB,adaboost
MLB,Doug Fister,2012,4000000,153051435.7387655,22216330495787344,NPB,MLB,adaboost
MLB,Drew Smyly,2012,498000,78826972.92525937,6135427999526015,NPB,MLB,adaboost
MLB,Bud Norris,2012,3000000,139985824.69511414,18765116167400540,NPB,MLB,adaboost
MLB,Érik Bédard,2012,1150000,144427204.51189727,20528357332744036,NPB,MLB,adaboost
MLB,Philip Humber,2012,850000,111823444.2469769,12315105328036890,NPB,MLB,adaboost
MLB,Lucas Harrell,2012,500700,153758778.96828863,23488038769050192,NPB,MLB,adaboost
MLB,Alex White,2012,497100,70823611.67612647,4945818244532352,NPB,MLB,adaboost
MLB,Jordan Lyles,2012,490000,143958888.86068878,20583322070920668,NPB,MLB,adaboost
MLB,Dallas Keuchel,2012,490000,76571231.41219388,5788353773195797,NPB,MLB,adaboost
MLB,Jeremy Guthrie,2012,8333333,192924101.09317002,34073751665226472,NPB,MLB,adaboost
MLB,Luke Hochevar,2012,4560000,149351616.85359234,20964612311077484,NPB,MLB,adaboost
MLB,Felipe Paulino,2012,1750000,126460154.64959717,15552622672726442,NPB,MLB,adaboost
MLB,Luis Mendoza,2012,532000,129334299.61508244,16590032386133466,NPB,MLB,adaboost
MLB,Danny Duffy,2012,505125,81593481.13691485,6575321500987136,NPB,MLB,adaboost
MLB,Will Smith,2012,496500,84110324.59413008,6991271663257953,NPB,MLB,adaboost
MLB,Joe Blanton,2012,7500000,269110016.16620535,68439800558482224,NPB,MLB,adaboost
MLB,Jason Vargas,2012,8500000,190540598.53953993,33138779516633948,NPB,MLB,adaboost
MLB,Tommy Hanson,2012,3725000,153297068.74752837,22371803749415356,NPB,MLB,adaboost
MLB,Zack Greinke,2012,24500000,202099752.1504275,31541671963893276,NPB,MLB,adaboost
MLB,Stephen Fife,2012,492500,75763086.99528421,5665661266614649,NPB,MLB,adaboost
MLB,Edinson Vólquez,2012,490000,171547220.12964255,29260572558480988,NPB,MLB,adaboost
MLB,Henderson Alvarez III,2012,507900,135145323.78040016,18127235882223060,NPB,MLB,adaboost
MLB,Nathan Eovaldi,2012,502000,95386879.73459002,9003140402247613,NPB,MLB,adaboost
MLB,Brad Hand,2012,490000,69878360.54674381,4814744579364913,NPB,MLB,adaboost
MLB,Kyle Lohse,2012,11000000,322404328.9250007,96972656073230050,NPB,MLB,adaboost
MLB,Marco Estrada,2012,1955000,200399300.25774544,39380140304786230,NPB,MLB,adaboost
MLB,Chris Narveson,2012,840000,91243420.98917437,8172778526545892,NPB,MLB,adaboost
MLB,Mark Rogers,2012,491000,119459876.15939762,14153593494630086,NPB,MLB,adaboost
MLB,Wily Peralta,2012,490000,76569386.69897598,5788073080492323,NPB,MLB,adaboost
MLB,Kevin Correia,2012,5000000,186889902.60967913,33083936671358560,NPB,MLB,adaboost
MLB,Mike Pelfrey,2012,4000000,96769897.67344178,8606253914340859,NPB,MLB,adaboost
MLB,Scott Diamond,2012,530000,222862256.39765748,49431632234873704,NPB,MLB,adaboost
MLB,Vance Worley,2012,525000,84695722.19502902,7084710474832751,NPB,MLB,adaboost
MLB,Liam Hendriks,2012,500000,81375109.70543626,6540783369866350,NPB,MLB,adaboost
MLB,Shaun Marcum,2012,4000000,133599475.23298143,16796023980664166,NPB,MLB,adaboost
MLB,Dillon Gee,2012,527375,116429661.90440206,13433340109670330,NPB,MLB,adaboost
MLB,Jeremy Hefner,2012,500625,152878425.1959331,23218993992551712,NPB,MLB,adaboost
MLB,Matt Harvey,2012,498750,111813432.38913871,12390958515394828,NPB,MLB,adaboost
MLB,Jenrry Mejía,2012,494925,76792415.38315882,5821307038768212,NPB,MLB,adaboost
MLB,Daisuke Matsuzaka,2012,490000,113991429.9171718,12882574593242664,NPB,MLB,adaboost
MLB,Hiroki Kuroda,2012,15000000,280581818.0714461,70533702090134704,NPB,MLB,adaboost
MLB,Andy Pettitte,2012,12000000,174647235.16947952,26454123108275976,NPB,MLB,adaboost
MLB,Phil Hughes,2012,7150000,208515708.42079356,40548148527808050,NPB,MLB,adaboost
MLB,Iván Nova,2012,575600,152912268.05555958,23206460434269744,NPB,MLB,adaboost
MLB,Adam Warren,2012,490525,67720316.96170644,4519844927214328,NPB,MLB,adaboost
MLB,Cole Hamels,2012,24000000,279907581.4323672,65488690234563656,NPB,MLB,adaboost
MLB,John Lannan,2012,2500000,93859874.89194576,8346626740271982,NPB,MLB,adaboost
MLB,Aaron Cook,2012,1625000,152296573.99413794,22701923209870984,NPB,MLB,adaboost
MLB,Francisco Liriano,2012,3500000,164030777.0376438,25770130376309704,NPB,MLB,adaboost
MLB,James McDonald,2012,3025000,146807456.27092496,20673394731300448,NPB,MLB,adaboost
MLB,Jeff Karstens,2012,2500000,112576726.31034844,12116885675203356,NPB,MLB,adaboost
MLB,Charlie Morton,2012,2000000,108121185.61633044,11261706036615660,NPB,MLB,adaboost
MLB,Jonathan Sánchez,2012,1375000,93711728.55961,8526071441091096,NPB,MLB,adaboost
MLB,Jeanmar Gómez,2012,500000,69282010.86054729,4730965018020445,NPB,MLB,adaboost
MLB,Jeff Locke,2012,497500,80984082.36128633,6478089940200127,NPB,MLB,adaboost
MLB,Edinson Vólquez,2012,5725000,171547220.12964255,27497008688723628,NPB,MLB,adaboost
MLB,Clayton Richard,2012,5240000,186528557.15787524,32865540956384196,NPB,MLB,adaboost
MLB,Jason Marquis,2012,3000000,170011780.30202076,27892934759650448,NPB,MLB,adaboost
MLB,Tim Stauffer,2012,1000000,110174026.86377111,11918968141651416,NPB,MLB,adaboost
MLB,Eric Stults,2012,507600,111920105.1340037,12412746300234400,NPB,MLB,adaboost
MLB,Anthony Bass,2012,503600,81787346.9725585,6607047521898913,NPB,MLB,adaboost
MLB,Tyson Ross,2012,500500,66305953.343984455,4330357689807315,NPB,MLB,adaboost
MLB,Joe Wieland,2012,494300,76254712.04550292,5739640033304383,NPB,MLB,adaboost
MLB,Casey Kelly,2012,491400,74904730.81792313,5537343803417668,NPB,MLB,adaboost
MLB,Félix Hernández,2012,25000000,164740105.1466188,19527296986388080,NPB,MLB,adaboost
MLB,Hisashi Iwakuma,2012,7000000,201038328.88299438,37650873075705096,NPB,MLB,adaboost
MLB,Joe Saunders,2012,6500000,177519301.1440747,29247601363807712,NPB,MLB,adaboost
MLB,Blake Beavan,2012,506700,150598692.76998007,22527606293663752,NPB,MLB,adaboost
MLB,Erasmo Ramírez,2012,490000,149216358.74969003,22119529786941500,NPB,MLB,adaboost
MLB,Héctor Noesí,2012,490000,70161945.80277516,4854180031944839,NPB,MLB,adaboost
MLB,Matt Cain,2012,22500000,214601780.40168595,36903094033497576,NPB,MLB,adaboost
MLB,Madison Bumgarner,2012,7000000,226515958.8043115,48187256169776190,NPB,MLB,adaboost
MLB,Yusmeiro Petit,2012,490000,80753388.04542989,6442211460531257,NPB,MLB,adaboost
MLB,Jake Westbrook,2012,9750000,227531326.46202257,47428706155558056,NPB,MLB,adaboost
MLB,Lance Lynn,2012,513000,233134660.29061067,54112836836360270,NPB,MLB,adaboost
MLB,Joe Kelly,2012,493000,73641767.05672124,5350742121918467,NPB,MLB,adaboost
MLB,David Price,2012,10112500,249684933.53654006,57394950910619904,NPB,MLB,adaboost
MLB,Roberto Hernández,2012,3250000,122164805.11206752,14140730874841e3,NPB,MLB,adaboost
MLB,Jeff Niemann,2012,3000000,131489234.31373489,16509483334529868,NPB,MLB,adaboost
MLB,Jeremy Hellickson,2012,503000,138212175.82736114,18963817107051064,NPB,MLB,adaboost
MLB,Alex Cobb,2012,502200,157644945.2349618,24693842379980112,NPB,MLB,adaboost
MLB,Chris Archer,2012,490000,81220770.41408165,6517457291651161,NPB,MLB,adaboost
MLB,Jake Odorizzi,2012,490000,67848730.30833536,4537198548751057,NPB,MLB,adaboost
MLB,Matt Harrison,2012,11000000,186049278.8711326,30642250033303556,NPB,MLB,adaboost
MLB,Neftalí Feliz,2012,2900000,76504005.99672632,5417549698766124,NPB,MLB,adaboost
MLB,Colby Lewis,2012,2000000,211350265.4001924,43827533623131e3,NPB,MLB,adaboost
MLB,Martín Pérez,2012,492000,77742699.62953308,5967670593252343,NPB,MLB,adaboost
MLB,Travis Blackley,2012,490000,108483632.45628144,11662624651102404,NPB,MLB,adaboost
MLB,J.A. Happ,2012,3700000,203184583.55196455,39794099074900730,NPB,MLB,adaboost
MLB,Kyle Drabek,2012,499500,84519986.14082505,7059442091340574,NPB,MLB,adaboost
MLB,Drew Hutchison,2012,493200,77272229.27686821,5895019336698186,NPB,MLB,adaboost
MLB,Todd Redmond,2012,490000,79352201.10391332,6219246762954068,NPB,MLB,adaboost
MLB,Dan Haren,2012,13000000,194006889.47487283,32763494037368828,NPB,MLB,adaboost
MLB,Jordan Zimmermann,2012,5350000,151092993.52508944,21241020161654264,NPB,MLB,adaboost
MLB,Ross Detwiler,2012,2337500,131967452.71131359,16803924639937398,NPB,MLB,adaboost
MLB,Chris Young,2012,2000000,161926025.55316645,25576333649232048,NPB,MLB,adaboost
MLB,Ross Ohlendorf,2012,490000,83952046.71922779,6965913242562562,NPB,MLB,adaboost
MLB,Bronson Arroyo,2013,11750000,259905861.94628766,61581331818304984,NPB,MLB,adaboost
MLB,Wade Miley,2013,523500,150043302.21216297,22356171253564336,NPB,MLB,adaboost
MLB,Patrick Corbin,2013,515000,158652082.96492925,25007337008656916,NPB,MLB,adaboost
MLB,Randall Delgado,2013,510000,89947196.10589321,7999012047283999,NPB,MLB,adaboost
MLB,Scott Kazmir,2013,11000000,190845117.08890116,32344266140720568,NPB,MLB,adaboost
MLB,Tommy Milone,2013,510000,228141772.20223093,51816223715928350,NPB,MLB,adaboost
MLB,Drew Pomeranz,2013,505000,69964512.39185137,4824623861713753,NPB,MLB,adaboost
MLB,Dan Straily,2013,505000,197484571.2680427,38800951496941920,NPB,MLB,adaboost
MLB,A.J. Griffin,2013,505000,166867125.4033912,27676356768733664,NPB,MLB,adaboost
MLB,Sonny Gray,2013,502500,83366688.46060102,6866473729234003,NPB,MLB,adaboost
MLB,Jarrod Parker,2013,500000,154239030.94376403,23635689635527636,NPB,MLB,adaboost
MLB,Julio Teheran,2013,5400000,191316297.27424815,34564869592166612,NPB,MLB,adaboost
MLB,Ervin Santana,2013,14100000,163864506.53571162,22429407417885208,NPB,MLB,adaboost
MLB,Kris Medlen,2013,5800000,193921174.33518788,35389576233250152,NPB,MLB,adaboost
MLB,Gavin Floyd,2013,4000000,114117466.11740206,12125856344117192,NPB,MLB,adaboost
MLB,Mike Minor,2013,3850000,163082933.8390132,25355127218979552,NPB,MLB,adaboost
MLB,Brandon Beachy,2013,1450000,107393659.6221563,11224059014135312,NPB,MLB,adaboost
MLB,Freddy García,2013,1250000,157493021.5393017,24411881779730692,NPB,MLB,adaboost
MLB,Aaron Harang,2013,1000000,219107500.4214716,47570881740102230,NPB,MLB,adaboost
MLB,David Hale,2013,502500,100860972.87603737,10071823078010330,NPB,MLB,adaboost
MLB,Ubaldo Jiménez,2013,12500000,214556152.1315967,40826688614226950,NPB,MLB,adaboost
MLB,Bud Norris,2013,5300000,152012706.4335462,21524618229055904,NPB,MLB,adaboost
MLB,Alfredo Aceves,2013,1200000,97429872.42766345,9260188347444382,NPB,MLB,adaboost
MLB,Chris Tillman,2013,546000,185934023.79134932,34368719365261904,NPB,MLB,adaboost
MLB,Miguel González,2013,529000,145933256.11792555,21142397697207292,NPB,MLB,adaboost
MLB,Zack Britton,2013,521500,74550725.0438056,5480326160586414,NPB,MLB,adaboost
MLB,Chris Capuano,2013,2250000,151424096.89452016,22252911184295692,NPB,MLB,adaboost
MLB,Félix Doubront,2013,586000,143441087.831532,20407576119354724,NPB,MLB,adaboost
MLB,Allen Webster,2013,500000,64015115.40914423,4034169885436911,NPB,MLB,adaboost
MLB,Jason Hammel,2013,6000000,123830717.41455695,13884077966429174,NPB,MLB,adaboost
MLB,Jeff Samardzija,2013,5345000,167585926.7049409,26322118298078e3,NPB,MLB,adaboost
MLB,Travis Wood,2013,3900000,140055357.5219467,18538281381929128,NPB,MLB,adaboost
MLB,James McDonald,2013,1000000,103709575.67804945,10549256935964966,NPB,MLB,adaboost
MLB,Jake Arrieta,2013,544500,94060102.49068336,8745167909195504,NPB,MLB,adaboost
MLB,Justin Grimm,2013,505500,77599391.73100542,5943468142231985,NPB,MLB,adaboost
MLB,Chris Rusin,2013,503500,86432168.15708743,7383736011250851,NPB,MLB,adaboost
MLB,Jose Quintana,2013,5300000,150086723.2697098,20963195235179524,NPB,MLB,adaboost
MLB,Jose Quintana,2013,550000,150086723.2697098,22361231606241768,NPB,MLB,adaboost
MLB,Erik Johnson,2013,500000,75028033.84672329,5554427829058332,NPB,MLB,adaboost
MLB,Eric Surkamp,2013,500000,82695422.04251732,6756087404747542,NPB,MLB,adaboost
MLB,André Rienzo,2013,500000,78985996.10395801,6160051584430512,NPB,MLB,adaboost
MLB,Dylan Axelrod,2013,500000,115405724.55773357,13203325536137734,NPB,MLB,adaboost
MLB,Homer Bailey,2013,17500000,155606355.43644395,19073365411937392,NPB,MLB,adaboost
MLB,Mike Leake,2013,5925000,188365184.19630393,33284420809581308,NPB,MLB,adaboost
MLB,Chien-Ming Wang,2013,1250000,194347818.0405941,37286767332038390,NPB,MLB,adaboost
MLB,Tony Cingrani,2013,512500,98763879.46647248,9653333567064770,NPB,MLB,adaboost
MLB,Jair Jurrjens,2013,500000,91952090.6126936,8363484877432320,NPB,MLB,adaboost
MLB,Pedro Villarreal,2013,500000,68600251.90393431,4637644309379309,NPB,MLB,adaboost
MLB,David Holmberg,2013,500000,67720316.96170644,4518571012432279,NPB,MLB,adaboost
MLB,Justin Masterson,2013,9762500,248427217.4148203,56960847338696030,NPB,MLB,adaboost
MLB,Shaun Marcum,2013,1000000,113705211.62995234,12702464728552344,NPB,MLB,adaboost
MLB,Corey Kluber,2013,514000,149215491.79334944,22112133661567572,NPB,MLB,adaboost
MLB,Zach McAllister,2013,504500,121627845.25298834,14670864765274612,NPB,MLB,adaboost
MLB,Danny Salazar,2013,501500,90117086.03063677,8030953259614461,NPB,MLB,adaboost
MLB,Juan Nicasio,2013,2025000,131615440.14618197,16793682177281172,NPB,MLB,adaboost
MLB,Tyler Chatwood,2013,502000,102440672.68336412,10391492988446046,NPB,MLB,adaboost
MLB,Jordan Lyles,2013,502000,105193078.14257786,10960221842655344,NPB,MLB,adaboost
MLB,Chris Capuano,2013,500000,151424096.89452016,22778083023426512,NPB,MLB,adaboost
MLB,Chad Bettis,2013,500000,80583768.7808286,6413410022141217,NPB,MLB,adaboost
MLB,Max Scherzer,2013,15525000,291021487.11915034,75898314414992180,NPB,MLB,adaboost
MLB,Rick Porcello,2013,8500000,147109234.62389025,19212519923020656,NPB,MLB,adaboost
MLB,Scott Feldman,2013,10000000,166342274.32638866,24442906741547764,NPB,MLB,adaboost
MLB,Lucas Harrell,2013,509700,127782940.3495361,16198477709070786,NPB,MLB,adaboost
MLB,Dallas Keuchel,2013,508700,133688679.75643115,17736907007923410,NPB,MLB,adaboost
MLB,Brad Peacock,2013,504300,75472034.14398572,5620161162683322,NPB,MLB,adaboost
MLB,Brett Oberholtzer,2013,503600,86042733.57366495,7316943372533294,NPB,MLB,adaboost
MLB,Jarred Cosart,2013,500000,80720596.01979083,6435344025770480,NPB,MLB,adaboost
MLB,Collin McHugh,2013,500000,79686519.85321973,6270504926464363,NPB,MLB,adaboost
MLB,Jason Vargas,2013,8000000,167229568.64544335,25354055531013956,NPB,MLB,adaboost
MLB,Danny Duffy,2013,526000,108577802.25930685,11675191971484348,NPB,MLB,adaboost
MLB,Yordano Ventura,2013,500500,67933812.51400004,4547251636610795,NPB,MLB,adaboost
MLB,Héctor Santiago,2013,530000,156931224.21479672,24461342935887116,NPB,MLB,adaboost
MLB,Tyler Skaggs,2013,502250,86571906.55512893,7407985779517849,NPB,MLB,adaboost
MLB,Matt Shoemaker,2013,500500,104626809.7921545,10842288390931732,NPB,MLB,adaboost
MLB,Clayton Kershaw,2013,30714286,327931018.1362002,88337785861721780,NPB,MLB,adaboost
MLB,Paul Maholm,2013,1500000,212395974.43084696,44477112031136456,NPB,MLB,adaboost
MLB,Dan Haren,2013,1000000,326533919.78183365,105972332928525310,NPB,MLB,adaboost
MLB,Kevin Slowey,2013,800000,103936673.44024262,10637173408319248,NPB,MLB,adaboost
MLB,José Fernández,2013,635000,180350885.59350246,32297799534656864,NPB,MLB,adaboost
MLB,Henderson Alvarez III,2013,525400,84226006.79942939,7005791578592685,NPB,MLB,adaboost
MLB,Nathan Eovaldi,2013,517000,80181089.62097053,6346367175138025,NPB,MLB,adaboost
MLB,Tom Koehler,2013,515000,141450172.8451979,19862722944905804,NPB,MLB,adaboost
MLB,Brian Flynn,2013,500000,74236460.9611678,5437065675077823,NPB,MLB,adaboost
MLB,Matt Garza,2013,12500000,191229300.79340166,31944162962098248,NPB,MLB,adaboost
MLB,Marco Estrada,2013,3325000,155507861.23466378,23159623253568932,NPB,MLB,adaboost
MLB,Wily Peralta,2013,515000,142443689.4864556,20143752899342728,NPB,MLB,adaboost
MLB,Johnny Hellweg,2013,500000,63789227.22817769,4005526283139908,NPB,MLB,adaboost
MLB,Ricky Nolasco,2013,12250000,195961066.03048176,33749755782056028,NPB,MLB,adaboost
MLB,Phil Hughes,2013,8000000,206440702.5644177,39378712434259690,NPB,MLB,adaboost
MLB,Mike Pelfrey,2013,5500000,151053166.31750476,21185724225051204,NPB,MLB,adaboost
MLB,Scott Diamond,2013,542500,105044820.49424164,10920734988681196,NPB,MLB,adaboost
MLB,Vance Worley,2013,527500,72542396.20783257,5186145275824899,NPB,MLB,adaboost
MLB,Kyle Gibson,2013,502500,68775968.10721911,4661266447387466,NPB,MLB,adaboost
MLB,Bartolo Colon,2013,10000000,339227499.0834892,108390746152768860,NPB,MLB,adaboost
MLB,Dillon Gee,2013,3625000,148849513.02179912,21090159182418700,NPB,MLB,adaboost
MLB,John Lannan,2013,1500000,96026171.42210224,8935197083720659,NPB,MLB,adaboost
MLB,Daisuke Matsuzaka,2013,1500000,122682011.43187983,14685079894676254,NPB,MLB,adaboost
MLB,Matt Harvey,2013,546625,256581771.94449687,65553996470890104,NPB,MLB,adaboost
MLB,Zack Wheeler,2013,512375,78089339.57890053,6018185433275988,NPB,MLB,adaboost
MLB,Jenrry Mejía,2013,509675,91666027.17305528,8309480541498079,NPB,MLB,adaboost
MLB,Hiroki Kuroda,2013,16000000,272752661.34901774,65921929109803384,NPB,MLB,adaboost
MLB,Iván Nova,2013,3300000,130708304.22804174,16232875986265238,NPB,MLB,adaboost
MLB,Alfredo Aceves,2013,1200000,97429872.42766345,9260188347444382,NPB,MLB,adaboost
MLB,David Phelps,2013,541425,90187517.80032068,8036421954363708,NPB,MLB,adaboost
MLB,A.J. Burnett,2013,11250000,276498508.52268976,70356771273511424,NPB,MLB,adaboost
MLB,Miguel González,2013,4000000,145933256.11792555,20145049192236652,NPB,MLB,adaboost
MLB,Kyle Kendrick,2013,7675000,152670738.3275287,21023764133145172,NPB,MLB,adaboost
MLB,Roberto Hernández,2013,4500000,161550327.55709493,24664805385790812,NPB,MLB,adaboost
MLB,Jonathan Pettibone,2013,500000,74118468.71571063,5419678936046064,NPB,MLB,adaboost
MLB,Ethan Martin,2013,500000,75032664.53390694,5555118082523909,NPB,MLB,adaboost
MLB,Charlie Morton,2013,7000000,102932546.6990405,9203053516163586,NPB,MLB,adaboost
MLB,Edinson Vólquez,2013,5000000,141788452.4362056,18711080719892080,NPB,MLB,adaboost
MLB,Jeff Locke,2013,513000,133834724.00833783,17774682092555402,NPB,MLB,adaboost
MLB,Gerrit Cole,2013,512500,145559811.92368385,21038722696286440,NPB,MLB,adaboost
MLB,Brandon Cumpton,2013,507000,92399188.5237851,8444174311690862,NPB,MLB,adaboost
MLB,Phil Irwin,2013,500000,81510244.68895069,6562659744563663,NPB,MLB,adaboost
MLB,Ian Kennedy,2013,6100000,148241282.52590442,20204144198108980,NPB,MLB,adaboost
MLB,Eric Stults,2013,2750000,213577280.941897,44448142389353570,NPB,MLB,adaboost
MLB,Andrew Cashner,2013,2400000,135960055.92816848,17838288539535492,NPB,MLB,adaboost
MLB,Robbie Erlin,2013,504500,73950054.55149592,5394249483376764,NPB,MLB,adaboost
MLB,Burch Smith,2013,500000,80822771.2799917,6451747586097860,NPB,MLB,adaboost
MLB,Erasmo Ramírez,2013,511800,75938988.16428709,5689260714370771,NPB,MLB,adaboost
MLB,Brandon Maurer,2013,504600,81893746.24416853,6624193126354653,NPB,MLB,adaboost
MLB,James Paxton,2013,503500,83536529.03416255,6894483910588081,NPB,MLB,adaboost
MLB,Taijuan Walker,2013,502400,84891989.99569628,7121602899641721,NPB,MLB,adaboost
MLB,Tim Lincecum,2013,17500000,195722258.16198143,31763173304355956,NPB,MLB,adaboost
MLB,Tim Hudson,2013,11500000,193923985.1896146,33278510372460724,NPB,MLB,adaboost
MLB,Ryan Vogelsong,2013,5000000,183834889.7300867,31981917784772276,NPB,MLB,adaboost
MLB,Yusmeiro Petit,2013,845000,127140226.36081353,15950484201529128,NPB,MLB,adaboost
MLB,Adam Wainwright,2013,19500000,323992178.499003,92715486767068700,NPB,MLB,adaboost
MLB,Lance Lynn,2013,535000,201365020.20129767,40332697014053630,NPB,MLB,adaboost
MLB,Shelby Miller,2013,521000,233586061.95234734,54319323102851504,NPB,MLB,adaboost
MLB,Michael Wacha,2013,510000,82368863.50349936,6700873534084539,NPB,MLB,adaboost
MLB,Tyler Lyons,2013,500000,134571603.2608576,17975194800936806,NPB,MLB,adaboost
MLB,Chris Archer,2013,4250000,107100721.80912112,10578270976657222,NPB,MLB,adaboost
MLB,David Price,2013,14000000,294096143.8734728,78453849812789180,NPB,MLB,adaboost
MLB,Jeremy Hellickson,2013,3625000,143306463.12890774,19510911141832412,NPB,MLB,adaboost
MLB,Érik Bédard,2013,1150000,233340637.1337863,53912491972593616,NPB,MLB,adaboost
MLB,Alex Cobb,2013,516900,146016997.57747155,21170278395053744,NPB,MLB,adaboost
MLB,Chris Archer,2013,511200,107100721.80912112,11361326159497106,NPB,MLB,adaboost
MLB,Jake Odorizzi,2013,503100,67306140.08836699,4462646165047966.5,NPB,MLB,adaboost
MLB,Alex Colomé,2013,500000,67848730.30833536,4535851474144890,NPB,MLB,adaboost
MLB,Enny Romero,2013,500000,79521448.56142838,6244389332746472,NPB,MLB,adaboost
MLB,Nate Karns,2013,500000,73160442.25774759,5279539869091472,NPB,MLB,adaboost
MLB,Martín Pérez,2013,3125000,114829611.70312235,12477920275745338,NPB,MLB,adaboost
MLB,Alexi Ogando,2013,2625000,111374279.57953866,11826405809068664,NPB,MLB,adaboost
MLB,Tommy Hanson,2013,2000000,89537274.55561882,7662774436625791,NPB,MLB,adaboost
MLB,Scott Baker,2013,1000000,131962820.21946925,17151260279837024,NPB,MLB,adaboost
MLB,Nick Tepesch,2013,505071,92483624.16383933,8460054242113217,NPB,MLB,adaboost
MLB,Joe Saunders,2013,500000,195056322.37051508,37852162574339784,NPB,MLB,adaboost
MLB,R.A. Dickey,2013,12500000,253069540.77624917,57873703949295416,NPB,MLB,adaboost
MLB,J.A. Happ,2013,5400000,109604238.84676506,10858523393633660,NPB,MLB,adaboost
MLB,Todd Redmond,2013,505700,110223928.71876131,12038089713182420,NPB,MLB,adaboost
MLB,Liam Hendriks,2013,500000,64330567.948288016,4074341404601013.5,NPB,MLB,adaboost
MLB,Sean Nolin,2013,500000,67720316.96170644,4518571012432279,NPB,MLB,adaboost
MLB,Jordan Zimmermann,2013,12000000,198339123.9954491,34722269131391352,NPB,MLB,adaboost
MLB,Doug Fister,2013,7200000,179251706.58431575,29601789738575480,NPB,MLB,adaboost
MLB,Stephen Strasburg,2013,3975000,150530588.8372389,21478540619429824,NPB,MLB,adaboost
MLB,Ross Detwiler,2013,3000000,87492043.13082868,7138905352421814,NPB,MLB,adaboost
MLB,Taylor Jordan,2013,504300,71015988.43737276,4971898206289127,NPB,MLB,adaboost
MLB,Jeremy Hellickson,2014,4275000,131444862.90937755,16172174032389878,NPB,MLB,adaboost
MLB,Rubby De La Rosa,2014,516000,76568109.62849212,5783923378944183,NPB,MLB,adaboost
MLB,Chase Anderson,2014,512500,137271233.3452013,18702951146183876,NPB,MLB,adaboost
MLB,Robbie Ray,2014,508500,64707691.80661137,4121536228622076,NPB,MLB,adaboost
MLB,Allen Webster,2014,507500,79479626.14221291,6236596707421588,NPB,MLB,adaboost
MLB,Jhoulys Chacín,2014,507500,86321237.58569162,7363997558425942,NPB,MLB,adaboost
MLB,Andrew Chafin,2014,507500,69121503.903223,4707881531631500,NPB,MLB,adaboost
MLB,Jesse Chavez,2014,2150000,149760686.96268648,21788914905596220,NPB,MLB,adaboost
MLB,Drew Pomeranz,2014,517500,115407976.46021904,13199821581256146,NPB,MLB,adaboost
MLB,Sonny Gray,2014,512500,156970807.43062863,24479201964057100,NPB,MLB,adaboost
MLB,Chris Bassitt,2014,507500,66296237.29288866,4328157954592719.5,NPB,MLB,adaboost
MLB,Brad Mills,2014,507500,89612153.99614663,7939639363773010,NPB,MLB,adaboost
MLB,Jesse Hahn,2014,507500,129093868.83955333,16534454251341650,NPB,MLB,adaboost
MLB,Mike Minor,2014,5600000,131010167.5843597,15727710133537186,NPB,MLB,adaboost
MLB,Eric Stults,2014,2000000,227510127.42532837,50854817571387840,NPB,MLB,adaboost
MLB,Shelby Miller,2014,535000,148165419.44929543,21794740746774908,NPB,MLB,adaboost
MLB,Alex Wood,2014,520000,156559068.68352717,24348190955622512,NPB,MLB,adaboost
MLB,Edwin Jackson,2014,507500,137957709.51778147,18892560096482024,NPB,MLB,adaboost
MLB,Bud Norris,2014,8800000,224088339.21123415,46349069000331424,NPB,MLB,adaboost
MLB,Chris Tillman,2014,4315000,160071827.92855918,24260189446366796,NPB,MLB,adaboost
MLB,Miguel González,2014,3275000,178044374.07577726,30544334114838964,NPB,MLB,adaboost
MLB,Kevin Gausman,2014,522000,97459361.18017696,9396851992576078,NPB,MLB,adaboost
MLB,Wade Miley,2014,6416667,143157047.90340874,18697931769609308,NPB,MLB,adaboost
MLB,Rick Porcello,2014,12500000,220618671.96209627,43313381619266640,NPB,MLB,adaboost
MLB,Joe Kelly,2014,603000,91410152.55159523,8245938954528687,NPB,MLB,adaboost
MLB,Brandon Workman,2014,539500,75576431.36081979,5630541068048380,NPB,MLB,adaboost
MLB,Jon Lester,2014,25833333,315950869.7530241,84168185131642290,NPB,MLB,adaboost
MLB,Jason Hammel,2014,10000000,221950984.50937513,44923219834493376,NPB,MLB,adaboost
MLB,Travis Wood,2014,5685000,125470139.87489471,14348479734848090,NPB,MLB,adaboost
MLB,Tsuyoshi Wada,2014,4000000,142311190.73273572,19129985481907200,NPB,MLB,adaboost
MLB,Jake Arrieta,2014,3630000,301755404.5616963,88878756845075090,NPB,MLB,adaboost
MLB,Félix Doubront,2014,1925000,94298565.25553119,8532875558017879,NPB,MLB,adaboost
MLB,Kyle Hendricks,2014,510000,81631019.64147772,6580619827673014,NPB,MLB,adaboost
MLB,Dallas Beeler,2014,508000,70001438.84545086,4829338042566419,NPB,MLB,adaboost
MLB,Trevor Cahill,2014,507500,96827562.14911781,9277554372409918,NPB,MLB,adaboost
MLB,Jeff Samardzija,2014,9800000,168924293.64758763,25320540828843696,NPB,MLB,adaboost
MLB,Héctor Noesí,2014,1950000,125154609.77810055,15179375870574030,NPB,MLB,adaboost
MLB,Erik Johnson,2014,510000,72078417.37613043,5122038365724008,NPB,MLB,adaboost
MLB,Scott Carroll,2014,507500,102682589.18683973,10439748850338654,NPB,MLB,adaboost
MLB,Mike Leake,2014,9775000,151453941.69670537,20072922520298440,NPB,MLB,adaboost
MLB,Tony Cingrani,2014,525500,73955084.42732172,5391903869169168,NPB,MLB,adaboost
MLB,David Holmberg,2014,507500,69432994.55645487,4750723799851890,NPB,MLB,adaboost
MLB,Dylan Axelrod,2014,507500,177321767.4568247,31263285176293536,NPB,MLB,adaboost
MLB,Corey Kluber,2014,7700000,298478592.1424468,84552189648343440,NPB,MLB,adaboost
MLB,Gavin Floyd,2014,4000000,170524688.21555373,27730471785287380,NPB,MLB,adaboost
MLB,Trevor Bauer,2014,1940000,177522078.1294233,30829066160246904,NPB,MLB,adaboost
MLB,Josh Tomlin,2014,1500000,184434814.11323184,33465146214642688,NPB,MLB,adaboost
MLB,Bruce Chen,2014,1000000,136293463.11265528,18304321161015416,NPB,MLB,adaboost
MLB,Corey Kluber,2014,601000,298478592.1424468,88731059900581890,NPB,MLB,adaboost
MLB,Zach McAllister,2014,520400,95380495.58522363,8998437734437764,NPB,MLB,adaboost
MLB,Danny Salazar,2014,507500,110355007.41310452,12066474884872052,NPB,MLB,adaboost
MLB,Jhoulys Chacín,2014,505700,86321237.58569162,7364306491121250,NPB,MLB,adaboost
MLB,Jorge De La Rosa,2014,12500000,246526002.93281493,54768170048709904,NPB,MLB,adaboost
MLB,Jhoulys Chacín,2014,5500000,86321237.58569162,6532072444882811,NPB,MLB,adaboost
MLB,Kyle Kendrick,2014,5500000,165921139.94852406,25734942142383940,NPB,MLB,adaboost
MLB,Jordan Lyles,2014,2475000,84903381.80930127,6794438127699949,NPB,MLB,adaboost
MLB,Tyler Chatwood,2014,1000000,71896611.63107893,5026329540768036,NPB,MLB,adaboost
MLB,Tyler Matzek,2014,509500,74288625.86734141,5443359413749007,NPB,MLB,adaboost
MLB,Christian Bergman,2014,509500,93916447.9904211,8724857932885233,NPB,MLB,adaboost
MLB,Eddie Butler,2014,509500,67720316.96170644,4517293916660007,NPB,MLB,adaboost
MLB,Yohan Flande,2014,507500,90163855.57459293,8038262094917841,NPB,MLB,adaboost
MLB,David Price,2014,19750000,292880893.0804862,74600484754943970,NPB,MLB,adaboost
MLB,Alfredo Simón,2014,5500000,274993137.9201712,72626551386060420,NPB,MLB,adaboost
MLB,Shane Greene,2014,515000,87323537.58557707,7535722197746547,NPB,MLB,adaboost
MLB,Drew VerHagen,2014,507500,69121503.903223,4707881531631500,NPB,MLB,adaboost
MLB,Randy Wolf,2014,507500,146469816.85180253,21304997940745996,NPB,MLB,adaboost
MLB,Kyle Lobstein,2014,507500,67683263.94669035,4512583261821463,NPB,MLB,adaboost
MLB,Buck Farmer,2014,507500,75032664.53390694,5554000148805900,NPB,MLB,adaboost
MLB,Dallas Keuchel,2014,524500,153396417.4654186,23369823149553760,NPB,MLB,adaboost
MLB,Collin McHugh,2014,516300,181395923.95446423,32717438361908388,NPB,MLB,adaboost
MLB,Brad Peacock,2014,515800,110488978.6972889,12094100032785838,NPB,MLB,adaboost
MLB,Brett Oberholtzer,2014,515800,139272022.40548643,19253289256240816,NPB,MLB,adaboost
MLB,Dan Straily,2014,507500,73246594.10285515,5290975810904016,NPB,MLB,adaboost
MLB,Yordano Ventura,2014,4800000,156772275.68992388,23095572578374228,NPB,MLB,adaboost
MLB,Edinson Vólquez,2014,10000000,175874864.56645435,27514470694939572,NPB,MLB,adaboost
MLB,Danny Duffy,2014,2425000,116263455.87204261,12959194035330992,NPB,MLB,adaboost
MLB,Franklin Morales,2014,1850000,96767948.44186795,9009416936413102,NPB,MLB,adaboost
MLB,Chris Young,2014,675000,256334978.06257546,65362024382956570,NPB,MLB,adaboost
MLB,Yordano Ventura,2014,535675,156772275.68992388,24409875395142724,NPB,MLB,adaboost
MLB,Brian Flynn,2014,508450,69878360.54674381,4812184489263238,NPB,MLB,adaboost
MLB,Aaron Brooks,2014,507500,64015115.40914423,4033217214955773.5,NPB,MLB,adaboost
MLB,Yohan Pino,2014,507500,119576080.18428056,14177326787100450,NPB,MLB,adaboost
MLB,Garrett Richards,2014,3200000,238233028.20288497,55240524346218120,NPB,MLB,adaboost
MLB,Héctor Santiago,2014,2290000,95896527.54949859,8762181999875038,NPB,MLB,adaboost
MLB,Matt Shoemaker,2014,517500,319150604.09841216,101527055027389550,NPB,MLB,adaboost
MLB,Tyler Skaggs,2014,515000,85413316.90418324,7207724213163125,NPB,MLB,adaboost
MLB,Andrew Heaney,2014,509250,66200571.956509784,4315349780393824.5,NPB,MLB,adaboost
MLB,Nick Tropeano,2014,507500,71011341.64092919,4970791686129221,NPB,MLB,adaboost
MLB,Mat Latos,2014,507500,90761258.1105774,8145740853082617,NPB,MLB,adaboost
MLB,Brandon McCarthy,2014,12000000,226268272.7381841,45910892702204850,NPB,MLB,adaboost
MLB,Brett Anderson,2014,10000000,85861478.83826248,5754963971528147,NPB,MLB,adaboost
MLB,Mike Bolsinger,2014,507500,94677090.77947135,8867911827573096,NPB,MLB,adaboost
MLB,Mat Latos,2014,9400000,90761258.1105774,6619654321335997,NPB,MLB,adaboost
MLB,Henderson Alvarez III,2014,4000000,205760924.24270317,40707470551269810,NPB,MLB,adaboost
MLB,David Phelps,2014,1400000,156736079.29365915,24129297530325964,NPB,MLB,adaboost
MLB,José Fernández,2014,651000,100285302.15803477,9926994166518572,NPB,MLB,adaboost
MLB,Tom Koehler,2014,555000,156531954.95625204,24328810477424676,NPB,MLB,adaboost
MLB,Jarred Cosart,2014,540000,142547937.2928114,20166254254159052,NPB,MLB,adaboost
MLB,Brad Hand,2014,520000,76064911.79295994,5707033697806098,NPB,MLB,adaboost
MLB,André Rienzo,2014,507500,64759537.18469703,4128324282383690,NPB,MLB,adaboost
MLB,Wily Peralta,2014,525500,169065676.5592125,28405791114610524,NPB,MLB,adaboost
MLB,Jimmy Nelson,2014,511500,85973760.03404862,7303797890127343,NPB,MLB,adaboost
MLB,Ervin Santana,2014,13750000,213613148.19769922,39945278007495480,NPB,MLB,adaboost
MLB,Phil Hughes,2014,14000000,244299598.46890858,53037905054940520,NPB,MLB,adaboost
MLB,Tommy Milone,2014,2775000,90073614.66267715,7621048122022591,NPB,MLB,adaboost
MLB,Kyle Gibson,2014,537500,137889855.43617928,18865669543866528,NPB,MLB,adaboost
MLB,Trevor May,2014,510000,74025837.19083758,5404578317869737,NPB,MLB,adaboost
MLB,Logan Darnell,2014,507500,70147817.10265252,4849773766157997,NPB,MLB,adaboost
MLB,Dillon Gee,2014,5300000,129304310.5538357,15377069035932130,NPB,MLB,adaboost
MLB,Jacob deGrom,2014,556875,146830927.58338475,21396098459166808,NPB,MLB,adaboost
MLB,Zack Wheeler,2014,546250,168416436.96481714,28180399671602660,NPB,MLB,adaboost
MLB,Rafael Montero,2014,511000,66654389.65842209,4374947995505858.5,NPB,MLB,adaboost
MLB,Nathan Eovaldi,2014,3300000,153156671.23824242,22457021914606672,NPB,MLB,adaboost
MLB,Iván Nova,2014,3300000,89430345.90610026,7418436485904482,NPB,MLB,adaboost
MLB,Michael Pineda,2014,2100000,108386385.4787072,11296795738128340,NPB,MLB,adaboost
MLB,Chase Whitley,2014,524525,73034970.0409637,5257764640038616,NPB,MLB,adaboost
MLB,Aaron Harang,2014,5000000,237172449.41497096,53904046267347250,NPB,MLB,adaboost
MLB,Kevin Correia,2014,650000,214190095.65428367,45599372452040624,NPB,MLB,adaboost
MLB,David Buchanan,2014,512500,83829224.10508327,6941676515602564,NPB,MLB,adaboost
MLB,Jonathan Pettibone,2014,510000,68035769.50085022,4559729546681953,NPB,MLB,adaboost
MLB,Sean O'Sullivan,2014,507500,80820429.50808519,6450166646170661,NPB,MLB,adaboost
MLB,Francisco Liriano,2014,13000000,208418813.79030716,38188512783210744,NPB,MLB,adaboost
MLB,A.J. Burnett,2014,8500000,203532976.37345138,38037861873087250,NPB,MLB,adaboost
MLB,Vance Worley,2014,2450000,97822479.89934616,9095909922151186,NPB,MLB,adaboost
MLB,Gerrit Cole,2014,531000,153395670.14957792,23367607379939256,NPB,MLB,adaboost
MLB,Jeff Locke,2014,531000,99873027.64966595,9868838457546994,NPB,MLB,adaboost
MLB,Brandon Cumpton,2014,520500,71207050.26026873,4996588387697498,NPB,MLB,adaboost
MLB,James Shields,2014,18750000,224175956.02771723,42199823409901616,NPB,MLB,adaboost
MLB,Ian Kennedy,2014,9850000,198678297.1705646,35656125812335052,NPB,MLB,adaboost
MLB,Tyson Ross,2014,5250000,177149656.6556709,29549491958337544,NPB,MLB,adaboost
MLB,Andrew Cashner,2014,4050000,107746137.94953264,10752889025648504,NPB,MLB,adaboost
MLB,Joe Wieland,2014,590000,67720316.96170644,4506479455379172,NPB,MLB,adaboost
MLB,Odrisamer Despaigne,2014,517300,94597722.41543877,8851125881867394,NPB,MLB,adaboost
MLB,Bud Norris,2014,507500,224088339.21123415,49988391662399736,NPB,MLB,adaboost
MLB,Robbie Erlin,2014,507500,75641084.85374133,5645055572974349,NPB,MLB,adaboost
MLB,Erasmo Ramírez,2014,522800,71281765.61151215,5006831214411160,NPB,MLB,adaboost
MLB,James Paxton,2014,519000,89316936.88562654,7885073595143714,NPB,MLB,adaboost
MLB,Taijuan Walker,2014,513100,80682101.23977794,6427068759783516,NPB,MLB,adaboost
MLB,Roenis Elías,2014,507500,141500409.67662245,19879000579080216,NPB,MLB,adaboost
MLB,Jake Peavy,2014,12000000,206364122.2207443,37777412006640430,NPB,MLB,adaboost
MLB,Ryan Vogelsong,2014,4000000,217836484.65553224,45726042169835670,NPB,MLB,adaboost
MLB,Kevin Correia,2014,850000,214190095.65428367,45513996413778904,NPB,MLB,adaboost
MLB,Lance Lynn,2014,7833333,186540251.03142685,31936162552291112,NPB,MLB,adaboost
MLB,Michael Wacha,2014,520000,82339133.20600788,6694370558582462,NPB,MLB,adaboost
MLB,Marco Gonzales,2014,507500,72641915.81330948,5203373944727432,NPB,MLB,adaboost
MLB,Alex Cobb,2014,4000000,147067044.23893416,20468179147265144,NPB,MLB,adaboost
MLB,Drew Smyly,2014,2650000,135274230.64324623,17589186553712974,NPB,MLB,adaboost
MLB,Jake Odorizzi,2014,522000,161117761.81661266,25790998713458184,NPB,MLB,adaboost
MLB,Alex Colomé,2014,510800,74505450.21412404,5475208260310567,NPB,MLB,adaboost
MLB,Nate Karns,2014,508800,99260546.65272784,9751907466964544,NPB,MLB,adaboost
MLB,Colby Lewis,2014,4000000,235340332.5929842,53518349484232544,NPB,MLB,adaboost
MLB,Nick Tepesch,2014,517760,77989449.15908651,6001862621162122,NPB,MLB,adaboost
MLB,Tanner Scheppers,2014,515200,79850056.01200327,6294019378445292,NPB,MLB,adaboost
MLB,Nick Martinez,2014,515000,140570237.90297002,19615469664057528,NPB,MLB,adaboost
MLB,Anthony Ranaudo,2014,508500,79386134.26114728,6221681186635315,NPB,MLB,adaboost
MLB,Lisalverto Bonilla,2014,508500,76417854.15161875,5762230047715879,NPB,MLB,adaboost
MLB,Wandy Rodríguez,2014,507500,186736390.7581542,34681199753012536,NPB,MLB,adaboost
MLB,Drew Hutchison,2014,520100,173220570.7472761,29825452596330768,NPB,MLB,adaboost
MLB,Liam Hendriks,2014,518400,71895923.37960063,5094750843805434,NPB,MLB,adaboost
MLB,Marcus Stroman,2014,514700,152041129.93401468,22960258968547860,NPB,MLB,adaboost
MLB,Félix Doubront,2014,507500,94298565.25553119,8796763921767310,NPB,MLB,adaboost
MLB,Max Scherzer,2014,30000000,252015556.68045896,49290907408134090,NPB,MLB,adaboost
MLB,Doug Fister,2014,11400000,251495510.00764948,57645853925833310,NPB,MLB,adaboost
MLB,Stephen Strasburg,2014,7400000,211854603.32559425,41801684821026096,NPB,MLB,adaboost
MLB,Tanner Roark,2014,529600,216554650.7793528,46666822564221960,NPB,MLB,adaboost
MLB,Taylor Jordan,2014,507500,91923277.56308848,8356844387464071,NPB,MLB,adaboost
MLB,Zack Greinke,2015,34416667,372225921.03585136,114115092112258350,NPB,MLB,adaboost
MLB,Shelby Miller,2015,4350000,146868815.5507367,20311612785984908,NPB,MLB,adaboost
MLB,Patrick Corbin,2015,2525000,91001473.94085124,7828086441006129,NPB,MLB,adaboost
MLB,Rubby De La Rosa,2015,2350000,185996328.42297396,33725973943238812,NPB,MLB,adaboost
MLB,Robbie Ray,2015,521000,88025013.15950462,7656952319018758,NPB,MLB,adaboost
MLB,Archie Bradley,2015,507500,67806468.806814,4529151202460524,NPB,MLB,adaboost
MLB,Zack Godley,2015,507500,76313089.32527924,5746487372952889,NPB,MLB,adaboost
MLB,Tyler Wagner,2015,507500,67720316.96170644,4517562763927854,NPB,MLB,adaboost
MLB,Rich Hill,2015,6000000,176576346.849132,29096290104395384,NPB,MLB,adaboost
MLB,Henderson Alvarez III,2015,4250000,73273804.85750209,4764285637006529,NPB,MLB,adaboost
MLB,Félix Doubront,2015,2000000,84416521.30681406,6792482984316536,NPB,MLB,adaboost
MLB,Sonny Gray,2015,527500,225525705.04143974,50624192271869760,NPB,MLB,adaboost
MLB,Kendall Graveman,2015,512500,87054118.63302964,7489451755624743,NPB,MLB,adaboost
MLB,Chris Bassitt,2015,510000,84674703.41641274,7083697301172719,NPB,MLB,adaboost
MLB,Jesse Hahn,2015,507500,91162561.74425533,8218340219854747,NPB,MLB,adaboost
MLB,Jhoulys Chacín,2015,1100000,90056376.36543636,7913236896069165,NPB,MLB,adaboost
MLB,Williams Pérez,2015,511250,73078735.21608247,5266039910586348,NPB,MLB,adaboost
MLB,Roberto Hernández,2015,507500,138124911.73089135,18938552011509672,NPB,MLB,adaboost
MLB,Mike Foltynewicz,2015,507500,83893167.55846465,6953169554170783,NPB,MLB,adaboost
MLB,Ryan Weber,2015,507500,84396878.10808347,7037427759360994,NPB,MLB,adaboost
MLB,Matt Wisler,2015,507500,89384233.63699622,7899073781981576,NPB,MLB,adaboost
MLB,Manny Bañuelos,2015,507500,72206830.72275935,5140794026091623,NPB,MLB,adaboost
MLB,Yovani Gallardo,2015,11000000,153424491.44884968,20284735764463456,NPB,MLB,adaboost
MLB,Chris Tillman,2015,6225000,139685483.8056114,17811700737627864,NPB,MLB,adaboost
MLB,Miguel González,2015,5100000,169951435.99886,27175995950886236,NPB,MLB,adaboost
MLB,Kevin Gausman,2015,532000,141595426.8046078,19898890381858944,NPB,MLB,adaboost
MLB,Tyler Wilson,2015,511500,70382247.78781249,4881921396428103,NPB,MLB,adaboost
MLB,Odrisamer Despaigne,2015,507500,109457078.02745013,11870010552359444,NPB,MLB,adaboost
MLB,David Price,2015,31000000,269751892.21983844,57002466038553350,NPB,MLB,adaboost
MLB,Rick Porcello,2015,20625000,155831384.35157806,18280766369426652,NPB,MLB,adaboost
MLB,Joe Kelly,2015,2600000,192285659.0024678,35980649231200496,NPB,MLB,adaboost
MLB,Roenis Elías,2015,558000,112855002.1125031,12610616683455524,NPB,MLB,adaboost
MLB,Eduardo Rodríguez,2015,521000,110901058.50629705,12183757315853560,NPB,MLB,adaboost
MLB,Steven Wright,2015,514500,99681156.1646008,9834025694868158,NPB,MLB,adaboost
MLB,Sean O'Sullivan,2015,507500,84941116.8199136,7129035649291996,NPB,MLB,adaboost
MLB,Henry Owens,2015,507500,72996930.79817982,5254717577444101,NPB,MLB,adaboost
MLB,John Lackey,2015,16000000,245693501.3098225,52759104543965430,NPB,MLB,adaboost
MLB,Jake Arrieta,2015,10700000,359455585.99536663,121630458762971570,NPB,MLB,adaboost
MLB,Kyle Hendricks,2015,541000,141229905.2196783,19793368051911628,NPB,MLB,adaboost
MLB,Aaron Brooks,2015,510000,65210502.890515886,4186155074285654.5,NPB,MLB,adaboost
MLB,Dallas Beeler,2015,508500,81510244.68895069,6561282642653951,NPB,MLB,adaboost
MLB,Carlos Rodón,2015,518000,124115804.48042585,15276417272381576,NPB,MLB,adaboost
MLB,Miguel González,2015,507500,169951435.99886,28711247446785764,NPB,MLB,adaboost
MLB,Chris Beck,2015,507500,67720316.96170644,4517562763927854,NPB,MLB,adaboost
MLB,Erik Johnson,2015,507500,80534275.05070631,6404284725016350,NPB,MLB,adaboost
MLB,Alfredo Simón,2015,2000000,224696270.4656436,49593628879307096,NPB,MLB,adaboost
MLB,Anthony DeSclafani,2015,540000,156483575.22494617,24318398653938444,NPB,MLB,adaboost
MLB,Michael Lorenzen,2015,516500,66537640.27124286,4358790962715125.5,NPB,MLB,adaboost
MLB,Jon Moscot,2015,508000,67848730.30833536,4534773958459957,NPB,MLB,adaboost
MLB,Josh A. Smith,2015,507500,85449463.92893873,7215137236105129,NPB,MLB,adaboost
MLB,John Lamb,2015,507500,79516594.32904385,6242436986695749,NPB,MLB,adaboost
MLB,Keyvius Sampson,2015,507500,76090197.94226034,5712744228230965,NPB,MLB,adaboost
MLB,Josh Tomlin,2015,1833333,210413289.2189866,43505598136314370,NPB,MLB,adaboost
MLB,Trevor Bauer,2015,1697500,155731661.0841125,23726522780886316,NPB,MLB,adaboost
MLB,Danny Salazar,2015,536200,252843304.9145479,63658875190360680,NPB,MLB,adaboost
MLB,Cody Anderson,2015,511400,73596672.30940625,5341457028540064,NPB,MLB,adaboost
MLB,Jordan Lyles,2015,2975000,81131993.69591068,6108515663582621,NPB,MLB,adaboost
MLB,Chad Bettis,2015,512500,113295101.11083235,12719915113325122,NPB,MLB,adaboost
MLB,Chris Rusin,2015,512500,108857966.47198923,11738740105032942,NPB,MLB,adaboost
MLB,Tyler Matzek,2015,509500,71317676.66044061,5013797881976166,NPB,MLB,adaboost
MLB,Jon Gray,2015,509500,85671085.49552037,7252495644110825,NPB,MLB,adaboost
MLB,Yohan Flande,2015,507500,87573493.30753636,7580487190627967,NPB,MLB,adaboost
MLB,Eddie Butler,2015,507500,71153352.26488324,4990836442231708,NPB,MLB,adaboost
MLB,David Hale,2015,507500,99737267.53696176,9846546765439470,NPB,MLB,adaboost
MLB,Jordan Zimmermann,2015,22000000,231062825.7443291,43707265108203710,NPB,MLB,adaboost
MLB,Mike Pelfrey,2015,8000000,156631020.96921325,22091180394350708,NPB,MLB,adaboost
MLB,Shane Greene,2015,517000,86631515.77634019,7415709827393543,NPB,MLB,adaboost
MLB,Daniel Norris,2015,514500,75491309.55015421,5621521970320095,NPB,MLB,adaboost
MLB,Matthew Boyd,2015,507500,76782774.33972748,5817917475600689,NPB,MLB,adaboost
MLB,Dallas Keuchel,2015,7250000,220308132.6282578,45393767879040296,NPB,MLB,adaboost
MLB,Doug Fister,2015,7000000,127577168.71511021,14538853615352152,NPB,MLB,adaboost
MLB,Collin McHugh,2015,529000,213415663.07346702,45320731314555864,NPB,MLB,adaboost
MLB,Dan Straily,2015,512100,81638658.03557962,6581518418700269,NPB,MLB,adaboost
MLB,Brad Peacock,2015,507500,90977848.12767251,8184883890342257,NPB,MLB,adaboost
MLB,Ian Kennedy,2015,14000000,203658948.59049577,35970516780452316,NPB,MLB,adaboost
MLB,Chris Young,2015,5750000,230233799.19026053,50392976098893216,NPB,MLB,adaboost
MLB,Danny Duffy,2015,4225000,113379893.84340937,11914790849965970,NPB,MLB,adaboost
MLB,Dillon Gee,2015,2000000,101695185.7060912,9939130052972010,NPB,MLB,adaboost
MLB,Garrett Richards,2015,6425000,183144385.56846502,31229741235695804,NPB,MLB,adaboost
MLB,Héctor Santiago,2015,5000000,142947901.72118887,19029623589278784,NPB,MLB,adaboost
MLB,Tim Lincecum,2015,2500000,109003273.87110007,11342947345262546,NPB,MLB,adaboost
MLB,Matt Shoemaker,2015,530000,156173664.92186725,24224950430310492,NPB,MLB,adaboost
MLB,Andrew Heaney,2015,515000,74269704.39306745,5439756420108763,NPB,MLB,adaboost
MLB,Nick Tropeano,2015,507500,83569470.7197286,6899290979845052,NPB,MLB,adaboost
MLB,Scott Kazmir,2015,16000000,169753932.48865977,23640271755727348,NPB,MLB,adaboost
MLB,Brett Anderson,2015,15800000,152038078.3285112,18560813986645556,NPB,MLB,adaboost
MLB,Brandon Beachy,2015,1500000,84639778.94159721,6912222842457651,NPB,MLB,adaboost
MLB,Joe Wieland,2015,590000,68600251.90393431,4625394364036601,NPB,MLB,adaboost
MLB,Alex Wood,2015,530000,146838368.16967437,21406138596472984,NPB,MLB,adaboost
MLB,Carlos Frías,2015,517500,74747590.17991565,5510106288118410,NPB,MLB,adaboost
MLB,Mike Bolsinger,2015,515000,112582679.82066001,12559164860385966,NPB,MLB,adaboost
MLB,Zach Lee,2015,507500,69528649.65074864,4763919099111039,NPB,MLB,adaboost
MLB,Wei-Yin Chen,2015,16000000,157101586.92445073,19909657832598324,NPB,MLB,adaboost
MLB,Tom Koehler,2015,3500000,157494270.09823593,23714235223088444,NPB,MLB,adaboost
MLB,José Fernández,2015,2800000,89396602.19941656,7498971512483998,NPB,MLB,adaboost
MLB,David Phelps,2015,2500000,112161441.44710079,12025631740255914,NPB,MLB,adaboost
MLB,Jarred Cosart,2015,550000,82877840.09743994,6777873255109640,NPB,MLB,adaboost
MLB,Adam Conley,2015,512500,73742217.70362945,5362591554953260,NPB,MLB,adaboost
MLB,Jeremy Guthrie,2015,507500,198350096.10831815,39141692834879104,NPB,MLB,adaboost
MLB,Justin Nicolino,2015,507500,78566210.42162195,6093162272686631,NPB,MLB,adaboost
MLB,Wily Peralta,2015,2800000,96448725.16239768,8770083724542297,NPB,MLB,adaboost
MLB,Jimmy Nelson,2015,522300,145478314.286024,21012246077689996,NPB,MLB,adaboost
MLB,Chase Anderson,2015,520200,111550758.64627181,12327784953303204,NPB,MLB,adaboost
MLB,Taylor Jungmann,2015,518500,103193838.40665145,10542225116920394,NPB,MLB,adaboost
MLB,Tyler Cravy,2015,510600,79830393.91042405,6291629705992145,NPB,MLB,adaboost
MLB,Ariel Peña,2015,510100,100360175.74678135,9970037626637974,NPB,MLB,adaboost
MLB,Zach Davies,2015,507500,78174333.83227593,6032137077530361,NPB,MLB,adaboost
MLB,Tommy Milone,2015,4500000,110376145.34100275,11209758152269138,NPB,MLB,adaboost
MLB,Kyle Gibson,2015,587500,153758778.96828863,23461440700781300,NPB,MLB,adaboost
MLB,Tyler Duffey,2015,507500,75804527.14590329,5669642297010897,NPB,MLB,adaboost
MLB,Bartolo Colon,2015,7250000,306418430.7272044,89501749943778080,NPB,MLB,adaboost
MLB,Matt Harvey,2015,4325000,212296310.82796738,43252066127503024,NPB,MLB,adaboost
MLB,Jacob deGrom,2015,607000,267777689.5655077,71380177362908890,NPB,MLB,adaboost
MLB,Noah Syndergaard,2015,535375,151948291.98214892,22925871429043120,NPB,MLB,adaboost
MLB,Steven Matz,2015,515750,80166117.00670706,6344180964303128,NPB,MLB,adaboost
MLB,Nathan Eovaldi,2015,5600000,155757979.96031475,22547418945762288,NPB,MLB,adaboost
MLB,Michael Pineda,2015,4300000,177514094.2374218,30003122442490444,NPB,MLB,adaboost
MLB,Iván Nova,2015,4100000,119249464.68198606,13259399216547956,NPB,MLB,adaboost
MLB,Luis Severino,2015,521300,80339402.48526385,6370929484348084,NPB,MLB,adaboost
MLB,Jeremy Hellickson,2015,7000000,132137342.88951467,15659354585447968,NPB,MLB,adaboost
MLB,Brett Oberholtzer,2015,518000,72283763.44777605,5150324803242149,NPB,MLB,adaboost
MLB,Aaron Nola,2015,517500,83440423.19180004,6876211190673169,NPB,MLB,adaboost
MLB,Jerad Eickhoff,2015,516000,101787780.22491606,10255973469923698,NPB,MLB,adaboost
MLB,Alec Asher,2015,507500,75934409.83492114,5689218727245323,NPB,MLB,adaboost
MLB,Severino González,2015,507500,87745173.26574166,7610411636820297,NPB,MLB,adaboost
MLB,Adam Morgan,2015,507500,84980014.34426287,7135605679641696,NPB,MLB,adaboost
MLB,Jeff Locke,2015,3025000,121514988.39069207,14039877348826342,NPB,MLB,adaboost
MLB,Ryan Vogelsong,2015,2000000,189402741.04284903,35119787350373132,NPB,MLB,adaboost
MLB,Gerrit Cole,2015,548000,228475827.87179676,51951094718355410,NPB,MLB,adaboost
MLB,Kyle Lobstein,2015,520000,66412429.22129549,4341812228683436,NPB,MLB,adaboost
MLB,Tyson Ross,2015,9625000,209900573.42541957,40110305310880624,NPB,MLB,adaboost
MLB,Andrew Cashner,2015,7150000,150926734.76077473,20671749458470168,NPB,MLB,adaboost
MLB,Jeremy Guthrie,2015,1250000,198350096.10831815,38848447885908250,NPB,MLB,adaboost
MLB,Robbie Erlin,2015,516400,87933657.72392067,7641776947970369,NPB,MLB,adaboost
MLB,Colin Rea,2015,510200,79723658.39760818,6274771991309601,NPB,MLB,adaboost
MLB,Brandon Morrow,2015,507500,109527665.67151543,11885396523044672,NPB,MLB,adaboost
MLB,Casey Kelly,2015,507500,65210502.890515886,4186478583050107,NPB,MLB,adaboost
MLB,Hisashi Iwakuma,2015,12000000,252340639.1417639,57763622823071570,NPB,MLB,adaboost
MLB,Taijuan Walker,2015,528600,155605570.93078044,24048866913066120,NPB,MLB,adaboost
MLB,Nate Karns,2015,523700,137694508.9550551,18815830829384220,NPB,MLB,adaboost
MLB,Mike Montgomery,2015,515000,110162390.0609101,12022550147169368,NPB,MLB,adaboost
MLB,Donn Roach,2015,507500,68915704.44307809,4679682435125968,NPB,MLB,adaboost
MLB,James Paxton,2015,507500,88908869.03842205,7814802047867284,NPB,MLB,adaboost
MLB,Johnny Cueto,2015,21666667,204523534.55487022,33436634011979348,NPB,MLB,adaboost
MLB,Jeff Samardzija,2015,18000000,162253451.4653615,20809058259669408,NPB,MLB,adaboost
MLB,Chris Heston,2015,530000,136406797.0844025,18462503985915892,NPB,MLB,adaboost
MLB,Mike Leake,2015,16000000,156828970.0767859,19832798812888256,NPB,MLB,adaboost
MLB,Carlos Martínez,2015,539000,181672746.24827167,32809434029933272,NPB,MLB,adaboost
MLB,Michael Wacha,2015,539000,200712487.66221637,40069425162855490,NPB,MLB,adaboost
MLB,Jerome Williams,2015,507500,157834161.53121778,24751678428558360,NPB,MLB,adaboost
MLB,Drew Smyly,2015,3750000,110497686.14594515,11395068497513210,NPB,MLB,adaboost
MLB,Erasmo Ramírez,2015,2375000,134826393.6126874,17543371669943050,NPB,MLB,adaboost
MLB,Chase Whitley,2015,524525,87504383.78586203,7565495834408500,NPB,MLB,adaboost
MLB,Jake Odorizzi,2015,520700,133647361.02509004,17722707875689228,NPB,MLB,adaboost
MLB,Colby Lewis,2015,6000000,253214504.502472,61115011236402750,NPB,MLB,adaboost
MLB,Nick Martinez,2015,519190,79439358.75651687,6228393036557102,NPB,MLB,adaboost
MLB,Anthony Ranaudo,2015,509500,72958352.3183583,5248836202247291,NPB,MLB,adaboost
MLB,Chi Chi González,2015,509500,79577959.61421227,6251821305764317,NPB,MLB,adaboost
MLB,Kyle Lohse,2015,507500,232605272.40941343,53869375957411870,NPB,MLB,adaboost
MLB,J.A. Happ,2015,12000000,204448919.51391065,37036586622071656,NPB,MLB,adaboost
MLB,Marco Estrada,2015,13000000,205778006.00870526,37163359600692400,NPB,MLB,adaboost
MLB,Jesse Chavez,2015,4000000,156317370.87727815,23200581470966300,NPB,MLB,adaboost
MLB,Drew Hutchison,2015,2200000,176066225.95452788,30229464527670944,NPB,MLB,adaboost
MLB,Marcus Stroman,2015,515900,95651833.09325883,9050845765525020,NPB,MLB,adaboost
MLB,Stephen Strasburg,2015,10400000,178849031.30637383,28375076148055712,NPB,MLB,adaboost
MLB,Joe Ross,2015,514400,85380708.60760298,7202290336680908,NPB,MLB,adaboost
MLB,Mat Latos,2015,507500,152983846.4152054,23249036216129716,NPB,MLB,adaboost
MLB,Shelby Miller,2016,4700000,76475380.1860579,5151705200853152,NPB,MLB,adaboost
MLB,Patrick Corbin,2016,3950000,222412019.05169135,47725653768141550,NPB,MLB,adaboost
MLB,Taijuan Walker,2016,2250000,147397116.28252158,21067685365131840,NPB,MLB,adaboost
MLB,Jorge De La Rosa,2016,2250000,256099398.8302174,64439517286462776,NPB,MLB,adaboost
MLB,Robbie Ray,2016,570400,150938192.27464953,22610472953552152,NPB,MLB,adaboost
MLB,Archie Bradley,2016,544100,124006783.08397469,15243034114293970,NPB,MLB,adaboost
MLB,Braden Shipley,2016,535000,83777315.6169434,6929283109270820,NPB,MLB,adaboost
MLB,Jake Buchanan,2016,535000,101217226.36601405,10136910706017294,NPB,MLB,adaboost
MLB,Sonny Gray,2016,3575000,114026308.71519928,12199491596900256,NPB,MLB,adaboost
MLB,Kendall Graveman,2016,545000,151652997.0826769,22833626782338288,NPB,MLB,adaboost
MLB,Chris Bassitt,2016,540000,87236102.1404668,7516214126350251,NPB,MLB,adaboost
MLB,Daniel Mengden,2016,537500,81203268.56039092,6506966217438552,NPB,MLB,adaboost
MLB,Sean Manaea,2016,537500,118382636.9286626,13887476297735238,NPB,MLB,adaboost
MLB,Jharel Cotton,2016,535000,94656749.54044631,8858903736554505,NPB,MLB,adaboost
MLB,Raúl Alcantara,2016,535000,85469700.77125056,7213903395101871,NPB,MLB,adaboost
MLB,Jesse Hahn,2016,535000,75750556.13130194,5657379884141033,NPB,MLB,adaboost
MLB,R.A. Dickey,2016,8000000,268147322.23585314,67676629266484810,NPB,MLB,adaboost
MLB,John Danks,2016,1500000,111189820.45170277,12031856710726792,NPB,MLB,adaboost
MLB,Kris Medlen,2016,1000000,101329638.13414636,10066036288128756,NPB,MLB,adaboost
MLB,Mike Foltynewicz,2016,544000,110645866.0658665,12122420911186006,NPB,MLB,adaboost
MLB,Matt Wisler,2016,535000,110338132.51909599,12056727911006154,NPB,MLB,adaboost
MLB,Aaron Blair,2016,535000,71739452.78503934,5070074096416896,NPB,MLB,adaboost
MLB,Chris Tillman,2016,10050000,231505939.0165714,49042732925711390,NPB,MLB,adaboost
MLB,Kevin Gausman,2016,3450000,153618085.23203376,22550453822255356,NPB,MLB,adaboost
MLB,Tyler Wilson,2016,545000,89339731.3982435,7884504324086210,NPB,MLB,adaboost
MLB,Alec Asher,2016,535000,95055622.137318,8934148009225650,NPB,MLB,adaboost
MLB,Drew Pomeranz,2016,4450000,188857892.7670774,34006270914793912,NPB,MLB,adaboost
MLB,Steven Wright,2016,593500,289505993.60048944,83470428958452850,NPB,MLB,adaboost
MLB,Eduardo Rodríguez,2016,584500,76561749.81393628,5772542489289280,NPB,MLB,adaboost
MLB,Jake Arrieta,2016,15637500,303186752.439778,82684572578675150,NPB,MLB,adaboost
MLB,Kyle Hendricks,2016,760500,256273239.80343845,65286760201859640,NPB,MLB,adaboost
MLB,Eddie Butler,2016,535000,73367198.68028882,5304529164605065,NPB,MLB,adaboost
MLB,Miguel González,2016,5900000,232753144.35354242,51462349103089150,NPB,MLB,adaboost
MLB,Carlos Rodón,2016,600000,143679597.8376582,20471771317386004,NPB,MLB,adaboost
MLB,Lucas Giolito,2016,535000,64015115.40914423,4029725052358270.5,NPB,MLB,adaboost
MLB,Mike Pelfrey,2016,535000,179214707.3540329,31926437820122840,NPB,MLB,adaboost
MLB,Reynaldo López,2016,535000,75884984.1603607,5677620112966607,NPB,MLB,adaboost
MLB,Anthony DeSclafani,2016,585000,124345216.64337839,15316591223615954,NPB,MLB,adaboost
MLB,Brandon Finnegan,2016,567000,148541679.05827436,21896505642399300,NPB,MLB,adaboost
MLB,Cody Reed,2016,537000,73531987.09254304,5328268140640524,NPB,MLB,adaboost
MLB,Robert Stephenson,2016,535000,69964512.39185137,4820457190970242,NPB,MLB,adaboost
MLB,Tim Adleman,2016,535000,113222810.15305924,12698542557091922,NPB,MLB,adaboost
MLB,Trevor Bauer,2016,3550000,149023438.27230346,21162521242765684,NPB,MLB,adaboost
MLB,Danny Salazar,2016,3400000,208913945.55717915,42235981818479200,NPB,MLB,adaboost
MLB,Mike Clevinger,2016,535000,74873119.85249603,5526156063204064,NPB,MLB,adaboost
MLB,Tyler Chatwood,2016,4400000,135308031.9865881,17136912838601570,NPB,MLB,adaboost
MLB,Chad Bettis,2016,545000,188365184.19630393,35276421591533536,NPB,MLB,adaboost
MLB,Jon Gray,2016,540000,172572770.6891924,29595274191000260,NPB,MLB,adaboost
MLB,Tyler Anderson,2016,540000,100750766.84635963,10042197791935450,NPB,MLB,adaboost
MLB,Germán Márquez,2016,537000,75309129.17393857,5590871301204156,NPB,MLB,adaboost
MLB,Jeff Hoffman,2016,535000,73696530.30327629,5352609516317214,NPB,MLB,adaboost
MLB,Michael Fulmer,2016,551900,141555605.4903219,19882044962001436,NPB,MLB,adaboost
MLB,Daniel Norris,2016,545500,82800563.10141492,6765895405817750,NPB,MLB,adaboost
MLB,Matthew Boyd,2016,544200,80906128.5946815,6458039567456688,NPB,MLB,adaboost
MLB,Charlie Morton,2016,7000000,117959905.5406248,12312100637584378,NPB,MLB,adaboost
MLB,Dallas Keuchel,2016,9150000,139266095.54108816,16930198318857584,NPB,MLB,adaboost
MLB,Collin McHugh,2016,3850000,177123832.57707232,30023821055947288,NPB,MLB,adaboost
MLB,Joe Musgrove,2016,543400,79177084.63928558,6183256359950617,NPB,MLB,adaboost
MLB,Brad Peacock,2016,541500,116400121.14651449,13423220093971574,NPB,MLB,adaboost
MLB,Danny Duffy,2016,13000000,198439690.6779921,34387878878749392,NPB,MLB,adaboost
MLB,Jason Hammel,2016,8000000,255463337.7872322,61238103548797776,NPB,MLB,adaboost
MLB,Nate Karns,2016,571000,105299950.30737711,10968153032485066,NPB,MLB,adaboost
MLB,Garrett Richards,2016,6850000,94358486.62283346,7657735231018623,NPB,MLB,adaboost
MLB,Matt Shoemaker,2016,3325000,139970582.57845616,18672015238205684,NPB,MLB,adaboost
MLB,Bud Norris,2016,1750000,144497374.86389706,20376813030533948,NPB,MLB,adaboost
MLB,Doug Fister,2016,1750000,195082281.63530406,37377371122312530,NPB,MLB,adaboost
MLB,Tyler Skaggs,2016,555000,81679632.9820224,6581206076467837,NPB,MLB,adaboost
MLB,Andrew Heaney,2016,543000,91228593.88352264,8223876938007200,NPB,MLB,adaboost
MLB,Nick Tropeano,2016,542500,93015867.4462807,8551323686854848,NPB,MLB,adaboost
MLB,Alex Meyer,2016,535000,105853336.41363236,11091951984935040,NPB,MLB,adaboost
MLB,Daniel Wright,2016,535000,74035276.35773098,5402290624662828,NPB,MLB,adaboost
MLB,Rich Hill,2016,16000000,339105897.4224673,104397420949177950,NPB,MLB,adaboost
MLB,Alex Wood,2016,2800000,85195542.6815485,6789025453786882,NPB,MLB,adaboost
MLB,Ross Stripling,2016,540000,92627329.48303562,8480076251317162,NPB,MLB,adaboost
MLB,Julio Urías,2016,540000,81721788.30112691,6590482751768986,NPB,MLB,adaboost
MLB,Brock Stewart,2016,537500,87366578.25279394,7539288830229813,NPB,MLB,adaboost
MLB,Edinson Vólquez,2016,11000000,205533947.1330925,37843456587180824,NPB,MLB,adaboost
MLB,Tom Koehler,2016,5750000,153430342.64093128,21809483602542864,NPB,MLB,adaboost
MLB,Jeff Locke,2016,3000000,116330543.46806471,12843812082766904,NPB,MLB,adaboost
MLB,Dan Straily,2016,552100,211146386.01310167,44349953301368070,NPB,MLB,adaboost
MLB,Adam Conley,2016,537500,103392541.07899678,10579159475362114,NPB,MLB,adaboost
MLB,Justin Nicolino,2016,535000,77017673.55964696,5849599354831521,NPB,MLB,adaboost
MLB,Wily Peralta,2016,4275000,103328186.23655906,9811533703614454,NPB,MLB,adaboost
MLB,Chase Anderson,2016,2450000,113103546.94543393,12244207451605350,NPB,MLB,adaboost
MLB,Tommy Milone,2016,1250000,106967593.52579156,11176209580884484,NPB,MLB,adaboost
MLB,Jimmy Nelson,2016,547000,126091101.33097185,15761321379001328,NPB,MLB,adaboost
MLB,Junior Guerra,2016,546200,167596228.9796207,27905712182092116,NPB,MLB,adaboost
MLB,Zach Davies,2016,546200,163778294.0064674,26644716513736212,NPB,MLB,adaboost
MLB,Taylor Jungmann,2016,537600,77097920.1774557,5861482625674529,NPB,MLB,adaboost
MLB,Héctor Santiago,2016,8000000,152896265.34784403,20994927711752828,NPB,MLB,adaboost
MLB,Kyle Gibson,2016,2900000,112175440.37470323,11941121869085320,NPB,MLB,adaboost
MLB,Nick Tepesch,2016,1000000,84525631.0606474,6976531044079385,NPB,MLB,adaboost
MLB,Tyler Duffey,2016,542500,106732813.50483935,11276382682256066,NPB,MLB,adaboost
MLB,Tim Melville,2016,535000,83912391.4577266,6951789406294980,NPB,MLB,adaboost
MLB,Bartolo Colon,2016,535000,307663392.81369716,94327849672324670,NPB,MLB,adaboost
MLB,José Berríos,2016,535000,73311395.84992059,5296403792904338,NPB,MLB,adaboost
MLB,Matt Harvey,2016,5125000,103157790.58533035,9610428029947236,NPB,MLB,adaboost
MLB,Jacob deGrom,2016,4050000,141718135.8645566,18952515632422020,NPB,MLB,adaboost
MLB,Noah Syndergaard,2016,605500,228726129.06249762,52039021403869630,NPB,MLB,adaboost
MLB,Steven Matz,2016,562250,127199504.78781737,16036994300194574,NPB,MLB,adaboost
MLB,Robert Gsellman,2016,541750,73694525.0314263,5351328494798466,NPB,MLB,adaboost
MLB,Michael Pineda,2016,7400000,167777873.33322287,25721062254887280,NPB,MLB,adaboost
MLB,Luis Severino,2016,550975,71206771.2430401,4992241542737999,NPB,MLB,adaboost
MLB,Bryan Mitchell,2016,550625,70001438.84545086,4823415543795469,NPB,MLB,adaboost
MLB,Chad Green,2016,535000,85269645.81231602,7179960200938644,NPB,MLB,adaboost
MLB,Luis Cessa,2016,535000,82447844.41423523,6709714080030708,NPB,MLB,adaboost
MLB,Jeremy Hellickson,2016,17200000,246662041.31010354,52652828402199664,NPB,MLB,adaboost
MLB,Jerad Eickhoff,2016,552000,176464344.83936277,30945153066882880,NPB,MLB,adaboost
MLB,Vince Velasquez,2016,547000,115326453.6952319,13174322990575884,NPB,MLB,adaboost
MLB,Aaron Nola,2016,544000,101883690.3134591,10269732832827796,NPB,MLB,adaboost
MLB,Adam Morgan,2016,539000,96507831.92941374,9210016701896062,NPB,MLB,adaboost
MLB,Zach Eflin,2016,537000,83866220.9977259,6943759072087844,NPB,MLB,adaboost
MLB,Jake Thompson,2016,535000,82879961.58547503,6780692698513358,NPB,MLB,adaboost
MLB,Iván Nova,2016,8666667,223247840.0612603,46045079832346550,NPB,MLB,adaboost
MLB,Gerrit Cole,2016,3750000,93278143.73319387,8015288520311422,NPB,MLB,adaboost
MLB,Jameson Taillon,2016,555500,101751965.35936588,10240724601229338,NPB,MLB,adaboost
MLB,Chad Kuhl,2016,550000,74118468.71571063,5412319589174493,NPB,MLB,adaboost
MLB,Tyler Glasnow,2016,541000,79397308.37969722,6218317371273906,NPB,MLB,adaboost
MLB,Steven Brault,2016,535000,70092925.7384803,4838305033039940,NPB,MLB,adaboost
MLB,Christian Friedrich,2016,1790000,105070918.61225954,10666948149392178,NPB,MLB,adaboost
MLB,Jhoulys Chacín,2016,1750000,126570907.28988951,15580258896671194,NPB,MLB,adaboost
MLB,Jarred Cosart,2016,566300,77084292.6311601,5855003196302271,NPB,MLB,adaboost
MLB,Colin Rea,2016,545800,70153664.05492134,4845254738288411,NPB,MLB,adaboost
MLB,Robbie Erlin,2016,545500,108249406.67059995,11600131512109304,NPB,MLB,adaboost
MLB,Luis Perdomo,2016,544300,119268736.23779607,14095491759982504,NPB,MLB,adaboost
MLB,Jake Esch,2016,535000,79480614.45054226,6232410040973666,NPB,MLB,adaboost
MLB,Drew Smyly,2016,6850000,134945966.42287394,16408576613810048,NPB,MLB,adaboost
MLB,James Paxton,2016,2350000,112507424.06776772,12134658077246012,NPB,MLB,adaboost
MLB,Aríel Miranda,2016,540500,108507642.43218604,11656903844971946,NPB,MLB,adaboost
MLB,Rob Whalen,2016,537500,85748799.29221125,7260965527066801,NPB,MLB,adaboost
MLB,Dillon Overton,2016,536600,64707691.80661137,4117929023652544.5,NPB,MLB,adaboost
MLB,Ty Blach,2016,536500,81346747.27935897,6530296065351144,NPB,MLB,adaboost
MLB,Albert Suárez,2016,535000,90963338.22497949,8177284354131287,NPB,MLB,adaboost
MLB,Carlos Martínez,2016,10200000,176191991.39549354,27553341207441600,NPB,MLB,adaboost
MLB,Michael Wacha,2016,2775000,131433075.77392443,16552900461848880,NPB,MLB,adaboost
MLB,Luke Weaver,2016,535000,103579049.92239162,10618076224408338,NPB,MLB,adaboost
MLB,Alex Cobb,2016,4200000,122979555.37826401,14108582775858086,NPB,MLB,adaboost
MLB,Jake Odorizzi,2016,4100000,162278587.18034726,25020465442370720,NPB,MLB,adaboost
MLB,Nathan Eovaldi,2016,2000000,112538704.20953384,12218805128322814,NPB,MLB,adaboost
MLB,Blake Snell,2016,545000,92426011.69285871,8442120309703239,NPB,MLB,adaboost
MLB,José De León,2016,535600,70193813.08588758,4852266650318920,NPB,MLB,adaboost
MLB,Matt Andriese,2016,535000,119123113.60625009,14063140688688878,NPB,MLB,adaboost
MLB,Andrew Cashner,2016,10000000,114695651.0083209,10961179340056124,NPB,MLB,adaboost
MLB,A.J. Griffin,2016,2000000,144314195.9512454,20253330369249472,NPB,MLB,adaboost
MLB,Chi Chi González,2016,537000,67720316.96170644,4513598077977113,NPB,MLB,adaboost
MLB,Marcus Stroman,2016,3400000,212823623.35962617,43858254021074560,NPB,MLB,adaboost
MLB,Mat Latos,2016,1500000,91182699.37058075,8042986566393964,NPB,MLB,adaboost
MLB,Mike Bolsinger,2016,545700,117911069.06884114,13774629856665294,NPB,MLB,adaboost
MLB,Brett Anderson,2016,535000,123793380.06061073,15192628255165960,NPB,MLB,adaboost
MLB,Lucas Harrell,2016,535000,104042850.78301083,10713875173718034,NPB,MLB,adaboost
MLB,Aaron Sanchez,2016,535000,205612220.7684507,42056666478111870,NPB,MLB,adaboost
MLB,Stephen Strasburg,2016,25000000,300606970.52621514,75959202202638020,NPB,MLB,adaboost
MLB,Tanner Roark,2016,4315000,198773130.76949432,37813964622365750,NPB,MLB,adaboost
MLB,Edwin Jackson,2016,1000000,127188661.18288973,15923578211130142,NPB,MLB,adaboost
MLB,Joe Ross,2016,551000,80169869.53800647,6339164386510095,NPB,MLB,adaboost
MLB,A.J. Cole,2016,535000,84398311.90063274,7033055082942809,NPB,MLB,adaboost
MLB,Patrick Corbin,2017,7500000,169757048.77527478,26327349877261900,NPB,MLB,adaboost
MLB,Shelby Miller,2017,4900000,87509751.15646078,6824370986132373,NPB,MLB,adaboost
MLB,Taijuan Walker,2017,4825000,129872238.54833789,15636811868564922,NPB,MLB,adaboost
MLB,Robbie Ray,2017,3950000,243861389.43470898,57557474780492590,NPB,MLB,adaboost
MLB,Clay Buchholz,2017,1500000,134360295.93192184,17651858235117846,NPB,MLB,adaboost
MLB,Zack Godley,2017,579200,175709418.59588537,30670593465442592,NPB,MLB,adaboost
MLB,Brett Anderson,2017,4000000,86605417.33534572,6823654973146634,NPB,MLB,adaboost
MLB,Kendall Graveman,2017,2360000,92015366.2774555,8038084702344704,NPB,MLB,adaboost
MLB,Trevor Cahill,2017,1500000,118891473.89858413,13780758144081958,NPB,MLB,adaboost
MLB,Edwin Jackson,2017,1500000,130353968.09669906,16603345094265138,NPB,MLB,adaboost
MLB,Jharel Cotton,2017,550000,163183058.53600338,26449511728775104,NPB,MLB,adaboost
MLB,Sean Manaea,2017,550000,148390325.3476012,21856761798884576,NPB,MLB,adaboost
MLB,Andrew Triggs,2017,550000,114659701.04627436,13021023872870108,NPB,MLB,adaboost
MLB,Paul Blackburn,2017,547500,73293666.24325438,5292004703091203,NPB,MLB,adaboost
MLB,Daniel Gossett,2017,547500,120760430.18867825,14451148584548030,NPB,MLB,adaboost
MLB,Daniel Mengden,2017,547500,99592190.80743276,9809850777139954,NPB,MLB,adaboost
MLB,Mike Foltynewicz,2017,2200000,149672151.9703919,21748035606778364,NPB,MLB,adaboost
MLB,Aníbal Sánchez,2017,1000000,143738011.65152174,20374139970229956,NPB,MLB,adaboost
MLB,Luiz Gohara,2017,555000,96734502.36993647,9250496676128614,NPB,MLB,adaboost
MLB,Sean Newcomb,2017,555000,85768261.08838011,7261299865316436,NPB,MLB,adaboost
MLB,Lucas Sims,2017,545000,86520580.57352132,7391800454954056,NPB,MLB,adaboost
MLB,Alex Cobb,2017,14250000,147877754.23338965,17856376701459184,NPB,MLB,adaboost
MLB,Andrew Cashner,2017,8000000,150790358.81531373,20389086570606044,NPB,MLB,adaboost
MLB,Kevin Gausman,2017,5600000,162506021.4809492,24619499576980088,NPB,MLB,adaboost
MLB,Dylan Bundy,2017,1640000,155484464.25312278,23668119181330372,NPB,MLB,adaboost
MLB,Drew Pomeranz,2017,8500000,223533655.05904543,46239472808052536,NPB,MLB,adaboost
MLB,Eduardo Rodríguez,2017,2375000,147985343.222693,21202372053430456,NPB,MLB,adaboost
MLB,Steven Wright,2017,1100000,170270644.19365555,28618706856896404,NPB,MLB,adaboost
MLB,Brian Johnson,2017,548000,101152411.94218239,10121247702232332,NPB,MLB,adaboost
MLB,Yu Darvish,2017,21000000,248953968.3372846,51963011680715744,NPB,MLB,adaboost
MLB,Tyler Chatwood,2017,12666667,185630332.33471403,29916429526018956,NPB,MLB,adaboost
MLB,Kyle Hendricks,2017,4175000,157341111.20733356,23459857622377272,NPB,MLB,adaboost
MLB,Eddie Butler,2017,570750,76415061.73390895,5752359622390359,NPB,MLB,adaboost
MLB,Jaime García,2017,545000,209936175.3430946,43844664311562584,NPB,MLB,adaboost
MLB,Jen-Ho Tseng,2017,545000,87326329.69931017,7530999184380373,NPB,MLB,adaboost
MLB,Miguel González,2017,4750000,216250134.68589237,44732306972150616,NPB,MLB,adaboost
MLB,Carlos Rodón,2017,2300000,84840811.37037706,6812985541680168,NPB,MLB,adaboost
MLB,Héctor Santiago,2017,2000000,100705651.68774977,9742805675103380,NPB,MLB,adaboost
MLB,Lucas Giolito,2017,555000,90055197.95520605,8010285434021069,NPB,MLB,adaboost
MLB,Reynaldo López,2017,555000,80457577.13430643,6384421832703789,NPB,MLB,adaboost
MLB,Carson Fulmer,2017,552000,143645205.13051933,20475665354524884,NPB,MLB,adaboost
MLB,Dylan Covey,2017,545000,65345637.70485313,4199122646955633.5,NPB,MLB,adaboost
MLB,Tyler Danish,2017,545000,82156016.25565493,6660357974280773,NPB,MLB,adaboost
MLB,Vance Worley,2017,1500000,85752494.64364064,7098482853676694,NPB,MLB,adaboost
MLB,Brandon Finnegan,2017,577500,96024346.85746324,9110100575032040,NPB,MLB,adaboost
MLB,Luis Castillo,2017,555000,117017352.73490475,13563479604549376,NPB,MLB,adaboost
MLB,Rookie Davis,2017,545000,74236460.9611678,5430431418591318,NPB,MLB,adaboost
MLB,Jackson Stephens,2017,545000,94913825.34256928,8905475196536345,NPB,MLB,adaboost
MLB,Amir Garrett,2017,545000,77179578.08108047,5872858557665219,NPB,MLB,adaboost
MLB,Sal Romano,2017,545000,82113245.02504134,6653378596465182,NPB,MLB,adaboost
MLB,Tyler Mahle,2017,545000,69121503.903223,4702736887588758,NPB,MLB,adaboost
MLB,Trevor Bauer,2017,6525000,242525655.24284616,55696309275052730,NPB,MLB,adaboost
MLB,Danny Salazar,2017,5000000,109464971.76179335,10912930325192282,NPB,MLB,adaboost
MLB,Adam Wilk,2017,560000,95236229.89636463,8963588507389288,NPB,MLB,adaboost
MLB,Mike Clevinger,2017,558500,204896604.07299387,41754060776145670,NPB,MLB,adaboost
MLB,Ryan Merritt,2017,545800,75577474.43645553,5629752168738255,NPB,MLB,adaboost
MLB,Chad Bettis,2017,2000000,101280142.65030557,9856546724665022,NPB,MLB,adaboost
MLB,Jon Gray,2017,555000,138529857.3868704,19037061270927228,NPB,MLB,adaboost
MLB,Tyler Anderson,2017,555000,97845376.38483606,9465417337103066,NPB,MLB,adaboost
MLB,Kyle Freeland,2017,550000,151382384.88562143,22750408330284240,NPB,MLB,adaboost
MLB,Germán Márquez,2017,550000,149847262.80434605,22289672680869972,NPB,MLB,adaboost
MLB,Antonio Senzatela,2017,545000,135921917.80303103,18326909873848620,NPB,MLB,adaboost
MLB,Jeff Hoffman,2017,545000,71440054.44558465,5026108744842413,NPB,MLB,adaboost
MLB,Michael Fulmer,2017,575200,129636924.74221997,16656928793436554,NPB,MLB,adaboost
MLB,Matthew Boyd,2017,562000,210578866.30298764,44107084131726984,NPB,MLB,adaboost
MLB,Daniel Norris,2017,561400,67628536.5170124,4498000800591578.5,NPB,MLB,adaboost
MLB,Buck Farmer,2017,554800,98039763.08836675,9503318028340228,NPB,MLB,adaboost
MLB,Dallas Keuchel,2017,13200000,219602863.45494115,42602142042399080,NPB,MLB,adaboost
MLB,Collin McHugh,2017,5000000,136738038.92665625,17354910900241196,NPB,MLB,adaboost
MLB,Brad Peacock,2017,2440000,303770303.97640216,90799952094510930,NPB,MLB,adaboost
MLB,David Paulino,2017,545000,89173067.18987028,7854934293812161,NPB,MLB,adaboost
MLB,Nate Karns,2017,1375000,126256960.53916217,15595504068104858,NPB,MLB,adaboost
MLB,Jesse Hahn,2017,574000,88097214.86693683,7660313140643993,NPB,MLB,adaboost
MLB,Eric Skoglund,2017,545000,64015115.40914423,4028455550050088,NPB,MLB,adaboost
MLB,Sam Gaviglio,2017,545000,89740342.58138768,7955809138211111,NPB,MLB,adaboost
MLB,Garrett Richards,2017,7300000,143137329.60971197,18451780115497532,NPB,MLB,adaboost
MLB,Matt Shoemaker,2017,4125000,122768430.7957714,14076263670990998,NPB,MLB,adaboost
MLB,JC Ramírez,2017,1900000,137025031.39011875,18258774108180576,NPB,MLB,adaboost
MLB,Tyler Skaggs,2017,1875000,84052430.12329803,6753130021669531,NPB,MLB,adaboost
MLB,Andrew Heaney,2017,800000,111929724.09435429,12349815577287308,NPB,MLB,adaboost
MLB,Alex Meyer,2017,551500,140578504.72900867,19607562053377816,NPB,MLB,adaboost
MLB,Parker Bridwell,2017,545000,108881788.6045886,11736859765155318,NPB,MLB,adaboost
MLB,Alex Wood,2017,6000000,296211001.2128114,84222425224942430,NPB,MLB,adaboost
MLB,Julio Urías,2017,550000,73479604.31764698,5318727185928553,NPB,MLB,adaboost
MLB,Dan Straily,2017,3370000,170118080.6043354,27804922385229936,NPB,MLB,adaboost
MLB,José Ureña,2017,575000,172677147.54226887,29619149188660884,NPB,MLB,adaboost
MLB,Adam Conley,2017,545000,96823545.53562464,9269558330455346,NPB,MLB,adaboost
MLB,Dillon Peters,2017,545000,75637647.90268435,5638905769036524,NPB,MLB,adaboost
MLB,Jhoulys Chacín,2017,7750000,162070570.69527075,23814838539714056,NPB,MLB,adaboost
MLB,Chase Anderson,2017,5875000,199940089.84159142,37661259095224950,NPB,MLB,adaboost
MLB,Jimmy Nelson,2017,3700000,208276909.97804874,41851712096166656,NPB,MLB,adaboost
MLB,Wade Miley,2017,2500000,174361796.90685254,29536477236052232,NPB,MLB,adaboost
MLB,Yovani Gallardo,2017,2000000,122717087.43081045,14572615197777934,NPB,MLB,adaboost
MLB,Zach Davies,2017,572000,183766913.61163968,33560376373176124,NPB,MLB,adaboost
MLB,Brent Suter,2017,556500,83367115.01696691,6857597959488305,NPB,MLB,adaboost
MLB,Brandon Woodruff,2017,550100,72020892.64836675,5108074201785835,NPB,MLB,adaboost
MLB,Junior Guerra,2017,545000,111326746.11706318,12272595272745442,NPB,MLB,adaboost
MLB,Aaron Wilkerson,2017,545000,121484580.2305575,14626382066343454,NPB,MLB,adaboost
MLB,Lance Lynn,2017,12000000,210843115.88047117,39538584733054490,NPB,MLB,adaboost
MLB,Michael Pineda,2017,5000000,132312035.17661984,16208354300812888,NPB,MLB,adaboost
MLB,Kyle Gibson,2017,4200000,141137030.53188416,18751750330890176,NPB,MLB,adaboost
MLB,Aníbal Sánchez,2017,2500000,143738011.65152174,19948175935275392,NPB,MLB,adaboost
MLB,José Berríos,2017,570000,174151263.64909407,30130455090016308,NPB,MLB,adaboost
MLB,Aaron Slegers,2017,545000,81228620.81818691,6509846668332964,NPB,MLB,adaboost
MLB,Adalberto Mejía,2017,545000,78729274.99723123,6112780856842676,NPB,MLB,adaboost
MLB,Jason Vargas,2017,8000000,258671122.5783345,62836011694682410,NPB,MLB,adaboost
MLB,Jacob deGrom,2017,7400000,244185882.50769973,56067554154950184,NPB,MLB,adaboost
MLB,Matt Harvey,2017,5625000,95957072.60470982,8159883341062566,NPB,MLB,adaboost
MLB,Noah Syndergaard,2017,2975000,110574630.69050731,11577680524733562,NPB,MLB,adaboost
MLB,Zack Wheeler,2017,1900000,90409245.59035324,7833886554973464,NPB,MLB,adaboost
MLB,A.J. Griffin,2017,750000,89286789.9223683,7838763169757577,NPB,MLB,adaboost
MLB,Steven Matz,2017,577000,82737240.83188382,6750305173553149,NPB,MLB,adaboost
MLB,Seth Lugo,2017,564000,92454473.51196454,8443859122253058,NPB,MLB,adaboost
MLB,Robert Gsellman,2017,562375,91240538.77832636,8222529386208979,NPB,MLB,adaboost
MLB,Rafael Montero,2017,558025,97327055.48246667,9364245260516564,NPB,MLB,adaboost
MLB,Chris Flexen,2017,545000,64015115.40914423,4028455550050088,NPB,MLB,adaboost
MLB,CC Sabathia,2017,10000000,366101051.7376557,126807959048664540,NPB,MLB,adaboost
MLB,Sonny Gray,2017,6500000,149319164.13812682,20397313645113212,NPB,MLB,adaboost
MLB,Luis Severino,2017,604975,232488278.0960473,53769866254733344,NPB,MLB,adaboost
MLB,Jordan Montgomery,2017,580450,140168762.6919673,19484897040190440,NPB,MLB,adaboost
MLB,Luis Cessa,2017,568925,67181507.28303841,4437236118414562.5,NPB,MLB,adaboost
MLB,Jake Arrieta,2017,25000000,260301181.2183426,55366645882747304,NPB,MLB,adaboost
MLB,Aaron Nola,2017,573000,165707296.82317758,27269335987285316,NPB,MLB,adaboost
MLB,Jerad Eickhoff,2017,568000,120070051.79165268,14280740382414840,NPB,MLB,adaboost
MLB,Vince Velasquez,2017,559000,82011356.70823501,6634486413325557,NPB,MLB,adaboost
MLB,Nick Pivetta,2017,551000,121522952.84603915,14634213375384318,NPB,MLB,adaboost
MLB,Ben Lively,2017,550000,85714737.25168613,7253032471148735,NPB,MLB,adaboost
MLB,Jake Thompson,2017,549000,69432994.55645487,4745004706053704,NPB,MLB,adaboost
MLB,Zach Eflin,2017,545000,73980143.88795936,5392720357845295,NPB,MLB,adaboost
MLB,Gerrit Cole,2017,6750000,168177452.08445445,26058822286478836,NPB,MLB,adaboost
MLB,Jameson Taillon,2017,571000,141233750.16743135,19786009284665208,NPB,MLB,adaboost
MLB,Chad Kuhl,2017,570500,126349623.3842187,15820387879302510,NPB,MLB,adaboost
MLB,Trevor Williams,2017,569500,102001113.73276289,10288372264432412,NPB,MLB,adaboost
MLB,Tyler Glasnow,2017,556500,74250313.68768825,5430778175835708,NPB,MLB,adaboost
MLB,Clayton Richard,2017,3000000,172045597.35062745,28576413983630464,NPB,MLB,adaboost
MLB,Tyson Ross,2017,1750000,91569495.28894249,8067541733960361,NPB,MLB,adaboost
MLB,Luis Perdomo,2017,566800,124563606.6452895,15375208058229310,NPB,MLB,adaboost
MLB,Dinelson Lamet,2017,555700,149220223.67948198,22101140600847260,NPB,MLB,adaboost
MLB,James Paxton,2017,4900000,281406517.92743313,76455854456353900,NPB,MLB,adaboost
MLB,Erasmo Ramírez,2017,4200000,126088087.90286805,14856705972617288,NPB,MLB,adaboost
MLB,Marco Gonzales,2017,550300,65587626.748839244,4229853870635280.5,NPB,MLB,adaboost
MLB,Aríel Miranda,2017,545000,144240666.4627717,20648444560180136,NPB,MLB,adaboost
MLB,Rob Whalen,2017,545000,64330567.948288016,4068598678485667.5,NPB,MLB,adaboost
MLB,Chase De Jong,2017,545000,64015115.40914423,4028455550050088,NPB,MLB,adaboost
MLB,Christian Bergman,2017,545000,115273837.3451252,13162706118564194,NPB,MLB,adaboost
MLB,Derek Holland,2017,1750000,139075747.20248085,18858360844719676,NPB,MLB,adaboost
MLB,Ty Blach,2017,565000,118947348.1310905,14014380349030708,NPB,MLB,adaboost
MLB,Chris Stratton,2017,552500,78573105.31894632,6087214854334794,NPB,MLB,adaboost
MLB,Michael Wacha,2017,5300000,141062510.5348545,18431459266726480,NPB,MLB,adaboost
MLB,Luke Weaver,2017,550800,88381833.21560504,7714290395720715,NPB,MLB,adaboost
MLB,Jack Flaherty,2017,545000,74589278.27877936,5482555145825317,NPB,MLB,adaboost
MLB,Jake Odorizzi,2017,6300000,156436186.49691832,22540874495837440,NPB,MLB,adaboost
MLB,Matt Andriese,2017,558400,94300532.93520096,8787587487240888,NPB,MLB,adaboost
MLB,Blake Snell,2017,558200,89212662.88277137,7859613789032687,NPB,MLB,adaboost
MLB,Jake Faria,2017,555000,106503849.25189105,11225158657799934,NPB,MLB,adaboost
MLB,Anthony Banda,2017,545000,74983496.2830856,5541089728886949,NPB,MLB,adaboost
MLB,Ryan Weber,2017,545000,102217889.67820539,10337376495516524,NPB,MLB,adaboost
MLB,Doug Fister,2017,4000000,139960419.514563,18485235674575960,NPB,MLB,adaboost
MLB,Yovani Gallardo,2017,2000000,122717087.43081045,14572615197777934,NPB,MLB,adaboost
MLB,Edinson Vólquez,2017,1000000,125670056.62036072,15542623017723948,NPB,MLB,adaboost
MLB,Bartolo Colon,2017,1750000,213433976.99964842,44810106118387680,NPB,MLB,adaboost
MLB,Jesse Chavez,2017,1500000,195108750.1013982,37484348115825656,NPB,MLB,adaboost
MLB,Chris Tillman,2017,545000,96499376.3086985,9207242332791320,NPB,MLB,adaboost
MLB,Marco Estrada,2017,13000000,269345362.813574,65712945036022896,NPB,MLB,adaboost
MLB,Jaime García,2017,10000000,209936175.3430946,39974474210824664,NPB,MLB,adaboost
MLB,Marcus Stroman,2017,6500000,219298718.86571726,45283294750890570,NPB,MLB,adaboost
MLB,Aaron Sanchez,2017,2700000,67934882.15344293,4255589849573587.5,NPB,MLB,adaboost
MLB,Nick Tepesch,2017,572300,84768192.28822614,7088948278210578,NPB,MLB,adaboost
MLB,Chris Rowley,2017,545000,77014756.58844323,5847623672695757,NPB,MLB,adaboost
MLB,Tanner Roark,2017,6475000,208839344.45991197,40951327908689904,NPB,MLB,adaboost
MLB,Jeremy Hellickson,2017,2000000,142359694.51844287,19700843845310600,NPB,MLB,adaboost
MLB,Edwin Jackson,2017,1500000,130353968.09669906,16603345094265138,NPB,MLB,adaboost
MLB,Joe Ross,2017,567900,83793240.50941159,6926457302907506,NPB,MLB,adaboost
MLB,A.J. Cole,2017,555300,76262326.48138988,5731553858653869,NPB,MLB,adaboost
MLB,Erick Fedde,2017,545000,82354221.85260466,6692748780128687,NPB,MLB,adaboost
MLB,Robbie Ray,2018,6050000,124957940.65594983,14139098351038886,NPB,MLB,adaboost
MLB,Taijuan Walker,2018,5025000,71891276.58315708,4471098944095260.5,NPB,MLB,adaboost
MLB,Zack Godley,2018,609400,217962617.16253188,47242421010902744,NPB,MLB,adaboost
MLB,Luke Weaver,2018,581300,138113993.2469382,18915241711756400,NPB,MLB,adaboost
MLB,Matt Koch,2018,567600,95083734.02386327,8933299590816884,NPB,MLB,adaboost
MLB,Marco Estrada,2018,4000000,226115343.52331224,49335225828479010,NPB,MLB,adaboost
MLB,Sean Manaea,2018,3150000,151794774.63472402,22095269026207892,NPB,MLB,adaboost
MLB,Brett Anderson,2018,1500000,119294458.04383044,13875534345839730,NPB,MLB,adaboost
MLB,Chris Bassitt,2018,565000,87406170.3539749,7541388868448088,NPB,MLB,adaboost
MLB,Daniel Gossett,2018,560000,79274390.93570282,6195955340378654,NPB,MLB,adaboost
MLB,Frankie Montas,2018,560000,76968698.41010208,5838289192725937,NPB,MLB,adaboost
MLB,Edwin Jackson,2018,555000,148534446.46980828,21897916577510856,NPB,MLB,adaboost
MLB,Paul Blackburn,2018,555000,73886750.06517263,5377545567620946,NPB,MLB,adaboost
MLB,Daniel Mengden,2018,555000,114076957.30498534,12887234790354916,NPB,MLB,adaboost
MLB,Dallas Keuchel,2018,21021527,165977051.82794517,21012104178145028,NPB,MLB,adaboost
MLB,Kevin Gausman,2018,9350000,225064876.3210489,46532907866205416,NPB,MLB,adaboost
MLB,Mike Foltynewicz,2018,5475000,215397460.60540068,44067439466626e3,NPB,MLB,adaboost
MLB,Sean Newcomb,2018,575000,182252752.4469705,33006805734182692,NPB,MLB,adaboost
MLB,Touki Toussaint,2018,555000,87994152.87070547,7645605454746601,NPB,MLB,adaboost
MLB,Michael Soroka,2018,555000,75365557.98318417,5596619585755361,NPB,MLB,adaboost
MLB,Dylan Bundy,2018,2800000,163122030.79864812,25703153559402676,NPB,MLB,adaboost
MLB,Dan Straily,2018,575000,182624258.7012814,33141932593686080,NPB,MLB,adaboost
MLB,David Hess,2018,563500,70900870.58932817,4947345701420487,NPB,MLB,adaboost
MLB,Jimmy Yacabonis,2018,559000,81910624.76270302,6618086851531635,NPB,MLB,adaboost
MLB,Josh Rogers,2018,555000,67720316.96170644,4511179802566491,NPB,MLB,adaboost
MLB,Yefry Ramírez,2018,555000,67124890.60328285,4431550334933047,NPB,MLB,adaboost
MLB,Luis Ortiz,2018,555000,67720316.96170644,4511179802566491,NPB,MLB,adaboost
MLB,Nathan Eovaldi,2018,17000000,168502678.55576643,22953061609571892,NPB,MLB,adaboost
MLB,Eduardo Rodríguez,2018,4300000,180459878.31523362,31032302728037916,NPB,MLB,adaboost
MLB,Erasmo Ramírez,2018,1000000,85545450.0693771,7147933127433535,NPB,MLB,adaboost
MLB,Jhoulys Chacín,2018,555000,274963964.59928787,75300279852453220,NPB,MLB,adaboost
MLB,Kyle Hendricks,2018,7405000,286846878.4361538,78087763423926180,NPB,MLB,adaboost
MLB,Mike Montgomery,2018,2440000,91469106.6990955,7926181839638932,NPB,MLB,adaboost
MLB,Kendall Graveman,2018,575000,86945931.15989874,7459937749427968,NPB,MLB,adaboost
MLB,Ervin Santana,2018,4300000,187167813.7525176,33440637306625468,NPB,MLB,adaboost
MLB,Carlos Rodón,2018,4200000,88709855.44968997,7141915668127493,NPB,MLB,adaboost
MLB,Reynaldo López,2018,580000,129085684.58983476,16513710971902096,NPB,MLB,adaboost
MLB,Lucas Giolito,2018,573000,141260794.08195853,19793055403647568,NPB,MLB,adaboost
MLB,Dylan Covey,2018,571000,104518454.81549428,10805073362619226,NPB,MLB,adaboost
MLB,Carson Fulmer,2018,555000,66525976.311793156,4352169715531173.5,NPB,MLB,adaboost
MLB,Michael Kopech,2018,555000,105396964.88990809,10991837601976720,NPB,MLB,adaboost
MLB,Sonny Gray,2018,10166667,179334892.44598463,28617888500543484,NPB,MLB,adaboost
MLB,Tanner Roark,2018,10000000,231986074.04517388,49277817069989424,NPB,MLB,adaboost
MLB,Alex Wood,2018,9650000,122409652.4816426,12714739227780810,NPB,MLB,adaboost
MLB,Anthony DeSclafani,2018,2125000,151516391.48185474,22317787848884780,NPB,MLB,adaboost
MLB,Tyler Mahle,2018,570000,100552818.65176499,9996564025551724,NPB,MLB,adaboost
MLB,Robert Stephenson,2018,565000,73160442.25774759,5270098236597965,NPB,MLB,adaboost
MLB,Luis Castillo,2018,557500,158975444.72141254,25096245209756520,NPB,MLB,adaboost
MLB,Brandon Finnegan,2018,555000,72958352.3183583,5242245426936321,NPB,MLB,adaboost
MLB,Sal Romano,2018,555000,117009824.52017203,13561726154024060,NPB,MLB,adaboost
MLB,Carlos Carrasco,2018,11750000,301475824.9608934,83941053649270240,NPB,MLB,adaboost
MLB,Trevor Bauer,2018,13000000,201536274.61979476,35545926847510664,NPB,MLB,adaboost
MLB,Mike Clevinger,2018,592200,199885493.48340985,39717816827464530,NPB,MLB,adaboost
MLB,Shane Bieber,2018,559600,154979957.72186458,23845646878948624,NPB,MLB,adaboost
MLB,Jefry Rodríguez,2018,555000,88173289.3361829,7676964626199063,NPB,MLB,adaboost
MLB,Adam Plutko,2018,555000,94127035.49517958,8755725826711147,NPB,MLB,adaboost
MLB,Germán Márquez,2018,8600000,196846847.92900595,35436875755206292,NPB,MLB,adaboost
MLB,Chad Bettis,2018,3325000,92704337.4325001,7988665959872713,NPB,MLB,adaboost
MLB,Jon Gray,2018,2925000,185800067.0518791,33443290149229280,NPB,MLB,adaboost
MLB,Tyler Anderson,2018,2625000,142834571.65783742,19658723984474248,NPB,MLB,adaboost
MLB,Germán Márquez,2018,565000,196846847.92900595,38526563826425416,NPB,MLB,adaboost
MLB,Kyle Freeland,2018,565000,203021873.90962523,40988785793257890,NPB,MLB,adaboost
MLB,Antonio Senzatela,2018,560000,72594881.64280015,5189024173292226,NPB,MLB,adaboost
MLB,Tyson Ross,2018,5750000,221656728.543019,46615715430148896,NPB,MLB,adaboost
MLB,Michael Fulmer,2018,2800000,108272674.92727824,11124485156315306,NPB,MLB,adaboost
MLB,Matthew Boyd,2018,2600000,141497350.6301564,19292474012076608,NPB,MLB,adaboost
MLB,Daniel Norris,2018,1275000,94530582.29898351,8696603629922487,NPB,MLB,adaboost
MLB,Spencer Turnbull,2018,556100,73475894.79689136,5317296473220744,NPB,MLB,adaboost
MLB,Edwin Jackson,2018,555000,148534446.46980828,21897916577510856,NPB,MLB,adaboost
MLB,Ryan Carpenter,2018,555000,96943166.16954704,9290678577528212,NPB,MLB,adaboost
MLB,Gerrit Cole,2018,13500000,265389458.62340745,63448299365593296,NPB,MLB,adaboost
MLB,Wade Miley,2018,4500000,134179867.45113122,16816868022142964,NPB,MLB,adaboost
MLB,Josh James,2018,566800,96474885.48901255,9198360862167740,NPB,MLB,adaboost
MLB,Framber Valdez,2018,566600,79715046.34484358,6264476558802583,NPB,MLB,adaboost
MLB,Eric Skoglund,2018,568175,78815355.06356147,6122621187899411,NPB,MLB,adaboost
MLB,Trevor Oaks,2018,555350,64895050.3513721,4139597041304351,NPB,MLB,adaboost
MLB,Homer Bailey,2018,555000,155600385.77170435,24039071649096620,NPB,MLB,adaboost
MLB,Heath Fillmyer,2018,555000,72147634.76661733,5125505352826264,NPB,MLB,adaboost
MLB,Ben Lively,2018,555000,89283346.2245324,7872719423740492,NPB,MLB,adaboost
MLB,Trevor Cahill,2018,9000000,148744783.126207,19528604410990628,NPB,MLB,adaboost
MLB,Tyler Skaggs,2018,3700000,117411519.56876929,12930309682638602,NPB,MLB,adaboost
MLB,Andrew Heaney,2018,3400000,161675665.36597583,25051186247042360,NPB,MLB,adaboost
MLB,JC Ramírez,2018,1901000,86207540.63063592,7107592793105065,NPB,MLB,adaboost
MLB,Nick Tropeano,2018,1075000,97571444.11468697,9311563726778904,NPB,MLB,adaboost
MLB,Félix Peña,2018,569000,160060938.46941707,25437678436732320,NPB,MLB,adaboost
MLB,Jaime Barria,2018,563500,108946971.3061116,11746976852362718,NPB,MLB,adaboost
MLB,Dillon Peters,2018,555000,64895050.3513721,4139642079217097,NPB,MLB,adaboost
MLB,Clayton Kershaw,2018,31000000,274742074.12371594,59410198698131030,NPB,MLB,adaboost
MLB,Ross Stripling,2018,595000,172337120.74615213,29495356038385900,NPB,MLB,adaboost
MLB,Walker Buehler,2018,570000,184293361.37129807,33754273513568580,NPB,MLB,adaboost
MLB,Dan Straily,2018,5000000,182624258.7012814,31550377279179740,NPB,MLB,adaboost
MLB,José Ureña,2018,3200000,126504384.92043395,15203971340606540,NPB,MLB,adaboost
MLB,Trevor Richards,2018,570000,108049346.1053572,11551809839235162,NPB,MLB,adaboost
MLB,Caleb Smith,2018,556500,103576806.03207152,10613183454941670,NPB,MLB,adaboost
MLB,Sandy Alcantara,2018,555000,86180974.25321148,7331807466811636,NPB,MLB,adaboost
MLB,Pablo López,2018,555000,80457577.13430643,6384421832703789,NPB,MLB,adaboost
MLB,Jeff Brigham,2018,555000,74283300.41217463,5435862281667869,NPB,MLB,adaboost
MLB,Zach Davies,2018,2600000,82881544.01177487,6445126308914545,NPB,MLB,adaboost
MLB,Junior Guerra,2018,2225000,186435120.05211002,33933368329612784,NPB,MLB,adaboost
MLB,Gio González,2018,2000000,209329799.3386531,42985645693806150,NPB,MLB,adaboost
MLB,Brent Suter,2018,568300,125398516.90957543,15582583053691652,NPB,MLB,adaboost
MLB,Freddy Peralta,2018,564600,80872798.61163558,6449406764245907,NPB,MLB,adaboost
MLB,Jake Odorizzi,2018,9500000,147954315.7197479,19169597541423632,NPB,MLB,adaboost
MLB,Kyle Gibson,2018,8125000,207138515.61276132,39606379396550790,NPB,MLB,adaboost
MLB,Martín Pérez,2018,4000000,77009906.96875717,5330446515586576,NPB,MLB,adaboost
MLB,José Berríos,2018,620000,211204881.54724684,44345992336267984,NPB,MLB,adaboost
MLB,Adalberto Mejía,2018,560000,82459742.89261386,6707567885876254,NPB,MLB,adaboost
MLB,Chase De Jong,2018,555000,69738568.04604156,4786366087581263,NPB,MLB,adaboost
MLB,Kohl Stewart,2018,555000,77970826.66962,5993210218940648,NPB,MLB,adaboost
MLB,Fernando Romero,2018,555000,189073906.84460148,35539378237883532,NPB,MLB,adaboost
MLB,Stephen Gonsalves,2018,555000,72078417.37613043,5115599233160157,NPB,MLB,adaboost
MLB,Jacob deGrom,2018,27500000,320540188.89630914,85872552308384540,NPB,MLB,adaboost
MLB,Jacob deGrom,2018,17000000,320540188.89630914,92136646275207040,NPB,MLB,adaboost
MLB,Noah Syndergaard,2018,6000000,166363333.2434139,25716398648938216,NPB,MLB,adaboost
MLB,Zack Wheeler,2018,5975000,219520457.45997474,45601662401789880,NPB,MLB,adaboost
MLB,Steven Matz,2018,2625000,200139344.7999603,39011916401757600,NPB,MLB,adaboost
MLB,Corey Oswalt,2018,555000,64929482.239777714,4144073963639456.5,NPB,MLB,adaboost
MLB,Walker Lockett,2018,555000,64015115.40914423,4027186247741905,NPB,MLB,adaboost
MLB,Luis Severino,2018,10000000,213942250.39226782,41592441495062464,NPB,MLB,adaboost
MLB,J.A. Happ,2018,17000000,369059434.5516115,123945845456800420,NPB,MLB,adaboost
MLB,James Paxton,2018,8575000,245837399.9568034,56293446433262144,NPB,MLB,adaboost
MLB,CC Sabathia,2018,8000000,255613185.64431193,61312289704924490,NPB,MLB,adaboost
MLB,Sonny Gray,2018,7500000,179334892.44598463,29527230261923108,NPB,MLB,adaboost
MLB,Gio González,2018,3000000,209329799.3386531,42571986095128850,NPB,MLB,adaboost
MLB,Jordan Montgomery,2018,596600,73082881.59281823,5254261019153339,NPB,MLB,adaboost
MLB,Domingo Germán,2018,577500,93778147.0825679,8686360616609372,NPB,MLB,adaboost
MLB,Aaron Nola,2018,11250000,319533939.35068595,95038987261577408,NPB,MLB,adaboost
MLB,Vince Velasquez,2018,2249000,135447645.1083197,17741879058692100,NPB,MLB,adaboost
MLB,Nick Pivetta,2018,598000,143453178.61037326,20407602055801644,NPB,MLB,adaboost
MLB,Zach Eflin,2018,590000,144016552.02696976,20571175826345064,NPB,MLB,adaboost
MLB,Ranger Suárez,2018,555000,78669462.05588304,6101869182279990,NPB,MLB,adaboost
MLB,Francisco Liriano,2018,1800000,234317105.80352873,54064204491249376,NPB,MLB,adaboost
MLB,Jameson Taillon,2018,587500,199492256.17331466,39563102028365760,NPB,MLB,adaboost
MLB,Trevor Williams,2018,584000,158366833.4030094,24895422516681824,NPB,MLB,adaboost
MLB,Joe Musgrove,2018,582500,121757544.85723905,14683391496153896,NPB,MLB,adaboost
MLB,Chad Kuhl,2018,578000,97531388.7635964,9399959592745060,NPB,MLB,adaboost
MLB,Nick Kingham,2018,569000,101895657.4888798,10267091517868760,NPB,MLB,adaboost
MLB,Aaron Slegers,2018,555000,74574432.74053447,5478876423230506,NPB,MLB,adaboost
MLB,Garrett Richards,2018,7750000,157022717.90302014,22282344310154632,NPB,MLB,adaboost
MLB,Bryan Mitchell,2018,910000,79535620.85325722,6181988254560157,NPB,MLB,adaboost
MLB,Joey Lucchesi,2018,565100,109909627.24873704,11956225639249796,NPB,MLB,adaboost
MLB,Eric Lauer,2018,562500,95054836.67396924,8928801690106752,NPB,MLB,adaboost
MLB,Jacob Nix,2018,556800,71436573.08463818,5023942232529799,NPB,MLB,adaboost
MLB,Brett Kennedy,2018,556000,72078417.37613043,5115456187325404,NPB,MLB,adaboost
MLB,Luis Perdomo,2018,555000,66827205.75544293,4392005255691763.5,NPB,MLB,adaboost
MLB,Wade LeBlanc,2018,2750000,226708105.42724997,50157232986563210,NPB,MLB,adaboost
MLB,Marco Gonzales,2018,950000,143091475.2851483,20204198996238424,NPB,MLB,adaboost
MLB,Tommy Milone,2018,555000,126619748.41682516,15892320793397422,NPB,MLB,adaboost
MLB,Derek Holland,2018,7000000,195161557.99458846,35404771906950880,NPB,MLB,adaboost
MLB,Chris Stratton,2018,567500,130578091.17547639,16902753817796858,NPB,MLB,adaboost
MLB,Dereck Rodríguez,2018,561250,97561278.61337551,9409005550995668,NPB,MLB,adaboost
MLB,Andrew Suárez,2018,555000,190601806.5712922,36117788687946150,NPB,MLB,adaboost
MLB,Tyler Beede,2018,555000,91394063.72152072,8251735497802502,NPB,MLB,adaboost
MLB,Michael Wacha,2018,6350000,87158267.67371419,6529976124426642,NPB,MLB,adaboost
MLB,Adam Wainwright,2018,2000000,146234925.95268187,20803713864575620,NPB,MLB,adaboost
MLB,John Gant,2018,571300,92182596.54295835,8392629654281852,NPB,MLB,adaboost
MLB,Alex Reyes,2018,564600,80634444.17468327,6411179946158061,NPB,MLB,adaboost
MLB,Jack Flaherty,2018,562100,151463138.58277637,22771123445360560,NPB,MLB,adaboost
MLB,Blake Snell,2018,10000000,279392455.7863772,72572295234615180,NPB,MLB,adaboost
MLB,Charlie Morton,2018,15000000,361816189.47336835,120281469280827330,NPB,MLB,adaboost
MLB,Blake Snell,2018,573700,279392455.7863772,77739898578263440,NPB,MLB,adaboost
MLB,Jake Faria,2018,555000,70257797.02891113,4858479913653582,NPB,MLB,adaboost
MLB,Lance Lynn,2018,10000000,244515517.7410304,54997528061343544,NPB,MLB,adaboost
MLB,Shelby Miller,2018,2000000,93076036.43961781,8294844413550592,NPB,MLB,adaboost
MLB,Yohander Méndez,2018,558000,69432994.55645487,4743764875151688,NPB,MLB,adaboost
MLB,Jen-Ho Tseng,2018,555000,92385594.15277532,8432858022451732,NPB,MLB,adaboost
MLB,Adrian Sampson,2018,555000,93046720.64089324,8554718387113036,NPB,MLB,adaboost
MLB,Ariel Jurado,2018,555000,71662461.2656047,5056271047639473,NPB,MLB,adaboost
MLB,Marcus Stroman,2018,7400000,97841875.32999702,8179732813206723,NPB,MLB,adaboost
MLB,Aaron Sanchez,2018,3900000,92009557.87779236,7763294189420041,NPB,MLB,adaboost
MLB,Matt Shoemaker,2018,3500000,156837381.97790438,23512352711837756,NPB,MLB,adaboost
MLB,Clay Buchholz,2018,3000000,189358448.60848713,34729471367762140,NPB,MLB,adaboost
MLB,Sam Gaviglio,2018,579500,161577282.24053028,25920285886369208,NPB,MLB,adaboost
MLB,Ryan Borucki,2018,565200,77017673.55964696,5844980713388518,NPB,MLB,adaboost
MLB,Thomas Pannone,2018,560100,74414312.04326852,5454444636532068,NPB,MLB,adaboost
MLB,Sean Reid-Foley,2018,555000,94303952.39428854,8788866075026579,NPB,MLB,adaboost
MLB,Patrick Corbin,2018,23333333,246943789.484336,50001636249133120,NPB,MLB,adaboost
MLB,Aníbal Sánchez,2018,9500000,303274890.31298673,86303686178407392,NPB,MLB,adaboost
MLB,Jeremy Hellickson,2018,1300000,166344340.0755411,27239634190970864,NPB,MLB,adaboost
MLB,Joe Ross,2018,1000000,75005195.90206133,5476769020502475,NPB,MLB,adaboost
MLB,Austin Voth,2018,556000,83912391.4577266,6948287996853756,NPB,MLB,adaboost
MLB,Erick Fedde,2018,555000,78664473.25016579,6101089811418365,NPB,MLB,adaboost
MLB,Madison Bumgarner,2019,17000000,175776744.91128746,25210054724624048,NPB,MLB,adaboost
MLB,Robbie Ray,2019,9430000,180975894.2798171,29427993844262188,NPB,MLB,adaboost
MLB,Luke Weaver,2019,597000,95040222.48359287,8919522273085421,NPB,MLB,adaboost
MLB,Alex Young,2019,575000,82068446.44065978,6641181812776684,NPB,MLB,adaboost
MLB,Taylor Clarke,2019,575000,94038130.11439708,8735356690780718,NPB,MLB,adaboost
MLB,Zac Gallen,2019,575000,115160315.84720795,13129794607804406,NPB,MLB,adaboost
MLB,Corbin Martin,2019,565700,78124534.78480959,6015372853177390,NPB,MLB,adaboost
MLB,Sean Manaea,2019,3750000,114321443.68787141,12226044159220118,NPB,MLB,adaboost
MLB,Chris Bassitt,2019,2250000,277407043.3912278,75711398527802020,NPB,MLB,adaboost
MLB,Daniel Mengden,2019,573500,82831214.17968474,6766331542066708,NPB,MLB,adaboost
MLB,Frankie Montas,2019,573500,109957058.31464143,11964762829572562,NPB,MLB,adaboost
MLB,Cole Hamels,2019,18000000,249842337.56042135,53750869485480360,NPB,MLB,adaboost
MLB,Mike Foltynewicz,2019,6425000,128139269.93103655,14814363504845228,NPB,MLB,adaboost
MLB,Jhoulys Chacín,2019,1600000,129842871.92251171,16446234198933742,NPB,MLB,adaboost
MLB,Félix Hernández,2019,1000000,137783471.60553026,18709718104460904,NPB,MLB,adaboost
MLB,Max Fried,2019,583500,198525464.81861684,39181021436254544,NPB,MLB,adaboost
MLB,Michael Soroka,2019,583500,221368072.7212479,48745827551704010,NPB,MLB,adaboost
MLB,Bryse Wilson,2019,575000,64015115.40914423,4024648243125539,NPB,MLB,adaboost
MLB,Kyle Wright,2019,573500,66525976.311793156,4349729131657637.5,NPB,MLB,adaboost
MLB,John Means,2019,580000,141154854.33002153,19761289669906772,NPB,MLB,adaboost
MLB,Asher Wojciechowski,2019,575000,144785902.9948555,20796784542591620,NPB,MLB,adaboost
MLB,Chandler Shepherd,2019,563500,85927234.29292734,7286967132433499,NPB,MLB,adaboost
MLB,David Hess,2019,563500,72319989.38781251,5148993769263249,NPB,MLB,adaboost
MLB,Chris Sale,2019,29000000,226276744.30134052,38918113842136490,NPB,MLB,adaboost
MLB,Eduardo Rodríguez,2019,8300000,251528598.90089783,59160151323293840,NPB,MLB,adaboost
MLB,Martín Pérez,2019,6000000,217926675.0147958,44912915582826880,NPB,MLB,adaboost
MLB,Kyle Hendricks,2019,13875000,214458020.21721587,40233547999460030,NPB,MLB,adaboost
MLB,Adbert Alzolay,2019,563500,85003051.86540416,7130037919230279,NPB,MLB,adaboost
MLB,Dallas Keuchel,2019,18500000,195771408.70243755,31425152343346652,NPB,MLB,adaboost
MLB,Gio González,2019,5000000,133062426.44921842,16399985068061478,NPB,MLB,adaboost
MLB,Carlos Rodón,2019,4450000,111030564.52053127,11359416733515128,NPB,MLB,adaboost
MLB,Ross Detwiler,2019,1000000,105084920.91560248,10833670762007222,NPB,MLB,adaboost
MLB,Lucas Giolito,2019,627000,220760899.05893221,48458933514888160,NPB,MLB,adaboost
MLB,Reynaldo López,2019,605000,157104160.30587366,24491987176443544,NPB,MLB,adaboost
MLB,Dylan Cease,2019,575000,100709849.5134939,10026988087090068,NPB,MLB,adaboost
MLB,Trevor Bauer,2019,17500000,216000316.00546798,39402375454270650,NPB,MLB,adaboost
MLB,Wade Miley,2019,7500000,272627734.8773093,70292715801172824,NPB,MLB,adaboost
MLB,Anthony DeSclafani,2019,5900000,165908887.571388,25602844101833088,NPB,MLB,adaboost
MLB,Luis Castillo,2019,663500,282918157.26184684,79667691546002620,NPB,MLB,adaboost
MLB,Tyler Mahle,2019,609793,136480698.43524528,18460902943793364,NPB,MLB,adaboost
MLB,Mike Clevinger,2019,4100000,323784990.7827381,102198493331759340,NPB,MLB,adaboost
MLB,Shane Bieber,2019,623200,250322717.6429443,62349849111119056,NPB,MLB,adaboost
MLB,Adam Plutko,2019,574800,96562010.99655774,9213544674897696,NPB,MLB,adaboost
MLB,Jefry Rodríguez,2019,566000,70785111.8478344,4930723668698676,NPB,MLB,adaboost
MLB,Aaron Civale,2019,565400,88426229.74338582,7719525403196231,NPB,MLB,adaboost
MLB,Zach Plesac,2019,563500,97339132.02342108,9365522953532604,NPB,MLB,adaboost
MLB,Jon Gray,2019,5600000,158860130.42289546,23488667577242928,NPB,MLB,adaboost
MLB,Kyle Freeland,2019,2875000,90378025.02210763,7656779388019594,NPB,MLB,adaboost
MLB,Chi Chi González,2019,1750000,85849055.23653996,7072651091678599,NPB,MLB,adaboost
MLB,Antonio Senzatela,2019,573500,106802463.98448707,11284592789217452,NPB,MLB,adaboost
MLB,Jeff Hoffman,2019,568500,86177792.93880427,7328951037482002,NPB,MLB,adaboost
MLB,Peter Lambert,2019,565500,75369557.0628635,5595646953064139,NPB,MLB,adaboost
MLB,Matthew Boyd,2019,5300000,182971772.18486413,31567258631310260,NPB,MLB,adaboost
MLB,Daniel Norris,2019,2960000,181937043.04479322,32032781937057764,NPB,MLB,adaboost
MLB,Iván Nova,2019,1500000,189176587.0405909,35222501323204496,NPB,MLB,adaboost
MLB,Spencer Turnbull,2019,573500,164295800.85253313,26804991796447372,NPB,MLB,adaboost
MLB,Dario Agrazal,2019,567900,84834802.30945826,7100910824831781,NPB,MLB,adaboost
MLB,Tyler Alexander,2019,566600,87185144.29307514,7502772215451421,NPB,MLB,adaboost
MLB,Justin Verlander,2019,33000000,416267518.6945534,146893990886279800,NPB,MLB,adaboost
MLB,Brad Peacock,2019,3900000,155905026.92712292,23105528211115364,NPB,MLB,adaboost
MLB,José Urquidy,2019,574600,120900929.54699393,14478425582251784,NPB,MLB,adaboost
MLB,Brad Keller,2019,613000,117060214.15648939,13559953684807302,NPB,MLB,adaboost
MLB,Glenn Sparkman,2019,604500,203034495.50162828,40977903078789250,NPB,MLB,adaboost
MLB,Matt Harvey,2019,575000,91795383.46990903,8321158360397252,NPB,MLB,adaboost
MLB,Julio Teheran,2019,9000000,160760466.5083879,23031239194843524,NPB,MLB,adaboost
MLB,Dylan Bundy,2019,5000000,139233797.52747723,18018712398647752,NPB,MLB,adaboost
MLB,Andrew Heaney,2019,4300000,154675635.15581328,22612831648514264,NPB,MLB,adaboost
MLB,Griffin Canning,2019,570500,111566559.23333019,12320125165328944,NPB,MLB,adaboost
MLB,Dillon Peters,2019,569000,88536917.10569784,7738354439914927,NPB,MLB,adaboost
MLB,José Suarez,2019,567500,81500818.15168668,6550201987042137,NPB,MLB,adaboost
MLB,Patrick Sandoval,2019,565750,84714079.428039,7080941345529774,NPB,MLB,adaboost
MLB,Jaime Barria,2019,563500,71792871.7631962,5073623401779612,NPB,MLB,adaboost
MLB,Alex Wood,2019,4000000,108955021.9844186,11015556639749792,NPB,MLB,adaboost
MLB,Walker Buehler,2019,603500,246368873.86246392,60400618989756664,NPB,MLB,adaboost
MLB,Tony Gonsolin,2019,566000,78553924.70005807,6082116399021928,NPB,MLB,adaboost
MLB,José Ureña,2019,3750000,97424372.51584902,8774888066238051,NPB,MLB,adaboost
MLB,Sandy Alcantara,2019,620000,142315684.47452,20077666998702728,NPB,MLB,adaboost
MLB,Caleb Smith,2019,586500,193818681.41548166,37338675934585616,NPB,MLB,adaboost
MLB,Pablo López,2019,575000,112738609.59482971,12580675317341376,NPB,MLB,adaboost
MLB,Elieser Hernández,2019,571500,104899172.58828558,10884263267688514,NPB,MLB,adaboost
MLB,Jordan Yamamoto,2019,565000,90177561.59968728,8030411196457747,NPB,MLB,adaboost
MLB,Brett Anderson,2019,5000000,194851148.77468553,36043458691067776,NPB,MLB,adaboost
MLB,Brandon Woodruff,2019,633100,159166832.75341597,25132944420731516,NPB,MLB,adaboost
MLB,Adrian Houser,2019,581600,126343204.67571884,15815981210611788,NPB,MLB,adaboost
MLB,Michael Pineda,2019,10000000,268381673.36694342,66761089131901840,NPB,MLB,adaboost
MLB,Jake Odorizzi,2019,17800000,278566457.0566524,67999145125878950,NPB,MLB,adaboost
MLB,José Berríos,2019,4025000,187990667.04577348,33843366651596384,NPB,MLB,adaboost
MLB,Rich Hill,2019,3000000,177899065.58743304,30589683143357204,NPB,MLB,adaboost
MLB,Devin Smeltzer,2019,571000,77043347.59496002,5848019946684387,NPB,MLB,adaboost
MLB,Randy Dobnak,2019,571000,157786018.4614445,24716562029832336,NPB,MLB,adaboost
MLB,Marcus Stroman,2019,12000000,165277583.50774246,23494017605972964,NPB,MLB,adaboost
MLB,Rick Porcello,2019,10000000,218923547.98454246,43649048902449416,NPB,MLB,adaboost
MLB,Noah Syndergaard,2019,9700000,173384826.88596877,26792722552689568,NPB,MLB,adaboost
MLB,Steven Matz,2019,5000000,161861471.30821967,24605521180979424,NPB,MLB,adaboost
MLB,Michael Wacha,2019,3000000,104669424.41136608,10336671860138480,NPB,MLB,adaboost
MLB,Gerrit Cole,2019,36000000,334600645.1339761,89162345274426720,NPB,MLB,adaboost
MLB,James Paxton,2019,12500000,303532523.94579446,84699929994259420,NPB,MLB,adaboost
MLB,Jordan Montgomery,2019,805000,102491302.51397967,10340104118964588,NPB,MLB,adaboost
MLB,Zack Wheeler,2019,23600000,213626752.2490658,36110166570327830,NPB,MLB,adaboost
MLB,Vince Velasquez,2019,3600000,123141826.89513384,14290248377426144,NPB,MLB,adaboost
MLB,Zach Eflin,2019,2625000,135829219.57082057,17743364111471378,NPB,MLB,adaboost
MLB,Trevor Williams,2019,2825000,111461285.47967035,11801842522820434,NPB,MLB,adaboost
MLB,Joe Musgrove,2019,2800000,153930952.16499323,22840564702297472,NPB,MLB,adaboost
MLB,Jameson Taillon,2019,2250000,98225188.61470075,9211236829627384,NPB,MLB,adaboost
MLB,Steven Brault,2019,590500,109964505.83709717,11962673152853366,NPB,MLB,adaboost
MLB,Mitch Keller,2019,577500,88470117.13645217,7725112147094965,NPB,MLB,adaboost
MLB,Zach Davies,2019,5250000,143371596.734842,19077575484582316,NPB,MLB,adaboost
MLB,Dinelson Lamet,2019,1300000,95756651.86335129,8922059081234344,NPB,MLB,adaboost
MLB,Joey Lucchesi,2019,599300,151099691.63676375,22650367882819268,NPB,MLB,adaboost
MLB,Chris Paddack,2019,588500,169244075.51718637,28444703153033356,NPB,MLB,adaboost
MLB,Eric Lauer,2019,582300,121334090.09636663,14580994811476986,NPB,MLB,adaboost
MLB,Jerad Eickhoff,2019,575000,99515431.56414372,9789208998099006,NPB,MLB,adaboost
MLB,Cal Quantrill,2019,571800,83759041.47144017,6920117143627695,NPB,MLB,adaboost
MLB,Ronald Bolaños,2019,563500,78490060.66532512,6072548857126596,NPB,MLB,adaboost
MLB,Marco Gonzales,2019,7500000,191877708.24374583,33995139297215860,NPB,MLB,adaboost
MLB,Taijuan Walker,2019,2000000,101534181.6249148,9907053311741526,NPB,MLB,adaboost
MLB,Justus Sheffield,2019,566300,78210686.62991716,6028650775136059,NPB,MLB,adaboost
MLB,Justin Dunn,2019,564500,74259810.5665814,5430998799504884,NPB,MLB,adaboost
MLB,Nick Margevicius,2019,563500,64707691.80661137,4114477342523349,NPB,MLB,adaboost
MLB,Kevin Gausman,2019,9000000,124973354.94156696,13449819056402674,NPB,MLB,adaboost
MLB,Drew Smyly,2019,4000000,154101824.310141,22530557661232436,NPB,MLB,adaboost
MLB,Tyler Anderson,2019,1775000,103709182.47029874,10390577555888158,NPB,MLB,adaboost
MLB,Tyson Ross,2019,1750000,124455041.5036914,15056527210422630,NPB,MLB,adaboost
MLB,Dereck Rodríguez,2019,576000,98731811.57160863,9634563345281140,NPB,MLB,adaboost
MLB,Tyler Beede,2019,569750,124709867.29160663,15410768721173852,NPB,MLB,adaboost
MLB,Logan Webb,2019,566625,87684482.2773225,7589521056591933,NPB,MLB,adaboost
MLB,Rico Garcia,2019,563500,64895050.3513721,4138548370611124,NPB,MLB,adaboost
MLB,Shaun Anderson,2019,563500,74238342.48320623,5427982414925249,NPB,MLB,adaboost
MLB,Miles Mikolas,2019,17000000,228830629.5048827,44872215596434880,NPB,MLB,adaboost
MLB,Adam Wainwright,2019,5000000,291888868.6257592,82305222941368110,NPB,MLB,adaboost
MLB,Jack Flaherty,2019,604500,214849694.38605317,45901003317517710,NPB,MLB,adaboost
MLB,Dakota Hudson,2019,580500,177293791.72884408,31227587473643552,NPB,MLB,adaboost
MLB,Daniel Ponce de Leon,2019,572800,132443496.1992227,17389880516067688,NPB,MLB,adaboost
MLB,Tyler Glasnow,2019,2050000,111363289.67103365,11949395298703312,NPB,MLB,adaboost
MLB,Ryan Yarbrough,2019,578500,198536632.98529172,39187422415022440,NPB,MLB,adaboost
MLB,Yonny Chirinos,2019,576700,106368096.8463016,11191819646691672,NPB,MLB,adaboost
MLB,Dylan Covey,2019,575000,74117741.70594658,5408534857627574,NPB,MLB,adaboost
MLB,Trevor Richards,2019,575000,142897487.1822171,20255690357732348,NPB,MLB,adaboost
MLB,Sean Gilmartin,2019,575000,91117857.053172,8198008963351140,NPB,MLB,adaboost
MLB,Brendan McKay,2019,563500,90806646.20792629,8143825437505161,NPB,MLB,adaboost
MLB,Kyle Gibson,2019,9333333,258771754.1325761,62219525937112390,NPB,MLB,adaboost
MLB,Jordan Lyles,2019,8000000,205272829.11305058,38916569106266856,NPB,MLB,adaboost
MLB,Kolby Allard,2019,566500,73670790.10157773,5344237231255636,NPB,MLB,adaboost
MLB,Brock Burke,2019,564500,72770993.77359757,5213777743076584,NPB,MLB,adaboost
MLB,Taylor Hearn,2019,563500,67720316.96170644,4510038064428142,NPB,MLB,adaboost
MLB,Ariel Jurado,2019,563500,78046387.20870253,6003597810196519,NPB,MLB,adaboost
MLB,Joe Palumbo,2019,563500,88886073.2469779,7800876944967775,NPB,MLB,adaboost
MLB,Tanner Roark,2019,12000000,257374370.68049487,60208581786848904,NPB,MLB,adaboost
MLB,Matt Shoemaker,2019,4200000,137701888.16611058,17822754143916694,NPB,MLB,adaboost
MLB,Trent Thornton,2019,581900,146708547.68746293,21352997164375916,NPB,MLB,adaboost
MLB,Ryan Borucki,2019,573800,73160442.25774759,5268820634254228,NPB,MLB,adaboost
MLB,Sean Reid-Foley,2019,572700,75735208.85677357,5649402737644565,NPB,MLB,adaboost
MLB,Anthony Kay,2019,565600,91805359.31654815,8324693680141636,NPB,MLB,adaboost
MLB,Jacob Waguespack,2019,563500,144171694.64088365,20623313568013924,NPB,MLB,adaboost
MLB,T.J. Zeuch,2019,563500,71279547.48826036,5000759372361894,NPB,MLB,adaboost
MLB,Stephen Strasburg,2019,35000000,309885774.697228,75562189130895200,NPB,MLB,adaboost
MLB,Austin Voth,2019,568900,145758286.78730124,21079958035672564,NPB,MLB,adaboost
MLB,Erick Fedde,2019,563500,86199802.66174076,7333576333573268,NPB,MLB,adaboost
MLB,Luke Weaver,2020,1950000,110450917.2755511,11772449049635982,NPB,MLB,adaboost
MLB,Caleb Smith,2020,1465000,113544084.80124988,12561721249885762,NPB,MLB,adaboost
MLB,Zac Gallen,2020,607500,114408323.06322697,12950627329867892,NPB,MLB,adaboost
MLB,Sean Manaea,2020,5950000,119298128.31993759,12847798193633038,NPB,MLB,adaboost
MLB,Chris Bassitt,2020,4900000,144682754.5787386,19539218477619868,NPB,MLB,adaboost
MLB,Frankie Montas,2020,1800000,102928471.18110174,10226967683426926,NPB,MLB,adaboost
MLB,Jesús Luzardo,2020,575500,87319152.07143424,7524461174690038,NPB,MLB,adaboost
MLB,Daulton Jefferies,2020,570500,67720316.96170644,4509097917990679,NPB,MLB,adaboost
MLB,Paul Blackburn,2020,570500,81510244.68895069,6551242270312521,NPB,MLB,adaboost
MLB,Charlie Morton,2020,15000000,182668923.95913497,28112868061614184,NPB,MLB,adaboost
MLB,Drew Smyly,2020,11000000,188832559.71410435,31624419294470492,NPB,MLB,adaboost
MLB,Max Fried,2020,3500000,147017102.1572674,20597158611619524,NPB,MLB,adaboost
MLB,Michael Soroka,2020,2800000,71090777.88419974,4663630344029104,NPB,MLB,adaboost
MLB,Sean Newcomb,2020,600500,84087344.94483955,6970053278843681,NPB,MLB,adaboost
MLB,Touki Toussaint,2020,590500,88886073.2469779,7796108255012439,NPB,MLB,adaboost
MLB,Huascar Ynoa,2020,580500,64015115.40914423,4023950432106038.5,NPB,MLB,adaboost
MLB,Ian Anderson,2020,575500,102775347.44638486,10444808818064338,NPB,MLB,adaboost
MLB,Tanner Roark,2020,570500,108694214.18750213,11690737569700650,NPB,MLB,adaboost
MLB,Kyle Wright,2020,570500,73224347.95412464,5278581622541062,NPB,MLB,adaboost
MLB,Tucker Davidson,2020,570500,78737866.08646914,6110137120896086,NPB,MLB,adaboost
MLB,Matt Harvey,2020,1000000,100487108.57996531,9897684773601806,NPB,MLB,adaboost
MLB,Wade LeBlanc,2020,700000,213481374.85436466,45275913484913650,NPB,MLB,adaboost
MLB,John Means,2020,593500,143917656.3826778,20541813802806280,NPB,MLB,adaboost
MLB,Jorge López,2020,586750,76802215.24440432,5808797142421002,NPB,MLB,adaboost
MLB,Dean Kremer,2020,572500,86045285.27841766,7305597023250491,NPB,MLB,adaboost
MLB,Bruce Zimmermann,2020,571500,84883099.18577063,7108445757262039,NPB,MLB,adaboost
MLB,Keegan Akin,2020,570500,89938764.01371218,7986686612824564,NPB,MLB,adaboost
MLB,Garrett Richards,2020,10000000,128014098.02608295,13927327332909916,NPB,MLB,adaboost
MLB,Martín Pérez,2020,5000000,87039663.56147292,6730506397279668,NPB,MLB,adaboost
MLB,Tanner Houck,2020,577000,89067542.56502536,7830576123452565,NPB,MLB,adaboost
MLB,Chris Mazza,2020,570500,116377385.83743063,13411234807363690,NPB,MLB,adaboost
MLB,Zach Davies,2020,8630000,102470512.66900879,8806041817982399,NPB,MLB,adaboost
MLB,Jake Arrieta,2020,6000000,169467103.55144748,26721493943499652,NPB,MLB,adaboost
MLB,Trevor Williams,2020,2500000,99587806.17644487,9426042108154928,NPB,MLB,adaboost
MLB,Alec Mills,2020,600000,129692924.09011915,16664983050137266,NPB,MLB,adaboost
MLB,Adbert Alzolay,2020,573000,92300082.03354858,8413857578389350,NPB,MLB,adaboost
MLB,Lucas Giolito,2020,4150000,100024859.83640616,9191988748650526,NPB,MLB,adaboost
MLB,Carlos Rodón,2020,3000000,87346881.32082634,7114396388549563,NPB,MLB,adaboost
MLB,Reynaldo López,2020,2100000,80297399.64818758,6114833311738367,NPB,MLB,adaboost
MLB,Dylan Cease,2020,600000,75938703.84490873,5675920297030865,NPB,MLB,adaboost
MLB,Dane Dunning,2020,572500,126594703.57254422,15881595793279776,NPB,MLB,adaboost
MLB,Jonathan Stiever,2020,570500,67720316.96170644,4509097917990679,NPB,MLB,adaboost
MLB,Luis Castillo,2020,4200000,118919138.25834346,13160480682736922,NPB,MLB,adaboost
MLB,Tyler Mahle,2020,2200000,117305248.33561566,13249218194403752,NPB,MLB,adaboost
MLB,Shane Bieber,2020,679700,111249860.18897346,12225760324215250,NPB,MLB,adaboost
MLB,Zach Plesac,2020,590200,107892794.0658901,11513846693269194,NPB,MLB,adaboost
MLB,Aaron Civale,2020,587400,94018615.88141851,8729392101080231,NPB,MLB,adaboost
MLB,Triston McKenzie,2020,575300,97825532.57510251,9457607735911528,NPB,MLB,adaboost
MLB,Jon Gray,2020,6000000,89361429.46030863,6949127921666011,NPB,MLB,adaboost
MLB,Kyle Freeland,2020,5025000,83910087.17147444,6222856978051122,NPB,MLB,adaboost
MLB,Antonio Senzatela,2020,3000000,82162314.54899055,6266672044753321,NPB,MLB,adaboost
MLB,Chi Chi González,2020,1100000,158471413.43263757,24765761765786140,NPB,MLB,adaboost
MLB,Ryan Castellani,2020,570500,70520824.69759808,4893047925299401,NPB,MLB,adaboost
MLB,Matthew Boyd,2020,6500000,105003021.06887116,9702845159694474,NPB,MLB,adaboost
MLB,José Ureña,2020,3250000,88711631.54185712,7303690465796148,NPB,MLB,adaboost
MLB,Michael Fulmer,2020,3100000,85958174.26686417,6865477042838031,NPB,MLB,adaboost
MLB,Julio Teheran,2020,3000000,86241197.87898175,6929097024327796,NPB,MLB,adaboost
MLB,Spencer Turnbull,2020,586900,109300828.84668997,11818718325283170,NPB,MLB,adaboost
MLB,Tarik Skubal,2020,574300,98166067.03463024,9524152992941542,NPB,MLB,adaboost
MLB,Casey Mize,2020,574100,74589278.27877936,5478246615639492,NPB,MLB,adaboost
MLB,Jake Odorizzi,2020,7833333,96369899.97115989,7838723691038680,NPB,MLB,adaboost
MLB,Framber Valdez,2020,637300,130806019.72070003,16943895593726160,NPB,MLB,adaboost
MLB,Cristian Javier,2020,620400,87922761.4855227,7621702320948878,NPB,MLB,adaboost
MLB,José Urquidy,2020,604200,85140761.35321262,7146430205425482,NPB,MLB,adaboost
MLB,Brandon Bielak,2020,599000,127827347.02386598,16187052286425268,NPB,MLB,adaboost
MLB,Mike Minor,2020,9000000,156445012.0565154,21740031580345972,NPB,MLB,adaboost
MLB,Brad Keller,2020,3350000,101397172.22558735,9613247981433988,NPB,MLB,adaboost
MLB,Brady Singer,2020,593700,85573675.69617514,7221596269322518,NPB,MLB,adaboost
MLB,Carlos Hernández,2020,570500,72249428.94869049,5137868855231419,NPB,MLB,adaboost
MLB,Kris Bubic,2020,570500,80732767.61553013,6425989149263871,NPB,MLB,adaboost
MLB,Ronald Bolaños,2020,570500,67720316.96170644,4509097917990679,NPB,MLB,adaboost
MLB,Dylan Bundy,2020,8325000,154064414.28992617,21239976877570736,NPB,MLB,adaboost
MLB,Andrew Heaney,2020,6750000,128476678.09146073,14817384159182106,NPB,MLB,adaboost
MLB,Jaime Barria,2020,590500,74226986.0949492,5422332084411647,NPB,MLB,adaboost
MLB,Griffin Canning,2020,590500,91151638.31813844,8201319773477002,NPB,MLB,adaboost
MLB,Dillon Peters,2020,570500,96701195.76789491,9241110668819568,NPB,MLB,adaboost
MLB,Patrick Sandoval,2020,570500,89659378.81251644,7936828328071240,NPB,MLB,adaboost
MLB,José Suarez,2020,570500,69878360.54674381,4803579533566887,NPB,MLB,adaboost
MLB,Trevor Bauer,2020,34000000,190598885.07538697,24523210806854256,NPB,MLB,adaboost
MLB,Walker Buehler,2020,4000000,107364204.88470425,10684158851447118,NPB,MLB,adaboost
MLB,Julio Urías,2020,3600000,75601934.91037422,5184278630837766,NPB,MLB,adaboost
MLB,Cole Hamels,2020,1000000,157178729.87798586,24391795666300876,NPB,MLB,adaboost
MLB,Dustin May,2020,590500,83300052.73507868,6840870113636761,NPB,MLB,adaboost
MLB,Tony Gonsolin,2020,580500,131906752.1348441,17246584499784644,NPB,MLB,adaboost
MLB,Sandy Alcantara,2020,630000,82100008.95799561,6637362359615885,NPB,MLB,adaboost
MLB,Pablo López,2020,595000,86283826.61051269,7342575005886507,NPB,MLB,adaboost
MLB,Elieser Hernández,2020,579000,105950011.25270914,11103050012418556,NPB,MLB,adaboost
MLB,Trevor Rogers,2020,570500,88886073.2469779,7799640477942318,NPB,MLB,adaboost
MLB,Daniel Castano,2020,570500,72268400.44148041,5140588927716437,NPB,MLB,adaboost
MLB,Braxton Garrett,2020,570500,77996121.43818067,5994726855088462,NPB,MLB,adaboost
MLB,Jordan Yamamoto,2020,570500,83095966.50089315,6810452621190037,NPB,MLB,adaboost
MLB,Brandon Woodruff,2020,3275000,158515985.84619948,24099763686499908,NPB,MLB,adaboost
MLB,Brett Anderson,2020,2500000,150087649.41414225,21782114259591764,NPB,MLB,adaboost
MLB,Jordan Zimmermann,2020,1000000,158145455.23076928,24694694099685712,NPB,MLB,adaboost
MLB,Zack Godley,2020,800000,104267468.44419865,10705517026251244,NPB,MLB,adaboost
MLB,Corbin Burnes,2020,608000,118062506.75697824,13795561157525048,NPB,MLB,adaboost
MLB,Adrian Houser,2020,584100,83803466.04237533,6925462884494852,NPB,MLB,adaboost
MLB,Eric Lauer,2020,570500,86025230.89428537,7302511032214730,NPB,MLB,adaboost
MLB,Randy Dobnak,2020,1850000,74173601.18548226,5230703288436691,NPB,MLB,adaboost
MLB,J.A. Happ,2020,8000000,205538171.17832047,39021329072475440,NPB,MLB,adaboost
MLB,José Berríos,2020,6100000,99888632.7084547,8796307625321418,NPB,MLB,adaboost
MLB,Matt Shoemaker,2020,2000000,244681126.57278135,58894129194634330,NPB,MLB,adaboost
MLB,Taijuan Walker,2020,7666667,100618810.46924123,8640100975526405,NPB,MLB,adaboost
MLB,Steven Matz,2020,5200000,96552935.07494383,8345358746806902,NPB,MLB,adaboost
MLB,Robert Gsellman,2020,1300000,85078058.55542944,7018763095316965,NPB,MLB,adaboost
MLB,Joey Lucchesi,2020,607100,89504924.9058637,7902823272993601,NPB,MLB,adaboost
MLB,David Peterson,2020,585750,86873327.74516106,7445546073127214,NPB,MLB,adaboost
MLB,Corey Kluber,2020,11000000,154742071.1255871,20661783011473344,NPB,MLB,adaboost
MLB,Jordan Montgomery,2020,2130000,95952694.68363318,8802698037698249,NPB,MLB,adaboost
MLB,Asher Wojciechowski,2020,750000,106241294.70999095,11128413259590164,NPB,MLB,adaboost
MLB,Deivi García,2020,570500,98185626.12397848,9528712848200226,NPB,MLB,adaboost
MLB,Zach Eflin,2020,4450000,116338391.14691928,12519012073446004,NPB,MLB,adaboost
MLB,Vince Velasquez,2020,4000000,113777326.0373241,12051061311904956,NPB,MLB,adaboost
MLB,Chase Anderson,2020,4000000,148121987.35795233,20771147240005772,NPB,MLB,adaboost
MLB,Spencer Howard,2020,570500,74904730.81792313,5525577871292273,NPB,MLB,adaboost
MLB,Adonis Medina,2020,570500,103113088.79047507,10514982515852464,NPB,MLB,adaboost
MLB,Tyler Anderson,2020,2500000,100177129.19960418,9540821568676168,NPB,MLB,adaboost
MLB,Chad Kuhl,2020,2130000,141757214.7393683,19495759095873664,NPB,MLB,adaboost
MLB,Steven Brault,2020,2050000,106158456.9829443,10838570815369562,NPB,MLB,adaboost
MLB,Trevor Cahill,2020,1500000,128127169.17228551,16034439972586614,NPB,MLB,adaboost
MLB,JT Brubaker,2020,590500,89552600.42316532,7914255311701351,NPB,MLB,adaboost
MLB,Cody Ponce,2020,580500,109295098.19918111,11818863861609392,NPB,MLB,adaboost
MLB,Mitch Keller,2020,579000,72072074.21988556,5111259661410065,NPB,MLB,adaboost
MLB,Chase De Jong,2020,570500,92419079.67984039,8436161589203988,NPB,MLB,adaboost
MLB,Mike Clevinger,2020,5750000,146665070.88807172,19857057203390276,NPB,MLB,adaboost
MLB,Joe Musgrove,2020,4450000,106053763.19311671,10323324695002938,NPB,MLB,adaboost
MLB,Dinelson Lamet,2020,4200000,109437525.51310839,11074936776122138,NPB,MLB,adaboost
MLB,Chris Paddack,2020,610900,94320985.1080207,8781580050952482,NPB,MLB,adaboost
MLB,Vince Velasquez,2020,570500,113777326.0373241,12815785461444962,NPB,MLB,adaboost
MLB,Jake Arrieta,2020,570500,169467103.55144748,28526062691214820,NPB,MLB,adaboost
MLB,James Paxton,2020,8500000,155668841.51374093,21658667912496596,NPB,MLB,adaboost
MLB,Justus Sheffield,2020,625000,75828833.6866151,5655616601164063,NPB,MLB,adaboost
MLB,Nick Margevicius,2020,586900,73857999.7375218,5368654056745867,NPB,MLB,adaboost
MLB,Justin Dunn,2020,584900,92941617.79871924,8529763322552264,NPB,MLB,adaboost
MLB,Jimmy Yacabonis,2020,570500,83254806.80397981,6836694591654663,NPB,MLB,adaboost
MLB,Ljay Newsome,2020,570500,78279634.29309666,6038709552582532,NPB,MLB,adaboost
MLB,Kevin Gausman,2020,18900000,142328807.75001955,15234670582591286,NPB,MLB,adaboost
MLB,Anthony DeSclafani,2020,6000000,97196514.60708086,8316804276479513,NPB,MLB,adaboost
MLB,Logan Webb,2020,583000,90931684.17731242,8162884732571743,NPB,MLB,adaboost
MLB,Tyler Chatwood,2020,570500,118902051.01536195,14002355965701208,NPB,MLB,adaboost
MLB,Adam Wainwright,2020,8000000,220633941.1304849,45213192920682520,NPB,MLB,adaboost
MLB,Jack Flaherty,2020,3900000,84108433.1088895,6433392741783202,NPB,MLB,adaboost
MLB,Dakota Hudson,2020,595700,85673494.90258692,7238231185486645,NPB,MLB,adaboost
MLB,Daniel Ponce de Leon,2020,585500,133583778.73635536,17688542146833276,NPB,MLB,adaboost
MLB,Wade LeBlanc,2020,570500,213481374.85436466,45331040631250930,NPB,MLB,adaboost
MLB,Johan Oviedo,2020,570500,78168567.8125084,6021460128234653,NPB,MLB,adaboost
MLB,Tyler Glasnow,2020,4000000,153847347.14786252,22454227447252024,NPB,MLB,adaboost
MLB,Michael Wacha,2020,3000000,103739140.15842539,10148374359858876,NPB,MLB,adaboost
MLB,Rich Hill,2020,2500000,172829558.28412434,29012158425264912,NPB,MLB,adaboost
MLB,Ryan Yarbrough,2020,2300000,103279039.67397553,10196766453478324,NPB,MLB,adaboost
MLB,Yonny Chirinos,2020,1175000,87565330.58481286,7463289218553253,NPB,MLB,adaboost
MLB,Josh Fleming,2020,570500,86322118.80307397,7353340127347710,NPB,MLB,adaboost
MLB,Mike Foltynewicz,2020,2000000,89224790.19113234,7608164023887056,NPB,MLB,adaboost
MLB,Kolby Allard,2020,584250,66525976.311793156,4348311268979434,NPB,MLB,adaboost
MLB,Robbie Ray,2020,8000000,92135752.13530098,7078824787372803,NPB,MLB,adaboost
MLB,Ross Stripling,2020,3000000,156129176.7846583,23448544782747140,NPB,MLB,adaboost
MLB,Tyler Chatwood,2020,3000000,118902051.01536195,13433285429567564,NPB,MLB,adaboost
MLB,Tommy Milone,2020,1000000,133475059.21810333,17549641314839986,NPB,MLB,adaboost
MLB,Trent Thornton,2020,592900,112116400.25299697,12437491108680214,NPB,MLB,adaboost
MLB,Nate Pearson,2020,577500,121777626.33582221,14689470623819264,NPB,MLB,adaboost
MLB,Jon Lester,2020,5000000,149266022.6001965,20812685276880412,NPB,MLB,adaboost
MLB,Austin Voth,2020,587700,93768388.17016244,8682640647865050,NPB,MLB,adaboost
MLB,Erick Fedde,2020,575000,76407681.06990544,5750595518249996,NPB,MLB,adaboost
MLB,Wil Crowe,2020,574000,73160442.25774759,5268791599637325,NPB,MLB,adaboost
MLB,Paolo Espino,2020,570500,116019251.59014557,13328414243723140,NPB,MLB,adaboost
MLB,Luke Weaver,2021,2875000,106984521.1724411,10838792398754960,NPB,MLB,adaboost
MLB,Zach Davies,2021,1750000,120964326.39327425,14212055617402124,NPB,MLB,adaboost
MLB,Zac Gallen,2021,1670875,137696084.62142944,18502857652553820,NPB,MLB,adaboost
MLB,Zac Gallen,2021,745600,137696084.62142944,18755435238044384,NPB,MLB,adaboost
MLB,Humberto Castellanos,2021,713700,71322832.29416108,4985649563334341,NPB,MLB,adaboost
MLB,Corbin Martin,2021,705100,136770583.93308005,18513815917943264,NPB,MLB,adaboost
MLB,Dallas Keuchel,2021,700000,202409840.21935418,40686859641317390,NPB,MLB,adaboost
MLB,Tyler Gilbert,2021,700000,87976468.71918085,7617181992090154,NPB,MLB,adaboost
MLB,Taylor Widener,2021,700000,118090820.95703112,13780604844965736,NPB,MLB,adaboost
MLB,Sean Manaea,2021,9750000,189013421.54270655,32135374303198108,NPB,MLB,adaboost
MLB,Chris Bassitt,2021,8800000,325738462.3529083,100449988918625890,NPB,MLB,adaboost
MLB,Frankie Montas,2021,5025000,214851344.16009757,44027094703591710,NPB,MLB,adaboost
MLB,Paul Blackburn,2021,710000,81523236.8364751,6530779247988217,NPB,MLB,adaboost
MLB,James Kaprielian,2021,705000,122566962.37500037,14850337873886006,NPB,MLB,adaboost
MLB,Cole Irvin,2021,705000,134910860.1552915,18011212900021658,NPB,MLB,adaboost
MLB,Cole Irvin,2021,201978,134910860.1552915,18146482931528212,NPB,MLB,adaboost
MLB,Charlie Morton,2021,20000000,356360419.2151339,113138331614580620,NPB,MLB,adaboost
MLB,Max Fried,2021,6850000,169035152.98420966,26304023848511492,NPB,MLB,adaboost
MLB,Huascar Ynoa,2021,720000,90769968.3056391,8108996791846607,NPB,MLB,adaboost
MLB,Kyle Wright,2021,720000,73160442.25774759,5247617674498063,NPB,MLB,adaboost
MLB,Tucker Davidson,2021,710000,115699478.76413454,13222580226447348,NPB,MLB,adaboost
MLB,Ian Anderson,2021,710000,122257423.77764554,14773776226982554,NPB,MLB,adaboost
MLB,Touki Toussaint,2021,700000,77587475.74328011,5911683926173488,NPB,MLB,adaboost
MLB,Kyle Muller,2021,700000,115704363.18292564,13226003551110262,NPB,MLB,adaboost
MLB,Kyle Wright,2021,477143,73160442.25774759,5282861990991291,NPB,MLB,adaboost
MLB,Jordan Lyles,2021,7000000,244783945.83192927,56541204895401870,NPB,MLB,adaboost
MLB,John Means,2021,2962500,192609679.7277892,35966052778704376,NPB,MLB,adaboost
MLB,Jorge López,2021,1500000,113144129.56768247,12464411666925472,NPB,MLB,adaboost
MLB,Matt Harvey,2021,1000000,138079201.6953856,18790707537444208,NPB,MLB,adaboost
MLB,Keegan Akin,2021,709500,84929598.7036279,7093025025648826,NPB,MLB,adaboost
MLB,Bruce Zimmermann,2021,705500,94486314.08840497,8794841091083976,NPB,MLB,adaboost
MLB,Dean Kremer,2021,705500,79128176.46952558,6150116184643880,NPB,MLB,adaboost
MLB,Chris Ellis,2021,700000,129611314.90012382,16618127109278886,NPB,MLB,adaboost
MLB,Zac Lowther,2021,700000,77220184.27901068,5855338602093754,NPB,MLB,adaboost
MLB,Spenser Watkins,2021,700000,93916113.0028728,8689243723364351,NPB,MLB,adaboost
MLB,Dean Kremer,2021,280627,79128176.46952558,6216936057349283,NPB,MLB,adaboost
MLB,James Paxton,2021,10000000,140345604.64772928,16989976650982144,NPB,MLB,adaboost
MLB,Michael Wacha,2021,7000000,159699829.07768568,23317237800354424,NPB,MLB,adaboost
MLB,Rich Hill,2021,5000000,241017308.53182724,55704169926607730,NPB,MLB,adaboost
MLB,Nick Pivetta,2021,2650000,171106312.3669286,28377529176264224,NPB,MLB,adaboost
MLB,Tanner Houck,2021,716000,98816363.32626614,9623681284745422,NPB,MLB,adaboost
MLB,Kutter Crawford,2021,702000,80925385.83157289,6435791634281410,NPB,MLB,adaboost
MLB,Connor Seabold,2021,700000,68600251.90393431,4610444208617736,NPB,MLB,adaboost
MLB,Marcus Stroman,2021,23666667,189972288.6921841,27657559806423852,NPB,MLB,adaboost
MLB,Drew Smyly,2021,5250000,254766354.96507585,62258411395057736,NPB,MLB,adaboost
MLB,Steven Brault,2021,1500000,94649565.74310382,8676841598128820,NPB,MLB,adaboost
MLB,Alec Mills,2021,741250,113949009.93157312,12815996908724694,NPB,MLB,adaboost
MLB,Adbert Alzolay,2021,718250,124590712.02947648,15344386849244092,NPB,MLB,adaboost
MLB,Adrian Sampson,2021,700000,95917815.4227348,9066432373877992,NPB,MLB,adaboost
MLB,Lance Lynn,2021,19000000,319804545.1451044,90483374379953150,NPB,MLB,adaboost
MLB,Lucas Giolito,2021,7450000,197665258.881824,36181844711479320,NPB,MLB,adaboost
MLB,Johnny Cueto,2021,4200000,202100675.30248854,39164677285180990,NPB,MLB,adaboost
MLB,Vince Velasquez,2021,3000000,97824253.16476993,8991638988256381,NPB,MLB,adaboost
MLB,Dylan Cease,2021,2457426,179558723.8531477,31364869701269332,NPB,MLB,adaboost
MLB,Dylan Cease,2021,750000,179558723.8531477,31972559725991228,NPB,MLB,adaboost
MLB,Jimmy Lambert,2021,700000,79352201.10391332,6186168738490424,NPB,MLB,adaboost
MLB,Luis Castillo,2021,7350000,168715526.77297434,26038833230719500,NPB,MLB,adaboost
MLB,Tyler Mahle,2021,5200000,186682415.12844217,32935867000852216,NPB,MLB,adaboost
MLB,Justin Dunn,2021,720000,116621993.7771406,13433272161516338,NPB,MLB,adaboost
MLB,Vladimir Gutierrez,2021,707500,99348087.55992182,9729965514166602,NPB,MLB,adaboost
MLB,Chase Anderson,2021,700000,104757643.98770703,10827993272272382,NPB,MLB,adaboost
MLB,T.J. Zeuch,2021,700000,68600251.90393431,4610444208617736,NPB,MLB,adaboost
MLB,Riley O'Brien,2021,700000,98209186.42592514,9508041437445822,NPB,MLB,adaboost
MLB,Reiver Sanmartin,2021,700000,96382530.41620669,9155146626848318,NPB,MLB,adaboost
MLB,Shane Bieber,2021,6000000,107602939.61275497,10323157337953134,NPB,MLB,adaboost
MLB,Cal Quantrill,2021,2510000,197801057.20152155,38138597022887960,NPB,MLB,adaboost
MLB,Zach Plesac,2021,2000000,138015880.79830137,18500319829337728,NPB,MLB,adaboost
MLB,Aaron Civale,2021,716900,131350690.79353218,17065187297088332,NPB,MLB,adaboost
MLB,Triston McKenzie,2021,707100,119745548.88347293,14170152312583198,NPB,MLB,adaboost
MLB,Eli Morgan,2021,702100,87041123.18244395,7454426924098593,NPB,MLB,adaboost
MLB,Logan Allen,2021,701700,64481803.625644825,4067901618497992,NPB,MLB,adaboost
MLB,Triston McKenzie,2021,531152,119745548.88347293,14212072424290202,NPB,MLB,adaboost
MLB,Kyle Freeland,2021,12900000,132686833.46445587,14348885471441286,NPB,MLB,adaboost
MLB,Antonio Senzatela,2021,10100000,175140051.05541155,27238218452372852,NPB,MLB,adaboost
MLB,Chad Kuhl,2021,3000000,125788369.20928647,15076983613076048,NPB,MLB,adaboost
MLB,Peter Lambert,2021,762500,68035769.50085022,4525692789334024,NPB,MLB,adaboost
MLB,Austin Gomber,2021,710000,133132939.32547317,17535834859597950,NPB,MLB,adaboost
MLB,José Ureña,2021,700000,98433638.75165413,9551864143638830,NPB,MLB,adaboost
MLB,Ryan Feltner,2021,700000,70231177.86435537,4834584695204622,NPB,MLB,adaboost
MLB,Eduardo Rodríguez,2021,15400000,222697959.26560977,42972443915686410,NPB,MLB,adaboost
MLB,Michael Pineda,2021,5500000,169569428.48468798,26918777363292144,NPB,MLB,adaboost
MLB,Spencer Turnbull,2021,1825000,159476286.96872297,24853928282894640,NPB,MLB,adaboost
MLB,Wily Peralta,2021,2500000,140067959.90237075,18924943591700288,NPB,MLB,adaboost
MLB,Casey Mize,2021,714200,109678654.1467629,11873252267501992,NPB,MLB,adaboost
MLB,Tarik Skubal,2021,713600,129390813.32639737,16557825229447178,NPB,MLB,adaboost
MLB,Matt Manning,2021,705300,75595445.24383003,5608533854641957,NPB,MLB,adaboost
MLB,Luis Castillo,2021,700000,168715526.77297434,28229217236800056,NPB,MLB,adaboost
MLB,Tarik Skubal,2021,293739,129390813.32639737,16666054599635368,NPB,MLB,adaboost
MLB,Framber Valdez,2021,3000000,183967935.2082211,32749393573526912,NPB,MLB,adaboost
MLB,José Urquidy,2021,748700,145078164.26108587,20830994253892064,NPB,MLB,adaboost
MLB,Zack Greinke,2021,13000000,284747422.0879158,73846661411427860,NPB,MLB,adaboost
MLB,Brad Keller,2021,4825000,141353651.57251146,18640072700208236,NPB,MLB,adaboost
MLB,Brady Singer,2021,726250,95986588.1462939,9074532023746256,NPB,MLB,adaboost
MLB,Kris Bubic,2021,713750,84749237.65562059,7061963185517961,NPB,MLB,adaboost
MLB,Jackson Kowar,2021,702000,74474731.04042433,5442415845162788,NPB,MLB,adaboost
MLB,Ángel Zerpa,2021,700000,94393355.29138538,8778444825757773,NPB,MLB,adaboost
MLB,Brady Singer,2021,421437,95986588.1462939,9132698113613998,NPB,MLB,adaboost
MLB,Noah Syndergaard,2021,21000000,98371201.63505846,5986302842452873,NPB,MLB,adaboost
MLB,Griffin Canning,2021,730000,94613640.12315129,8814137882773382,NPB,MLB,adaboost
MLB,Jaime Barria,2021,730000,75114185.69183084,5533007081036772,NPB,MLB,adaboost
MLB,José Suarez,2021,720000,78886555.98875172,6110010475142658,NPB,MLB,adaboost
MLB,Patrick Sandoval,2021,720000,84312534.48256744,6987711821219227,NPB,MLB,adaboost
MLB,Reid Detmers,2021,710000,74589278.27877936,5458147758993319,NPB,MLB,adaboost
MLB,Cooper Criswell,2021,710000,80170877.4540162,6314031045762179,NPB,MLB,adaboost
MLB,Jhonathan Díaz,2021,700000,62338773.22373164,3799338364526616,NPB,MLB,adaboost
MLB,Janson Junk,2021,700000,83534120.35478973,6861491494951791,NPB,MLB,adaboost
MLB,Patrick Sandoval,2021,432834,84312534.48256744,7035804153045225,NPB,MLB,adaboost
MLB,Reid Detmers,2021,284691,74589278.27877936,5521171690669739,NPB,MLB,adaboost
MLB,Clayton Kershaw,2021,17000000,301073400.9700891,80697697138713008,NPB,MLB,adaboost
MLB,Andrew Heaney,2021,8500000,170318993.56450546,26185386678229460,NPB,MLB,adaboost
MLB,Julio Urías,2021,8000000,334129167.6547099,106360233995153860,NPB,MLB,adaboost
MLB,Tyler Anderson,2021,8000000,169035147.24264967,25932318647461860,NPB,MLB,adaboost
MLB,Danny Duffy,2021,3000000,136498016.41945523,17821720387929138,NPB,MLB,adaboost
MLB,Dustin May,2021,730000,107100103.43530756,11314598904838030,NPB,MLB,adaboost
MLB,Tony Gonsolin,2021,720000,142185137.43775797,20012385110283752,NPB,MLB,adaboost
MLB,Tony Gonsolin,2021,529938,142185137.43775797,20066195527750984,NPB,MLB,adaboost
MLB,Sandy Alcantara,2021,11200000,171662199.84859267,25748117580249692,NPB,MLB,adaboost
MLB,Pablo López,2021,2450000,115760607.97861138,12839293880482548,NPB,MLB,adaboost
MLB,Elieser Hernández,2021,1325000,101229998.30146833,9981008685616390,NPB,MLB,adaboost
MLB,Trevor Rogers,2021,722000,98821761.89332147,9623563283526368,NPB,MLB,adaboost
MLB,Jesús Luzardo,2021,715000,84997478.97529627,7103536262221258,NPB,MLB,adaboost
MLB,Zach Thompson,2021,705000,83007876.8858222,6773763543682807,NPB,MLB,adaboost
MLB,Daniel Castano,2021,705000,89049679.86601768,7804782460629150,NPB,MLB,adaboost
MLB,Cody Poteet,2021,704000,97709534.43881321,9410073711759776,NPB,MLB,adaboost
MLB,Edward Cabrera,2021,700000,83095966.50089315,6789095295616305,NPB,MLB,adaboost
MLB,Braxton Garrett,2021,700000,73688811.40314308,5327366590043589,NPB,MLB,adaboost
MLB,Nick Neidert,2021,700000,66857884.64655725,4376865700907175.5,NPB,MLB,adaboost
MLB,Jesús Luzardo,2021,288794,84997478.97529627,7175561310243985,NPB,MLB,adaboost
MLB,Brandon Woodruff,2021,6800000,183135259.9604904,31094123905333732,NPB,MLB,adaboost
MLB,Corbin Burnes,2021,6500000,214859643.79640245,43413741162963710,NPB,MLB,adaboost
MLB,Eric Lauer,2021,2425000,116711968.4029298,13061511146732274,NPB,MLB,adaboost
MLB,Adrian Houser,2021,2425000,153636702.83031595,22864979072843780,NPB,MLB,adaboost
MLB,José Ureña,2021,1250000,98433638.75165413,9444659641012010,NPB,MLB,adaboost
MLB,Dylan Bundy,2021,5000000,94099864.27999835,7938785814714125,NPB,MLB,adaboost
MLB,Chris Archer,2021,3500000,124218757.27180754,14573018357249584,NPB,MLB,adaboost
MLB,Bailey Ober,2021,706200,96727119.0492438,9220016895061430,NPB,MLB,adaboost
MLB,Joe Ryan,2021,701650,108173049.0718602,11550101618463032,NPB,MLB,adaboost
MLB,Chi Chi González,2021,700000,92213471.90030311,8374715539247567,NPB,MLB,adaboost
MLB,Aaron Sanchez,2021,700000,83504987.03967038,6856665878639979,NPB,MLB,adaboost
MLB,Griffin Jax,2021,700000,82373863.1165394,6670619916379216,NPB,MLB,adaboost
MLB,Joe Ryan,2021,265573,108173049.0718602,11644023392199080,NPB,MLB,adaboost
MLB,Max Scherzer,2021,43333333,405449301.7988203,1.3112797485910821e+17,NPB,MLB,adaboost
MLB,Trevor Williams,2021,3900000,115062069.10022615,12357005606643454,NPB,MLB,adaboost
MLB,Joey Lucchesi,2021,1150000,102669149.939031,10306137804343458,NPB,MLB,adaboost
MLB,Tylor Megill,2021,707500,106248600.62777449,11138923921722022,NPB,MLB,adaboost
MLB,David Peterson,2021,700000,85499905.35637322,7191023948449856,NPB,MLB,adaboost
MLB,Jordan Montgomery,2021,6000000,163553446.7995097,24823088598405936,NPB,MLB,adaboost
MLB,Jameson Taillon,2021,5800000,171674300.87880337,27514283692031788,NPB,MLB,adaboost
MLB,Domingo Germán,2021,1750000,139500402.92195508,18975173505160972,NPB,MLB,adaboost
MLB,Nestor Cortes,2021,727500,97919457.99189417,9446276698298122,NPB,MLB,adaboost
MLB,Clarke Schmidt,2021,712500,82232540.67919996,6645517032338417,NPB,MLB,adaboost
MLB,Chi Chi González,2021,700000,92213471.90030311,8374715539247567,NPB,MLB,adaboost
MLB,Deivi García,2021,700000,69878360.54674381,4785645567935281,NPB,MLB,adaboost
MLB,Luis Gil,2021,700000,86749775.99725819,7404563949178311,NPB,MLB,adaboost
MLB,Nestor Cortes,2021,597831,97919457.99189417,9471499080349384,NPB,MLB,adaboost
MLB,Zach Eflin,2021,5700000,124043853.66041827,14005267699198496,NPB,MLB,adaboost
MLB,Hans Crouse,2021,700000,79832973.51579763,6262027497451929,NPB,MLB,adaboost
MLB,Jerad Eickhoff,2021,1000000,105831071.41235319,10989553533461894,NPB,MLB,adaboost
MLB,JT Brubaker,2021,725000,131746145.40540348,17166540543343882,NPB,MLB,adaboost
MLB,Mitch Keller,2021,725000,94138112.63715477,8726009612561765,NPB,MLB,adaboost
MLB,Bryse Wilson,2021,715000,86388301.98333888,7339914672728377,NPB,MLB,adaboost
MLB,Dillon Peters,2021,715000,93084104.4278984,8532051452812001,NPB,MLB,adaboost
MLB,Wil Crowe,2021,715000,116832482.83662167,13483269820313128,NPB,MLB,adaboost
MLB,Miguel Yajure,2021,705000,72078417.37613043,5094164707947317,NPB,MLB,adaboost
MLB,Max Kranick,2021,705000,69964512.39185137,4796880056757013,NPB,MLB,adaboost
MLB,Chase De Jong,2021,700000,98226763.90295331,9511469677382398,NPB,MLB,adaboost
MLB,Roansy Contreras,2021,700000,86697577.94849098,7395583413006782,NPB,MLB,adaboost
MLB,Mitch Keller,2021,252104,94138112.63715477,8814582617815901,NPB,MLB,adaboost
MLB,Joe Musgrove,2021,8625000,234931597.31688383,51214675989146216,NPB,MLB,adaboost
MLB,Chris Paddack,2021,2250000,83976825.72278936,6679274042723185,NPB,MLB,adaboost
MLB,Adrián Morejón,2021,704500,67848730.30833536,4508347663698781,NPB,MLB,adaboost
MLB,Ryan Weathers,2021,700000,72035242.06101398,5088716759903458,NPB,MLB,adaboost
MLB,Robbie Ray,2021,23000000,239989186.84058446,47084307205738070,NPB,MLB,adaboost
MLB,Justus Sheffield,2021,760800,74949232.26692542,5503923482224181,NPB,MLB,adaboost
MLB,Logan Gilbert,2021,712300,142813616.7367282,20192784218311948,NPB,MLB,adaboost
MLB,Carlos Rodón,2021,22000000,290856986.6794962,72284079286378820,NPB,MLB,adaboost
MLB,Anthony DeSclafani,2021,12000000,261259394.33554655,62130245664523496,NPB,MLB,adaboost
MLB,Alex Wood,2021,12500000,269743679.6042303,66174310696323890,NPB,MLB,adaboost
MLB,Alex Cobb,2021,10000000,163434070.9002226,23542014113014536,NPB,MLB,adaboost
MLB,Matthew Boyd,2021,5200000,130805555.27478978,15776755515888270,NPB,MLB,adaboost
MLB,Logan Webb,2021,730000,169572093.37270606,28507652494477592,NPB,MLB,adaboost
MLB,Logan Webb,2021,572075,169572093.37270606,28561006209974984,NPB,MLB,adaboost
MLB,Steven Matz,2021,11000000,309517511.03736424,89112704395942880,NPB,MLB,adaboost
MLB,Adam Wainwright,2021,17500000,275582409.8173611,66606530257136336,NPB,MLB,adaboost
MLB,Jack Flaherty,2021,5000000,128898472.26435485,15350831429441110,NPB,MLB,adaboost
MLB,Dakota Hudson,2021,1050000,102861514.89868037,10365584565964216,NPB,MLB,adaboost
MLB,Packy Naughton,2021,700000,72958352.3183583,5221269479763997,NPB,MLB,adaboost
MLB,Johan Oviedo,2021,700000,70917728.21093655,4930529355104954,NPB,MLB,adaboost
MLB,Corey Kluber,2021,8000000,169922740.79332912,26218973986023652,NPB,MLB,adaboost
MLB,Tyler Glasnow,2021,5100000,134932606.7515271,16856505775896680,NPB,MLB,adaboost
MLB,Ryan Yarbrough,2021,3850000,217251609.9767897,45540247140685870,NPB,MLB,adaboost
MLB,Shane McClanahan,2021,711400,158310371.47970238,24837435811460044,NPB,MLB,adaboost
MLB,Luis Patiño,2021,707400,91061584.45055726,8163878647725324,NPB,MLB,adaboost
MLB,Shane Baz,2021,701100,95780416.45884198,9040076418280620,NPB,MLB,adaboost
MLB,Shane McClanahan,2021,563144,158310371.47970238,24884187777532972,NPB,MLB,adaboost
MLB,Jon Gray,2021,14000000,170623357.89246148,24530876237510076,NPB,MLB,adaboost
MLB,Garrett Richards,2021,5500000,175119901.37407926,28770910942152376,NPB,MLB,adaboost
MLB,Martín Pérez,2021,4000000,134407839.0397123,17006204483007514,NPB,MLB,adaboost
MLB,Matt Moore,2021,2500000,100620448.82062061,9627622476760028,NPB,MLB,adaboost
MLB,Kolby Allard,2021,720000,118660198.91823556,13909890520872972,NPB,MLB,adaboost
MLB,Spencer Howard,2021,714000,74065031.70465192,5380373852136851,NPB,MLB,adaboost
MLB,Dane Dunning,2021,714000,125503245.16110638,15572355707878712,NPB,MLB,adaboost
MLB,Dallas Keuchel,2021,700000,202409840.21935418,40686859641317390,NPB,MLB,adaboost
MLB,A.J. Alexy,2021,700000,90697422.36857432,8099536032987562,NPB,MLB,adaboost
MLB,Glenn Otto,2021,700000,86340683.43342914,7334326658944824,NPB,MLB,adaboost
MLB,José Berríos,2021,18714286,231895216.4874816,45446109123508456,NPB,MLB,adaboost
MLB,Kevin Gausman,2021,22000000,294364374.99279314,74182352765214850,NPB,MLB,adaboost
MLB,Yusei Kikuchi,2021,12000000,181742069.3754121,28812370115847216,NPB,MLB,adaboost
MLB,Ross Stripling,2021,3790000,152075640.84066656,21988631279527160,NPB,MLB,adaboost
MLB,Alek Manoah,2021,2191023,123573094.18716949,14733607205687082,NPB,MLB,adaboost
MLB,Alek Manoah,2021,730000,123573094.18716949,15090425789477796,NPB,MLB,adaboost
MLB,Thomas Hatch,2021,715800,81510244.68895069,6527742292595912,NPB,MLB,adaboost
MLB,Joe Ross,2021,2400000,162660410.65164745,25683399222234676,NPB,MLB,adaboost
MLB,Erick Fedde,2021,2150000,133098553.17634721,17147523578978634,NPB,MLB,adaboost
MLB,Aaron Sanchez,2021,2000000,83504987.03967038,6643062912336836,NPB,MLB,adaboost
MLB,Paolo Espino,2021,716200,194359396.52597052,37497687560795640,NPB,MLB,adaboost
MLB,Josiah Gray,2021,703500,89699374.993419,7920265765844262,NPB,MLB,adaboost
MLB,Joan Adon,2021,700200,84656386.17918283,7048641197753610,NPB,MLB,adaboost
MLB,Josh Rogers,2021,700000,95168644.06468594,8924324711420322,NPB,MLB,adaboost
MLB,Merrill Kelly,2022,9000000,240523792.09689397,53603266306925784,NPB,MLB,adaboost
MLB,Zac Gallen,2022,5600000,196625759.79508245,36490840905288536,NPB,MLB,adaboost
MLB,Zach Davies,2022,5000000,177105331.35381863,29620245080407704,NPB,MLB,adaboost
MLB,Drey Jameson,2022,723600,86497276.68247259,7357123611629342,NPB,MLB,adaboost
MLB,Ryne Nelson,2022,722700,83536529.03416255,6858130279299504,NPB,MLB,adaboost
MLB,Tyler Gilbert,2022,720000,89856246.56069839,7945270450929616,NPB,MLB,adaboost
MLB,Tommy Henry,2022,720000,73224347.95412464,5256880472252779,NPB,MLB,adaboost
MLB,Paul Blackburn,2022,1900000,110948841.91495848,11891649922993604,NPB,MLB,adaboost
MLB,Cole Irvin,2022,737600,141662505.67285436,19859829038902900,NPB,MLB,adaboost
MLB,James Kaprielian,2022,730000,143344036.1892789,20338763318196952,NPB,MLB,adaboost
MLB,Kyle Muller,2022,720000,77996121.43818067,5971598944528446,NPB,MLB,adaboost
MLB,Adam Oller,2022,720000,79879389.85577993,6266209002339355,NPB,MLB,adaboost
MLB,Adrián Martínez,2022,720000,115880582.12434451,13261959675217896,NPB,MLB,adaboost
MLB,JP Sears,2022,720000,81145836.52922437,6468315181425520,NPB,MLB,adaboost
MLB,Ken Waldichuk,2022,720000,87617510.46459512,7551177324944419,NPB,MLB,adaboost
MLB,Spencer Strider,2022,12500000,157591194.56273392,21051454739641108,NPB,MLB,adaboost
MLB,Charlie Morton,2022,20000000,290315947.6819786,73070711571206180,NPB,MLB,adaboost
MLB,Max Fried,2022,13500000,274036959.2036789,67879507111099450,NPB,MLB,adaboost
MLB,Spencer Strider,2022,1692833,157591194.56273392,24304299137944912,NPB,MLB,adaboost
MLB,Kyle Wright,2022,750000,199438675.489892,39477189767927616,NPB,MLB,adaboost
MLB,Huascar Ynoa,2022,750000,78737866.08646914,6082107256721044,NPB,MLB,adaboost
MLB,Bryce Elder,2022,720000,75783558.85693353,5634537868268325,NPB,MLB,adaboost
MLB,Dane Dunning,2022,446638,208869474.41765884,43440078740382176,NPB,MLB,adaboost
MLB,Bryce Elder,2022,392639,75783558.85693353,5683790796874575,NPB,MLB,adaboost
MLB,Kyle Gibson,2022,10000000,259290729.75068456,62145867939628840,NPB,MLB,adaboost
MLB,Kyle Bradish,2022,1666786,130712948.7206266,16652912112918436,NPB,MLB,adaboost
MLB,Tyler Wells,2022,732400,111307171.30562454,12226780049291170,NPB,MLB,adaboost
MLB,Dean Kremer,2022,731200,111279979.50644843,12221032650365354,NPB,MLB,adaboost
MLB,Kyle Bradish,2022,728100,130712948.7206266,16896060896924180,NPB,MLB,adaboost
MLB,Bruce Zimmermann,2022,720000,82399399.26536703,6671524264351240,NPB,MLB,adaboost
MLB,Spenser Watkins,2022,720000,94551716.16276014,8804390958048782,NPB,MLB,adaboost
MLB,Dean Kremer,2022,276862,111279979.50644843,12321692096150398,NPB,MLB,adaboost
MLB,Corey Kluber,2022,10000000,304103744.84231526,86497012730273680,NPB,MLB,adaboost
MLB,Nick Pivetta,2022,5350000,198278284.8061363,37221323078237650,NPB,MLB,adaboost
MLB,Kutter Crawford,2022,730000,108004516.39298524,11507821867348858,NPB,MLB,adaboost
MLB,Brayan Bello,2022,729500,78683725.48386602,6076861270789427,NPB,MLB,adaboost
MLB,Josh Winckowski,2022,722000,68695910.34039119,4620452486963540,NPB,MLB,adaboost
MLB,Connor Seabold,2022,722000,91152349.63625306,8177648135334974,NPB,MLB,adaboost
MLB,Kutter Crawford,2022,343008,108004516.39298524,11591000389452832,NPB,MLB,adaboost
MLB,Brayan Bello,2022,334768,78683725.48386602,6138559138808645,NPB,MLB,adaboost
MLB,Jameson Taillon,2022,17000000,281189788.6218074,69796244412035270,NPB,MLB,adaboost
MLB,Drew Smyly,2022,9500000,162394274.78028876,23376659260590444,NPB,MLB,adaboost
MLB,Adrian Sampson,2022,1900000,109694022.1200862,11619551204825632,NPB,MLB,adaboost
MLB,Justin Steele,2022,1673331,151038135.40175122,22309844793973400,NPB,MLB,adaboost
MLB,Keegan Thompson,2022,740000,157728240.4048252,24645307625403196,NPB,MLB,adaboost
MLB,Justin Steele,2022,740000,151038135.40175122,22589529505243144,NPB,MLB,adaboost
MLB,Javier Assad,2022,721500,70131054.91066055,4817686312896002,NPB,MLB,adaboost
MLB,Hayden Wesneski,2022,721500,113255906.4094342,12663992625923706,NPB,MLB,adaboost
MLB,Caleb Kilian,2022,720000,75479290.09408025,5588951455370846,NPB,MLB,adaboost
MLB,Javier Assad,2022,261955,70131054.91066055,4881691122325866,NPB,MLB,adaboost
MLB,Mike Clevinger,2022,12000000,167093363.38220662,24053951365205188,NPB,MLB,adaboost
MLB,Lucas Giolito,2022,10400000,171813547.04418722,26054333169386040,NPB,MLB,adaboost
MLB,Dylan Cease,2022,5700000,256790114.0218064,63046245359483736,NPB,MLB,adaboost
MLB,Michael Kopech,2022,2050000,140048710.47041476,19043644091497360,NPB,MLB,adaboost
MLB,José Ureña,2022,720000,88229670.25918114,7657942388870612,NPB,MLB,adaboost
MLB,Hunter Greene,2022,8833333,116127364.5853647,11512009213841238,NPB,MLB,adaboost
MLB,Justin Dunn,2022,900000,85161222.14444189,7099953557274984,NPB,MLB,adaboost
MLB,Hunter Greene,2022,730000,116127364.5853647,13316551753247582,NPB,MLB,adaboost
MLB,Nick Lodolo,2022,730000,95077519.34558095,8901454406664772,NPB,MLB,adaboost
MLB,Connor Overton,2022,730000,96673567.44019818,9205168133151856,NPB,MLB,adaboost
MLB,Vladimir Gutierrez,2022,730000,77303236.30587755,5863460518355764,NPB,MLB,adaboost
MLB,Graham Ashcraft,2022,722500,88588615.74855547,7720454296738547,NPB,MLB,adaboost
MLB,Chase Anderson,2022,720000,240916414.40512732,57694317493079656,NPB,MLB,adaboost
MLB,Shane Bieber,2022,10010000,262642169.10088575,63823012864618536,NPB,MLB,adaboost
MLB,Cal Quantrill,2022,5500000,196643162.99873626,36535708761161456,NPB,MLB,adaboost
MLB,Zach Plesac,2022,2950000,129044223.16308674,15899753115102322,NPB,MLB,adaboost
MLB,Aaron Civale,2022,2600000,148057794.60400024,21157970011059520,NPB,MLB,adaboost
MLB,Triston McKenzie,2022,739500,200305166.33731234,39826455180655480,NPB,MLB,adaboost
MLB,Cody Morris,2022,720200,74475282.10013819,5439812135598124,NPB,MLB,adaboost
MLB,Hunter Gaddis,2022,720100,72393869.91527422,5137129293867668,NPB,MLB,adaboost
MLB,Xzavion Curry,2022,720100,80497616.93572104,6364452208429257,NPB,MLB,adaboost
MLB,Konnor Pilkington,2022,720000,67574345.93569815,446950357049e4,NPB,MLB,adaboost
MLB,José Ureña,2022,3500000,88229670.25918114,7179117022229565,NPB,MLB,adaboost
MLB,Austin Gomber,2022,1650000,106160395.05577293,10922422674713726,NPB,MLB,adaboost
MLB,Ryan Feltner,2022,722000,78407535.59012872,6035042439925156,NPB,MLB,adaboost
MLB,Chris Flexen,2022,720000,113207171.23742174,12653363692997040,NPB,MLB,adaboost
MLB,Michael Lorenzen,2022,8500000,104531671.14112158,9222081862156524,NPB,MLB,adaboost
MLB,Tyler Alexander,2022,1875000,88092553.93889742,7433466607206685,NPB,MLB,adaboost
MLB,Rony García,2022,830000,93267847.23357046,8544755601176909,NPB,MLB,adaboost
MLB,Tarik Skubal,2022,743700,100507706.19543806,9952856932163404,NPB,MLB,adaboost
MLB,Casey Mize,2022,734200,71809771.53449306,5051736868954840,NPB,MLB,adaboost
MLB,Matt Manning,2022,729200,73293666.24325438,5265601761168404,NPB,MLB,adaboost
MLB,Beau Brieske,2022,724400,87345000.51202257,7503128433063405,NPB,MLB,adaboost
MLB,Joey Wentz,2022,723500,78274891.03931557,6014218252132835,NPB,MLB,adaboost
MLB,Zach Logue,2022,720000,75599003.97614484,5606865236459514,NPB,MLB,adaboost
MLB,Alex Faedo,2022,720000,79370749.56282638,6185940406794434,NPB,MLB,adaboost
MLB,Tarik Skubal,2022,408487,100507706.19543806,10019853683536354,NPB,MLB,adaboost
MLB,Cristian Javier,2022,12800000,182929837.45603636,28944161592817352,NPB,MLB,adaboost
MLB,Framber Valdez,2022,6800000,271624707.59381646,70132125752150390,NPB,MLB,adaboost
MLB,José Urquidy,2022,3025000,219935030.36742112,47049961273995550,NPB,MLB,adaboost
MLB,Jordan Lyles,2022,8500000,186210107.68560916,31580882373630804,NPB,MLB,adaboost
MLB,Zack Greinke,2022,8500000,291212953.5080231,79926614081229620,NPB,MLB,adaboost
MLB,Brad Keller,2022,5775000,107830634.252975,10415352482777004,NPB,MLB,adaboost
MLB,Brady Singer,2022,2950000,196958829.4975681,37639425923016450,NPB,MLB,adaboost
MLB,Kris Bubic,2022,2200000,112006544.40841414,12057477194917026,NPB,MLB,adaboost
MLB,Ángel Zerpa,2022,721400,79926429.94110633,6273436767971551,NPB,MLB,adaboost
MLB,Cole Ragans,2022,381333,70201843.74947248,4874903721317203,NPB,MLB,adaboost
MLB,Tyler Anderson,2022,13000000,273248990.4591507,67729537035007096,NPB,MLB,adaboost
MLB,Patrick Sandoval,2022,2750000,125370942.43258657,15035895523055708,NPB,MLB,adaboost
MLB,José Suarez,2022,750000,107883307.87084071,11477545655348340,NPB,MLB,adaboost
MLB,Tucker Davidson,2022,740000,70955142.28611466,4930166206259327,NPB,MLB,adaboost
MLB,Reid Detmers,2022,740000,89045357.99681672,7797836250945963,NPB,MLB,adaboost
MLB,Jhonathan Díaz,2022,720000,63218708.165959515,3906088522413774.5,NPB,MLB,adaboost
MLB,Chase Silseth,2022,720000,74551913.50031157,5451151451117490,NPB,MLB,adaboost
MLB,Reid Detmers,2022,274063,89045357.99681672,7880342815411858,NPB,MLB,adaboost
MLB,Clayton Kershaw,2022,20000000,349608297.233976,108641629605481070,NPB,MLB,adaboost
MLB,Julio Urías,2022,14250000,313521209.7422186,89563256980571008,NPB,MLB,adaboost
MLB,Noah Syndergaard,2022,13000000,159159893.5366997,21362714478659396,NPB,MLB,adaboost
MLB,Walker Buehler,2022,8025000,103699718.79966475,9153651817394924,NPB,MLB,adaboost
MLB,Tony Gonsolin,2022,3325000,264918271.43626097,68431039660725310,NPB,MLB,adaboost
MLB,Dustin May,2022,1675000,113458114.13759068,12495464606297624,NPB,MLB,adaboost
MLB,Michael Grove,2022,722500,69071345.0207446,4671564615669765,NPB,MLB,adaboost
MLB,Ryan Pepiot,2022,722500,105964835.55324055,11075949192700880,NPB,MLB,adaboost
MLB,Johnny Cueto,2022,8500000,243053758.71741548,55015465728467560,NPB,MLB,adaboost
MLB,Pablo López,2022,5450000,159499835.55156845,23731351833465284,NPB,MLB,adaboost
MLB,Jesús Luzardo,2022,2450000,101285960.45208545,9768547078486200,NPB,MLB,adaboost
MLB,Devin Smeltzer,2022,1000000,89582521.01516403,7846863029401977,NPB,MLB,adaboost
MLB,Trevor Rogers,2022,752000,106275132.90500496,11135131578087342,NPB,MLB,adaboost
MLB,Braxton Garrett,2022,732000,94077294.28361902,8713343964895437,NPB,MLB,adaboost
MLB,Edward Cabrera,2022,731000,90434776.15355958,8046767456207924,NPB,MLB,adaboost
MLB,Max Meyer,2022,721500,78311573.97732444,6020219579806679,NPB,MLB,adaboost
MLB,Chi Chi González,2022,720000,124408936.82613802,15298953093180362,NPB,MLB,adaboost
MLB,Daniel Castano,2022,720000,79012419.39345458,6129702934480583,NPB,MLB,adaboost
MLB,Braxton Garrett,2022,466898,94077294.28361902,8762906292376193,NPB,MLB,adaboost
MLB,Aaron Ashby,2022,4100000,98997257.66401371,9005489512150210,NPB,MLB,adaboost
MLB,Brandon Woodruff,2022,10800000,252524901.46392852,58430927987745950,NPB,MLB,adaboost
MLB,Corbin Burnes,2022,10010000,219915116.71577594,44060158023463520,NPB,MLB,adaboost
MLB,Eric Lauer,2022,5075000,170076859.71121034,27225613708157940,NPB,MLB,adaboost
MLB,Wade Miley,2022,4500000,139941442.40228522,18344384320011544,NPB,MLB,adaboost
MLB,Adrian Houser,2022,3600000,85303749.99752042,6675502763657318,NPB,MLB,adaboost
MLB,Bryse Wilson,2022,732600,95060354.9678487,8897725357274506,NPB,MLB,adaboost
MLB,Jason Alexander,2022,732500,93831953.92959805,8667508321989349,NPB,MLB,adaboost
MLB,Janson Junk,2022,720000,98856272.22403374,9630727926029656,NPB,MLB,adaboost
MLB,Ethan Small,2022,720000,81667130.47986136,6552437932923701,NPB,MLB,adaboost
MLB,Chris Paddack,2022,4175000,92763057.55182962,7847843940806277,NPB,MLB,adaboost
MLB,Tyler Mahle,2022,7500000,126292157.15964666,14111576602642192,NPB,MLB,adaboost
MLB,Chris Paddack,2022,2400000,92763057.55182962,8165482170115272,NPB,MLB,adaboost
MLB,Joe Ryan,2022,730250,192038563.61444038,36598870858001070,NPB,MLB,adaboost
MLB,Josh Winder,2022,725650,88224935.45425044,7656124955004403,NPB,MLB,adaboost
MLB,Dallas Keuchel,2022,720000,130385212.30985345,16813067283359370,NPB,MLB,adaboost
MLB,Bailey Ober,2022,720000,96431854.29117927,9160759051855932,NPB,MLB,adaboost
MLB,Bailey Ober,2022,432752,96431854.29117927,9215827640712300,NPB,MLB,adaboost
MLB,Joe Ryan,2022,341931,192038563.61444038,36747598955715730,NPB,MLB,adaboost
MLB,Justin Verlander,2022,43333333,434789322.0220012,153237791341193120,NPB,MLB,adaboost
MLB,Jose Quintana,2022,13000000,251883493.0374136,57065323245756030,NPB,MLB,adaboost
MLB,Elieser Hernández,2022,1600000,84374299.2862058,6851584622322370,NPB,MLB,adaboost
MLB,Tylor Megill,2022,750000,106633552.62296885,11211326716061014,NPB,MLB,adaboost
MLB,David Peterson,2022,750000,110792872.19518788,12109433720966454,NPB,MLB,adaboost
MLB,José Buttó,2022,720000,84527972.83255391,7023776310302094,NPB,MLB,adaboost
MLB,Carlos Rodón,2022,27000000,255181866.22841468,52066964075482136,NPB,MLB,adaboost
MLB,Frankie Montas,2022,7500000,182650267.28114408,30677616128656212,NPB,MLB,adaboost
MLB,Nestor Cortes,2022,3200000,193073902.30277473,36052098775683640,NPB,MLB,adaboost
MLB,Domingo Germán,2022,2600000,126405404.11385365,15327778087794610,NPB,MLB,adaboost
MLB,Luis Gil,2022,723400,88440814.58489582,7694344821458494,NPB,MLB,adaboost
MLB,Taijuan Walker,2022,18000000,168638134.5711128,22691847587064692,NPB,MLB,adaboost
MLB,Ranger Suárez,2022,2950000,147148559.27418968,20793224496751996,NPB,MLB,adaboost
MLB,Bailey Falter,2022,733000,97516416.16855231,9367029645255192,NPB,MLB,adaboost
MLB,Rich Hill,2022,8000000,191382029.88279015,33628968883932540,NPB,MLB,adaboost
MLB,Mitch Keller,2022,2437500,173088536.40226737,29121776225167980,NPB,MLB,adaboost
MLB,JT Brubaker,2022,2275000,188546630.45726234,34697120313206900,NPB,MLB,adaboost
MLB,Roansy Contreras,2022,725000,93525126.86331849,8611863545848006,NPB,MLB,adaboost
MLB,Yu Darvish,2022,18000000,394686188.0072394,141892484235425310,NPB,MLB,adaboost
MLB,Joe Musgrove,2022,20000000,205131982.97547817,34273851120432740,NPB,MLB,adaboost
MLB,Michael Wacha,2022,6500000,195433760.82087597,35695965977919968,NPB,MLB,adaboost
MLB,Ryan Weathers,2022,727600,69878360.54674381,4781827684193100,NPB,MLB,adaboost
MLB,Luis Castillo,2022,21600000,203141043.75263637,32957150566796632,NPB,MLB,adaboost
MLB,Logan Gilbert,2022,767300,162023652.2030703,26003611125840660,NPB,MLB,adaboost
MLB,George Kirby,2022,758300,140099315.74382615,19415918668521208,NPB,MLB,adaboost
MLB,George Kirby,2022,613007,140099315.74382615,19456430326977992,NPB,MLB,adaboost
MLB,Logan Gilbert,2022,468999,162023652.2030703,26099905971564316,NPB,MLB,adaboost
MLB,Ross Stripling,2022,12500000,328612003.7532321,99926798916883440,NPB,MLB,adaboost
MLB,Sean Manaea,2022,12500000,219911686.2887422,43019607609139616,NPB,MLB,adaboost
MLB,Logan Webb,2022,4600000,187474971.5774746,33443255229462140,NPB,MLB,adaboost
MLB,Miles Mikolas,2022,18583333,275031759.1663505,65765795283198110,NPB,MLB,adaboost
MLB,Adam Wainwright,2022,17500000,240980241.36797622,49943418281888910,NPB,MLB,adaboost
MLB,Jordan Montgomery,2022,10000000,167092913.68268636,24678183529315948,NPB,MLB,adaboost
MLB,Jack Flaherty,2022,5400000,87690886.44377284,6771789991701916,NPB,MLB,adaboost
MLB,Dakota Hudson,2022,2650000,109907535.71993881,11504178968713950,NPB,MLB,adaboost
MLB,Matthew Liberatore,2022,720000,133588995.17369936,17654169878468544,NPB,MLB,adaboost
MLB,Zach Eflin,2022,13333333,119454978.34694898,11261803611143618,NPB,MLB,adaboost
MLB,Jeffrey Springs,2022,7750000,212859427.75385386,42069877353513390,NPB,MLB,adaboost
MLB,Tyler Glasnow,2022,15175000,125491948.7042197,12169829171409440,NPB,MLB,adaboost
MLB,Yonny Chirinos,2022,1275000,99815254.54731563,9710181766249758,NPB,MLB,adaboost
MLB,Drew Rasmussen,2022,739700,146902401.0214618,21363535169889236,NPB,MLB,adaboost
MLB,Shane McClanahan,2022,737000,229738923.49456972,52441880964212760,NPB,MLB,adaboost
MLB,Shane Baz,2022,723600,85114217.58522826,7121776336416238,NPB,MLB,adaboost
MLB,Elvin Rodríguez,2022,720000,74236460.9611678,5404670032254909,NPB,MLB,adaboost
MLB,Luis Patiño,2022,720000,72078417.37613043,5092023730426034,NPB,MLB,adaboost
MLB,Cooper Criswell,2022,720000,107312665.1069675,11361996254606126,NPB,MLB,adaboost
MLB,Shane McClanahan,2022,349912,229738923.49456972,52619318594455840,NPB,MLB,adaboost
MLB,Jacob deGrom,2022,37000000,224170938.8292777,35032960342233212,NPB,MLB,adaboost
MLB,Nathan Eovaldi,2022,17000000,194412818.25396252,31475308080813536,NPB,MLB,adaboost
MLB,Andrew Heaney,2022,12500000,174037111.9688158,26094238543225732,NPB,MLB,adaboost
MLB,Martín Pérez,2022,19650000,201336143.3404244,33009854681917236,NPB,MLB,adaboost
MLB,Dane Dunning,2022,742840,208869474.41765884,43316695954021810,NPB,MLB,adaboost
MLB,Glenn Otto,2022,736340,126044682.68220559,15702180745761066,NPB,MLB,adaboost
MLB,Spencer Howard,2022,733455,71159899.87322302,4959884137481121,NPB,MLB,adaboost
MLB,Cole Ragans,2022,724145,70201843.74947248,4827150623522450,NPB,MLB,adaboost
MLB,Tyson Miller,2022,720000,85078058.55542944,7116282043241263,NPB,MLB,adaboost
MLB,Chris Bassitt,2022,21000000,291634614.64678603,73243094645014370,NPB,MLB,adaboost
MLB,Alek Manoah,2022,745660,218798938.54770473,47547232285402904,NPB,MLB,adaboost
MLB,Mitch White,2022,743000,89474652.65316775,7873306182562412,NPB,MLB,adaboost
MLB,Thomas Hatch,2022,720000,81510244.68895069,6527063636900525,NPB,MLB,adaboost
MLB,Chad Kuhl,2022,2000000,136586036.40561464,18113401195373432,NPB,MLB,adaboost
MLB,Josiah Gray,2022,730000,125488496.15312552,15564682362389436,NPB,MLB,adaboost
MLB,MacKenzie Gore,2022,723300,78228040.52879156,6006984804435305,NPB,MLB,adaboost
MLB,Cade Cavalli,2022,720200,83406553.26926823,6837033016970225,NPB,MLB,adaboost
MLB,Joan Adon,2022,720000,81260150.57855177,6486715855215793,NPB,MLB,adaboost
MLB,Cory Abbott,2022,720000,75678405.62303701,5618762573547747,NPB,MLB,adaboost
MLB,Josiah Gray,2022,311171,125488496.15312552,15669362732491312,NPB,MLB,adaboost
MLB,Eduardo Rodríguez,2023,20000000,214788556.92283705,37942581908081330,NPB,MLB,adaboost
MLB,Jordan Montgomery,2023,25000000,187447002.09587854,26389028489938368,NPB,MLB,adaboost
MLB,Zac Gallen,2023,10011000,219244048.4805092,43778468576447110,NPB,MLB,adaboost
MLB,Ryne Nelson,2023,764300,119566240.67023218,14113901107013366,NPB,MLB,adaboost
MLB,Tommy Henry,2023,760500,77196046.96483833,5842392839814005,NPB,MLB,adaboost
MLB,Brandon Pfaadt,2023,754400,91658111.13228996,8263484697622818,NPB,MLB,adaboost
MLB,Logan Allen,2023,740000,87776959.4629422,7575432312553843,NPB,MLB,adaboost
MLB,Slade Cecconi,2023,740000,90084827.76423527,7982498248220866,NPB,MLB,adaboost
MLB,Ryne Nelson,2023,274561,119566240.67023218,14230504838545284,NPB,MLB,adaboost
MLB,Brandon Pfaadt,2023,271783,91658111.13228996,8351460969502572,NPB,MLB,adaboost
MLB,Paul Blackburn,2023,3450000,122170728.64010052,14094611408836384,NPB,MLB,adaboost
MLB,Osvaldo Bido,2023,750000,91657084.76805001,8264098061025431,NPB,MLB,adaboost
MLB,Ken Waldichuk,2023,745000,162084932.81450054,26030573920587548,NPB,MLB,adaboost
MLB,JP Sears,2023,745000,184109304.0410297,33622467996451176,NPB,MLB,adaboost
MLB,Joey Estes,2023,740000,69528649.65074864,4731878320773441,NPB,MLB,adaboost
MLB,Joe Boyle,2023,740000,81797971.41350694,6570394729672908,NPB,MLB,adaboost
MLB,Kyle Muller,2023,740000,66305953.343984455,4298894237905546.5,NPB,MLB,adaboost
MLB,Luis Medina,2023,740000,92272533.17697416,8378204629793876,NPB,MLB,adaboost
MLB,Mason Miller,2023,740000,111813432.38913871,12337307382704570,NPB,MLB,adaboost
MLB,Chris Sale,2023,19000000,203719263.898082,34121206455049256,NPB,MLB,adaboost
MLB,Max Fried,2023,15000000,148654710.02907044,17863581512954902,NPB,MLB,adaboost
MLB,Dylan Dodd,2023,740000,73650928.71582544,5316003526204179,NPB,MLB,adaboost
MLB,AJ Smith-Shawver,2023,740000,90697422.36857432,8092337839198076,NPB,MLB,adaboost
MLB,Allan Winans,2023,740000,113152765.03108135,12636629741933106,NPB,MLB,adaboost
MLB,Bryce Elder,2023,740000,143201472.2368681,20295271071895944,NPB,MLB,adaboost
MLB,John Means,2023,3325000,121636487.71056335,13997608124286782,NPB,MLB,adaboost
MLB,Cole Irvin,2023,2000000,99634444.58121967,9532484768683256,NPB,MLB,adaboost
MLB,Tyler Wells,2023,1962500,197286458.8964585,38151448918985416,NPB,MLB,adaboost
MLB,Dean Kremer,2023,756600,157987990.178771,24721710057548924,NPB,MLB,adaboost
MLB,Kyle Bradish,2023,754500,178084283.3252833,31445852054191920,NPB,MLB,adaboost
MLB,Grayson Rodriguez,2023,748300,115230502.56128538,13106174703283176,NPB,MLB,adaboost
MLB,Grayson Rodriguez,2023,243098,115230502.56128538,13222103207740714,NPB,MLB,adaboost
MLB,Brayan Bello,2023,9166667,143500151.51598564,18045485062206552,NPB,MLB,adaboost
MLB,Lucas Giolito,2023,19250000,173829221.68179497,23894735775749512,NPB,MLB,adaboost
MLB,Chase Anderson,2023,1250000,119409380.01805936,13961639086252166,NPB,MLB,adaboost
MLB,Rich Hill,2023,1000000,199735912.74870187,39495963016059640,NPB,MLB,adaboost
MLB,Tanner Houck,2023,770000,99124000.24221708,9673509363646038,NPB,MLB,adaboost
MLB,Kutter Crawford,2023,760000,131130677.90318777,16996513656936732,NPB,MLB,adaboost
MLB,Brad Keller,2023,740000,82535916.34996016,6690571931529680,NPB,MLB,adaboost
MLB,Tanner Houck,2023,534267,99124000.24221708,9719935500771524,NPB,MLB,adaboost
MLB,Kutter Crawford,2023,237986,131130677.90318777,17132896793662836,NPB,MLB,adaboost
MLB,Justin Steele,2023,4000000,212534384.8252336,43486589654438624,NPB,MLB,adaboost
MLB,Jordan Wicks,2023,741500,79763258.11947063,6244438256292122,NPB,MLB,adaboost
MLB,Dylan Cease,2023,8000000,144056269.50747415,18511308472290440,NPB,MLB,adaboost
MLB,Michael Soroka,2023,3000000,77833995.21131535,5600126839287169,NPB,MLB,adaboost
MLB,Michael Kopech,2023,3000000,113920762.65525915,12303415588024332,NPB,MLB,adaboost
MLB,Mike Clevinger,2023,3000000,167979877.69726872,27218360045005748,NPB,MLB,adaboost
MLB,Chris Flexen,2023,1750000,104398294.5013406,10536672364033950,NPB,MLB,adaboost
MLB,Touki Toussaint,2023,1300000,113886062.7101084,12675621516564462,NPB,MLB,adaboost
MLB,Brad Keller,2023,1000000,82535916.34996016,6648105655027701,NPB,MLB,adaboost
MLB,Jared Shuster,2023,740000,67806468.806814,4497911238215355.5,NPB,MLB,adaboost
MLB,Jake Woodford,2023,740000,73292939.23349032,5263928991418539,NPB,MLB,adaboost
MLB,Nick Lodolo,2023,760000,105605777.55524771,10992637071164484,NPB,MLB,adaboost
MLB,Graham Ashcraft,2023,750000,104487068.29980206,10761379339437798,NPB,MLB,adaboost
MLB,Brandon Williamson,2023,742500,96727422.60753274,9213105367974050,NPB,MLB,adaboost
MLB,Andrew Abbott,2023,742500,111046604.65047893,12166995502743808,NPB,MLB,adaboost
MLB,Lyon Richardson,2023,740000,72078417.37613043,5089169793730988,NPB,MLB,adaboost
MLB,Connor Phillips,2023,740000,91600429.13776198,8255617583098266,NPB,MLB,adaboost
MLB,Carson Spiers,2023,740000,69455240.70518538,4721784305171566,NPB,MLB,adaboost
MLB,Hunter Greene,2023,529910,119905787.62361462,14250600158408214,NPB,MLB,adaboost
MLB,Shane Bieber,2023,13125000,124404862.99275768,12383207907686920,NPB,MLB,adaboost
MLB,Carlos Carrasco,2023,2000000,146031790.1214067,20745156565576948,NPB,MLB,adaboost
MLB,Triston McKenzie,2023,1600000,116535841.93203305,13210247760625286,NPB,MLB,adaboost
MLB,Ben Lively,2023,750000,150335567.00860375,22375841857285484,NPB,MLB,adaboost
MLB,Tanner Bibee,2023,745700,142515634.6468406,20098714369769456,NPB,MLB,adaboost
MLB,Logan Allen,2023,744300,87776959.4629422,7574683813192462,NPB,MLB,adaboost
MLB,Gavin Williams,2023,742100,82301653.19535106,6651960717425300,NPB,MLB,adaboost
MLB,Hunter Gaddis,2023,740700,72202767.23638895,5106827053698175,NPB,MLB,adaboost
MLB,Matthew Boyd,2023,740000,146519519.25570297,21251668234423872,NPB,MLB,adaboost
MLB,Tanner Bibee,2023,411884,142515634.6468406,20193475947899452,NPB,MLB,adaboost
MLB,Hunter Gaddis,2023,291335,72202767.23638895,5171254086288760,NPB,MLB,adaboost
MLB,Luis Ortiz,2023,246313,74049150.42658089,5446858812214329,NPB,MLB,adaboost
MLB,Germán Márquez,2023,10000000,107139469.66764612,9436076567311542,NPB,MLB,adaboost
MLB,Cal Quantrill,2023,6550000,118515037.2238213,12536169560531688,NPB,MLB,adaboost
MLB,Austin Gomber,2023,3150000,127047209.51504396,15350518525614700,NPB,MLB,adaboost
MLB,Dakota Hudson,2023,1500000,87851571.43512511,7456593889315515,NPB,MLB,adaboost
MLB,Ty Blach,2023,1000000,122030086.41901733,14648281818594804,NPB,MLB,adaboost
MLB,Ryan Feltner,2023,745000,83047317.16016282,6773671409932032,NPB,MLB,adaboost
MLB,Noah Davis,2023,740000,72921957.32666562,5210234963508577,NPB,MLB,adaboost
MLB,Ryan Feltner,2023,241935,83047317.16016282,6856731314690611,NPB,MLB,adaboost
MLB,Kenta Maeda,2023,12000000,207529022.4397246,38231598616234320,NPB,MLB,adaboost
MLB,Jack Flaherty,2023,14000000,130289301.24772024,13523201584683028,NPB,MLB,adaboost
MLB,Tarik Skubal,2023,2650000,174608726.04305616,29569803462350840,NPB,MLB,adaboost
MLB,Reese Olson,2023,752300,96015759.98815054,9075126808913958,NPB,MLB,adaboost
MLB,Joey Wentz,2023,746700,95056118.246281,8894266369951959,NPB,MLB,adaboost
MLB,Alex Faedo,2023,746600,164570246.89326423,26838187281408924,NPB,MLB,adaboost
MLB,Sawyer Gipson-Long,2023,743600,103431689.78145042,10544843782963222,NPB,MLB,adaboost
MLB,Matt Manning,2023,740000,110525660.6553634,12052891285534606,NPB,MLB,adaboost
MLB,Reese Olson,2023,261138,96015759.98815054,9168947632093602,NPB,MLB,adaboost
MLB,Framber Valdez,2023,12100000,228730800.46847677,46928903711613e3,NPB,MLB,adaboost
MLB,José Urquidy,2023,3750000,91348144.39368135,7673434901216247,NPB,MLB,adaboost
MLB,Hunter Brown,2023,774500,190449373.06493098,35976557472197680,NPB,MLB,adaboost
MLB,J.P. France,2023,767600,158988895.65585274,25033978399016764,NPB,MLB,adaboost
MLB,Brandon Bielak,2023,765000,89969451.03542374,7957434084531312,NPB,MLB,adaboost
MLB,Hunter Brown,2023,416842,190449373.06493098,36112362862943960,NPB,MLB,adaboost
MLB,Seth Lugo,2023,15000000,251592115.63118494,55975829178839984,NPB,MLB,adaboost
MLB,Michael Wacha,2023,16000000,382824830.94819367,134560456600170860,NPB,MLB,adaboost
MLB,Brady Singer,2023,4850000,128812793.79092066,15366774244450318,NPB,MLB,adaboost
MLB,Kris Bubic,2023,2350000,96299133.64988735,8826439713564396,NPB,MLB,adaboost
MLB,Kyle Wright,2023,1800000,84056680.49852186,6766161486635907,NPB,MLB,adaboost
MLB,Jonathan Bowlan,2023,740000,94825406.13819504,8852063648189109,NPB,MLB,adaboost
MLB,Patrick Sandoval,2023,5025000,111483714.2508067,11333457839934914,NPB,MLB,adaboost
MLB,Griffin Canning,2023,2600000,130077425.61368094,16250494041091558,NPB,MLB,adaboost
MLB,Zach Plesac,2023,1000000,113916033.00598483,12750030509808656,NPB,MLB,adaboost
MLB,Johnny Cueto,2023,1000000,131882188.94425629,17130147382840004,NPB,MLB,adaboost
MLB,José Suarez,2023,925000,70844447.33407924,4888729115503080,NPB,MLB,adaboost
MLB,Reid Detmers,2023,770000,171131105.82250986,29022906377068400,NPB,MLB,adaboost
MLB,Chase Silseth,2023,750000,86982418.563915,7436030011382232,NPB,MLB,adaboost
MLB,Tyler Glasnow,2023,27312500,348436376.38999456,103120543987736510,NPB,MLB,adaboost
MLB,Clayton Kershaw,2023,5000000,386775403.15421784,145752458453565570,NPB,MLB,adaboost
MLB,James Paxton,2023,7000000,178705114.07814965,29482646200590384,NPB,MLB,adaboost
MLB,Dustin May,2023,2135000,83875820.586652,6681561750179231,NPB,MLB,adaboost
MLB,Michael Grove,2023,760000,98124408.42440821,9479828027834972,NPB,MLB,adaboost
MLB,Bobby Miller,2023,750000,129317729.65128958,16529661107687086,NPB,MLB,adaboost
MLB,Emmet Sheehan,2023,750000,114937397.9276361,13038761845484314,NPB,MLB,adaboost
MLB,Gavin Stone,2023,742500,64330567.948288016,4043442385396093.5,NPB,MLB,adaboost
MLB,Gavin Stone,2023,350022,64330567.948288016,4093510259840994,NPB,MLB,adaboost
MLB,Jesús Luzardo,2023,5500000,173049845.11613896,28072950598442156,NPB,MLB,adaboost
MLB,Trevor Rogers,2023,1530000,98288875.3725258,9362279963355980,NPB,MLB,adaboost
MLB,Braxton Garrett,2023,764000,200463753.44835624,39879991527334270,NPB,MLB,adaboost
MLB,Edward Cabrera,2023,761000,120710621.88349834,14387911789994224,NPB,MLB,adaboost
MLB,Ryan Weathers,2023,752600,70328549.79242697,4840812789518319,NPB,MLB,adaboost
MLB,Eury Pérez,2023,748000,97653607.09108424,9390696685691596,NPB,MLB,adaboost
MLB,Brandon Woodruff,2023,8750000,179392511.67062494,29118866789259368,NPB,MLB,adaboost
MLB,Corbin Burnes,2023,15637000,221754511.8550863,42484428693331640,NPB,MLB,adaboost
MLB,Wade Miley,2023,8500000,181111952.60500208,29794886182111484,NPB,MLB,adaboost
MLB,Colin Rea,2023,4500000,164832705.27012438,25706576379236568,NPB,MLB,adaboost
MLB,Janson Junk,2023,740000,87045476.88968886,7448635341156619,NPB,MLB,adaboost
MLB,Pablo López,2023,18375000,197818063.25769377,32199812951304688,NPB,MLB,adaboost
MLB,Bailey Ober,2023,761850,165293111.4904983,27070536007654732,NPB,MLB,adaboost
MLB,Joe Ryan,2023,758850,179567643.29876032,31972584560958796,NPB,MLB,adaboost
MLB,Bailey Ober,2023,381085,165293111.4904983,27195976481202816,NPB,MLB,adaboost
MLB,Joe Ryan,2023,331054,179567643.29876032,32125754943452484,NPB,MLB,adaboost
MLB,Luis Severino,2023,13000000,108719649.71217155,9162251341020824,NPB,MLB,adaboost
MLB,Adrian Houser,2023,5050000,129633521.89555056,15521053927899126,NPB,MLB,adaboost
MLB,Julio Teheran,2023,2500000,135189861.7816923,17606599419644606,NPB,MLB,adaboost
MLB,David Peterson,2023,2150000,144564231.04168987,20281813203195824,NPB,MLB,adaboost
MLB,Joey Lucchesi,2023,1650000,98954784.34919126,9468221057242618,NPB,MLB,adaboost
MLB,Tylor Megill,2023,766250,115439580.25726908,13149972672292706,NPB,MLB,adaboost
MLB,José Buttó,2023,740000,83052617.8282875,6775367053745713,NPB,MLB,adaboost
MLB,Marcus Stroman,2023,18500000,317777383.99507034,89566952570932780,NPB,MLB,adaboost
MLB,Nestor Cortes,2023,3950000,132886901.32271664,16624724522703968,NPB,MLB,adaboost
MLB,Clarke Schmidt,2023,2025000,138183280.63979816,18539077386786036,NPB,MLB,adaboost
MLB,Luke Weaver,2023,2000000,134100867.25666606,17450639129963308,NPB,MLB,adaboost
MLB,Aaron Nola,2023,24571429,247992771.73573926,49917096389840670,NPB,MLB,adaboost
MLB,Ranger Suárez,2023,5050000,133557248.10479867,16514112815468282,NPB,MLB,adaboost
MLB,Spencer Turnbull,2023,2000000,91643985.94301514,8036044215751497,NPB,MLB,adaboost
MLB,Kolby Allard,2023,1000000,92880875.27477224,8442095241258253,NPB,MLB,adaboost
MLB,Cristopher Sánchez,2023,753500,112056668.99969667,12388395429375038,NPB,MLB,adaboost
MLB,Luis Ortiz,2023,744000,74049150.42658089,5373645079063653,NPB,MLB,adaboost
MLB,Cristopher Sánchez,2023,576282,112056668.99969667,12427876685602138,NPB,MLB,adaboost
MLB,Mitch Keller,2023,15400000,190626850.59871972,30704449170746040,NPB,MLB,adaboost
MLB,Martín Pérez,2023,8000000,225927140.92760783,47492238752881450,NPB,MLB,adaboost
MLB,Mitch Keller,2023,5442500,190626850.59871972,34293243706669544,NPB,MLB,adaboost
MLB,Johan Oviedo,2023,765000,133833863.37715338,17707322400487512,NPB,MLB,adaboost
MLB,Roansy Contreras,2023,755000,64839917.88160047,4106876699891475.5,NPB,MLB,adaboost
MLB,Bailey Falter,2023,755000,87467326.1585783,7519027507831664,NPB,MLB,adaboost
MLB,Luis Ortiz,2023,747500,74049150.42658089,5373131955260667,NPB,MLB,adaboost
MLB,Jake Woodford,2023,740000,73292939.23349032,5263928991418539,NPB,MLB,adaboost
MLB,Domingo Germán,2023,740000,257790189.1025576,66074799717660624,NPB,MLB,adaboost
MLB,Quinn Priester,2023,740000,67580580.62584746,4467663218400414.5,NPB,MLB,adaboost
MLB,Mason Miller,2023,825276,111813432.38913871,12318370858659912,NPB,MLB,adaboost
MLB,Matt Waldron,2023,741800,83752800.0930786,6890826136453095,NPB,MLB,adaboost
MLB,Jhony Brito,2023,740000,96267241.16415423,9125453804434482,NPB,MLB,adaboost
MLB,Logan Gilbert,2023,4050000,195192635.84085009,36535507236187824,NPB,MLB,adaboost
MLB,George Kirby,2023,798600,191138677.27065817,36229345015400120,NPB,MLB,adaboost
MLB,Bryce Miller,2023,752600,132153040.24108972,17266075695552190,NPB,MLB,adaboost
MLB,Bryan Woo,2023,749000,120551632.51770489,14352670758172240,NPB,MLB,adaboost
MLB,Emerson Hancock,2023,741300,71011341.64092919,4937878752217923,NPB,MLB,adaboost
MLB,Dallas Keuchel,2023,740000,142744115.26407176,20165168751931780,NPB,MLB,adaboost
MLB,Bryce Miller,2023,497306,132153040.24108972,17333232358560444,NPB,MLB,adaboost
MLB,George Kirby,2023,446287,191138677.27065817,36363587707137010,NPB,MLB,adaboost
MLB,Bryan Woo,2023,362483,120551632.51770489,14445431661789222,NPB,MLB,adaboost
MLB,Logan Webb,2023,18000000,194396208.4156216,31115622343407416,NPB,MLB,adaboost
MLB,Blake Snell,2023,31000000,282997725.19485295,63502853503380624,NPB,MLB,adaboost
MLB,Kyle Harrison,2023,743750,88015760.88824081,7616403884477223,NPB,MLB,adaboost
MLB,Keaton Winn,2023,743750,96730578.37527844,9213471221545158,NPB,MLB,adaboost
MLB,Sonny Gray,2023,25000000,238074259.37246287,45400640007123584,NPB,MLB,adaboost
MLB,Kyle Gibson,2023,13000000,285805379.9815977,74422775346903920,NPB,MLB,adaboost
MLB,Lance Lynn,2023,11000000,303165672.41306293,85360780136577200,NPB,MLB,adaboost
MLB,Matthew Liberatore,2023,747200,74776138.52840705,5480283739642670,NPB,MLB,adaboost
MLB,Shane McClanahan,2023,3600000,190068870.51272696,34770639670292136,NPB,MLB,adaboost
MLB,Aaron Civale,2023,4900000,133758192.7327433,16604433834348816,NPB,MLB,adaboost
MLB,Drew Rasmussen,2023,1862500,110504357.67288329,11803053238615030,NPB,MLB,adaboost
MLB,Zack Littell,2023,1850000,113048697.7475975,12365150380761546,NPB,MLB,adaboost
MLB,Taj Bradley,2023,743300,99187392.23486161,9691239295945940,NPB,MLB,adaboost
MLB,Tyler Mahle,2023,11000000,113087563.81688718,10421870686067014,NPB,MLB,adaboost
MLB,Michael Lorenzen,2023,4500000,172967469.21701232,28381288184384992,NPB,MLB,adaboost
MLB,Dane Dunning,2023,3325000,223449632.73424232,48454853936385064,NPB,MLB,adaboost
MLB,José Ureña,2023,1500000,106884617.07676914,11105917516417262,NPB,MLB,adaboost
MLB,Chase Anderson,2023,1000000,119409380.01805936,14020781276261194,NPB,MLB,adaboost
MLB,Alek Manoah,2023,782500,83963394.3285783,6919061181302108,NPB,MLB,adaboost
MLB,Wes Parsons,2023,749600,92234134.59976426,8369420070935464,NPB,MLB,adaboost
MLB,Josiah Gray,2023,757400,135184379.26721317,18070612754907760,NPB,MLB,adaboost
MLB,MacKenzie Gore,2023,749600,157513849.08617958,24575029791553756,NPB,MLB,adaboost
MLB,Jake Irvin,2023,745600,125104959.8452123,15465250381111e3,NPB,MLB,adaboost
MLB,Jackson Rutledge,2023,740000,72393869.91527422,5134277073835040,NPB,MLB,adaboost
MLB,Joan Adon,2023,740000,65565660.67266184,4202366281647096,NPB,MLB,adaboost
MLB,MacKenzie Gore,2023,300017,157513849.08617958,24716188999221468,NPB,MLB,adaboost
MLB,Jake Irvin,2023,239663,125104959.8452123,15591342356242984,NPB,MLB,adaboost
MLB,Corbin Burnes,2024,35000000,196206566.6905633,25987557144159032,NPB,MLB,adaboost
MLB,Brandon Pfaadt,2024,799400,181710380.7763718,32728782965468768,NPB,MLB,adaboost
MLB,Luis Severino,2024,22333333,193469870.68801346,29287714531840852,NPB,MLB,adaboost
MLB,JP Sears,2024,770000,152852843.4080918,23129191259090176,NPB,MLB,adaboost
MLB,Osvaldo Bido,2024,765000,138687631.21601686,19022652201549388,NPB,MLB,adaboost
MLB,Luis Medina,2024,765000,78045411.5976094,5972262016695922,NPB,MLB,adaboost
MLB,Mitch Spence,2024,765000,122688658.60371119,14865378527314318,NPB,MLB,adaboost
MLB,J.T. Ginn,2024,760000,74414736.46322018,5425020203466416,NPB,MLB,adaboost
MLB,Joey Estes,2024,760000,88730369.51201342,7738785912080180,NPB,MLB,adaboost
MLB,Brady Basso,2024,760000,88675065.17289682,7729058684354695,NPB,MLB,adaboost
MLB,Reynaldo López,2024,10000000,245583634.2102655,55499648707716170,NPB,MLB,adaboost
MLB,Bryce Elder,2024,800000,77102586.56164585,5822084715997458,NPB,MLB,adaboost
MLB,AJ Smith-Shawver,2024,770000,87191655.11664574,7468702473100461,NPB,MLB,adaboost
MLB,Spencer Schwellenbach,2024,770000,131680716.1227554,17137615595772648,NPB,MLB,adaboost
MLB,Charlie Morton,2024,760000,239388238.11716563,56943436026902696,NPB,MLB,adaboost
MLB,Hurston Waldrep,2024,760000,72078417.37613043,5086316657035943,NPB,MLB,adaboost
MLB,Davis Daniel,2024,760000,96546137.57115547,9174984150800322,NPB,MLB,adaboost
MLB,Spencer Schwellenbach,2024,335439,131680716.1227554,17251581822453412,NPB,MLB,adaboost
MLB,Hurston Waldrep,2024,221100,72078417.37613043,5163474060493936,NPB,MLB,adaboost
MLB,Charlie Morton,2024,15000000,239388238.11716563,50350081405325824,NPB,MLB,adaboost
MLB,Kyle Gibson,2024,5250000,225408857.54890707,48469922557239960,NPB,MLB,adaboost
MLB,Dean Kremer,2024,2950000,139652373.8467587,18687539015338976,NPB,MLB,adaboost
MLB,Trevor Rogers,2024,2600000,95623755.3593197,8653419061150561,NPB,MLB,adaboost
MLB,Kyle Bradish,2024,2350000,114325224.25901763,12538450847857290,NPB,MLB,adaboost
MLB,Tyler Wells,2024,2075000,91416638.1461595,7981928306639302,NPB,MLB,adaboost
MLB,Albert Suárez,2024,825000,286988568.8486231,81889588136180660,NPB,MLB,adaboost
MLB,Grayson Rodriguez,2024,770800,188224386.22739094,35138846989509892,NPB,MLB,adaboost
MLB,Cade Povich,2024,766100,85294024.12627017,7144969957096488,NPB,MLB,adaboost
MLB,Chayce McDermott,2024,762200,68600251.90393431,4602001286120886,NPB,MLB,adaboost
MLB,Cody Poteet,2024,760000,124347797.61962344,15273943720469e3,NPB,MLB,adaboost
MLB,Walker Buehler,2024,21050000,102272303.36243087,6597062563498749,NPB,MLB,adaboost
MLB,Patrick Sandoval,2024,9125000,89739477.84253931,6498694037825261,NPB,MLB,adaboost
MLB,Tanner Houck,2024,3950000,134995893.88946405,17173026305288672,NPB,MLB,adaboost
MLB,Garrett Crochet,2024,3800000,146524452.82129145,20370269433137048,NPB,MLB,adaboost
MLB,Kutter Crawford,2024,2750000,155358729.96721312,23289424462205772,NPB,MLB,adaboost
MLB,Cooper Criswell,2024,1000000,85627327.44650742,7161784550738389,NPB,MLB,adaboost
MLB,Richard Fitts,2024,766000,71011341.64092919,4934408022250861,NPB,MLB,adaboost
MLB,Quinn Priester,2024,760000,80206763.65628359,6311788255457383,NPB,MLB,adaboost
MLB,Brayan Bello,2024,336196,162560774.81412807,26316813971421252,NPB,MLB,adaboost
MLB,Matthew Boyd,2024,14500000,137050084.7599952,15018523274682006,NPB,MLB,adaboost
MLB,Justin Steele,2024,6550000,214231686.50771078,43131682910687056,NPB,MLB,adaboost
MLB,Colin Rea,2024,5000000,273971647.7181056,72345747276192700,NPB,MLB,adaboost
MLB,Chris Flexen,2024,1250000,185726423.49434555,34031550825265124,NPB,MLB,adaboost
MLB,Javier Assad,2024,793250,121446210.5756038,14557136895658204,NPB,MLB,adaboost
MLB,Ben Brown,2024,762500,113670469.27683555,12748209526218840,NPB,MLB,adaboost
MLB,Jordan Wicks,2024,760000,75735208.85677357,5621281943116818,NPB,MLB,adaboost
MLB,Martín Pérez,2024,5000000,214386083.53122923,43842531976546904,NPB,MLB,adaboost
MLB,Mike Clevinger,2024,1500000,114254945.04805881,12713677632790762,NPB,MLB,adaboost
MLB,Jonathan Cannon,2024,769100,77109514.21685864,5827858842801553,NPB,MLB,adaboost
MLB,Davis Martin,2024,765450,80742532.6155944,6396333743701612,NPB,MLB,adaboost
MLB,Drew Thorpe,2024,764750,89171114.29328457,7815685247556940,NPB,MLB,adaboost
MLB,Ky Bush,2024,760800,80497616.93572104,6357959975040690,NPB,MLB,adaboost
MLB,Sean Burke,2024,760350,84222799.59464334,6965980492338380,NPB,MLB,adaboost
MLB,Brady Singer,2024,8750000,141197187.98241225,17542257604448448,NPB,MLB,adaboost
MLB,Wade Miley,2024,2500000,115826600.24736744,12842918323626622,NPB,MLB,adaboost
MLB,Nick Lodolo,2024,1975000,137574984.8334825,18387355886840684,NPB,MLB,adaboost
MLB,Graham Ashcraft,2024,780000,97603595.33110031,9374808612840670,NPB,MLB,adaboost
MLB,Brandon Williamson,2024,770000,95621523.4083269,8996811492880385,NPB,MLB,adaboost
MLB,Andrew Abbott,2024,770000,153875498.26156378,23441293597921708,NPB,MLB,adaboost
MLB,Rhett Lowder,2024,761500,75591222.0732639,5599487305561918,NPB,MLB,adaboost
MLB,Julian Aguiar,2024,761500,72393869.91527422,5131196419678683,NPB,MLB,adaboost
MLB,Andrew Abbott,2024,520065,153875498.26156378,23517888910841940,NPB,MLB,adaboost
MLB,Tanner Bibee,2024,9600000,172817639.05555338,26639997698868904,NPB,MLB,adaboost
MLB,Shane Bieber,2024,13000000,144870114.8928047,17389727201841516,NPB,MLB,adaboost
MLB,Ben Lively,2024,2250000,247618185.01309198,60205546216618936,NPB,MLB,adaboost
MLB,Triston McKenzie,2024,1950000,101413756.32839893,9893038822955118,NPB,MLB,adaboost
MLB,Kolby Allard,2024,1000000,103310455.52721974,10467429310187208,NPB,MLB,adaboost
MLB,John Means,2024,1000000,148651499.94006786,21800965434551860,NPB,MLB,adaboost
MLB,Kolby Allard,2024,850000,103310455.52721974,10498144946845374,NPB,MLB,adaboost
MLB,Gavin Williams,2024,780300,90456894.09744476,8041891528917864,NPB,MLB,adaboost
MLB,Logan Allen,2024,777200,151285101.48056528,22652628408083544,NPB,MLB,adaboost
MLB,Slade Cecconi,2024,765000,75127864.65972973,5529835640401281,NPB,MLB,adaboost
MLB,Joey Cantillo,2024,762800,88479153.4270805,7694158658544496,NPB,MLB,adaboost
MLB,Gavin Williams,2024,347481,90456894.09744476,8119706328765949,NPB,MLB,adaboost
MLB,Tanner Bibee,2024,217235,172817639.05555338,29790899480140288,NPB,MLB,adaboost
MLB,Austin Gomber,2024,6350000,182084919.60332325,30882761967986488,NPB,MLB,adaboost
MLB,Ryan Feltner,2024,2275000,199829736.53229907,39027873926346104,NPB,MLB,adaboost
MLB,Bradley Blalock,2024,762000,72078417.37613043,5086031387366439,NPB,MLB,adaboost
MLB,Tanner Gordon,2024,760000,96438528.97603409,9154380907017794,NPB,MLB,adaboost
MLB,Jack Flaherty,2024,17500000,250910044.15310058,54480248711552360,NPB,MLB,adaboost
MLB,Alex Cobb,2024,15000000,194463444.97788677,32207128083330992,NPB,MLB,adaboost
MLB,Tarik Skubal,2024,10150000,363113168.0751028,124582998017613280,NPB,MLB,adaboost
MLB,Casey Mize,2024,2340000,94183479.56479815,8435224738569495,NPB,MLB,adaboost
MLB,Reese Olson,2024,787100,110610861.67409086,12061258628247508,NPB,MLB,adaboost
MLB,Keider Montero,2024,760000,81031566.12873982,6443524328760650,NPB,MLB,adaboost
MLB,Matt Manning,2024,760000,87364515.48709573,7500342102754604,NPB,MLB,adaboost
MLB,Reese Olson,2024,224416,110610861.67409086,12185167388559014,NPB,MLB,adaboost
MLB,Framber Valdez,2024,18000000,269014601.4838319,63008330158086936,NPB,MLB,adaboost
MLB,Hunter Brown,2024,2206538,186210385.9510723,33857416060801336,NPB,MLB,adaboost
MLB,Hunter Brown,2024,870000,186210385.9510723,34351058664492440,NPB,MLB,adaboost
MLB,Ronel Blanco,2024,802700,245301104.8897237,59779469993619264,NPB,MLB,adaboost
MLB,Spencer Arrighetti,2024,794200,125536081.19858211,15560536924961174,NPB,MLB,adaboost
MLB,J.P. France,2024,769900,87347447.72170475,7495671769504064,NPB,MLB,adaboost
MLB,Michael Wacha,2024,17000000,229134590.38198802,45001084436533840,NPB,MLB,adaboost
MLB,Cole Ragans,2024,4416667,205083187.6201806,40267052497809370,NPB,MLB,adaboost
MLB,Michael Lorenzen,2024,7000000,187250178.141904,32490126720188124,NPB,MLB,adaboost
MLB,Alec Marsh,2024,769000,128202155.00958773,16239208995697616,NPB,MLB,adaboost
MLB,Jonathan Bowlan,2024,760000,92419079.67984039,8401386887755329,NPB,MLB,adaboost
MLB,Yusei Kikuchi,2024,21225000,248638156.46949264,51716743735417944,NPB,MLB,adaboost
MLB,Kyle Hendricks,2024,2500000,190502777.2052133,35345044236873072,NPB,MLB,adaboost
MLB,Reid Detmers,2024,1825000,94308756.80572017,8553245272899591,NPB,MLB,adaboost
MLB,José Soriano,2024,790000,123590625.96024743,15079993736228594,NPB,MLB,adaboost
MLB,Jack Kochanowicz,2024,770000,89368867.65981051,7849759350600617,NPB,MLB,adaboost
MLB,Caden Dana,2024,760000,67720316.96170644,4483684047612192,NPB,MLB,adaboost
MLB,Chase Silseth,2024,760000,84527972.83255391,7017073272475490,NPB,MLB,adaboost
MLB,José Soriano,2024,324925,123590625.96024743,15194433033221144,NPB,MLB,adaboost
MLB,Blake Snell,2024,36400000,186352121.6099792,22485638775333996,NPB,MLB,adaboost
MLB,Clayton Kershaw,2024,7500000,203221659.35573867,38306967940963810,NPB,MLB,adaboost
MLB,Justin Wrobleski,2024,800000,76792415.38315882,5774847195766553,NPB,MLB,adaboost
MLB,Gavin Stone,2024,780000,161909297.73390728,25962650588222140,NPB,MLB,adaboost
MLB,River Ryan,2024,770000,113530916.92206849,12715024385105632,NPB,MLB,adaboost
MLB,Andrew Heaney,2024,760000,268621067.7877035,71749551636368696,NPB,MLB,adaboost
MLB,Landon Knack,2024,760000,100952445.83877884,10038526203156630,NPB,MLB,adaboost
MLB,Bobby Miller,2024,760000,81781449.35164243,6564475255040760,NPB,MLB,adaboost
MLB,Cal Quantrill,2024,3500000,117106757.38265587,12906495323001634,NPB,MLB,adaboost
MLB,Edward Cabrera,2024,1950000,100323004.97017795,9677248106862656,NPB,MLB,adaboost
MLB,Braxton Garrett,2024,1530000,110429010.74504486,11858994541249396,NPB,MLB,adaboost
MLB,Valente Bellozo,2024,800000,81282379.60676268,6477413427167049,NPB,MLB,adaboost
MLB,Ryan Weathers,2024,779100,93476261.60084575,8592763768853313,NPB,MLB,adaboost
MLB,Max Meyer,2024,768000,155004100.52814072,23788774706126732,NPB,MLB,adaboost
MLB,Adam Mazur,2024,760000,67806468.806814,4495228979463082.5,NPB,MLB,adaboost
MLB,Aaron Civale,2024,8000000,148400795.41071332,19712383351960976,NPB,MLB,adaboost
MLB,Nestor Cortes,2024,7600000,146928676.91377807,19412480210543952,NPB,MLB,adaboost
MLB,Jose Quintana,2024,4000000,262702733.46263525,66927104301039296,NPB,MLB,adaboost
MLB,Tobias Myers,2024,781800,135141740.83545074,18052593701305824,NPB,MLB,adaboost
MLB,DL Hall,2024,766100,77348597.62563962,5864878942581098,NPB,MLB,adaboost
MLB,Robert Gasser,2024,765400,84980253.8556009,7092141609920217,NPB,MLB,adaboost
MLB,Erick Fedde,2024,760000,183116634.08296597,33253941994068748,NPB,MLB,adaboost
MLB,Quinn Priester,2024,307705,80206763.65628359,6383859574160245,NPB,MLB,adaboost
MLB,Bailey Ober,2024,3550000,225990663.28033474,49479848680595264,NPB,MLB,adaboost
MLB,Joe Ryan,2024,3000000,278425942.9616745,75859450056327580,NPB,MLB,adaboost
MLB,David Festa,2024,760000,93019158.1943097,8511752270722662,NPB,MLB,adaboost
MLB,Zebby Matthews,2024,760000,79139470.4707205,6143341391270547,NPB,MLB,adaboost
MLB,Sean Manaea,2024,25000000,305450219.83222234,78652325803941840,NPB,MLB,adaboost
MLB,Frankie Montas,2024,17000000,197151475.96046555,32454554290734196,NPB,MLB,adaboost
MLB,David Peterson,2024,4625000,170588694.71044967,27543947961943340,NPB,MLB,adaboost
MLB,Griffin Canning,2024,4250000,138441239.38726524,18007288728290324,NPB,MLB,adaboost
MLB,Paul Blackburn,2024,4050000,116100324.10815963,12555275132743620,NPB,MLB,adaboost
MLB,Tylor Megill,2024,1975000,111857898.58958617,12074251402449278,NPB,MLB,adaboost
MLB,Christian Scott,2024,764500,78206089.86088996,5997199840182294,NPB,MLB,adaboost
MLB,Max Fried,2024,27250000,220799132.79479596,37461266805617560,NPB,MLB,adaboost
MLB,Clarke Schmidt,2024,3600000,151932277.4688084,22002464539083568,NPB,MLB,adaboost
MLB,Carlos Carrasco,2024,1500000,172763121.38249597,29331056745675548,NPB,MLB,adaboost
MLB,Luis Gil,2024,804125,261728302.6611849,68081426488165584,NPB,MLB,adaboost
MLB,Will Warren,2024,767600,83752035.67338392,6886416564029994,NPB,MLB,adaboost
MLB,Paul Blackburn,2024,760000,116100324.10815963,13303390365375310,NPB,MLB,adaboost
MLB,Allan Winans,2024,760000,98236715.75418615,9501710114222404,NPB,MLB,adaboost
MLB,Will Warren,2024,223911,83752035.67338392,6976947611452368,NPB,MLB,adaboost
MLB,Zack Wheeler,2024,42000000,355569679.2823364,98325943765227310,NPB,MLB,adaboost
MLB,Cristopher Sánchez,2024,5625000,158321466.46921793,23316210872184996,NPB,MLB,adaboost
MLB,Ranger Suárez,2024,8800000,180852923.29391453,29602208413981636,NPB,MLB,adaboost
MLB,Jesús Luzardo,2024,6625000,88590211.74212478,6718295935931350,NPB,MLB,adaboost
MLB,Cristopher Sánchez,2024,2678437,158321466.46921793,24224752622355840,NPB,MLB,adaboost
MLB,Tyler Phillips,2024,764000,84142353.20179123,6951949782642649,NPB,MLB,adaboost
MLB,Walker Buehler,2024,760000,102272303.36243087,10304747733946194,NPB,MLB,adaboost
MLB,Seth Johnson,2024,760000,68600251.90393431,4602299778389263,NPB,MLB,adaboost
MLB,Andrew Heaney,2024,5250000,268621067.7877035,69364319347635120,NPB,MLB,adaboost
MLB,Paul Skenes,2024,3436343,205401377.57380682,40789875190398984,NPB,MLB,adaboost
MLB,Bailey Falter,2024,2222000,130549228.55750586,16467877589250348,NPB,MLB,adaboost
MLB,Paul Skenes,2024,875000,205401377.57380682,41831039123463390,NPB,MLB,adaboost
MLB,Jared Jones,2024,775000,108275443.87599878,11556345433536764,NPB,MLB,adaboost
MLB,Nick Pivetta,2024,13750000,222220423.51722533,43459917481451296,NPB,MLB,adaboost
MLB,Dylan Cease,2024,13750000,257678715.56325108,59501218276337450,NPB,MLB,adaboost
MLB,Michael King,2024,7750000,216395195.3431375,43532817539776010,NPB,MLB,adaboost
MLB,Matt Waldron,2024,775800,118938668.75457683,13962463552311350,NPB,MLB,adaboost
MLB,Randy Vásquez,2024,772800,83211743.17634782,6796179352033105,NPB,MLB,adaboost
MLB,Logan Gilbert,2024,7625000,295456912.6056552,82847209914229540,NPB,MLB,adaboost
MLB,George Kirby,2024,4300000,266735521.46724197,68872402927783224,NPB,MLB,adaboost
MLB,Bryan Woo,2024,1540676,103440382.33094366,10383550150332560,NPB,MLB,adaboost
MLB,Bryce Miller,2024,800000,161766825.20882955,25910318817809884,NPB,MLB,adaboost
MLB,Bryan Woo,2024,783300,103440382.33094366,10538476552702144,NPB,MLB,adaboost
MLB,Emerson Hancock,2024,766000,81337512.0765343,6491768558299113,NPB,MLB,adaboost
MLB,Luis Castillo,2024,760000,291940458.74312836,84786059553858670,NPB,MLB,adaboost
MLB,Justin Verlander,2024,15000000,152194163.7333257,18822238562486580,NPB,MLB,adaboost
MLB,Joey Lucchesi,2024,854839,128227480.25903262,16223789741302220,NPB,MLB,adaboost
MLB,Hayden Birdsong,2024,765000,85339590.648285985,7152861383325143,NPB,MLB,adaboost
MLB,Mason Black,2024,760000,73820504.85064207,5337837369030693,NPB,MLB,adaboost
MLB,Keaton Winn,2024,760000,89571694.95316418,7887517160453887,NPB,MLB,adaboost
MLB,Kyle Harrison,2024,760000,99236167.60359621,9697555585891572,NPB,MLB,adaboost
MLB,Andre Pallante,2024,2100000,94718024.03272974,8578098375727305,NPB,MLB,adaboost
MLB,Gordon Graceffo,2024,760000,71376757.93595494,4986726501385255,NPB,MLB,adaboost
MLB,Roddery Muñoz,2024,760000,73671608.18911016,5316102608722316,NPB,MLB,adaboost
MLB,Michael McGreevy,2024,760000,100814397.561872,10010882471469138,NPB,MLB,adaboost
MLB,Zack Littell,2024,5720000,205278969.0529368,39823782129470984,NPB,MLB,adaboost
MLB,Shane Baz,2024,1450000,99998315.23046185,9711770434762480,NPB,MLB,adaboost
MLB,Ryan Pepiot,2024,774600,148786263.64222264,21907452574138452,NPB,MLB,adaboost
MLB,Taj Bradley,2024,774200,132184341.76696546,17268625359213962,NPB,MLB,adaboost
MLB,Joe Boyle,2024,760000,85978774.3592651,7262239503295340,NPB,MLB,adaboost
MLB,Ryan Pepiot,2024,303898,148786263.64222264,22047012906710700,NPB,MLB,adaboost
MLB,Nathan Eovaldi,2024,25000000,292631987.3324634,71626880643523840,NPB,MLB,adaboost
MLB,Dane Dunning,2024,2660000,111431352.6131757,11831207149299806,NPB,MLB,adaboost
MLB,Patrick Corbin,2024,1100000,242939554.5306715,58486370135593640,NPB,MLB,adaboost
MLB,Cody Bradford,2024,774000,127958535.14753623,16175905980694880,NPB,MLB,adaboost
MLB,Jack Leiter,2024,762500,66173158.9941816,4278554310053110.5,NPB,MLB,adaboost
MLB,Kumar Rocker,2024,761500,80139053.0279857,6300795924710683,NPB,MLB,adaboost
MLB,Jack Leiter,2024,286905,66173158.9941816,4340998465385811.5,NPB,MLB,adaboost
MLB,Max Scherzer,2024,15500000,179353804.33542022,26848069195190176,NPB,MLB,adaboost
MLB,Alek Manoah,2024,2200000,108535117.51293287,11307157216489242,NPB,MLB,adaboost
MLB,Jake Bloss,2024,123900,70546630.40349914,4959360957483922,NPB,MLB,adaboost
MLB,Trevor Williams,2024,7000000,221978447.8266938,46215733029974510,NPB,MLB,adaboost
MLB,MacKenzie Gore,2024,2890000,164821066.91873026,26221670433438296,NPB,MLB,adaboost
MLB,Josiah Gray,2024,1350000,98144937.13135651,9369259854263258,NPB,MLB,adaboost
MLB,Jake Irvin,2024,774600,154521810.807519,23638204831091684,NPB,MLB,adaboost
MLB,Mitchell Parker,2024,767200,113679648.7507961,12749221082901154,NPB,MLB,adaboost
MLB,DJ Herz,2024,764200,92344209.84280369,8386898202808020,NPB,MLB,adaboost
MLB,Brandon Pfaadt,2025,9000000,151320253.48255697,20255054551339268,NPB,MLB,adaboost
MLB,Merrill Kelly,2025,20000000,284686977.64960784,70059196137284e3,NPB,MLB,adaboost
MLB,Zac Gallen,2025,22025000,167295868.48383248,21103625230046952,NPB,MLB,adaboost
MLB,Michael Soroka,2025,7500000,123999456.10140114,13572123271922290,NPB,MLB,adaboost
MLB,Ryne Nelson,2025,3000000,153889521.39980796,22767647668263104,NPB,MLB,adaboost
MLB,Aaron Civale,2025,6000000,128997300.36764954,15128335897729802,NPB,MLB,adaboost
MLB,J.T. Ginn,2025,785000,116715780.09427632,13439945773267456,NPB,MLB,adaboost
MLB,Luis Morales,2025,780000,121808512.60861269,14647900864253120,NPB,MLB,adaboost
MLB,Mason Barnett,2025,780000,135890648.99085218,18254887470729264,NPB,MLB,adaboost
MLB,Gunnar Hoglund,2025,780000,73273804.85750209,5255351742717593,NPB,MLB,adaboost
MLB,Jacob Lopez,2025,780000,115116988.92385162,13072947036172968,NPB,MLB,adaboost
MLB,Martín Pérez,2025,3500000,184253710.53142288,32671903870877416,NPB,MLB,adaboost
MLB,Carlos Carrasco,2025,1500000,135442796.34131426,17940672691730788,NPB,MLB,adaboost
MLB,AJ Smith-Shawver,2025,800000,73914689.4081971,5345757807257130,NPB,MLB,adaboost
MLB,Spencer Schwellenbach,2025,800000,121257141.70329309,14509922987327230,NPB,MLB,adaboost
MLB,Grant Holmes,2025,800000,133357970.16912124,17571615455357636,NPB,MLB,adaboost
MLB,Hurston Waldrep,2025,798300,83366688.46060102,6817538772980711,NPB,MLB,adaboost
MLB,Shane Baz,2025,13600000,179567414.8567956,27545182794247700,NPB,MLB,adaboost
MLB,Chris Bassitt,2025,18500000,303057823.65782654,80973155004878700,NPB,MLB,adaboost
MLB,Zach Eflin,2025,10000000,126219328.4492252,13506932305188886,NPB,MLB,adaboost
MLB,Trevor Rogers,2025,6200000,112366944.15360355,11271420030914376,NPB,MLB,adaboost
MLB,Dean Kremer,2025,5750000,173191252.2113407,28036572942101804,NPB,MLB,adaboost
MLB,Kyle Bradish,2025,3550000,192414271.86148953,35669713185770628,NPB,MLB,adaboost
MLB,Shane Baz,2025,3500000,179567414.8567956,30999734574354972,NPB,MLB,adaboost
MLB,Tyler Wells,2025,2450000,107281718.06539918,10989689112543342,NPB,MLB,adaboost
MLB,Garrett Crochet,2025,28333333,285921699.19130355,66351766397105096,NPB,MLB,adaboost
MLB,Ranger Suárez,2025,26000000,175677658.0380775,22403401315763668,NPB,MLB,adaboost
MLB,Tanner Houck,2025,4150000,86738190.31181805,6820809178981077,NPB,MLB,adaboost
MLB,Johan Oviedo,2025,1550000,96747916.9618501,9062643393875308,NPB,MLB,adaboost
MLB,Connelly Early,2025,789500,94318466.81634784,8747667633733495,NPB,MLB,adaboost
MLB,Shota Imanaga,2025,22025000,340181403.1077624,1.0122349683846901e+17,NPB,MLB,adaboost
MLB,Justin Steele,2025,6775000,111615975.91733676,10991630231299586,NPB,MLB,adaboost
MLB,Colin Rea,2025,6500000,254120463.1060705,61315893748864816,NPB,MLB,adaboost
MLB,Edward Cabrera,2025,4450000,147692181.01122615,20518322420852876,NPB,MLB,adaboost
MLB,Javier Assad,2025,1800000,83065878.6802674,6604143037675938,NPB,MLB,adaboost
MLB,Cade Horton,2025,817500,121721356.11398375,14617742423230886,NPB,MLB,adaboost
MLB,Ben Brown,2025,800000,85113739.65269609,7108806694222617,NPB,MLB,adaboost
MLB,Erick Fedde,2025,1500000,183926933.65649894,33279586123312664,NPB,MLB,adaboost
MLB,Shane Smith,2025,825900,131987644.61579217,17203403250658286,NPB,MLB,adaboost
MLB,Davis Martin,2025,798900,112348599.49467412,12443335457352098,NPB,MLB,adaboost
MLB,Sean Burke,2025,793200,194313236.10362703,37450004373549104,NPB,MLB,adaboost
MLB,Brady Singer,2025,12750000,220709102.44477576,43246988289636736,NPB,MLB,adaboost
MLB,Nick Lodolo,2025,4725000,162030824.56262758,24745122441328168,NPB,MLB,adaboost
MLB,Andrew Abbott,2025,800000,154148521.72003374,23515769113719660,NPB,MLB,adaboost
MLB,Chase Burns,2025,785000,82841022.36432682,6733190806254903,NPB,MLB,adaboost
MLB,Chase Petty,2025,780000,75032664.53390694,5513458190384921,NPB,MLB,adaboost
MLB,Gavin Williams,2025,822200,182174031.80619207,32888486899461376,NPB,MLB,adaboost
MLB,Slade Cecconi,2025,795600,119394478.80375779,14065694053508428,NPB,MLB,adaboost
MLB,Parker Messick,2025,788400,100318855.01230249,9906311474955970,NPB,MLB,adaboost
MLB,Doug Nikhazy,2025,780000,93478968.91504328,8593098837912160,NPB,MLB,adaboost
MLB,Michael Lorenzen,2025,8000000,199004492.38357928,36482716110708800,NPB,MLB,adaboost
MLB,Jose Quintana,2025,6000000,230658901.6740059,50471622101370650,NPB,MLB,adaboost
MLB,Tomoyuki Sugano,2025,5100000,265934537.8239306,68034656121823480,NPB,MLB,adaboost
MLB,Ryan Feltner,2025,2450000,100214915.68023406,9557978737963276,NPB,MLB,adaboost
MLB,Chase Dollander,2025,782000,73897496.37007669,5345875809442697,NPB,MLB,adaboost
MLB,McCade Brown,2025,782000,74589278.27877936,5447514326921175,NPB,MLB,adaboost
MLB,Tanner Gordon,2025,780000,97910869.01657751,9434405715915538,NPB,MLB,adaboost
MLB,Framber Valdez,2025,38333333,248028292.04394045,43971975848439864,NPB,MLB,adaboost
MLB,Tarik Skubal,2025,32000000,286666340.3855286,64854944925357930,NPB,MLB,adaboost
MLB,Justin Verlander,2025,13000000,240006440.62097412,51531924083403850,NPB,MLB,adaboost
MLB,Casey Mize,2025,6150000,244803996.36446154,56955729980728424,NPB,MLB,adaboost
MLB,Reese Olson,2025,818100,76481064.88482262,5724884255161901,NPB,MLB,adaboost
MLB,Jackson Jobe,2025,784300,73224347.95412464,5247560547595878,NPB,MLB,adaboost
MLB,Hunter Brown,2025,5710000,192322257.1853148,34824134531798076,NPB,MLB,adaboost
MLB,Hayden Wesneski,2025,975000,98983071.05819772,9605581992548734,NPB,MLB,adaboost
MLB,Brandon Walter,2025,850000,117038619.1084565,13499795210329984,NPB,MLB,adaboost
MLB,Ronel Blanco,2025,802700,215637788.7099168,46154115340997824,NPB,MLB,adaboost
MLB,Kai-Wei Teng,2025,786700,117116070.98386411,13532522553501486,NPB,MLB,adaboost
MLB,Colton Gordon,2025,780000,87719568.61186312,7558488590416855,NPB,MLB,adaboost
MLB,Seth Lugo,2025,23000000,201222679.67408484,31763323550211456,NPB,MLB,adaboost
MLB,Kris Bubic,2025,6150000,113437657.08579382,11510641362958886,NPB,MLB,adaboost
MLB,Bailey Falter,2025,3600000,102246136.99222542,9731060343488906,NPB,MLB,adaboost
MLB,Noah Cameron,2025,802000,147998037.51891282,21666673461269192,NPB,MLB,adaboost
MLB,Stephen Kolek,2025,793250,126768262.26791432,15869703715901164,NPB,MLB,adaboost
MLB,José Soriano,2025,2900000,143594982.57186943,19795078120898644,NPB,MLB,adaboost
MLB,Jack Kochanowicz,2025,800000,78360316.7753589,6015602738294019,NPB,MLB,adaboost
MLB,Mitch Farris,2025,780000,82354221.85260466,6654353670857963,NPB,MLB,adaboost
MLB,Emmet Sheehan,2025,810000,98496686.18287195,9542688657390906,NPB,MLB,adaboost
MLB,Roki Sasaki,2025,800000,89171114.29328457,7809453841436764,NPB,MLB,adaboost
MLB,Bobby Miller,2025,800000,98856272.22403374,9615032522473812,NPB,MLB,adaboost
MLB,Landon Knack,2025,790000,99909833.9441436,9824741481114600,NPB,MLB,adaboost
MLB,Chris Paddack,2025,4000000,165591949.435277,26111958122293112,NPB,MLB,adaboost
MLB,Ryan Weathers,2025,1350000,87461252.78443259,7415147856104449,NPB,MLB,adaboost
MLB,Max Meyer,2025,980000,117791957.53007354,13645033422007704,NPB,MLB,adaboost
MLB,Eury Pérez,2025,799500,132584173.70714585,17367200224098900,NPB,MLB,adaboost
MLB,Janson Junk,2025,798000,98828241.57771237,9609928263784648,NPB,MLB,adaboost
MLB,Adam Mazur,2025,786000,74096668.46046557,5374454110120301,NPB,MLB,adaboost
MLB,Brandon Woodruff,2025,22025000,204757562.690456,33391189467421432,NPB,MLB,adaboost
MLB,Quinn Priester,2025,803200,157084611.8622201,24423879693648872,NPB,MLB,adaboost
MLB,Chad Patrick,2025,796400,127110670.907486,15955295034889766,NPB,MLB,adaboost
MLB,Jacob Misiorowski,2025,788300,118428341.60767972,13839179389456616,NPB,MLB,adaboost
MLB,Kyle Harrison,2025,786100,77428039.47656542,5873986886729517,NPB,MLB,adaboost
MLB,Brandon Sproat,2025,783000,75883741.11675064,5640121316285201,NPB,MLB,adaboost
MLB,Logan Henderson,2025,780000,90924579.45272216,8126045204708139,NPB,MLB,adaboost
MLB,Joe Ryan,2025,6200000,251612225.51037714,60227160429956200,NPB,MLB,adaboost
MLB,Bailey Ober,2025,5200000,162845569.54303068,24852125596546524,NPB,MLB,adaboost
MLB,Taj Bradley,2025,802050,124059477.14828333,15192393347214374,NPB,MLB,adaboost
MLB,David Festa,2025,791200,92617042.09470668,8431985276402006,NPB,MLB,adaboost
MLB,Mick Abel,2025,782500,74606372.42476223,5449964139787570,NPB,MLB,adaboost
MLB,David Peterson,2025,8100000,140248432.78583127,17463208287751366,NPB,MLB,adaboost
MLB,Tylor Megill,2025,2500000,133546664.64774708,17173228315299086,NPB,MLB,adaboost
MLB,Nolan McLean,2025,791500,113270227.2305761,12651464079410342,NPB,MLB,adaboost
MLB,Jonah Tong,2025,780000,83095966.50089315,6775918340976163,NPB,MLB,adaboost
MLB,Clarke Schmidt,2025,4500000,181597645.86729798,31363576171738884,NPB,MLB,adaboost
MLB,Luis Gil,2025,2162500,85100788.07015036,6878759628007246,NPB,MLB,adaboost
MLB,Will Warren,2025,826625,156242033.91603544,24153949328538508,NPB,MLB,adaboost
MLB,Cam Schlittler,2025,801425,84933235.58134575,7078161551695441,NPB,MLB,adaboost
MLB,Jesús Luzardo,2025,11000000,254798385.227859,59437652639711536,NPB,MLB,adaboost
MLB,Paul Skenes,2025,1085000,242146638.70381862,58110713654570384,NPB,MLB,adaboost
MLB,Bubba Chandler,2025,787200,103287998.18811013,10506413629199680,NPB,MLB,adaboost
MLB,Michael King,2025,25000000,135473677.88083243,12204433504517926,NPB,MLB,adaboost
MLB,Lucas Giolito,2025,3000000,215704471.18254822,45243192061047490,NPB,MLB,adaboost
MLB,JP Sears,2025,2750000,179796502.21217033,31345463945564036,NPB,MLB,adaboost
MLB,Griffin Canning,2025,2500000,99466946.09986706,9402588635934524,NPB,MLB,adaboost
MLB,Germán Márquez,2025,1750000,118508292.3830364,13632498840202616,NPB,MLB,adaboost
MLB,Walker Buehler,2025,1500000,165528417.27842894,26905321674866408,NPB,MLB,adaboost
MLB,Randy Vásquez,2025,808800,115753994.13480218,13212397654687360,NPB,MLB,adaboost
MLB,Matt Waldron,2025,796800,84639778.94159721,7029645117801113,NPB,MLB,adaboost
MLB,Logan Gilbert,2025,10927000,228359017.70789942,47276682324528290,NPB,MLB,adaboost
MLB,George Kirby,2025,6550000,201526129.33250535,38015691009485850,NPB,MLB,adaboost
MLB,Bryce Miller,2025,2452500,103905952.5192593,10292803028077602,NPB,MLB,adaboost
MLB,Bryan Woo,2025,831600,316278091.10219866,99506488748689500,NPB,MLB,adaboost
MLB,Emerson Hancock,2025,793300,89740342.58138768,7911576383975194,NPB,MLB,adaboost
MLB,Logan Evans,2025,785800,79253639.90296747,6157201899037734,NPB,MLB,adaboost
MLB,Adrian Houser,2025,11000000,151577210.63874525,19761952150970152,NPB,MLB,adaboost
MLB,Tyler Mahle,2025,10000000,128037645.922778,13932885854991108,NPB,MLB,adaboost
MLB,Landen Roupp,2025,800000,114520828.04285452,12932426730752486,NPB,MLB,adaboost
MLB,Trevor McDonald,2025,780000,92840189.23958208,8475078442827664,NPB,MLB,adaboost
MLB,Blade Tidwell,2025,780000,64015115.40914423,3998679820807790,NPB,MLB,adaboost
MLB,Dustin May,2025,12500000,115791272.73706788,10669087023643342,NPB,MLB,adaboost
MLB,Andre Pallante,2025,4000000,134531839.29558802,17038561069889216,NPB,MLB,adaboost
MLB,Matthew Liberatore,2025,2260000,116077926.4964297,12954520391946674,NPB,MLB,adaboost
MLB,Hunter Dobbins,2025,787600,74173601.18548226,5385505169995604,NPB,MLB,adaboost
MLB,Michael McGreevy,2025,784550,87468646.36985378,7514132563458097,NPB,MLB,adaboost
MLB,Nick Martinez,2025,13000000,250878437.304981,56586150934659776,NPB,MLB,adaboost
MLB,Ryan Pepiot,2025,3025000,177384718.97506735,30401311601064460,NPB,MLB,adaboost
MLB,Joe Boyle,2025,784200,87768901.4074737,7566338278947357,NPB,MLB,adaboost
MLB,Cal Quantrill,2025,1000000,139613369.17478445,19213666113985084,NPB,MLB,adaboost
MLB,Jack Leiter,2025,794000,163147812.29126048,26358760365505844,NPB,MLB,adaboost
MLB,Kumar Rocker,2025,789000,93214399.33178125,8542454441639231,NPB,MLB,adaboost
MLB,Dylan Cease,2025,30000000,161857859.74697435,17386495177052758,NPB,MLB,adaboost
MLB,Eric Lauer,2025,4400000,173275902.5584029,28519070464915188,NPB,MLB,adaboost
MLB,Max Scherzer,2025,3000000,179427469.69404516,31126652062643224,NPB,MLB,adaboost
MLB,Patrick Corbin,2025,1000000,212436477.79773927,44705384143513890,NPB,MLB,adaboost
MLB,Bowden Francis,2025,809800,98653006.45802157,9573293049987034,NPB,MLB,adaboost
MLB,Trey Yesavage,2025,788800,79017633.46470003,6119750385247771,NPB,MLB,adaboost
MLB,Zack Littell,2025,7000000,182645646.85036772,30851393257484092,NPB,MLB,adaboost
MLB,MacKenzie Gore,2025,5600000,192305543.3189494,34858959906024092,NPB,MLB,adaboost
MLB,Jake Irvin,2025,2800000,143414106.61132154,19772326978100100,NPB,MLB,adaboost
MLB,Miles Mikolas,2025,2250000,241066417.25747466,57033281151696240,NPB,MLB,adaboost
MLB,Cade Cavalli,2025,870000,95313156.19642663,8919509752342638,NPB,MLB,adaboost
MLB,Andrew Alvarez,2025,780000,93452961.56626083,8588277805461657,NPB,MLB,adaboost
NPB,久保　康友,2010,180000000,10845460.235469537,28613258322950112,MLB,NPB,adaboost
NPB,下柳　剛,2010,90000000,6752111.993004119,6930210857625330,MLB,NPB,adaboost
NPB,能見　篤史,2010,50000000,8766985.896344163,1700161452072281.2,MLB,NPB,adaboost
NPB,秋山　拓巳,2010,12000000,4081800.6294366983,62697881271989.08,MLB,NPB,adaboost
NPB,鶴　直人,2010,11000000,3761990.7809634525,52388777454858.055,MLB,NPB,adaboost
NPB,小嶋　達也,2010,10000000,4100855.869070087,34799901477484.844,MLB,NPB,adaboost
NPB,清水　直行,2010,280000000,7027608.706122671,74513926408697660,MLB,NPB,adaboost
NPB,三浦　大輔,2010,250000000,6608209.7095294595,59239563580800390,MLB,NPB,adaboost
NPB,大家　友和,2010,100000000,6824679.024527763,8681640438882277,MLB,NPB,adaboost
NPB,山本　省吾,2010,62000000,6998331.540451037,3025183533334143.5,MLB,NPB,adaboost
NPB,加賀　繁,2010,25000000,6506765.6424325835,341999717003911.9,MLB,NPB,adaboost
NPB,田中　健二朗,2010,8200000,3814765.146791569,19230284717793.97,MLB,NPB,adaboost
NPB,杉原　洋,2010,6000000,4307765.397162283,2863657951041.326,MLB,NPB,adaboost
NPB,眞下　貴之,2010,5500000,3936542.80706477,2444398394140.9097,MLB,NPB,adaboost
NPB,内海　哲也,2010,120000000,7717634.957322655,12607329499577050,MLB,NPB,adaboost
NPB,東野　峻,2010,75000000,5542431.502125235,4824353821636965,MLB,NPB,adaboost
NPB,藤井　秀悟,2010,70000000,8089794.149606781,3832873588438063,MLB,NPB,adaboost
NPB,朝井　秀樹,2010,40000000,5448687.508736184,1193793194868963,MLB,NPB,adaboost
NPB,西村　健太朗,2010,28000000,4979476.643228996,529944495619639.3,MLB,NPB,adaboost
NPB,黄　志龍,2010,4400000,4012354.5118715204,150269024466.3672,MLB,NPB,adaboost
NPB,吉見　一起,2010,120000000,7665560.924905499,12619026202316120,MLB,NPB,adaboost
NPB,山本昌,2010,100000000,7361924.893790422,8581812959383726,MLB,NPB,adaboost
NPB,中田　賢一,2010,72000000,10041598.071760265,3838843569501301,MLB,NPB,adaboost
NPB,朝倉　健太,2010,71250000,6843157.5757782385,4148241351058532,MLB,NPB,adaboost
NPB,山井　大介,2010,42000000,8337442.882009964,1133167751721941.2,MLB,NPB,adaboost
NPB,小笠原　孝,2010,39000000,6430356.9913132405,1060781645713298.2,MLB,NPB,adaboost
NPB,川井　雄太,2010,25500000,6628939.710459657,356116916451466.44,MLB,NPB,adaboost
NPB,山内　壮馬,2010,15000000,4572003.002122845,108743121387734.95,MLB,NPB,adaboost
NPB,岩田　慎司,2010,13000000,4784788.869525881,67489693918265.86,MLB,NPB,adaboost
NPB,伊藤　準規,2010,7500000,4090937.85209262,11621704728294.879,MLB,NPB,adaboost
NPB,前田　健太,2010,120000000,8803472.506048951,12364667726713012,MLB,NPB,adaboost
NPB,大竹　寛,2010,80000000,5194950.920284266,5595795367818679,MLB,NPB,adaboost
NPB,齊藤　悠葵,2010,21000000,4356808.377839086,276995827371967.28,MLB,NPB,adaboost
NPB,青木　高広,2010,16000000,6322172.362634689,93660347778551.84,MLB,NPB,adaboost
NPB,小松　剛,2010,13000000,4504364.439080649,72175823583957.47,MLB,NPB,adaboost
NPB,今村　猛,2010,10000000,4068512.591777042,35182542873907.508,MLB,NPB,adaboost
NPB,今井　啓介,2010,9500000,3642449.6907498967,34310895625395.98,MLB,NPB,adaboost
NPB,石川　雅規,2010,180000000,10512108.651476232,28726145313768996,MLB,NPB,adaboost
NPB,館山　昌平,2010,120000000,9555654.061912127,12197953549692028,MLB,NPB,adaboost
NPB,村中　恭兵,2010,51000000,5960124.297595681,2028590403288031,MLB,NPB,adaboost
NPB,中澤　雅人,2010,24000000,4961689.535973095,362457265324676.4,MLB,NPB,adaboost
NPB,赤川　克紀,2010,7200000,4393817.35522145,7874661035856.336,MLB,NPB,adaboost
NPB,山本　斉,2010,6000000,4833274.059870982,1361249419369.942,MLB,NPB,adaboost
NPB,杉内　俊哉,2010,350000000,19619925.335644152,109150993735225360,MLB,NPB,adaboost
NPB,和田　毅,2010,330000000,19415763.526561335,96462567945788880,MLB,NPB,adaboost
NPB,大隣　憲司,2010,35000000,5705327.351203651,858177845600137,MLB,NPB,adaboost
NPB,小椋　真介,2010,25000000,7313305.872654911,312819149154263.25,MLB,NPB,adaboost
NPB,山田　大樹,2010,12000000,3608832.803096014,70411686926397.48,MLB,NPB,adaboost
NPB,巽　真悟,2010,10600000,3642449.6907498967,48407506305746.21,MLB,NPB,adaboost
NPB,岩嵜　翔,2010,8400000,3642449.6907498967,22634284945045.754,MLB,NPB,adaboost
NPB,ダルビッシュ　有,2010,500000000,7680888.25600606,242378107788395200,MLB,NPB,adaboost
NPB,武田　勝,2010,135000000,10311823.183331346,15547141437864828,MLB,NPB,adaboost
NPB,八木　智哉,2010,48000000,5510231.316950511,1805380442739052.8,MLB,NPB,adaboost
NPB,増井　浩俊,2010,16000000,4523451.04214792,131711175981975.67,MLB,NPB,adaboost
NPB,糸数　敬作,2010,15000000,5013216.710270998,99735840476010.44,MLB,NPB,adaboost
NPB,矢貫　俊之,2010,11000000,5386680.203645688,31509359136143.22,MLB,NPB,adaboost
NPB,吉川　光夫,2010,10500000,3608832.803096014,47488185335685.54,MLB,NPB,adaboost
NPB,多田野　数人,2010,8000000,8412670.291755099,170296769697.2384,MLB,NPB,adaboost
NPB,中村　勝,2010,8000000,3766972.7605164233,17918519610209.945,MLB,NPB,adaboost
NPB,ダース　ローマシュ匡,2010,5200000,3932559.432882578,1606405591174.9321,MLB,NPB,adaboost
NPB,木佐貫　洋,2010,60000000,9078932.035155209,2592955162680342.5,MLB,NPB,adaboost
NPB,近藤　一樹,2010,49000000,7881788.458911217,1690707320337726.8,MLB,NPB,adaboost
NPB,長谷川　昌幸,2010,32000000,6172254.055517481,667072460572733.25,MLB,NPB,adaboost
NPB,中山　慎也,2010,20000000,6994999.992045606,169130025206893.8,MLB,NPB,adaboost
NPB,伊原　正樹,2010,11000000,4038982.2217391655,48455768509263.41,MLB,NPB,adaboost
NPB,山田　修義,2010,5400000,4855889.165937508,296056599744.18024,MLB,NPB,adaboost
NPB,岩隈　久志,2010,300000000,12714034.301120022,82533226087538030,MLB,NPB,adaboost
NPB,田中　将大,2010,200000000,5645872.104091648,37773527030179104,MLB,NPB,adaboost
NPB,永井　怜,2010,73000000,7209054.599392153,4328448496705763,MLB,NPB,adaboost
NPB,川井　貴志,2010,20000000,5323854.475745389,215389247449098.66,MLB,NPB,adaboost
NPB,長谷部　康平,2010,19000000,4497977.079957196,210308668773446.84,MLB,NPB,adaboost
NPB,藤原　紘通,2010,18000000,4524156.237596697,181598365108703.97,MLB,NPB,adaboost
NPB,戸村　健次,2010,15000000,4012354.5118715204,120728353372790.14,MLB,NPB,adaboost
NPB,井坂　亮平,2010,13500000,4823655.060348241,75278961511820.69,MLB,NPB,adaboost
NPB,菊池　保則,2010,6800000,4842356.4910199195,3832368108251.8423,MLB,NPB,adaboost
NPB,涌井　秀章,2010,252999999.99999997,6890501.34145795,60569885329958890,MLB,NPB,adaboost
NPB,石井　一久,2010,190000000,10898527.244142653,32077337543317112,MLB,NPB,adaboost
NPB,岸　孝之,2010,120000000,6842874.002454775,12804535164024326,MLB,NPB,adaboost
NPB,帆足　和幸,2010,110000000.00000001,8579847.530415399,10286047326953790,MLB,NPB,adaboost
NPB,西口　文也,2010,60000000,6116424.196016958,2903439741423586.5,MLB,NPB,adaboost
NPB,平野　将光,2010,16000000,5577551.290019735,108627437112169.28,MLB,NPB,adaboost
NPB,渡辺　俊介,2010,140000000,6989035.284620555,17691916734515916,MLB,NPB,adaboost
NPB,成瀬　善久,2010,130000000,8823998.77245376,14683623273498290,MLB,NPB,adaboost
NPB,唐川　侑己,2010,34500000,4457383.578439961,902558801452988.9,MLB,NPB,adaboost
NPB,吉見　祐治,2010,33000000,8288199.500697971,610673083917304,MLB,NPB,adaboost
NPB,大嶺　祐太,2010,21000000,4022484.3330157385,288236038222696,MLB,NPB,adaboost
NPB,香月　良仁,2010,10000000,4740454.846307755,27662815223727.58,MLB,NPB,adaboost
NPB,久保　康友,2011,140000000,7073689.061124609,17669404139818584,MLB,NPB,adaboost
NPB,能見　篤史,2011,100000000,18781922.826434378,6596376059771262,MLB,NPB,adaboost
NPB,安藤　優也,2011,58000000,6088852.54220717,2694767230384711.5,MLB,NPB,adaboost
NPB,岩田　稔,2011,55000000,9623910.379008936,2058989509292213.2,MLB,NPB,adaboost
NPB,鄭　凱文,2011,14000000,4133146.7773356508,97354792517601.84,MLB,NPB,adaboost
NPB,秋山　拓巳,2011,11000000,3914001.614813131,50211373114870.92,MLB,NPB,adaboost
NPB,鶴　直人,2011,10000000,4294647.0406662505,32551052390578.37,MLB,NPB,adaboost
NPB,蕭　一傑,2011,10000000,5597111.719962781,19385425206489.098,MLB,NPB,adaboost
NPB,清原　大貴,2011,6500000,5168853.811565597,1771950174983.4402,MLB,NPB,adaboost
NPB,三浦　大輔,2011,150000000,8036694.883586002,20153579999576060,MLB,NPB,adaboost
NPB,山本　省吾,2011,60000000,5666978.276764957,2952077249577531,MLB,NPB,adaboost
NPB,清水　直行,2011,50000000,6267864.784328328,1912499650521790.5,MLB,NPB,adaboost
NPB,高崎　健太郎,2011,40000000,7941533.902082494,1027745248551326,MLB,NPB,adaboost
NPB,須田　幸太,2011,17000000,5028197.301851497,143324059843395.8,MLB,NPB,adaboost
NPB,加賀美　希昇,2011,11000000,7942249.347639853,9349839052008.904,MLB,NPB,adaboost
NPB,小林　寛,2011,10000000,3642449.6907498967,40418445934646.086,MLB,NPB,adaboost
NPB,国吉　佑樹,2011,10000000,4061978.880955673,35260094810216.445,MLB,NPB,adaboost
NPB,田中　健二朗,2011,7000000,5135789.987264678,3475278971582.63,MLB,NPB,adaboost
NPB,眞下　貴之,2011,6500000,3740027.5352841043,7617448005989.937,MLB,NPB,adaboost
NPB,杉内　俊哉,2011,350000000,18770062.69784842,109713271365187250,MLB,NPB,adaboost
NPB,内海　哲也,2011,220000000.00000003,13486296.087225057,42647909903773296,MLB,NPB,adaboost
NPB,東野　峻,2011,65000000,5199909.152050703,3576050865422989,MLB,NPB,adaboost
NPB,澤村　拓一,2011,52000000,10983715.247568924,1682335614892510.2,MLB,NPB,adaboost
NPB,小野　淳平,2011,15000000,4105407.1444503884,118692153488192.62,MLB,NPB,adaboost
NPB,小山　雄輝,2011,8200000,4090959.5978321224,16884213026647.953,MLB,NPB,adaboost
NPB,吉見　一起,2011,240000000,7759525.3895273255,53935638047297610,MLB,NPB,adaboost
NPB,中田　賢一,2011,60000000,6953902.606785239,2813888448650426,MLB,NPB,adaboost
NPB,朝倉　健太,2011,57000000,6515478.540062306,2548686907038909.5,MLB,NPB,adaboost
NPB,山井　大介,2011,36000000,5470182.025861243,932069785534046,MLB,NPB,adaboost
NPB,小笠原　孝,2011,30000000,16240302.933296425,189329263367450.97,MLB,NPB,adaboost
NPB,山内　壮馬,2011,18000000,4808508.137857497,174015457548971.88,MLB,NPB,adaboost
NPB,大野　雄大,2011,13500000,4496390.208458687,81064989278338.58,MLB,NPB,adaboost
NPB,岩田　慎司,2011,12000000,4232831.869921939,60328900760900.31,MLB,NPB,adaboost
NPB,伊藤　準規,2011,9000000,4090959.5978321224,24098677670116.555,MLB,NPB,adaboost
NPB,前田　健太,2011,150000000,8275955.46725068,20085704798720712,MLB,NPB,adaboost
NPB,大竹　寛,2011,65000000,6794125.375861419,3387923840760939.5,MLB,NPB,adaboost
NPB,福井　優也,2011,27000000,5114916.928220404,478956861058693.75,MLB,NPB,adaboost
NPB,篠田　純平,2011,24000000,5261950.406457657,351114502570052.44,MLB,NPB,adaboost
NPB,中村　恭平,2011,10000000,3781954.7241215375,38664087052874.47,MLB,NPB,adaboost
NPB,中田　廉,2011,8000000,3642449.6907498967,18988244697645.67,MLB,NPB,adaboost
NPB,石川　雅規,2011,200000000,10547795.945709763,35892137621028424,MLB,NPB,adaboost
NPB,館山　昌平,2011,190000000,11794374.342822237,31757245015866180,MLB,NPB,adaboost
NPB,村中　恭兵,2011,45000000,4233899.92974279,1661874914938224.8,MLB,NPB,adaboost
NPB,増渕　竜義,2011,41000000,4473256.52961227,1334202988551512.5,MLB,NPB,adaboost
NPB,赤川　克紀,2011,21000000,4399411.257351739,275579546602540.16,MLB,NPB,adaboost
NPB,中澤　雅人,2011,18500000,5143214.031646314,178403731404409.88,MLB,NPB,adaboost
NPB,七條　祐樹,2011,16000000,5656446.883136735,106989091081371.78,MLB,NPB,adaboost
NPB,山本　斉,2011,10000000,4085449.946105083,34981902340028.36,MLB,NPB,adaboost
NPB,山岸　穣,2011,9500000,6515478.540062306,8907368344828.621,MLB,NPB,adaboost
NPB,攝津　正,2011,190000000,13001974.603771565,31328300994163924,MLB,NPB,adaboost
NPB,帆足　和幸,2011,110000000.00000001,9503432.624361068,10099560054286338,MLB,NPB,adaboost
NPB,山田　大樹,2011,30000000,4879974.900925976,631015660978109,MLB,NPB,adaboost
NPB,岩嵜　翔,2011,18000000,4316852.831189055,187228516443338.97,MLB,NPB,adaboost
NPB,武田　勝,2011,170000000,12439727.149172207,24825239580827300,MLB,NPB,adaboost
NPB,斎藤　佑樹,2011,30000000,4961908.36485414,626906032729961,MLB,NPB,adaboost
NPB,八木　智哉,2011,24000000,6597762.7582256,302837861018999.8,MLB,NPB,adaboost
NPB,糸数　敬作,2011,14000000,6456665.532263854,56901894892136.17,MLB,NPB,adaboost
NPB,吉川　光夫,2011,11000000,4217419.730817355,46003395107905.72,MLB,NPB,adaboost
NPB,矢貫　俊之,2011,10000000,6123529.167530662,15027026114985.52,MLB,NPB,adaboost
NPB,中村　勝,2011,7800000,4252741.678091391,12583041602349.88,MLB,NPB,adaboost
NPB,大塚　豊,2011,7800000,4366259.448520531,11790574174874.527,MLB,NPB,adaboost
NPB,寺原　隼人,2011,85000000,10154731.63243586,5601814197012698,MLB,NPB,adaboost
NPB,木佐貫　洋,2011,50000000,5923608.59224011,1942728279530049.8,MLB,NPB,adaboost
NPB,中山　慎也,2011,40000000,7757423.045482743,1039583768667967.2,MLB,NPB,adaboost
NPB,近藤　一樹,2011,40000000,7490924.517611374,1056839988719641.4,MLB,NPB,adaboost
NPB,西　勇輝,2011,30000000,5363344.268833185,606964805616034.75,MLB,NPB,adaboost
NPB,田中　将大,2011,320000000,10082125.957535341,96049088651000992,MLB,NPB,adaboost
NPB,永井　怜,2011,64000000,6302812.610136943,3328965432700973,MLB,NPB,adaboost
NPB,川島　亮,2011,36000000,6973087.3315582145,842561659061346.4,MLB,NPB,adaboost
NPB,塩見　貴洋,2011,32000000,5598139.3612691015,697058245186967.9,MLB,NPB,adaboost
NPB,川井　貴志,2011,20000000,7730972.021704729,150529047532192.12,MLB,NPB,adaboost
NPB,長谷部　康平,2011,17000000,4865458.389019717,147247100108611.97,MLB,NPB,adaboost
NPB,井坂　亮平,2011,16500000,5683819.207463825,116989766936828.47,MLB,NPB,adaboost
NPB,下柳　剛,2011,15000000,7137864.192049179,61813179462662.51,MLB,NPB,adaboost
NPB,戸村　健次,2011,14100000,4119419.903279115,99611979067061.08,MLB,NPB,adaboost
NPB,藤原　紘通,2011,13000000,5896507.226997458,50459609576099.336,MLB,NPB,adaboost
NPB,菊池　保則,2011,6200000,4584903.627854865,2608536291316.3765,MLB,NPB,adaboost
NPB,涌井　秀章,2011,210000000,7728400.269742924,40913800057437330,MLB,NPB,adaboost
NPB,石井　一久,2011,170000000,6779166.1749811,26641040594534436,MLB,NPB,adaboost
NPB,岸　孝之,2011,110000000.00000001,7205766.4720781725,10566654446592930,MLB,NPB,adaboost
NPB,西口　文也,2011,100000000,8861618.278910162,8306204622739083,MLB,NPB,adaboost
NPB,菊池　雄星,2011,20000000,4393817.35522145,243552936742187.22,MLB,NPB,adaboost
NPB,成瀬　善久,2011,130000000,8740810.01674053,14703791155396214,MLB,NPB,adaboost
NPB,渡辺　俊介,2011,126000000,7136352.729182305,14128566642521368,MLB,NPB,adaboost
NPB,小野　晋吾,2011,80000000,5772716.939011227,5509689550616150,MLB,NPB,adaboost
NPB,唐川　侑己,2011,54500000,5649771.373268066,2386344836883980,MLB,NPB,adaboost
NPB,大嶺　祐太,2011,17000000,4338399.249878228,160316133555484.22,MLB,NPB,adaboost
NPB,上野　大樹,2011,17000000,5547484.857625994,131160103086305.88,MLB,NPB,adaboost
NPB,小林　敦,2011,15000000,4457882.4761026045,111136241887664.53,MLB,NPB,adaboost
NPB,光原　逸裕,2011,9000000,5909784.458483907,9549432093027.598,MLB,NPB,adaboost
NPB,阿部　和成,2011,5500000,3932559.432882578,2456869931445.3853,MLB,NPB,adaboost
NPB,久保　康友,2012,120000000,8115188.996540166,12518210933279928,MLB,NPB,adaboost
NPB,能見　篤史,2012,120000000,18926528.53407309,10215846634173542,MLB,NPB,adaboost
NPB,岩田　稔,2012,58000000,9759751.353862617,2327121589441160,MLB,NPB,adaboost
NPB,安藤　優也,2012,50000000,6494582.0460715955,1892721391345996,MLB,NPB,adaboost
NPB,二神　一人,2012,10000000,4439308.1672907695,30921293658359.14,MLB,NPB,adaboost
NPB,秋山　拓巳,2012,10000000,4576185.2874476295,29417766036099.555,MLB,NPB,adaboost
NPB,岩本　輝,2012,8000000,5079347.914970804,8530208601785.39,MLB,NPB,adaboost
NPB,歳内　宏明,2012,7500000,4357641.018393653,9874419969282.076,MLB,NPB,adaboost
NPB,伊藤　和雄,2012,7500000,3932559.432882578,12726632199915.072,MLB,NPB,adaboost
NPB,三浦　大輔,2012,180000000,9158330.926855532,29186875891697808,MLB,NPB,adaboost
NPB,高崎　健太郎,2012,55000000,7231485.743929364,2281830954232423.5,MLB,NPB,adaboost
NPB,藤井　秀悟,2012,37000000,7364500.230502533,878262846587884.5,MLB,NPB,adaboost
NPB,国吉　佑樹,2012,18000000,5138904.808293074,165407769530147,MLB,NPB,adaboost
NPB,加賀美　希昇,2012,14000000,4469704.44828816,90826533302978.45,MLB,NPB,adaboost
NPB,須田　幸太,2012,13000000,4626400.277113925,70117172319117.76,MLB,NPB,adaboost
NPB,王　溢正,2012,10000000,5194950.920284266,23088496658477.027,MLB,NPB,adaboost
NPB,杉内　俊哉,2012,500000000,20685807.95644186,229742094694368930,MLB,NPB,adaboost
NPB,内海　哲也,2012,400000000,11696904.93665392,1.5077929363577398e+17,MLB,NPB,adaboost
NPB,澤村　拓一,2012,65000000,4844512.442454208,3618682683286047,MLB,NPB,adaboost
NPB,小山　雄輝,2012,18000000,6789353.810502423,125678587986096.55,MLB,NPB,adaboost
NPB,宮國　椋丞,2012,16000000,4915368.500082823,122869055488956.1,MLB,NPB,adaboost
NPB,笠原　将生,2012,8400000,4459458.705444921,15527865694093.82,MLB,NPB,adaboost
NPB,吉見　一起,2012,290000000,9829357.355390668,78495588999893392,MLB,NPB,adaboost
NPB,中田　賢一,2012,70000000,9441871.782264063,3667286893235745.5,MLB,NPB,adaboost
NPB,川上　憲伸,2012,60000000,6736140.814711124,2837038695310282,MLB,NPB,adaboost
NPB,山本昌,2012,60000000,7171982.932514454,2790799387282544.5,MLB,NPB,adaboost
NPB,山内　壮馬,2012,42000000,7029082.643026676,1222965060788257.8,MLB,NPB,adaboost
NPB,岩田　慎司,2012,28000000,5505622.486526539,505997019718660.56,MLB,NPB,adaboost
NPB,大野　雄大,2012,17500000,4566923.04546803,167264479511845.97,MLB,NPB,adaboost
NPB,伊藤　準規,2012,10000000,5079347.914970804,24212816941902.176,MLB,NPB,adaboost
NPB,小川　龍也,2012,5500000,4936823.009241294,317168322920.0315,MLB,NPB,adaboost
NPB,前田　健太,2012,210000000,8240430.017299341,40706924079604280,MLB,NPB,adaboost
NPB,大竹　寛,2012,100000000,7363612.821154241,8581500229549020,MLB,NPB,adaboost
NPB,野村　祐輔,2012,40000000,7058873.769267898,1085117797349026.5,MLB,NPB,adaboost
NPB,福井　優也,2012,24000000,4446710.76570762,382331119879894.3,MLB,NPB,adaboost
NPB,篠田　純平,2012,19000000,5234544.358573531,189487769016079.84,MLB,NPB,adaboost
NPB,今井　啓介,2012,18000000,4534512.5461853715,181319352368839.2,MLB,NPB,adaboost
NPB,齊藤　悠葵,2012,15000000,4269115.034155657,115151892150184.17,MLB,NPB,adaboost
NPB,戸田　隆矢,2012,5500000,4538578.90603134,924330519927.8943,MLB,NPB,adaboost
NPB,石川　雅規,2012,200000000,8931913.815292925,36507013558286650,MLB,NPB,adaboost
NPB,館山　昌平,2012,190000000,8560608.88616921,32920252647757664,MLB,NPB,adaboost
NPB,村中　恭兵,2012,65000000,5389178.677274675,3553450018769884.5,MLB,NPB,adaboost
NPB,赤川　克紀,2012,40000000,4744243.273157082,1242968382382329.8,MLB,NPB,adaboost
NPB,中澤　雅人,2012,16500000,5506892.293298027,120848417051150.33,MLB,NPB,adaboost
NPB,七條　祐樹,2012,15000000,6622951.115479782,70174948013641.42,MLB,NPB,adaboost
NPB,八木　亮祐,2012,7000000,5897279.46915337,1215992569150.674,MLB,NPB,adaboost
NPB,攝津　正,2012,290000000,13392618.775548805,76511643347848860,MLB,NPB,adaboost
NPB,帆足　和幸,2012,110000000.00000001,6088852.54220717,10797526565995170,MLB,NPB,adaboost
NPB,寺原　隼人,2012,85000000,7232881.068823105,6047724786855813,MLB,NPB,adaboost
NPB,大隣　憲司,2012,63000000,11829127.397861479,2618458202864290.5,MLB,NPB,adaboost
NPB,山本　省吾,2012,55000000,6122094.909702478,2389049606016132,MLB,NPB,adaboost
NPB,新垣　渚,2012,42000000,7357526.398874458,1200100977204679.8,MLB,NPB,adaboost
NPB,山田　大樹,2012,40000000,5201110.621285746,1210962701991991.8,MLB,NPB,adaboost
NPB,陽　耀勲,2012,35000000,11054453.782963136,573389183632248.5,MLB,NPB,adaboost
NPB,岩嵜　翔,2012,28000000,4750110.847271619,540557345614156.75,MLB,NPB,adaboost
NPB,武田　翔太,2012,20000000,5988099.502352764,196333355555966.88,MLB,NPB,adaboost
NPB,大場　翔太,2012,16000000,8219772.540910208,60531939315174.805,MLB,NPB,adaboost
NPB,千賀　滉大,2012,6500000,3932559.432882578,6591751065680.229,MLB,NPB,adaboost
NPB,武田　勝,2012,200000000,11998143.498944033,35344698047843636,MLB,NPB,adaboost
NPB,吉川　光夫,2012,70000000,8937023.902527822,3728687049880458.5,MLB,NPB,adaboost
NPB,木佐貫　洋,2012,62000000,8163766.326643528,2898340056132241.5,MLB,NPB,adaboost
NPB,多田野　数人,2012,38000000,7797111.3721098835,912214481468734.1,MLB,NPB,adaboost
NPB,斎藤　佑樹,2012,35000000,4500601.886516879,930213285284737.6,MLB,NPB,adaboost
NPB,中村　勝,2012,13500000,4148495.231527809,87450641434758.125,MLB,NPB,adaboost
NPB,井川　慶,2012,100000000,5666848.702086237,8898743433795088,MLB,NPB,adaboost
NPB,東野　峻,2012,65000000,6818607.774937493,3385074401246563.5,MLB,NPB,adaboost
NPB,西　勇輝,2012,46000000,4681785.534381152,1707194846626874.8,MLB,NPB,adaboost
NPB,近藤　一樹,2012,31000000,6880731.641088582,581739106169185.5,MLB,NPB,adaboost
NPB,八木　智哉,2012,24000000,7969319.393305563,256982720713849.16,MLB,NPB,adaboost
NPB,前田　祐二,2012,12000000,4731621.59600428,52829324623671.37,MLB,NPB,adaboost
NPB,田中　将大,2012,400000000,6217948.423391324,155064304143882880,MLB,NPB,adaboost
NPB,永井　怜,2012,49000000,6795005.259448036,1781261581050019,MLB,NPB,adaboost
NPB,美馬　学,2012,31000000,7174593.235712,567650007483780.4,MLB,NPB,adaboost
NPB,塩見　貴洋,2012,29000000,4618804.654887968,594442686456512.6,MLB,NPB,adaboost
NPB,辛島　航,2012,22000000,5414457.791441492,275080210351875.8,MLB,NPB,adaboost
NPB,川井　貴志,2012,20000000,7106013.138278438,166254897190248.25,MLB,NPB,adaboost
NPB,釜田　佳直,2012,20000000,4138309.0896394653,251593238535813.97,MLB,NPB,adaboost
NPB,上園　啓史,2012,15000000,6348464.1260778895,74849072977761.2,MLB,NPB,adaboost
NPB,戸村　健次,2012,15000000,4285968.942711398,114790461496544.72,MLB,NPB,adaboost
NPB,菊池　保則,2012,7200000,5403598.422873082,3227058626304.0796,MLB,NPB,adaboost
NPB,石井　一久,2012,190000000,8673867.442801775,32879166348150624,MLB,NPB,adaboost
NPB,岸　孝之,2012,150000000,12041761.230107756,19032475644490600,MLB,NPB,adaboost
NPB,西口　文也,2012,70000000,6861820.499739528,3986429710607111.5,MLB,NPB,adaboost
NPB,牧田　和久,2012,67000000,9754363.750739163,3277062869582686,MLB,NPB,adaboost
NPB,野上　亮磨,2012,28000000,5096771.2456496395,524557887374101.2,MLB,NPB,adaboost
NPB,菊池　雄星,2012,23000000,4058370.082039304,358785343948983.75,MLB,NPB,adaboost
NPB,平野　将光,2012,11000000,6867001.723800925,17081674751064.53,MLB,NPB,adaboost
NPB,岡本　洋介,2012,8000000,5347926.544372603,7033493614043.441,MLB,NPB,adaboost
NPB,山本　淳,2012,7000000,5552311.741843962,2095801292802.863,MLB,NPB,adaboost
NPB,成瀬　善久,2012,160000000,9169651.516526243,22749794023646132,MLB,NPB,adaboost
NPB,小野　晋吾,2012,80000000,7881571.759848532,5201067691829876,MLB,NPB,adaboost
NPB,渡辺　俊介,2012,80000000,6863525.333325277,5348943926669153,MLB,NPB,adaboost
NPB,唐川　侑己,2012,54500000,4726692.658613141,2477382123700155.5,MLB,NPB,adaboost
NPB,吉見　祐治,2012,26000000,5895512.178701824,404190430556726.6,MLB,NPB,adaboost
NPB,藤岡　貴裕,2012,21000000,4746075.390259064,264190065219142,MLB,NPB,adaboost
NPB,上野　大樹,2012,17000000,5393841.430498573,134702916740411.39,MLB,NPB,adaboost
NPB,香月　良仁,2012,9000000,6294687.657058547,7318714872871.372,MLB,NPB,adaboost
NPB,阿部　和成,2012,7000000,4261847.570509178,7497478727126.493,MLB,NPB,adaboost
NPB,能見　篤史,2013,150000000,11944572.409340944,19059301087239704,MLB,NPB,adaboost
NPB,岩田　稔,2013,46000000,6683238.508962137,1545807734143157.8,MLB,NPB,adaboost
NPB,藤浪　晋太郎,2013,45000000,5067895.124792274,1594572999764588.2,MLB,NPB,adaboost
NPB,榎田　大樹,2013,41000000,6752437.894366567,1172895510179219,MLB,NPB,adaboost
NPB,吉見　祐治,2013,15000000,5554866.568456099,89210545539668.28,MLB,NPB,adaboost
NPB,秋山　拓巳,2013,12000000,4315596.982357889,59050049737547.17,MLB,NPB,adaboost
NPB,小嶋　達也,2013,11000000,6309667.965404534,21999214594752.445,MLB,NPB,adaboost
NPB,白仁田　寛和,2013,7500000,6851392.834853359,420691254679.5626,MLB,NPB,adaboost
NPB,岩本　輝,2013,7000000,4406609.121319069,6725676249625.453,MLB,NPB,adaboost
NPB,三浦　大輔,2013,180000000,8193000.609529096,29517645039557264,MLB,NPB,adaboost
NPB,藤井　秀悟,2013,41000000,7691954.024089658,1109425926733357.2,MLB,NPB,adaboost
NPB,三嶋　一輝,2013,27000000,4612259.510843885,501210924209800.1,MLB,NPB,adaboost
NPB,須田　幸太,2013,17000000,4841100.070737815,147838847489811.94,MLB,NPB,adaboost
NPB,井納　翔一,2013,16500000,5664780.341196963,117401985054511.83,MLB,NPB,adaboost
NPB,国吉　佑樹,2013,15000000,4074258.3839233774,119371829861268.6,MLB,NPB,adaboost
NPB,加賀美　希昇,2013,12500000,4175795.612450011,69292378685706.484,MLB,NPB,adaboost
NPB,小杉　陽太,2013,10000000,6121186.493516578,15045194218078.217,MLB,NPB,adaboost
NPB,杉内　俊哉,2013,500000000,15661293.954945931,234583982173397300,MLB,NPB,adaboost
NPB,内海　哲也,2013,400000000,9175910.252677245,152743469126823400,MLB,NPB,adaboost
NPB,大竹　寛,2013,100000000,8342469.068581985,8401102976443850,MLB,NPB,adaboost
NPB,菅野　智之,2013,70000000,6249923.579994153,4064072243556585,MLB,NPB,adaboost
NPB,澤村　拓一,2013,60000000,5525644.41674857,2967455416210516.5,MLB,NPB,adaboost
NPB,小山　雄輝,2013,18000000,5052786.35765552,167630341100511.03,MLB,NPB,adaboost
NPB,宮國　椋丞,2013,16000000,4701760.908243579,127650206574492.98,MLB,NPB,adaboost
NPB,阿南　徹,2013,11000000,8257507.149035899,7521267037589.203,MLB,NPB,adaboost
NPB,今村　信貴,2013,9000000,4745515.488178623,18100638461327.98,MLB,NPB,adaboost
NPB,吉見　一起,2013,174000000,6351848.935959229,28105902555191436,MLB,NPB,adaboost
NPB,山井　大介,2013,60000000,6115631.800960924,2903525136209614,MLB,NPB,adaboost
NPB,山本昌,2013,40000000,6312319.692244832,1134859804517515,MLB,NPB,adaboost
NPB,川上　憲伸,2013,30000000,6331153.912870997,560214275096202,MLB,NPB,adaboost
NPB,大野　雄大,2013,28000000,6170523.493335178,476526044555031.3,MLB,NPB,adaboost
NPB,山内　壮馬,2013,20000000,6029711.516880466,195168960301582.3,MLB,NPB,adaboost
NPB,朝倉　健太,2013,18000000,5909784.458483907,146173311840317.25,MLB,NPB,adaboost
NPB,岩田　慎司,2013,15000000,5143214.031646314,97156229625934.1,MLB,NPB,adaboost
NPB,西川　健太郎,2013,7700000,3813898.022041849,15101788583090.254,MLB,NPB,adaboost
NPB,小川　龍也,2013,4800000,4542562.280213532,66274179568.855995,MLB,NPB,adaboost
NPB,前田　健太,2013,280000000,8855657.023161724,73519254728341310,MLB,NPB,adaboost
NPB,野村　祐輔,2013,60000000,5877922.458910541,2929199277363700,MLB,NPB,adaboost
NPB,篠田　純平,2013,15000000,6309667.965404534,75521870871516.19,MLB,NPB,adaboost
NPB,中村　恭平,2013,11000000,4153708.970902924,46871700855095.11,MLB,NPB,adaboost
NPB,武内　久士,2013,7600000,4852379.46315067,7549418614516.201,MLB,NPB,adaboost
NPB,戸田　隆矢,2013,5500000,4186528.7432776946,1725206742235.6724,MLB,NPB,adaboost
NPB,石川　雅規,2013,180000000,8790055.757572835,29312845007495020,MLB,NPB,adaboost
NPB,館山　昌平,2013,150000000,6928572.0650411155,20469433491348132,MLB,NPB,adaboost
NPB,小川　泰弘,2013,56000000,5892547.415477375,2510756804510183.5,MLB,NPB,adaboost
NPB,村中　恭兵,2013,53000000,5121636.829545519,2292337659881932,MLB,NPB,adaboost
NPB,新垣　渚,2013,33000000,6103832.850553155,723403807330983.6,MLB,NPB,adaboost
NPB,赤川　克紀,2013,31000000,3972037.9794622585,730510730983630.6,MLB,NPB,adaboost
NPB,八木　亮祐,2013,23000000,5018373.012336324,323338909123474.6,MLB,NPB,adaboost
NPB,中澤　雅人,2013,14000000,6488736.049127796,56419086139672.31,MLB,NPB,adaboost
NPB,古野　正人,2013,9600000,4755192.014282997,23472164418467.246,MLB,NPB,adaboost
NPB,徳山　武陽,2013,6000000,4133264.4914015406,3484701459062.349,MLB,NPB,adaboost
NPB,攝津　正,2013,400000000,14890876.509392,148309036995704350,MLB,NPB,adaboost
NPB,寺原　隼人,2013,85000000,6691560.545761538,6132211689758131,MLB,NPB,adaboost
NPB,大隣　憲司,2013,60000000,7794549.206361823,2725409092566977,MLB,NPB,adaboost
NPB,帆足　和幸,2013,55000000,6705191.644608123,2332388514084029,MLB,NPB,adaboost
NPB,山田　大樹,2013,30000000,4307765.397162283,660090918887251.9,MLB,NPB,adaboost
NPB,武田　翔太,2013,19500000,4416025.425780788,227526288955691.66,MLB,NPB,adaboost
NPB,大場　翔太,2013,16000000,6999874.111031056,81002266017289.03,MLB,NPB,adaboost
NPB,東浜　巨,2013,14000000,4711459.69092832,86276981073249.39,MLB,NPB,adaboost
NPB,巽　真悟,2013,9000000,5265863.078875931,13943778545701.941,MLB,NPB,adaboost
NPB,武田　勝,2013,170000000,7152600.796206408,26519275427439712,MLB,NPB,adaboost
NPB,木佐貫　洋,2013,82000000,8285387.812035668,5433844050021980,MLB,NPB,adaboost
NPB,吉川　光夫,2013,70000000,5800470.729850228,4121579558508817.5,MLB,NPB,adaboost
NPB,大谷　翔平,2013,30000000,3937525.120736376,679252596832247.5,MLB,NPB,adaboost
NPB,多田野　数人,2013,30000000,9499120.38845737,420286064846964.2,MLB,NPB,adaboost
NPB,斎藤　佑樹,2013,28000000,4307765.397162283,561321980475901,MLB,NPB,adaboost
NPB,中村　勝,2013,13000000,3642449.6907498967,87563747790146.7,MLB,NPB,adaboost
NPB,新垣　勇人,2013,8250000,7411009.21427582,703905538530.0767,MLB,NPB,adaboost
NPB,井川　慶,2013,60000000,7745250.926517077,2730558800732664.5,MLB,NPB,adaboost
NPB,西　勇輝,2013,55000000,5328587.581127089,2467249211685761.5,MLB,NPB,adaboost
NPB,東野　峻,2013,49000000,5194950.920284266,1918882324876304.5,MLB,NPB,adaboost
NPB,八木　智哉,2013,18000000,6831523.306845395,124734871645537.62,MLB,NPB,adaboost
NPB,前田　祐二,2013,18000000,5755151.670715376,149936310607184.44,MLB,NPB,adaboost
NPB,松葉　貴大,2013,18000000,4004284.6972050886,195880046836887.66,MLB,NPB,adaboost
NPB,則本　昂大,2013,60000000,5106081.857295319,3013342249057962,MLB,NPB,adaboost
NPB,美馬　学,2013,40000000,6347429.484989668,1132495502267743,MLB,NPB,adaboost
NPB,永井　怜,2013,37000000,7222337.808014214,886709165620019.75,MLB,NPB,adaboost
NPB,辛島　航,2013,21000000,3908671.711557223,292113502663324.25,MLB,NPB,adaboost
NPB,川井　貴志,2013,19000000,7672742.578014695,128306760703921.2,MLB,NPB,adaboost
NPB,戸村　健次,2013,18000000,4850096.381632504,172919965172354.6,MLB,NPB,adaboost
NPB,岸　孝之,2013,200000000,11718193.523989486,35450038649869868,MLB,NPB,adaboost
NPB,牧田　和久,2013,80000000,9044514.353957245,5034680943265779,MLB,NPB,adaboost
NPB,野上　亮磨,2013,48000000,6749318.504790328,1701618723819233.5,MLB,NPB,adaboost
NPB,十亀　剣,2013,44000000,6176788.731681832,1430595310647830.5,MLB,NPB,adaboost
NPB,菊池　雄星,2013,40000000,4758869.785895953,1241937258767437.2,MLB,NPB,adaboost
NPB,西口　文也,2013,35000000,6146947.775381954,832498622676536.5,MLB,NPB,adaboost
NPB,成瀬　善久,2013,144000000,7173430.972287911,18721509991895256,MLB,NPB,adaboost
NPB,唐川　侑己,2013,65400000,5411669.5568432845,3598599789357363,MLB,NPB,adaboost
NPB,大谷　智久,2013,30700000,5812064.342462879,619409341293707.75,MLB,NPB,adaboost
NPB,古谷　拓哉,2013,30000000,9910839.415237116,403574373000390.7,MLB,NPB,adaboost
NPB,西野　勇士,2013,26400000,5076836.235925308,454677312909547.94,MLB,NPB,adaboost
NPB,大嶺　祐太,2013,15400000,4175795.612450011,125982764133496.42,MLB,NPB,adaboost
NPB,阿部　和成,2013,8300000,3748872.479606484,20712761706883.234,MLB,NPB,adaboost
NPB,能見　篤史,2014,140000000,11009241.277928835,16638615835695580,MLB,NPB,adaboost
NPB,藤浪　晋太郎,2014,85000000,4964927.839723553,6405612775700657,MLB,NPB,adaboost
NPB,岩田　稔,2014,60000000,9175855.889896652,2583093624524552.5,MLB,NPB,adaboost
NPB,岩貞　祐太,2014,16500000,3843027.4280843525,160198954686225,MLB,NPB,adaboost
NPB,岩崎　優,2014,15000000,4848756.305939395,103047748536205.2,MLB,NPB,adaboost
NPB,秋山　拓巳,2014,10000000,4034895.7041231594,35582469260688.336,MLB,NPB,adaboost
NPB,三浦　大輔,2014,135000000,6872406.24701345,16416680280930358,MLB,NPB,adaboost
NPB,久保　康友,2014,120000000,10748651.684423601,11935857108771400,MLB,NPB,adaboost
NPB,山口　俊,2014,88000000,5447661.154464758,6814888648868068,MLB,NPB,adaboost
NPB,高崎　健太郎,2014,39000000,6337612.341167485,1066831567575854.4,MLB,NPB,adaboost
NPB,井納　翔一,2014,39000000,7963668.942328474,963253845521386,MLB,NPB,adaboost
NPB,三嶋　一輝,2014,21000000,4103796.2496324,285481701173936.2,MLB,NPB,adaboost
NPB,加賀美　希昇,2014,10000000,5007999.776321023,24920066233210.957,MLB,NPB,adaboost
NPB,杉内　俊哉,2014,500000000,15777682.889972446,234471252387404100,MLB,NPB,adaboost
NPB,内海　哲也,2014,400000000,8958591.158173019,152913383429000860,MLB,NPB,adaboost
NPB,菅野　智之,2014,110000000.00000001,7093026.78340621,10589845136600754,MLB,NPB,adaboost
NPB,大竹　寛,2014,100000000,7164088.186981944,8618506522154465,MLB,NPB,adaboost
NPB,澤村　拓一,2014,48000000,5960905.959505892,1767285427745507,MLB,NPB,adaboost
NPB,小山　雄輝,2014,35000000,5124523.693443736,892544084543604.6,MLB,NPB,adaboost
NPB,宮國　椋丞,2014,12000000,4529770.514115914,55804328571772.016,MLB,NPB,adaboost
NPB,山井　大介,2014,120000000,8659683.927878978,12396665983039812,MLB,NPB,adaboost
NPB,吉見　一起,2014,104400000,7158181.546468141,9455971256149650,MLB,NPB,adaboost
NPB,大野　雄大,2014,45000000,7073693.849074498,1438404698253729.5,MLB,NPB,adaboost
NPB,川上　憲伸,2014,40000000,5937356.112293695,1160263708620695.5,MLB,NPB,adaboost
NPB,山本昌,2014,40000000,6521388.106907262,1120817454288330.4,MLB,NPB,adaboost
NPB,朝倉　健太,2014,25000000,5881208.047875549,365528205708618.6,MLB,NPB,adaboost
NPB,濱田　達郎,2014,17000000,4182286.809273392,164293771439726.88,MLB,NPB,adaboost
NPB,山内　壮馬,2014,15000000,6336410.456339044,75057783781031.47,MLB,NPB,adaboost
NPB,伊藤　準規,2014,9000000,3755861.657392721,27500986956403.812,MLB,NPB,adaboost
NPB,前田　健太,2014,300000000,8802811.766174149,84795802435286208,MLB,NPB,adaboost
NPB,野村　祐輔,2014,58000000,5028197.301851497,2806011881091573,MLB,NPB,adaboost
NPB,大瀬良　大地,2014,35000000,5040829.817067269,897551878049925.6,MLB,NPB,adaboost
NPB,福井　優也,2014,22000000,4694899.373439871,299466507695371.75,MLB,NPB,adaboost
NPB,九里　亜蓮,2014,16000000,4308380.399124209,136693968891583,MLB,NPB,adaboost
NPB,篠田　純平,2014,15000000,7056576.701229066,63097973703456.914,MLB,NPB,adaboost
NPB,成瀬　善久,2014,200000000,7177777.795128532,37180409376024830,MLB,NPB,adaboost
NPB,石川　雅規,2014,180000000,6807876.358636272,29995511691405424,MLB,NPB,adaboost
NPB,小川　泰弘,2014,65000000,5549357.028277399,3534378949751230,MLB,NPB,adaboost
NPB,村中　恭兵,2014,40000000,5565082.346882722,1185763553776967.8,MLB,NPB,adaboost
NPB,八木　亮祐,2014,26000000,4401969.897194823,466474904321678.5,MLB,NPB,adaboost
NPB,新垣　渚,2014,26000000,5771523.66794675,409191254716438.56,MLB,NPB,adaboost
NPB,木谷　良平,2014,16800000,4336163.954358487,155347208972632.62,MLB,NPB,adaboost
NPB,杉浦　稔大,2014,16000000,5105018.988247047,118700611246457.38,MLB,NPB,adaboost
NPB,古野　正人,2014,13600000,6398910.479631369,51855690280362.92,MLB,NPB,adaboost
NPB,攝津　正,2014,400000000,6999374.688774101,154449491495014560,MLB,NPB,adaboost
NPB,中田　賢一,2014,95000000,8267303.540748738,7522560635092615,MLB,NPB,adaboost
NPB,大隣　憲司,2014,73000000,9579441.699587118,4022167215136069,MLB,NPB,adaboost
NPB,帆足　和幸,2014,55000000,6763425.849890356,2326767085739025.5,MLB,NPB,adaboost
NPB,寺原　隼人,2014,45000000,6597658.769216955,1474739812005499.5,MLB,NPB,adaboost
NPB,岩嵜　翔,2014,44000000,4405927.861633542,1567690548498167.2,MLB,NPB,adaboost
NPB,武田　翔太,2014,26000000,4498919.848855221,462296447665952.06,MLB,NPB,adaboost
NPB,山田　大樹,2014,22500000,4528047.380055535,322991080973528.7,MLB,NPB,adaboost
NPB,飯田　優也,2014,18000000,4737654.71356844,175889802496533.44,MLB,NPB,adaboost
NPB,東浜　巨,2014,17000000,4098400.452849221,166451270875041.2,MLB,NPB,adaboost
NPB,大場　翔太,2014,12000000,7401325.605169284,21147806189671.652,MLB,NPB,adaboost
NPB,大谷　翔平,2014,100000000,4812640.788983543,9060633353567080,MLB,NPB,adaboost
NPB,木佐貫　洋,2014,65000000,7558664.994849195,3299506967173963,MLB,NPB,adaboost
NPB,吉川　光夫,2014,60000000,4578493.733609014,3071543356835615.5,MLB,NPB,adaboost
NPB,中村　勝,2014,26000000,4177168.966557655,476235954314174.25,MLB,NPB,adaboost
NPB,斎藤　佑樹,2014,25000000,4494430.492401652,420478380830947.1,MLB,NPB,adaboost
NPB,浦野　博司,2014,24000000,4723676.412220376,371576651060789.2,MLB,NPB,adaboost
NPB,上沢　直之,2014,23000000,5898147.71413931,292473351607398.56,MLB,NPB,adaboost
NPB,新垣　勇人,2014,8150000,6459648.680561783,2857287583126.522,MLB,NPB,adaboost
NPB,西　勇輝,2014,95000000,5869948.961961948,7944165998043267,MLB,NPB,adaboost
NPB,井川　慶,2014,48000000,8422328.373023074,1566392091412814,MLB,NPB,adaboost
NPB,松葉　貴大,2014,35000000,4288805.74456179,943177452595260.9,MLB,NPB,adaboost
NPB,東明　大貴,2014,22000000,4678235.778983058,300043515728502.7,MLB,NPB,adaboost
NPB,吉田　一将,2014,21000000,5119391.586832905,252193723572353.5,MLB,NPB,adaboost
NPB,近藤　一樹,2014,13000000,8894815.58651386,16852539068729.543,MLB,NPB,adaboost
NPB,則本　昂大,2014,120000000,6296706.625250482,12928438924264356,MLB,NPB,adaboost
NPB,辛島　航,2014,42000000,5368916.008474409,1341836314394202.5,MLB,NPB,adaboost
NPB,美馬　学,2014,37000000,6476090.307024145,931709062944945.5,MLB,NPB,adaboost
NPB,塩見　貴洋,2014,30000000,5429877.375163863,603690925799484.5,MLB,NPB,adaboost
NPB,松井　裕樹,2014,25000000,4317675.825016915,427758533279089.7,MLB,NPB,adaboost
NPB,川井　貴志,2014,18000000,6159619.64717139,140194606899649.78,MLB,NPB,adaboost
NPB,菊池　保則,2014,12000000,4390332.991441977,57907031981136.41,MLB,NPB,adaboost
NPB,濱矢　廣大,2014,10000000,4696979.070980884,28122030973614.766,MLB,NPB,adaboost
NPB,森　雄大,2014,9500000,3608832.803096014,34705850941877.566,MLB,NPB,adaboost
NPB,横山　貴明,2014,8100000,4777055.428442456,11041960625643.75,MLB,NPB,adaboost
NPB,岸　孝之,2014,225000000,9195757.153056806,46571471230742430,MLB,NPB,adaboost
NPB,牧田　和久,2014,75000000,9647030.600052234,4271010609390508.5,MLB,NPB,adaboost
NPB,野上　亮磨,2014,45000000,5810591.9676684,1535809701924576.5,MLB,NPB,adaboost
NPB,菊池　雄星,2014,38000000,5039230.904536549,1086412299364458.5,MLB,NPB,adaboost
NPB,岡本　洋介,2014,17000000,6406997.037458867,112211711764405.22,MLB,NPB,adaboost
NPB,小石　博孝,2014,9500000,5273149.789268758,17866262703958.742,MLB,NPB,adaboost
NPB,涌井　秀章,2014,220000000.00000003,7749963.08159946,45050078171862400,MLB,NPB,adaboost
NPB,唐川　侑己,2014,60000000,5038163.551721048,3020803465767364.5,MLB,NPB,adaboost
NPB,石川　歩,2014,37000000,7426550.485581278,874588916181872.9,MLB,NPB,adaboost
NPB,古谷　拓哉,2014,36000000,6807236.651881149,852217431899271.25,MLB,NPB,adaboost
NPB,藤岡　貴裕,2014,35000000,5010746.142720151,899355346916374.25,MLB,NPB,adaboost
NPB,大嶺　祐太,2014,18200000,4507552.65251733,187483114363585.22,MLB,NPB,adaboost
NPB,チェン・グァンユウ,2014,6000000,5229106.60410714,594276627831.2263,MLB,NPB,adaboost
NPB,藤浪　晋太郎,2015,170000000,6854781.377432929,26616362359405200,MLB,NPB,adaboost
NPB,能見　篤史,2015,140000000,8221129.497632541,17365670710879734,MLB,NPB,adaboost
NPB,岩田　稔,2015,68000000,10471149.529267367,3309568636483914,MLB,NPB,adaboost
NPB,岩崎　優,2015,20000000,4920355.4415347455,227395680009650.72,MLB,NPB,adaboost
NPB,岩貞　祐太,2015,16000000,4038982.2217391655,143065946291871.75,MLB,NPB,adaboost
NPB,横山　雄哉,2015,15000000,4316980.684248129,114126901700727.58,MLB,NPB,adaboost
NPB,秋山　拓巳,2015,10000000,4368270.359365766,31716378745198.2,MLB,NPB,adaboost
NPB,三浦　大輔,2015,125000000,7420148.507624607,13825021476969050,MLB,NPB,adaboost
NPB,久保　康友,2015,120000000,7176396.849779622,12729165427798418,MLB,NPB,adaboost
NPB,山口　俊,2015,80000000,9859449.28095543,4919696855170863,MLB,NPB,adaboost
NPB,井納　翔一,2015,45000000,7374030.1481454065,1415713607292670.8,MLB,NPB,adaboost
NPB,高崎　健太郎,2015,33000000,6499068.176788467,702299387498505.75,MLB,NPB,adaboost
NPB,三嶋　一輝,2015,25000000,4519486.029609005,419451452491380.7,MLB,NPB,adaboost
NPB,石田　健大,2015,18000000,4515548.534068599,181830431337059.5,MLB,NPB,adaboost
NPB,砂田　毅樹,2015,13000000,4438147.489980298,73305318403330.66,MLB,NPB,adaboost
NPB,内海　哲也,2015,400000000,6263981.249823348,155028052461239500,MLB,NPB,adaboost
NPB,菅野　智之,2015,130000000,7043805.635898922,15118225732502602,MLB,NPB,adaboost
NPB,大竹　寛,2015,100000000,7253800.888495316,8601857449630873,MLB,NPB,adaboost
NPB,杉内　俊哉,2015,50000000,11045375.412320243,1517462776767064.5,MLB,NPB,adaboost
NPB,高木　勇人,2015,42000000,6554391.975829837,1256391128203116,MLB,NPB,adaboost
NPB,田口　麗斗,2015,18000000,4459376.044877668,183348497094032.78,MLB,NPB,adaboost
NPB,山井　大介,2015,120000000,6000242.419870434,12995944728328308,MLB,NPB,adaboost
NPB,大野　雄大,2015,108000000,9986054.038774569,9606733602890020,MLB,NPB,adaboost
NPB,吉見　一起,2015,89000000,8038800.561232234,6554715814563929,MLB,NPB,adaboost
NPB,若松　駿太,2015,36000000,4411413.666528708,997838786547169.25,MLB,NPB,adaboost
NPB,八木　智哉,2015,20000000,6362549.006756331,185980069593122.72,MLB,NPB,adaboost
NPB,武藤　祐太,2015,16000000,4528047.380055535,131605696914250.66,MLB,NPB,adaboost
NPB,濱田　達郎,2015,13000000,5038198.007089905,63390290974307.16,MLB,NPB,adaboost
NPB,小熊　凌祐,2015,12000000,4012029.8540972946,63807667051832.89,MLB,NPB,adaboost
NPB,岩田　慎司,2015,11500000,5978570.71033579,30486181400761.82,MLB,NPB,adaboost
NPB,伊藤　準規,2015,6750000,4038982.2217391655,7349617394046.312,MLB,NPB,adaboost
NPB,鈴木　翔太,2015,6000000,3642449.6907498967,5558043460645.258,MLB,NPB,adaboost
NPB,黒田　博樹,2015,600000000,9721362.456127448,348428869940650500,MLB,NPB,adaboost
NPB,野村　祐輔,2015,52000000,5378187.988971171,2173593355191711.8,MLB,NPB,adaboost
NPB,福井　優也,2015,42000000,6865127.755814228,1234459247615256,MLB,NPB,adaboost
NPB,薮田　和樹,2015,10000000,3800589.6481703063,38432688710373.164,MLB,NPB,adaboost
NPB,中村　恭平,2015,8000000,6741021.542966869,1585026755273.524,MLB,NPB,adaboost
NPB,石川　雅規,2015,200000000,9273501.06157036,36376597397310810,MLB,NPB,adaboost
NPB,成瀬　善久,2015,144000000,6364674.007119062,18943482961166608,MLB,NPB,adaboost
NPB,館山　昌平,2015,120000000,6395203.718518867,12906049738156830,MLB,NPB,adaboost
NPB,小川　泰弘,2015,100000000,5844310.416952559,8865293880859187,MLB,NPB,adaboost
NPB,石山　泰稚,2015,41000000,6040022.995943061,1222199992124190,MLB,NPB,adaboost
NPB,新垣　渚,2015,28000000,7523211.003240773,419298887617799.8,MLB,NPB,adaboost
NPB,山中　浩史,2015,22000000,8000022.840724702,195999360460230.03,MLB,NPB,adaboost
NPB,杉浦　稔大,2015,17000000,4250112.643971406,162559627591417.8,MLB,NPB,adaboost
NPB,近藤　一樹,2015,12000000,6310253.218587669,32373218436591.984,MLB,NPB,adaboost
NPB,風張　蓮,2015,11000000,7057618.254983062,15542373823442.797,MLB,NPB,adaboost
NPB,寺田　哲也,2015,9500000,9236444.416433554,69461545629.04982,MLB,NPB,adaboost
NPB,攝津　正,2015,400000000,7185743.318239126,154303040252444300,MLB,NPB,adaboost
NPB,中田　賢一,2015,95000000,8092761.627143198,7552868081596553,MLB,NPB,adaboost
NPB,武田　翔太,2015,70000000,5935211.196425382,4104297164446620,MLB,NPB,adaboost
NPB,大隣　憲司,2015,68000000,8351867.446720862,3557899717093558.5,MLB,NPB,adaboost
NPB,寺原　隼人,2015,65000000,7647553.179172984,3289303156335791,MLB,NPB,adaboost
NPB,千賀　滉大,2015,25000000,5612125.884068312,375889662735214,MLB,NPB,adaboost
NPB,東浜　巨,2015,18000000,4487436.5306895375,182589371512143.6,MLB,NPB,adaboost
NPB,大谷　翔平,2015,200000000,8224190.120315634,36777961255008840,MLB,NPB,adaboost
NPB,吉川　光夫,2015,95000000,6580675.8236136995,7817976887808890,MLB,NPB,adaboost
NPB,武田　勝,2015,40000000,6263981.249823348,1138118961112270.8,MLB,NPB,adaboost
NPB,有原　航平,2015,30000000,4814374.468282674,634315733423891.6,MLB,NPB,adaboost
NPB,上沢　直之,2015,24000000,4102922.014555688,395893712358852.6,MLB,NPB,adaboost
NPB,中村　勝,2015,24000000,3981757.0453883107,400730050989860.5,MLB,NPB,adaboost
NPB,浦野　博司,2015,23000000,4336290.534981242,348334050994630.75,MLB,NPB,adaboost
NPB,斎藤　佑樹,2015,23000000,5165263.324547087,318077832282745.25,MLB,NPB,adaboost
NPB,新垣　勇人,2015,8500000,7437751.70521033,1128371439783.5618,MLB,NPB,adaboost
NPB,高梨　裕稔,2015,7700000,4810676.563828089,8348189918812.258,MLB,NPB,adaboost
NPB,西　勇輝,2015,120000000,6422567.259274198,12899833227974092,MLB,NPB,adaboost
NPB,東明　大貴,2015,42000000,7353086.071704251,1200408644754733.8,MLB,NPB,adaboost
NPB,松葉　貴大,2015,28000000,4189103.9863215536,566958768974208.1,MLB,NPB,adaboost
NPB,八木　亮祐,2015,20000000,4668419.25588421,235057368113342.1,MLB,NPB,adaboost
NPB,山﨑　福也,2015,17000000,4047286.182046336,167772795249807.8,MLB,NPB,adaboost
NPB,則本　昂大,2015,150000000,8320443.529611193,20073096721646088,MLB,NPB,adaboost
NPB,美馬　学,2015,35000000,7379779.23495026,762876595110084.9,MLB,NPB,adaboost
NPB,辛島　航,2015,33000000,4674740.159518703,802320345030782.5,MLB,NPB,adaboost
NPB,塩見　貴洋,2015,30000000,7374846.590696737,511897566794507.06,MLB,NPB,adaboost
NPB,菊池　保則,2015,19000000,5160526.9108755905,191531015384598.72,MLB,NPB,adaboost
NPB,川井　貴志,2015,16000000,5892241.750989451,102166776820440.78,MLB,NPB,adaboost
NPB,釜田　佳直,2015,12800000,3932559.432882578,78631502211359.77,MLB,NPB,adaboost
NPB,安樂　智大,2015,12000000,5079347.914970804,47895425282018.96,MLB,NPB,adaboost
NPB,森　雄大,2015,9500000,4632317.904204592,23694328985727.176,MLB,NPB,adaboost
NPB,岸　孝之,2015,225000000,12489043.018435342,45160906837220430,MLB,NPB,adaboost
NPB,牧田　和久,2015,75000000,6593204.071719376,4679489729173430,MLB,NPB,adaboost
NPB,十亀　剣,2015,60000000,6999006.278900029,2809105335424078.5,MLB,NPB,adaboost
NPB,野上　亮磨,2015,58000000,6680464.017167067,2633694773493284,MLB,NPB,adaboost
NPB,菊池　雄星,2015,55000000,5046971.060042673,2495305100276214.5,MLB,NPB,adaboost
NPB,郭　俊麟,2015,30000000,4394179.097660293,655658064082697.1,MLB,NPB,adaboost
NPB,髙橋　光成,2015,18000000,4006796.2804870093,195809750335792.22,MLB,NPB,adaboost
NPB,佐野　泰雄,2015,12000000,3608832.803096014,70411686926397.48,MLB,NPB,adaboost
NPB,涌井　秀章,2015,220000000.00000003,9000180.680910638,44520923752688370,MLB,NPB,adaboost
NPB,石川　歩,2015,75000000,8391529.228707463,4436688378490132.5,MLB,NPB,adaboost
NPB,唐川　侑己,2015,48000000,4740454.846307755,1871388246904338.2,MLB,NPB,adaboost
NPB,大嶺　祐太,2015,36400000,6494375.816740757,894346357790340,MLB,NPB,adaboost
NPB,古谷　拓哉,2015,31000000,6033733.299743171,623314472948353,MLB,NPB,adaboost
NPB,チェン・グァンユウ,2015,17000000,4521450.532211641,155714196820041.16,MLB,NPB,adaboost
NPB,田中　英祐,2015,13400000,3968377.0557741066,88955511362048.3,MLB,NPB,adaboost
NPB,木村　優太,2015,9300000,6142362.064269794,9970677333162.516,MLB,NPB,adaboost
NPB,藤浪　晋太郎,2016,160000000,4784948.910285412,24091712084782708,MLB,NPB,adaboost
NPB,能見　篤史,2016,130000000,10815094.660689607,14205041660740378,MLB,NPB,adaboost
NPB,岩田　稔,2016,53000000,5881971.635203873,2220108596985732.2,MLB,NPB,adaboost
NPB,岩貞　祐太,2016,40000000,6556714.822922137,1118453323435355.9,MLB,NPB,adaboost
NPB,岩崎　優,2016,25000000,4244317.9754997995,430798336302160.7,MLB,NPB,adaboost
NPB,横山　雄哉,2016,15700000,4467207.81114933,126175620357904.66,MLB,NPB,adaboost
NPB,青柳　晃洋,2016,12000000,4830574.570014438,51400660996123.664,MLB,NPB,adaboost
NPB,久保　康友,2016,100000000,7562888.741439681,8544619537827458,MLB,NPB,adaboost
NPB,井納　翔一,2016,72000000,8212310.963558621,4068869272609743.5,MLB,NPB,adaboost
NPB,石田　健大,2016,48000000,5316459.812503419,1821884602937635.5,MLB,NPB,adaboost
NPB,今永　昇太,2016,40000000,5037448.333305736,1222380019046265.8,MLB,NPB,adaboost
NPB,三嶋　一輝,2016,23000000,5168676.6596450275,317956092068288,MLB,NPB,adaboost
NPB,国吉　佑樹,2016,20000000,5231246.711648119,218116073692204.53,MLB,NPB,adaboost
NPB,平良　拳太郎,2016,7500000,4627621.147423867,8250560272726.582,MLB,NPB,adaboost
NPB,菅野　智之,2016,229999999.99999997,10127254.903997669,48344024036051610,MLB,NPB,adaboost
NPB,内海　哲也,2016,200000000,8650846.90651735,36614498389593056,MLB,NPB,adaboost
NPB,吉川　光夫,2016,95000000,6232391.195493388,7879688372869920,MLB,NPB,adaboost
NPB,山口　俊,2016,80000000,11894691.161671467,4638333091964112,MLB,NPB,adaboost
NPB,大竹　寛,2016,70000000,7593410.503459436,3894582412589726.5,MLB,NPB,adaboost
NPB,田口　麗斗,2016,50000000,5160301.172546293,2010598590936753.8,MLB,NPB,adaboost
NPB,高木　勇人,2016,37000000,5879144.616290123,968507639813784.1,MLB,NPB,adaboost
NPB,今村　信貴,2016,16000000,4181418.0450112377,139678879426786,MLB,NPB,adaboost
NPB,桜井　俊貴,2016,12000000,5395435.12360324,43620277206533.76,MLB,NPB,adaboost
NPB,江柄子　裕樹,2016,11000000,6321430.147993057,21889015860108.27,MLB,NPB,adaboost
NPB,大野　雄大,2016,86400000,8512121.429413524,6066521628226423,MLB,NPB,adaboost
NPB,吉見　一起,2016,80000000,7461502.059714937,5261833683432739,MLB,NPB,adaboost
NPB,ジョーダン,2016,30000000,9164711.765014093,434109235834942.1,MLB,NPB,adaboost
NPB,若松　駿太,2016,30000000,4631052.393032157,643583502685079.5,MLB,NPB,adaboost
NPB,小笠原　慎之介,2016,18000000,4111247.138926661,192897456035972.88,MLB,NPB,adaboost
NPB,小熊　凌祐,2016,16000000,4713823.103190229,127377788946082.64,MLB,NPB,adaboost
NPB,八木　智哉,2016,15000000,10411893.876088977,21050717804269.832,MLB,NPB,adaboost
NPB,濱田　達郎,2016,9750000,3932559.432882578,33842614751943.473,MLB,NPB,adaboost
NPB,伊藤　準規,2016,7500000,4017655.6550296014,12126722136947.314,MLB,NPB,adaboost
NPB,野村　祐輔,2016,100000000,7769958.27897596,8506380595861834,MLB,NPB,adaboost
NPB,福井　優也,2016,41000000,7299608.115564581,1135716413164520.5,MLB,NPB,adaboost
NPB,岡田　明丈,2016,25200000,5430198.745800261,390845041630557.6,MLB,NPB,adaboost
NPB,横山　弘樹,2016,12500000,4038982.2217391655,71588821844045.9,MLB,NPB,adaboost
NPB,中村　恭平,2016,9000000,5374019.004007529,13147738183298.555,MLB,NPB,adaboost
NPB,石川　雅規,2016,180000000,6608316.151846723,30064676027697932,MLB,NPB,adaboost
NPB,館山　昌平,2016,120000000,5827353.527447275,13035393202546508,MLB,NPB,adaboost
NPB,小川　泰弘,2016,88000000,5912533.591165851,6738352141421474,MLB,NPB,adaboost
NPB,山中　浩史,2016,41000000,8059292.775200126,1085090192469982.8,MLB,NPB,adaboost
NPB,原　樹理,2016,17000000,4245706.71521533,162671997194303.34,MLB,NPB,adaboost
NPB,和田　毅,2016,400000000,20431963.33818176,1.4407189445530741e+17,MLB,NPB,adaboost
NPB,攝津　正,2016,400000000,6146161.595882556,155120846025656670,MLB,NPB,adaboost
NPB,武田　翔太,2016,120000000,5479228.026005252,13115007213519700,MLB,NPB,adaboost
NPB,中田　賢一,2016,95000000,6711909.189255042,7794786979006348,MLB,NPB,adaboost
NPB,千賀　滉大,2016,65000000,4953142.951095219,3605625041451606,MLB,NPB,adaboost
NPB,大隣　憲司,2016,55000000,11122905.909372289,1925199385837797.5,MLB,NPB,adaboost
NPB,東浜　巨,2016,36000000,6178844.287174923,889301328048559.6,MLB,NPB,adaboost
NPB,山田　大樹,2016,14000000,5525569.250909452,71815976521131.39,MLB,NPB,adaboost
NPB,大谷　翔平,2016,270000000,7360923.963087299,68979284261523216,MLB,NPB,adaboost
NPB,有原　航平,2016,60000000,5842424.13796688,2933043023251872.5,MLB,NPB,adaboost
NPB,加藤　貴之,2016,26000000,4340932.701223052,469115196252948.94,MLB,NPB,adaboost
NPB,杉浦　稔大,2016,15000000,5010423.207309636,99791644497057.875,MLB,NPB,adaboost
NPB,中村　勝,2016,12000000,4166041.6913659465,61370902781416.52,MLB,NPB,adaboost
NPB,西　勇輝,2016,130000000,6505313.26962173,15250937650634266,MLB,NPB,adaboost
NPB,松葉　貴大,2016,36500000,5326559.500099982,971783392600806.6,MLB,NPB,adaboost
NPB,東明　大貴,2016,34000000,6206051.425919988,772503577338604.4,MLB,NPB,adaboost
NPB,八木　亮祐,2016,16000000,5501249.075163258,110223770981760.34,MLB,NPB,adaboost
NPB,近藤　大亮,2016,9600000,5791557.482095175,14504234412185.24,MLB,NPB,adaboost
NPB,青山　大紀,2016,9000000,4868713.1776666045,17067530808385.564,MLB,NPB,adaboost
NPB,山田　修義,2016,9000000,4510881.839322398,20152181860525.453,MLB,NPB,adaboost
NPB,岸　孝之,2016,225000000,8327035.109914071,46947173714260416,MLB,NPB,adaboost
NPB,則本　昂大,2016,200000000,10015315.435045043,36094180369245440,MLB,NPB,adaboost
NPB,美馬　学,2016,50000000,8529096.464493232,1719835840051308,MLB,NPB,adaboost
NPB,塩見　貴洋,2016,45000000,8561489.894905178,1327765018679097.2,MLB,NPB,adaboost
NPB,辛島　航,2016,30000000,4863133.60692792,631862052063156.5,MLB,NPB,adaboost
NPB,釜田　佳直,2016,25000000,4489353.441991357,420686622227551.7,MLB,NPB,adaboost
NPB,安樂　智大,2016,21000000,4439852.345402006,274238490342087.44,MLB,NPB,adaboost
NPB,菊池　保則,2016,15000000,4841100.070737815,103203247772763.2,MLB,NPB,adaboost
NPB,菊池　雄星,2016,100000000,6404482.095953182,8760120971726749,MLB,NPB,adaboost
NPB,野上　亮磨,2016,50000000,6284302.33465791,1911062222367596,MLB,NPB,adaboost
NPB,十亀　剣,2016,50000000,5822638.035043772,1951639310182760.8,MLB,NPB,adaboost
NPB,髙橋　光成,2016,23000000,5585327.306758309,303270825012737.9,MLB,NPB,adaboost
NPB,多和田　真三郎,2016,23000000,5023620.631489561,323150215200607.8,MLB,NPB,adaboost
NPB,本田　圭佑,2016,7000000,4042163.2584714284,8748798189536.358,MLB,NPB,adaboost
NPB,佐藤　勇,2016,6000000,3642449.6907498967,5558043460645.258,MLB,NPB,adaboost
NPB,涌井　秀章,2016,250000000,9897387.569934463,57649264495742264,MLB,NPB,adaboost
NPB,石川　歩,2016,130000000,10304366.432281911,14327044695177442,MLB,NPB,adaboost
NPB,唐川　侑己,2016,52000000,5920991.624312542,2123275012886674.8,MLB,NPB,adaboost
NPB,古谷　拓哉,2016,27000000,6088852.54220717,437276088001555.5,MLB,NPB,adaboost
NPB,関谷　亮太,2016,22500000,4944997.087811012,308178127246963.9,MLB,NPB,adaboost
NPB,二木　康太,2016,18000000,4750122.902894321,175559243088405.6,MLB,NPB,adaboost
NPB,チェン・グァンユウ,2016,16000000,6162117.22636641,96783937467756.53,MLB,NPB,adaboost
NPB,藤浪　晋太郎,2017,120000000,3948303.123283214,13467996347965358,MLB,NPB,adaboost
NPB,能見　篤史,2017,120000000,10528246.243097102,11984064870611984,MLB,NPB,adaboost
NPB,岩田　稔,2017,50000000,6190231.490469136,1919295816858682.2,MLB,NPB,adaboost
NPB,秋山　拓巳,2017,41000000,7619814.726541553,1114236768890412.2,MLB,NPB,adaboost
NPB,岩貞　祐太,2017,35000000,6219531.65003915,828315358443098.1,MLB,NPB,adaboost
NPB,岡本　洋介,2017,23000000,5566652.198137147,303921615580716.3,MLB,NPB,adaboost
NPB,小野　泰己,2017,18000000,3988867.445361856,196311835463640.78,MLB,NPB,adaboost
NPB,青柳　晃洋,2017,13000000,4160039.863229664,78144895219688.61,MLB,NPB,adaboost
NPB,横山　雄哉,2017,13000000,5626978.695854483,54361443151383.66,MLB,NPB,adaboost
NPB,福永　春吾,2017,6800000,4034895.7041231594,7645801767076.559,MLB,NPB,adaboost
NPB,井納　翔一,2017,85000000,7115367.398329933,6066015995497129,MLB,NPB,adaboost
NPB,今永　昇太,2017,84000000,5665230.071782064,6136336179706837,MLB,NPB,adaboost
NPB,石田　健大,2017,60000000,4535208.635497425,3076343081107800,MLB,NPB,adaboost
NPB,濵口　遥大,2017,47500000,4813747.094442906,1822116187117181.5,MLB,NPB,adaboost
NPB,熊原　健人,2017,13000000,4691326.416711452,69034056713636.95,MLB,NPB,adaboost
NPB,水野　滉也,2017,12000000,4595551.7525150245,54825853849683.33,MLB,NPB,adaboost
NPB,飯塚　悟史,2017,8500000,4049954.7737075947,19802902516047.824,MLB,NPB,adaboost
NPB,平良　拳太郎,2017,7500000,4068512.591777042,11775105832792.713,MLB,NPB,adaboost
NPB,綾部　翔,2017,5700000,5264258.008703998,189871082978.60483,MLB,NPB,adaboost
NPB,菅野　智之,2017,450000000,21012193.92306289,184030537762703780,MLB,NPB,adaboost
NPB,山口　俊,2017,229999999.99999997,6822324.349543889,49808274908740176,MLB,NPB,adaboost
NPB,野上　亮磨,2017,150000000,10534986.259926924,19450490057518776,MLB,NPB,adaboost
NPB,内海　哲也,2017,100000000,5951794.110886848,8845065030961019,MLB,NPB,adaboost
NPB,田口　麗斗,2017,90000000,5214763.844350087,7188536269969326,MLB,NPB,adaboost
NPB,吉川　光夫,2017,70000000,6375206.617012399,4048114333027863,MLB,NPB,adaboost
NPB,大竹　寛,2017,52500000,6689519.989551675,2098600078787685.2,MLB,NPB,adaboost
NPB,宮國　椋丞,2017,24000000,4272304.200362039,389181981563053.3,MLB,NPB,adaboost
NPB,畠　世周,2017,24000000,4601987.053035496,376282906290602.44,MLB,NPB,adaboost
NPB,大野　雄大,2017,80000000,7650853.837952706,5234398950377283,MLB,NPB,adaboost
NPB,吉見　一起,2017,75000000,6619970.590436174,4675828422052814,MLB,NPB,adaboost
NPB,山井　大介,2017,72000000,13867576.993233366,3379378604637650.5,MLB,NPB,adaboost
NPB,若松　駿太,2017,25000000,4074258.3839233774,437886662182801.06,MLB,NPB,adaboost
NPB,小笠原　慎之介,2017,21000000,5240394.582219736,248365162924129.1,MLB,NPB,adaboost
NPB,柳　裕也,2017,14500000,4898874.121700455,92181618130953.22,MLB,NPB,adaboost
NPB,鈴木　翔太,2017,12000000,3780281.1343879662,67563778229698.38,MLB,NPB,adaboost
NPB,小熊　凌祐,2017,12000000,6190922.443197427,33745382060947.348,MLB,NPB,adaboost
NPB,野村　祐輔,2017,120000000,9589697.874951478,12190434815344494,MLB,NPB,adaboost
NPB,大瀬良　大地,2017,63000000,7141037.0218984205,3120223744988923,MLB,NPB,adaboost
NPB,岡田　明丈,2017,42000000,4747239.41487253,1387768171212827,MLB,NPB,adaboost
NPB,福井　優也,2017,31000000,6554274.700735662,597593485407092.5,MLB,NPB,adaboost
NPB,中村　祐太,2017,9000000,4342917.051926726,21688421585234.86,MLB,NPB,adaboost
NPB,床田　寛樹,2017,7000000,4998910.062472684,4004360938073.076,MLB,NPB,adaboost
NPB,石川　雅規,2017,120000000,6818208.542960542,12810117917424770,MLB,NPB,adaboost
NPB,館山　昌平,2017,98000000,6282900.934276418,8412026261031754,MLB,NPB,adaboost
NPB,小川　泰弘,2017,90000000,6556585.514916447,6962803420929451,MLB,NPB,adaboost
NPB,山中　浩史,2017,32000000,6455693.962910193,652511570916502.75,MLB,NPB,adaboost
NPB,原　樹理,2017,29000000,5454133.142572496,554407846067702.94,MLB,NPB,adaboost
NPB,星　知弥,2017,22000000,4394179.097660293,309964929645261.75,MLB,NPB,adaboost
NPB,山田　大樹,2017,14000000,7139424.72356139,47067493123680.7,MLB,NPB,adaboost
NPB,寺島　成輝,2017,11000000,4862075.524026394,37674116872755.87,MLB,NPB,adaboost
NPB,岩橋　慶侍,2017,10000000,5237025.100010546,22685929897929.55,MLB,NPB,adaboost
NPB,中尾　輝,2017,7200000,4436012.622999249,7639626220219.491,MLB,NPB,adaboost
NPB,梅野　雄吾,2017,6500000,5062325.5039715525,2066907956530.6506,MLB,NPB,adaboost
NPB,和田　毅,2017,400000000,8415817.172599908,153338172240602700,MLB,NPB,adaboost
NPB,攝津　正,2017,400000000,6488298.822300571,154851458963767040,MLB,NPB,adaboost
NPB,千賀　滉大,2017,125000000,5037304.645664152,14391048276677190,MLB,NPB,adaboost
NPB,武田　翔太,2017,90000000,4634649.082592044,7287243137252204,MLB,NPB,adaboost
NPB,東浜　巨,2017,90000000,10425420.593479736,6332113687724599,MLB,NPB,adaboost
NPB,中田　賢一,2017,85000000,7824835.332458969,5956006041462073,MLB,NPB,adaboost
NPB,松本　裕樹,2017,12000000,3642449.6907498967,69848647171646.5,MLB,NPB,adaboost
NPB,有原　航平,2017,70000000,6692072.978196529,4007893623797994,MLB,NPB,adaboost
NPB,高梨　裕稔,2017,36000000,6442730.726623924,873632166898861.6,MLB,NPB,adaboost
NPB,村田　透,2017,35000000,5948314.464964031,844000432426618.1,MLB,NPB,adaboost
NPB,加藤　貴之,2017,32000000,6058468.832557386,672963039311396.5,MLB,NPB,adaboost
NPB,上沢　直之,2017,24000000,4471530.7792936955,381361110104073.56,MLB,NPB,adaboost
NPB,浦野　博司,2017,19400000,6412386.96567339,168678092329410.44,MLB,NPB,adaboost
NPB,斎藤　佑樹,2017,18300000,6838696.082027251,131361487500137.48,MLB,NPB,adaboost
NPB,上原　健太,2017,12000000,3937589.4414193905,65002464015112.086,MLB,NPB,adaboost
NPB,中村　勝,2017,11000000,4490837.642662537,42369194594178.99,MLB,NPB,adaboost
NPB,吉田　侑樹,2017,9500000,4069662.0460157627,29488570294481.71,MLB,NPB,adaboost
NPB,西　勇輝,2017,120000000,6897209.968440563,12792241112923020,MLB,NPB,adaboost
NPB,山岡　泰輔,2017,43000000,4931435.820139706,1449215578716142.2,MLB,NPB,adaboost
NPB,松葉　貴大,2017,36500000,6493727.867874511,900376367267170.75,MLB,NPB,adaboost
NPB,東明　大貴,2017,25500000,6701853.5226912405,353370310982355.6,MLB,NPB,adaboost
NPB,山本　由伸,2017,8000000,4738971.244134854,10634308546579.385,MLB,NPB,adaboost
NPB,山田　修義,2017,7200000,5819278.878127544,1906390816384.733,MLB,NPB,adaboost
NPB,吉田　凌,2017,5300000,3932559.432882578,1869893704598.4165,MLB,NPB,adaboost
NPB,岸　孝之,2017,300000000,16921220.470989197,80133595419634290,MLB,NPB,adaboost
NPB,則本　昂大,2017,250000000,12616218.154175632,56351059883425930,MLB,NPB,adaboost
NPB,美馬　学,2017,80000000,9527003.983492328,4966443167542706,MLB,NPB,adaboost
NPB,辛島　航,2017,42000000,6262625.491238126,1277159936779503,MLB,NPB,adaboost
NPB,塩見　貴洋,2017,38000000,7357722.446169765,938949173685968.4,MLB,NPB,adaboost
NPB,釜田　佳直,2017,23000000,4180681.172779965,354166761120558.44,MLB,NPB,adaboost
NPB,安樂　智大,2017,20000000,4245706.71521533,248197756903011.38,MLB,NPB,adaboost
NPB,藤平　尚真,2017,18000000,5571232.078387745,154474272049297.8,MLB,NPB,adaboost
NPB,古川　侑利,2017,7500000,4112840.9594310583,11472846366107.914,MLB,NPB,adaboost
NPB,菊池　雄星,2017,240000000,11029302.71431899,52427580215490970,MLB,NPB,adaboost
NPB,十亀　剣,2017,60000000,7434588.212853218,2763122516352310,MLB,NPB,adaboost
NPB,多和田　真三郎,2017,26000000,5026152.225930326,439902290449847.44,MLB,NPB,adaboost
NPB,髙橋　光成,2017,21500000,3913153.3927713917,309297173586188.4,MLB,NPB,adaboost
NPB,佐野　泰雄,2017,15000000,4038982.2217391655,120143910735350.08,MLB,NPB,adaboost
NPB,涌井　秀章,2017,200000000,7822972.803619133,36932009782038504,MLB,NPB,adaboost
NPB,石川　歩,2017,110000000.00000001,8227813.210187018,10357578003980588,MLB,NPB,adaboost
NPB,西野　勇士,2017,75000000,4773429.13141063,4931771255961005,MLB,NPB,adaboost
NPB,唐川　侑己,2017,56000000,6667781.847027577,2433667747892462,MLB,NPB,adaboost
NPB,二木　康太,2017,40000000,5707049.273071423,1176006469559551.2,MLB,NPB,adaboost
NPB,関谷　亮太,2017,20500000,5506599.2954893485,224802064686020.5,MLB,NPB,adaboost
NPB,佐々木　千隼,2017,19700000,3985709.88386086,246938913854188.25,MLB,NPB,adaboost
NPB,大隣　憲司,2017,10000000,6802676.189489842,10222879549255.193,MLB,NPB,adaboost
NPB,成田　翔,2017,6700000,3942288.599211105,7604972170041.049,MLB,NPB,adaboost
NPB,西　勇輝,2018,250000000,9259697.114390444,57955893433455030,MLB,NPB,adaboost
NPB,藤浪　晋太郎,2018,84000000,4616989.765019558,6301662313967008,MLB,NPB,adaboost
NPB,岩貞　祐太,2018,38000000,8924305.721121125,845395997798829.75,MLB,NPB,adaboost
NPB,岩田　稔,2018,38000000,10566339.42187208,752605732715930,MLB,NPB,adaboost
NPB,秋山　拓巳,2018,36000000,8468827.254072791,757965472766085,MLB,NPB,adaboost
NPB,小野　泰己,2018,27000000,4717113.916437214,496527012213036,MLB,NPB,adaboost
NPB,飯田　優也,2018,19000000,6883527.0722846985,146808916208057.8,MLB,NPB,adaboost
NPB,才木　浩人,2018,15000000,4436012.622999249,111597829301431.2,MLB,NPB,adaboost
NPB,馬場　皐輔,2018,14500000,4192204.011154584,106250658147657.64,MLB,NPB,adaboost
NPB,髙橋　遥人,2018,13000000,4251192.358361014,76541635150400.73,MLB,NPB,adaboost
NPB,青柳　晃洋,2018,12000000,5256233.797347274,45478382596041.17,MLB,NPB,adaboost
NPB,今永　昇太,2018,67000000,5871493.259536225,3736694336318925.5,MLB,NPB,adaboost
NPB,石田　健大,2018,58000000,5824030.759895232,2722331766144358.5,MLB,NPB,adaboost
NPB,東　克樹,2018,55500000,5485551.042037647,2501445104568621,MLB,NPB,adaboost
NPB,濵口　遥大,2018,50500000,4581206.4808915015,2108535598250520.5,MLB,NPB,adaboost
NPB,飯塚　悟史,2018,14000000,4085170.8538414156,98303836997515.75,MLB,NPB,adaboost
NPB,平良　拳太郎,2018,13000000,4251192.358361014,76541635150400.73,MLB,NPB,adaboost
NPB,京山　将弥,2018,10500000,3813898.022041849,44703959659655.9,MLB,NPB,adaboost
NPB,菅野　智之,2018,650000000,21655784.88168584,394816452672650240,MLB,NPB,adaboost
NPB,山口　俊,2018,229999999.99999997,10137726.755006481,48339419196456176,MLB,NPB,adaboost
NPB,田口　麗斗,2018,75000000,4777802.155065197,4931157070173167,MLB,NPB,adaboost
NPB,大竹　寛,2018,26250000,6800166.86831061,378296008850562.4,MLB,NPB,adaboost
NPB,今村　信貴,2018,26000000,4099157.7416211735,479646891626391.75,MLB,NPB,adaboost
NPB,鍬原　拓也,2018,16500000,5661982.672541042,117462619590300.64,MLB,NPB,adaboost
NPB,古川　侑利,2018,16000000,4686702.706656384,127990695647575.95,MLB,NPB,adaboost
NPB,髙田　萌生,2018,6800000,3932559.432882578,8222215405950.682,MLB,NPB,adaboost
NPB,吉見　一起,2018,90000000,6891801.087437924,6906972726489984,MLB,NPB,adaboost
NPB,松坂　大輔,2018,80000000,7748902.954980336,5220221024208848,MLB,NPB,adaboost
NPB,山井　大介,2018,62000000,7823747.41901479,2935066343718706.5,MLB,NPB,adaboost
NPB,大野　雄大,2018,60000000,6495951.894861104,2862683163637017.5,MLB,NPB,adaboost
NPB,松葉　貴大,2018,28000000,5981903.588700823,484796569577265.7,MLB,NPB,adaboost
NPB,笠原　祥太郎,2018,21000000,4478063.519269592,272974385073290.25,MLB,NPB,adaboost
NPB,小笠原　慎之介,2018,21000000,4569791.123531307,269951763724390.6,MLB,NPB,adaboost
NPB,柳　裕也,2018,14500000,4186542.831705763,106367398762239.77,MLB,NPB,adaboost
NPB,小熊　凌祐,2018,12000000,8181814.75895044,14578538534968.686,MLB,NPB,adaboost
NPB,鈴木　翔太,2018,10000000,3932559.432882578,36813835035502.18,MLB,NPB,adaboost
NPB,Ｒ．マルティネス,2018,10000000,3703710.9602507465,39643255672066.58,MLB,NPB,adaboost
NPB,大瀬良　大地,2018,145000000,10807826.52860409,18007539420977212,MLB,NPB,adaboost
NPB,野村　祐輔,2018,120000000,7510852.470745442,12653808311858396,MLB,NPB,adaboost
NPB,九里　亜蓮,2018,62000000,5539482.955360805,3187789984947993,MLB,NPB,adaboost
NPB,岡田　明丈,2018,55000000,6101221.154101533,2391090572620087,MLB,NPB,adaboost
NPB,中村　祐太,2018,12000000,3914001.614813131,65383369885244.664,MLB,NPB,adaboost
NPB,高橋　昂也,2018,8000000,4192204.011154584,14499310292667.238,MLB,NPB,adaboost
NPB,石川　雅規,2018,95000000,6794982.280129911,7780125150962597,MLB,NPB,adaboost
NPB,小川　泰弘,2018,92000000,8637619.455226483,6949286490091635,MLB,NPB,adaboost
NPB,原　樹理,2018,40000000,5690099.1483498085,1177169296450066.8,MLB,NPB,adaboost
NPB,高梨　裕稔,2018,36000000,6374598.11531107,877664436829330.4,MLB,NPB,adaboost
NPB,館山　昌平,2018,24000000,6088852.54220717,320809203254798.56,MLB,NPB,adaboost
NPB,山田　大樹,2018,13000000,6515478.540062306,42049018564392.48,MLB,NPB,adaboost
NPB,寺島　成輝,2018,11000000,4862075.524026394,37674116872755.87,MLB,NPB,adaboost
NPB,高橋　奎二,2018,7000000,5048354.8852456305,3808918653944.596,MLB,NPB,adaboost
NPB,千賀　滉大,2018,160000000,5188513.525864204,23966596344331528,MLB,NPB,adaboost
NPB,東浜　巨,2018,85000000,8266183.398935945,5888078610165734,MLB,NPB,adaboost
NPB,武田　翔太,2018,85000000,4822777.305836325,6428387038949515,MLB,NPB,adaboost
NPB,中田　賢一,2018,60000000,6685564.225409105,2842429061962977.5,MLB,NPB,adaboost
NPB,大竹　耕太郎,2018,15000000,4052359.5323440856,119850831809057.39,MLB,NPB,adaboost
NPB,松本　裕樹,2018,12000000,3922030.459274331,65253591900891.67,MLB,NPB,adaboost
NPB,金子　弌大,2018,150000000,6658016.666576838,20546924185959364,MLB,NPB,adaboost
NPB,吉川　光夫,2018,75000000,7197785.764208618,4597140255276152,MLB,NPB,adaboost
NPB,有原　航平,2018,70000000,5613199.450414382,4145660085012119,MLB,NPB,adaboost
NPB,上沢　直之,2018,70000000,5416642.269504786,4171010095745116,MLB,NPB,adaboost
NPB,村田　透,2018,50000000,7470047.646507343,1808796847190355.5,MLB,NPB,adaboost
NPB,加藤　貴之,2018,35000000,5396497.069506635,876367385755729.25,MLB,NPB,adaboost
NPB,上原　健太,2018,17000000,4277952.907142909,161850482232873.56,MLB,NPB,adaboost
NPB,杉浦　稔大,2018,16000000,6349816.730346295,93126037137904.25,MLB,NPB,adaboost
NPB,斎藤　佑樹,2018,16000000,6727223.173467567,85984390074676.89,MLB,NPB,adaboost
NPB,堀　瑞輝,2018,9600000,3603207.002163707,35961526258898.4,MLB,NPB,adaboost
NPB,吉田　侑樹,2018,9200000,4038982.2217391655,26636104507524.402,MLB,NPB,adaboost
NPB,宮台　康平,2018,7700000,4113434.4844510476,12863452197324.922,MLB,NPB,adaboost
NPB,山岡　泰輔,2018,45000000,4532988.57377959,1637579013769853.2,MLB,NPB,adaboost
NPB,東明　大貴,2018,23000000,8206018.183488891,218861897987261.34,MLB,NPB,adaboost
NPB,田嶋　大樹,2018,20000000,4685934.521419207,234520601482259.97,MLB,NPB,adaboost
NPB,竹安　大知,2018,9000000,6030581.519094592,8817446114742.582,MLB,NPB,adaboost
NPB,榊原　翼,2018,7500000,6151637.722534561,1818080831291.7866,MLB,NPB,adaboost
NPB,岸　孝之,2018,300000000,17591419.831821404,79754606152606580,MLB,NPB,adaboost
NPB,則本　昂大,2018,250000000,14212149.530791491,55595910428889830,MLB,NPB,adaboost
NPB,美馬　学,2018,65000000,6308430.488222693,3444700331755787,MLB,NPB,adaboost
NPB,辛島　航,2018,50000000,8260510.300507972,1742185000374001.2,MLB,NPB,adaboost
NPB,塩見　貴洋,2018,34000000,8205713.700704021,665345205690048.1,MLB,NPB,adaboost
NPB,福井　優也,2018,25000000,7889433.518809047,292771485307255.4,MLB,NPB,adaboost
NPB,藤平　尚真,2018,18000000,3925257.4179368196,198098378751342.5,MLB,NPB,adaboost
NPB,安樂　智大,2018,16000000,4360437.049564223,135479425677157.19,MLB,NPB,adaboost
NPB,西口　直人,2018,6300000,6012510.299973024,82650327621.60062,MLB,NPB,adaboost
NPB,内海　哲也,2018,100000000,6713057.807639565,8702453583600797,MLB,NPB,adaboost
NPB,多和田　真三郎,2018,80000000,6459617.819955777,5408187811186965,MLB,NPB,adaboost
NPB,榎田　大樹,2018,55000000,8546883.649221463,2157892018698968,MLB,NPB,adaboost
NPB,十亀　剣,2018,51000000,6529079.700172969,1977662752313568,MLB,NPB,adaboost
NPB,髙橋　光成,2018,18500000,3790835.7270862414,216359513607562.5,MLB,NPB,adaboost
NPB,今井　達也,2018,18000000,4142400.2059688503,192033072051532.2,MLB,NPB,adaboost
NPB,郭　俊麟,2018,12000000,4827638.434530432,51442770425825.07,MLB,NPB,adaboost
NPB,涌井　秀章,2018,200000000,7275490.552903739,37142736541623896,MLB,NPB,adaboost
NPB,石川　歩,2018,115000000.00000001,7397463.480442092,11578305865442796,MLB,NPB,adaboost
NPB,二木　康太,2018,43000000,5117846.687503206,1435057539591512,MLB,NPB,adaboost
NPB,有吉　優樹,2018,42000000,5553920.6615761425,1328316699142686.2,MLB,NPB,adaboost
NPB,酒居　知史,2018,21500000,4625187.946872327,284759281828383,MLB,NPB,adaboost
NPB,土肥　星也,2018,11800000,3914001.614813131,62188970531169.914,MLB,NPB,adaboost
NPB,山本　大貴,2018,11500000,4538578.90603134,48461383647551.81,MLB,NPB,adaboost
NPB,渡邉　啓太,2018,11000000,4471403.292742718,42622574966010.625,MLB,NPB,adaboost
NPB,種市　篤暉,2018,6800000,3942288.599211105,8166514450198.828,MLB,NPB,adaboost
NPB,西　勇輝,2019,200000000,9699713.455412995,36214199058951930,MLB,NPB,adaboost
NPB,藤浪　晋太郎,2019,63000000,5295179.155035317,3329846348749470.5,MLB,NPB,adaboost
NPB,岩田　稔,2019,38000000,6574343.781639975,987571868754550.1,MLB,NPB,adaboost
NPB,中田　賢一,2019,35000000,9742615.449186606,637935474347667,MLB,NPB,adaboost
NPB,秋山　拓巳,2019,32000000,6595253.437046369,645401147927904.4,MLB,NPB,adaboost
NPB,岩貞　祐太,2019,32000000,8003468.7855193205,575833510327545.6,MLB,NPB,adaboost
NPB,青柳　晃洋,2019,30000000,6064528.5856606485,572906791826656.25,MLB,NPB,adaboost
NPB,髙橋　遥人,2019,22000000,5292192.007552566,279150847912490.34,MLB,NPB,adaboost
NPB,才木　浩人,2019,13000000,4617948.410439512,70258788850053.51,MLB,NPB,adaboost
NPB,望月　惇志,2019,11500000,3879553.0767702633,58071211309761.57,MLB,NPB,adaboost
NPB,今永　昇太,2019,136000000,8484116.033238245,16260300663824648,MLB,NPB,adaboost
NPB,井納　翔一,2019,61000000,5979464.226690541,3027259356782026,MLB,NPB,adaboost
NPB,濵口　遥大,2019,55000000,5015145.720764114,2498485657316446,MLB,NPB,adaboost
NPB,東　克樹,2019,44000000,4828359.030785938,1534417456221009.5,MLB,NPB,adaboost
NPB,上茶谷　大河,2019,43000000,4540532.646670021,1479130629101854.5,MLB,NPB,adaboost
NPB,大貫　晋一,2019,25000000,5143216.247515911,394291860992916.2,MLB,NPB,adaboost
NPB,平良　拳太郎,2019,21000000,4487501.474667377,272662607549112.03,MLB,NPB,adaboost
NPB,京山　将弥,2019,11200000,4139825.3870660593,49846065565116.93,MLB,NPB,adaboost
NPB,阪口　皓亮,2019,6100000,3932559.432882578,4697798611986.291,MLB,NPB,adaboost
NPB,菅野　智之,2019,650000000,10714727.671425972,408685659416219100,MLB,NPB,adaboost
NPB,桜井　俊貴,2019,30000000,5191546.938153213,615459343321855.1,MLB,NPB,adaboost
NPB,今村　信貴,2019,28000000,4503291.828226751,552095294909475.7,MLB,NPB,adaboost
NPB,髙橋　優貴,2019,24000000,4757215.485894295,370284755856306.3,MLB,NPB,adaboost
NPB,畠　世周,2019,16300000,5555459.984416937,115445140146465.67,MLB,NPB,adaboost
NPB,古川　侑利,2019,16000000,4817729.959410253,125043163260671,MLB,NPB,adaboost
NPB,戸郷　翔征,2019,6500000,5587199.049150277,833205575872.1586,MLB,NPB,adaboost
NPB,大野　雄大,2019,130000000,14660946.773440622,13303097199199096,MLB,NPB,adaboost
NPB,吉見　一起,2019,90000000,7598314.10216785,6790037838804991,MLB,NPB,adaboost
NPB,山井　大介,2019,46500000,6508756.136351032,1599299585761841,MLB,NPB,adaboost
NPB,柳　裕也,2019,45000000,7730950.43837639,1388982055226757,MLB,NPB,adaboost
NPB,松葉　貴大,2019,25000000,6056454.007814975,358857934758029.4,MLB,NPB,adaboost
NPB,小笠原　慎之介,2019,19000000,4792274.255996392,201859470816822.9,MLB,NPB,adaboost
NPB,福谷　浩司,2019,18000000,11448600.876299955,42920830478017.72,MLB,NPB,adaboost
NPB,笠原　祥太郎,2019,16500000,3907012.4370268933,158583335761195.34,MLB,NPB,adaboost
NPB,梅津　晃大,2019,15000000,4535675.73073916,109502082412241.39,MLB,NPB,adaboost
NPB,山本　拓実,2019,11000000,4006796.2804870093,48904898262610.33,MLB,NPB,adaboost
NPB,勝野　昌慶,2019,11000000,3800589.6481703063,51831509414032.555,MLB,NPB,adaboost
NPB,清水　達也,2019,8000000,3914001.614813131,16695382803749.703,MLB,NPB,adaboost
NPB,阿知羅　拓馬,2019,8000000,5501055.18456799,6244725190574.523,MLB,NPB,adaboost
NPB,Ｋ．ジョンソン,2019,272500000,10812913.996648751,68480130980925350,MLB,NPB,adaboost
NPB,大瀬良　大地,2019,175000000,9077126.598415967,27530399917838080,MLB,NPB,adaboost
NPB,野村　祐輔,2019,120000000,7064027.530965458,12754533877526528,MLB,NPB,adaboost
NPB,九里　亜蓮,2019,72000000,8721254.388332399,4004199646186142,MLB,NPB,adaboost
NPB,岡田　明丈,2019,44000000,4795970.32366227,1536955942863169.8,MLB,NPB,adaboost
NPB,薮田　和樹,2019,28000000,5020168.154461077,528072671649244.75,MLB,NPB,adaboost
NPB,床田　寛樹,2019,27000000,5057523.868139851,481472258797252.3,MLB,NPB,adaboost
NPB,アドゥワ　誠,2019,22000000,3958763.288041366,325486222096924.06,MLB,NPB,adaboost
NPB,中村　祐太,2019,10000000,4003691.5028715753,35955715592734.555,MLB,NPB,adaboost
NPB,山口　翔,2019,7500000,3879553.0767702633,13107635923923.668,MLB,NPB,adaboost
NPB,石川　雅規,2019,105000000,7663767.799698014,9474342098951106,MLB,NPB,adaboost
NPB,小川　泰弘,2019,90000000,8769004.989933414,6598474550325462,MLB,NPB,adaboost
NPB,原　樹理,2019,33000000,5356480.798362366,764164153851308.5,MLB,NPB,adaboost
NPB,高梨　裕稔,2019,33000000,6362068.860840195,709579375374619.6,MLB,NPB,adaboost
NPB,山田　大樹,2019,20000000,6092617.273722672,193415294295157.03,MLB,NPB,adaboost
NPB,高橋　奎二,2019,17000000,4728398.3300735615,150592207545341.34,MLB,NPB,adaboost
NPB,田川　賢吾,2019,7000000,3984038.7673757193,9096022156692.57,MLB,NPB,adaboost
NPB,千賀　滉大,2019,300000000,13333706.56214115,82177563793400580,MLB,NPB,adaboost
NPB,和田　毅,2019,100000000,7156869.848914783,8619846816251348,MLB,NPB,adaboost
NPB,東浜　巨,2019,67000000,6195745.410887095,3697157376137658,MLB,NPB,adaboost
NPB,高橋　礼,2019,50000000,5048329.848718011,2020652649389656.2,MLB,NPB,adaboost
NPB,大竹　耕太郎,2019,27000000,4998997.78853769,484044098308769.5,MLB,NPB,adaboost
NPB,二保　旭,2019,22000000,6935070.5848841425,226952098282423,MLB,NPB,adaboost
NPB,松本　裕樹,2019,12000000,4698036.3444052795,53318673227626.21,MLB,NPB,adaboost
NPB,金子　弌大,2019,180000000,7142876.065843805,29879585294788240,MLB,NPB,adaboost
NPB,有原　航平,2019,145000000,15122221.737492094,16868237286405170,MLB,NPB,adaboost
NPB,上沢　直之,2019,60000000,5344867.531300524,2987183505171088,MLB,NPB,adaboost
NPB,加藤　貴之,2019,57000000,6676216.359789076,2532483199866761,MLB,NPB,adaboost
NPB,杉浦　稔大,2019,20000000,6174754.423850348,191137415240845.53,MLB,NPB,adaboost
NPB,上原　健太,2019,17000000,4552720.1339335935,154934776064182.16,MLB,NPB,adaboost
NPB,吉田　輝星,2019,10300000,4759590.93213614,30696132639268.09,MLB,NPB,adaboost
NPB,北浦　竜次,2019,7000000,4074258.3839233774,8559964004042.647,MLB,NPB,adaboost
NPB,山岡　泰輔,2019,100000000,5149130.692263396,8996687408433330,MLB,NPB,adaboost
NPB,山本　由伸,2019,90000000,5195674.803993062,7191773571950097,MLB,NPB,adaboost
NPB,Ｋ－鈴木,2019,22000000,5727878.508931168,264781937820104.16,MLB,NPB,adaboost
NPB,榊原　翼,2019,19000000,3968583.054925512,225943495376672.44,MLB,NPB,adaboost
NPB,田嶋　大樹,2019,18000000,4137780.3917181897,192161132468232.7,MLB,NPB,adaboost
NPB,東明　大貴,2019,18000000,6598880.053372618,129985536037384.77,MLB,NPB,adaboost
NPB,竹安　大知,2019,18000000,4471403.292742718,183022928867612.56,MLB,NPB,adaboost
NPB,荒西　祐大,2019,15800000,5325659.859080946,109711801387668.19,MLB,NPB,adaboost
NPB,張　奕,2019,8000000,4100855.869070087,15203324953765.186,MLB,NPB,adaboost
NPB,鈴木　優,2019,5300000,6114612.262141167,663593137630.7496,MLB,NPB,adaboost
NPB,則本　昂大,2019,300000000,15841865.18355937,80745845582358450,MLB,NPB,adaboost
NPB,岸　孝之,2019,300000000,8964934.689450398,84701409240315890,MLB,NPB,adaboost
NPB,涌井　秀章,2019,125000000,9132072.88989971,13425376532791512,MLB,NPB,adaboost
NPB,辛島　航,2019,62000000,6193966.530863829,3114313371558346.5,MLB,NPB,adaboost
NPB,塩見　貴洋,2019,30000000,8699581.819832614,453707814650005.25,MLB,NPB,adaboost
NPB,石橋　良太,2019,26000000,7565522.257967997,339829969621473.3,MLB,NPB,adaboost
NPB,福井　優也,2019,23000000,5991697.740681839,289282345744327.3,MLB,NPB,adaboost
NPB,藤平　尚真,2019,15000000,3936542.80706477,122400085059910.28,MLB,NPB,adaboost
NPB,釜田　佳直,2019,15000000,4660017.164767806,106915245032896.4,MLB,NPB,adaboost
NPB,弓削　隼人,2019,13500000,4945274.6939043375,73183325062753.55,MLB,NPB,adaboost
NPB,菅原　秀,2019,13000000,4175795.612450011,77866583073256.47,MLB,NPB,adaboost
NPB,近藤　弘樹,2019,10000000,4636193.302972502,28770422283077.035,MLB,NPB,adaboost
NPB,熊原　健人,2019,9000000,6771448.195158992,4966443146860.114,MLB,NPB,adaboost
NPB,髙田　萌生,2019,7100000,4964369.172557336,4560919031123.437,MLB,NPB,adaboost
NPB,十亀　剣,2019,70000000,6909067.090344085,3980465815410703.5,MLB,NPB,adaboost
NPB,榎田　大樹,2019,48000000,6248545.438217636,1743183958024577,MLB,NPB,adaboost
NPB,髙橋　光成,2019,40000000,4745808.562359781,1242858013921785,MLB,NPB,adaboost
NPB,今井　達也,2019,35000000,4575188.788263507,925669137269806.6,MLB,NPB,adaboost
NPB,松坂　大輔,2019,30000000,6404897.30899026,556728870999295.1,MLB,NPB,adaboost
NPB,松本　航,2019,21000000,4412536.493094719,275143945592914.4,MLB,NPB,adaboost
NPB,本田　圭佑,2019,16000000,5380449.06945702,112774861966396.27,MLB,NPB,adaboost
NPB,相内　誠,2019,5900000,4443718.556056747,2120755643973.4453,MLB,NPB,adaboost
NPB,石川　歩,2019,105000000,6880673.184041842,9627402294816806,MLB,NPB,adaboost
NPB,美馬　学,2019,65000000,9144026.152672626,3119889814433319.5,MLB,NPB,adaboost
NPB,二木　康太,2019,46000000,5900501.6076346915,1607969771319307.8,MLB,NPB,adaboost
NPB,有吉　優樹,2019,34000000,6488736.049127796,756869644174560.5,MLB,NPB,adaboost
NPB,種市　篤暉,2019,30000000,4650984.247044131,642572599643604.75,MLB,NPB,adaboost
NPB,岩下　大輝,2019,25000000,4131189.641541785,435507245777292.8,MLB,NPB,adaboost
NPB,佐々木　千隼,2019,19700000,4575644.364869464,228746133377904.78,MLB,NPB,adaboost
NPB,小島　和哉,2019,17000000,4213593.241423263,163492197795776.84,MLB,NPB,adaboost
NPB,土肥　星也,2019,15300000,4700427.741951786,112350932053585.31,MLB,NPB,adaboost
NPB,チェン・ウェイン,2020,206000000,8131896.235685069,39151786487285696,MLB,NPB,adaboost
NPB,西　勇輝,2020,200000000,8947509.855564378,36501053990389664,MLB,NPB,adaboost
NPB,秋山　拓巳,2020,51000000,8738567.351874745,1786028689472027,MLB,NPB,adaboost
NPB,青柳　晃洋,2020,50000000,5978404.203815839,1937900896442619,MLB,NPB,adaboost
NPB,髙橋　遥人,2020,29000000,5811847.012037449,537690438993156.6,MLB,NPB,adaboost
NPB,二保　旭,2020,28000000,6630056.461614663,456674486833777.3,MLB,NPB,adaboost
NPB,岩田　稔,2020,18600000,5862669.821135354,162239580085416.1,MLB,NPB,adaboost
NPB,中田　賢一,2020,17500000,6513817.447907158,120696207067909.2,MLB,NPB,adaboost
NPB,今永　昇太,2020,100000000,8212012.471934139,8425034654452374,MLB,NPB,adaboost
NPB,濵口　遥大,2020,55000000,5368637.805577467,2463272113273954.5,MLB,NPB,adaboost
NPB,大貫　晋一,2020,52500000,6609885.088387703,2105902646600981,MLB,NPB,adaboost
NPB,上茶谷　大河,2020,43000000,4844988.427611763,1455804908089080.5,MLB,NPB,adaboost
NPB,平良　拳太郎,2020,33000000,5022004.266079781,782768245287258,MLB,NPB,adaboost
NPB,有吉　優樹,2020,27000000,6466376.883850649,421629678276063,MLB,NPB,adaboost
NPB,坂本　裕哉,2020,16450000,4191653.724748394,150267053403974.94,MLB,NPB,adaboost
NPB,京山　将弥,2020,13200000,4738565.638755174,71595871449654.625,MLB,NPB,adaboost
NPB,阪口　皓亮,2020,6100000,4169662.8189029447,3726201632725.7256,MLB,NPB,adaboost
NPB,中川　虎大,2020,4700000,3965072.742645403,540118073602.7502,MLB,NPB,adaboost
NPB,菅野　智之,2020,800000000,17769019.030963562,611885307587781100,MLB,NPB,adaboost
NPB,井納　翔一,2020,100000000,6788650.2744514635,8688355717658517,MLB,NPB,adaboost
NPB,今村　信貴,2020,30000000,5708997.571409479,590052798985790.6,MLB,NPB,adaboost
NPB,戸郷　翔征,2020,26000000,4837149.573211584,447866238186618.6,MLB,NPB,adaboost
NPB,畠　世周,2020,22000000,4792962.469325182,296082140582051.75,MLB,NPB,adaboost
NPB,髙橋　優貴,2020,19200000,4515163.314070585,215644428492418.38,MLB,NPB,adaboost
NPB,直江　大輔,2020,7500000,4600504.285819495,8407075396551.116,MLB,NPB,adaboost
NPB,横川　凱,2020,6300000,4911516.826815764,1927885522215.764,MLB,NPB,adaboost
NPB,大野　雄大,2020,300000000,18784544.447582442,79082132441553740,MLB,NPB,adaboost
NPB,柳　裕也,2020,41000000,6278431.5642333785,1205587314639625,MLB,NPB,adaboost
NPB,福谷　浩司,2020,29000000,8637970.968082888,414612226296635.25,MLB,NPB,adaboost
NPB,松葉　貴大,2020,25000000,6883524.124175652,328206698159325.56,MLB,NPB,adaboost
NPB,勝野　昌慶,2020,16500000,4395082.676239633,146529023415073.88,MLB,NPB,adaboost
NPB,梅津　晃大,2020,15000000,4626297.889510082,107613695477182.98,MLB,NPB,adaboost
NPB,小笠原　慎之介,2020,14500000,4767776.65818956,94716171174879.94,MLB,NPB,adaboost
NPB,岡野　祐一郎,2020,11000000,6305170.290475856,22041426001430.562,MLB,NPB,adaboost
NPB,山本　拓実,2020,10560000,4158840.7268277197,40974840040519.47,MLB,NPB,adaboost
NPB,清水　達也,2020,8000000,4781097.767374192,10361331583203.408,MLB,NPB,adaboost
NPB,大瀬良　大地,2020,150000000,6466545.113715824,20601852671592972,MLB,NPB,adaboost
NPB,野村　祐輔,2020,120000000,6352935.510785117,12915655267015766,MLB,NPB,adaboost
NPB,九里　亜蓮,2020,87000000,9662109.470595054,5981149311538222,MLB,NPB,adaboost
NPB,森下　暢仁,2020,43000000,5154471.120971973,1432284056133344.5,MLB,NPB,adaboost
NPB,床田　寛樹,2020,27000000,4776901.974086817,493866085869346.4,MLB,NPB,adaboost
NPB,遠藤　淳志,2020,24000000,5043185.2473142035,359360825567645.9,MLB,NPB,adaboost
NPB,中村　祐太,2020,15000000,4880670.351434837,102400832536329.92,MLB,NPB,adaboost
NPB,小川　泰弘,2020,160000000,7314111.37578276,23312980584966872,MLB,NPB,adaboost
NPB,石川　雅規,2020,90000000,6097878.596392839,7039565976025635,MLB,NPB,adaboost
NPB,田口　麗斗,2020,70000000,4619722.421460305,4274580696246900,MLB,NPB,adaboost
NPB,高梨　裕稔,2020,37000000,8607772.65939622,806118573360528.75,MLB,NPB,adaboost
NPB,原　樹理,2020,26000000,5940063.515891856,402401051746452.94,MLB,NPB,adaboost
NPB,奥川　恭伸,2020,16000000,5853034.3998872405,102960910889871.67,MLB,NPB,adaboost
NPB,吉田　大喜,2020,15000000,4135617.2073948965,118034813464253.88,MLB,NPB,adaboost
NPB,高橋　奎二,2020,14500000,4719750.402673935,95653282185996.69,MLB,NPB,adaboost
NPB,歳内　宏明,2020,8000000,5276579.917634862,7417016945029.737,MLB,NPB,adaboost
NPB,金久保　優斗,2020,5800000,4515163.314070585,1650805309510.0818,MLB,NPB,adaboost
NPB,千賀　滉大,2020,400000000,9194170.819128837,152729196121748260,MLB,NPB,adaboost
NPB,和田　毅,2020,150000000,10154518.746769026,19556758626947780,MLB,NPB,adaboost
NPB,東浜　巨,2020,90000000,9629822.377246385,6459365451112967,MLB,NPB,adaboost
NPB,石川　柊太,2020,80000000,12163277.266160943,4601820951267758,MLB,NPB,adaboost
NPB,武田　翔太,2020,60000000,5925898.702438323,2924008431138961.5,MLB,NPB,adaboost
NPB,大竹　耕太郎,2020,24000000,4993934.756395763,361230516044140.94,MLB,NPB,adaboost
NPB,笠谷　俊介,2020,22000000,4550305.08486948,304491852631131.9,MLB,NPB,adaboost
NPB,上沢　直之,2020,85000000,5533950.465402833,6314853028635052,MLB,NPB,adaboost
NPB,杉浦　稔大,2020,37000000,6943976.565287047,903364544708014.25,MLB,NPB,adaboost
NPB,河野　竜生,2020,17500000,3986817.9567830265,182606088933121.66,MLB,NPB,adaboost
NPB,上原　健太,2020,17000000,5202808.091953253,139173736915283.64,MLB,NPB,adaboost
NPB,吉田　輝星,2020,10300000,3932559.432882578,40544299375772.63,MLB,NPB,adaboost
NPB,山本　由伸,2020,150000000,6444558.428499764,20608164804788420,MLB,NPB,adaboost
NPB,山岡　泰輔,2020,85000000,5651577.913226941,6296172087660694,MLB,NPB,adaboost
NPB,田嶋　大樹,2020,42000000,4867509.995573945,1378821813928800.8,MLB,NPB,adaboost
NPB,山﨑　福也,2020,28000000,6249450.857157778,473086388015194.5,MLB,NPB,adaboost
NPB,竹安　大知,2020,16000000,4446315.877170454,133487616810123.52,MLB,NPB,adaboost
NPB,榊原　翼,2020,15000000,3800589.6481703063,125426792228670.08,MLB,NPB,adaboost
NPB,張　奕,2020,11000000,6024747.327553056,24753139154690.457,MLB,NPB,adaboost
NPB,宮城　大弥,2020,8700000,4761803.546284565,15509391308056.83,MLB,NPB,adaboost
NPB,本田　仁海,2020,5000000,3932559.432882578,1139429364327.9634,MLB,NPB,adaboost
NPB,則本　昂大,2020,300000000,9594053.892567458,84335613534553008,MLB,NPB,adaboost
NPB,岸　孝之,2020,250000000,13655156.144282665,55858885217183410,MLB,NPB,adaboost
NPB,涌井　秀章,2020,160000000,9829185.377307855,22551273564442968,MLB,NPB,adaboost
NPB,塩見　貴洋,2020,40000000,7656559.535868331,1046098141056829.8,MLB,NPB,adaboost
NPB,石橋　良太,2020,20000000,6134725.973500922,192245823829909.94,MLB,NPB,adaboost
NPB,福井　優也,2020,20000000,6064509.566435805,194197893623959.22,MLB,NPB,adaboost
NPB,弓削　隼人,2020,13500000,4608485.061595483,79059037899870.69,MLB,NPB,adaboost
NPB,瀧中　瞭太,2020,13000000,4943617.357434436,64905301283431.7,MLB,NPB,adaboost
NPB,髙橋　光成,2020,67000000,4771617.603935399,3872371575630843,MLB,NPB,adaboost
NPB,内海　哲也,2020,56250000,6528846.150249524,2472193140150556.5,MLB,NPB,adaboost
NPB,榎田　大樹,2020,37000000,6689519.989551675,918725198463787.5,MLB,NPB,adaboost
NPB,松本　航,2020,30000000,4491724.484608815,650672119769105.5,MLB,NPB,adaboost
NPB,今井　達也,2020,28000000,3983005.7864360586,576816011054363.9,MLB,NPB,adaboost
NPB,浜屋　将太,2020,15500000,3670979.6263305293,139925723000687.45,MLB,NPB,adaboost
NPB,本田　圭佑,2020,13600000,5499963.86862787,65610585329533.98,MLB,NPB,adaboost
NPB,與座　海人,2020,9000000,4471403.292742718,20508188136981.496,MLB,NPB,adaboost
NPB,美馬　学,2020,120000000,7580246.671807284,12638200938371696,MLB,NPB,adaboost
NPB,石川　歩,2020,110000000.00000001,7146305.080247282,10578882558645568,MLB,NPB,adaboost
NPB,二木　康太,2020,60000000,5810201.736723924,2936534235814559,MLB,NPB,adaboost
NPB,岩下　大輝,2020,35000000,4942538.159340154,903451012302722.75,MLB,NPB,adaboost
NPB,小島　和哉,2020,34000000,4939466.97068142,844514579948116,MLB,NPB,adaboost
NPB,種市　篤暉,2020,27000000,4625107.499703523,500635814399823.56,MLB,NPB,adaboost
NPB,中村　稔弥,2020,18000000,4033732.7775412616,195056620129125.34,MLB,NPB,adaboost
NPB,大嶺　祐太,2020,12000000,6695291.306146485,28139934326645.066,MLB,NPB,adaboost
NPB,古谷　拓郎,2020,4800000,4608822.578663411,36548806428.90782,MLB,NPB,adaboost
NPB,チェン・ウェイン,2021,210000000,6927571.615181909,41238411170107064,MLB,NPB,adaboost
NPB,西　勇輝,2021,200000000,7057393.71667701,37226849319401390,MLB,NPB,adaboost
NPB,青柳　晃洋,2021,120000000,7921045.00851838,12561692151982562,MLB,NPB,adaboost
NPB,秋山　拓巳,2021,110000000.00000001,9021060.758743191,10196746170289436,MLB,NPB,adaboost
NPB,伊藤　将司,2021,44000000,6004194.446711054,1443681239643343,MLB,NPB,adaboost
NPB,髙橋　遥人,2021,32000000,7431726.380512284,603600068642016.1,MLB,NPB,adaboost
NPB,二保　旭,2021,27000000,5993185.971794219,441286235615623.25,MLB,NPB,adaboost
NPB,西　純矢,2021,12500000,4703509.253001427,60785267968034.36,MLB,NPB,adaboost
NPB,村上　頌樹,2021,7500000,4068512.591777042,11775105832792.713,MLB,NPB,adaboost
NPB,今永　昇太,2021,100000000,10865007.920800375,7945046812958980,MLB,NPB,adaboost
NPB,濵口　遥大,2021,58300000,5733170.492759774,2763271564443262,MLB,NPB,adaboost
NPB,大貫　晋一,2021,57800000,8727566.770515779,2408103703062187.5,MLB,NPB,adaboost
NPB,上茶谷　大河,2021,33000000,4255590.691438953,826241066498090.9,MLB,NPB,adaboost
NPB,有吉　優樹,2021,27000000,7755710.20604559,370342689673697.9,MLB,NPB,adaboost
NPB,平良　拳太郎,2021,27000000,5834442.351826646,447980830558149.56,MLB,NPB,adaboost
NPB,東　克樹,2021,25100000,6784047.652643223,335474110390644.25,MLB,NPB,adaboost
NPB,坂本　裕哉,2021,22000000,4722384.998564083,298515980137843.44,MLB,NPB,adaboost
NPB,京山　将弥,2021,20900000,4731080.024581894,261433973171474.62,MLB,NPB,adaboost
NPB,入江　大生,2021,16000000,4362172.930904524,135439018890171.39,MLB,NPB,adaboost
NPB,阪口　皓亮,2021,9350000,3800589.6481703063,30795955252994.562,MLB,NPB,adaboost
NPB,宮國　椋丞,2021,8400000,8021551.633112559,143223166399.7711,MLB,NPB,adaboost
NPB,中川　虎大,2021,6600000,4476638.485410376,4508664121640.34,MLB,NPB,adaboost
NPB,菅野　智之,2021,600000000,11587224.21052817,346229594712271300,MLB,NPB,adaboost
NPB,山口　俊,2021,60000000,9297219.720136035,2570771928108162.5,MLB,NPB,adaboost
NPB,戸郷　翔征,2021,40000000,5376113.754476093,1198813498742979.5,MLB,NPB,adaboost
NPB,髙橋　優貴,2021,36000000,4712002.97253363,978938757990744.5,MLB,NPB,adaboost
NPB,今村　信貴,2021,30000000,6830535.166466384,536824100672350.9,MLB,NPB,adaboost
NPB,直江　大輔,2021,7600000,3703710.9602507465,15181068281270.16,MLB,NPB,adaboost
NPB,横川　凱,2021,6500000,5155886.388903912,1806641399533.7654,MLB,NPB,adaboost
NPB,大野　雄大,2021,300000000,11429533.604363639,83272914075795100,MLB,NPB,adaboost
NPB,柳　裕也,2021,100000000,10990486.173022712,7922693551714860,MLB,NPB,adaboost
NPB,小笠原　慎之介,2021,36000000,5455807.302537856,932947707539699.9,MLB,NPB,adaboost
NPB,福谷　浩司,2021,29000000,7149586.367933664,477440575892390.4,MLB,NPB,adaboost
NPB,松葉　貴大,2021,28000000,7674476.474984297,413126906565966.8,MLB,NPB,adaboost
NPB,勝野　昌慶,2021,21000000,4914276.741572661,258750492746710.25,MLB,NPB,adaboost
NPB,梅津　晃大,2021,12000000,5482933.885926623,42472150735203.47,MLB,NPB,adaboost
NPB,笠原　祥太郎,2021,10000000,4641459.34669836,28713957933086.37,MLB,NPB,adaboost
NPB,岡野　祐一郎,2021,8800000,5603923.238254862,10214906666967.29,MLB,NPB,adaboost
NPB,清水　達也,2021,7200000,4714190.21489671,6179250287715.267,MLB,NPB,adaboost
NPB,大瀬良　大地,2021,180000000,9040528.304879412,29227140962274732,MLB,NPB,adaboost
NPB,九里　亜蓮,2021,140000000,7921002.585290397,17444861558074864,MLB,NPB,adaboost
NPB,森下　暢仁,2021,75000000,4885252.917421183,4916077758453996,MLB,NPB,adaboost
NPB,野村　祐輔,2021,72000000,5994948.054885982,4356666882277199.5,MLB,NPB,adaboost
NPB,床田　寛樹,2021,33000000,6075258.48672849,724941705556486.25,MLB,NPB,adaboost
NPB,遠藤　淳志,2021,20000000,4991851.344921632,225244526052930.62,MLB,NPB,adaboost
NPB,薮田　和樹,2021,19000000,6277251.765805336,161868322630703.44,MLB,NPB,adaboost
NPB,中村　祐太,2021,13000000,4876408.00520222,65992746897942.58,MLB,NPB,adaboost
NPB,玉村　昇悟,2021,12000000,4338126.355586826,58704307742953.21,MLB,NPB,adaboost
NPB,高橋　昂也,2021,12000000,4296153.0687688105,59349257539840.22,MLB,NPB,adaboost
NPB,小林　樹斗,2021,5000000,4912862.078572559,7593017350.694852,MLB,NPB,adaboost
NPB,小川　泰弘,2021,160000000,7612390.227439859,23221983612194068,MLB,NPB,adaboost
NPB,サイスニード,2021,95000000,12475429.15950467,6810304792407933,MLB,NPB,adaboost
NPB,石川　雅規,2021,90000000,7628049.2311272,6785138273469604,MLB,NPB,adaboost
NPB,田口　麗斗,2021,70000000,5344279.469741496,4180362197286891.5,MLB,NPB,adaboost
NPB,高梨　裕稔,2021,37000000,8463503.80993404,814331614805648.9,MLB,NPB,adaboost
NPB,奥川　恭伸,2021,36000000,5348990.48333693,939484384390570.1,MLB,NPB,adaboost
NPB,原　樹理,2021,26000000,6624804.121451835,375398215332109.75,MLB,NPB,adaboost
NPB,高橋　奎二,2021,22000000,5017986.766153147,288388773474549.56,MLB,NPB,adaboost
NPB,金久保　優斗,2021,12000000,4189568.750689159,61002836300211.305,MLB,NPB,adaboost
NPB,山野　太一,2021,9500000,4912862.078572559,21041834310197.664,MLB,NPB,adaboost
NPB,千賀　滉大,2021,600000000,14815071.616633046,342441400407046300,MLB,NPB,adaboost
NPB,武田　翔太,2021,150000000,11665727.882721132,19136370842217360,MLB,NPB,adaboost
NPB,和田　毅,2021,150000000,9668998.993262373,19692789843552996,MLB,NPB,adaboost
NPB,石川　柊太,2021,120000000,10157394.85957824,12065397904034610,MLB,NPB,adaboost
NPB,東浜　巨,2021,80000000,8113392.319704456,5167684363780726,MLB,NPB,adaboost
NPB,笠谷　俊介,2021,22000000,4789017.058790029,296217933802620.6,MLB,NPB,adaboost
NPB,大竹　耕太郎,2021,21000000,4660017.164767806,266995039055682.75,MLB,NPB,adaboost
NPB,上沢　直之,2021,150000000,8726727.476903403,19958137529385120,MLB,NPB,adaboost
NPB,加藤　貴之,2021,73000000,11004145.075581467,3843486027809549.5,MLB,NPB,adaboost
NPB,金子　千尋,2021,20000000,5445182.90719417,211842700605032.72,MLB,NPB,adaboost
NPB,立野　和明,2021,17000000,4149086.8907576753,165145967741296.22,MLB,NPB,adaboost
NPB,池田　隆英,2021,17000000,5950985.551485822,122080720283475.08,MLB,NPB,adaboost
NPB,吉田　輝星,2021,9700000,5896732.831924275,14464841151762.748,MLB,NPB,adaboost
NPB,生田目　翼,2021,9000000,6187400.027303208,7910718606413.997,MLB,NPB,adaboost
NPB,山本　由伸,2021,370000000,10647283.80732117,129134374635055970,MLB,NPB,adaboost
NPB,田嶋　大樹,2021,80000000,6174137.648569102,5450257951932421,MLB,NPB,adaboost
NPB,山岡　泰輔,2021,72000000,6586844.48798239,4278880914039399.5,MLB,NPB,adaboost
NPB,増井　浩俊,2021,70000000,6447925.209382256,4038866210192271,MLB,NPB,adaboost
NPB,宮城　大弥,2021,50000000,5351645.525090294,1993475557317189.8,MLB,NPB,adaboost
NPB,山﨑　福也,2021,50000000,8506653.180012394,1721697830323776,MLB,NPB,adaboost
NPB,山﨑　颯一郎,2021,13000000,4012908.4131149813,80767815191059.47,MLB,NPB,adaboost
NPB,榊原　翼,2021,8000000,4282087.4061253155,13822874055691.984,MLB,NPB,adaboost
NPB,本田　仁海,2021,5000000,4068512.591777042,867668791677.9236,MLB,NPB,adaboost
NPB,田中　将大,2021,900000000,10396385.042068487,791394591746219600,MLB,NPB,adaboost
NPB,則本　昂大,2021,300000000,16798794.303012,80202922908227700,MLB,NPB,adaboost
NPB,岸　孝之,2021,250000000,11969310.640664726,56658609076880370,MLB,NPB,adaboost
NPB,涌井　秀章,2021,110000000.00000001,6646144.896307309,10682019364795108,MLB,NPB,adaboost
NPB,早川　隆久,2021,36000000,5858553.769929508,908506780840230.75,MLB,NPB,adaboost
NPB,塩見　貴洋,2021,35000000,8010196.047149905,728449517413282.6,MLB,NPB,adaboost
NPB,瀧中　瞭太,2021,30000000,7324314.031761815,514186734130154.2,MLB,NPB,adaboost
NPB,石橋　良太,2021,16000000,6633667.311826293,87728188025551.31,MLB,NPB,adaboost
NPB,弓削　隼人,2021,11500000,5374019.004007529,37527643163260.914,MLB,NPB,adaboost
NPB,釜田　佳直,2021,10000000,7006001.983161988,8964024124829.951,MLB,NPB,adaboost
NPB,髙橋　光成,2021,110000000.00000001,5719929.766404856,10874333047923540,MLB,NPB,adaboost
NPB,松本　航,2021,54000000,6597495.331441482,2246997448852711.8,MLB,NPB,adaboost
NPB,今井　達也,2021,51000000,5015242.728266329,2114597901340262.8,MLB,NPB,adaboost
NPB,内海　哲也,2021,45000000,6103832.850553155,1512911818917708,MLB,NPB,adaboost
NPB,浜屋　将太,2021,13100000,4107991.138356722,80856223367871.22,MLB,NPB,adaboost
NPB,本田　圭佑,2021,12600000,6079802.634562626,42512973684256.48,MLB,NPB,adaboost
NPB,渡邉　勇太朗,2021,10000000,3990983.3201874983,36108281458264.87,MLB,NPB,adaboost
NPB,上間　永遠,2021,6500000,4012997.1144225276,6185183352870.674,MLB,NPB,adaboost
NPB,石川　歩,2021,150000000,9417818.737859981,19763349688421188,MLB,NPB,adaboost
NPB,美馬　学,2021,120000000,7460763.748401005,12665079696093214,MLB,NPB,adaboost
NPB,小島　和哉,2021,62000000,5741307.851182426,3165040442295428.5,MLB,NPB,adaboost
NPB,二木　康太,2021,55000000,5609569.717165103,2439414603523574,MLB,NPB,adaboost
NPB,岩下　大輝,2021,45000000,5094930.9144975245,1592414538718725.5,MLB,NPB,adaboost
NPB,佐々木　朗希,2021,30000000,4794227.51440809,635330966595422.25,MLB,NPB,adaboost
NPB,鈴木　昭汰,2021,20000000,4538447.971793993,239059591120921.25,MLB,NPB,adaboost
NPB,土肥　星也,2021,10500000,5837489.759560936,21739001742199.137,MLB,NPB,adaboost
NPB,本前　郁也,2021,6700000,3987450.1185668427,7357926859263.035,MLB,NPB,adaboost
NPB,西　勇輝,2022,300000000,9167371.552568456,84583617769641780,MLB,NPB,adaboost
NPB,青柳　晃洋,2022,240000000,9400150.754566232,53176290472016784,MLB,NPB,adaboost
NPB,秋山　拓巳,2022,88000000,6263981.249823348,6680776761129229,MLB,NPB,adaboost
NPB,伊藤　将司,2022,80000000,6164312.951567291,5451708681914094,MLB,NPB,adaboost
NPB,西　純矢,2022,28000000,4671682.595338697,544210392932623.56,MLB,NPB,adaboost
NPB,大竹　耕太郎,2022,20000000,5533504.820113168,209279482789688.97,MLB,NPB,adaboost
NPB,才木　浩人,2022,19000000,5232510.609857984,189543764107672.97,MLB,NPB,adaboost
NPB,小川　一平,2022,13000000,5284251.022956033,59532782276755.02,MLB,NPB,adaboost
NPB,森木　大智,2022,12000000,4055700.56585393,63111893499373.57,MLB,NPB,adaboost
NPB,今永　昇太,2022,140000000,12487468.22472418,16259445759740728,MLB,NPB,adaboost
NPB,大貫　晋一,2022,88000000,10276270.826022876,6040978076709742,MLB,NPB,adaboost
NPB,石田　健大,2022,62000000,7710771.088861862,2947320375765957,MLB,NPB,adaboost
NPB,濵口　遥大,2022,62000000,6514621.886800701,3078627184364696,MLB,NPB,adaboost
NPB,上茶谷　大河,2022,34000000,5164092.249889534,831509575772880.9,MLB,NPB,adaboost
NPB,京山　将弥,2022,27900000,3863661.468056517,577745570022190.9,MLB,NPB,adaboost
NPB,東　克樹,2022,26100000,6636634.852601138,378822582860980.75,MLB,NPB,adaboost
NPB,坂本　裕哉,2022,23000000,4189103.9863215536,353849808837423.7,MLB,NPB,adaboost
NPB,笠原　祥太郎,2022,9000000,5292353.475783421,13746642748535.281,MLB,NPB,adaboost
NPB,菅野　智之,2022,500000000,8960225.052475171,241120060580515840,MLB,NPB,adaboost
NPB,戸郷　翔征,2022,90000000,5120530.579528997,7204524329100671,MLB,NPB,adaboost
NPB,髙橋　優貴,2022,30000000,4445596.840800353,653027520822912.9,MLB,NPB,adaboost
NPB,山﨑　伊織,2022,25000000,4861450.148981528,405561190101956.2,MLB,NPB,adaboost
NPB,横川　凱,2022,6600000,4074258.3839233774,6379370711181.35,MLB,NPB,adaboost
NPB,堀田　賢慎,2022,6500000,3914001.614813131,6687387648189.095,MLB,NPB,adaboost
NPB,井上　温大,2022,6500000,5133320.011953684,1867814189726.2795,MLB,NPB,adaboost
NPB,大野　雄大,2022,300000000,10092360.692296179,84046439328965680,MLB,NPB,adaboost
NPB,柳　裕也,2022,108000000,10847485.443205545,9438611084708158,MLB,NPB,adaboost
NPB,涌井　秀章,2022,100000000,7418680.975894201,8571300632243255,MLB,NPB,adaboost
NPB,小笠原　慎之介,2022,66000000,6050982.217746071,3593884733056997.5,MLB,NPB,adaboost
NPB,松葉　貴大,2022,50000000,7774219.432566326,1783016544529059,MLB,NPB,adaboost
NPB,髙橋　宏斗,2022,35000000,5796866.9504694445,852822979908583.75,MLB,NPB,adaboost
NPB,福谷　浩司,2022,22000000,6064794.418097494,253930776937496.78,MLB,NPB,adaboost
NPB,岡田　俊哉,2022,19000000,6259924.195064063,162309531515514.03,MLB,NPB,adaboost
NPB,勝野　昌慶,2022,19000000,4908622.150689585,198566929692036.22,MLB,NPB,adaboost
NPB,鈴木　博志,2022,13500000,4298167.479681347,84673721731993.94,MLB,NPB,adaboost
NPB,岡野　祐一郎,2022,8500000,6309667.965404534,4797554421775.114,MLB,NPB,adaboost
NPB,上田　洸太朗,2022,8100000,4225568.999887689,15011215574631.283,MLB,NPB,adaboost
NPB,大瀬良　大地,2022,180000000,6908310.99847666,29960732801400076,MLB,NPB,adaboost
NPB,九里　亜蓮,2022,140000000,8953819.932651123,17173101310244028,MLB,NPB,adaboost
NPB,森下　暢仁,2022,110000000.00000001,7503654.432117806,10505500854770728,MLB,NPB,adaboost
NPB,野村　祐輔,2022,55000000,6032578.110813658,2397808406473566,MLB,NPB,adaboost
NPB,床田　寛樹,2022,50000000,6829719.474469962,1863673120652958.2,MLB,NPB,adaboost
NPB,遠藤　淳志,2022,26000000,5384061.062178471,425016938287985.94,MLB,NPB,adaboost
NPB,大道　温貴,2022,13000000,4496390.208458687,72311379486797.28,MLB,NPB,adaboost
NPB,玉村　昇悟,2022,13000000,4025892.595709772,80534603703736.72,MLB,NPB,adaboost
NPB,サイスニード,2022,195000000,8450600.660158418,34800678394055684,MLB,NPB,adaboost
NPB,小川　泰弘,2022,160000000,8861100.99094359,22842966793669756,MLB,NPB,adaboost
NPB,石川　雅規,2022,90000000,7095675.797170701,6873126971527828,MLB,NPB,adaboost
NPB,高橋　奎二,2022,50000000,5951678.61273724,1940254617035590,MLB,NPB,adaboost
NPB,高梨　裕稔,2022,43000000,8342938.503843665,1201111911548362,MLB,NPB,adaboost
NPB,原　樹理,2022,38000000,6652287.253094858,982679094462479,MLB,NPB,adaboost
NPB,奥川　恭伸,2022,27000000,5272977.043671586,472063526544821.94,MLB,NPB,adaboost
NPB,山下　輝,2022,14000000,4794627.896436659,84738875565062.19,MLB,NPB,adaboost
NPB,小澤　怜史,2022,11000000,4679293.460944332,39951331152861.08,MLB,NPB,adaboost
NPB,吉田　大喜,2022,11000000,4357812.636631207,44118652970096.086,MLB,NPB,adaboost
NPB,金久保　優斗,2022,10000000,4155575.2251142533,34157300949298.31,MLB,NPB,adaboost
NPB,阪口　皓亮,2022,9000000,4210211.542817841,22942073464555.445,MLB,NPB,adaboost
NPB,和田　毅,2022,165000000,10357901.721501771,23914178559976704,MLB,NPB,adaboost
NPB,東浜　巨,2022,150000000,8664337.614823,19975769461856732,MLB,NPB,adaboost
NPB,石川　柊太,2022,150000000,7612138.213605299,20274303184101444,MLB,NPB,adaboost
NPB,大関　友久,2022,45000000,4775072.794441426,1618044768692486.5,MLB,NPB,adaboost
NPB,杉山　一樹,2022,16000000,4756643.464296672,126413066188942.73,MLB,NPB,adaboost
NPB,奥村　政稔,2022,9000000,10208506.89716817,1460488920503.0393,MLB,NPB,adaboost
NPB,田上　奏大,2022,6500000,4770203.855092538,2992194702936.7188,MLB,NPB,adaboost
NPB,上沢　直之,2022,170000000,8752746.71385738,26000676692325432,MLB,NPB,adaboost
NPB,加藤　貴之,2022,135000000,11104541.856777703,15350084548518950,MLB,NPB,adaboost
NPB,杉浦　稔大,2022,60000000,8273190.697956722,2675662800569950.5,MLB,NPB,adaboost
NPB,立野　和明,2022,16000000,4180681.172779965,139696297539477.95,MLB,NPB,adaboost
NPB,池田　隆英,2022,16000000,6710678.274074803,86291498127745.86,MLB,NPB,adaboost
NPB,根本　悠楓,2022,13000000,4438387.5639592,73301207504968.48,MLB,NPB,adaboost
NPB,達　孝太,2022,10000000,5382851.460725871,21318060633721.223,MLB,NPB,adaboost
NPB,生田目　翼,2022,9000000,5546295.210616748,11928076772208.814,MLB,NPB,adaboost
NPB,田中　瑛斗,2022,7000000,4074258.3839233774,8559964004042.647,MLB,NPB,adaboost
NPB,山本　由伸,2022,650000000,8884307.605738277,4.1102933103417363e+17,MLB,NPB,adaboost
NPB,田嶋　大樹,2022,110000000.00000001,5072717.369203535,11009734640283044,MLB,NPB,adaboost
NPB,宮城　大弥,2022,80000000,5557894.3763144985,5541627089687950,MLB,NPB,adaboost
NPB,山岡　泰輔,2022,72000000,6868982.569397857,4242049431545400,MLB,NPB,adaboost
NPB,山﨑　福也,2022,60000000,8701807.062769022,2631504598625374,MLB,NPB,adaboost
NPB,竹安　大知,2022,21000000,6729749.322596907,203640054395923.4,MLB,NPB,adaboost
NPB,椋木　蓮,2022,16000000,5612125.884068312,107907928648443.55,MLB,NPB,adaboost
NPB,東　晃平,2022,8000000,3755861.657392721,18012710271189.254,MLB,NPB,adaboost
NPB,田中　将大,2022,475000000,9157722.455981817,217009027547398080,MLB,NPB,adaboost
NPB,則本　昂大,2022,300000000,9073702.03314046,84638110848701940,MLB,NPB,adaboost
NPB,岸　孝之,2022,250000000,11004388.71548874,57118902213257210,MLB,NPB,adaboost
NPB,辛島　航,2022,80000000,8252809.488868582,5147659346240587,MLB,NPB,adaboost
NPB,早川　隆久,2022,33000000,5240356.228437335,770597822324057.9,MLB,NPB,adaboost
NPB,瀧中　瞭太,2022,26000000,6198787.042425499,392088034591216.3,MLB,NPB,adaboost
NPB,藤井　聖,2022,10500000,4667351.047881426,34019793798649.895,MLB,NPB,adaboost
NPB,高田　孝一,2022,10000000,5098274.13377822,24026916467587.66,MLB,NPB,adaboost
NPB,藤平　尚真,2022,10000000,5507037.717792016,20186710069343.57,MLB,NPB,adaboost
NPB,松井　友飛,2022,7000000,4034895.7041231594,8791843485427.295,MLB,NPB,adaboost
NPB,髙橋　光成,2022,180000000,5874925.6938182535,30319541502133320,MLB,NPB,adaboost
NPB,松本　航,2022,65000000,5752486.71394577,3510267830581172.5,MLB,NPB,adaboost
NPB,今井　達也,2022,45000000,5155460.210758036,1587587351016486,MLB,NPB,adaboost
NPB,與座　海人,2022,33000000,6886452.882805821,681917343041920.5,MLB,NPB,adaboost
NPB,隅田　知一郎,2022,20000000,4623102.675904094,236448971315787.8,MLB,NPB,adaboost
NPB,佐藤　隼輔,2022,16000000,3642449.6907498967,152709049645647.3,MLB,NPB,adaboost
NPB,渡邉　勇太朗,2022,8500000,3800589.6481703063,22084457654884.086,MLB,NPB,adaboost
NPB,石川　歩,2022,150000000,7114463.920256363,20416276420795716,MLB,NPB,adaboost
NPB,美馬　学,2022,140000000,9370916.649593659,17063957416967410,MLB,NPB,adaboost
NPB,佐々木　朗希,2022,80000000,9981209.792653466,4902630982100406,MLB,NPB,adaboost
NPB,小島　和哉,2022,68000000,6204933.054609807,3818630298785256,MLB,NPB,adaboost
NPB,二木　康太,2022,46000000,6667520.804914166,1547043919631859.8,MLB,NPB,adaboost
NPB,種市　篤暉,2022,18000000,4174935.38063363,191132411729655.8,MLB,NPB,adaboost
NPB,鈴木　昭汰,2022,16000000,3748872.479606484,150090125520943.4,MLB,NPB,adaboost
NPB,河村　説人,2022,15000000,4419959.459865722,111937257830884.81,MLB,NPB,adaboost
NPB,本前　郁也,2022,13000000,4425160.737987299,73527868369354.53,MLB,NPB,adaboost
NPB,佐藤　奨真,2022,9000000,4196340.48352751,23075144750196.71,MLB,NPB,adaboost
NPB,森　遼大朗,2022,4600000,3642449.6907498967,916902594744.9685,MLB,NPB,adaboost
NPB,西　勇輝,2023,300000000,7919881.105526237,85310795853409950,MLB,NPB,adaboost
NPB,青柳　晃洋,2023,210000000,7152978.888404393,41146913973848110,MLB,NPB,adaboost
NPB,伊藤　将司,2023,160000000,7375074.4224177515,23294367907562516,MLB,NPB,adaboost
NPB,大竹　耕太郎,2023,67000000,10190788.934559384,3227286461877780.5,MLB,NPB,adaboost
NPB,村上　頌樹,2023,67000000,9378832.836737378,3320198905256654.5,MLB,NPB,adaboost
NPB,才木　浩人,2023,50000000,6097082.5494022,1927466160674004.8,MLB,NPB,adaboost
NPB,秋山　拓巳,2023,44000000,7011125.707355195,1368176821437079.8,MLB,NPB,adaboost
NPB,西　純矢,2023,38000000,3642449.6907498967,1180441263252651.8,MLB,NPB,adaboost
NPB,門別　啓人,2023,8000000,4545623.194501009,11932719114369.414,MLB,NPB,adaboost
NPB,東　克樹,2023,105000000,11125099.238972107,8812496992892834,MLB,NPB,adaboost
NPB,石田　健大,2023,80000000,9512440.978775173,4968495976770653,MLB,NPB,adaboost
NPB,大貫　晋一,2023,77000000,7523429.755783744,4826993812899517,MLB,NPB,adaboost
NPB,濵口　遥大,2023,54000000,6043332.009729461,2299842004729039,MLB,NPB,adaboost
NPB,森　唯斗,2023,50000000,8200843.823469547,1747169457069983.8,MLB,NPB,adaboost
NPB,平良　拳太郎,2023,26000000,10609461.333279867,236868680451807.53,MLB,NPB,adaboost
NPB,菅野　智之,2023,400000000,7717524.557753487,153885540539096740,MLB,NPB,adaboost
NPB,戸郷　翔征,2023,180000000,5521623.124366097,30442703997155736,MLB,NPB,adaboost
NPB,山﨑　伊織,2023,51000000,7040102.349407326,1932472601450583,MLB,NPB,adaboost
NPB,高橋　礼,2023,43000000,5374288.836487919,1415694140560037.8,MLB,NPB,adaboost
NPB,赤星　優志,2023,30000000,5311247.18397726,609534515610670.75,MLB,NPB,adaboost
NPB,髙橋　優貴,2023,23000000,4369907.422635125,347080349441185.9,MLB,NPB,adaboost
NPB,横川　凱,2023,17000000,4247006.194480694,162638851003613.78,MLB,NPB,adaboost
NPB,井上　温大,2023,6700000,5445851.47320321,1572888527266.5583,MLB,NPB,adaboost
NPB,大野　雄大,2023,300000000,12833647.95697936,82464513745696080,MLB,NPB,adaboost
NPB,柳　裕也,2023,148000000,7794826.318856895,19657490726959504,MLB,NPB,adaboost
NPB,涌井　秀章,2023,100000000,7752551.461105408,8509591761936006,MLB,NPB,adaboost
NPB,小笠原　慎之介,2023,93000000,7428178.981135942,7322536552484506,MLB,NPB,adaboost
NPB,髙橋　宏斗,2023,63000000,4705234.965615304,3398279630414120.5,MLB,NPB,adaboost
NPB,松葉　貴大,2023,50000000,7066910.554794121,1843250169310048.8,MLB,NPB,adaboost
NPB,福谷　浩司,2023,20000000,5462220.035620637,211347046292710.03,MLB,NPB,adaboost
NPB,根尾　昂,2023,16000000,4277203.336853704,137423961605473.9,MLB,NPB,adaboost
NPB,仲地　礼亜,2023,15000000,4718995.572316913,105699052042039.23,MLB,NPB,adaboost
NPB,梅津　晃大,2023,10000000,6152055.868319269,14806674040536.172,MLB,NPB,adaboost
NPB,大瀬良　大地,2023,180000000,8554697.601805262,29393491714408436,MLB,NPB,adaboost
NPB,九里　亜蓮,2023,140000000,9035547.760229588,17151687750463106,MLB,NPB,adaboost
NPB,森下　暢仁,2023,130000000,5816559.113218886,15421526990480658,MLB,NPB,adaboost
NPB,床田　寛樹,2023,100000000,9331831.513674986,8220716776664620,MLB,NPB,adaboost
NPB,野村　祐輔,2023,44500000,6704903.811402396,1428469295905345.2,MLB,NPB,adaboost
NPB,遠藤　淳志,2023,25000000,4182949.9819666483,433349571453302.4,MLB,NPB,adaboost
NPB,森　翔平,2023,18000000,4658992.479328518,177982481666613.06,MLB,NPB,adaboost
NPB,玉村　昇悟,2023,16000000,5717081.240992775,105738418204342.69,MLB,NPB,adaboost
NPB,黒原　拓未,2023,14000000,4651071.29574919,87402467917164.7,MLB,NPB,adaboost
NPB,サイスニード,2023,232500000,8007878.071563394,50396712807932050,MLB,NPB,adaboost
NPB,小川　泰弘,2023,160000000,8373369.215193463,22990635163152044,MLB,NPB,adaboost
NPB,石川　雅規,2023,67500000,7303570.508575114,3623610123516088,MLB,NPB,adaboost
NPB,高橋　奎二,2023,48000000,5860914.63913778,1775702515050032.5,MLB,NPB,adaboost
NPB,吉村　貢司郎,2023,21000000,4625375.591674636,268128324513724.75,MLB,NPB,adaboost
NPB,宮川　哲,2023,20000000,6173714.8065100685,191166162251718.9,MLB,NPB,adaboost
NPB,山野　太一,2023,9000000,4100862.0852096677,24001552308136.164,MLB,NPB,adaboost
NPB,金久保　優斗,2023,9000000,5079347.914970804,15371512771843.781,MLB,NPB,adaboost
NPB,有原　航平,2023,500000000,8765587.43950556,241311248083654050,MLB,NPB,adaboost
NPB,和田　毅,2023,200000000,9665450.739577308,36227240642168280,MLB,NPB,adaboost
NPB,東浜　巨,2023,150000000,7229464.227280437,20383425884829396,MLB,NPB,adaboost
NPB,石川　柊太,2023,120000000,7478096.774935722,12661178705390730,MLB,NPB,adaboost
NPB,大関　友久,2023,55000000,5343251.802561761,2465792641543786,MLB,NPB,adaboost
NPB,加藤　貴之,2023,300000000,9114303.600608703,84614488369758850,MLB,NPB,adaboost
NPB,山﨑　福也,2023,60000000,8534877.30854539,2648658853646476.5,MLB,NPB,adaboost
NPB,上原　健太,2023,40000000,7686657.603210695,1044152096852141.1,MLB,NPB,adaboost
NPB,北山　亘基,2023,33000000,4943219.274163957,787182944697644.9,MLB,NPB,adaboost
NPB,鈴木　健矢,2023,30000000,4745716.883528933,637778815726875.6,MLB,NPB,adaboost
NPB,根本　悠楓,2023,16000000,4938971.195685939,122346358209865.38,MLB,NPB,adaboost
NPB,金村　尚真,2023,12000000,4594514.565678764,54841214517943.984,MLB,NPB,adaboost
NPB,田中　瑛斗,2023,7500000,3907012.4370268933,12909559627679.424,MLB,NPB,adaboost
NPB,宮城　大弥,2023,160000000,5414881.793830023,23896558770815540,MLB,NPB,adaboost
NPB,田嶋　大樹,2023,95000000,6126943.536431981,7898420165176549,MLB,NPB,adaboost
NPB,山下　舜平大,2023,40000000,4825683.405484127,1237232547891234.8,MLB,NPB,adaboost
NPB,東　晃平,2023,24000000,4761039.336299031,370137607419433.2,MLB,NPB,adaboost
NPB,曽谷　龍平,2023,16000000,3678267.313641425,151825096394077.3,MLB,NPB,adaboost
NPB,齋藤　響介,2023,6000000,5045731.027316922,910629272225.6165,MLB,NPB,adaboost
NPB,則本　昂大,2023,300000000,9255427.206927365,84532406608626320,MLB,NPB,adaboost
NPB,田中　将大,2023,260000000,7004710.266911021,64006616627129630,MLB,NPB,adaboost
NPB,岸　孝之,2023,210000000,8055813.9884022325,40781454263886790,MLB,NPB,adaboost
NPB,辛島　航,2023,80000000,6359645.486235839,5422901812912865,MLB,NPB,adaboost
NPB,早川　隆久,2023,33000000,5744128.697964869,742882520433102.25,MLB,NPB,adaboost
NPB,荘司　康誠,2023,30000000,5320733.755794117,609066182352400,MLB,NPB,adaboost
NPB,瀧中　瞭太,2023,23000000,6877354.739757717,259939690187612.97,MLB,NPB,adaboost
NPB,藤平　尚真,2023,14500000,4438744.204555663,101228868181362.23,MLB,NPB,adaboost
NPB,藤井　聖,2023,13000000,5323410.999857439,58930018677109.766,MLB,NPB,adaboost
NPB,松井　友飛,2023,8000000,4151335.710523108,14812216813094.67,MLB,NPB,adaboost
NPB,髙橋　光成,2023,265000000,6350277.336201934,66899679034059656,MLB,NPB,adaboost
NPB,平良　海馬,2023,250000000,5575117.869823829,59743523004350504,MLB,NPB,adaboost
NPB,今井　達也,2023,80000000,6480610.790770741,5405100589698136,MLB,NPB,adaboost
NPB,松本　航,2023,58000000,6069560.648186645,2696770531272365,MLB,NPB,adaboost
NPB,隅田　知一郎,2023,40000000,5143868.126264664,1214949929199228.5,MLB,NPB,adaboost
NPB,與座　海人,2023,30000000,8406583.061424298,466275655083167.94,MLB,NPB,adaboost
NPB,渡邉　勇太朗,2023,8200000,5079347.914970804,9738469435797.068,MLB,NPB,adaboost
NPB,美馬　学,2023,140000000,6173468.036104675,17909540657483496,MLB,NPB,adaboost
NPB,小島　和哉,2023,105000000,7344238.901633396,9536647675701252,MLB,NPB,adaboost
NPB,西野　勇士,2023,85000000,8714311.189174267,5819506317342143,MLB,NPB,adaboost
NPB,佐々木　朗希,2023,80000000,9808582.67690219,4926835065825275,MLB,NPB,adaboost
NPB,種市　篤暉,2023,52000000,5353636.852262643,2175883194910589.5,MLB,NPB,adaboost
NPB,菊地　吏玖,2023,16000000,4850143.373791173,124319302785012.89,MLB,NPB,adaboost
NPB,本前　郁也,2023,12000000,6938453.603209374,25619251926864.17,MLB,NPB,adaboost
NPB,森　遼大朗,2023,7000000,5023492.391223437,3906582327551.6465,MLB,NPB,adaboost
NPB,西　勇輝,2024,300000000,8584457.213131055,84923018577765440,MLB,NPB,adaboost
NPB,伊藤　将司,2024,140000000,5941193.662827706,17971763556547468,MLB,NPB,adaboost
NPB,才木　浩人,2024,120000000,6885652.206875734,12794855676663874,MLB,NPB,adaboost
NPB,大竹　耕太郎,2024,90000000,9348981.9330367,6504586715237641,MLB,NPB,adaboost
NPB,村上　頌樹,2024,80000000,6812558.45497996,5356401599905726,MLB,NPB,adaboost
NPB,及川　雅貴,2024,30000000,4085825.8983482374,671544419370718.9,MLB,NPB,adaboost
NPB,髙橋　遥人,2024,25000000,12816108.295259513,148447217072844.06,MLB,NPB,adaboost
NPB,東　克樹,2024,210000000,13260622.946829867,38706382483269450,MLB,NPB,adaboost
NPB,石田　健大,2024,100000000,7625433.571691914,8533060522817903,MLB,NPB,adaboost
NPB,大貫　晋一,2024,72000000,7239974.556507683,4193860895441772,MLB,NPB,adaboost
NPB,平良　拳太郎,2024,26000000,8306198.386965658,313070615521416.7,MLB,NPB,adaboost
NPB,吉野　光樹,2024,14000000,5972543.710859068,64440054474068.305,MLB,NPB,adaboost
NPB,石田　裕太郎,2024,13000000,4507229.321864274,72127153791401.97,MLB,NPB,adaboost
NPB,小園　健太,2024,6900000,4544648.506892603,5547680656083.245,MLB,NPB,adaboost
NPB,松本　隆之介,2024,5600000,4663362.1833270015,877290399621.9615,MLB,NPB,adaboost
NPB,戸郷　翔征,2024,300000000,6011340.472075987,86429331931025620,MLB,NPB,adaboost
NPB,田中　将大,2024,160000000,6379792.328124559,23599168205150140,MLB,NPB,adaboost
NPB,山﨑　伊織,2024,90000000,6452847.01306371,6980126772222537,MLB,NPB,adaboost
NPB,高橋　礼,2024,37000000,6197052.435308805,948821578673115.1,MLB,NPB,adaboost
NPB,井上　温大,2024,34000000,4462731.1519533815,872450251001785.25,MLB,NPB,adaboost
NPB,又木　鉄平,2024,10000000,4175795.612450011,33921356747956.543,MLB,NPB,adaboost
NPB,髙橋　宏斗,2024,120000000,5621846.04316476,13082362102573504,MLB,NPB,adaboost
NPB,大野　雄大,2024,120000000,6521340.415604842,12877406181071038,MLB,NPB,adaboost
NPB,柳　裕也,2024,110000000.00000001,6805026.557753887,10649202543745882,MLB,NPB,adaboost
NPB,涌井　秀章,2024,90000000,7119782.401122767,6869130469237240,MLB,NPB,adaboost
NPB,松葉　貴大,2024,50000000,8910554.887946578,1688342499616451,MLB,NPB,adaboost
NPB,梅津　晃大,2024,14000000,8136338.5960449185,34382525060232.477,MLB,NPB,adaboost
NPB,仲地　礼亜,2024,11500000,8494162.939545054,9035056434004.432,MLB,NPB,adaboost
NPB,松木平　優太,2024,10500000,4668754.180875564,34003427803056.215,MLB,NPB,adaboost
NPB,大瀬良　大地,2024,200000000,8443781.811892588,36693784726529810,MLB,NPB,adaboost
NPB,森下　暢仁,2024,165000000,6780958.711715192,25033265026183972,MLB,NPB,adaboost
NPB,床田　寛樹,2024,150000000,9541960.075688269,19728460979379548,MLB,NPB,adaboost
NPB,アドゥワ　誠,2024,34000000,5513882.652832981,811458881516569.75,MLB,NPB,adaboost
NPB,玉村　昇悟,2024,26000000,4288189.364889547,471402721054895.4,MLB,NPB,adaboost
NPB,森　翔平,2024,20000000,5522283.156053961,209604285013478.88,MLB,NPB,adaboost
NPB,常廣　羽也斗,2024,16000000,4249869.692788748,138065562236444.39,MLB,NPB,adaboost
NPB,小川　泰弘,2024,110000000.00000001,5821313.9573782645,10853198625567152,MLB,NPB,adaboost
NPB,高橋　奎二,2024,58000000,7920152.609120599,2507991114693770.5,MLB,NPB,adaboost
NPB,吉村　貢司郎,2024,50000000,6846720.347026345,1862205544807749.8,MLB,NPB,adaboost
NPB,青柳　晃洋,2024,50000000,6879462.888578902,1859380720777444.5,MLB,NPB,adaboost
NPB,石川　雅規,2024,40000000,6774516.361077931,1103932763040278.1,MLB,NPB,adaboost
NPB,高梨　裕稔,2024,30000000,8834045.428688057,447997632914840.94,MLB,NPB,adaboost
NPB,奥川　恭伸,2024,21000000,4248335.258514007,280618271611145.03,MLB,NPB,adaboost
NPB,松本　健吾,2024,16000000,5550844.620661721,109184848141554.1,MLB,NPB,adaboost
NPB,山野　太一,2024,14000000,4552720.1339335935,89251096867783.72,MLB,NPB,adaboost
NPB,阪口　皓亮,2024,10000000,4307765.397162283,32401534773743.062,MLB,NPB,adaboost
NPB,有原　航平,2024,400000000,11665112.10000854,150803985160298900,MLB,NPB,adaboost
NPB,東浜　巨,2024,150000000,6997034.10051165,20449848256050232,MLB,NPB,adaboost
NPB,大関　友久,2024,90000000,10361843.964377776,6342235896754112,MLB,NPB,adaboost
NPB,大津　亮介,2024,55000000,6044108.389390607,2396679323389735,MLB,NPB,adaboost
NPB,濵口　遥大,2024,46000000,6906600.835647447,1528293858223400.8,MLB,NPB,adaboost
NPB,前田　悠伍,2024,10000000,4210211.542817841,33521650378919.76,MLB,NPB,adaboost
NPB,松本　晴,2024,9000000,4873135.294558839,17031012297015.96,MLB,NPB,adaboost
NPB,前田　純,2024,7500000,6753188.334420121,557727663846.1926,MLB,NPB,adaboost
NPB,加藤　貴之,2024,300000000,10164654.123239372,84004527719501460,MLB,NPB,adaboost
NPB,山﨑　福也,2024,250000000,8322051.289950557,58408230892697296,MLB,NPB,adaboost
NPB,伊藤　大海,2024,220000000.00000003,10423895.689315325,43922143498043e3,MLB,NPB,adaboost
NPB,北山　亘基,2024,46000000,5915006.8989443565,1606806671911678.5,MLB,NPB,adaboost
NPB,金村　尚真,2024,36000000,5371636.643819752,938096641878204.9,MLB,NPB,adaboost
NPB,上原　健太,2024,36000000,6227902.339106928,886377799129754.75,MLB,NPB,adaboost
NPB,福谷　浩司,2024,20000000,7103825.573654079,166311314834738.56,MLB,NPB,adaboost
NPB,福島　蓮,2024,16000000,4242713.36038571,138233789126052.67,MLB,NPB,adaboost
NPB,根本　悠楓,2024,15000000,4309775.42257529,114280901515775.3,MLB,NPB,adaboost
NPB,細野　晴希,2024,13000000,4807455.779606365,67117780803105.16,MLB,NPB,adaboost
NPB,達　孝太,2024,10500000,6306108.691318979,17588724309030.21,MLB,NPB,adaboost
NPB,宮城　大弥,2024,200000000,5318219.744497844,37900995563451630,MLB,NPB,adaboost
NPB,九里　亜蓮,2024,140000000,8817452.24774345,17208860834773068,MLB,NPB,adaboost
NPB,田嶋　大樹,2024,100000000,9123851.627573766,8258474343007229,MLB,NPB,adaboost
NPB,曽谷　龍平,2024,38000000,5662056.145027802,1045742612767334.1,MLB,NPB,adaboost
NPB,山下　舜平大,2024,36000000,5071956.847284724,956543853256218.4,MLB,NPB,adaboost
NPB,東　晃平,2024,24000000,5111558.302529104,356773229758757.25,MLB,NPB,adaboost
NPB,齋藤　響介,2024,12000000,3808906.946207809,67094005415882.695,MLB,NPB,adaboost
NPB,佐藤　一磨,2024,9000000,3942288.599211105,25580444613669.965,MLB,NPB,adaboost
NPB,岸　孝之,2024,220000000.00000003,8113678.56475537,44895813211359816,MLB,NPB,adaboost
NPB,早川　隆久,2024,70000000,7751621.806469127,3874860587724850,MLB,NPB,adaboost
NPB,藤井　聖,2024,37000000,7912165.103378466,846102138973113.4,MLB,NPB,adaboost
NPB,内　星龍,2024,31000000,5167358.681270725,667325357502118.9,MLB,NPB,adaboost
NPB,瀧中　瞭太,2024,28000000,6566954.826487326,459375425409834.94,MLB,NPB,adaboost
NPB,荘司　康誠,2024,27000000,4423403.473104716,509702710738220.25,MLB,NPB,adaboost
NPB,古謝　樹,2024,23000000,4422132.810550688,345137149308817.2,MLB,NPB,adaboost
NPB,髙橋　光成,2024,210000000,5740746.304335607,41721842720309790,MLB,NPB,adaboost
NPB,今井　達也,2024,180000000,7405350.165631284,29788913151448348,MLB,NPB,adaboost
NPB,隅田　知一郎,2024,90000000,7467983.587216747,6811533733159924,MLB,NPB,adaboost
NPB,武内　夏暉,2024,45000000,8809519.13643727,1309750905135900.5,MLB,NPB,adaboost
NPB,與座　海人,2024,25000000,6456278.286132269,343869615001369.56,MLB,NPB,adaboost
NPB,渡邉　勇太朗,2024,20000000,4409610.82050146,243060234768225.16,MLB,NPB,adaboost
NPB,青山　美夏人,2024,15500000,4350666.680713029,124307633464562.66,MLB,NPB,adaboost
NPB,杉山　遙希,2024,7000000,5168853.811565597,3353096363417.8438,MLB,NPB,adaboost
NPB,菅井　信也,2024,6700000,4527541.731032799,4719574930403.968,MLB,NPB,adaboost
NPB,石川　柊太,2024,200000000,7614380.091116768,37012226747725296,MLB,NPB,adaboost
NPB,小島　和哉,2024,160000000,11807023.450276488,21961158298666900,MLB,NPB,adaboost
NPB,西野　勇士,2024,150000000,7401290.997116571,20334391809289028,MLB,NPB,adaboost
NPB,石川　歩,2024,90000000,7230591.50204951,6850774983100599,MLB,NPB,adaboost
NPB,種市　篤暉,2024,85000000,7177010.917408788,6056417629749110,MLB,NPB,adaboost
NPB,唐川　侑己,2024,58000000,8659918.93397043,2434443599602370,MLB,NPB,adaboost
NPB,美馬　学,2024,40000000,5823876.402029089,1168007424183784,MLB,NPB,adaboost
NPB,中森　俊介,2024,16000000,4428853.642859329,133891428018369.83,MLB,NPB,adaboost
NPB,田中　晴也,2024,11000000,4488431.159972036,42400528758423.125,MLB,NPB,adaboost
NPB,西　勇輝,2025,300000000,6321697.094949774,86246945597190430,MLB,NPB,adaboost
NPB,才木　浩人,2025,250000000,6493770.794277288,59295283661989970,MLB,NPB,adaboost
NPB,村上　頌樹,2025,229999999.99999997,7979629.5694977585,49293044886097416,MLB,NPB,adaboost
NPB,伊藤　将司,2025,140000000,8027166.456727992,17416828793440180,MLB,NPB,adaboost
NPB,大竹　耕太郎,2025,130000000,9898824.90671157,14424292258788724,MLB,NPB,adaboost
NPB,伊原　陵人,2025,36000000,5142280.119626404,952198876215603.9,MLB,NPB,adaboost
NPB,髙橋　遥人,2025,30000000,11502837.727222735,342145012145454.7,MLB,NPB,adaboost
NPB,門別　啓人,2025,12000000,3817122.926893571,66959477193570.83,MLB,NPB,adaboost
NPB,早川　太貴,2025,7200000,5702275.281784693,2243179331553.1216,MLB,NPB,adaboost
NPB,東　克樹,2025,300000000,11691551.498723894,83121761477212992,MLB,NPB,adaboost
NPB,藤浪　晋太郎,2025,80000000,7604840.234120611,5241059157527202,MLB,NPB,adaboost
NPB,大貫　晋一,2025,63000000,7100209.962168329,3124786526273665,MLB,NPB,adaboost
NPB,平良　拳太郎,2025,30000000,8536505.812520035,460681582735986.25,MLB,NPB,adaboost
NPB,石田　裕太郎,2025,30000000,5225189.67949108,613791226417195.25,MLB,NPB,adaboost
NPB,竹田　祐,2025,20000000,5163198.3877888,220130682080112.9,MLB,NPB,adaboost
NPB,吉野　光樹,2025,11000000,5823262.252309736,26798613708361.27,MLB,NPB,adaboost
NPB,小園　健太,2025,6600000,4310748.240962534,5240673616256.131,MLB,NPB,adaboost
NPB,戸郷　翔征,2025,240000000,5241731.129704354,55111444802978024,MLB,NPB,adaboost
NPB,山﨑　伊織,2025,180000000,7053196.04995647,29910596996534792,MLB,NPB,adaboost
NPB,田中　将大,2025,100000000,5862669.821135354,8861836933204580,MLB,NPB,adaboost
NPB,赤星　優志,2025,48000000,5606389.765383419,1797218188724587.5,MLB,NPB,adaboost
NPB,井上　温大,2025,38000000,5694130.067429086,1043669232100189.2,MLB,NPB,adaboost
NPB,森田　駿哉,2025,15000000,6182162.330533745,77754261165058.08,MLB,NPB,adaboost
NPB,柳　裕也,2025,200000000,7421315.137255805,37086549863464136,MLB,NPB,adaboost
NPB,髙橋　宏斗,2025,200000000,4888853.453329431,38068359506756350,MLB,NPB,adaboost
NPB,大野　雄大,2025,170000000,9129458.296019148,25879331188132248,MLB,NPB,adaboost
NPB,松葉　貴大,2025,100000000,9300104.66548888,8226471013691271,MLB,NPB,adaboost
NPB,涌井　秀章,2025,70000000,6614253.461580115,4017752864232808.5,MLB,NPB,adaboost
NPB,金丸　夢斗,2025,25000000,4944366.363477379,402228440562417.56,MLB,NPB,adaboost
NPB,草加　勝,2025,11000000,5714877.558926303,27932519217140.793,MLB,NPB,adaboost
NPB,三浦　瑞樹,2025,9000000,4421177.363805108,20965616733730.742,MLB,NPB,adaboost
NPB,松木平　優太,2025,9000000,8660142.023650054,115503444088.68053,MLB,NPB,adaboost
NPB,仲地　礼亜,2025,9000000,5117386.791938345,15074685323414.816,MLB,NPB,adaboost
NPB,森下　暢仁,2025,200000000,7191226.042691378,37175223314920530,MLB,NPB,adaboost
NPB,大瀬良　大地,2025,200000000,7260001.323316759,37148707089887856,MLB,NPB,adaboost
NPB,床田　寛樹,2025,185000000,11408179.630635634,30134120099149672,MLB,NPB,adaboost
NPB,森　翔平,2025,38000000,7504107.14094776,929999481270793.5,MLB,NPB,adaboost
NPB,玉村　昇悟,2025,33000000,4989769.264138827,784573025876182,MLB,NPB,adaboost
NPB,アドゥワ　誠,2025,29000000,5009233.336088805,575556885122232.6,MLB,NPB,adaboost
NPB,髙　太一,2025,18000000,4327982.77582105,186924054978245.9,MLB,NPB,adaboost
NPB,常廣　羽也斗,2025,14000000,4136970.6117472034,97279348713538.33,MLB,NPB,adaboost
NPB,佐藤　柳之介,2025,12000000,3879532.5686557447,65941991303522.77,MLB,NPB,adaboost
NPB,斉藤　優汰,2025,7000000,5256646.556966769,3039281227335.8223,MLB,NPB,adaboost
NPB,小川　泰弘,2025,89000000,7342818.227298587,666789533506e4,MLB,NPB,adaboost
NPB,吉村　貢司郎,2025,75000000,6432000.682996971,4701570530336528,MLB,NPB,adaboost
NPB,青柳　晃洋,2025,50000000,6366302.44758673,1903899562095475.8,MLB,NPB,adaboost
NPB,高橋　奎二,2025,46000000,6820165.14151895,1535059459537846.8,MLB,NPB,adaboost
NPB,高梨　裕稔,2025,43000000,7774772.825058619,1240816629526229,MLB,NPB,adaboost
NPB,奥川　恭伸,2025,32000000,4936721.083658768,732421065703679.75,MLB,NPB,adaboost
NPB,石川　雅規,2025,32000000,6032578.110813658,674306999570993.9,MLB,NPB,adaboost
NPB,山野　太一,2025,23000000,5995024.111128516,289169204981100.5,MLB,NPB,adaboost
NPB,中村　優斗,2025,17000000,4154053.4629123197,165018342433714.97,MLB,NPB,adaboost
NPB,上沢　直之,2025,250000000,9713700.370715797,57737505789534144,MLB,NPB,adaboost
NPB,大関　友久,2025,170000000,8224373.622526889,26171353289823776,MLB,NPB,adaboost
NPB,東浜　巨,2025,110000000.00000001,7507170.121709911,10504780176460116,MLB,NPB,adaboost
NPB,大津　亮介,2025,68000000,5277607.853898324,3934098476529357,MLB,NPB,adaboost
NPB,松本　晴,2025,36000000,4942238.390033957,964584556221480.5,MLB,NPB,adaboost
NPB,前田　純,2025,18000000,4194348.910644243,190596002001029.8,MLB,NPB,adaboost
NPB,前田　悠伍,2025,11000000,5610377.548846777,29048030165974.88,MLB,NPB,adaboost
NPB,有原　航平,2025,500000000,9285923.129796555,240800305238575940,MLB,NPB,adaboost
NPB,伊藤　大海,2025,340000000,11151905.977650352,108141068942132110,MLB,NPB,adaboost
NPB,加藤　貴之,2025,300000000,8385740.494759816,85038876346789570,MLB,NPB,adaboost
NPB,山﨑　福也,2025,250000000,8224362.680725427,58455458801141400,MLB,NPB,adaboost
NPB,北山　亘基,2025,95000000,7508949.9396691965,7654683840659312,MLB,NPB,adaboost
NPB,古林　睿煬,2025,75000000,4930795.060474433,4909693480857235,MLB,NPB,adaboost
NPB,達　孝太,2025,42000000,5146549.810396057,1358176790877618.8,MLB,NPB,adaboost
NPB,福島　蓮,2025,29000000,4282089.556299434,610975096702801.5,MLB,NPB,adaboost
NPB,細野　晴希,2025,17000000,5834701.273510294,124663895651752.66,MLB,NPB,adaboost
NPB,柴田　獅子,2025,9900000,4627160.73113351,27802833955300.496,MLB,NPB,adaboost
NPB,宮城　大弥,2025,220000000.00000003,5404426.4526049895,46051260186135440,MLB,NPB,adaboost
NPB,九里　亜蓮,2025,160000000,8979830.083887292,22807091721491556,MLB,NPB,adaboost
NPB,田嶋　大樹,2025,110000000.00000001,7915205.578055823,10421305252170606,MLB,NPB,adaboost
NPB,曽谷　龍平,2025,55000000,5953120.381279101,2405596400333299.5,MLB,NPB,adaboost
NPB,山下　舜平大,2025,30000000,6731075.95013413,541442826438426.4,MLB,NPB,adaboost
NPB,東　晃平,2025,19000000,4441562.50903738,211948102178266,MLB,NPB,adaboost
NPB,寺西　成騎,2025,14000000,4012997.1144225276,99740226636532.75,MLB,NPB,adaboost
NPB,佐藤　一磨,2025,8000000,5151371.3432176765,8114685224241.465,MLB,NPB,adaboost
NPB,山口　廉王,2025,5500000,5797240.590981006,88351968926.73752,MLB,NPB,adaboost
NPB,岸　孝之,2025,180000000,7620412.091377569,29714722327546492,MLB,NPB,adaboost
NPB,辛島　航,2025,80000000,6606118.476241362,5386661845123519,MLB,NPB,adaboost
NPB,早川　隆久,2025,60000000,6308966.814462077,2882727044530534,MLB,NPB,adaboost
NPB,藤井　聖,2025,47000000,7318234.328034928,1574642526844745.5,MLB,NPB,adaboost
NPB,内　星龍,2025,44000000,4282344.196706137,1577492182508922.5,MLB,NPB,adaboost
NPB,瀧中　瞭太,2025,40000000,7687330.985759823,1044108578823837.1,MLB,NPB,adaboost
NPB,荘司　康誠,2025,40000000,4554971.222013737,1256350065072274.5,MLB,NPB,adaboost
NPB,古謝　樹,2025,39500000,5160370.337000865,1179210165391930.2,MLB,NPB,adaboost
NPB,坂井　陽翔,2025,6400000,5673929.423480164,527178482087.8466,MLB,NPB,adaboost
NPB,大内　誠弥,2025,5500000,4770203.855092538,532602413121.7939,MLB,NPB,adaboost
NPB,髙橋　光成,2025,250000000,8650972.88698765,58249352888397570,MLB,NPB,adaboost
NPB,隅田　知一郎,2025,160000000,7272492.886095666,23325691429227696,MLB,NPB,adaboost
NPB,渡邉　勇太朗,2025,43000000,5220789.180465217,1427268770146854.2,MLB,NPB,adaboost
NPB,與座　海人,2025,40000000,9757774.714235215,914592190234950.9,MLB,NPB,adaboost
NPB,松本　航,2025,40000000,8200631.414971853,1011199842406475.1,MLB,NPB,adaboost
NPB,武内　夏暉,2025,38500000,4310752.893644549,1168904617699434.5,MLB,NPB,adaboost
NPB,菅井　信也,2025,14000000,4267875.551403557,94714246282968.64,MLB,NPB,adaboost
NPB,上田　大河,2025,12500000,4157862.380422044,69591260063977.76,MLB,NPB,adaboost
NPB,篠原　響,2025,7000000,5133320.011953684,3484494177772.596,MLB,NPB,adaboost
NPB,杉山　遙希,2025,7000000,4496390.208458687,6268061988301.536,MLB,NPB,adaboost
NPB,石川　柊太,2025,160000000,6306077.478871114,23621821819930772,MLB,NPB,adaboost
NPB,西野　勇士,2025,150000000,7253800.888495316,20376477360781336,MLB,NPB,adaboost
NPB,小島　和哉,2025,145000000,8722143.3939848,18571654201129644,MLB,NPB,adaboost
NPB,種市　篤暉,2025,130000000,7172040.655535197,15086707596725500,MLB,NPB,adaboost
NPB,唐川　侑己,2025,44000000,6489692.636466636,1407023158506745.2,MLB,NPB,adaboost
NPB,田中　晴也,2025,23000000,4545223.805638528,340578764383970.9,MLB,NPB,adaboost
NPB,河村　説人,2025,12000000,5385801.918668706,43747616259086.57,MLB,NPB,adaboost
NPB,吉川　悠斗,2025,5000000,4718757.586716076,79097295029.7653,MLB,NPB,adaboost
MLB,Joe Saunders,2010,5500000,8558960.349152386,9357238417686.488,MLB,MLB,adaboost
MLB,Zach Duke,2010,4300000,6888047.271275555,6697988678356.845,MLB,MLB,adaboost
MLB,Ian Kennedy,2010,423000,7354967.895235618,48052178900577.32,MLB,MLB,adaboost
MLB,Daniel Hudson,2010,419000,4105436.0798258414,13589810970641.717,MLB,MLB,adaboost
MLB,Barry Enright,2010,418000,4669570.700735789,18075853423355.008,MLB,MLB,adaboost
MLB,Trevor Cahill,2010,6100000,6973593.705466786,763165962231.1903,MLB,MLB,adaboost
MLB,Dallas Braden,2010,3350000,8071537.232264189,22292913835656.98,MLB,MLB,adaboost
MLB,Rich Harden,2010,1500000,6620783.161575059,26222420187870.66,MLB,MLB,adaboost
MLB,Trevor Cahill,2010,440000,6973593.705466786,42687846708115.21,MLB,MLB,adaboost
MLB,Gio González,2010,420000,6106220.530242334,32333103918549.41,MLB,MLB,adaboost
MLB,Bobby Cramer,2010,414000,7755333.392440855,53895175978967.15,MLB,MLB,adaboost
MLB,Jair Jurrjens,2010,3250000,4698328.510089908,2097655473139.2522,MLB,MLB,adaboost
MLB,Tommy Hanson,2010,456500,5543877.563321202,25881410471783.973,MLB,MLB,adaboost
MLB,Brandon Beachy,2010,416500,4625295.673059479,17713961017564.195,MLB,MLB,adaboost
MLB,Rodrigo López,2010,414000,8012807.843887959,57741880648333.164,MLB,MLB,adaboost
MLB,Mike Minor,2010,414000,4865257.180171306,19813690484026.61,MLB,MLB,adaboost
MLB,Jeremy Guthrie,2010,5750000,10694008.47738808,24443219824485.203,MLB,MLB,adaboost
MLB,Justin Duchscherer,2010,700000,6669264.464470649,35632118246792.06,MLB,MLB,adaboost
MLB,Brad Bergesen,2010,434000,5055079.126593096,21354372294234.414,MLB,MLB,adaboost
MLB,Jake Arrieta,2010,419000,4449090.7278510295,16241631274710.84,MLB,MLB,adaboost
MLB,Chris Tillman,2010,417000,4085449.946105083,13457525007078.387,MLB,MLB,adaboost
MLB,Josh Beckett,2010,17000000,9781891.604488434,52101088809354.55,MLB,MLB,adaboost
MLB,Andrew Miller,2010,1300000,4451491.824297028,9931900718611.008,MLB,MLB,adaboost
MLB,Clay Buchholz,2010,555000,5517088.134839272,24622318657912.688,MLB,MLB,adaboost
MLB,Matt Garza,2010,5950000,8048097.6550692525,4402013770207.096,MLB,MLB,adaboost
MLB,Tom Gorzelanny,2010,2100000,5941795.896862028,14759395713145.916,MLB,MLB,adaboost
MLB,Doug Davis,2010,900000,6248060.1915906705,28601747812876.84,MLB,MLB,adaboost
MLB,Randy Wells,2010,475000,6903463.161423425,41325138617778.055,MLB,MLB,adaboost
MLB,Chris Carpenter,2010,414000,8089404.59283621,58911835663731.18,MLB,MLB,adaboost
MLB,Casey Coleman,2010,414000,3994439.2963530803,12819545554869.342,MLB,MLB,adaboost
MLB,John Danks,2010,6000000,6793738.594728217,630020956761.1255,MLB,MLB,adaboost
MLB,Bronson Arroyo,2010,11666667,9173160.025735108,6217577030707.656,MLB,MLB,adaboost
MLB,Johnny Cueto,2010,6750000,5983954.866577272,586825146440.6447,MLB,MLB,adaboost
MLB,Edinson Vólquez,2010,1625000,5038736.28612903,11653595431234.025,MLB,MLB,adaboost
MLB,Homer Bailey,2010,441000,5102974.776803535,21734008819552.375,MLB,MLB,adaboost
MLB,Mike Leake,2010,425000,4836213.942189253,19458808443764.85,MLB,MLB,adaboost
MLB,Travis Wood,2010,422500,5041474.893127817,21334929063345.125,MLB,MLB,adaboost
MLB,Dontrelle Willis,2010,414000,5058384.797664378,21570310148775.984,MLB,MLB,adaboost
MLB,Justin Masterson,2010,468400,6826834.578046435,40429690283296.54,MLB,MLB,adaboost
MLB,Mitch Talbot,2010,431700,5613185.308608561,26847790003326.35,MLB,MLB,adaboost
MLB,Josh Tomlin,2010,417200,4448302.020351363,16249783498480.844,MLB,MLB,adaboost
MLB,Carlos Carrasco,2010,415800,4738565.638755174,18686302767602.43,MLB,MLB,adaboost
MLB,Jeanmar Gómez,2010,414000,4260486.692536098,14795459875857.291,MLB,MLB,adaboost
MLB,David Huff,2010,414000,4601786.522804306,17537555960581.379,MLB,MLB,adaboost
MLB,Jorge De La Rosa,2010,10750000,9352356.631653514,1953406985082.9119,MLB,MLB,adaboost
MLB,Jason Hammel,2010,3875000,8584068.670333674,22175327741918.156,MLB,MLB,adaboost
MLB,Felipe Paulino,2010,790000,5192389.797721019,19381035931078.113,MLB,MLB,adaboost
MLB,Jhoulys Chacín,2010,419000,4625674.76540804,17696112581920.79,MLB,MLB,adaboost
MLB,Brad Penny,2010,3000000,6708005.198660765,13749302553295.258,MLB,MLB,adaboost
MLB,Armando Galarraga,2010,2300000,6231563.313956984,15457190091652.426,MLB,MLB,adaboost
MLB,Max Scherzer,2010,600000,6892175.797699513,39591476269155.5,MLB,MLB,adaboost
MLB,Andy Oliver,2010,414000,4169662.8189029447,14105003209290.012,MLB,MLB,adaboost
MLB,Wandy Rodríguez,2010,11333333,14138625.160952775,7869664108303.089,MLB,MLB,adaboost
MLB,Brett Myers,2010,11500000,10266364.413821243,1521856759486.606,MLB,MLB,adaboost
MLB,J.A. Happ,2010,474000,5109657.907612432,21489324236409.668,MLB,MLB,adaboost
MLB,Bud Norris,2010,437500,5221698.803048447,22888558187090.19,MLB,MLB,adaboost
MLB,Kyle Davies,2010,3200000,6639968.245334794,11833381528911.74,MLB,MLB,adaboost
MLB,Jeff Francis,2010,2000000,6947600.512502259,24478750831312.613,MLB,MLB,adaboost
MLB,Bruce Chen,2010,2000000,5719357.142302175,13833617551994.201,MLB,MLB,adaboost
MLB,Luke Hochevar,2010,1760000,5141609.268494321,11435281244766.697,MLB,MLB,adaboost
MLB,Sean O'Sullivan,2010,420500,4036999.2369004004,13079066730501.178,MLB,MLB,adaboost
MLB,Vin Mazzaro,2010,414000,4280767.131017468,14951888045517.06,MLB,MLB,adaboost
MLB,Jered Weaver,2010,7365000,12913538.971820699,30786284721813.1,MLB,MLB,adaboost
MLB,Ted Lilly,2010,11000000,14321297.622943357,11031017900169.191,MLB,MLB,adaboost
MLB,Hiroki Kuroda,2010,12000000,12972155.674774881,945086655997.0051,MLB,MLB,adaboost
MLB,Jon Garland,2010,5000000,9226995.75413337,17867493105461.535,MLB,MLB,adaboost
MLB,Chad Billingsley,2010,3275000,6311882.93955915,9222657988585.422,MLB,MLB,adaboost
MLB,Clayton Kershaw,2010,500000,8206386.067110114,59388386215348.89,MLB,MLB,adaboost
MLB,Ricky Nolasco,2010,8833333,9044958.07483628,44785172299.4612,MLB,MLB,adaboost
MLB,Javier Vázquez,2010,7000000,5692644.902782931,1709177350219.452,MLB,MLB,adaboost
MLB,Aníbal Sánchez,2010,3700000,6472952.53121885,7689265740393.027,MLB,MLB,adaboost
MLB,Shawn Hill,2010,600000,6861582.138819751,39207410881186.53,MLB,MLB,adaboost
MLB,Chris Volstad,2010,445000,5194347.518070353,22556301847401.023,MLB,MLB,adaboost
MLB,Alex Sanabia,2010,414000,4765458.783516799,18935193544645.5,MLB,MLB,adaboost
MLB,Shaun Marcum,2010,3950000,10691592.291176429,45449066620449.45,MLB,MLB,adaboost
MLB,Chris Narveson,2010,444150,7066587.909318395,43856683862777.39,MLB,MLB,adaboost
MLB,Mark Rogers,2010,414000,5348263.932177949,24346960552392.19,MLB,MLB,adaboost
MLB,Carl Pavano,2010,8250000,9394723.992856763,1310393019821.9312,MLB,MLB,adaboost
MLB,Francisco Liriano,2010,4300000,7668578.13073112,11347318622839.965,MLB,MLB,adaboost
MLB,Kevin Slowey,2010,2700000,6262387.473934254,12690604514443.674,MLB,MLB,adaboost
MLB,R.A. Dickey,2010,3900000,10153911.979690898,39111415049721.33,MLB,MLB,adaboost
MLB,Mike Pelfrey,2010,3925000,6008736.561958934,4341958059644.439,MLB,MLB,adaboost
MLB,Chris Young,2010,1100000,7187937.048691537,37062977508831.02,MLB,MLB,adaboost
MLB,Dillon Gee,2010,400000,4006796.2804870093,13008979408934.926,MLB,MLB,adaboost
MLB,Phil Hughes,2010,2700000,5291440.711770492,6715564962621.553,MLB,MLB,adaboost
MLB,Kevin Millwood,2010,1500000,7071410.0157982325,31040609564136.863,MLB,MLB,adaboost
MLB,Freddy García,2010,1500000,6641076.764799097,26430670301557.145,MLB,MLB,adaboost
MLB,Iván Nova,2010,432900,3755861.657392721,11042074176502.18,MLB,MLB,adaboost
MLB,Cliff Lee,2010,24000000,17349867.3448226,44224264331456.81,MLB,MLB,adaboost
MLB,Roy Halladay,2010,20000000,17417857.92716823,6667457684287.942,MLB,MLB,adaboost
MLB,Kyle Kendrick,2010,2450000,5468437.400966512,9110964343553.473,MLB,MLB,adaboost
MLB,Kevin Correia,2010,4000000,6603294.499533664,6777142251302.232,MLB,MLB,adaboost
MLB,Ross Ohlendorf,2010,2025000,5356646.822291851,11099870548487.389,MLB,MLB,adaboost
MLB,Jeff Karstens,2010,1100000,5553761.612477246,19835992500775.918,MLB,MLB,adaboost
MLB,Scott Olsen,2010,450000,4855137.922945851,19405240120175.69,MLB,MLB,adaboost
MLB,James McDonald,2010,443000,4913274.761997077,19983356447748.02,MLB,MLB,adaboost
MLB,Charlie Morton,2010,441000,5281504.7721530385,23430486449236.34,MLB,MLB,adaboost
MLB,Brad Lincoln,2010,414500,4366259.448520531,15616402738971.291,MLB,MLB,adaboost
MLB,Aaron Harang,2010,4000000,5773858.778282232,3146574965288.9316,MLB,MLB,adaboost
MLB,Dustin Moseley,2010,900000,5082063.110506602,17489651860260.152,MLB,MLB,adaboost
MLB,Clayton Richard,2010,468800,6787474.924232851,39925652798129.02,MLB,MLB,adaboost
MLB,Mat Latos,2010,460700,5264671.937009994,23078146371579.555,MLB,MLB,adaboost
MLB,Cory Luebke,2010,415600,4644870.760650581,17886731166893.94,MLB,MLB,adaboost
MLB,Wade LeBlanc,2010,414000,5076806.3294362,21741762865830.285,MLB,MLB,adaboost
MLB,Jason Vargas,2010,2450000,7819545.331761045,28832017069836.836,MLB,MLB,adaboost
MLB,Doug Fister,2010,436500,6635557.004077537,38428307739802.766,MLB,MLB,adaboost
MLB,David Pauley,2010,422000,4639335.945288329,17785922475421.008,MLB,MLB,adaboost
MLB,Jonathan Sánchez,2010,4800000,10485564.766579902,32325646714974.773,MLB,MLB,adaboost
MLB,Jeff Suppan,2010,1000000,5449863.371712125,19801284026905.2,MLB,MLB,adaboost
MLB,Madison Bumgarner,2010,450000,5085701.253867839,21489726115111.86,MLB,MLB,adaboost
MLB,Jake Westbrook,2010,8250000,7250428.809662383,999142564552.9604,MLB,MLB,adaboost
MLB,Jaime García,2010,437000,4781410.003012503,18873898274275.094,MLB,MLB,adaboost
MLB,Wade Davis,2010,3150000,4973423.984586712,3324875027566.0815,MLB,MLB,adaboost
MLB,Jeff Niemann,2010,903000,6180786.385392035,27855029129829.527,MLB,MLB,adaboost
MLB,Scott Feldman,2010,5750000,5803180.266313819,2828140725.2087345,MLB,MLB,adaboost
MLB,C.J. Wilson,2010,7000000,11257097.75621878,18122881306002.97,MLB,MLB,adaboost
MLB,Dave Bush,2010,1000000,6586399.3869446125,31207858110455.14,MLB,MLB,adaboost
MLB,Tommy Hunter,2010,442160,5152503.748051287,22187338224805.844,MLB,MLB,adaboost
MLB,Derek Holland,2010,431810,4459458.705444921,16221954094472.146,MLB,MLB,adaboost
MLB,Omar Beltré,2010,415000,6881380.042979799,41814070860247.43,MLB,MLB,adaboost
MLB,Ricky Romero,2010,6020000,9046940.781008191,9162370491730.48,MLB,MLB,adaboost
MLB,Brandon Morrow,2010,2300000,4816406.3471892355,6332300904174.271,MLB,MLB,adaboost
MLB,Jesse Litsch,2010,830000,4220159.719359646,11493182922768.672,MLB,MLB,adaboost
MLB,Brett Cecil,2010,443100,5177091.065939853,22410671412398.344,MLB,MLB,adaboost
MLB,Marc Rzepczynski,2010,429600,4430392.650890954,16006341835423.066,MLB,MLB,adaboost
MLB,Kyle Drabek,2010,416000,4127866.8749516704,13777955697363.48,MLB,MLB,adaboost
MLB,John Lannan,2010,2750000,5155153.570841054,5784763699329.475,MLB,MLB,adaboost
MLB,Liván Hernández,2010,1000000,8092328.1274443455,50301118267338.22,MLB,MLB,adaboost
MLB,Jordan Zimmermann,2010,415000,4874518.797649639,19887307906590.48,MLB,MLB,adaboost
MLB,Ross Detwiler,2010,414000,3755861.657392721,11168039337151.625,MLB,MLB,adaboost
MLB,Craig Stammen,2010,414000,5047342.533917562,21467863036609.613,MLB,MLB,adaboost
MLB,Joe Saunders,2011,6000000,8768314.825910041,7663566975353.341,MLB,MLB,adaboost
MLB,Ian Kennedy,2011,519500,8066011.496456396,56949835766148.555,MLB,MLB,adaboost
MLB,Daniel Hudson,2011,504000,7175806.958012854,44513008084988.73,MLB,MLB,adaboost
MLB,Josh Collmenter,2011,486000,5435403.953052443,24496599490491.152,MLB,MLB,adaboost
MLB,Wade Miley,2011,481000,3932559.432882578,11913262518720.705,MLB,MLB,adaboost
MLB,Brandon McCarthy,2011,4275000,6821497.549617463,6484649770207.742,MLB,MLB,adaboost
MLB,Dallas Braden,2011,3350000,5558220.709928589,4876238703757.521,MLB,MLB,adaboost
MLB,Bartolo Colon,2011,2000000,7932222.081716549,35191258826805.42,MLB,MLB,adaboost
MLB,Tyson Ross,2011,480000,4223185.638343041,14011438723097.598,MLB,MLB,adaboost
MLB,Brad Peacock,2011,480000,5079347.914970804,21154001242946.28,MLB,MLB,adaboost
MLB,Jarrod Parker,2011,480000,4958640.491463021,20058220651772.133,MLB,MLB,adaboost
MLB,Tommy Milone,2011,480000,4568051.642279611,16712166229945.023,MLB,MLB,adaboost
MLB,Graham Godfrey,2011,480000,4790962.2640407905,18584395641983.7,MLB,MLB,adaboost
MLB,Jair Jurrjens,2011,5500000,6928474.9734162,2040540749676.413,MLB,MLB,adaboost
MLB,Tommy Hanson,2011,535000,5018435.626533787,20101195017272.41,MLB,MLB,adaboost
MLB,Brandon Beachy,2011,495000,4688986.875623285,17589525912900.363,MLB,MLB,adaboost
MLB,Mike Minor,2011,482500,4857637.63076367,19141829288124.344,MLB,MLB,adaboost
MLB,Julio Teheran,2011,480000,3881027.329710256,11566986897436.074,MLB,MLB,adaboost
MLB,Randall Delgado,2011,480000,4069162.7429053914,12882089195060.152,MLB,MLB,adaboost
MLB,Dana Eveland,2011,750000,5443026.925924077,22024501727448.39,MLB,MLB,adaboost
MLB,Dontrelle Willis,2011,700000,5957203.730098064,27638191059757,MLB,MLB,adaboost
MLB,Tommy Hunter,2011,493500,4155575.2251142533,13410794954395.61,MLB,MLB,adaboost
MLB,Jake Arrieta,2011,488500,4772156.60789831,18349713934390.855,MLB,MLB,adaboost
MLB,Zack Britton,2011,486000,4835251.2905718675,18915986788541.055,MLB,MLB,adaboost
MLB,Chris Tillman,2011,480000,4150828.558060597,13474982302673.242,MLB,MLB,adaboost
MLB,Clay Buchholz,2011,7486250,4547991.665473954,8633362040411.774,MLB,MLB,adaboost
MLB,Aaron Cook,2011,1500000,5911300.731414154,19459574142975.05,MLB,MLB,adaboost
MLB,Andrew Miller,2011,1040000,3984038.7673757193,8667364263811.145,MLB,MLB,adaboost
MLB,Chris Carpenter,2011,482000,8284086.178313788,60872548733835.05,MLB,MLB,adaboost
MLB,Matt Garza,2011,9500000,9188257.068769518,97183655172.17285,MLB,MLB,adaboost
MLB,Paul Maholm,2011,4250000,8186082.907371171,15492748653699.488,MLB,MLB,adaboost
MLB,Randy Wells,2011,2705000,6401144.06932663,13661480981218.418,MLB,MLB,adaboost
MLB,Chris Volstad,2011,2655000,5110742.138598856,6030669451290.081,MLB,MLB,adaboost
MLB,Travis Wood,2011,480000,4356808.377839086,15029643198483.322,MLB,MLB,adaboost
MLB,Casey Coleman,2011,480000,4751323.16803468,18244201605789.816,MLB,MLB,adaboost
MLB,John Danks,2011,13000000,6475515.8756313985,42568893089137.914,MLB,MLB,adaboost
MLB,Philip Humber,2011,530000,7671622.648341399,51002774051302.81,MLB,MLB,adaboost
MLB,Zach Stewart,2011,481500,4075517.5446040314,12916962110921.59,MLB,MLB,adaboost
MLB,Dylan Axelrod,2011,480000,4380786.399368049,15216134533494.746,MLB,MLB,adaboost
MLB,Homer Bailey,2011,2425000,5222158.0936812945,7824093401046.773,MLB,MLB,adaboost
MLB,Mat Latos,2011,550000,6204421.311062618,31972480362999.098,MLB,MLB,adaboost
MLB,Mike Leake,2011,507500,5205079.026426177,22067248709519.105,MLB,MLB,adaboost
MLB,Alfredo Simón,2011,487500,5478568.541628435,24910765187232.996,MLB,MLB,adaboost
MLB,Justin Masterson,2011,3825000,7866573.733715528,16334318245059.271,MLB,MLB,adaboost
MLB,Josh Tomlin,2011,494500,6412143.946469771,35018509877190.324,MLB,MLB,adaboost
MLB,Carlos Carrasco,2011,488500,4645832.370352925,17283412437584.268,MLB,MLB,adaboost
MLB,David Huff,2011,486200,4385716.167004864,15206226336732.305,MLB,MLB,adaboost
MLB,Jeanmar Gómez,2011,482700,4473849.016207048,15929270469570.484,MLB,MLB,adaboost
MLB,Zach McAllister,2011,480000,4092792.19341147,13052267432774.86,MLB,MLB,adaboost
MLB,Jeremy Guthrie,2011,8200000,6180343.880936853,4079010839269.214,MLB,MLB,adaboost
MLB,Kevin Slowey,2011,2750000,4963008.266188245,4897405586217.504,MLB,MLB,adaboost
MLB,Jhoulys Chacín,2011,482000,5766154.999333347,27922294056979.605,MLB,MLB,adaboost
MLB,Josh Outman,2011,482000,4301158.271486161,14585969902661.164,MLB,MLB,adaboost
MLB,Esmil Rogers,2011,481000,4134656.895993121,13349208713638.088,MLB,MLB,adaboost
MLB,Guillermo Moscoso,2011,480000,5589657.503537451,26108599803456.574,MLB,MLB,adaboost
MLB,Drew Pomeranz,2011,480000,4127866.8749516704,13306932737369.666,MLB,MLB,adaboost
MLB,Jeff Francis,2011,480000,6942433.806717659,41763050706207.3,MLB,MLB,adaboost
MLB,Alex White,2011,480000,4041375.061617788,12683392329513.104,MLB,MLB,adaboost
MLB,Tyler Chatwood,2011,480000,4876435.593110964,19328645924372.953,MLB,MLB,adaboost
MLB,Juan Nicasio,2011,480000,4529609.3389009945,16399335797714.15,MLB,MLB,adaboost
MLB,Max Scherzer,2011,3750000,9593443.97329491,34145837469036.605,MLB,MLB,adaboost
MLB,Rick Porcello,2011,3100000,7092596.537738182,15940827113158.916,MLB,MLB,adaboost
MLB,Doug Fister,2011,507500,7750581.958013979,52462236250507.61,MLB,MLB,adaboost
MLB,J.A. Happ,2011,2350000,7085161.654034878,22421755889842.324,MLB,MLB,adaboost
MLB,Bud Norris,2011,511000,6582321.80608348,36860948473024.766,MLB,MLB,adaboost
MLB,Kyle Weiland,2011,481500,3642449.6907498967,9991602947451.867,MLB,MLB,adaboost
MLB,Jordan Lyles,2011,480000,4321209.501963022,14754890437971.008,MLB,MLB,adaboost
MLB,Bruce Chen,2011,4500000,7339409.933814753,8062248772245.899,MLB,MLB,adaboost
MLB,Jonathan Sánchez,2011,5600000,6340562.412097649,548432686211.8877,MLB,MLB,adaboost
MLB,Luke Hochevar,2011,3510000,7099981.2111181365,12887965096181.242,MLB,MLB,adaboost
MLB,Felipe Paulino,2011,1900000,6245163.242522526,18880443604168.867,MLB,MLB,adaboost
MLB,Sean O'Sullivan,2011,493500,4074369.956721607,12822629646951.404,MLB,MLB,adaboost
MLB,Vin Mazzaro,2011,490875,3755861.657392721,10660137872952.494,MLB,MLB,adaboost
MLB,Luis Mendoza,2011,488925,5413472.070325776,24251163847854.184,MLB,MLB,adaboost
MLB,Danny Duffy,2011,487750,5011841.916973164,20467407673221.92,MLB,MLB,adaboost
MLB,Jered Weaver,2011,17000000,12841007.600613786,17297217778152.299,MLB,MLB,adaboost
MLB,C.J. Wilson,2011,15500000,17162394.780667216,2763556406789.5996,MLB,MLB,adaboost
MLB,Jerome Williams,2011,820000,6335154.364723092,30416927666724.17,MLB,MLB,adaboost
MLB,Barry Enright,2011,480000,4368785.028816404,15122649000346.6,MLB,MLB,adaboost
MLB,Brad Mills,2011,480000,5488986.802391525,25089948786532.477,MLB,MLB,adaboost
MLB,Chad Billingsley,2011,11666667,6463693.578943624,27070932420219.086,MLB,MLB,adaboost
MLB,Clayton Kershaw,2011,9500000,10247323.99458161,558493152877.4142,MLB,MLB,adaboost
MLB,Aaron Harang,2011,6000000,6881617.323541568,777249105168.5972,MLB,MLB,adaboost
MLB,Chris Capuano,2011,5000000,9561165.01869421,20804226327759.76,MLB,MLB,adaboost
MLB,Rubby De La Rosa,2011,482500,4452548.877404319,15761288088979.295,MLB,MLB,adaboost
MLB,Nathan Eovaldi,2011,480000,3990983.3201874983,12327003874634.83,MLB,MLB,adaboost
MLB,Mark Buehrle,2011,14500000,10424786.341324935,16607366363851.81,MLB,MLB,adaboost
MLB,Aníbal Sánchez,2011,8000000,9343162.577181678,1804085708741.328,MLB,MLB,adaboost
MLB,Wade LeBlanc,2011,480000,4674740.159518703,17595845005878.992,MLB,MLB,adaboost
MLB,Alex Sanabia,2011,480000,4428853.642859329,15593445092723.389,MLB,MLB,adaboost
MLB,Brad Hand,2011,480000,3935331.8362919223,11939318098892.508,MLB,MLB,adaboost
MLB,Shaun Marcum,2011,7725000,10739917.817509757,9089729446337.799,MLB,MLB,adaboost
MLB,Liván Hernández,2011,750000,6751956.928433233,36023486970767.69,MLB,MLB,adaboost
MLB,Chris Narveson,2011,500000,7193848.298988337,44807605049869.05,MLB,MLB,adaboost
MLB,Francisco Liriano,2011,5500000,6404596.065194412,818294041165.2131,MLB,MLB,adaboost
MLB,Brian Duensing,2011,515000,6689873.97769155,38129068640372.266,MLB,MLB,adaboost
MLB,Scott Diamond,2011,480000,4199225.423035248,13832637747351.72,MLB,MLB,adaboost
MLB,Liam Hendriks,2011,480000,4360437.049564223,15057791695630.691,MLB,MLB,adaboost
MLB,Mike Pelfrey,2011,5687500,6850967.021686442,1353655510551.9202,MLB,MLB,adaboost
MLB,Chris Young,2011,900000,7797067.265648727,47569536866883.21,MLB,MLB,adaboost
MLB,Dillon Gee,2011,502000,4762282.630176414,18150008088982.863,MLB,MLB,adaboost
MLB,CC Sabathia,2011,24400000,19360724.758666422,25394294957917.59,MLB,MLB,adaboost
MLB,Hiroki Kuroda,2011,10000000,11462512.948433332,2138944124335.1584,MLB,MLB,adaboost
MLB,Freddy García,2011,4000000,6136077.530306647,4562827215480.942,MLB,MLB,adaboost
MLB,Phil Hughes,2011,3200000,4143422.0257569877,890045118683.4185,MLB,MLB,adaboost
MLB,Derek Lowe,2011,1000000,5911907.912278491,24126839338704.043,MLB,MLB,adaboost
MLB,Michael Pineda,2011,528475,4978227.988612767,19800301659668.254,MLB,MLB,adaboost
MLB,Iván Nova,2011,527200,4701025.137513765,17420816278541.8,MLB,MLB,adaboost
MLB,Dellin Betances,2011,481000,4572314.5208133375,16738854508218.07,MLB,MLB,adaboost
MLB,Cole Hamels,2011,15000000,16228244.602075722,1508584802528.149,MLB,MLB,adaboost
MLB,Joel Piñeiro,2011,1500000,6320927.538050112,23241342327129.918,MLB,MLB,adaboost
MLB,Vance Worley,2011,495000,4913402.324673017,19522279102675.918,MLB,MLB,adaboost
MLB,Érik Bédard,2011,4500000,11535508.430333156,49498378873288.914,MLB,MLB,adaboost
MLB,Jeff Karstens,2011,3100000,6654974.471148478,12637843490517.4,MLB,MLB,adaboost
MLB,Charlie Morton,2011,2445000,6284427.619704721,14741204446951.457,MLB,MLB,adaboost
MLB,James McDonald,2011,502500,6511817.010106671,36111890927957.375,MLB,MLB,adaboost
MLB,Rick van den Hurk,2011,480000,3984038.7673757193,12278287683271.95,MLB,MLB,adaboost
MLB,Jeff Locke,2011,480000,3932559.432882578,11920166637586.469,MLB,MLB,adaboost
MLB,Tim Stauffer,2011,3200000,9144362.585522044,35335446548154.33,MLB,MLB,adaboost
MLB,Jason Marquis,2011,3000000,6870293.847033547,14979174462385.734,MLB,MLB,adaboost
MLB,Clayton Richard,2011,2705000,5248169.078740854,6467708963063.604,MLB,MLB,adaboost
MLB,Edinson Vólquez,2011,2237500,5367099.099060823,9794390520842.316,MLB,MLB,adaboost
MLB,Dustin Moseley,2011,2012500,6834482.850426482,23251518609807.1,MLB,MLB,adaboost
MLB,Ross Ohlendorf,2011,900000,5549824.755239777,21620870254440.656,MLB,MLB,adaboost
MLB,Jason Vargas,2011,4850000,7339759.156576238,6198900657755.218,MLB,MLB,adaboost
MLB,Kevin Millwood,2011,1000000,6644777.133971829,31863508892211.215,MLB,MLB,adaboost
MLB,Blake Beavan,2011,486500,4630802.223391544,17175240918808.096,MLB,MLB,adaboost
MLB,Tim Lincecum,2011,20250000,12509466.442737376,59915859751108.766,MLB,MLB,adaboost
MLB,Ryan Vogelsong,2011,4000000,8368795.79366005,19086376686701.75,MLB,MLB,adaboost
MLB,Madison Bumgarner,2011,560000,7085045.141021753,42576214092371.586,MLB,MLB,adaboost
MLB,Brad Penny,2011,500000,7449202.910598442,48291421092669.86,MLB,MLB,adaboost
MLB,Eric Surkamp,2011,480000,4045971.3995254026,12716152022233.158,MLB,MLB,adaboost
MLB,Jaime García,2011,6875000,8900151.787152024,4101239761005.0366,MLB,MLB,adaboost
MLB,Chris Carpenter,2011,10500000,8284086.178313788,4910274065139.993,MLB,MLB,adaboost
MLB,David Price,2011,4350000,9839159.674939014,30130873936976.582,MLB,MLB,adaboost
MLB,Jeff Niemann,2011,2750000,7245542.401751543,20209901485946.035,MLB,MLB,adaboost
MLB,Jeremy Hellickson,2011,489500,5007373.034216853,20411176753303.793,MLB,MLB,adaboost
MLB,Alex Cobb,2011,480000,4279183.44508259,14433794849389.617,MLB,MLB,adaboost
MLB,Derek Holland,2011,5700000,5834241.370103895,18020745447.370842,MLB,MLB,adaboost
MLB,Roy Oswalt,2011,5000000,7676964.617303184,7166139562293.184,MLB,MLB,adaboost
MLB,Matt Harrison,2011,2950000,5821942.29004297,8248052517337.261,MLB,MLB,adaboost
MLB,Derek Holland,2011,504700,5834241.370103895,28404011215648.9,MLB,MLB,adaboost
MLB,Alexi Ogando,2011,497600,7363534.3446579585,47141054425153.71,MLB,MLB,adaboost
MLB,Brandon Morrow,2011,6666667,7666348.52098078,999363143390.4457,MLB,MLB,adaboost
MLB,Dustin McGowan,2011,1366667,6743978.85083561,28915482741137.094,MLB,MLB,adaboost
MLB,Nelson Figueroa,2011,650000,5260079.5140556665,21252833125915.73,MLB,MLB,adaboost
MLB,Kyle Drabek,2011,485900,3960957.990078782,12076028034410.385,MLB,MLB,adaboost
MLB,Henderson Alvarez III,2011,482900,4545623.194501009,16505719755136.482,MLB,MLB,adaboost
MLB,Brett Cecil,2011,480000,4744464.359674981,18185656274938.145,MLB,MLB,adaboost
MLB,Gio González,2011,8400000,6255472.756472006,4598997098233.774,MLB,MLB,adaboost
MLB,Edwin Jackson,2011,11000000,6970416.979310812,16237539320626.598,MLB,MLB,adaboost
MLB,John Lannan,2011,5000000,6591172.304809986,2531829303594.322,MLB,MLB,adaboost
MLB,Chien-Ming Wang,2011,4000000,6877354.739757717,8279170298406.197,MLB,MLB,adaboost
MLB,Tom Gorzelanny,2011,3000000,6576977.163049839,12794765624980.078,MLB,MLB,adaboost
MLB,Jordan Zimmermann,2011,2300000,5759432.662220117,11967674344435.363,MLB,MLB,adaboost
MLB,Ross Detwiler,2011,485000,4626124.786756722,17148914499490.908,MLB,MLB,adaboost
MLB,Brandon McCarthy,2012,7750000,6233708.01265927,2299141390873.6997,MLB,MLB,adaboost
MLB,Ian Kennedy,2012,4265000,9593824.32567989,28396368693957.742,MLB,MLB,adaboost
MLB,Daniel Hudson,2012,518500,4553989.5559267495,16285175955993.873,MLB,MLB,adaboost
MLB,Wade Miley,2012,500500,6669781.259569386,38060031259674.03,MLB,MLB,adaboost
MLB,Randall Delgado,2012,495000,4530363.244197851,16284156512623.006,MLB,MLB,adaboost
MLB,Patrick Corbin,2012,494000,4747756.8157967515,18094447047937.32,MLB,MLB,adaboost
MLB,Tyler Skaggs,2012,490000,3800589.6481703063,10960003818572.393,MLB,MLB,adaboost
MLB,Bartolo Colon,2012,3000000,7575717.094588849,20937186929712.617,MLB,MLB,adaboost
MLB,Travis Blackley,2012,550000,6878157.2846908765,40045574619786.2,MLB,MLB,adaboost
MLB,Tommy Milone,2012,495000,6173294.80655467,32243031910145.742,MLB,MLB,adaboost
MLB,Jarrod Parker,2012,495000,5059277.347014092,20832627700465.996,MLB,MLB,adaboost
MLB,Dan Straily,2012,492500,4268781.321115661,14260300616207.045,MLB,MLB,adaboost
MLB,A.J. Griffin,2012,492500,4625918.97791154,17085152446959.283,MLB,MLB,adaboost
MLB,Brandon Beachy,2012,510000,5455623.021748573,24459187073249.48,MLB,MLB,adaboost
MLB,Mike Minor,2012,505000,5415431.452533545,24112337050030.7,MLB,MLB,adaboost
MLB,Julio Teheran,2012,490000,4496938.42648711,16055555553658.994,MLB,MLB,adaboost
MLB,Jason Hammel,2012,6750000,12838023.491309654,37064030030738.19,MLB,MLB,adaboost
MLB,Tommy Hunter,2012,1820000,5299117.183239342,12104256374711.252,MLB,MLB,adaboost
MLB,Jake Arrieta,2012,516500,6048827.307117848,30606645433081.816,MLB,MLB,adaboost
MLB,Chris Tillman,2012,508500,4195611.846348948,13594793767486.748,MLB,MLB,adaboost
MLB,Miguel González,2012,502000,5867868.839404715,28792548401694.504,MLB,MLB,adaboost
MLB,Jair Jurrjens,2012,490000,4100855.869070087,13038280107197.895,MLB,MLB,adaboost
MLB,Freddy García,2012,490000,7468823.963773657,48703983917341.45,MLB,MLB,adaboost
MLB,Ryan Dempster,2012,13250000,10468981.344026037,7734064764875.23,MLB,MLB,adaboost
MLB,Daniel Bard,2012,1862500,4654767.720569901,7796759023336.632,MLB,MLB,adaboost
MLB,Chris Sale,2012,600000,6923777.124290412,39990157117698.72,MLB,MLB,adaboost
MLB,Félix Doubront,2012,518500,4920709.244611626,19379446233344.06,MLB,MLB,adaboost
MLB,Edwin Jackson,2012,13000000,8902068.053857228,16793046235217.488,MLB,MLB,adaboost
MLB,Matt Garza,2012,10250000,7830516.743794855,5853899227057.053,MLB,MLB,adaboost
MLB,Scott Feldman,2012,6000000,6425969.789069589,181450261199.99033,MLB,MLB,adaboost
MLB,Jeff Samardzija,2012,2640000,8034277.856940894,29098233597882.848,MLB,MLB,adaboost
MLB,Travis Wood,2012,527500,5608815.144637401,25819763599121.414,MLB,MLB,adaboost
MLB,Brooks Raley,2012,490000,4068512.591777042,12805752369506.842,MLB,MLB,adaboost
MLB,Chris Rusin,2012,490000,4180681.172779965,13621127519112.5,MLB,MLB,adaboost
MLB,Chris Sale,2012,6500000,6923777.124290412,179587051071.85156,MLB,MLB,adaboost
MLB,Jake Peavy,2012,14500000,15748824.818473982,1559563427236.5732,MLB,MLB,adaboost
MLB,Jose Quintana,2012,500000,4494165.630503769,15953359083897.57,MLB,MLB,adaboost
MLB,Dylan Axelrod,2012,493000,3984038.7673757193,12187351675320.182,MLB,MLB,adaboost
MLB,Mat Latos,2012,5750000,7067187.613990202,1734983210449.2004,MLB,MLB,adaboost
MLB,Homer Bailey,2012,5350000,8864556.28761007,12352105898779.482,MLB,MLB,adaboost
MLB,Mike Leake,2012,3060000,5567620.6468819035,6288161308668.416,MLB,MLB,adaboost
MLB,Justin Masterson,2012,5678500,8395456.965486053,7381855152303.184,MLB,MLB,adaboost
MLB,Josh Tomlin,2012,501800,6179583.086359937,32237220775754.97,MLB,MLB,adaboost
MLB,Zach McAllister,2012,496400,5596914.385365885,26015246995324.33,MLB,MLB,adaboost
MLB,David Huff,2012,493600,5373138.217956281,23809893220495.96,MLB,MLB,adaboost
MLB,Corey Kluber,2012,491800,6301992.80554135,33758340437564.457,MLB,MLB,adaboost
MLB,Jhoulys Chacín,2012,3250000,4154454.1177280108,818037251075.1543,MLB,MLB,adaboost
MLB,Roy Oswalt,2012,2300000,7380253.790410123,25808978574976.42,MLB,MLB,adaboost
MLB,Chris Volstad,2012,1500000,5189169.263649966,13609969855859.629,MLB,MLB,adaboost
MLB,Jeff Francis,2012,1500000,6522104.369115263,25221532294286.617,MLB,MLB,adaboost
MLB,Juan Nicasio,2012,491000,5124573.1171281235,21469999831772.434,MLB,MLB,adaboost
MLB,Drew Pomeranz,2012,490000,4904866.787547474,19491048751789.75,MLB,MLB,adaboost
MLB,Edwar Cabrera,2012,490000,4698315.59449769,17709920142892.445,MLB,MLB,adaboost
MLB,Tyler Chatwood,2012,490000,3828677.9993626173,11146770783427.969,MLB,MLB,adaboost
MLB,Christian Friedrich,2012,490000,5567125.388153405,25777202207031.863,MLB,MLB,adaboost
MLB,Justin Verlander,2012,25714286,19683387.10892403,36371741434381.35,MLB,MLB,adaboost
MLB,Aníbal Sánchez,2012,16000000,10469434.151175085,30587158608188.45,MLB,MLB,adaboost
MLB,Max Scherzer,2012,6725000,11906414.115531081,26847052236624.74,MLB,MLB,adaboost
MLB,Rick Porcello,2012,5100000,5535584.543909477,189733894892.82715,MLB,MLB,adaboost
MLB,Doug Fister,2012,4000000,8699900.852709705,22089068025301.414,MLB,MLB,adaboost
MLB,Drew Smyly,2012,498000,5023882.784571725,20483614979682.71,MLB,MLB,adaboost
MLB,Bud Norris,2012,3000000,7280584.739933424,18323405715750.9,MLB,MLB,adaboost
MLB,Érik Bédard,2012,1150000,7644504.804538155,42178592656169.18,MLB,MLB,adaboost
MLB,Philip Humber,2012,850000,7098743.526804992,39046795663787.29,MLB,MLB,adaboost
MLB,Lucas Harrell,2012,500700,7294092.190397911,46150177452559.32,MLB,MLB,adaboost
MLB,Alex White,2012,497100,4581060.512563302,16678733468176.31,MLB,MLB,adaboost
MLB,Jordan Lyles,2012,490000,4969768.755938157,20068328106679.707,MLB,MLB,adaboost
MLB,Dallas Keuchel,2012,490000,4602765.408634182,16914839306457.89,MLB,MLB,adaboost
MLB,Jeremy Guthrie,2012,8333333,7096982.270527642,1528563126266.8313,MLB,MLB,adaboost
MLB,Luke Hochevar,2012,4560000,7826980.376027723,10673160777350.242,MLB,MLB,adaboost
MLB,Felipe Paulino,2012,1750000,6791003.6680115,25411717980905.395,MLB,MLB,adaboost
MLB,Luis Mendoza,2012,532000,6735085.539184742,38478270206442.86,MLB,MLB,adaboost
MLB,Danny Duffy,2012,505125,4677527.28801443,17408940853028.047,MLB,MLB,adaboost
MLB,Will Smith,2012,496500,4876434.144387254,19183823109169.305,MLB,MLB,adaboost
MLB,Joe Blanton,2012,7500000,8871322.206095265,1880524592929.985,MLB,MLB,adaboost
MLB,Jason Vargas,2012,8500000,11404230.17941439,8434552935021.338,MLB,MLB,adaboost
MLB,Tommy Hanson,2012,3725000,6188612.335559924,6069385739923.024,MLB,MLB,adaboost
MLB,Zack Greinke,2012,24500000,17853521.128122516,44175681394313.79,MLB,MLB,adaboost
MLB,Stephen Fife,2012,492500,4175350.8420183463,13563390324555.242,MLB,MLB,adaboost
MLB,Edinson Vólquez,2012,490000,7847304.953789368,54129936183053.58,MLB,MLB,adaboost
MLB,Henderson Alvarez III,2012,507900,5565609.736036668,25580427774000.098,MLB,MLB,adaboost
MLB,Nathan Eovaldi,2012,502000,4584571.100852075,16667386793512.523,MLB,MLB,adaboost
MLB,Brad Hand,2012,490000,4305615.977797409,14558925290022.875,MLB,MLB,adaboost
MLB,Kyle Lohse,2012,11000000,12900932.663711594,3613544991965.6577,MLB,MLB,adaboost
MLB,Marco Estrada,2012,1955000,9058773.447975779,50463597200165.69,MLB,MLB,adaboost
MLB,Chris Narveson,2012,840000,6598880.053372618,33164699469133.004,MLB,MLB,adaboost
MLB,Mark Rogers,2012,491000,5818717.188856845,28384570444440.68,MLB,MLB,adaboost
MLB,Wily Peralta,2012,490000,4085322.3041255763,12926342470542.844,MLB,MLB,adaboost
MLB,Kevin Correia,2012,5000000,7244694.964679422,5038655484457.151,MLB,MLB,adaboost
MLB,Mike Pelfrey,2012,4000000,5690527.045000947,2857881689879.6343,MLB,MLB,adaboost
MLB,Scott Diamond,2012,530000,6136151.01118581,31428929160219.68,MLB,MLB,adaboost
MLB,Vance Worley,2012,525000,4961526.423896133,19682766709928.61,MLB,MLB,adaboost
MLB,Liam Hendriks,2012,500000,4861406.151563863,19021863618899.11,MLB,MLB,adaboost
MLB,Shaun Marcum,2012,4000000,9983152.533018226,35798114233362.414,MLB,MLB,adaboost
MLB,Dillon Gee,2012,527375,6547671.3939336175,36243968670810.12,MLB,MLB,adaboost
MLB,Jeremy Hefner,2012,500625,4871228.4332624795,19102174370845.773,MLB,MLB,adaboost
MLB,Matt Harvey,2012,498750,4559658.566015911,16490978381541.404,MLB,MLB,adaboost
MLB,Jenrry Mejía,2012,494925,3642449.6907498967,9906911678880.232,MLB,MLB,adaboost
MLB,Daisuke Matsuzaka,2012,490000,8148864.466824582,58658204921188.19,MLB,MLB,adaboost
MLB,Hiroki Kuroda,2012,15000000,11862396.779506627,9844553969250.383,MLB,MLB,adaboost
MLB,Andy Pettitte,2012,12000000,9519563.816789273,6152563658980.998,MLB,MLB,adaboost
MLB,Phil Hughes,2012,7150000,9009928.683189958,3459334706552.7324,MLB,MLB,adaboost
MLB,Iván Nova,2012,575600,6870098.702696504,39620713918247.98,MLB,MLB,adaboost
MLB,Adam Warren,2012,490525,4068512.591777042,12801995206910.477,MLB,MLB,adaboost
MLB,Cole Hamels,2012,24000000,21444470.33781576,6530731854303.488,MLB,MLB,adaboost
MLB,John Lannan,2012,2500000,4721897.028238308,4936826404094.223,MLB,MLB,adaboost
MLB,Aaron Cook,2012,1625000,6593561.397216052,24686602357905.523,MLB,MLB,adaboost
MLB,Francisco Liriano,2012,3500000,7436247.028432107,15494040668840.59,MLB,MLB,adaboost
MLB,James McDonald,2012,3025000,7148030.15699466,16999377675487.414,MLB,MLB,adaboost
MLB,Jeff Karstens,2012,2500000,6871040.435683674,19105994490381.723,MLB,MLB,adaboost
MLB,Charlie Morton,2012,2000000,5808751.875204042,14506590846870.303,MLB,MLB,adaboost
MLB,Jonathan Sánchez,2012,1375000,6082103.958777082,22156827678734.88,MLB,MLB,adaboost
MLB,Jeanmar Gómez,2012,500000,4356808.377839086,14874970863369.76,MLB,MLB,adaboost
MLB,Jeff Locke,2012,497500,4538447.971793993,16329260510745.988,MLB,MLB,adaboost
MLB,Edinson Vólquez,2012,5725000,7847304.953789368,4504178316878.893,MLB,MLB,adaboost
MLB,Clayton Richard,2012,5240000,9102016.816374082,14915173889956.201,MLB,MLB,adaboost
MLB,Jason Marquis,2012,3000000,6967079.282058994,15737718030141.705,MLB,MLB,adaboost
MLB,Tim Stauffer,2012,1000000,6903678.526484746,34853420144077.098,MLB,MLB,adaboost
MLB,Eric Stults,2012,507600,6896634.121495343,40819757005631.766,MLB,MLB,adaboost
MLB,Anthony Bass,2012,503600,4392975.053899953,15127238309899.264,MLB,MLB,adaboost
MLB,Tyson Ross,2012,500500,4082160.756256138,12828293772905.291,MLB,MLB,adaboost
MLB,Joe Wieland,2012,494300,4855720.228889181,19021986412963.758,MLB,MLB,adaboost
MLB,Casey Kelly,2012,491400,4870535.423467447,19176827057067.418,MLB,MLB,adaboost
MLB,Félix Hernández,2012,25000000,20841353.260178756,17294342706625.861,MLB,MLB,adaboost
MLB,Hisashi Iwakuma,2012,7000000,7193917.592805958,37604032799.65747,MLB,MLB,adaboost
MLB,Joe Saunders,2012,6500000,7609074.454987898,1230046146706.702,MLB,MLB,adaboost
MLB,Blake Beavan,2012,506700,5331917.136077496,23282720410295.914,MLB,MLB,adaboost
MLB,Erasmo Ramírez,2012,490000,4566854.114331901,16620739469544.95,MLB,MLB,adaboost
MLB,Héctor Noesí,2012,490000,4670967.416010343,17480488533740.201,MLB,MLB,adaboost
MLB,Matt Cain,2012,22500000,15162475.017557085,53839272867973.91,MLB,MLB,adaboost
MLB,Madison Bumgarner,2012,7000000,10052962.941341588,9320582721205.082,MLB,MLB,adaboost
MLB,Yusmeiro Petit,2012,490000,5896507.226997458,29230320395575.746,MLB,MLB,adaboost
MLB,Jake Westbrook,2012,9750000,7648326.558130817,4417031256258.26,MLB,MLB,adaboost
MLB,Lance Lynn,2012,513000,5630943.038476954,26193340945094.72,MLB,MLB,adaboost
MLB,Joe Kelly,2012,493000,4307326.25433636,14549084774519.645,MLB,MLB,adaboost
MLB,David Price,2012,10112500,9719669.135013007,154316088486.4294,MLB,MLB,adaboost
MLB,Roberto Hernández,2012,3250000,6690607.247678483,11837778232777.705,MLB,MLB,adaboost
MLB,Jeff Niemann,2012,3000000,7789390.499725508,22938261358860.945,MLB,MLB,adaboost
MLB,Jeremy Hellickson,2012,503000,5297979.846859433,22991831731788.11,MLB,MLB,adaboost
MLB,Alex Cobb,2012,502200,4884509.332896953,19204635089195.742,MLB,MLB,adaboost
MLB,Chris Archer,2012,490000,4644475.1489452645,17259663763203.777,MLB,MLB,adaboost
MLB,Jake Odorizzi,2012,490000,3800589.6481703063,10960003818572.393,MLB,MLB,adaboost
MLB,Matt Harrison,2012,11000000,8443862.59440249,6533838436294.769,MLB,MLB,adaboost
MLB,Neftalí Feliz,2012,2900000,4822962.746077162,3697785722800.6206,MLB,MLB,adaboost
MLB,Colby Lewis,2012,2000000,9713665.581733191,59500636706815.25,MLB,MLB,adaboost
MLB,Martín Pérez,2012,492000,3755861.657392721,10652792918598.361,MLB,MLB,adaboost
MLB,Travis Blackley,2012,490000,6878157.2846908765,40808553493949.11,MLB,MLB,adaboost
MLB,J.A. Happ,2012,3700000,7954960.055647802,18104685075158.344,MLB,MLB,adaboost
MLB,Kyle Drabek,2012,499500,3995971.5771352765,12225313489714.848,MLB,MLB,adaboost
MLB,Drew Hutchison,2012,493200,4130018.7066173246,13226450304801.709,MLB,MLB,adaboost
MLB,Todd Redmond,2012,490000,4795970.32366227,18541380428260.152,MLB,MLB,adaboost
MLB,Dan Haren,2012,13000000,8765387.872187668,17931939873015.28,MLB,MLB,adaboost
MLB,Jordan Zimmermann,2012,5350000,6809081.149925482,2128917802067.8682,MLB,MLB,adaboost
MLB,Ross Detwiler,2012,2337500,5635055.384227532,10873871512047.986,MLB,MLB,adaboost
MLB,Chris Young,2012,2000000,5939062.332080936,15516212056018.902,MLB,MLB,adaboost
MLB,Ross Ohlendorf,2012,490000,5477561.860765531,24875773314962.92,MLB,MLB,adaboost
MLB,Bronson Arroyo,2013,11750000,9236959.54603026,6315372323288.434,MLB,MLB,adaboost
MLB,Wade Miley,2013,523500,7986139.969192586,55690995309790.72,MLB,MLB,adaboost
MLB,Patrick Corbin,2013,515000,7767063.248557973,52592421361085.22,MLB,MLB,adaboost
MLB,Randall Delgado,2013,510000,5050898.146991981,20619755981355.207,MLB,MLB,adaboost
MLB,Scott Kazmir,2013,11000000,10327817.992558856,451828651127.60675,MLB,MLB,adaboost
MLB,Tommy Milone,2013,510000,6558010.598695173,36578432201929.14,MLB,MLB,adaboost
MLB,Drew Pomeranz,2013,505000,4562362.435603226,16462189933844.139,MLB,MLB,adaboost
MLB,Dan Straily,2013,505000,4714006.480041008,17715735549027.2,MLB,MLB,adaboost
MLB,A.J. Griffin,2013,505000,6307967.648336574,33674433527640.914,MLB,MLB,adaboost
MLB,Sonny Gray,2013,502500,4541654.086228975,16314765732300.227,MLB,MLB,adaboost
MLB,Jarrod Parker,2013,500000,5084005.547137924,21013106856191.254,MLB,MLB,adaboost
MLB,Julio Teheran,2013,5400000,6371616.02583393,944037701657.32,MLB,MLB,adaboost
MLB,Ervin Santana,2013,14100000,12189371.078650432,3650502875097.415,MLB,MLB,adaboost
MLB,Kris Medlen,2013,5800000,8049524.378851519,5060359931047.3125,MLB,MLB,adaboost
MLB,Gavin Floyd,2013,4000000,6291915.470566016,5252876524219.841,MLB,MLB,adaboost
MLB,Mike Minor,2013,3850000,7585785.744156623,13956095126243.855,MLB,MLB,adaboost
MLB,Brandon Beachy,2013,1450000,4814939.412222069,11322817247925.402,MLB,MLB,adaboost
MLB,Freddy García,2013,1250000,5605796.0173044605,18972958944365.4,MLB,MLB,adaboost
MLB,Aaron Harang,2013,1000000,7548068.858407129,42877205774441.234,MLB,MLB,adaboost
MLB,David Hale,2013,502500,6588261.451972599,37036492450315.64,MLB,MLB,adaboost
MLB,Ubaldo Jiménez,2013,12500000,18290804.623515695,33533418187730.754,MLB,MLB,adaboost
MLB,Bud Norris,2013,5300000,7840747.014453285,6455395391453.283,MLB,MLB,adaboost
MLB,Alfredo Aceves,2013,1200000,5616402.625445013,19504612150037.6,MLB,MLB,adaboost
MLB,Chris Tillman,2013,546000,7045779.530258426,42247133941966.45,MLB,MLB,adaboost
MLB,Miguel González,2013,529000,6975741.156090988,41560471533637.37,MLB,MLB,adaboost
MLB,Zack Britton,2013,521500,4232831.869921939,13773984248698.28,MLB,MLB,adaboost
MLB,Chris Capuano,2013,2250000,6855195.2855655495,21207823618195.164,MLB,MLB,adaboost
MLB,Félix Doubront,2013,586000,5248432.172113369,21738273759557.79,MLB,MLB,adaboost
MLB,Allen Webster,2013,500000,3608832.803096014,9664841397605.82,MLB,MLB,adaboost
MLB,Jason Hammel,2013,6000000,6299229.6503172135,89538383628.96187,MLB,MLB,adaboost
MLB,Jeff Samardzija,2013,5345000,11845584.009435492,42257592463728.414,MLB,MLB,adaboost
MLB,Travis Wood,2013,3900000,6632660.509374013,7467433459492.241,MLB,MLB,adaboost
MLB,James McDonald,2013,1000000,5410144.868536489,19449377761478.727,MLB,MLB,adaboost
MLB,Jake Arrieta,2013,544500,4953830.224239851,19442193026395.06,MLB,MLB,adaboost
MLB,Justin Grimm,2013,505500,4638762.442411659,17083858417850.795,MLB,MLB,adaboost
MLB,Chris Rusin,2013,503500,4525661.816643166,16177785679262.256,MLB,MLB,adaboost
MLB,Jose Quintana,2013,5300000,6268376.733395471,937753497781.6836,MLB,MLB,adaboost
MLB,Jose Quintana,2013,550000,6268376.733395471,32699832465038.66,MLB,MLB,adaboost
MLB,Erik Johnson,2013,500000,4188608.423287898,13605832100350.432,MLB,MLB,adaboost
MLB,Eric Surkamp,2013,500000,4891012.326237594,19280989249170.484,MLB,MLB,adaboost
MLB,André Rienzo,2013,500000,3800589.6481703063,10893892025608.986,MLB,MLB,adaboost
MLB,Dylan Axelrod,2013,500000,5472410.643492979,24724867607522.26,MLB,MLB,adaboost
MLB,Homer Bailey,2013,17500000,15586404.366672685,3661848247889.366,MLB,MLB,adaboost
MLB,Mike Leake,2013,5925000,6138879.627317904,45744494981.64532,MLB,MLB,adaboost
MLB,Chien-Ming Wang,2013,1250000,6120855.315747028,23725231506941.082,MLB,MLB,adaboost
MLB,Tony Cingrani,2013,512500,5909207.397436678,29124450733547.766,MLB,MLB,adaboost
MLB,Jair Jurrjens,2013,500000,5634392.976672992,26361991238908.95,MLB,MLB,adaboost
MLB,Pedro Villarreal,2013,500000,4429754.403898721,15442969674961.389,MLB,MLB,adaboost
MLB,David Holmberg,2013,500000,3932559.432882578,11782464260271.166,MLB,MLB,adaboost
MLB,Justin Masterson,2013,9762500,11204824.646760272,2080300386652.143,MLB,MLB,adaboost
MLB,Shaun Marcum,2013,1000000,5826692.855565628,23296963921968.277,MLB,MLB,adaboost
MLB,Corey Kluber,2013,514000,7635071.093588897,50709653519947.37,MLB,MLB,adaboost
MLB,Zach McAllister,2013,504500,5114435.396413059,21251504359102.027,MLB,MLB,adaboost
MLB,Danny Salazar,2013,501500,5740969.988541727,27452045760829.445,MLB,MLB,adaboost
MLB,Juan Nicasio,2013,2025000,6295685.606650958,18238755550855.66,MLB,MLB,adaboost
MLB,Tyler Chatwood,2013,502000,4675727.913866162,17420004698985.588,MLB,MLB,adaboost
MLB,Jordan Lyles,2013,502000,4695772.756247708,17587729931045.494,MLB,MLB,adaboost
MLB,Chris Capuano,2013,500000,6855195.2855655495,40388507117674.586,MLB,MLB,adaboost
MLB,Chad Bettis,2013,500000,4045971.3995254026,12573913166252.143,MLB,MLB,adaboost
MLB,Max Scherzer,2013,15525000,14983040.70857289,293719873564.1745,MLB,MLB,adaboost
MLB,Rick Porcello,2013,8500000,5261510.568502642,10487813797920.08,MLB,MLB,adaboost
MLB,Scott Feldman,2013,10000000,10274444.27410436,75319659588.66936,MLB,MLB,adaboost
MLB,Lucas Harrell,2013,509700,6323706.28056501,33802669030449.387,MLB,MLB,adaboost
MLB,Dallas Keuchel,2013,508700,5416827.043340766,24089711073572.97,MLB,MLB,adaboost
MLB,Brad Peacock,2013,504300,4688023.656062654,17503543630298.262,MLB,MLB,adaboost
MLB,Brett Oberholtzer,2013,503600,4751485.397778206,18044530352657.305,MLB,MLB,adaboost
MLB,Jarred Cosart,2013,500000,4006796.2804870093,12297620152837.523,MLB,MLB,adaboost
MLB,Collin McHugh,2013,500000,4439308.1672907695,15518148836883.762,MLB,MLB,adaboost
MLB,Jason Vargas,2013,8000000,7309802.386925653,476372745093.52655,MLB,MLB,adaboost
MLB,Danny Duffy,2013,526000,4098408.695489622,12762103887609.863,MLB,MLB,adaboost
MLB,Yordano Ventura,2013,500500,4002468.1408142806,12263780859278.229,MLB,MLB,adaboost
MLB,Héctor Santiago,2013,530000,5069757.980387607,20609402520492.96,MLB,MLB,adaboost
MLB,Tyler Skaggs,2013,502250,4886180.543559263,19218847010751.82,MLB,MLB,adaboost
MLB,Matt Shoemaker,2013,500500,6075261.939913211,31077970686704.91,MLB,MLB,adaboost
MLB,Clayton Kershaw,2013,30714286,23794080.003025677,47889251040559.38,MLB,MLB,adaboost
MLB,Paul Maholm,2013,1500000,6561566.473972195,25619455170439.316,MLB,MLB,adaboost
MLB,Dan Haren,2013,1000000,7917367.892206722,47849978556132.47,MLB,MLB,adaboost
MLB,Kevin Slowey,2013,800000,6808237.175588144,36098913958119.4,MLB,MLB,adaboost
MLB,José Fernández,2013,635000,6903043.423343771,39288368356923.1,MLB,MLB,adaboost
MLB,Henderson Alvarez III,2013,525400,4613500.988519633,16712569692335.201,MLB,MLB,adaboost
MLB,Nathan Eovaldi,2013,517000,4689757.574749492,17411905777629.264,MLB,MLB,adaboost
MLB,Tom Koehler,2013,515000,5546078.937077401,25311755271103.875,MLB,MLB,adaboost
MLB,Brian Flynn,2013,500000,4192204.011154584,13632370459986,MLB,MLB,adaboost
MLB,Matt Garza,2013,12500000,10250886.366110735,5058512138146.576,MLB,MLB,adaboost
MLB,Marco Estrada,2013,3325000,10449375.820396466,50756730830249.82,MLB,MLB,adaboost
MLB,Wily Peralta,2013,515000,6736472.4588384265,38706719556085.055,MLB,MLB,adaboost
MLB,Johnny Hellweg,2013,500000,3642449.6907498967,9874990058894.121,MLB,MLB,adaboost
MLB,Ricky Nolasco,2013,12250000,12666592.479636429,173549294089.62842,MLB,MLB,adaboost
MLB,Phil Hughes,2013,8000000,7042256.138698748,917273303860.2312,MLB,MLB,adaboost
MLB,Mike Pelfrey,2013,5500000,6484434.535062813,969111353824.3372,MLB,MLB,adaboost
MLB,Scott Diamond,2013,542500,5771348.918408682,27340861011543.64,MLB,MLB,adaboost
MLB,Vance Worley,2013,527500,4465541.470714742,15508170625069.13,MLB,MLB,adaboost
MLB,Kyle Gibson,2013,502500,4119419.903279115,13082109586736.602,MLB,MLB,adaboost
MLB,Bartolo Colon,2013,10000000,10786132.27612946,618003955572.4855,MLB,MLB,adaboost
MLB,Dillon Gee,2013,3625000,9826300.239959562,38456124666122.52,MLB,MLB,adaboost
MLB,John Lannan,2013,1500000,5539639.257459449,16318685330407.525,MLB,MLB,adaboost
MLB,Daisuke Matsuzaka,2013,1500000,7515561.55248058,36186980791682.57,MLB,MLB,adaboost
MLB,Matt Harvey,2013,546625,5698830.43612822,26545220856069.176,MLB,MLB,adaboost
MLB,Zack Wheeler,2013,512375,4401468.907480423,15125051421201.348,MLB,MLB,adaboost
MLB,Jenrry Mejía,2013,509675,5096489.452194245,21038866818857.99,MLB,MLB,adaboost
MLB,Hiroki Kuroda,2013,16000000,11092633.572610024,24082245252674.254,MLB,MLB,adaboost
MLB,Iván Nova,2013,3300000,5790095.796536786,6200577075930.169,MLB,MLB,adaboost
MLB,Alfredo Aceves,2013,1200000,5616402.625445013,19504612150037.6,MLB,MLB,adaboost
MLB,David Phelps,2013,541425,5445075.044815707,24045783762021.086,MLB,MLB,adaboost
MLB,A.J. Burnett,2013,11250000,18841557.746359017,57631749016303.59,MLB,MLB,adaboost
MLB,Miguel González,2013,4000000,6975741.156090988,8855035428053.729,MLB,MLB,adaboost
MLB,Kyle Kendrick,2013,7675000,6925845.726805268,561232125045.9274,MLB,MLB,adaboost
MLB,Roberto Hernández,2013,4500000,6530840.657074958,4124313774428.6475,MLB,MLB,adaboost
MLB,Jonathan Pettibone,2013,500000,4573016.028383029,16589459567465.06,MLB,MLB,adaboost
MLB,Ethan Martin,2013,500000,4549424.589642073,16397839507197.871,MLB,MLB,adaboost
MLB,Charlie Morton,2013,7000000,7481032.441900689,231392210160.93988,MLB,MLB,adaboost
MLB,Edinson Vólquez,2013,5000000,8633672.537561832,13203576110231.043,MLB,MLB,adaboost
MLB,Jeff Locke,2013,513000,5599020.088804496,25867600343722.9,MLB,MLB,adaboost
MLB,Gerrit Cole,2013,512500,5485860.456344855,24734314228734.703,MLB,MLB,adaboost
MLB,Brandon Cumpton,2013,507000,4688233.435096325,17482713038767.416,MLB,MLB,adaboost
MLB,Phil Irwin,2013,500000,4757618.001376783,18127311045647.63,MLB,MLB,adaboost
MLB,Ian Kennedy,2013,6100000,9863695.623371707,14165404745387.344,MLB,MLB,adaboost
MLB,Eric Stults,2013,2750000,8954582.256199075,38496840973940.41,MLB,MLB,adaboost
MLB,Andrew Cashner,2013,2400000,5883731.854967286,12136387637313.807,MLB,MLB,adaboost
MLB,Robbie Erlin,2013,504500,3889289.2359913117,11456798172082.648,MLB,MLB,adaboost
MLB,Burch Smith,2013,500000,4790516.61988481,18408532865507.777,MLB,MLB,adaboost
MLB,Erasmo Ramírez,2013,511800,3959118.0651107035,11884001842038.604,MLB,MLB,adaboost
MLB,Brandon Maurer,2013,504600,4289145.331328817,14322783364882.742,MLB,MLB,adaboost
MLB,James Paxton,2013,503500,5824683.133445281,28314989939662.535,MLB,MLB,adaboost
MLB,Taijuan Walker,2013,502400,4227167.691853396,13873894358274.873,MLB,MLB,adaboost
MLB,Tim Lincecum,2013,17500000,15244859.830414576,5085657184477.772,MLB,MLB,adaboost
MLB,Tim Hudson,2013,11500000,7667077.856240803,14691292160119.596,MLB,MLB,adaboost
MLB,Ryan Vogelsong,2013,5000000,6501750.811293513,2255255499220.723,MLB,MLB,adaboost
MLB,Yusmeiro Petit,2013,845000,8355753.026028741,56411411017999.89,MLB,MLB,adaboost
MLB,Adam Wainwright,2013,19500000,15922832.893495273,12796124507859.402,MLB,MLB,adaboost
MLB,Lance Lynn,2013,535000,7888230.643734748,54070000899959.73,MLB,MLB,adaboost
MLB,Shelby Miller,2013,521000,6082212.03519811,30927079300432.305,MLB,MLB,adaboost
MLB,Michael Wacha,2013,510000,4483739.034877211,15790601917306.867,MLB,MLB,adaboost
MLB,Tyler Lyons,2013,500000,4208352.459654431,13751877965025.066,MLB,MLB,adaboost
MLB,Chris Archer,2013,4250000,4784613.894525095,285812016219.2893,MLB,MLB,adaboost
MLB,David Price,2013,14000000,10085052.483261758,15326814058814.924,MLB,MLB,adaboost
MLB,Jeremy Hellickson,2013,3625000,7456289.969317409,14678782828992.195,MLB,MLB,adaboost
MLB,Érik Bédard,2013,1150000,7223397.1444187295,36886152873833.58,MLB,MLB,adaboost
MLB,Alex Cobb,2013,516900,4901187.8210696075,19221979697979.285,MLB,MLB,adaboost
MLB,Chris Archer,2013,511200,4784613.894525095,18262066313920.14,MLB,MLB,adaboost
MLB,Jake Odorizzi,2013,503100,3884202.283918062,11431852654315.938,MLB,MLB,adaboost
MLB,Alex Colomé,2013,500000,3894035.4697487443,11519476769912.58,MLB,MLB,adaboost
MLB,Enny Romero,2013,500000,5453740.373070465,24539543683788.312,MLB,MLB,adaboost
MLB,Nate Karns,2013,500000,4719014.433161428,17800082787224.45,MLB,MLB,adaboost
MLB,Martín Pérez,2013,3125000,5247526.105352712,4505117067903.751,MLB,MLB,adaboost
MLB,Alexi Ogando,2013,2625000,6756250.014606823,17067226683188.877,MLB,MLB,adaboost
MLB,Tommy Hanson,2013,2000000,4183563.7614094103,4767950700140.412,MLB,MLB,adaboost
MLB,Scott Baker,2013,1000000,8359972.907747697,54169201202780.09,MLB,MLB,adaboost
MLB,Nick Tepesch,2013,505071,4775571.654441161,18237175839582.387,MLB,MLB,adaboost
MLB,Joe Saunders,2013,500000,6700739.583369512,38449171380765.51,MLB,MLB,adaboost
MLB,R.A. Dickey,2013,12500000,12006119.38681755,243918060077.47253,MLB,MLB,adaboost
MLB,J.A. Happ,2013,5400000,7866875.79128747,6085476169640.18,MLB,MLB,adaboost
MLB,Todd Redmond,2013,505700,7094399.4894964965,43410960962891.39,MLB,MLB,adaboost
MLB,Liam Hendriks,2013,500000,3900726.9233922376,11564943607484.834,MLB,MLB,adaboost
MLB,Sean Nolin,2013,500000,4372016.137532109,14992508969309.074,MLB,MLB,adaboost
MLB,Jordan Zimmermann,2013,12000000,9202750.724500472,7824603509282.636,MLB,MLB,adaboost
MLB,Doug Fister,2013,7200000,11695458.869231619,20209150444953.227,MLB,MLB,adaboost
MLB,Stephen Strasburg,2013,3975000,5658462.9475356415,2834047495725.39,MLB,MLB,adaboost
MLB,Ross Detwiler,2013,3000000,5379888.693812515,5663870194936.637,MLB,MLB,adaboost
MLB,Taylor Jordan,2013,504300,4652046.816873974,17203803656888.186,MLB,MLB,adaboost
MLB,Jeremy Hellickson,2014,4275000,6102847.51221877,3341026527924.345,MLB,MLB,adaboost
MLB,Rubby De La Rosa,2014,516000,4448451.189374905,15464172356816.105,MLB,MLB,adaboost
MLB,Chase Anderson,2014,512500,6392213.927471062,34571035868897.184,MLB,MLB,adaboost
MLB,Robbie Ray,2014,508500,3642449.6907498967,9821640664151.373,MLB,MLB,adaboost
MLB,Allen Webster,2014,507500,3800589.6481703063,10844439430886.432,MLB,MLB,adaboost
MLB,Jhoulys Chacín,2014,507500,4460655.910384788,15627441651810.184,MLB,MLB,adaboost
MLB,Andrew Chafin,2014,507500,3908375.813880824,11565956301439.557,MLB,MLB,adaboost
MLB,Jesse Chavez,2014,2150000,9359218.176619496,51972826718100.93,MLB,MLB,adaboost
MLB,Drew Pomeranz,2014,517500,4471387.946793585,15633229895799.592,MLB,MLB,adaboost
MLB,Sonny Gray,2014,512500,6644240.42352515,37598240621492.38,MLB,MLB,adaboost
MLB,Chris Bassitt,2014,507500,3862284.446249309,11254578680796.283,MLB,MLB,adaboost
MLB,Brad Mills,2014,507500,6247736.671667862,32950317046760.53,MLB,MLB,adaboost
MLB,Jesse Hahn,2014,507500,4494446.636314087,15895743480816.209,MLB,MLB,adaboost
MLB,Mike Minor,2014,5600000,6035150.556891168,189356007162.69324,MLB,MLB,adaboost
MLB,Eric Stults,2014,2000000,7131855.116482738,26335936936570.062,MLB,MLB,adaboost
MLB,Shelby Miller,2014,535000,5182501.3879643,21599269151130.094,MLB,MLB,adaboost
MLB,Alex Wood,2014,520000,5330517.108869147,23141074854722.773,MLB,MLB,adaboost
MLB,Edwin Jackson,2014,507500,7834772.336133269,53688919887863.89,MLB,MLB,adaboost
MLB,Bud Norris,2014,8800000,8039310.400434562,578648666887.0264,MLB,MLB,adaboost
MLB,Chris Tillman,2014,4315000,6737488.923381503,5868452583906.072,MLB,MLB,adaboost
MLB,Miguel González,2014,3275000,7968823.108285672,22031975371876.566,MLB,MLB,adaboost
MLB,Kevin Gausman,2014,522000,5049701.726483394,20500082924000.71,MLB,MLB,adaboost
MLB,Wade Miley,2014,6416667,9389707.963681063,8838972571725.621,MLB,MLB,adaboost
MLB,Rick Porcello,2014,12500000,6470343.5787321525,36356756558536.586,MLB,MLB,adaboost
MLB,Joe Kelly,2014,603000,4791814.675965079,17546168389580.432,MLB,MLB,adaboost
MLB,Brandon Workman,2014,539500,4250702.854185888,13773026624917.479,MLB,MLB,adaboost
MLB,Jon Lester,2014,25833333,25228866.545441873,365379694686.0718,MLB,MLB,adaboost
MLB,Jason Hammel,2014,10000000,11067603.028337857,1139776226116.1626,MLB,MLB,adaboost
MLB,Travis Wood,2014,5685000,8243920.375093669,6548073486069.522,MLB,MLB,adaboost
MLB,Tsuyoshi Wada,2014,4000000,7771767.517359017,14226230205004.605,MLB,MLB,adaboost
MLB,Jake Arrieta,2014,3630000,10304038.056473484,44542783979256.36,MLB,MLB,adaboost
MLB,Félix Doubront,2014,1925000,4336163.954358487,5813711614797.658,MLB,MLB,adaboost
MLB,Kyle Hendricks,2014,510000,4677607.084686991,17368948812333.2,MLB,MLB,adaboost
MLB,Dallas Beeler,2014,508000,4217465.51590718,13760134413704.518,MLB,MLB,adaboost
MLB,Trevor Cahill,2014,507500,5220953.607816868,22216644913041.855,MLB,MLB,adaboost
MLB,Jeff Samardzija,2014,9800000,16222853.58324348,41253048151783.61,MLB,MLB,adaboost
MLB,Héctor Noesí,2014,1950000,6114586.878561891,17343783869089.871,MLB,MLB,adaboost
MLB,Erik Johnson,2014,510000,4012354.5118715204,12266487126826.797,MLB,MLB,adaboost
MLB,Scott Carroll,2014,507500,6156645.971745582,31912850210089.34,MLB,MLB,adaboost
MLB,Mike Leake,2014,9775000,8805112.773361258,940681232396.9901,MLB,MLB,adaboost
MLB,Tony Cingrani,2014,525500,4110785.4274186366,12854271596060.436,MLB,MLB,adaboost
MLB,David Holmberg,2014,507500,3814765.146791569,10938002751182.258,MLB,MLB,adaboost
MLB,Dylan Axelrod,2014,507500,7288437.1215852555,45981108246892.93,MLB,MLB,adaboost
MLB,Corey Kluber,2014,7700000,8614657.638942208,836598596475.3348,MLB,MLB,adaboost
MLB,Gavin Floyd,2014,4000000,7843770.109166356,14774568652120.738,MLB,MLB,adaboost
MLB,Trevor Bauer,2014,1940000,5271157.289923216,11096608890208.586,MLB,MLB,adaboost
MLB,Josh Tomlin,2014,1500000,8289381.728178502,46095704250924.1,MLB,MLB,adaboost
MLB,Bruce Chen,2014,1000000,5295405.724222213,18450510335680.953,MLB,MLB,adaboost
MLB,Corey Kluber,2014,601000,8614657.638942208,64218708754176.805,MLB,MLB,adaboost
MLB,Zach McAllister,2014,520400,5743414.784372872,27279883437777.598,MLB,MLB,adaboost
MLB,Danny Salazar,2014,507500,4966314.051869351,19881022749147.582,MLB,MLB,adaboost
MLB,Jhoulys Chacín,2014,505700,4460655.910384788,15641676253087.568,MLB,MLB,adaboost
MLB,Jorge De La Rosa,2014,12500000,11031612.394140841,2156162161040.7915,MLB,MLB,adaboost
MLB,Jhoulys Chacín,2014,5500000,4460655.910384788,1080236136618.0735,MLB,MLB,adaboost
MLB,Kyle Kendrick,2014,5500000,7911062.617329017,5813222944681.451,MLB,MLB,adaboost
MLB,Jordan Lyles,2014,2475000,4517973.336921934,4173740055373.9424,MLB,MLB,adaboost
MLB,Tyler Chatwood,2014,1000000,4092808.9692243277,9565467320114.45,MLB,MLB,adaboost
MLB,Tyler Matzek,2014,509500,4638762.442411659,17050808318311.502,MLB,MLB,adaboost
MLB,Christian Bergman,2014,509500,4977190.572653512,19960259052977.062,MLB,MLB,adaboost
MLB,Eddie Butler,2014,509500,4126409.0810653525,13082031300693.014,MLB,MLB,adaboost
MLB,Yohan Flande,2014,507500,5153056.001147159,21581190559794.387,MLB,MLB,adaboost
MLB,David Price,2014,19750000,13402635.656502424,40289034109104.414,MLB,MLB,adaboost
MLB,Alfredo Simón,2014,5500000,8278395.129115776,7719479493494.2705,MLB,MLB,adaboost
MLB,Shane Greene,2014,515000,4762109.533910798,18037939393035.996,MLB,MLB,adaboost
MLB,Drew VerHagen,2014,507500,3766972.7605164233,10624162676548.553,MLB,MLB,adaboost
MLB,Randy Wolf,2014,507500,5647475.62570379,26419349432829.07,MLB,MLB,adaboost
MLB,Kyle Lobstein,2014,507500,3894097.6354139866,11469043544191.605,MLB,MLB,adaboost
MLB,Buck Farmer,2014,507500,4436012.622999249,15433211429064.44,MLB,MLB,adaboost
MLB,Dallas Keuchel,2014,524500,6583365.961905152,36709856744332.836,MLB,MLB,adaboost
MLB,Collin McHugh,2014,516300,7798275.117269646,53027161608534.28,MLB,MLB,adaboost
MLB,Brad Peacock,2014,515800,5759441.582247536,27495777043075.44,MLB,MLB,adaboost
MLB,Brett Oberholtzer,2014,515800,5447781.841282494,24324444882740.26,MLB,MLB,adaboost
MLB,Dan Straily,2014,507500,4536815.439747541,16235382912987.922,MLB,MLB,adaboost
MLB,Yordano Ventura,2014,4800000,5771884.525985999,944559531851.03,MLB,MLB,adaboost
MLB,Edinson Vólquez,2014,10000000,8123015.654919082,3523070231678.8413,MLB,MLB,adaboost
MLB,Danny Duffy,2014,2425000,5140681.125875989,7374923977439.079,MLB,MLB,adaboost
MLB,Franklin Morales,2014,1850000,5853142.619298746,16025150830446.023,MLB,MLB,adaboost
MLB,Chris Young,2014,675000,7436758.575120489,45721379028215.47,MLB,MLB,adaboost
MLB,Yordano Ventura,2014,535675,5771884.525985999,27417890200026.52,MLB,MLB,adaboost
MLB,Brian Flynn,2014,508450,4464960.43646001,15653974833816.977,MLB,MLB,adaboost
MLB,Aaron Brooks,2014,507500,3608832.803096014,9618265155559.38,MLB,MLB,adaboost
MLB,Yohan Pino,2014,507500,7448707.38395273,48180359947039.91,MLB,MLB,adaboost
MLB,Garrett Richards,2014,3200000,7108536.29643405,15276655980542.402,MLB,MLB,adaboost
MLB,Héctor Santiago,2014,2290000,5371454.947450813,9495364593169.092,MLB,MLB,adaboost
MLB,Matt Shoemaker,2014,517500,7407313.848536662,47469534867487.57,MLB,MLB,adaboost
MLB,Tyler Skaggs,2014,515000,4958937.241976652,19748578210627.055,MLB,MLB,adaboost
MLB,Andrew Heaney,2014,509250,4042163.2584714284,12481476091883.205,MLB,MLB,adaboost
MLB,Nick Tropeano,2014,507500,3861888.8114388264,11251924298305.982,MLB,MLB,adaboost
MLB,Mat Latos,2014,507500,5214135.276206172,22152415623228.35,MLB,MLB,adaboost
MLB,Brandon McCarthy,2014,12000000,11343637.54322567,430811674662.8339,MLB,MLB,adaboost
MLB,Brett Anderson,2014,10000000,4752083.383007013,27540628818911.113,MLB,MLB,adaboost
MLB,Mike Bolsinger,2014,507500,6238555.722474321,32844999694105.66,MLB,MLB,adaboost
MLB,Mat Latos,2014,9400000,5214135.276206172,17521463485901.58,MLB,MLB,adaboost
MLB,Henderson Alvarez III,2014,4000000,6274449.4837111905,5173120453954.102,MLB,MLB,adaboost
MLB,David Phelps,2014,1400000,5406327.270333716,16050658197019.602,MLB,MLB,adaboost
MLB,José Fernández,2014,651000,6753454.795614303,37239954532516.01,MLB,MLB,adaboost
MLB,Tom Koehler,2014,555000,7372626.72140415,46480034112403.9,MLB,MLB,adaboost
MLB,Jarred Cosart,2014,540000,5698747.741745259,26612678262961.805,MLB,MLB,adaboost
MLB,Brad Hand,2014,520000,4356808.377839086,14721098528256.195,MLB,MLB,adaboost
MLB,André Rienzo,2014,507500,4250702.854185888,14011567607585.375,MLB,MLB,adaboost
MLB,Wily Peralta,2014,525500,7036020.71394284,42386879966678.78,MLB,MLB,adaboost
MLB,Jimmy Nelson,2014,511500,4267016.667060058,14103905436565.883,MLB,MLB,adaboost
MLB,Ervin Santana,2014,13750000,11908372.05040917,3391593504714.125,MLB,MLB,adaboost
MLB,Phil Hughes,2014,14000000,13070396.241907585,864163147059.5404,MLB,MLB,adaboost
MLB,Tommy Milone,2014,2775000,5133049.393309697,5560396941288.229,MLB,MLB,adaboost
MLB,Kyle Gibson,2014,537500,6505163.87336039,35613012105410.734,MLB,MLB,adaboost
MLB,Trevor May,2014,510000,4839534.331774754,18744867530016.27,MLB,MLB,adaboost
MLB,Logan Darnell,2014,507500,4520686.838458555,16105668600376.97,MLB,MLB,adaboost
MLB,Dillon Gee,2014,5300000,6221950.602694649,849992913809.027,MLB,MLB,adaboost
MLB,Jacob deGrom,2014,556875,5775997.383823679,27239238457329.36,MLB,MLB,adaboost
MLB,Zack Wheeler,2014,546250,5509367.640007182,24632536708550.46,MLB,MLB,adaboost
MLB,Rafael Montero,2014,511000,4436012.622999249,15405724090703.445,MLB,MLB,adaboost
MLB,Nathan Eovaldi,2014,3300000,5381740.363830748,4333642942402.1753,MLB,MLB,adaboost
MLB,Iván Nova,2014,3300000,5145186.494983269,3404713201268.641,MLB,MLB,adaboost
MLB,Michael Pineda,2014,2100000,5083995.113604213,8904226838013.82,MLB,MLB,adaboost
MLB,Chase Whitley,2014,524525,4331908.122578534,14496166242095.871,MLB,MLB,adaboost
MLB,Aaron Harang,2014,5000000,9158279.04525801,17291284618231.865,MLB,MLB,adaboost
MLB,Kevin Correia,2014,650000,6141568.446142858,30157323998671.883,MLB,MLB,adaboost
MLB,David Buchanan,2014,512500,5240320.659680176,22352288190098.69,MLB,MLB,adaboost
MLB,Jonathan Pettibone,2014,510000,4323623.509460666,14543724271911.088,MLB,MLB,adaboost
MLB,Sean O'Sullivan,2014,507500,4439308.1672907695,15459115464374.4,MLB,MLB,adaboost
MLB,Francisco Liriano,2014,13000000,14970805.530048804,3884074437270.9487,MLB,MLB,adaboost
MLB,A.J. Burnett,2014,8500000,10588300.511192437,4360999025046.5947,MLB,MLB,adaboost
MLB,Vance Worley,2014,2450000,5351699.526628601,8419860142836.649,MLB,MLB,adaboost
MLB,Gerrit Cole,2014,531000,4993434.462328689,19913321330578.74,MLB,MLB,adaboost
MLB,Jeff Locke,2014,531000,5226241.956686575,22045297031829.977,MLB,MLB,adaboost
MLB,Brandon Cumpton,2014,520500,4228617.708313614,13750136938709.01,MLB,MLB,adaboost
MLB,James Shields,2014,18750000,13393163.039084818,28695702225827,MLB,MLB,adaboost
MLB,Ian Kennedy,2014,9850000,16110657.26690716,39195829413677.42,MLB,MLB,adaboost
MLB,Tyson Ross,2014,5250000,8922452.76466616,13486909308704.127,MLB,MLB,adaboost
MLB,Andrew Cashner,2014,4050000,5622028.087070952,2471272306539.957,MLB,MLB,adaboost
MLB,Joe Wieland,2014,590000,4068512.591777042,12100049851151.434,MLB,MLB,adaboost
MLB,Odrisamer Despaigne,2014,517300,5140780.886181428,21376575504885.004,MLB,MLB,adaboost
MLB,Bud Norris,2014,507500,8039310.400434562,56728167908094.234,MLB,MLB,adaboost
MLB,Robbie Erlin,2014,507500,4260026.363095096,14081454105723.71,MLB,MLB,adaboost
MLB,Erasmo Ramírez,2014,522800,4089760.45007349,12723206852388.475,MLB,MLB,adaboost
MLB,James Paxton,2014,519000,4212036.081912112,13638515502304.768,MLB,MLB,adaboost
MLB,Taijuan Walker,2014,513100,4338525.352623744,14633879128496.496,MLB,MLB,adaboost
MLB,Roenis Elías,2014,507500,5628941.814369137,26229166257968.64,MLB,MLB,adaboost
MLB,Jake Peavy,2014,12000000,9900135.87798404,4409429330929.86,MLB,MLB,adaboost
MLB,Ryan Vogelsong,2014,4000000,9165696.574850574,26684421103422.953,MLB,MLB,adaboost
MLB,Kevin Correia,2014,850000,6141568.446142858,28000696620214.74,MLB,MLB,adaboost
MLB,Lance Lynn,2014,7833333,8856905.240093945,1047700130690.9358,MLB,MLB,adaboost
MLB,Michael Wacha,2014,520000,4837931.701596807,18644534179654.695,MLB,MLB,adaboost
MLB,Marco Gonzales,2014,507500,4393270.923596151,15099215670665.285,MLB,MLB,adaboost
MLB,Alex Cobb,2014,4000000,6039860.187743708,4161029585541.794,MLB,MLB,adaboost
MLB,Drew Smyly,2014,2650000,5123971.282496195,6120533906615.869,MLB,MLB,adaboost
MLB,Jake Odorizzi,2014,522000,5413209.132111566,23923926774051.582,MLB,MLB,adaboost
MLB,Alex Colomé,2014,510800,4315608.1571484255,14476565112703.197,MLB,MLB,adaboost
MLB,Nate Karns,2014,508800,5689490.25716835,26839551540719.062,MLB,MLB,adaboost
MLB,Colby Lewis,2014,4000000,6811763.623445137,7906014674129.328,MLB,MLB,adaboost
MLB,Nick Tepesch,2014,517760,4463231.166695673,15566742727226.916,MLB,MLB,adaboost
MLB,Tanner Scheppers,2014,515200,4842791.117548337,18728044880683.266,MLB,MLB,adaboost
MLB,Nick Martinez,2014,515000,4634511.486746859,16970374889439.314,MLB,MLB,adaboost
MLB,Anthony Ranaudo,2014,508500,4016980.4886047193,12309435338920.01,MLB,MLB,adaboost
MLB,Lisalverto Bonilla,2014,508500,4389351.507497118,15061008423242.652,MLB,MLB,adaboost
MLB,Wandy Rodríguez,2014,507500,6304521.808606696,33605461849461.652,MLB,MLB,adaboost
MLB,Drew Hutchison,2014,520100,5359922.927254378,23423885967177.137,MLB,MLB,adaboost
MLB,Liam Hendriks,2014,518400,4500240.144078038,15855050932991.408,MLB,MLB,adaboost
MLB,Marcus Stroman,2014,514700,5489796.684698216,24751587022095.176,MLB,MLB,adaboost
MLB,Félix Doubront,2014,507500,4336163.954358487,14658667675403.969,MLB,MLB,adaboost
MLB,Max Scherzer,2014,30000000,23929813.20354177,36847167743895.82,MLB,MLB,adaboost
MLB,Doug Fister,2014,11400000,10276733.26380925,1261728160632.6184,MLB,MLB,adaboost
MLB,Stephen Strasburg,2014,7400000,8532834.340836124,1283313643777.6167,MLB,MLB,adaboost
MLB,Tanner Roark,2014,529600,7924221.459947553,54680426535916.89,MLB,MLB,adaboost
MLB,Taylor Jordan,2014,507500,4294093.13942279,14338287603523.742,MLB,MLB,adaboost
MLB,Zack Greinke,2015,34416667,28910688.004295833,30315804701135.465,MLB,MLB,adaboost
MLB,Shelby Miller,2015,4350000,6743642.555128028,5729524681719.833,MLB,MLB,adaboost
MLB,Patrick Corbin,2015,2525000,5655964.508312616,9802938752313.258,MLB,MLB,adaboost
MLB,Rubby De La Rosa,2015,2350000,5961387.263853588,13042117969523.906,MLB,MLB,adaboost
MLB,Robbie Ray,2015,521000,4949630.7142020445,19612770002773.71,MLB,MLB,adaboost
MLB,Archie Bradley,2015,507500,3914001.614813131,11604253251724.469,MLB,MLB,adaboost
MLB,Zack Godley,2015,507500,4468551.681789325,15689930425806.037,MLB,MLB,adaboost
MLB,Tyler Wagner,2015,507500,3932559.432882578,11731032118777.928,MLB,MLB,adaboost
MLB,Rich Hill,2015,6000000,14074761.474597488,65201772871643.79,MLB,MLB,adaboost
MLB,Henderson Alvarez III,2015,4250000,4294093.13942279,1944204944.1576107,MLB,MLB,adaboost
MLB,Félix Doubront,2015,2000000,4896901.646605886,8392039150107.892,MLB,MLB,adaboost
MLB,Sonny Gray,2015,527500,7247903.360605604,45163821329239.09,MLB,MLB,adaboost
MLB,Kendall Graveman,2015,512500,4631052.393032157,16962473814150.906,MLB,MLB,adaboost
MLB,Chris Bassitt,2015,510000,4599520.2069667755,16724175523189.578,MLB,MLB,adaboost
MLB,Jesse Hahn,2015,507500,4897340.14433267,19270696492794.676,MLB,MLB,adaboost
MLB,Jhoulys Chacín,2015,1100000,4675303.666430809,12782796307193.582,MLB,MLB,adaboost
MLB,Williams Pérez,2015,511250,4295547.108338236,14320904604177.133,MLB,MLB,adaboost
MLB,Roberto Hernández,2015,507500,5472911.94782435,24655315811596.8,MLB,MLB,adaboost
MLB,Mike Foltynewicz,2015,507500,4881365.161449703,19130696450543.44,MLB,MLB,adaboost
MLB,Ryan Weber,2015,507500,4451411.391056609,15554437060506.08,MLB,MLB,adaboost
MLB,Matt Wisler,2015,507500,4645832.370352925,17125794807510.857,MLB,MLB,adaboost
MLB,Manny Bañuelos,2015,507500,3932559.432882578,11731032118777.928,MLB,MLB,adaboost
MLB,Yovani Gallardo,2015,11000000,8790214.90703393,4883150157095.064,MLB,MLB,adaboost
MLB,Chris Tillman,2015,6225000,6773086.063626322,300398333141.39667,MLB,MLB,adaboost
MLB,Miguel González,2015,5100000,7159227.024077672,4240415936691.783,MLB,MLB,adaboost
MLB,Kevin Gausman,2015,532000,5334408.271965621,23063125210643.824,MLB,MLB,adaboost
MLB,Tyler Wilson,2015,511500,4021123.560284366,12317457534903.107,MLB,MLB,adaboost
MLB,Odrisamer Despaigne,2015,507500,6103768.288221326,31318218753751.65,MLB,MLB,adaboost
MLB,David Price,2015,31000000,23731948.45821674,52824573214018,MLB,MLB,adaboost
MLB,Rick Porcello,2015,20625000,12791757.666573033,61359685454192.36,MLB,MLB,adaboost
MLB,Joe Kelly,2015,2600000,6655370.764620736,16446032038540.574,MLB,MLB,adaboost
MLB,Roenis Elías,2015,558000,6546863.0116471555,35866480172275.44,MLB,MLB,adaboost
MLB,Eduardo Rodríguez,2015,521000,5011390.431424166,20163606226625.707,MLB,MLB,adaboost
MLB,Steven Wright,2015,514500,7085222.697810856,43174396771526.77,MLB,MLB,adaboost
MLB,Sean O'Sullivan,2015,507500,5478474.771632922,24710590180210.98,MLB,MLB,adaboost
MLB,Henry Owens,2015,507500,3908671.711557223,11567969011497.09,MLB,MLB,adaboost
MLB,John Lackey,2015,16000000,10337867.373133132,32059745884230.297,MLB,MLB,adaboost
MLB,Jake Arrieta,2015,10700000,17956521.359038934,52657102234188.26,MLB,MLB,adaboost
MLB,Kyle Hendricks,2015,541000,6176861.327860199,31762932906870.125,MLB,MLB,adaboost
MLB,Aaron Brooks,2015,510000,4115205.741670789,12997508439776.025,MLB,MLB,adaboost
MLB,Dallas Beeler,2015,508500,4871029.968019607,19031667721869.15,MLB,MLB,adaboost
MLB,Carlos Rodón,2015,518000,4317028.860198892,14432620280624.09,MLB,MLB,adaboost
MLB,Miguel González,2015,507500,7159227.024077672,44245472402845.195,MLB,MLB,adaboost
MLB,Chris Beck,2015,507500,3932559.432882578,11731032118777.928,MLB,MLB,adaboost
MLB,Erik Johnson,2015,507500,4637674.228119229,17058339154620.27,MLB,MLB,adaboost
MLB,Alfredo Simón,2015,2000000,8678948.4939038,44608352984219.85,MLB,MLB,adaboost
MLB,Anthony DeSclafani,2015,540000,5679914.41929455,26418720237672.03,MLB,MLB,adaboost
MLB,Michael Lorenzen,2015,516500,4404651.368330849,15117721063053.057,MLB,MLB,adaboost
MLB,Jon Moscot,2015,508000,3909557.2652908885,11570591829053.229,MLB,MLB,adaboost
MLB,Josh A. Smith,2015,507500,5540104.957127675,25327112654506.05,MLB,MLB,adaboost
MLB,John Lamb,2015,507500,4806510.80357637,18481493889266.344,MLB,MLB,adaboost
MLB,Keyvius Sampson,2015,507500,4070390.8765206477,12694191397994.068,MLB,MLB,adaboost
MLB,Josh Tomlin,2015,1833333,9232488.952494273,54747508809331.43,MLB,MLB,adaboost
MLB,Trevor Bauer,2015,1697500,5427206.132791426,13910707836981.975,MLB,MLB,adaboost
MLB,Danny Salazar,2015,536200,5722192.688748367,26894520167751.52,MLB,MLB,adaboost
MLB,Cody Anderson,2015,511400,4593437.281731973,16663028369449.758,MLB,MLB,adaboost
MLB,Jordan Lyles,2015,2975000,4165887.6276450325,1418213341678.0134,MLB,MLB,adaboost
MLB,Chad Bettis,2015,512500,6413404.33276633,34820671944460.445,MLB,MLB,adaboost
MLB,Chris Rusin,2015,512500,6366260.718472004,34266514549125.87,MLB,MLB,adaboost
MLB,Tyler Matzek,2015,509500,3800589.6481703063,10831271072293.75,MLB,MLB,adaboost
MLB,Jon Gray,2015,509500,4943418.095760377,19659629679911.33,MLB,MLB,adaboost
MLB,Yohan Flande,2015,507500,5293201.2855021125,22902936794056.57,MLB,MLB,adaboost
MLB,Eddie Butler,2015,507500,4636103.204024398,17045364416280.523,MLB,MLB,adaboost
MLB,David Hale,2015,507500,5491021.804468107,24835489575609.062,MLB,MLB,adaboost
MLB,Jordan Zimmermann,2015,22000000,13889789.322956005,65775517226038.414,MLB,MLB,adaboost
MLB,Mike Pelfrey,2015,8000000,7313523.548773006,471249918089.208,MLB,MLB,adaboost
MLB,Shane Greene,2015,517000,4753953.286658425,17951773153325.63,MLB,MLB,adaboost
MLB,Daniel Norris,2015,514500,3988255.013659361,12066973894923.547,MLB,MLB,adaboost
MLB,Matthew Boyd,2015,507500,4712041.917397244,17678172735150.492,MLB,MLB,adaboost
MLB,Dallas Keuchel,2015,7250000,13333845.845962765,37013180277438.39,MLB,MLB,adaboost
MLB,Doug Fister,2015,7000000,6310592.537420534,475282649460.25836,MLB,MLB,adaboost
MLB,Collin McHugh,2015,529000,8624548.199413182,65537900649022.016,MLB,MLB,adaboost
MLB,Dan Straily,2015,512100,4792511.279499597,18321920721667.375,MLB,MLB,adaboost
MLB,Brad Peacock,2015,507500,4608485.061595483,16818078475429.305,MLB,MLB,adaboost
MLB,Ian Kennedy,2015,14000000,10931873.28283312,9413401552593.217,MLB,MLB,adaboost
MLB,Chris Young,2015,5750000,6660557.357648586,829114701567.9749,MLB,MLB,adaboost
MLB,Danny Duffy,2015,4225000,5170064.79336853,893147463664.7031,MLB,MLB,adaboost
MLB,Dillon Gee,2015,2000000,6442143.714095371,19732640776677.016,MLB,MLB,adaboost
MLB,Garrett Richards,2015,6425000,9887399.6561501,11988211378908.336,MLB,MLB,adaboost
MLB,Héctor Santiago,2015,5000000,8234137.19769599,10459643413520.871,MLB,MLB,adaboost
MLB,Tim Lincecum,2015,2500000,6278178.293099555,14274631214448.668,MLB,MLB,adaboost
MLB,Matt Shoemaker,2015,530000,7629393.8372209575,50401392855970.914,MLB,MLB,adaboost
MLB,Andrew Heaney,2015,515000,4761769.446337237,18035050730343.484,MLB,MLB,adaboost
MLB,Nick Tropeano,2015,507500,4649533.999270768,17156445651114.992,MLB,MLB,adaboost
MLB,Scott Kazmir,2015,16000000,13042926.983111234,8744280827211.626,MLB,MLB,adaboost
MLB,Brett Anderson,2015,15800000,8530419.383489847,52846802339940.13,MLB,MLB,adaboost
MLB,Brandon Beachy,2015,1500000,5109042.863829448,13025190392958.264,MLB,MLB,adaboost
MLB,Joe Wieland,2015,590000,4288347.347276455,13677773101106.791,MLB,MLB,adaboost
MLB,Alex Wood,2015,530000,5194347.518070353,21756137769329.062,MLB,MLB,adaboost
MLB,Carlos Frías,2015,517500,4094994.0470421114,12798463656621.744,MLB,MLB,adaboost
MLB,Mike Bolsinger,2015,515000,6118823.700452216,31402840065749.97,MLB,MLB,adaboost
MLB,Zach Lee,2015,507500,4529770.514115914,16178660088726.297,MLB,MLB,adaboost
MLB,Wei-Yin Chen,2015,16000000,11711843.671053434,18388284701484.492,MLB,MLB,adaboost
MLB,Tom Koehler,2015,3500000,7614409.229874981,16928363310880.432,MLB,MLB,adaboost
MLB,José Fernández,2015,2800000,4962821.133970621,4677795257549.963,MLB,MLB,adaboost
MLB,David Phelps,2015,2500000,5579601.165070959,9483943335906.41,MLB,MLB,adaboost
MLB,Jarred Cosart,2015,550000,3941739.8035950675,11503898895291.107,MLB,MLB,adaboost
MLB,Adam Conley,2015,512500,4415444.270821789,15232973981140.629,MLB,MLB,adaboost
MLB,Jeremy Guthrie,2015,507500,6037321.514678844,30578925984205.027,MLB,MLB,adaboost
MLB,Justin Nicolino,2015,507500,4241278.841594495,13941104437938.729,MLB,MLB,adaboost
MLB,Wily Peralta,2015,2800000,5119904.372423441,5381956297189.4,MLB,MLB,adaboost
MLB,Jimmy Nelson,2015,522300,6850945.476940608,40051753572800.81,MLB,MLB,adaboost
MLB,Chase Anderson,2015,520200,6568717.559312397,36584564665310.39,MLB,MLB,adaboost
MLB,Taylor Jungmann,2015,518500,4900345.70661885,19200571796614.05,MLB,MLB,adaboost
MLB,Tyler Cravy,2015,510600,4157424.1969188033,13299326723232.475,MLB,MLB,adaboost
MLB,Ariel Peña,2015,510100,5064091.334034725,20738837070463.375,MLB,MLB,adaboost
MLB,Zach Davies,2015,507500,4046525.3007688634,12524700079482.145,MLB,MLB,adaboost
MLB,Tommy Milone,2015,4500000,6240811.976128236,3030426336231.4956,MLB,MLB,adaboost
MLB,Kyle Gibson,2015,587500,6843235.9802364465,39134232654424.85,MLB,MLB,adaboost
MLB,Tyler Duffey,2015,507500,4533819.173059161,16211246083343.805,MLB,MLB,adaboost
MLB,Bartolo Colon,2015,7250000,7825223.766074392,330882381056.8069,MLB,MLB,adaboost
MLB,Matt Harvey,2015,4325000,7254703.252925016,8583161150199.42,MLB,MLB,adaboost
MLB,Jacob deGrom,2015,607000,7988413.218235043,54485261098335.016,MLB,MLB,adaboost
MLB,Noah Syndergaard,2015,535375,5034328.872273097,20240585944841.094,MLB,MLB,adaboost
MLB,Steven Matz,2015,515750,4900777.419845074,19228465472793.152,MLB,MLB,adaboost
MLB,Nathan Eovaldi,2015,5600000,4929071.535718574,450145004183.0325,MLB,MLB,adaboost
MLB,Michael Pineda,2015,4300000,7175989.535805323,8271315810061.718,MLB,MLB,adaboost
MLB,Iván Nova,2015,4100000,5956748.702164078,3447515742987.9883,MLB,MLB,adaboost
MLB,Luis Severino,2015,521300,4432050.583200972,15293970124006.74,MLB,MLB,adaboost
MLB,Jeremy Hellickson,2015,7000000,7615144.083445408,378402243397.89154,MLB,MLB,adaboost
MLB,Brett Oberholtzer,2015,518000,4038982.2217391655,12397315805803.27,MLB,MLB,adaboost
MLB,Aaron Nola,2015,517500,5115676.849405443,21143230338408.168,MLB,MLB,adaboost
MLB,Jerad Eickhoff,2015,516000,4868704.894021594,18946039894439.535,MLB,MLB,adaboost
MLB,Alec Asher,2015,507500,4381659.874109794,15009114730162.418,MLB,MLB,adaboost
MLB,Severino González,2015,507500,5501870.837665981,24943740064128.39,MLB,MLB,adaboost
MLB,Adam Morgan,2015,507500,4590165.044211198,16668153863224.02,MLB,MLB,adaboost
MLB,Jeff Locke,2015,3025000,6359158.284357551,11116611465150.084,MLB,MLB,adaboost
MLB,Ryan Vogelsong,2015,2000000,5852708.14115111,14843360020892.04,MLB,MLB,adaboost
MLB,Gerrit Cole,2015,548000,6913249.842598798,40516405558704.02,MLB,MLB,adaboost
MLB,Kyle Lobstein,2015,520000,4094994.0470421114,12780582436386.535,MLB,MLB,adaboost
MLB,Tyson Ross,2015,9625000,10223632.374905547,358360720285.05554,MLB,MLB,adaboost
MLB,Andrew Cashner,2015,7150000,8551988.664566852,1965572215573.9456,MLB,MLB,adaboost
MLB,Jeremy Guthrie,2015,1250000,6037321.514678844,22918447284906.945,MLB,MLB,adaboost
MLB,Robbie Erlin,2015,516400,4498257.73710763,15855191038563.895,MLB,MLB,adaboost
MLB,Colin Rea,2015,510200,4188325.5423862794,13528607505554.363,MLB,MLB,adaboost
MLB,Brandon Morrow,2015,507500,7104788.803710767,43524219559567.445,MLB,MLB,adaboost
MLB,Casey Kelly,2015,507500,3995712.024847899,12167623130293.48,MLB,MLB,adaboost
MLB,Hisashi Iwakuma,2015,12000000,11955159.847368918,2010639287.9786978,MLB,MLB,adaboost
MLB,Taijuan Walker,2015,528600,5980631.188850806,29724644084201.934,MLB,MLB,adaboost
MLB,Nate Karns,2015,523700,7696556.87248962,51449875713221.57,MLB,MLB,adaboost
MLB,Mike Montgomery,2015,515000,4734583.187569623,17804882276820.22,MLB,MLB,adaboost
MLB,Donn Roach,2015,507500,4264285.169278632,14113434808111.879,MLB,MLB,adaboost
MLB,James Paxton,2015,507500,4632593.852738437,17016399293900.443,MLB,MLB,adaboost
MLB,Johnny Cueto,2015,21666667,14893660.137817685,45873621955168.734,MLB,MLB,adaboost
MLB,Jeff Samardzija,2015,18000000,10848150.491976516,51148951385415.74,MLB,MLB,adaboost
MLB,Chris Heston,2015,530000,6324841.6535407305,33580189789610.668,MLB,MLB,adaboost
MLB,Mike Leake,2015,16000000,9608918.003589535,40845929084841.98,MLB,MLB,adaboost
MLB,Carlos Martínez,2015,539000,5314615.261932187,22806501129999.63,MLB,MLB,adaboost
MLB,Michael Wacha,2015,539000,5775340.8193759695,27419265176663,MLB,MLB,adaboost
MLB,Jerome Williams,2015,507500,5867289.082873407,28727339012888.957,MLB,MLB,adaboost
MLB,Drew Smyly,2015,3750000,4998177.721989496,1557947625670.8867,MLB,MLB,adaboost
MLB,Erasmo Ramírez,2015,2375000,5883403.581666704,12308895691851.76,MLB,MLB,adaboost
MLB,Chase Whitley,2015,524525,5121840.076342401,21135305911165.137,MLB,MLB,adaboost
MLB,Jake Odorizzi,2015,520700,4982112.915818158,19904205205429.074,MLB,MLB,adaboost
MLB,Colby Lewis,2015,6000000,8578141.716836905,6646814712094.744,MLB,MLB,adaboost
MLB,Nick Martinez,2015,519190,4356808.377839086,14727314813928.295,MLB,MLB,adaboost
MLB,Anthony Ranaudo,2015,509500,4038982.2217391655,12457244753572.836,MLB,MLB,adaboost
MLB,Chi Chi González,2015,509500,4064853.806945243,12640540692560.031,MLB,MLB,adaboost
MLB,Kyle Lohse,2015,507500,6268703.400162391,33191464618042.7,MLB,MLB,adaboost
MLB,J.A. Happ,2015,12000000,9612269.602593219,5701256450700.345,MLB,MLB,adaboost
MLB,Marco Estrada,2015,13000000,7415941.143985948,31181713307428.97,MLB,MLB,adaboost
MLB,Jesse Chavez,2015,4000000,6942784.541026241,8659980854903.024,MLB,MLB,adaboost
MLB,Drew Hutchison,2015,2200000,5877332.471079031,13522774102852.213,MLB,MLB,adaboost
MLB,Marcus Stroman,2015,515900,4688233.435096325,17408366293622.703,MLB,MLB,adaboost
MLB,Stephen Strasburg,2015,10400000,5457418.255951883,24429114296597.723,MLB,MLB,adaboost
MLB,Joe Ross,2015,514400,4423061.774681201,15277636868853.998,MLB,MLB,adaboost
MLB,Mat Latos,2015,507500,6740904.339242196,38855329656483.44,MLB,MLB,adaboost
MLB,Shelby Miller,2016,4700000,4932067.934413549,53855526182.97108,MLB,MLB,adaboost
MLB,Patrick Corbin,2016,3950000,6484557.807307566,6423983278583.734,MLB,MLB,adaboost
MLB,Taijuan Walker,2016,2250000,5419010.833665219,10042629663887.527,MLB,MLB,adaboost
MLB,Jorge De La Rosa,2016,2250000,7360722.9233712945,26119488799472.832,MLB,MLB,adaboost
MLB,Robbie Ray,2016,570400,7123239.493452395,42939705426949.445,MLB,MLB,adaboost
MLB,Archie Bradley,2016,544100,4556993.2582605705,16103312302193.137,MLB,MLB,adaboost
MLB,Braden Shipley,2016,535000,4297857.412357305,14159095905732.314,MLB,MLB,adaboost
MLB,Jake Buchanan,2016,535000,6701955.402017477,38031338930472.54,MLB,MLB,adaboost
MLB,Sonny Gray,2016,3575000,6649424.401578288,9452085401020.012,MLB,MLB,adaboost
MLB,Kendall Graveman,2016,545000,5733193.480227206,26917351588272.086,MLB,MLB,adaboost
MLB,Chris Bassitt,2016,540000,4927562.094781074,19250701135559.684,MLB,MLB,adaboost
MLB,Daniel Mengden,2016,537500,4721526.027224314,17506073796490.479,MLB,MLB,adaboost
MLB,Sean Manaea,2016,537500,5727709.8732991805,26938278528892.297,MLB,MLB,adaboost
MLB,Jharel Cotton,2016,535000,6359510.867344817,33924926843817.875,MLB,MLB,adaboost
MLB,Raúl Alcantara,2016,535000,4529770.514115914,15958191460449.922,MLB,MLB,adaboost
MLB,Jesse Hahn,2016,535000,4501615.045345058,15734034917957.775,MLB,MLB,adaboost
MLB,R.A. Dickey,2016,8000000,7597265.236514284,162195289719.8954,MLB,MLB,adaboost
MLB,John Danks,2016,1500000,6336410.456339044,23390866102185.637,MLB,MLB,adaboost
MLB,Kris Medlen,2016,1000000,6086532.204769271,25872809870154.945,MLB,MLB,adaboost
MLB,Mike Foltynewicz,2016,544000,6290308.438073157,33020060665470.77,MLB,MLB,adaboost
MLB,Matt Wisler,2016,535000,4738114.149586351,17666168554452.992,MLB,MLB,adaboost
MLB,Aaron Blair,2016,535000,4316294.0630857125,14298184791527.256,MLB,MLB,adaboost
MLB,Chris Tillman,2016,10050000,6935688.378888468,9698936873390.336,MLB,MLB,adaboost
MLB,Kevin Gausman,2016,3450000,6216417.480334438,7653065675499.942,MLB,MLB,adaboost
MLB,Tyler Wilson,2016,545000,4837848.127605252,18428545046683.918,MLB,MLB,adaboost
MLB,Alec Asher,2016,535000,4688233.435096325,17249347966402.023,MLB,MLB,adaboost
MLB,Drew Pomeranz,2016,4450000,7693930.486748519,10523085002856.486,MLB,MLB,adaboost
MLB,Steven Wright,2016,593500,8342176.182739795,60041982584958.96,MLB,MLB,adaboost
MLB,Eduardo Rodríguez,2016,584500,4844488.572221514,18147502635457.89,MLB,MLB,adaboost
MLB,Jake Arrieta,2016,15637500,19606562.77232071,15753459290622.162,MLB,MLB,adaboost
MLB,Kyle Hendricks,2016,760500,8217279.9964562645,55603567915550.29,MLB,MLB,adaboost
MLB,Eddie Butler,2016,535000,4612601.438751675,16626833493309.732,MLB,MLB,adaboost
MLB,Miguel González,2016,5900000,8120167.79387677,4929145032967.644,MLB,MLB,adaboost
MLB,Carlos Rodón,2016,600000,5784490.35736854,26878940265647.37,MLB,MLB,adaboost
MLB,Lucas Giolito,2016,535000,3642449.6907498967,9656243580541.629,MLB,MLB,adaboost
MLB,Mike Pelfrey,2016,535000,6376695.302123535,34125404002852.184,MLB,MLB,adaboost
MLB,Reynaldo López,2016,535000,4470435.323293,15487651183822.283,MLB,MLB,adaboost
MLB,Anthony DeSclafani,2016,585000,6714724.983216492,37573528369868.43,MLB,MLB,adaboost
MLB,Brandon Finnegan,2016,567000,6084008.324309238,30437380850497.43,MLB,MLB,adaboost
MLB,Cody Reed,2016,537000,4954004.9668022795,19509932876756.008,MLB,MLB,adaboost
MLB,Robert Stephenson,2016,535000,4173646.1930851364,13239746118452.955,MLB,MLB,adaboost
MLB,Tim Adleman,2016,535000,5637360.417583977,26034081830927.734,MLB,MLB,adaboost
MLB,Trevor Bauer,2016,3550000,6278640.999486572,7445481704079.079,MLB,MLB,adaboost
MLB,Danny Salazar,2016,3400000,6298052.899571857,8398710608716.851,MLB,MLB,adaboost
MLB,Mike Clevinger,2016,535000,4659590.001989844,17012242684514.584,MLB,MLB,adaboost
MLB,Tyler Chatwood,2016,4400000,5367392.857718159,935848941164.107,MLB,MLB,adaboost
MLB,Chad Bettis,2016,545000,6324841.6535407305,33406569540004.445,MLB,MLB,adaboost
MLB,Jon Gray,2016,540000,5405138.898333272,23669576500075.484,MLB,MLB,adaboost
MLB,Tyler Anderson,2016,540000,7622172.652033236,50157169473207.48,MLB,MLB,adaboost
MLB,Germán Márquez,2016,537000,4259836.659663943,13859512794537.783,MLB,MLB,adaboost
MLB,Jeff Hoffman,2016,535000,4181924.558419867,13300058734805.941,MLB,MLB,adaboost
MLB,Michael Fulmer,2016,551900,5525348.145657645,24735186457545.465,MLB,MLB,adaboost
MLB,Daniel Norris,2016,545500,4432496.294142806,15108740190679.906,MLB,MLB,adaboost
MLB,Matthew Boyd,2016,544200,5289444.878555207,22517348957454.418,MLB,MLB,adaboost
MLB,Charlie Morton,2016,7000000,6994255.707435773,32996897.063436426,MLB,MLB,adaboost
MLB,Dallas Keuchel,2016,9150000,8628732.262689836,271720053960.4578,MLB,MLB,adaboost
MLB,Collin McHugh,2016,3850000,11120831.686140258,52864993408181.19,MLB,MLB,adaboost
MLB,Joe Musgrove,2016,543400,4525769.987673356,15859270718721.486,MLB,MLB,adaboost
MLB,Brad Peacock,2016,541500,6546270.55899763,36057269466204.71,MLB,MLB,adaboost
MLB,Danny Duffy,2016,13000000,9558340.672252495,11845018928271.408,MLB,MLB,adaboost
MLB,Jason Hammel,2016,8000000,11394787.913603757,11524584978350.146,MLB,MLB,adaboost
MLB,Nate Karns,2016,571000,6029583.595984159,29796134874347.35,MLB,MLB,adaboost
MLB,Garrett Richards,2016,6850000,6331211.0478770025,269141976844.87778,MLB,MLB,adaboost
MLB,Matt Shoemaker,2016,3325000,9599448.990605978,39368710135716.38,MLB,MLB,adaboost
MLB,Bud Norris,2016,1750000,7250644.278836267,30257087482294.156,MLB,MLB,adaboost
MLB,Doug Fister,2016,1750000,7653862.069349835,34855587333907.71,MLB,MLB,adaboost
MLB,Tyler Skaggs,2016,555000,4515163.314070585,15682893474110.52,MLB,MLB,adaboost
MLB,Andrew Heaney,2016,543000,5716800.337703364,26768209934419.44,MLB,MLB,adaboost
MLB,Nick Tropeano,2016,542500,4846951.690114868,18528304352532.742,MLB,MLB,adaboost
MLB,Alex Meyer,2016,535000,4874762.647529852,18833539836895.31,MLB,MLB,adaboost
MLB,Daniel Wright,2016,535000,4671688.47536999,17112191542258.89,MLB,MLB,adaboost
MLB,Rich Hill,2016,16000000,18833695.44111092,8029829852972.8125,MLB,MLB,adaboost
MLB,Alex Wood,2016,2800000,5033232.377937408,4987326853867.971,MLB,MLB,adaboost
MLB,Ross Stripling,2016,540000,4423184.313918457,15079120415862.361,MLB,MLB,adaboost
MLB,Julio Urías,2016,540000,4143740.4999528104,12986945591000.13,MLB,MLB,adaboost
MLB,Brock Stewart,2016,537500,4881188.624832383,18867630869498.242,MLB,MLB,adaboost
MLB,Edinson Vólquez,2016,11000000,7510093.339294786,12179448500434.621,MLB,MLB,adaboost
MLB,Tom Koehler,2016,5750000,8160978.296046437,5812816344006.9795,MLB,MLB,adaboost
MLB,Jeff Locke,2016,3000000,5798696.29565787,7832700955329.086,MLB,MLB,adaboost
MLB,Dan Straily,2016,552100,7302251.37087205,45564543529685.81,MLB,MLB,adaboost
MLB,Adam Conley,2016,537500,5658187.951728425,26221445098976.652,MLB,MLB,adaboost
MLB,Justin Nicolino,2016,535000,4695743.70105248,17311788145847.893,MLB,MLB,adaboost
MLB,Wily Peralta,2016,4275000,5834595.761820373,2432338940288.07,MLB,MLB,adaboost
MLB,Chase Anderson,2016,2450000,6331366.724916934,15065007653292.406,MLB,MLB,adaboost
MLB,Tommy Milone,2016,1250000,5327224.208365743,16623757245283.66,MLB,MLB,adaboost
MLB,Jimmy Nelson,2016,547000,6674246.885789015,37543154399411.19,MLB,MLB,adaboost
MLB,Junior Guerra,2016,546200,7870279.5376447225,53642141073746.13,MLB,MLB,adaboost
MLB,Zach Davies,2016,546200,5291642.683661539,22519226263916.832,MLB,MLB,adaboost
MLB,Taylor Jungmann,2016,537600,4302515.9529643785,14174592132885.674,MLB,MLB,adaboost
MLB,Héctor Santiago,2016,8000000,7495272.730949436,254749616123.2401,MLB,MLB,adaboost
MLB,Kyle Gibson,2016,2900000,6484783.73607646,12850674434438.305,MLB,MLB,adaboost
MLB,Nick Tepesch,2016,1000000,5245550.302886896,18024697374343.01,MLB,MLB,adaboost
MLB,Tyler Duffey,2016,542500,6402945.607042933,34344822713108.81,MLB,MLB,adaboost
MLB,Tim Melville,2016,535000,5437525.388588908,24034755185758.824,MLB,MLB,adaboost
MLB,Bartolo Colon,2016,535000,7905096.812868577,54318327031055.56,MLB,MLB,adaboost
MLB,José Berríos,2016,535000,5079692.756152578,20654232247825.715,MLB,MLB,adaboost
MLB,Matt Harvey,2016,5125000,6455723.381837662,1770824718969.4648,MLB,MLB,adaboost
MLB,Jacob deGrom,2016,4050000,9402657.167319588,28650938750857.76,MLB,MLB,adaboost
MLB,Noah Syndergaard,2016,605500,6039542.639126807,29528819403848.24,MLB,MLB,adaboost
MLB,Steven Matz,2016,562250,5908411.276840864,28581440397992.734,MLB,MLB,adaboost
MLB,Robert Gsellman,2016,541750,4826079.134123764,18355476129501.68,MLB,MLB,adaboost
MLB,Michael Pineda,2016,7400000,7389214.89596111,116318469.12969112,MLB,MLB,adaboost
MLB,Luis Severino,2016,550975,4606944.77066333,16450890780534.748,MLB,MLB,adaboost
MLB,Bryan Mitchell,2016,550625,4214593.530604536,13424665393260.361,MLB,MLB,adaboost
MLB,Chad Green,2016,535000,4644870.760650581,16891037669250.584,MLB,MLB,adaboost
MLB,Luis Cessa,2016,535000,4587174.501834657,16420118193318.951,MLB,MLB,adaboost
MLB,Jeremy Hellickson,2016,17200000,15679953.376777485,2310541736770.1704,MLB,MLB,adaboost
MLB,Jerad Eickhoff,2016,552000,7928017.775587847,54405638225787.9,MLB,MLB,adaboost
MLB,Vince Velasquez,2016,547000,4966314.051869351,19530336689049.906,MLB,MLB,adaboost
MLB,Aaron Nola,2016,544000,4907025.023218753,19035987353233,MLB,MLB,adaboost
MLB,Adam Morgan,2016,539000,6186664.541560731,31896114774002.38,MLB,MLB,adaboost
MLB,Zach Eflin,2016,537000,4412727.172886448,15021261118650.379,MLB,MLB,adaboost
MLB,Jake Thompson,2016,535000,4085449.946105083,12605694819797.586,MLB,MLB,adaboost
MLB,Iván Nova,2016,8666667,7419594.569288273,1555189647441.2544,MLB,MLB,adaboost
MLB,Gerrit Cole,2016,3750000,5258669.371269868,2276083271807.818,MLB,MLB,adaboost
MLB,Jameson Taillon,2016,555500,6036251.860676576,30038640958309.754,MLB,MLB,adaboost
MLB,Chad Kuhl,2016,550000,4094249.987297788,12561707972460.37,MLB,MLB,adaboost
MLB,Tyler Glasnow,2016,541000,4529833.312314338,15910791193428.574,MLB,MLB,adaboost
MLB,Steven Brault,2016,535000,4562362.435603226,16219648187707.945,MLB,MLB,adaboost
MLB,Christian Friedrich,2016,1790000,6313164.038254022,20459012916954.43,MLB,MLB,adaboost
MLB,Jhoulys Chacín,2016,1750000,6589869.331497215,23424335145967.297,MLB,MLB,adaboost
MLB,Jarred Cosart,2016,566300,4289207.579092836,13860040842466.88,MLB,MLB,adaboost
MLB,Colin Rea,2016,545800,4743490.029445645,17620601583307.383,MLB,MLB,adaboost
MLB,Robbie Erlin,2016,545500,4763860.464308508,17794565006841.09,MLB,MLB,adaboost
MLB,Luis Perdomo,2016,544300,4628863.40832879,16683658236658.504,MLB,MLB,adaboost
MLB,Jake Esch,2016,535000,4523513.6350456895,15908241016945.379,MLB,MLB,adaboost
MLB,Drew Smyly,2016,6850000,8401477.923529178,2407083747198.4097,MLB,MLB,adaboost
MLB,James Paxton,2016,2350000,7271234.356596385,24218547592544.637,MLB,MLB,adaboost
MLB,Aríel Miranda,2016,540500,4804386.355039445,18180726848691.562,MLB,MLB,adaboost
MLB,Rob Whalen,2016,537500,4692281.737881997,17262211289437.744,MLB,MLB,adaboost
MLB,Dillon Overton,2016,536600,3889289.2359913117,11240525113132.006,MLB,MLB,adaboost
MLB,Ty Blach,2016,536500,5427205.603123025,23919001296418.953,MLB,MLB,adaboost
MLB,Albert Suárez,2016,535000,4287084.177682807,14078135676417.664,MLB,MLB,adaboost
MLB,Carlos Martínez,2016,10200000,5381367.462164841,23219219534683.707,MLB,MLB,adaboost
MLB,Michael Wacha,2016,2775000,4830325.767787163,4224364011729.8916,MLB,MLB,adaboost
MLB,Luke Weaver,2016,535000,5524709.388749145,24897199784171.367,MLB,MLB,adaboost
MLB,Alex Cobb,2016,4200000,6005344.1674568625,3259267562970.512,MLB,MLB,adaboost
MLB,Jake Odorizzi,2016,4100000,7333590.374051216,10456106707156.684,MLB,MLB,adaboost
MLB,Nathan Eovaldi,2016,2000000,5015214.3674036665,9091517681397.492,MLB,MLB,adaboost
MLB,Blake Snell,2016,545000,4662095.130433517,16950472313039.375,MLB,MLB,adaboost
MLB,José De León,2016,535600,4749218.8401201125,17754583729815.164,MLB,MLB,adaboost
MLB,Matt Andriese,2016,535000,7125589.8793507125,43435874957800.04,MLB,MLB,adaboost
MLB,Andrew Cashner,2016,10000000,7489828.4227499375,6300961347234.066,MLB,MLB,adaboost
MLB,A.J. Griffin,2016,2000000,7904900.409874489,34867848850535.902,MLB,MLB,adaboost
MLB,Chi Chi González,2016,537000,3932559.432882578,11529823862237.855,MLB,MLB,adaboost
MLB,Marcus Stroman,2016,3400000,6799414.804040418,11556021009929.154,MLB,MLB,adaboost
MLB,Mat Latos,2016,1500000,4817086.970328521,11003065968723.246,MLB,MLB,adaboost
MLB,Mike Bolsinger,2016,545700,7424962.892172152,47324257939616.766,MLB,MLB,adaboost
MLB,Brett Anderson,2016,535000,5663206.941038849,26298506430119.027,MLB,MLB,adaboost
MLB,Lucas Harrell,2016,535000,6272679.753008853,32920968948087.73,MLB,MLB,adaboost
MLB,Aaron Sanchez,2016,535000,5496490.849222777,24616391446921.355,MLB,MLB,adaboost
MLB,Stephen Strasburg,2016,25000000,17162271.874263473,61429982172961.414,MLB,MLB,adaboost
MLB,Tanner Roark,2016,4315000,9412640.738899931,25985941102892.24,MLB,MLB,adaboost
MLB,Edwin Jackson,2016,1000000,5296238.667820176,18457666690873.28,MLB,MLB,adaboost
MLB,Joe Ross,2016,551000,5058509.727826736,20317643946452.656,MLB,MLB,adaboost
MLB,A.J. Cole,2016,535000,4787952.985506922,18087609096932.242,MLB,MLB,adaboost
MLB,Patrick Corbin,2017,7500000,7401748.735673064,9653310941.841375,MLB,MLB,adaboost
MLB,Shelby Miller,2017,4900000,5010413.662140312,12191176787.234896,MLB,MLB,adaboost
MLB,Taijuan Walker,2017,4825000,5091206.643929224,70865977272.0609,MLB,MLB,adaboost
MLB,Robbie Ray,2017,3950000,9013892.309360696,25643005320802.402,MLB,MLB,adaboost
MLB,Clay Buchholz,2017,1500000,6321697.094949774,23248762875447.094,MLB,MLB,adaboost
MLB,Zack Godley,2017,579200,7695797.157628231,50645955103962.21,MLB,MLB,adaboost
MLB,Brett Anderson,2017,4000000,6431664.340118375,5912991463003.33,MLB,MLB,adaboost
MLB,Kendall Graveman,2017,2360000,4998722.24223994,6962855071691.776,MLB,MLB,adaboost
MLB,Trevor Cahill,2017,1500000,6955416.439019861,29761568523128.137,MLB,MLB,adaboost
MLB,Edwin Jackson,2017,1500000,6319827.639582866,23230738475286.94,MLB,MLB,adaboost
MLB,Jharel Cotton,2017,550000,5219108.264741977,21800571987881.832,MLB,MLB,adaboost
MLB,Sean Manaea,2017,550000,5624848.713798131,25754089467938.543,MLB,MLB,adaboost
MLB,Andrew Triggs,2017,550000,5691358.4692221545,26433566909042.375,MLB,MLB,adaboost
MLB,Paul Blackburn,2017,547500,4428853.642859329,15064906100937.38,MLB,MLB,adaboost
MLB,Daniel Gossett,2017,547500,4891301.561533851,18868612005983.918,MLB,MLB,adaboost
MLB,Daniel Mengden,2017,547500,4670162.215974757,16996343747025.898,MLB,MLB,adaboost
MLB,Mike Foltynewicz,2017,2200000,5604142.386735914,11588185389172.088,MLB,MLB,adaboost
MLB,Aníbal Sánchez,2017,1000000,6743382.851539055,32986446579352.887,MLB,MLB,adaboost
MLB,Luiz Gohara,2017,555000,4615251.990213499,16485646224032.684,MLB,MLB,adaboost
MLB,Sean Newcomb,2017,555000,4704451.755185584,17217949868612.72,MLB,MLB,adaboost
MLB,Lucas Sims,2017,545000,3795061.111708734,10562897229841.414,MLB,MLB,adaboost
MLB,Alex Cobb,2017,14250000,10574736.416885741,13507562405365.861,MLB,MLB,adaboost
MLB,Andrew Cashner,2017,8000000,8495710.114732347,245728517847.95706,MLB,MLB,adaboost
MLB,Kevin Gausman,2017,5600000,7561479.145964823,3847400440054.89,MLB,MLB,adaboost
MLB,Dylan Bundy,2017,1640000,5351891.137464981,13778135816391.068,MLB,MLB,adaboost
MLB,Drew Pomeranz,2017,8500000,10924968.641328203,5880472911425.148,MLB,MLB,adaboost
MLB,Eduardo Rodríguez,2017,2375000,5170748.302646845,7816208571752.713,MLB,MLB,adaboost
MLB,Steven Wright,2017,1100000,6427847.670134008,28385960796152.375,MLB,MLB,adaboost
MLB,Brian Johnson,2017,548000,4634802.368230327,16701953596973.01,MLB,MLB,adaboost
MLB,Yu Darvish,2017,21000000,17153786.126490597,14793361160776.209,MLB,MLB,adaboost
MLB,Tyler Chatwood,2017,12666667,7194004.9502515495,29950029910756.91,MLB,MLB,adaboost
MLB,Kyle Hendricks,2017,4175000,7103400.5776391085,8575529943117.064,MLB,MLB,adaboost
MLB,Eddie Butler,2017,570750,4372857.886496578,14456024380559.479,MLB,MLB,adaboost
MLB,Jaime García,2017,545000,7542149.864431796,48960106225317.9,MLB,MLB,adaboost
MLB,Jen-Ho Tseng,2017,545000,5725465.385902862,26837221614537.69,MLB,MLB,adaboost
MLB,Miguel González,2017,4750000,6302236.89217774,2409439369437.6094,MLB,MLB,adaboost
MLB,Carlos Rodón,2017,2300000,4636385.391727569,5458696698677.984,MLB,MLB,adaboost
MLB,Héctor Santiago,2017,2000000,5650463.762307929,13325885679923.36,MLB,MLB,adaboost
MLB,Lucas Giolito,2017,555000,5086466.430935597,20534188014696.2,MLB,MLB,adaboost
MLB,Reynaldo López,2017,555000,4127866.8749516704,12765377706126.916,MLB,MLB,adaboost
MLB,Carson Fulmer,2017,552000,5248698.5948328795,22058977690705.145,MLB,MLB,adaboost
MLB,Dylan Covey,2017,545000,4180792.7455781945,13218988888799.025,MLB,MLB,adaboost
MLB,Tyler Danish,2017,545000,5612125.884068312,25675764724995.074,MLB,MLB,adaboost
MLB,Vance Worley,2017,1500000,5142127.110851261,13265089891597.752,MLB,MLB,adaboost
MLB,Brandon Finnegan,2017,577500,5745225.342536611,26705385215895.13,MLB,MLB,adaboost
MLB,Luis Castillo,2017,555000,4773697.349867652,17797407329780.35,MLB,MLB,adaboost
MLB,Rookie Davis,2017,545000,4192204.011154584,13302097098982.088,MLB,MLB,adaboost
MLB,Jackson Stephens,2017,545000,4306754.702620707,14150798442689.008,MLB,MLB,adaboost
MLB,Amir Garrett,2017,545000,4938099.802104126,19299325871247.31,MLB,MLB,adaboost
MLB,Sal Romano,2017,545000,4967760.453332833,19560810027564.848,MLB,MLB,adaboost
MLB,Tyler Mahle,2017,545000,4221582.708390773,13517260411638.033,MLB,MLB,adaboost
MLB,Trevor Bauer,2017,6525000,7360433.191738827,697948617858.924,MLB,MLB,adaboost
MLB,Danny Salazar,2017,5000000,9244780.931041472,18018165152533.305,MLB,MLB,adaboost
MLB,Adam Wilk,2017,560000,6223759.908949715,32078176306226.086,MLB,MLB,adaboost
MLB,Mike Clevinger,2017,558500,5210068.244525847,21637087133481.27,MLB,MLB,adaboost
MLB,Ryan Merritt,2017,545800,4256780.710108065,13771377830794.158,MLB,MLB,adaboost
MLB,Chad Bettis,2017,2000000,5535515.730958404,12499871483854.338,MLB,MLB,adaboost
MLB,Jon Gray,2017,555000,5035450.747286749,20074438898862.387,MLB,MLB,adaboost
MLB,Tyler Anderson,2017,555000,5441923.49658431,23882021261467.82,MLB,MLB,adaboost
MLB,Kyle Freeland,2017,550000,4965876.872599339,19499968553957.72,MLB,MLB,adaboost
MLB,Germán Márquez,2017,550000,5335727.498069965,22903187685783.008,MLB,MLB,adaboost
MLB,Antonio Senzatela,2017,545000,4879094.831498225,18784378008419.63,MLB,MLB,adaboost
MLB,Jeff Hoffman,2017,545000,4694151.34600666,17215456892068.877,MLB,MLB,adaboost
MLB,Michael Fulmer,2017,575200,5444944.318484659,23714409727413.617,MLB,MLB,adaboost
MLB,Matthew Boyd,2017,562000,5966093.809456263,29204229901403.5,MLB,MLB,adaboost
MLB,Daniel Norris,2017,561400,4959828.386666095,19346172272630.105,MLB,MLB,adaboost
MLB,Buck Farmer,2017,554800,5715151.356436507,26629226121876.098,MLB,MLB,adaboost
MLB,Dallas Keuchel,2017,13200000,11787626.646570427,1994798489477.8965,MLB,MLB,adaboost
MLB,Collin McHugh,2017,5000000,10993900.508804012,35926843309440.99,MLB,MLB,adaboost
MLB,Brad Peacock,2017,2440000,9611199.399580615,51426100828545.37,MLB,MLB,adaboost
MLB,David Paulino,2017,545000,5469828.052044697,24253931342206.367,MLB,MLB,adaboost
MLB,Nate Karns,2017,1375000,8700985.579950832,53670064717647.52,MLB,MLB,adaboost
MLB,Jesse Hahn,2017,574000,5180144.725191273,21216569229407.387,MLB,MLB,adaboost
MLB,Eric Skoglund,2017,545000,3608832.803096014,9387071445327.18,MLB,MLB,adaboost
MLB,Sam Gaviglio,2017,545000,4737967.934610386,17580980100670.889,MLB,MLB,adaboost
MLB,Garrett Richards,2017,7300000,9989305.68488902,7232365066776.403,MLB,MLB,adaboost
MLB,Matt Shoemaker,2017,4125000,8527530.82437217,19382277659547.1,MLB,MLB,adaboost
MLB,JC Ramírez,2017,1900000,6139056.771931322,17969602315656.8,MLB,MLB,adaboost
MLB,Tyler Skaggs,2017,1875000,5394518.424260788,12387009938711.139,MLB,MLB,adaboost
MLB,Andrew Heaney,2017,800000,7403613.384678496,43607709734304.984,MLB,MLB,adaboost
MLB,Alex Meyer,2017,551500,5827804.856912192,27839392943075.188,MLB,MLB,adaboost
MLB,Parker Bridwell,2017,545000,5206217.072048387,21726944592755.332,MLB,MLB,adaboost
MLB,Alex Wood,2017,6000000,8273570.60646631,5169123302587.585,MLB,MLB,adaboost
MLB,Julio Urías,2017,550000,3914001.614813131,11316506864465.352,MLB,MLB,adaboost
MLB,Dan Straily,2017,3370000,8866452.108538046,30210985781452.336,MLB,MLB,adaboost
MLB,José Ureña,2017,575000,5138386.48359685,20824496198674.426,MLB,MLB,adaboost
MLB,Adam Conley,2017,545000,5132109.100216077,21041569897285.145,MLB,MLB,adaboost
MLB,Dillon Peters,2017,545000,4351403.384541881,14488706725851.889,MLB,MLB,adaboost
MLB,Jhoulys Chacín,2017,7750000,12295337.282741917,20660091013883.676,MLB,MLB,adaboost
MLB,Chase Anderson,2017,5875000,13138865.583884113,52763743220736.08,MLB,MLB,adaboost
MLB,Jimmy Nelson,2017,3700000,9684261.883312682,35811390288069.05,MLB,MLB,adaboost
MLB,Wade Miley,2017,2500000,8125271.056407941,31643674458060.906,MLB,MLB,adaboost
MLB,Yovani Gallardo,2017,2000000,5873516.068135645,15004126730105.03,MLB,MLB,adaboost
MLB,Zach Davies,2017,572000,5471162.019035072,24001788488755.805,MLB,MLB,adaboost
MLB,Brent Suter,2017,556500,4887582.857299747,18758278716795.74,MLB,MLB,adaboost
MLB,Brandon Woodruff,2017,550100,4022083.6782000475,12054670661687.531,MLB,MLB,adaboost
MLB,Junior Guerra,2017,545000,7065511.119066926,42517065253875.414,MLB,MLB,adaboost
MLB,Aaron Wilkerson,2017,545000,7521711.870865247,48674508529072.055,MLB,MLB,adaboost
MLB,Lance Lynn,2017,12000000,8703681.974132605,10865712527658.32,MLB,MLB,adaboost
MLB,Michael Pineda,2017,5000000,9222206.188017085,17827025094129.766,MLB,MLB,adaboost
MLB,Kyle Gibson,2017,4200000,7777016.401722144,12795046338189.236,MLB,MLB,adaboost
MLB,Aníbal Sánchez,2017,2500000,6743382.851539055,18006298024735.723,MLB,MLB,adaboost
MLB,José Berríos,2017,570000,5103242.455902938,20550287164000.9,MLB,MLB,adaboost
MLB,Aaron Slegers,2017,545000,3904890.296280073,11288862803036.996,MLB,MLB,adaboost
MLB,Adalberto Mejía,2017,545000,5065979.34884524,20439254272685.13,MLB,MLB,adaboost
MLB,Jason Vargas,2017,8000000,8966309.20743486,933753484373.3856,MLB,MLB,adaboost
MLB,Jacob deGrom,2017,7400000,14425702.369132964,49360493779640.54,MLB,MLB,adaboost
MLB,Matt Harvey,2017,5625000,5925081.545746059,90048934097.3442,MLB,MLB,adaboost
MLB,Noah Syndergaard,2017,2975000,4967244.567796607,3969038417915.088,MLB,MLB,adaboost
MLB,Zack Wheeler,2017,1900000,6021670.97626828,16988171636612.318,MLB,MLB,adaboost
MLB,A.J. Griffin,2017,750000,6191272.62218461,29607447748935.78,MLB,MLB,adaboost
MLB,Steven Matz,2017,577000,4990269.845132936,19476950725959.688,MLB,MLB,adaboost
MLB,Seth Lugo,2017,564000,6252740.374431091,32361767047682.395,MLB,MLB,adaboost
MLB,Robert Gsellman,2017,562375,4465912.637831699,15237606089968.682,MLB,MLB,adaboost
MLB,Rafael Montero,2017,558025,5478054.9370532865,24206694581500.566,MLB,MLB,adaboost
MLB,Chris Flexen,2017,545000,3997220.097292367,11917823600149.318,MLB,MLB,adaboost
MLB,CC Sabathia,2017,10000000,10409660.493983585,167821720330.8752,MLB,MLB,adaboost
MLB,Sonny Gray,2017,6500000,8747997.693839232,5053493631506.503,MLB,MLB,adaboost
MLB,Luis Severino,2017,604975,6260695.716715146,31987176825480.883,MLB,MLB,adaboost
MLB,Jordan Montgomery,2017,580450,5232122.673970394,21638058665762.875,MLB,MLB,adaboost
MLB,Luis Cessa,2017,568925,3872563.898984026,10914029974880.389,MLB,MLB,adaboost
MLB,Jake Arrieta,2017,25000000,19755117.594483435,27508791447697.227,MLB,MLB,adaboost
MLB,Aaron Nola,2017,573000,5403958.859000912,23338163497359.395,MLB,MLB,adaboost
MLB,Jerad Eickhoff,2017,568000,6145035.565814887,31103325702364.18,MLB,MLB,adaboost
MLB,Vince Velasquez,2017,559000,4949940.494813534,19280358428993.33,MLB,MLB,adaboost
MLB,Nick Pivetta,2017,551000,4598006.1201858055,16378258536821.367,MLB,MLB,adaboost
MLB,Ben Lively,2017,550000,4569596.315296515,16157154537945.32,MLB,MLB,adaboost
MLB,Jake Thompson,2017,549000,3608832.803096014,9362576782902.41,MLB,MLB,adaboost
MLB,Zach Eflin,2017,545000,4701218.845407867,17274155090923.502,MLB,MLB,adaboost
MLB,Gerrit Cole,2017,6750000,8106356.648220209,1839703357171.161,MLB,MLB,adaboost
MLB,Jameson Taillon,2017,571000,5161023.805552728,21068318535540.742,MLB,MLB,adaboost
MLB,Chad Kuhl,2017,570500,5021156.354257556,19808341983693.156,MLB,MLB,adaboost
MLB,Trevor Williams,2017,569500,4958967.190493161,19267422216415.92,MLB,MLB,adaboost
MLB,Tyler Glasnow,2017,556500,4963646.797959811,19422942898767.414,MLB,MLB,adaboost
MLB,Clayton Richard,2017,3000000,7407229.175920436,19423669009084.33,MLB,MLB,adaboost
MLB,Tyson Ross,2017,1750000,6136490.33370699,19241297447704.86,MLB,MLB,adaboost
MLB,Luis Perdomo,2017,566800,4835251.2905718675,18219676419984.64,MLB,MLB,adaboost
MLB,Dinelson Lamet,2017,555700,4564905.488854789,16073728651863.37,MLB,MLB,adaboost
MLB,James Paxton,2017,4900000,10875201.367138684,35703031377855.99,MLB,MLB,adaboost
MLB,Erasmo Ramírez,2017,4200000,6212815.775382788,4051427345629.814,MLB,MLB,adaboost
MLB,Marco Gonzales,2017,550300,3962095.1371940165,11640346058180.738,MLB,MLB,adaboost
MLB,Aríel Miranda,2017,545000,7497366.693823999,48335402645393.24,MLB,MLB,adaboost
MLB,Rob Whalen,2017,545000,3889289.2359913117,11184270493967.352,MLB,MLB,adaboost
MLB,Chase De Jong,2017,545000,3642449.6907498967,9594194586726.63,MLB,MLB,adaboost
MLB,Christian Bergman,2017,545000,5668380.105224399,26249023702609.17,MLB,MLB,adaboost
MLB,Derek Holland,2017,1750000,7135721.034733866,29005991063974.83,MLB,MLB,adaboost
MLB,Ty Blach,2017,565000,5765405.520180311,27044217574321.85,MLB,MLB,adaboost
MLB,Chris Stratton,2017,552500,4588358.516538294,16288153965514.68,MLB,MLB,adaboost
MLB,Michael Wacha,2017,5300000,5516354.130646852,46809109847.95504,MLB,MLB,adaboost
MLB,Luke Weaver,2017,550800,4739450.64037241,17544794187092.203,MLB,MLB,adaboost
MLB,Jack Flaherty,2017,545000,4703307.513224569,17291521374539.9,MLB,MLB,adaboost
MLB,Jake Odorizzi,2017,6300000,7394176.693527623,1197222636659.042,MLB,MLB,adaboost
MLB,Matt Andriese,2017,558400,6557550.929932717,35989811880112.586,MLB,MLB,adaboost
MLB,Blake Snell,2017,558200,4828029.921601047,18231447559399.6,MLB,MLB,adaboost
MLB,Jake Faria,2017,555000,4357761.498819567,14460995016904.441,MLB,MLB,adaboost
MLB,Anthony Banda,2017,545000,4572870.672087745,16223742151064.582,MLB,MLB,adaboost
MLB,Ryan Weber,2017,545000,5894308.807620687,28615104719288.26,MLB,MLB,adaboost
MLB,Doug Fister,2017,4000000,6674660.793457578,7153810360059.12,MLB,MLB,adaboost
MLB,Yovani Gallardo,2017,2000000,5873516.068135645,15004126730105.03,MLB,MLB,adaboost
MLB,Edinson Vólquez,2017,1000000,7695939.188063369,44835601610242.734,MLB,MLB,adaboost
MLB,Bartolo Colon,2017,1750000,7166198.07459409,29335201583236.727,MLB,MLB,adaboost
MLB,Jesse Chavez,2017,1500000,7718739.880806885,38672725705138.02,MLB,MLB,adaboost
MLB,Chris Tillman,2017,545000,6051249.975137913,30318788788706.266,MLB,MLB,adaboost
MLB,Marco Estrada,2017,13000000,13289041.22686651,83544830828.49716,MLB,MLB,adaboost
MLB,Jaime García,2017,10000000,7542149.864431796,6041027288912.641,MLB,MLB,adaboost
MLB,Marcus Stroman,2017,6500000,7432802.278326204,870120090450.557,MLB,MLB,adaboost
MLB,Aaron Sanchez,2017,2700000,3932559.432882578,1519202755587.8225,MLB,MLB,adaboost
MLB,Nick Tepesch,2017,572300,5424323.260495693,23542129720391.258,MLB,MLB,adaboost
MLB,Chris Rowley,2017,545000,4017655.6550296014,12059337298409.07,MLB,MLB,adaboost
MLB,Tanner Roark,2017,6475000,9899244.085167421,11725447554804.068,MLB,MLB,adaboost
MLB,Jeremy Hellickson,2017,2000000,7587416.113407349,31219218824364.09,MLB,MLB,adaboost
MLB,Edwin Jackson,2017,1500000,6319827.639582866,23230738475286.94,MLB,MLB,adaboost
MLB,Joe Ross,2017,567900,5992733.532171705,29428818851774.535,MLB,MLB,adaboost
MLB,A.J. Cole,2017,555300,4787643.909524278,17912734968487.25,MLB,MLB,adaboost
MLB,Erick Fedde,2017,545000,4975487.490669219,19629219404976.43,MLB,MLB,adaboost
MLB,Robbie Ray,2018,6050000,6208323.105350586,25066205687.852642,MLB,MLB,adaboost
MLB,Taijuan Walker,2018,5025000,4277820.068228659,558277850441.8254,MLB,MLB,adaboost
MLB,Zack Godley,2018,609400,8420723.286563966,61016771487216.484,MLB,MLB,adaboost
MLB,Luke Weaver,2018,581300,5094090.905915992,20365281760518.082,MLB,MLB,adaboost
MLB,Matt Koch,2018,567600,5043039.927173842,20029562541741.8,MLB,MLB,adaboost
MLB,Marco Estrada,2018,4000000,7321340.130995918,11031300265763.982,MLB,MLB,adaboost
MLB,Sean Manaea,2018,3150000,6674956.372625333,12425317428911.947,MLB,MLB,adaboost
MLB,Brett Anderson,2018,1500000,7156217.824879313,31992800082482.465,MLB,MLB,adaboost
MLB,Chris Bassitt,2018,565000,7250819.758585135,44700185844287.4,MLB,MLB,adaboost
MLB,Daniel Gossett,2018,560000,4048711.388067693,12171107149233.209,MLB,MLB,adaboost
MLB,Frankie Montas,2018,560000,3810133.749107334,10563369387086.494,MLB,MLB,adaboost
MLB,Edwin Jackson,2018,555000,7174606.2463394655,43819186856576.47,MLB,MLB,adaboost
MLB,Paul Blackburn,2018,555000,4393817.35522145,14736518686749.41,MLB,MLB,adaboost
MLB,Daniel Mengden,2018,555000,5063640.569464206,20327839784618.52,MLB,MLB,adaboost
MLB,Dallas Keuchel,2018,21021527,13826787.829770105,51764271727640.36,MLB,MLB,adaboost
MLB,Kevin Gausman,2018,9350000,7863619.844803538,2209325965761.858,MLB,MLB,adaboost
MLB,Mike Foltynewicz,2018,5475000,7766316.162456183,5250129756332.928,MLB,MLB,adaboost
MLB,Sean Newcomb,2018,575000,5627709.488476262,25529873174938.055,MLB,MLB,adaboost
MLB,Touki Toussaint,2018,555000,5221617.58868365,21777319719011.6,MLB,MLB,adaboost
MLB,Michael Soroka,2018,555000,4511498.809863708,15653882832452.938,MLB,MLB,adaboost
MLB,Dylan Bundy,2018,2800000,6408679.134822383,13022565098102.42,MLB,MLB,adaboost
MLB,Dan Straily,2018,575000,8059014.487688042,56010472851924.51,MLB,MLB,adaboost
MLB,David Hess,2018,563500,4356808.377839086,14389188449384.195,MLB,MLB,adaboost
MLB,Jimmy Yacabonis,2018,559000,4556752.509106102,15982025124064.137,MLB,MLB,adaboost
MLB,Josh Rogers,2018,555000,4012997.1144225276,11957744043354.527,MLB,MLB,adaboost
MLB,Yefry Ramírez,2018,555000,4549424.589642073,15955427802337.244,MLB,MLB,adaboost
MLB,Luis Ortiz,2018,555000,3932559.432882578,11407907722654.082,MLB,MLB,adaboost
MLB,Nathan Eovaldi,2018,17000000,9734504.169212066,52787429667196.86,MLB,MLB,adaboost
MLB,Eduardo Rodríguez,2018,4300000,4923339.017922011,388551531263.9774,MLB,MLB,adaboost
MLB,Erasmo Ramírez,2018,1000000,6058952.658485156,25593002000794.023,MLB,MLB,adaboost
MLB,Jhoulys Chacín,2018,555000,8028753.939702193,55856997951214.055,MLB,MLB,adaboost
MLB,Kyle Hendricks,2018,7405000,10917777.772623038,12339607679834.47,MLB,MLB,adaboost
MLB,Mike Montgomery,2018,2440000,5719167.998209441,10752942760480.912,MLB,MLB,adaboost
MLB,Kendall Graveman,2018,575000,5097439.662880775,20452460504397.176,MLB,MLB,adaboost
MLB,Ervin Santana,2018,4300000,6598945.701059507,5285151336419.989,MLB,MLB,adaboost
MLB,Carlos Rodón,2018,4200000,5342053.69144069,1304286634133.3074,MLB,MLB,adaboost
MLB,Reynaldo López,2018,580000,5861304.552186769,27892177772948.69,MLB,MLB,adaboost
MLB,Lucas Giolito,2018,573000,5973389.670832855,29164208596838.188,MLB,MLB,adaboost
MLB,Dylan Covey,2018,571000,4932014.153363181,19018444445833.984,MLB,MLB,adaboost
MLB,Carson Fulmer,2018,555000,4158840.7268277197,12987667984342.146,MLB,MLB,adaboost
MLB,Michael Kopech,2018,555000,5610377.548846777,25556842161384.043,MLB,MLB,adaboost
MLB,Sonny Gray,2018,10166667,7318049.9068538835,8114619343364.23,MLB,MLB,adaboost
MLB,Tanner Roark,2018,10000000,9032238.220523741,936562861815.0552,MLB,MLB,adaboost
MLB,Alex Wood,2018,9650000,7597298.280876198,4213584347693.8125,MLB,MLB,adaboost
MLB,Anthony DeSclafani,2018,2125000,9176110.486765955,49718159096580.82,MLB,MLB,adaboost
MLB,Tyler Mahle,2018,570000,4885925.613424911,18627213900617.195,MLB,MLB,adaboost
MLB,Robert Stephenson,2018,565000,4945957.120631343,19192785292810.465,MLB,MLB,adaboost
MLB,Luis Castillo,2018,557500,5444668.623236924,23884417151951.496,MLB,MLB,adaboost
MLB,Brandon Finnegan,2018,555000,4288347.347276455,13937882415416.143,MLB,MLB,adaboost
MLB,Sal Romano,2018,555000,4628863.40832879,16596363069720.268,MLB,MLB,adaboost
MLB,Carlos Carrasco,2018,11750000,18191403.09430313,41491673823297.95,MLB,MLB,adaboost
MLB,Trevor Bauer,2018,13000000,10566859.86136516,5920170934235.969,MLB,MLB,adaboost
MLB,Mike Clevinger,2018,592200,8280326.178956802,59107284143560.914,MLB,MLB,adaboost
MLB,Shane Bieber,2018,559600,5083081.118896158,20461881433010.043,MLB,MLB,adaboost
MLB,Jefry Rodríguez,2018,555000,3841717.36887784,10802511062883.273,MLB,MLB,adaboost
MLB,Adam Plutko,2018,555000,4799702.206790981,18017496824336.223,MLB,MLB,adaboost
MLB,Germán Márquez,2018,8600000,6588797.602330923,4044935084389.8438,MLB,MLB,adaboost
MLB,Chad Bettis,2018,3325000,5680543.293973963,5548584209785.707,MLB,MLB,adaboost
MLB,Jon Gray,2018,2925000,7274251.999209091,18915992952624.277,MLB,MLB,adaboost
MLB,Tyler Anderson,2018,2625000,8136491.870157676,30376542634814.156,MLB,MLB,adaboost
MLB,Germán Márquez,2018,565000,6588797.602330923,36286137553847.78,MLB,MLB,adaboost
MLB,Kyle Freeland,2018,565000,5146509.6854780475,20990230998129.156,MLB,MLB,adaboost
MLB,Antonio Senzatela,2018,560000,4171893.3334360416,13045773452119.72,MLB,MLB,adaboost
MLB,Tyson Ross,2018,5750000,7387252.412230577,2680595461354.844,MLB,MLB,adaboost
MLB,Michael Fulmer,2018,2800000,5349160.604156511,6498219785783.588,MLB,MLB,adaboost
MLB,Matthew Boyd,2018,2600000,7571682.54751087,24717627353224.17,MLB,MLB,adaboost
MLB,Daniel Norris,2018,1275000,4780963.807720686,12291782221047.334,MLB,MLB,adaboost
MLB,Spencer Turnbull,2018,556100,4974020.4602835765,19518021193392.25,MLB,MLB,adaboost
MLB,Edwin Jackson,2018,555000,7174606.2463394655,43819186856576.47,MLB,MLB,adaboost
MLB,Ryan Carpenter,2018,555000,5279167.190540778,22317755644181.953,MLB,MLB,adaboost
MLB,Gerrit Cole,2018,13500000,15180973.411230812,2825671609264.952,MLB,MLB,adaboost
MLB,Wade Miley,2018,4500000,7291540.942310504,7792700832595.814,MLB,MLB,adaboost
MLB,Josh James,2018,566800,5496888.324407331,24305770886457.48,MLB,MLB,adaboost
MLB,Framber Valdez,2018,566600,4934374.857778325,19077457208240.465,MLB,MLB,adaboost
MLB,Eric Skoglund,2018,568175,4434267.930680843,14946674548660.39,MLB,MLB,adaboost
MLB,Trevor Oaks,2018,555350,3748872.479606484,10198585827751.947,MLB,MLB,adaboost
MLB,Homer Bailey,2018,555000,6176134.774526919,31597156153395.8,MLB,MLB,adaboost
MLB,Heath Fillmyer,2018,555000,3670979.6263305293,9709329031706.945,MLB,MLB,adaboost
MLB,Ben Lively,2018,555000,4870055.430939496,18619703372080.438,MLB,MLB,adaboost
MLB,Trevor Cahill,2018,9000000,11363741.830680953,5587275442110.944,MLB,MLB,adaboost
MLB,Tyler Skaggs,2018,3700000,5835709.595186745,4561255474972.7295,MLB,MLB,adaboost
MLB,Andrew Heaney,2018,3400000,8960094.817740534,30914654382265.137,MLB,MLB,adaboost
MLB,JC Ramírez,2018,1901000,6572137.562438107,21819526127220.223,MLB,MLB,adaboost
MLB,Nick Tropeano,2018,1075000,5692903.385475278,21325031677584.03,MLB,MLB,adaboost
MLB,Félix Peña,2018,569000,7242113.54770203,44530444420524.375,MLB,MLB,adaboost
MLB,Jaime Barria,2018,563500,4817063.794433853,18092804953318.516,MLB,MLB,adaboost
MLB,Dillon Peters,2018,555000,3748872.479606484,10200821415987.672,MLB,MLB,adaboost
MLB,Clayton Kershaw,2018,31000000,23719325.85867683,53008215952131.9,MLB,MLB,adaboost
MLB,Ross Stripling,2018,595000,7434046.18157676,46772552673739.66,MLB,MLB,adaboost
MLB,Walker Buehler,2018,570000,5458794.547761762,23900312130225.13,MLB,MLB,adaboost
MLB,Dan Straily,2018,5000000,8059014.487688042,9357569635885.336,MLB,MLB,adaboost
MLB,José Ureña,2018,3200000,6222233.217359146,9133893620109.016,MLB,MLB,adaboost
MLB,Trevor Richards,2018,570000,5017694.149264843,19781983245404.72,MLB,MLB,adaboost
MLB,Caleb Smith,2018,556500,5879831.273955116,28337855852268.598,MLB,MLB,adaboost
MLB,Sandy Alcantara,2018,555000,4031210.499175851,12084039434580.418,MLB,MLB,adaboost
MLB,Pablo López,2018,555000,4022083.6782000475,12020669231641.17,MLB,MLB,adaboost
MLB,Jeff Brigham,2018,555000,4175795.612450011,13110160867137.25,MLB,MLB,adaboost
MLB,Zach Davies,2018,2600000,4201322.809026531,2564234738708.6196,MLB,MLB,adaboost
MLB,Junior Guerra,2018,2225000,8052322.607909146,33957688776649.047,MLB,MLB,adaboost
MLB,Gio González,2018,2000000,9048506.058814619,49681437661146.39,MLB,MLB,adaboost
MLB,Brent Suter,2018,568300,7622381.659355517,49760068056855.875,MLB,MLB,adaboost
MLB,Freddy Peralta,2018,564600,5325114.356153171,22662496935140.438,MLB,MLB,adaboost
MLB,Jake Odorizzi,2018,9500000,8466809.839689398,1067481907362.6471,MLB,MLB,adaboost
MLB,Kyle Gibson,2018,8125000,14318215.74228744,38355921230516.97,MLB,MLB,adaboost
MLB,Martín Pérez,2018,4000000,4801827.688606834,642927642216.578,MLB,MLB,adaboost
MLB,José Berríos,2018,620000,6682919.033056665,36758987201400.766,MLB,MLB,adaboost
MLB,Adalberto Mejía,2018,560000,4316111.751371087,14108375488787.97,MLB,MLB,adaboost
MLB,Chase De Jong,2018,555000,4232658.548872922,13525172402098.084,MLB,MLB,adaboost
MLB,Kohl Stewart,2018,555000,4175143.4752974305,13105438781738.559,MLB,MLB,adaboost
MLB,Fernando Romero,2018,555000,4238834.335352534,13570635410322.25,MLB,MLB,adaboost
MLB,Stephen Gonsalves,2018,555000,3800589.6481703063,10533852164310.254,MLB,MLB,adaboost
MLB,Jacob deGrom,2018,27500000,22790333.669217944,22180956947302.113,MLB,MLB,adaboost
MLB,Jacob deGrom,2018,17000000,22790333.669217944,33527964000878.94,MLB,MLB,adaboost
MLB,Noah Syndergaard,2018,6000000,5976056.428338952,573294623.8877236,MLB,MLB,adaboost
MLB,Zack Wheeler,2018,5975000,10493851.117792094,20420015424770.86,MLB,MLB,adaboost
MLB,Steven Matz,2018,2625000,7682734.550697857,25580678785322.848,MLB,MLB,adaboost
MLB,Corey Oswalt,2018,555000,3817122.926893571,10641445990164.678,MLB,MLB,adaboost
MLB,Walker Lockett,2018,555000,3722244.769738839,10031439431438.031,MLB,MLB,adaboost
MLB,Luis Severino,2018,10000000,6716599.30655792,10780720113695.934,MLB,MLB,adaboost
MLB,J.A. Happ,2018,17000000,17111085.480768174,12339984037.49634,MLB,MLB,adaboost
MLB,James Paxton,2018,8575000,16488967.471303167,62630881136844.64,MLB,MLB,adaboost
MLB,CC Sabathia,2018,8000000,10300891.968920315,5294103852642.002,MLB,MLB,adaboost
MLB,Sonny Gray,2018,7500000,7318049.9068538835,33105836395.88046,MLB,MLB,adaboost
MLB,Gio González,2018,3000000,9048506.058814619,36584425543517.15,MLB,MLB,adaboost
MLB,Jordan Montgomery,2018,596600,4248280.858367654,13334773091368.723,MLB,MLB,adaboost
MLB,Domingo Germán,2018,577500,4762025.350784589,17510252411358.885,MLB,MLB,adaboost
MLB,Aaron Nola,2018,11250000,10865298.860591443,147994966662.24182,MLB,MLB,adaboost
MLB,Vince Velasquez,2018,2249000,6000080.768785788,14070606933954.576,MLB,MLB,adaboost
MLB,Nick Pivetta,2018,598000,5246621.595352738,21609682736779.836,MLB,MLB,adaboost
MLB,Zach Eflin,2018,590000,5088498.881458081,20236492186479.61,MLB,MLB,adaboost
MLB,Ranger Suárez,2018,555000,4126409.0810653525,12754962824316.066,MLB,MLB,adaboost
MLB,Francisco Liriano,2018,1800000,8229330.498364787,41336290657203.59,MLB,MLB,adaboost
MLB,Jameson Taillon,2018,587500,7383177.93686465,46181238621588.984,MLB,MLB,adaboost
MLB,Trevor Williams,2018,584000,5424200.625711898,23427542097141.85,MLB,MLB,adaboost
MLB,Joe Musgrove,2018,582500,5650423.691631757,25683850544202.453,MLB,MLB,adaboost
MLB,Chad Kuhl,2018,578000,5120178.741155098,20631387716601.312,MLB,MLB,adaboost
MLB,Nick Kingham,2018,569000,5683720.113002893,26160361834356.324,MLB,MLB,adaboost
MLB,Aaron Slegers,2018,555000,4148586.0473280163,12913860679550.596,MLB,MLB,adaboost
MLB,Garrett Richards,2018,7750000,13361539.03613569,31489370354074.67,MLB,MLB,adaboost
MLB,Bryan Mitchell,2018,910000,4483319.38927795,12768611457789.74,MLB,MLB,adaboost
MLB,Joey Lucchesi,2018,565100,5072736.84072594,20318789887869.73,MLB,MLB,adaboost
MLB,Eric Lauer,2018,562500,5248852.379179935,21961898621845.438,MLB,MLB,adaboost
MLB,Jacob Nix,2018,556800,4245706.71521533,13608032753560.756,MLB,MLB,adaboost
MLB,Brett Kennedy,2018,556000,4181924.558419867,13147328903352.307,MLB,MLB,adaboost
MLB,Luis Perdomo,2018,555000,4284628.7614619415,13910130698324.137,MLB,MLB,adaboost
MLB,Wade LeBlanc,2018,2750000,8486892.19337523,32911932038409.656,MLB,MLB,adaboost
MLB,Marco Gonzales,2018,950000,7462830.7624055,42416964539735.41,MLB,MLB,adaboost
MLB,Tommy Milone,2018,555000,7324095.3218915835,45820651476854.52,MLB,MLB,adaboost
MLB,Derek Holland,2018,7000000,10254833.09478811,10593938474927.945,MLB,MLB,adaboost
MLB,Chris Stratton,2018,567500,6236984.934619308,32143059423875.305,MLB,MLB,adaboost
MLB,Dereck Rodríguez,2018,561250,4666018.455830756,16849124075983.207,MLB,MLB,adaboost
MLB,Andrew Suárez,2018,555000,5369006.181557147,23174655516070.42,MLB,MLB,adaboost
MLB,Tyler Beede,2018,555000,4651071.29574919,16777800059860.451,MLB,MLB,adaboost
MLB,Michael Wacha,2018,6350000,5212208.521323526,1294569448948.7966,MLB,MLB,adaboost
MLB,Adam Wainwright,2018,2000000,6542863.737294819,20637610935628.254,MLB,MLB,adaboost
MLB,John Gant,2018,571300,4405158.231938586,14698468942603.258,MLB,MLB,adaboost
MLB,Alex Reyes,2018,564600,4277203.336853704,13783423536817.26,MLB,MLB,adaboost
MLB,Jack Flaherty,2018,562100,4839375.981049617,18295089818063.96,MLB,MLB,adaboost
MLB,Blake Snell,2018,10000000,8396261.401578454,2571977492067.104,MLB,MLB,adaboost
MLB,Charlie Morton,2018,15000000,18055275.8910396,9334710770367.814,MLB,MLB,adaboost
MLB,Blake Snell,2018,573700,8396261.401578454,61192466881465.07,MLB,MLB,adaboost
MLB,Jake Faria,2018,555000,3970335.543406407,11664516874055.137,MLB,MLB,adaboost
MLB,Lance Lynn,2018,10000000,9282603.57996734,514657623475.6761,MLB,MLB,adaboost
MLB,Shelby Miller,2018,2000000,5858103.154669584,14884959952071.395,MLB,MLB,adaboost
MLB,Yohander Méndez,2018,558000,3642449.6907498967,9513829894767.133,MLB,MLB,adaboost
MLB,Jen-Ho Tseng,2018,555000,6447107.501500965,34716930809243.945,MLB,MLB,adaboost
MLB,Adrian Sampson,2018,555000,4794945.638222982,17977139015086.09,MLB,MLB,adaboost
MLB,Ariel Jurado,2018,555000,4359118.681858155,14471318945662.227,MLB,MLB,adaboost
MLB,Marcus Stroman,2018,7400000,5563771.144707537,3371736409008.668,MLB,MLB,adaboost
MLB,Aaron Sanchez,2018,3900000,4779702.521001547,773876525456.4766,MLB,MLB,adaboost
MLB,Matt Shoemaker,2018,3500000,8135470.019676184,21487582303316.723,MLB,MLB,adaboost
MLB,Clay Buchholz,2018,3000000,8825766.537134275,33939555745193.48,MLB,MLB,adaboost
MLB,Sam Gaviglio,2018,579500,7485195.295583773,47688627515447.86,MLB,MLB,adaboost
MLB,Ryan Borucki,2018,565200,4498772.402315992,15472991844262.004,MLB,MLB,adaboost
MLB,Thomas Pannone,2018,560100,3937099.1202552337,11404123058204.623,MLB,MLB,adaboost
MLB,Sean Reid-Foley,2018,555000,5012025.320774763,19865074710027.38,MLB,MLB,adaboost
MLB,Patrick Corbin,2018,23333333,16643009.197300091,44760432584972.97,MLB,MLB,adaboost
MLB,Aníbal Sánchez,2018,9500000,13145821.59808885,13292015125091.13,MLB,MLB,adaboost
MLB,Jeremy Hellickson,2018,1300000,8204053.152895224,47665949938002.484,MLB,MLB,adaboost
MLB,Joe Ross,2018,1000000,4334890.053708538,11121491670324.139,MLB,MLB,adaboost
MLB,Austin Voth,2018,556000,5050736.580611545,20202656929087.562,MLB,MLB,adaboost
MLB,Erick Fedde,2018,555000,4747376.48653221,17576020604828.16,MLB,MLB,adaboost
MLB,Madison Bumgarner,2019,17000000,15670270.104692908,1768181594473.41,MLB,MLB,adaboost
MLB,Robbie Ray,2019,9430000,10183882.526585506,568338863890.9465,MLB,MLB,adaboost
MLB,Luke Weaver,2019,597000,5095451.734027924,20236068003378.836,MLB,MLB,adaboost
MLB,Alex Young,2019,575000,4595845.2074116,16167196181964.834,MLB,MLB,adaboost
MLB,Taylor Clarke,2019,575000,4602686.24364949,16222256477283.34,MLB,MLB,adaboost
MLB,Zac Gallen,2019,575000,4745178.984609545,17390392763679.098,MLB,MLB,adaboost
MLB,Corbin Martin,2019,565700,4862075.524026394,18458842643453.07,MLB,MLB,adaboost
MLB,Sean Manaea,2019,3750000,6995213.070785712,10531407874798.434,MLB,MLB,adaboost
MLB,Chris Bassitt,2019,2250000,9400732.943068001,51132981623077.96,MLB,MLB,adaboost
MLB,Daniel Mengden,2019,573500,4017655.6550296014,11862208176072.383,MLB,MLB,adaboost
MLB,Frankie Montas,2019,573500,5686417.111124041,26141921385225.004,MLB,MLB,adaboost
MLB,Cole Hamels,2019,18000000,10710701.167274233,53133877472777.23,MLB,MLB,adaboost
MLB,Mike Foltynewicz,2019,6425000,7175394.988158913,563092638254.0156,MLB,MLB,adaboost
MLB,Jhoulys Chacín,2019,1600000,6754903.686620712,26573032018335.812,MLB,MLB,adaboost
MLB,Félix Hernández,2019,1000000,6568071.92469083,31003424958530.24,MLB,MLB,adaboost
MLB,Max Fried,2019,583500,6186388.520355883,31392359771535.74,MLB,MLB,adaboost
MLB,Michael Soroka,2019,583500,5401532.945240317,23213441461421.082,MLB,MLB,adaboost
MLB,Bryse Wilson,2019,575000,3722244.769738839,9905149640648.479,MLB,MLB,adaboost
MLB,Kyle Wright,2019,573500,4299940.709920519,13886360364552.941,MLB,MLB,adaboost
MLB,John Means,2019,580000,6642271.526220633,36751136057625.44,MLB,MLB,adaboost
MLB,Asher Wojciechowski,2019,575000,8216552.217312886,58393320289919.49,MLB,MLB,adaboost
MLB,Chandler Shepherd,2019,563500,5555459.984416937,24919664486019.95,MLB,MLB,adaboost
MLB,David Hess,2019,563500,4881718.080469621,18647007390494.742,MLB,MLB,adaboost
MLB,Chris Sale,2019,29000000,21908716.67315387,50286299221605.92,MLB,MLB,adaboost
MLB,Eduardo Rodríguez,2019,8300000,8140674.88288252,25384492944.498837,MLB,MLB,adaboost
MLB,Martín Pérez,2019,6000000,8327155.765734973,5415653957993.53,MLB,MLB,adaboost
MLB,Kyle Hendricks,2019,13875000,11741173.266984157,4553216526533.064,MLB,MLB,adaboost
MLB,Adbert Alzolay,2019,563500,4436012.622999249,14996354015288.523,MLB,MLB,adaboost
MLB,Dallas Keuchel,2019,18500000,10789738.83936401,59448127165211.83,MLB,MLB,adaboost
MLB,Gio González,2019,5000000,8674088.709269665,13498927843582.834,MLB,MLB,adaboost
MLB,Carlos Rodón,2019,4450000,5056286.121557407,367582861193.123,MLB,MLB,adaboost
MLB,Ross Detwiler,2019,1000000,5224633.756881604,17847530379783.574,MLB,MLB,adaboost
MLB,Lucas Giolito,2019,627000,7464937.965295016,46757395617222.94,MLB,MLB,adaboost
MLB,Reynaldo López,2019,605000,7578610.892395535,48631248878537.64,MLB,MLB,adaboost
MLB,Dylan Cease,2019,575000,4655526.308725708,16650694956202.654,MLB,MLB,adaboost
MLB,Trevor Bauer,2019,17500000,12278655.82790924,27262434963426.14,MLB,MLB,adaboost
MLB,Wade Miley,2019,7500000,9074195.310302855,2478090874979.5034,MLB,MLB,adaboost
MLB,Anthony DeSclafani,2019,5900000,10403038.867583048,20277359042963.617,MLB,MLB,adaboost
MLB,Luis Castillo,2019,663500,7503406.149834772,46784316138547.53,MLB,MLB,adaboost
MLB,Tyler Mahle,2019,609793,5084191.17480787,20020239026723.996,MLB,MLB,adaboost
MLB,Mike Clevinger,2019,4100000,11720215.62022396,58067686098705.23,MLB,MLB,adaboost
MLB,Shane Bieber,2019,623200,8062144.066080415,55337888818273.016,MLB,MLB,adaboost
MLB,Adam Plutko,2019,574800,5714788.018075861,26419476825963.418,MLB,MLB,adaboost
MLB,Jefry Rodríguez,2019,566000,4033732.7775412616,12025170616434.033,MLB,MLB,adaboost
MLB,Aaron Civale,2019,565400,4293862.293944507,13901431077365.936,MLB,MLB,adaboost
MLB,Zach Plesac,2019,563500,4649250.018080729,16693353210246.678,MLB,MLB,adaboost
MLB,Jon Gray,2019,5600000,7351066.464045501,3066233761504.815,MLB,MLB,adaboost
MLB,Kyle Freeland,2019,2875000,5778816.279207178,8432148983388.622,MLB,MLB,adaboost
MLB,Chi Chi González,2019,1750000,4693869.910415179,8666370049447.875,MLB,MLB,adaboost
MLB,Antonio Senzatela,2019,573500,4745207.464017011,17403143165335.242,MLB,MLB,adaboost
MLB,Jeff Hoffman,2019,568500,5357017.0176792545,22929895228603.82,MLB,MLB,adaboost
MLB,Peter Lambert,2019,565500,4770602.454095865,17682886649443.062,MLB,MLB,adaboost
MLB,Matthew Boyd,2019,5300000,11300317.943891576,36003815427787.23,MLB,MLB,adaboost
MLB,Daniel Norris,2019,2960000,6839418.708738252,15049889517708.363,MLB,MLB,adaboost
MLB,Iván Nova,2019,1500000,7886217.008372729,40783767678029.125,MLB,MLB,adaboost
MLB,Spencer Turnbull,2019,573500,6597565.9399069995,36289370448347.6,MLB,MLB,adaboost
MLB,Dario Agrazal,2019,567900,4450361.949697384,15073510790848.01,MLB,MLB,adaboost
MLB,Tyler Alexander,2019,566600,4963463.138393166,19332405457760.598,MLB,MLB,adaboost
MLB,Justin Verlander,2019,33000000,31398089.104105767,2566118518384.6646,MLB,MLB,adaboost
MLB,Brad Peacock,2019,3900000,9420128.360111466,30471817112106.9,MLB,MLB,adaboost
MLB,José Urquidy,2019,574600,5175889.895869212,21171868705828.105,MLB,MLB,adaboost
MLB,Brad Keller,2019,613000,4777293.667396989,17341341748322.662,MLB,MLB,adaboost
MLB,Glenn Sparkman,2019,604500,6010403.742576726,29223795274005.05,MLB,MLB,adaboost
MLB,Matt Harvey,2019,575000,6760274.0364422705,38257614905886.86,MLB,MLB,adaboost
MLB,Julio Teheran,2019,9000000,8145146.711044158,730774145638.6206,MLB,MLB,adaboost
MLB,Dylan Bundy,2019,5000000,6338250.969394922,1790915657086.4492,MLB,MLB,adaboost
MLB,Andrew Heaney,2019,4300000,9235364.282139169,24357820597415.074,MLB,MLB,adaboost
MLB,Griffin Canning,2019,570500,4814883.291032518,18014789521196.03,MLB,MLB,adaboost
MLB,Dillon Peters,2019,569000,4397589.91096343,14658100706330.965,MLB,MLB,adaboost
MLB,José Suarez,2019,567500,5235428.2563280165,21789554206225.516,MLB,MLB,adaboost
MLB,Patrick Sandoval,2019,565750,4612013.663762585,16372249636685.42,MLB,MLB,adaboost
MLB,Jaime Barria,2019,563500,4655923.340026076,16747928793990.184,MLB,MLB,adaboost
MLB,Alex Wood,2019,4000000,7695254.075857879,13654902685144.266,MLB,MLB,adaboost
MLB,Walker Buehler,2019,603500,5868741.804234488,27722771257058.445,MLB,MLB,adaboost
MLB,Tony Gonsolin,2019,566000,4613429.056942689,16381681970983.986,MLB,MLB,adaboost
MLB,José Ureña,2019,3750000,4786395.913325262,1074116489157.3046,MLB,MLB,adaboost
MLB,Sandy Alcantara,2019,620000,5919113.378100395,28080602593962.582,MLB,MLB,adaboost
MLB,Caleb Smith,2019,586500,7842750.3423074195,52653169030236.54,MLB,MLB,adaboost
MLB,Pablo López,2019,575000,5628678.957640478,25539671006898.152,MLB,MLB,adaboost
MLB,Elieser Hernández,2019,571500,5135144.948900541,20826855219625.426,MLB,MLB,adaboost
MLB,Jordan Yamamoto,2019,565000,5133195.591213098,20868410959578.785,MLB,MLB,adaboost
MLB,Brett Anderson,2019,5000000,7713654.337089324,7363919861203.7,MLB,MLB,adaboost
MLB,Brandon Woodruff,2019,633100,5915841.377776483,27907356464471.773,MLB,MLB,adaboost
MLB,Adrian Houser,2019,581600,5125638.194308533,20648283111334.758,MLB,MLB,adaboost
MLB,Michael Pineda,2019,10000000,13348268.968809674,11210905087493.795,MLB,MLB,adaboost
MLB,Jake Odorizzi,2019,17800000,15093341.293465327,7326001353659.946,MLB,MLB,adaboost
MLB,José Berríos,2019,4025000,8303669.199463035,18307010118433.65,MLB,MLB,adaboost
MLB,Rich Hill,2019,3000000,10563699.091784729,57209543951065.13,MLB,MLB,adaboost
MLB,Devin Smeltzer,2019,571000,3975166.065160319,11588346599189.09,MLB,MLB,adaboost
MLB,Randy Dobnak,2019,571000,4616555.96003305,16366523025758.932,MLB,MLB,adaboost
MLB,Marcus Stroman,2019,12000000,9865823.811336935,4554708004256.408,MLB,MLB,adaboost
MLB,Rick Porcello,2019,10000000,9559194.8859913,194309148536.22342,MLB,MLB,adaboost
MLB,Noah Syndergaard,2019,9700000,8185218.850704968,2294561930259.578,MLB,MLB,adaboost
MLB,Steven Matz,2019,5000000,8576413.392725598,12790732755667.023,MLB,MLB,adaboost
MLB,Michael Wacha,2019,3000000,5904116.2038558135,8433890925497.9,MLB,MLB,adaboost
MLB,Gerrit Cole,2019,36000000,29043129.706549708,48398044279891.16,MLB,MLB,adaboost
MLB,James Paxton,2019,12500000,16847735.483821746,18902803837282.71,MLB,MLB,adaboost
MLB,Jordan Montgomery,2019,805000,7238058.869461254,41384246417954.11,MLB,MLB,adaboost
MLB,Zack Wheeler,2019,23600000,16832067.512771025,45804910151689.375,MLB,MLB,adaboost
MLB,Vince Velasquez,2019,3600000,6359420.77345884,7614403004996.185,MLB,MLB,adaboost
MLB,Zach Eflin,2019,2625000,5175141.704066429,6503222710818.832,MLB,MLB,adaboost
MLB,Trevor Williams,2019,2825000,6380154.998796223,12639127065465.77,MLB,MLB,adaboost
MLB,Joe Musgrove,2019,2800000,7693947.345903387,23950720624474.81,MLB,MLB,adaboost
MLB,Jameson Taillon,2019,2250000,5332510.330353988,9501869936739.055,MLB,MLB,adaboost
MLB,Steven Brault,2019,590500,5877770.1495875195,27955225634719.23,MLB,MLB,adaboost
MLB,Mitch Keller,2019,577500,5467057.616898064,23907773688965.87,MLB,MLB,adaboost
MLB,Zach Davies,2019,5250000,5788624.802701495,290116678085.22406,MLB,MLB,adaboost
MLB,Dinelson Lamet,2019,1300000,7732717.522745985,41379854727443.234,MLB,MLB,adaboost
MLB,Joey Lucchesi,2019,599300,6281609.918356607,32288646008253.867,MLB,MLB,adaboost
MLB,Chris Paddack,2019,588500,5311354.514990594,22305354769767.043,MLB,MLB,adaboost
MLB,Eric Lauer,2019,582300,5340582.972562291,22641256846976.23,MLB,MLB,adaboost
MLB,Jerad Eickhoff,2019,575000,6435382.8581116125,34344087243648.434,MLB,MLB,adaboost
MLB,Cal Quantrill,2019,571800,5393852.574407937,23252191030354.21,MLB,MLB,adaboost
MLB,Ronald Bolaños,2019,563500,4692281.737881997,17046838639067.88,MLB,MLB,adaboost
MLB,Marco Gonzales,2019,7500000,7338964.893796492,25932305429.974983,MLB,MLB,adaboost
MLB,Taijuan Walker,2019,2000000,8131174.263995722,37591297855483.484,MLB,MLB,adaboost
MLB,Justus Sheffield,2019,566300,4623637.773241675,16461989806173.717,MLB,MLB,adaboost
MLB,Justin Dunn,2019,564500,4736586.967438655,17406309663871.473,MLB,MLB,adaboost
MLB,Nick Margevicius,2019,563500,3988571.258185523,11731113123648.562,MLB,MLB,adaboost
MLB,Kevin Gausman,2019,9000000,7158647.294472732,3390579786152.591,MLB,MLB,adaboost
MLB,Drew Smyly,2019,4000000,6344193.225859484,5495241880165.492,MLB,MLB,adaboost
MLB,Tyler Anderson,2019,1775000,7164093.527851176,29042329051927.438,MLB,MLB,adaboost
MLB,Tyson Ross,2019,1750000,6354699.320973226,21203255836571.29,MLB,MLB,adaboost
MLB,Dereck Rodríguez,2019,576000,5091425.07694318,20389063625487.32,MLB,MLB,adaboost
MLB,Tyler Beede,2019,569750,5929727.749593178,28729361476133.945,MLB,MLB,adaboost
MLB,Logan Webb,2019,566625,4772768.5769164385,17691643789635.41,MLB,MLB,adaboost
MLB,Rico Garcia,2019,563500,4003691.5028715753,11834917576429.787,MLB,MLB,adaboost
MLB,Shaun Anderson,2019,563500,4295547.108338236,13928175618855.79,MLB,MLB,adaboost
MLB,Miles Mikolas,2019,17000000,9855119.673612393,51049314878400.67,MLB,MLB,adaboost
MLB,Adam Wainwright,2019,5000000,8884650.457919082,15090509180210.932,MLB,MLB,adaboost
MLB,Jack Flaherty,2019,604500,7665336.070662262,49855406016765.29,MLB,MLB,adaboost
MLB,Dakota Hudson,2019,580500,5206697.092413799,21401699537857.887,MLB,MLB,adaboost
MLB,Daniel Ponce de Leon,2019,572800,5865211.617489838,28009620728941.402,MLB,MLB,adaboost
MLB,Tyler Glasnow,2019,2050000,6863088.3988263635,23165819934916.926,MLB,MLB,adaboost
MLB,Ryan Yarbrough,2019,578500,6924820.1258092085,40275779139251.01,MLB,MLB,adaboost
MLB,Yonny Chirinos,2019,576700,7956609.638164777,54463066267477.375,MLB,MLB,adaboost
MLB,Dylan Covey,2019,575000,4703195.699284778,17041999731593.338,MLB,MLB,adaboost
MLB,Trevor Richards,2019,575000,5662706.007368625,25884752417414.797,MLB,MLB,adaboost
MLB,Sean Gilmartin,2019,575000,6488736.049127796,34972274058753.633,MLB,MLB,adaboost
MLB,Brendan McKay,2019,563500,4674541.018864097,16900658258783.154,MLB,MLB,adaboost
MLB,Kyle Gibson,2019,9333333,10642404.159202192,1713667299854.9707,MLB,MLB,adaboost
MLB,Jordan Lyles,2019,8000000,8222882.532992905,49676623513.33339,MLB,MLB,adaboost
MLB,Kolby Allard,2019,566500,4012997.1144225276,11878342359722.809,MLB,MLB,adaboost
MLB,Brock Burke,2019,564500,4016980.4886047193,11919621524196.281,MLB,MLB,adaboost
MLB,Taylor Hearn,2019,563500,4650452.10889278,16703177540383.14,MLB,MLB,adaboost
MLB,Ariel Jurado,2019,563500,4750122.902894321,17527811331039.27,MLB,MLB,adaboost
MLB,Joe Palumbo,2019,563500,5000682.962378877,19688592641625.387,MLB,MLB,adaboost
MLB,Tanner Roark,2019,12000000,9836492.867763394,4680763111238.661,MLB,MLB,adaboost
MLB,Matt Shoemaker,2019,4200000,7971028.743501207,14220657784312.291,MLB,MLB,adaboost
MLB,Trent Thornton,2019,581900,5480602.896405482,23997290067251.457,MLB,MLB,adaboost
MLB,Ryan Borucki,2019,573800,4691326.416711452,16954023792316.652,MLB,MLB,adaboost
MLB,Sean Reid-Foley,2019,572700,4316980.684248129,14019637842433.637,MLB,MLB,adaboost
MLB,Anthony Kay,2019,565600,4693779.310567366,17041864420196.453,MLB,MLB,adaboost
MLB,Jacob Waguespack,2019,563500,4458336.180319346,15169748871524.59,MLB,MLB,adaboost
MLB,T.J. Zeuch,2019,563500,4150117.6214130432,12863825962230.557,MLB,MLB,adaboost
MLB,Stephen Strasburg,2019,35000000,27337316.418473255,58716719670599.55,MLB,MLB,adaboost
MLB,Austin Voth,2019,568900,6104780.876091123,30645977074271.414,MLB,MLB,adaboost
MLB,Erick Fedde,2019,563500,4131067.6216724264,12727538735205.453,MLB,MLB,adaboost
MLB,Luke Weaver,2020,1950000,5891091.329094671,15532200864265.197,MLB,MLB,adaboost
MLB,Caleb Smith,2020,1465000,6619772.684034052,26571681424063.63,MLB,MLB,adaboost
MLB,Zac Gallen,2020,607500,4475523.617805518,14961606707901.29,MLB,MLB,adaboost
MLB,Sean Manaea,2020,5950000,6333216.736596914,146855067207.9886,MLB,MLB,adaboost
MLB,Chris Bassitt,2020,4900000,8636906.93108081,13964473411559.803,MLB,MLB,adaboost
MLB,Frankie Montas,2020,1800000,5933485.015592211,17085698374125.34,MLB,MLB,adaboost
MLB,Jesús Luzardo,2020,575500,4671560.176135293,16777708966521.488,MLB,MLB,adaboost
MLB,Daulton Jefferies,2020,570500,4068512.591777042,12236092092230.738,MLB,MLB,adaboost
MLB,Paul Blackburn,2020,570500,4757618.001376783,17531957157453.502,MLB,MLB,adaboost
MLB,Charlie Morton,2020,15000000,8099185.214483676,47621244704000.72,MLB,MLB,adaboost
MLB,Drew Smyly,2020,11000000,14782504.923109954,14307343493351.041,MLB,MLB,adaboost
MLB,Max Fried,2020,3500000,5049844.844555747,2402019042196.027,MLB,MLB,adaboost
MLB,Michael Soroka,2020,2800000,3842523.833861692,1086855944169.6805,MLB,MLB,adaboost
MLB,Sean Newcomb,2020,600500,4795970.32366227,17601971236730.793,MLB,MLB,adaboost
MLB,Touki Toussaint,2020,590500,5345819.732596643,22613065759223.01,MLB,MLB,adaboost
MLB,Huascar Ynoa,2020,580500,3722244.769738839,9870560198181.35,MLB,MLB,adaboost
MLB,Ian Anderson,2020,575500,5446392.506751361,23725593812326.56,MLB,MLB,adaboost
MLB,Tanner Roark,2020,570500,6475027.710473476,34863447483749.15,MLB,MLB,adaboost
MLB,Kyle Wright,2020,570500,3919453.901614808,11215492235141.045,MLB,MLB,adaboost
MLB,Tucker Davidson,2020,570500,5794248.2400340205,27287545675258.527,MLB,MLB,adaboost
MLB,Matt Harvey,2020,1000000,6574544.156455234,31075542552269.19,MLB,MLB,adaboost
MLB,Wade LeBlanc,2020,700000,6598945.701059507,34797560384048.44,MLB,MLB,adaboost
MLB,John Means,2020,593500,6941064.989450608,40291581295299.1,MLB,MLB,adaboost
MLB,Jorge López,2020,586750,4566519.603318434,15838566095497.367,MLB,MLB,adaboost
MLB,Dean Kremer,2020,572500,4631363.690654491,16474374459313.396,MLB,MLB,adaboost
MLB,Bruce Zimmermann,2020,571500,4851740.269505901,18320456764699.95,MLB,MLB,adaboost
MLB,Keegan Akin,2020,570500,5441510.621042378,23726744470307.656,MLB,MLB,adaboost
MLB,Garrett Richards,2020,10000000,7703629.001063434,5273319764756.92,MLB,MLB,adaboost
MLB,Martín Pérez,2020,5000000,6195924.700576715,1430235889449.5059,MLB,MLB,adaboost
MLB,Tanner Houck,2020,577000,5866187.6899160715,27975506419159.707,MLB,MLB,adaboost
MLB,Chris Mazza,2020,570500,6725377.612390336,37882518423503.76,MLB,MLB,adaboost
MLB,Zach Davies,2020,8630000,5896786.14256069,7470457990498.274,MLB,MLB,adaboost
MLB,Jake Arrieta,2020,6000000,6200296.787465811,40118803069.124176,MLB,MLB,adaboost
MLB,Trevor Williams,2020,2500000,7760781.261966279,27675819486255.51,MLB,MLB,adaboost
MLB,Alec Mills,2020,600000,5823547.413927921,27285447585553.07,MLB,MLB,adaboost
MLB,Adbert Alzolay,2020,573000,6373065.0911768,33640755061887.746,MLB,MLB,adaboost
MLB,Lucas Giolito,2020,4150000,7258461.295344781,9662531624656.555,MLB,MLB,adaboost
MLB,Carlos Rodón,2020,3000000,4706837.958653873,2913295817101.7197,MLB,MLB,adaboost
MLB,Reynaldo López,2020,2100000,5078424.5970615195,8871013080381.074,MLB,MLB,adaboost
MLB,Dylan Cease,2020,600000,3926788.885980705,11067524291884.738,MLB,MLB,adaboost
MLB,Dane Dunning,2020,572500,5008003.58543873,19673692056439.832,MLB,MLB,adaboost
MLB,Jonathan Stiever,2020,570500,3936542.80706477,11330244178992.475,MLB,MLB,adaboost
MLB,Luis Castillo,2020,4200000,7233424.409752816,9201663649684.22,MLB,MLB,adaboost
MLB,Tyler Mahle,2020,2200000,5684611.403193042,12142516631262.979,MLB,MLB,adaboost
MLB,Shane Bieber,2020,679700,8228843.488309887,56989567407091.57,MLB,MLB,adaboost
MLB,Zach Plesac,2020,590200,6463402.767997762,34494510754016.574,MLB,MLB,adaboost
MLB,Aaron Civale,2020,587400,5430614.594173821,23456727605218.285,MLB,MLB,adaboost
MLB,Triston McKenzie,2020,575300,5496888.324407331,24222031634942.56,MLB,MLB,adaboost
MLB,Jon Gray,2020,6000000,5533504.820113168,217617752857.64764,MLB,MLB,adaboost
MLB,Kyle Freeland,2020,5025000,4691685.275635968,111098705477.87065,MLB,MLB,adaboost
MLB,Antonio Senzatela,2020,3000000,4618665.67770037,2620078576165.197,MLB,MLB,adaboost
MLB,Chi Chi González,2020,1100000,5313745.250790075,17755649038555.914,MLB,MLB,adaboost
MLB,Ryan Castellani,2020,570500,3960405.773634588,11491461154121.113,MLB,MLB,adaboost
MLB,Matthew Boyd,2020,6500000,7661676.979792545,1349493405379.9282,MLB,MLB,adaboost
MLB,José Ureña,2020,3250000,5091511.071152626,3391163025177.6904,MLB,MLB,adaboost
MLB,Michael Fulmer,2020,3100000,4876408.00520222,3155625400946.53,MLB,MLB,adaboost
MLB,Julio Teheran,2020,3000000,6309667.965404534,10953902041224.986,MLB,MLB,adaboost
MLB,Spencer Turnbull,2020,586900,5230730.966732277,21565166047581.63,MLB,MLB,adaboost
MLB,Tarik Skubal,2020,574300,4950538.8173710015,19151466186664.742,MLB,MLB,adaboost
MLB,Casey Mize,2020,574100,4480621.859592568,15260913039474.576,MLB,MLB,adaboost
MLB,Jake Odorizzi,2020,7833333,8642415.580542177,654614622136.7883,MLB,MLB,adaboost
MLB,Framber Valdez,2020,637300,5752515.36441319,26165428224328.76,MLB,MLB,adaboost
MLB,Cristian Javier,2020,620400,7087820.023607739,41827521761762.33,MLB,MLB,adaboost
MLB,José Urquidy,2020,604200,4567338.197346638,15706464371267.959,MLB,MLB,adaboost
MLB,Brandon Bielak,2020,599000,3766141.1101274383,10030782811459.262,MLB,MLB,adaboost
MLB,Mike Minor,2020,9000000,9719265.725384146,517343183712.3817,MLB,MLB,adaboost
MLB,Brad Keller,2020,3350000,4148495.231527809,637594634772.6494,MLB,MLB,adaboost
MLB,Brady Singer,2020,593700,4750073.350568914,17275439429319.459,MLB,MLB,adaboost
MLB,Carlos Hernández,2020,570500,4767776.65818956,17617131345382.92,MLB,MLB,adaboost
MLB,Kris Bubic,2020,570500,4707564.547062482,17115303066561.297,MLB,MLB,adaboost
MLB,Ronald Bolaños,2020,570500,4068512.591777042,12236092092230.738,MLB,MLB,adaboost
MLB,Dylan Bundy,2020,8325000,6929341.961767733,1947861359682.3398,MLB,MLB,adaboost
MLB,Andrew Heaney,2020,6750000,8012702.896582891,1594418605038.8237,MLB,MLB,adaboost
MLB,Jaime Barria,2020,590500,4208117.563931207,13087156838863.562,MLB,MLB,adaboost
MLB,Griffin Canning,2020,590500,4772429.272846738,17488532443092.445,MLB,MLB,adaboost
MLB,Dillon Peters,2020,570500,8252682.6844515065,59015930797286.555,MLB,MLB,adaboost
MLB,Patrick Sandoval,2020,570500,4932555.162298766,19027525238937.312,MLB,MLB,adaboost
MLB,José Suarez,2020,570500,4584903.627854865,16115436487334.303,MLB,MLB,adaboost
MLB,Trevor Bauer,2020,34000000,26390370.299982462,57906464171389.01,MLB,MLB,adaboost
MLB,Walker Buehler,2020,4000000,4891470.91036799,794720384032.3328,MLB,MLB,adaboost
MLB,Julio Urías,2020,3600000,4125887.8499227487,276558030696.3715,MLB,MLB,adaboost
MLB,Cole Hamels,2020,1000000,6772244.863691513,33318810766413.06,MLB,MLB,adaboost
MLB,Dustin May,2020,590500,4275791.074822939,13581370306169.613,MLB,MLB,adaboost
MLB,Tony Gonsolin,2020,580500,6640413.339103462,36722549677444.07,MLB,MLB,adaboost
MLB,Sandy Alcantara,2020,630000,4591751.663707768,15695476244891.264,MLB,MLB,adaboost
MLB,Pablo López,2020,595000,5109339.935316536,20379265051593.703,MLB,MLB,adaboost
MLB,Elieser Hernández,2020,579000,6482097.353499311,34846558364890.57,MLB,MLB,adaboost
MLB,Trevor Rogers,2020,570500,4991851.344921632,19548347715240.32,MLB,MLB,adaboost
MLB,Daniel Castano,2020,570500,4356292.481645335,14332224714082.348,MLB,MLB,adaboost
MLB,Braxton Garrett,2020,570500,4627621.147423867,16460232004873.957,MLB,MLB,adaboost
MLB,Jordan Yamamoto,2020,570500,4759590.93213614,17548482837705.232,MLB,MLB,adaboost
MLB,Brandon Woodruff,2020,3275000,8089197.06786614,23176493408250.94,MLB,MLB,adaboost
MLB,Brett Anderson,2020,2500000,6731555.548613005,17906062360997.51,MLB,MLB,adaboost
MLB,Jordan Zimmermann,2020,1000000,8298393.251259712,53266544050033.305,MLB,MLB,adaboost
MLB,Zack Godley,2020,800000,6709437.643411559,34921453261369.562,MLB,MLB,adaboost
MLB,Corbin Burnes,2020,608000,6373065.0911768,33235975505505.37,MLB,MLB,adaboost
MLB,Adrian Houser,2020,584100,4590939.08031368,16054759415528.975,MLB,MLB,adaboost
MLB,Eric Lauer,2020,570500,4730060.562098263,17301944069763.217,MLB,MLB,adaboost
MLB,Randy Dobnak,2020,1850000,4234289.663808258,5684837200942.897,MLB,MLB,adaboost
MLB,J.A. Happ,2020,8000000,8383192.584336108,146836556690.18494,MLB,MLB,adaboost
MLB,José Berríos,2020,6100000,5388041.445575339,506884983218.4533,MLB,MLB,adaboost
MLB,Matt Shoemaker,2020,2000000,8200084.1981311925,38441044063916.11,MLB,MLB,adaboost
MLB,Taijuan Walker,2020,7666667,5892136.46332611,3148958625588.1255,MLB,MLB,adaboost
MLB,Steven Matz,2020,5200000,7148922.011920707,3798297008549.0576,MLB,MLB,adaboost
MLB,Robert Gsellman,2020,1300000,4443718.556056747,9882966359695.52,MLB,MLB,adaboost
MLB,Joey Lucchesi,2020,607100,6111396.112860005,30297275698045.766,MLB,MLB,adaboost
MLB,David Peterson,2020,585750,3888917.1658431096,10910913325504.002,MLB,MLB,adaboost
MLB,Corey Kluber,2020,11000000,11388695.14230667,151083913652.80286,MLB,MLB,adaboost
MLB,Jordan Montgomery,2020,2130000,6657695.178095845,20500023625752.363,MLB,MLB,adaboost
MLB,Asher Wojciechowski,2020,750000,5516865.529111562,22723006972632.055,MLB,MLB,adaboost
MLB,Deivi García,2020,570500,5278002.485601665,22160579651945.86,MLB,MLB,adaboost
MLB,Zach Eflin,2020,4450000,5954538.390349995,2263635768036.955,MLB,MLB,adaboost
MLB,Vince Velasquez,2020,4000000,6605550.539626209,6788893614546.43,MLB,MLB,adaboost
MLB,Chase Anderson,2020,4000000,8485972.462332008,20123948932801.1,MLB,MLB,adaboost
MLB,Spencer Howard,2020,570500,5044948.554361089,20020689865624.04,MLB,MLB,adaboost
MLB,Adonis Medina,2020,570500,5330408.581770306,22656729706810.61,MLB,MLB,adaboost
MLB,Tyler Anderson,2020,2500000,6470625.522691031,15765867041445.424,MLB,MLB,adaboost
MLB,Chad Kuhl,2020,2130000,6039430.288781093,15283645182839.023,MLB,MLB,adaboost
MLB,Steven Brault,2020,2050000,6699593.367748277,21618718485408.766,MLB,MLB,adaboost
MLB,Trevor Cahill,2020,1500000,8743673.506196473,52470805864372.7,MLB,MLB,adaboost
MLB,JT Brubaker,2020,590500,5660172.439698926,25701578645842.863,MLB,MLB,adaboost
MLB,Cody Ponce,2020,580500,4557573.145747896,15817110806629.068,MLB,MLB,adaboost
MLB,Mitch Keller,2020,579000,4508637.575241734,15442051472751.736,MLB,MLB,adaboost
MLB,Chase De Jong,2020,570500,5142685.59113659,20904881079797.047,MLB,MLB,adaboost
MLB,Mike Clevinger,2020,5750000,11247876.420149213,30226645131232.723,MLB,MLB,adaboost
MLB,Joe Musgrove,2020,4450000,8454516.155543601,16036149640009.703,MLB,MLB,adaboost
MLB,Dinelson Lamet,2020,4200000,8169601.021737013,15757732271775.537,MLB,MLB,adaboost
MLB,Chris Paddack,2020,610900,5413955.64449613,23069343524126.133,MLB,MLB,adaboost
MLB,Vince Velasquez,2020,570500,6605550.539626209,36421835015842.59,MLB,MLB,adaboost
MLB,Jake Arrieta,2020,570500,6200296.787465811,31694611868160.363,MLB,MLB,adaboost
MLB,James Paxton,2020,8500000,9584888.091057532,1176982170118.4548,MLB,MLB,adaboost
MLB,Justus Sheffield,2020,625000,4606374.750526481,15851344904129.8,MLB,MLB,adaboost
MLB,Nick Margevicius,2020,586900,4671887.871712022,16687125912034.318,MLB,MLB,adaboost
MLB,Justin Dunn,2020,584900,4319226.1135500055,13945191522341.488,MLB,MLB,adaboost
MLB,Jimmy Yacabonis,2020,570500,5847220.795354475,27843782352126.367,MLB,MLB,adaboost
MLB,Ljay Newsome,2020,570500,4529770.514115914,15675823003947.691,MLB,MLB,adaboost
MLB,Kevin Gausman,2020,18900000,13532197.269194476,28813306156843.24,MLB,MLB,adaboost
MLB,Anthony DeSclafani,2020,6000000,5375249.877746441,390312715255.8364,MLB,MLB,adaboost
MLB,Logan Webb,2020,583000,4263529.588055868,13546298048554.695,MLB,MLB,adaboost
MLB,Tyler Chatwood,2020,570500,7648051.932440969,50091741356398.9,MLB,MLB,adaboost
MLB,Adam Wainwright,2020,8000000,8561024.950521212,314748995107.3284,MLB,MLB,adaboost
MLB,Jack Flaherty,2020,3900000,4875154.768216691,950926821975.7483,MLB,MLB,adaboost
MLB,Dakota Hudson,2020,595700,4475020.687587852,15049128997147.082,MLB,MLB,adaboost
MLB,Daniel Ponce de Leon,2020,585500,8187247.270381771,57786561562756.7,MLB,MLB,adaboost
MLB,Wade LeBlanc,2020,570500,6598945.701059507,36342157570622.85,MLB,MLB,adaboost
MLB,Johan Oviedo,2020,570500,3881027.329710256,10959591200758.518,MLB,MLB,adaboost
MLB,Tyler Glasnow,2020,4000000,7876466.683998042,15026993952146.773,MLB,MLB,adaboost
MLB,Michael Wacha,2020,3000000,9299077.011586802,39678371197901.32,MLB,MLB,adaboost
MLB,Rich Hill,2020,2500000,6683963.96380189,17505554450392.82,MLB,MLB,adaboost
MLB,Ryan Yarbrough,2020,2300000,5925079.390212607,13141200585344.203,MLB,MLB,adaboost
MLB,Yonny Chirinos,2020,1175000,5319329.361143713,17175465853637.855,MLB,MLB,adaboost
MLB,Josh Fleming,2020,570500,4637048.922543536,16536820139439.992,MLB,MLB,adaboost
MLB,Mike Foltynewicz,2020,2000000,6418005.849431519,19518775685611.12,MLB,MLB,adaboost
MLB,Kolby Allard,2020,584250,4706965.997898426,16996787199327.613,MLB,MLB,adaboost
MLB,Robbie Ray,2020,8000000,6570341.753027618,2043922703136.1445,MLB,MLB,adaboost
MLB,Ross Stripling,2020,3000000,6095494.123182252,9582083866655.86,MLB,MLB,adaboost
MLB,Tyler Chatwood,2020,3000000,7648051.932440969,21604386766668.227,MLB,MLB,adaboost
MLB,Tommy Milone,2020,1000000,8841712.647136299,61492457240257.38,MLB,MLB,adaboost
MLB,Trent Thornton,2020,592900,5058147.81861491,19938438081645.215,MLB,MLB,adaboost
MLB,Nate Pearson,2020,577500,4375682.854700602,14426192997741.611,MLB,MLB,adaboost
MLB,Jon Lester,2020,5000000,6349892.084312891,1822208639290.6003,MLB,MLB,adaboost
MLB,Austin Voth,2020,587700,7468898.158190884,47350888092289.61,MLB,MLB,adaboost
MLB,Erick Fedde,2020,575000,4477693.588345642,15231017244514.186,MLB,MLB,adaboost
MLB,Wil Crowe,2020,574000,5223317.336148074,21616151692207.023,MLB,MLB,adaboost
MLB,Paolo Espino,2020,570500,7346638.342538252,45916050837217.04,MLB,MLB,adaboost
MLB,Luke Weaver,2021,2875000,6459042.277762361,12845359048788.012,MLB,MLB,adaboost
MLB,Zach Davies,2021,1750000,6425859.961139158,21863666376184.293,MLB,MLB,adaboost
MLB,Zac Gallen,2021,1670875,4795423.435462686,9762802925552.32,MLB,MLB,adaboost
MLB,Zac Gallen,2021,745600,4795423.435462686,16401069858422.795,MLB,MLB,adaboost
MLB,Humberto Castellanos,2021,713700,3703710.9602507465,8940165542419.592,MLB,MLB,adaboost
MLB,Corbin Martin,2021,705100,4298626.800011172,12913434862398.533,MLB,MLB,adaboost
MLB,Dallas Keuchel,2021,700000,6861515.007608999,37964267188990.914,MLB,MLB,adaboost
MLB,Tyler Gilbert,2021,700000,5437621.184208355,22445054485059.773,MLB,MLB,adaboost
MLB,Taylor Widener,2021,700000,5384845.577686351,21947778086767.36,MLB,MLB,adaboost
MLB,Sean Manaea,2021,9750000,14509793.968090145,22655638618667.33,MLB,MLB,adaboost
MLB,Chris Bassitt,2021,8800000,15831172.54746918,49437387392284.24,MLB,MLB,adaboost
MLB,Frankie Montas,2021,5025000,10678012.454647226,31956549812396.66,MLB,MLB,adaboost
MLB,Paul Blackburn,2021,710000,5245786.884883551,20573362665081.625,MLB,MLB,adaboost
MLB,James Kaprielian,2021,705000,6812676.2593720555,37303709289297.02,MLB,MLB,adaboost
MLB,Cole Irvin,2021,705000,7652657.040963084,48269938358843.92,MLB,MLB,adaboost
MLB,Cole Irvin,2021,201978,7652657.040963084,55512618171446.586,MLB,MLB,adaboost
MLB,Charlie Morton,2021,20000000,19708784.540712427,84806443728.07188,MLB,MLB,adaboost
MLB,Max Fried,2021,6850000,8917560.17528206,4274805078412.3794,MLB,MLB,adaboost
MLB,Huascar Ynoa,2021,720000,5058399.245430155,18821708012748.938,MLB,MLB,adaboost
MLB,Kyle Wright,2021,720000,4836528.5281707095,16945807123243.309,MLB,MLB,adaboost
MLB,Tucker Davidson,2021,710000,4439884.587172724,13912039033628.645,MLB,MLB,adaboost
MLB,Ian Anderson,2021,710000,4323290.826342629,13055870595731.8,MLB,MLB,adaboost
MLB,Touki Toussaint,2021,700000,4829887.204150924,17055968319009.54,MLB,MLB,adaboost
MLB,Kyle Muller,2021,700000,4512153.498944452,14532514299514.428,MLB,MLB,adaboost
MLB,Kyle Wright,2021,477143,4836528.5281707095,19004242183224.215,MLB,MLB,adaboost
MLB,Jordan Lyles,2021,7000000,9230288.315695798,4974185971129.199,MLB,MLB,adaboost
MLB,John Means,2021,2962500,9201571.740423642,38926016182152.89,MLB,MLB,adaboost
MLB,Jorge López,2021,1500000,7023382.098875635,30507749810179.816,MLB,MLB,adaboost
MLB,Matt Harvey,2021,1000000,7443005.677980364,41512322166487.21,MLB,MLB,adaboost
MLB,Keegan Akin,2021,709500,6255587.2869061055,30759084193981.527,MLB,MLB,adaboost
MLB,Bruce Zimmermann,2021,705500,6233408.898275984,30557776787638.81,MLB,MLB,adaboost
MLB,Dean Kremer,2021,705500,5045566.048207086,18836173302799.867,MLB,MLB,adaboost
MLB,Chris Ellis,2021,700000,5067104.535533522,19071602024277.46,MLB,MLB,adaboost
MLB,Zac Lowther,2021,700000,4644870.760650581,15562005318235.89,MLB,MLB,adaboost
MLB,Spenser Watkins,2021,700000,5141634.397457958,19728116120681.72,MLB,MLB,adaboost
MLB,Dean Kremer,2021,280627,5045566.048207086,22704644133128.65,MLB,MLB,adaboost
MLB,James Paxton,2021,10000000,14236353.685168551,17946692545841.164,MLB,MLB,adaboost
MLB,Michael Wacha,2021,7000000,8511909.989185534,2285871815399.003,MLB,MLB,adaboost
MLB,Rich Hill,2021,5000000,11594462.057218842,43486929824098.96,MLB,MLB,adaboost
MLB,Nick Pivetta,2021,2650000,7827067.940676405,26802032462379.434,MLB,MLB,adaboost
MLB,Tanner Houck,2021,716000,5827362.708319459,26126028735998.836,MLB,MLB,adaboost
MLB,Kutter Crawford,2021,702000,5223317.336148074,20442310454153.113,MLB,MLB,adaboost
MLB,Connor Seabold,2021,700000,5266473.54692606,20852680654775.47,MLB,MLB,adaboost
MLB,Marcus Stroman,2021,23666667,16523656.314591916,51022601651854.06,MLB,MLB,adaboost
MLB,Drew Smyly,2021,5250000,8308113.6100557195,9352058852008.025,MLB,MLB,adaboost
MLB,Steven Brault,2021,1500000,6155213.0116245495,21671008183598.508,MLB,MLB,adaboost
MLB,Alec Mills,2021,741250,6261744.470853861,30475859202728.055,MLB,MLB,adaboost
MLB,Adbert Alzolay,2021,718250,5912689.894173776,26982205814184.066,MLB,MLB,adaboost
MLB,Adrian Sampson,2021,700000,7474395.405793866,45892433114041.04,MLB,MLB,adaboost
MLB,Lance Lynn,2021,19000000,15589774.472269192,11629638149986.865,MLB,MLB,adaboost
MLB,Lucas Giolito,2021,7450000,7003258.225352062,199578213215.5891,MLB,MLB,adaboost
MLB,Johnny Cueto,2021,4200000,9223229.789689839,25232837520027.42,MLB,MLB,adaboost
MLB,Vince Velasquez,2021,3000000,6408814.045108206,11620013194126.969,MLB,MLB,adaboost
MLB,Dylan Cease,2021,2457426,8016912.279072153,30907887687191.54,MLB,MLB,adaboost
MLB,Dylan Cease,2021,750000,8016912.279072153,52808014071729.64,MLB,MLB,adaboost
MLB,Jimmy Lambert,2021,700000,4410101.668402865,13764854389885.719,MLB,MLB,adaboost
MLB,Luis Castillo,2021,7350000,8327305.868708316,955126761011.7167,MLB,MLB,adaboost
MLB,Tyler Mahle,2021,5200000,6522676.812386186,1749473950024.0815,MLB,MLB,adaboost
MLB,Justin Dunn,2021,720000,4652657.117189911,15465792001384.463,MLB,MLB,adaboost
MLB,Vladimir Gutierrez,2021,707500,4859535.987638411,17239402842644.477,MLB,MLB,adaboost
MLB,Chase Anderson,2021,700000,5153627.828155641,19834800831722.336,MLB,MLB,adaboost
MLB,T.J. Zeuch,2021,700000,4174935.38063363,12075175899579.39,MLB,MLB,adaboost
MLB,Riley O'Brien,2021,700000,7376171.453338153,44571265274367.266,MLB,MLB,adaboost
MLB,Reiver Sanmartin,2021,700000,6837119.0858492525,37664230673895.164,MLB,MLB,adaboost
MLB,Shane Bieber,2021,6000000,7283361.051503308,1647015588515.6768,MLB,MLB,adaboost
MLB,Cal Quantrill,2021,2510000,5925654.95189846,11666698750428.473,MLB,MLB,adaboost
MLB,Zach Plesac,2021,2000000,6134378.903729063,17093088919599.932,MLB,MLB,adaboost
MLB,Aaron Civale,2021,716900,5666366.377946326,24497217426421.12,MLB,MLB,adaboost
MLB,Triston McKenzie,2021,707100,6764679.142779157,36694265071033.06,MLB,MLB,adaboost
MLB,Eli Morgan,2021,702100,5944374.983212592,27481446999616.582,MLB,MLB,adaboost
MLB,Logan Allen,2021,701700,3875159.2915426986,10070843875078.688,MLB,MLB,adaboost
MLB,Triston McKenzie,2021,531152,6764679.142779157,38856860639764.48,MLB,MLB,adaboost
MLB,Kyle Freeland,2021,12900000,8110611.6531560775,22938240736884.36,MLB,MLB,adaboost
MLB,Antonio Senzatela,2021,10100000,6580862.942669227,12384325628278.693,MLB,MLB,adaboost
MLB,Chad Kuhl,2021,3000000,6400194.44274795,11561322248494.04,MLB,MLB,adaboost
MLB,Peter Lambert,2021,762500,4210211.542817841,11886714882479.379,MLB,MLB,adaboost
MLB,Austin Gomber,2021,710000,6598410.79163583,34673381651053.3,MLB,MLB,adaboost
MLB,José Ureña,2021,700000,5873669.688310165,26766858043739.4,MLB,MLB,adaboost
MLB,Ryan Feltner,2021,700000,4862075.524026394,17322872667699.582,MLB,MLB,adaboost
MLB,Eduardo Rodríguez,2021,15400000,9773288.554119851,31659881695198.67,MLB,MLB,adaboost
MLB,Michael Pineda,2021,5500000,7960655.273118796,6054824373127.336,MLB,MLB,adaboost
MLB,Spencer Turnbull,2021,1825000,7091987.480369399,27741157118367.992,MLB,MLB,adaboost
MLB,Wily Peralta,2021,2500000,7075571.648560137,20935855911107.324,MLB,MLB,adaboost
MLB,Casey Mize,2021,714200,5287162.0788597185,20911982174689,MLB,MLB,adaboost
MLB,Tarik Skubal,2021,713600,5001252.443721792,18383963478153.453,MLB,MLB,adaboost
MLB,Matt Manning,2021,705300,4569791.123531307,14934291643852.264,MLB,MLB,adaboost
MLB,Luis Castillo,2021,700000,8327305.868708316,58175794814832.32,MLB,MLB,adaboost
MLB,Tarik Skubal,2021,293739,5001252.443721792,22160682822821.402,MLB,MLB,adaboost
MLB,Framber Valdez,2021,3000000,7183513.402402805,17501784388083.895,MLB,MLB,adaboost
MLB,José Urquidy,2021,748700,6612427.673691976,34383302231221.11,MLB,MLB,adaboost
MLB,Zack Greinke,2021,13000000,8039380.93525727,24607741505489.04,MLB,MLB,adaboost
MLB,Brad Keller,2021,4825000,5794568.113708533,940062327120.3235,MLB,MLB,adaboost
MLB,Brady Singer,2021,726250,5075418.311861965,18915265004904.254,MLB,MLB,adaboost
MLB,Kris Bubic,2021,713750,4892867.246922761,17465020963527.28,MLB,MLB,adaboost
MLB,Jackson Kowar,2021,702000,4436012.622999249,13942850268717.732,MLB,MLB,adaboost
MLB,Ángel Zerpa,2021,700000,6306612.285541641,31434101320386.457,MLB,MLB,adaboost
MLB,Brady Singer,2021,421437,5075418.311861965,21659542051160.414,MLB,MLB,adaboost
MLB,Noah Syndergaard,2021,21000000,12848714.89162417,66443448918029.58,MLB,MLB,adaboost
MLB,Griffin Canning,2021,730000,4836528.5281707095,16863576552679.895,MLB,MLB,adaboost
MLB,Jaime Barria,2021,730000,4074258.3839233774,11184064138441.799,MLB,MLB,adaboost
MLB,José Suarez,2021,720000,5131021.507659703,19457110741036.477,MLB,MLB,adaboost
MLB,Patrick Sandoval,2021,720000,4682992.226001077,15705307383344.975,MLB,MLB,adaboost
MLB,Reid Detmers,2021,710000,4726003.610947665,16128285003144.684,MLB,MLB,adaboost
MLB,Cooper Criswell,2021,710000,5111710.031231652,19375051199045.35,MLB,MLB,adaboost
MLB,Jhonathan Díaz,2021,700000,3893909.0698759514,10201055146635.865,MLB,MLB,adaboost
MLB,Janson Junk,2021,700000,4636193.302972502,15493617718365.576,MLB,MLB,adaboost
MLB,Patrick Sandoval,2021,432834,4682992.226001077,18063844946044.625,MLB,MLB,adaboost
MLB,Reid Detmers,2021,284691,4726003.610947665,19725257708162.76,MLB,MLB,adaboost
MLB,Clayton Kershaw,2021,17000000,17541077.845658127,292765235062.04016,MLB,MLB,adaboost
MLB,Andrew Heaney,2021,8500000,8331750.655744933,28307841842.260185,MLB,MLB,adaboost
MLB,Julio Urías,2021,8000000,7145693.274870739,729839980601.0822,MLB,MLB,adaboost
MLB,Tyler Anderson,2021,8000000,7556493.79070494,196697757683.27316,MLB,MLB,adaboost
MLB,Danny Duffy,2021,3000000,10100031.006287556,50410440290244.69,MLB,MLB,adaboost
MLB,Dustin May,2021,730000,6438422.849959213,32586091433936.47,MLB,MLB,adaboost
MLB,Tony Gonsolin,2021,720000,5484458.033401774,22700060352046.703,MLB,MLB,adaboost
MLB,Tony Gonsolin,2021,529938,5484458.033401774,24547268761379.52,MLB,MLB,adaboost
MLB,Sandy Alcantara,2021,11200000,8007051.520193735,10194919994697.139,MLB,MLB,adaboost
MLB,Pablo López,2021,2450000,4896922.89937433,5987431675482.4795,MLB,MLB,adaboost
MLB,Elieser Hernández,2021,1325000,5826753.211044436,20265781973148.895,MLB,MLB,adaboost
MLB,Trevor Rogers,2021,722000,4957415.1288007405,17938741313274.19,MLB,MLB,adaboost
MLB,Jesús Luzardo,2021,715000,4786443.562443635,16576652682163.72,MLB,MLB,adaboost
MLB,Zach Thompson,2021,705000,5614056.805656121,24098838721158.68,MLB,MLB,adaboost
MLB,Daniel Castano,2021,705000,4256233.29398996,12611257908342.783,MLB,MLB,adaboost
MLB,Cody Poteet,2021,704000,5493241.654511997,22936835625312.805,MLB,MLB,adaboost
MLB,Edward Cabrera,2021,700000,4912782.378960785,17747535372482.496,MLB,MLB,adaboost
MLB,Braxton Garrett,2021,700000,4357023.3566501755,13373819831084.916,MLB,MLB,adaboost
MLB,Nick Neidert,2021,700000,3875334.256531723,10082747640703.87,MLB,MLB,adaboost
MLB,Jesús Luzardo,2021,288794,4786443.562443635,20228851586549.426,MLB,MLB,adaboost
MLB,Brandon Woodruff,2021,6800000,10159810.440360656,11288326195156.465,MLB,MLB,adaboost
MLB,Corbin Burnes,2021,6500000,10216760.22280355,13814306553814.693,MLB,MLB,adaboost
MLB,Eric Lauer,2021,2425000,5558563.315088242,9819219049666.814,MLB,MLB,adaboost
MLB,Adrian Houser,2021,2425000,6957417.980977876,20542812754291.566,MLB,MLB,adaboost
MLB,José Ureña,2021,1250000,5873669.688310165,21378321386598.22,MLB,MLB,adaboost
MLB,Dylan Bundy,2021,5000000,7137018.348375606,4566847421294.005,MLB,MLB,adaboost
MLB,Chris Archer,2021,3500000,7866725.563363615,19068292145733.285,MLB,MLB,adaboost
MLB,Bailey Ober,2021,706200,5405636.295121203,22084701491902.5,MLB,MLB,adaboost
MLB,Joe Ryan,2021,701650,6309080.890977763,31443281197091.664,MLB,MLB,adaboost
MLB,Chi Chi González,2021,700000,5898345.917033447,27022800273138.31,MLB,MLB,adaboost
MLB,Aaron Sanchez,2021,700000,5061489.832958195,19022593562997.707,MLB,MLB,adaboost
MLB,Griffin Jax,2021,700000,4716098.210292314,16129044834713.129,MLB,MLB,adaboost
MLB,Joe Ryan,2021,265573,6309080.890977763,36523987628310.484,MLB,MLB,adaboost
MLB,Max Scherzer,2021,43333333,35346296.844084345,63792746555903.93,MLB,MLB,adaboost
MLB,Trevor Williams,2021,3900000,8226961.410900742,18722595051424.137,MLB,MLB,adaboost
MLB,Joey Lucchesi,2021,1150000,6875787.902224688,32784647101262.59,MLB,MLB,adaboost
MLB,Tylor Megill,2021,707500,5064531.917122573,18983727126824.8,MLB,MLB,adaboost
MLB,David Peterson,2021,700000,4776367.469813071,16616771748950.22,MLB,MLB,adaboost
MLB,Jordan Montgomery,2021,6000000,8285421.733062881,5223152497956.143,MLB,MLB,adaboost
MLB,Jameson Taillon,2021,5800000,11780679.03142753,35768521676956.945,MLB,MLB,adaboost
MLB,Domingo Germán,2021,1750000,7909314.255906147,37937152103008.695,MLB,MLB,adaboost
MLB,Nestor Cortes,2021,727500,5272844.251100386,20660154361011.324,MLB,MLB,adaboost
MLB,Clarke Schmidt,2021,712500,4542435.411855836,14668405258987.336,MLB,MLB,adaboost
MLB,Chi Chi González,2021,700000,5898345.917033447,27022800273138.31,MLB,MLB,adaboost
MLB,Deivi García,2021,700000,4316980.684248129,13082549270224.062,MLB,MLB,adaboost
MLB,Luis Gil,2021,700000,5609567.952403549,24103857479267.977,MLB,MLB,adaboost
MLB,Nestor Cortes,2021,597831,5272844.251100386,21855748897964.195,MLB,MLB,adaboost
MLB,Zach Eflin,2021,5700000,7415550.43459811,2943113293649.763,MLB,MLB,adaboost
MLB,Hans Crouse,2021,700000,4480318.28751088,14290806354889.195,MLB,MLB,adaboost
MLB,Jerad Eickhoff,2021,1000000,6250502.399884225,27567775451190.004,MLB,MLB,adaboost
MLB,JT Brubaker,2021,725000,6997672.568652441,39346421153524.81,MLB,MLB,adaboost
MLB,Mitch Keller,2021,725000,5338503.019469604,21284410110655.152,MLB,MLB,adaboost
MLB,Bryse Wilson,2021,715000,4714346.18352693,15994769895691.424,MLB,MLB,adaboost
MLB,Dillon Peters,2021,715000,6986818.94317699,39335712855993.74,MLB,MLB,adaboost
MLB,Wil Crowe,2021,715000,5693696.671496459,24787420546769.92,MLB,MLB,adaboost
MLB,Miguel Yajure,2021,705000,3936542.80706477,10442868913892.053,MLB,MLB,adaboost
MLB,Max Kranick,2021,705000,4169662.8189029447,12003888448688.498,MLB,MLB,adaboost
MLB,Chase De Jong,2021,700000,5892980.88975869,26967050521398.957,MLB,MLB,adaboost
MLB,Roansy Contreras,2021,700000,5909301.947346208,27136826778624.992,MLB,MLB,adaboost
MLB,Mitch Keller,2021,252104,5338503.019469604,25871454985261.348,MLB,MLB,adaboost
MLB,Joe Musgrove,2021,8625000,9445105.749314524,672573440058.7373,MLB,MLB,adaboost
MLB,Chris Paddack,2021,2250000,6000611.492527229,14067086567877.326,MLB,MLB,adaboost
MLB,Adrián Morejón,2021,704500,4622999.961753481,15354641950262.033,MLB,MLB,adaboost
MLB,Ryan Weathers,2021,700000,4638762.442411659,15513849577752.66,MLB,MLB,adaboost
MLB,Robbie Ray,2021,23000000,21336676.99545181,2766643417459.2124,MLB,MLB,adaboost
MLB,Justus Sheffield,2021,760800,4649628.225053779,15122984963974.924,MLB,MLB,adaboost
MLB,Logan Gilbert,2021,712300,5218994.059600311,20310291346836.734,MLB,MLB,adaboost
MLB,Carlos Rodón,2021,22000000,17134141.512782663,23676578817624.992,MLB,MLB,adaboost
MLB,Anthony DeSclafani,2021,12000000,14924474.528631084,8552551268611.999,MLB,MLB,adaboost
MLB,Alex Wood,2021,12500000,14235258.877058748,3011123370411.1875,MLB,MLB,adaboost
MLB,Alex Cobb,2021,10000000,12556476.71075063,6535573172610.361,MLB,MLB,adaboost
MLB,Matthew Boyd,2021,5200000,8680298.396231953,12112476926814.705,MLB,MLB,adaboost
MLB,Logan Webb,2021,730000,5310856.891975108,20984249864755.844,MLB,MLB,adaboost
MLB,Logan Webb,2021,572075,5310856.891975108,22456053819711.18,MLB,MLB,adaboost
MLB,Steven Matz,2021,11000000,12245360.105044264,1550921791235.861,MLB,MLB,adaboost
MLB,Adam Wainwright,2021,17500000,14593534.471360855,8447541869167.626,MLB,MLB,adaboost
MLB,Jack Flaherty,2021,5000000,5009317.114613318,86808624.71770167,MLB,MLB,adaboost
MLB,Dakota Hudson,2021,1050000,5731831.321533044,21919544523287.848,MLB,MLB,adaboost
MLB,Packy Naughton,2021,700000,4152394.1883819904,11919025631973.742,MLB,MLB,adaboost
MLB,Johan Oviedo,2021,700000,4110509.376160568,11631574204879.146,MLB,MLB,adaboost
MLB,Corey Kluber,2021,8000000,11580001.43507081,12816410275109.064,MLB,MLB,adaboost
MLB,Tyler Glasnow,2021,5100000,9456715.138856975,18980966801145.555,MLB,MLB,adaboost
MLB,Ryan Yarbrough,2021,3850000,7508173.426939556,13382232821566.697,MLB,MLB,adaboost
MLB,Shane McClanahan,2021,711400,4834522.558071753,17000139628880.156,MLB,MLB,adaboost
MLB,Luis Patiño,2021,707400,4585919.699865764,15042915062246.816,MLB,MLB,adaboost
MLB,Shane Baz,2021,701100,7523899.2481753295,46550589580901.84,MLB,MLB,adaboost
MLB,Shane McClanahan,2021,563144,4834522.558071753,18244674786355.13,MLB,MLB,adaboost
MLB,Jon Gray,2021,14000000,10604332.218447305,11530559682675,MLB,MLB,adaboost
MLB,Garrett Richards,2021,5500000,7382185.650619232,3542622823396.942,MLB,MLB,adaboost
MLB,Martín Pérez,2021,4000000,7602127.285232191,12975320979014.234,MLB,MLB,adaboost
MLB,Matt Moore,2021,2500000,5654886.074212155,9953306141257.785,MLB,MLB,adaboost
MLB,Kolby Allard,2021,720000,5014145.719612762,18439687461268.61,MLB,MLB,adaboost
MLB,Spencer Howard,2021,714000,4436012.622999249,13853377965765.75,MLB,MLB,adaboost
MLB,Dane Dunning,2021,714000,5883151.495615904,26720127184628.14,MLB,MLB,adaboost
MLB,Dallas Keuchel,2021,700000,6861515.007608999,37964267188990.914,MLB,MLB,adaboost
MLB,A.J. Alexy,2021,700000,4310748.240962534,13037502859614.035,MLB,MLB,adaboost
MLB,Glenn Otto,2021,700000,4833944.326083885,17089495691161.143,MLB,MLB,adaboost
MLB,José Berríos,2021,18714286,11254974.074171556,55641334406806.445,MLB,MLB,adaboost
MLB,Kevin Gausman,2021,22000000,23207726.80569483,1458604037193.837,MLB,MLB,adaboost
MLB,Yusei Kikuchi,2021,12000000,13170422.505952451,1369888842440.016,MLB,MLB,adaboost
MLB,Ross Stripling,2021,3790000,8985832.404366186,26996674374261.7,MLB,MLB,adaboost
MLB,Alek Manoah,2021,2191023,5545654.443686046,11253552122967.123,MLB,MLB,adaboost
MLB,Alek Manoah,2021,730000,5545654.443686046,23190527720993.16,MLB,MLB,adaboost
MLB,Thomas Hatch,2021,715800,5060434.223106332,18875846532586.76,MLB,MLB,adaboost
MLB,Joe Ross,2021,2400000,8072523.421527154,32177521967774.13,MLB,MLB,adaboost
MLB,Erick Fedde,2021,2150000,7363552.191812011,27181126456747.83,MLB,MLB,adaboost
MLB,Aaron Sanchez,2021,2000000,5061489.832958195,9372719997306.398,MLB,MLB,adaboost
MLB,Paolo Espino,2021,716200,7305517.581170981,43419106185528.984,MLB,MLB,adaboost
MLB,Josiah Gray,2021,703500,4511998.842209143,14504663431108.38,MLB,MLB,adaboost
MLB,Joan Adon,2021,700200,5640115.243794541,24402762615873.68,MLB,MLB,adaboost
MLB,Josh Rogers,2021,700000,4291852.415702377,12901403776187.004,MLB,MLB,adaboost
MLB,Merrill Kelly,2022,9000000,11933410.390162213,8604896517111.625,MLB,MLB,adaboost
MLB,Zac Gallen,2022,5600000,8132417.666525246,6413139237729.17,MLB,MLB,adaboost
MLB,Zach Davies,2022,5000000,8323831.798482128,11047857824600.94,MLB,MLB,adaboost
MLB,Drey Jameson,2022,723600,4633780.154365724,15289508839595.557,MLB,MLB,adaboost
MLB,Ryne Nelson,2022,722700,5506987.340681572,22889405358205.953,MLB,MLB,adaboost
MLB,Tyler Gilbert,2022,720000,5085865.460109571,19060781215777.758,MLB,MLB,adaboost
MLB,Tommy Henry,2022,720000,4016337.8860537116,10865843459033.053,MLB,MLB,adaboost
MLB,Paul Blackburn,2022,1900000,6485793.723377422,21029504073367.76,MLB,MLB,adaboost
MLB,Cole Irvin,2022,737600,7177115.789173198,41467363599010.914,MLB,MLB,adaboost
MLB,James Kaprielian,2022,730000,5448187.742726289,22261295575612.59,MLB,MLB,adaboost
MLB,Kyle Muller,2022,720000,4594152.580419658,15009058216372.293,MLB,MLB,adaboost
MLB,Adam Oller,2022,720000,4688415.72196401,15748323342331.135,MLB,MLB,adaboost
MLB,Adrián Martínez,2022,720000,5171498.222158347,19815836421878.926,MLB,MLB,adaboost
MLB,JP Sears,2022,720000,4214267.835712912,12209907707697.795,MLB,MLB,adaboost
MLB,Ken Waldichuk,2022,720000,4858657.624139996,17128486929852.12,MLB,MLB,adaboost
MLB,Spencer Strider,2022,12500000,8878056.579639388,13118474140293.527,MLB,MLB,adaboost
MLB,Charlie Morton,2022,20000000,17950210.986158326,4201635001266.0215,MLB,MLB,adaboost
MLB,Max Fried,2022,13500000,11300440.73476536,4838060961279.549,MLB,MLB,adaboost
MLB,Spencer Strider,2022,1692833,8878056.579639388,51627437889405.87,MLB,MLB,adaboost
MLB,Kyle Wright,2022,750000,7072150.3952652095,39969585620352.05,MLB,MLB,adaboost
MLB,Huascar Ynoa,2022,750000,4759590.93213614,16076819443068.36,MLB,MLB,adaboost
MLB,Bryce Elder,2022,720000,4338825.500322858,13095898001786.982,MLB,MLB,adaboost
MLB,Dane Dunning,2022,446638,6793248.53219665,40279465247389.445,MLB,MLB,adaboost
MLB,Bryce Elder,2022,392639,4338825.500322858,15572387895330.365,MLB,MLB,adaboost
MLB,Kyle Gibson,2022,10000000,9578823.57384124,177389581951.8652,MLB,MLB,adaboost
MLB,Kyle Bradish,2022,1666786,5006766.774512273,11155471574111.605,MLB,MLB,adaboost
MLB,Tyler Wells,2022,732400,5561636.279974097,23321523047818.06,MLB,MLB,adaboost
MLB,Dean Kremer,2022,731200,5725216.38806331,24940199684244.906,MLB,MLB,adaboost
MLB,Kyle Bradish,2022,728100,5006766.774512273,18306989367315.26,MLB,MLB,adaboost
MLB,Bruce Zimmermann,2022,720000,5110068.234225178,19272699101152.973,MLB,MLB,adaboost
MLB,Spenser Watkins,2022,720000,6447455.613960916,32803747809892.414,MLB,MLB,adaboost
MLB,Dean Kremer,2022,276862,5725216.38806331,29684565537928.723,MLB,MLB,adaboost
MLB,Corey Kluber,2022,10000000,8853063.469319284,1315463405409.917,MLB,MLB,adaboost
MLB,Nick Pivetta,2022,5350000,12051816.517540522,44914344634778.97,MLB,MLB,adaboost
MLB,Kutter Crawford,2022,730000,5535006.767381392,23088090034580.98,MLB,MLB,adaboost
MLB,Brayan Bello,2022,729500,4760545.065425682,16249324319492.74,MLB,MLB,adaboost
MLB,Josh Winckowski,2022,722000,4074369.956721607,11238384326729.63,MLB,MLB,adaboost
MLB,Connor Seabold,2022,722000,5851104.51533097,26307713129188.547,MLB,MLB,adaboost
MLB,Kutter Crawford,2022,343008,5535006.767381392,26956851200489.9,MLB,MLB,adaboost
MLB,Brayan Bello,2022,334768,4760545.065425682,19587502632847.96,MLB,MLB,adaboost
MLB,Jameson Taillon,2022,17000000,11040913.630894246,35510710354462,MLB,MLB,adaboost
MLB,Drew Smyly,2022,9500000,10349449.067717373,721563718645.9148,MLB,MLB,adaboost
MLB,Adrian Sampson,2022,1900000,6938391.466233178,25385388567011.312,MLB,MLB,adaboost
MLB,Justin Steele,2022,1673331,5202168.106707227,12452691325673.836,MLB,MLB,adaboost
MLB,Keegan Thompson,2022,740000,6358767.725047123,31570550748031.22,MLB,MLB,adaboost
MLB,Justin Steele,2022,740000,5202168.106707227,19910944212515.164,MLB,MLB,adaboost
MLB,Javier Assad,2022,721500,4068928.053161759,11205274571094.324,MLB,MLB,adaboost
MLB,Hayden Wesneski,2022,721500,4945328.492616002,17840727135034.77,MLB,MLB,adaboost
MLB,Caleb Kilian,2022,720000,3986807.516015836,10672031346697.557,MLB,MLB,adaboost
MLB,Javier Assad,2022,261955,4068928.053161759,14493043827499.764,MLB,MLB,adaboost
MLB,Mike Clevinger,2022,12000000,8268998.280003648,13920373834615.734,MLB,MLB,adaboost
MLB,Lucas Giolito,2022,10400000,7479883.239572249,8527081894531.062,MLB,MLB,adaboost
MLB,Dylan Cease,2022,5700000,10206632.731031252,20309738572402.203,MLB,MLB,adaboost
MLB,Michael Kopech,2022,2050000,6249358.882909035,17634615027467.02,MLB,MLB,adaboost
MLB,José Ureña,2022,720000,5790655.988073902,25711552149389.723,MLB,MLB,adaboost
MLB,Hunter Greene,2022,8833333,6488974.878413102,5496015002250.45,MLB,MLB,adaboost
MLB,Justin Dunn,2022,900000,4311748.771344475,11640029678770.537,MLB,MLB,adaboost
MLB,Hunter Greene,2022,730000,6488974.878413102,33165791650193.2,MLB,MLB,adaboost
MLB,Nick Lodolo,2022,730000,6053675.5893822415,28341521780984.355,MLB,MLB,adaboost
MLB,Connor Overton,2022,730000,5506893.248798804,22818709110419.598,MLB,MLB,adaboost
MLB,Vladimir Gutierrez,2022,730000,4694961.966337642,15720923394504.059,MLB,MLB,adaboost
MLB,Graham Ashcraft,2022,722500,4874999.943954451,17243255784541.719,MLB,MLB,adaboost
MLB,Chase Anderson,2022,720000,7104753.929044749,40765082734452.35,MLB,MLB,adaboost
MLB,Shane Bieber,2022,10010000,9432356.485520411,333672029820.3308,MLB,MLB,adaboost
MLB,Cal Quantrill,2022,5500000,8530067.673647936,9181310106886.217,MLB,MLB,adaboost
MLB,Zach Plesac,2022,2950000,5980238.230557699,9182343733933.453,MLB,MLB,adaboost
MLB,Aaron Civale,2022,2600000,7106821.881230855,20311443469141.227,MLB,MLB,adaboost
MLB,Triston McKenzie,2022,739500,5933385.514973556,26976446742652.117,MLB,MLB,adaboost
MLB,Cody Morris,2022,720200,4512054.301820442,14378159046234.191,MLB,MLB,adaboost
MLB,Hunter Gaddis,2022,720100,4148950.273316992,11757014196826.01,MLB,MLB,adaboost
MLB,Xzavion Curry,2022,720100,3932559.432882578,10319895607916.256,MLB,MLB,adaboost
MLB,Konnor Pilkington,2022,720000,4340791.571073693,13110131601158.303,MLB,MLB,adaboost
MLB,José Ureña,2022,3500000,5790655.988073902,5247104855698.825,MLB,MLB,adaboost
MLB,Austin Gomber,2022,1650000,6466054.008438322,23194376212194.83,MLB,MLB,adaboost
MLB,Ryan Feltner,2022,722000,5490551.213922145,22739080679798.36,MLB,MLB,adaboost
MLB,Chris Flexen,2022,720000,5597843.315299472,23793355408611.742,MLB,MLB,adaboost
MLB,Michael Lorenzen,2022,8500000,9073611.186705854,329029793514.09784,MLB,MLB,adaboost
MLB,Tyler Alexander,2022,1875000,5509909.036149461,13212563701081.002,MLB,MLB,adaboost
MLB,Rony García,2022,830000,4983665.432397108,17252936524290.65,MLB,MLB,adaboost
MLB,Tarik Skubal,2022,743700,5041697.307659902,18472780856651.76,MLB,MLB,adaboost
MLB,Casey Mize,2022,734200,4500240.144078038,14183058366807.326,MLB,MLB,adaboost
MLB,Matt Manning,2022,729200,4052643.8151971,11045278792771.855,MLB,MLB,adaboost
MLB,Beau Brieske,2022,724400,4126973.5466635413,11577506740454.51,MLB,MLB,adaboost
MLB,Joey Wentz,2022,723500,4652135.282016075,15434175179101.527,MLB,MLB,adaboost
MLB,Zach Logue,2022,720000,4272304.200362039,12618865131909.783,MLB,MLB,adaboost
MLB,Alex Faedo,2022,720000,4746758.658467502,16214785293543,MLB,MLB,adaboost
MLB,Tarik Skubal,2022,408487,5041697.307659902,21466637755005.96,MLB,MLB,adaboost
MLB,Cristian Javier,2022,12800000,8970398.4932811,14665847700263.67,MLB,MLB,adaboost
MLB,Framber Valdez,2022,6800000,11132267.705711566,18768543473951.355,MLB,MLB,adaboost
MLB,José Urquidy,2022,3025000,7387436.469470636,19030851950167.426,MLB,MLB,adaboost
MLB,Jordan Lyles,2022,8500000,9577769.767668847,1161587672100.9604,MLB,MLB,adaboost
MLB,Zack Greinke,2022,8500000,8121858.879567224,142990706962.15552,MLB,MLB,adaboost
MLB,Brad Keller,2022,5775000,5466360.273989868,95258480471.60913,MLB,MLB,adaboost
MLB,Brady Singer,2022,2950000,5636039.023869819,7214805637751.53,MLB,MLB,adaboost
MLB,Kris Bubic,2022,2200000,4976473.38622006,7708804464388.288,MLB,MLB,adaboost
MLB,Ángel Zerpa,2022,721400,4580318.613066177,14891252862268.586,MLB,MLB,adaboost
MLB,Cole Ragans,2022,381333,3881027.329710256,12247860401406.117,MLB,MLB,adaboost
MLB,Tyler Anderson,2022,13000000,13177866.93261263,31636645717.025723,MLB,MLB,adaboost
MLB,Patrick Sandoval,2022,2750000,5117260.672084348,5603923089597.24,MLB,MLB,adaboost
MLB,José Suarez,2022,750000,5001370.118632984,18074147885605.434,MLB,MLB,adaboost
MLB,Tucker Davidson,2022,740000,4189103.9863215536,11896318308459.232,MLB,MLB,adaboost
MLB,Reid Detmers,2022,740000,5083678.994333529,18867547205814.336,MLB,MLB,adaboost
MLB,Jhonathan Díaz,2022,720000,4164604.3053578567,11865298820489.883,MLB,MLB,adaboost
MLB,Chase Silseth,2022,720000,4272641.692694534,12621262996671.48,MLB,MLB,adaboost
MLB,Reid Detmers,2022,274063,5083678.994333529,23132406012948.9,MLB,MLB,adaboost
MLB,Clayton Kershaw,2022,20000000,16631388.514518417,11347543340118.434,MLB,MLB,adaboost
MLB,Julio Urías,2022,14250000,7880918.4425300285,40565199885704.12,MLB,MLB,adaboost
MLB,Noah Syndergaard,2022,13000000,7712155.712752705,27961297206173.848,MLB,MLB,adaboost
MLB,Walker Buehler,2022,8025000,6378533.8783144,2710850689858.421,MLB,MLB,adaboost
MLB,Tony Gonsolin,2022,3325000,10467113.821938813,51009789845529.44,MLB,MLB,adaboost
MLB,Dustin May,2022,1675000,4967083.7752117375,10837815583012.365,MLB,MLB,adaboost
MLB,Michael Grove,2022,722500,4111275.8231563782,11483801579609.19,MLB,MLB,adaboost
MLB,Ryan Pepiot,2022,722500,4400009.614835558,13524076967207.977,MLB,MLB,adaboost
MLB,Johnny Cueto,2022,8500000,7856695.275998697,413840967922.393,MLB,MLB,adaboost
MLB,Pablo López,2022,5450000,6388475.44787647,880736166266.9413,MLB,MLB,adaboost
MLB,Jesús Luzardo,2022,2450000,5779162.379983193,11083322152295.36,MLB,MLB,adaboost
MLB,Devin Smeltzer,2022,1000000,4391894.104305275,11504945614820.883,MLB,MLB,adaboost
MLB,Trevor Rogers,2022,752000,4900343.985655685,17208757823325.693,MLB,MLB,adaboost
MLB,Braxton Garrett,2022,732000,5219443.501965857,20137149183335.594,MLB,MLB,adaboost
MLB,Edward Cabrera,2022,731000,5536074.64864568,23088742379057.41,MLB,MLB,adaboost
MLB,Max Meyer,2022,721500,5044948.554361089,18692207402206.992,MLB,MLB,adaboost
MLB,Chi Chi González,2022,720000,5647882.706696874,24284027970962.113,MLB,MLB,adaboost
MLB,Daniel Castano,2022,720000,4758179.629239065,16306894718001.35,MLB,MLB,adaboost
MLB,Braxton Garrett,2022,466898,5219443.501965857,22586688748255.902,MLB,MLB,adaboost
MLB,Aaron Ashby,2022,4100000,4666362.684602941,320766690510.6509,MLB,MLB,adaboost
MLB,Brandon Woodruff,2022,10800000,15767543.167430455,24676485120284.996,MLB,MLB,adaboost
MLB,Corbin Burnes,2022,10010000,11090591.588262554,1167678180623.7896,MLB,MLB,adaboost
MLB,Eric Lauer,2022,5075000,7100476.0179173,4102553099158.121,MLB,MLB,adaboost
MLB,Wade Miley,2022,4500000,7101203.434072847,6766259305432.37,MLB,MLB,adaboost
MLB,Adrian Houser,2022,3600000,5843499.16782091,5033288516013.115,MLB,MLB,adaboost
MLB,Bryse Wilson,2022,732600,5171116.680120433,19700430319707.31,MLB,MLB,adaboost
MLB,Jason Alexander,2022,732500,5378347.713407179,21583900976170.715,MLB,MLB,adaboost
MLB,Janson Junk,2022,720000,6002468.80008559,27904476623877.695,MLB,MLB,adaboost
MLB,Ethan Small,2022,720000,4730060.562098263,16080585711695.836,MLB,MLB,adaboost
MLB,Chris Paddack,2022,4175000,5846334.514191666,2793359058328.291,MLB,MLB,adaboost
MLB,Tyler Mahle,2022,7500000,6918632.014202033,337988734910.785,MLB,MLB,adaboost
MLB,Chris Paddack,2022,2400000,5846334.514191666,11877221583708.705,MLB,MLB,adaboost
MLB,Joe Ryan,2022,730250,6259229.715131315,30569616690333.562,MLB,MLB,adaboost
MLB,Josh Winder,2022,725650,4405737.99510021,13543047651680.686,MLB,MLB,adaboost
MLB,Dallas Keuchel,2022,720000,5863287.114598413,26453402343194.07,MLB,MLB,adaboost
MLB,Bailey Ober,2022,720000,5520220.839803098,23042120110879.957,MLB,MLB,adaboost
MLB,Bailey Ober,2022,432752,5520220.839803098,25882339195967.477,MLB,MLB,adaboost
MLB,Joe Ryan,2022,341931,6259229.715131315,35014424084094.715,MLB,MLB,adaboost
MLB,Justin Verlander,2022,43333333,35207617.145285025,66027258151566.31,MLB,MLB,adaboost
MLB,Jose Quintana,2022,13000000,10416534.157828614,6674295757666.309,MLB,MLB,adaboost
MLB,Elieser Hernández,2022,1600000,6131845.379634246,20537622544912.266,MLB,MLB,adaboost
MLB,Tylor Megill,2022,750000,5441295.038437042,22008249137664.01,MLB,MLB,adaboost
MLB,David Peterson,2022,750000,5083904.314381389,18782726606213.617,MLB,MLB,adaboost
MLB,José Buttó,2022,720000,5000682.962378877,18324246624400.8,MLB,MLB,adaboost
MLB,Carlos Rodón,2022,27000000,24181053.339602113,7946460274168.401,MLB,MLB,adaboost
MLB,Frankie Montas,2022,7500000,10345181.461847648,8095057550841.52,MLB,MLB,adaboost
MLB,Nestor Cortes,2022,3200000,9849159.048943937,44211316058153.04,MLB,MLB,adaboost
MLB,Domingo Germán,2022,2600000,7023958.609806185,19571409781278.27,MLB,MLB,adaboost
MLB,Luis Gil,2022,723400,4785740.53713534,16502610639653.045,MLB,MLB,adaboost
MLB,Taijuan Walker,2022,18000000,10457759.0161808,56885399058002.01,MLB,MLB,adaboost
MLB,Ranger Suárez,2022,2950000,6145596.538422591,10211837236378.447,MLB,MLB,adaboost
MLB,Bailey Falter,2022,733000,5082586.097509601,18918899219648.8,MLB,MLB,adaboost
MLB,Rich Hill,2022,8000000,10537014.911585795,6436444661608.678,MLB,MLB,adaboost
MLB,Mitch Keller,2022,2437500,6588852.056252691,17233723894953.445,MLB,MLB,adaboost
MLB,JT Brubaker,2022,2275000,7167067.29462177,23932322415107.965,MLB,MLB,adaboost
MLB,Roansy Contreras,2022,725000,4703580.024522171,15829099011526.842,MLB,MLB,adaboost
MLB,Yu Darvish,2022,18000000,23580884.702234622,31146274059636.426,MLB,MLB,adaboost
MLB,Joe Musgrove,2022,20000000,17403568.041701194,6741458914075.373,MLB,MLB,adaboost
MLB,Michael Wacha,2022,6500000,10987590.839235045,20138471540386.297,MLB,MLB,adaboost
MLB,Ryan Weathers,2022,727600,3968377.0557741066,10502635925231.887,MLB,MLB,adaboost
MLB,Luis Castillo,2022,21600000,14886056.406192178,45077038580833.09,MLB,MLB,adaboost
MLB,Logan Gilbert,2022,767300,5571234.389485548,23077785618481.887,MLB,MLB,adaboost
MLB,George Kirby,2022,758300,5029126.936407369,18239962720742.75,MLB,MLB,adaboost
MLB,George Kirby,2022,613007,5029126.936407369,19502115292734.62,MLB,MLB,adaboost
MLB,Logan Gilbert,2022,468999,5571234.389485548,26032805969718.746,MLB,MLB,adaboost
MLB,Ross Stripling,2022,12500000,9257924.186801279,10511055578528.148,MLB,MLB,adaboost
MLB,Sean Manaea,2022,12500000,7253569.486027972,27525033137936.8,MLB,MLB,adaboost
MLB,Logan Webb,2022,4600000,6269785.368188976,2788183175817.995,MLB,MLB,adaboost
MLB,Miles Mikolas,2022,18583333,12740094.121424029,34143440592101.773,MLB,MLB,adaboost
MLB,Adam Wainwright,2022,17500000,11108045.01222569,40857088565732.89,MLB,MLB,adaboost
MLB,Jordan Montgomery,2022,10000000,13986074.892798726,15888793051000.371,MLB,MLB,adaboost
MLB,Jack Flaherty,2022,5400000,4942471.438167055,209332384892.92285,MLB,MLB,adaboost
MLB,Dakota Hudson,2022,2650000,5737122.738229986,9530326800896.607,MLB,MLB,adaboost
MLB,Matthew Liberatore,2022,720000,3766141.1101274383,9278975662808.422,MLB,MLB,adaboost
MLB,Zach Eflin,2022,13333333,6930748.332932115,40993090418972.78,MLB,MLB,adaboost
MLB,Jeffrey Springs,2022,7750000,14594545.742357112,46847806419218.875,MLB,MLB,adaboost
MLB,Tyler Glasnow,2022,15175000,10672377.590034388,20273608566724.535,MLB,MLB,adaboost
MLB,Yonny Chirinos,2022,1275000,8105697.202328865,46658424269903.39,MLB,MLB,adaboost
MLB,Drew Rasmussen,2022,739700,7142503.671893091,40995894860807.65,MLB,MLB,adaboost
MLB,Shane McClanahan,2022,737000,7544117.246982024,46336845214160.13,MLB,MLB,adaboost
MLB,Shane Baz,2022,723600,4674541.018864097,15609934934542.87,MLB,MLB,adaboost
MLB,Elvin Rodríguez,2022,720000,4698315.59449769,15826994969423.508,MLB,MLB,adaboost
MLB,Luis Patiño,2022,720000,4181924.558419867,11984921648190.59,MLB,MLB,adaboost
MLB,Cooper Criswell,2022,720000,5371548.860967583,21636906805968.82,MLB,MLB,adaboost
MLB,Shane McClanahan,2022,349912,7544117.246982024,51756589135703.69,MLB,MLB,adaboost
MLB,Jacob deGrom,2022,37000000,29136303.941321574,61837715703274.61,MLB,MLB,adaboost
MLB,Nathan Eovaldi,2022,17000000,13274716.948508311,13877733813731.23,MLB,MLB,adaboost
MLB,Andrew Heaney,2022,12500000,14094010.736177912,2540870227050.4487,MLB,MLB,adaboost
MLB,Martín Pérez,2022,19650000,15297506.392537298,18944200603003.688,MLB,MLB,adaboost
MLB,Dane Dunning,2022,742840,6793248.53219665,36607443406478.02,MLB,MLB,adaboost
MLB,Glenn Otto,2022,736340,5449120.535604546,22210300376773.07,MLB,MLB,adaboost
MLB,Spencer Howard,2022,733455,4987611.413688972,18097846792131.01,MLB,MLB,adaboost
MLB,Cole Ragans,2022,724145,3881027.329710256,9965906043636.852,MLB,MLB,adaboost
MLB,Tyson Miller,2022,720000,4274148.509508401,12631971627640.79,MLB,MLB,adaboost
MLB,Chris Bassitt,2022,21000000,15792464.900645332,27118421811010.83,MLB,MLB,adaboost
MLB,Alek Manoah,2022,745660,7377103.253889665,43976039629558.75,MLB,MLB,adaboost
MLB,Mitch White,2022,743000,5274747.152193697,20536732251415.684,MLB,MLB,adaboost
MLB,Thomas Hatch,2022,720000,6245519.285449471,30531363373874.035,MLB,MLB,adaboost
MLB,Chad Kuhl,2022,2000000,7238202.569605252,27438766160219.062,MLB,MLB,adaboost
MLB,Josiah Gray,2022,730000,5166551.682283036,19682990829568.44,MLB,MLB,adaboost
MLB,MacKenzie Gore,2022,723300,4525236.974406723,14454724757360.947,MLB,MLB,adaboost
MLB,Cade Cavalli,2022,720200,4912862.078572559,17578415305100.373,MLB,MLB,adaboost
MLB,Joan Adon,2022,720000,4946485.356156653,17863178465806.63,MLB,MLB,adaboost
MLB,Cory Abbott,2022,720000,5361324.867707298,21541896527598.168,MLB,MLB,adaboost
MLB,Josiah Gray,2022,311171,5166551.682283036,23574721569887.285,MLB,MLB,adaboost
MLB,Eduardo Rodríguez,2023,20000000,15753430.973579932,18033348496150.285,MLB,MLB,adaboost
MLB,Jordan Montgomery,2023,25000000,18246764.106584888,45606195032110.2,MLB,MLB,adaboost
MLB,Zac Gallen,2023,10011000,13262993.897339053,10575464308330.445,MLB,MLB,adaboost
MLB,Ryne Nelson,2023,764300,4945884.907697889,17485652340286.764,MLB,MLB,adaboost
MLB,Tommy Henry,2023,760500,4471117.579701833,13768682822792.293,MLB,MLB,adaboost
MLB,Brandon Pfaadt,2023,754400,4686062.922301417,15457973334599.72,MLB,MLB,adaboost
MLB,Logan Allen,2023,740000,5079976.199411403,18835393411457.45,MLB,MLB,adaboost
MLB,Slade Cecconi,2023,740000,4228230.682855295,12167753296813.117,MLB,MLB,adaboost
MLB,Ryne Nelson,2023,274561,4945884.907697889,21821267050629.875,MLB,MLB,adaboost
MLB,Brandon Pfaadt,2023,271783,4686062.922301417,19485867232433.406,MLB,MLB,adaboost
MLB,Paul Blackburn,2023,3450000,8023476.046192182,20916683145093.676,MLB,MLB,adaboost
MLB,Osvaldo Bido,2023,750000,5848807.354894891,25997836442330.24,MLB,MLB,adaboost
MLB,Ken Waldichuk,2023,745000,5236280.641857107,20171601803920.387,MLB,MLB,adaboost
MLB,JP Sears,2023,745000,7397315.656024266,44253303587385.56,MLB,MLB,adaboost
MLB,Joey Estes,2023,740000,4643182.480758739,15234833478101.941,MLB,MLB,adaboost
MLB,Joe Boyle,2023,740000,5261423.519922546,20443270646508.785,MLB,MLB,adaboost
MLB,Kyle Muller,2023,740000,4180792.7455781945,11839054718023.53,MLB,MLB,adaboost
MLB,Luis Medina,2023,740000,4575384.409856615,14710173571371.172,MLB,MLB,adaboost
MLB,Mason Miller,2023,740000,4428561.260133329,13605484169756.371,MLB,MLB,adaboost
MLB,Chris Sale,2023,19000000,12422510.01480063,43263374505398,MLB,MLB,adaboost
MLB,Max Fried,2023,15000000,14114947.330194289,783318228330.2172,MLB,MLB,adaboost
MLB,Dylan Dodd,2023,740000,4430046.298317254,13616441683724.865,MLB,MLB,adaboost
MLB,AJ Smith-Shawver,2023,740000,5404709.52562531,21759514958459.504,MLB,MLB,adaboost
MLB,Allan Winans,2023,740000,7365201.931787633,43893300636962.586,MLB,MLB,adaboost
MLB,Bryce Elder,2023,740000,4921000.318121663,17480763660133.45,MLB,MLB,adaboost
MLB,John Means,2023,3325000,9370429.43835607,36547217094142.19,MLB,MLB,adaboost
MLB,Cole Irvin,2023,2000000,6981431.950138936,24814664273865,MLB,MLB,adaboost
MLB,Tyler Wells,2023,1962500,7383133.919496893,29383272089200.25,MLB,MLB,adaboost
MLB,Dean Kremer,2023,756600,7570125.3315766,46424127444036.016,MLB,MLB,adaboost
MLB,Kyle Bradish,2023,754500,6625108.260635663,34464041349843.684,MLB,MLB,adaboost
MLB,Grayson Rodriguez,2023,748300,4852902.0852265265,16847758278045.95,MLB,MLB,adaboost
MLB,Grayson Rodriguez,2023,243098,4852902.0852265265,21250293704171.17,MLB,MLB,adaboost
MLB,Brayan Bello,2023,9166667,5294331.395463006,14994983034164.889,MLB,MLB,adaboost
MLB,Lucas Giolito,2023,19250000,12096658.791565195,51170290444291.52,MLB,MLB,adaboost
MLB,Chase Anderson,2023,1250000,6977890.763407907,32808732597533.62,MLB,MLB,adaboost
MLB,Rich Hill,2023,1000000,6907130.804816965,34894194345217.523,MLB,MLB,adaboost
MLB,Tanner Houck,2023,770000,6384500.265539898,31522613231747.582,MLB,MLB,adaboost
MLB,Kutter Crawford,2023,760000,6814215.845865045,36653529508323.4,MLB,MLB,adaboost
MLB,Brad Keller,2023,740000,4732141.618925076,15937194705553.727,MLB,MLB,adaboost
MLB,Tanner Houck,2023,534267,6384500.265539898,34225229261229.613,MLB,MLB,adaboost
MLB,Kutter Crawford,2023,237986,6814215.845865045,43246798985646.19,MLB,MLB,adaboost
MLB,Justin Steele,2023,4000000,9754951.374738948,33119465325609.71,MLB,MLB,adaboost
MLB,Jordan Wicks,2023,741500,3942288.599211105,10245047656839.79,MLB,MLB,adaboost
MLB,Dylan Cease,2023,8000000,7855287.019086173,20941846844.965714,MLB,MLB,adaboost
MLB,Michael Soroka,2023,3000000,4867529.619863402,3487666881067.143,MLB,MLB,adaboost
MLB,Michael Kopech,2023,3000000,6632332.528626069,13193839598515.055,MLB,MLB,adaboost
MLB,Mike Clevinger,2023,3000000,9517250.89360918,42474559210249.65,MLB,MLB,adaboost
MLB,Chris Flexen,2023,1750000,5983236.341434746,17920289922443.832,MLB,MLB,adaboost
MLB,Touki Toussaint,2023,1300000,5985309.785282729,21952127784066.094,MLB,MLB,adaboost
MLB,Brad Keller,2023,1000000,4732141.618925076,13928881063712.688,MLB,MLB,adaboost
MLB,Jared Shuster,2023,740000,3800589.6481703063,9367208994487.24,MLB,MLB,adaboost
MLB,Jake Woodford,2023,740000,4017655.6550296014,10743026592947.525,MLB,MLB,adaboost
MLB,Nick Lodolo,2023,760000,6013701.580774789,27601380299835.516,MLB,MLB,adaboost
MLB,Graham Ashcraft,2023,750000,5223448.525461671,20011741709955.2,MLB,MLB,adaboost
MLB,Brandon Williamson,2023,742500,5002101.341035475,18144203584551.22,MLB,MLB,adaboost
MLB,Andrew Abbott,2023,742500,4788663.371879863,16371438031942.219,MLB,MLB,adaboost
MLB,Lyon Richardson,2023,740000,3936542.80706477,10217885917397.518,MLB,MLB,adaboost
MLB,Connor Phillips,2023,740000,5661982.672541042,24225913428794.258,MLB,MLB,adaboost
MLB,Carson Spiers,2023,740000,4126088.4692991963,11465595121920.975,MLB,MLB,adaboost
MLB,Hunter Greene,2023,529910,5463002.544994739,24335402057482.668,MLB,MLB,adaboost
MLB,Shane Bieber,2023,13125000,8108811.029476114,25162151788005.49,MLB,MLB,adaboost
MLB,Carlos Carrasco,2023,2000000,6974323.802627783,24743897293389.33,MLB,MLB,adaboost
MLB,Triston McKenzie,2023,1600000,4889293.925524309,10819454528491.121,MLB,MLB,adaboost
MLB,Ben Lively,2023,750000,8329785.234895337,57453144207137.37,MLB,MLB,adaboost
MLB,Tanner Bibee,2023,745700,5347584.593501521,21177341811906.66,MLB,MLB,adaboost
MLB,Logan Allen,2023,744300,5079976.199411403,18798088106142.51,MLB,MLB,adaboost
MLB,Gavin Williams,2023,742100,4745178.984609545,16024641357022.588,MLB,MLB,adaboost
MLB,Hunter Gaddis,2023,740700,3810133.749107334,9421423540159.104,MLB,MLB,adaboost
MLB,Matthew Boyd,2023,740000,8463829.539816823,59657542760146.95,MLB,MLB,adaboost
MLB,Tanner Bibee,2023,411884,5347584.593501521,24361140348691.27,MLB,MLB,adaboost
MLB,Hunter Gaddis,2023,291335,3810133.749107334,12381944636719.338,MLB,MLB,adaboost
MLB,Luis Ortiz,2023,246313,4301514.085764945,16444655845989.186,MLB,MLB,adaboost
MLB,Germán Márquez,2023,10000000,7440751.731022502,6549751702264.318,MLB,MLB,adaboost
MLB,Cal Quantrill,2023,6550000,5956748.702164078,351947102384.0057,MLB,MLB,adaboost
MLB,Austin Gomber,2023,3150000,7474916.210321681,18704900226303.246,MLB,MLB,adaboost
MLB,Dakota Hudson,2023,1500000,5050054.994820272,12602890466248.36,MLB,MLB,adaboost
MLB,Ty Blach,2023,1000000,5293287.48530975,18432317431517.316,MLB,MLB,adaboost
MLB,Ryan Feltner,2023,745000,4747920.358881995,16023371399551.96,MLB,MLB,adaboost
MLB,Noah Davis,2023,740000,4756643.464296672,16133424719277.168,MLB,MLB,adaboost
MLB,Ryan Feltner,2023,241935,4747920.358881995,20303904054458.902,MLB,MLB,adaboost
MLB,Kenta Maeda,2023,12000000,12153081.38646544,23433910882.181267,MLB,MLB,adaboost
MLB,Jack Flaherty,2023,14000000,7461633.336960663,42750238620344.16,MLB,MLB,adaboost
MLB,Tarik Skubal,2023,2650000,7782831.635327779,26345960596621.64,MLB,MLB,adaboost
MLB,Reese Olson,2023,752300,5030532.950414511,18303277178012.453,MLB,MLB,adaboost
MLB,Joey Wentz,2023,746700,5646688.453753253,24009886846915.2,MLB,MLB,adaboost
MLB,Alex Faedo,2023,746600,6038037.156776005,27999307184109.734,MLB,MLB,adaboost
MLB,Sawyer Gipson-Long,2023,743600,5609567.952403549,23677644113818.387,MLB,MLB,adaboost
MLB,Matt Manning,2023,740000,4784672.914510679,16359378985376.314,MLB,MLB,adaboost
MLB,Reese Olson,2023,261138,5030532.950414511,22747128193039.438,MLB,MLB,adaboost
MLB,Framber Valdez,2023,12100000,18283692.894103352,38238057808584.29,MLB,MLB,adaboost
MLB,José Urquidy,2023,3750000,5082063.110506602,1774392130372.5227,MLB,MLB,adaboost
MLB,Hunter Brown,2023,774500,5047668.456350207,18259968656346.414,MLB,MLB,adaboost
MLB,J.P. France,2023,767600,6982803.039771044,38628748825579.22,MLB,MLB,adaboost
MLB,Brandon Bielak,2023,765000,4716325.177247085,15612970656346.705,MLB,MLB,adaboost
MLB,Hunter Brown,2023,416842,5047668.456350207,21444553668833.02,MLB,MLB,adaboost
MLB,Seth Lugo,2023,15000000,14129522.20035161,757731599680.7013,MLB,MLB,adaboost
MLB,Michael Wacha,2023,16000000,11551462.837123804,19789482889490.598,MLB,MLB,adaboost
MLB,Brady Singer,2023,4850000,6291780.75318504,2078731740254.8223,MLB,MLB,adaboost
MLB,Kris Bubic,2023,2350000,5676312.180667303,11064352723255.666,MLB,MLB,adaboost
MLB,Kyle Wright,2023,1800000,5631653.727885116,14681570290415.906,MLB,MLB,adaboost
MLB,Jonathan Bowlan,2023,740000,7148848.555426181,41073339806388.25,MLB,MLB,adaboost
MLB,Patrick Sandoval,2023,5025000,5789529.193936738,584504888381.5586,MLB,MLB,adaboost
MLB,Griffin Canning,2023,2600000,6710934.946393481,16899786133479.176,MLB,MLB,adaboost
MLB,Zach Plesac,2023,1000000,6009622.74208869,25096320018052.21,MLB,MLB,adaboost
MLB,Johnny Cueto,2023,1000000,6037349.973111,25374894751601.39,MLB,MLB,adaboost
MLB,José Suarez,2023,925000,4412038.766653996,12159439360147.822,MLB,MLB,adaboost
MLB,Reid Detmers,2023,770000,5281817.00948058,20356492727038.28,MLB,MLB,adaboost
MLB,Chase Silseth,2023,750000,4655261.832461351,15251069980079.387,MLB,MLB,adaboost
MLB,Tyler Glasnow,2023,27312500,21075854.847233918,38895742761520.67,MLB,MLB,adaboost
MLB,Clayton Kershaw,2023,5000000,12799624.945938254,60834149297302.305,MLB,MLB,adaboost
MLB,James Paxton,2023,7000000,9546967.017667174,6487040989084.42,MLB,MLB,adaboost
MLB,Dustin May,2023,2135000,4831465.124593386,7270924168148.427,MLB,MLB,adaboost
MLB,Michael Grove,2023,760000,5949837.705689607,26934415411397.566,MLB,MLB,adaboost
MLB,Bobby Miller,2023,750000,5564267.6946121715,23177173435386.395,MLB,MLB,adaboost
MLB,Emmet Sheehan,2023,750000,4845598.72846834,16773928944631.482,MLB,MLB,adaboost
MLB,Gavin Stone,2023,742500,3642449.6907498967,8409708208880.422,MLB,MLB,adaboost
MLB,Gavin Stone,2023,350022,3642449.6907498967,10840080098816.697,MLB,MLB,adaboost
MLB,Jesús Luzardo,2023,5500000,5519506.101852813,380488009.4923071,MLB,MLB,adaboost
MLB,Trevor Rogers,2023,1530000,4921008.4473331245,11498938289884.607,MLB,MLB,adaboost
MLB,Braxton Garrett,2023,764000,5547068.9003533,22877748105526.93,MLB,MLB,adaboost
MLB,Edward Cabrera,2023,761000,5030408.648030218,18227850203875.21,MLB,MLB,adaboost
MLB,Ryan Weathers,2023,752600,4423282.998319512,13473913674151.924,MLB,MLB,adaboost
MLB,Eury Pérez,2023,748000,4476905.63538772,13904737237626.293,MLB,MLB,adaboost
MLB,Brandon Woodruff,2023,8750000,13532091.989241911,22868403793571.66,MLB,MLB,adaboost
MLB,Corbin Burnes,2023,15637000,12406321.85429695,10437281281123.293,MLB,MLB,adaboost
MLB,Wade Miley,2023,8500000,7896994.831750258,363615232935.89984,MLB,MLB,adaboost
MLB,Colin Rea,2023,4500000,10169803.009670744,32146666168471.42,MLB,MLB,adaboost
MLB,Janson Junk,2023,740000,4638685.912416175,15199751843672.344,MLB,MLB,adaboost
MLB,Pablo López,2023,18375000,11283667.089451274,50287002448231.47,MLB,MLB,adaboost
MLB,Bailey Ober,2023,761850,7390631.371612036,43940742472630.74,MLB,MLB,adaboost
MLB,Joe Ryan,2023,758850,7797002.528587332,49535591015660.26,MLB,MLB,adaboost
MLB,Bailey Ober,2023,381085,7390631.371612036,49133740335779.45,MLB,MLB,adaboost
MLB,Joe Ryan,2023,331054,7797002.528587332,55740387431515.35,MLB,MLB,adaboost
MLB,Luis Severino,2023,13000000,10469024.42870697,6405837342482.079,MLB,MLB,adaboost
MLB,Adrian Houser,2023,5050000,8714805.398811946,13430798611161.184,MLB,MLB,adaboost
MLB,Julio Teheran,2023,2500000,6306583.717449742,14490079597953.5,MLB,MLB,adaboost
MLB,David Peterson,2023,2150000,5888287.860263788,13974796126195.611,MLB,MLB,adaboost
MLB,Joey Lucchesi,2023,1650000,7110498.853450432,29817047728533.49,MLB,MLB,adaboost
MLB,Tylor Megill,2023,766250,6142465.023799142,28903687982123.61,MLB,MLB,adaboost
MLB,José Buttó,2023,740000,4289140.7340456685,12596399950062.227,MLB,MLB,adaboost
MLB,Marcus Stroman,2023,18500000,10857209.244758034,58412250528412.06,MLB,MLB,adaboost
MLB,Nestor Cortes,2023,3950000,8446598.08062142,20219394298648.234,MLB,MLB,adaboost
MLB,Clarke Schmidt,2023,2025000,6150005.803056127,17015672875246.727,MLB,MLB,adaboost
MLB,Luke Weaver,2023,2000000,8892769.415856294,47510270220163.92,MLB,MLB,adaboost
MLB,Aaron Nola,2023,24571429,19423352.586897515,26502690755142.15,MLB,MLB,adaboost
MLB,Ranger Suárez,2023,5050000,6280103.560322617,1513154769118.3787,MLB,MLB,adaboost
MLB,Spencer Turnbull,2023,2000000,6086532.204769271,16699745460616.402,MLB,MLB,adaboost
MLB,Kolby Allard,2023,1000000,4644870.760650581,13285082861845.543,MLB,MLB,adaboost
MLB,Cristopher Sánchez,2023,753500,5585206.128653428,23345384113667.094,MLB,MLB,adaboost
MLB,Luis Ortiz,2023,744000,4301514.085764945,12655906470415.99,MLB,MLB,adaboost
MLB,Cristopher Sánchez,2023,576282,5585206.128653428,25089320926606.5,MLB,MLB,adaboost
MLB,Mitch Keller,2023,15400000,9379408.175878312,36247525912680.91,MLB,MLB,adaboost
MLB,Martín Pérez,2023,8000000,6048523.5476091495,3808260344235.9795,MLB,MLB,adaboost
MLB,Mitch Keller,2023,5442500,9379408.175878312,15499245985297.502,MLB,MLB,adaboost
MLB,Johan Oviedo,2023,765000,6754241.992711828,35871019647262.75,MLB,MLB,adaboost
MLB,Roansy Contreras,2023,755000,4257692.031972124,12268851470841.008,MLB,MLB,adaboost
MLB,Bailey Falter,2023,755000,4907758.236212946,17245400968434.455,MLB,MLB,adaboost
MLB,Luis Ortiz,2023,747500,4301514.085764945,12631016121815.635,MLB,MLB,adaboost
MLB,Jake Woodford,2023,740000,4017655.6550296014,10743026592947.525,MLB,MLB,adaboost
MLB,Domingo Germán,2023,740000,8743096.852042528,64049559223173.016,MLB,MLB,adaboost
MLB,Quinn Priester,2023,740000,3927963.094974963,10163108694922.346,MLB,MLB,adaboost
MLB,Mason Miller,2023,825276,4428561.260133329,12983664665894.111,MLB,MLB,adaboost
MLB,Matt Waldron,2023,741800,4655877.990592225,15320006516438.473,MLB,MLB,adaboost
MLB,Jhony Brito,2023,740000,4502035.1679952135,14152908605232.775,MLB,MLB,adaboost
MLB,Logan Gilbert,2023,4050000,6902786.72781067,8138392114372.708,MLB,MLB,adaboost
MLB,George Kirby,2023,798600,6960892.971225533,37973854663215.6,MLB,MLB,adaboost
MLB,Bryce Miller,2023,752600,5761850.557035708,25092591143162.55,MLB,MLB,adaboost
MLB,Bryan Woo,2023,749000,4925601.121770171,17443996930371.855,MLB,MLB,adaboost
MLB,Emerson Hancock,2023,741300,4228467.264851951,12160335533055.037,MLB,MLB,adaboost
MLB,Dallas Keuchel,2023,740000,5260079.5140556665,20431118813385.71,MLB,MLB,adaboost
MLB,Bryce Miller,2023,497306,5761850.557035708,27715429393014.297,MLB,MLB,adaboost
MLB,George Kirby,2023,446287,6960892.971225533,42440090960327.37,MLB,MLB,adaboost
MLB,Bryan Woo,2023,362483,4925601.121770171,20822046993227.336,MLB,MLB,adaboost
MLB,Logan Webb,2023,18000000,10857428.961399727,51016321041451.39,MLB,MLB,adaboost
MLB,Blake Snell,2023,31000000,27105673.873365205,15165775980590.367,MLB,MLB,adaboost
MLB,Kyle Harrison,2023,743750,5011611.5213338155,18214641965281.79,MLB,MLB,adaboost
MLB,Keaton Winn,2023,743750,4772031.99388945,16227055822293.963,MLB,MLB,adaboost
MLB,Sonny Gray,2023,25000000,19523658.062676497,29990321014488.14,MLB,MLB,adaboost
MLB,Kyle Gibson,2023,13000000,11111996.69521353,3564556478884.6313,MLB,MLB,adaboost
MLB,Lance Lynn,2023,11000000,12365356.34149529,1864197939261.404,MLB,MLB,adaboost
MLB,Matthew Liberatore,2023,747200,3893693.101030791,9900418834834.365,MLB,MLB,adaboost
MLB,Shane McClanahan,2023,3600000,5740888.435576807,4583403293586.507,MLB,MLB,adaboost
MLB,Aaron Civale,2023,4900000,8258646.533626669,11280506537842.44,MLB,MLB,adaboost
MLB,Drew Rasmussen,2023,1862500,6338638.52437084,20035816089356.758,MLB,MLB,adaboost
MLB,Zack Littell,2023,1850000,6200694.310817128,18928540986176.523,MLB,MLB,adaboost
MLB,Taj Bradley,2023,743300,5516057.978938205,22779218725518.3,MLB,MLB,adaboost
MLB,Tyler Mahle,2023,11000000,8227500.733586482,7686752182263.497,MLB,MLB,adaboost
MLB,Michael Lorenzen,2023,4500000,7542487.551155218,9256730498934.475,MLB,MLB,adaboost
MLB,Dane Dunning,2023,3325000,7431340.759494119,16862034433082.74,MLB,MLB,adaboost
MLB,José Ureña,2023,1500000,6093474.699941374,21100009819001.5,MLB,MLB,adaboost
MLB,Chase Anderson,2023,1000000,6977890.763407907,35735177979237.58,MLB,MLB,adaboost
MLB,Alek Manoah,2023,782500,5295790.192700749,20369788363528.766,MLB,MLB,adaboost
MLB,Wes Parsons,2023,749600,6280580.59683852,30591746362604.19,MLB,MLB,adaboost
MLB,Josiah Gray,2023,757400,5209168.063587211,19818238891975.027,MLB,MLB,adaboost
MLB,MacKenzie Gore,2023,749600,5038191.782851998,18392019479945.676,MLB,MLB,adaboost
MLB,Jake Irvin,2023,745600,5478368.452910494,22399097228864.793,MLB,MLB,adaboost
MLB,Jackson Rutledge,2023,740000,4157862.380422044,11681783251504.242,MLB,MLB,adaboost
MLB,Joan Adon,2023,740000,4545167.5558041595,14479300127744.602,MLB,MLB,adaboost
MLB,MacKenzie Gore,2023,300017,5038191.782851998,22450300272854.574,MLB,MLB,adaboost
MLB,Jake Irvin,2023,239663,5478368.452910494,27444034822354.145,MLB,MLB,adaboost
MLB,Corbin Burnes,2024,35000000,27047567.106143214,63241188931295.42,MLB,MLB,adaboost
MLB,Brandon Pfaadt,2024,799400,6360384.3034427175,30924546423136.285,MLB,MLB,adaboost
MLB,Luis Severino,2024,22333333,15966842.6210288,40532199745532.86,MLB,MLB,adaboost
MLB,JP Sears,2024,770000,8044902.394261898,52924204846037.49,MLB,MLB,adaboost
MLB,Osvaldo Bido,2024,765000,7036171.648501434,39327593844968.195,MLB,MLB,adaboost
MLB,Luis Medina,2024,765000,3982211.178108221,10350447764544.486,MLB,MLB,adaboost
MLB,Mitch Spence,2024,765000,5823506.295528767,25588485941904.168,MLB,MLB,adaboost
MLB,J.T. Ginn,2024,760000,4626111.026349879,14946814468064.113,MLB,MLB,adaboost
MLB,Joey Estes,2024,760000,5173127.590965669,19475695134142.445,MLB,MLB,adaboost
MLB,Brady Basso,2024,760000,5512175.5366987,22583172331597.58,MLB,MLB,adaboost
MLB,Reynaldo López,2024,10000000,13913203.511789404,15313161724680.924,MLB,MLB,adaboost
MLB,Bryce Elder,2024,800000,5062682.593423137,18170462892272.605,MLB,MLB,adaboost
MLB,AJ Smith-Shawver,2024,770000,5636541.047048505,23683221762607.965,MLB,MLB,adaboost
MLB,Spencer Schwellenbach,2024,770000,4826058.340454808,16451609261173.016,MLB,MLB,adaboost
MLB,Charlie Morton,2024,760000,8118338.686916876,54145148231377.57,MLB,MLB,adaboost
MLB,Hurston Waldrep,2024,760000,4068512.591777042,10946255569947.24,MLB,MLB,adaboost
MLB,Davis Daniel,2024,760000,7033649.813047086,39358681976745.734,MLB,MLB,adaboost
MLB,Spencer Schwellenbach,2024,335439,4826058.340454808,20165662060866.777,MLB,MLB,adaboost
MLB,Hurston Waldrep,2024,221100,4068512.591777042,14802583651364.535,MLB,MLB,adaboost
MLB,Charlie Morton,2024,15000000,8118338.686916876,47357262427984.95,MLB,MLB,adaboost
MLB,Kyle Gibson,2024,5250000,10711466.632065635,29827617773166.35,MLB,MLB,adaboost
MLB,Dean Kremer,2024,2950000,8060465.528989681,26116857922991.78,MLB,MLB,adaboost
MLB,Trevor Rogers,2024,2600000,5140600.464337072,6454650719389.747,MLB,MLB,adaboost
MLB,Kyle Bradish,2024,2350000,6898147.283656285,20685643713830.047,MLB,MLB,adaboost
MLB,Tyler Wells,2024,2075000,8431184.88174337,40401086250902.98,MLB,MLB,adaboost
MLB,Albert Suárez,2024,825000,7754577.812762458,48019048663129.73,MLB,MLB,adaboost
MLB,Grayson Rodriguez,2024,770800,4735498.715109066,15718835901587.48,MLB,MLB,adaboost
MLB,Cade Povich,2024,766100,5372240.434178855,21216529699377.375,MLB,MLB,adaboost
MLB,Chayce McDermott,2024,762200,4141318.4929797472,11418441789597.719,MLB,MLB,adaboost
MLB,Cody Poteet,2024,760000,6554630.140242077,33577738462201.918,MLB,MLB,adaboost
MLB,Walker Buehler,2024,21050000,10963869.261694774,101730033270185.52,MLB,MLB,adaboost
MLB,Patrick Sandoval,2024,9125000,5270228.525392986,14859263121443.934,MLB,MLB,adaboost
MLB,Tanner Houck,2024,3950000,8223539.0875719255,18263136333005.086,MLB,MLB,adaboost
MLB,Garrett Crochet,2024,3800000,7554527.332710231,14096475492068.2,MLB,MLB,adaboost
MLB,Kutter Crawford,2024,2750000,10081198.753650853,53746475165531.83,MLB,MLB,adaboost
MLB,Cooper Criswell,2024,1000000,5091425.07694318,16739759160239.504,MLB,MLB,adaboost
MLB,Richard Fitts,2024,766000,4252741.678091391,12157367529739.568,MLB,MLB,adaboost
MLB,Quinn Priester,2024,760000,4060737.5672832644,10894868488075.043,MLB,MLB,adaboost
MLB,Brayan Bello,2024,336196,5481931.4303531,26478593119191.207,MLB,MLB,adaboost
MLB,Matthew Boyd,2024,14500000,10077397.229663333,19559415264189.562,MLB,MLB,adaboost
MLB,Justin Steele,2024,6550000,8915978.673214842,5597855082107.462,MLB,MLB,adaboost
MLB,Colin Rea,2024,5000000,7227580.680179134,4962115686707.333,MLB,MLB,adaboost
MLB,Chris Flexen,2024,1250000,6537671.351429063,27959468320723.652,MLB,MLB,adaboost
MLB,Javier Assad,2024,793250,6160410.507282893,28806411910937.164,MLB,MLB,adaboost
MLB,Ben Brown,2024,762500,4791527.242923731,16233060524221.602,MLB,MLB,adaboost
MLB,Jordan Wicks,2024,760000,4659511.515745071,15206190061428.42,MLB,MLB,adaboost
MLB,Martín Pérez,2024,5000000,7891701.775279897,8361939157156.909,MLB,MLB,adaboost
MLB,Mike Clevinger,2024,1500000,6383824.815933531,23851744832728.188,MLB,MLB,adaboost
MLB,Jonathan Cannon,2024,769100,4342028.400518317,12765817355230.377,MLB,MLB,adaboost
MLB,Davis Martin,2024,765450,5904511.963520556,26409957864903.75,MLB,MLB,adaboost
MLB,Drew Thorpe,2024,764750,3824452.6147401235,9361780090647.549,MLB,MLB,adaboost
MLB,Ky Bush,2024,760800,3914001.614813131,9942680423660.137,MLB,MLB,adaboost
MLB,Sean Burke,2024,760350,5175457.606770194,19493175179360.03,MLB,MLB,adaboost
MLB,Brady Singer,2024,8750000,7680477.762033683,1143877817504.4788,MLB,MLB,adaboost
MLB,Wade Miley,2024,2500000,6290392.2638342865,14367073513734.807,MLB,MLB,adaboost
MLB,Nick Lodolo,2024,1975000,6386861.307130058,19464520193351.348,MLB,MLB,adaboost
MLB,Graham Ashcraft,2024,780000,4840357.9456250835,16486506646600.748,MLB,MLB,adaboost
MLB,Brandon Williamson,2024,770000,5024981.37235609,18104866479097.312,MLB,MLB,adaboost
MLB,Andrew Abbott,2024,770000,5130007.06620539,19009661617360.93,MLB,MLB,adaboost
MLB,Rhett Lowder,2024,761500,4006796.2804870093,10531947948142.818,MLB,MLB,adaboost
MLB,Julian Aguiar,2024,761500,4220183.660329027,11962492662226.996,MLB,MLB,adaboost
MLB,Andrew Abbott,2024,520065,5130007.06620539,21251565853770.02,MLB,MLB,adaboost
MLB,Tanner Bibee,2024,9600000,5869139.271219353,13919321777557.658,MLB,MLB,adaboost
MLB,Shane Bieber,2024,13000000,17358033.51939786,18992456156195.285,MLB,MLB,adaboost
MLB,Ben Lively,2024,2250000,8686746.6577313,41431707535815.06,MLB,MLB,adaboost
MLB,Triston McKenzie,2024,1950000,5285732.1938810125,11127109269294.232,MLB,MLB,adaboost
MLB,Kolby Allard,2024,1000000,6130544.474249397,26322486602251.027,MLB,MLB,adaboost
MLB,John Means,2024,1000000,8233646.245571254,52325638006067.09,MLB,MLB,adaboost
MLB,Kolby Allard,2024,850000,6130544.474249397,27884149944525.844,MLB,MLB,adaboost
MLB,Gavin Williams,2024,780300,4763152.696202514,15863115599647.633,MLB,MLB,adaboost
MLB,Logan Allen,2024,777200,5193662.750787519,19505143229093.66,MLB,MLB,adaboost
MLB,Slade Cecconi,2024,765000,4939468.292030342,17426185521166.72,MLB,MLB,adaboost
MLB,Joey Cantillo,2024,762800,4664544.538988025,15223610447522.875,MLB,MLB,adaboost
MLB,Gavin Williams,2024,347481,4763152.696202514,19498156528643.984,MLB,MLB,adaboost
MLB,Tanner Bibee,2024,217235,5869139.271219353,31944021891027.566,MLB,MLB,adaboost
MLB,Austin Gomber,2024,6350000,7652679.095019964,1696972824602.0312,MLB,MLB,adaboost
MLB,Ryan Feltner,2024,2275000,6745249.169133118,19983127634135.336,MLB,MLB,adaboost
MLB,Bradley Blalock,2024,762000,3932559.432882578,10052447117440.695,MLB,MLB,adaboost
MLB,Tanner Gordon,2024,760000,5064746.866573325,18530845585272.863,MLB,MLB,adaboost
MLB,Jack Flaherty,2024,17500000,11151584.824614264,40302375239067.91,MLB,MLB,adaboost
MLB,Alex Cobb,2024,15000000,7489764.025910444,56403644386508.91,MLB,MLB,adaboost
MLB,Tarik Skubal,2024,10150000,11877116.681630315,2982932031965.712,MLB,MLB,adaboost
MLB,Casey Mize,2024,2340000,5881319.205160375,12540941712837.709,MLB,MLB,adaboost
MLB,Reese Olson,2024,787100,4968789.897820182,17486530401531.365,MLB,MLB,adaboost
MLB,Keider Montero,2024,760000,4525350.475768835,14177864205372.594,MLB,MLB,adaboost
MLB,Matt Manning,2024,760000,4523778.224003227,14166026519480.889,MLB,MLB,adaboost
MLB,Reese Olson,2024,224416,4968789.897820182,22509083682317.47,MLB,MLB,adaboost
MLB,Framber Valdez,2024,18000000,22708506.558929935,22170034015486.22,MLB,MLB,adaboost
MLB,Hunter Brown,2024,2206538,5485844.600245577,10753851778414.207,MLB,MLB,adaboost
MLB,Hunter Brown,2024,870000,5485844.600245577,21306021373616.254,MLB,MLB,adaboost
MLB,Ronel Blanco,2024,802700,8573495.151234021,60385257282442.18,MLB,MLB,adaboost
MLB,Spencer Arrighetti,2024,794200,4942084.085381538,17204942385761.436,MLB,MLB,adaboost
MLB,J.P. France,2024,769900,6688763.177066115,35032941308829.18,MLB,MLB,adaboost
MLB,Michael Wacha,2024,17000000,10734302.309808223,39258967544874.58,MLB,MLB,adaboost
MLB,Cole Ragans,2024,4416667,6372707.47168311,3826094326862.2837,MLB,MLB,adaboost
MLB,Michael Lorenzen,2024,7000000,7212827.774310003,45295661517.74959,MLB,MLB,adaboost
MLB,Alec Marsh,2024,769000,5782282.39890446,25133000411165.254,MLB,MLB,adaboost
MLB,Jonathan Bowlan,2024,760000,6079646.40756524,28298637901521.76,MLB,MLB,adaboost
MLB,Yusei Kikuchi,2024,21225000,15262616.361913064,35550018647726.8,MLB,MLB,adaboost
MLB,Kyle Hendricks,2024,2500000,6030629.584745499,12465345264680.178,MLB,MLB,adaboost
MLB,Reid Detmers,2024,1825000,6124170.381410068,18482865968393.59,MLB,MLB,adaboost
MLB,José Soriano,2024,790000,4749375.332550257,15676653024007.46,MLB,MLB,adaboost
MLB,Jack Kochanowicz,2024,770000,4546707.868443955,14263522323566.48,MLB,MLB,adaboost
MLB,Caden Dana,2024,760000,4034895.7041231594,10724941872884.324,MLB,MLB,adaboost
MLB,Chase Silseth,2024,760000,4859881.56020936,16809028807744.736,MLB,MLB,adaboost
MLB,José Soriano,2024,324925,4749375.332550257,19575760745204.082,MLB,MLB,adaboost
MLB,Blake Snell,2024,36400000,28505000.08725285,62331023622277.484,MLB,MLB,adaboost
MLB,Clayton Kershaw,2024,7500000,6152508.97559878,1815732060841.8481,MLB,MLB,adaboost
MLB,Justin Wrobleski,2024,800000,3636823.8898175894,8047569781839.799,MLB,MLB,adaboost
MLB,Gavin Stone,2024,780000,5542293.71965327,22679441472248.98,MLB,MLB,adaboost
MLB,River Ryan,2024,770000,4916964.6312077595,17197315652488.11,MLB,MLB,adaboost
MLB,Andrew Heaney,2024,760000,8528664.118285561,60352142182737.57,MLB,MLB,adaboost
MLB,Landon Knack,2024,760000,5813307.166133763,25535913315298.844,MLB,MLB,adaboost
MLB,Bobby Miller,2024,760000,4783033.648307416,16184799735413.676,MLB,MLB,adaboost
MLB,Cal Quantrill,2024,3500000,7028148.414488916,12447831234660.654,MLB,MLB,adaboost
MLB,Edward Cabrera,2024,1950000,5256227.403157784,10931139641391.46,MLB,MLB,adaboost
MLB,Braxton Garrett,2024,1530000,6309589.005070978,22844471057395.38,MLB,MLB,adaboost
MLB,Valente Bellozo,2024,800000,4588447.296783175,14352332920503.748,MLB,MLB,adaboost
MLB,Ryan Weathers,2024,779100,5163750.325215066,19225158474408.582,MLB,MLB,adaboost
MLB,Max Meyer,2024,768000,4543842.9856603285,14256990252360.305,MLB,MLB,adaboost
MLB,Adam Mazur,2024,760000,3932559.432882578,10065133355172.227,MLB,MLB,adaboost
MLB,Aaron Civale,2024,8000000,9284726.677838828,1650522636750.7927,MLB,MLB,adaboost
MLB,Nestor Cortes,2024,7600000,11675997.802993504,16613758090007.875,MLB,MLB,adaboost
MLB,Jose Quintana,2024,4000000,10017500.044666173,36210306787557.39,MLB,MLB,adaboost
MLB,Tobias Myers,2024,781800,6803291.696271442,36258362248265.93,MLB,MLB,adaboost
MLB,DL Hall,2024,766100,4542435.411855836,14260709142836.389,MLB,MLB,adaboost
MLB,Robert Gasser,2024,765400,4669257.127273423,15240100470163.5,MLB,MLB,adaboost
MLB,Erick Fedde,2024,760000,8658979.857358215,62393882786950.81,MLB,MLB,adaboost
MLB,Quinn Priester,2024,307705,4060737.5672832644,14085253451088.81,MLB,MLB,adaboost
MLB,Bailey Ober,2024,3550000,10782337.845001798,52306710704245.25,MLB,MLB,adaboost
MLB,Joe Ryan,2024,3000000,9808675.408950305,46358060824444.6,MLB,MLB,adaboost
MLB,David Festa,2024,760000,4674541.018864097,15323631388369.562,MLB,MLB,adaboost
MLB,Zebby Matthews,2024,760000,5269273.170848147,20333544529330.902,MLB,MLB,adaboost
MLB,Sean Manaea,2024,25000000,20219392.207988616,22854210861039.96,MLB,MLB,adaboost
MLB,Frankie Montas,2024,17000000,10027734.035398923,48612492681134.586,MLB,MLB,adaboost
MLB,David Peterson,2024,4625000,7284854.459922667,7074825747970.501,MLB,MLB,adaboost
MLB,Griffin Canning,2024,4250000,7070684.397441668,7956260469970.868,MLB,MLB,adaboost
MLB,Paul Blackburn,2024,4050000,6972483.236322469,8540908266585.853,MLB,MLB,adaboost
MLB,Tylor Megill,2024,1975000,7987665.547825631,36152146990009.29,MLB,MLB,adaboost
MLB,Christian Scott,2024,764500,4522620.161114758,14123467145377.213,MLB,MLB,adaboost
MLB,Max Fried,2024,27250000,20276960.91778993,48623274042029.08,MLB,MLB,adaboost
MLB,Clarke Schmidt,2024,3600000,9107923.744855335,30337223979141.22,MLB,MLB,adaboost
MLB,Carlos Carrasco,2024,1500000,8706049.095366105,51927143564826.664,MLB,MLB,adaboost
MLB,Luis Gil,2024,804125,8096797.590991068,53183073519392.375,MLB,MLB,adaboost
MLB,Will Warren,2024,767600,4371308.19716582,12986712770320.123,MLB,MLB,adaboost
MLB,Paul Blackburn,2024,760000,6972483.236322469,38594947961587.695,MLB,MLB,adaboost
MLB,Allan Winans,2024,760000,5689299.400673774,24297992581482.83,MLB,MLB,adaboost
MLB,Will Warren,2024,223911,4371308.19716582,17200903511058.898,MLB,MLB,adaboost
MLB,Zack Wheeler,2024,42000000,34098663.04207972,62431125722596.95,MLB,MLB,adaboost
MLB,Cristopher Sánchez,2024,5625000,9053593.93784438,11755256390623.238,MLB,MLB,adaboost
MLB,Ranger Suárez,2024,8800000,9348008.185653113,300312971542.8166,MLB,MLB,adaboost
MLB,Jesús Luzardo,2024,6625000,5815970.7694785595,654528295838.1141,MLB,MLB,adaboost
MLB,Cristopher Sánchez,2024,2678437,9053593.93784438,40642625982145.34,MLB,MLB,adaboost
MLB,Tyler Phillips,2024,764000,4405691.279636887,13261915376183.348,MLB,MLB,adaboost
MLB,Walker Buehler,2024,760000,10963869.261694774,104118947909759.45,MLB,MLB,adaboost
MLB,Seth Johnson,2024,760000,4174935.38063363,11661783653903.354,MLB,MLB,adaboost
MLB,Andrew Heaney,2024,5250000,8528664.118285561,10749638400533.234,MLB,MLB,adaboost
MLB,Paul Skenes,2024,3436343,6407512.695006716,8827849356526.303,MLB,MLB,adaboost
MLB,Bailey Falter,2024,2222000,5820322.952270472,12947928068836.488,MLB,MLB,adaboost
MLB,Paul Skenes,2024,875000,6407512.695006716,30608696720410.477,MLB,MLB,adaboost
MLB,Jared Jones,2024,775000,4796949.984712841,16176081679531.621,MLB,MLB,adaboost
MLB,Nick Pivetta,2024,13750000,14802229.150627794,1107186185430.8882,MLB,MLB,adaboost
MLB,Dylan Cease,2024,13750000,11931295.341829458,3307686633651.227,MLB,MLB,adaboost
MLB,Michael King,2024,7750000,12344627.417080518,21110601101787.992,MLB,MLB,adaboost
MLB,Matt Waldron,2024,775800,7650257.210240541,47258161935428.164,MLB,MLB,adaboost
MLB,Randy Vásquez,2024,772800,5136286.5414348375,19040014797282.96,MLB,MLB,adaboost
MLB,Logan Gilbert,2024,7625000,10678573.95504295,9324313898916.648,MLB,MLB,adaboost
MLB,George Kirby,2024,4300000,8498708.412252769,17629152331122.168,MLB,MLB,adaboost
MLB,Bryan Woo,2024,1540676,5139028.5035562515,12948140739849.543,MLB,MLB,adaboost
MLB,Bryce Miller,2024,800000,5960303.654112131,26628733802643.016,MLB,MLB,adaboost
MLB,Bryan Woo,2024,783300,5139028.5035562515,18972370796692.383,MLB,MLB,adaboost
MLB,Emerson Hancock,2024,766000,4048711.388067693,10776194057349.32,MLB,MLB,adaboost
MLB,Luis Castillo,2024,760000,8574408.48555799,61064979979160.72,MLB,MLB,adaboost
MLB,Justin Verlander,2024,15000000,8779890.707304925,38689759613071.63,MLB,MLB,adaboost
MLB,Joey Lucchesi,2024,854839,6132082.240270278,27849296216978.348,MLB,MLB,adaboost
MLB,Hayden Birdsong,2024,765000,4948446.0354407225,17501220731444.7,MLB,MLB,adaboost
MLB,Mason Black,2024,760000,4803271.830587047,16348047096018.73,MLB,MLB,adaboost
MLB,Keaton Winn,2024,760000,6010655.693706042,27569385213847.68,MLB,MLB,adaboost
MLB,Kyle Harrison,2024,760000,4955386.6771167815,17601269370528.99,MLB,MLB,adaboost
MLB,Andre Pallante,2024,2100000,6178228.690709433,16631949253725.572,MLB,MLB,adaboost
MLB,Gordon Graceffo,2024,760000,4520177.308523548,14138933391535.393,MLB,MLB,adaboost
MLB,Roddery Muñoz,2024,760000,5267532.11237899,20317845744127.8,MLB,MLB,adaboost
MLB,Michael McGreevy,2024,760000,6379227.783075,31575720878081.98,MLB,MLB,adaboost
MLB,Zack Littell,2024,5720000,9150737.7699481,11769961646148.467,MLB,MLB,adaboost
MLB,Shane Baz,2024,1450000,4792737.7327770395,11173895550131.383,MLB,MLB,adaboost
MLB,Ryan Pepiot,2024,774600,5880097.042795491,26066100053993.508,MLB,MLB,adaboost
MLB,Taj Bradley,2024,774200,4867105.4098439785,16751874693930.105,MLB,MLB,adaboost
MLB,Joe Boyle,2024,760000,4451080.794981637,13624077435082.273,MLB,MLB,adaboost
MLB,Ryan Pepiot,2024,303898,5880097.042795491,31093995764873.355,MLB,MLB,adaboost
MLB,Nathan Eovaldi,2024,25000000,18661592.330190845,40175411788695.52,MLB,MLB,adaboost
MLB,Dane Dunning,2024,2660000,6454817.547646095,14400640219922.723,MLB,MLB,adaboost
MLB,Patrick Corbin,2024,1100000,7499676.639472211,40955861089806.33,MLB,MLB,adaboost
MLB,Cody Bradford,2024,774000,5799695.6712370785,25257616979891.11,MLB,MLB,adaboost
MLB,Jack Leiter,2024,762500,4158840.7268277197,11535130332708.643,MLB,MLB,adaboost
MLB,Kumar Rocker,2024,761500,4344476.139347344,12837718015132.396,MLB,MLB,adaboost
MLB,Jack Leiter,2024,286905,4158840.7268277197,14991886272684.902,MLB,MLB,adaboost
MLB,Max Scherzer,2024,15500000,9462895.163646493,36446634805122.91,MLB,MLB,adaboost
MLB,Alek Manoah,2024,2200000,5224231.984938181,9145979098723.13,MLB,MLB,adaboost
MLB,Jake Bloss,2024,123900,5750781.567859065,31661796178712.086,MLB,MLB,adaboost
MLB,Trevor Williams,2024,7000000,8445214.783986162,2088645771852.17,MLB,MLB,adaboost
MLB,MacKenzie Gore,2024,2890000,6689895.971030778,14439209390655.941,MLB,MLB,adaboost
MLB,Josiah Gray,2024,1350000,5273090.243858447,15390637061457.332,MLB,MLB,adaboost
MLB,Jake Irvin,2024,774600,7934659.51977502,51266452326720.89,MLB,MLB,adaboost
MLB,Mitchell Parker,2024,767200,5520288.626374439,22591851490170.055,MLB,MLB,adaboost
MLB,DJ Herz,2024,764200,4750576.944791574,15891201145965.805,MLB,MLB,adaboost
MLB,Brandon Pfaadt,2025,9000000,8128463.364128378,759576107666.4238,MLB,MLB,adaboost
MLB,Merrill Kelly,2025,20000000,14059147.00141169,35293734350835.72,MLB,MLB,adaboost
MLB,Zac Gallen,2025,22025000,14488884.526054585,56793036436639.52,MLB,MLB,adaboost
MLB,Michael Soroka,2025,7500000,7018156.854148845,232172817203.73724,MLB,MLB,adaboost
MLB,Ryne Nelson,2025,3000000,6458008.825382889,11957825036425.95,MLB,MLB,adaboost
MLB,Aaron Civale,2025,6000000,8164453.633611013,4684859532051.918,MLB,MLB,adaboost
MLB,J.T. Ginn,2025,785000,5849460.880813926,25648764013294.57,MLB,MLB,adaboost
MLB,Luis Morales,2025,780000,4250478.0309529565,12044217763327.11,MLB,MLB,adaboost
MLB,Mason Barnett,2025,780000,4056250.85226012,10733819646935.164,MLB,MLB,adaboost
MLB,Gunnar Hoglund,2025,780000,4316634.33167443,12507782395978.238,MLB,MLB,adaboost
MLB,Jacob Lopez,2025,780000,6237703.440605348,29786526845595.453,MLB,MLB,adaboost
MLB,Martín Pérez,2025,3500000,7181440.446187684,13553003758826.576,MLB,MLB,adaboost
MLB,Carlos Carrasco,2025,1500000,5260081.776080034,14138214962809.182,MLB,MLB,adaboost
MLB,AJ Smith-Shawver,2025,800000,4564115.321371606,14168564152584.467,MLB,MLB,adaboost
MLB,Spencer Schwellenbach,2025,800000,5384266.1431174055,21015496070932.53,MLB,MLB,adaboost
MLB,Grant Holmes,2025,800000,7486801.960496467,44713320458899.39,MLB,MLB,adaboost
MLB,Hurston Waldrep,2025,798300,4557047.060271017,14128179463096.014,MLB,MLB,adaboost
MLB,Shane Baz,2025,13600000,6750706.48068446,46912821713737.85,MLB,MLB,adaboost
MLB,Chris Bassitt,2025,18500000,13806690.540203426,22027153685416.008,MLB,MLB,adaboost
MLB,Zach Eflin,2025,10000000,7405657.485947799,6730613080218.695,MLB,MLB,adaboost
MLB,Trevor Rogers,2025,6200000,8002985.230018175,3250755739663.6924,MLB,MLB,adaboost
MLB,Dean Kremer,2025,5750000,9148571.602242066,11550288935566.201,MLB,MLB,adaboost
MLB,Kyle Bradish,2025,3550000,9943495.101901388,40876779618037.04,MLB,MLB,adaboost
MLB,Shane Baz,2025,3500000,6750706.48068446,10567092623563.95,MLB,MLB,adaboost
MLB,Tyler Wells,2025,2450000,8286918.436789968,34069616837738.645,MLB,MLB,adaboost
MLB,Garrett Crochet,2025,28333333,21510214.255244676,46554949405031.47,MLB,MLB,adaboost
MLB,Ranger Suárez,2025,26000000,18772829.989211172,52231986364845.39,MLB,MLB,adaboost
MLB,Tanner Houck,2025,4150000,6542512.518147137,5724116149490.755,MLB,MLB,adaboost
MLB,Johan Oviedo,2025,1550000,5822264.472574986,18252243723626.418,MLB,MLB,adaboost
MLB,Connelly Early,2025,789500,6696548.62784858,34893223491767.785,MLB,MLB,adaboost
MLB,Shota Imanaga,2025,22025000,14600437.073142044,55124134654873.58,MLB,MLB,adaboost
MLB,Justin Steele,2025,6775000,8902071.32381037,4524432416576.402,MLB,MLB,adaboost
MLB,Colin Rea,2025,6500000,7421706.865709618,849543546296.2473,MLB,MLB,adaboost
MLB,Edward Cabrera,2025,4450000,7570140.031596154,9735273816768.85,MLB,MLB,adaboost
MLB,Javier Assad,2025,1800000,4726991.773206258,8567280840417.115,MLB,MLB,adaboost
MLB,Cade Horton,2025,817500,4772754.846508836,15644040900831.639,MLB,MLB,adaboost
MLB,Ben Brown,2025,800000,4773675.25834167,15790095058756.738,MLB,MLB,adaboost
MLB,Erick Fedde,2025,1500000,5708982.333268556,17715532281766.816,MLB,MLB,adaboost
MLB,Shane Smith,2025,825900,5281083.952006297,19848664046214.45,MLB,MLB,adaboost
MLB,Davis Martin,2025,798900,6325309.144677318,30541198034373.082,MLB,MLB,adaboost
MLB,Sean Burke,2025,793200,5010164.564732629,17782790140210.65,MLB,MLB,adaboost
MLB,Brady Singer,2025,12750000,9001103.746046677,14054223122905.256,MLB,MLB,adaboost
MLB,Nick Lodolo,2025,4725000,7866601.595457675,9869660584582.209,MLB,MLB,adaboost
MLB,Andrew Abbott,2025,800000,6363324.703524194,30950581756842.56,MLB,MLB,adaboost
MLB,Chase Burns,2025,785000,5047101.062397591,18165505466090.67,MLB,MLB,adaboost
MLB,Chase Petty,2025,780000,4436012.622999249,13366428299529.85,MLB,MLB,adaboost
MLB,Gavin Williams,2025,822200,5284778.831406639,19914609826518.645,MLB,MLB,adaboost
MLB,Slade Cecconi,2025,795600,6665840.995478647,34459729344998.133,MLB,MLB,adaboost
MLB,Parker Messick,2025,788400,5689163.027672749,24017478253404.168,MLB,MLB,adaboost
MLB,Doug Nikhazy,2025,780000,4704538.1757495,15401999892915.215,MLB,MLB,adaboost
MLB,Michael Lorenzen,2025,8000000,10687849.15211714,7224533064536.832,MLB,MLB,adaboost
MLB,Jose Quintana,2025,6000000,7392218.145287027,1938271364066.4485,MLB,MLB,adaboost
MLB,Tomoyuki Sugano,2025,5100000,7296979.019670582,4826716812872.713,MLB,MLB,adaboost
MLB,Ryan Feltner,2025,2450000,6006925.20360163,12651716904016.5,MLB,MLB,adaboost
MLB,Chase Dollander,2025,782000,4792360.08049367,16082987975217.195,MLB,MLB,adaboost
MLB,McCade Brown,2025,782000,4756351.959146817,15795473495174.145,MLB,MLB,adaboost
MLB,Tanner Gordon,2025,780000,6618778.98500591,34091340035746.64,MLB,MLB,adaboost
MLB,Framber Valdez,2025,38333333,30153347.283045765,66912166329575.29,MLB,MLB,adaboost
MLB,Tarik Skubal,2025,32000000,24401426.315091558,57738322044983.06,MLB,MLB,adaboost
MLB,Justin Verlander,2025,13000000,8956356.028986825,16351056564311.201,MLB,MLB,adaboost
MLB,Casey Mize,2025,6150000,10627094.859486872,20044378380843.777,MLB,MLB,adaboost
MLB,Reese Olson,2025,818100,4565295.239511595,14041472163018.361,MLB,MLB,adaboost
MLB,Jackson Jobe,2025,784300,3761346.959584116,8862808599569.03,MLB,MLB,adaboost
MLB,Hunter Brown,2025,5710000,6243910.651922724,285060584236.54834,MLB,MLB,adaboost
MLB,Hayden Wesneski,2025,975000,6652069.99342915,32229123710293.652,MLB,MLB,adaboost
MLB,Brandon Walter,2025,850000,7986972.181425174,50936371918436.805,MLB,MLB,adaboost
MLB,Ronel Blanco,2025,802700,7961842.186947663,51253316852933.77,MLB,MLB,adaboost
MLB,Kai-Wei Teng,2025,786700,4977296.8552083345,17561102002881.982,MLB,MLB,adaboost
MLB,Colton Gordon,2025,780000,5237761.3484293735,19871636239550.867,MLB,MLB,adaboost
MLB,Seth Lugo,2025,23000000,14842282.29069689,66548358224677.59,MLB,MLB,adaboost
MLB,Kris Bubic,2025,6150000,5893762.646100851,65657581533.23785,MLB,MLB,adaboost
MLB,Bailey Falter,2025,3600000,5958400.164478019,5562051335809.946,MLB,MLB,adaboost
MLB,Noah Cameron,2025,802000,5365823.057368382,20828480898967.285,MLB,MLB,adaboost
MLB,Stephen Kolek,2025,793250,5910157.829466182,26182745735252.312,MLB,MLB,adaboost
MLB,José Soriano,2025,2900000,6102254.445103803,10254433531187.062,MLB,MLB,adaboost
MLB,Jack Kochanowicz,2025,800000,4745207.464017011,15564661934135.537,MLB,MLB,adaboost
MLB,Mitch Farris,2025,780000,4594152.580419658,14547759906721.934,MLB,MLB,adaboost
MLB,Emmet Sheehan,2025,810000,6281236.6855477365,29934430869283.383,MLB,MLB,adaboost
MLB,Roki Sasaki,2025,800000,3790835.7270862414,8945098346415.486,MLB,MLB,adaboost
MLB,Bobby Miller,2025,800000,6063927.3470064225,27708931114562.074,MLB,MLB,adaboost
MLB,Landon Knack,2025,790000,5942515.8625832265,26548419714171.77,MLB,MLB,adaboost
MLB,Chris Paddack,2025,4000000,6774926.015651194,7700214392337.8125,MLB,MLB,adaboost
MLB,Ryan Weathers,2025,1350000,4883448.39961094,12485257592713.115,MLB,MLB,adaboost
MLB,Max Meyer,2025,980000,5557687.847808672,20955226031975.19,MLB,MLB,adaboost
MLB,Eury Pérez,2025,799500,4916960.2225126615,16953478683974.016,MLB,MLB,adaboost
MLB,Janson Junk,2025,798000,6675572.5457659215,34545859030741.297,MLB,MLB,adaboost
MLB,Adam Mazur,2025,786000,3881027.329710256,9579194171653.396,MLB,MLB,adaboost
MLB,Brandon Woodruff,2025,22025000,19656077.327030282,5611794630509.991,MLB,MLB,adaboost
MLB,Quinn Priester,2025,803200,5028003.1896191705,17848961991016.316,MLB,MLB,adaboost
MLB,Chad Patrick,2025,796400,5644100.200110287,23500197230149.32,MLB,MLB,adaboost
MLB,Jacob Misiorowski,2025,788300,5540225.946815197,22580800204015.51,MLB,MLB,adaboost
MLB,Kyle Harrison,2025,786100,4651859.938436817,14944099901623.025,MLB,MLB,adaboost
MLB,Brandon Sproat,2025,783000,3961111.80907477,10100394670980.508,MLB,MLB,adaboost
MLB,Logan Henderson,2025,780000,6658248.983467183,34553811111632.973,MLB,MLB,adaboost
MLB,Joe Ryan,2025,6200000,13237050.039165262,49520073253715.82,MLB,MLB,adaboost
MLB,Bailey Ober,2025,5200000,9800055.717174247,21160512601107.477,MLB,MLB,adaboost
MLB,Taj Bradley,2025,802050,5394979.020574251,21094996988033.15,MLB,MLB,adaboost
MLB,David Festa,2025,791200,5110195.731601845,18653724129594.953,MLB,MLB,adaboost
MLB,Mick Abel,2025,782500,4538447.971793993,14107145166823.412,MLB,MLB,adaboost
MLB,David Peterson,2025,8100000,8980093.26833233,774564160963.8835,MLB,MLB,adaboost
MLB,Tylor Megill,2025,2500000,9674198.510463415,51469124267535.48,MLB,MLB,adaboost
MLB,Nolan McLean,2025,791500,4527509.673421992,13957768279902.7,MLB,MLB,adaboost
MLB,Jonah Tong,2025,780000,4623637.773241675,14773551331890.225,MLB,MLB,adaboost
MLB,Clarke Schmidt,2025,4500000,10477478.692772103,35730251522544.49,MLB,MLB,adaboost
MLB,Luis Gil,2025,2162500,5135246.568603093,8837222161141.463,MLB,MLB,adaboost
MLB,Will Warren,2025,826625,6342369.045661669,30423432377252.156,MLB,MLB,adaboost
MLB,Cam Schlittler,2025,801425,4440801.23153344,13245059354650.541,MLB,MLB,adaboost
MLB,Jesús Luzardo,2025,11000000,9407873.379798556,2534867174754.0737,MLB,MLB,adaboost
MLB,Paul Skenes,2025,1085000,6224603.651048318,26415525689869.195,MLB,MLB,adaboost
MLB,Bubba Chandler,2025,787200,5145485.29693794,18994650729505.426,MLB,MLB,adaboost
MLB,Michael King,2025,25000000,16788700.84246218,67425433854581.34,MLB,MLB,adaboost
MLB,Lucas Giolito,2025,3000000,9044432.644461213,36535165993428.37,MLB,MLB,adaboost
MLB,JP Sears,2025,2750000,9727766.060056178,48689219188871.914,MLB,MLB,adaboost
MLB,Griffin Canning,2025,2500000,7906385.485070853,29229004013184.797,MLB,MLB,adaboost
MLB,Germán Márquez,2025,1750000,6732600.892149226,24826311650446.26,MLB,MLB,adaboost
MLB,Walker Buehler,2025,1500000,6227593.675117444,22350141957010.465,MLB,MLB,adaboost
MLB,Randy Vásquez,2025,808800,4866733.358308339,16466823140471.592,MLB,MLB,adaboost
MLB,Matt Waldron,2025,796800,5510231.316950511,22216434779609.832,MLB,MLB,adaboost
MLB,Logan Gilbert,2025,10927000,12535820.74912348,2588304202810.236,MLB,MLB,adaboost
MLB,George Kirby,2025,6550000,7105108.07342267,308144973179.0288,MLB,MLB,adaboost
MLB,Bryce Miller,2025,2452500,5760385.383622491,10942105711183.312,MLB,MLB,adaboost
MLB,Bryan Woo,2025,831600,7090786.6336632855,39177417315029.13,MLB,MLB,adaboost
MLB,Emerson Hancock,2025,793300,4739173.309337657,15569916173343.312,MLB,MLB,adaboost
MLB,Logan Evans,2025,785800,4222552.559238267,11811268153430.78,MLB,MLB,adaboost
MLB,Adrian Houser,2025,11000000,8188137.032523258,7906573347867.111,MLB,MLB,adaboost
MLB,Tyler Mahle,2025,10000000,7873974.64511082,4519983809631.662,MLB,MLB,adaboost
MLB,Landen Roupp,2025,800000,5751322.862237195,24515598086112.727,MLB,MLB,adaboost
MLB,Trevor McDonald,2025,780000,4970627.498526439,17561358831405.96,MLB,MLB,adaboost
MLB,Blade Tidwell,2025,780000,3642449.6907498967,8193618232074.179,MLB,MLB,adaboost
MLB,Dustin May,2025,12500000,6706321.957991866,33566705254447.2,MLB,MLB,adaboost
MLB,Andre Pallante,2025,4000000,7254432.322878071,10591329744193.559,MLB,MLB,adaboost
MLB,Matthew Liberatore,2025,2260000,5209186.718237096,8697702299026.095,MLB,MLB,adaboost
MLB,Hunter Dobbins,2025,787600,4347701.630451083,12674323619140.46,MLB,MLB,adaboost
MLB,Michael McGreevy,2025,784550,4509032.3674470475,13871768905423.963,MLB,MLB,adaboost
MLB,Nick Martinez,2025,13000000,6782877.550697673,38652611549618.96,MLB,MLB,adaboost
MLB,Ryan Pepiot,2025,3025000,7942590.509058764,24182696414784.836,MLB,MLB,adaboost
MLB,Joe Boyle,2025,784200,4779005.562359326,15958471481057.008,MLB,MLB,adaboost
MLB,Cal Quantrill,2025,1000000,7310215.949579987,39818825330333.66,MLB,MLB,adaboost
MLB,Jack Leiter,2025,794000,5429174.544159299,21484843054822.363,MLB,MLB,adaboost
MLB,Kumar Rocker,2025,789000,5530176.17933578,22478751563501.027,MLB,MLB,adaboost
MLB,Dylan Cease,2025,30000000,22069881.510133255,62886779263326.42,MLB,MLB,adaboost
MLB,Eric Lauer,2025,4400000,11154663.499493191,45625478991385.6,MLB,MLB,adaboost
MLB,Max Scherzer,2025,3000000,9174075.604379162,38119209568589.914,MLB,MLB,adaboost
MLB,Patrick Corbin,2025,1000000,7622288.761178771,43854708436434.664,MLB,MLB,adaboost
MLB,Bowden Francis,2025,809800,7782986.573592714,48625330990133.695,MLB,MLB,adaboost
MLB,Trey Yesavage,2025,788800,4492397.968147468,13716637909666.053,MLB,MLB,adaboost
MLB,Zack Littell,2025,7000000,9497196.981720915,6235992765516.048,MLB,MLB,adaboost
MLB,MacKenzie Gore,2025,5600000,7401942.913442052,3246998263304.0303,MLB,MLB,adaboost
MLB,Jake Irvin,2025,2800000,7535800.790907067,22427809131156.004,MLB,MLB,adaboost
MLB,Miles Mikolas,2025,2250000,7089033.465399986,23416244879261,MLB,MLB,adaboost
MLB,Cade Cavalli,2025,870000,4956987.938903191,16703470412740.154,MLB,MLB,adaboost
MLB,Andrew Alvarez,2025,780000,5371914.122509559,21085675308502.73,MLB,MLB,adaboost
