model_name,trained_on,predicted_on,prediction_data_type,league,player_name,year,actual_salary,predicted_salary,squared_error
lightgbm,MLB,MLB,test,MLB,Ian Kennedy,2010,-0.5443332400399039,-0.2592423313583255,0.08127682621288809
lightgbm,MLB,MLB,test,MLB,Tommy Hanson,2010,-0.5381021031502519,-0.35528493027696556,0.03342211869738105
lightgbm,MLB,MLB,test,MLB,Josh Beckett,2010,2.5390564978629993,0.3977924087187493,4.585011899458753
lightgbm,MLB,MLB,test,MLB,Tom Gorzelanny,2010,-0.23240438738482905,0.01472565956792294,0.0610732601068694
lightgbm,MLB,MLB,test,MLB,John Danks,2010,0.49301154902232,0.29247034961092944,0.040216772661359104
lightgbm,MLB,MLB,test,MLB,Bronson Arroyo,2010,1.5470347664870598,0.06616417582941016,2.192977706274736
lightgbm,MLB,MLB,test,MLB,Homer Bailey,2010,-0.5409851664872549,-0.3940377851864725,0.021593532871157544
lightgbm,MLB,MLB,test,MLB,Mitch Talbot,2010,-0.5427150044894571,-0.05512156286352617,0.2377473643166201
lightgbm,MLB,MLB,test,MLB,David Huff,2010,-0.546007276816228,-0.4926126319798659,0.002850988097201248
lightgbm,MLB,MLB,test,MLB,Brad Penny,2010,-0.06500070975241032,0.09737709629558039,0.026366551896958888
lightgbm,MLB,MLB,test,MLB,Andy Oliver,2010,-0.546007276816228,-0.5112006614988948,0.0012115004698488143
lightgbm,MLB,MLB,test,MLB,Clayton Kershaw,2010,-0.530010925398019,0.037463686974429054,0.3220274356872601
lightgbm,MLB,MLB,test,MLB,Ricky Nolasco,2010,1.02002306475265,0.3219509643208294,0.4873046574012939
lightgbm,MLB,MLB,test,MLB,Javier Vázquez,2010,0.679015635280563,-0.19802981212324905,0.7692087168117528
lightgbm,MLB,MLB,test,MLB,Chris Narveson,2010,-0.5403992536155422,0.33140670506833686,0.7600456295967175
lightgbm,MLB,MLB,test,MLB,Carl Pavano,2010,0.911520743103368,0.9049813075308806,4.276421760671326e-5
lightgbm,MLB,MLB,test,MLB,Chris Young,2010,-0.4184084736430731,-0.15753649339662795,0.06805419007770167
lightgbm,MLB,MLB,test,MLB,Phil Hughes,2010,-0.12080193562988299,-0.383814761953651,0.06917574681081655
lightgbm,MLB,MLB,test,MLB,Kevin Millwood,2010,-0.34400683913977503,-0.445267969654688,0.01025381655315824
lightgbm,MLB,MLB,test,MLB,Iván Nova,2010,-0.542491799585947,-0.5245437598990237,3.221321286033727e-4
lightgbm,MLB,MLB,test,MLB,Mat Latos,2010,-0.5373208859879678,-0.44483252657525535,0.008554096626855074
lightgbm,MLB,MLB,test,MLB,Cory Luebke,2010,-0.5457096702782142,-0.49730834318756234,0.0023426884641362653
lightgbm,MLB,MLB,test,MLB,Doug Fister,2010,-0.5418221848754169,0.07953592694609767,0.3860859031263978
lightgbm,MLB,MLB,test,MLB,Madison Bumgarner,2010,-0.5393111297109308,-0.4213773056993141,0.013908386846002973
lightgbm,MLB,MLB,test,MLB,Jaime García,2010,-0.541729182832288,-0.3873763094481134,0.02382480952195103
lightgbm,MLB,MLB,test,MLB,Craig Stammen,2010,-0.546007276816228,-0.34895686032329226,0.03882886664003943
lightgbm,MLB,MLB,test,MLB,Bartolo Colon,2011,-0.25100479601065406,1.4418010357810023,2.8655915841478414
lightgbm,MLB,MLB,test,MLB,Graham Godfrey,2011,-0.5337310071231842,-0.35569162912036,0.031698020119632526
lightgbm,MLB,MLB,test,MLB,Dana Eveland,2011,-0.4835099038334581,-0.3005808249196944,0.03346304791223799
lightgbm,MLB,MLB,test,MLB,Dontrelle Willis,2011,-0.49281010814637,-0.36397196676902893,0.016599266673567724
lightgbm,MLB,MLB,test,MLB,Clay Buchholz,2011,0.7694601222236339,-0.3489428430001405,1.250825192621331
lightgbm,MLB,MLB,test,MLB,Chris Carpenter,2011,-0.5333589989506669,1.4145157520816454,3.7942160457091925
lightgbm,MLB,MLB,test,MLB,John Danks,2011,1.79504015283002,-0.23777749378892218,4.132347584405374
lightgbm,MLB,MLB,test,MLB,Zach Stewart,2011,-0.533452000993796,-0.5179154135250614,2.413855501736392e-4
lightgbm,MLB,MLB,test,MLB,Alfredo Simón,2011,-0.532335976476247,-0.3261061012800143,0.042530761423453696
lightgbm,MLB,MLB,test,MLB,Carlos Carrasco,2011,-0.5321499723899892,-0.45713557833795176,0.005627159314994346
lightgbm,MLB,MLB,test,MLB,Jeremy Guthrie,2011,0.9022205387904549,-0.12932178142384299,1.064079558393097
lightgbm,MLB,MLB,test,MLB,Kevin Slowey,2011,-0.11150173131697101,-0.5951998706465473,0.23396388999089424
lightgbm,MLB,MLB,test,MLB,Esmil Rogers,2011,-0.533545003036925,-0.5154543335477825,3.2727232256539164e-4
lightgbm,MLB,MLB,test,MLB,Rick Porcello,2011,-0.046400301126585906,0.032648337479460575,0.006248687265469342
lightgbm,MLB,MLB,test,MLB,Luke Hochevar,2011,0.0298613742392939,0.3330725334936513,0.09193700709637127
lightgbm,MLB,MLB,test,MLB,Vin Mazzaro,2011,-0.5317082126851252,-0.5362003836722566,2.0179600177625044e-5
lightgbm,MLB,MLB,test,MLB,Barry Enright,2011,-0.5337310071231842,-0.5109882830733791,5.172314972055857e-4
lightgbm,MLB,MLB,test,MLB,Brad Mills,2011,-0.5337310071231842,-0.501991363928661,0.0010074049501156473
lightgbm,MLB,MLB,test,MLB,Chad Billingsley,2011,1.5470347664870598,-0.2630528846876514,3.2764173049351832
lightgbm,MLB,MLB,test,MLB,Clayton Kershaw,2011,1.14402585092617,2.4249319550936983,1.6407204476936348
lightgbm,MLB,MLB,test,MLB,Aaron Harang,2011,0.49301154902232,0.2373354711534325,0.06537025679441741
lightgbm,MLB,MLB,test,MLB,Wade LeBlanc,2011,-0.5337310071231842,-0.26176295931455473,0.07396661902883697
lightgbm,MLB,MLB,test,MLB,Brad Hand,2011,-0.5337310071231842,-0.48065725766673206,0.0028168228813662557
lightgbm,MLB,MLB,test,MLB,Shaun Marcum,2011,0.81386859781779,0.7015553108588063,0.012614274427531014
lightgbm,MLB,MLB,test,MLB,Brian Duensing,2011,-0.527220864104145,-0.07076782647049489,0.20834937556498642
lightgbm,MLB,MLB,test,MLB,Scott Diamond,2011,-0.5337310071231842,-0.5184395247517162,2.3382943311691802e-4
lightgbm,MLB,MLB,test,MLB,Liam Hendriks,2011,-0.5337310071231842,-0.5102260494219499,5.52483036536813e-4
lightgbm,MLB,MLB,test,MLB,Mike Pelfrey,2011,0.4348852720666191,-0.07088660453480133,0.25580519116092243
lightgbm,MLB,MLB,test,MLB,Dillon Gee,2011,-0.5296389172255022,-0.34417940631796184,0.034395230186064066
lightgbm,MLB,MLB,test,MLB,Hiroki Kuroda,2011,1.23702789405529,2.180945917579044,0.8909812351329908
lightgbm,MLB,MLB,test,MLB,Freddy García,2011,0.12100337650583301,-0.042324931307478594,0.02667613613315986
lightgbm,MLB,MLB,test,MLB,Vance Worley,2011,-0.53094094582931,-0.48004328492590215,0.002590571885438287
lightgbm,MLB,MLB,test,MLB,Jeff Karstens,2011,-0.046400301126585906,-0.24033930945560175,0.03761233895164207
lightgbm,MLB,MLB,test,MLB,Jeff Locke,2011,-0.5337310071231842,-0.5193208575306423,2.0765241127943673e-4
lightgbm,MLB,MLB,test,MLB,Ross Ohlendorf,2011,-0.455609290894721,-0.2927777225203959,0.026514119659242514
lightgbm,MLB,MLB,test,MLB,Blake Beavan,2011,-0.532521980562505,-0.5763956584457932,0.0019248996110065339
lightgbm,MLB,MLB,test,MLB,Dustin McGowan,2011,-0.3688073219728461,-0.2663056778717671,0.01050658704342426
lightgbm,MLB,MLB,test,MLB,Henderson Alvarez III,2011,-0.5331915952730351,-0.6578254458811742,0.015533596717411946
lightgbm,MLB,MLB,test,MLB,Brett Cecil,2011,-0.5337310071231842,-0.46023300735324985,0.005401955970181273
lightgbm,MLB,MLB,test,MLB,Randall Delgado,2012,-0.53094094582931,-0.5057547603402816,6.343439394877448e-4
lightgbm,MLB,MLB,test,MLB,Jarrod Parker,2012,-0.53094094582931,-0.3073849840499382,0.049977268047099926
lightgbm,MLB,MLB,test,MLB,Jason Hammel,2012,0.6325146137160019,1.2171975904479744,0.34185418328016026
lightgbm,MLB,MLB,test,MLB,Chris Tillman,2012,-0.5284298906648242,-0.44083304335380835,0.007673207658829416
lightgbm,MLB,MLB,test,MLB,Jair Jurrjens,2012,-0.531870966260601,-0.5270605958088619,2.3139663882965156e-5
lightgbm,MLB,MLB,test,MLB,Daniel Bard,2012,-0.27658035787116203,-0.4476578136871138,0.02926749588845894
lightgbm,MLB,MLB,test,MLB,Félix Doubront,2012,-0.5265698498022408,-0.23750396794254464,0.08355908405532379
lightgbm,MLB,MLB,test,MLB,Jeff Samardzija,2012,-0.13196218080537805,0.4553075896487921,0.3448857832892937
lightgbm,MLB,MLB,test,MLB,Chris Rusin,2012,-0.531870966260601,-0.47410523401423793,0.0033368798219585148
lightgbm,MLB,MLB,test,MLB,Josh Tomlin,2012,-0.5296761180427539,-0.2986504687635501,0.05337285062487769
lightgbm,MLB,MLB,test,MLB,Juan Nicasio,2012,-0.531684962174343,-0.45695582601268453,0.005584443791467695
lightgbm,MLB,MLB,test,MLB,Christian Friedrich,2012,-0.531870966260601,-0.5012680949057066,9.36535735164221e-4
lightgbm,MLB,MLB,test,MLB,Doug Fister,2012,0.12100337650583301,0.7204587631276238,0.35934676054988063
lightgbm,MLB,MLB,test,MLB,Drew Smyly,2012,-0.530382933570535,-0.49293723051699007,0.001402180677174265
lightgbm,MLB,MLB,test,MLB,Érik Bédard,2012,-0.4091082693301611,0.12589410049074948,0.28622753571399034
lightgbm,MLB,MLB,test,MLB,Alex White,2012,-0.530550337248168,-0.4904049688236669,0.0016116506059389313
lightgbm,MLB,MLB,test,MLB,Jordan Lyles,2012,-0.531870966260601,-0.37501806641896107,0.02460283218873154
lightgbm,MLB,MLB,test,MLB,Dallas Keuchel,2012,-0.531870966260601,-0.507452790533215,5.962473058535041e-4
lightgbm,MLB,MLB,test,MLB,Jeremy Guthrie,2012,0.9270210216235262,-0.22593333390255874,1.3293037459265695
lightgbm,MLB,MLB,test,MLB,Felipe Paulino,2012,-0.29750581757521505,-0.059764045728353615,0.05652115008088512
lightgbm,MLB,MLB,test,MLB,Luis Mendoza,2012,-0.524058794637755,-0.07659452016847158,0.20022427692632216
lightgbm,MLB,MLB,test,MLB,Zack Greinke,2012,3.9340871447998196,2.1761155386696553,3.0904641679598694
lightgbm,MLB,MLB,test,MLB,Stephen Fife,2012,-0.531405956044956,-0.4189440210542463,0.012647686821854619
lightgbm,MLB,MLB,test,MLB,Mark Rogers,2012,-0.531684962174343,-0.341468695950117,0.03618222793628564
lightgbm,MLB,MLB,test,MLB,Matt Harvey,2012,-0.5302434305058421,-0.544974494409152,2.1700424372340037e-4
lightgbm,MLB,MLB,test,MLB,Phil Hughes,2012,0.7069162482192999,-0.08849333122470465,0.6326763990712883
lightgbm,MLB,MLB,test,MLB,John Lannan,2012,-0.15800275288153204,-0.352195289111789,0.03771074112753966
lightgbm,MLB,MLB,test,MLB,Jeff Karstens,2012,-0.15800275288153204,0.40995260495801716,0.32257328849865036
lightgbm,MLB,MLB,test,MLB,Jonathan Sánchez,2012,-0.367257349922056,-0.2420176927142965,0.01568497173751711
lightgbm,MLB,MLB,test,MLB,Jeff Locke,2012,-0.530475935613664,-0.5082027906018941,4.960929887153309e-4
lightgbm,MLB,MLB,test,MLB,Joe Saunders,2012,0.5860135921514419,0.5530945758538599,0.001083661634000468
lightgbm,MLB,MLB,test,MLB,Blake Beavan,2012,-0.5287646980200891,-0.45076717755328016,0.006083613198970275
lightgbm,MLB,MLB,test,MLB,Héctor Noesí,2012,-0.531870966260601,-0.4285340413914878,0.010678520041404752
lightgbm,MLB,MLB,test,MLB,Matt Cain,2012,3.5620789722833397,0.8321620728888893,7.452446277599409
lightgbm,MLB,MLB,test,MLB,Jake Westbrook,2012,1.19052687249073,1.1081609904137941,0.00678413853031172
lightgbm,MLB,MLB,test,MLB,Joe Kelly,2012,-0.5313129540018269,-0.510381926046422,4.3810793126994194e-4
lightgbm,MLB,MLB,test,MLB,Matt Harrison,2012,1.4230319803135398,0.8933106885087913,0.2806046469912916
lightgbm,MLB,MLB,test,MLB,Colby Lewis,2012,-0.25100479601065406,1.444375201085687,2.8743133345543894
lightgbm,MLB,MLB,test,MLB,Wade Miley,2013,-0.52563982937095,0.19263566590960224,0.5159196871205226
lightgbm,MLB,MLB,test,MLB,Sonny Gray,2013,-0.529545915182373,-0.4822138394930249,0.0022403253890621836
lightgbm,MLB,MLB,test,MLB,Kris Medlen,2013,0.4558107317706711,0.41664326501901255,0.0015340904517422782
lightgbm,MLB,MLB,test,MLB,Freddy García,2013,-0.390507860704336,-0.15518129783366863,0.05537859119252217
lightgbm,MLB,MLB,test,MLB,Aaron Harang,2013,-0.4370088822688971,0.17739696562593366,0.3774945459273659
lightgbm,MLB,MLB,test,MLB,Ubaldo Jiménez,2013,1.7020381097009,2.8186635813746244,1.2468524439905673
lightgbm,MLB,MLB,test,MLB,Alfredo Aceves,2013,-0.39980806501724814,-0.3795879667924904,4.088523722188508e-4
lightgbm,MLB,MLB,test,MLB,Chris Tillman,2013,-0.52145473743014,-0.19838151150674865,0.10437630930854669
lightgbm,MLB,MLB,test,MLB,Félix Doubront,2013,-0.51401457397981,-0.32702484990523184,0.03496515690948687
lightgbm,MLB,MLB,test,MLB,Travis Wood,2013,0.10240296788000901,-0.3760605321874306,0.22892732089678478
lightgbm,MLB,MLB,test,MLB,Chris Rusin,2013,-0.529359911096115,-0.3242968339250179,0.04205086561887933
lightgbm,MLB,MLB,test,MLB,Erik Johnson,2013,-0.530010925398019,-0.45144954512021834,0.006171890471153202
lightgbm,MLB,MLB,test,MLB,Tony Cingrani,2013,-0.5276858743197912,-0.5416467126748427,1.9490500757587606e-4
lightgbm,MLB,MLB,test,MLB,Pedro Villarreal,2013,-0.530010925398019,-0.5261982688591441,1.4536349883425219e-5
lightgbm,MLB,MLB,test,MLB,Shaun Marcum,2013,-0.4370088822688971,-0.3584262818246844,0.0061752250925747815
lightgbm,MLB,MLB,test,MLB,Tyler Chatwood,2013,-0.5296389172255022,-0.4415759686596767,0.007755082910107222
lightgbm,MLB,MLB,test,MLB,Collin McHugh,2013,-0.530010925398019,-0.5667233103352247,0.0013477992077775712
lightgbm,MLB,MLB,test,MLB,Brian Flynn,2013,-0.530010925398019,-0.5134384255495034,2.746477512290499e-4
lightgbm,MLB,MLB,test,MLB,Ricky Nolasco,2013,1.65553708813634,2.4095773099160347,0.5685766560615712
lightgbm,MLB,MLB,test,MLB,Phil Hughes,2013,0.8650197215388071,-0.14272888972239928,1.01555726349889
lightgbm,MLB,MLB,test,MLB,Bartolo Colon,2013,1.23702789405529,2.4005047219857367,1.3536783291310945
lightgbm,MLB,MLB,test,MLB,Daisuke Matsuzaka,2013,-0.34400683913977503,0.19790040480987509,0.29366346104510566
lightgbm,MLB,MLB,test,MLB,Miguel González,2013,0.12100337650583301,-0.23968752066228585,0.1300979232999425
lightgbm,MLB,MLB,test,MLB,Kyle Kendrick,2013,0.8045683935048781,-0.2748647994125579,1.1651760179719308
lightgbm,MLB,MLB,test,MLB,Eric Stults,2013,-0.11150173131697101,1.38297227582656,2.2334525580276425
lightgbm,MLB,MLB,test,MLB,Andrew Cashner,2013,-0.17660316150735603,-0.30400835289958467,0.01623208279369041
lightgbm,MLB,MLB,test,MLB,Taijuan Walker,2013,-0.5295645155909989,-0.47903401348306157,0.002553331643280262
lightgbm,MLB,MLB,test,MLB,Tim Lincecum,2013,2.6320585409921198,0.9692744776543176,2.7648508412901722
lightgbm,MLB,MLB,test,MLB,Michael Wacha,2013,-0.528150884535436,-0.6021776403768246,0.005479960580400565
lightgbm,MLB,MLB,test,MLB,Nick Tepesch,2013,-0.529067698676603,-0.5115185297614138,3.0797332961384307e-4
lightgbm,MLB,MLB,test,MLB,J.A. Happ,2013,0.38140909726737404,0.13413554891899918,0.061144207712796085
lightgbm,MLB,MLB,test,MLB,Stephen Strasburg,2013,0.11635327434937699,-0.19106918643776413,0.09450856939642133
lightgbm,MLB,MLB,test,MLB,Jesse Chavez,2014,-0.223104183071917,1.1003481448527823,1.7515260642893056
lightgbm,MLB,MLB,test,MLB,Sonny Gray,2014,-0.5276858743197912,1.2258493194841604,3.074885675909062
lightgbm,MLB,MLB,test,MLB,Brad Mills,2014,-0.5286158947510821,-0.28375897621276486,0.059954910556080106
lightgbm,MLB,MLB,test,MLB,Shelby Miller,2014,-0.52350078237898,-0.2565619940112491,0.07125631673523225
lightgbm,MLB,MLB,test,MLB,Edwin Jackson,2014,-0.5286158947510821,-0.012725470803474234,0.26614292952084256
lightgbm,MLB,MLB,test,MLB,Rick Porcello,2014,1.7020381097009,-0.06199119421164028,3.1117993850621617
lightgbm,MLB,MLB,test,MLB,Joe Kelly,2014,-0.51085250451342,-0.32547376844518033,0.034365275786258066
lightgbm,MLB,MLB,test,MLB,Jon Lester,2014,4.182092531142789,3.9944738443144656,0.03520077164718457
lightgbm,MLB,MLB,test,MLB,Kyle Hendricks,2014,-0.528150884535436,-0.4684155518173198,0.0035683099749440447
lightgbm,MLB,MLB,test,MLB,Dallas Beeler,2014,-0.5285228927079528,-0.43493442204380606,0.008758801841253862
lightgbm,MLB,MLB,test,MLB,Mike Leake,2014,1.19517697464719,0.4765597355153074,0.5164107363775294
lightgbm,MLB,MLB,test,MLB,Dylan Axelrod,2014,-0.5286158947510821,-0.30463214351532636,0.05016872081764089
lightgbm,MLB,MLB,test,MLB,Corey Kluber,2014,0.809218495661334,3.0667432857324517,5.096418177785645
lightgbm,MLB,MLB,test,MLB,Gavin Floyd,2014,0.12100337650583301,-0.06200725920502607,0.03349289278329277
lightgbm,MLB,MLB,test,MLB,Corey Kluber,2014,-0.511224512685936,3.0667432857324517,12.801853566518924
lightgbm,MLB,MLB,test,MLB,Brad Peacock,2014,-0.5270720608351389,-0.31016288147522786,0.047049592090590064
lightgbm,MLB,MLB,test,MLB,Brett Oberholtzer,2014,-0.5270720608351389,-0.033682693442039856,0.2434330678565625
lightgbm,MLB,MLB,test,MLB,Edinson Vólquez,2014,1.23702789405529,0.5895807806619122,0.41918776464141727
lightgbm,MLB,MLB,test,MLB,Danny Duffy,2014,-0.17195305935090002,-0.6407086536443529,0.21973180718140825
lightgbm,MLB,MLB,test,MLB,Chris Young,2014,-0.49746021030282606,-0.10526492735060423,0.15381713996997334
lightgbm,MLB,MLB,test,MLB,Aaron Brooks,2014,-0.5286158947510821,-0.5811195954153863,0.002756638583446858
lightgbm,MLB,MLB,test,MLB,Henderson Alvarez III,2014,0.12100337650583301,-0.09082625425410881,0.044871792467893294
lightgbm,MLB,MLB,test,MLB,Tom Koehler,2014,-0.5197807006538151,1.0853042918650353,2.576297833209238
lightgbm,MLB,MLB,test,MLB,Jimmy Nelson,2014,-0.5278718784060491,-0.48573492611210006,0.001775522748622537
lightgbm,MLB,MLB,test,MLB,Ervin Santana,2014,1.9345432175237098,1.4847229651533624,0.202338259442523
lightgbm,MLB,MLB,test,MLB,Logan Darnell,2014,-0.5286158947510821,-0.5162571532716361,1.5273849095577747e-4
lightgbm,MLB,MLB,test,MLB,Dillon Gee,2014,0.36280868864155,-0.2812969791474818,0.4148721112779546
lightgbm,MLB,MLB,test,MLB,Rafael Montero,2014,-0.5279648804491781,-0.5202189439603865,5.999953208839356e-5
lightgbm,MLB,MLB,test,MLB,David Buchanan,2014,-0.5276858743197912,-0.42732013556726023,0.010073281515341296
lightgbm,MLB,MLB,test,MLB,Jonathan Pettibone,2014,-0.528150884535436,-0.5311046233082997,8.724572738318035e-6
lightgbm,MLB,MLB,test,MLB,A.J. Burnett,2014,0.958021764667928,0.1825464911828807,0.601361899786709
lightgbm,MLB,MLB,test,MLB,Vance Worley,2014,-0.16730295719444402,-0.19900582594880237,0.0010050718872560709
lightgbm,MLB,MLB,test,MLB,Brandon Cumpton,2014,-0.526197841629725,-0.4545929235384996,0.005127264294851103
lightgbm,MLB,MLB,test,MLB,Andrew Cashner,2014,0.130303580818745,0.014749582083046456,0.013352726623809819
lightgbm,MLB,MLB,test,MLB,James Paxton,2014,-0.526476847759112,-0.45002228642746717,0.005845299948414236
lightgbm,MLB,MLB,test,MLB,Ryan Vogelsong,2014,0.12100337650583301,1.326584340945907,1.4534254618202593
lightgbm,MLB,MLB,test,MLB,Lance Lynn,2014,0.8340189784944041,0.508383960861619,0.10603816470870428
lightgbm,MLB,MLB,test,MLB,Marco Gonzales,2014,-0.5286158947510821,-0.5003654026532453,7.980903037699401e-4
lightgbm,MLB,MLB,test,MLB,Drew Smyly,2014,-0.13010213994279501,-0.41025289361153006,0.07848444478116026
lightgbm,MLB,MLB,test,MLB,Jake Odorizzi,2014,-0.525918835500337,-0.16488509731871687,0.13034536010539466
lightgbm,MLB,MLB,test,MLB,Nate Karns,2014,-0.5283740894389459,-0.6582927168772588,0.016878849755455134
lightgbm,MLB,MLB,test,MLB,Colby Lewis,2014,0.12100337650583301,0.006284798489191831,0.013160352142160188
lightgbm,MLB,MLB,test,MLB,Nick Tepesch,2014,-0.5267074928260721,-0.44529382227402653,0.006628185752757012
lightgbm,MLB,MLB,test,MLB,Lisalverto Bonilla,2014,-0.5284298906648242,-0.46146069424056213,0.004484873269711389
lightgbm,MLB,MLB,test,MLB,Wandy Rodríguez,2014,-0.5286158947510821,-0.19676741528695885,0.1101234133226506
lightgbm,MLB,MLB,test,MLB,Stephen Strasburg,2014,0.7534172697838608,1.2155618527626555,0.21357761557664404
lightgbm,MLB,MLB,test,MLB,Zack Greinke,2015,5.7786277288621015,4.459337146812809,1.740527639883962
lightgbm,MLB,MLB,test,MLB,Archie Bradley,2015,-0.5286158947510821,-0.5008135266570564,7.729716716356981e-4
lightgbm,MLB,MLB,test,MLB,Jesse Hahn,2015,-0.5286158947510821,-0.45086738175854557,0.006044831272550615
lightgbm,MLB,MLB,test,MLB,Jhoulys Chacín,2015,-0.4184084736430731,-0.4435039099553228,6.297809237021806e-4
lightgbm,MLB,MLB,test,MLB,Yovani Gallardo,2015,1.4230319803135398,1.4902999516550124,0.0045249799683971725
lightgbm,MLB,MLB,test,MLB,Chris Tillman,2015,0.534862468430425,0.1565582130086214,0.1431141096702452
lightgbm,MLB,MLB,test,MLB,David Price,2015,5.1431137054784,4.123355644212409,1.0399065035169723
lightgbm,MLB,MLB,test,MLB,Rick Porcello,2015,3.2133213105491305,0.021367466549438656,10.188569342224408
lightgbm,MLB,MLB,test,MLB,Jake Arrieta,2015,1.36723075443606,5.758481760459015,19.283085397897615
lightgbm,MLB,MLB,test,MLB,Kyle Hendricks,2015,-0.5223847578614309,-0.180007477767558,0.11722220192447831
lightgbm,MLB,MLB,test,MLB,Erik Johnson,2015,-0.5286158947510821,-0.49511341270705683,0.0011224163031102329
lightgbm,MLB,MLB,test,MLB,Jon Moscot,2015,-0.5285228927079528,-0.4793843596371522,0.002414595432350167
lightgbm,MLB,MLB,test,MLB,John Lamb,2015,-0.5286158947510821,-0.5194714059772285,8.362167493513348e-5
lightgbm,MLB,MLB,test,MLB,Keyvius Sampson,2015,-0.5286158947510821,-0.5057198408869462,5.2422928254941e-4
lightgbm,MLB,MLB,test,MLB,Josh Tomlin,2015,-0.28200553905505604,1.1346322291094553,2.0068625661901276
lightgbm,MLB,MLB,test,MLB,Danny Salazar,2015,-0.5232775774754701,-0.2894775959420216,0.054662431365040856
lightgbm,MLB,MLB,test,MLB,Daniel Norris,2015,-0.5273138661472739,-0.49155074091339734,0.0012790011264939406
lightgbm,MLB,MLB,test,MLB,Dallas Keuchel,2015,0.7255166568451239,2.081768461489497,1.839418957601119
lightgbm,MLB,MLB,test,MLB,Matt Shoemaker,2015,-0.524430802810271,0.06556212252051549,0.34809165194037905
lightgbm,MLB,MLB,test,MLB,Andrew Heaney,2015,-0.527220864104145,-0.5025091188603503,6.106703529942107e-4
lightgbm,MLB,MLB,test,MLB,Nick Tropeano,2015,-0.5286158947510821,-0.4777995256511021,0.002582303368505396
lightgbm,MLB,MLB,test,MLB,Jarred Cosart,2015,-0.520710721085107,-0.46834709687729126,0.0027419491401773433
lightgbm,MLB,MLB,test,MLB,Jeremy Guthrie,2015,-0.5286158947510821,-0.34854907870311475,0.0324240582416525
lightgbm,MLB,MLB,test,MLB,Chase Anderson,2015,-0.5262536428556019,-0.05726828112589294,0.219947269516746
lightgbm,MLB,MLB,test,MLB,Tommy Milone,2015,0.214005419634955,0.05937363663347252,0.023910988314217573
lightgbm,MLB,MLB,test,MLB,Kyle Gibson,2015,-0.513735567850423,0.03366494200538417,0.2996473181903976
lightgbm,MLB,MLB,test,MLB,Matt Harvey,2015,0.181454704539762,-0.6412976980834887,0.6769215160223315
lightgbm,MLB,MLB,test,MLB,Iván Nova,2015,0.139603785131657,-0.22009956799038286,0.12938650224723888
lightgbm,MLB,MLB,test,MLB,Luis Severino,2015,-0.5260490383607181,-0.40605769333480984,0.01439792288112657
lightgbm,MLB,MLB,test,MLB,Severino González,2015,-0.5286158947510821,-0.5330489259854891,1.9651765925228767e-5
lightgbm,MLB,MLB,test,MLB,Robbie Erlin,2015,-0.5269604583833841,-0.5579881169689874,9.627155973047622e-4
lightgbm,MLB,MLB,test,MLB,Hisashi Iwakuma,2015,1.6090360665717802,1.5617484748962898,0.0022361163264679146
lightgbm,MLB,MLB,test,MLB,Mike Montgomery,2015,-0.527220864104145,-0.2947640163267967,0.05403618607858129
lightgbm,MLB,MLB,test,MLB,Donn Roach,2015,-0.5286158947510821,-0.4439816876649115,0.007162949009104808
lightgbm,MLB,MLB,test,MLB,James Paxton,2015,-0.5286158947510821,-0.3202251499381778,0.04342670252367698
lightgbm,MLB,MLB,test,MLB,Jeff Samardzija,2015,2.72506058412124,1.0825439202551204,2.697860991077887
lightgbm,MLB,MLB,test,MLB,Carlos Martínez,2015,-0.5227567660339469,-0.43216997392595385,0.008205966904416759
lightgbm,MLB,MLB,test,MLB,Michael Wacha,2015,-0.5227567660339469,-0.411078916933691,0.012471941979659543
lightgbm,MLB,MLB,test,MLB,Drew Smyly,2015,0.07450235494127233,-0.27206787168623636,0.12011092198464274
lightgbm,MLB,MLB,test,MLB,Erasmo Ramírez,2015,-0.18125326366381198,-0.3614258225737877,0.03246215098416867
lightgbm,MLB,MLB,test,MLB,Chi Chi González,2015,-0.5282438865785651,-0.47991232461753053,0.0023359398815933274
lightgbm,MLB,MLB,test,MLB,J.A. Happ,2015,1.6090360665717802,1.2747754381269896,0.11173016772830639
lightgbm,MLB,MLB,test,MLB,Taijuan Walker,2016,-0.20450377444609302,-0.5412560597822398,0.1134021016791176
lightgbm,MLB,MLB,test,MLB,Archie Bradley,2016,-0.52180814519403,-0.40940389141384964,0.012634716267879181
lightgbm,MLB,MLB,test,MLB,Sonny Gray,2016,0.041951639846079705,-0.31008795842123565,0.12393187874821278
lightgbm,MLB,MLB,test,MLB,R.A. Dickey,2016,0.8650197215388071,0.7102348329716008,0.023958361728762468
lightgbm,MLB,MLB,test,MLB,Kevin Gausman,2016,0.0187011290637993,-0.444670322202873,0.21471310184898204
lightgbm,MLB,MLB,test,MLB,Eduardo Rodríguez,2016,-0.514293580109197,-0.43118318609435274,0.006907337593302662
lightgbm,MLB,MLB,test,MLB,Kyle Hendricks,2016,-0.48155686092774613,0.2166630470291748,0.4875110398673711
lightgbm,MLB,MLB,test,MLB,Reynaldo López,2016,-0.52350078237898,-0.4921619137313788,9.821246881116024e-4
lightgbm,MLB,MLB,test,MLB,Danny Salazar,2016,0.00940092475088708,-0.01282419410880908,4.939559083276219e-4
lightgbm,MLB,MLB,test,MLB,Germán Márquez,2016,-0.523128774206464,-0.5209696799457282,4.661688026742247e-6
lightgbm,MLB,MLB,test,MLB,Danny Duffy,2016,1.79504015283002,0.12204617493114865,2.798908850085889
lightgbm,MLB,MLB,test,MLB,Garrett Richards,2016,0.651115022341827,-0.15483581528196802,0.6495567526664968
lightgbm,MLB,MLB,test,MLB,Matt Shoemaker,2016,-0.004549381718481162,2.041032247952463,4.184404203647236
lightgbm,MLB,MLB,test,MLB,Bud Norris,2016,-0.29750581757521505,-0.1206365990410713,0.0312827204648787
lightgbm,MLB,MLB,test,MLB,Tyler Skaggs,2016,-0.5197807006538151,-0.4923289967016473,7.535960498774643e-4
lightgbm,MLB,MLB,test,MLB,Brock Stewart,2016,-0.5230357721633351,-0.51207989627111,1.2003121656583981e-4
lightgbm,MLB,MLB,test,MLB,Edinson Vólquez,2016,1.4230319803135398,-0.3941405984049553,3.302116180846425
lightgbm,MLB,MLB,test,MLB,José Berríos,2016,-0.52350078237898,-0.506288275636858,2.962703883475969e-4
lightgbm,MLB,MLB,test,MLB,Jacob deGrom,2016,0.130303580818745,0.862569206140157,0.5362129460273585
lightgbm,MLB,MLB,test,MLB,Noah Syndergaard,2016,-0.510387494297774,-0.2861412927039532,0.050286358929256494
lightgbm,MLB,MLB,test,MLB,Michael Pineda,2016,0.7534172697838608,0.2761658083900168,0.22776895740255976
lightgbm,MLB,MLB,test,MLB,Luis Cessa,2016,-0.52350078237898,-0.5308948610207588,5.4672398960808943e-5
lightgbm,MLB,MLB,test,MLB,Jeremy Hellickson,2016,2.5762573151146495,3.219924177754406,0.4143070300605073
lightgbm,MLB,MLB,test,MLB,Iván Nova,2016,0.9890225077123308,0.2944222966668121,0.48246945318447915
lightgbm,MLB,MLB,test,MLB,Tyler Glasnow,2016,-0.5223847578614309,-0.45896599920957293,0.004021938948942611
lightgbm,MLB,MLB,test,MLB,Colin Rea,2016,-0.521491938247391,-0.43366211190132997,0.007714078395979243
lightgbm,MLB,MLB,test,MLB,Luis Perdomo,2016,-0.5217709443767791,-0.5229866975127864,1.4780556877115909e-6
lightgbm,MLB,MLB,test,MLB,Dillon Overton,2016,-0.5232031758409668,-0.4344499422342536,0.007877136475647799
lightgbm,MLB,MLB,test,MLB,Carlos Martínez,2016,1.27422871130694,-1.0083713577640858,5.210263075323051
lightgbm,MLB,MLB,test,MLB,Michael Wacha,2016,-0.10685162916051501,-0.4834027473868525,0.1417907446375052
lightgbm,MLB,MLB,test,MLB,Alex Cobb,2016,0.15820419375748207,-0.3567203709307583,0.2651473073193738
lightgbm,MLB,MLB,test,MLB,Nathan Eovaldi,2016,-0.25100479601065406,-0.4027838444404413,0.023036879542251698
lightgbm,MLB,MLB,test,MLB,Matt Andriese,2016,-0.52350078237898,7.355319710681098e-4,0.2748237132833225
lightgbm,MLB,MLB,test,MLB,Stephen Strasburg,2016,4.027089187928949,0.22241790982646684,14.475523534417976
lightgbm,MLB,MLB,test,MLB,Tanner Roark,2016,0.17959466367718002,0.26769928410945965,0.007762424141516064
lightgbm,MLB,MLB,test,MLB,Edwin Jackson,2016,-0.4370088822688971,-0.4569606243447107,3.9807201185978965e-4
lightgbm,MLB,MLB,test,MLB,A.J. Cole,2016,-0.52350078237898,-0.5151228073190374,7.019046610502094e-5
lightgbm,MLB,MLB,test,MLB,Taijuan Walker,2017,0.27445674766888406,-0.5389661198484126,0.6616567614000616
lightgbm,MLB,MLB,test,MLB,Robbie Ray,2017,0.111703172192921,0.30926142556938113,0.03902926347715762
lightgbm,MLB,MLB,test,MLB,Clay Buchholz,2017,-0.34400683913977503,-0.4341663126497349,0.00812873066359315
lightgbm,MLB,MLB,test,MLB,Brett Anderson,2017,0.12100337650583301,-0.28751641419683793,0.1668884193957541
lightgbm,MLB,MLB,test,MLB,Trevor Cahill,2017,-0.34400683913977503,-0.14091763149466935,0.04124522626191685
lightgbm,MLB,MLB,test,MLB,Aníbal Sánchez,2017,-0.4370088822688971,-0.3411297668165786,0.009192804779919026
lightgbm,MLB,MLB,test,MLB,Andrew Cashner,2017,0.8650197215388071,0.23116962281208453,0.401765947655876
lightgbm,MLB,MLB,test,MLB,Eddie Butler,2017,-0.516851136295248,-0.45322161221483326,0.0040487163347000844
lightgbm,MLB,MLB,test,MLB,Jaime García,2017,-0.521640741516398,0.8701508044122089,1.9370837073183418
lightgbm,MLB,MLB,test,MLB,Miguel González,2017,0.26050644119951605,0.10799325493358614,0.023260271984986234
lightgbm,MLB,MLB,test,MLB,Tyler Danish,2017,-0.521640741516398,-0.7176576017161546,0.03842260948257088
lightgbm,MLB,MLB,test,MLB,Vance Worley,2017,-0.34400683913977503,-0.40501688653556134,0.003722225883236091
lightgbm,MLB,MLB,test,MLB,Rookie Davis,2017,-0.521640741516398,-0.5103846215994846,1.267002355839355e-4
lightgbm,MLB,MLB,test,MLB,Ryan Merritt,2017,-0.521491938247391,-0.399903121566075,0.01478384034196268
lightgbm,MLB,MLB,test,MLB,Kyle Freeland,2017,-0.520710721085107,-0.2964759301409945,0.05028124146974983
lightgbm,MLB,MLB,test,MLB,Germán Márquez,2017,-0.520710721085107,-0.3124383603363115,0.0433773762518764
lightgbm,MLB,MLB,test,MLB,Collin McHugh,2017,0.30700746276407703,0.97219191251044,0.44247035218437175
lightgbm,MLB,MLB,test,MLB,David Paulino,2017,-0.521640741516398,-0.40657579483087397,0.013239941955742499
lightgbm,MLB,MLB,test,MLB,Sam Gaviglio,2017,-0.521640741516398,-0.4493093924161237,0.005231824062665757
lightgbm,MLB,MLB,test,MLB,Alex Wood,2017,0.49301154902232,0.41902538988278776,0.005473951744220187
lightgbm,MLB,MLB,test,MLB,Dan Straily,2017,0.0038208021631397798,0.3374167450597196,0.11128625311705813
lightgbm,MLB,MLB,test,MLB,Yovani Gallardo,2017,-0.25100479601065406,-0.2079406885739282,0.0018545173493218683
lightgbm,MLB,MLB,test,MLB,Junior Guerra,2017,-0.521640741516398,-0.13101128070717616,0.15259137565210343
lightgbm,MLB,MLB,test,MLB,José Berríos,2017,-0.516990639359942,-0.34192679056693764,0.03064735115421991
lightgbm,MLB,MLB,test,MLB,Noah Syndergaard,2017,-0.06965081190886638,-0.43722601180624504,0.13511152757959785
lightgbm,MLB,MLB,test,MLB,Seth Lugo,2017,-0.5181066638774909,-0.21539025325746608,0.0916372252586715
lightgbm,MLB,MLB,test,MLB,Luis Severino,2017,-0.51048514644306,-0.14729247696967068,0.1319089151592066
lightgbm,MLB,MLB,test,MLB,Luis Cessa,2017,-0.5171905937526688,-0.496091470553282,4.4517299978290384e-4
lightgbm,MLB,MLB,test,MLB,Aaron Nola,2017,-0.5164326271011669,-0.14545719418644523,0.13762277182626517
lightgbm,MLB,MLB,test,MLB,Nick Pivetta,2017,-0.5205247169988481,-0.4675770369160216,0.002803456826153338
lightgbm,MLB,MLB,test,MLB,Jake Thompson,2017,-0.5208967251713649,-0.5104819809234102,1.0846689775030411e-4
lightgbm,MLB,MLB,test,MLB,Trevor Williams,2017,-0.5170836414030711,-0.42533893736729345,0.008417090718612429
lightgbm,MLB,MLB,test,MLB,Dinelson Lamet,2017,-0.5196504977934351,-0.501615037367841,3.252778327631716e-4
lightgbm,MLB,MLB,test,MLB,Ty Blach,2017,-0.5179206597912329,-0.03225441512085223,0.23587170121223006
lightgbm,MLB,MLB,test,MLB,Matt Andriese,2017,-0.519148286760537,-0.33315910412349825,0.03459197605799377
lightgbm,MLB,MLB,test,MLB,Anthony Banda,2017,-0.521640741516398,-0.5184369968824981,1.0263979679242666e-5
lightgbm,MLB,MLB,test,MLB,Yovani Gallardo,2017,-0.25100479601065406,-0.2079406885739282,0.0018545173493218683
lightgbm,MLB,MLB,test,MLB,Bartolo Colon,2017,-0.29750581757521505,-0.17166660417319643,0.01583550762963878
lightgbm,MLB,MLB,test,MLB,Jesse Chavez,2017,-0.34400683913977503,0.11160089796538354,0.20757841011008327
lightgbm,MLB,MLB,test,MLB,Chris Tillman,2017,-0.521640741516398,-0.329689675479403,0.036845211752738846
lightgbm,MLB,MLB,test,MLB,Marcus Stroman,2017,0.5860135921514419,-0.02740052047460157,0.3762768735687964
lightgbm,MLB,MLB,test,MLB,Joe Ross,2017,-0.517381247941084,-0.528985590966968,1.3466077706238212e-4
lightgbm,MLB,MLB,test,MLB,Erick Fedde,2017,-0.521640741516398,-0.5156174001774518,3.6280640885458443e-5
lightgbm,MLB,MLB,test,MLB,Matt Koch,2018,-0.5174370491669618,-0.4886787321069864,8.270408001220685e-4
lightgbm,MLB,MLB,test,MLB,Marco Estrada,2018,0.12100337650583301,-0.18299030241073597,0.09241215682123004
lightgbm,MLB,MLB,test,MLB,Frankie Montas,2018,-0.518850680222524,-0.4704756666519484,0.0023401419379533743
lightgbm,MLB,MLB,test,MLB,Kevin Gausman,2018,1.1161252379874398,0.7173092492964714,0.15905419283555458
lightgbm,MLB,MLB,test,MLB,Sean Newcomb,2018,-0.51606061892865,-0.25120278577721705,0.07014967178167228
lightgbm,MLB,MLB,test,MLB,Touki Toussaint,2018,-0.5197807006538151,-0.6073843053569514,0.007674391556983369
lightgbm,MLB,MLB,test,MLB,Michael Soroka,2018,-0.5197807006538151,-0.4716814313511883,0.002313539707446618
lightgbm,MLB,MLB,test,MLB,Dan Straily,2018,-0.51606061892865,0.4830826416715237,0.9982872552027465
lightgbm,MLB,MLB,test,MLB,Yefry Ramírez,2018,-0.5197807006538151,-0.5366087790487611,2.8318422246644985e-4
lightgbm,MLB,MLB,test,MLB,Erasmo Ramírez,2018,-0.4370088822688971,-0.39333330346984013,0.0019075561834326355
lightgbm,MLB,MLB,test,MLB,Dylan Covey,2018,-0.5168046352736831,-0.458890352667687,0.003354064129767185
lightgbm,MLB,MLB,test,MLB,Alex Wood,2018,1.1719264638649098,-0.13241960962902333,1.701318679439041
lightgbm,MLB,MLB,test,MLB,Anthony DeSclafani,2018,-0.22775428522837302,0.48792687816430763,0.5121995276351008
lightgbm,MLB,MLB,test,MLB,Carlos Carrasco,2018,1.56253504500722,3.2554314072210007,2.8658980931966522
lightgbm,MLB,MLB,test,MLB,Trevor Bauer,2018,1.79504015283002,0.05113004746411177,3.0412224555973326
lightgbm,MLB,MLB,test,MLB,Jon Gray,2018,-0.0789510162217785,0.37340153112415575,0.20462282709035565
lightgbm,MLB,MLB,test,MLB,Tyler Anderson,2018,-0.13475224209925202,0.3842930890751529,0.2694080558139478
lightgbm,MLB,MLB,test,MLB,Kyle Freeland,2018,-0.5179206597912329,-0.28432873964038835,0.05456518515975854
lightgbm,MLB,MLB,test,MLB,Spencer Turnbull,2018,-0.519576096158931,-0.4087601782598726,0.012280167659810845
lightgbm,MLB,MLB,test,MLB,Josh James,2018,-0.517585852435968,-0.6715923194038075,0.023717991867916233
lightgbm,MLB,MLB,test,MLB,Ben Lively,2018,-0.5197807006538151,-0.4911710837399629,8.18510179957379e-4
lightgbm,MLB,MLB,test,MLB,Trevor Cahill,2018,1.0510238077970497,0.860098154865094,0.03645260494749362
lightgbm,MLB,MLB,test,MLB,Tyler Skaggs,2018,0.0652021506283601,-0.32254805971063166,0.15035022561793235
lightgbm,MLB,MLB,test,MLB,Jaime Barria,2018,-0.51819966592062,-0.5530055598563527,0.0012114502526654775
lightgbm,MLB,MLB,test,MLB,Dillon Peters,2018,-0.5197807006538151,-0.5052257819177547,2.118456594133223e-4
lightgbm,MLB,MLB,test,MLB,Trevor Richards,2018,-0.516990639359942,-0.46081844543898487,0.003155315369893619
lightgbm,MLB,MLB,test,MLB,Caleb Smith,2018,-0.5195016945244281,-0.32479424219538483,0.03791099199246665
lightgbm,MLB,MLB,test,MLB,Sandy Alcantara,2018,-0.5197807006538151,-0.4578951422580196,0.0038298223379594166
lightgbm,MLB,MLB,test,MLB,Zach Davies,2018,-0.13940234425570802,-0.4055270309801779,0.07082234888419724
lightgbm,MLB,MLB,test,MLB,Brent Suter,2018,-0.5173068463065811,0.47622346594205545,0.9871024813568732
lightgbm,MLB,MLB,test,MLB,Jake Odorizzi,2018,1.14402585092617,0.8261068946549901,0.10107246275655643
lightgbm,MLB,MLB,test,MLB,Martín Pérez,2018,0.12100337650583301,-0.4749904015236679,0.35520858344987805
lightgbm,MLB,MLB,test,MLB,Walker Lockett,2018,-0.5197807006538151,-0.5296263599299178,9.69370065811072e-5
lightgbm,MLB,MLB,test,MLB,Luis Severino,2018,1.23702789405529,0.19193763510504824,1.0922136493526835
lightgbm,MLB,MLB,test,MLB,J.A. Happ,2018,2.5390564978629993,2.3103109526131815,0.05232452447163641
lightgbm,MLB,MLB,test,MLB,Sonny Gray,2018,0.772017678409685,0.5923159928930479,0.03229269577752035
lightgbm,MLB,MLB,test,MLB,Jordan Montgomery,2018,-0.5120429306654721,-0.4712534404446088,0.0016637825124779038
lightgbm,MLB,MLB,test,MLB,Zach Eflin,2018,-0.5132705576347771,-0.3477275494007152,0.027404487575182695
lightgbm,MLB,MLB,test,MLB,Francisco Liriano,2018,-0.28820561326230204,0.4819790822997277,0.5931844652779764
lightgbm,MLB,MLB,test,MLB,Aaron Slegers,2018,-0.5197807006538151,-0.5225486446027223,7.661513704292126e-6
lightgbm,MLB,MLB,test,MLB,Bryan Mitchell,2018,-0.4537492500321389,-0.4804372502448385,7.122493553530552e-4
lightgbm,MLB,MLB,test,MLB,Eric Lauer,2018,-0.5183856700068791,-0.4408162311404603,0.006017017846051078
lightgbm,MLB,MLB,test,MLB,Jacob Nix,2018,-0.5194458932985512,-0.5145417474109796,2.4050646886585417e-5
lightgbm,MLB,MLB,test,MLB,Tommy Milone,2018,-0.5197807006538151,0.1769397945141275,0.4854194483870632
lightgbm,MLB,MLB,test,MLB,Derek Holland,2018,0.679015635280563,0.4379414236671194,0.058116775505043364
lightgbm,MLB,MLB,test,MLB,Dereck Rodríguez,2018,-0.518618175114701,-0.5376422986534579,3.6191727641788555e-4
lightgbm,MLB,MLB,test,MLB,Tyler Beede,2018,-0.5197807006538151,-0.45928937821782523,0.0036592000900548915
lightgbm,MLB,MLB,test,MLB,Ariel Jurado,2018,-0.5197807006538151,-0.48141250290905024,0.001472118598181379
lightgbm,MLB,MLB,test,MLB,Clay Buchholz,2018,-0.06500070975241032,0.22525176022705504,0.08424649632918044
lightgbm,MLB,MLB,test,MLB,Sean Reid-Foley,2018,-0.5197807006538151,-0.4702462720678712,0.0024536596153359787
lightgbm,MLB,MLB,test,MLB,Aníbal Sánchez,2018,1.14402585092617,1.0868350774188518,0.0032707845743653774
lightgbm,MLB,MLB,test,MLB,Jeremy Hellickson,2018,-0.38120765639142395,0.10115201310969048,0.23267085076122432
lightgbm,MLB,MLB,test,MLB,Austin Voth,2018,-0.5195946965675571,-0.48713156314891143,0.001053855031356788
lightgbm,MLB,MLB,test,MLB,Madison Bumgarner,2019,2.5390564978629993,2.7947058553797786,0.06535659399874204
lightgbm,MLB,MLB,test,MLB,Alex Young,2019,-0.51606061892865,-0.4801738142227331,0.0012878627520006175
lightgbm,MLB,MLB,test,MLB,Frankie Montas,2019,-0.516339625058038,-0.40976259483769023,0.011358663370588919
lightgbm,MLB,MLB,test,MLB,David Hess,2019,-0.51819966592062,-0.5151786283063028,9.126668267119098e-6
lightgbm,MLB,MLB,test,MLB,Chris Sale,2019,4.77110553296192,2.039865867794669,7.45967010858292
lightgbm,MLB,MLB,test,MLB,Eduardo Rodríguez,2019,0.9208209474162801,0.8123833245868499,0.01175871804489775
lightgbm,MLB,MLB,test,MLB,Martín Pérez,2019,0.49301154902232,0.26061859677647503,0.054006484253539565
lightgbm,MLB,MLB,test,MLB,Kyle Hendricks,2019,1.9577937283059896,1.8786261158217394,0.006267510866456407
lightgbm,MLB,MLB,test,MLB,Adbert Alzolay,2019,-0.51819966592062,-0.5240454122283655,3.417274989452122e-5
lightgbm,MLB,MLB,test,MLB,Carlos Rodón,2019,0.20470521532204303,-0.6539468276447437,0.7372833308910365
lightgbm,MLB,MLB,test,MLB,Trevor Bauer,2019,2.6320585409921198,1.6875736195886122,0.8920517667585899
lightgbm,MLB,MLB,test,MLB,Wade Miley,2019,0.772017678409685,0.4741436577319056,0.08872893219474619
lightgbm,MLB,MLB,test,MLB,Mike Clevinger,2019,0.139603785131657,2.1658553668810225,4.105695472541805
lightgbm,MLB,MLB,test,MLB,Adam Plutko,2019,-0.516097819745902,-0.21025998131053378,0.09353678341881835
lightgbm,MLB,MLB,test,MLB,Antonio Senzatela,2019,-0.516339625058038,-0.31917873782719197,0.03887241545365438
lightgbm,MLB,MLB,test,MLB,Glenn Sparkman,2019,-0.510573498384032,-0.23520969041243087,0.0758252267406208
lightgbm,MLB,MLB,test,MLB,Dylan Bundy,2019,0.30700746276407703,-0.3906492147343792,0.486724839658185
lightgbm,MLB,MLB,test,MLB,José Suarez,2019,-0.5174556495755871,-0.4649271678119603,0.002759241396391672
lightgbm,MLB,MLB,test,MLB,Patrick Sandoval,2019,-0.517781156726539,-0.4822174988821267,0.0012647737592744277
lightgbm,MLB,MLB,test,MLB,Jaime Barria,2019,-0.51819966592062,-0.5048443944341456,1.7836327647743365e-4
lightgbm,MLB,MLB,test,MLB,Tony Gonsolin,2019,-0.517734655704975,-0.3848762226757187,0.017651363226989385
lightgbm,MLB,MLB,test,MLB,José Ureña,2019,0.07450235494127233,-0.5089994442556174,0.3404743496660074
lightgbm,MLB,MLB,test,MLB,Pablo López,2019,-0.51606061892865,-0.2863858146131922,0.05275051573734382
lightgbm,MLB,MLB,test,MLB,Brett Anderson,2019,0.30700746276407703,0.517360171462351,0.04424826205670092
lightgbm,MLB,MLB,test,MLB,Rich Hill,2019,-0.06500070975241032,2.5349505622782145,6.759746616933663
lightgbm,MLB,MLB,test,MLB,Rick Porcello,2019,1.23702789405529,0.5819282095180944,0.429155596680733
lightgbm,MLB,MLB,test,MLB,Steven Matz,2019,0.30700746276407703,0.2533202896836615,0.002882312553366495
lightgbm,MLB,MLB,test,MLB,Vince Velasquez,2019,0.0466017420025358,-0.09724602213069737,0.02069217924613028
lightgbm,MLB,MLB,test,MLB,Joe Musgrove,2019,-0.10220152700405902,0.20235134605699745,0.092752452489744
lightgbm,MLB,MLB,test,MLB,Jameson Taillon,2019,-0.20450377444609302,-0.37592525286708817,0.029385323264039705
lightgbm,MLB,MLB,test,MLB,Steven Brault,2019,-0.5131775555916479,-0.3746342987219886,0.019194234024052396
lightgbm,MLB,MLB,test,MLB,Zach Davies,2019,0.353508484328637,-0.05207748151394215,0.16449997568845778
lightgbm,MLB,MLB,test,MLB,Dinelson Lamet,2019,-0.38120765639142395,-0.29521187976985164,0.007395273596747364
lightgbm,MLB,MLB,test,MLB,Joey Lucchesi,2019,-0.5115407196325751,-0.1830994829466322,0.10787364595579155
lightgbm,MLB,MLB,test,MLB,Justin Dunn,2019,-0.5180136618343618,-0.6085354113058169,0.008194187127372878
lightgbm,MLB,MLB,test,MLB,Nick Margevicius,2019,-0.51819966592062,-0.5150659514869529,9.82016615177324e-6
lightgbm,MLB,MLB,test,MLB,Kevin Gausman,2019,1.0510238077970497,-0.192598024269949,1.5465952611936784
lightgbm,MLB,MLB,test,MLB,Drew Smyly,2019,0.12100337650583301,0.01614068607797629,0.010996183843768513
lightgbm,MLB,MLB,test,MLB,Adam Wainwright,2019,0.30700746276407703,0.6614754050478875,0.1256475221069188
lightgbm,MLB,MLB,test,MLB,Dylan Covey,2019,-0.51606061892865,-0.458449817762664,0.0033190044109867667
lightgbm,MLB,MLB,test,MLB,Brendan McKay,2019,-0.51819966592062,-0.5161874360996004,4.049068852600419e-6
lightgbm,MLB,MLB,test,MLB,Matt Shoemaker,2019,0.15820419375748207,-0.0713985599411135,0.05271742450597794
lightgbm,MLB,MLB,test,MLB,T.J. Zeuch,2019,-0.51819966592062,-0.5082152529574976,9.968850221816577e-5
lightgbm,MLB,MLB,test,MLB,Luke Weaver,2020,-0.260305000323566,-0.41124543096576577,0.022783013602452714
lightgbm,MLB,MLB,test,MLB,Frankie Montas,2020,-0.28820561326230204,-0.37739979915848965,0.007955602797683672
lightgbm,MLB,MLB,test,MLB,Paul Blackburn,2020,-0.5168976373168132,-0.45456261268325404,0.003885655296066421
lightgbm,MLB,MLB,test,MLB,Max Fried,2020,0.028001333376711398,-0.37230556443405927,0.16024561243488278
lightgbm,MLB,MLB,test,MLB,Huascar Ynoa,2020,-0.51503759645423,-0.47139602419123916,0.001904586829585849
lightgbm,MLB,MLB,test,MLB,Kyle Wright,2020,-0.5168976373168132,-0.49245953371065465,5.972209078653371e-4
lightgbm,MLB,MLB,test,MLB,Wade LeBlanc,2020,-0.49281010814637,-0.2657941706088106,0.05153623589605707
lightgbm,MLB,MLB,test,MLB,Keegan Akin,2020,-0.5168976373168132,-0.6802420513080296,0.026681397582133913
lightgbm,MLB,MLB,test,MLB,Carlos Rodón,2020,-0.06500070975241032,-0.43763679324726884,0.1388576507223872
lightgbm,MLB,MLB,test,MLB,Tyler Mahle,2020,-0.213803978759005,-0.4698443388379417,0.06555666598935157
lightgbm,MLB,MLB,test,MLB,Jon Gray,2020,0.49301154902232,-0.31532619359284714,0.6534099061361841
lightgbm,MLB,MLB,test,MLB,Kyle Freeland,2020,0.311657564920533,-0.21112059669506936,0.27329700626218884
lightgbm,MLB,MLB,test,MLB,Julio Teheran,2020,-0.06500070975241032,-0.3414766486704376,0.07643894480060473
lightgbm,MLB,MLB,test,MLB,Jake Odorizzi,2020,0.8340189784944041,0.15675112176182598,0.45869174976313987
lightgbm,MLB,MLB,test,MLB,José Urquidy,2020,-0.5106292996099101,-0.4672300772255033,0.001883492503571196
lightgbm,MLB,MLB,test,MLB,Brandon Bielak,2020,-0.5115965208584529,-0.5213169943885937,9.448760565016848e-5
lightgbm,MLB,MLB,test,MLB,Brad Keller,2020,1.0072043797491602e-4,-0.4674192374925368,0.21857491106334745
lightgbm,MLB,MLB,test,MLB,Kris Bubic,2020,-0.5168976373168132,-0.49442901178732557,5.048391331843413e-4
lightgbm,MLB,MLB,test,MLB,Dylan Bundy,2020,0.925471049572736,0.1299748597881146,0.6328141879618503
lightgbm,MLB,MLB,test,MLB,Dillon Peters,2020,-0.5168976373168132,0.13809239150947578,0.4290119378618627
lightgbm,MLB,MLB,test,MLB,Walker Buehler,2020,0.12100337650583301,-0.5350663084616867,0.4304274315333806
lightgbm,MLB,MLB,test,MLB,Cole Hamels,2020,-0.4370088822688971,0.046451956827667985,0.23373438293995483
lightgbm,MLB,MLB,test,MLB,Dustin May,2020,-0.5131775555916479,-0.5218240821557248,7.476242162328816e-5
lightgbm,MLB,MLB,test,MLB,Tony Gonsolin,2020,-0.51503759645423,-0.600274080118578,0.007265258147462663
lightgbm,MLB,MLB,test,MLB,Braxton Garrett,2020,-0.5168976373168132,-0.5097371916873877,5.127198161195754e-5
lightgbm,MLB,MLB,test,MLB,Jordan Yamamoto,2020,-0.5168976373168132,-0.49367808990131684,5.391473821804814e-4
lightgbm,MLB,MLB,test,MLB,Jordan Zimmermann,2020,-0.4370088822688971,0.43527437025357657,0.7608780726311857
lightgbm,MLB,MLB,test,MLB,Matt Shoemaker,2020,-0.25100479601065406,0.12653030633864987,0.1425327535058994
lightgbm,MLB,MLB,test,MLB,Taijuan Walker,2020,0.8030184214540881,-0.24973193419607823,1.1082833113215516
lightgbm,MLB,MLB,test,MLB,Asher Wojciechowski,2020,-0.4835099038334581,-0.27184248898925023,0.04480309450682999
lightgbm,MLB,MLB,test,MLB,Chad Kuhl,2020,-0.226824264797082,-0.42254340000029655,0.038305979884694176
lightgbm,MLB,MLB,test,MLB,Trevor Cahill,2020,-0.34400683913977503,2.4130703869422456,7.601474830580129
lightgbm,MLB,MLB,test,MLB,Justus Sheffield,2020,-0.5067604146157381,-0.5095881953697686,7.996343992865655e-6
lightgbm,MLB,MLB,test,MLB,Justin Dunn,2020,-0.514219178474694,-0.4812140934251963,0.0010893356391245784
lightgbm,MLB,MLB,test,MLB,Kevin Gausman,2020,2.8924642617536596,1.3500114169675541,2.3791607783887496
lightgbm,MLB,MLB,test,MLB,Adam Wainwright,2020,0.8650197215388071,0.935071725154757,0.004907283210609055
lightgbm,MLB,MLB,test,MLB,Jack Flaherty,2020,0.10240296788000901,-0.5293453044144815,0.3991058795470737
lightgbm,MLB,MLB,test,MLB,Johan Oviedo,2020,-0.5168976373168132,-0.5061952994603534,1.1454003559381251e-4
lightgbm,MLB,MLB,test,MLB,Josh Fleming,2020,-0.5168976373168132,-0.5604513547698445,0.0018969263039784903
lightgbm,MLB,MLB,test,MLB,Robbie Ray,2020,0.8650197215388071,0.16131057432700907,0.49520656386955597
lightgbm,MLB,MLB,test,MLB,Tommy Milone,2020,-0.4370088822688971,0.79835503193817825,1.5261240005250263
lightgbm,MLB,MLB,test,MLB,Zach Davies,2021,-0.29750581757521505,-0.24669251951568796,0.002581991259686339
lightgbm,MLB,MLB,test,MLB,Humberto Castellanos,2021,-0.490261852164632,-0.5165302693845744,6.900297432409657e-4
lightgbm,MLB,MLB,test,MLB,Frankie Montas,2021,0.311657564920533,2.056961089542896,3.046084393059244
lightgbm,MLB,MLB,test,MLB,Cole Irvin,2021,-0.585444235192873,-0.18388023602061151,0.16125364543122003
lightgbm,MLB,MLB,test,MLB,Max Fried,2021,0.651115022341827,0.28922700228256276,0.13096293906241446
lightgbm,MLB,MLB,test,MLB,Kyle Wright,2021,-0.48909002642120497,-0.4911898835755677,4.409400068728332e-6
lightgbm,MLB,MLB,test,MLB,Tucker Davidson,2021,-0.49095006728378804,-0.4835367176614297,5.4957752623320615e-5
lightgbm,MLB,MLB,test,MLB,Jordan Lyles,2021,0.679015635280563,0.9360880890635117,0.06608624649398631
lightgbm,MLB,MLB,test,MLB,Chris Ellis,2021,-0.49281010814637,-0.8164831599665892,0.10476424447461427
lightgbm,MLB,MLB,test,MLB,Zac Lowther,2021,-0.49281010814637,-0.5102484792303497,3.040967860625781e-4
lightgbm,MLB,MLB,test,MLB,Kutter Crawford,2021,-0.49243809997385407,-0.4572709564277402,0.0012367279851929797
lightgbm,MLB,MLB,test,MLB,Connor Seabold,2021,-0.49281010814637,-0.4962551636038638,1.1868407105207783e-5
lightgbm,MLB,MLB,test,MLB,Justin Dunn,2021,-0.48909002642120497,-0.43553123476823413,0.0028685441633263388
lightgbm,MLB,MLB,test,MLB,Chase Anderson,2021,-0.49281010814637,-0.44807938929340313,0.0020008372091031654
lightgbm,MLB,MLB,test,MLB,Shane Bieber,2021,0.49301154902232,0.45106547843766115,0.0017594728374931803
lightgbm,MLB,MLB,test,MLB,Logan Allen,2021,-0.492493901199731,-0.5156931600149591,5.38205609575939e-4
lightgbm,MLB,MLB,test,MLB,Spencer Turnbull,2021,-0.2835555111058461,-0.07713700720781733,0.04260859875150052
lightgbm,MLB,MLB,test,MLB,Casey Mize,2021,-0.49016885012150296,-0.589387332270041,0.009844307199859768
lightgbm,MLB,MLB,test,MLB,Zack Greinke,2021,1.79504015283002,1.1750260670021186,0.38441746662500814
lightgbm,MLB,MLB,test,MLB,Brad Keller,2021,0.27445674766888406,-0.34669376581429234,0.3858279604004137
lightgbm,MLB,MLB,test,MLB,Brady Singer,2021,-0.4879275008820911,-0.5359563300998386,0.002306768436027554
lightgbm,MLB,MLB,test,MLB,Ángel Zerpa,2021,-0.49281010814637,-0.5370254234584313,0.0019549941081450023
lightgbm,MLB,MLB,test,MLB,Cooper Criswell,2021,-0.49095006728378804,-0.5375641536262667,0.0021728730455440604
lightgbm,MLB,MLB,test,MLB,Jhonathan Díaz,2021,-0.49281010814637,-0.49273181358031165,6.130039074264645e-9
lightgbm,MLB,MLB,test,MLB,Reid Detmers,2021,-0.5700592792061951,-0.51207989627111,0.0033616088455332488
lightgbm,MLB,MLB,test,MLB,Andrew Heaney,2021,0.958021764667928,0.7045018677427186,0.06427233813696878
lightgbm,MLB,MLB,test,MLB,Julio Urías,2021,0.8650197215388071,0.13399845860424556,0.5343920868624414
lightgbm,MLB,MLB,test,MLB,Danny Duffy,2021,-0.06500070975241032,1.1845107004843767,1.5612787643119244
lightgbm,MLB,MLB,test,MLB,Dustin May,2021,-0.48722998555862307,-0.5191820068691891,0.0010209316658308682
lightgbm,MLB,MLB,test,MLB,Tony Gonsolin,2021,-0.48909002642120497,-0.2799161220050541,0.04375372228869701
lightgbm,MLB,MLB,test,MLB,Tony Gonsolin,2021,-0.5244423350636199,-0.2799161220050541,0.059793068872763123
lightgbm,MLB,MLB,test,MLB,Sandy Alcantara,2021,1.4602327975651896,0.42270192409440666,1.0764703134050462
lightgbm,MLB,MLB,test,MLB,Jesús Luzardo,2021,-0.490020046852497,-0.5379635311765585,0.0022985776891315287
lightgbm,MLB,MLB,test,MLB,Zach Thompson,2021,-0.4918800877150791,-0.30867635607487703,0.03356360728689516
lightgbm,MLB,MLB,test,MLB,Cody Poteet,2021,-0.492066091801337,-0.41449334763281925,0.006017530637834301
lightgbm,MLB,MLB,test,MLB,Edward Cabrera,2021,-0.49281010814637,-0.5117964553916984,3.6048138172018867e-4
lightgbm,MLB,MLB,test,MLB,Chris Archer,2021,0.028001333376711398,0.22737048574985425,0.03974805891798545
lightgbm,MLB,MLB,test,MLB,Bailey Ober,2021,-0.491656882811569,-0.4711780001917478,4.193846333564136e-4
lightgbm,MLB,MLB,test,MLB,Domingo Germán,2021,-0.29750581757521505,-0.133766677428632,0.026810506015942367
lightgbm,MLB,MLB,test,MLB,Nestor Cortes,2021,-0.511813959635289,-0.5087581882767798,9.337738595485207e-6
lightgbm,MLB,MLB,test,MLB,Bryse Wilson,2021,-0.490020046852497,-0.4843770867973131,3.1842998184400944e-5
lightgbm,MLB,MLB,test,MLB,Adrián Morejón,2021,-0.491973089758208,-0.4233834365535515,0.0047045405267350515
lightgbm,MLB,MLB,test,MLB,Robbie Ray,2021,3.6550810154124602,4.051680208563164,0.15729092000778944
lightgbm,MLB,MLB,test,MLB,Alex Wood,2021,1.7020381097009,1.5919425994866085,0.012121021369345172
lightgbm,MLB,MLB,test,MLB,Matthew Boyd,2021,0.34420828001572495,0.6769110542170349,0.11069113596124783
lightgbm,MLB,MLB,test,MLB,Dakota Hudson,2021,-0.4277086779559851,-0.5753938668143913,0.021810915008143108
lightgbm,MLB,MLB,test,MLB,Luis Patiño,2021,-0.49143367790805903,-0.5271526917775822,0.0012758479518111866
lightgbm,MLB,MLB,test,MLB,Shane Baz,2021,-0.492605503651486,-0.2207575630872514,0.0739013027890156
lightgbm,MLB,MLB,test,MLB,Spencer Howard,2021,-0.49020605093875497,-0.4989475547298605,7.641388852991277e-5
lightgbm,MLB,MLB,test,MLB,Alek Manoah,2021,-0.48722998555862307,-0.39778788290682887,0.00799988972677409
lightgbm,MLB,MLB,test,MLB,Aaron Sanchez,2021,-0.25100479601065406,-0.4521188320856037,0.04044685550635615
lightgbm,MLB,MLB,test,MLB,Paolo Espino,2021,-0.48979684194898704,0.29751978827161013,0.6198674762219165
lightgbm,MLB,MLB,test,MLB,Josiah Gray,2021,-0.49215909384446604,-0.4950944902392609,8.61655199457456e-6
lightgbm,MLB,MLB,test,MLB,Joan Adon,2021,-0.49277290732911805,-0.6576465614426065,0.027183321820734217
lightgbm,MLB,MLB,test,MLB,Tyler Gilbert,2022,-0.48909002642120497,-0.4631580005768026,6.724699643947514e-4
lightgbm,MLB,MLB,test,MLB,James Kaprielian,2022,-0.48722998555862307,-0.0047204774012570005,0.23281542546226328
lightgbm,MLB,MLB,test,MLB,Spencer Strider,2022,1.7020381097009,0.49699250260332145,1.4521349151851717
lightgbm,MLB,MLB,test,MLB,Kyle Gibson,2022,1.23702789405529,0.7103983672752014,0.2773386584766199
lightgbm,MLB,MLB,test,MLB,Dean Kremer,2022,-0.48700678065511305,0.006131499151333902,0.2431853630104616
lightgbm,MLB,MLB,test,MLB,Kyle Bradish,2022,-0.4875833933225131,-0.4251819273961277,0.0038939429497618382
lightgbm,MLB,MLB,test,MLB,Bruce Zimmermann,2022,-0.48909002642120497,-0.5380991508410206,0.0024018942763969642
lightgbm,MLB,MLB,test,MLB,Spenser Watkins,2022,-0.48909002642120497,-0.1585251532722833,0.10927313535996269
lightgbm,MLB,MLB,test,MLB,Dean Kremer,2022,-0.5715155051975109,0.006131499151333902,0.3336760616331944
lightgbm,MLB,MLB,test,MLB,Corey Kluber,2022,1.23702789405529,1.295664435256935,0.0034382439640922337
lightgbm,MLB,MLB,test,MLB,Nick Pivetta,2022,0.3721088929544621,1.0712356929482703,0.4887782824695823
lightgbm,MLB,MLB,test,MLB,Kutter Crawford,2022,-0.48722998555862307,-0.4930093131277471,3.340062715123703e-5
lightgbm,MLB,MLB,test,MLB,Josh Winckowski,2022,-0.48871801824868905,-0.4978504437647547,8.340119580648666e-5
lightgbm,MLB,MLB,test,MLB,Connor Seabold,2022,-0.48871801824868905,-0.4828446515550077,3.449643631844511e-5
lightgbm,MLB,MLB,test,MLB,Kutter Crawford,2022,-0.559212078907873,-0.4930093131277471,0.004382806196938202
lightgbm,MLB,MLB,test,MLB,Jameson Taillon,2022,2.5390564978629993,2.1654716528151052,0.139565636449459
lightgbm,MLB,MLB,test,MLB,Adrian Sampson,2022,-0.26960520463647797,-0.21016527075287478,0.0035331057400871187
lightgbm,MLB,MLB,test,MLB,Hayden Wesneski,2022,-0.48881102029181805,-0.6769987323991733,0.03541461498820082
lightgbm,MLB,MLB,test,MLB,Javier Assad,2022,-0.5742882681113619,-0.47876250528386394,0.009125171363775393
lightgbm,MLB,MLB,test,MLB,Justin Dunn,2022,-0.455609290894721,-0.4601173740827565,2.0322814030248065e-5
lightgbm,MLB,MLB,test,MLB,Graham Ashcraft,2022,-0.48862501620556004,-0.4889495694959504,1.0533483830322467e-7
lightgbm,MLB,MLB,test,MLB,Aaron Civale,2022,-0.13940234425570802,-0.22443996034575542,0.007231396150278288
lightgbm,MLB,MLB,test,MLB,José Ureña,2022,0.028001333376711398,-0.3827476193800334,0.16871470219076257
lightgbm,MLB,MLB,test,MLB,Ryan Feltner,2022,-0.48871801824868905,-0.45793582546753075,9.475433924163936e-4
lightgbm,MLB,MLB,test,MLB,Tyler Alexander,2022,-0.274255306792934,-0.42173549109428016,0.02175040476155904
lightgbm,MLB,MLB,test,MLB,Alex Faedo,2022,-0.48909002642120497,-0.40450283089361033,0.007154993647223527
lightgbm,MLB,MLB,test,MLB,Tarik Skubal,2022,-0.547032717343769,-0.46327711176518765,0.007015001465834889
lightgbm,MLB,MLB,test,MLB,José Urquidy,2022,-0.06035060759595421,0.016258767216285417,0.005868996309122216
lightgbm,MLB,MLB,test,MLB,Zack Greinke,2022,0.958021764667928,0.34621585561418694,0.3743064703530745
lightgbm,MLB,MLB,test,MLB,Brad Keller,2022,0.45116062961421505,-0.33476444795506616,0.6176782275522806
lightgbm,MLB,MLB,test,MLB,José Suarez,2022,-0.4835099038334581,-0.4843603695455619,7.23291927464202e-7
lightgbm,MLB,MLB,test,MLB,Jhonathan Díaz,2022,-0.48909002642120497,-0.4273095852764419,0.003816822908041532
lightgbm,MLB,MLB,test,MLB,Chase Silseth,2022,-0.48909002642120497,-0.5074282348631316,3.362898888595491e-4
lightgbm,MLB,MLB,test,MLB,Julio Urías,2022,2.0275452606528304,-0.44205442522750815,6.098922608500266
lightgbm,MLB,MLB,test,MLB,Tony Gonsolin,2022,-0.004549381718481162,0.49422256065141734,0.24877345049544136
lightgbm,MLB,MLB,test,MLB,Max Meyer,2022,-0.48881102029181805,-0.507561714538674,3.515885347390784e-4
lightgbm,MLB,MLB,test,MLB,Chi Chi González,2022,-0.48909002642120497,-0.424697113677683,0.004146447211594836
lightgbm,MLB,MLB,test,MLB,Adrian Houser,2022,0.0466017420025358,-0.01730072744436992,0.004083525601412719
lightgbm,MLB,MLB,test,MLB,Janson Junk,2022,-0.48909002642120497,-0.7187352178148346,0.052736913930216796
lightgbm,MLB,MLB,test,MLB,Chris Paddack,2022,0.15355409160102604,-0.13724951281524664,0.084566736341496
lightgbm,MLB,MLB,test,MLB,Joe Ryan,2022,-0.559412405308773,-0.4947597264954488,0.004179968877738861
lightgbm,MLB,MLB,test,MLB,Elieser Hernández,2022,-0.325406430513951,-0.47110213265570156,0.021227237622577694
lightgbm,MLB,MLB,test,MLB,Carlos Rodón,2022,4.399097360445429,3.999290238528351,0.15984573473561745
lightgbm,MLB,MLB,test,MLB,George Kirby,2022,-0.5089911616222329,-0.4927836772502793,2.626825496671211e-4
lightgbm,MLB,MLB,test,MLB,Dakota Hudson,2022,-0.13010213994279501,-0.18864163569683648,0.0034268725631374387
lightgbm,MLB,MLB,test,MLB,Zach Eflin,2022,1.8570414529147399,-0.22024187082225133,4.315106007075802
lightgbm,MLB,MLB,test,MLB,Yonny Chirinos,2022,-0.38585775854788,0.5159834652128688,0.8133175928742848
lightgbm,MLB,MLB,test,MLB,Cooper Criswell,2022,-0.48909002642120497,-0.6670992512779902,0.03168728413411352
lightgbm,MLB,MLB,test,MLB,Glenn Otto,2022,-0.48605071965174607,-0.1520524597911977,0.1115548375898744
lightgbm,MLB,MLB,test,MLB,Josiah Gray,2022,-0.48722998555862307,-0.4229469860093393,0.004132304031053221
lightgbm,MLB,MLB,test,MLB,MacKenzie Gore,2022,-0.4884762129365531,-0.4738554980915303,2.137653025794687e-4
lightgbm,MLB,MLB,test,MLB,Joan Adon,2022,-0.48909002642120497,-0.48873321809371706,1.27312182564721e-7
lightgbm,MLB,MLB,test,MLB,Eduardo Rodríguez,2023,3.0970687566377304,1.6734947977400783,2.026562816451534
lightgbm,MLB,MLB,test,MLB,Osvaldo Bido,2023,-0.4835099038334581,-0.4081826622090761,0.005674193330738025
lightgbm,MLB,MLB,test,MLB,Chris Sale,2023,2.9110646703794796,1.059436611609785,3.428526468023227
lightgbm,MLB,MLB,test,MLB,Max Fried,2023,2.16704832534651,1.4917873424127455,0.4559773950726739
lightgbm,MLB,MLB,test,MLB,Bryce Elder,2023,-0.48536994469604006,-0.44181868561496496,0.0018967121675469263
lightgbm,MLB,MLB,test,MLB,Dean Kremer,2023,-0.4822822768641541,0.02388388027542346,0.2562041786334475
lightgbm,MLB,MLB,test,MLB,Kyle Bradish,2023,-0.4826728854452961,-0.4476941657733005,0.0012235108298920493
lightgbm,MLB,MLB,test,MLB,Grayson Rodriguez,2023,-0.4838261107800971,-0.5081803772009165,5.931302928962511e-4
lightgbm,MLB,MLB,test,MLB,Tanner Houck,2023,-0.479789822108293,-0.18490542974170063,0.0869568048614144
lightgbm,MLB,MLB,test,MLB,Michael Soroka,2023,-0.06500070975241032,-0.496254303293782,0.18597966194234664
lightgbm,MLB,MLB,test,MLB,Nick Lodolo,2023,-0.4816498629708761,-0.6548991570043342,0.030015317883091627
lightgbm,MLB,MLB,test,MLB,Shane Bieber,2023,1.8182906636123,0.21636345042837707,2.5661707963392093
lightgbm,MLB,MLB,test,MLB,Triston McKenzie,2023,-0.325406430513951,-0.4632663311919667,0.019005352214952347
lightgbm,MLB,MLB,test,MLB,Tanner Bibee,2023,-0.48430972140436807,-0.28429071728646105,0.04000760200831931
lightgbm,MLB,MLB,test,MLB,Logan Allen,2023,-0.48457012712513003,-0.48796999867643315,1.1559126565360237e-5
lightgbm,MLB,MLB,test,MLB,Hunter Gaddis,2023,-0.48523974183566004,-0.5142969185377311,8.443195178953795e-4
lightgbm,MLB,MLB,test,MLB,Hunter Gaddis,2023,-0.568823468057095,-0.5142969185377311,0.002973144602487652
lightgbm,MLB,MLB,test,MLB,Dakota Hudson,2023,-0.34400683913977503,-0.33089758150618476,1.7185263570384493e-4
lightgbm,MLB,MLB,test,MLB,Kenta Maeda,2023,1.6090360665717802,1.1496275021785365,0.21105622903786117
lightgbm,MLB,MLB,test,MLB,Jack Flaherty,2023,1.9810442390882699,0.3564367078441442,2.6393496305751327
lightgbm,MLB,MLB,test,MLB,Framber Valdez,2023,1.6276364751975998,2.777557344252439,1.3223180050878363
lightgbm,MLB,MLB,test,MLB,Seth Lugo,2023,2.16704832534651,1.4038944162317921,0.5824038889970752
lightgbm,MLB,MLB,test,MLB,Jonathan Bowlan,2023,-0.48536994469604006,-0.21175204076787763,0.07486675735004113
lightgbm,MLB,MLB,test,MLB,Chase Silseth,2023,-0.4835099038334581,-0.5040960897364163,4.2379105003115437e-4
lightgbm,MLB,MLB,test,MLB,Tyler Glasnow,2023,4.457223637401131,2.849429868498313,2.585000803322728
lightgbm,MLB,MLB,test,MLB,Dustin May,2023,-0.22589424436579103,-0.7118278358405945,0.2361314553236012
lightgbm,MLB,MLB,test,MLB,Jesús Luzardo,2023,0.400009505893198,-0.38646891549234286,0.6185483073050925
lightgbm,MLB,MLB,test,MLB,Ryan Weathers,2023,-0.4830262932091861,-0.49015522815810175,5.0821713505870896e-5
lightgbm,MLB,MLB,test,MLB,Colin Rea,2023,0.214005419634955,0.22144431615193005,5.5337181390263475e-5
lightgbm,MLB,MLB,test,MLB,Bailey Ober,2023,-0.481305755411298,-0.08216142495211685,0.15931619653770798
lightgbm,MLB,MLB,test,MLB,Bailey Ober,2023,-0.5521296013154181,-0.08216142495211685,0.22087008679424702
lightgbm,MLB,MLB,test,MLB,Adrian Houser,2023,0.31630766707698904,0.6973394410188989,0.1451852127533187
lightgbm,MLB,MLB,test,MLB,Julio Teheran,2023,-0.15800275288153204,0.31325214429866965,0.22208117811632247
lightgbm,MLB,MLB,test,MLB,Martín Pérez,2023,0.8650197215388071,0.061716233687105465,0.6452964935947091
lightgbm,MLB,MLB,test,MLB,Mitch Keller,2023,0.3893142709333491,2.033707374713867,2.704028679760926
lightgbm,MLB,MLB,test,MLB,Luis Ortiz,2023,-0.4839749140491041,-0.4977283380066973,1.8915667055729898e-4
lightgbm,MLB,MLB,test,MLB,George Kirby,2023,-0.47447010524130706,-0.3566157397784833,0.013889651458644821
lightgbm,MLB,MLB,test,MLB,Lance Lynn,2023,1.4230319803135398,1.1093587035323333,0.09839092456665938
lightgbm,MLB,MLB,test,MLB,Taj Bradley,2023,-0.484756131211388,-0.3182698965217611,0.027717666341129536
lightgbm,MLB,MLB,test,MLB,Tyler Mahle,2023,1.4230319803135398,0.012815188725888367,1.98871139927577
lightgbm,MLB,MLB,test,MLB,Wes Parsons,2023,-0.4835843054679611,-0.3987967627265102,0.0071889274041333625
lightgbm,MLB,MLB,test,MLB,Joan Adon,2023,-0.48536994469604006,-0.5197864885311398,0.0011844984895533453
lightgbm,MLB,MLB,test,MLB,JP Sears,2024,-0.479789822108293,0.47862363046479117,0.9185563460730595
lightgbm,MLB,MLB,test,MLB,Luis Medina,2024,-0.480719842539584,-0.4546843450816093,6.778471278842058e-4
lightgbm,MLB,MLB,test,MLB,J.T. Ginn,2024,-0.4816498629708761,-0.4992956264742107,3.1137296961561656e-4
lightgbm,MLB,MLB,test,MLB,Brady Basso,2024,-0.4816498629708761,-0.4719618093421857,9.385838311238137e-5
lightgbm,MLB,MLB,test,MLB,Spencer Schwellenbach,2024,-0.479789822108293,-0.5318579976268347,0.0027110949018296655
lightgbm,MLB,MLB,test,MLB,Spencer Schwellenbach,2024,-0.560619943836762,-0.5318579976268347,8.272495497827471e-4
lightgbm,MLB,MLB,test,MLB,Charlie Morton,2024,2.16704832534651,0.09327083170733601,4.300553093124375
lightgbm,MLB,MLB,test,MLB,Albert Suárez,2024,-0.4695595973640901,0.3175441668179622,0.6195323355895558
lightgbm,MLB,MLB,test,MLB,Cade Povich,2024,-0.48051523804470003,-0.4672671384210074,1.755121436392843e-4
lightgbm,MLB,MLB,test,MLB,Chayce McDermott,2024,-0.481240653981107,-0.47113364512963823,1.021516279236678e-4
lightgbm,MLB,MLB,test,MLB,Cody Poteet,2024,-0.4816498629708761,-0.7481813959226798,0.07103905805763845
lightgbm,MLB,MLB,test,MLB,Garrett Crochet,2024,0.08380255925418441,0.2597019642071803,0.030940600662818035
lightgbm,MLB,MLB,test,MLB,Kutter Crawford,2024,-0.11150173131697101,1.5562081707947337,2.7812563176014318
lightgbm,MLB,MLB,test,MLB,Justin Steele,2024,0.5953137964643539,0.38470199606939043,0.044357330465607935
lightgbm,MLB,MLB,test,MLB,Jordan Wicks,2024,-0.4816498629708761,-0.4950431004997918,1.793788115059557e-4
lightgbm,MLB,MLB,test,MLB,Jonathan Cannon,2024,-0.47995722578592503,-0.4381377461371222,0.0017488688780966347
lightgbm,MLB,MLB,test,MLB,Brandon Williamson,2024,-0.479789822108293,-0.48825445480380636,7.165000666995346e-5
lightgbm,MLB,MLB,test,MLB,Andrew Abbott,2024,-0.526278753407247,-0.491136320253303,0.0012349906079794184
lightgbm,MLB,MLB,test,MLB,Triston McKenzie,2024,-0.260305000323566,-0.35300999558333257,0.008594216146113338
lightgbm,MLB,MLB,test,MLB,Kolby Allard,2024,-0.4370088822688971,-0.39701633988552126,0.0015994034462861139
lightgbm,MLB,MLB,test,MLB,Gavin Williams,2024,-0.4778739800198331,-0.5049998848537229,7.358147130572474e-4
lightgbm,MLB,MLB,test,MLB,Logan Allen,2024,-0.47845059268723406,-0.43032119929578544,0.0023164385082288176
lightgbm,MLB,MLB,test,MLB,Gavin Williams,2024,-0.55838008263004,-0.5049998848537229,0.0028494455146387274
lightgbm,MLB,MLB,test,MLB,Bradley Blalock,2024,-0.481277854798359,-0.5134559494333517,0.0010354297743385469
lightgbm,MLB,MLB,test,MLB,Alex Cobb,2024,2.16704832534651,-0.06809305803554348,4.995857003707041
lightgbm,MLB,MLB,test,MLB,Framber Valdez,2024,2.72506058412124,3.5221381594872483,0.6353326611513549
lightgbm,MLB,MLB,test,MLB,Alec Marsh,2024,-0.4799758261945511,-0.4529563500068467,7.300520934579248e-4
lightgbm,MLB,MLB,test,MLB,Yusei Kikuchi,2024,3.3249237623040804,1.7135344259092862,2.5965755934468553
lightgbm,MLB,MLB,test,MLB,Caden Dana,2024,-0.4816498629708761,-0.4491553040252864,0.0010558963610684015
lightgbm,MLB,MLB,test,MLB,Chase Silseth,2024,-0.4816498629708761,-0.6691803315914898,0.035167676661066995
lightgbm,MLB,MLB,test,MLB,Gavin Stone,2024,-0.4779297812457111,-0.37131955281130163,0.011365740806836971
lightgbm,MLB,MLB,test,MLB,Valente Bellozo,2024,-0.47420969952054604,-0.4896796672197469,2.3931990061431724e-4
lightgbm,MLB,MLB,test,MLB,Ryan Weathers,2024,-0.478097184923343,-0.5378015224422884,0.003564607918576149
lightgbm,MLB,MLB,test,MLB,Robert Gasser,2024,-0.480645440905081,-0.4492408921238003,9.86245684155838e-4
lightgbm,MLB,MLB,test,MLB,Erick Fedde,2024,-0.4816498629708761,1.7722176532772922,5.079918780798687
lightgbm,MLB,MLB,test,MLB,Bailey Ober,2024,0.0373015376896236,0.8260892412879821,0.6221860413479718
lightgbm,MLB,MLB,test,MLB,David Festa,2024,-0.4816498629708761,-0.509592140337155,7.807708644140658e-4
lightgbm,MLB,MLB,test,MLB,Zebby Matthews,2024,-0.4816498629708761,-0.5046950880573917,5.310823992881694e-4
lightgbm,MLB,MLB,test,MLB,Frankie Montas,2024,2.5390564978629993,0.386403341059396,4.633915613496519
lightgbm,MLB,MLB,test,MLB,Christian Scott,2024,-0.48081284458271306,-0.5156254642386241,0.0012119184873071235
lightgbm,MLB,MLB,test,MLB,Carlos Carrasco,2024,-0.34400683913977503,0.5392041972293725,0.7800617347642637
lightgbm,MLB,MLB,test,MLB,Paul Blackburn,2024,-0.4816498629708761,-0.0024510934968133293,0.22963146066545595
lightgbm,MLB,MLB,test,MLB,Will Warren,2024,-0.581364607568971,-0.41848618732980536,0.02652937977960625
lightgbm,MLB,MLB,test,MLB,Jesús Luzardo,2024,0.6092641029337219,-0.23790578208544244,0.7176968140833841
lightgbm,MLB,MLB,test,MLB,Bailey Falter,2024,-0.20971188886132408,0.1188571245307854,0.10795759656146421
lightgbm,MLB,MLB,test,MLB,Paul Skenes,2024,-0.46025939305117797,0.1327818374267552,0.351697901046781
lightgbm,MLB,MLB,test,MLB,Nick Pivetta,2024,1.9345432175237098,1.2617670252002333,0.45262780495727545
lightgbm,MLB,MLB,test,MLB,Dylan Cease,2024,1.9345432175237098,2.123487798655591,0.03570005473910198
lightgbm,MLB,MLB,test,MLB,Logan Gilbert,2024,0.7952681891919656,1.6944442407769915,0.8085175717440372
lightgbm,MLB,MLB,test,MLB,George Kirby,2024,0.176804602383306,0.14811311978080804,8.232011739294431e-4
lightgbm,MLB,MLB,test,MLB,Bryan Woo,2024,-0.4773159677610591,-0.5138379773919095,0.001333857187475929
lightgbm,MLB,MLB,test,MLB,Keaton Winn,2024,-0.4816498629708761,-0.4335397485167578,0.0023145831127883605
lightgbm,MLB,MLB,test,MLB,Kyle Harrison,2024,-0.4816498629708761,-0.5099007654458511,7.981134906505469e-4
lightgbm,MLB,MLB,test,MLB,Taj Bradley,2024,-0.47900860494600805,-0.46597707141358424,1.698208662066862e-4
lightgbm,MLB,MLB,test,MLB,Joe Boyle,2024,-0.4816498629708761,-0.4600238469853401,4.6768456740665796e-4
lightgbm,MLB,MLB,test,MLB,Dane Dunning,2024,-0.12824209908021303,-0.0028015291677927698,0.015735336579952793
lightgbm,MLB,MLB,test,MLB,Kumar Rocker,2024,-0.48137085684148806,-0.45326764297480293,7.897906296366432e-4
lightgbm,MLB,MLB,test,MLB,Jake Bloss,2024,-0.5999670622397439,-0.38287957959790536,0.04712697511977057
lightgbm,MLB,MLB,test,MLB,MacKenzie Gore,2024,-0.08546115924081701,-0.2868029322908373,0.04053850957492588
lightgbm,MLB,MLB,test,MLB,Jake Irvin,2024,-0.47893420331150505,1.0556330153340105,2.3548965485414333
lightgbm,MLB,MLB,test,MLB,Mitchell Parker,2024,-0.4803106335498161,-0.4584072624057897,4.7975766747296864e-4
lightgbm,MLB,MLB,test,MLB,Brandon Pfaadt,2025,1.0510238077970497,-0.05466057067844414,1.2225379448047393
lightgbm,MLB,MLB,test,MLB,Zac Gallen,2025,3.4737270313106703,0.8638114962299532,6.811659100255666
lightgbm,MLB,MLB,test,MLB,Michael Soroka,2025,0.772017678409685,-0.48162670355269466,1.571624236425837
lightgbm,MLB,MLB,test,MLB,Ryne Nelson,2025,-0.06500070975241032,-0.09751567584624325,0.0010572230200831052
lightgbm,MLB,MLB,test,MLB,Martín Pérez,2025,0.028001333376711398,-0.3548582033266369,0.14658142484470252
lightgbm,MLB,MLB,test,MLB,Carlos Carrasco,2025,-0.34400683913977503,-0.18663465136832935,0.02476600548397116
lightgbm,MLB,MLB,test,MLB,Trevor Rogers,2025,0.5302123662739688,0.266640707022885,0.06947001956036945
lightgbm,MLB,MLB,test,MLB,Kyle Bradish,2025,0.0373015376896236,1.0695876714807084,1.0656146620173457
lightgbm,MLB,MLB,test,MLB,Johan Oviedo,2025,-0.33470663482686297,-0.4548174817894138,0.0144266155580613
lightgbm,MLB,MLB,test,MLB,Davis Martin,2025,-0.47441430401543006,-0.4004767545448936,0.005466761221708022
lightgbm,MLB,MLB,test,MLB,Sean Burke,2025,-0.4754745273071021,-0.4915804480687894,2.594006835817507e-4
lightgbm,MLB,MLB,test,MLB,Michael Lorenzen,2025,0.8650197215388071,0.9287235352576885,0.004058175882329935
lightgbm,MLB,MLB,test,MLB,Framber Valdez,2025,6.50714360937083,2.6109604485701365,15.180243222506885
lightgbm,MLB,MLB,test,MLB,Tarik Skubal,2025,5.32911779173665,2.5437059317802344,7.758519229585857
lightgbm,MLB,MLB,test,MLB,Justin Verlander,2025,1.79504015283002,1.2469784564238713,0.30037162306758547
lightgbm,MLB,MLB,test,MLB,Reese Olson,2025,-0.47084302555927204,-0.3988501063223401,0.005182980420255408
lightgbm,MLB,MLB,test,MLB,Jackson Jobe,2025,-0.47712996367480015,-0.5028378562387554,6.608957400798673e-4
lightgbm,MLB,MLB,test,MLB,Mitch Farris,2025,-0.4779297812457111,-0.5177723846914588,0.001587433049335106
lightgbm,MLB,MLB,test,MLB,Emmet Sheehan,2025,-0.472349658657963,-0.38720541533137565,0.007249542171657119
lightgbm,MLB,MLB,test,MLB,Roki Sasaki,2025,-0.47420969952054604,-0.5031269671595147,8.362083677037421e-4
lightgbm,MLB,MLB,test,MLB,Eury Pérez,2025,-0.4743027015636751,-0.490103069968286,2.496516417214267e-4
lightgbm,MLB,MLB,test,MLB,Chad Patrick,2025,-0.47487931423107504,-0.16672973417946485,0.09495616368598372
lightgbm,MLB,MLB,test,MLB,David Festa,2025,-0.4758465354796181,-0.4703165070350227,3.058121459803401e-5
lightgbm,MLB,MLB,test,MLB,Tylor Megill,2025,-0.15800275288153204,2.213178864357079,5.622502261930314
lightgbm,MLB,MLB,test,MLB,Nolan McLean,2025,-0.475790734253741,-0.7313118829683041,0.06529105744040985
lightgbm,MLB,MLB,test,MLB,Cam Schlittler,2025,-0.47394464369762807,-0.49664272753533617,5.152030099036259e-4
lightgbm,MLB,MLB,test,MLB,Paul Skenes,2025,-0.42119853493694603,-0.20321220765727618,0.04751803888087933
lightgbm,MLB,MLB,test,MLB,Lucas Giolito,2025,-0.06500070975241032,0.7691873900580638,0.6958697858654096
lightgbm,MLB,MLB,test,MLB,Walker Buehler,2025,-0.34400683913977503,0.17269637565216747,0.2669822121763282
lightgbm,MLB,MLB,test,MLB,Randy Vásquez,2025,-0.4725728635614731,-0.42833321836272165,0.0019571462073114127
lightgbm,MLB,MLB,test,MLB,Logan Gilbert,2025,1.4094536820166896,1.9784316645310678,0.323735944586132
lightgbm,MLB,MLB,test,MLB,George Kirby,2025,0.5953137964643539,0.1018991906502681,0.24345797323066967
lightgbm,MLB,MLB,test,MLB,Bryan Woo,2025,-0.4683319703947851,-0.6783101243520939,0.04409082513931929
lightgbm,MLB,MLB,test,MLB,Tyler Mahle,2025,1.23702789405529,0.15073197005010663,1.1800388345102748
lightgbm,MLB,MLB,test,MLB,Blade Tidwell,2025,-0.4779297812457111,-0.5198860442629084,0.0017603280063682373
lightgbm,MLB,MLB,test,MLB,Eric Lauer,2025,0.19540501100913002,1.2351762718326031,1.0811242748344347
lightgbm,MLB,MLB,test,MLB,Max Scherzer,2025,-0.06500070975241032,0.8020463739688941,0.7517706453896187
lightgbm,MLB,MLB,test,MLB,Patrick Corbin,2025,-0.4370088822688971,0.25385344425900813,0.47729075421554995
lightgbm,MLB,MLB,test,MLB,Bowden Francis,2025,-0.4723868594752151,0.08702300868523045,0.3129394005952871
lightgbm,MLB,MLB,test,MLB,Zack Littell,2025,0.679015635280563,1.6390180942004502,0.9216047211322298
lightgbm,MLB,MLB,test,MLB,MacKenzie Gore,2025,0.418609914519023,0.04804817901687316,0.1373159998183653
lightgbm,MLB,NPB,full_cross_league,NPB,久保　康友,2010,1.21548005434337,1.8398061166220006,0.3897830320403406
lightgbm,MLB,NPB,full_cross_league,NPB,下柳　剛,2010,0.240523671596636,0.18433471058708734,0.0031571993393325814
lightgbm,MLB,NPB,full_cross_league,NPB,能見　篤史,2010,-0.192790276290803,0.9573258325900638,1.3227670639072655
lightgbm,MLB,NPB,full_cross_league,NPB,秋山　拓巳,2010,-0.6044385267838689,-0.5240431177688901,0.006463421790685729
lightgbm,MLB,NPB,full_cross_league,NPB,鶴　直人,2010,-0.6152713754810549,-0.556546110492296,0.0034486567479999593
lightgbm,MLB,NPB,full_cross_league,NPB,小嶋　達也,2010,-0.626104224178241,-0.5346233457618185,0.008368751115840276
lightgbm,MLB,NPB,full_cross_league,NPB,清水　直行,2010,2.2987649240619703,0.048699633229681086,5.062793813008194
lightgbm,MLB,NPB,full_cross_league,NPB,三浦　大輔,2010,1.9737794631463899,-0.052250240623981176,4.104796360559858
lightgbm,MLB,NPB,full_cross_league,NPB,大家　友和,2010,0.34885215856849494,0.14895087833809573,0.039960521837752595
lightgbm,MLB,NPB,full_cross_league,NPB,山本　省吾,2010,-0.06279609192457111,0.006547188285685856,0.004808490510318216
lightgbm,MLB,NPB,full_cross_league,NPB,加賀　繁,2010,-0.4636114937204521,-0.061791230456987596,0.16145952396911992
lightgbm,MLB,NPB,full_cross_league,NPB,田中　健二朗,2010,-0.6456033518331761,-0.5242393058794649,0.014729231650254523
lightgbm,MLB,NPB,full_cross_league,NPB,杉原　洋,2010,-0.6694356189669849,-0.4232068014296066,0.060628630585855534
lightgbm,MLB,NPB,full_cross_league,NPB,眞下　貴之,2010,-0.674852043315578,-0.49660120474428227,0.031773361451370136
lightgbm,MLB,NPB,full_cross_league,NPB,内海　哲也,2010,0.565509132512215,0.7134402516415369,0.021883616006853623
lightgbm,MLB,NPB,full_cross_league,NPB,東野　峻,2010,0.07803094113884641,-0.11737948754144094,0.03818523563701367
lightgbm,MLB,NPB,full_cross_league,NPB,藤井　秀悟,2010,0.0238666976529166,0.6929413710919511,0.44766091863755064
lightgbm,MLB,NPB,full_cross_league,NPB,朝井　秀樹,2010,-0.3011187632626621,-0.3182605244221098,2.938399756475482e-4
lightgbm,MLB,NPB,full_cross_league,NPB,西村　健太朗,2010,-0.43111294762889407,-0.3333387093788386,0.009559801665378615
lightgbm,MLB,NPB,full_cross_league,NPB,黄　志龍,2010,-0.6867681768824819,-0.5331757868010404,0.023590622290929703
lightgbm,MLB,NPB,full_cross_league,NPB,吉見　一起,2010,0.565509132512215,-0.041725907713405806,0.36873439407781133
lightgbm,MLB,NPB,full_cross_league,NPB,山本昌,2010,0.34885215856849494,0.28673035998910834,0.003859117858737879
lightgbm,MLB,NPB,full_cross_league,NPB,中田　賢一,2010,0.0455323950472885,0.8694199905401994,0.6787907700070904
lightgbm,MLB,NPB,full_cross_league,NPB,朝倉　健太,2010,0.0374077585243991,-0.29570490576178476,0.11096404710783983
lightgbm,MLB,NPB,full_cross_league,NPB,山井　大介,2010,-0.27945306586829005,0.2670142269329554,0.2986265021015222
lightgbm,MLB,NPB,full_cross_league,NPB,小笠原　孝,2010,-0.3119516119598481,-0.32229483273907067,1.0698221608774138e-4
lightgbm,MLB,NPB,full_cross_league,NPB,川井　雄太,2010,-0.45819506937185905,-0.36089682878979895,0.009466947620364447
lightgbm,MLB,NPB,full_cross_league,NPB,山内　壮馬,2010,-0.571939980692311,-0.5143884850003497,0.003312174656381837
lightgbm,MLB,NPB,full_cross_league,NPB,岩田　慎司,2010,-0.5936056780866831,-0.7298555972631762,0.0185640404756009
lightgbm,MLB,NPB,full_cross_league,NPB,伊藤　準規,2010,-0.6531863459212057,-0.4769302033651851,0.031066227788728265
lightgbm,MLB,NPB,full_cross_league,NPB,前田　健太,2010,0.565509132512215,1.0130260244936151,0.20027136860869213
lightgbm,MLB,NPB,full_cross_league,NPB,大竹　寛,2010,0.132195184624776,-0.33903015500565603,0.22205332070981598
lightgbm,MLB,NPB,full_cross_league,NPB,齊藤　悠葵,2010,-0.5069428885091951,-0.5200908805082264,1.7286969360659035e-4
lightgbm,MLB,NPB,full_cross_league,NPB,青木　高広,2010,-0.561107131995125,-0.39854674201851087,0.026425880389348858
lightgbm,MLB,NPB,full_cross_league,NPB,小松　剛,2010,-0.5936056780866831,-0.497161449644304,0.009301489199845806
lightgbm,MLB,NPB,full_cross_league,NPB,今村　猛,2010,-0.626104224178241,-0.5245031915732784,0.010322769826394665
lightgbm,MLB,NPB,full_cross_league,NPB,今井　啓介,2010,-0.631520648526834,-0.5131282040933391,0.014016770898938163
lightgbm,MLB,NPB,full_cross_league,NPB,石川　雅規,2010,1.21548005434337,1.2146311079691665,7.207099462731121e-7
lightgbm,MLB,NPB,full_cross_league,NPB,館山　昌平,2010,0.565509132512215,1.0032732838382494,0.19163745218620315
lightgbm,MLB,NPB,full_cross_league,NPB,村中　恭兵,2010,-0.181957427593617,-0.4954678248240854,0.0982887691716061
lightgbm,MLB,NPB,full_cross_league,NPB,中澤　雅人,2010,-0.474444342417637,-0.5014066964300126,7.269685338886649e-4
lightgbm,MLB,NPB,full_cross_league,NPB,赤川　克紀,2010,-0.6564362005303619,-0.5836928825045374,0.005291590317406237
lightgbm,MLB,NPB,full_cross_league,NPB,山本　斉,2010,-0.6694356189669849,-0.43049717138983756,0.057091581730577184
lightgbm,MLB,NPB,full_cross_league,NPB,杉内　俊哉,2010,3.0570643328649902,3.2176244420290723,0.02577954865478194
lightgbm,MLB,NPB,full_cross_league,NPB,和田　毅,2010,2.8404073589212704,3.135275024031872,0.08694693992777795
lightgbm,MLB,NPB,full_cross_league,NPB,大隣　憲司,2010,-0.3552830067485919,0.050742475324198906,0.1648566920924422
lightgbm,MLB,NPB,full_cross_league,NPB,小椋　真介,2010,-0.4636114937204521,0.026288345669210556,0.24000185263401724
lightgbm,MLB,NPB,full_cross_league,NPB,山田　大樹,2010,-0.6044385267838689,-0.49612949433640224,0.011730846509706383
lightgbm,MLB,NPB,full_cross_league,NPB,巽　真悟,2010,-0.619604514959929,-0.5208110537753466,0.009760147972829574
lightgbm,MLB,NPB,full_cross_league,NPB,岩嵜　翔,2010,-0.6434367820937389,-0.5293370623213381,0.013018746052140377
lightgbm,MLB,NPB,full_cross_league,NPB,ダルビッシュ　有,2010,4.68199163744288,0.6324725578329282,16.39860477612503
lightgbm,MLB,NPB,full_cross_league,NPB,武田　勝,2010,0.728001862970004,0.7771690807281079,0.0024174153020728017
lightgbm,MLB,NPB,full_cross_league,NPB,八木　智哉,2010,-0.21445597368517402,-0.3893789074528009,0.03059803275787358
lightgbm,MLB,NPB,full_cross_league,NPB,増井　浩俊,2010,-0.561107131995125,-0.3521455289131797,0.043664951562576444
lightgbm,MLB,NPB,full_cross_league,NPB,糸数　敬作,2010,-0.571939980692311,-0.4157728604308876,0.024388169450745872
lightgbm,MLB,NPB,full_cross_league,NPB,矢貫　俊之,2010,-0.6152713754810549,-0.33486045558755007,0.0786302839955216
lightgbm,MLB,NPB,full_cross_league,NPB,吉川　光夫,2010,-0.6206877998296478,-0.5291516324494012,0.008378869938664523
lightgbm,MLB,NPB,full_cross_league,NPB,多田野　数人,2010,-0.6477699215726129,0.08252813728322048,0.5333352547685983
lightgbm,MLB,NPB,full_cross_league,NPB,中村　勝,2010,-0.6477699215726129,-0.4819904243711263,0.027482841692377705
lightgbm,MLB,NPB,full_cross_league,NPB,ダース　ローマシュ匡,2010,-0.678101897924734,-0.5331579946056353,0.021008735109376224
lightgbm,MLB,NPB,full_cross_league,NPB,木佐貫　洋,2010,-0.084461789318943,0.9472174411677368,1.0643620346175877
lightgbm,MLB,NPB,full_cross_league,NPB,近藤　一樹,2010,-0.20362312498798898,0.3468915790666262,0.30306643938034056
lightgbm,MLB,NPB,full_cross_league,NPB,長谷川　昌幸,2010,-0.38778155284015,-0.2956279541799331,0.008492285746028326
lightgbm,MLB,NPB,full_cross_league,NPB,中山　慎也,2010,-0.5177757372063811,0.047398114378454495,0.3194214825152379
lightgbm,MLB,NPB,full_cross_league,NPB,伊原　正樹,2010,-0.6152713754810549,-0.4869247496172958,0.01647285637061176
lightgbm,MLB,NPB,full_cross_league,NPB,山田　修義,2010,-0.6759353281852959,-0.4644972251149395,0.04470607142999065
lightgbm,MLB,NPB,full_cross_league,NPB,岩隈　久志,2010,2.51542189800569,2.1060071941606053,0.16762039972455853
lightgbm,MLB,NPB,full_cross_league,NPB,田中　将大,2010,1.43213702828709,-0.44953228902645503,3.5406794197192224
lightgbm,MLB,NPB,full_cross_league,NPB,永井　怜,2010,0.0563652437444745,0.18383286661777903,0.016247994880970992
lightgbm,MLB,NPB,full_cross_league,NPB,川井　貴志,2010,-0.5177757372063811,-0.4400908270412025,0.006034945267371876
lightgbm,MLB,NPB,full_cross_league,NPB,長谷部　康平,2010,-0.528608585903567,-0.4419130436358648,0.00751611704909093
lightgbm,MLB,NPB,full_cross_league,NPB,藤原　紘通,2010,-0.5394414346007531,-0.48304429363915846,0.003180637508641977
lightgbm,MLB,NPB,full_cross_league,NPB,戸村　健次,2010,-0.571939980692311,-0.5200179400169803,0.002695898307890694
lightgbm,MLB,NPB,full_cross_league,NPB,井坂　亮平,2010,-0.5881892537380901,-0.4371548225172661,0.022811399414197797
lightgbm,MLB,NPB,full_cross_league,NPB,菊池　保則,2010,-0.6607693400092358,-0.48587130725454347,0.030589321861461436
lightgbm,MLB,NPB,full_cross_league,NPB,涌井　秀章,2010,2.00627800923795,0.05353552511468965,3.8132032092998815
lightgbm,MLB,NPB,full_cross_league,NPB,石井　一久,2010,1.32380854131523,1.2923354590465983,9.905549074880635e-4
lightgbm,MLB,NPB,full_cross_league,NPB,岸　孝之,2010,0.565509132512215,-0.1960010325765076,0.5798977315334536
lightgbm,MLB,NPB,full_cross_league,NPB,帆足　和幸,2010,0.45718064554035504,0.8389362232422789,0.14573732110652962
lightgbm,MLB,NPB,full_cross_league,NPB,西口　文也,2010,-0.084461789318943,0.11258173763245323,0.038826151513445616
lightgbm,MLB,NPB,full_cross_league,NPB,平野　将光,2010,-0.561107131995125,-0.2895496024074377,0.07374349187576763
lightgbm,MLB,NPB,full_cross_league,NPB,渡辺　俊介,2010,0.7821661064559338,0.3560477710130373,0.18157683580062484
lightgbm,MLB,NPB,full_cross_league,NPB,成瀬　善久,2010,0.6738376194840741,0.26247994825951887,0.16921513367528923
lightgbm,MLB,NPB,full_cross_league,NPB,唐川　侑己,2010,-0.36069943109718494,-0.30240361507419483,0.0033984021657863105
lightgbm,MLB,NPB,full_cross_league,NPB,吉見　祐治,2010,-0.37694870414296405,0.17168494525587316,0.3009988812526862
lightgbm,MLB,NPB,full_cross_league,NPB,大嶺　祐太,2010,-0.5069428885091951,-0.5030404620646619,1.5228932154992052e-5
lightgbm,MLB,NPB,full_cross_league,NPB,香月　良仁,2010,-0.626104224178241,-0.4212881781943023,0.04194961269249487
lightgbm,MLB,NPB,full_cross_league,NPB,久保　康友,2011,0.7821661064559338,0.3725362329563224,0.16779663326330763
lightgbm,MLB,NPB,full_cross_league,NPB,能見　篤史,2011,0.34885215856849494,1.9851982146188678,2.67762841515161
lightgbm,MLB,NPB,full_cross_league,NPB,安藤　優也,2011,-0.10612748671331501,-0.32173145348544013,0.04648507048787563
lightgbm,MLB,NPB,full_cross_league,NPB,岩田　稔,2011,-0.138626032804873,0.7397719620562444,0.7715830373760315
lightgbm,MLB,NPB,full_cross_league,NPB,鄭　凱文,2011,-0.582772829389497,-0.48951373421481154,0.008697258832801048
lightgbm,MLB,NPB,full_cross_league,NPB,秋山　拓巳,2011,-0.6152713754810549,-0.5141793106202253,0.010219605577826193
lightgbm,MLB,NPB,full_cross_league,NPB,鶴　直人,2011,-0.626104224178241,-0.46806772534226226,0.024975534964334297
lightgbm,MLB,NPB,full_cross_league,NPB,蕭　一傑,2011,-0.626104224178241,-0.4245791734862117,0.04061234605642496
lightgbm,MLB,NPB,full_cross_league,NPB,清原　大貴,2011,-0.664019194618392,-0.5630930908153756,0.010186078428857234
lightgbm,MLB,NPB,full_cross_league,NPB,三浦　大輔,2011,0.890494593427793,0.8037718132446052,0.00752084060270151
lightgbm,MLB,NPB,full_cross_league,NPB,山本　省吾,2011,-0.084461789318943,-0.33565041645749133,0.06309572640374866
lightgbm,MLB,NPB,full_cross_league,NPB,清水　直行,2011,-0.192790276290803,0.07279801879463471,0.07053714248638952
lightgbm,MLB,NPB,full_cross_league,NPB,高崎　健太郎,2011,-0.3011187632626621,0.289863660225374,0.3492602248717924
lightgbm,MLB,NPB,full_cross_league,NPB,須田　幸太,2011,-0.5502742832979389,-0.3953883232251793,0.02398966062766049
lightgbm,MLB,NPB,full_cross_league,NPB,加賀美　希昇,2011,-0.6152713754810549,-0.4489085741028697,0.027676581682397502
lightgbm,MLB,NPB,full_cross_league,NPB,小林　寛,2011,-0.626104224178241,-0.5234291713369374,0.01054216647596447
lightgbm,MLB,NPB,full_cross_league,NPB,国吉　佑樹,2011,-0.626104224178241,-0.4606998083741823,0.027358620767481936
lightgbm,MLB,NPB,full_cross_league,NPB,田中　健二朗,2011,-0.6586027702697991,-0.5049114838170127,0.023621011531512446
lightgbm,MLB,NPB,full_cross_league,NPB,眞下　貴之,2011,-0.664019194618392,-0.44526191537216603,0.04785474722321128
lightgbm,MLB,NPB,full_cross_league,NPB,杉内　俊哉,2011,3.0570643328649902,2.6643978851623054,0.15418693915144535
lightgbm,MLB,NPB,full_cross_league,NPB,内海　哲也,2011,1.6487940022308099,2.122315961551499,0.22422304595890422
lightgbm,MLB,NPB,full_cross_league,NPB,東野　峻,2011,-0.0302975458330132,-0.3375256689620273,0.09438911964137664
lightgbm,MLB,NPB,full_cross_league,NPB,澤村　拓一,2011,-0.171124578896431,0.14851520573784563,0.10216959192104677
lightgbm,MLB,NPB,full_cross_league,NPB,小野　淳平,2011,-0.571939980692311,-0.4963880072946097,0.005708100684286966
lightgbm,MLB,NPB,full_cross_league,NPB,小山　雄輝,2011,-0.6456033518331761,-0.4202731686575648,0.05077369144995453
lightgbm,MLB,NPB,full_cross_league,NPB,吉見　一起,2011,1.8654509761745302,1.5589305646588925,0.09395476267571587
lightgbm,MLB,NPB,full_cross_league,NPB,中田　賢一,2011,-0.084461789318943,0.20775102988974475,0.08538833170988923
lightgbm,MLB,NPB,full_cross_league,NPB,朝倉　健太,2011,-0.116960335410501,-0.46181238719311385,0.11892293761867789
lightgbm,MLB,NPB,full_cross_league,NPB,山井　大介,2011,-0.34445015805140594,-0.3227189546947314,4.7224519932914346e-4
lightgbm,MLB,NPB,full_cross_league,NPB,小笠原　孝,2011,-0.409447250234522,1.9758607969592097,5.689694480007174
lightgbm,MLB,NPB,full_cross_league,NPB,山内　壮馬,2011,-0.5394414346007531,-0.40282603437084835,0.01866376757997706
lightgbm,MLB,NPB,full_cross_league,NPB,大野　雄大,2011,-0.5881892537380901,-0.4987554645328916,0.007998402651599871
lightgbm,MLB,NPB,full_cross_league,NPB,岩田　慎司,2011,-0.6044385267838689,-0.49321543378258625,0.012370576416771967
lightgbm,MLB,NPB,full_cross_league,NPB,伊藤　準規,2011,-0.636937072875427,-0.4770341884799623,0.025568932437989342
lightgbm,MLB,NPB,full_cross_league,NPB,前田　健太,2011,0.890494593427793,1.3464084596593524,0.2078574534222082
lightgbm,MLB,NPB,full_cross_league,NPB,大竹　寛,2011,-0.0302975458330132,-0.5636881532466944,0.28450554007713574
lightgbm,MLB,NPB,full_cross_league,NPB,福井　優也,2011,-0.44194579632608,-0.4233782626784599,3.4475330575550435e-4
lightgbm,MLB,NPB,full_cross_league,NPB,篠田　純平,2011,-0.474444342417637,-0.014144456307405117,0.21187598515309244
lightgbm,MLB,NPB,full_cross_league,NPB,中村　恭平,2011,-0.626104224178241,-0.45422780381950467,0.029541503875333018
lightgbm,MLB,NPB,full_cross_league,NPB,中田　廉,2011,-0.6477699215726129,-0.5440028176364314,0.010767611859302292
lightgbm,MLB,NPB,full_cross_league,NPB,石川　雅規,2011,1.43213702828709,1.622416922722866,0.03620643822649005
lightgbm,MLB,NPB,full_cross_league,NPB,館山　昌平,2011,1.32380854131523,2.4291429801903295,1.2217642217633309
lightgbm,MLB,NPB,full_cross_league,NPB,村中　恭兵,2011,-0.24695451977673202,-0.3946645133891085,0.021818242212968304
lightgbm,MLB,NPB,full_cross_league,NPB,増渕　竜義,2011,-0.29028591456547603,-0.43436195895849067,0.020757906567937925
lightgbm,MLB,NPB,full_cross_league,NPB,赤川　克紀,2011,-0.5069428885091951,-0.42432468293990455,0.006825767891489554
lightgbm,MLB,NPB,full_cross_league,NPB,中澤　雅人,2011,-0.5340250102521601,-0.3305138901798527,0.04141677599308511
lightgbm,MLB,NPB,full_cross_league,NPB,七條　祐樹,2011,-0.561107131995125,-0.21585164442054577,0.1192013517003604
lightgbm,MLB,NPB,full_cross_league,NPB,山本　斉,2011,-0.626104224178241,-0.4822389173499901,0.02069722650878677
lightgbm,MLB,NPB,full_cross_league,NPB,山岸　穣,2011,-0.631520648526834,-0.465808748972427,0.02746043365392986
lightgbm,MLB,NPB,full_cross_league,NPB,攝津　正,2011,1.32380854131523,2.548474197731396,1.4998059700052382
lightgbm,MLB,NPB,full_cross_league,NPB,帆足　和幸,2011,0.45718064554035504,0.5125873953081963,0.0030699079198361783
lightgbm,MLB,NPB,full_cross_league,NPB,山田　大樹,2011,-0.409447250234522,-0.4647054367593726,0.0030534671780151797
lightgbm,MLB,NPB,full_cross_league,NPB,岩嵜　翔,2011,-0.5394414346007531,-0.4418032407786846,0.009533216892835816
lightgbm,MLB,NPB,full_cross_league,NPB,武田　勝,2011,1.1071515673715102,1.1689483068328645,0.003818837008054508
lightgbm,MLB,NPB,full_cross_league,NPB,斎藤　佑樹,2011,-0.409447250234522,-0.4025247455633232,4.792107092276941e-5
lightgbm,MLB,NPB,full_cross_league,NPB,八木　智哉,2011,-0.474444342417637,-0.2419455725184171,0.054055678004650394
lightgbm,MLB,NPB,full_cross_league,NPB,糸数　敬作,2011,-0.582772829389497,-0.20041082008596975,0.14620070615863068
lightgbm,MLB,NPB,full_cross_league,NPB,吉川　光夫,2011,-0.6152713754810549,-0.4885426636850412,0.016060166393477113
lightgbm,MLB,NPB,full_cross_league,NPB,矢貫　俊之,2011,-0.626104224178241,-0.11948648181716749,0.256661536875031
lightgbm,MLB,NPB,full_cross_league,NPB,中村　勝,2011,-0.6499364913120499,-0.4715984687886277,0.031804450277564636
lightgbm,MLB,NPB,full_cross_league,NPB,大塚　豊,2011,-0.6499364913120499,-0.45759682884627806,0.03699454575744704
lightgbm,MLB,NPB,full_cross_league,NPB,寺原　隼人,2011,0.186359428110706,1.1477668828302123,0.9243042939902397
lightgbm,MLB,NPB,full_cross_league,NPB,木佐貫　洋,2011,-0.192790276290803,-0.10428206607488226,0.007833703275625617
lightgbm,MLB,NPB,full_cross_league,NPB,中山　慎也,2011,-0.3011187632626621,0.5091483899096666,0.65653285950999
lightgbm,MLB,NPB,full_cross_league,NPB,近藤　一樹,2011,-0.3011187632626621,-0.07886004631196496,0.04939893726057012
lightgbm,MLB,NPB,full_cross_league,NPB,西　勇輝,2011,-0.409447250234522,-0.47767470250761906,0.004654985243677738
lightgbm,MLB,NPB,full_cross_league,NPB,田中　将大,2011,2.73207887194941,2.343897299039392,0.1506849335468956
lightgbm,MLB,NPB,full_cross_league,NPB,永井　怜,2011,-0.04113039453019911,-0.061341705327810546,4.0849708415764474e-4
lightgbm,MLB,NPB,full_cross_league,NPB,川島　亮,2011,-0.34445015805140594,-0.405992466703443,0.0037874557542225983
lightgbm,MLB,NPB,full_cross_league,NPB,塩見　貴洋,2011,-0.38778155284015,-0.41253167660792356,6.125686265201106e-4
lightgbm,MLB,NPB,full_cross_league,NPB,川井　貴志,2011,-0.5177757372063811,0.2257703326028174,0.5528607579287056
lightgbm,MLB,NPB,full_cross_league,NPB,長谷部　康平,2011,-0.5502742832979389,-0.40293708223186847,0.021708250817983672
lightgbm,MLB,NPB,full_cross_league,NPB,井坂　亮平,2011,-0.5556907076465322,-0.2952516689531456,0.06782849287553532
lightgbm,MLB,NPB,full_cross_league,NPB,下柳　剛,2011,-0.571939980692311,-0.1385263369276351,0.18784738660137337
lightgbm,MLB,NPB,full_cross_league,NPB,戸村　健次,2011,-0.5816895445197791,-0.38867801087953735,0.037253452118158156
lightgbm,MLB,NPB,full_cross_league,NPB,藤原　紘通,2011,-0.5936056780866831,-0.36734491998336816,0.051193930657486786
lightgbm,MLB,NPB,full_cross_league,NPB,菊池　保則,2011,-0.6672690492275478,-0.5528431803170797,0.013093279475915638
lightgbm,MLB,NPB,full_cross_league,NPB,涌井　秀章,2011,1.54046551525895,-0.05525690332360697,2.546330037166965
lightgbm,MLB,NPB,full_cross_league,NPB,石井　一久,2011,1.1071515673715102,0.46337756260055396,0.4144449692188352
lightgbm,MLB,NPB,full_cross_league,NPB,岸　孝之,2011,0.45718064554035504,0.3185280695350135,0.01922453683291701
lightgbm,MLB,NPB,full_cross_league,NPB,西口　文也,2011,0.34885215856849494,0.5378370425058391,0.03571528635681143
lightgbm,MLB,NPB,full_cross_league,NPB,菊池　雄星,2011,-0.5177757372063811,-0.6640215805055277,0.021387846682278538
lightgbm,MLB,NPB,full_cross_league,NPB,成瀬　善久,2011,0.6738376194840741,1.169482538773213,0.24566388601713712
lightgbm,MLB,NPB,full_cross_league,NPB,渡辺　俊介,2011,0.6305062246953299,0.5960388578147501,0.0011879993796804914
lightgbm,MLB,NPB,full_cross_league,NPB,小野　晋吾,2011,0.132195184624776,-0.08711034898252455,0.048094917070782825
lightgbm,MLB,NPB,full_cross_league,NPB,唐川　侑己,2011,-0.14404245715346606,-0.3374724573787773,0.03741516498716391
lightgbm,MLB,NPB,full_cross_league,NPB,大嶺　祐太,2011,-0.5502742832979389,-0.4724014390745688,0.006064179867437274
lightgbm,MLB,NPB,full_cross_league,NPB,上野　大樹,2011,-0.5502742832979389,-0.14757871256511287,0.1621637226878365
lightgbm,MLB,NPB,full_cross_league,NPB,小林　敦,2011,-0.571939980692311,-0.5262854792865677,0.002084333498607021
lightgbm,MLB,NPB,full_cross_league,NPB,光原　逸裕,2011,-0.636937072875427,-0.5308177288773673,0.011261315170578523
lightgbm,MLB,NPB,full_cross_league,NPB,阿部　和成,2011,-0.674852043315578,-0.5369240064532473,0.019024143352696452
lightgbm,MLB,NPB,full_cross_league,NPB,久保　康友,2012,0.565509132512215,-0.11898601015332172,0.4685336003327136
lightgbm,MLB,NPB,full_cross_league,NPB,能見　篤史,2012,0.565509132512215,3.060321359357323,6.224088047215847
lightgbm,MLB,NPB,full_cross_league,NPB,岩田　稔,2012,-0.10612748671331501,0.6592989377595391,0.5858776112812979
lightgbm,MLB,NPB,full_cross_league,NPB,安藤　優也,2012,-0.192790276290803,0.19432987690373332,0.14986201300936125
lightgbm,MLB,NPB,full_cross_league,NPB,二神　一人,2012,-0.626104224178241,-0.510475401780589,0.013370024569067733
lightgbm,MLB,NPB,full_cross_league,NPB,秋山　拓巳,2012,-0.626104224178241,-0.4703649742682822,0.024254713962516584
lightgbm,MLB,NPB,full_cross_league,NPB,岩本　輝,2012,-0.6477699215726129,-0.5742552802553508,0.005404402488005708
lightgbm,MLB,NPB,full_cross_league,NPB,歳内　宏明,2012,-0.6531863459212057,-0.42984023216629585,0.04988348652942114
lightgbm,MLB,NPB,full_cross_league,NPB,伊藤　和雄,2012,-0.6531863459212057,-0.5806395842689853,0.005263032626224077
lightgbm,MLB,NPB,full_cross_league,NPB,三浦　大輔,2012,1.21548005434337,0.8771474959402998,0.11446892007556683
lightgbm,MLB,NPB,full_cross_league,NPB,高崎　健太郎,2012,-0.138626032804873,0.7962997518345615,0.8740862227836623
lightgbm,MLB,NPB,full_cross_league,NPB,藤井　秀悟,2012,-0.33361730935422,0.1533071904106701,0.23709546847128846
lightgbm,MLB,NPB,full_cross_league,NPB,国吉　佑樹,2012,-0.5394414346007531,-0.400399897410929,0.019332549064109236
lightgbm,MLB,NPB,full_cross_league,NPB,加賀美　希昇,2012,-0.582772829389497,-0.33343687763613855,0.06216841683675311
lightgbm,MLB,NPB,full_cross_league,NPB,須田　幸太,2012,-0.5936056780866831,-0.3839044206720425,0.043974617361281346
lightgbm,MLB,NPB,full_cross_league,NPB,王　溢正,2012,-0.626104224178241,-0.42171875822234883,0.04177341869400714
lightgbm,MLB,NPB,full_cross_league,NPB,杉内　俊哉,2012,4.68199163744288,2.3936002689434304,5.236735055422783
lightgbm,MLB,NPB,full_cross_league,NPB,内海　哲也,2012,3.59870676772428,1.5096038773179346,4.364350886704147
lightgbm,MLB,NPB,full_cross_league,NPB,澤村　拓一,2012,-0.0302975458330132,-0.5268763777827696,0.24659053634058445
lightgbm,MLB,NPB,full_cross_league,NPB,小山　雄輝,2012,-0.5394414346007531,-0.5091070121788169,9.201771836724645e-4
lightgbm,MLB,NPB,full_cross_league,NPB,宮國　椋丞,2012,-0.561107131995125,-0.46972055737375434,0.008351506021027341
lightgbm,MLB,NPB,full_cross_league,NPB,笠原　将生,2012,-0.6434367820937389,-0.5041901097452328,0.019389635760132206
lightgbm,MLB,NPB,full_cross_league,NPB,吉見　一起,2012,2.40709341103383,0.7082285741354061,2.8861417340499083
lightgbm,MLB,NPB,full_cross_league,NPB,中田　賢一,2012,0.0238666976529166,0.4335714371853663,0.16785797359535243
lightgbm,MLB,NPB,full_cross_league,NPB,川上　憲伸,2012,-0.084461789318943,-0.08112256230893823,1.115043702434543e-5
lightgbm,MLB,NPB,full_cross_league,NPB,山本昌,2012,-0.084461789318943,0.22909709225505093,0.09831917221393395
lightgbm,MLB,NPB,full_cross_league,NPB,山内　壮馬,2012,-0.27945306586829005,0.004105033466028729,0.0804051956980914
lightgbm,MLB,NPB,full_cross_league,NPB,岩田　慎司,2012,-0.43111294762889407,-0.46459195109950957,0.0011208436733854846
lightgbm,MLB,NPB,full_cross_league,NPB,大野　雄大,2012,-0.544857858949346,-0.31343134352447954,0.05355823204169596
lightgbm,MLB,NPB,full_cross_league,NPB,伊藤　準規,2012,-0.626104224178241,-0.47816754091335173,0.02188526225541616
lightgbm,MLB,NPB,full_cross_league,NPB,小川　龍也,2012,-0.674852043315578,-0.46151251178782277,0.045513755712482076
lightgbm,MLB,NPB,full_cross_league,NPB,前田　健太,2012,1.54046551525895,0.15733997196310262,1.913036268517433
lightgbm,MLB,NPB,full_cross_league,NPB,大竹　寛,2012,0.34885215856849494,-0.021411275168737875,0.13709501036288618
lightgbm,MLB,NPB,full_cross_league,NPB,野村　祐輔,2012,-0.3011187632626621,-0.6008794840167566,0.08985648970701421
lightgbm,MLB,NPB,full_cross_league,NPB,福井　優也,2012,-0.474444342417637,-0.48015468882203466,3.2608056058217276e-5
lightgbm,MLB,NPB,full_cross_league,NPB,篠田　純平,2012,-0.528608585903567,-0.4164189951607011,0.012586504271051738
lightgbm,MLB,NPB,full_cross_league,NPB,今井　啓介,2012,-0.5394414346007531,-0.5487987032254424,8.755847611459534e-5
lightgbm,MLB,NPB,full_cross_league,NPB,齊藤　悠葵,2012,-0.571939980692311,-0.5218617082185599,0.0025078333739552545
lightgbm,MLB,NPB,full_cross_league,NPB,戸田　隆矢,2012,-0.674852043315578,-0.5118007258678873,0.026585732121427622
lightgbm,MLB,NPB,full_cross_league,NPB,石川　雅規,2012,1.43213702828709,0.3587171124310152,1.1522303157564628
lightgbm,MLB,NPB,full_cross_league,NPB,館山　昌平,2012,1.32380854131523,1.0112191090088916,0.09771215318959899
lightgbm,MLB,NPB,full_cross_league,NPB,村中　恭兵,2012,-0.0302975458330132,0.08675730192228846,0.013701837383016849
lightgbm,MLB,NPB,full_cross_league,NPB,赤川　克紀,2012,-0.3011187632626621,-0.5323961288422647,0.05348921982944115
lightgbm,MLB,NPB,full_cross_league,NPB,中澤　雅人,2012,-0.5556907076465322,-0.27382391232569075,0.0794488903044411
lightgbm,MLB,NPB,full_cross_league,NPB,七條　祐樹,2012,-0.571939980692311,-0.4053039582228954,0.027767563984427583
lightgbm,MLB,NPB,full_cross_league,NPB,八木　亮祐,2012,-0.6586027702697991,-0.3597289397080534,0.08932556659465105
lightgbm,MLB,NPB,full_cross_league,NPB,攝津　正,2012,2.40709341103383,2.4096763993463908,6.671828622826647e-6
lightgbm,MLB,NPB,full_cross_league,NPB,帆足　和幸,2012,0.45718064554035504,-0.3565793607548237,0.6622053478455293
lightgbm,MLB,NPB,full_cross_league,NPB,寺原　隼人,2012,0.186359428110706,0.5070853200448372,0.10286509775694401
lightgbm,MLB,NPB,full_cross_league,NPB,大隣　憲司,2012,-0.0519632432273851,1.493394493222367,2.3881305336051017
lightgbm,MLB,NPB,full_cross_league,NPB,山本　省吾,2012,-0.138626032804873,-0.28975757433525723,0.02284074284535025
lightgbm,MLB,NPB,full_cross_league,NPB,新垣　渚,2012,-0.27945306586829005,-0.08348031272503598,0.0384053199745468
lightgbm,MLB,NPB,full_cross_league,NPB,山田　大樹,2012,-0.3011187632626621,-0.30853407923104276,5.498691091092078e-5
lightgbm,MLB,NPB,full_cross_league,NPB,陽　耀勲,2012,-0.3552830067485919,1.4704257296294247,3.3332123900870143
lightgbm,MLB,NPB,full_cross_league,NPB,岩嵜　翔,2012,-0.43111294762889407,-0.4468668226637044,2.481845786124208e-4
lightgbm,MLB,NPB,full_cross_league,NPB,武田　翔太,2012,-0.5177757372063811,-0.6433613423943777,0.015771744230435345
lightgbm,MLB,NPB,full_cross_league,NPB,大場　翔太,2012,-0.561107131995125,-0.35264250997369606,0.04345749863453722
lightgbm,MLB,NPB,full_cross_league,NPB,千賀　滉大,2012,-0.664019194618392,-0.5112878094482742,0.023326876015982864
lightgbm,MLB,NPB,full_cross_league,NPB,武田　勝,2012,1.43213702828709,1.6673131312275697,0.05530779939427113
lightgbm,MLB,NPB,full_cross_league,NPB,吉川　光夫,2012,0.0238666976529166,0.24980759758072071,0.051049290260185995
lightgbm,MLB,NPB,full_cross_league,NPB,木佐貫　洋,2012,-0.06279609192457111,-0.08013900023515622,3.0077646866936183e-4
lightgbm,MLB,NPB,full_cross_league,NPB,多田野　数人,2012,-0.32278446065703403,0.1319718683151036,0.20680331874021507
lightgbm,MLB,NPB,full_cross_league,NPB,斎藤　佑樹,2012,-0.3552830067485919,-0.406868208508635,0.002661033040624349
lightgbm,MLB,NPB,full_cross_league,NPB,中村　勝,2012,-0.5881892537380901,-0.4290722134480043,0.02531823251067678
lightgbm,MLB,NPB,full_cross_league,NPB,井川　慶,2012,0.34885215856849494,-0.2685417733974908,0.3811752672284203
lightgbm,MLB,NPB,full_cross_league,NPB,東野　峻,2012,-0.0302975458330132,-0.48779826312581215,0.20930690632342555
lightgbm,MLB,NPB,full_cross_league,NPB,西　勇輝,2012,-0.23612167107954596,-0.5296273599132236,0.08614558937773162
lightgbm,MLB,NPB,full_cross_league,NPB,近藤　一樹,2012,-0.398614401537336,-0.3476850431637029,0.0025937995443499526
lightgbm,MLB,NPB,full_cross_league,NPB,八木　智哉,2012,-0.474444342417637,-0.04819261656100295,0.1816905337957591
lightgbm,MLB,NPB,full_cross_league,NPB,前田　祐二,2012,-0.6044385267838689,-0.29979771251590115,0.09280602571785042
lightgbm,MLB,NPB,full_cross_league,NPB,田中　将大,2012,3.59870676772428,-0.2525948275145745,14.832523977489345
lightgbm,MLB,NPB,full_cross_league,NPB,永井　怜,2012,-0.20362312498798898,-0.3160454907381613,0.012638788320865516
lightgbm,MLB,NPB,full_cross_league,NPB,美馬　学,2012,-0.398614401537336,-0.07800721005356906,0.10278897123110879
lightgbm,MLB,NPB,full_cross_league,NPB,塩見　貴洋,2012,-0.42028009893170803,-0.5043777501943301,0.007072414947889593
lightgbm,MLB,NPB,full_cross_league,NPB,辛島　航,2012,-0.496110039812009,-0.48528950395910836,1.1708399614390859e-4
lightgbm,MLB,NPB,full_cross_league,NPB,川井　貴志,2012,-0.5177757372063811,-0.22401275218148373,0.08629669137073809
lightgbm,MLB,NPB,full_cross_league,NPB,釜田　佳直,2012,-0.5177757372063811,-0.4173575251251013,0.010083817317600894
lightgbm,MLB,NPB,full_cross_league,NPB,上園　啓史,2012,-0.571939980692311,-0.4481028210169651,0.015335642116457122
lightgbm,MLB,NPB,full_cross_league,NPB,戸村　健次,2012,-0.571939980692311,-0.3677231773623288,0.04170450276231663
lightgbm,MLB,NPB,full_cross_league,NPB,菊池　保則,2012,-0.6564362005303619,-0.39622411705810445,0.06771032838497307
lightgbm,MLB,NPB,full_cross_league,NPB,石井　一久,2012,1.32380854131523,0.5014391915797637,0.6762913473843338
lightgbm,MLB,NPB,full_cross_league,NPB,岸　孝之,2012,0.890494593427793,2.5535406658343764,2.765722238946963
lightgbm,MLB,NPB,full_cross_league,NPB,西口　文也,2012,0.0238666976529166,0.5766021603955074,0.30551649177326595
lightgbm,MLB,NPB,full_cross_league,NPB,牧田　和久,2012,-0.008631848438641248,0.9242215557171686,0.8702154736450828
lightgbm,MLB,NPB,full_cross_league,NPB,野上　亮磨,2012,-0.43111294762889407,-0.027565149777554296,0.1628508251506658
lightgbm,MLB,NPB,full_cross_league,NPB,菊池　雄星,2012,-0.4852771911148231,-0.47154603640873655,1.885446095624827e-4
lightgbm,MLB,NPB,full_cross_league,NPB,平野　将光,2012,-0.6152713754810549,-0.18987532561515724,0.18096179924150932
lightgbm,MLB,NPB,full_cross_league,NPB,岡本　洋介,2012,-0.6477699215726129,-0.3314367002173281,0.10006670693301165
lightgbm,MLB,NPB,full_cross_league,NPB,山本　淳,2012,-0.6586027702697991,-0.432315428936977,0.051205960847477125
lightgbm,MLB,NPB,full_cross_league,NPB,成瀬　善久,2012,0.998823080399653,0.8660864623180072,0.017619009779752677
lightgbm,MLB,NPB,full_cross_league,NPB,小野　晋吾,2012,0.132195184624776,0.5384041110972067,0.1650056919458846
lightgbm,MLB,NPB,full_cross_league,NPB,渡辺　俊介,2012,0.132195184624776,0.17617641337064477,0.0019343484819964332
lightgbm,MLB,NPB,full_cross_league,NPB,唐川　侑己,2012,-0.14404245715346606,-0.46393581399363465,0.10233175975047146
lightgbm,MLB,NPB,full_cross_league,NPB,吉見　祐治,2012,-0.45277864502326604,-0.5020907251639326,0.0024316812477995224
lightgbm,MLB,NPB,full_cross_league,NPB,藤岡　貴裕,2012,-0.5069428885091951,-0.4601676713753867,0.002187920937914922
lightgbm,MLB,NPB,full_cross_league,NPB,上野　大樹,2012,-0.5502742832979389,-0.3374343244562483,0.04530084807973255
lightgbm,MLB,NPB,full_cross_league,NPB,香月　良仁,2012,-0.636937072875427,-0.431179366125262,0.042336233887086905
lightgbm,MLB,NPB,full_cross_league,NPB,阿部　和成,2012,-0.6586027702697991,-0.5240361464262248,0.018108176252658023
lightgbm,MLB,NPB,full_cross_league,NPB,能見　篤史,2013,0.890494593427793,1.8040976302328566,0.8346705088594344
lightgbm,MLB,NPB,full_cross_league,NPB,岩田　稔,2013,-0.23612167107954596,-0.2904573886796738,0.0029523702071208423
lightgbm,MLB,NPB,full_cross_league,NPB,藤浪　晋太郎,2013,-0.24695451977673202,-0.5792422156538037,0.11041511283129332
lightgbm,MLB,NPB,full_cross_league,NPB,榎田　大樹,2013,-0.29028591456547603,-0.2216695211109041,0.004708209450712622
lightgbm,MLB,NPB,full_cross_league,NPB,吉見　祐治,2013,-0.571939980692311,-0.23151985541435544,0.11588586169425896
lightgbm,MLB,NPB,full_cross_league,NPB,秋山　拓巳,2013,-0.6044385267838689,-0.5039916612928853,0.01008957278696375
lightgbm,MLB,NPB,full_cross_league,NPB,小嶋　達也,2013,-0.6152713754810549,-0.401315750953887,0.04577700926681046
lightgbm,MLB,NPB,full_cross_league,NPB,白仁田　寛和,2013,-0.6531863459212057,-0.28737764687937734,0.13381600429467497
lightgbm,MLB,NPB,full_cross_league,NPB,岩本　輝,2013,-0.6586027702697991,-0.49609125694849276,0.026409991961981117
lightgbm,MLB,NPB,full_cross_league,NPB,三浦　大輔,2013,1.21548005434337,1.2601904599655556,0.0019990203709003697
lightgbm,MLB,NPB,full_cross_league,NPB,藤井　秀悟,2013,-0.29028591456547603,0.22631976301739373,0.266881426110856
lightgbm,MLB,NPB,full_cross_league,NPB,三嶋　一輝,2013,-0.44194579632608,-0.44614204573831845,1.7608509129711543e-5
lightgbm,MLB,NPB,full_cross_league,NPB,須田　幸太,2013,-0.5502742832979389,-0.3879119189503689,0.02636153735653307
lightgbm,MLB,NPB,full_cross_league,NPB,井納　翔一,2013,-0.5556907076465322,-0.2258673229541957,0.10878346508990897
lightgbm,MLB,NPB,full_cross_league,NPB,国吉　佑樹,2013,-0.571939980692311,-0.5054764536261873,0.004417400430069355
lightgbm,MLB,NPB,full_cross_league,NPB,加賀美　希昇,2013,-0.599022102435276,-0.4380249640334243,0.02592007857358499
lightgbm,MLB,NPB,full_cross_league,NPB,小杉　陽太,2013,-0.626104224178241,-0.3087380886826796,0.10072126395938702
lightgbm,MLB,NPB,full_cross_league,NPB,杉内　俊哉,2013,4.68199163744288,1.615860417182617,9.401160659854689
lightgbm,MLB,NPB,full_cross_league,NPB,内海　哲也,2013,3.59870676772428,0.9387139327826383,7.075561881940874
lightgbm,MLB,NPB,full_cross_league,NPB,大竹　寛,2013,0.34885215856849494,0.47915529181146427,0.016978906532935018
lightgbm,MLB,NPB,full_cross_league,NPB,菅野　智之,2013,0.0238666976529166,-0.23008555936193095,0.06449174884293518
lightgbm,MLB,NPB,full_cross_league,NPB,澤村　拓一,2013,-0.084461789318943,-0.35373317815614014,0.07250708084631302
lightgbm,MLB,NPB,full_cross_league,NPB,小山　雄輝,2013,-0.5394414346007531,-0.47081358984692123,0.00470978107555605
lightgbm,MLB,NPB,full_cross_league,NPB,宮國　椋丞,2013,-0.561107131995125,-0.5062207798588525,0.003012511650826901
lightgbm,MLB,NPB,full_cross_league,NPB,阿南　徹,2013,-0.6152713754810549,-0.32333605640385554,0.08522623052470621
lightgbm,MLB,NPB,full_cross_league,NPB,今村　信貴,2013,-0.636937072875427,-0.4564977782253449,0.032558339053819156
lightgbm,MLB,NPB,full_cross_league,NPB,吉見　一起,2013,1.1504829621602604,-0.13514425881004888,1.6528373512998404
lightgbm,MLB,NPB,full_cross_league,NPB,山井　大介,2013,-0.084461789318943,0.04608535204674201,0.017042556118752147
lightgbm,MLB,NPB,full_cross_league,NPB,山本昌,2013,-0.3011187632626621,0.06824209192617278,0.13642744134582746
lightgbm,MLB,NPB,full_cross_league,NPB,川上　憲伸,2013,-0.409447250234522,-0.0969585994583505,0.09764915686391207
lightgbm,MLB,NPB,full_cross_league,NPB,大野　雄大,2013,-0.43111294762889407,-0.08948716954018737,0.11670817225471428
lightgbm,MLB,NPB,full_cross_league,NPB,山内　壮馬,2013,-0.5177757372063811,-0.4138004355487293,0.010810863354799697
lightgbm,MLB,NPB,full_cross_league,NPB,朝倉　健太,2013,-0.5394414346007531,-0.4294974120017796,0.012087688105243598
lightgbm,MLB,NPB,full_cross_league,NPB,岩田　慎司,2013,-0.571939980692311,-0.47374380631949,0.009642488661457472
lightgbm,MLB,NPB,full_cross_league,NPB,西川　健太郎,2013,-0.651019776181769,-0.5264106254141085,0.01552744045503753
lightgbm,MLB,NPB,full_cross_league,NPB,小川　龍也,2013,-0.682435037403608,-0.5094783355590442,0.029914020712949338
lightgbm,MLB,NPB,full_cross_league,NPB,前田　健太,2013,2.2987649240619703,-0.3552872507428526,7.0439929465862114
lightgbm,MLB,NPB,full_cross_league,NPB,野村　祐輔,2013,-0.084461789318943,-0.2609199864145915,0.03113749532224674
lightgbm,MLB,NPB,full_cross_league,NPB,篠田　純平,2013,-0.571939980692311,-0.4993591746065721,0.005267973412055635
lightgbm,MLB,NPB,full_cross_league,NPB,中村　恭平,2013,-0.6152713754810549,-0.4892894921326235,0.01587143493201778
lightgbm,MLB,NPB,full_cross_league,NPB,武内　久士,2013,-0.652103061051487,-0.6624532935931813,1.0712731366714797e-4
lightgbm,MLB,NPB,full_cross_league,NPB,戸田　隆矢,2013,-0.674852043315578,-0.5297819955962803,0.02104531874527933
lightgbm,MLB,NPB,full_cross_league,NPB,石川　雅規,2013,1.21548005434337,0.2607383090637507,0.9115318001795732
lightgbm,MLB,NPB,full_cross_league,NPB,館山　昌平,2013,0.890494593427793,-0.24303725947613367,1.2848944615478093
lightgbm,MLB,NPB,full_cross_league,NPB,小川　泰弘,2013,-0.12779318410768703,-0.2283888809549285,0.01011949422418211
lightgbm,MLB,NPB,full_cross_league,NPB,村中　恭兵,2013,-0.16029173019924503,-0.2552550219358459,0.009018026777450772
lightgbm,MLB,NPB,full_cross_league,NPB,新垣　渚,2013,-0.37694870414296405,-0.3214137079059765,0.003084135807042221
lightgbm,MLB,NPB,full_cross_league,NPB,赤川　克紀,2013,-0.398614401537336,-0.49457009592981,0.009207495286341861
lightgbm,MLB,NPB,full_cross_league,NPB,八木　亮祐,2013,-0.4852771911148231,-0.34850184687730823,0.01870749479129069
lightgbm,MLB,NPB,full_cross_league,NPB,中澤　雅人,2013,-0.582772829389497,-0.3756082089970483,0.042917179942347394
lightgbm,MLB,NPB,full_cross_league,NPB,古野　正人,2013,-0.6304373636571149,-0.4157562830672631,0.04608796636322644
lightgbm,MLB,NPB,full_cross_league,NPB,徳山　武陽,2013,-0.6694356189669849,-0.5119524944040563,0.024800934522102875
lightgbm,MLB,NPB,full_cross_league,NPB,攝津　正,2013,3.59870676772428,2.5995769551577808,0.9982603823591681
lightgbm,MLB,NPB,full_cross_league,NPB,寺原　隼人,2013,0.186359428110706,-0.30173910547457966,0.23824017848810622
lightgbm,MLB,NPB,full_cross_league,NPB,大隣　憲司,2013,-0.084461789318943,-0.3178935946207784,0.05449040772647398
lightgbm,MLB,NPB,full_cross_league,NPB,帆足　和幸,2013,-0.138626032804873,0.27547623317728176,0.17148068669155525
lightgbm,MLB,NPB,full_cross_league,NPB,山田　大樹,2013,-0.409447250234522,-0.32827290032059786,0.006589275083948196
lightgbm,MLB,NPB,full_cross_league,NPB,武田　翔太,2013,-0.523192161554974,-0.511720378016608,1.316018175511246e-4
lightgbm,MLB,NPB,full_cross_league,NPB,大場　翔太,2013,-0.561107131995125,-0.40684942392155465,0.02379544050011084
lightgbm,MLB,NPB,full_cross_league,NPB,東浜　巨,2013,-0.582772829389497,-0.41794922413723246,0.02716682084835434
lightgbm,MLB,NPB,full_cross_league,NPB,巽　真悟,2013,-0.636937072875427,-0.4177772826073614,0.048031013670342494
lightgbm,MLB,NPB,full_cross_league,NPB,武田　勝,2013,1.1071515673715102,0.6375078218856545,0.22056524767398325
lightgbm,MLB,NPB,full_cross_league,NPB,木佐貫　洋,2013,0.15386088201914802,0.01065147325733233,0.020508934757908815
lightgbm,MLB,NPB,full_cross_league,NPB,吉川　光夫,2013,0.0238666976529166,-0.06329229112267648,0.007596689324383961
lightgbm,MLB,NPB,full_cross_league,NPB,大谷　翔平,2013,-0.409447250234522,-0.46653707128358424,0.00325924766741395
lightgbm,MLB,NPB,full_cross_league,NPB,多田野　数人,2013,-0.409447250234522,-0.16109144037215162,0.06168060829239387
lightgbm,MLB,NPB,full_cross_league,NPB,斎藤　佑樹,2013,-0.43111294762889407,-0.47312433847857754,0.001764956961124868
lightgbm,MLB,NPB,full_cross_league,NPB,中村　勝,2013,-0.5936056780866831,-0.536629353706513,0.003246301539874364
lightgbm,MLB,NPB,full_cross_league,NPB,新垣　勇人,2013,-0.645061709398316,-0.07407038773305957,0.32603108941703635
lightgbm,MLB,NPB,full_cross_league,NPB,井川　慶,2013,-0.084461789318943,0.460991578461084,0.2975193764225735
lightgbm,MLB,NPB,full_cross_league,NPB,西　勇輝,2013,-0.138626032804873,-0.36279357926772504,0.05025108888717492
lightgbm,MLB,NPB,full_cross_league,NPB,東野　峻,2013,-0.20362312498798898,-0.3766566366667447,0.029940596163882092
lightgbm,MLB,NPB,full_cross_league,NPB,八木　智哉,2013,-0.5394414346007531,-0.2863361628700722,0.06406227857786183
lightgbm,MLB,NPB,full_cross_league,NPB,前田　祐二,2013,-0.5394414346007531,-0.2928233526710846,0.060820478334668686
lightgbm,MLB,NPB,full_cross_league,NPB,松葉　貴大,2013,-0.5394414346007531,-0.5083042313940235,9.695254235371744e-4
lightgbm,MLB,NPB,full_cross_league,NPB,則本　昂大,2013,-0.084461789318943,-0.6386158202979283,0.3070866900502582
lightgbm,MLB,NPB,full_cross_league,NPB,美馬　学,2013,-0.3011187632626621,-0.037625193733411014,0.0694288611832663
lightgbm,MLB,NPB,full_cross_league,NPB,永井　怜,2013,-0.33361730935422,-0.1963873141297439,0.01883207158930974
lightgbm,MLB,NPB,full_cross_league,NPB,辛島　航,2013,-0.5069428885091951,-0.4825709568664641,5.939910519979523e-4
lightgbm,MLB,NPB,full_cross_league,NPB,川井　貴志,2013,-0.528608585903567,0.02508685758367854,0.3065786441385375
lightgbm,MLB,NPB,full_cross_league,NPB,戸村　健次,2013,-0.5394414346007531,-0.2919687758548617,0.06124271682676043
lightgbm,MLB,NPB,full_cross_league,NPB,岸　孝之,2013,1.43213702828709,2.1615237942251353,0.5320050543255609
lightgbm,MLB,NPB,full_cross_league,NPB,牧田　和久,2013,0.132195184624776,0.8167861511761183,0.4686647914837011
lightgbm,MLB,NPB,full_cross_league,NPB,野上　亮磨,2013,-0.21445597368517402,-0.15876935714368579,0.0031009992618387513
lightgbm,MLB,NPB,full_cross_league,NPB,十亀　剣,2013,-0.257787368473918,-0.19189361822156348,0.004341986322319668
lightgbm,MLB,NPB,full_cross_league,NPB,菊池　雄星,2013,-0.3011187632626621,-0.34360851171347145,0.0018053787234130537
lightgbm,MLB,NPB,full_cross_league,NPB,西口　文也,2013,-0.3552830067485919,-0.08722074534809038,0.07185737598715082
lightgbm,MLB,NPB,full_cross_league,NPB,成瀬　善久,2013,0.825497501244678,0.1108500989166484,0.5107209096542006
lightgbm,MLB,NPB,full_cross_league,NPB,唐川　侑己,2013,-0.02596440635413881,-0.2399917671308623,0.045807711161049744
lightgbm,MLB,NPB,full_cross_league,NPB,大谷　智久,2013,-0.401864256146492,-0.41096225172247436,8.277352350059428e-5
lightgbm,MLB,NPB,full_cross_league,NPB,古谷　拓哉,2013,-0.409447250234522,0.4715232749161006,0.7761090661841638
lightgbm,MLB,NPB,full_cross_league,NPB,西野　勇士,2013,-0.448445505544391,-0.4631923936767273,2.1747070958764186e-4
lightgbm,MLB,NPB,full_cross_league,NPB,大嶺　祐太,2013,-0.5676068412134371,-0.3267914577890555,0.057992048893831916
lightgbm,MLB,NPB,full_cross_league,NPB,阿部　和成,2013,-0.644520066963457,-0.4958134232892054,0.022113665872860826
lightgbm,MLB,NPB,full_cross_league,NPB,能見　篤史,2014,0.7821661064559338,1.6436990351420513,0.7422389872104789
lightgbm,MLB,NPB,full_cross_league,NPB,藤浪　晋太郎,2014,0.186359428110706,-0.5628004965674317,0.561240592743753
lightgbm,MLB,NPB,full_cross_league,NPB,岩田　稔,2014,-0.084461789318943,0.6001127416413339,0.4686422884394831
lightgbm,MLB,NPB,full_cross_league,NPB,岩貞　祐太,2014,-0.5556907076465322,-0.5064370120759591,0.002425926527358684
lightgbm,MLB,NPB,full_cross_league,NPB,岩崎　優,2014,-0.571939980692311,-0.4224664316651206,0.022342341858783893
lightgbm,MLB,NPB,full_cross_league,NPB,秋山　拓巳,2014,-0.626104224178241,-0.46128791933770597,0.027164414341288162
lightgbm,MLB,NPB,full_cross_league,NPB,三浦　大輔,2014,0.728001862970004,0.20523766244686562,0.2732824093485961
lightgbm,MLB,NPB,full_cross_league,NPB,久保　康友,2014,0.565509132512215,0.49519418266705184,0.004944192171727813
lightgbm,MLB,NPB,full_cross_league,NPB,山口　俊,2014,0.21885797420226402,0.016475842347528268,0.04095852729406765
lightgbm,MLB,NPB,full_cross_league,NPB,高崎　健太郎,2014,-0.3119516119598481,-0.4126247548806823,0.010135081705558706
lightgbm,MLB,NPB,full_cross_league,NPB,井納　翔一,2014,-0.3119516119598481,0.22169764265869216,0.28478152695492365
lightgbm,MLB,NPB,full_cross_league,NPB,三嶋　一輝,2014,-0.5069428885091951,-0.44288693801958273,0.004103164793127672
lightgbm,MLB,NPB,full_cross_league,NPB,加賀美　希昇,2014,-0.626104224178241,-0.4735374677038865,0.023276615181104982
lightgbm,MLB,NPB,full_cross_league,NPB,杉内　俊哉,2014,4.68199163744288,2.564555983546592,4.483533748391199
lightgbm,MLB,NPB,full_cross_league,NPB,内海　哲也,2014,3.59870676772428,0.6744034878087919,8.551549672924482
lightgbm,MLB,NPB,full_cross_league,NPB,菅野　智之,2014,0.45718064554035504,-0.1868066470759811,0.41471963305131854
lightgbm,MLB,NPB,full_cross_league,NPB,大竹　寛,2014,0.34885215856849494,0.09960540455226528,0.06212394438762689
lightgbm,MLB,NPB,full_cross_league,NPB,澤村　拓一,2014,-0.21445597368517402,-0.21222277180523677,4.987190636555277e-6
lightgbm,MLB,NPB,full_cross_league,NPB,小山　雄輝,2014,-0.3552830067485919,-0.1919602971890213,0.02667430745787986
lightgbm,MLB,NPB,full_cross_league,NPB,宮國　椋丞,2014,-0.6044385267838689,-0.5068987229370976,0.009514013334466621
lightgbm,MLB,NPB,full_cross_league,NPB,山井　大介,2014,0.565509132512215,0.6284578334939688,0.003962538955290247
lightgbm,MLB,NPB,full_cross_league,NPB,吉見　一起,2014,0.396516692836114,-0.17650433320829217,0.328353096288984
lightgbm,MLB,NPB,full_cross_league,NPB,大野　雄大,2014,-0.24695451977673202,-0.022177821625920448,0.050524564031581065
lightgbm,MLB,NPB,full_cross_league,NPB,川上　憲伸,2014,-0.3011187632626621,0.20301153341336453,0.2541473560266586
lightgbm,MLB,NPB,full_cross_league,NPB,山本昌,2014,-0.3011187632626621,0.3291134642580667,0.3971926606057397
lightgbm,MLB,NPB,full_cross_league,NPB,朝倉　健太,2014,-0.4636114937204521,-0.37021711417940983,0.008722510129856248
lightgbm,MLB,NPB,full_cross_league,NPB,濱田　達郎,2014,-0.5502742832979389,-0.4539615001094577,0.009276152205511395
lightgbm,MLB,NPB,full_cross_league,NPB,山内　壮馬,2014,-0.571939980692311,-0.5346476073735247,0.0013907211077477258
lightgbm,MLB,NPB,full_cross_league,NPB,伊藤　準規,2014,-0.636937072875427,-0.5022610439931527,0.01813763275549917
lightgbm,MLB,NPB,full_cross_league,NPB,前田　健太,2014,2.51542189800569,0.7261120923596354,3.2016295805811223
lightgbm,MLB,NPB,full_cross_league,NPB,野村　祐輔,2014,-0.10612748671331501,-0.16200267620475134,0.0031220368007039167
lightgbm,MLB,NPB,full_cross_league,NPB,大瀬良　大地,2014,-0.3552830067485919,-0.39275505243587766,0.0014041542079900296
lightgbm,MLB,NPB,full_cross_league,NPB,福井　優也,2014,-0.496110039812009,-0.3677642077804055,0.016472652599884577
lightgbm,MLB,NPB,full_cross_league,NPB,九里　亜蓮,2014,-0.561107131995125,-0.4426479395459724,0.014032580275705357
lightgbm,MLB,NPB,full_cross_league,NPB,篠田　純平,2014,-0.571939980692311,-0.26378057294102775,0.09496222058562165
lightgbm,MLB,NPB,full_cross_league,NPB,成瀬　善久,2014,1.43213702828709,-0.07483494800528745,2.270964537330554
lightgbm,MLB,NPB,full_cross_league,NPB,石川　雅規,2014,1.21548005434337,0.15397579346814314,1.1267912958562614
lightgbm,MLB,NPB,full_cross_league,NPB,小川　泰弘,2014,-0.0302975458330132,-0.37760487319386105,0.12062237963853513
lightgbm,MLB,NPB,full_cross_league,NPB,村中　恭兵,2014,-0.3011187632626621,-0.3544637032865854,0.0028456826261559695
lightgbm,MLB,NPB,full_cross_league,NPB,八木　亮祐,2014,-0.45277864502326604,-0.434995456172475,3.1624180570289924e-4
lightgbm,MLB,NPB,full_cross_league,NPB,新垣　渚,2014,-0.45277864502326604,-0.2306484327015268,0.04934183122610095
lightgbm,MLB,NPB,full_cross_league,NPB,木谷　良平,2014,-0.5524408530373761,-0.4906239240434789,0.0038213327102365325
lightgbm,MLB,NPB,full_cross_league,NPB,杉浦　稔大,2014,-0.561107131995125,-0.4108522237187667,0.02257653746113684
lightgbm,MLB,NPB,full_cross_league,NPB,古野　正人,2014,-0.587105968868372,-0.374059928097885,0.04538861548797998
lightgbm,MLB,NPB,full_cross_league,NPB,攝津　正,2014,3.59870676772428,0.787907943799539,7.9005900285767074
lightgbm,MLB,NPB,full_cross_league,NPB,中田　賢一,2014,0.2946879150825661,0.7443740250635927,0.202217597509868
lightgbm,MLB,NPB,full_cross_league,NPB,大隣　憲司,2014,0.0563652437444745,-0.025023513746725182,0.006624129845961313
lightgbm,MLB,NPB,full_cross_league,NPB,帆足　和幸,2014,-0.138626032804873,0.25275419195760696,0.15317848033512935
lightgbm,MLB,NPB,full_cross_league,NPB,寺原　隼人,2014,-0.24695451977673202,-0.4216750418919443,0.03052726084821239
lightgbm,MLB,NPB,full_cross_league,NPB,岩嵜　翔,2014,-0.257787368473918,-0.4558147229380148,0.03921483311604904
lightgbm,MLB,NPB,full_cross_league,NPB,武田　翔太,2014,-0.45277864502326604,-0.5069824615417909,0.0029380537251739135
lightgbm,MLB,NPB,full_cross_league,NPB,山田　大樹,2014,-0.49069361546341594,-0.4210280231416592,0.0048532947535412105
lightgbm,MLB,NPB,full_cross_league,NPB,飯田　優也,2014,-0.5394414346007531,-0.34210604613247136,0.038941255541927663
lightgbm,MLB,NPB,full_cross_league,NPB,東浜　巨,2014,-0.5502742832979389,-0.5003186921906861,0.0024955610828750335
lightgbm,MLB,NPB,full_cross_league,NPB,大場　翔太,2014,-0.6044385267838689,-0.6214897904943785,2.907455941253409e-4
lightgbm,MLB,NPB,full_cross_league,NPB,大谷　翔平,2014,0.34885215856849494,-0.20294918870014747,0.30448472684748884
lightgbm,MLB,NPB,full_cross_league,NPB,木佐貫　洋,2014,-0.0302975458330132,-0.02292446168265513,5.4362369888261356e-5
lightgbm,MLB,NPB,full_cross_league,NPB,吉川　光夫,2014,-0.084461789318943,-0.2675458931595345,0.03351978907911248
lightgbm,MLB,NPB,full_cross_league,NPB,中村　勝,2014,-0.45277864502326604,-0.4817901552641884,8.416677264591428e-4
lightgbm,MLB,NPB,full_cross_league,NPB,斎藤　佑樹,2014,-0.4636114937204521,-0.4210515266151129,0.0018113508000075513
lightgbm,MLB,NPB,full_cross_league,NPB,浦野　博司,2014,-0.474444342417637,-0.419443361869815,0.003025107861221893
lightgbm,MLB,NPB,full_cross_league,NPB,上沢　直之,2014,-0.4852771911148231,-0.2934610156430881,0.03679344517260344
lightgbm,MLB,NPB,full_cross_league,NPB,新垣　勇人,2014,-0.6461449942680351,-0.25876074117261955,0.15006655954629294
lightgbm,MLB,NPB,full_cross_league,NPB,西　勇輝,2014,0.2946879150825661,-0.09036444650262496,0.14826532116233274
lightgbm,MLB,NPB,full_cross_league,NPB,井川　慶,2014,-0.21445597368517402,0.6122430034777343,0.6834311988421988
lightgbm,MLB,NPB,full_cross_league,NPB,松葉　貴大,2014,-0.3552830067485919,-0.4347437550075559,0.006314010513874448
lightgbm,MLB,NPB,full_cross_league,NPB,東明　大貴,2014,-0.496110039812009,-0.5277280592304356,9.996991519440031e-4
lightgbm,MLB,NPB,full_cross_league,NPB,吉田　一将,2014,-0.5069428885091951,-0.46578779913161933,0.001693741381676251
lightgbm,MLB,NPB,full_cross_league,NPB,近藤　一樹,2014,-0.5936056780866831,0.05271245067088799,0.41772712356068825
lightgbm,MLB,NPB,full_cross_league,NPB,則本　昂大,2014,0.565509132512215,0.594648698561423,8.491143095361542e-4
lightgbm,MLB,NPB,full_cross_league,NPB,辛島　航,2014,-0.27945306586829005,-0.16443869527115498,0.013228305443855127
lightgbm,MLB,NPB,full_cross_league,NPB,美馬　学,2014,-0.33361730935422,-0.05404121132109959,0.07816279459142497
lightgbm,MLB,NPB,full_cross_league,NPB,塩見　貴洋,2014,-0.409447250234522,-0.38947950442049645,3.987108728935349e-4
lightgbm,MLB,NPB,full_cross_league,NPB,松井　裕樹,2014,-0.4636114937204521,-0.43574092218516036,7.767687577038125e-4
lightgbm,MLB,NPB,full_cross_league,NPB,川井　貴志,2014,-0.5394414346007531,0.10323261981957324,0.41302994022506057
lightgbm,MLB,NPB,full_cross_league,NPB,菊池　保則,2014,-0.6044385267838689,-0.546380887035732,0.0033706895331244496
lightgbm,MLB,NPB,full_cross_league,NPB,濱矢　廣大,2014,-0.626104224178241,-0.5683462006472463,0.0033359892822069355
lightgbm,MLB,NPB,full_cross_league,NPB,森　雄大,2014,-0.631520648526834,-0.47867208329082817,0.023362683894705527
lightgbm,MLB,NPB,full_cross_league,NPB,横山　貴明,2014,-0.6466866367028941,-0.5034856243450407,0.02050652994031406
lightgbm,MLB,NPB,full_cross_league,NPB,岸　孝之,2014,1.70295824571674,0.6642694526295053,1.0788744088850162
lightgbm,MLB,NPB,full_cross_league,NPB,牧田　和久,2014,0.07803094113884641,0.8914552954786474,0.6616591802331221
lightgbm,MLB,NPB,full_cross_league,NPB,野上　亮磨,2014,-0.24695451977673202,-0.17095282828599737,0.005776257109452809
lightgbm,MLB,NPB,full_cross_league,NPB,菊池　雄星,2014,-0.32278446065703403,-0.47991518150760665,0.024690063435020577
lightgbm,MLB,NPB,full_cross_league,NPB,岡本　洋介,2014,-0.5502742832979389,-0.15897275222766258,0.15311688821794242
lightgbm,MLB,NPB,full_cross_league,NPB,小石　博孝,2014,-0.631520648526834,-0.35389441675043287,0.077076324570364
lightgbm,MLB,NPB,full_cross_league,NPB,涌井　秀章,2014,1.6487940022308099,0.5378430689835274,1.234211976083008
lightgbm,MLB,NPB,full_cross_league,NPB,唐川　侑己,2014,-0.084461789318943,-0.3300708468310234,0.06032380913197242
lightgbm,MLB,NPB,full_cross_league,NPB,石川　歩,2014,-0.33361730935422,0.2585357660019543,0.3506452646537751
lightgbm,MLB,NPB,full_cross_league,NPB,古谷　拓哉,2014,-0.34445015805140594,0.08955261589044518,0.1883584077892215
lightgbm,MLB,NPB,full_cross_league,NPB,藤岡　貴裕,2014,-0.3552830067485919,-0.367185308465233,1.4166478615395729e-4
lightgbm,MLB,NPB,full_cross_league,NPB,大嶺　祐太,2014,-0.5372748648613159,-0.3488986941903852,0.03548558167664362
lightgbm,MLB,NPB,full_cross_league,NPB,チェン・グァンユウ,2014,-0.6694356189669849,-0.7817620689592462,0.012617231367863972
lightgbm,MLB,NPB,full_cross_league,NPB,藤浪　晋太郎,2015,1.1071515673715102,0.10164633893272715,1.0110407644177293
lightgbm,MLB,NPB,full_cross_league,NPB,能見　篤史,2015,0.7821661064559338,1.1011536634811796,0.10175306153693446
lightgbm,MLB,NPB,full_cross_league,NPB,岩田　稔,2015,0.0022010002585447002,0.6906237524325776,0.4739258857108698
lightgbm,MLB,NPB,full_cross_league,NPB,岩崎　優,2015,-0.5177757372063811,-0.4718444604592435,0.0021096821836221477
lightgbm,MLB,NPB,full_cross_league,NPB,岩貞　祐太,2015,-0.561107131995125,-0.4664802795676843,0.008954241200324635
lightgbm,MLB,NPB,full_cross_league,NPB,横山　雄哉,2015,-0.571939980692311,-0.5114416414921897,0.0036600490459729293
lightgbm,MLB,NPB,full_cross_league,NPB,秋山　拓巳,2015,-0.626104224178241,-0.43233656175721374,0.037545907000109166
lightgbm,MLB,NPB,full_cross_league,NPB,三浦　大輔,2015,0.619673375998144,0.4325873231427259,0.03500119117302029
lightgbm,MLB,NPB,full_cross_league,NPB,久保　康友,2015,0.565509132512215,0.7673685548004551,0.04074722636654202
lightgbm,MLB,NPB,full_cross_league,NPB,山口　俊,2015,0.132195184624776,0.7579293281456216,0.3915432183677663
lightgbm,MLB,NPB,full_cross_league,NPB,井納　翔一,2015,-0.24695451977673202,0.30541802710487354,0.3051154305484715
lightgbm,MLB,NPB,full_cross_league,NPB,高崎　健太郎,2015,-0.37694870414296405,-0.4147925001386963,0.001432152895366599
lightgbm,MLB,NPB,full_cross_league,NPB,三嶋　一輝,2015,-0.4636114937204521,-0.47197416476305976,6.993426696686907e-5
lightgbm,MLB,NPB,full_cross_league,NPB,石田　健大,2015,-0.5394414346007531,-0.39691543620999925,0.020313660217281173
lightgbm,MLB,NPB,full_cross_league,NPB,砂田　毅樹,2015,-0.5936056780866831,-0.42601877624608475,0.028085369668530338
lightgbm,MLB,NPB,full_cross_league,NPB,内海　哲也,2015,3.59870676772428,-0.4187963090725116,16.140330972071688
lightgbm,MLB,NPB,full_cross_league,NPB,菅野　智之,2015,0.6738376194840741,0.17954569828668226,0.24432450336100858
lightgbm,MLB,NPB,full_cross_league,NPB,大竹　寛,2015,0.34885215856849494,0.0016341082330698735,0.12056037447873379
lightgbm,MLB,NPB,full_cross_league,NPB,杉内　俊哉,2015,-0.192790276290803,1.5500718326161864,3.0375683306637185
lightgbm,MLB,NPB,full_cross_league,NPB,高木　勇人,2015,-0.27945306586829005,-0.2927459958533931,1.7670198758885214e-4
lightgbm,MLB,NPB,full_cross_league,NPB,田口　麗斗,2015,-0.5394414346007531,-0.37725139700141824,0.02630560829647366
lightgbm,MLB,NPB,full_cross_league,NPB,山井　大介,2015,0.565509132512215,0.34983708988960793,0.04651442996900765
lightgbm,MLB,NPB,full_cross_league,NPB,大野　雄大,2015,0.43551494814598307,1.5017020074409313,1.1367548454080096
lightgbm,MLB,NPB,full_cross_league,NPB,吉見　一起,2015,0.22969082289945,-0.32320034509862783,0.3056886436502787
lightgbm,MLB,NPB,full_cross_league,NPB,若松　駿太,2015,-0.34445015805140594,-0.6301254116245169,0.08161035050406122
lightgbm,MLB,NPB,full_cross_league,NPB,八木　智哉,2015,-0.5177757372063811,0.025624897248454084,0.2952842495259175
lightgbm,MLB,NPB,full_cross_league,NPB,武藤　祐太,2015,-0.561107131995125,-0.3294092887258428,0.05368389057563684
lightgbm,MLB,NPB,full_cross_league,NPB,濱田　達郎,2015,-0.5936056780866831,-0.39885146782190745,0.037929202415856435
lightgbm,MLB,NPB,full_cross_league,NPB,小熊　凌祐,2015,-0.6044385267838689,-0.5094204305498595,0.009028438611935464
lightgbm,MLB,NPB,full_cross_league,NPB,岩田　慎司,2015,-0.6098549511324619,-0.364077960978738,0.06040632888902369
lightgbm,MLB,NPB,full_cross_league,NPB,伊藤　準規,2015,-0.6613109824440949,-0.5380166803735167,0.015201484923070992
lightgbm,MLB,NPB,full_cross_league,NPB,鈴木　翔太,2015,-0.6694356189669849,-0.5557028415879388,0.012935144650351655
lightgbm,MLB,NPB,full_cross_league,NPB,黒田　博樹,2015,5.765276507161479,1.1450006800783947,21.346948718328278
lightgbm,MLB,NPB,full_cross_league,NPB,野村　祐輔,2015,-0.171124578896431,-0.11075505830097197,0.003644479016925553
lightgbm,MLB,NPB,full_cross_league,NPB,福井　優也,2015,-0.27945306586829005,-0.06623323808095226,0.04546269496166198
lightgbm,MLB,NPB,full_cross_league,NPB,薮田　和樹,2015,-0.626104224178241,-0.49350827554937343,0.01758168559278928
lightgbm,MLB,NPB,full_cross_league,NPB,中村　恭平,2015,-0.6477699215726129,-0.38634599444310147,0.06834246967581611
lightgbm,MLB,NPB,full_cross_league,NPB,石川　雅規,2015,1.43213702828709,0.432942624812136,0.9983894559356692
lightgbm,MLB,NPB,full_cross_league,NPB,成瀬　善久,2015,0.825497501244678,-0.3220906358676304,1.3169585324408986
lightgbm,MLB,NPB,full_cross_league,NPB,館山　昌平,2015,0.565509132512215,-0.03166112416667215,0.35661231546192795
lightgbm,MLB,NPB,full_cross_league,NPB,小川　泰弘,2015,0.34885215856849494,-0.10868273752612317,0.209338181144313
lightgbm,MLB,NPB,full_cross_league,NPB,石山　泰稚,2015,-0.29028591456547603,-0.009047120714736321,0.07909525916661886
lightgbm,MLB,NPB,full_cross_league,NPB,新垣　渚,2015,-0.43111294762889407,0.06771223239395358,0.24882656022482635
lightgbm,MLB,NPB,full_cross_league,NPB,山中　浩史,2015,-0.496110039812009,0.3294863298658088,0.681609365625192
lightgbm,MLB,NPB,full_cross_league,NPB,杉浦　稔大,2015,-0.5502742832979389,-0.40894490841986747,0.019973992203426456
lightgbm,MLB,NPB,full_cross_league,NPB,近藤　一樹,2015,-0.6044385267838689,-0.3336745534538837,0.07331312925344094
lightgbm,MLB,NPB,full_cross_league,NPB,風張　蓮,2015,-0.6152713754810549,-0.5869297802122678,8.032460223797354e-4
lightgbm,MLB,NPB,full_cross_league,NPB,寺田　哲也,2015,-0.631520648526834,0.918021512219641,2.4010809079308544
lightgbm,MLB,NPB,full_cross_league,NPB,攝津　正,2015,3.59870676772428,0.5314175883120035,9.408262910139639
lightgbm,MLB,NPB,full_cross_league,NPB,中田　賢一,2015,0.2946879150825661,1.0004457964725533,0.4980941871440832
lightgbm,MLB,NPB,full_cross_league,NPB,武田　翔太,2015,0.0238666976529166,-0.0723180790538338,0.0092515112701274365
lightgbm,MLB,NPB,full_cross_league,NPB,大隣　憲司,2015,0.0022010002585447002,0.38232744162453625,0.14449611142557262
lightgbm,MLB,NPB,full_cross_league,NPB,寺原　隼人,2015,-0.0302975458330132,0.0799977573927535,0.01216505391366382
lightgbm,MLB,NPB,full_cross_league,NPB,千賀　滉大,2015,-0.4636114937204521,-0.6115619736387775,0.02188934450806282
lightgbm,MLB,NPB,full_cross_league,NPB,東浜　巨,2015,-0.5394414346007531,-0.3960622142017683,0.020557600842220664
lightgbm,MLB,NPB,full_cross_league,NPB,大谷　翔平,2015,1.43213702828709,0.21213383745731082,1.4884077856348428
lightgbm,MLB,NPB,full_cross_league,NPB,吉川　光夫,2015,0.2946879150825661,-0.04403103903800834,0.11473052988053578
lightgbm,MLB,NPB,full_cross_league,NPB,武田　勝,2015,-0.3011187632626621,-0.011049127003895383,0.08414039387929324
lightgbm,MLB,NPB,full_cross_league,NPB,有原　航平,2015,-0.409447250234522,-0.40015894602915364,8.627259501146354e-5
lightgbm,MLB,NPB,full_cross_league,NPB,上沢　直之,2015,-0.474444342417637,-0.49912311911781243,6.090420194171217e-4
lightgbm,MLB,NPB,full_cross_league,NPB,中村　勝,2015,-0.474444342417637,-0.47129394285912346,9.925017378282303e-6
lightgbm,MLB,NPB,full_cross_league,NPB,浦野　博司,2015,-0.4852771911148231,-0.4099711872686262,0.0056709942152834225
lightgbm,MLB,NPB,full_cross_league,NPB,斎藤　佑樹,2015,-0.4852771911148231,-0.4484551771692276,0.0013558607110096279
lightgbm,MLB,NPB,full_cross_league,NPB,新垣　勇人,2015,-0.64235349722402,0.09948720066229311,0.5503276210404521
lightgbm,MLB,NPB,full_cross_league,NPB,高梨　裕稔,2015,-0.651019776181769,-0.516860092174353,0.0179988208129697
lightgbm,MLB,NPB,full_cross_league,NPB,西　勇輝,2015,0.565509132512215,0.0794062288683493,0.2362960329309974
lightgbm,MLB,NPB,full_cross_league,NPB,東明　大貴,2015,-0.27945306586829005,-0.14651573560381856,0.01767233377784517
lightgbm,MLB,NPB,full_cross_league,NPB,松葉　貴大,2015,-0.43111294762889407,-0.43005627269784086,1.116561909916315e-6
lightgbm,MLB,NPB,full_cross_league,NPB,八木　亮祐,2015,-0.5177757372063811,-0.43900796242217605,0.0062043623444552574
lightgbm,MLB,NPB,full_cross_league,NPB,山﨑　福也,2015,-0.5502742832979389,-0.5183519779147802,0.001019033580975647
lightgbm,MLB,NPB,full_cross_league,NPB,則本　昂大,2015,0.890494593427793,1.016462759759417,0.015867978928951663
lightgbm,MLB,NPB,full_cross_league,NPB,美馬　学,2015,-0.3552830067485919,-0.005999190892689006,0.12199918401886028
lightgbm,MLB,NPB,full_cross_league,NPB,辛島　航,2015,-0.37694870414296405,-0.3595000458160977,3.044556774077232e-4
lightgbm,MLB,NPB,full_cross_league,NPB,塩見　貴洋,2015,-0.409447250234522,0.4195977564716245,0.6873156231443945
lightgbm,MLB,NPB,full_cross_league,NPB,菊池　保則,2015,-0.528608585903567,-0.3230088179375516,0.04227126458767936
lightgbm,MLB,NPB,full_cross_league,NPB,川井　貴志,2015,-0.561107131995125,-0.040196174257949926,0.27134822589066093
lightgbm,MLB,NPB,full_cross_league,NPB,釜田　佳直,2015,-0.5957722478261199,-0.5191057656595274,0.005877749487800454
lightgbm,MLB,NPB,full_cross_league,NPB,安樂　智大,2015,-0.6044385267838689,-0.5656743066351211,0.0015026647637405854
lightgbm,MLB,NPB,full_cross_league,NPB,森　雄大,2015,-0.631520648526834,-0.486302159927648,0.021088409431031904
lightgbm,MLB,NPB,full_cross_league,NPB,岸　孝之,2015,1.70295824571674,0.9133065750843703,0.6235497609324926
lightgbm,MLB,NPB,full_cross_league,NPB,牧田　和久,2015,0.07803094113884641,0.3028496238794459,0.05054344010921834
lightgbm,MLB,NPB,full_cross_league,NPB,十亀　剣,2015,-0.084461789318943,0.5819853756560485,0.4441518237032035
lightgbm,MLB,NPB,full_cross_league,NPB,野上　亮磨,2015,-0.10612748671331501,0.2976762447278551,0.16305745352581263
lightgbm,MLB,NPB,full_cross_league,NPB,菊池　雄星,2015,-0.138626032804873,-0.5446569246200325,0.1648610851082137
lightgbm,MLB,NPB,full_cross_league,NPB,郭　俊麟,2015,-0.409447250234522,-0.4931445282464167,0.007005234346600391
lightgbm,MLB,NPB,full_cross_league,NPB,髙橋　光成,2015,-0.5394414346007531,-0.49113679216665973,0.002333338480685615
lightgbm,MLB,NPB,full_cross_league,NPB,佐野　泰雄,2015,-0.6044385267838689,-0.570232189420852,0.0011700735157925276
lightgbm,MLB,NPB,full_cross_league,NPB,涌井　秀章,2015,1.6487940022308099,1.561922003825787,0.007546744106882284
lightgbm,MLB,NPB,full_cross_league,NPB,石川　歩,2015,0.07803094113884641,0.8703202681116442,0.6277223776350088
lightgbm,MLB,NPB,full_cross_league,NPB,唐川　侑己,2015,-0.21445597368517402,-0.380380088938936,0.027530812022743684
lightgbm,MLB,NPB,full_cross_league,NPB,大嶺　祐太,2015,-0.3401170185725319,0.44873358163883,0.6222852694538259
lightgbm,MLB,NPB,full_cross_league,NPB,古谷　拓哉,2015,-0.398614401537336,-0.08286676184551735,0.09969657197095455
lightgbm,MLB,NPB,full_cross_league,NPB,チェン・グァンユウ,2015,-0.5502742832979389,-0.14635230009504857,0.16315296851455605
lightgbm,MLB,NPB,full_cross_league,NPB,田中　英祐,2015,-0.5892725386078089,-0.5779228939587211,1.2881443366056803e-4
lightgbm,MLB,NPB,full_cross_league,NPB,木村　優太,2015,-0.6336872182662711,-0.49186342454467646,0.020113988465585413
lightgbm,MLB,NPB,full_cross_league,NPB,藤浪　晋太郎,2016,0.998823080399653,-0.4471236802144134,2.090762034530312
lightgbm,MLB,NPB,full_cross_league,NPB,能見　篤史,2016,0.6738376194840741,1.3545666746663043,0.4633920465692919
lightgbm,MLB,NPB,full_cross_league,NPB,岩田　稔,2016,-0.16029173019924503,-0.33128766551245564,0.029239609893639707
lightgbm,MLB,NPB,full_cross_league,NPB,岩貞　祐太,2016,-0.3011187632626621,0.37770042216227184,0.4607954865009708
lightgbm,MLB,NPB,full_cross_league,NPB,岩崎　優,2016,-0.4636114937204521,-0.503695766194534,0.0016067488997764457
lightgbm,MLB,NPB,full_cross_league,NPB,横山　雄哉,2016,-0.564356986604281,-0.41522106472221687,0.02224152319561314
lightgbm,MLB,NPB,full_cross_league,NPB,青柳　晃洋,2016,-0.6044385267838689,-0.33087499022461453,0.0748370085348065
lightgbm,MLB,NPB,full_cross_league,NPB,久保　康友,2016,0.34885215856849494,0.705248310824734,0.12701821734305238
lightgbm,MLB,NPB,full_cross_league,NPB,井納　翔一,2016,0.0455323950472885,0.34689943217243474,0.09082209106558926
lightgbm,MLB,NPB,full_cross_league,NPB,石田　健大,2016,-0.21445597368517402,-0.4562612698968411,0.05846980127601207
lightgbm,MLB,NPB,full_cross_league,NPB,今永　昇太,2016,-0.3011187632626621,-0.4562321310861812,0.024060156877554327
lightgbm,MLB,NPB,full_cross_league,NPB,三嶋　一輝,2016,-0.4852771911148231,-0.4087099183153412,0.005862547263950279
lightgbm,MLB,NPB,full_cross_league,NPB,国吉　佑樹,2016,-0.5177757372063811,-0.4798593630441333,0.0014376514296115769
lightgbm,MLB,NPB,full_cross_league,NPB,平良　拳太郎,2016,-0.6531863459212057,-0.4928909818529684,0.025694603741768744
lightgbm,MLB,NPB,full_cross_league,NPB,菅野　智之,2016,1.7571224892026698,2.514810415113584,0.5740909930711833
lightgbm,MLB,NPB,full_cross_league,NPB,内海　哲也,2016,1.43213702828709,1.2394945524811103,0.03711112348465748
lightgbm,MLB,NPB,full_cross_league,NPB,吉川　光夫,2016,0.2946879150825661,0.05961533158054619,0.05525911951431412
lightgbm,MLB,NPB,full_cross_league,NPB,山口　俊,2016,0.132195184624776,1.338477860047643,1.45511789302535
lightgbm,MLB,NPB,full_cross_league,NPB,大竹　寛,2016,0.0238666976529166,-0.0721500134412092,0.009219208809332819
lightgbm,MLB,NPB,full_cross_league,NPB,田口　麗斗,2016,-0.192790276290803,-0.2764265850434316,0.006995032141765018
lightgbm,MLB,NPB,full_cross_league,NPB,高木　勇人,2016,-0.33361730935422,-0.2589605806369499,0.005573627142764067
lightgbm,MLB,NPB,full_cross_league,NPB,今村　信貴,2016,-0.561107131995125,-0.5057042644994244,0.0030694777267461534
lightgbm,MLB,NPB,full_cross_league,NPB,桜井　俊貴,2016,-0.6044385267838689,-0.5718034277112027,0.0010650496914827352
lightgbm,MLB,NPB,full_cross_league,NPB,江柄子　裕樹,2016,-0.6152713754810549,-0.4856573381546187,0.016799798672058802
lightgbm,MLB,NPB,full_cross_league,NPB,大野　雄大,2016,0.201525416286766,0.3082797615118516,0.011396490224436754
lightgbm,MLB,NPB,full_cross_league,NPB,吉見　一起,2016,0.132195184624776,0.34822475017626253,0.04666877319236402
lightgbm,MLB,NPB,full_cross_league,NPB,ジョーダン,2016,-0.409447250234522,0.4861102146820728,0.802023172967838
lightgbm,MLB,NPB,full_cross_league,NPB,若松　駿太,2016,-0.409447250234522,-0.49388922237896066,0.007130446659642155
lightgbm,MLB,NPB,full_cross_league,NPB,小笠原　慎之介,2016,-0.5394414346007531,-0.5041554320299214,0.0012451019774287412
lightgbm,MLB,NPB,full_cross_league,NPB,小熊　凌祐,2016,-0.561107131995125,-0.5961992465325183,0.0012314565027055344
lightgbm,MLB,NPB,full_cross_league,NPB,八木　智哉,2016,-0.571939980692311,-0.09999224962063194,0.22273466086370594
lightgbm,MLB,NPB,full_cross_league,NPB,濱田　達郎,2016,-0.628812436352537,-0.5806395842689853,0.002320623677863752
lightgbm,MLB,NPB,full_cross_league,NPB,伊藤　準規,2016,-0.6531863459212057,-0.42600259593584344,0.0516124562574116
lightgbm,MLB,NPB,full_cross_league,NPB,野村　祐輔,2016,0.34885215856849494,0.5461778744072125,0.03893743813126233
lightgbm,MLB,NPB,full_cross_league,NPB,福井　優也,2016,-0.29028591456547603,0.4311540543698278,0.5204756287773722
lightgbm,MLB,NPB,full_cross_league,NPB,岡田　明丈,2016,-0.46144492398101405,-0.24219467729716068,0.04807067067093056
lightgbm,MLB,NPB,full_cross_league,NPB,横山　弘樹,2016,-0.599022102435276,-0.4614700168788828,0.018920576240913315
lightgbm,MLB,NPB,full_cross_league,NPB,中村　恭平,2016,-0.636937072875427,-0.3011473096345858,0.11275476509734018
lightgbm,MLB,NPB,full_cross_league,NPB,石川　雅規,2016,1.21548005434337,0.09029223568187153,1.2660476272642207
lightgbm,MLB,NPB,full_cross_league,NPB,館山　昌平,2016,0.565509132512215,0.09872343645162783,0.21788888604676687
lightgbm,MLB,NPB,full_cross_league,NPB,小川　泰弘,2016,0.21885797420226402,-0.15931396262763461,0.14301401380567685
lightgbm,MLB,NPB,full_cross_league,NPB,山中　浩史,2016,-0.29028591456547603,0.324849162258223,0.3783911627388981
lightgbm,MLB,NPB,full_cross_league,NPB,原　樹理,2016,-0.5502742832979389,-0.49523243595001476,0.0030296049594721866
lightgbm,MLB,NPB,full_cross_league,NPB,和田　毅,2016,3.59870676772428,2.9964173004356627,0.36275260240680657
lightgbm,MLB,NPB,full_cross_league,NPB,攝津　正,2016,3.59870676772428,-0.20983505520407605,14.504990816994445
lightgbm,MLB,NPB,full_cross_league,NPB,武田　翔太,2016,0.565509132512215,-0.2710837865373704,0.6998877122039062
lightgbm,MLB,NPB,full_cross_league,NPB,中田　賢一,2016,0.2946879150825661,-0.283177766260364,0.3339287456739289
lightgbm,MLB,NPB,full_cross_league,NPB,千賀　滉大,2016,-0.0302975458330132,-0.3307706900961637,0.09028411042338406
lightgbm,MLB,NPB,full_cross_league,NPB,大隣　憲司,2016,-0.138626032804873,-0.04335667449960612,0.009076250631897325
lightgbm,MLB,NPB,full_cross_league,NPB,東浜　巨,2016,-0.34445015805140594,-0.1727629437886278,0.029476499541313088
lightgbm,MLB,NPB,full_cross_league,NPB,山田　大樹,2016,-0.582772829389497,-0.41104936116673246,0.029488949538454833
lightgbm,MLB,NPB,full_cross_league,NPB,大谷　翔平,2016,2.19043643709011,-0.14844489978044975,5.470365907961416
lightgbm,MLB,NPB,full_cross_league,NPB,有原　航平,2016,-0.084461789318943,-0.0693172417016866,2.293573225313467e-4
lightgbm,MLB,NPB,full_cross_league,NPB,加藤　貴之,2016,-0.45277864502326604,-0.38094556442817684,0.00515999146778058
lightgbm,MLB,NPB,full_cross_league,NPB,杉浦　稔大,2016,-0.571939980692311,-0.4907355778836695,0.0065941550355081025
lightgbm,MLB,NPB,full_cross_league,NPB,中村　勝,2016,-0.6044385267838689,-0.47324673948486456,0.017211285054707193
lightgbm,MLB,NPB,full_cross_league,NPB,西　勇輝,2016,0.6738376194840741,-0.06212574643219085,0.5416420759707979
lightgbm,MLB,NPB,full_cross_league,NPB,松葉　貴大,2016,-0.339033733702813,-0.11183912614701577,0.0516173897024327
lightgbm,MLB,NPB,full_cross_league,NPB,東明　大貴,2016,-0.36611585544577796,-0.012590384756651337,0.12498025842596851
lightgbm,MLB,NPB,full_cross_league,NPB,八木　亮祐,2016,-0.561107131995125,-0.4554311341248904,0.011167416525869821
lightgbm,MLB,NPB,full_cross_league,NPB,近藤　大亮,2016,-0.6304373636571149,-0.1808733150124584,0.20210783383377506
lightgbm,MLB,NPB,full_cross_league,NPB,青山　大紀,2016,-0.636937072875427,-0.44922898859740795,0.0352343249033239
lightgbm,MLB,NPB,full_cross_league,NPB,山田　修義,2016,-0.636937072875427,-0.2589455431517692,0.14287759654283086
lightgbm,MLB,NPB,full_cross_league,NPB,岸　孝之,2016,1.70295824571674,0.5187056798355484,1.4024541397961858
lightgbm,MLB,NPB,full_cross_league,NPB,則本　昂大,2016,1.43213702828709,1.62500780414165,0.03719913617873993
lightgbm,MLB,NPB,full_cross_league,NPB,美馬　学,2016,-0.192790276290803,0.8282008103480125,1.0424227989959092
lightgbm,MLB,NPB,full_cross_league,NPB,塩見　貴洋,2016,-0.24695451977673202,1.1741800070338844,2.0196233432932345
lightgbm,MLB,NPB,full_cross_league,NPB,辛島　航,2016,-0.409447250234522,-0.02053930455314782,0.15124939021410666
lightgbm,MLB,NPB,full_cross_league,NPB,釜田　佳直,2016,-0.4636114937204521,-0.44425154358733693,3.748076691567051e-4
lightgbm,MLB,NPB,full_cross_league,NPB,安樂　智大,2016,-0.5069428885091951,-0.4832895367025856,5.594810516872364e-4
lightgbm,MLB,NPB,full_cross_league,NPB,菊池　保則,2016,-0.571939980692311,-0.4040933842282975,0.02817247994455339
lightgbm,MLB,NPB,full_cross_league,NPB,菊池　雄星,2016,0.34885215856849494,-0.2805115627166403,0.39609869366987344
lightgbm,MLB,NPB,full_cross_league,NPB,野上　亮磨,2016,-0.192790276290803,0.12671804548102286,0.10208556768144861
lightgbm,MLB,NPB,full_cross_league,NPB,十亀　剣,2016,-0.192790276290803,-0.3788466565360364,0.03461697662995887
lightgbm,MLB,NPB,full_cross_league,NPB,髙橋　光成,2016,-0.4852771911148231,-0.4318255017690923,0.0028570830939125117
lightgbm,MLB,NPB,full_cross_league,NPB,多和田　真三郎,2016,-0.4852771911148231,-0.546548880043388,0.0037542198641588205
lightgbm,MLB,NPB,full_cross_league,NPB,本田　圭佑,2016,-0.6586027702697991,-0.5862837175756235,0.005230045382582947
lightgbm,MLB,NPB,full_cross_league,NPB,佐藤　勇,2016,-0.6694356189669849,-0.5162742527947469,0.02345840408774636
lightgbm,MLB,NPB,full_cross_league,NPB,涌井　秀章,2016,1.9737794631463899,2.2288826939045197,0.06507765834323562
lightgbm,MLB,NPB,full_cross_league,NPB,石川　歩,2016,0.6738376194840741,0.9650586927500227,0.08480971351417099
lightgbm,MLB,NPB,full_cross_league,NPB,唐川　侑己,2016,-0.171124578896431,0.006489925640150326,0.031546912221775275
lightgbm,MLB,NPB,full_cross_league,NPB,古谷　拓哉,2016,-0.44194579632608,-0.23580033821945445,0.042495949897990506
lightgbm,MLB,NPB,full_cross_league,NPB,関谷　亮太,2016,-0.49069361546341594,-0.308586199727729,0.03316311086593032
lightgbm,MLB,NPB,full_cross_league,NPB,二木　康太,2016,-0.5394414346007531,-0.4529908946797505,0.007473695852632864
lightgbm,MLB,NPB,full_cross_league,NPB,チェン・グァンユウ,2016,-0.561107131995125,-0.4063364845687798,0.023953953304770043
lightgbm,MLB,NPB,full_cross_league,NPB,藤浪　晋太郎,2017,0.565509132512215,-0.469511049337839,1.0712667768369188
lightgbm,MLB,NPB,full_cross_league,NPB,能見　篤史,2017,0.565509132512215,1.2165258141223163,0.423822719734628
lightgbm,MLB,NPB,full_cross_league,NPB,岩田　稔,2017,-0.192790276290803,-0.06203441552219513,0.017097095125339568
lightgbm,MLB,NPB,full_cross_league,NPB,秋山　拓巳,2017,-0.29028591456547603,0.1695577446755491,0.211456190944176
lightgbm,MLB,NPB,full_cross_league,NPB,岩貞　祐太,2017,-0.3552830067485919,0.05470459431104062,0.16808983302263242
lightgbm,MLB,NPB,full_cross_league,NPB,岡本　洋介,2017,-0.4852771911148231,-0.0969793035129089,0.1507752495161088
lightgbm,MLB,NPB,full_cross_league,NPB,小野　泰己,2017,-0.5394414346007531,-0.49846058211432503,0.0016794302705143782
lightgbm,MLB,NPB,full_cross_league,NPB,青柳　晃洋,2017,-0.5936056780866831,-0.3762218419137131,0.04725573222927665
lightgbm,MLB,NPB,full_cross_league,NPB,横山　雄哉,2017,-0.5936056780866831,-0.40070494058198913,0.037210694529854836
lightgbm,MLB,NPB,full_cross_league,NPB,福永　春吾,2017,-0.6607693400092358,-0.5746719767019812,0.007412755968461389
lightgbm,MLB,NPB,full_cross_league,NPB,井納　翔一,2017,0.186359428110706,0.45550332790299236,0.07243843879540028
lightgbm,MLB,NPB,full_cross_league,NPB,今永　昇太,2017,0.17552657941351998,-0.15237781970261804,0.10752129495971552
lightgbm,MLB,NPB,full_cross_league,NPB,石田　健大,2017,-0.084461789318943,-0.403090266382732,0.10152410639598951
lightgbm,MLB,NPB,full_cross_league,NPB,濵口　遥大,2017,-0.219872398033767,-0.49671573373976796,0.07664223252482553
lightgbm,MLB,NPB,full_cross_league,NPB,熊原　健人,2017,-0.5936056780866831,-0.4970965643181426,0.009314009040389091
lightgbm,MLB,NPB,full_cross_league,NPB,水野　滉也,2017,-0.6044385267838689,-0.535400840047317,0.004766202189934269
lightgbm,MLB,NPB,full_cross_league,NPB,飯塚　悟史,2017,-0.64235349722402,-0.5070050316851827,0.018319207123717825
lightgbm,MLB,NPB,full_cross_league,NPB,平良　拳太郎,2017,-0.6531863459212057,-0.5214814943890483,0.017346167917107618
lightgbm,MLB,NPB,full_cross_league,NPB,綾部　翔,2017,-0.6726854735761411,-0.4830241628718866,0.035971412778055746
lightgbm,MLB,NPB,full_cross_league,NPB,菅野　智之,2017,4.140349202583581,4.15565015154588,2.341190391469009e-4
lightgbm,MLB,NPB,full_cross_league,NPB,山口　俊,2017,1.7571224892026698,0.0036469942212954123,3.074676311500176
lightgbm,MLB,NPB,full_cross_league,NPB,野上　亮磨,2017,0.890494593427793,0.9706335468596201,0.00642225185714855
lightgbm,MLB,NPB,full_cross_league,NPB,内海　哲也,2017,0.34885215856849494,-0.16885375912845463,0.2680194172184408
lightgbm,MLB,NPB,full_cross_league,NPB,田口　麗斗,2017,0.240523671596636,-0.34559609443000905,0.34353638012712917
lightgbm,MLB,NPB,full_cross_league,NPB,吉川　光夫,2017,0.0238666976529166,-0.2659813537103367,0.08401189287907514
lightgbm,MLB,NPB,full_cross_league,NPB,大竹　寛,2017,-0.16570815454783805,-0.03910413756860734,0.01602857711527734
lightgbm,MLB,NPB,full_cross_league,NPB,宮國　椋丞,2017,-0.474444342417637,-0.3614857461366272,0.01275964447377616
lightgbm,MLB,NPB,full_cross_league,NPB,畠　世周,2017,-0.474444342417637,-0.40049369394247913,0.005468698409896369
lightgbm,MLB,NPB,full_cross_league,NPB,大野　雄大,2017,0.132195184624776,0.2932680464430775,0.025944466814337656
lightgbm,MLB,NPB,full_cross_league,NPB,吉見　一起,2017,0.07803094113884641,-0.22104774459342402,0.08944806025934217
lightgbm,MLB,NPB,full_cross_league,NPB,山井　大介,2017,0.0455323950472885,0.5116401437045519,0.21725643335834263
lightgbm,MLB,NPB,full_cross_league,NPB,若松　駿太,2017,-0.4636114937204521,-0.5111147430070462,0.0022565586927843035
lightgbm,MLB,NPB,full_cross_league,NPB,小笠原　慎之介,2017,-0.5069428885091951,-0.5159963442409246,8.19650606863847e-5
lightgbm,MLB,NPB,full_cross_league,NPB,柳　裕也,2017,-0.5773564050409039,-0.5487991472371955,8.155169732674664e-4
lightgbm,MLB,NPB,full_cross_league,NPB,鈴木　翔太,2017,-0.6044385267838689,-0.5130264140105674,0.008356174361678795
lightgbm,MLB,NPB,full_cross_league,NPB,小熊　凌祐,2017,-0.6044385267838689,-0.3017657540123364,0.09161080737720774
lightgbm,MLB,NPB,full_cross_league,NPB,野村　祐輔,2017,0.565509132512215,0.8744185211264598,0.0954250103740265
lightgbm,MLB,NPB,full_cross_league,NPB,大瀬良　大地,2017,-0.0519632432273851,-0.2726149003070561,0.04868715377200472
lightgbm,MLB,NPB,full_cross_league,NPB,岡田　明丈,2017,-0.27945306586829005,-0.18398774846548602,0.009113626826818119
lightgbm,MLB,NPB,full_cross_league,NPB,福井　優也,2017,-0.398614401537336,-0.44611295515489147,0.00225611259575979
lightgbm,MLB,NPB,full_cross_league,NPB,中村　祐太,2017,-0.636937072875427,-0.48188969395369885,0.02403968971049795
lightgbm,MLB,NPB,full_cross_league,NPB,床田　寛樹,2017,-0.6586027702697991,-0.39562193503348625,0.06915891970158872
lightgbm,MLB,NPB,full_cross_league,NPB,石川　雅規,2017,0.565509132512215,-0.04079889297855242,0.3676094217745131
lightgbm,MLB,NPB,full_cross_league,NPB,館山　昌平,2017,0.3271864611741241,-0.015123760007769656,0.11717628752559701
lightgbm,MLB,NPB,full_cross_league,NPB,小川　泰弘,2017,0.240523671596636,0.2861650134529327,0.0020831320864433413
lightgbm,MLB,NPB,full_cross_league,NPB,山中　浩史,2017,-0.38778155284015,-0.3310041105203641,0.0032236779563766123
lightgbm,MLB,NPB,full_cross_league,NPB,原　樹理,2017,-0.42028009893170803,-0.43251548758014013,1.4970473537818108e-4
lightgbm,MLB,NPB,full_cross_league,NPB,星　知弥,2017,-0.496110039812009,-0.490290468657855,3.386740841826121e-5
lightgbm,MLB,NPB,full_cross_league,NPB,山田　大樹,2017,-0.582772829389497,-0.5424566246389416,0.0016253963654887073
lightgbm,MLB,NPB,full_cross_league,NPB,寺島　成輝,2017,-0.6152713754810549,-0.4811733567721529,0.01798227862165304
lightgbm,MLB,NPB,full_cross_league,NPB,岩橋　慶侍,2017,-0.626104224178241,-0.2994770190288959,0.10668533114367235
lightgbm,MLB,NPB,full_cross_league,NPB,中尾　輝,2017,-0.6564362005303619,-0.5749551728735969,0.0066391578680025055
lightgbm,MLB,NPB,full_cross_league,NPB,梅野　雄吾,2017,-0.664019194618392,-0.5860493700791872,0.006079293538674376
lightgbm,MLB,NPB,full_cross_league,NPB,和田　毅,2017,3.59870676772428,0.36091884805606433,10.483270612749433
lightgbm,MLB,NPB,full_cross_league,NPB,攝津　正,2017,3.59870676772428,0.012966549499990331,12.857532912591177
lightgbm,MLB,NPB,full_cross_league,NPB,千賀　滉大,2017,0.619673375998144,-0.5836076229320892,1.4478851623865396
lightgbm,MLB,NPB,full_cross_league,NPB,武田　翔太,2017,0.240523671596636,-0.39282375425619165,0.40112896183440305
lightgbm,MLB,NPB,full_cross_league,NPB,東浜　巨,2017,0.240523671596636,1.2864895157161962,1.0940445470647442
lightgbm,MLB,NPB,full_cross_league,NPB,中田　賢一,2017,0.186359428110706,0.5370639775022289,0.12299368096391113
lightgbm,MLB,NPB,full_cross_league,NPB,松本　裕樹,2017,-0.6044385267838689,-0.5054315061206378,0.009802390140609466
lightgbm,MLB,NPB,full_cross_league,NPB,有原　航平,2017,0.0238666976529166,0.02558067930543823,2.937733105180779e-6
lightgbm,MLB,NPB,full_cross_league,NPB,高梨　裕稔,2017,-0.34445015805140594,-0.05526665505256601,0.08362709840668006
lightgbm,MLB,NPB,full_cross_league,NPB,村田　透,2017,-0.3552830067485919,-0.39889446821913,0.0019019595715962267
lightgbm,MLB,NPB,full_cross_league,NPB,加藤　貴之,2017,-0.38778155284015,-0.17311833704722915,0.04608029621455809
lightgbm,MLB,NPB,full_cross_league,NPB,上沢　直之,2017,-0.474444342417637,-0.48427608839880004,9.666322903811564e-5
lightgbm,MLB,NPB,full_cross_league,NPB,浦野　博司,2017,-0.5242754464246931,-0.29307506501476116,0.053453616364098025
lightgbm,MLB,NPB,full_cross_league,NPB,斎藤　佑樹,2017,-0.536191579991598,-0.13007573283363025,0.16493008131283385
lightgbm,MLB,NPB,full_cross_league,NPB,上原　健太,2017,-0.6044385267838689,-0.5205068012136204,0.00704453455719951
lightgbm,MLB,NPB,full_cross_league,NPB,中村　勝,2017,-0.6152713754810549,-0.4001823879689421,0.046263272548985816
lightgbm,MLB,NPB,full_cross_league,NPB,吉田　侑樹,2017,-0.631520648526834,-0.528328302690635,0.010648660239177689
lightgbm,MLB,NPB,full_cross_league,NPB,西　勇輝,2017,0.565509132512215,-0.02258117592418863,0.3458502108768244
lightgbm,MLB,NPB,full_cross_league,NPB,山岡　泰輔,2017,-0.268620217171104,-0.4691958462101626,0.040230582964414036
lightgbm,MLB,NPB,full_cross_league,NPB,松葉　貴大,2017,-0.339033733702813,0.04252031396445234,0.14558349129127376
lightgbm,MLB,NPB,full_cross_league,NPB,東明　大貴,2017,-0.45819506937185905,-0.3560793911748532,0.010427611733634455
lightgbm,MLB,NPB,full_cross_league,NPB,山本　由伸,2017,-0.6477699215726129,-0.5141106637868725,0.017864797191835004
lightgbm,MLB,NPB,full_cross_league,NPB,山田　修義,2017,-0.6564362005303619,-0.41331985850651376,0.059105555759056704
lightgbm,MLB,NPB,full_cross_league,NPB,吉田　凌,2017,-0.677018613055015,-0.5331579946056353,0.020695877540638005
lightgbm,MLB,NPB,full_cross_league,NPB,岸　孝之,2017,2.51542189800569,3.0078448906686504,0.24248040370314575
lightgbm,MLB,NPB,full_cross_league,NPB,則本　昂大,2017,1.9737794631463899,2.4806281575116067,0.25689559897972497
lightgbm,MLB,NPB,full_cross_league,NPB,美馬　学,2017,0.132195184624776,1.0591806255829452,0.8593020077484115
lightgbm,MLB,NPB,full_cross_league,NPB,辛島　航,2017,-0.27945306586829005,0.2053460893474911,0.23503022089793507
lightgbm,MLB,NPB,full_cross_league,NPB,塩見　貴洋,2017,-0.32278446065703403,-0.11131256109482084,0.04472036430445078
lightgbm,MLB,NPB,full_cross_league,NPB,釜田　佳直,2017,-0.4852771911148231,-0.44621865012290884,0.0015255696244170457
lightgbm,MLB,NPB,full_cross_league,NPB,安樂　智大,2017,-0.5177757372063811,-0.4900214481340715,7.703005619093266e-4
lightgbm,MLB,NPB,full_cross_league,NPB,藤平　尚真,2017,-0.5394414346007531,-0.5118614337411763,7.606564474142565e-4
lightgbm,MLB,NPB,full_cross_league,NPB,古川　侑利,2017,-0.6531863459212057,-0.49427829590602046,0.025251768359628623
lightgbm,MLB,NPB,full_cross_league,NPB,菊池　雄星,2017,1.8654509761745302,1.916254868675885,0.0025810354932892096
lightgbm,MLB,NPB,full_cross_league,NPB,十亀　剣,2017,-0.084461789318943,0.8040299932995091,0.7894176477805147
lightgbm,MLB,NPB,full_cross_league,NPB,多和田　真三郎,2017,-0.45277864502326604,-0.1979205708106936,0.06495263799134109
lightgbm,MLB,NPB,full_cross_league,NPB,髙橋　光成,2017,-0.5015264641606019,-0.49571374124526685,3.378774769046088e-5
lightgbm,MLB,NPB,full_cross_league,NPB,佐野　泰雄,2017,-0.571939980692311,-0.4675855772734042,0.010889841512915943
lightgbm,MLB,NPB,full_cross_league,NPB,涌井　秀章,2017,1.43213702828709,0.38802349865757807,1.0901730627553976
lightgbm,MLB,NPB,full_cross_league,NPB,石川　歩,2017,0.45718064554035504,-0.11961230504636346,0.33269010784653275
lightgbm,MLB,NPB,full_cross_league,NPB,西野　勇士,2017,0.07803094113884641,-0.3382785087488304,0.1733135580657801
lightgbm,MLB,NPB,full_cross_league,NPB,唐川　侑己,2017,-0.12779318410768703,0.04116203207825256,0.028545865076437582
lightgbm,MLB,NPB,full_cross_league,NPB,二木　康太,2017,-0.3011187632626621,-0.4730016232561835,0.02954371755955247
lightgbm,MLB,NPB,full_cross_league,NPB,関谷　亮太,2017,-0.512359312857788,-0.50686193788806,3.0221131557792144e-5
lightgbm,MLB,NPB,full_cross_league,NPB,佐々木　千隼,2017,-0.521025591815537,-0.4971025424314195,5.723122918349242e-4
lightgbm,MLB,NPB,full_cross_league,NPB,大隣　憲司,2017,-0.626104224178241,-0.3339073381560157,0.0853790202010853
lightgbm,MLB,NPB,full_cross_league,NPB,成田　翔,2017,-0.6618526248789548,-0.502924951079842,0.025258005499197194
lightgbm,MLB,NPB,full_cross_league,NPB,西　勇輝,2018,1.9737794631463899,1.351725348670191,0.3869513213367679
lightgbm,MLB,NPB,full_cross_league,NPB,藤浪　晋太郎,2018,0.17552657941351998,-0.4298439162946305,0.3664734370739319
lightgbm,MLB,NPB,full_cross_league,NPB,岩貞　祐太,2018,-0.32278446065703403,0.3378586290100141,0.43644929192482335
lightgbm,MLB,NPB,full_cross_league,NPB,岩田　稔,2018,-0.32278446065703403,1.118122997847075,2.0762143039727707
lightgbm,MLB,NPB,full_cross_league,NPB,秋山　拓巳,2018,-0.34445015805140594,0.8332354822381278,1.386943467344169
lightgbm,MLB,NPB,full_cross_league,NPB,小野　泰己,2018,-0.44194579632608,-0.45787708899406115,2.5380608607287016e-4
lightgbm,MLB,NPB,full_cross_league,NPB,飯田　優也,2018,-0.528608585903567,-0.27055510322646575,0.06659159992178097
lightgbm,MLB,NPB,full_cross_league,NPB,才木　浩人,2018,-0.571939980692311,-0.5799628586976873,6.436657148915025e-5
lightgbm,MLB,NPB,full_cross_league,NPB,馬場　皐輔,2018,-0.5773564050409039,-0.5063351244162188,0.00504402230157028
lightgbm,MLB,NPB,full_cross_league,NPB,髙橋　遥人,2018,-0.5936056780866831,-0.517293067799696,0.00582361448881357
lightgbm,MLB,NPB,full_cross_league,NPB,青柳　晃洋,2018,-0.6044385267838689,-0.266488812801886,0.11421000918050403
lightgbm,MLB,NPB,full_cross_league,NPB,今永　昇太,2018,-0.008631848438641248,-0.46687714320095075,0.20998875017179594
lightgbm,MLB,NPB,full_cross_league,NPB,石田　健大,2018,-0.10612748671331501,-0.41578011786361185,0.09588475197830179
lightgbm,MLB,NPB,full_cross_league,NPB,東　克樹,2018,-0.13320960845628002,-0.43101287956022455,0.0886867882802095
lightgbm,MLB,NPB,full_cross_league,NPB,濵口　遥大,2018,-0.18737385194220998,-0.4710090426155004,0.08044892138827384
lightgbm,MLB,NPB,full_cross_league,NPB,飯塚　悟史,2018,-0.582772829389497,-0.494249052683114,0.007836459042361568
lightgbm,MLB,NPB,full_cross_league,NPB,平良　拳太郎,2018,-0.5936056780866831,-0.5146486525068009,0.006234211888422165
lightgbm,MLB,NPB,full_cross_league,NPB,京山　将弥,2018,-0.6206877998296478,-0.5075879676139163,0.012791572047226616
lightgbm,MLB,NPB,full_cross_league,NPB,菅野　智之,2018,6.306918942020769,3.437597910975196,8.233003179200432
lightgbm,MLB,NPB,full_cross_league,NPB,山口　俊,2018,1.7571224892026698,0.865632967275585,0.7947535677057821
lightgbm,MLB,NPB,full_cross_league,NPB,田口　麗斗,2018,0.07803094113884641,-0.49117305451509113,0.32399318866840776
lightgbm,MLB,NPB,full_cross_league,NPB,大竹　寛,2018,-0.450070432848969,-0.11978663741464363,0.10908738552650331
lightgbm,MLB,NPB,full_cross_league,NPB,今村　信貴,2018,-0.45277864502326604,-0.294657633184271,0.025002254384987602
lightgbm,MLB,NPB,full_cross_league,NPB,鍬原　拓也,2018,-0.5556907076465322,-0.4859120290578224,0.004869063985586466
lightgbm,MLB,NPB,full_cross_league,NPB,古川　侑利,2018,-0.561107131995125,-0.4932831853531314,0.004600087738095986
lightgbm,MLB,NPB,full_cross_league,NPB,髙田　萌生,2018,-0.6607693400092358,-0.5331579946056353,0.016284655475717037
lightgbm,MLB,NPB,full_cross_league,NPB,吉見　一起,2018,0.240523671596636,0.6630640762685055,0.17854039358026721
lightgbm,MLB,NPB,full_cross_league,NPB,松坂　大輔,2018,0.132195184624776,1.2704054691729256,1.2955226518511798
lightgbm,MLB,NPB,full_cross_league,NPB,山井　大介,2018,-0.06279609192457111,0.6194873739792427,0.4655107278457207
lightgbm,MLB,NPB,full_cross_league,NPB,大野　雄大,2018,-0.084461789318943,-0.33918040322243015,0.06488157226891376
lightgbm,MLB,NPB,full_cross_league,NPB,松葉　貴大,2018,-0.43111294762889407,-0.3634443748267208,0.004579035745083022
lightgbm,MLB,NPB,full_cross_league,NPB,笠原　祥太郎,2018,-0.5069428885091951,-0.4592434463714903,0.002275236780248251
lightgbm,MLB,NPB,full_cross_league,NPB,小笠原　慎之介,2018,-0.5069428885091951,-0.4027203649905701,0.010862334408590338
lightgbm,MLB,NPB,full_cross_league,NPB,柳　裕也,2018,-0.5773564050409039,-0.4011738773827512,0.03104028305201575
lightgbm,MLB,NPB,full_cross_league,NPB,小熊　凌祐,2018,-0.6044385267838689,-0.04843707251010043,0.30913761715454546
lightgbm,MLB,NPB,full_cross_league,NPB,鈴木　翔太,2018,-0.626104224178241,-0.5052253827654344,0.014611694301302443
lightgbm,MLB,NPB,full_cross_league,NPB,Ｒ．マルティネス,2018,-0.626104224178241,-0.5283414392744279,0.00955756211214922
lightgbm,MLB,NPB,full_cross_league,NPB,大瀬良　大地,2018,0.8363303499418638,1.458726315131805,0.3873767374847185
lightgbm,MLB,NPB,full_cross_league,NPB,野村　祐輔,2018,0.565509132512215,0.2217780699516731,0.11815104336899919
lightgbm,MLB,NPB,full_cross_league,NPB,九里　亜蓮,2018,-0.06279609192457111,-0.012757889375802077,0.0025038217143116357
lightgbm,MLB,NPB,full_cross_league,NPB,岡田　明丈,2018,-0.138626032804873,-0.23310857746748817,0.008926951245923069
lightgbm,MLB,NPB,full_cross_league,NPB,中村　祐太,2018,-0.6044385267838689,-0.5074041918365101,0.009415662158676218
lightgbm,MLB,NPB,full_cross_league,NPB,高橋　昂也,2018,-0.6477699215726129,-0.522380225200951,0.01572257595617758
lightgbm,MLB,NPB,full_cross_league,NPB,石川　雅規,2018,0.2946879150825661,0.5325196695169786,0.056563943417350694
lightgbm,MLB,NPB,full_cross_league,NPB,小川　泰弘,2018,0.26218936899100803,1.2933363312248534,1.0632640577240873
lightgbm,MLB,NPB,full_cross_league,NPB,原　樹理,2018,-0.3011187632626621,-0.47206651507679237,0.02922313385030547
lightgbm,MLB,NPB,full_cross_league,NPB,高梨　裕稔,2018,-0.34445015805140594,-0.11586635368959305,0.05225055561651955
lightgbm,MLB,NPB,full_cross_league,NPB,館山　昌平,2018,-0.474444342417637,-0.03407683310912964,0.19392354325457833
lightgbm,MLB,NPB,full_cross_league,NPB,山田　大樹,2018,-0.5936056780866831,-0.4366439940354024,0.024636970260214063
lightgbm,MLB,NPB,full_cross_league,NPB,寺島　成輝,2018,-0.6152713754810549,-0.4704941283829205,0.020960451277314277
lightgbm,MLB,NPB,full_cross_league,NPB,高橋　奎二,2018,-0.6586027702697991,-0.7004971697222138,0.001755140705478484
lightgbm,MLB,NPB,full_cross_league,NPB,千賀　滉大,2018,0.998823080399653,-0.5034611199936474,2.256857818751338
lightgbm,MLB,NPB,full_cross_league,NPB,東浜　巨,2018,0.186359428110706,0.6295796560930418,0.1964441704927137
lightgbm,MLB,NPB,full_cross_league,NPB,武田　翔太,2018,0.186359428110706,-0.22256772695959456,0.1672214181538896
lightgbm,MLB,NPB,full_cross_league,NPB,中田　賢一,2018,-0.084461789318943,0.022975861206637922,0.011542848750456861
lightgbm,MLB,NPB,full_cross_league,NPB,大竹　耕太郎,2018,-0.571939980692311,-0.5211541115314583,0.0025792045064232496
lightgbm,MLB,NPB,full_cross_league,NPB,松本　裕樹,2018,-0.6044385267838689,-0.42787974224453745,0.031173004398006063
lightgbm,MLB,NPB,full_cross_league,NPB,金子　弌大,2018,0.890494593427793,0.43809974793282164,0.20466109623041903
lightgbm,MLB,NPB,full_cross_league,NPB,吉川　光夫,2018,0.07803094113884641,-0.04468148164486734,0.015058338705448909
lightgbm,MLB,NPB,full_cross_league,NPB,有原　航平,2018,0.0238666976529166,-0.5317031502235922,0.3086578558695271
lightgbm,MLB,NPB,full_cross_league,NPB,上沢　直之,2018,0.0238666976529166,-0.2147509351716431,0.05693837469479639
lightgbm,MLB,NPB,full_cross_league,NPB,村田　透,2018,-0.192790276290803,0.055958341379622835,0.061875874792947684
lightgbm,MLB,NPB,full_cross_league,NPB,加藤　貴之,2018,-0.3552830067485919,-0.37761900710328317,4.988969118447673e-4
lightgbm,MLB,NPB,full_cross_league,NPB,上原　健太,2018,-0.5502742832979389,-0.39755152126923143,0.02332424204167722
lightgbm,MLB,NPB,full_cross_league,NPB,杉浦　稔大,2018,-0.561107131995125,-0.44967968181346807,0.01241607665398563
lightgbm,MLB,NPB,full_cross_league,NPB,斎藤　佑樹,2018,-0.561107131995125,-0.3762946486420527,0.034155654003129615
lightgbm,MLB,NPB,full_cross_league,NPB,堀　瑞輝,2018,-0.6304373636571149,-0.4995584932545784,0.017129278717843942
lightgbm,MLB,NPB,full_cross_league,NPB,吉田　侑樹,2018,-0.63477050313599,-0.510129727684364,0.015535322905182654
lightgbm,MLB,NPB,full_cross_league,NPB,宮台　康平,2018,-0.651019776181769,-0.5499155023041654,0.01022207419631747
lightgbm,MLB,NPB,full_cross_league,NPB,山岡　泰輔,2018,-0.24695451977673202,-0.550882638816581,0.0923723015431006
lightgbm,MLB,NPB,full_cross_league,NPB,東明　大貴,2018,-0.4852771911148231,-0.3436169213496614,0.02006763202993839
lightgbm,MLB,NPB,full_cross_league,NPB,田嶋　大樹,2018,-0.5177757372063811,-0.4921044563238652,6.590146621490298e-4
lightgbm,MLB,NPB,full_cross_league,NPB,竹安　大知,2018,-0.636937072875427,-0.6768622308215229,0.0015940182370207012
lightgbm,MLB,NPB,full_cross_league,NPB,榊原　翼,2018,-0.6531863459212057,-0.5202176362760371,0.017680677744701154
lightgbm,MLB,NPB,full_cross_league,NPB,岸　孝之,2018,2.51542189800569,2.611216311916673,0.009176569736548729
lightgbm,MLB,NPB,full_cross_league,NPB,則本　昂大,2018,1.9737794631463899,1.989829460341863,2.5760240997469325e-4
lightgbm,MLB,NPB,full_cross_league,NPB,美馬　学,2018,-0.0302975458330132,-0.38117409946854164,0.12311435589114587
lightgbm,MLB,NPB,full_cross_league,NPB,辛島　航,2018,-0.192790276290803,0.33477660447337443,0.27832681367924383
lightgbm,MLB,NPB,full_cross_league,NPB,塩見　貴洋,2018,-0.36611585544577796,-4.771227702603069e-4,0.13369168283255867
lightgbm,MLB,NPB,full_cross_league,NPB,福井　優也,2018,-0.4636114937204521,0.09364834547621961,0.31053852838150037
lightgbm,MLB,NPB,full_cross_league,NPB,藤平　尚真,2018,-0.5394414346007531,-0.5043638994532798,0.001230433472022229
lightgbm,MLB,NPB,full_cross_league,NPB,安樂　智大,2018,-0.561107131995125,-0.499453692081052,0.003801146653238205
lightgbm,MLB,NPB,full_cross_league,NPB,西口　直人,2018,-0.6661857643578288,-0.6073800785334209,0.0034581086852789713
lightgbm,MLB,NPB,full_cross_league,NPB,内海　哲也,2018,0.34885215856849494,0.34917525854547776,1.0439359512629968e-7
lightgbm,MLB,NPB,full_cross_league,NPB,多和田　真三郎,2018,0.132195184624776,-0.4561587269031607,0.34616032521022316
lightgbm,MLB,NPB,full_cross_league,NPB,榎田　大樹,2018,-0.138626032804873,1.0024197923555527,1.3019855751160365
lightgbm,MLB,NPB,full_cross_league,NPB,十亀　剣,2018,-0.181957427593617,0.18933674587112675,0.13785936324886722
lightgbm,MLB,NPB,full_cross_league,NPB,髙橋　光成,2018,-0.5340250102521601,-0.4878810069253663,0.0021292690430231576
lightgbm,MLB,NPB,full_cross_league,NPB,今井　達也,2018,-0.5394414346007531,-0.5123356356613668,7.347243361424387e-4
lightgbm,MLB,NPB,full_cross_league,NPB,郭　俊麟,2018,-0.6044385267838689,-0.4521264230518631,0.023198976943269285
lightgbm,MLB,NPB,full_cross_league,NPB,涌井　秀章,2018,1.43213702828709,0.07494518580262893,1.8419696973063664
lightgbm,MLB,NPB,full_cross_league,NPB,石川　歩,2018,0.5113448890262849,0.765455691774427,0.06457230007330514
lightgbm,MLB,NPB,full_cross_league,NPB,二木　康太,2018,-0.268620217171104,-0.4648903712473371,0.038521973381108285
lightgbm,MLB,NPB,full_cross_league,NPB,有吉　優樹,2018,-0.27945306586829005,-0.23976523006423606,0.0015751243108095502
lightgbm,MLB,NPB,full_cross_league,NPB,酒居　知史,2018,-0.5015264641606019,-0.4559581091024828,0.002076474982702806
lightgbm,MLB,NPB,full_cross_league,NPB,土肥　星也,2018,-0.6066050965233062,-0.5184960808552422,0.007763198641995138
lightgbm,MLB,NPB,full_cross_league,NPB,山本　大貴,2018,-0.6098549511324619,-0.5029659234659534,0.011425264235491629
lightgbm,MLB,NPB,full_cross_league,NPB,渡邉　啓太,2018,-0.6152713754810549,-0.3610030726806231,0.0646523698090121
lightgbm,MLB,NPB,full_cross_league,NPB,種市　篤暉,2018,-0.6607693400092358,-0.5064631352713002,0.023810404820625717
lightgbm,MLB,NPB,full_cross_league,NPB,西　勇輝,2019,1.43213702828709,1.1220474294652705,0.09615555929747698
lightgbm,MLB,NPB,full_cross_league,NPB,藤浪　晋太郎,2019,-0.0519632432273851,-0.40752048544431174,0.12642095249290625
lightgbm,MLB,NPB,full_cross_league,NPB,岩田　稔,2019,-0.32278446065703403,0.1291013746300222,0.2042008081330805
lightgbm,MLB,NPB,full_cross_league,NPB,中田　賢一,2019,-0.3552830067485919,0.22951183115278528,0.34198500243609803
lightgbm,MLB,NPB,full_cross_league,NPB,秋山　拓巳,2019,-0.38778155284015,-0.13757121013478915,0.0626052155967341
lightgbm,MLB,NPB,full_cross_league,NPB,岩貞　祐太,2019,-0.38778155284015,0.13945021937826504,0.2779733416365706
lightgbm,MLB,NPB,full_cross_league,NPB,青柳　晃洋,2019,-0.409447250234522,0.003191219841681047,0.1702705069868295
lightgbm,MLB,NPB,full_cross_league,NPB,髙橋　遥人,2019,-0.496110039812009,-0.35013208700183185,0.021309562706650312
lightgbm,MLB,NPB,full_cross_league,NPB,才木　浩人,2019,-0.5936056780866831,-0.46411458936391403,0.016767942058608043
lightgbm,MLB,NPB,full_cross_league,NPB,望月　惇志,2019,-0.6098549511324619,-0.5111506605843745,0.009742536972601253
lightgbm,MLB,NPB,full_cross_league,NPB,今永　昇太,2019,0.7388347116671901,0.17958990766723512,0.312754750800948
lightgbm,MLB,NPB,full_cross_league,NPB,井納　翔一,2019,-0.07362894062175701,-0.19597301556487076,0.014968072673686234
lightgbm,MLB,NPB,full_cross_league,NPB,濵口　遥大,2019,-0.138626032804873,-0.1673768465839285,8.266092929579276e-4
lightgbm,MLB,NPB,full_cross_league,NPB,東　克樹,2019,-0.257787368473918,-0.4837055000000214,0.05103900215224576
lightgbm,MLB,NPB,full_cross_league,NPB,上茶谷　大河,2019,-0.268620217171104,-0.4374508752545241,0.028503791108880697
lightgbm,MLB,NPB,full_cross_league,NPB,大貫　晋一,2019,-0.4636114937204521,-0.29568588381757915,0.028199010461251853
lightgbm,MLB,NPB,full_cross_league,NPB,平良　拳太郎,2019,-0.5069428885091951,-0.46631085674184647,0.0016509620055428292
lightgbm,MLB,NPB,full_cross_league,NPB,京山　将弥,2019,-0.6131048057416179,-0.46704609174111666,0.0213331479354802
lightgbm,MLB,NPB,full_cross_league,NPB,阪口　皓亮,2019,-0.6683523340972657,-0.5172453962581014,0.02283330666312906
lightgbm,MLB,NPB,full_cross_league,NPB,菅野　智之,2019,6.306918942020769,1.3379268999845721,24.69088191381905
lightgbm,MLB,NPB,full_cross_league,NPB,桜井　俊貴,2019,-0.409447250234522,-0.37606733288908095,0.001114218881988476
lightgbm,MLB,NPB,full_cross_league,NPB,今村　信貴,2019,-0.43111294762889407,-0.23563250313935813,0.03821260417782654
lightgbm,MLB,NPB,full_cross_league,NPB,髙橋　優貴,2019,-0.474444342417637,-0.39309927437085557,0.006617020095535502
lightgbm,MLB,NPB,full_cross_league,NPB,畠　世周,2019,-0.557857277385969,-0.4828622851123663,0.005624248866117734
lightgbm,MLB,NPB,full_cross_league,NPB,古川　侑利,2019,-0.561107131995125,-0.4407057892923061,0.014496483324641637
lightgbm,MLB,NPB,full_cross_league,NPB,戸郷　翔征,2019,-0.664019194618392,-0.7114191119833218,0.0022467521662021704
lightgbm,MLB,NPB,full_cross_league,NPB,大野　雄大,2019,0.6738376194840741,2.131543460481228,2.12490631887722
lightgbm,MLB,NPB,full_cross_league,NPB,吉見　一起,2019,0.240523671596636,0.5021193504508273,0.0684322991951852
lightgbm,MLB,NPB,full_cross_league,NPB,山井　大介,2019,-0.23070524673095302,0.1177614933505794,0.12142906894305029
lightgbm,MLB,NPB,full_cross_league,NPB,柳　裕也,2019,-0.24695451977673202,-0.05490838190494342,0.03688171907147003
lightgbm,MLB,NPB,full_cross_league,NPB,松葉　貴大,2019,-0.4636114937204521,-0.4036349765421194,0.003597182612842836
lightgbm,MLB,NPB,full_cross_league,NPB,小笠原　慎之介,2019,-0.528608585903567,-0.4293124749969674,0.00985971764117572
lightgbm,MLB,NPB,full_cross_league,NPB,福谷　浩司,2019,-0.5394414346007531,0.49607367377350786,1.0722915396713573
lightgbm,MLB,NPB,full_cross_league,NPB,笠原　祥太郎,2019,-0.5556907076465322,-0.45271302196686236,0.010604403747940873
lightgbm,MLB,NPB,full_cross_league,NPB,梅津　晃大,2019,-0.571939980692311,-0.5749449348478818,9.029749477082116e-6
lightgbm,MLB,NPB,full_cross_league,NPB,山本　拓実,2019,-0.6152713754810549,-0.5043464775338141,0.012304332984605789
lightgbm,MLB,NPB,full_cross_league,NPB,勝野　昌慶,2019,-0.6152713754810549,-0.5237083968884454,0.008383779048750671
lightgbm,MLB,NPB,full_cross_league,NPB,清水　達也,2019,-0.6477699215726129,-0.49634643155281755,0.022929073329775073
lightgbm,MLB,NPB,full_cross_league,NPB,阿知羅　拓馬,2019,-0.6477699215726129,-0.3962731379780817,0.06325063215839447
lightgbm,MLB,NPB,full_cross_league,NPB,Ｋ．ジョンソン,2019,2.2175185588330706,1.3889259638299378,0.68656568849402555
lightgbm,MLB,NPB,full_cross_league,NPB,大瀬良　大地,2019,1.16131581085744,0.9463572696002479,0.046207174459419936
lightgbm,MLB,NPB,full_cross_league,NPB,野村　祐輔,2019,0.565509132512215,0.22749220478851334,0.11425544342777016
lightgbm,MLB,NPB,full_cross_league,NPB,九里　亜蓮,2019,0.0455323950472885,1.0334278959150973,0.975937520634859
lightgbm,MLB,NPB,full_cross_league,NPB,岡田　明丈,2019,-0.257787368473918,-0.4407520198430878,0.03347606365064186
lightgbm,MLB,NPB,full_cross_league,NPB,薮田　和樹,2019,-0.43111294762889407,-0.41595283357145807,2.298290582344687e-4
lightgbm,MLB,NPB,full_cross_league,NPB,床田　寛樹,2019,-0.44194579632608,-0.23824265352504692,0.041494970387018076
lightgbm,MLB,NPB,full_cross_league,NPB,アドゥワ　誠,2019,-0.496110039812009,-0.5224769802566902,6.952155484133645e-4
lightgbm,MLB,NPB,full_cross_league,NPB,中村　祐太,2019,-0.626104224178241,-0.5388528854161183,0.007612796115782687
lightgbm,MLB,NPB,full_cross_league,NPB,山口　翔,2019,-0.6531863459212057,-0.5160445623608341,0.018807868798119826
lightgbm,MLB,NPB,full_cross_league,NPB,石川　雅規,2019,0.40301640205442507,1.096974029723449,0.48157718900001945
lightgbm,MLB,NPB,full_cross_league,NPB,小川　泰弘,2019,0.240523671596636,0.9336457678223717,0.48041824027635804
lightgbm,MLB,NPB,full_cross_league,NPB,原　樹理,2019,-0.37694870414296405,-0.31357068805231225,0.004016772923586919
lightgbm,MLB,NPB,full_cross_league,NPB,高梨　裕稔,2019,-0.37694870414296405,0.042332136624280675,0.1757964234344876
lightgbm,MLB,NPB,full_cross_league,NPB,山田　大樹,2019,-0.5177757372063811,0.1440061491387986,0.43795526509458443
lightgbm,MLB,NPB,full_cross_league,NPB,高橋　奎二,2019,-0.5502742832979389,-0.45292025990991275,0.009477805869836348
lightgbm,MLB,NPB,full_cross_league,NPB,田川　賢吾,2019,-0.6586027702697991,-0.4705045195246776,0.035380951933374594
lightgbm,MLB,NPB,full_cross_league,NPB,千賀　滉大,2019,2.51542189800569,0.13532608350351286,5.664856086210782
lightgbm,MLB,NPB,full_cross_league,NPB,和田　毅,2019,0.34885215856849494,0.7572384259536059,0.16677934338874334
lightgbm,MLB,NPB,full_cross_league,NPB,東浜　巨,2019,-0.008631848438641248,-0.2800007693818058,0.0736410912538575
lightgbm,MLB,NPB,full_cross_league,NPB,高橋　礼,2019,-0.192790276290803,-0.5405714162940236,0.12095172134193971
lightgbm,MLB,NPB,full_cross_league,NPB,大竹　耕太郎,2019,-0.44194579632608,-0.41272568286451644,8.538150307066478e-4
lightgbm,MLB,NPB,full_cross_league,NPB,二保　旭,2019,-0.496110039812009,-0.2365602679223101,0.06736608408799474
lightgbm,MLB,NPB,full_cross_league,NPB,松本　裕樹,2019,-0.6044385267838689,-0.4665505328719368,0.019013098865057015
lightgbm,MLB,NPB,full_cross_league,NPB,金子　弌大,2019,1.21548005434337,0.5037532593024163,0.5065550307792676
lightgbm,MLB,NPB,full_cross_league,NPB,有原　航平,2019,0.8363303499418638,0.8589742246437159,5.127450615131743e-4
lightgbm,MLB,NPB,full_cross_league,NPB,上沢　直之,2019,-0.084461789318943,-0.23438410984740968,0.022476702192640294
lightgbm,MLB,NPB,full_cross_league,NPB,加藤　貴之,2019,-0.116960335410501,0.11295190461495094,0.05285963811352103
lightgbm,MLB,NPB,full_cross_league,NPB,杉浦　稔大,2019,-0.5177757372063811,-0.16399708104505709,0.1251593375553124
lightgbm,MLB,NPB,full_cross_league,NPB,上原　健太,2019,-0.5502742832979389,-0.5199388561268389,9.202381416531151e-4
lightgbm,MLB,NPB,full_cross_league,NPB,吉田　輝星,2019,-0.622854369569085,-0.49949814257325753,0.015216758738646119
lightgbm,MLB,NPB,full_cross_league,NPB,北浦　竜次,2019,-0.6586027702697991,-0.5173523935076151,0.019951668935458928
lightgbm,MLB,NPB,full_cross_league,NPB,山岡　泰輔,2019,0.34885215856849494,-0.26966393922763976,0.38256216323295766
lightgbm,MLB,NPB,full_cross_league,NPB,山本　由伸,2019,0.240523671596636,-0.41161914913245096,0.42529025862849
lightgbm,MLB,NPB,full_cross_league,NPB,Ｋ－鈴木,2019,-0.496110039812009,-0.2938827834977092,0.04089586319640952
lightgbm,MLB,NPB,full_cross_league,NPB,榊原　翼,2019,-0.528608585903567,-0.4215406728784468,0.011463537999554692
lightgbm,MLB,NPB,full_cross_league,NPB,田嶋　大樹,2019,-0.5394414346007531,-0.45616480889958394,0.00693499638817263
lightgbm,MLB,NPB,full_cross_league,NPB,東明　大貴,2019,-0.5394414346007531,-0.38315950767096196,0.02442404068488858
lightgbm,MLB,NPB,full_cross_league,NPB,竹安　大知,2019,-0.5394414346007531,-0.28810839359693496,0.06316829750022693
lightgbm,MLB,NPB,full_cross_league,NPB,荒西　祐大,2019,-0.5632737017345619,-0.32480305387140884,0.05686824989227196
lightgbm,MLB,NPB,full_cross_league,NPB,張　奕,2019,-0.6477699215726129,-0.5160475167485153,0.017350791932643446
lightgbm,MLB,NPB,full_cross_league,NPB,鈴木　優,2019,-0.677018613055015,-0.513731564460477,0.02666266023871502
lightgbm,MLB,NPB,full_cross_league,NPB,則本　昂大,2019,2.51542189800569,1.9038005711263988,0.374080647493585
lightgbm,MLB,NPB,full_cross_league,NPB,岸　孝之,2019,2.51542189800569,0.807798595769596,2.9159773423397035
lightgbm,MLB,NPB,full_cross_league,NPB,涌井　秀章,2019,0.619673375998144,0.6099207236057689,9.511422868649986e-5
lightgbm,MLB,NPB,full_cross_league,NPB,辛島　航,2019,-0.06279609192457111,0.16518024409723275,0.05197320978592643
lightgbm,MLB,NPB,full_cross_league,NPB,塩見　貴洋,2019,-0.409447250234522,1.1739796717047282,2.5072408171220077
lightgbm,MLB,NPB,full_cross_league,NPB,石橋　良太,2019,-0.45277864502326604,0.5696922440800885,1.0454467190638042
lightgbm,MLB,NPB,full_cross_league,NPB,福井　優也,2019,-0.4852771911148231,-0.3564324368630086,0.016600970698210475
lightgbm,MLB,NPB,full_cross_league,NPB,藤平　尚真,2019,-0.571939980692311,-0.45395642287564836,0.013920119915077777
lightgbm,MLB,NPB,full_cross_league,NPB,釜田　佳直,2019,-0.571939980692311,-0.4622481984635525,0.012032287088521386
lightgbm,MLB,NPB,full_cross_league,NPB,弓削　隼人,2019,-0.5881892537380901,-0.3901829363701032,0.03920650171763193
lightgbm,MLB,NPB,full_cross_league,NPB,菅原　秀,2019,-0.5936056780866831,-0.3735378653599464,0.048429842198330054
lightgbm,MLB,NPB,full_cross_league,NPB,近藤　弘樹,2019,-0.626104224178241,-0.48077654050997454,0.021120135640383713
lightgbm,MLB,NPB,full_cross_league,NPB,熊原　健人,2019,-0.636937072875427,-0.38913126406274245,0.06140771888130877
lightgbm,MLB,NPB,full_cross_league,NPB,髙田　萌生,2019,-0.65751948540008,-0.7102583645684378,0.002781389375934649
lightgbm,MLB,NPB,full_cross_league,NPB,十亀　剣,2019,0.0238666976529166,-0.09067531111461857,0.013119871772502106
lightgbm,MLB,NPB,full_cross_league,NPB,榎田　大樹,2019,-0.21445597368517402,-0.2724658254438882,0.0033651429010679943
lightgbm,MLB,NPB,full_cross_league,NPB,髙橋　光成,2019,-0.3011187632626621,-0.35859644286427855,0.003303683652386073
lightgbm,MLB,NPB,full_cross_league,NPB,今井　達也,2019,-0.3552830067485919,-0.4477253472292956,0.008545586313550341
lightgbm,MLB,NPB,full_cross_league,NPB,松坂　大輔,2019,-0.409447250234522,0.0391110649088819,0.20120456208428925
lightgbm,MLB,NPB,full_cross_league,NPB,松本　航,2019,-0.5069428885091951,-0.5043743468355079,6.597406329468112e-6
lightgbm,MLB,NPB,full_cross_league,NPB,本田　圭佑,2019,-0.561107131995125,-0.2774126182011781,0.08048257715678392
lightgbm,MLB,NPB,full_cross_league,NPB,相内　誠,2019,-0.6705189038367028,-0.5184517192359274,0.023124428632406303
lightgbm,MLB,NPB,full_cross_league,NPB,石川　歩,2019,0.40301640205442507,0.2872854032608341,0.013393664081762149
lightgbm,MLB,NPB,full_cross_league,NPB,美馬　学,2019,-0.0302975458330132,1.1643301332729583,1.4271352916861202
lightgbm,MLB,NPB,full_cross_league,NPB,二木　康太,2019,-0.23612167107954596,-0.39558105746756755,0.025427295907244366
lightgbm,MLB,NPB,full_cross_league,NPB,有吉　優樹,2019,-0.36611585544577796,-0.3591955567507834,4.789053402794332e-5
lightgbm,MLB,NPB,full_cross_league,NPB,種市　篤暉,2019,-0.409447250234522,-0.5058508285960231,0.009293649920902093
lightgbm,MLB,NPB,full_cross_league,NPB,岩下　大輝,2019,-0.4636114937204521,-0.5049253982493697,0.0017068387074245172
lightgbm,MLB,NPB,full_cross_league,NPB,佐々木　千隼,2019,-0.521025591815537,-0.5031659709824241,3.189660563025595e-4
lightgbm,MLB,NPB,full_cross_league,NPB,小島　和哉,2019,-0.5502742832979389,-0.48855111594365397,0.0038097493882450683
lightgbm,MLB,NPB,full_cross_league,NPB,土肥　星也,2019,-0.5686901260831552,-0.4120760605897742,0.024527965510365023
lightgbm,MLB,NPB,full_cross_league,NPB,チェン・ウェイン,2020,1.49713412047021,-0.16638517704577788,2.7672964532080857
lightgbm,MLB,NPB,full_cross_league,NPB,西　勇輝,2020,1.43213702828709,0.7793488851800754,0.4261323597811042
lightgbm,MLB,NPB,full_cross_league,NPB,秋山　拓巳,2020,-0.181957427593617,0.11165919329832596,0.08621072006400296
lightgbm,MLB,NPB,full_cross_league,NPB,青柳　晃洋,2020,-0.192790276290803,0.02072690980054672,0.04558958875636807
lightgbm,MLB,NPB,full_cross_league,NPB,髙橋　遥人,2020,-0.42028009893170803,-0.2889567304951645,0.017245827097520153
lightgbm,MLB,NPB,full_cross_league,NPB,二保　旭,2020,-0.43111294762889407,-0.3204950075030453,0.012236328677685858
lightgbm,MLB,NPB,full_cross_league,NPB,岩田　稔,2020,-0.532941725382442,-0.019919125899715548,0.26319218758001395
lightgbm,MLB,NPB,full_cross_league,NPB,中田　賢一,2020,-0.544857858949346,0.274148604940622,0.6707715878935495
lightgbm,MLB,NPB,full_cross_league,NPB,今永　昇太,2020,0.34885215856849494,0.6725769284664654,0.10479772664549394
lightgbm,MLB,NPB,full_cross_league,NPB,濵口　遥大,2020,-0.138626032804873,-0.30083879828528076,0.026312981284801765
lightgbm,MLB,NPB,full_cross_league,NPB,大貫　晋一,2020,-0.16570815454783805,-0.33958544467146107,0.030233312020734572
lightgbm,MLB,NPB,full_cross_league,NPB,上茶谷　大河,2020,-0.268620217171104,-0.4122147184987027,0.02061938081152175
lightgbm,MLB,NPB,full_cross_league,NPB,平良　拳太郎,2020,-0.37694870414296405,-0.28758041690580044,0.007986690763704181
lightgbm,MLB,NPB,full_cross_league,NPB,有吉　優樹,2020,-0.44194579632608,-0.2420832204244195,0.039945049246047006
lightgbm,MLB,NPB,full_cross_league,NPB,坂本　裕哉,2020,-0.5562323500813919,-0.5074041918365101,0.002384189037587223
lightgbm,MLB,NPB,full_cross_league,NPB,京山　将弥,2020,-0.5914391083472458,-0.48657548957610103,0.010996378541779981
lightgbm,MLB,NPB,full_cross_league,NPB,阪口　皓亮,2020,-0.6683523340972657,-0.523054893376377,0.02111134628004016
lightgbm,MLB,NPB,full_cross_league,NPB,中川　虎大,2020,-0.6835183222733269,-0.4903480731157706,0.037314745159592363
lightgbm,MLB,NPB,full_cross_league,NPB,菅野　智之,2020,7.9318462465986705,2.3761704944227735,30.865533063315226
lightgbm,MLB,NPB,full_cross_league,NPB,井納　翔一,2020,0.34885215856849494,0.5280864680626175,0.03212493769983491
lightgbm,MLB,NPB,full_cross_league,NPB,今村　信貴,2020,-0.409447250234522,-0.006139904228053024,0.16265681534278167
lightgbm,MLB,NPB,full_cross_league,NPB,戸郷　翔征,2020,-0.45277864502326604,-0.5365941688350817,0.00702504203184904
lightgbm,MLB,NPB,full_cross_league,NPB,畠　世周,2020,-0.496110039812009,-0.24694056924178248,0.06208542506424699
lightgbm,MLB,NPB,full_cross_league,NPB,髙橋　優貴,2020,-0.5264420161641301,-0.5097229930669563,2.7952573332382997e-4
lightgbm,MLB,NPB,full_cross_league,NPB,直江　大輔,2020,-0.6531863459212057,-0.5443802242361185,0.01183877211615
lightgbm,MLB,NPB,full_cross_league,NPB,横川　凱,2020,-0.6661857643578288,-0.4746169092009555,0.036698626266115114
lightgbm,MLB,NPB,full_cross_league,NPB,大野　雄大,2020,2.51542189800569,2.31217180936866,0.04131059853096068
lightgbm,MLB,NPB,full_cross_league,NPB,柳　裕也,2020,-0.29028591456547603,-0.12014523035855831,0.028947852422398102
lightgbm,MLB,NPB,full_cross_league,NPB,福谷　浩司,2020,-0.42028009893170803,0.843476766583299,1.5970814151363157
lightgbm,MLB,NPB,full_cross_league,NPB,松葉　貴大,2020,-0.4636114937204521,-0.04784258434444473,0.17286378600371463
lightgbm,MLB,NPB,full_cross_league,NPB,勝野　昌慶,2020,-0.5556907076465322,-0.5366209466503195,3.636557844526757e-4
lightgbm,MLB,NPB,full_cross_league,NPB,梅津　晃大,2020,-0.571939980692311,-0.4397334245715528,0.01747857348131119
lightgbm,MLB,NPB,full_cross_league,NPB,小笠原　慎之介,2020,-0.5773564050409039,-0.5110673857565208,0.004394234077685319
lightgbm,MLB,NPB,full_cross_league,NPB,岡野　祐一郎,2020,-0.6152713754810549,-0.5048744100695294,0.012187489972073568
lightgbm,MLB,NPB,full_cross_league,NPB,山本　拓実,2020,-0.6200378289078169,-0.5165323640126479,0.010713381263165058
lightgbm,MLB,NPB,full_cross_league,NPB,清水　達也,2020,-0.6477699215726129,-0.5034476703380169,0.02082891220142187
lightgbm,MLB,NPB,full_cross_league,NPB,大瀬良　大地,2020,0.890494593427793,-0.12218937802335922,1.025528826034078
lightgbm,MLB,NPB,full_cross_league,NPB,野村　祐輔,2020,0.565509132512215,-0.13552197344062472,0.4914446115134617
lightgbm,MLB,NPB,full_cross_league,NPB,九里　亜蓮,2020,0.208025125505078,0.8528529177326802,0.41580288162912377
lightgbm,MLB,NPB,full_cross_league,NPB,森下　暢仁,2020,-0.268620217171104,-0.5940704904513247,0.10591788037817029
lightgbm,MLB,NPB,full_cross_league,NPB,床田　寛樹,2020,-0.44194579632608,-0.2827390984710277,0.025346772641909918
lightgbm,MLB,NPB,full_cross_league,NPB,遠藤　淳志,2020,-0.474444342417637,-0.4213446894209922,0.002819573148364091
lightgbm,MLB,NPB,full_cross_league,NPB,中村　祐太,2020,-0.571939980692311,-0.3545261942320723,0.04726875454297826
lightgbm,MLB,NPB,full_cross_league,NPB,小川　泰弘,2020,0.998823080399653,0.4634102025369566,0.28666694978121454
lightgbm,MLB,NPB,full_cross_league,NPB,石川　雅規,2020,0.240523671596636,-0.08287570652286437,0.10458715776807957
lightgbm,MLB,NPB,full_cross_league,NPB,田口　麗斗,2020,0.0238666976529166,-0.4483842767807528,0.2230209828535503
lightgbm,MLB,NPB,full_cross_league,NPB,高梨　裕稔,2020,-0.33361730935422,-0.03761409310993744,0.0876179040269595
lightgbm,MLB,NPB,full_cross_league,NPB,原　樹理,2020,-0.45277864502326604,-0.36429618895069527,0.007829145032634415
lightgbm,MLB,NPB,full_cross_league,NPB,奥川　恭伸,2020,-0.561107131995125,-0.25216027927476453,0.09544815780581609
lightgbm,MLB,NPB,full_cross_league,NPB,吉田　大喜,2020,-0.571939980692311,-0.4879978770884609,0.0070462767574395084
lightgbm,MLB,NPB,full_cross_league,NPB,高橋　奎二,2020,-0.5773564050409039,-0.5154511665045379,0.0038322585582443716
lightgbm,MLB,NPB,full_cross_league,NPB,歳内　宏明,2020,-0.6477699215726129,-0.3150113260376466,0.11072828290240332
lightgbm,MLB,NPB,full_cross_league,NPB,金久保　優斗,2020,-0.6716021887064217,-0.501651833820081,0.028883123125993147
lightgbm,MLB,NPB,full_cross_league,NPB,千賀　滉大,2020,3.59870676772428,0.9416428385846171,7.0599887235351035
lightgbm,MLB,NPB,full_cross_league,NPB,和田　毅,2020,0.890494593427793,0.9349196813318316,0.0019735884352815513
lightgbm,MLB,NPB,full_cross_league,NPB,東浜　巨,2020,0.240523671596636,0.46788041802575747,0.05169109014683583
lightgbm,MLB,NPB,full_cross_league,NPB,石川　柊太,2020,0.132195184624776,0.9296769445056488,0.635977157342694
lightgbm,MLB,NPB,full_cross_league,NPB,武田　翔太,2020,-0.084461789318943,-0.3932377909221044,0.09534261916603555
lightgbm,MLB,NPB,full_cross_league,NPB,大竹　耕太郎,2020,-0.474444342417637,-0.3908123518149042,0.006994309852175587
lightgbm,MLB,NPB,full_cross_league,NPB,笠谷　俊介,2020,-0.496110039812009,-0.6863301532765564,0.036183691566465295
lightgbm,MLB,NPB,full_cross_league,NPB,上沢　直之,2020,0.186359428110706,-0.009442744303874958,0.03833849072226928
lightgbm,MLB,NPB,full_cross_league,NPB,杉浦　稔大,2020,-0.33361730935422,0.5823519374339324,0.8389996610616552
lightgbm,MLB,NPB,full_cross_league,NPB,河野　竜生,2020,-0.544857858949346,-0.4866642955014817,0.0033864908267606086
lightgbm,MLB,NPB,full_cross_league,NPB,上原　健太,2020,-0.5502742832979389,-0.31489494531069623,0.05540343275131263
lightgbm,MLB,NPB,full_cross_league,NPB,吉田　輝星,2020,-0.622854369569085,-0.5165578958241986,0.011298940330597319
lightgbm,MLB,NPB,full_cross_league,NPB,山本　由伸,2020,0.890494593427793,-0.3103796834608917,1.4420990288929212
lightgbm,MLB,NPB,full_cross_league,NPB,山岡　泰輔,2020,0.186359428110706,-0.10263481178855195,0.08351767069494985
lightgbm,MLB,NPB,full_cross_league,NPB,田嶋　大樹,2020,-0.27945306586829005,-0.40650730216671216,0.01614277896137528
lightgbm,MLB,NPB,full_cross_league,NPB,山﨑　福也,2020,-0.43111294762889407,-0.2215364640505934,0.04392230246904573
lightgbm,MLB,NPB,full_cross_league,NPB,竹安　大知,2020,-0.561107131995125,-0.4213600358270695,0.019529250887403746
lightgbm,MLB,NPB,full_cross_league,NPB,榊原　翼,2020,-0.571939980692311,-0.5022758849979995,0.004853086228906195
lightgbm,MLB,NPB,full_cross_league,NPB,張　奕,2020,-0.6152713754810549,-0.3398845312623131,0.07583791396875758
lightgbm,MLB,NPB,full_cross_league,NPB,宮城　大弥,2020,-0.6401869274845831,-0.48540011584850185,0.023958957056463687
lightgbm,MLB,NPB,full_cross_league,NPB,本田　仁海,2020,-0.680268467664171,-0.5806395842689853,0.009925914406571512
lightgbm,MLB,NPB,full_cross_league,NPB,則本　昂大,2020,2.51542189800569,1.2332903390431862,1.6438613344876207
lightgbm,MLB,NPB,full_cross_league,NPB,岸　孝之,2020,1.9737794631463899,2.0901355202765743,0.013538732030882756
lightgbm,MLB,NPB,full_cross_league,NPB,涌井　秀章,2020,0.998823080399653,0.9674167606210549,9.863569220355617e-4
lightgbm,MLB,NPB,full_cross_league,NPB,塩見　貴洋,2020,-0.3011187632626621,-0.23834114731465117,0.0039410290641159595
lightgbm,MLB,NPB,full_cross_league,NPB,石橋　良太,2020,-0.5177757372063811,-0.3518186625886939,0.02754175061566062
lightgbm,MLB,NPB,full_cross_league,NPB,福井　優也,2020,-0.5177757372063811,-0.31785018150535277,0.039970227822365
lightgbm,MLB,NPB,full_cross_league,NPB,弓削　隼人,2020,-0.5881892537380901,-0.40674881426121173,0.032920633077562746
lightgbm,MLB,NPB,full_cross_league,NPB,瀧中　瞭太,2020,-0.5936056780866831,-0.4670777455093881,0.01600931772228451
lightgbm,MLB,NPB,full_cross_league,NPB,髙橋　光成,2020,-0.008631848438641248,-0.4211062087734913,0.17013509793364373
lightgbm,MLB,NPB,full_cross_league,NPB,内海　哲也,2020,-0.12508497193339,0.2984124245647051,0.1793500448406648
lightgbm,MLB,NPB,full_cross_league,NPB,榎田　大樹,2020,-0.33361730935422,-0.31233770183230064,4.5282169628692764e-4
lightgbm,MLB,NPB,full_cross_league,NPB,松本　航,2020,-0.409447250234522,-0.46875454663801075,0.00351735540669127
lightgbm,MLB,NPB,full_cross_league,NPB,今井　達也,2020,-0.43111294762889407,-0.49808284473462466,0.004484967118352143
lightgbm,MLB,NPB,full_cross_league,NPB,浜屋　将太,2020,-0.5665235563437181,-0.5207118764312512,0.002098710016402326
lightgbm,MLB,NPB,full_cross_league,NPB,本田　圭佑,2020,-0.587105968868372,-0.3735219375500489,0.0456181384341864
lightgbm,MLB,NPB,full_cross_league,NPB,與座　海人,2020,-0.636937072875427,-0.4101560422764228,0.05142963583954647
lightgbm,MLB,NPB,full_cross_league,NPB,美馬　学,2020,0.565509132512215,1.1081591113664888,0.2944689995505438
lightgbm,MLB,NPB,full_cross_league,NPB,石川　歩,2020,0.45718064554035504,-0.1036445389054278,0.31452488750864627
lightgbm,MLB,NPB,full_cross_league,NPB,二木　康太,2020,-0.084461789318943,-0.38477594920150404,0.09018859462596844
lightgbm,MLB,NPB,full_cross_league,NPB,岩下　大輝,2020,-0.3552830067485919,-0.418000344062671,0.003933464399767976
lightgbm,MLB,NPB,full_cross_league,NPB,小島　和哉,2020,-0.36611585544577796,-0.426317485869498,0.0036242363056741772
lightgbm,MLB,NPB,full_cross_league,NPB,種市　篤暉,2020,-0.44194579632608,-0.39441208461876565,0.0022594537486740735
lightgbm,MLB,NPB,full_cross_league,NPB,中村　稔弥,2020,-0.5394414346007531,-0.5144536458402664,6.243895871387047e-4
lightgbm,MLB,NPB,full_cross_league,NPB,大嶺　祐太,2020,-0.6044385267838689,-0.37374029760261124,0.05322167294736808
lightgbm,MLB,NPB,full_cross_league,NPB,古谷　拓郎,2020,-0.682435037403608,-0.5632418429058237,0.014207017614586641
lightgbm,MLB,NPB,full_cross_league,NPB,チェン・ウェイン,2021,1.54046551525895,0.1807334611317074,1.84887125902109
lightgbm,MLB,NPB,full_cross_league,NPB,西　勇輝,2021,1.43213702828709,0.09537573411287538,1.7869307576023212
lightgbm,MLB,NPB,full_cross_league,NPB,青柳　晃洋,2021,0.565509132512215,0.45005832056585787,0.013328889979073121
lightgbm,MLB,NPB,full_cross_league,NPB,秋山　拓巳,2021,0.45718064554035504,1.030859207899272,0.3291070929101937
lightgbm,MLB,NPB,full_cross_league,NPB,伊藤　将司,2021,-0.257787368473918,-0.42281659646521114,0.027234646091402217
lightgbm,MLB,NPB,full_cross_league,NPB,髙橋　遥人,2021,-0.38778155284015,-0.10198480119592139,0.08167978325039287
lightgbm,MLB,NPB,full_cross_league,NPB,二保　旭,2021,-0.44194579632608,-0.38520942443883466,0.0032190158949278033
lightgbm,MLB,NPB,full_cross_league,NPB,西　純矢,2021,-0.599022102435276,-0.61102972119666,1.4418290831874124e-4
lightgbm,MLB,NPB,full_cross_league,NPB,村上　頌樹,2021,-0.6531863459212057,-0.46016683248791734,0.0372565325660234
lightgbm,MLB,NPB,full_cross_league,NPB,今永　昇太,2021,0.34885215856849494,0.9130239719086628,0.3182898349675332
lightgbm,MLB,NPB,full_cross_league,NPB,濵口　遥大,2021,-0.102877632104159,0.039048384434825056,0.020142994170623978
lightgbm,MLB,NPB,full_cross_league,NPB,大貫　晋一,2021,-0.10829405645275203,0.5588719478893868,0.44511047734985476
lightgbm,MLB,NPB,full_cross_league,NPB,上茶谷　大河,2021,-0.37694870414296405,-0.45207997182079807,0.005644707382878346
lightgbm,MLB,NPB,full_cross_league,NPB,有吉　優樹,2021,-0.44194579632608,-0.5498293959653181,0.011638871071119416
lightgbm,MLB,NPB,full_cross_league,NPB,平良　拳太郎,2021,-0.44194579632608,-0.48764745515416946,0.0020886416196390875
lightgbm,MLB,NPB,full_cross_league,NPB,東　克樹,2021,-0.46252820885073304,-0.25028980559020003,0.045045139818580625
lightgbm,MLB,NPB,full_cross_league,NPB,坂本　裕哉,2021,-0.496110039812009,-0.4251786163203863,0.005031266838547929
lightgbm,MLB,NPB,full_cross_league,NPB,京山　将弥,2021,-0.508026173378914,-0.5032204762915716,2.3094724495290776e-5
lightgbm,MLB,NPB,full_cross_league,NPB,入江　大生,2021,-0.561107131995125,-0.48753390055855544,0.005413020384019022
lightgbm,MLB,NPB,full_cross_league,NPB,阪口　皓亮,2021,-0.633145575831412,-0.4982320646562855,0.01820165549760097
lightgbm,MLB,NPB,full_cross_league,NPB,宮國　椋丞,2021,-0.6434367820937389,0.12538467947561102,0.5910864397696314
lightgbm,MLB,NPB,full_cross_league,NPB,中川　虎大,2021,-0.6629359097486729,-0.5028415299591928,0.025630210440178276
lightgbm,MLB,NPB,full_cross_league,NPB,菅野　智之,2021,5.765276507161479,1.008870712635011,22.623396082204966
lightgbm,MLB,NPB,full_cross_league,NPB,山口　俊,2021,-0.084461789318943,1.1442559937832926,1.5097473905116723
lightgbm,MLB,NPB,full_cross_league,NPB,戸郷　翔征,2021,-0.3011187632626621,-0.45477745380778767,0.023610993180042655
lightgbm,MLB,NPB,full_cross_league,NPB,髙橋　優貴,2021,-0.34445015805140594,-0.5290520848112278,0.03407787136343863
lightgbm,MLB,NPB,full_cross_league,NPB,今村　信貴,2021,-0.409447250234522,0.1313255696147561,0.29243524268773974
lightgbm,MLB,NPB,full_cross_league,NPB,直江　大輔,2021,-0.652103061051487,-0.5097467435300707,0.0202653211382583
lightgbm,MLB,NPB,full_cross_league,NPB,横川　凱,2021,-0.664019194618392,-0.3772179119153572,0.08225497576010608
lightgbm,MLB,NPB,full_cross_league,NPB,大野　雄大,2021,2.51542189800569,1.8195338087071096,0.48426023282762926
lightgbm,MLB,NPB,full_cross_league,NPB,柳　裕也,2021,0.34885215856849494,0.8489963458754934,0.250144208096978
lightgbm,MLB,NPB,full_cross_league,NPB,小笠原　慎之介,2021,-0.34445015805140594,-0.3945089315116732,0.002505880800346359
lightgbm,MLB,NPB,full_cross_league,NPB,福谷　浩司,2021,-0.42028009893170803,0.29015280079362027,0.5047149050121383
lightgbm,MLB,NPB,full_cross_league,NPB,松葉　貴大,2021,-0.43111294762889407,0.13514840413691565,0.3206519185036421
lightgbm,MLB,NPB,full_cross_league,NPB,勝野　昌慶,2021,-0.5069428885091951,-0.39188789830013876,0.013237650772006053
lightgbm,MLB,NPB,full_cross_league,NPB,梅津　晃大,2021,-0.6044385267838689,-0.5641877724650061,0.0016201232232374544
lightgbm,MLB,NPB,full_cross_league,NPB,笠原　祥太郎,2021,-0.626104224178241,-0.407853940901723,0.04763318615028034
lightgbm,MLB,NPB,full_cross_league,NPB,岡野　祐一郎,2021,-0.6391036426148641,-0.1970313417926053,0.19542791915428567
lightgbm,MLB,NPB,full_cross_league,NPB,清水　達也,2021,-0.6564362005303619,-0.492191733147534,0.026976245065868813
lightgbm,MLB,NPB,full_cross_league,NPB,大瀬良　大地,2021,1.21548005434337,0.7637502509953337,0.2040598152328555
lightgbm,MLB,NPB,full_cross_league,NPB,九里　亜蓮,2021,0.7821661064559338,0.12867111119830268,0.4270557088267713
lightgbm,MLB,NPB,full_cross_league,NPB,森下　暢仁,2021,0.07803094113884641,-0.2767106791693454,0.12584161717888132
lightgbm,MLB,NPB,full_cross_league,NPB,野村　祐輔,2021,0.0455323950472885,-0.45047978918121734,0.24602808690313321
lightgbm,MLB,NPB,full_cross_league,NPB,床田　寛樹,2021,-0.37694870414296405,0.30343402459245084,0.46292065756144923
lightgbm,MLB,NPB,full_cross_league,NPB,遠藤　淳志,2021,-0.5177757372063811,-0.67581012063452,0.024974866345511992
lightgbm,MLB,NPB,full_cross_league,NPB,薮田　和樹,2021,-0.528608585903567,0.09282095418446842,0.3861746732940272
lightgbm,MLB,NPB,full_cross_league,NPB,中村　祐太,2021,-0.5936056780866831,-0.4368746399098546,0.024564618327986468
lightgbm,MLB,NPB,full_cross_league,NPB,玉村　昇悟,2021,-0.6044385267838689,-0.46926541960481527,0.018271768904439916
lightgbm,MLB,NPB,full_cross_league,NPB,高橋　昂也,2021,-0.6044385267838689,-0.4777500452745322,0.016049971347141548
lightgbm,MLB,NPB,full_cross_league,NPB,小林　樹斗,2021,-0.680268467664171,-0.6802419055035339,7.055483777122982e-10
lightgbm,MLB,NPB,full_cross_league,NPB,小川　泰弘,2021,0.998823080399653,0.5039474627096641,0.24490187698404806
lightgbm,MLB,NPB,full_cross_league,NPB,サイスニード,2021,0.2946879150825661,1.4533126231477984,1.3424112141392448
lightgbm,MLB,NPB,full_cross_league,NPB,石川　雅規,2021,0.240523671596636,0.3428345225920857,0.010467510231413107
lightgbm,MLB,NPB,full_cross_league,NPB,田口　麗斗,2021,0.0238666976529166,-0.2910694218355139,0.09918475935843096
lightgbm,MLB,NPB,full_cross_league,NPB,高梨　裕稔,2021,-0.33361730935422,0.4652045847692442,0.638116418530999
lightgbm,MLB,NPB,full_cross_league,NPB,奥川　恭伸,2021,-0.34445015805140594,-0.40111671071906013,0.0032110981912360265
lightgbm,MLB,NPB,full_cross_league,NPB,原　樹理,2021,-0.45277864502326604,-0.3959098522002424,0.003234059597147986
lightgbm,MLB,NPB,full_cross_league,NPB,高橋　奎二,2021,-0.496110039812009,-0.3092849322904002,0.03490362080046069
lightgbm,MLB,NPB,full_cross_league,NPB,金久保　優斗,2021,-0.6044385267838689,-0.48287102181522623,0.014778658264300958
lightgbm,MLB,NPB,full_cross_league,NPB,山野　太一,2021,-0.631520648526834,-0.6922249354197698,0.003685010447179861
lightgbm,MLB,NPB,full_cross_league,NPB,千賀　滉大,2021,5.765276507161479,0.9772366811005881,22.92532537594521
lightgbm,MLB,NPB,full_cross_league,NPB,武田　翔太,2021,0.890494593427793,0.6530351856629477,0.05638697033603108
lightgbm,MLB,NPB,full_cross_league,NPB,和田　毅,2021,0.890494593427793,0.881726677709879,7.687634603644375e-5
lightgbm,MLB,NPB,full_cross_league,NPB,石川　柊太,2021,0.565509132512215,1.1117868882948752,0.2984193864629397
lightgbm,MLB,NPB,full_cross_league,NPB,東浜　巨,2021,0.132195184624776,0.34262690925159495,0.044281510729417356
lightgbm,MLB,NPB,full_cross_league,NPB,笠谷　俊介,2021,-0.496110039812009,-0.5101667021319176,1.9758975557593816e-4
lightgbm,MLB,NPB,full_cross_league,NPB,大竹　耕太郎,2021,-0.5069428885091951,-0.4450185807863998,0.00383461988694745
lightgbm,MLB,NPB,full_cross_league,NPB,上沢　直之,2021,0.890494593427793,0.3361524218793981,0.30729524315699014
lightgbm,MLB,NPB,full_cross_league,NPB,加藤　貴之,2021,0.0563652437444745,0.7270416067620622,0.4498067839104991
lightgbm,MLB,NPB,full_cross_league,NPB,金子　千尋,2021,-0.5177757372063811,-0.08750816854183385,0.18513018064450093
lightgbm,MLB,NPB,full_cross_league,NPB,立野　和明,2021,-0.5502742832979389,-0.549591206770193,4.6659354275740514e-7
lightgbm,MLB,NPB,full_cross_league,NPB,池田　隆英,2021,-0.5502742832979389,-0.049673080100265825,0.25060156464295796
lightgbm,MLB,NPB,full_cross_league,NPB,吉田　輝星,2021,-0.6293540787873969,-0.4704941283829205,0.02523648384251271
lightgbm,MLB,NPB,full_cross_league,NPB,生田目　翼,2021,-0.636937072875427,-0.507871149588169,0.01665801255399236
lightgbm,MLB,NPB,full_cross_league,NPB,山本　由伸,2021,3.2737213068087003,1.750149201108955,2.321271961266356
lightgbm,MLB,NPB,full_cross_league,NPB,田嶋　大樹,2021,0.132195184624776,-0.24667599506300528,0.14354337079801105
lightgbm,MLB,NPB,full_cross_league,NPB,山岡　泰輔,2021,0.0455323950472885,-0.12357735746796478,0.028598108395770216
lightgbm,MLB,NPB,full_cross_league,NPB,増井　浩俊,2021,0.0238666976529166,0.0447381680075654,4.3561827476498385e-4
lightgbm,MLB,NPB,full_cross_league,NPB,宮城　大弥,2021,-0.192790276290803,-0.5379890869068326,0.11916221885072142
lightgbm,MLB,NPB,full_cross_league,NPB,山﨑　福也,2021,-0.192790276290803,0.7215360702596326,0.8359926679962674
lightgbm,MLB,NPB,full_cross_league,NPB,山﨑　颯一郎,2021,-0.5936056780866831,-0.5077732017463212,0.007367213994718775
lightgbm,MLB,NPB,full_cross_league,NPB,榊原　翼,2021,-0.6477699215726129,-0.5075316880848568,0.019666762131766397
lightgbm,MLB,NPB,full_cross_league,NPB,本田　仁海,2021,-0.680268467664171,-0.5271554955914498,0.023443582216941913
lightgbm,MLB,NPB,full_cross_league,NPB,田中　将大,2021,9.015131116317262,0.968683151590073,64.74532484906233
lightgbm,MLB,NPB,full_cross_league,NPB,則本　昂大,2021,2.51542189800569,2.2568642294297794,0.06685206797941053
lightgbm,MLB,NPB,full_cross_league,NPB,岸　孝之,2021,1.9737794631463899,2.006731371448208,0.0010858282607314324
lightgbm,MLB,NPB,full_cross_league,NPB,涌井　秀章,2021,0.45718064554035504,-0.062091508012406524,0.2696435694553228
lightgbm,MLB,NPB,full_cross_league,NPB,早川　隆久,2021,-0.34445015805140594,-0.5011420435705074,0.0245523469875312
lightgbm,MLB,NPB,full_cross_league,NPB,塩見　貴洋,2021,-0.3552830067485919,-0.08274640963466234,0.07427619676644037
lightgbm,MLB,NPB,full_cross_league,NPB,瀧中　瞭太,2021,-0.409447250234522,0.5129897394365369,0.8508899999134053
lightgbm,MLB,NPB,full_cross_league,NPB,石橋　良太,2021,-0.561107131995125,-0.5341025771570688,7.292459820015842e-4
lightgbm,MLB,NPB,full_cross_league,NPB,弓削　隼人,2021,-0.6098549511324619,-0.39076695365605096,0.04799955063822385
lightgbm,MLB,NPB,full_cross_league,NPB,釜田　佳直,2021,-0.626104224178241,-0.36249246555605463,0.06949115928388183
lightgbm,MLB,NPB,full_cross_league,NPB,髙橋　光成,2021,0.45718064554035504,-0.3311519049722169,0.6214682101976569
lightgbm,MLB,NPB,full_cross_league,NPB,松本　航,2021,-0.14945888150205905,-0.10849345752918414,0.0016781659612773942
lightgbm,MLB,NPB,full_cross_league,NPB,今井　達也,2021,-0.181957427593617,-0.5806812004355646,0.15898064702931702
lightgbm,MLB,NPB,full_cross_league,NPB,内海　哲也,2021,-0.24695451977673202,-0.1506180500615743,0.0092807153971795
lightgbm,MLB,NPB,full_cross_league,NPB,浜屋　将太,2021,-0.5925223932169648,-0.5078421733325446,0.007170739639673755
lightgbm,MLB,NPB,full_cross_league,NPB,本田　圭佑,2021,-0.5979388175655571,-0.4543117168673338,0.020628744054977582
lightgbm,MLB,NPB,full_cross_league,NPB,渡邉　勇太朗,2021,-0.626104224178241,-0.4971401234281649,0.016631739282275775
lightgbm,MLB,NPB,full_cross_league,NPB,上間　永遠,2021,-0.664019194618392,-0.5102884871414418,0.023633130421363623
lightgbm,MLB,NPB,full_cross_league,NPB,石川　歩,2021,0.890494593427793,0.16492702082113592,0.5264483024183165
lightgbm,MLB,NPB,full_cross_league,NPB,美馬　学,2021,0.565509132512215,0.2006745216311335,0.13310429329675014
lightgbm,MLB,NPB,full_cross_league,NPB,小島　和哉,2021,-0.06279609192457111,-0.2713912690907075,0.04351194793697182
lightgbm,MLB,NPB,full_cross_league,NPB,二木　康太,2021,-0.138626032804873,-0.39875228540410496,0.06766566729131943
lightgbm,MLB,NPB,full_cross_league,NPB,岩下　大輝,2021,-0.24695451977673202,-0.2861895161086805,0.0015393849371680094
lightgbm,MLB,NPB,full_cross_league,NPB,佐々木　朗希,2021,-0.409447250234522,-0.6012114019963991,0.036773489900952236
lightgbm,MLB,NPB,full_cross_league,NPB,鈴木　昭汰,2021,-0.5177757372063811,-0.5176445123938379,1.7219951427008545e-8
lightgbm,MLB,NPB,full_cross_league,NPB,土肥　星也,2021,-0.6206877998296478,-0.2719767362088323,0.12159940589156047
lightgbm,MLB,NPB,full_cross_league,NPB,本前　郁也,2021,-0.6618526248789548,-0.4800142310483927,0.03306520147087861
lightgbm,MLB,NPB,full_cross_league,NPB,西　勇輝,2022,2.51542189800569,0.7982981936264119,2.9485138161412157
lightgbm,MLB,NPB,full_cross_league,NPB,青柳　晃洋,2022,1.8654509761745302,1.1413255793339507,0.5243575903495267
lightgbm,MLB,NPB,full_cross_league,NPB,秋山　拓巳,2022,0.21885797420226402,-0.33575627146391446,0.30759696149586413
lightgbm,MLB,NPB,full_cross_league,NPB,伊藤　将司,2022,0.132195184624776,-0.010697615873376387,0.02041835243420478
lightgbm,MLB,NPB,full_cross_league,NPB,西　純矢,2022,-0.43111294762889407,-0.4479489446424982,2.8345079544208647e-4
lightgbm,MLB,NPB,full_cross_league,NPB,大竹　耕太郎,2022,-0.5177757372063811,-0.3138619006400199,0.04158085274321269
lightgbm,MLB,NPB,full_cross_league,NPB,才木　浩人,2022,-0.528608585903567,-0.5365531408569953,6.311595340804348e-5
lightgbm,MLB,NPB,full_cross_league,NPB,小川　一平,2022,-0.5936056780866831,-0.3833764091199275,0.044196345530296464
lightgbm,MLB,NPB,full_cross_league,NPB,森木　大智,2022,-0.6044385267838689,-0.5057471411070473,0.00973998960681114
lightgbm,MLB,NPB,full_cross_league,NPB,今永　昇太,2022,0.7821661064559338,1.0675152488351203,0.08142413305653726
lightgbm,MLB,NPB,full_cross_league,NPB,大貫　晋一,2022,0.21885797420226402,1.0407057959411934,0.675433842097023
lightgbm,MLB,NPB,full_cross_league,NPB,石田　健大,2022,-0.06279609192457111,0.44617156943485564,0.25904808030968407
lightgbm,MLB,NPB,full_cross_league,NPB,濵口　遥大,2022,-0.06279609192457111,-0.021728508100129516,0.0016865464411775371
lightgbm,MLB,NPB,full_cross_league,NPB,上茶谷　大河,2022,-0.36611585544577796,-0.15352040290660998,0.045196826440333626
lightgbm,MLB,NPB,full_cross_league,NPB,京山　将弥,2022,-0.432196232498612,-0.46048290349116067,8.001357558406943e-4
lightgbm,MLB,NPB,full_cross_league,NPB,東　克樹,2022,-0.451695360153547,-0.047423592325982984,0.16343566226242384
lightgbm,MLB,NPB,full_cross_league,NPB,坂本　裕哉,2022,-0.4852771911148231,-0.522710547482632,0.0014012561689593808
lightgbm,MLB,NPB,full_cross_league,NPB,笠原　祥太郎,2022,-0.636937072875427,-0.3989910178069649,0.05661832512264361
lightgbm,MLB,NPB,full_cross_league,NPB,菅野　智之,2022,4.68199163744288,1.5012104259489492,10.117369115392796
lightgbm,MLB,NPB,full_cross_league,NPB,戸郷　翔征,2022,0.240523671596636,-0.5583026079653459,0.6381234249188377
lightgbm,MLB,NPB,full_cross_league,NPB,髙橋　優貴,2022,-0.409447250234522,-0.4390795149751078,8.780711136561632e-4
lightgbm,MLB,NPB,full_cross_league,NPB,山﨑　伊織,2022,-0.4636114937204521,-0.40108675396616245,0.003909343081341645
lightgbm,MLB,NPB,full_cross_league,NPB,横川　凱,2022,-0.6629359097486729,-0.5299971934061029,0.0176727023028103
lightgbm,MLB,NPB,full_cross_league,NPB,堀田　賢慎,2022,-0.664019194618392,-0.5044972476912958,0.0254472515514113
lightgbm,MLB,NPB,full_cross_league,NPB,井上　温大,2022,-0.664019194618392,-0.5345684181000296,0.016757503541206992
lightgbm,MLB,NPB,full_cross_league,NPB,大野　雄大,2022,2.51542189800569,1.0407276944271049,2.174722994068278
lightgbm,MLB,NPB,full_cross_league,NPB,柳　裕也,2022,0.43551494814598307,1.2429196725355738,0.651902388966631
lightgbm,MLB,NPB,full_cross_league,NPB,涌井　秀章,2022,0.34885215856849494,0.4784873415540869,0.016805280667707912
lightgbm,MLB,NPB,full_cross_league,NPB,小笠原　慎之介,2022,-0.019464697135827207,-0.2072537333537517,0.03526472212365695
lightgbm,MLB,NPB,full_cross_league,NPB,松葉　貴大,2022,-0.192790276290803,0.4752196193600838,0.4462372206875086
lightgbm,MLB,NPB,full_cross_league,NPB,髙橋　宏斗,2022,-0.3552830067485919,-0.6386097161485302,0.0802740242593971
lightgbm,MLB,NPB,full_cross_league,NPB,福谷　浩司,2022,-0.496110039812009,-0.48630908906004067,9.605863564250899e-5
lightgbm,MLB,NPB,full_cross_league,NPB,岡田　俊哉,2022,-0.528608585903567,-0.35393922325349497,0.030509386248582366
lightgbm,MLB,NPB,full_cross_league,NPB,勝野　昌慶,2022,-0.528608585903567,-0.33425382734137016,0.03777377217576981
lightgbm,MLB,NPB,full_cross_league,NPB,鈴木　博志,2022,-0.5881892537380901,-0.3913896555219255,0.038730081858043795
lightgbm,MLB,NPB,full_cross_league,NPB,岡野　祐一郎,2022,-0.64235349722402,-0.4007251345420634,0.058384265652363175
lightgbm,MLB,NPB,full_cross_league,NPB,上田　洸太朗,2022,-0.6466866367028941,-0.4919641484556157,0.02393904836942919
lightgbm,MLB,NPB,full_cross_league,NPB,大瀬良　大地,2022,1.21548005434337,0.17020353375723618,1.0926030044886539
lightgbm,MLB,NPB,full_cross_league,NPB,九里　亜蓮,2022,0.7821661064559338,1.6110113088043323,0.6869843694559578
lightgbm,MLB,NPB,full_cross_league,NPB,森下　暢仁,2022,0.45718064554035504,0.2362320144207538,0.04881829759362562
lightgbm,MLB,NPB,full_cross_league,NPB,野村　祐輔,2022,-0.138626032804873,-0.3985462070416801,0.06755849697529215
lightgbm,MLB,NPB,full_cross_league,NPB,床田　寛樹,2022,-0.192790276290803,-0.39498270786728507,0.04088177938681038
lightgbm,MLB,NPB,full_cross_league,NPB,遠藤　淳志,2022,-0.45277864502326604,-0.6050908018887015,0.023198993129001005
lightgbm,MLB,NPB,full_cross_league,NPB,大道　温貴,2022,-0.5936056780866831,-0.41063037146539133,0.033479962833155734
lightgbm,MLB,NPB,full_cross_league,NPB,玉村　昇悟,2022,-0.5936056780866831,-0.47733683539877025,0.013518443779986618
lightgbm,MLB,NPB,full_cross_league,NPB,サイスニード,2022,1.37797278480116,0.6054900500030845,0.5967295755611138
lightgbm,MLB,NPB,full_cross_league,NPB,小川　泰弘,2022,0.998823080399653,0.3301703456705932,0.4470964796606503
lightgbm,MLB,NPB,full_cross_league,NPB,石川　雅規,2022,0.240523671596636,0.4005428694980506,0.025606143697012095
lightgbm,MLB,NPB,full_cross_league,NPB,高橋　奎二,2022,-0.192790276290803,-0.242782685974279,0.0024992410259605034
lightgbm,MLB,NPB,full_cross_league,NPB,高梨　裕稔,2022,-0.268620217171104,0.6908495564041863,0.920582246404619
lightgbm,MLB,NPB,full_cross_league,NPB,原　樹理,2022,-0.32278446065703403,0.007721991978066695,0.10923451523343806
lightgbm,MLB,NPB,full_cross_league,NPB,奥川　恭伸,2022,-0.44194579632608,-0.5454566722685338,0.010714501438374057
lightgbm,MLB,NPB,full_cross_league,NPB,山下　輝,2022,-0.582772829389497,-0.43713517750833586,0.02121032564545829
lightgbm,MLB,NPB,full_cross_league,NPB,小澤　怜史,2022,-0.6152713754810549,-0.4796435273591225,0.018394913186185965
lightgbm,MLB,NPB,full_cross_league,NPB,吉田　大喜,2022,-0.6152713754810549,-0.29748410952537974,0.10098874640358303
lightgbm,MLB,NPB,full_cross_league,NPB,金久保　優斗,2022,-0.626104224178241,-0.47748576935505227,0.02208744511403218
lightgbm,MLB,NPB,full_cross_league,NPB,阪口　皓亮,2022,-0.636937072875427,-0.48875466866620265,0.02195802491722595
lightgbm,MLB,NPB,full_cross_league,NPB,和田　毅,2022,1.0529873238855803,1.417647407006645,0.1329769762218618
lightgbm,MLB,NPB,full_cross_league,NPB,東浜　巨,2022,0.890494593427793,0.5076822915113667,0.14654525849855315
lightgbm,MLB,NPB,full_cross_league,NPB,石川　柊太,2022,0.890494593427793,0.4906897901924324,0.15984388069006542
lightgbm,MLB,NPB,full_cross_league,NPB,大関　友久,2022,-0.24695451977673202,-0.2934893063524255,0.0021654863616453403
lightgbm,MLB,NPB,full_cross_league,NPB,杉山　一樹,2022,-0.561107131995125,-0.5024196258766336,0.0034442233744079636
lightgbm,MLB,NPB,full_cross_league,NPB,奥村　政稔,2022,-0.636937072875427,0.0833463193125102,0.5188081650617619
lightgbm,MLB,NPB,full_cross_league,NPB,田上　奏大,2022,-0.664019194618392,-0.6240261220642472,0.001599445852321086
lightgbm,MLB,NPB,full_cross_league,NPB,上沢　直之,2022,1.1071515673715102,0.9270214835855058,0.032446847084752956
lightgbm,MLB,NPB,full_cross_league,NPB,加藤　貴之,2022,0.728001862970004,1.0368281763455696,0.09537369183314301
lightgbm,MLB,NPB,full_cross_league,NPB,杉浦　稔大,2022,-0.084461789318943,0.09373955402938512,0.03175571877114873
lightgbm,MLB,NPB,full_cross_league,NPB,立野　和明,2022,-0.561107131995125,-0.4779829499658483,0.006909629638036325
lightgbm,MLB,NPB,full_cross_league,NPB,池田　隆英,2022,-0.561107131995125,-0.4435705734945308,0.0138148425841636
lightgbm,MLB,NPB,full_cross_league,NPB,根本　悠楓,2022,-0.5936056780866831,-0.45607492910027847,0.01891470691676143
lightgbm,MLB,NPB,full_cross_league,NPB,達　孝太,2022,-0.626104224178241,-0.5237325742288078,0.010479954713369277
lightgbm,MLB,NPB,full_cross_league,NPB,生田目　翼,2022,-0.636937072875427,-0.6032587316783822,0.0011342306657845668
lightgbm,MLB,NPB,full_cross_league,NPB,田中　瑛斗,2022,-0.6586027702697991,-0.49596007523047414,0.026452646249654852
lightgbm,MLB,NPB,full_cross_league,NPB,山本　由伸,2022,6.306918942020769,0.5022052916272228,33.694700563065176
lightgbm,MLB,NPB,full_cross_league,NPB,田嶋　大樹,2022,0.45718064554035504,-0.02988515370660305,0.23723309279607807
lightgbm,MLB,NPB,full_cross_league,NPB,宮城　大弥,2022,0.132195184624776,-0.36601929734910554,0.24821767004850312
lightgbm,MLB,NPB,full_cross_league,NPB,山岡　泰輔,2022,0.0455323950472885,0.09017401489196963,0.001992874222357028
lightgbm,MLB,NPB,full_cross_league,NPB,山﨑　福也,2022,-0.084461789318943,0.7321653199192997,0.6668798355428087
lightgbm,MLB,NPB,full_cross_league,NPB,竹安　大知,2022,-0.5069428885091951,-0.35399158799177177,0.023394100329971145
lightgbm,MLB,NPB,full_cross_league,NPB,椋木　蓮,2022,-0.561107131995125,-0.7374011090565981,0.031079566348151202
lightgbm,MLB,NPB,full_cross_league,NPB,東　晃平,2022,-0.6477699215726129,-0.5173582760012139,0.01700719730064021
lightgbm,MLB,NPB,full_cross_league,NPB,田中　将大,2022,4.411170420013231,1.0878949017708412,11.04416017014922
lightgbm,MLB,NPB,full_cross_league,NPB,則本　昂大,2022,2.51542189800569,1.1574544508513105,1.8440755875309829
lightgbm,MLB,NPB,full_cross_league,NPB,岸　孝之,2022,1.9737794631463899,1.6154542294373748,0.12839697311262024
lightgbm,MLB,NPB,full_cross_league,NPB,辛島　航,2022,0.132195184624776,0.15997808667907237,7.718896465586255e-4
lightgbm,MLB,NPB,full_cross_league,NPB,早川　隆久,2022,-0.37694870414296405,-0.48647507947793983,0.01199602689401799
lightgbm,MLB,NPB,full_cross_league,NPB,瀧中　瞭太,2022,-0.45277864502326604,-0.22114682691471751,0.05365329916027171
lightgbm,MLB,NPB,full_cross_league,NPB,藤井　聖,2022,-0.6206877998296478,-0.44643243452925774,0.030364932335972396
lightgbm,MLB,NPB,full_cross_league,NPB,高田　孝一,2022,-0.626104224178241,-0.6652296661485914,0.0015308002093752562
lightgbm,MLB,NPB,full_cross_league,NPB,藤平　尚真,2022,-0.626104224178241,-0.46953177434074767,0.024514932048114356
lightgbm,MLB,NPB,full_cross_league,NPB,松井　友飛,2022,-0.6586027702697991,-0.47991986626426875,0.031927580183849565
lightgbm,MLB,NPB,full_cross_league,NPB,髙橋　光成,2022,1.21548005434337,-0.19811013653628573,1.9982372277511815
lightgbm,MLB,NPB,full_cross_league,NPB,松本　航,2022,-0.0302975458330132,-0.0732693683574378,0.001846577531070646
lightgbm,MLB,NPB,full_cross_league,NPB,今井　達也,2022,-0.24695451977673202,-0.5945297743536171,0.12080855759418649
lightgbm,MLB,NPB,full_cross_league,NPB,與座　海人,2022,-0.37694870414296405,0.3907544540400298,0.5893681390841429
lightgbm,MLB,NPB,full_cross_league,NPB,隅田　知一郎,2022,-0.5177757372063811,-0.47486592623600743,0.0018412518775132048
lightgbm,MLB,NPB,full_cross_league,NPB,佐藤　隼輔,2022,-0.561107131995125,-0.492032073343195,0.0047713637277675665
lightgbm,MLB,NPB,full_cross_league,NPB,渡邉　勇太朗,2022,-0.64235349722402,-0.519300899751914,0.015141941744632164
lightgbm,MLB,NPB,full_cross_league,NPB,石川　歩,2022,0.890494593427793,0.3049244963933382,0.34289233854094087
lightgbm,MLB,NPB,full_cross_league,NPB,美馬　学,2022,0.7821661064559338,1.11282853209329,0.10933763972838016
lightgbm,MLB,NPB,full_cross_league,NPB,佐々木　朗希,2022,0.132195184624776,0.8547732747175119,0.522119096282066
lightgbm,MLB,NPB,full_cross_league,NPB,小島　和哉,2022,0.0022010002585447002,-0.020241610652183373,5.036707844903308e-4
lightgbm,MLB,NPB,full_cross_league,NPB,二木　康太,2022,-0.23612167107954596,-0.27307792016849547,0.0013657643467244816
lightgbm,MLB,NPB,full_cross_league,NPB,種市　篤暉,2022,-0.5394414346007531,-0.4698574955086208,0.004841924579577575
lightgbm,MLB,NPB,full_cross_league,NPB,鈴木　昭汰,2022,-0.561107131995125,-0.5179254518341332,0.0018646575015261906
lightgbm,MLB,NPB,full_cross_league,NPB,河村　説人,2022,-0.571939980692311,-0.373893350970389,0.039222467544212075
lightgbm,MLB,NPB,full_cross_league,NPB,本前　郁也,2022,-0.5936056780866831,-0.38793075748614325,0.04230217296403836
lightgbm,MLB,NPB,full_cross_league,NPB,佐藤　奨真,2022,-0.636937072875427,-0.4900768505663398,0.021567924896674508
lightgbm,MLB,NPB,full_cross_league,NPB,森　遼大朗,2022,-0.6846016071430451,-0.5323908662713569,0.023168109636708206
lightgbm,MLB,NPB,full_cross_league,NPB,西　勇輝,2023,2.51542189800569,0.29330127951765933,4.937820043109629
lightgbm,MLB,NPB,full_cross_league,NPB,青柳　晃洋,2023,1.54046551525895,0.2326883478704617,1.7102811195426577
lightgbm,MLB,NPB,full_cross_league,NPB,伊藤　将司,2023,0.998823080399653,0.3333862363491579,0.44280619341988275
lightgbm,MLB,NPB,full_cross_league,NPB,大竹　耕太郎,2023,-0.008631848438641248,0.5763121461966726,0.3421594768599181
lightgbm,MLB,NPB,full_cross_league,NPB,村上　頌樹,2023,-0.008631848438641248,0.20259000090429993,0.044614669639852146
lightgbm,MLB,NPB,full_cross_league,NPB,才木　浩人,2023,-0.192790276290803,-0.28643114525908275,0.008768612341134538
lightgbm,MLB,NPB,full_cross_league,NPB,秋山　拓巳,2023,-0.257787368473918,-0.05170483992704948,0.042470008572270866
lightgbm,MLB,NPB,full_cross_league,NPB,西　純矢,2023,-0.32278446065703403,-0.45207940970068644,0.016717183848200673
lightgbm,MLB,NPB,full_cross_league,NPB,門別　啓人,2023,-0.6477699215726129,-0.5927290319575476,0.0030294995296178107
lightgbm,MLB,NPB,full_cross_league,NPB,東　克樹,2023,0.40301640205442507,1.1331415612383406,0.533082748073338
lightgbm,MLB,NPB,full_cross_league,NPB,石田　健大,2023,0.132195184624776,0.8914753802987346,0.576506415542685
lightgbm,MLB,NPB,full_cross_league,NPB,大貫　晋一,2023,0.09969663853321842,-0.06114004175574802,0.025868437726375208
lightgbm,MLB,NPB,full_cross_league,NPB,濵口　遥大,2023,-0.14945888150205905,-0.16764121420288708,3.3059722244360034e-4
lightgbm,MLB,NPB,full_cross_league,NPB,森　唯斗,2023,-0.192790276290803,0.08930289795253274,0.07957655895468098
lightgbm,MLB,NPB,full_cross_league,NPB,平良　拳太郎,2023,-0.45277864502326604,0.9481870053017164,1.9627047533905013
lightgbm,MLB,NPB,full_cross_league,NPB,菅野　智之,2023,3.59870676772428,0.10692432106178462,12.192544654820324
lightgbm,MLB,NPB,full_cross_league,NPB,戸郷　翔征,2023,1.21548005434337,-0.405098005232973,2.6262732471802255
lightgbm,MLB,NPB,full_cross_league,NPB,山﨑　伊織,2023,-0.181957427593617,-0.2344924854900077,0.0027599323081771237
lightgbm,MLB,NPB,full_cross_league,NPB,高橋　礼,2023,-0.268620217171104,-0.467719827064567,0.039640654659729144
lightgbm,MLB,NPB,full_cross_league,NPB,赤星　優志,2023,-0.409447250234522,-0.27513346143454354,0.01804019386180522
lightgbm,MLB,NPB,full_cross_league,NPB,髙橋　優貴,2023,-0.4852771911148231,-0.4578599346953418,7.517059495715877e-4
lightgbm,MLB,NPB,full_cross_league,NPB,横川　凱,2023,-0.5502742832979389,-0.503617129854502,0.0021768899674444162
lightgbm,MLB,NPB,full_cross_league,NPB,井上　温大,2023,-0.6618526248789548,-0.5105364514959928,0.022896584327262617
lightgbm,MLB,NPB,full_cross_league,NPB,大野　雄大,2023,2.51542189800569,0.2947753206166064,4.931271221669851
lightgbm,MLB,NPB,full_cross_league,NPB,柳　裕也,2023,0.8688288960334223,0.260379651994954,0.3702104825709836
lightgbm,MLB,NPB,full_cross_league,NPB,涌井　秀章,2023,0.34885215856849494,1.124148985576975,0.6010851699694172
lightgbm,MLB,NPB,full_cross_league,NPB,小笠原　慎之介,2023,0.273022217688194,0.39213522825043745,0.014187909285201116
lightgbm,MLB,NPB,full_cross_league,NPB,髙橋　宏斗,2023,-0.0519632432273851,-0.3881347186960814,0.11301126091880027
lightgbm,MLB,NPB,full_cross_league,NPB,松葉　貴大,2023,-0.192790276290803,-0.11970308824381033,0.0053417370566164685
lightgbm,MLB,NPB,full_cross_league,NPB,福谷　浩司,2023,-0.5177757372063811,-0.4423643633588686,0.005686875305569302
lightgbm,MLB,NPB,full_cross_league,NPB,根尾　昂,2023,-0.561107131995125,-0.4591361414615861,0.010398082910391073
lightgbm,MLB,NPB,full_cross_league,NPB,仲地　礼亜,2023,-0.571939980692311,-0.5023259146632955,0.004846118189092136
lightgbm,MLB,NPB,full_cross_league,NPB,梅津　晃大,2023,-0.626104224178241,-0.5528695956188782,0.0053633108202278375
lightgbm,MLB,NPB,full_cross_league,NPB,大瀬良　大地,2023,1.21548005434337,0.1995383606448791,1.0321375249949583
lightgbm,MLB,NPB,full_cross_league,NPB,九里　亜蓮,2023,0.7821661064559338,1.2455747883464643,0.2147476064515189
lightgbm,MLB,NPB,full_cross_league,NPB,森下　暢仁,2023,0.6738376194840741,-0.06976046727135475,0.5529381146263342
lightgbm,MLB,NPB,full_cross_league,NPB,床田　寛樹,2023,0.34885215856849494,0.7713086428306343,0.17846948109512717
lightgbm,MLB,NPB,full_cross_league,NPB,野村　祐輔,2023,-0.252370944125325,-0.4151015786030764,0.026481259397531525
lightgbm,MLB,NPB,full_cross_league,NPB,遠藤　淳志,2023,-0.4636114937204521,-0.44661184455019887,2.8898807191169053e-4
lightgbm,MLB,NPB,full_cross_league,NPB,森　翔平,2023,-0.5394414346007531,-0.3656650432903878,0.03019823417685321
lightgbm,MLB,NPB,full_cross_league,NPB,玉村　昇悟,2023,-0.561107131995125,-0.508156973190328,0.0028037193174532127
lightgbm,MLB,NPB,full_cross_league,NPB,黒原　拓未,2023,-0.582772829389497,-0.46745324727564064,0.013298606018914468
lightgbm,MLB,NPB,full_cross_league,NPB,サイスニード,2023,1.7842046109456398,0.4803503876009318,1.7000358357338314
lightgbm,MLB,NPB,full_cross_league,NPB,小川　泰弘,2023,0.998823080399653,0.3806476293404885,0.38214088829220133
lightgbm,MLB,NPB,full_cross_league,NPB,石川　雅規,2023,-0.0032154240900482698,0.13264608956974155,0.018458350893929255
lightgbm,MLB,NPB,full_cross_league,NPB,高橋　奎二,2023,-0.21445597368517402,-0.2128626888158123,2.538556674936999e-6
lightgbm,MLB,NPB,full_cross_league,NPB,吉村　貢司郎,2023,-0.5069428885091951,-0.34715137263882323,0.02553332854415131
lightgbm,MLB,NPB,full_cross_league,NPB,宮川　哲,2023,-0.5177757372063811,-0.4127207381435298,0.011036552828095703
lightgbm,MLB,NPB,full_cross_league,NPB,山野　太一,2023,-0.636937072875427,-0.46821873029829797,0.028465879121973472
lightgbm,MLB,NPB,full_cross_league,NPB,金久保　優斗,2023,-0.636937072875427,-0.5761119684289117,0.003699693330929501
lightgbm,MLB,NPB,full_cross_league,NPB,有原　航平,2023,4.68199163744288,0.32089851770832983,19.019133198996027
lightgbm,MLB,NPB,full_cross_league,NPB,和田　毅,2023,1.43213702828709,1.6412313858427598,0.04372045036161831
lightgbm,MLB,NPB,full_cross_league,NPB,東浜　巨,2023,0.890494593427793,0.25999625158513207,0.397528159066345
lightgbm,MLB,NPB,full_cross_league,NPB,石川　柊太,2023,0.565509132512215,0.30322983076848414,0.068790432123179035
lightgbm,MLB,NPB,full_cross_league,NPB,大関　友久,2023,-0.138626032804873,-0.13802057147568367,3.665834211437272e-7
lightgbm,MLB,NPB,full_cross_league,NPB,加藤　貴之,2023,2.51542189800569,0.8259446907902275,2.8543332337005594
lightgbm,MLB,NPB,full_cross_league,NPB,山﨑　福也,2023,-0.084461789318943,1.0125466619993018,1.2034275422636538
lightgbm,MLB,NPB,full_cross_league,NPB,上原　健太,2023,-0.3011187632626621,0.04041753838057474,0.1166470453401401
lightgbm,MLB,NPB,full_cross_league,NPB,北山　亘基,2023,-0.37694870414296405,-0.47825799484678994,0.010263572382912301
lightgbm,MLB,NPB,full_cross_league,NPB,鈴木　健矢,2023,-0.409447250234522,-0.4010381516186914,7.071293953076433e-5
lightgbm,MLB,NPB,full_cross_league,NPB,根本　悠楓,2023,-0.561107131995125,-0.5517015147466735,8.846563582436759e-5
lightgbm,MLB,NPB,full_cross_league,NPB,金村　尚真,2023,-0.6044385267838689,-0.4580343989878208,0.021434168635721586
lightgbm,MLB,NPB,full_cross_league,NPB,田中　瑛斗,2023,-0.6531863459212057,-0.48896456435937347,0.02696879353934215
lightgbm,MLB,NPB,full_cross_league,NPB,宮城　大弥,2023,0.998823080399653,-0.335197105061754,1.7796098552184865
lightgbm,MLB,NPB,full_cross_league,NPB,田嶋　大樹,2023,0.2946879150825661,0.017592481016664007,0.07678187958017069
lightgbm,MLB,NPB,full_cross_league,NPB,山下　舜平大,2023,-0.3011187632626621,-0.513865288851191,0.04526108414999056
lightgbm,MLB,NPB,full_cross_league,NPB,東　晃平,2023,-0.474444342417637,-0.47006984004566055,1.9136271002427606e-5
lightgbm,MLB,NPB,full_cross_league,NPB,曽谷　龍平,2023,-0.561107131995125,-0.5060177120387287,0.0030348441911321913
lightgbm,MLB,NPB,full_cross_league,NPB,齋藤　響介,2023,-0.6694356189669849,-0.5465724418933874,0.015095360280618177
lightgbm,MLB,NPB,full_cross_league,NPB,則本　昂大,2023,2.51542189800569,0.8988085812338336,2.613438615964103
lightgbm,MLB,NPB,full_cross_league,NPB,田中　将大,2023,2.08210795011825,-0.03557408006508071,4.484577180961393
lightgbm,MLB,NPB,full_cross_league,NPB,岸　孝之,2023,1.54046551525895,0.9932189302790728,0.29947882477213783
lightgbm,MLB,NPB,full_cross_league,NPB,辛島　航,2023,0.132195184624776,-0.22384519295474886,0.12676475046697064
lightgbm,MLB,NPB,full_cross_league,NPB,早川　隆久,2023,-0.37694870414296405,-0.14866518809002136,0.05211336370149414
lightgbm,MLB,NPB,full_cross_league,NPB,荘司　康誠,2023,-0.409447250234522,-0.5008624037252881,0.00835673028774033
lightgbm,MLB,NPB,full_cross_league,NPB,瀧中　瞭太,2023,-0.4852771911148231,0.01549711215673423,0.25077490281711373
lightgbm,MLB,NPB,full_cross_league,NPB,藤平　尚真,2023,-0.5773564050409039,-0.39050708854718574,0.03491266707416966
lightgbm,MLB,NPB,full_cross_league,NPB,藤井　聖,2023,-0.5936056780866831,-0.502371860592784,0.008323609454510076
lightgbm,MLB,NPB,full_cross_league,NPB,松井　友飛,2023,-0.6477699215726129,-0.4772760619507219,0.029068156168769076
lightgbm,MLB,NPB,full_cross_league,NPB,髙橋　光成,2023,2.136272193604179,-0.20573078340370174,5.484977944313776
lightgbm,MLB,NPB,full_cross_league,NPB,平良　海馬,2023,1.9737794631463899,-0.431913257117382,5.787357464330107
lightgbm,MLB,NPB,full_cross_league,NPB,今井　達也,2023,0.132195184624776,-0.15100585691529098,0.08020282992937874
lightgbm,MLB,NPB,full_cross_league,NPB,松本　航,2023,-0.10612748671331501,-0.11239451136753048,3.927559801654453e-5
lightgbm,MLB,NPB,full_cross_league,NPB,隅田　知一郎,2023,-0.3011187632626621,-0.35518226844648887,0.002922862592761661
lightgbm,MLB,NPB,full_cross_league,NPB,與座　海人,2023,-0.409447250234522,-0.17977719161361355,0.052748335826931524
lightgbm,MLB,NPB,full_cross_league,NPB,渡邉　勇太朗,2023,-0.6456033518331761,-0.4474523117262679,0.03926383469544952
lightgbm,MLB,NPB,full_cross_league,NPB,美馬　学,2023,0.7821661064559338,0.10127257647424324,0.4636159991709273
lightgbm,MLB,NPB,full_cross_league,NPB,小島　和哉,2023,0.40301640205442507,0.49772541608844884,0.00896979733929691
lightgbm,MLB,NPB,full_cross_league,NPB,西野　勇士,2023,0.186359428110706,0.8836456001199076,0.4862080056752459
lightgbm,MLB,NPB,full_cross_league,NPB,佐々木　朗希,2023,0.132195184624776,0.8650172943253769,0.5370282444660396
lightgbm,MLB,NPB,full_cross_league,NPB,種市　篤暉,2023,-0.171124578896431,-0.059822189490016574,0.012388221887577116
lightgbm,MLB,NPB,full_cross_league,NPB,菊地　吏玖,2023,-0.561107131995125,-0.6221165364925274,0.0037221474371276694
lightgbm,MLB,NPB,full_cross_league,NPB,本前　郁也,2023,-0.6044385267838689,-0.3885387568335236,0.046612710664612006
lightgbm,MLB,NPB,full_cross_league,NPB,森　遼大朗,2023,-0.6586027702697991,-0.44978458321293835,0.043605035245714074
lightgbm,MLB,NPB,full_cross_league,NPB,西　勇輝,2024,2.51542189800569,0.2944418622012744,4.932752319441784
lightgbm,MLB,NPB,full_cross_league,NPB,伊藤　将司,2024,0.7821661064559338,-0.29969658643571856,1.1704268862707778
lightgbm,MLB,NPB,full_cross_league,NPB,才木　浩人,2024,0.565509132512215,0.24565897616763877,0.10230412251364987
lightgbm,MLB,NPB,full_cross_league,NPB,大竹　耕太郎,2024,0.240523671596636,0.3857704356071533,0.0210966224555269
lightgbm,MLB,NPB,full_cross_league,NPB,村上　頌樹,2024,0.132195184624776,0.008836841996278042,0.015217280696049896
lightgbm,MLB,NPB,full_cross_league,NPB,及川　雅貴,2024,-0.409447250234522,-0.588395217648758,0.03202237504168648
lightgbm,MLB,NPB,full_cross_league,NPB,髙橋　遥人,2024,-0.4636114937204521,0.9291849876041448,1.9398820383901778
lightgbm,MLB,NPB,full_cross_league,NPB,東　克樹,2024,1.54046551525895,2.2588021904882827,0.5160075789795319
lightgbm,MLB,NPB,full_cross_league,NPB,石田　健大,2024,0.34885215856849494,-0.41412367260579797,0.5821321189561031
lightgbm,MLB,NPB,full_cross_league,NPB,大貫　晋一,2024,0.0455323950472885,0.21733296791783832,0.029515436838649097
lightgbm,MLB,NPB,full_cross_league,NPB,平良　拳太郎,2024,-0.45277864502326604,-0.21364944410326578,0.05718277473263785
lightgbm,MLB,NPB,full_cross_league,NPB,吉野　光樹,2024,-0.582772829389497,-0.4020972081918987,0.032643680095138045
lightgbm,MLB,NPB,full_cross_league,NPB,石田　裕太郎,2024,-0.5936056780866831,-0.503667322034055,0.008088907889449309
lightgbm,MLB,NPB,full_cross_league,NPB,小園　健太,2024,-0.6596860551395181,-0.49095409392364553,0.02847047473575471
lightgbm,MLB,NPB,full_cross_league,NPB,松本　隆之介,2024,-0.6737687584458589,-0.5133508360466978,0.025733909826863268
lightgbm,MLB,NPB,full_cross_league,NPB,戸郷　翔征,2024,2.51542189800569,0.0486648433812707,6.084890366539342
lightgbm,MLB,NPB,full_cross_league,NPB,田中　将大,2024,0.998823080399653,-0.07324705643173335,1.1493343782856673
lightgbm,MLB,NPB,full_cross_league,NPB,山﨑　伊織,2024,0.240523671596636,-0.2617273151566042,0.25225605369460347
lightgbm,MLB,NPB,full_cross_league,NPB,高橋　礼,2024,-0.33361730935422,-0.5301905906088205,0.03864105490320025
lightgbm,MLB,NPB,full_cross_league,NPB,井上　温大,2024,-0.36611585544577796,-0.6484779094135689,0.07972832952090966
lightgbm,MLB,NPB,full_cross_league,NPB,又木　鉄平,2024,-0.626104224178241,-0.4777969344772656,0.021995052178449027
lightgbm,MLB,NPB,full_cross_league,NPB,髙橋　宏斗,2024,0.565509132512215,-0.4830967095007382,1.0995742119036944
lightgbm,MLB,NPB,full_cross_league,NPB,大野　雄大,2024,0.565509132512215,0.16171972707433227,0.16304588394387887
lightgbm,MLB,NPB,full_cross_league,NPB,柳　裕也,2024,0.45718064554035504,-0.01064944828772087,0.21886499669118628
lightgbm,MLB,NPB,full_cross_league,NPB,涌井　秀章,2024,0.240523671596636,0.2388697655866848,2.7354050897527555e-6
lightgbm,MLB,NPB,full_cross_league,NPB,松葉　貴大,2024,-0.192790276290803,0.13619392458388885,0.10823060442515958
lightgbm,MLB,NPB,full_cross_league,NPB,梅津　晃大,2024,-0.582772829389497,0.07681084590655689,0.43505062471705025
lightgbm,MLB,NPB,full_cross_league,NPB,仲地　礼亜,2024,-0.6098549511324619,-0.04488469969344,0.31919138501107164
lightgbm,MLB,NPB,full_cross_league,NPB,松木平　優太,2024,-0.6206877998296478,-0.49689990476112844,0.015323442965494769
lightgbm,MLB,NPB,full_cross_league,NPB,大瀬良　大地,2024,1.43213702828709,0.1257838916436496,1.7065585176181555
lightgbm,MLB,NPB,full_cross_league,NPB,森下　暢仁,2024,1.0529873238855803,0.09578729240802128,0.9162319002606398
lightgbm,MLB,NPB,full_cross_league,NPB,床田　寛樹,2024,0.890494593427793,0.6021988033703086,0.08311446256486912
lightgbm,MLB,NPB,full_cross_league,NPB,アドゥワ　誠,2024,-0.36611585544577796,-0.07336983583477569,0.08570023199808532
lightgbm,MLB,NPB,full_cross_league,NPB,玉村　昇悟,2024,-0.45277864502326604,-0.526558371261606,0.005443448003804388
lightgbm,MLB,NPB,full_cross_league,NPB,森　翔平,2024,-0.5177757372063811,-0.21559036496813894,0.091315999194765
lightgbm,MLB,NPB,full_cross_league,NPB,常廣　羽也斗,2024,-0.561107131995125,-0.48872985723038,0.00523846990237139
lightgbm,MLB,NPB,full_cross_league,NPB,小川　泰弘,2024,0.45718064554035504,-0.28367057425594294,0.5488605298736626
lightgbm,MLB,NPB,full_cross_league,NPB,高橋　奎二,2024,-0.10612748671331501,0.45593219887602915,0.3159110901647924
lightgbm,MLB,NPB,full_cross_league,NPB,吉村　貢司郎,2024,-0.192790276290803,0.48486025378603087,0.4592102409134139
lightgbm,MLB,NPB,full_cross_league,NPB,青柳　晃洋,2024,-0.192790276290803,-0.028142737759800585,0.027108811944317926
lightgbm,MLB,NPB,full_cross_league,NPB,石川　雅規,2024,-0.3011187632626621,0.10626702797788129,0.16596318290468362
lightgbm,MLB,NPB,full_cross_league,NPB,高梨　裕稔,2024,-0.409447250234522,0.6217615969414629,1.0633916864940236
lightgbm,MLB,NPB,full_cross_league,NPB,奥川　恭伸,2024,-0.5069428885091951,-0.5405587909924842,0.001130028899765999
lightgbm,MLB,NPB,full_cross_league,NPB,松本　健吾,2024,-0.561107131995125,-0.2680451783155352,0.08588530869449801
lightgbm,MLB,NPB,full_cross_league,NPB,山野　太一,2024,-0.582772829389497,-0.49748548730930553,0.007273930719103605
lightgbm,MLB,NPB,full_cross_league,NPB,阪口　皓亮,2024,-0.626104224178241,-0.45749826103053504,0.02842797080896557
lightgbm,MLB,NPB,full_cross_league,NPB,有原　航平,2024,3.59870676772428,2.4511184419367793,1.316958965483759
lightgbm,MLB,NPB,full_cross_league,NPB,東浜　巨,2024,0.890494593427793,-0.14198283096434514,1.0660096318794234
lightgbm,MLB,NPB,full_cross_league,NPB,大関　友久,2024,0.240523671596636,0.20577871785234225,0.001207211810693113
lightgbm,MLB,NPB,full_cross_league,NPB,大津　亮介,2024,-0.138626032804873,-0.24043259108042375,0.010364575307913109
lightgbm,MLB,NPB,full_cross_league,NPB,濵口　遥大,2024,-0.23612167107954596,0.5032764660150383,0.5467096051389416
lightgbm,MLB,NPB,full_cross_league,NPB,前田　悠伍,2024,-0.626104224178241,-0.5320726546786437,0.008841936062557584
lightgbm,MLB,NPB,full_cross_league,NPB,松本　晴,2024,-0.636937072875427,-0.5200617882418971,0.013659832158168635
lightgbm,MLB,NPB,full_cross_league,NPB,前田　純,2024,-0.6531863459212057,-0.5290346772528777,0.01541363683313031
lightgbm,MLB,NPB,full_cross_league,NPB,加藤　貴之,2024,2.51542189800569,1.009587680620358,2.2675366902484955
lightgbm,MLB,NPB,full_cross_league,NPB,山﨑　福也,2024,1.9737794631463899,0.2776308737017771,2.876920037474949
lightgbm,MLB,NPB,full_cross_league,NPB,伊藤　大海,2024,1.6487940022308099,1.2978240580422247,0.12317990172373859
lightgbm,MLB,NPB,full_cross_league,NPB,北山　亘基,2024,-0.23612167107954596,-0.4140101649351599,0.0316443162462188
lightgbm,MLB,NPB,full_cross_league,NPB,金村　尚真,2024,-0.34445015805140594,-0.4659652245031861,0.014765911374780552
lightgbm,MLB,NPB,full_cross_league,NPB,上原　健太,2024,-0.34445015805140594,-0.4652897657916085,0.014602210798806027
lightgbm,MLB,NPB,full_cross_league,NPB,福谷　浩司,2024,-0.5177757372063811,-0.3129272261082037,0.041962912499140116
lightgbm,MLB,NPB,full_cross_league,NPB,福島　蓮,2024,-0.561107131995125,-0.51788752135535,0.0018679347438537502
lightgbm,MLB,NPB,full_cross_league,NPB,根本　悠楓,2024,-0.571939980692311,-0.5020571881227419,0.00488360469732142
lightgbm,MLB,NPB,full_cross_league,NPB,細野　晴希,2024,-0.5936056780866831,-0.5004968949053494,0.0086692455055086
lightgbm,MLB,NPB,full_cross_league,NPB,達　孝太,2024,-0.6206877998296478,-0.500495045202867,0.01444629826477354
lightgbm,MLB,NPB,full_cross_league,NPB,宮城　大弥,2024,1.43213702828709,-0.3586302169473914,3.2068473266046933
lightgbm,MLB,NPB,full_cross_league,NPB,九里　亜蓮,2024,0.7821661064559338,0.8979621245330278,0.013408717802510692
lightgbm,MLB,NPB,full_cross_league,NPB,田嶋　大樹,2024,0.34885215856849494,0.715178238373175,0.1341947967450648
lightgbm,MLB,NPB,full_cross_league,NPB,曽谷　龍平,2024,-0.32278446065703403,-0.34211044501988425,3.7349367159313096e-4
lightgbm,MLB,NPB,full_cross_league,NPB,山下　舜平大,2024,-0.34445015805140594,-0.5323582866534604,0.03530946479472624
lightgbm,MLB,NPB,full_cross_league,NPB,東　晃平,2024,-0.474444342417637,-0.3610024335753276,0.01286906668178684
lightgbm,MLB,NPB,full_cross_league,NPB,齋藤　響介,2024,-0.6044385267838689,-0.4968774351910283,0.011569388424643447
lightgbm,MLB,NPB,full_cross_league,NPB,佐藤　一磨,2024,-0.636937072875427,-0.5142012316679042,0.01506408671691825
lightgbm,MLB,NPB,full_cross_league,NPB,岸　孝之,2024,1.6487940022308099,0.533563022378929,1.2437401384213864
lightgbm,MLB,NPB,full_cross_league,NPB,早川　隆久,2024,0.0238666976529166,0.1277478733262498,0.010791298659273911
lightgbm,MLB,NPB,full_cross_league,NPB,藤井　聖,2024,-0.33361730935422,0.7513701625096691,1.1771978141015937
lightgbm,MLB,NPB,full_cross_league,NPB,内　星龍,2024,-0.398614401537336,-0.43582250919465404,0.0013844432754385682
lightgbm,MLB,NPB,full_cross_league,NPB,瀧中　瞭太,2024,-0.43111294762889407,-0.21371864159707968,0.047260284295054175
lightgbm,MLB,NPB,full_cross_league,NPB,荘司　康誠,2024,-0.44194579632608,-0.47358403105735786,0.0010009778969114365
lightgbm,MLB,NPB,full_cross_league,NPB,古謝　樹,2024,-0.4852771911148231,-0.4549607944808183,9.190839048702986e-4
lightgbm,MLB,NPB,full_cross_league,NPB,髙橋　光成,2024,1.54046551525895,0.10732830486786671,2.0538822638075356
lightgbm,MLB,NPB,full_cross_league,NPB,今井　達也,2024,1.21548005434337,-0.11526121775216587,1.7708723332584448
lightgbm,MLB,NPB,full_cross_league,NPB,隅田　知一郎,2024,0.240523671596636,-0.1643675340754939,0.16393688843063098
lightgbm,MLB,NPB,full_cross_league,NPB,武内　夏暉,2024,-0.24695451977673202,-0.07741887811242189,0.028742333794529364
lightgbm,MLB,NPB,full_cross_league,NPB,與座　海人,2024,-0.4636114937204521,-0.4389217034690396,6.095857426587433e-4
lightgbm,MLB,NPB,full_cross_league,NPB,渡邉　勇太朗,2024,-0.5177757372063811,-0.34085906803342186,0.03129950783125432
lightgbm,MLB,NPB,full_cross_league,NPB,青山　美夏人,2024,-0.5665235563437181,-0.3865497789232446,0.032390560558994134
lightgbm,MLB,NPB,full_cross_league,NPB,杉山　遙希,2024,-0.6586027702697991,-0.39089389763404464,0.07166804048790659
lightgbm,MLB,NPB,full_cross_league,NPB,菅井　信也,2024,-0.6618526248789548,-0.5087298257657653,0.023446591608258183
lightgbm,MLB,NPB,full_cross_league,NPB,石川　柊太,2024,1.43213702828709,0.5483817918528505,0.7810233179249385
lightgbm,MLB,NPB,full_cross_league,NPB,小島　和哉,2024,0.998823080399653,1.687317337892403,0.4740243426004931
lightgbm,MLB,NPB,full_cross_league,NPB,西野　勇士,2024,0.890494593427793,0.602555235790554,0.08290907367654582
lightgbm,MLB,NPB,full_cross_league,NPB,石川　歩,2024,0.240523671596636,0.06691145433587752,0.030141201982196806
lightgbm,MLB,NPB,full_cross_league,NPB,種市　篤暉,2024,0.186359428110706,-0.24543115945383104,0.18644311150932813
lightgbm,MLB,NPB,full_cross_league,NPB,唐川　侑己,2024,-0.10612748671331501,0.028684883106888333,0.018174375056539273
lightgbm,MLB,NPB,full_cross_league,NPB,美馬　学,2024,-0.3011187632626621,-0.14088715120942838,0.025674169501178002
lightgbm,MLB,NPB,full_cross_league,NPB,中森　俊介,2024,-0.561107131995125,-0.46526750262707134,0.009185234557405888
lightgbm,MLB,NPB,full_cross_league,NPB,田中　晴也,2024,-0.6152713754810549,-0.3955801263598812,0.04826424494042161
lightgbm,MLB,NPB,full_cross_league,NPB,西　勇輝,2025,2.51542189800569,-0.47798005130102034,8.960455230113215
lightgbm,MLB,NPB,full_cross_league,NPB,才木　浩人,2025,1.9737794631463899,0.1513624617754956,3.321203726885682
lightgbm,MLB,NPB,full_cross_league,NPB,村上　頌樹,2025,1.7571224892026698,-0.101375320496624,3.454014108657072
lightgbm,MLB,NPB,full_cross_league,NPB,伊藤　将司,2025,0.7821661064559338,-0.42553800342072334,1.458549217012969
lightgbm,MLB,NPB,full_cross_league,NPB,大竹　耕太郎,2025,0.6738376194840741,0.2647403668145577,0.1673605621417461
lightgbm,MLB,NPB,full_cross_league,NPB,伊原　陵人,2025,-0.34445015805140594,-0.562841473944471,0.047694766857504546
lightgbm,MLB,NPB,full_cross_league,NPB,髙橋　遥人,2025,-0.409447250234522,1.2112105513885842,2.626531709961839
lightgbm,MLB,NPB,full_cross_league,NPB,門別　啓人,2025,-0.6044385267838689,-0.5063370193857133,0.009623905753790378
lightgbm,MLB,NPB,full_cross_league,NPB,早川　太貴,2025,-0.6564362005303619,-0.45919204146049536,0.038905258287178814
lightgbm,MLB,NPB,full_cross_league,NPB,東　克樹,2025,2.51542189800569,1.722833757150068,0.6281959610249715
lightgbm,MLB,NPB,full_cross_league,NPB,藤浪　晋太郎,2025,0.132195184624776,-0.029163844549878234,0.026036736296186913
lightgbm,MLB,NPB,full_cross_league,NPB,大貫　晋一,2025,-0.0519632432273851,-0.06273013388739587,1.1592593448462714e-4
lightgbm,MLB,NPB,full_cross_league,NPB,平良　拳太郎,2025,-0.409447250234522,0.027955877047602058,0.19132149575618201
lightgbm,MLB,NPB,full_cross_league,NPB,石田　裕太郎,2025,-0.409447250234522,-0.4936333236030476,0.0070872949492107795
lightgbm,MLB,NPB,full_cross_league,NPB,竹田　祐,2025,-0.5177757372063811,-0.7483784727146262,0.053177621623885625
lightgbm,MLB,NPB,full_cross_league,NPB,吉野　光樹,2025,-0.6152713754810549,-0.2978388497914468,0.10076340836568372
lightgbm,MLB,NPB,full_cross_league,NPB,小園　健太,2025,-0.6629359097486729,-0.5947549827646212,0.004648638804404582
lightgbm,MLB,NPB,full_cross_league,NPB,戸郷　翔征,2025,1.8654509761745302,-0.21013689518723602,4.308065011744068
lightgbm,MLB,NPB,full_cross_league,NPB,山﨑　伊織,2025,1.21548005434337,-0.40873370509425344,2.6380703363464977
lightgbm,MLB,NPB,full_cross_league,NPB,田中　将大,2025,0.34885215856849494,0.06334293819832906,0.08151551491637996
lightgbm,MLB,NPB,full_cross_league,NPB,赤星　優志,2025,-0.21445597368517402,-0.09663546793326866,0.013881671575634765
lightgbm,MLB,NPB,full_cross_league,NPB,井上　温大,2025,-0.32278446065703403,-0.3571754439911117,0.001182739734684806
lightgbm,MLB,NPB,full_cross_league,NPB,森田　駿哉,2025,-0.571939980692311,-0.4712366919728765,0.010141152358909786
lightgbm,MLB,NPB,full_cross_league,NPB,柳　裕也,2025,1.43213702828709,0.4335814830261944,0.9971131769712845
lightgbm,MLB,NPB,full_cross_league,NPB,髙橋　宏斗,2025,1.43213702828709,-0.4271064617834297,3.4567863553696068
lightgbm,MLB,NPB,full_cross_league,NPB,大野　雄大,2025,1.1071515673715102,0.6299541703518906,0.22771735572230045
lightgbm,MLB,NPB,full_cross_league,NPB,松葉　貴大,2025,0.34885215856849494,0.582574301514279,0.05462604010316953
lightgbm,MLB,NPB,full_cross_league,NPB,涌井　秀章,2025,0.0238666976529166,0.6402072837132916,0.37987571802524656
lightgbm,MLB,NPB,full_cross_league,NPB,金丸　夢斗,2025,-0.4636114937204521,-0.4422107786051259,4.5799060744734923e-4
lightgbm,MLB,NPB,full_cross_league,NPB,草加　勝,2025,-0.6152713754810549,-0.6844827129851752,0.0047902092391092395
lightgbm,MLB,NPB,full_cross_league,NPB,三浦　瑞樹,2025,-0.636937072875427,-0.3709166512302735,0.07076686473226525
lightgbm,MLB,NPB,full_cross_league,NPB,松木平　優太,2025,-0.636937072875427,-0.3539560219030068,0.08007827520945549
lightgbm,MLB,NPB,full_cross_league,NPB,仲地　礼亜,2025,-0.636937072875427,-0.4236420750352951,0.04549475610362187
lightgbm,MLB,NPB,full_cross_league,NPB,森下　暢仁,2025,1.43213702828709,-0.011763936130829357,2.0848499950469974
lightgbm,MLB,NPB,full_cross_league,NPB,大瀬良　大地,2025,1.43213702828709,0.21577055231142198,1.4795474038774654
lightgbm,MLB,NPB,full_cross_league,NPB,床田　寛樹,2025,1.2696442978292994,0.9645112460581411,0.093106179283180407
lightgbm,MLB,NPB,full_cross_league,NPB,森　翔平,2025,-0.32278446065703403,0.2089721464727307,0.282765089226159
lightgbm,MLB,NPB,full_cross_league,NPB,玉村　昇悟,2025,-0.37694870414296405,-0.3686721895861236,6.850069320959229e-5
lightgbm,MLB,NPB,full_cross_league,NPB,アドゥワ　誠,2025,-0.42028009893170803,-0.31454284562154616,0.011180366737577338
lightgbm,MLB,NPB,full_cross_league,NPB,髙　太一,2025,-0.5394414346007531,-0.44721708721819775,0.008505330250138245
lightgbm,MLB,NPB,full_cross_league,NPB,常廣　羽也斗,2025,-0.582772829389497,-0.4917599019967894,0.008283352952590277
lightgbm,MLB,NPB,full_cross_league,NPB,佐藤　柳之介,2025,-0.6044385267838689,-0.5154916765491742,0.007911542166673214
lightgbm,MLB,NPB,full_cross_league,NPB,斉藤　優汰,2025,-0.6586027702697991,-0.5653493856845607,0.00869619373660237
lightgbm,MLB,NPB,full_cross_league,NPB,小川　泰弘,2025,0.22969082289945,-0.006619118348935738,0.055842388332815525
lightgbm,MLB,NPB,full_cross_league,NPB,吉村　貢司郎,2025,0.07803094113884641,0.42941489947016503,0.12347068617258587
lightgbm,MLB,NPB,full_cross_league,NPB,青柳　晃洋,2025,-0.192790276290803,-0.3466550163678362,0.023674358238972983
lightgbm,MLB,NPB,full_cross_league,NPB,高橋　奎二,2025,-0.23612167107954596,-0.03175327331814885,0.04176644200356062
lightgbm,MLB,NPB,full_cross_league,NPB,高梨　裕稔,2025,-0.268620217171104,-0.04541469472962089,0.049820705248375424
lightgbm,MLB,NPB,full_cross_league,NPB,奥川　恭伸,2025,-0.38778155284015,-0.3952068979781266,5.513575041807277e-5
lightgbm,MLB,NPB,full_cross_league,NPB,石川　雅規,2025,-0.38778155284015,-0.10134033126653297,0.08204857341658596
lightgbm,MLB,NPB,full_cross_league,NPB,山野　太一,2025,-0.4852771911148231,-0.13935510899309353,0.11966208689943263
lightgbm,MLB,NPB,full_cross_league,NPB,中村　優斗,2025,-0.5502742832979389,-0.4937007102944885,0.0032005691623767374
lightgbm,MLB,NPB,full_cross_league,NPB,上沢　直之,2025,1.9737794631463899,0.4015232625227116,2.471989560399604
lightgbm,MLB,NPB,full_cross_league,NPB,大関　友久,2025,1.1071515673715102,-0.12731279326267644,1.5239022576759715
lightgbm,MLB,NPB,full_cross_league,NPB,東浜　巨,2025,0.45718064554035504,-0.3414470076882511,0.6378061285014307
lightgbm,MLB,NPB,full_cross_league,NPB,大津　亮介,2025,0.0022010002585447002,-0.256403899577263,0.06687649421908813
lightgbm,MLB,NPB,full_cross_league,NPB,松本　晴,2025,-0.34445015805140594,-0.580653156270498,0.05579185636768839
lightgbm,MLB,NPB,full_cross_league,NPB,前田　純,2025,-0.5394414346007531,-0.3318843678514462,0.04307993595757624
lightgbm,MLB,NPB,full_cross_league,NPB,前田　悠伍,2025,-0.6152713754810549,-0.3917846546614091,0.049946314382718314
lightgbm,MLB,NPB,full_cross_league,NPB,有原　航平,2025,4.68199163744288,1.1032967099411028,12.807057384126951
lightgbm,MLB,NPB,full_cross_league,NPB,伊藤　大海,2025,2.9487358458931303,1.6178232411896967,1.7713283613584783
lightgbm,MLB,NPB,full_cross_league,NPB,加藤　貴之,2025,2.51542189800569,0.20897688186151173,5.31968861249632
lightgbm,MLB,NPB,full_cross_league,NPB,山﨑　福也,2025,1.9737794631463899,0.4011549019336281,2.4731480105296315
lightgbm,MLB,NPB,full_cross_league,NPB,北山　亘基,2025,0.2946879150825661,-0.05300032685933916,0.12088711358465283
lightgbm,MLB,NPB,full_cross_league,NPB,古林　睿煬,2025,0.07803094113884641,-0.352985329160441,0.1857750252627084
lightgbm,MLB,NPB,full_cross_league,NPB,達　孝太,2025,-0.27945306586829005,-0.5036347291980793,0.05025741817331096
lightgbm,MLB,NPB,full_cross_league,NPB,福島　蓮,2025,-0.42028009893170803,-0.54105444921158,0.014586443685525202
lightgbm,MLB,NPB,full_cross_league,NPB,細野　晴希,2025,-0.5502742832979389,-0.6056974434673973,0.003071726683169436
lightgbm,MLB,NPB,full_cross_league,NPB,柴田　獅子,2025,-0.6271875090479597,-0.5245790312231478,0.01052849972152493
lightgbm,MLB,NPB,full_cross_league,NPB,宮城　大弥,2025,1.6487940022308099,-0.3046914856326246,3.8161055512930404
lightgbm,MLB,NPB,full_cross_league,NPB,九里　亜蓮,2025,0.998823080399653,0.8797550302949375,0.014177200555739027
lightgbm,MLB,NPB,full_cross_league,NPB,田嶋　大樹,2025,0.45718064554035504,1.100733137070234,0.4141598093543149
lightgbm,MLB,NPB,full_cross_league,NPB,曽谷　龍平,2025,-0.138626032804873,-0.3335770267970157,0.03800589005852444
lightgbm,MLB,NPB,full_cross_league,NPB,山下　舜平大,2025,-0.409447250234522,-0.19484675444621255,0.04605337279258822
lightgbm,MLB,NPB,full_cross_league,NPB,東　晃平,2025,-0.528608585903567,-0.47770088384952436,0.0025915941284231736
lightgbm,MLB,NPB,full_cross_league,NPB,寺西　成騎,2025,-0.582772829389497,-0.5177359682776262,0.004229793303284771
lightgbm,MLB,NPB,full_cross_league,NPB,佐藤　一磨,2025,-0.6477699215726129,-0.4930305582856399,0.023944270550457815
lightgbm,MLB,NPB,full_cross_league,NPB,山口　廉王,2025,-0.674852043315578,-0.5237325742288078,0.022837093937067298
lightgbm,MLB,NPB,full_cross_league,NPB,岸　孝之,2025,1.21548005434337,0.4049086199258762,0.6570260502936333
lightgbm,MLB,NPB,full_cross_league,NPB,辛島　航,2025,0.132195184624776,-0.21516856580851038,0.12066157511507847
lightgbm,MLB,NPB,full_cross_league,NPB,早川　隆久,2025,-0.084461789318943,-0.09407982213483368,9.250655524754987e-5
lightgbm,MLB,NPB,full_cross_league,NPB,藤井　聖,2025,-0.22528882238236003,0.8354131516880782,1.1250886777969245
lightgbm,MLB,NPB,full_cross_league,NPB,内　星龍,2025,-0.257787368473918,-0.46123932173570653,0.04139269728603699
lightgbm,MLB,NPB,full_cross_league,NPB,瀧中　瞭太,2025,-0.3011187632626621,-0.116366490709961,0.034133402213387565
lightgbm,MLB,NPB,full_cross_league,NPB,荘司　康誠,2025,-0.3011187632626621,-0.4409485534934101,0.019552370235974986
lightgbm,MLB,NPB,full_cross_league,NPB,古謝　樹,2025,-0.306535187611255,-0.35702893368212135,0.0025496183922691334
lightgbm,MLB,NPB,full_cross_league,NPB,坂井　陽翔,2025,-0.66510247948811,-0.5225497916688747,0.02032126880448834
lightgbm,MLB,NPB,full_cross_league,NPB,大内　誠弥,2025,-0.674852043315578,-0.625503471621149,0.0024352815282801957
lightgbm,MLB,NPB,full_cross_league,NPB,髙橋　光成,2025,1.9737794631463899,0.6371071406591556,1.7866928977034169
lightgbm,MLB,NPB,full_cross_league,NPB,隅田　知一郎,2025,0.998823080399653,-0.03274029484484493,1.0641229971458208
lightgbm,MLB,NPB,full_cross_league,NPB,渡邉　勇太朗,2025,-0.268620217171104,-0.2101060630682119,0.0034239062303770074
lightgbm,MLB,NPB,full_cross_league,NPB,與座　海人,2025,-0.3011187632626621,0.3056976881318474,0.3682262056830252
lightgbm,MLB,NPB,full_cross_league,NPB,松本　航,2025,-0.3011187632626621,0.1273613468071382,0.18359520472542823
lightgbm,MLB,NPB,full_cross_league,NPB,武内　夏暉,2025,-0.31736803630844107,-0.4826573497866998,0.027320557150114073
lightgbm,MLB,NPB,full_cross_league,NPB,菅井　信也,2025,-0.582772829389497,-0.47258033439289404,0.012142385953576376
lightgbm,MLB,NPB,full_cross_league,NPB,上田　大河,2025,-0.599022102435276,-0.4746895025772916,0.015458595387445661
lightgbm,MLB,NPB,full_cross_league,NPB,篠原　響,2025,-0.6586027702697991,-0.523909833866604,0.01814218711691517
lightgbm,MLB,NPB,full_cross_league,NPB,杉山　遙希,2025,-0.6586027702697991,-0.5396267640618062,0.014155290053204357
lightgbm,MLB,NPB,full_cross_league,NPB,石川　柊太,2025,0.998823080399653,-0.08703492212283909,1.179087601642136
lightgbm,MLB,NPB,full_cross_league,NPB,西野　勇士,2025,0.890494593427793,-0.054591799554458066,0.8931882902002019
lightgbm,MLB,NPB,full_cross_league,NPB,小島　和哉,2025,0.8363303499418638,0.11339007032991368,0.5226426478854047
lightgbm,MLB,NPB,full_cross_league,NPB,種市　篤暉,2025,0.6738376194840741,0.2400116801113242,0.1882049456726488
lightgbm,MLB,NPB,full_cross_league,NPB,唐川　侑己,2025,-0.257787368473918,-0.14405447255488996,0.01293517161412846
lightgbm,MLB,NPB,full_cross_league,NPB,田中　晴也,2025,-0.4852771911148231,-0.5360264488252887,0.0025754871581632546
lightgbm,MLB,NPB,full_cross_league,NPB,河村　説人,2025,-0.6044385267838689,-0.3983466996031805,0.04247384123067474
lightgbm,MLB,NPB,full_cross_league,NPB,吉川　悠斗,2025,-0.680268467664171,-0.5880823914460105,0.008498272648500506
lightgbm,NPB,NPB,test,NPB,久保　康友,2010,1.21548005434337,1.880005851206495,0.4415945346965714
lightgbm,NPB,NPB,test,NPB,秋山　拓巳,2010,-0.6044385267838689,-0.5359058673791205,0.004696725405087249
lightgbm,NPB,NPB,test,NPB,加賀　繁,2010,-0.4636114937204521,0.05517412620454293,0.2691385194409613
lightgbm,NPB,NPB,test,NPB,東野　峻,2010,0.07803094113884641,0.35405467313545097,0.07618910062533339
lightgbm,NPB,NPB,test,NPB,山本昌,2010,0.34885215856849494,0.2566427154847219,0.008502581393819581
lightgbm,NPB,NPB,test,NPB,朝倉　健太,2010,0.0374077585243991,-0.42848258814328677,0.2170538151181365
lightgbm,NPB,NPB,test,NPB,山井　大介,2010,-0.27945306586829005,0.361985254116837,0.4114431183453422
lightgbm,NPB,NPB,test,NPB,齊藤　悠葵,2010,-0.5069428885091951,-0.1740077893924146,0.11084578022390049
lightgbm,NPB,NPB,test,NPB,今井　啓介,2010,-0.631520648526834,-0.6258723935686011,3.190278407320193e-5
lightgbm,NPB,NPB,test,NPB,中澤　雅人,2010,-0.474444342417637,0.08918932096818125,0.3176829065017178
lightgbm,NPB,NPB,test,NPB,山本　斉,2010,-0.6694356189669849,-0.5682867027103219,0.010231103259897425
lightgbm,NPB,NPB,test,NPB,増井　浩俊,2010,-0.561107131995125,-0.47402756919344735,0.007582850257731315
lightgbm,NPB,NPB,test,NPB,中山　慎也,2010,-0.5177757372063811,-0.2978165396471087,0.048382048590919054
lightgbm,NPB,NPB,test,NPB,山田　修義,2010,-0.6759353281852959,-0.5727333313048286,0.010650652160115976
lightgbm,NPB,NPB,test,NPB,岩隈　久志,2010,2.51542189800569,1.8008486063250526,0.5106149891833015
lightgbm,NPB,NPB,test,NPB,田中　将大,2010,1.43213702828709,0.22771345152213676,1.450636152267283
lightgbm,NPB,NPB,test,NPB,藤原　紘通,2010,-0.5394414346007531,-0.6722854124583157,0.017647522453020592
lightgbm,NPB,NPB,test,NPB,戸村　健次,2010,-0.571939980692311,-0.6245066616409816,0.002763255945959325
lightgbm,NPB,NPB,test,NPB,西口　文也,2010,-0.084461789318943,-0.37801904302225947,0.08617586120183332
lightgbm,NPB,NPB,test,NPB,渡辺　俊介,2010,0.7821661064559338,0.6568296823958614,0.015709219196166295
lightgbm,NPB,NPB,test,NPB,吉見　祐治,2010,-0.37694870414296405,-0.06849988944645108,0.0951406712876838
lightgbm,NPB,NPB,test,NPB,久保　康友,2011,0.7821661064559338,0.44480162956398434,0.11381479026857869
lightgbm,NPB,NPB,test,NPB,鶴　直人,2011,-0.626104224178241,-0.5096172684114666,0.013569210863810448
lightgbm,NPB,NPB,test,NPB,高崎　健太郎,2011,-0.3011187632626621,0.27663945468754936,0.333804558409004
lightgbm,NPB,NPB,test,NPB,須田　幸太,2011,-0.5502742832979389,-0.45176353969160987,0.0097043666058719
lightgbm,NPB,NPB,test,NPB,眞下　貴之,2011,-0.664019194618392,-0.6889882547280609,6.234539627602601e-4
lightgbm,NPB,NPB,test,NPB,杉内　俊哉,2011,3.0570643328649902,2.7681563125219806,0.08346784421851688
lightgbm,NPB,NPB,test,NPB,内海　哲也,2011,1.6487940022308099,1.7054552610641476,0.0032104982525784924
lightgbm,NPB,NPB,test,NPB,小野　淳平,2011,-0.571939980692311,-0.47005475973265887,0.010380598249997139
lightgbm,NPB,NPB,test,NPB,吉見　一起,2011,1.8654509761745302,1.5510557258134883,0.0988443734495822
lightgbm,NPB,NPB,test,NPB,山内　壮馬,2011,-0.5394414346007531,-0.5503811480668642,1.1967733072061279e-4
lightgbm,NPB,NPB,test,NPB,岩田　慎司,2011,-0.6044385267838689,-0.5630500973981613,0.0017130020870157075
lightgbm,NPB,NPB,test,NPB,石川　雅規,2011,1.43213702828709,2.1816858974402185,0.5618235072487336
lightgbm,NPB,NPB,test,NPB,山本　斉,2011,-0.626104224178241,-0.5475794311749198,0.0061661431162144354
lightgbm,NPB,NPB,test,NPB,攝津　正,2011,1.32380854131523,2.5310790975324076,1.4575021959089332
lightgbm,NPB,NPB,test,NPB,斎藤　佑樹,2011,-0.409447250234522,-0.3804102470662634,8.431475529934588e-4
lightgbm,NPB,NPB,test,NPB,吉川　光夫,2011,-0.6152713754810549,-0.5726352509726864,0.001817839113093102
lightgbm,NPB,NPB,test,NPB,中村　勝,2011,-0.6499364913120499,-0.5628153781499114,0.007590088358610132
lightgbm,NPB,NPB,test,NPB,井坂　亮平,2011,-0.5556907076465322,-0.46195606168577436,0.008786183853388611
lightgbm,NPB,NPB,test,NPB,涌井　秀章,2011,1.54046551525895,0.28317380708576095,1.5807824394410552
lightgbm,NPB,NPB,test,NPB,成瀬　善久,2011,0.6738376194840741,1.2558410227905943,0.33872796146037204
lightgbm,NPB,NPB,test,NPB,小野　晋吾,2011,0.132195184624776,0.5673734730015318,0.18938014267452288
lightgbm,NPB,NPB,test,NPB,上野　大樹,2011,-0.5502742832979389,-0.25252853115835794,0.0886525329171648
lightgbm,NPB,NPB,test,NPB,小林　敦,2011,-0.571939980692311,-0.48754406491585717,0.007122670599746289
lightgbm,NPB,NPB,test,NPB,能見　篤史,2012,0.565509132512215,1.5063097533426313,0.8851058081548967
lightgbm,NPB,NPB,test,NPB,安藤　優也,2012,-0.192790276290803,0.5135722313745464,0.4989479922352809
lightgbm,NPB,NPB,test,NPB,高崎　健太郎,2012,-0.138626032804873,0.20652259115155558,0.11912757261901616
lightgbm,NPB,NPB,test,NPB,加賀美　希昇,2012,-0.582772829389497,-0.35632933737366695,0.051276655076323306
lightgbm,NPB,NPB,test,NPB,王　溢正,2012,-0.626104224178241,-0.3083261596776028,0.10098289827777175
lightgbm,NPB,NPB,test,NPB,小山　雄輝,2012,-0.5394414346007531,-0.6260661218546513,0.007503836441835666
lightgbm,NPB,NPB,test,NPB,山内　壮馬,2012,-0.27945306586829005,0.5900458310638254,0.7560283317661654
lightgbm,NPB,NPB,test,NPB,大竹　寛,2012,0.34885215856849494,0.6516326815055336,0.09167604507002657
lightgbm,NPB,NPB,test,NPB,野村　祐輔,2012,-0.3011187632626621,0.5265879760606064,0.685098446321157
lightgbm,NPB,NPB,test,NPB,石川　雅規,2012,1.43213702828709,0.515009418266326,0.8411230530623987
lightgbm,NPB,NPB,test,NPB,館山　昌平,2012,1.32380854131523,1.7735321990961315,0.2022513683678333
lightgbm,NPB,NPB,test,NPB,八木　亮祐,2012,-0.6586027702697991,-0.7193771622299112,0.003693526718121343
lightgbm,NPB,NPB,test,NPB,寺原　隼人,2012,0.186359428110706,0.3448548054802426,0.02512078464751182
lightgbm,NPB,NPB,test,NPB,山本　省吾,2012,-0.138626032804873,-0.39291521676994684,0.06466298908162316
lightgbm,NPB,NPB,test,NPB,新垣　渚,2012,-0.27945306586829005,0.07105476498410282,0.12285573948884967
lightgbm,NPB,NPB,test,NPB,大場　翔太,2012,-0.561107131995125,-0.2893070091344862,0.07387530678705832
lightgbm,NPB,NPB,test,NPB,八木　智哉,2012,-0.474444342417637,0.03675977257046899,0.26132964718077273
lightgbm,NPB,NPB,test,NPB,前田　祐二,2012,-0.6044385267838689,-0.4078654018129937,0.03864099346081532
lightgbm,NPB,NPB,test,NPB,塩見　貴洋,2012,-0.42028009893170803,-0.26099855519657894,0.02537061017464584
lightgbm,NPB,NPB,test,NPB,川井　貴志,2012,-0.5177757372063811,0.04095774321027205,0.31218310213850653
lightgbm,NPB,NPB,test,NPB,牧田　和久,2012,-0.008631848438641248,1.174370492536382,1.3994945387523852
lightgbm,NPB,NPB,test,NPB,岡本　洋介,2012,-0.6477699215726129,-0.6817646424185182,0.0011556410453910262
lightgbm,NPB,NPB,test,NPB,渡辺　俊介,2012,0.132195184624776,0.31268393571232966,0.032576189269144906
lightgbm,NPB,NPB,test,NPB,唐川　侑己,2012,-0.14404245715346606,-0.05628422620804196,0.007701507098670391
lightgbm,NPB,NPB,test,NPB,藤岡　貴裕,2012,-0.5069428885091951,-0.45608822788111397,0.002586196507597306
lightgbm,NPB,NPB,test,NPB,香月　良仁,2012,-0.636937072875427,-0.48592664739228114,0.022804148604600748
lightgbm,NPB,NPB,test,NPB,秋山　拓巳,2013,-0.6044385267838689,-0.601212705496557,1.0405922977674337e-5
lightgbm,NPB,NPB,test,NPB,小嶋　達也,2013,-0.6152713754810549,-0.554717409506501,0.003666782795247441
lightgbm,NPB,NPB,test,NPB,三浦　大輔,2013,1.21548005434337,2.2225003816875195,1.0140899396843182
lightgbm,NPB,NPB,test,NPB,小杉　陽太,2013,-0.626104224178241,-0.37739139237619573,0.06185807270299244
lightgbm,NPB,NPB,test,NPB,杉内　俊哉,2013,4.68199163744288,1.6623510136777866,9.118229496692441
lightgbm,NPB,NPB,test,NPB,内海　哲也,2013,3.59870676772428,0.9582860094503381,6.971821780723939
lightgbm,NPB,NPB,test,NPB,菅野　智之,2013,0.0238666976529166,0.5644677242382082,0.29224946994507117
lightgbm,NPB,NPB,test,NPB,小山　雄輝,2013,-0.5394414346007531,-0.5740617006963226,0.0011985628245280357
lightgbm,NPB,NPB,test,NPB,吉見　一起,2013,1.1504829621602604,-0.3951326604114902,2.38892765273786
lightgbm,NPB,NPB,test,NPB,前田　健太,2013,2.2987649240619703,0.8398746741372225,2.128360761325493
lightgbm,NPB,NPB,test,NPB,野村　祐輔,2013,-0.084461789318943,0.09383620966421405,0.03179017644139788
lightgbm,NPB,NPB,test,NPB,篠田　純平,2013,-0.571939980692311,-0.5615793014072595,1.0734367524769456e-4
lightgbm,NPB,NPB,test,NPB,戸田　隆矢,2013,-0.674852043315578,-0.6526102208235808,4.946986677655144e-4
lightgbm,NPB,NPB,test,NPB,古野　正人,2013,-0.6304373636571149,-0.4848276213129611,0.021202197065530858
lightgbm,NPB,NPB,test,NPB,東浜　巨,2013,-0.582772829389497,-0.46431932213808863,0.014031233380159464
lightgbm,NPB,NPB,test,NPB,木佐貫　洋,2013,0.15386088201914802,1.6233889897498757,2.159512859410653
lightgbm,NPB,NPB,test,NPB,斎藤　佑樹,2013,-0.43111294762889407,-0.6133895383763457,0.03322475553451396
lightgbm,NPB,NPB,test,NPB,東野　峻,2013,-0.20362312498798898,-0.4016140752190241,0.03920041637338822
lightgbm,NPB,NPB,test,NPB,川井　貴志,2013,-0.528608585903567,0.31571474146561157,0.7128818811397611
lightgbm,NPB,NPB,test,NPB,唐川　侑己,2013,-0.02596440635413881,0.3867410826007621,0.17032582061350388
lightgbm,NPB,NPB,test,NPB,大嶺　祐太,2013,-0.5676068412134371,-0.5257626477752563,0.001750936524491893
lightgbm,NPB,NPB,test,NPB,阿部　和成,2013,-0.644520066963457,-0.6175604656554784,7.268201026851607e-4
lightgbm,NPB,NPB,test,NPB,能見　篤史,2014,0.7821661064559338,0.915241335311253,0.017709016534895577
lightgbm,NPB,NPB,test,NPB,秋山　拓巳,2014,-0.626104224178241,-0.6891564576704021,0.003975584148350009
lightgbm,NPB,NPB,test,NPB,久保　康友,2014,0.565509132512215,0.6885526109017694,0.015139697574200748
lightgbm,NPB,NPB,test,NPB,井納　翔一,2014,-0.3119516119598481,0.426441154027497,0.5452238768624421
lightgbm,NPB,NPB,test,NPB,杉内　俊哉,2014,4.68199163744288,2.28717206880258,5.735160766342512
lightgbm,NPB,NPB,test,NPB,澤村　拓一,2014,-0.21445597368517402,-0.3417837167845826,0.016212354162788982
lightgbm,NPB,NPB,test,NPB,大瀬良　大地,2014,-0.3552830067485919,-0.5335819767651063,0.0317905227089499
lightgbm,NPB,NPB,test,NPB,九里　亜蓮,2014,-0.561107131995125,-0.4058369177925784,0.02410883941850469
lightgbm,NPB,NPB,test,NPB,小川　泰弘,2014,-0.0302975458330132,0.1860913101295265,0.046824136984776756
lightgbm,NPB,NPB,test,NPB,古野　正人,2014,-0.587105968868372,-0.38489332202959986,0.04088995454154197
lightgbm,NPB,NPB,test,NPB,帆足　和幸,2014,-0.138626032804873,0.5515226089683676,0.47630514774144866
lightgbm,NPB,NPB,test,NPB,大谷　翔平,2014,0.34885215856849494,1.369447845751232,1.0416155566960033
lightgbm,NPB,NPB,test,NPB,浦野　博司,2014,-0.474444342417637,-0.33715585536449455,0.018848128677340863
lightgbm,NPB,NPB,test,NPB,井川　慶,2014,-0.21445597368517402,0.313020468812393,0.27823139738988906
lightgbm,NPB,NPB,test,NPB,東明　大貴,2014,-0.496110039812009,-0.3148729217151503,0.03284689297605471
lightgbm,NPB,NPB,test,NPB,則本　昂大,2014,0.565509132512215,2.739710782831755,4.727152816252212
lightgbm,NPB,NPB,test,NPB,美馬　学,2014,-0.33361730935422,0.18790336539579208,0.27198381419170786
lightgbm,NPB,NPB,test,NPB,塩見　貴洋,2014,-0.409447250234522,-0.14902599433264868,0.06781923052550899
lightgbm,NPB,NPB,test,NPB,松井　裕樹,2014,-0.4636114937204521,-0.17153938032506083,0.08530611942325028
lightgbm,NPB,NPB,test,NPB,横山　貴明,2014,-0.6466866367028941,-0.4341489891536097,0.04517225162578381
lightgbm,NPB,NPB,test,NPB,野上　亮磨,2014,-0.24695451977673202,-0.2199725086407942,7.280289249398723e-4
lightgbm,NPB,NPB,test,NPB,岡本　洋介,2014,-0.5502742832979389,-0.014926340873395345,0.2865974194581924
lightgbm,NPB,NPB,test,NPB,唐川　侑己,2014,-0.084461789318943,-0.027918039686278352,0.0031971956225214644
lightgbm,NPB,NPB,test,NPB,藤岡　貴裕,2014,-0.3552830067485919,-0.36500150106261,9.444913173160128e-5
lightgbm,NPB,NPB,test,NPB,大嶺　祐太,2014,-0.5372748648613159,-0.4932896105151132,0.001934702599900144
lightgbm,NPB,NPB,test,NPB,藤浪　晋太郎,2015,1.1071515673715102,2.612393010787817,2.265751802978006
lightgbm,NPB,NPB,test,NPB,秋山　拓巳,2015,-0.626104224178241,-0.6923662894818547,0.004390661298300377
lightgbm,NPB,NPB,test,NPB,山口　俊,2015,0.132195184624776,0.2895401841988982,0.024757448890980516
lightgbm,NPB,NPB,test,NPB,三嶋　一輝,2015,-0.4636114937204521,-0.6075773907223492,0.020726179499560845
lightgbm,NPB,NPB,test,NPB,菅野　智之,2015,0.6738376194840741,1.6206789648782352,0.8965085333478251
lightgbm,NPB,NPB,test,NPB,高木　勇人,2015,-0.27945306586829005,0.17372581445355154,0.20537109756975805
lightgbm,NPB,NPB,test,NPB,吉見　一起,2015,0.22969082289945,0.6675013487248704,0.19167805652353115
lightgbm,NPB,NPB,test,NPB,福井　優也,2015,-0.27945306586829005,0.0365259465178903,0.09984273626854592
lightgbm,NPB,NPB,test,NPB,石山　泰稚,2015,-0.29028591456547603,0.04748503547196947,0.11408921468919851
lightgbm,NPB,NPB,test,NPB,近藤　一樹,2015,-0.6044385267838689,0.2912614458790378,0.8022784410283318
lightgbm,NPB,NPB,test,NPB,寺田　哲也,2015,-0.631520648526834,-0.2478946357112632,0.1471689177087725
lightgbm,NPB,NPB,test,NPB,大谷　翔平,2015,1.43213702828709,2.622245212680034,1.4163574905590695
lightgbm,NPB,NPB,test,NPB,有原　航平,2015,-0.409447250234522,-0.2617220615312466,0.021822731377418324
lightgbm,NPB,NPB,test,NPB,上沢　直之,2015,-0.474444342417637,-0.47252750956654826,3.6742481790129667e-6
lightgbm,NPB,NPB,test,NPB,浦野　博司,2015,-0.4852771911148231,-0.602644941076392,0.013775188731041357
lightgbm,NPB,NPB,test,NPB,東明　大貴,2015,-0.27945306586829005,-0.1490388441987509,0.017007869213671693
lightgbm,NPB,NPB,test,NPB,松葉　貴大,2015,-0.43111294762889407,-0.5213411297287808,0.008141124845050314
lightgbm,NPB,NPB,test,NPB,森　雄大,2015,-0.631520648526834,-0.6013610739823139,9.095999367064658e-4
lightgbm,NPB,NPB,test,NPB,十亀　剣,2015,-0.084461789318943,0.34365499320739423,0.18328397948070313
lightgbm,NPB,NPB,test,NPB,菊池　雄星,2015,-0.138626032804873,-0.24161787944845625,0.010607320475055368
lightgbm,NPB,NPB,test,NPB,涌井　秀章,2015,1.6487940022308099,1.8046583209964957,0.024293685864291332
lightgbm,NPB,NPB,test,NPB,田中　英祐,2015,-0.5892725386078089,-0.735958914698141,0.02151689293051435
lightgbm,NPB,NPB,test,NPB,木村　優太,2015,-0.6336872182662711,-0.4228071263362452,0.044470413172416165
lightgbm,NPB,NPB,test,NPB,岩田　稔,2016,-0.16029173019924503,-0.18645473977900312,6.845030702705136e-4
lightgbm,NPB,NPB,test,NPB,石田　健大,2016,-0.21445597368517402,-0.7256681637958435,0.2613379033177473
lightgbm,NPB,NPB,test,NPB,今永　昇太,2016,-0.3011187632626621,-0.6293721767007862,0.10775030343377999
lightgbm,NPB,NPB,test,NPB,江柄子　裕樹,2016,-0.6152713754810549,-0.1935613403209798,0.17783935375471177
lightgbm,NPB,NPB,test,NPB,横山　弘樹,2016,-0.599022102435276,-0.5039508077502358,0.009038551073089747
lightgbm,NPB,NPB,test,NPB,大隣　憲司,2016,-0.138626032804873,0.062331543588981714,0.04038394751009196
lightgbm,NPB,NPB,test,NPB,杉浦　稔大,2016,-0.571939980692311,-0.47313393587634406,0.009762634492174868
lightgbm,NPB,NPB,test,NPB,松葉　貴大,2016,-0.339033733702813,-0.1319338093468984,0.04289037866822554
lightgbm,NPB,NPB,test,NPB,近藤　大亮,2016,-0.6304373636571149,-0.5232581979522707,0.011487373561186452
lightgbm,NPB,NPB,test,NPB,青山　大紀,2016,-0.636937072875427,-0.5728176901532189,0.004111295240676995
lightgbm,NPB,NPB,test,NPB,安樂　智大,2016,-0.5069428885091951,-0.5581357988664838,0.0026207140708493946
lightgbm,NPB,NPB,test,NPB,野上　亮磨,2016,-0.192790276290803,0.04311728765189857,0.05565237872537983
lightgbm,NPB,NPB,test,NPB,十亀　剣,2016,-0.192790276290803,-0.2281818073307879,0.0012525604693542152
lightgbm,NPB,NPB,test,NPB,本田　圭佑,2016,-0.6586027702697991,-0.711602446995901,0.002808965733071313
lightgbm,NPB,NPB,test,NPB,涌井　秀章,2016,1.9737794631463899,0.8519415971424398,1.2585201976002967
lightgbm,NPB,NPB,test,NPB,唐川　侑己,2016,-0.171124578896431,-0.09920994974176492,0.00517171388645315
lightgbm,NPB,NPB,test,NPB,二木　康太,2016,-0.5394414346007531,-0.38993471729540596,0.02235225851942099
lightgbm,NPB,NPB,test,NPB,岩田　稔,2017,-0.192790276290803,0.2024257524424058,0.15619570936764854
lightgbm,NPB,NPB,test,NPB,岩貞　祐太,2017,-0.3552830067485919,-0.22731749062514453,0.016375173316740276
lightgbm,NPB,NPB,test,NPB,小野　泰己,2017,-0.5394414346007531,-0.32131416236225896,0.04757950689420614
lightgbm,NPB,NPB,test,NPB,平良　拳太郎,2017,-0.6531863459212057,-0.5741849767839394,0.0062412163255626115
lightgbm,NPB,NPB,test,NPB,菅野　智之,2017,4.140349202583581,2.83371198448669,1.7073008197159811
lightgbm,NPB,NPB,test,NPB,宮國　椋丞,2017,-0.474444342417637,-0.586513301399565,0.012559451567293068
lightgbm,NPB,NPB,test,NPB,山井　大介,2017,0.0455323950472885,0.2820608081235317,0.05594569019236592
lightgbm,NPB,NPB,test,NPB,小笠原　慎之介,2017,-0.5069428885091951,-0.7092831616026927,0.040941586115551175
lightgbm,NPB,NPB,test,NPB,鈴木　翔太,2017,-0.6044385267838689,-0.3984206026462099,0.04244338506599023
lightgbm,NPB,NPB,test,NPB,中村　祐太,2017,-0.636937072875427,-0.4685643610686577,0.0283493700811654
lightgbm,NPB,NPB,test,NPB,館山　昌平,2017,0.3271864611741241,0.0032092720487996787,0.10496121907354622
lightgbm,NPB,NPB,test,NPB,原　樹理,2017,-0.42028009893170803,-0.32920999861004974,0.008293763172596906
lightgbm,NPB,NPB,test,NPB,梅野　雄吾,2017,-0.664019194618392,-0.6508787475183451,1.7267134998913137e-4
lightgbm,NPB,NPB,test,NPB,千賀　滉大,2017,0.619673375998144,1.267005727589501,0.4190391734167963
lightgbm,NPB,NPB,test,NPB,有原　航平,2017,0.0238666976529166,0.3191512647366043,0.08719297555780088
lightgbm,NPB,NPB,test,NPB,高梨　裕稔,2017,-0.34445015805140594,-0.21012748687021113,0.018042579993251383
lightgbm,NPB,NPB,test,NPB,斎藤　佑樹,2017,-0.536191579991598,-0.3560641375723855,0.03244589551248674
lightgbm,NPB,NPB,test,NPB,山本　由伸,2017,-0.6477699215726129,-0.5741120104628148,0.0054254878690589235
lightgbm,NPB,NPB,test,NPB,山田　修義,2017,-0.6564362005303619,-0.438054676209269,0.047690490164804075
lightgbm,NPB,NPB,test,NPB,則本　昂大,2017,1.9737794631463899,2.7779882728429457,0.6467518095935512
lightgbm,NPB,NPB,test,NPB,菊池　雄星,2017,1.8654509761745302,2.7900017829727544,0.8547941943512473
lightgbm,NPB,NPB,test,NPB,石川　歩,2017,0.45718064554035504,-0.2085270743923494,0.443166768378
lightgbm,NPB,NPB,test,NPB,唐川　侑己,2017,-0.12779318410768703,0.18680617844188105,0.0989727589165946
lightgbm,NPB,NPB,test,NPB,才木　浩人,2018,-0.571939980692311,-0.2728065444577974,0.08948081267346782
lightgbm,NPB,NPB,test,NPB,髙橋　遥人,2018,-0.5936056780866831,-0.5688614429610069,6.122771719547449e-4
lightgbm,NPB,NPB,test,NPB,石田　健大,2018,-0.10612748671331501,-0.2849770168818094,0.031987154441491174
lightgbm,NPB,NPB,test,NPB,東　克樹,2018,-0.13320960845628002,0.5497131877725219,0.4663835456089657
lightgbm,NPB,NPB,test,NPB,山井　大介,2018,-0.06279609192457111,0.5142558070947766,0.33298889416183547
lightgbm,NPB,NPB,test,NPB,大野　雄大,2018,-0.084461789318943,-0.08376107230271435,4.910043368323973e-7
lightgbm,NPB,NPB,test,NPB,Ｒ．マルティネス,2018,-0.626104224178241,-0.6192900321592398,4.6433212871818704e-5
lightgbm,NPB,NPB,test,NPB,野村　祐輔,2018,0.565509132512215,-0.06320908498465005,0.39528659701243535
lightgbm,NPB,NPB,test,NPB,小川　泰弘,2018,0.26218936899100803,-0.11474683596584981,0.14208090260727838
lightgbm,NPB,NPB,test,NPB,中田　賢一,2018,-0.084461789318943,-0.3303200595391289,0.06044628903566195
lightgbm,NPB,NPB,test,NPB,村田　透,2018,-0.192790276290803,0.7856093112513068,0.9572657529025708
lightgbm,NPB,NPB,test,NPB,堀　瑞輝,2018,-0.6304373636571149,-0.6081490711675275,0.00049676798210139875
lightgbm,NPB,NPB,test,NPB,田嶋　大樹,2018,-0.5177757372063811,-0.2640124756217247,0.06439579293008278
lightgbm,NPB,NPB,test,NPB,則本　昂大,2018,1.9737794631463899,1.6573073746381963,0.10015458280473788
lightgbm,NPB,NPB,test,NPB,美馬　学,2018,-0.0302975458330132,0.07349708953344482,0.010773326330855976
lightgbm,NPB,NPB,test,NPB,辛島　航,2018,-0.192790276290803,-0.155686491782423,0.0013766908248443001
lightgbm,NPB,NPB,test,NPB,榎田　大樹,2018,-0.138626032804873,0.7867345227403819,0.8562921577590227
lightgbm,NPB,NPB,test,NPB,今井　達也,2018,-0.5394414346007531,-0.447857474003026,0.008387621838766032
lightgbm,NPB,NPB,test,NPB,郭　俊麟,2018,-0.6044385267838689,-0.5994140650994494,2.524521521819965e-5
lightgbm,NPB,NPB,test,NPB,涌井　秀章,2018,1.43213702828709,0.7353464839615983,0.48551706266141503
lightgbm,NPB,NPB,test,NPB,有吉　優樹,2018,-0.27945306586829005,-0.32047644944107534,0.0016829179997598699
lightgbm,NPB,NPB,test,NPB,土肥　星也,2018,-0.6066050965233062,-0.5823649532650653,5.8758454518004e-4
lightgbm,NPB,NPB,test,NPB,西　勇輝,2019,1.43213702828709,1.7534219382564304,0.1032239933740072
lightgbm,NPB,NPB,test,NPB,秋山　拓巳,2019,-0.38778155284015,-0.379693064801744,6.542363874743702e-5
lightgbm,NPB,NPB,test,NPB,青柳　晃洋,2019,-0.409447250234522,-0.12983256204236268,0.07818437385279846
lightgbm,NPB,NPB,test,NPB,髙橋　遥人,2019,-0.496110039812009,-0.36037271475302046,0.018424621414169524
lightgbm,NPB,NPB,test,NPB,上茶谷　大河,2019,-0.268620217171104,-0.4464465662909131,0.03162221044128023
lightgbm,NPB,NPB,test,NPB,平良　拳太郎,2019,-0.5069428885091951,-0.45972777487557237,0.002229266955435908
lightgbm,NPB,NPB,test,NPB,京山　将弥,2019,-0.6131048057416179,-0.5035296439653744,0.012006716078289932
lightgbm,NPB,NPB,test,NPB,阪口　皓亮,2019,-0.6683523340972657,-0.6080469824518414,0.0036367354370782767
lightgbm,NPB,NPB,test,NPB,菅野　智之,2019,6.306918942020769,0.6410413094667922,32.10216934707546
lightgbm,NPB,NPB,test,NPB,大野　雄大,2019,0.6738376194840741,1.613669067146305,0.8832831500148847
lightgbm,NPB,NPB,test,NPB,山井　大介,2019,-0.23070524673095302,-0.38063330604850215,0.02247842297072653
lightgbm,NPB,NPB,test,NPB,小笠原　慎之介,2019,-0.528608585903567,-0.4745056872832414,0.0029271236391212275
lightgbm,NPB,NPB,test,NPB,笠原　祥太郎,2019,-0.5556907076465322,-0.5195066451507014,0.0013092863787021838
lightgbm,NPB,NPB,test,NPB,山本　拓実,2019,-0.6152713754810549,-0.5323835127142322,0.006870397794051632
lightgbm,NPB,NPB,test,NPB,Ｋ．ジョンソン,2019,2.2175185588330706,0.9597761745991417,1.5819159050984484
lightgbm,NPB,NPB,test,NPB,岡田　明丈,2019,-0.257787368473918,-0.5732633484991065,0.09952509397285317
lightgbm,NPB,NPB,test,NPB,アドゥワ　誠,2019,-0.496110039812009,-0.4633769758761121,0.0010714534746315157
lightgbm,NPB,NPB,test,NPB,石川　雅規,2019,0.40301640205442507,0.794162476871315,0.15299525184466006
lightgbm,NPB,NPB,test,NPB,小川　泰弘,2019,0.240523671596636,0.6908489045094367,0.2027928153979682
lightgbm,NPB,NPB,test,NPB,山田　大樹,2019,-0.5177757372063811,-0.027549709313703603,0.24032155842343228
lightgbm,NPB,NPB,test,NPB,千賀　滉大,2019,2.51542189800569,1.3678128125274414,1.3170066130722227
lightgbm,NPB,NPB,test,NPB,大竹　耕太郎,2019,-0.44194579632608,-0.3667204738874429,0.00565884913599692
lightgbm,NPB,NPB,test,NPB,松本　裕樹,2019,-0.6044385267838689,-0.5578568155361052,0.0021698558227700323
lightgbm,NPB,NPB,test,NPB,上沢　直之,2019,-0.084461789318943,-0.1718512848755118,0.007636923933631556
lightgbm,NPB,NPB,test,NPB,上原　健太,2019,-0.5502742832979389,-0.7183227159487238,0.02824027571638537
lightgbm,NPB,NPB,test,NPB,吉田　輝星,2019,-0.622854369569085,-0.5687869182058714,0.002923289296913476
lightgbm,NPB,NPB,test,NPB,北浦　竜次,2019,-0.6586027702697991,-0.5516741831008712,0.011433722753942999
lightgbm,NPB,NPB,test,NPB,竹安　大知,2019,-0.5394414346007531,-0.44185602517700456,0.009522912132400632
lightgbm,NPB,NPB,test,NPB,則本　昂大,2019,2.51542189800569,-0.38126489598613333,8.390794382486627
lightgbm,NPB,NPB,test,NPB,岸　孝之,2019,2.51542189800569,0.3190511099628899,4.824044638567751
lightgbm,NPB,NPB,test,NPB,弓削　隼人,2019,-0.5881892537380901,-0.43398164946684875,0.02377998521507576
lightgbm,NPB,NPB,test,NPB,松本　航,2019,-0.5069428885091951,-0.6363068221111586,0.016735027316973225
lightgbm,NPB,NPB,test,NPB,相内　誠,2019,-0.6705189038367028,-0.6044923508724358,0.00435950569634315
lightgbm,NPB,NPB,test,NPB,佐々木　千隼,2019,-0.521025591815537,-0.6033088459203796,0.006770533906082098
lightgbm,NPB,NPB,test,NPB,小島　和哉,2019,-0.5502742832979389,-0.5911006885100458,0.0016667953625431494
lightgbm,NPB,NPB,test,NPB,髙橋　遥人,2020,-0.42028009893170803,-0.15339636837275764,0.07122692563706245
lightgbm,NPB,NPB,test,NPB,二保　旭,2020,-0.43111294762889407,-0.34697300643972684,0.007079529703316521
lightgbm,NPB,NPB,test,NPB,岩田　稔,2020,-0.532941725382442,0.025045053665632623,0.3113492455924448
lightgbm,NPB,NPB,test,NPB,中田　賢一,2020,-0.544857858949346,0.30066428036314713,0.7149076880675752
lightgbm,NPB,NPB,test,NPB,上茶谷　大河,2020,-0.268620217171104,-0.48252206905321854,0.04575400223859806
lightgbm,NPB,NPB,test,NPB,井納　翔一,2020,0.34885215856849494,0.415147462095763,0.004395067269772597
lightgbm,NPB,NPB,test,NPB,松葉　貴大,2020,-0.4636114937204521,-0.08835468116844375,0.14081767536669312
lightgbm,NPB,NPB,test,NPB,梅津　晃大,2020,-0.571939980692311,-0.42793054554849774,0.020738717410440158
lightgbm,NPB,NPB,test,NPB,野村　祐輔,2020,0.565509132512215,-0.4210647507241164,0.9733280270840146
lightgbm,NPB,NPB,test,NPB,九里　亜蓮,2020,0.208025125505078,0.840513114023483,0.4000410556200581
lightgbm,NPB,NPB,test,NPB,中村　祐太,2020,-0.571939980692311,-0.462968344948717,0.011874817396634528
lightgbm,NPB,NPB,test,NPB,歳内　宏明,2020,-0.6477699215726129,-0.36254118996220747,0.08135542933608071
lightgbm,NPB,NPB,test,NPB,和田　毅,2020,0.890494593427793,0.53098234085444,0.1292490597503664
lightgbm,NPB,NPB,test,NPB,東浜　巨,2020,0.240523671596636,0.9374576425626902,0.4857169598865128
lightgbm,NPB,NPB,test,NPB,武田　翔太,2020,-0.084461789318943,-0.21279304422267417,0.01646891098516642
lightgbm,NPB,NPB,test,NPB,上沢　直之,2020,0.186359428110706,-0.11561246231215459,0.09118702260555613
lightgbm,NPB,NPB,test,NPB,上原　健太,2020,-0.5502742832979389,-0.46744918577000416,0.006859996780511905
lightgbm,NPB,NPB,test,NPB,則本　昂大,2020,2.51542189800569,0.279401209649893,4.999788518755133
lightgbm,NPB,NPB,test,NPB,内海　哲也,2020,-0.12508497193339,-0.057236148830096124,0.004603462796502065
lightgbm,NPB,NPB,test,NPB,松本　航,2020,-0.409447250234522,-0.3951596270443899,2.0413617642320067e-4
lightgbm,NPB,NPB,test,NPB,與座　海人,2020,-0.636937072875427,-0.6409464787991446,1.607533586114153e-5
lightgbm,NPB,NPB,test,NPB,西　勇輝,2021,1.43213702828709,0.7627117799055595,0.4481301631706738
lightgbm,NPB,NPB,test,NPB,中川　虎大,2021,-0.6629359097486729,-0.5985079339949121,0.004150964059727189
lightgbm,NPB,NPB,test,NPB,戸郷　翔征,2021,-0.3011187632626621,-0.5150753971989336,0.045777441205339664
lightgbm,NPB,NPB,test,NPB,今村　信貴,2021,-0.409447250234522,-0.3177721059310663,0.008404332083059424
lightgbm,NPB,NPB,test,NPB,横川　凱,2021,-0.664019194618392,-0.7840141893487357,0.01439879876033521
lightgbm,NPB,NPB,test,NPB,柳　裕也,2021,0.34885215856849494,0.9671053885647792,0.3822370564008384
lightgbm,NPB,NPB,test,NPB,岡野　祐一郎,2021,-0.6391036426148641,-0.540423931977494,0.009737685291475078
lightgbm,NPB,NPB,test,NPB,大瀬良　大地,2021,1.21548005434337,1.1734358048840023,0.0017677189126015307
lightgbm,NPB,NPB,test,NPB,森下　暢仁,2021,0.07803094113884641,0.3150085356553862,0.05615838030284557
lightgbm,NPB,NPB,test,NPB,中村　祐太,2021,-0.5936056780866831,-0.6197028872022294,6.81064323620556e-4
lightgbm,NPB,NPB,test,NPB,小林　樹斗,2021,-0.680268467664171,-0.5073935487621202,0.029885737585390666
lightgbm,NPB,NPB,test,NPB,高橋　奎二,2021,-0.496110039812009,-0.40066682604489284,0.009109407054195435
lightgbm,NPB,NPB,test,NPB,池田　隆英,2021,-0.5502742832979389,-0.13499403772686372,0.17245768236157255
lightgbm,NPB,NPB,test,NPB,吉田　輝星,2021,-0.6293540787873969,-0.6587283516035626,8.628479034785294e-4
lightgbm,NPB,NPB,test,NPB,増井　浩俊,2021,0.0238666976529166,-0.3579585214717024,0.1457904979595633
lightgbm,NPB,NPB,test,NPB,山﨑　福也,2021,-0.192790276290803,0.38994658827699724,0.3395822533263108
lightgbm,NPB,NPB,test,NPB,山﨑　颯一郎,2021,-0.5936056780866831,-0.5568170443457184,0.001353403572526842
lightgbm,NPB,NPB,test,NPB,本田　仁海,2021,-0.680268467664171,-0.6013233896014327,0.006232325350331846
lightgbm,NPB,NPB,test,NPB,早川　隆久,2021,-0.34445015805140594,-0.4747102498970907,0.016967691527646232
lightgbm,NPB,NPB,test,NPB,髙橋　光成,2021,0.45718064554035504,0.2540362009065238,0.04126766538558773
lightgbm,NPB,NPB,test,NPB,今井　達也,2021,-0.181957427593617,-0.3963996459974678,0.04598546503396485
lightgbm,NPB,NPB,test,NPB,浜屋　将太,2021,-0.5925223932169648,-0.5903388015707902,4.768072477243251e-6
lightgbm,NPB,NPB,test,NPB,小島　和哉,2021,-0.06279609192457111,0.016123647413150456,0.006228325257133916
lightgbm,NPB,NPB,test,NPB,大竹　耕太郎,2022,-0.5177757372063811,-0.5322003509755441,2.080694823895248e-4
lightgbm,NPB,NPB,test,NPB,小川　一平,2022,-0.5936056780866831,-0.5769840283700497,2.7627923930245853e-4
lightgbm,NPB,NPB,test,NPB,髙橋　優貴,2022,-0.409447250234522,-0.5166295681077387,0.011488049264675278
lightgbm,NPB,NPB,test,NPB,福谷　浩司,2022,-0.496110039812009,-0.13844742974976842,0.12792254263653435
lightgbm,NPB,NPB,test,NPB,岡田　俊哉,2022,-0.528608585903567,-0.5186982730979804,9.821429990457213e-5
lightgbm,NPB,NPB,test,NPB,勝野　昌慶,2022,-0.528608585903567,-0.5839402076422874,0.003061588364236838
lightgbm,NPB,NPB,test,NPB,鈴木　博志,2022,-0.5881892537380901,-0.5316403516608125,0.003197778326145529
lightgbm,NPB,NPB,test,NPB,岡野　祐一郎,2022,-0.64235349722402,-0.5033279039261476,0.01932811559182544
lightgbm,NPB,NPB,test,NPB,上田　洸太朗,2022,-0.6466866367028941,-0.6687956011640482,4.888063095445785e-4
lightgbm,NPB,NPB,test,NPB,九里　亜蓮,2022,0.7821661064559338,0.6109910923116898,0.02930088546728212
lightgbm,NPB,NPB,test,NPB,玉村　昇悟,2022,-0.5936056780866831,-0.5494766022234276,0.0019473753365449528
lightgbm,NPB,NPB,test,NPB,小川　泰弘,2022,0.998823080399653,1.8411142753740986,0.7094544571314796
lightgbm,NPB,NPB,test,NPB,阪口　皓亮,2022,-0.636937072875427,-0.6420803557278885,2.645335850042411e-5
lightgbm,NPB,NPB,test,NPB,上沢　直之,2022,1.1071515673715102,0.15226742460393958,0.9118037261089582
lightgbm,NPB,NPB,test,NPB,杉浦　稔大,2022,-0.084461789318943,-0.1519683209314212,0.004557131810346519
lightgbm,NPB,NPB,test,NPB,達　孝太,2022,-0.626104224178241,-0.6602114261978519,0.0011633012296065517
lightgbm,NPB,NPB,test,NPB,生田目　翼,2022,-0.636937072875427,-0.411250791403208,0.050934297644757646
lightgbm,NPB,NPB,test,NPB,山本　由伸,2022,6.306918942020769,3.12859940387759,10.101715086542674
lightgbm,NPB,NPB,test,NPB,竹安　大知,2022,-0.5069428885091951,-0.3883634893109144,0.014061073914225213
lightgbm,NPB,NPB,test,NPB,岸　孝之,2022,1.9737794631463899,2.5601882697306357,0.3438752884395595
lightgbm,NPB,NPB,test,NPB,辛島　航,2022,0.132195184624776,-0.324868731069113,0.20890742302943052
lightgbm,NPB,NPB,test,NPB,與座　海人,2022,-0.37694870414296405,0.2045637028402502,0.33815667947541145
lightgbm,NPB,NPB,test,NPB,佐藤　隼輔,2022,-0.561107131995125,-0.5798913160361803,3.528455700882369e-4
lightgbm,NPB,NPB,test,NPB,渡邉　勇太朗,2022,-0.64235349722402,-0.5503446167968773,0.008465634077456248
lightgbm,NPB,NPB,test,NPB,佐々木　朗希,2022,0.132195184624776,1.0202272582045744,0.7886009637064365
lightgbm,NPB,NPB,test,NPB,伊藤　将司,2023,0.998823080399653,0.02420388447347539,0.9498825770677888
lightgbm,NPB,NPB,test,NPB,東　克樹,2023,0.40301640205442507,1.4267518703697755,1.0480343090868496
lightgbm,NPB,NPB,test,NPB,森　唯斗,2023,-0.192790276290803,0.09091495997795573,0.08048866108631224
lightgbm,NPB,NPB,test,NPB,平良　拳太郎,2023,-0.45277864502326604,-0.08890239902583039,0.1324059224011863
lightgbm,NPB,NPB,test,NPB,山﨑　伊織,2023,-0.181957427593617,-0.006334209935641171,0.030843514580540746
lightgbm,NPB,NPB,test,NPB,髙橋　優貴,2023,-0.4852771911148231,-0.5216189043611602,0.0013207201216789946
lightgbm,NPB,NPB,test,NPB,大野　雄大,2023,2.51542189800569,0.7560277201512579,3.095467873068074
lightgbm,NPB,NPB,test,NPB,涌井　秀章,2023,0.34885215856849494,0.8358977628361615,0.23721342063645642
lightgbm,NPB,NPB,test,NPB,小笠原　慎之介,2023,0.273022217688194,0.32360954423966526,0.0025590776076251875
lightgbm,NPB,NPB,test,NPB,根尾　昂,2023,-0.561107131995125,-0.5294760958342308,0.0010005224486117922
lightgbm,NPB,NPB,test,NPB,遠藤　淳志,2023,-0.4636114937204521,-0.5645721680208529,0.010193057755191607
lightgbm,NPB,NPB,test,NPB,森　翔平,2023,-0.5394414346007531,-0.5531171303398085,1.8702465394721692e-4
lightgbm,NPB,NPB,test,NPB,玉村　昇悟,2023,-0.561107131995125,-0.5801993369417449,3.645122897237372e-4
lightgbm,NPB,NPB,test,NPB,和田　毅,2023,1.43213702828709,0.5105753640681849,0.8492759009579179
lightgbm,NPB,NPB,test,NPB,大関　友久,2023,-0.138626032804873,-0.4358157926221854,0.08832175334027183
lightgbm,NPB,NPB,test,NPB,田中　瑛斗,2023,-0.6531863459212057,-0.6594504908046206,3.923951112041267e-5
lightgbm,NPB,NPB,test,NPB,田嶋　大樹,2023,0.2946879150825661,-0.12427062654759549,0.1755262596048718
lightgbm,NPB,NPB,test,NPB,田中　将大,2023,2.08210795011825,0.9205643405282603,1.3491835569793422
lightgbm,NPB,NPB,test,NPB,岸　孝之,2023,1.54046551525895,1.5749076339619252,0.0011862595407498417
lightgbm,NPB,NPB,test,NPB,與座　海人,2023,-0.409447250234522,-0.11992191029654761,0.0838249224661996
lightgbm,NPB,NPB,test,NPB,種市　篤暉,2023,-0.171124578896431,0.9533447012932567,1.2644311620903141
lightgbm,NPB,NPB,test,NPB,伊藤　将司,2024,0.7821661064559338,-0.19549716671218872,0.955825475701807
lightgbm,NPB,NPB,test,NPB,才木　浩人,2024,0.565509132512215,0.9052004333248517,0.1153901798477812
lightgbm,NPB,NPB,test,NPB,大竹　耕太郎,2024,0.240523671596636,-0.04748507772255965,0.0829490396844073
lightgbm,NPB,NPB,test,NPB,髙橋　遥人,2024,-0.4636114937204521,-0.1376152532175392,0.106273548822033
lightgbm,NPB,NPB,test,NPB,大貫　晋一,2024,0.0455323950472885,0.11433748614331898,0.004734140560733052
lightgbm,NPB,NPB,test,NPB,石田　裕太郎,2024,-0.5936056780866831,-0.5160602299401023,0.006013296528254055
lightgbm,NPB,NPB,test,NPB,小園　健太,2024,-0.6596860551395181,-0.6589086754043962,6.043192525780699e-7
lightgbm,NPB,NPB,test,NPB,田中　将大,2024,0.998823080399653,0.00388143508354692,0.9899088775843202
lightgbm,NPB,NPB,test,NPB,井上　温大,2024,-0.36611585544577796,-0.5083576200806487,0.020232719606441955
lightgbm,NPB,NPB,test,NPB,又木　鉄平,2024,-0.626104224178241,-0.601517642846579,6.044999815784263e-4
lightgbm,NPB,NPB,test,NPB,涌井　秀章,2024,0.240523671596636,-0.12928361540823222,0.13675742952190095
lightgbm,NPB,NPB,test,NPB,梅津　晃大,2024,-0.582772829389497,0.26301013373167303,0.7153488207060266
lightgbm,NPB,NPB,test,NPB,大瀬良　大地,2024,1.43213702828709,0.934034930640338,0.2481056996800944
lightgbm,NPB,NPB,test,NPB,アドゥワ　誠,2024,-0.36611585544577796,-0.28776179403351715,0.006139358939796339
lightgbm,NPB,NPB,test,NPB,高橋　奎二,2024,-0.10612748671331501,0.22240268126524962,0.10793207127202388
lightgbm,NPB,NPB,test,NPB,青柳　晃洋,2024,-0.192790276290803,0.1055729710989507,0.08902062739295938
lightgbm,NPB,NPB,test,NPB,石川　雅規,2024,-0.3011187632626621,-0.2472831494298453,0.0028982733167561775
lightgbm,NPB,NPB,test,NPB,東浜　巨,2024,0.890494593427793,0.7590947093684831,0.017265929530800087
lightgbm,NPB,NPB,test,NPB,大関　友久,2024,0.240523671596636,0.11088974511088942,0.016804954896111952
lightgbm,NPB,NPB,test,NPB,大津　亮介,2024,-0.138626032804873,0.11021325334763898,0.06192099033289175
lightgbm,NPB,NPB,test,NPB,上原　健太,2024,-0.34445015805140594,-0.17640456381846228,0.028239321741103145
lightgbm,NPB,NPB,test,NPB,福島　蓮,2024,-0.561107131995125,-0.5761260110545502,2.255667282016416e-4
lightgbm,NPB,NPB,test,NPB,宮城　大弥,2024,1.43213702828709,0.11587222399223535,1.732553035025372
lightgbm,NPB,NPB,test,NPB,曽谷　龍平,2024,-0.32278446065703403,0.3712991689239666,0.4817520848523357
lightgbm,NPB,NPB,test,NPB,齋藤　響介,2024,-0.6044385267838689,-0.6446810262304413,0.0016194587617073826
lightgbm,NPB,NPB,test,NPB,岸　孝之,2024,1.6487940022308099,1.6029065485926641,0.0021056584013929734
lightgbm,NPB,NPB,test,NPB,藤井　聖,2024,-0.33361730935422,0.09944235837790048,0.1875406758162546
lightgbm,NPB,NPB,test,NPB,古謝　樹,2024,-0.4852771911148231,-0.3734235212473137,0.012511243462829778
lightgbm,NPB,NPB,test,NPB,渡邉　勇太朗,2024,-0.5177757372063811,-0.30059887418253534,0.04716578983287829
lightgbm,NPB,NPB,test,NPB,青山　美夏人,2024,-0.5665235563437181,-0.5346994017142521,0.0010127768178801605
lightgbm,NPB,NPB,test,NPB,菅井　信也,2024,-0.6618526248789548,-0.6561317480685026,3.272843148036964e-5
lightgbm,NPB,NPB,test,NPB,西野　勇士,2024,0.890494593427793,2.0428002648959587,1.3278083604977
lightgbm,NPB,NPB,test,NPB,才木　浩人,2025,1.9737794631463899,1.5218815155238103,0.2042117550654996
lightgbm,NPB,NPB,test,NPB,大竹　耕太郎,2025,0.6738376194840741,0.3723372633979116,0.09090246472008275
lightgbm,NPB,NPB,test,NPB,門別　啓人,2025,-0.6044385267838689,-0.6481733630560389,0.0019127359037535174
lightgbm,NPB,NPB,test,NPB,大貫　晋一,2025,-0.0519632432273851,0.18253958461691944,0.05499157626697553
lightgbm,NPB,NPB,test,NPB,石田　裕太郎,2025,-0.409447250234522,-0.44967967411086424,0.001618647930965673
lightgbm,NPB,NPB,test,NPB,吉野　光樹,2025,-0.6152713754810549,-0.36499879015354725,0.06263636696651462
lightgbm,NPB,NPB,test,NPB,赤星　優志,2025,-0.21445597368517402,0.02837673899526827,0.058967726347742236
lightgbm,NPB,NPB,test,NPB,髙橋　宏斗,2025,1.43213702828709,-0.40687218990518975,3.3819549045961796
lightgbm,NPB,NPB,test,NPB,大野　雄大,2025,1.1071515673715102,2.064007127846346,0.9155725636116123
lightgbm,NPB,NPB,test,NPB,涌井　秀章,2025,0.0238666976529166,0.7067444800546314,0.46632206569788376
lightgbm,NPB,NPB,test,NPB,草加　勝,2025,-0.6152713754810549,-0.5057357647723403,0.011998050013331082
lightgbm,NPB,NPB,test,NPB,三浦　瑞樹,2025,-0.636937072875427,-0.5048935762260655,0.017435485007389954
lightgbm,NPB,NPB,test,NPB,大瀬良　大地,2025,1.43213702828709,0.6278530146570885,0.6468727745807844
lightgbm,NPB,NPB,test,NPB,床田　寛樹,2025,1.2696442978292994,0.46324284921285847,0.6502832963306946
lightgbm,NPB,NPB,test,NPB,玉村　昇悟,2025,-0.37694870414296405,-0.1424569641605846,0.054986376119963855
lightgbm,NPB,NPB,test,NPB,アドゥワ　誠,2025,-0.42028009893170803,-0.5512960550478473,0.017165180757026128
lightgbm,NPB,NPB,test,NPB,高梨　裕稔,2025,-0.268620217171104,0.08583310929933297,0.12563716064595817
lightgbm,NPB,NPB,test,NPB,石川　雅規,2025,-0.38778155284015,-0.0675277499708806,0.10256249825222888
lightgbm,NPB,NPB,test,NPB,山野　太一,2025,-0.4852771911148231,-0.15554197545966475,0.10872531244315378
lightgbm,NPB,NPB,test,NPB,大関　友久,2025,1.1071515673715102,0.35380835182756215,0.5675260004060955
lightgbm,NPB,NPB,test,NPB,前田　純,2025,-0.5394414346007531,-0.5306179972784487,7.785304618063415e-5
lightgbm,NPB,NPB,test,NPB,達　孝太,2025,-0.27945306586829005,-0.19856764392973547,0.006542451482178006
lightgbm,NPB,NPB,test,NPB,宮城　大弥,2025,1.6487940022308099,0.4338283237993528,1.4761415997664107
lightgbm,NPB,NPB,test,NPB,田嶋　大樹,2025,0.45718064554035504,0.12468825245563529,0.11055119145920378
lightgbm,NPB,NPB,test,NPB,曽谷　龍平,2025,-0.138626032804873,-0.053921129459152735,0.007174920650807815
lightgbm,NPB,NPB,test,NPB,寺西　成騎,2025,-0.582772829389497,-0.5356158705301161,0.0022237787688653503
lightgbm,NPB,NPB,test,NPB,早川　隆久,2025,-0.084461789318943,-0.2908358476814946,0.042590251965029864
lightgbm,NPB,NPB,test,NPB,藤井　聖,2025,-0.22528882238236003,-0.24158363861641832,2.655210361017296e-4
lightgbm,NPB,NPB,test,NPB,瀧中　瞭太,2025,-0.3011187632626621,0.1929811809613618,0.24413475488218356
lightgbm,NPB,NPB,test,NPB,古謝　樹,2025,-0.306535187611255,-0.2877687199747931,3.5218030755037157e-4
lightgbm,NPB,NPB,test,NPB,大内　誠弥,2025,-0.674852043315578,-0.597626687149449,0.005963755634985482
lightgbm,NPB,NPB,test,NPB,松本　航,2025,-0.3011187632626621,-0.4922456067840675,0.03652947031445577
lightgbm,NPB,NPB,test,NPB,唐川　侑己,2025,-0.257787368473918,0.5498685686151228,0.6523081127151766
lightgbm,NPB,NPB,test,NPB,田中　晴也,2025,-0.4852771911148231,-0.23099898335811148,0.0646574069399654
lightgbm,NPB,MLB,full_cross_league,MLB,Joe Saunders,2010,0.400009505893198,0.4063620571885177,4.035490795966796e-5
lightgbm,NPB,MLB,full_cross_league,MLB,Zach Duke,2010,0.176804602383306,0.25367277968396673,0.005908716681525813
lightgbm,NPB,MLB,full_cross_league,MLB,Ian Kennedy,2010,-0.5443332400399039,0.5370990347058051,1.1694957648616786
lightgbm,NPB,MLB,full_cross_league,MLB,Daniel Hudson,2010,-0.5450772563849371,-0.1721494314057565,0.13907516264370234
lightgbm,NPB,MLB,full_cross_league,MLB,Barry Enright,2010,-0.545263260471195,-0.5088724661402958,0.0013242899120338054
lightgbm,NPB,MLB,full_cross_league,MLB,Trevor Cahill,2010,0.5116119576481442,0.6833438316550217,0.02949183654991405
lightgbm,NPB,MLB,full_cross_league,MLB,Dallas Braden,2010,1.0072043797491602e-4,0.6736677835949202,0.45369258856987227
lightgbm,NPB,MLB,full_cross_league,MLB,Rich Harden,2010,-0.34400683913977503,-0.30427537749071737,0.00157858904477054
lightgbm,NPB,MLB,full_cross_league,MLB,Trevor Cahill,2010,-0.5411711705735132,0.6833438316550217,1.499436990682749
lightgbm,NPB,MLB,full_cross_league,MLB,Gio González,2010,-0.5448912522986783,0.9201577790870682,2.146368664364314
lightgbm,NPB,MLB,full_cross_league,MLB,Bobby Cramer,2010,-0.546007276816228,-0.15631193792142106,0.1518624571563384
lightgbm,NPB,MLB,full_cross_league,MLB,Jair Jurrjens,2010,-0.0184996881878494,-0.35543987594633597,0.11352869012672417
lightgbm,NPB,MLB,full_cross_league,MLB,Tommy Hanson,2010,-0.5381021031502519,0.4415195950531744,0.9596586715909647
lightgbm,NPB,MLB,full_cross_league,MLB,Brandon Beachy,2010,-0.5455422666005821,-0.6705482109646038,0.015626486126340884
lightgbm,NPB,MLB,full_cross_league,MLB,Rodrigo López,2010,-0.546007276816228,0.9486615198391388,2.2340348116952025
lightgbm,NPB,MLB,full_cross_league,MLB,Mike Minor,2010,-0.546007276816228,-0.4830343050896783,0.003965595168072821
lightgbm,NPB,MLB,full_cross_league,MLB,Jeremy Guthrie,2010,0.44651052745775904,1.3431601205356567,0.8039804927667595
lightgbm,NPB,MLB,full_cross_league,MLB,Justin Duchscherer,2010,-0.49281010814637,-0.38264432033829354,0.012136500803374127
lightgbm,NPB,MLB,full_cross_league,MLB,Brad Bergesen,2010,-0.5422871950910628,-0.09312334328592245,0.20174816576843013
lightgbm,NPB,MLB,full_cross_league,MLB,Jake Arrieta,2010,-0.5450772563849371,-0.455396254459372,0.008042682106373213
lightgbm,NPB,MLB,full_cross_league,MLB,Chris Tillman,2010,-0.545449264557453,-0.5449224970623201,2.77483993928609e-7
lightgbm,NPB,MLB,full_cross_league,MLB,Josh Beckett,2010,2.5390564978629993,-0.003542369038571547,6.464808997969152
lightgbm,NPB,MLB,full_cross_league,MLB,Andrew Miller,2010,-0.38120765639142395,-0.4324969004656488,0.00263058655770541
lightgbm,NPB,MLB,full_cross_league,MLB,Clay Buchholz,2010,-0.5197807006538151,0.7289923777845573,1.5594342014324494
lightgbm,NPB,MLB,full_cross_league,MLB,Matt Garza,2010,0.483711344709408,1.2819059038630205,0.6371145542624298
lightgbm,NPB,MLB,full_cross_league,MLB,Tom Gorzelanny,2010,-0.23240438738482905,-0.22281875246390942,9.188439683715384e-5
lightgbm,NPB,MLB,full_cross_league,MLB,Doug Davis,2010,-0.455609290894721,-0.3844990805939513,0.005056662009019692
lightgbm,NPB,MLB,full_cross_league,MLB,Randy Wells,2010,-0.5346610275544752,0.6726198169921104,1.4575270376091167
lightgbm,NPB,MLB,full_cross_league,MLB,Chris Carpenter,2010,-0.546007276816228,2.238180227894918,7.751700061389678
lightgbm,NPB,MLB,full_cross_league,MLB,Casey Coleman,2010,-0.546007276816228,-0.529608305941098,2.689262457633614e-4
lightgbm,NPB,MLB,full_cross_league,MLB,John Danks,2010,0.49301154902232,0.9605227432469746,0.21856671672536276
lightgbm,NPB,MLB,full_cross_league,MLB,Bronson Arroyo,2010,1.5470347664870598,1.3467615516750315,0.040109360571144836
lightgbm,NPB,MLB,full_cross_league,MLB,Johnny Cueto,2010,0.6325146137160019,0.311919546104632,0.10278119737673884
lightgbm,NPB,MLB,full_cross_league,MLB,Edinson Vólquez,2010,-0.320756328357495,-0.10824033756862758,0.04516304634097399
lightgbm,NPB,MLB,full_cross_league,MLB,Homer Bailey,2010,-0.5409851664872549,-0.501160079711663,0.0015860375366834275
lightgbm,NPB,MLB,full_cross_league,MLB,Mike Leake,2010,-0.543961231867387,-0.34481809799427143,0.03965798776880562
lightgbm,NPB,MLB,full_cross_league,MLB,Travis Wood,2010,-0.544426242083033,-0.5899591524556651,0.0020732459270021457
lightgbm,NPB,MLB,full_cross_league,MLB,Dontrelle Willis,2010,-0.546007276816228,-0.4441548913628634,0.010373908422540748
lightgbm,NPB,MLB,full_cross_league,MLB,Justin Masterson,2010,-0.5358886545237792,0.2717550870279818,0.6522884132677277
lightgbm,NPB,MLB,full_cross_league,MLB,Mitch Talbot,2010,-0.5427150044894571,0.13145902891121147,0.4545106273117257
lightgbm,NPB,MLB,full_cross_league,MLB,Josh Tomlin,2010,-0.5454120637402008,-0.2172334442695861,0.1077012062776385
lightgbm,NPB,MLB,full_cross_league,MLB,Carlos Carrasco,2010,-0.5456724694609629,-0.49424392936820605,0.0026448947360723017
lightgbm,NPB,MLB,full_cross_league,MLB,Jeanmar Gómez,2010,-0.546007276816228,-0.5691952159311943,5.376805203993843e-4
lightgbm,NPB,MLB,full_cross_league,MLB,David Huff,2010,-0.546007276816228,-0.2691611510134577,0.07664377737200329
lightgbm,NPB,MLB,full_cross_league,MLB,Jorge De La Rosa,2010,1.37653095874898,-0.12855198137409718,2.2652746566495265
lightgbm,NPB,MLB,full_cross_league,MLB,Jason Hammel,2010,0.0977528657235527,0.21206502076105907,0.013067268789318893
lightgbm,NPB,MLB,full_cross_league,MLB,Felipe Paulino,2010,-0.476069740383128,-0.22665257038797623,0.062208924688390434
lightgbm,NPB,MLB,full_cross_league,MLB,Jhoulys Chacín,2010,-0.5450772563849371,-0.3165056677322878,0.05224497113919593
lightgbm,NPB,MLB,full_cross_league,MLB,Brad Penny,2010,-0.06500070975241032,-0.14129067817126648,0.00582015928135007
lightgbm,NPB,MLB,full_cross_league,MLB,Armando Galarraga,2010,-0.195203570133181,0.3501970542181602,0.2974618410428328
lightgbm,NPB,MLB,full_cross_league,MLB,Max Scherzer,2010,-0.511410516772194,0.8634018156430873,1.8901089493611458
lightgbm,NPB,MLB,full_cross_league,MLB,Andy Oliver,2010,-0.546007276816228,-0.5552845539353689,8.606787074533616e-5
lightgbm,NPB,MLB,full_cross_league,MLB,Wandy Rodríguez,2010,1.4850332803982598,0.8759459750989363,0.37098734547679124
lightgbm,NPB,MLB,full_cross_league,MLB,Brett Myers,2010,1.51603402344266,1.4019457559051478,0.01301613278971094
lightgbm,NPB,MLB,full_cross_league,MLB,J.A. Happ,2010,-0.5348470316407331,-0.29966218141719203,0.05531191377466945
lightgbm,NPB,MLB,full_cross_league,MLB,Bud Norris,2010,-0.5416361807891589,0.2345077322421038,0.6023993737354801
lightgbm,NPB,MLB,full_cross_league,MLB,Kyle Davies,2010,-0.027799892500761595,0.7470145615503405,0.6003374382065075
lightgbm,NPB,MLB,full_cross_league,MLB,Jeff Francis,2010,-0.25100479601065406,-0.009147709523442812,0.05849485028408238
lightgbm,NPB,MLB,full_cross_league,MLB,Bruce Chen,2010,-0.25100479601065406,0.5206793311728167,0.5954963921469151
lightgbm,NPB,MLB,full_cross_league,MLB,Luke Hochevar,2010,-0.29564577671263204,-0.332066355285203,0.001326458543560816
lightgbm,NPB,MLB,full_cross_league,MLB,Sean O'Sullivan,2010,-0.5447982502555492,-0.5909852944452534,0.0021332430509816893
lightgbm,NPB,MLB,full_cross_league,MLB,Vin Mazzaro,2010,-0.546007276816228,-0.5914991444007327,0.0020695100163261133
lightgbm,NPB,MLB,full_cross_league,MLB,Jered Weaver,2010,0.746907126764822,1.5707429386239407,0.6787054449015733
lightgbm,NPB,MLB,full_cross_league,MLB,Ted Lilly,2010,1.4230319803135398,2.2326098021207277,0.6554162495620708
lightgbm,NPB,MLB,full_cross_league,MLB,Hiroki Kuroda,2010,1.6090360665717802,1.815023857707806,0.04243097009709896
lightgbm,NPB,MLB,full_cross_league,MLB,Jon Garland,2010,0.30700746276407703,1.774016206263813,2.152114653504674
lightgbm,NPB,MLB,full_cross_league,MLB,Chad Billingsley,2010,-0.013849586031393302,1.0628147036108304,1.159205992590794
lightgbm,NPB,MLB,full_cross_league,MLB,Clayton Kershaw,2010,-0.530010925398019,1.0597219891492573,2.5272507395949777
lightgbm,NPB,MLB,full_cross_league,MLB,Ricky Nolasco,2010,1.02002306475265,1.3590594886022505,0.1149456966967259
lightgbm,NPB,MLB,full_cross_league,MLB,Javier Vázquez,2010,0.679015635280563,1.5416544650500439,0.7441457506260595
lightgbm,NPB,MLB,full_cross_league,MLB,Aníbal Sánchez,2010,0.0652021506283601,0.8591124179941332,0.6302935126287933
lightgbm,NPB,MLB,full_cross_league,MLB,Shawn Hill,2010,-0.511410516772194,-0.4545607110283365,0.0032319004131143277
lightgbm,NPB,MLB,full_cross_league,MLB,Chris Volstad,2010,-0.540241150142222,-0.3157928556784893,0.050377036887678445
lightgbm,NPB,MLB,full_cross_league,MLB,Alex Sanabia,2010,-0.546007276816228,-0.3644093777996485,0.03297779692723579
lightgbm,NPB,MLB,full_cross_league,MLB,Shaun Marcum,2010,0.111703172192921,1.4505667805011315,1.7925557616520815
lightgbm,NPB,MLB,full_cross_league,MLB,Chris Narveson,2010,-0.5403992536155422,0.33863622878464117,0.7727033793185231
lightgbm,NPB,MLB,full_cross_league,MLB,Mark Rogers,2010,-0.546007276816228,-0.5811485035573261,0.001234905816869268
lightgbm,NPB,MLB,full_cross_league,MLB,Carl Pavano,2010,0.911520743103368,2.67855822269418,3.12242145427865
lightgbm,NPB,MLB,full_cross_league,MLB,Francisco Liriano,2010,0.176804602383306,2.0420522572257798,3.479148813895348
lightgbm,NPB,MLB,full_cross_league,MLB,Kevin Slowey,2010,-0.12080193562988299,-0.02588203550584374,0.009009787439557587
lightgbm,NPB,MLB,full_cross_league,MLB,R.A. Dickey,2010,0.10240296788000901,1.267354476729133,1.3571120179698506
lightgbm,NPB,MLB,full_cross_league,MLB,Mike Pelfrey,2010,0.10705307003646501,1.337353002741429,1.5136379244138394
lightgbm,NPB,MLB,full_cross_league,MLB,Chris Young,2010,-0.4184084736430731,-0.18181807691387047,0.05597501582448149
lightgbm,NPB,MLB,full_cross_league,MLB,Dillon Gee,2010,-0.5486113340238431,-0.6145388258694737,0.004346434181055693
lightgbm,NPB,MLB,full_cross_league,MLB,Phil Hughes,2010,-0.12080193562988299,0.47297367289186926,0.3525694732753772
lightgbm,NPB,MLB,full_cross_league,MLB,Kevin Millwood,2010,-0.34400683913977503,1.1015854990980944,2.0897372083720307
lightgbm,NPB,MLB,full_cross_league,MLB,Freddy García,2010,-0.34400683913977503,0.8603941879455003,1.4505818340440657
lightgbm,NPB,MLB,full_cross_league,MLB,Iván Nova,2010,-0.542491799585947,-0.6387782355382007,0.009271077748387459
lightgbm,NPB,MLB,full_cross_league,MLB,Cliff Lee,2010,3.8410851016706995,1.8121005873944578,4.116778159172796
lightgbm,NPB,MLB,full_cross_league,MLB,Roy Halladay,2010,3.0970687566377304,3.6798141257996306,0.33959216527963937
lightgbm,NPB,MLB,full_cross_league,MLB,Kyle Kendrick,2010,-0.16730295719444402,0.3058679269685297,0.2238906856195703
lightgbm,NPB,MLB,full_cross_league,MLB,Kevin Correia,2010,0.12100337650583301,0.4543140910357404,0.11109603242043739
lightgbm,NPB,MLB,full_cross_league,MLB,Ross Ohlendorf,2010,-0.24635469385419803,-0.10101502066893289,0.02112362060159968
lightgbm,NPB,MLB,full_cross_league,MLB,Jeff Karstens,2010,-0.4184084736430731,-0.261768355658882,0.024536126562101305
lightgbm,NPB,MLB,full_cross_league,MLB,Scott Olsen,2010,-0.5393111297109308,-0.29923955564869803,0.05763436067271809
lightgbm,NPB,MLB,full_cross_league,MLB,James McDonald,2010,-0.540613158314739,-0.26580848374928,0.07551760916302781
lightgbm,NPB,MLB,full_cross_league,MLB,Charlie Morton,2010,-0.5409851664872549,0.05350351343158721,0.35341679055164754
lightgbm,NPB,MLB,full_cross_league,MLB,Brad Lincoln,2010,-0.5459142747730991,-0.4527449467419968,0.008680523685767142
lightgbm,NPB,MLB,full_cross_league,MLB,Aaron Harang,2010,0.12100337650583301,0.10005464463919439,4.3884936682032043e-4
lightgbm,NPB,MLB,full_cross_league,MLB,Dustin Moseley,2010,-0.455609290894721,-0.545333354835278,0.008050407650009158
lightgbm,NPB,MLB,full_cross_league,MLB,Clayton Richard,2010,-0.5358142528892761,0.9875549333569029,2.320653677604346
lightgbm,NPB,MLB,full_cross_league,MLB,Mat Latos,2010,-0.5373208859879678,1.554484198379692,4.375648510986393
lightgbm,NPB,MLB,full_cross_league,MLB,Cory Luebke,2010,-0.5457096702782142,-0.5637237538130723,0.00032450720560084627
lightgbm,NPB,MLB,full_cross_league,MLB,Wade LeBlanc,2010,-0.546007276816228,-0.38923441518769564,0.02457773014319894
lightgbm,NPB,MLB,full_cross_league,MLB,Jason Vargas,2010,-0.16730295719444402,0.7046152472147548,0.7602413551801613
lightgbm,NPB,MLB,full_cross_league,MLB,Doug Fister,2010,-0.5418221848754169,0.5139490924718368,1.1146529900714515
lightgbm,NPB,MLB,full_cross_league,MLB,David Pauley,2010,-0.5445192441261619,-0.25006766058565055,0.08670173504951476
lightgbm,NPB,MLB,full_cross_league,MLB,Jonathan Sánchez,2010,0.26980664551242806,1.0752665857193282,0.6487657152781031
lightgbm,NPB,MLB,full_cross_league,MLB,Jeff Suppan,2010,-0.4370088822688971,0.15519066539669021,0.3507003042553263
lightgbm,NPB,MLB,full_cross_league,MLB,Madison Bumgarner,2010,-0.5393111297109308,-0.5784294148911556,0.0015302402354414003
lightgbm,NPB,MLB,full_cross_league,MLB,Jake Westbrook,2010,0.911520743103368,1.1282416459073794,0.046967949712185784
lightgbm,NPB,MLB,full_cross_league,MLB,Jaime García,2010,-0.541729182832288,-0.2655070866545466,0.07629864641682542
lightgbm,NPB,MLB,full_cross_league,MLB,Wade Davis,2010,-0.037100096813673794,-0.13647130135251492,0.0098746362915002
lightgbm,NPB,MLB,full_cross_league,MLB,Jeff Niemann,2010,-0.455051278635947,0.3168306430354242,0.5958017010030889
lightgbm,NPB,MLB,full_cross_league,MLB,Scott Feldman,2010,0.44651052745775904,-0.30625143863742216,0.5666505775994828
lightgbm,NPB,MLB,full_cross_league,MLB,C.J. Wilson,2010,0.679015635280563,1.2159244025471487,0.2882710243677248
lightgbm,NPB,MLB,full_cross_league,MLB,Dave Bush,2010,-0.4370088822688971,0.4488014584578067,0.7846599597383591
lightgbm,NPB,MLB,full_cross_league,MLB,Tommy Hunter,2010,-0.540769401747196,-0.7108270741708336,0.02891961195014522
lightgbm,NPB,MLB,full_cross_league,MLB,Derek Holland,2010,-0.542694544039968,-0.527353950096261,2.3533382254570034e-4
lightgbm,NPB,MLB,full_cross_league,MLB,Omar Beltré,2010,-0.5458212727299702,-0.20393182478857422,0.11688839461367251
lightgbm,NPB,MLB,full_cross_league,MLB,Ricky Romero,2010,0.49673163074748494,1.3275066230221482,0.6901870877889668
lightgbm,NPB,MLB,full_cross_league,MLB,Brandon Morrow,2010,-0.195203570133181,0.8408243245173873,1.073353798494089
lightgbm,NPB,MLB,full_cross_league,MLB,Jesse Litsch,2010,-0.46862957693279805,-0.5961499874577415,0.016261455100450108
lightgbm,NPB,MLB,full_cross_league,MLB,Brett Cecil,2010,-0.540594557906113,0.21022712724353718,0.5637332028909604
lightgbm,NPB,MLB,full_cross_league,MLB,Marc Rzepczynski,2010,-0.5431056130705992,-0.3507030332064304,0.03701875273838786
lightgbm,NPB,MLB,full_cross_league,MLB,Kyle Drabek,2010,-0.5456352686437111,-0.600820790975992,0.003045441875086663
lightgbm,NPB,MLB,full_cross_league,MLB,John Lannan,2010,-0.11150173131697101,-0.5444153589342551,0.1874142089767565
lightgbm,NPB,MLB,full_cross_league,MLB,Liván Hernández,2010,-0.4370088822688971,1.199755608691033,2.6789979988673194
lightgbm,NPB,MLB,full_cross_league,MLB,Jordan Zimmermann,2010,-0.5458212727299702,-0.6086252819275443,0.003944343571288975
lightgbm,NPB,MLB,full_cross_league,MLB,Ross Detwiler,2010,-0.546007276816228,-0.6245550735565211,0.0061697563727544005
lightgbm,NPB,MLB,full_cross_league,MLB,Craig Stammen,2010,-0.546007276816228,-0.2541754009766783,0.08516584375603034
lightgbm,NPB,MLB,full_cross_league,MLB,Joe Saunders,2011,0.49301154902232,0.8058278362672954,0.09785402956573096
lightgbm,NPB,MLB,full_cross_league,MLB,Ian Kennedy,2011,-0.5263838457159828,1.4328152696956415,3.8384611738296917
lightgbm,NPB,MLB,full_cross_league,MLB,Daniel Hudson,2011,-0.5292669090529858,1.2309790466742765,3.098465824654183
lightgbm,NPB,MLB,full_cross_league,MLB,Josh Collmenter,2011,-0.532614982605634,0.4526012219160872,0.970650969652186
lightgbm,NPB,MLB,full_cross_league,MLB,Wade Miley,2011,-0.533545003036925,-0.5893028585839342,0.0031089384552011427
lightgbm,NPB,MLB,full_cross_league,MLB,Brandon McCarthy,2011,0.17215450022684997,0.5140534581708256,0.11689489744317641
lightgbm,NPB,MLB,full_cross_league,MLB,Dallas Braden,2011,1.0072043797491602e-4,-0.536447406741245,0.2878838927795284
lightgbm,NPB,MLB,full_cross_league,MLB,Bartolo Colon,2011,-0.25100479601065406,1.6121506321870964,3.471348149622743
lightgbm,NPB,MLB,full_cross_league,MLB,Tyson Ross,2011,-0.5337310071231842,-0.6114091560397809,0.006033894819108963
lightgbm,NPB,MLB,full_cross_league,MLB,Brad Peacock,2011,-0.5337310071231842,-0.6840319013119469,0.02259035879394164
lightgbm,NPB,MLB,full_cross_league,MLB,Jarrod Parker,2011,-0.5337310071231842,-0.31786064105667333,0.04660001494568942
lightgbm,NPB,MLB,full_cross_league,MLB,Tommy Milone,2011,-0.5337310071231842,-0.5839374287801198,0.0025206847755940083
lightgbm,NPB,MLB,full_cross_league,MLB,Graham Godfrey,2011,-0.5337310071231842,-0.5824304285173451,0.00237163364412605
lightgbm,NPB,MLB,full_cross_league,MLB,Jair Jurrjens,2011,0.400009505893198,-0.20130619922251516,0.3615805772188074
lightgbm,NPB,MLB,full_cross_league,MLB,Tommy Hanson,2011,-0.52350078237898,0.4904801361977892,1.0281573032377886
lightgbm,NPB,MLB,full_cross_league,MLB,Brandon Beachy,2011,-0.53094094582931,-0.29670809808650883,0.05486502696170225
lightgbm,NPB,MLB,full_cross_league,MLB,Mike Minor,2011,-0.533265996907538,-0.4501142870887163,0.006914206845793519
lightgbm,NPB,MLB,full_cross_league,MLB,Julio Teheran,2011,-0.5337310071231842,-0.6122340910825343,0.006162734191128776
lightgbm,NPB,MLB,full_cross_league,MLB,Randall Delgado,2011,-0.5337310071231842,-0.6373763522751619,0.010742357571672578
lightgbm,NPB,MLB,full_cross_league,MLB,Dana Eveland,2011,-0.4835099038334581,-0.43471300182133477,0.002381137645980766
lightgbm,NPB,MLB,full_cross_league,MLB,Dontrelle Willis,2011,-0.49281010814637,-0.25311134199075014,0.05745549849652653
lightgbm,NPB,MLB,full_cross_league,MLB,Tommy Hunter,2011,-0.531219951958697,-0.2870882750326319,0.05960027567873261
lightgbm,NPB,MLB,full_cross_league,MLB,Jake Arrieta,2011,-0.5321499723899892,0.13066545199565083,0.43932428680351604
lightgbm,NPB,MLB,full_cross_league,MLB,Zack Britton,2011,-0.532614982605634,-0.5871332129223357,0.0029722374368649288
lightgbm,NPB,MLB,full_cross_league,MLB,Chris Tillman,2011,-0.5337310071231842,-0.44487584210437714,0.007895240350519438
lightgbm,NPB,MLB,full_cross_league,MLB,Clay Buchholz,2011,0.7694601222236339,-0.3795127221600517,1.3201385971311372
lightgbm,NPB,MLB,full_cross_league,MLB,Aaron Cook,2011,-0.34400683913977503,0.14212888008876304,0.23632793750984799
lightgbm,NPB,MLB,full_cross_league,MLB,Andrew Miller,2011,-0.42956871881856706,-0.3831461153641973,0.0021550581114816642
lightgbm,NPB,MLB,full_cross_league,MLB,Chris Carpenter,2011,-0.5333589989506669,1.3409969526735432,3.513210233389098
lightgbm,NPB,MLB,full_cross_league,MLB,Matt Garza,2011,1.14402585092617,1.2741696078307034,0.016937397461226283
lightgbm,NPB,MLB,full_cross_league,MLB,Paul Maholm,2011,0.16750439807039405,0.7877330999635052,0.38468364265201366
lightgbm,NPB,MLB,full_cross_league,MLB,Randy Wells,2011,-0.11987191519859197,-0.07037834986439236,0.002449613009490686
lightgbm,NPB,MLB,full_cross_league,MLB,Chris Volstad,2011,-0.12917211951150398,0.022962029258196737,0.02314479922188143
lightgbm,NPB,MLB,full_cross_league,MLB,Travis Wood,2011,-0.5337310071231842,-0.38722287075398204,0.021464634022376743
lightgbm,NPB,MLB,full_cross_league,MLB,Casey Coleman,2011,-0.5337310071231842,-0.28599336939856623,0.06137393714537406
lightgbm,NPB,MLB,full_cross_league,MLB,John Danks,2011,1.79504015283002,-0.14874374265039955,3.778295832329034
lightgbm,NPB,MLB,full_cross_league,MLB,Philip Humber,2011,-0.524430802810271,0.7038782844972004,1.5087432139621133
lightgbm,NPB,MLB,full_cross_league,MLB,Zach Stewart,2011,-0.533452000993796,-0.4526800348751109,0.0065241105106780125
lightgbm,NPB,MLB,full_cross_league,MLB,Dylan Axelrod,2011,-0.5337310071231842,-0.3965457458829845,0.018819795901541838
lightgbm,NPB,MLB,full_cross_league,MLB,Homer Bailey,2011,-0.17195305935090002,-0.1259010295912756,0.0021207894449813327
lightgbm,NPB,MLB,full_cross_league,MLB,Mat Latos,2011,-0.520710721085107,0.18881691556774596,0.5034294671741828
lightgbm,NPB,MLB,full_cross_league,MLB,Mike Leake,2011,-0.5286158947510821,0.29638182242991706,0.6806212333538598
lightgbm,NPB,MLB,full_cross_league,MLB,Alfredo Simón,2011,-0.532335976476247,-0.018567269892027206,0.26395828386522213
lightgbm,NPB,MLB,full_cross_league,MLB,Justin Masterson,2011,0.0884526614106405,0.9199883906242264,0.6914516689587702
lightgbm,NPB,MLB,full_cross_league,MLB,Josh Tomlin,2011,-0.5310339478724388,0.09275956811800912,0.3891183505917253
lightgbm,NPB,MLB,full_cross_league,MLB,Carlos Carrasco,2011,-0.5321499723899892,-0.3091905775664545,0.04971089174007681
lightgbm,NPB,MLB,full_cross_league,MLB,David Huff,2011,-0.5325777817883829,-0.5533421154893654,4.311575540457584e-4
lightgbm,NPB,MLB,full_cross_league,MLB,Jeanmar Gómez,2011,-0.5332287960902861,-0.5277905762104216,2.957423546175325e-5
lightgbm,NPB,MLB,full_cross_league,MLB,Zach McAllister,2011,-0.5337310071231842,-0.5574455641899844,5.623802168745207e-4
lightgbm,NPB,MLB,full_cross_league,MLB,Jeremy Guthrie,2011,0.9022205387904549,0.7901398711937584,0.012562076048921183
lightgbm,NPB,MLB,full_cross_league,MLB,Kevin Slowey,2011,-0.11150173131697101,-0.29615676655228,0.034097482037753216
lightgbm,NPB,MLB,full_cross_league,MLB,Jhoulys Chacín,2011,-0.5333589989506669,-0.09095104867471615,0.19572479446736807
lightgbm,NPB,MLB,full_cross_league,MLB,Josh Outman,2011,-0.5333589989506669,-0.5158525197794248,3.064768129731314e-4
lightgbm,NPB,MLB,full_cross_league,MLB,Esmil Rogers,2011,-0.533545003036925,-0.3694024350974034,0.02694278260978046
lightgbm,NPB,MLB,full_cross_league,MLB,Guillermo Moscoso,2011,-0.5337310071231842,-0.25450883067357905,0.07796502382125445
lightgbm,NPB,MLB,full_cross_league,MLB,Drew Pomeranz,2011,-0.5337310071231842,-0.6188315523778044,0.007242102802633659
lightgbm,NPB,MLB,full_cross_league,MLB,Jeff Francis,2011,-0.5337310071231842,0.7075376375770843,1.5407478483160415
lightgbm,NPB,MLB,full_cross_league,MLB,Alex White,2011,-0.5337310071231842,-0.5260303861331448,5.9299563632235864e-5
lightgbm,NPB,MLB,full_cross_league,MLB,Tyler Chatwood,2011,-0.5337310071231842,-0.44009974120609446,0.008766813957236774
lightgbm,NPB,MLB,full_cross_league,MLB,Juan Nicasio,2011,-0.5337310071231842,-0.5088316956855272,6.199757100694368e-4
lightgbm,NPB,MLB,full_cross_league,MLB,Max Scherzer,2011,0.07450235494127233,1.441373784111072,1.8683375038806913
lightgbm,NPB,MLB,full_cross_league,MLB,Rick Porcello,2011,-0.046400301126585906,0.9460273747025505,0.9849126917516214
lightgbm,NPB,MLB,full_cross_league,MLB,Doug Fister,2011,-0.5286158947510821,1.3014740818234887,3.3492293223587124
lightgbm,NPB,MLB,full_cross_league,MLB,J.A. Happ,2011,-0.18590336582026804,0.3133874506671374,0.24929131942866
lightgbm,NPB,MLB,full_cross_league,MLB,Bud Norris,2011,-0.5279648804491781,0.7200316493040265,1.557495338276041
lightgbm,NPB,MLB,full_cross_league,MLB,Kyle Weiland,2011,-0.533452000993796,-0.6150413296661006,0.006656818553197348
lightgbm,NPB,MLB,full_cross_league,MLB,Jordan Lyles,2011,-0.5337310071231842,-0.3556836338237045,0.031700867138844284
lightgbm,NPB,MLB,full_cross_league,MLB,Bruce Chen,2011,0.214005419634955,1.4230031098563558,1.4616754149606823
lightgbm,NPB,MLB,full_cross_league,MLB,Jonathan Sánchez,2011,0.418609914519023,-0.36541959851608535,0.6147022773100692
lightgbm,NPB,MLB,full_cross_league,MLB,Luke Hochevar,2011,0.0298613742392939,0.9754966834112886,0.8942261379528139
lightgbm,NPB,MLB,full_cross_league,MLB,Felipe Paulino,2011,-0.26960520463647797,-0.3105820550879836,0.0016791022729250563
lightgbm,NPB,MLB,full_cross_league,MLB,Sean O'Sullivan,2011,-0.531219951958697,-0.5733389006838355,0.0017740058417108503
lightgbm,NPB,MLB,full_cross_league,MLB,Vin Mazzaro,2011,-0.5317082126851252,-0.5852868139980055,0.0028706665186445765
lightgbm,NPB,MLB,full_cross_league,MLB,Luis Mendoza,2011,-0.5320709206533291,-0.610788306515655,0.006196426836998306
lightgbm,NPB,MLB,full_cross_league,MLB,Danny Duffy,2011,-0.5322894754546821,-0.3961052462245224,0.018546144291012673
lightgbm,NPB,MLB,full_cross_league,MLB,Jered Weaver,2011,2.5390564978629993,1.5119753485719547,1.054895687229013
lightgbm,NPB,MLB,full_cross_league,MLB,C.J. Wilson,2011,2.2600503684756306,1.5694904196530668,0.4768730429178219
lightgbm,NPB,MLB,full_cross_league,MLB,Jerome Williams,2011,-0.47048961779538107,-0.3894177476985208,0.0065726481210021896
lightgbm,NPB,MLB,full_cross_league,MLB,Barry Enright,2011,-0.5337310071231842,-0.4744960504313871,0.003508780094279081
lightgbm,NPB,MLB,full_cross_league,MLB,Brad Mills,2011,-0.5337310071231842,-0.5018071857757833,0.0010191303694207696
lightgbm,NPB,MLB,full_cross_league,MLB,Chad Billingsley,2011,1.5470347664870598,0.9059328078975216,0.411011721307342
lightgbm,NPB,MLB,full_cross_league,MLB,Clayton Kershaw,2011,1.14402585092617,1.8785778955974437,0.5395667063307488
lightgbm,NPB,MLB,full_cross_league,MLB,Aaron Harang,2011,0.49301154902232,1.4382900787506068,0.8935514987652717
lightgbm,NPB,MLB,full_cross_league,MLB,Chris Capuano,2011,0.30700746276407703,0.7191089098861664,0.1698276027201202
lightgbm,NPB,MLB,full_cross_league,MLB,Rubby De La Rosa,2011,-0.533265996907538,-0.54368889692723,1.086368448204963e-4
lightgbm,NPB,MLB,full_cross_league,MLB,Nathan Eovaldi,2011,-0.5337310071231842,-0.5739324235924446,0.0016161538861349167
lightgbm,NPB,MLB,full_cross_league,MLB,Mark Buehrle,2011,2.0740462822173904,1.268148888715085,0.6494706088538098
lightgbm,NPB,MLB,full_cross_league,MLB,Aníbal Sánchez,2011,0.8650197215388071,1.1479910183278215,0.08007275480645644
lightgbm,NPB,MLB,full_cross_league,MLB,Wade LeBlanc,2011,-0.5337310071231842,-0.18936888517528083,0.11858527103246268
lightgbm,NPB,MLB,full_cross_league,MLB,Alex Sanabia,2011,-0.5337310071231842,-0.5471709549013299,1.8063219627928413e-4
lightgbm,NPB,MLB,full_cross_league,MLB,Brad Hand,2011,-0.5337310071231842,-0.5484269536307059,2.1597084375193944e-4
lightgbm,NPB,MLB,full_cross_league,MLB,Shaun Marcum,2011,0.81386859781779,0.5381263674715252,0.07603377759633254
lightgbm,NPB,MLB,full_cross_league,MLB,Liván Hernández,2011,-0.4835099038334581,1.0459166062460068,2.3391454497338513
lightgbm,NPB,MLB,full_cross_league,MLB,Chris Narveson,2011,-0.530010925398019,0.4398252758033383,0.9405822571606796
lightgbm,NPB,MLB,full_cross_league,MLB,Francisco Liriano,2011,0.400009505893198,-0.15051120271648213,0.30307305060810436
lightgbm,NPB,MLB,full_cross_league,MLB,Brian Duensing,2011,-0.527220864104145,0.5293318455272283,1.1163036282293972
lightgbm,NPB,MLB,full_cross_league,MLB,Scott Diamond,2011,-0.5337310071231842,-0.5811602299481089,0.002249531177776356
lightgbm,NPB,MLB,full_cross_league,MLB,Liam Hendriks,2011,-0.5337310071231842,-0.6299977531846969,0.00926728639727176
lightgbm,NPB,MLB,full_cross_league,MLB,Mike Pelfrey,2011,0.4348852720666191,0.7235270737487272,0.0833140896782934
lightgbm,NPB,MLB,full_cross_league,MLB,Chris Young,2011,-0.455609290894721,-0.10584580369851991,0.12233449697564713
lightgbm,NPB,MLB,full_cross_league,MLB,Dillon Gee,2011,-0.5296389172255022,-0.17025307884140298,0.12915818083104189
lightgbm,NPB,MLB,full_cross_league,MLB,CC Sabathia,2011,3.9154867361739996,2.4921801745390253,2.025801568393173
lightgbm,NPB,MLB,full_cross_league,MLB,Hiroki Kuroda,2011,1.23702789405529,2.560742124958747,1.7522193650963314
lightgbm,NPB,MLB,full_cross_league,MLB,Freddy García,2011,0.12100337650583301,1.1318915833610395,1.0218949667589348
lightgbm,NPB,MLB,full_cross_league,MLB,Phil Hughes,2011,-0.027799892500761595,-0.3697409872465882,0.11692371227597438
lightgbm,NPB,MLB,full_cross_league,MLB,Derek Lowe,2011,-0.4370088822688971,1.2639645607912313,2.8933106539958278
lightgbm,NPB,MLB,full_cross_league,MLB,Michael Pineda,2011,-0.524714459041815,0.1285215847734129,0.42671732893937037
lightgbm,NPB,MLB,full_cross_league,MLB,Iván Nova,2011,-0.5249516142517952,0.37633507659100013,0.8123176990903563
lightgbm,NPB,MLB,full_cross_league,MLB,Dellin Betances,2011,-0.533545003036925,-0.6824619394296075,0.022176253944582263
lightgbm,NPB,MLB,full_cross_league,MLB,Cole Hamels,2011,2.16704832534651,1.2817133100395797,0.7838180893285226
lightgbm,NPB,MLB,full_cross_league,MLB,Joel Piñeiro,2011,-0.34400683913977503,0.2536079826470796,0.35714347521933404
lightgbm,NPB,MLB,full_cross_league,MLB,Vance Worley,2011,-0.53094094582931,-0.39605637208748967,0.01819384823351255
lightgbm,NPB,MLB,full_cross_league,MLB,Érik Bédard,2011,0.214005419634955,0.41481725150227466,0.04032539181790866
lightgbm,NPB,MLB,full_cross_league,MLB,Jeff Karstens,2011,-0.046400301126585906,0.8394850229449448,0.7847928074053209
lightgbm,NPB,MLB,full_cross_league,MLB,Charlie Morton,2011,-0.168232977625735,0.1329372612525993,0.09070351278603293
lightgbm,NPB,MLB,full_cross_league,MLB,James McDonald,2011,-0.529545915182373,0.12106105515978612,0.4232894298578032
lightgbm,NPB,MLB,full_cross_league,MLB,Rick van den Hurk,2011,-0.5337310071231842,-0.5886435897076266,0.0030153917260932095
lightgbm,NPB,MLB,full_cross_league,MLB,Jeff Locke,2011,-0.5337310071231842,-0.6885702994192614,0.023975206438750025
lightgbm,NPB,MLB,full_cross_league,MLB,Tim Stauffer,2011,-0.027799892500761595,1.2516155989076863,1.6369039996559203
lightgbm,NPB,MLB,full_cross_league,MLB,Jason Marquis,2011,-0.06500070975241032,0.26879232196602854,0.11141778802378674
lightgbm,NPB,MLB,full_cross_league,MLB,Clayton Richard,2011,-0.11987191519859197,-0.2004510019055927,0.006492989214534342
lightgbm,NPB,MLB,full_cross_league,MLB,Edinson Vólquez,2011,-0.20682882552432102,-0.2114322975731463,2.119195490431557e-5
lightgbm,NPB,MLB,full_cross_league,MLB,Dustin Moseley,2011,-0.24867974493242603,-0.0832260623542596,0.02737492107867666
lightgbm,NPB,MLB,full_cross_league,MLB,Ross Ohlendorf,2011,-0.455609290894721,-0.34332212807276935,0.012608406934603486
lightgbm,NPB,MLB,full_cross_league,MLB,Jason Vargas,2011,0.27910684982534006,0.5860593988316072,0.09421986734144482
lightgbm,NPB,MLB,full_cross_league,MLB,Kevin Millwood,2011,-0.4370088822688971,0.5044132757458133,0.8862756796010743
lightgbm,NPB,MLB,full_cross_league,MLB,Blake Beavan,2011,-0.532521980562505,-0.6725223197464825,0.019600094971628738
lightgbm,NPB,MLB,full_cross_league,MLB,Tim Lincecum,2011,3.143569778202291,1.5330953898415658,2.593627755565852
lightgbm,NPB,MLB,full_cross_league,MLB,Ryan Vogelsong,2011,0.12100337650583301,1.4328451350108278,1.7209287993574771
lightgbm,NPB,MLB,full_cross_league,MLB,Madison Bumgarner,2011,-0.518850680222524,0.6445023209349268,1.353390205302048
lightgbm,NPB,MLB,full_cross_league,MLB,Brad Penny,2011,-0.530010925398019,0.8977757861573834,2.03857489369419
lightgbm,NPB,MLB,full_cross_league,MLB,Eric Surkamp,2011,-0.5337310071231842,-0.5265555309701838,5.148745802227748e-5
lightgbm,NPB,MLB,full_cross_league,MLB,Jaime García,2011,0.6557651244982831,0.2930213442083622,0.13158305013902238
lightgbm,NPB,MLB,full_cross_league,MLB,Chris Carpenter,2011,1.3300299371844198,1.3409969526735432,1.2027542873867451e-4
lightgbm,NPB,MLB,full_cross_league,MLB,David Price,2011,0.18610480669621798,0.8623125908764293,0.45725696738591126
lightgbm,NPB,MLB,full_cross_league,MLB,Jeff Niemann,2011,-0.11150173131697101,0.12308930315086619,0.05503295345268998
lightgbm,NPB,MLB,full_cross_league,MLB,Jeremy Hellickson,2011,-0.5319639683037299,-0.35778662134450084,0.030337748193755672
lightgbm,NPB,MLB,full_cross_league,MLB,Alex Cobb,2011,-0.5337310071231842,-0.5275235367696831,3.85326881895952e-5
lightgbm,NPB,MLB,full_cross_league,MLB,Derek Holland,2011,0.43721032314484715,1.04115478322016,0.3647489108556611
lightgbm,NPB,MLB,full_cross_league,MLB,Roy Oswalt,2011,0.30700746276407703,1.5907804168927657,1.6480729977523
lightgbm,NPB,MLB,full_cross_league,MLB,Matt Harrison,2011,-0.0743009140653225,0.9397029113167916,1.028203757889561
lightgbm,NPB,MLB,full_cross_league,MLB,Derek Holland,2011,-0.5291367061926049,1.04115478322016,2.4658153617221594
lightgbm,NPB,MLB,full_cross_league,MLB,Alexi Ogando,2011,-0.5304573352050389,0.24865930685716742,0.6070227419382881
lightgbm,NPB,MLB,full_cross_league,MLB,Brandon Morrow,2011,0.6170143351958439,1.4857504107747486,0.7547023690122363
lightgbm,NPB,MLB,full_cross_league,MLB,Dustin McGowan,2011,-0.3688073219728461,-0.06309517136762524,0.09345991902766923
lightgbm,NPB,MLB,full_cross_league,MLB,Nelson Figueroa,2011,-0.5021103124592821,0.06802459787299392,0.3250538159795923
lightgbm,NPB,MLB,full_cross_league,MLB,Kyle Drabek,2011,-0.5326335830142599,-0.6273245617570314,0.008966381455264013
lightgbm,NPB,MLB,full_cross_league,MLB,Henderson Alvarez III,2011,-0.5331915952730351,-0.5805532353423276,0.002243124950053218
lightgbm,NPB,MLB,full_cross_league,MLB,Brett Cecil,2011,-0.5337310071231842,-0.26795883462335535,0.07063484767527879
lightgbm,NPB,MLB,full_cross_league,MLB,Gio González,2011,0.9394213560421041,1.5603899604749825,0.3856020076913166
lightgbm,NPB,MLB,full_cross_league,MLB,Edwin Jackson,2011,1.4230319803135398,0.6766953908532879,0.5570183047671606
lightgbm,NPB,MLB,full_cross_league,MLB,John Lannan,2011,0.30700746276407703,0.6173177758965414,0.09629249043636806
lightgbm,NPB,MLB,full_cross_league,MLB,Chien-Ming Wang,2011,0.12100337650583301,-0.22863994533757673,0.1222504525096942
lightgbm,NPB,MLB,full_cross_league,MLB,Tom Gorzelanny,2011,-0.06500070975241032,-0.3196776163792872,0.06486032676903498
lightgbm,NPB,MLB,full_cross_league,MLB,Jordan Zimmermann,2011,-0.195203570133181,0.7240905611043622,0.8451016997277894
lightgbm,NPB,MLB,full_cross_league,MLB,Ross Detwiler,2011,-0.5328009866918921,-0.38830309903916393,0.02087963953610046
lightgbm,NPB,MLB,full_cross_league,MLB,Brandon McCarthy,2012,0.8185186999742459,0.059227301378360436,0.5765234279816958
lightgbm,NPB,MLB,full_cross_league,MLB,Ian Kennedy,2012,0.17029445936426804,1.4496577560322628,1.6367704448611993
lightgbm,NPB,MLB,full_cross_league,MLB,Daniel Hudson,2012,-0.5265698498022408,-0.41555545589807064,0.012324195653910243
lightgbm,NPB,MLB,full_cross_league,MLB,Wade Miley,2012,-0.5299179233548901,1.4473479874128194,3.90958048188406
lightgbm,NPB,MLB,full_cross_league,MLB,Randall Delgado,2012,-0.53094094582931,-0.4963014078712112,0.001199897589950565
lightgbm,NPB,MLB,full_cross_league,MLB,Patrick Corbin,2012,-0.5311269499155679,-0.42264419335035286,0.011768508471987698
lightgbm,NPB,MLB,full_cross_league,MLB,Tyler Skaggs,2012,-0.531870966260601,-0.5976589176934003,0.004328054553724353
lightgbm,NPB,MLB,full_cross_league,MLB,Bartolo Colon,2012,-0.06500070975241032,2.599915487787224,7.101778339909103
lightgbm,NPB,MLB,full_cross_league,MLB,Travis Blackley,2012,-0.520710721085107,-0.0012871353540614145,0.2698008614136968
lightgbm,NPB,MLB,full_cross_league,MLB,Tommy Milone,2012,-0.53094094582931,0.7478946637113029,1.6354205162291107
lightgbm,NPB,MLB,full_cross_league,MLB,Jarrod Parker,2012,-0.53094094582931,-0.20157704396008005,0.10848057985452372
lightgbm,NPB,MLB,full_cross_league,MLB,Dan Straily,2012,-0.531405956044956,-0.5831687628813091,0.002679388171577608
lightgbm,NPB,MLB,full_cross_league,MLB,A.J. Griffin,2012,-0.531405956044956,-0.5835294573025858,0.002716859383354132
lightgbm,NPB,MLB,full_cross_league,MLB,Brandon Beachy,2012,-0.528150884535436,-0.6418593717591649,0.012929620066708905
lightgbm,NPB,MLB,full_cross_league,MLB,Mike Minor,2012,-0.5290809049667279,-0.08560927754278597,0.19666708433003954
lightgbm,NPB,MLB,full_cross_league,MLB,Julio Teheran,2012,-0.531870966260601,-0.59749497204584,0.004306510135301078
lightgbm,NPB,MLB,full_cross_league,MLB,Jason Hammel,2012,0.6325146137160019,0.24450448429821553,0.15055186053080735
lightgbm,NPB,MLB,full_cross_league,MLB,Tommy Hunter,2012,-0.284485531537138,-0.440599709063765,0.024371636424815206
lightgbm,NPB,MLB,full_cross_league,MLB,Jake Arrieta,2012,-0.5269418579747581,-0.07558613856064601,0.2037219854478307
lightgbm,NPB,MLB,full_cross_league,MLB,Chris Tillman,2012,-0.5284298906648242,-0.6061763050815302,0.006044504954654198
lightgbm,NPB,MLB,full_cross_league,MLB,Miguel González,2012,-0.5296389172255022,-0.14356730279433816,0.14905129146948537
lightgbm,NPB,MLB,full_cross_league,MLB,Jair Jurrjens,2012,-0.531870966260601,-0.47074382922639973,0.003736526881998025
lightgbm,NPB,MLB,full_cross_league,MLB,Freddy García,2012,-0.531870966260601,0.5176206150468126,1.1014325792351354
lightgbm,NPB,MLB,full_cross_league,MLB,Ryan Dempster,2012,1.84154117439458,1.7314772332838002,0.012114071132837198
lightgbm,NPB,MLB,full_cross_league,MLB,Daniel Bard,2012,-0.27658035787116203,-0.4186427208358711,0.02018171497111675
lightgbm,NPB,MLB,full_cross_league,MLB,Chris Sale,2012,-0.511410516772194,1.609351446183707,4.497631303520567
lightgbm,NPB,MLB,full_cross_league,MLB,Félix Doubront,2012,-0.5265698498022408,0.7828154890733129,1.7144899656622485
lightgbm,NPB,MLB,full_cross_league,MLB,Edwin Jackson,2012,1.79504015283002,0.8565484992765235,0.880766583789576
lightgbm,NPB,MLB,full_cross_league,MLB,Matt Garza,2012,1.2835289156198497,-0.21047800082230403,2.2320566663769923
lightgbm,NPB,MLB,full_cross_league,MLB,Scott Feldman,2012,0.49301154902232,-0.1851150854161086,0.45985573233479016
lightgbm,NPB,MLB,full_cross_league,MLB,Jeff Samardzija,2012,-0.13196218080537805,0.7571106195142766,0.7904504442682325
lightgbm,NPB,MLB,full_cross_league,MLB,Travis Wood,2012,-0.5248958130259171,-0.08964556436444485,0.1894427789598735
lightgbm,NPB,MLB,full_cross_league,MLB,Brooks Raley,2012,-0.531870966260601,-0.5623996977022659,9.320034434372992e-4
lightgbm,NPB,MLB,full_cross_league,MLB,Chris Rusin,2012,-0.531870966260601,-0.49228716746825346,0.0015668771268330577
lightgbm,NPB,MLB,full_cross_league,MLB,Chris Sale,2012,0.5860135921514419,1.609351446183707,1.0472203634953614
lightgbm,NPB,MLB,full_cross_league,MLB,Jake Peavy,2012,2.0740462822173904,1.0751627424461374,0.9977683260259483
lightgbm,NPB,MLB,full_cross_league,MLB,Jose Quintana,2012,-0.530010925398019,-0.6281760676866865,0.00963639516055435
lightgbm,NPB,MLB,full_cross_league,MLB,Dylan Axelrod,2012,-0.5313129540018269,-0.5931849177074427,0.003828139892789048
lightgbm,NPB,MLB,full_cross_league,MLB,Mat Latos,2012,0.44651052745775904,0.7812490890180926,0.11204990459548125
lightgbm,NPB,MLB,full_cross_league,MLB,Homer Bailey,2012,0.3721088929544621,0.7903668459477029,0.17493971524209603
lightgbm,NPB,MLB,full_cross_league,MLB,Mike Leake,2012,-0.05384046457691571,-0.06571370955167968,1.4097394623075802e-4
lightgbm,NPB,MLB,full_cross_league,MLB,Justin Masterson,2012,0.43321123529029504,0.7179895729554635,0.08109870160333671
lightgbm,NPB,MLB,full_cross_league,MLB,Josh Tomlin,2012,-0.5296761180427539,-0.23513308337085403,0.08675559927373203
lightgbm,NPB,MLB,full_cross_league,MLB,Zach McAllister,2012,-0.530680540108548,-0.42280690659891645,0.01163672080657031
lightgbm,NPB,MLB,full_cross_league,MLB,David Huff,2012,-0.5312013515500721,-0.41991709334690774,0.01238418612382855
lightgbm,NPB,MLB,full_cross_league,MLB,Corey Kluber,2012,-0.5315361589053358,-0.32433185433053213,0.042933623834328
lightgbm,NPB,MLB,full_cross_league,MLB,Jhoulys Chacín,2012,-0.0184996881878494,-0.45454585649067786,0.1901362608915786
lightgbm,NPB,MLB,full_cross_league,MLB,Roy Oswalt,2012,-0.195203570133181,0.4307274896280301,0.39178969157379284
lightgbm,NPB,MLB,full_cross_league,MLB,Chris Volstad,2012,-0.34400683913977503,-0.2609860083455558,0.006892458345762381
lightgbm,NPB,MLB,full_cross_league,MLB,Jeff Francis,2012,-0.34400683913977503,-0.03104469207345307,0.09794530549636214
lightgbm,NPB,MLB,full_cross_league,MLB,Juan Nicasio,2012,-0.531684962174343,-0.5708492539252055,0.0015338417483466722
lightgbm,NPB,MLB,full_cross_league,MLB,Drew Pomeranz,2012,-0.531870966260601,-0.5069281017290488,6.221464910393675e-4
lightgbm,NPB,MLB,full_cross_league,MLB,Edwar Cabrera,2012,-0.531870966260601,-0.6423299241446467,0.01220118137682938
lightgbm,NPB,MLB,full_cross_league,MLB,Tyler Chatwood,2012,-0.531870966260601,-0.499318164769387,0.0010596848849263867
lightgbm,NPB,MLB,full_cross_league,MLB,Christian Friedrich,2012,-0.531870966260601,-0.41758486945884404,0.01306131192218057
lightgbm,NPB,MLB,full_cross_league,MLB,Justin Verlander,2012,4.159949302686,2.1734438833949814,3.9462037808725854
lightgbm,NPB,MLB,full_cross_league,MLB,Aníbal Sánchez,2012,2.3530524116047493,0.9573976060360408,1.9478523363070297
lightgbm,NPB,MLB,full_cross_league,MLB,Max Scherzer,2012,0.627864511559546,2.0702260634662424,2.0804068464186933
lightgbm,NPB,MLB,full_cross_league,MLB,Rick Porcello,2012,0.3256078713899011,0.025896346749981813,0.08982699800198495
lightgbm,NPB,MLB,full_cross_league,MLB,Doug Fister,2012,0.12100337650583301,0.7428144336090026,0.38664899073576114
lightgbm,NPB,MLB,full_cross_league,MLB,Drew Smyly,2012,-0.530382933570535,-0.4006084423647595,0.0168414185677179
lightgbm,NPB,MLB,full_cross_league,MLB,Bud Norris,2012,-0.06500070975241032,0.21695117901147792,0.079496867577524
lightgbm,NPB,MLB,full_cross_league,MLB,Érik Bédard,2012,-0.4091082693301611,0.5047413272823711,0.8351210852288878
lightgbm,NPB,MLB,full_cross_league,MLB,Philip Humber,2012,-0.4649094952076341,-0.30647970895547477,0.02509999717190489
lightgbm,NPB,MLB,full_cross_league,MLB,Lucas Harrell,2012,-0.529880722537638,0.8557872182608725,1.9200756421567842
lightgbm,NPB,MLB,full_cross_league,MLB,Alex White,2012,-0.530550337248168,-0.4785091943091916,0.002708280558394977
lightgbm,NPB,MLB,full_cross_league,MLB,Jordan Lyles,2012,-0.531870966260601,-0.2915683953238046,0.0577453255988341
lightgbm,NPB,MLB,full_cross_league,MLB,Dallas Keuchel,2012,-0.531870966260601,-0.44282243256296866,0.00792964135369837
lightgbm,NPB,MLB,full_cross_league,MLB,Jeremy Guthrie,2012,0.9270210216235262,0.7053450753273852,0.04914022516628957
lightgbm,NPB,MLB,full_cross_league,MLB,Luke Hochevar,2012,0.225165664810449,0.6320183412551438,0.1655291003302115
lightgbm,NPB,MLB,full_cross_league,MLB,Felipe Paulino,2012,-0.29750581757521505,-0.32562323430320345,7.905891234553618e-4
lightgbm,NPB,MLB,full_cross_league,MLB,Luis Mendoza,2012,-0.524058794637755,0.6263003260233674,1.3233261064882307
lightgbm,NPB,MLB,full_cross_league,MLB,Danny Duffy,2012,-0.529057654455945,-0.4975479663016163,9.928604475830422e-4
lightgbm,NPB,MLB,full_cross_league,MLB,Will Smith,2012,-0.530661939699923,-0.3178421816919384,0.04529224939857714
lightgbm,NPB,MLB,full_cross_league,MLB,Joe Blanton,2012,0.772017678409685,1.7960394492125606,1.048620587078257
lightgbm,NPB,MLB,full_cross_league,MLB,Jason Vargas,2012,0.958021764667928,1.1934858247238571,0.055443323578022195
lightgbm,NPB,MLB,full_cross_league,MLB,Tommy Hanson,2012,0.06985225278481619,-0.028714693647564543,0.009715442929003813
lightgbm,NPB,MLB,full_cross_league,MLB,Zack Greinke,2012,3.9340871447998196,1.0848268462385189,8.118284248957632
lightgbm,NPB,MLB,full_cross_league,MLB,Stephen Fife,2012,-0.531405956044956,-0.6213678823190061,0.008093148178937623
lightgbm,NPB,MLB,full_cross_league,MLB,Edinson Vólquez,2012,-0.531870966260601,1.2853187166845057,3.302178343802137
lightgbm,NPB,MLB,full_cross_league,MLB,Henderson Alvarez III,2012,-0.5285414931165792,0.4230382368102901,0.9055039824076936
lightgbm,NPB,MLB,full_cross_league,MLB,Nathan Eovaldi,2012,-0.5296389172255022,-0.461918284821768,0.004586084053161689
lightgbm,NPB,MLB,full_cross_league,MLB,Brad Hand,2012,-0.531870966260601,-0.6231591721734009,0.008333536538777745
lightgbm,NPB,MLB,full_cross_league,MLB,Kyle Lohse,2012,1.4230319803135398,2.9017501920370936,2.186607549682905
lightgbm,NPB,MLB,full_cross_league,MLB,Marco Estrada,2012,-0.25937497989227515,0.11537995998045691,0.14044126495901502
lightgbm,NPB,MLB,full_cross_league,MLB,Chris Narveson,2012,-0.466769536070216,-0.6259708770127499,0.025345066957900925
lightgbm,NPB,MLB,full_cross_league,MLB,Mark Rogers,2012,-0.531684962174343,-0.19836938952561953,0.11109927097014645
lightgbm,NPB,MLB,full_cross_league,MLB,Wily Peralta,2012,-0.531870966260601,-0.6294848429598102,0.009528468924248412
lightgbm,NPB,MLB,full_cross_league,MLB,Kevin Correia,2012,0.30700746276407703,0.6173933176851288,0.09633937893507222
lightgbm,NPB,MLB,full_cross_league,MLB,Mike Pelfrey,2012,0.12100337650583301,-0.5445392047104729,0.4429469274120632
lightgbm,NPB,MLB,full_cross_league,MLB,Scott Diamond,2012,-0.524430802810271,0.4662571721412444,0.9814626637135344
lightgbm,NPB,MLB,full_cross_league,MLB,Vance Worley,2012,-0.525360823241563,-0.2816068275804809,0.05941601040074282
lightgbm,NPB,MLB,full_cross_league,MLB,Liam Hendriks,2012,-0.530010925398019,-0.2705337932351263,0.06732838211547928
lightgbm,NPB,MLB,full_cross_league,MLB,Shaun Marcum,2012,0.12100337650583301,0.09102193261870087,8.988869775572532e-4
lightgbm,NPB,MLB,full_cross_league,MLB,Dillon Gee,2012,-0.524919063536699,-0.2984484708036828,0.051288929372843704
lightgbm,NPB,MLB,full_cross_league,MLB,Jeremy Hefner,2012,-0.5298946728441072,-0.39009563027892274,0.01954377230214225
lightgbm,NPB,MLB,full_cross_league,MLB,Matt Harvey,2012,-0.5302434305058421,-0.347138748983305,0.033527324395469744
lightgbm,NPB,MLB,full_cross_league,MLB,Jenrry Mejía,2012,-0.5309548961357792,-0.5925121345317176,0.003789293598934394
lightgbm,NPB,MLB,full_cross_league,MLB,Daisuke Matsuzaka,2012,-0.531870966260601,-0.11562824159445001,0.17325800583750123
lightgbm,NPB,MLB,full_cross_league,MLB,Hiroki Kuroda,2012,2.16704832534651,2.608114861482535,0.19453968929903154
lightgbm,NPB,MLB,full_cross_league,MLB,Andy Pettitte,2012,1.6090360665717802,0.03662251647794952,2.472484372518684
lightgbm,NPB,MLB,full_cross_league,MLB,Phil Hughes,2012,0.7069162482192999,1.5984835869793774,0.7948923195437269
lightgbm,NPB,MLB,full_cross_league,MLB,Iván Nova,2012,-0.5159490164768963,0.058524632827068164,0.3300199737446144
lightgbm,NPB,MLB,full_cross_league,MLB,Adam Warren,2012,-0.531773314115316,-0.6569232532158015,0.015662507256855213
lightgbm,NPB,MLB,full_cross_league,MLB,Cole Hamels,2012,3.8410851016706995,2.1852460837875975,2.7418028531440757
lightgbm,NPB,MLB,full_cross_league,MLB,John Lannan,2012,-0.15800275288153204,-0.4540772150932726,0.08766008717397139
lightgbm,NPB,MLB,full_cross_league,MLB,Aaron Cook,2012,-0.320756328357495,0.08124523643052191,0.16160525809201415
lightgbm,NPB,MLB,full_cross_league,MLB,Francisco Liriano,2012,0.028001333376711398,0.525474441989067,0.24747949379244055
lightgbm,NPB,MLB,full_cross_league,MLB,James McDonald,2012,-0.06035060759595421,0.13861057425895384,0.039585551885101794
lightgbm,NPB,MLB,full_cross_league,MLB,Jeff Karstens,2012,-0.15800275288153204,-0.13751506071050526,4.1974553049475193e-4
lightgbm,NPB,MLB,full_cross_league,MLB,Charlie Morton,2012,-0.25100479601065406,-0.4938831510957169,0.058989895368825866
lightgbm,NPB,MLB,full_cross_league,MLB,Jonathan Sánchez,2012,-0.367257349922056,-0.23453151968981262,0.01761614601083829
lightgbm,NPB,MLB,full_cross_league,MLB,Jeanmar Gómez,2012,-0.530010925398019,-0.4813397278527148,0.0023688854704940246
lightgbm,NPB,MLB,full_cross_league,MLB,Jeff Locke,2012,-0.530475935613664,-0.6007712088710642,0.004941425442332556
lightgbm,NPB,MLB,full_cross_league,MLB,Edinson Vólquez,2012,0.44186042530130304,1.2853187166845057,0.7114218893030717
lightgbm,NPB,MLB,full_cross_league,MLB,Clayton Richard,2012,0.35164844346605495,1.838749430340619,2.2114693451633025
lightgbm,NPB,MLB,full_cross_league,MLB,Jason Marquis,2012,-0.06500070975241032,0.7021167019600568,0.5884691233524348
lightgbm,NPB,MLB,full_cross_league,MLB,Tim Stauffer,2012,-0.4370088822688971,-0.4038375817914276,0.0011003351753665698
lightgbm,NPB,MLB,full_cross_league,MLB,Eric Stults,2012,-0.528597294342456,-0.5124428557375046,2.609658866411428e-4
lightgbm,NPB,MLB,full_cross_league,MLB,Anthony Bass,2012,-0.5293413106874891,-0.5559625100368445,7.086882547981183e-4
lightgbm,NPB,MLB,full_cross_league,MLB,Tyson Ross,2012,-0.5299179233548901,-0.2189427255799095,0.09670557363118831
lightgbm,NPB,MLB,full_cross_league,MLB,Joe Wieland,2012,-0.5310711486896911,-0.6649455047806371,0.01792234321876541
lightgbm,NPB,MLB,full_cross_league,MLB,Casey Kelly,2012,-0.53161056053984,-0.5649027377608717,0.001108369064116584
lightgbm,NPB,MLB,full_cross_league,MLB,Félix Hernández,2012,4.027089187928949,1.6051872014710884,5.86560923200853
lightgbm,NPB,MLB,full_cross_league,MLB,Hisashi Iwakuma,2012,0.679015635280563,0.4166540953231379,0.06883357764883155
lightgbm,NPB,MLB,full_cross_league,MLB,Joe Saunders,2012,0.5860135921514419,0.6487934421199206,0.0039413095620647
lightgbm,NPB,MLB,full_cross_league,MLB,Blake Beavan,2012,-0.5287646980200891,-0.10449089133927837,0.18000826303542594
lightgbm,NPB,MLB,full_cross_league,MLB,Erasmo Ramírez,2012,-0.531870966260601,-0.49970838038748105,0.0010344319300458174
lightgbm,NPB,MLB,full_cross_league,MLB,Héctor Noesí,2012,-0.531870966260601,-0.24453441472781495,0.08256229384675344
lightgbm,NPB,MLB,full_cross_league,MLB,Matt Cain,2012,3.5620789722833397,1.6037001754875295,3.8352475117394054
lightgbm,NPB,MLB,full_cross_league,MLB,Madison Bumgarner,2012,0.679015635280563,1.4294287059937223,0.5631197766971531
lightgbm,NPB,MLB,full_cross_league,MLB,Yusmeiro Petit,2012,-0.531870966260601,-0.6322495649364666,0.010075863072130471
lightgbm,NPB,MLB,full_cross_league,MLB,Jake Westbrook,2012,1.19052687249073,1.357098523944689,0.02774611506809921
lightgbm,NPB,MLB,full_cross_league,MLB,Lance Lynn,2012,-0.527592872276662,1.5120216188397617,4.160027272372108
lightgbm,NPB,MLB,full_cross_league,MLB,Joe Kelly,2012,-0.5313129540018269,-0.5759710947211685,0.0019943495325085163
lightgbm,NPB,MLB,full_cross_league,MLB,David Price,2012,1.2579533537593497,1.4515318636629708,0.037472639496506345
lightgbm,NPB,MLB,full_cross_league,MLB,Roberto Hernández,2012,-0.0184996881878494,-0.5561929064897647,0.28911399700787116
lightgbm,NPB,MLB,full_cross_league,MLB,Jeff Niemann,2012,-0.06500070975241032,-0.02074284607746964,0.001958758497069634
lightgbm,NPB,MLB,full_cross_league,MLB,Jeremy Hellickson,2012,-0.5294529131392439,-0.23284607373704563,0.08797561718016145
lightgbm,NPB,MLB,full_cross_league,MLB,Alex Cobb,2012,-0.5296017164082512,-0.1751821517820184,0.12561322778984838
lightgbm,NPB,MLB,full_cross_league,MLB,Chris Archer,2012,-0.531870966260601,-0.4410749144952974,0.0082439230161677
lightgbm,NPB,MLB,full_cross_league,MLB,Jake Odorizzi,2012,-0.531870966260601,-0.6058758686990302,0.0054767255849214195
lightgbm,NPB,MLB,full_cross_league,MLB,Matt Harrison,2012,1.4230319803135398,0.8675202079289492,0.3085933292578692
lightgbm,NPB,MLB,full_cross_league,MLB,Neftalí Feliz,2012,-0.08360111837823461,-0.5436250675249024,0.21162203378849598
lightgbm,NPB,MLB,full_cross_league,MLB,Colby Lewis,2012,-0.25100479601065406,0.8162460291031554,1.1390243237061068
lightgbm,NPB,MLB,full_cross_league,MLB,Martín Pérez,2012,-0.5314989580880851,-0.6160547954488944,0.0071496896317876325
lightgbm,NPB,MLB,full_cross_league,MLB,Travis Blackley,2012,-0.531870966260601,-0.0012871353540614145,0.2815192016194594
lightgbm,NPB,MLB,full_cross_league,MLB,J.A. Happ,2012,0.0652021506283601,1.2736569390341306,1.4603629756208358
lightgbm,NPB,MLB,full_cross_league,MLB,Kyle Drabek,2012,-0.530103927441148,-0.5988619646788452,0.004727667684780561
lightgbm,NPB,MLB,full_cross_league,MLB,Drew Hutchison,2012,-0.5312757531845752,-0.5528183694920676,4.64084317371839e-4
lightgbm,NPB,MLB,full_cross_league,MLB,Todd Redmond,2012,-0.531870966260601,-0.6360724329590054,0.010857945662098672
lightgbm,NPB,MLB,full_cross_league,MLB,Dan Haren,2012,1.79504015283002,0.8617333865162523,0.8710615200470616
lightgbm,NPB,MLB,full_cross_league,MLB,Jordan Zimmermann,2012,0.3721088929544621,1.3090499465627479,0.8778585379366047
lightgbm,NPB,MLB,full_cross_league,MLB,Ross Detwiler,2012,-0.18822841689849704,-0.3436219992741946,0.02414716544355271
lightgbm,NPB,MLB,full_cross_league,MLB,Chris Young,2012,-0.25100479601065406,0.5593462471767512,0.6566688131949159
lightgbm,NPB,MLB,full_cross_league,MLB,Ross Ohlendorf,2012,-0.531870966260601,-0.3744960284392273,0.02476687105428125
lightgbm,NPB,MLB,full_cross_league,MLB,Bronson Arroyo,2013,1.56253504500722,2.843901276898938,1.6418994202323796
lightgbm,NPB,MLB,full_cross_league,MLB,Wade Miley,2013,-0.52563982937095,0.37467269177590096,0.810562635733799
lightgbm,NPB,MLB,full_cross_league,MLB,Patrick Corbin,2013,-0.527220864104145,1.015479787529607,2.379925300551204
lightgbm,NPB,MLB,full_cross_league,MLB,Randall Delgado,2013,-0.528150884535436,-0.4548013917751785,0.0053801480881870735
lightgbm,NPB,MLB,full_cross_league,MLB,Scott Kazmir,2013,1.4230319803135398,1.6509816529479542,0.05196105325413667
lightgbm,NPB,MLB,full_cross_league,MLB,Tommy Milone,2013,-0.528150884535436,0.27050481978332125,0.6378509340408901
lightgbm,NPB,MLB,full_cross_league,MLB,Drew Pomeranz,2013,-0.5290809049667279,-0.5651663495873385,0.0013021593134671535
lightgbm,NPB,MLB,full_cross_league,MLB,Dan Straily,2013,-0.5290809049667279,-0.3669573085722116,0.026284060507892015
lightgbm,NPB,MLB,full_cross_league,MLB,A.J. Griffin,2013,-0.5290809049667279,1.1641680617841135,2.8670920634027914
lightgbm,NPB,MLB,full_cross_league,MLB,Sonny Gray,2013,-0.529545915182373,-0.20317599979740933,0.10651732166838838
lightgbm,NPB,MLB,full_cross_league,MLB,Jarrod Parker,2013,-0.530010925398019,0.4059607274203196,0.8760429348794926
lightgbm,NPB,MLB,full_cross_league,MLB,Julio Teheran,2013,0.38140909726737404,1.2723483285946673,0.7937727139180681
lightgbm,NPB,MLB,full_cross_league,MLB,Ervin Santana,2013,1.9996446477140895,1.1408014293667443,0.7376116737012255
lightgbm,NPB,MLB,full_cross_league,MLB,Kris Medlen,2013,0.4558107317706711,1.7022993703168785,1.5537339260247773
lightgbm,NPB,MLB,full_cross_league,MLB,Gavin Floyd,2013,0.12100337650583301,-0.014220987075323356,0.018285628505928766
lightgbm,NPB,MLB,full_cross_league,MLB,Mike Minor,2013,0.0931027635670966,0.7648267913260253,0.451213169468678
lightgbm,NPB,MLB,full_cross_league,MLB,Brandon Beachy,2013,-0.353307043452688,-0.3382730098572406,2.2602216614903988e-4
lightgbm,NPB,MLB,full_cross_league,MLB,Freddy García,2013,-0.390507860704336,0.6385100316853632,1.0588778228581388
lightgbm,NPB,MLB,full_cross_league,MLB,Aaron Harang,2013,-0.4370088822688971,1.2229616358396564,2.7555021209895796
lightgbm,NPB,MLB,full_cross_league,MLB,David Hale,2013,-0.529545915182373,-0.7085002730610884,0.03202466220378335
lightgbm,NPB,MLB,full_cross_league,MLB,Ubaldo Jiménez,2013,1.7020381097009,1.8279238759498935,0.015847226144096203
lightgbm,NPB,MLB,full_cross_league,MLB,Bud Norris,2013,0.36280868864155,0.2568006542735213,0.011237703350573164
lightgbm,NPB,MLB,full_cross_league,MLB,Alfredo Aceves,2013,-0.39980806501724814,-0.2784101833971477,0.014737445661847924
lightgbm,NPB,MLB,full_cross_league,MLB,Chris Tillman,2013,-0.52145473743014,1.20427436197673,2.9781409245396473
lightgbm,NPB,MLB,full_cross_league,MLB,Miguel González,2013,-0.52461680689653,0.419768077304336,0.8918628095070831
lightgbm,NPB,MLB,full_cross_league,MLB,Zack Britton,2013,-0.5260118375434671,-0.5106411400600975,2.3625834112526488e-4
lightgbm,NPB,MLB,full_cross_league,MLB,Chris Capuano,2013,-0.20450377444609302,0.39940612073209064,0.3647071614941247
lightgbm,NPB,MLB,full_cross_league,MLB,Félix Doubront,2013,-0.51401457397981,-0.2047854341134402,0.0956226609424949
lightgbm,NPB,MLB,full_cross_league,MLB,Allen Webster,2013,-0.530010925398019,-0.5783020092902018,0.002332028783481841
lightgbm,NPB,MLB,full_cross_league,MLB,Jason Hammel,2013,0.49301154902232,-0.1303080829049227,0.38852736354591333
lightgbm,NPB,MLB,full_cross_league,MLB,Jeff Samardzija,2013,0.37117887252317,0.697704477529411,0.10661897072469172
lightgbm,NPB,MLB,full_cross_league,MLB,Travis Wood,2013,0.10240296788000901,0.308195951286942,0.04235075201952619
lightgbm,NPB,MLB,full_cross_league,MLB,James McDonald,2013,-0.4370088822688971,-0.24962409007553593,0.035113060345349154
lightgbm,NPB,MLB,full_cross_league,MLB,Jake Arrieta,2013,-0.5217337435595271,-0.3044827607489013,0.047197989532182814
lightgbm,NPB,MLB,full_cross_league,MLB,Justin Grimm,2013,-0.5289879029235981,-0.33455102410271026,0.03780569984560862
lightgbm,NPB,MLB,full_cross_league,MLB,Chris Rusin,2013,-0.529359911096115,-0.4574766540222174,0.0051672026475520555
lightgbm,NPB,MLB,full_cross_league,MLB,Jose Quintana,2013,0.36280868864155,0.15272695054466026,0.04413433668181018
lightgbm,NPB,MLB,full_cross_league,MLB,Jose Quintana,2013,-0.520710721085107,0.15272695054466026,0.45351829757012213
lightgbm,NPB,MLB,full_cross_league,MLB,Erik Johnson,2013,-0.530010925398019,-0.5307325063783417,5.206791111634852e-7
lightgbm,NPB,MLB,full_cross_league,MLB,Eric Surkamp,2013,-0.530010925398019,-0.6093483694029892,0.006294430021241786
lightgbm,NPB,MLB,full_cross_league,MLB,André Rienzo,2013,-0.530010925398019,-0.5550812172496281,6.285195335248596e-4
lightgbm,NPB,MLB,full_cross_league,MLB,Dylan Axelrod,2013,-0.530010925398019,-0.18302465562587955,0.12039947141038392
lightgbm,NPB,MLB,full_cross_league,MLB,Homer Bailey,2013,2.6320585409921198,0.8362042952032195,3.2250924721180194
lightgbm,NPB,MLB,full_cross_league,MLB,Mike Leake,2013,0.479061242552952,1.2384303446733107,0.5766414332550798
lightgbm,NPB,MLB,full_cross_league,MLB,Chien-Ming Wang,2013,-0.390507860704336,0.09496936307470542,0.2356881348082055
lightgbm,NPB,MLB,full_cross_league,MLB,Tony Cingrani,2013,-0.5276858743197912,-0.36829548757530145,0.025405295386558013
lightgbm,NPB,MLB,full_cross_league,MLB,Jair Jurrjens,2013,-0.530010925398019,-0.4836983114617172,0.002144858209612932
lightgbm,NPB,MLB,full_cross_league,MLB,Pedro Villarreal,2013,-0.530010925398019,-0.6783336523908168,0.02199963134258003
lightgbm,NPB,MLB,full_cross_league,MLB,David Holmberg,2013,-0.530010925398019,-0.6626054831152437,0.01758131673622644
lightgbm,NPB,MLB,full_cross_league,MLB,Justin Masterson,2013,1.1928519235689603,2.2768764913089914,1.1751092634639613
lightgbm,NPB,MLB,full_cross_league,MLB,Shaun Marcum,2013,-0.4370088822688971,0.027315996851614115,0.21559759337027737
lightgbm,NPB,MLB,full_cross_league,MLB,Corey Kluber,2013,-0.5274068681904029,0.045202755289444604,0.3278817809017328
lightgbm,NPB,MLB,full_cross_league,MLB,Zach McAllister,2013,-0.529173907009857,-0.1648163138399455,0.13275645570057074
lightgbm,NPB,MLB,full_cross_league,MLB,Danny Salazar,2013,-0.5297319192686311,-0.40551809408105205,0.015429074367730437
lightgbm,NPB,MLB,full_cross_league,MLB,Juan Nicasio,2013,-0.24635469385419803,0.058236424681339514,0.09277574949072989
lightgbm,NPB,MLB,full_cross_league,MLB,Tyler Chatwood,2013,-0.5296389172255022,-0.4378734418962354,0.008420902462406267
lightgbm,NPB,MLB,full_cross_league,MLB,Jordan Lyles,2013,-0.5296389172255022,-0.40879726237183295,0.014602705547773315
lightgbm,NPB,MLB,full_cross_league,MLB,Chris Capuano,2013,-0.530010925398019,0.39940612073209064,0.8638160456372184
lightgbm,NPB,MLB,full_cross_league,MLB,Chad Bettis,2013,-0.530010925398019,-0.5767010908232916,0.002179971547439321
lightgbm,NPB,MLB,full_cross_league,MLB,Max Scherzer,2013,2.2647004706320906,2.144370488116876,0.01447930469211181
lightgbm,NPB,MLB,full_cross_league,MLB,Rick Porcello,2013,0.958021764667928,-0.20823810918387095,1.3601620933568137
lightgbm,NPB,MLB,full_cross_league,MLB,Scott Feldman,2013,1.23702789405529,0.6835565567814322,0.3063305211837123
lightgbm,NPB,MLB,full_cross_league,MLB,Lucas Harrell,2013,-0.5282066857613138,0.11296423485474658,0.4111001494436464
lightgbm,NPB,MLB,full_cross_league,MLB,Dallas Keuchel,2013,-0.5283926898475719,-0.5272121624913243,1.393644838849017e-6
lightgbm,NPB,MLB,full_cross_league,MLB,Brad Peacock,2013,-0.5292111078271079,-0.43936792306051575,0.008071797849004015
lightgbm,NPB,MLB,full_cross_league,MLB,Brett Oberholtzer,2013,-0.5293413106874891,-0.38908591738837583,0.019671575349488955
lightgbm,NPB,MLB,full_cross_league,MLB,Jarred Cosart,2013,-0.530010925398019,-0.5978008854725878,0.004595478686911636
lightgbm,NPB,MLB,full_cross_league,MLB,Collin McHugh,2013,-0.530010925398019,-0.49472893532835555,0.0012448188232758288
lightgbm,NPB,MLB,full_cross_league,MLB,Jason Vargas,2013,0.8650197215388071,0.4810421648162613,0.1474387640666159
lightgbm,NPB,MLB,full_cross_league,MLB,Danny Duffy,2013,-0.5251748191553051,-0.5415481800098606,2.680869456734918e-4
lightgbm,NPB,MLB,full_cross_league,MLB,Yordano Ventura,2013,-0.5299179233548901,-0.6748926484611053,0.021017670919622672
lightgbm,NPB,MLB,full_cross_league,MLB,Héctor Santiago,2013,-0.524430802810271,-0.7744823813683653,0.06252579193939482
lightgbm,NPB,MLB,full_cross_league,MLB,Tyler Skaggs,2013,-0.529592416203938,-0.5967423094198427,0.004509108158907404
lightgbm,NPB,MLB,full_cross_league,MLB,Matt Shoemaker,2013,-0.5299179233548901,-0.7527916279159818,0.04967268818478478
lightgbm,NPB,MLB,full_cross_league,MLB,Clayton Kershaw,2013,5.089969733977221,2.428173183082087,7.085160878357233
lightgbm,NPB,MLB,full_cross_league,MLB,Paul Maholm,2013,-0.34400683913977503,0.7343953748133075,1.1629513350589098
lightgbm,NPB,MLB,full_cross_league,MLB,Dan Haren,2013,-0.4370088822688971,2.896278916907573,11.110807552138716
lightgbm,NPB,MLB,full_cross_league,MLB,Kevin Slowey,2013,-0.47420969952054604,-0.29425048674880633,0.03238531826142428
lightgbm,NPB,MLB,full_cross_league,MLB,José Fernández,2013,-0.504900373753156,1.2493307635825854,3.0773268831982485
lightgbm,NPB,MLB,full_cross_league,MLB,Henderson Alvarez III,2013,-0.5252864216070589,-0.3563987425442058,0.02852304813923726
lightgbm,NPB,MLB,full_cross_league,MLB,Nathan Eovaldi,2013,-0.526848855931629,-0.6431997546703778,0.013537531637314582
lightgbm,NPB,MLB,full_cross_league,MLB,Tom Koehler,2013,-0.527220864104145,-0.26613272988868975,0.0681670138281076
lightgbm,NPB,MLB,full_cross_league,MLB,Brian Flynn,2013,-0.530010925398019,-0.5865658020973105,0.0031984540784720634
lightgbm,NPB,MLB,full_cross_league,MLB,Matt Garza,2013,1.7020381097009,1.1516629008475339,0.30291287052038646
lightgbm,NPB,MLB,full_cross_league,MLB,Marco Estrada,2013,-0.004549381718481162,0.16655372932625864,0.02927627460918856
lightgbm,NPB,MLB,full_cross_league,MLB,Wily Peralta,2013,-0.527220864104145,0.2725454313499053,0.6396261273442952
lightgbm,NPB,MLB,full_cross_league,MLB,Johnny Hellweg,2013,-0.530010925398019,-0.5160867111217677,1.9388374321095868e-4
lightgbm,NPB,MLB,full_cross_league,MLB,Ricky Nolasco,2013,1.65553708813634,1.7018918441011863,0.002148763400560452
lightgbm,NPB,MLB,full_cross_league,MLB,Phil Hughes,2013,0.8650197215388071,-0.170670385617802,1.0726539980620686
lightgbm,NPB,MLB,full_cross_league,MLB,Mike Pelfrey,2013,0.400009505893198,0.22107459020334166,0.032017704052936
lightgbm,NPB,MLB,full_cross_league,MLB,Scott Diamond,2013,-0.5221057517320429,-0.09385395974150304,0.18339959734310862
lightgbm,NPB,MLB,full_cross_league,MLB,Vance Worley,2013,-0.5248958130259171,-0.4504085903659521,0.0055483463395952105
lightgbm,NPB,MLB,full_cross_league,MLB,Kyle Gibson,2013,-0.529545915182373,-0.47893847274650614,0.002561113229899582
lightgbm,NPB,MLB,full_cross_league,MLB,Bartolo Colon,2013,1.23702789405529,2.5201566716119896,1.6464194597941506
lightgbm,NPB,MLB,full_cross_league,MLB,Dillon Gee,2013,0.05125184415899191,0.9431788937572648,0.7955338618050801
lightgbm,NPB,MLB,full_cross_league,MLB,John Lannan,2013,-0.34400683913977503,-0.4451923263334541,0.010238502818622196
lightgbm,NPB,MLB,full_cross_league,MLB,Daisuke Matsuzaka,2013,-0.34400683913977503,-0.10371157065375469,0.0577418160567686
lightgbm,NPB,MLB,full_cross_league,MLB,Matt Harvey,2013,-0.5213384848762278,1.148945236074773,2.7898477084739204
lightgbm,NPB,MLB,full_cross_league,MLB,Zack Wheeler,2013,-0.5277091248305731,-0.5875083825695672,0.0035759512261346435
lightgbm,NPB,MLB,full_cross_league,MLB,Jenrry Mejía,2013,-0.52821133586347,-0.7030799359335412,0.03057902729046651
lightgbm,NPB,MLB,full_cross_league,MLB,Hiroki Kuroda,2013,2.3530524116047493,2.259030893502384,0.008840045866273375
lightgbm,NPB,MLB,full_cross_league,MLB,Iván Nova,2013,-0.009199483874937249,0.17261078458320767,0.03305497371682272
lightgbm,NPB,MLB,full_cross_league,MLB,Alfredo Aceves,2013,-0.39980806501724814,-0.2784101833971477,0.014737445661847924
lightgbm,NPB,MLB,full_cross_league,MLB,David Phelps,2013,-0.5223057061247711,-0.23217862562674452,0.0841737228383084
lightgbm,NPB,MLB,full_cross_league,MLB,A.J. Burnett,2013,1.4695330018780999,2.444254616255204,0.9500822255339083
lightgbm,NPB,MLB,full_cross_league,MLB,Miguel González,2013,0.12100337650583301,0.419768077304336,0.08926034644321904
lightgbm,NPB,MLB,full_cross_league,MLB,Kyle Kendrick,2013,0.8045683935048781,0.8961607127816172,0.008389152950492125
lightgbm,NPB,MLB,full_cross_league,MLB,Roberto Hernández,2013,0.214005419634955,0.2838781627070417,0.004882200224417838
lightgbm,NPB,MLB,full_cross_league,MLB,Jonathan Pettibone,2013,-0.530010925398019,-0.4832092438828022,0.002190397392651786
lightgbm,NPB,MLB,full_cross_league,MLB,Ethan Martin,2013,-0.530010925398019,-0.42571543499464704,0.010877549318479849
lightgbm,NPB,MLB,full_cross_league,MLB,Charlie Morton,2013,0.679015635280563,0.28302115433899105,0.15681162893618497
lightgbm,NPB,MLB,full_cross_league,MLB,Edinson Vólquez,2013,0.30700746276407703,0.5996501734083832,0.08563975609324712
lightgbm,NPB,MLB,full_cross_league,MLB,Jeff Locke,2013,-0.527592872276662,-0.01322951816865584,0.26456966004923815
lightgbm,NPB,MLB,full_cross_league,MLB,Gerrit Cole,2013,-0.5276858743197912,-0.44342180935310715,0.007100432644709548
lightgbm,NPB,MLB,full_cross_league,MLB,Brandon Cumpton,2013,-0.5287088967942111,-0.5112062154790823,3.06343853218958e-4
lightgbm,NPB,MLB,full_cross_league,MLB,Phil Irwin,2013,-0.530010925398019,-0.5860379231166295,0.003139024473361189
lightgbm,NPB,MLB,full_cross_league,MLB,Ian Kennedy,2013,0.5116119576481442,0.5754109730637308,0.004070314367998261
lightgbm,NPB,MLB,full_cross_league,MLB,Eric Stults,2013,-0.11150173131697101,0.71830665341801,0.6885819553764784
lightgbm,NPB,MLB,full_cross_league,MLB,Andrew Cashner,2013,-0.17660316150735603,0.18265284041467666,0.12906487491700352
lightgbm,NPB,MLB,full_cross_league,MLB,Robbie Erlin,2013,-0.529173907009857,-0.4997076694033252,8.682591586845874e-4
lightgbm,NPB,MLB,full_cross_league,MLB,Burch Smith,2013,-0.530010925398019,-0.41032541443778253,0.014324621533812877
lightgbm,NPB,MLB,full_cross_league,MLB,Erasmo Ramírez,2013,-0.5278160771801721,-0.42097434171565834,0.011415156437069135
lightgbm,NPB,MLB,full_cross_league,MLB,Brandon Maurer,2013,-0.529155306601231,-0.36654006962088626,0.02644371529817368
lightgbm,NPB,MLB,full_cross_league,MLB,James Paxton,2013,-0.529359911096115,-0.6228913830295181,0.008748136242028963
lightgbm,NPB,MLB,full_cross_league,MLB,Taijuan Walker,2013,-0.5295645155909989,-0.5967147539088254,0.004509154506140896
lightgbm,NPB,MLB,full_cross_league,MLB,Tim Lincecum,2013,2.6320585409921198,1.7637094719110822,0.7540301057739046
lightgbm,NPB,MLB,full_cross_league,MLB,Tim Hudson,2013,1.51603402344266,0.3335183446794211,1.3983433305208837
lightgbm,NPB,MLB,full_cross_league,MLB,Ryan Vogelsong,2013,0.30700746276407703,0.6823218722011134,0.14086090593107137
lightgbm,NPB,MLB,full_cross_league,MLB,Yusmeiro Petit,2013,-0.465839515638925,-0.2977491503189061,0.02825437091341742
lightgbm,NPB,MLB,full_cross_league,MLB,Adam Wainwright,2013,3.00406671350861,3.1996026387449104,0.03823429805801609
lightgbm,NPB,MLB,full_cross_league,MLB,Lance Lynn,2013,-0.52350078237898,1.8376204730254506,5.574893582722595
lightgbm,NPB,MLB,full_cross_league,MLB,Shelby Miller,2013,-0.5261048395865962,1.143169855530239,2.786478007757403
lightgbm,NPB,MLB,full_cross_league,MLB,Michael Wacha,2013,-0.528150884535436,-0.5987514314961805,0.0049844372311562855
lightgbm,NPB,MLB,full_cross_league,MLB,Tyler Lyons,2013,-0.530010925398019,-0.5326887555625077,7.1707743898458354e-6
lightgbm,NPB,MLB,full_cross_league,MLB,Chris Archer,2013,0.16750439807039405,0.026738404837009032,0.019815064850981393
lightgbm,NPB,MLB,full_cross_league,MLB,David Price,2013,1.9810442390882699,0.9044640626363704,1.1590248763292033
lightgbm,NPB,MLB,full_cross_league,MLB,Jeremy Hellickson,2013,0.05125184415899191,0.023403844149378926,7.755111045354046e-4
lightgbm,NPB,MLB,full_cross_league,MLB,Érik Bédard,2013,-0.4091082693301611,0.7436691345372497,1.3288957428672876
lightgbm,NPB,MLB,full_cross_league,MLB,Alex Cobb,2013,-0.526867456340254,-0.2834633080632682,0.059245579398444895
lightgbm,NPB,MLB,full_cross_league,MLB,Chris Archer,2013,-0.527927679631926,0.026738404837009032,0.3076544652600998
lightgbm,NPB,MLB,full_cross_league,MLB,Jake Odorizzi,2013,-0.5294343127306179,-0.5713034663990003,0.0017530260289066193
lightgbm,NPB,MLB,full_cross_league,MLB,Alex Colomé,2013,-0.530010925398019,-0.6186839740775671,0.00786290956212552
lightgbm,NPB,MLB,full_cross_league,MLB,Enny Romero,2013,-0.530010925398019,-0.6773289369264516,0.0217025965206914
lightgbm,NPB,MLB,full_cross_league,MLB,Nate Karns,2013,-0.530010925398019,-0.6405434809310313,0.012217445832658455
lightgbm,NPB,MLB,full_cross_league,MLB,Martín Pérez,2013,-0.041750198970129805,-0.20627176619322302,0.027067346081542782
lightgbm,NPB,MLB,full_cross_league,MLB,Alexi Ogando,2013,-0.13475224209925202,0.0202746588002097,0.024033340002491525
lightgbm,NPB,MLB,full_cross_league,MLB,Tommy Hanson,2013,-0.25100479601065406,-0.5943725973038791,0.1179014469649437
lightgbm,NPB,MLB,full_cross_league,MLB,Scott Baker,2013,-0.4370088822688971,-0.10781362267818044,0.10836951893699932
lightgbm,NPB,MLB,full_cross_league,MLB,Nick Tepesch,2013,-0.529067698676603,-0.31210616006189174,0.04707230923806283
lightgbm,NPB,MLB,full_cross_league,MLB,Joe Saunders,2013,-0.530010925398019,0.25182733279891373,0.6112710619804137
lightgbm,NPB,MLB,full_cross_league,MLB,R.A. Dickey,2013,1.7020381097009,1.5363276010893891,0.02745997266428564
lightgbm,NPB,MLB,full_cross_league,MLB,J.A. Happ,2013,0.38140909726737404,-0.29227164874661243,0.45384574754996126
lightgbm,NPB,MLB,full_cross_league,MLB,Todd Redmond,2013,-0.528950702106347,-0.28467695250213737,0.059669664745700096
lightgbm,NPB,MLB,full_cross_league,MLB,Liam Hendriks,2013,-0.530010925398019,-0.509620600773754,4.1576533828290485e-4
lightgbm,NPB,MLB,full_cross_league,MLB,Sean Nolin,2013,-0.530010925398019,-0.6864179429107571,0.024463155127229966
lightgbm,NPB,MLB,full_cross_league,MLB,Jordan Zimmermann,2013,1.6090360665717802,1.9392163860603333,0.10901904337756299
lightgbm,NPB,MLB,full_cross_league,MLB,Doug Fister,2013,0.7162164525322119,2.1846092008268703,2.15617726324434
lightgbm,NPB,MLB,full_cross_league,MLB,Stephen Strasburg,2013,0.11635327434937699,0.5376402181747743,0.17748268903774345
lightgbm,NPB,MLB,full_cross_league,MLB,Ross Detwiler,2013,-0.06500070975241032,-0.3123874905799005,0.061200219328188664
lightgbm,NPB,MLB,full_cross_league,MLB,Taylor Jordan,2013,-0.5292111078271079,-0.6053047826204101,0.0057902473435488344
lightgbm,NPB,MLB,full_cross_league,MLB,Jeremy Hellickson,2014,0.17215450022684997,-0.36229797598844476,0.2856394493326601
lightgbm,NPB,MLB,full_cross_league,MLB,Rubby De La Rosa,2014,-0.527034860017887,-0.49712067187049414,8.948586525176209e-4
lightgbm,NPB,MLB,full_cross_league,MLB,Chase Anderson,2014,-0.5276858743197912,0.08022732356000355,0.3695584561564384
lightgbm,NPB,MLB,full_cross_league,MLB,Robbie Ray,2014,-0.5284298906648242,-0.5378129434880199,8.804168028288148e-5
lightgbm,NPB,MLB,full_cross_league,MLB,Allen Webster,2014,-0.5286158947510821,-0.25733215393392717,0.07359486803174928
lightgbm,NPB,MLB,full_cross_league,MLB,Jhoulys Chacín,2014,-0.5286158947510821,-0.4728381028577651,0.0031111620684941732
lightgbm,NPB,MLB,full_cross_league,MLB,Andrew Chafin,2014,-0.5286158947510821,-0.6291994650562518,0.010117054615335023
lightgbm,NPB,MLB,full_cross_league,MLB,Jesse Chavez,2014,-0.223104183071917,0.3897403506962554,0.37557842256952856
lightgbm,NPB,MLB,full_cross_league,MLB,Drew Pomeranz,2014,-0.5267558538885002,-0.4513801243418118,0.0056815006046955175
lightgbm,NPB,MLB,full_cross_league,MLB,Sonny Gray,2014,-0.5276858743197912,1.239586678720791,3.1232522767305775
lightgbm,NPB,MLB,full_cross_league,MLB,Chris Bassitt,2014,-0.5286158947510821,-0.4367319969341377,0.008442650678034668
lightgbm,NPB,MLB,full_cross_league,MLB,Brad Mills,2014,-0.5286158947510821,-0.14762533400144884,0.14515380738031997
lightgbm,NPB,MLB,full_cross_league,MLB,Jesse Hahn,2014,-0.5286158947510821,-0.3653124615594457,0.026668011292175244
lightgbm,NPB,MLB,full_cross_league,MLB,Mike Minor,2014,0.418609914519023,-0.27174197063092964,0.47658572533009336
lightgbm,NPB,MLB,full_cross_league,MLB,Eric Stults,2014,-0.25100479601065406,0.7389404906877302,0.9799916706563462
lightgbm,NPB,MLB,full_cross_league,MLB,Shelby Miller,2014,-0.52350078237898,0.17884076938133658,0.4932836553290896
lightgbm,NPB,MLB,full_cross_league,MLB,Alex Wood,2014,-0.5262908436728541,0.21226654750698926,0.5454670200663762
lightgbm,NPB,MLB,full_cross_league,MLB,Edwin Jackson,2014,-0.5286158947510821,0.09821499732601233,0.39291696726216596
lightgbm,NPB,MLB,full_cross_league,MLB,Bud Norris,2014,1.0138229905453997,1.453056739841939,0.19292628652109509
lightgbm,NPB,MLB,full_cross_league,MLB,Chris Tillman,2014,0.17959466367718002,0.09677004982939848,0.0068599166590341265
lightgbm,NPB,MLB,full_cross_league,MLB,Miguel González,2014,-0.013849586031393302,1.109020497858789,1.2608372252955447
lightgbm,NPB,MLB,full_cross_league,MLB,Kevin Gausman,2014,-0.525918835500337,-0.47945900295159316,0.0021585160404573194
lightgbm,NPB,MLB,full_cross_league,MLB,Wade Miley,2014,0.570513313631283,0.4356024949569369,0.018200928995382285
lightgbm,NPB,MLB,full_cross_league,MLB,Rick Porcello,2014,1.7020381097009,1.4357130272813419,0.07092904952578448
lightgbm,NPB,MLB,full_cross_league,MLB,Joe Kelly,2014,-0.51085250451342,-0.26371862743813385,0.061075153198262656
lightgbm,NPB,MLB,full_cross_league,MLB,Brandon Workman,2014,-0.5226637639908179,-0.4573206682547971,0.004269720160366782
lightgbm,NPB,MLB,full_cross_league,MLB,Jon Lester,2014,4.182092531142789,3.1200653234616627,1.1279017898549708
lightgbm,NPB,MLB,full_cross_league,MLB,Jason Hammel,2014,1.23702789405529,1.4088435083436763,0.02952060531329558
lightgbm,NPB,MLB,full_cross_league,MLB,Travis Wood,2014,0.43442026185097316,0.003998202659032235,0.1852631490390307
lightgbm,NPB,MLB,full_cross_league,MLB,Tsuyoshi Wada,2014,0.12100337650583301,-0.3206302004751239,0.19504021631699484
lightgbm,NPB,MLB,full_cross_league,MLB,Jake Arrieta,2014,0.0521818645902831,2.2426891027872298,4.798321960593215
lightgbm,NPB,MLB,full_cross_league,MLB,Félix Doubront,2014,-0.26495510248002196,-0.40053010817759166,0.018380582169896055
lightgbm,NPB,MLB,full_cross_league,MLB,Kyle Hendricks,2014,-0.528150884535436,-0.26853747450285514,0.06739912266874497
lightgbm,NPB,MLB,full_cross_league,MLB,Dallas Beeler,2014,-0.5285228927079528,-0.61940929898218,0.00826033884544388
lightgbm,NPB,MLB,full_cross_league,MLB,Trevor Cahill,2014,-0.5286158947510821,-0.016992907209559198,0.26175808138091333
lightgbm,NPB,MLB,full_cross_league,MLB,Jeff Samardzija,2014,1.19982707680364,1.163550865376888,0.0013159635154784183
lightgbm,NPB,MLB,full_cross_league,MLB,Héctor Noesí,2014,-0.260305000323566,0.16756931061597918,0.1830764259619906
lightgbm,NPB,MLB,full_cross_league,MLB,Erik Johnson,2014,-0.528150884535436,-0.592984513699138,0.004203399470536423
lightgbm,NPB,MLB,full_cross_league,MLB,Scott Carroll,2014,-0.5286158947510821,-0.2783062444284369,0.0626549210446449
lightgbm,NPB,MLB,full_cross_league,MLB,Mike Leake,2014,1.19517697464719,1.0986869760121853,0.009310319836583217
lightgbm,NPB,MLB,full_cross_league,MLB,Tony Cingrani,2014,-0.525267821198434,-0.4390979101221518,0.0074252535748943705
lightgbm,NPB,MLB,full_cross_league,MLB,David Holmberg,2014,-0.5286158947510821,-0.5708170156481017,0.0017809346049648695
lightgbm,NPB,MLB,full_cross_league,MLB,Dylan Axelrod,2014,-0.5286158947510821,-0.27132259200874287,0.066199843636061
lightgbm,NPB,MLB,full_cross_league,MLB,Corey Kluber,2014,0.809218495661334,2.7423391724647646,3.7369555510849537
lightgbm,NPB,MLB,full_cross_league,MLB,Gavin Floyd,2014,0.12100337650583301,-0.345599297920668,0.21771805578196335
lightgbm,NPB,MLB,full_cross_league,MLB,Trevor Bauer,2014,-0.262165041186148,-0.5674127810546521,0.09317618269482995
lightgbm,NPB,MLB,full_cross_league,MLB,Josh Tomlin,2014,-0.34400683913977503,0.1411189361134089,0.2353470178150027
lightgbm,NPB,MLB,full_cross_league,MLB,Bruce Chen,2014,-0.4370088822688971,0.7113724271428599,1.3187796318062615
lightgbm,NPB,MLB,full_cross_league,MLB,Corey Kluber,2014,-0.511224512685936,2.7423391724647646,10.585676653331406
lightgbm,NPB,MLB,full_cross_league,MLB,Zach McAllister,2014,-0.5262164420383509,-0.3148345596178908,0.044682300215617234
lightgbm,NPB,MLB,full_cross_league,MLB,Danny Salazar,2014,-0.5286158947510821,-0.5078584183053122,4.3087282839669066e-4
lightgbm,NPB,MLB,full_cross_league,MLB,Jhoulys Chacín,2014,-0.528950702106347,-0.4728381028577651,0.0031486237944319496
lightgbm,NPB,MLB,full_cross_league,MLB,Jorge De La Rosa,2014,1.7020381097009,1.5463366687800024,0.024242938704843786
lightgbm,NPB,MLB,full_cross_league,MLB,Jhoulys Chacín,2014,0.400009505893198,-0.4728381028577651,0.7618629481022744
lightgbm,NPB,MLB,full_cross_league,MLB,Kyle Kendrick,2014,0.400009505893198,1.2311275505022778,0.6907572040748203
lightgbm,NPB,MLB,full_cross_league,MLB,Jordan Lyles,2014,-0.162652855037988,-0.5617212830536794,0.15925561023891507
lightgbm,NPB,MLB,full_cross_league,MLB,Tyler Chatwood,2014,-0.4370088822688971,-0.6299905774991523,0.03724193469394311
lightgbm,NPB,MLB,full_cross_league,MLB,Tyler Matzek,2014,-0.5282438865785651,-0.3122404580497923,0.04665748113618468
lightgbm,NPB,MLB,full_cross_league,MLB,Christian Bergman,2014,-0.5282438865785651,-0.297600469718395,0.053196385740934216
lightgbm,NPB,MLB,full_cross_league,MLB,Eddie Butler,2014,-0.5282438865785651,-0.6952138726648995,0.027878976253670702
lightgbm,NPB,MLB,full_cross_league,MLB,Yohan Flande,2014,-0.5286158947510821,-0.435797293650172,0.008615292710329863
lightgbm,NPB,MLB,full_cross_league,MLB,David Price,2014,3.05056773507317,2.2229413677977594,0.6849654038094927
lightgbm,NPB,MLB,full_cross_league,MLB,Alfredo Simón,2014,0.400009505893198,1.9535520261195753,2.413494362151324
lightgbm,NPB,MLB,full_cross_league,MLB,Shane Greene,2014,-0.527220864104145,-0.24144991327945317,0.08166503633524844
lightgbm,NPB,MLB,full_cross_league,MLB,Drew VerHagen,2014,-0.5286158947510821,-0.6671414279555523,0.01918932334958279
lightgbm,NPB,MLB,full_cross_league,MLB,Randy Wolf,2014,-0.5286158947510821,0.10803020871967434,0.40531826106449714
lightgbm,NPB,MLB,full_cross_league,MLB,Kyle Lobstein,2014,-0.5286158947510821,-0.5930417094986695,0.004150685605890458
lightgbm,NPB,MLB,full_cross_league,MLB,Buck Farmer,2014,-0.5286158947510821,-0.5688691696773982,0.0016203261422935917
lightgbm,NPB,MLB,full_cross_league,MLB,Dallas Keuchel,2014,-0.525453825284692,0.887958847182287,1.997735382690248
lightgbm,NPB,MLB,full_cross_league,MLB,Collin McHugh,2014,-0.526979058792009,0.9583898246463729,2.206320719886985
lightgbm,NPB,MLB,full_cross_league,MLB,Brad Peacock,2014,-0.5270720608351389,-0.275067706197014,0.06350619475657783
lightgbm,NPB,MLB,full_cross_league,MLB,Brett Oberholtzer,2014,-0.5270720608351389,-0.2847323820286321,0.058728519924040885
lightgbm,NPB,MLB,full_cross_league,MLB,Dan Straily,2014,-0.5286158947510821,-0.4722922543651995,0.0031723524663182204
lightgbm,NPB,MLB,full_cross_league,MLB,Yordano Ventura,2014,0.26980664551242806,0.7946184535895982,0.2754274338972284
lightgbm,NPB,MLB,full_cross_league,MLB,Edinson Vólquez,2014,1.23702789405529,0.9011551093241015,0.11281052752308324
lightgbm,NPB,MLB,full_cross_league,MLB,Danny Duffy,2014,-0.17195305935090002,-0.42979953582323416,0.06648480542919798
lightgbm,NPB,MLB,full_cross_league,MLB,Franklin Morales,2014,-0.27890540894939003,-0.00826840809195881,0.07324438623310521
lightgbm,NPB,MLB,full_cross_league,MLB,Chris Young,2014,-0.49746021030282606,1.078621878798223,2.484034751585127
lightgbm,NPB,MLB,full_cross_league,MLB,Yordano Ventura,2014,-0.523375229620756,0.7946184535895982,1.7371073489823952
lightgbm,NPB,MLB,full_cross_league,MLB,Brian Flynn,2014,-0.5284391908691369,-0.6917021261316683,0.026654786030537496
lightgbm,NPB,MLB,full_cross_league,MLB,Aaron Brooks,2014,-0.5286158947510821,-0.6475097024184736,0.014135737501650694
lightgbm,NPB,MLB,full_cross_league,MLB,Yohan Pino,2014,-0.5286158947510821,-0.46734910217739584,0.0037536198722670933
lightgbm,NPB,MLB,full_cross_league,MLB,Garrett Richards,2014,-0.027799892500761595,1.0122905863756386,1.0817882042493396
lightgbm,NPB,MLB,full_cross_league,MLB,Héctor Santiago,2014,-0.197063610995763,-0.20128793170004977,1.7844885412665885e-5
lightgbm,NPB,MLB,full_cross_league,MLB,Matt Shoemaker,2014,-0.5267558538885002,1.067649964965545,2.542129915195639
lightgbm,NPB,MLB,full_cross_league,MLB,Tyler Skaggs,2014,-0.527220864104145,-0.5895513759184295,0.0038850927030306603
lightgbm,NPB,MLB,full_cross_league,MLB,Andrew Heaney,2014,-0.52829038760013,-0.6615526837475585,0.017758839574484927
lightgbm,NPB,MLB,full_cross_league,MLB,Nick Tropeano,2014,-0.5286158947510821,-0.6836168733313454,0.024025303360839242
lightgbm,NPB,MLB,full_cross_league,MLB,Mat Latos,2014,-0.5286158947510821,-0.41714652953405607,0.012425419381886725
lightgbm,NPB,MLB,full_cross_league,MLB,Brandon McCarthy,2014,1.6090360665717802,1.7350599774440858,0.01588202611155082
lightgbm,NPB,MLB,full_cross_league,MLB,Brett Anderson,2014,1.23702789405529,-0.47863757676482344,2.943508007764401
lightgbm,NPB,MLB,full_cross_league,MLB,Mike Bolsinger,2014,-0.5286158947510821,-0.5922972960431313,0.004055320870519011
lightgbm,NPB,MLB,full_cross_league,MLB,Mat Latos,2014,1.1254254423003498,-0.41714652953405607,2.3795282882890874
lightgbm,NPB,MLB,full_cross_league,MLB,Henderson Alvarez III,2014,0.12100337650583301,1.3694505400282313,1.558620320107122
lightgbm,NPB,MLB,full_cross_league,MLB,David Phelps,2014,-0.3626072477656,-0.39992019393934375,0.0013922559521646987
lightgbm,NPB,MLB,full_cross_league,MLB,José Fernández,2014,-0.501924308373024,-0.3024065669531535,0.03980732914128633
lightgbm,NPB,MLB,full_cross_league,MLB,Tom Koehler,2014,-0.5197807006538151,0.8567967466982445,1.8949654685583124
lightgbm,NPB,MLB,full_cross_league,MLB,Jarred Cosart,2014,-0.5225707619476888,-0.1541012853189415,0.13576975520706294
lightgbm,NPB,MLB,full_cross_league,MLB,Brad Hand,2014,-0.5262908436728541,-0.5447654879943185,3.413124828046166e-4
lightgbm,NPB,MLB,full_cross_league,MLB,André Rienzo,2014,-0.5286158947510821,-0.6310070112738538,0.010483940742779828
lightgbm,NPB,MLB,full_cross_league,MLB,Wily Peralta,2014,-0.525267821198434,1.2900909223563573,3.2955273678008306
lightgbm,NPB,MLB,full_cross_league,MLB,Jimmy Nelson,2014,-0.5278718784060491,-0.2670487653199079,0.068028696319946
lightgbm,NPB,MLB,full_cross_league,MLB,Ervin Santana,2014,1.9345432175237098,1.9583296345842094,5.657936365760242e-4
lightgbm,NPB,MLB,full_cross_league,MLB,Phil Hughes,2014,1.9810442390882699,2.051795653328131,0.005005762616940418
lightgbm,NPB,MLB,full_cross_league,MLB,Tommy Milone,2014,-0.10685162916051501,-0.20539638683753822,0.009711069265623226
lightgbm,NPB,MLB,full_cross_league,MLB,Kyle Gibson,2014,-0.5230357721633351,0.18436790123352376,0.5004199571353697
lightgbm,NPB,MLB,full_cross_league,MLB,Trevor May,2014,-0.528150884535436,-0.5303568039978626,4.866080674712205e-6
lightgbm,NPB,MLB,full_cross_league,MLB,Logan Darnell,2014,-0.5286158947510821,-0.5125823418098254,2.570748199200793e-4
lightgbm,NPB,MLB,full_cross_league,MLB,Dillon Gee,2014,0.36280868864155,-0.043479857588079505,0.16507038279738578
lightgbm,NPB,MLB,full_cross_league,MLB,Jacob deGrom,2014,-0.519431942992081,0.34227898838844734,0.7425457292606974
lightgbm,NPB,MLB,full_cross_league,MLB,Zack Wheeler,2014,-0.5214082364085753,1.2259685752297904,3.0533257218514605
lightgbm,NPB,MLB,full_cross_league,MLB,Rafael Montero,2014,-0.5279648804491781,-0.6445881874062052,0.013600995725592955
lightgbm,NPB,MLB,full_cross_league,MLB,Nathan Eovaldi,2014,-0.009199483874937249,0.9444617802380303,0.9094698066695434
lightgbm,NPB,MLB,full_cross_league,MLB,Iván Nova,2014,-0.009199483874937249,-0.431760663932742,0.17855795089184448
lightgbm,NPB,MLB,full_cross_league,MLB,Michael Pineda,2014,-0.23240438738482905,-0.5628216131602957,0.10917554308915568
lightgbm,NPB,MLB,full_cross_league,MLB,Chase Whitley,2014,-0.525449175182535,-0.6128704092560489,0.007642472166936104
lightgbm,NPB,MLB,full_cross_league,MLB,Aaron Harang,2014,0.30700746276407703,1.2110189314611357,0.817236735535813
lightgbm,NPB,MLB,full_cross_league,MLB,Kevin Correia,2014,-0.5021103124592821,0.6129235284597627,1.2433004663946776
lightgbm,NPB,MLB,full_cross_league,MLB,David Buchanan,2014,-0.5276858743197912,-0.32275139720116347,0.04199813991188535
lightgbm,NPB,MLB,full_cross_league,MLB,Jonathan Pettibone,2014,-0.528150884535436,-0.652360602488028,0.015428054033862442
lightgbm,NPB,MLB,full_cross_league,MLB,Sean O'Sullivan,2014,-0.5286158947510821,-0.57788158572588,0.002427108307224287
lightgbm,NPB,MLB,full_cross_league,MLB,Francisco Liriano,2014,1.79504015283002,0.5934129827939928,1.4439078557687917
lightgbm,NPB,MLB,full_cross_league,MLB,A.J. Burnett,2014,0.958021764667928,1.387951841092062,0.18483987061406165
lightgbm,NPB,MLB,full_cross_league,MLB,Vance Worley,2014,-0.16730295719444402,-0.2264936288941498,0.0035035356162623522
lightgbm,NPB,MLB,full_cross_league,MLB,Gerrit Cole,2014,-0.524244798724013,0.4604685949208688,0.9696604676236198
lightgbm,NPB,MLB,full_cross_league,MLB,Jeff Locke,2014,-0.524244798724013,-0.11062740711712647,0.1710793466396845
lightgbm,NPB,MLB,full_cross_league,MLB,Brandon Cumpton,2014,-0.526197841629725,-0.3805907854874383,0.021201414798423045
lightgbm,NPB,MLB,full_cross_league,MLB,James Shields,2014,2.8645636488149204,2.9575507153009726,0.008646594533681483
lightgbm,NPB,MLB,full_cross_league,MLB,Ian Kennedy,2014,1.2091272811165599,2.0104842163242784,0.6421729376055076
lightgbm,NPB,MLB,full_cross_league,MLB,Tyson Ross,2014,0.353508484328637,1.4609936316446324,1.226523351525532
lightgbm,NPB,MLB,full_cross_league,MLB,Andrew Cashner,2014,0.130303580818745,0.024074003536393877,0.011284723089587006
lightgbm,NPB,MLB,full_cross_league,MLB,Joe Wieland,2014,-0.5132705576347771,-0.639030646488332,0.015815599948454006
lightgbm,NPB,MLB,full_cross_league,MLB,Odrisamer Despaigne,2014,-0.526793054705751,-0.36136045671787403,0.027367944477018513
lightgbm,NPB,MLB,full_cross_league,MLB,Bud Norris,2014,-0.5286158947510821,1.453056739841939,3.9270264306948444
lightgbm,NPB,MLB,full_cross_league,MLB,Robbie Erlin,2014,-0.5286158947510821,-0.5282120455591224,1.6309416984648812e-7
lightgbm,NPB,MLB,full_cross_league,MLB,Erasmo Ramírez,2014,-0.5257700322313311,-0.5945910064216862,0.004736326488509515
lightgbm,NPB,MLB,full_cross_league,MLB,James Paxton,2014,-0.526476847759112,-0.3808386234206014,0.02121049238847434
lightgbm,NPB,MLB,full_cross_league,MLB,Taijuan Walker,2014,-0.527574271868036,-0.5370655664742886,9.008467330268051e-5
lightgbm,NPB,MLB,full_cross_league,MLB,Roenis Elías,2014,-0.5286158947510821,0.02667378562063964,0.3083466291273288
lightgbm,NPB,MLB,full_cross_league,MLB,Jake Peavy,2014,1.6090360665717802,1.083288165028814,0.2764108559768325
lightgbm,NPB,MLB,full_cross_league,MLB,Ryan Vogelsong,2014,0.12100337650583301,1.3960938816833521,1.6258557963938611
lightgbm,NPB,MLB,full_cross_league,MLB,Kevin Correia,2014,-0.4649094952076341,0.6129235284597627,1.1617240269080031
lightgbm,NPB,MLB,full_cross_league,MLB,Lance Lynn,2014,0.8340189784944041,1.6554065812463608,0.6746775939546061
lightgbm,NPB,MLB,full_cross_league,MLB,Michael Wacha,2014,-0.5262908436728541,-0.4889420209595534,0.0013949345580695622
lightgbm,NPB,MLB,full_cross_league,MLB,Marco Gonzales,2014,-0.5286158947510821,-0.5561096339463387,7.559056949367924e-4
lightgbm,NPB,MLB,full_cross_league,MLB,Alex Cobb,2014,0.12100337650583301,0.5553218336703528,0.1886325222337688
lightgbm,NPB,MLB,full_cross_league,MLB,Drew Smyly,2014,-0.13010213994279501,-0.18568848956106435,0.003089842263884471
lightgbm,NPB,MLB,full_cross_league,MLB,Jake Odorizzi,2014,-0.525918835500337,0.8587369507608126,1.917271646426482
lightgbm,NPB,MLB,full_cross_league,MLB,Alex Colomé,2014,-0.5280020812664299,-0.6606086181697409,0.01758449362948919
lightgbm,NPB,MLB,full_cross_league,MLB,Nate Karns,2014,-0.5283740894389459,-0.5044276631110692,5.73431333876426e-4
lightgbm,NPB,MLB,full_cross_league,MLB,Colby Lewis,2014,0.12100337650583301,1.0203612679834946,0.8088446169631452
lightgbm,NPB,MLB,full_cross_league,MLB,Nick Tepesch,2014,-0.5267074928260721,-0.49094186015318453,0.001279180480491923
lightgbm,NPB,MLB,full_cross_league,MLB,Tanner Scheppers,2014,-0.527183663286893,-0.46370631903435133,0.004029373233355689
lightgbm,NPB,MLB,full_cross_league,MLB,Nick Martinez,2014,-0.527220864104145,-0.5692475554230598,0.0017662427832153477
lightgbm,NPB,MLB,full_cross_league,MLB,Anthony Ranaudo,2014,-0.5284298906648242,-0.5276117088441623,6.694214916615318e-7
lightgbm,NPB,MLB,full_cross_league,MLB,Lisalverto Bonilla,2014,-0.5284298906648242,-0.5341507632379109,3.272838299749601e-5
lightgbm,NPB,MLB,full_cross_league,MLB,Wandy Rodríguez,2014,-0.5286158947510821,0.39833517118423084,0.8592382786386127
lightgbm,NPB,MLB,full_cross_league,MLB,Drew Hutchison,2014,-0.526272243264228,1.2811382678620566,3.266732755729777
lightgbm,NPB,MLB,full_cross_league,MLB,Liam Hendriks,2014,-0.526588450210867,-0.5845073529993962,0.0033545993002270934
lightgbm,NPB,MLB,full_cross_league,MLB,Marcus Stroman,2014,-0.5272766653300229,-0.07027686371581623,0.2088488186754243
lightgbm,NPB,MLB,full_cross_league,MLB,Félix Doubront,2014,-0.5286158947510821,-0.40053010817759166,0.016405968722149732
lightgbm,NPB,MLB,full_cross_league,MLB,Max Scherzer,2014,4.9571096192201605,2.5842380012273516,5.630519715475811
lightgbm,NPB,MLB,full_cross_league,MLB,Doug Fister,2014,1.49743361481683,1.7649467264900283,0.0715632649170771
lightgbm,NPB,MLB,full_cross_league,MLB,Stephen Strasburg,2014,0.7534172697838608,2.243413805484954,2.2200896764012596
lightgbm,NPB,MLB,full_cross_league,MLB,Tanner Roark,2014,-0.5245052044447751,1.8222828547268528,5.5074141946705355
lightgbm,NPB,MLB,full_cross_league,MLB,Taylor Jordan,2014,-0.5286158947510821,-0.46213288194775054,0.004419990991407943
lightgbm,NPB,MLB,full_cross_league,MLB,Zack Greinke,2015,5.7786277288621015,3.470587964999115,5.3270475515727105
lightgbm,NPB,MLB,full_cross_league,MLB,Shelby Miller,2015,0.18610480669621798,0.5828431554839302,0.15740131739880037
lightgbm,NPB,MLB,full_cross_league,MLB,Patrick Corbin,2015,-0.153352650725076,-0.41561115505582324,0.06877952309380059
lightgbm,NPB,MLB,full_cross_league,MLB,Rubby De La Rosa,2015,-0.18590336582026804,1.1899056089535587,1.892850335068208
lightgbm,NPB,MLB,full_cross_league,MLB,Robbie Ray,2015,-0.5261048395865962,-0.4747244102246466,0.0026399485214182853
lightgbm,NPB,MLB,full_cross_league,MLB,Archie Bradley,2015,-0.5286158947510821,-0.5632705113077109,0.0012009424486869728
lightgbm,NPB,MLB,full_cross_league,MLB,Zack Godley,2015,-0.5286158947510821,-0.5413801874702819,1.6292716862141899e-4
lightgbm,NPB,MLB,full_cross_league,MLB,Tyler Wagner,2015,-0.5286158947510821,-0.6493367196756848,0.014573517570476598
lightgbm,NPB,MLB,full_cross_league,MLB,Rich Hill,2015,0.49301154902232,0.5304350061550506,0.0014005151437653247
lightgbm,NPB,MLB,full_cross_league,MLB,Henderson Alvarez III,2015,0.16750439807039405,-0.5254496903889253,0.48018536871248624
lightgbm,NPB,MLB,full_cross_league,MLB,Félix Doubront,2015,-0.25100479601065406,-0.4772905777787307,0.0512052550303896
lightgbm,NPB,MLB,full_cross_league,MLB,Sonny Gray,2015,-0.5248958130259171,1.2046927870869324,2.9914767256403265
lightgbm,NPB,MLB,full_cross_league,MLB,Kendall Graveman,2015,-0.5276858743197912,-0.2065881884169345,0.10310372389216962
lightgbm,NPB,MLB,full_cross_league,MLB,Chris Bassitt,2015,-0.528150884535436,-0.26139915890060017,0.07115648312916274
lightgbm,NPB,MLB,full_cross_league,MLB,Jesse Hahn,2015,-0.5286158947510821,-0.12352287660831525,0.164100353348016
lightgbm,NPB,MLB,full_cross_league,MLB,Jhoulys Chacín,2015,-0.4184084736430731,-0.509069734661865,0.008219464249517517
lightgbm,NPB,MLB,full_cross_league,MLB,Williams Pérez,2015,-0.5279183794276139,-0.3872377672523866,0.0197910346419967
lightgbm,NPB,MLB,full_cross_league,MLB,Roberto Hernández,2015,-0.5286158947510821,-0.05192558401327037,0.2272336523513115
lightgbm,NPB,MLB,full_cross_league,MLB,Mike Foltynewicz,2015,-0.5286158947510821,-0.4361242876846515,0.008554697377730987
lightgbm,NPB,MLB,full_cross_league,MLB,Ryan Weber,2015,-0.5286158947510821,-0.5165545668129093,1.4547563163214573e-4
lightgbm,NPB,MLB,full_cross_league,MLB,Matt Wisler,2015,-0.5286158947510821,-0.1615594737881012,0.13473041617015302
lightgbm,NPB,MLB,full_cross_league,MLB,Manny Bañuelos,2015,-0.5286158947510821,-0.6526686635115144,0.015389089437129303
lightgbm,NPB,MLB,full_cross_league,MLB,Yovani Gallardo,2015,1.4230319803135398,0.5808451168096853,0.7092787130584601
lightgbm,NPB,MLB,full_cross_league,MLB,Chris Tillman,2015,0.534862468430425,0.1247596508923951,0.1681843209526306
lightgbm,NPB,MLB,full_cross_league,MLB,Miguel González,2015,0.3256078713899011,0.5104759641379648,0.034176211716306686
lightgbm,NPB,MLB,full_cross_league,MLB,Kevin Gausman,2015,-0.524058794637755,-0.5726521140589296,0.0023613106923683065
lightgbm,NPB,MLB,full_cross_league,MLB,Tyler Wilson,2015,-0.5278718784060491,-0.5457364422916597,3.1914264282306395e-4
lightgbm,NPB,MLB,full_cross_league,MLB,Odrisamer Despaigne,2015,-0.5286158947510821,-0.24849307776400975,0.07846879259677281
lightgbm,NPB,MLB,full_cross_league,MLB,David Price,2015,5.1431137054784,2.0099752999925555,9.816556267930379
lightgbm,NPB,MLB,full_cross_league,MLB,Rick Porcello,2015,3.2133213105491305,0.41587712916982944,7.8256939479329075
lightgbm,NPB,MLB,full_cross_league,MLB,Joe Kelly,2015,-0.13940234425570802,-0.1303114351377369,8.264462859121032e-5
lightgbm,NPB,MLB,full_cross_league,MLB,Roenis Elías,2015,-0.5192226883950409,-0.2781918674932883,0.05809585662457276
lightgbm,NPB,MLB,full_cross_league,MLB,Eduardo Rodríguez,2015,-0.5261048395865962,-0.3792935843021683,0.021553544678189443
lightgbm,NPB,MLB,full_cross_league,MLB,Steven Wright,2015,-0.5273138661472739,-0.24833540411578914,0.07782898227745261
lightgbm,NPB,MLB,full_cross_league,MLB,Sean O'Sullivan,2015,-0.5286158947510821,-0.3638178853165382,0.02715838391358801
lightgbm,NPB,MLB,full_cross_league,MLB,Henry Owens,2015,-0.5286158947510821,-0.49787781647919865,9.448294558484308e-4
lightgbm,NPB,MLB,full_cross_league,MLB,John Lackey,2015,2.3530524116047493,1.9813078252691647,0.13819403746981493
lightgbm,NPB,MLB,full_cross_league,MLB,Jake Arrieta,2015,1.36723075443606,3.060783465465536,2.868120785035288
lightgbm,NPB,MLB,full_cross_league,MLB,Kyle Hendricks,2015,-0.5223847578614309,0.358334560460219,0.7756665176649518
lightgbm,NPB,MLB,full_cross_league,MLB,Aaron Brooks,2015,-0.528150884535436,-0.4625157835379456,0.004307966482950769
lightgbm,NPB,MLB,full_cross_league,MLB,Dallas Beeler,2015,-0.5284298906648242,-0.5809271474840524,0.0027559619735440053
lightgbm,NPB,MLB,full_cross_league,MLB,Carlos Rodón,2015,-0.52666285184537,-0.09737288489896447,0.18428987572084596
lightgbm,NPB,MLB,full_cross_league,MLB,Miguel González,2015,-0.5286158947510821,0.5104759641379648,1.0797118912094952
lightgbm,NPB,MLB,full_cross_league,MLB,Chris Beck,2015,-0.5286158947510821,-0.623595616905455,0.009021147620521872
lightgbm,NPB,MLB,full_cross_league,MLB,Erik Johnson,2015,-0.5286158947510821,-0.49626160950503256,0.0010467997737827362
lightgbm,NPB,MLB,full_cross_league,MLB,Alfredo Simón,2015,-0.25100479601065406,1.0532236517693339,1.7010118439985966
lightgbm,NPB,MLB,full_cross_league,MLB,Anthony DeSclafani,2015,-0.5225707619476888,0.6335289651261629,1.3365665789402341
lightgbm,NPB,MLB,full_cross_league,MLB,Michael Lorenzen,2015,-0.5269418579747581,-0.4203602311949839,0.011359643167023087
lightgbm,NPB,MLB,full_cross_league,MLB,Jon Moscot,2015,-0.5285228927079528,-0.6943789320745883,0.02750822579438695
lightgbm,NPB,MLB,full_cross_league,MLB,Josh A. Smith,2015,-0.5286158947510821,-0.33571473814022945,0.037210856221804686
lightgbm,NPB,MLB,full_cross_league,MLB,John Lamb,2015,-0.5286158947510821,-0.5191283727244943,9.001307420498788e-5
lightgbm,NPB,MLB,full_cross_league,MLB,Keyvius Sampson,2015,-0.5286158947510821,-0.5445899789516812,2.551713660478295e-4
lightgbm,NPB,MLB,full_cross_league,MLB,Josh Tomlin,2015,-0.28200553905505604,0.32838161231285595,0.3725724745550343
lightgbm,NPB,MLB,full_cross_league,MLB,Trevor Bauer,2015,-0.30727103210377193,0.2251188541835101,0.2834389910209851
lightgbm,NPB,MLB,full_cross_league,MLB,Danny Salazar,2015,-0.5232775774754701,2.0686830354876085,6.718259819151939
lightgbm,NPB,MLB,full_cross_league,MLB,Cody Anderson,2015,-0.5278904788146751,-0.44237718218700933,0.007312523900131154
lightgbm,NPB,MLB,full_cross_league,MLB,Jordan Lyles,2015,-0.06965081190886638,-0.6176475807717031,0.3003004586841094
lightgbm,NPB,MLB,full_cross_league,MLB,Chad Bettis,2015,-0.5276858743197912,-0.13121803338958052,0.15718674889186285
lightgbm,NPB,MLB,full_cross_league,MLB,Chris Rusin,2015,-0.5276858743197912,0.16471251369401138,0.47941552772411233
lightgbm,NPB,MLB,full_cross_league,MLB,Tyler Matzek,2015,-0.5282438865785651,-0.5093324737972408,3.576415333856382e-4
lightgbm,NPB,MLB,full_cross_league,MLB,Jon Gray,2015,-0.5282438865785651,-0.5440166999206981,2.487816407257683e-4
lightgbm,NPB,MLB,full_cross_league,MLB,Yohan Flande,2015,-0.5286158947510821,-0.25276521270632984,0.07609359878455499
lightgbm,NPB,MLB,full_cross_league,MLB,Eddie Butler,2015,-0.5286158947510821,-0.3283486303340328,0.040106977197088334
lightgbm,NPB,MLB,full_cross_league,MLB,David Hale,2015,-0.5286158947510821,-0.34053613775223895,0.03537399499274387
lightgbm,NPB,MLB,full_cross_league,MLB,Jordan Zimmermann,2015,3.4690769291542094,1.8767565354986318,2.535484236051454
lightgbm,NPB,MLB,full_cross_league,MLB,Mike Pelfrey,2015,0.8650197215388071,0.5134754540155533,0.12358337202846108
lightgbm,NPB,MLB,full_cross_league,MLB,Shane Greene,2015,-0.526848855931629,-0.25729734759038714,0.07265801564903858
lightgbm,NPB,MLB,full_cross_league,MLB,Daniel Norris,2015,-0.5273138661472739,-0.5064468162020788,4.3543377341526975e-4
lightgbm,NPB,MLB,full_cross_league,MLB,Matthew Boyd,2015,-0.5286158947510821,-0.5987767440023006,0.004922544767652218
lightgbm,NPB,MLB,full_cross_league,MLB,Dallas Keuchel,2015,0.7255166568451239,1.900224366207174,1.379938202434635
lightgbm,NPB,MLB,full_cross_league,MLB,Doug Fister,2015,0.679015635280563,0.2644414377588401,0.1718717652507805
lightgbm,NPB,MLB,full_cross_league,MLB,Collin McHugh,2015,-0.52461680689653,1.4819655304902282,4.026372676712507
lightgbm,NPB,MLB,full_cross_league,MLB,Dan Straily,2015,-0.527760275954294,-0.6276738787370066,0.009982728021021688
lightgbm,NPB,MLB,full_cross_league,MLB,Brad Peacock,2015,-0.5286158947510821,-0.623420287524594,0.008987872889154322
lightgbm,NPB,MLB,full_cross_league,MLB,Ian Kennedy,2015,1.9810442390882699,1.7727745703144833,0.043376254931142784
lightgbm,NPB,MLB,full_cross_league,MLB,Chris Young,2015,0.44651052745775904,1.1733724556880567,0.5283282627106665
lightgbm,NPB,MLB,full_cross_league,MLB,Danny Duffy,2015,0.162854295913938,-0.4510064370248665,0.37682499944416625
lightgbm,NPB,MLB,full_cross_league,MLB,Dillon Gee,2015,-0.25100479601065406,-0.34314561151851797,0.008489929882454214
lightgbm,NPB,MLB,full_cross_league,MLB,Garrett Richards,2015,0.572063285682073,1.3481837600776754,0.6023629907760549
lightgbm,NPB,MLB,full_cross_league,MLB,Héctor Santiago,2015,0.30700746276407703,0.2877919338879522,3.6923654998918684e-4
lightgbm,NPB,MLB,full_cross_league,MLB,Tim Lincecum,2015,-0.15800275288153204,-0.07134203986418942,0.007510079180674215
lightgbm,NPB,MLB,full_cross_league,MLB,Matt Shoemaker,2015,-0.524430802810271,-0.14251850680653677,0.1458570018388439
lightgbm,NPB,MLB,full_cross_league,MLB,Andrew Heaney,2015,-0.527220864104145,-0.5593639131455822,0.0010331756016802348
lightgbm,NPB,MLB,full_cross_league,MLB,Nick Tropeano,2015,-0.5286158947510821,-0.46498445791999915,0.004048959753188095
lightgbm,NPB,MLB,full_cross_league,MLB,Scott Kazmir,2015,2.3530524116047493,0.8806313715263882,2.168023719265443
lightgbm,NPB,MLB,full_cross_league,MLB,Brett Anderson,2015,2.3158515943531093,0.37095755296735616,3.782612832217808
lightgbm,NPB,MLB,full_cross_league,MLB,Brandon Beachy,2015,-0.34400683913977503,-0.5531411072840622,0.0437371421122466
lightgbm,NPB,MLB,full_cross_league,MLB,Joe Wieland,2015,-0.5132705576347771,-0.6061443981542257,0.00862555025283197
lightgbm,NPB,MLB,full_cross_league,MLB,Alex Wood,2015,-0.524430802810271,0.1926899713938067,0.5142622047950558
lightgbm,NPB,MLB,full_cross_league,MLB,Carlos Frías,2015,-0.5267558538885002,-0.3814798375555501,0.02110512092157159
lightgbm,NPB,MLB,full_cross_league,MLB,Mike Bolsinger,2015,-0.527220864104145,-0.3473766374504913,0.03234394586065078
lightgbm,NPB,MLB,full_cross_league,MLB,Zach Lee,2015,-0.5286158947510821,-0.6844865278392485,0.024295654259305795
lightgbm,NPB,MLB,full_cross_league,MLB,Wei-Yin Chen,2015,2.3530524116047493,1.205104380833048,1.317784681352627
lightgbm,NPB,MLB,full_cross_league,MLB,Tom Koehler,2015,0.028001333376711398,1.069847445204936,1.0854433207315897
lightgbm,NPB,MLB,full_cross_league,MLB,José Fernández,2015,-0.10220152700405902,-0.2475535444699264,0.021127208981397815
lightgbm,NPB,MLB,full_cross_league,MLB,David Phelps,2015,-0.15800275288153204,-0.4289334639452204,0.0734034501974758
lightgbm,NPB,MLB,full_cross_league,MLB,Jarred Cosart,2015,-0.520710721085107,-0.5978770011875878,0.005954634784854529
lightgbm,NPB,MLB,full_cross_league,MLB,Adam Conley,2015,-0.5276858743197912,-0.35099333966439233,0.031220251802949326
lightgbm,NPB,MLB,full_cross_league,MLB,Jeremy Guthrie,2015,-0.5286158947510821,0.5921244869873583,1.2560590032592254
lightgbm,NPB,MLB,full_cross_league,MLB,Justin Nicolino,2015,-0.5286158947510821,-0.39960618498976075,0.016643505212700364
lightgbm,NPB,MLB,full_cross_league,MLB,Wily Peralta,2015,-0.10220152700405902,-0.20077903402038388,0.009717524889553578
lightgbm,NPB,MLB,full_cross_league,MLB,Jimmy Nelson,2015,-0.52586303427446,0.2546335243911794,0.6091748780889059
lightgbm,NPB,MLB,full_cross_league,MLB,Chase Anderson,2015,-0.5262536428556019,-0.21920135802347177,0.09428110562063162
lightgbm,NPB,MLB,full_cross_league,MLB,Taylor Jungmann,2015,-0.5265698498022408,-0.13298733980011634,0.15490719217957236
lightgbm,NPB,MLB,full_cross_league,MLB,Tyler Cravy,2015,-0.5280392820836811,-0.4944416237710354,0.0011288026440932919
lightgbm,NPB,MLB,full_cross_league,MLB,Ariel Peña,2015,-0.5281322841268109,-0.5549163651684158,7.173869972432591e-4
lightgbm,NPB,MLB,full_cross_league,MLB,Zach Davies,2015,-0.5286158947510821,-0.5727222061759545,0.0019453667075078316
lightgbm,NPB,MLB,full_cross_league,MLB,Tommy Milone,2015,0.214005419634955,0.08870274680034525,0.015700759819497253
lightgbm,NPB,MLB,full_cross_league,MLB,Kyle Gibson,2015,-0.513735567850423,0.8884758465035412,1.9661968505445444
lightgbm,NPB,MLB,full_cross_league,MLB,Tyler Duffey,2015,-0.5286158947510821,-0.5811016757616577,0.002754757208290105
lightgbm,NPB,MLB,full_cross_league,MLB,Bartolo Colon,2015,0.7255166568451239,2.5665841280038184,3.3895294333586703
lightgbm,NPB,MLB,full_cross_league,MLB,Matt Harvey,2015,0.181454704539762,1.120331140191038,0.8814889614212448
lightgbm,NPB,MLB,full_cross_league,MLB,Jacob deGrom,2015,-0.510108488168387,2.466636676261379,8.861011773955994
lightgbm,NPB,MLB,full_cross_league,MLB,Noah Syndergaard,2015,-0.5234310308466329,0.16664816680498765,0.47620929903150433
lightgbm,NPB,MLB,full_cross_league,MLB,Steven Matz,2015,-0.5270813610394509,-0.438088752640877,0.00791968434958193
lightgbm,NPB,MLB,full_cross_league,MLB,Nathan Eovaldi,2015,0.418609914519023,0.375927192780051,0.0018218147350465153
lightgbm,NPB,MLB,full_cross_league,MLB,Michael Pineda,2015,0.176804602383306,1.051920469931306,0.7658277816342888
lightgbm,NPB,MLB,full_cross_league,MLB,Iván Nova,2015,0.139603785131657,-0.12830069439922803,0.0717728101527144
lightgbm,NPB,MLB,full_cross_league,MLB,Luis Severino,2015,-0.5260490383607181,-0.4762579234543081,0.0024791551236233267
lightgbm,NPB,MLB,full_cross_league,MLB,Jeremy Hellickson,2015,0.679015635280563,0.18131436690417088,0.24770655254346943
lightgbm,NPB,MLB,full_cross_league,MLB,Brett Oberholtzer,2015,-0.52666285184537,-0.5364087357181827,9.49822524623511e-5
lightgbm,NPB,MLB,full_cross_league,MLB,Aaron Nola,2015,-0.5267558538885002,-0.45643164535207015,0.004945494306275304
lightgbm,NPB,MLB,full_cross_league,MLB,Jerad Eickhoff,2015,-0.527034860017887,-0.5649385641728776,0.0014366907886690485
lightgbm,NPB,MLB,full_cross_league,MLB,Alec Asher,2015,-0.5286158947510821,-0.6073541889029132,0.006199718965940278
lightgbm,NPB,MLB,full_cross_league,MLB,Severino González,2015,-0.5286158947510821,-0.5176929928238325,1.193097865123117e-4
lightgbm,NPB,MLB,full_cross_league,MLB,Adam Morgan,2015,-0.5286158947510821,-0.3806718537696314,0.021887439261921146
lightgbm,NPB,MLB,full_cross_league,MLB,Jeff Locke,2015,-0.06035060759595421,0.03869251598456812,0.00980954032858662
lightgbm,NPB,MLB,full_cross_league,MLB,Ryan Vogelsong,2015,-0.25100479601065406,1.121152689279521,1.882816164437857
lightgbm,NPB,MLB,full_cross_league,MLB,Gerrit Cole,2015,-0.5210827292576228,2.277151517588297,7.830114900221351
lightgbm,NPB,MLB,full_cross_league,MLB,Kyle Lobstein,2015,-0.5262908436728541,-0.49038514068709516,0.0012892195069015358
lightgbm,NPB,MLB,full_cross_league,MLB,Tyson Ross,2015,1.16727636170845,2.1236500355748675,0.9146506040647486
lightgbm,NPB,MLB,full_cross_league,MLB,Andrew Cashner,2015,0.7069162482192999,0.8062020277458328,0.009857666016191308
lightgbm,NPB,MLB,full_cross_league,MLB,Jeremy Guthrie,2015,-0.390507860704336,0.5921244869873583,0.9655663307300908
lightgbm,NPB,MLB,full_cross_league,MLB,Robbie Erlin,2015,-0.5269604583833841,-0.43694356519809974,0.008103041058730899
lightgbm,NPB,MLB,full_cross_league,MLB,Colin Rea,2015,-0.528113683718185,-0.5330640354443265,2.4505982212511577e-5
lightgbm,NPB,MLB,full_cross_league,MLB,Brandon Morrow,2015,-0.5286158947510821,-0.29937378272561943,0.05255194592589476
lightgbm,NPB,MLB,full_cross_league,MLB,Casey Kelly,2015,-0.5286158947510821,-0.609400560219261,0.006526162174805589
lightgbm,NPB,MLB,full_cross_league,MLB,Hisashi Iwakuma,2015,1.6090360665717802,1.478704207631287,0.016986393454884605
lightgbm,NPB,MLB,full_cross_league,MLB,Taijuan Walker,2015,-0.5246912085310331,0.20900823107246247,0.5383148676744834
lightgbm,NPB,MLB,full_cross_league,MLB,Nate Karns,2015,-0.5256026285536981,-0.15461121066032804,0.13763463215053315
lightgbm,NPB,MLB,full_cross_league,MLB,Mike Montgomery,2015,-0.527220864104145,-0.4081370982469001,0.014180943290743138
lightgbm,NPB,MLB,full_cross_league,MLB,Donn Roach,2015,-0.5286158947510821,-0.7078759872842565,0.03213418077500226
lightgbm,NPB,MLB,full_cross_league,MLB,James Paxton,2015,-0.5286158947510821,-0.37341522206982863,0.024087248800713564
lightgbm,NPB,MLB,full_cross_league,MLB,Johnny Cueto,2015,3.4070756290694995,1.5805867670885343,3.3360615629405213
lightgbm,NPB,MLB,full_cross_league,MLB,Jeff Samardzija,2015,2.72506058412124,1.135628934921643,2.52629296747735
lightgbm,NPB,MLB,full_cross_league,MLB,Chris Heston,2015,-0.524430802810271,0.20758745770000261,0.5358507337204869
lightgbm,NPB,MLB,full_cross_league,MLB,Mike Leake,2015,2.3530524116047493,0.4622158149776498,3.5752630351443524
lightgbm,NPB,MLB,full_cross_league,MLB,Carlos Martínez,2015,-0.5227567660339469,1.6365312730861596,4.662524835887154
lightgbm,NPB,MLB,full_cross_league,MLB,Michael Wacha,2015,-0.5227567660339469,0.8305178284469771,1.8313521280675091
lightgbm,NPB,MLB,full_cross_league,MLB,Jerome Williams,2015,-0.5286158947510821,0.7387381867217758,1.6061863678259114
lightgbm,NPB,MLB,full_cross_league,MLB,Drew Smyly,2015,0.07450235494127233,-0.2098425202657748,0.08085200805651119
lightgbm,NPB,MLB,full_cross_league,MLB,Erasmo Ramírez,2015,-0.18125326366381198,-0.03289412211950176,0.02201043487976467
lightgbm,NPB,MLB,full_cross_league,MLB,Chase Whitley,2015,-0.525449175182535,-0.5670533808324884,0.0017309099277636123
lightgbm,NPB,MLB,full_cross_league,MLB,Jake Odorizzi,2015,-0.5261606408124729,0.1442669327329021,0.4494731313699393
lightgbm,NPB,MLB,full_cross_league,MLB,Colby Lewis,2015,0.49301154902232,2.330195319237016,3.375244205540286
lightgbm,NPB,MLB,full_cross_league,MLB,Nick Martinez,2015,-0.526441506982723,-0.4993896094611278,7.318051595188857e-4
lightgbm,NPB,MLB,full_cross_league,MLB,Anthony Ranaudo,2015,-0.5282438865785651,-0.6304698050091572,0.010450138398978057
lightgbm,NPB,MLB,full_cross_league,MLB,Chi Chi González,2015,-0.5282438865785651,-0.6138585161721555,0.007329864800447675
lightgbm,NPB,MLB,full_cross_league,MLB,Kyle Lohse,2015,-0.5286158947510821,1.0812209339085475,2.591574614908893
lightgbm,NPB,MLB,full_cross_league,MLB,J.A. Happ,2015,1.6090360665717802,0.5572686750444745,1.1062146458801525
lightgbm,NPB,MLB,full_cross_league,MLB,Marco Estrada,2015,1.79504015283002,0.7762626532943584,1.037907593560135
lightgbm,NPB,MLB,full_cross_league,MLB,Jesse Chavez,2015,0.12100337650583301,0.6376457389527634,0.2669193306747454
lightgbm,NPB,MLB,full_cross_league,MLB,Drew Hutchison,2015,-0.213803978759005,-0.48261448595623957,0.07225908877963448
lightgbm,NPB,MLB,full_cross_league,MLB,Marcus Stroman,2015,-0.527053460426513,-0.5621611635816849,0.0012325508208316646
lightgbm,NPB,MLB,full_cross_league,MLB,Stephen Strasburg,2015,1.31142952855859,0.9249174241330077,0.1493916068674922
lightgbm,NPB,MLB,full_cross_league,MLB,Joe Ross,2015,-0.5273324665558999,-0.42299585777462656,0.010886127931976493
lightgbm,NPB,MLB,full_cross_league,MLB,Mat Latos,2015,-0.5286158947510821,-0.059688704736673134,0.21989270953480955
lightgbm,NPB,MLB,full_cross_league,MLB,Shelby Miller,2016,0.251206236886604,-0.21213421692627787,0.21468437613952732
lightgbm,NPB,MLB,full_cross_league,MLB,Patrick Corbin,2016,0.111703172192921,0.20302738369500856,0.008340111606478021
lightgbm,NPB,MLB,full_cross_league,MLB,Taijuan Walker,2016,-0.20450377444609302,-0.2386897886174108,0.00116868356492154
lightgbm,NPB,MLB,full_cross_league,MLB,Jorge De La Rosa,2016,-0.20450377444609302,0.7398122294195476,0.8917327151567727
lightgbm,NPB,MLB,full_cross_league,MLB,Robbie Ray,2016,-0.5169162377254379,0.0036035523723406465,0.2709408518834355
lightgbm,NPB,MLB,full_cross_league,MLB,Archie Bradley,2016,-0.52180814519403,-0.36634101707429895,0.024170027925796856
lightgbm,NPB,MLB,full_cross_league,MLB,Braden Shipley,2016,-0.52350078237898,-0.4738127870553711,0.0024688968792789803
lightgbm,NPB,MLB,full_cross_league,MLB,Jake Buchanan,2016,-0.52350078237898,-0.6197430597339111,0.009262575950463477
lightgbm,NPB,MLB,full_cross_league,MLB,Sonny Gray,2016,0.041951639846079705,-0.13856552823210758,0.032586447970968525
lightgbm,NPB,MLB,full_cross_league,MLB,Kendall Graveman,2016,-0.521640741516398,0.7761253445452386,1.6841968141317394
lightgbm,NPB,MLB,full_cross_league,MLB,Chris Bassitt,2016,-0.5225707619476888,-0.5280655956214343,3.0193197102127253e-5
lightgbm,NPB,MLB,full_cross_league,MLB,Daniel Mengden,2016,-0.5230357721633351,-0.30713697359613007,0.046612291222762565
lightgbm,NPB,MLB,full_cross_league,MLB,Sean Manaea,2016,-0.5230357721633351,-0.38933887389516,0.017874860606530762
lightgbm,NPB,MLB,full_cross_league,MLB,Jharel Cotton,2016,-0.52350078237898,-0.5137882319626431,9.433363558988601e-5
lightgbm,NPB,MLB,full_cross_league,MLB,Raúl Alcantara,2016,-0.52350078237898,-0.43065654560484723,0.00862005230217123
lightgbm,NPB,MLB,full_cross_league,MLB,Jesse Hahn,2016,-0.52350078237898,-0.5447590356059312,4.5191333026118046e-4
lightgbm,NPB,MLB,full_cross_league,MLB,R.A. Dickey,2016,0.8650197215388071,1.5354366207535728,0.44945881875274124
lightgbm,NPB,MLB,full_cross_league,MLB,John Danks,2016,-0.34400683913977503,-0.06758470841328368,0.07640919435537348
lightgbm,NPB,MLB,full_cross_league,MLB,Kris Medlen,2016,-0.4370088822688971,-0.2713024858048483,0.027458609829100537
lightgbm,NPB,MLB,full_cross_league,MLB,Mike Foltynewicz,2016,-0.5218267456026559,-0.360445564798303,0.026043885517807234
lightgbm,NPB,MLB,full_cross_league,MLB,Matt Wisler,2016,-0.52350078237898,0.08708284947151824,0.3728123714837448
lightgbm,NPB,MLB,full_cross_league,MLB,Aaron Blair,2016,-0.52350078237898,-0.5125721305298054,1.1943543124046686e-4
lightgbm,NPB,MLB,full_cross_league,MLB,Chris Tillman,2016,1.24632809836821,0.6768039661405028,0.32435773718972283
lightgbm,NPB,MLB,full_cross_league,MLB,Kevin Gausman,2016,0.0187011290637993,0.4054896995188137,0.14960539823463365
lightgbm,NPB,MLB,full_cross_league,MLB,Tyler Wilson,2016,-0.521640741516398,-0.3796057548613367,0.02017393743410346
lightgbm,NPB,MLB,full_cross_league,MLB,Alec Asher,2016,-0.52350078237898,-0.718893131008938,0.03817816990313106
lightgbm,NPB,MLB,full_cross_league,MLB,Drew Pomeranz,2016,0.20470521532204303,0.7233056229069132,0.26894638274719357
lightgbm,NPB,MLB,full_cross_league,MLB,Steven Wright,2016,-0.5126195433328731,0.6899871008660468,1.4462627406713873
lightgbm,NPB,MLB,full_cross_league,MLB,Eduardo Rodríguez,2016,-0.514293580109197,-0.44150141356624656,0.005298699510016635
lightgbm,NPB,MLB,full_cross_league,MLB,Jake Arrieta,2016,2.2856259303361397,2.574120368717437,0.08322904097694027
lightgbm,NPB,MLB,full_cross_league,MLB,Kyle Hendricks,2016,-0.48155686092774613,1.502809829414294,3.937711161739022
lightgbm,NPB,MLB,full_cross_league,MLB,Eddie Butler,2016,-0.52350078237898,-0.3880817054849544,0.018338326386830018
lightgbm,NPB,MLB,full_cross_league,MLB,Miguel González,2016,0.474411140396496,0.6642762819239107,0.03604877196722523
lightgbm,NPB,MLB,full_cross_league,MLB,Carlos Rodón,2016,-0.511410516772194,0.4531089721789019,0.9302978445664831
lightgbm,NPB,MLB,full_cross_league,MLB,Lucas Giolito,2016,-0.52350078237898,-0.5932809165532519,0.004869267125379385
lightgbm,NPB,MLB,full_cross_league,MLB,Mike Pelfrey,2016,-0.52350078237898,0.16183098016962874,0.46967962475798264
lightgbm,NPB,MLB,full_cross_league,MLB,Reynaldo López,2016,-0.52350078237898,-0.5689083044060752,0.002061843056641135
lightgbm,NPB,MLB,full_cross_league,MLB,Anthony DeSclafani,2016,-0.5142005780660679,-0.02904831001351444,0.23537272319653668
lightgbm,NPB,MLB,full_cross_league,MLB,Brandon Finnegan,2016,-0.5175486516187161,-0.5389992649531845,4.601288124248737e-4
lightgbm,NPB,MLB,full_cross_league,MLB,Cody Reed,2016,-0.523128774206464,-0.537033281041299,1.9333531031997373e-4
lightgbm,NPB,MLB,full_cross_league,MLB,Robert Stephenson,2016,-0.52350078237898,-0.5491441621986346,6.575829285750682e-4
lightgbm,NPB,MLB,full_cross_league,MLB,Tim Adleman,2016,-0.52350078237898,-0.12084558630389193,0.16213120692626765
lightgbm,NPB,MLB,full_cross_league,MLB,Trevor Bauer,2016,0.0373015376896236,0.636864188179676,0.35947537186265677
lightgbm,NPB,MLB,full_cross_league,MLB,Danny Salazar,2016,0.00940092475088708,0.9618119215019719,0.907086706732395
lightgbm,NPB,MLB,full_cross_league,MLB,Mike Clevinger,2016,-0.52350078237898,-0.5722141653620711,0.002372993681657313
lightgbm,NPB,MLB,full_cross_league,MLB,Tyler Chatwood,2016,0.19540501100913002,0.010144525329884822,0.03432144755410981
lightgbm,NPB,MLB,full_cross_league,MLB,Chad Bettis,2016,-0.521640741516398,1.2564458407507473,3.1615918940384575
lightgbm,NPB,MLB,full_cross_league,MLB,Jon Gray,2016,-0.5225707619476888,0.7861999883745936,1.7128808768991504
lightgbm,NPB,MLB,full_cross_league,MLB,Tyler Anderson,2016,-0.5225707619476888,-0.3689888233639671,0.02358741185913407
lightgbm,NPB,MLB,full_cross_league,MLB,Germán Márquez,2016,-0.523128774206464,-0.538039870646332,2.2234079703904378e-4
lightgbm,NPB,MLB,full_cross_league,MLB,Jeff Hoffman,2016,-0.52350078237898,-0.5510406758131384,7.584457303648017e-4
lightgbm,NPB,MLB,full_cross_league,MLB,Michael Fulmer,2016,-0.5203573133212159,-0.21303315307299345,0.09444813947227515
lightgbm,NPB,MLB,full_cross_league,MLB,Daniel Norris,2016,-0.5215477394732689,-0.3637482847304746,0.024900667917123198
lightgbm,NPB,MLB,full_cross_league,MLB,Matthew Boyd,2016,-0.521789544785404,-0.41023512533427325,0.012444388499078808
lightgbm,NPB,MLB,full_cross_league,MLB,Charlie Morton,2016,0.679015635280563,0.18898968251334278,0.2401254343854219
lightgbm,NPB,MLB,full_cross_league,MLB,Dallas Keuchel,2016,1.07892442073579,0.521721323403563,0.3104752916766272
lightgbm,NPB,MLB,full_cross_league,MLB,Collin McHugh,2016,0.0931027635670966,1.529689936903651,2.063782706595111
lightgbm,NPB,MLB,full_cross_league,MLB,Joe Musgrove,2016,-0.521938348054411,-0.545653274540673,5.623977382488136e-4
lightgbm,NPB,MLB,full_cross_league,MLB,Brad Peacock,2016,-0.522291755818302,-0.31566196716579903,0.04269586955857805
lightgbm,NPB,MLB,full_cross_league,MLB,Danny Duffy,2016,1.79504015283002,1.5352865814183185,0.06747191786113386
lightgbm,NPB,MLB,full_cross_league,MLB,Jason Hammel,2016,0.8650197215388071,2.123905369279783,1.5847930740882161
lightgbm,NPB,MLB,full_cross_league,MLB,Nate Karns,2016,-0.5168046352736831,-0.18256476370368235,0.11171629174713062
lightgbm,NPB,MLB,full_cross_league,MLB,Garrett Richards,2016,0.651115022341827,-0.26314852079500745,0.8358778263091183
lightgbm,NPB,MLB,full_cross_league,MLB,Matt Shoemaker,2016,-0.004549381718481162,1.5512899109646536,2.4206359046567574
lightgbm,NPB,MLB,full_cross_league,MLB,Bud Norris,2016,-0.29750581757521505,-0.14200638500820964,0.024180073528660664
lightgbm,NPB,MLB,full_cross_league,MLB,Doug Fister,2016,-0.29750581757521505,1.0807193834078954,1.8995047046249351
lightgbm,NPB,MLB,full_cross_league,MLB,Tyler Skaggs,2016,-0.5197807006538151,-0.5167515245483659,9.175907877824212e-6
lightgbm,NPB,MLB,full_cross_league,MLB,Andrew Heaney,2016,-0.5220127496889139,-0.6034651715455249,0.006634497026307331
lightgbm,NPB,MLB,full_cross_league,MLB,Nick Tropeano,2016,-0.5221057517320429,-0.342820924145111,0.032143049402875885
lightgbm,NPB,MLB,full_cross_league,MLB,Alex Meyer,2016,-0.52350078237898,-0.40646879443730016,0.013696486201581497
lightgbm,NPB,MLB,full_cross_league,MLB,Daniel Wright,2016,-0.52350078237898,-0.5983376674341823,0.005600559364765554
lightgbm,NPB,MLB,full_cross_league,MLB,Rich Hill,2016,2.3530524116047493,2.1273451588624384,0.05094376394048144
lightgbm,NPB,MLB,full_cross_league,MLB,Alex Wood,2016,-0.10220152700405902,-0.4994574705656935,0.15781228469504455
lightgbm,NPB,MLB,full_cross_league,MLB,Ross Stripling,2016,-0.5225707619476888,-0.3816254643550332,0.019865576913482254
lightgbm,NPB,MLB,full_cross_league,MLB,Julio Urías,2016,-0.5225707619476888,-0.470316572903017,0.0027305002727163012
lightgbm,NPB,MLB,full_cross_league,MLB,Brock Stewart,2016,-0.5230357721633351,-0.5224719174799641,3.179321039593494e-7
lightgbm,NPB,MLB,full_cross_league,MLB,Edinson Vólquez,2016,1.4230319803135398,1.142237824985401,0.07884535766644293
lightgbm,NPB,MLB,full_cross_league,MLB,Tom Koehler,2016,0.44651052745775904,0.6859634331252977,0.05733769403262718
lightgbm,NPB,MLB,full_cross_league,MLB,Jeff Locke,2016,-0.06500070975241032,-0.2848320814330213,0.04832583197497893
lightgbm,NPB,MLB,full_cross_league,MLB,Dan Straily,2016,-0.520320112503964,1.1260629744213244,2.710577268913642
lightgbm,NPB,MLB,full_cross_league,MLB,Adam Conley,2016,-0.5230357721633351,-0.41284190113322383,0.012142689212600791
lightgbm,NPB,MLB,full_cross_league,MLB,Justin Nicolino,2016,-0.52350078237898,-0.44304770768666357,0.006472697227447448
lightgbm,NPB,MLB,full_cross_league,MLB,Wily Peralta,2016,0.17215450022684997,0.19813729664102178,6.751057095002995e-4
lightgbm,NPB,MLB,full_cross_league,MLB,Chase Anderson,2016,-0.16730295719444402,0.05773290070190787,0.05064113733914708
lightgbm,NPB,MLB,full_cross_league,MLB,Tommy Milone,2016,-0.390507860704336,-0.32715149139642724,0.004014029531880126
lightgbm,NPB,MLB,full_cross_league,MLB,Jimmy Nelson,2016,-0.5212687333438811,0.36724021360647213,0.7894481488108258
lightgbm,NPB,MLB,full_cross_league,MLB,Junior Guerra,2016,-0.521417536612888,0.6937400900708361,1.4766080576876208
lightgbm,NPB,MLB,full_cross_league,MLB,Zach Davies,2016,-0.521417536612888,-0.1265486017367976,0.15592147573017814
lightgbm,NPB,MLB,full_cross_league,MLB,Taylor Jungmann,2016,-0.5230171717547089,-0.4638631251270628,0.0034992012324257245
lightgbm,NPB,MLB,full_cross_league,MLB,Héctor Santiago,2016,0.8650197215388071,0.15409832133832768,0.5054092372630102
lightgbm,NPB,MLB,full_cross_league,MLB,Kyle Gibson,2016,-0.08360111837823461,0.08935886269797286,0.029915155053882047
lightgbm,NPB,MLB,full_cross_league,MLB,Nick Tepesch,2016,-0.4370088822688971,-0.541691674699778,0.010958487031126887
lightgbm,NPB,MLB,full_cross_league,MLB,Tyler Duffey,2016,-0.5221057517320429,-0.019312037563987073,0.25280151900690867
lightgbm,NPB,MLB,full_cross_league,MLB,Tim Melville,2016,-0.52350078237898,-0.593253374426208,0.004865424097307007
lightgbm,NPB,MLB,full_cross_league,MLB,Bartolo Colon,2016,-0.52350078237898,2.7045347110047926,10.420213146545416
lightgbm,NPB,MLB,full_cross_league,MLB,José Berríos,2016,-0.52350078237898,-0.4654238904087771,0.0033729253809186223
lightgbm,NPB,MLB,full_cross_league,MLB,Matt Harvey,2016,0.33025797354635694,-0.2050802590058428,0.28658702323211316
lightgbm,NPB,MLB,full_cross_league,MLB,Jacob deGrom,2016,0.130303580818745,-0.005956083956417241,0.01856669624463959
lightgbm,NPB,MLB,full_cross_league,MLB,Noah Syndergaard,2016,-0.510387494297774,2.6097328229946424,9.735150794380928
lightgbm,NPB,MLB,full_cross_league,MLB,Steven Matz,2016,-0.5184321710284429,-0.46540393983080214,0.0028119933039504365
lightgbm,NPB,MLB,full_cross_league,MLB,Robert Gsellman,2016,-0.522245254796737,-0.5129367087398035,8.664902969405299e-5
lightgbm,NPB,MLB,full_cross_league,MLB,Michael Pineda,2016,0.7534172697838608,0.22024781917277497,0.284269663064927
lightgbm,NPB,MLB,full_cross_league,MLB,Luis Severino,2016,-0.520529367101005,-0.4253318561531498,0.009062566090667004
lightgbm,NPB,MLB,full_cross_league,MLB,Bryan Mitchell,2016,-0.5205944685311951,-0.6281700396560091,0.011572503502829934
lightgbm,NPB,MLB,full_cross_league,MLB,Chad Green,2016,-0.52350078237898,-0.4286968963202126,0.00898777681184376
lightgbm,NPB,MLB,full_cross_league,MLB,Luis Cessa,2016,-0.52350078237898,-0.3523093950322838,0.029306491101686576
lightgbm,NPB,MLB,full_cross_league,MLB,Jeremy Hellickson,2016,2.5762573151146495,1.5796288390462319,0.9932683193104566
lightgbm,NPB,MLB,full_cross_league,MLB,Jerad Eickhoff,2016,-0.52033871291259,1.38299892879269,3.622694178332217
lightgbm,NPB,MLB,full_cross_league,MLB,Vince Velasquez,2016,-0.5212687333438811,-0.12875564147493226,0.1540665272885219
lightgbm,NPB,MLB,full_cross_league,MLB,Aaron Nola,2016,-0.5218267456026559,-0.3875062797073951,0.018041987558319907
lightgbm,NPB,MLB,full_cross_league,MLB,Adam Morgan,2016,-0.5227567660339469,-0.14878124342271878,0.1398576915123412
lightgbm,NPB,MLB,full_cross_league,MLB,Zach Eflin,2016,-0.523128774206464,-0.21689481686579576,0.0937792366285262
lightgbm,NPB,MLB,full_cross_league,MLB,Jake Thompson,2016,-0.52350078237898,-0.5522484034770286,8.264257187969705e-4
lightgbm,NPB,MLB,full_cross_league,MLB,Iván Nova,2016,0.9890225077123308,1.002291535139045,1.7606708885089094e-4
lightgbm,NPB,MLB,full_cross_league,MLB,Gerrit Cole,2016,0.07450235494127233,0.042616878042916376,0.0010166836370355914
lightgbm,NPB,MLB,full_cross_league,MLB,Jameson Taillon,2016,-0.5196876986106861,-0.6955598884644322,0.03093102716395211
lightgbm,NPB,MLB,full_cross_league,MLB,Chad Kuhl,2016,-0.520710721085107,-0.38934402840116755,0.01725720794671658
lightgbm,NPB,MLB,full_cross_league,MLB,Tyler Glasnow,2016,-0.5223847578614309,-0.5272803577354339,2.396689812633828e-5
lightgbm,NPB,MLB,full_cross_league,MLB,Steven Brault,2016,-0.52350078237898,-0.5354176479805978,1.4201168576702047e-4
lightgbm,NPB,MLB,full_cross_league,MLB,Christian Friedrich,2016,-0.29006565412488505,-0.42478800857352617,0.01815011278818529
lightgbm,NPB,MLB,full_cross_league,MLB,Jhoulys Chacín,2016,-0.29750581757521505,-0.2087014344860586,0.007886218455845655
lightgbm,NPB,MLB,full_cross_league,MLB,Jarred Cosart,2016,-0.5176788544790972,-0.35891481236559747,0.025206021068217125
lightgbm,NPB,MLB,full_cross_league,MLB,Colin Rea,2016,-0.521491938247391,-0.40072574530847827,0.014584473356958706
lightgbm,NPB,MLB,full_cross_league,MLB,Robbie Erlin,2016,-0.5215477394732689,-0.5136082019174639,6.303625660003819e-5
lightgbm,NPB,MLB,full_cross_league,MLB,Luis Perdomo,2016,-0.5217709443767791,-0.35916770251773816,0.026439814263069752
lightgbm,NPB,MLB,full_cross_league,MLB,Jake Esch,2016,-0.52350078237898,-0.5537782140528072,9.167228687632768e-4
lightgbm,NPB,MLB,full_cross_league,MLB,Drew Smyly,2016,0.651115022341827,-0.051232330819669845,0.4932918044929604
lightgbm,NPB,MLB,full_cross_league,MLB,James Paxton,2016,-0.18590336582026804,-0.3273657101499397,0.02001159486324659
lightgbm,NPB,MLB,full_cross_league,MLB,Aríel Miranda,2016,-0.5224777599045599,-0.44895112356845074,0.00540616625090245
lightgbm,NPB,MLB,full_cross_league,MLB,Rob Whalen,2016,-0.5230357721633351,-0.5892035130572336,0.0043781699350020934
lightgbm,NPB,MLB,full_cross_league,MLB,Dillon Overton,2016,-0.5232031758409668,-0.495348104321288,7.759050093664185e-4
lightgbm,NPB,MLB,full_cross_league,MLB,Ty Blach,2016,-0.5232217762495932,-0.6673090137893752,0.020761132021845572
lightgbm,NPB,MLB,full_cross_league,MLB,Albert Suárez,2016,-0.52350078237898,-0.260664028811317,0.06908315902598841
lightgbm,NPB,MLB,full_cross_league,MLB,Carlos Martínez,2016,1.27422871130694,1.168463814859502,0.01118621332053729
lightgbm,NPB,MLB,full_cross_league,MLB,Michael Wacha,2016,-0.10685162916051501,-0.5177273281036314,0.16881883998199446
lightgbm,NPB,MLB,full_cross_league,MLB,Luke Weaver,2016,-0.52350078237898,-0.47300581212194637,0.0025497420212587125
lightgbm,NPB,MLB,full_cross_league,MLB,Alex Cobb,2016,0.15820419375748207,-0.539784930200255,0.4871888171632892
lightgbm,NPB,MLB,full_cross_league,MLB,Jake Odorizzi,2016,0.139603785131657,0.569878382659756,0.18513622927796758
lightgbm,NPB,MLB,full_cross_league,MLB,Nathan Eovaldi,2016,-0.25100479601065406,-0.20768927025401504,0.0018762347715740586
lightgbm,NPB,MLB,full_cross_league,MLB,Blake Snell,2016,-0.521640741516398,-0.5661286279472715,0.001979172039086292
lightgbm,NPB,MLB,full_cross_league,MLB,José De León,2016,-0.5233891799272248,-0.6211484287553533,0.009556870731439938
lightgbm,NPB,MLB,full_cross_league,MLB,Matt Andriese,2016,-0.52350078237898,-0.30417526588518184,0.048103682185271335
lightgbm,NPB,MLB,full_cross_league,MLB,Andrew Cashner,2016,1.23702789405529,-0.14884057823267513,1.9206314224817782
lightgbm,NPB,MLB,full_cross_league,MLB,A.J. Griffin,2016,-0.25100479601065406,-0.08898917397774522,0.026249061782710376
lightgbm,NPB,MLB,full_cross_league,MLB,Chi Chi González,2016,-0.523128774206464,-0.6698216522189362,0.021518800459582054
lightgbm,NPB,MLB,full_cross_league,MLB,Marcus Stroman,2016,0.00940092475088708,0.5586811123850856,0.30170872452746034
lightgbm,NPB,MLB,full_cross_league,MLB,Mat Latos,2016,-0.34400683913977503,-0.2804561053015511,0.004038695771376784
lightgbm,NPB,MLB,full_cross_league,MLB,Mike Bolsinger,2016,-0.5215105386560169,-0.40846214665423514,0.012779938934188523
lightgbm,NPB,MLB,full_cross_league,MLB,Brett Anderson,2016,-0.52350078237898,-0.533711187662111,1.0425237604578936e-4
lightgbm,NPB,MLB,full_cross_league,MLB,Lucas Harrell,2016,-0.52350078237898,-0.23551899521351116,0.0829335097390174
lightgbm,NPB,MLB,full_cross_league,MLB,Aaron Sanchez,2016,-0.52350078237898,0.8783424673267972,1.9651644967456543
lightgbm,NPB,MLB,full_cross_league,MLB,Stephen Strasburg,2016,4.027089187928949,1.6411417392877863,5.692745227677274
lightgbm,NPB,MLB,full_cross_league,MLB,Tanner Roark,2016,0.17959466367718002,1.3989888396722512,1.486922156450699
lightgbm,NPB,MLB,full_cross_league,MLB,Edwin Jackson,2016,-0.4370088822688971,-0.4144243181312345,5.10062537288197e-4
lightgbm,NPB,MLB,full_cross_league,MLB,Joe Ross,2016,-0.5205247169988481,-0.46894935632099544,0.0026600178290505866
lightgbm,NPB,MLB,full_cross_league,MLB,A.J. Cole,2016,-0.52350078237898,-0.5826903659083241,0.003503406798377204
lightgbm,NPB,MLB,full_cross_league,MLB,Patrick Corbin,2017,0.772017678409685,1.2689791399127244,0.24697069421923684
lightgbm,NPB,MLB,full_cross_league,MLB,Shelby Miller,2017,0.288407054138252,-0.5124292559099966,0.6413387954916944
lightgbm,NPB,MLB,full_cross_league,MLB,Taijuan Walker,2017,0.27445674766888406,-0.16609470493848155,0.19408558239445992
lightgbm,NPB,MLB,full_cross_league,MLB,Robbie Ray,2017,0.111703172192921,1.5015351172254094,1.9316328354327903
lightgbm,NPB,MLB,full_cross_league,MLB,Clay Buchholz,2017,-0.34400683913977503,-0.4902687345421867,0.021392542046706018
lightgbm,NPB,MLB,full_cross_league,MLB,Zack Godley,2017,-0.5152794017663659,0.33337709509001917,0.7202178496565514
lightgbm,NPB,MLB,full_cross_league,MLB,Brett Anderson,2017,0.12100337650583301,-0.31934338062084816,0.1939052665119843
lightgbm,NPB,MLB,full_cross_league,MLB,Kendall Graveman,2017,-0.184043324957686,-0.29370035587817084,0.01202466443029617
lightgbm,NPB,MLB,full_cross_league,MLB,Trevor Cahill,2017,-0.34400683913977503,0.03410858278081892,0.14297127229418877
lightgbm,NPB,MLB,full_cross_league,MLB,Edwin Jackson,2017,-0.34400683913977503,-0.6257954968528042,0.07940484761571072
lightgbm,NPB,MLB,full_cross_league,MLB,Jharel Cotton,2017,-0.520710721085107,-0.08511505706658017,0.18974358251174128
lightgbm,NPB,MLB,full_cross_league,MLB,Sean Manaea,2017,-0.520710721085107,0.19078935876170483,0.5062323636220196
lightgbm,NPB,MLB,full_cross_league,MLB,Andrew Triggs,2017,-0.520710721085107,-0.33477271342989245,0.03457294269079061
lightgbm,NPB,MLB,full_cross_league,MLB,Paul Blackburn,2017,-0.521175731300752,-0.47806672346758416,0.0018583865563601267
lightgbm,NPB,MLB,full_cross_league,MLB,Daniel Gossett,2017,-0.521175731300752,-0.36521270012314727,0.024324467094106506
lightgbm,NPB,MLB,full_cross_league,MLB,Daniel Mengden,2017,-0.521175731300752,-0.38583910123988513,0.018316003436231937
lightgbm,NPB,MLB,full_cross_league,MLB,Mike Foltynewicz,2017,-0.213803978759005,-0.27094296059686773,0.003264863245467607
lightgbm,NPB,MLB,full_cross_league,MLB,Aníbal Sánchez,2017,-0.4370088822688971,0.4249781130173579,0.7430215800426262
lightgbm,NPB,MLB,full_cross_league,MLB,Luiz Gohara,2017,-0.5197807006538151,-0.37937622505969343,0.01971341676686031
lightgbm,NPB,MLB,full_cross_league,MLB,Sean Newcomb,2017,-0.5197807006538151,-0.41181730830470886,0.01165609408752705
lightgbm,NPB,MLB,full_cross_league,MLB,Lucas Sims,2017,-0.521640741516398,-0.6399009342713396,0.013985473190435941
lightgbm,NPB,MLB,full_cross_league,MLB,Alex Cobb,2017,2.0275452606528304,1.035909651098769,0.9833411821356547
lightgbm,NPB,MLB,full_cross_league,MLB,Andrew Cashner,2017,0.8650197215388071,0.47703552178557934,0.15053173925815255
lightgbm,NPB,MLB,full_cross_league,MLB,Kevin Gausman,2017,0.418609914519023,1.0338409283834067,0.3785092004205975
lightgbm,NPB,MLB,full_cross_league,MLB,Dylan Bundy,2017,-0.3179662670636211,0.18357265799069808,0.251541293344642
lightgbm,NPB,MLB,full_cross_league,MLB,Drew Pomeranz,2017,0.958021764667928,1.2935909872435742,0.11260670314002362
lightgbm,NPB,MLB,full_cross_league,MLB,Eduardo Rodríguez,2017,-0.18125326366381198,-0.5586052651858119,0.1423945330526594
lightgbm,NPB,MLB,full_cross_league,MLB,Steven Wright,2017,-0.4184084736430731,-0.15585242445913516,0.06893567896307844
lightgbm,NPB,MLB,full_cross_league,MLB,Brian Johnson,2017,-0.5210827292576228,-0.4049356062866033,0.01349015417444512
lightgbm,NPB,MLB,full_cross_league,MLB,Yu Darvish,2017,3.283072842895971,2.3685724548815394,0.8363109596785459
lightgbm,NPB,MLB,full_cross_league,MLB,Tyler Chatwood,2017,1.7330388527452998,-0.2330689392208566,3.865579849630035
lightgbm,NPB,MLB,full_cross_league,MLB,Kyle Hendricks,2017,0.15355409160102604,-0.11644264456037678,0.07289823753781018
lightgbm,NPB,MLB,full_cross_league,MLB,Eddie Butler,2017,-0.516851136295248,-0.5533344765915161,0.0013310341191732995
lightgbm,NPB,MLB,full_cross_league,MLB,Jaime García,2017,-0.521640741516398,0.49788373001615016,1.0394301480537218
lightgbm,NPB,MLB,full_cross_league,MLB,Jen-Ho Tseng,2017,-0.521640741516398,-0.5824561029507741,0.0036985081863937933
lightgbm,NPB,MLB,full_cross_league,MLB,Miguel González,2017,0.26050644119951605,1.2869091971436717,1.0535026174097581
lightgbm,NPB,MLB,full_cross_league,MLB,Carlos Rodón,2017,-0.195203570133181,-0.4050724359880192,0.044044940855196064
lightgbm,NPB,MLB,full_cross_league,MLB,Héctor Santiago,2017,-0.25100479601065406,-0.24101802622433338,9.973557076496763e-5
lightgbm,NPB,MLB,full_cross_league,MLB,Lucas Giolito,2017,-0.5197807006538151,-0.4420899821446922,0.006035847742463772
lightgbm,NPB,MLB,full_cross_league,MLB,Reynaldo López,2017,-0.5197807006538151,-0.5195418179854453,5.706492924747573e-8
lightgbm,NPB,MLB,full_cross_league,MLB,Carson Fulmer,2017,-0.52033871291259,-0.5621882999638119,0.0017513879363577982
lightgbm,NPB,MLB,full_cross_league,MLB,Dylan Covey,2017,-0.521640741516398,-0.6881079001377497,0.02771131489946625
lightgbm,NPB,MLB,full_cross_league,MLB,Tyler Danish,2017,-0.521640741516398,-0.5217823451001311,2.0051574926043482e-8
lightgbm,NPB,MLB,full_cross_league,MLB,Vance Worley,2017,-0.34400683913977503,-0.2585296731005887,0.007306345914090626
lightgbm,NPB,MLB,full_cross_league,MLB,Brandon Finnegan,2017,-0.515595608713005,-0.680293707785524,0.027125463838101275
lightgbm,NPB,MLB,full_cross_league,MLB,Luis Castillo,2017,-0.5197807006538151,-0.2998314390264642,0.048377677690416857
lightgbm,NPB,MLB,full_cross_league,MLB,Rookie Davis,2017,-0.521640741516398,-0.537629464832958,2.5563927329350886e-4
lightgbm,NPB,MLB,full_cross_league,MLB,Jackson Stephens,2017,-0.521640741516398,-0.6357576018898655,0.013022657821497469
lightgbm,NPB,MLB,full_cross_league,MLB,Amir Garrett,2017,-0.521640741516398,-0.4495875206656334,0.005191666634969066
lightgbm,NPB,MLB,full_cross_league,MLB,Sal Romano,2017,-0.521640741516398,-0.539360324785065,3.139836312152221e-4
lightgbm,NPB,MLB,full_cross_league,MLB,Tyler Mahle,2017,-0.521640741516398,-0.5744657547073361,0.0027904820186227756
lightgbm,NPB,MLB,full_cross_league,MLB,Trevor Bauer,2017,0.590663694307898,1.5726677228878532,0.9643319121472614
lightgbm,NPB,MLB,full_cross_league,MLB,Danny Salazar,2017,0.30700746276407703,-0.3037219737984671,0.37299044468400266
lightgbm,NPB,MLB,full_cross_league,MLB,Adam Wilk,2017,-0.518850680222524,-0.4546621040761172,0.004120173307703067
lightgbm,NPB,MLB,full_cross_league,MLB,Mike Clevinger,2017,-0.519129686351912,0.922533466316942,2.0783926457631
lightgbm,NPB,MLB,full_cross_league,MLB,Ryan Merritt,2017,-0.521491938247391,-0.6006730120297732,0.006269642445331046
lightgbm,NPB,MLB,full_cross_league,MLB,Chad Bettis,2017,-0.25100479601065406,-0.4626915134261613,0.044811266330152824
lightgbm,NPB,MLB,full_cross_league,MLB,Jon Gray,2017,-0.5197807006538151,0.7136783450427203,1.5214212174106077
lightgbm,NPB,MLB,full_cross_league,MLB,Tyler Anderson,2017,-0.5197807006538151,-0.37085445753820173,0.022179025888530778
lightgbm,NPB,MLB,full_cross_league,MLB,Kyle Freeland,2017,-0.520710721085107,-0.17328887675622556,0.1207019379168815
lightgbm,NPB,MLB,full_cross_league,MLB,Germán Márquez,2017,-0.520710721085107,-0.17531286032989166,0.11929968221427908
lightgbm,NPB,MLB,full_cross_league,MLB,Antonio Senzatela,2017,-0.521640741516398,-0.28938404433929027,0.053943173383618745
lightgbm,NPB,MLB,full_cross_league,MLB,Jeff Hoffman,2017,-0.521640741516398,-0.47014775869529596,0.0026515272798143157
lightgbm,NPB,MLB,full_cross_league,MLB,Michael Fulmer,2017,-0.5160234181113991,0.2888493323029447,0.6478201443595506
lightgbm,NPB,MLB,full_cross_league,MLB,Matthew Boyd,2017,-0.5184786720500081,-0.17373364783923376,0.11884913171808739
lightgbm,NPB,MLB,full_cross_league,MLB,Daniel Norris,2017,-0.518590274501763,-0.498955754251094,3.8551438547393006e-4
lightgbm,NPB,MLB,full_cross_league,MLB,Buck Farmer,2017,-0.5198179014710669,-0.30874078672975924,0.04455354836751515
lightgbm,NPB,MLB,full_cross_league,MLB,Dallas Keuchel,2017,1.8322409700816702,1.0628684707878675,0.5919340426695924
lightgbm,NPB,MLB,full_cross_league,MLB,Collin McHugh,2017,0.30700746276407703,0.08705546718464194,0.048378880359375834
lightgbm,NPB,MLB,full_cross_league,MLB,Brad Peacock,2017,-0.16916299805702703,1.6858237108399587,3.440975690184471
lightgbm,NPB,MLB,full_cross_league,MLB,David Paulino,2017,-0.521640741516398,-0.3767558031013052,0.020991645379545253
lightgbm,NPB,MLB,full_cross_league,MLB,Nate Karns,2017,-0.367257349922056,0.07690394700103306,0.19727925768440047
lightgbm,NPB,MLB,full_cross_league,MLB,Jesse Hahn,2017,-0.516246623014909,-0.4302348926065144,0.007398017767846353
lightgbm,NPB,MLB,full_cross_league,MLB,Eric Skoglund,2017,-0.521640741516398,-0.6203210465165834,0.0097378025949296
lightgbm,NPB,MLB,full_cross_league,MLB,Sam Gaviglio,2017,-0.521640741516398,-0.4281222744761625,0.00874570367755562
lightgbm,NPB,MLB,full_cross_league,MLB,Garrett Richards,2017,0.7348168611580359,0.035688936743306,0.4887798546964483
lightgbm,NPB,MLB,full_cross_league,MLB,Matt Shoemaker,2017,0.144253887288114,0.12312131304312515,4.4658569421996607e-4
lightgbm,NPB,MLB,full_cross_league,MLB,JC Ramírez,2017,-0.26960520463647797,0.414117118269116,0.4674762148394213
lightgbm,NPB,MLB,full_cross_league,MLB,Tyler Skaggs,2017,-0.274255306792934,-0.40915432908214516,0.018197746214585097
lightgbm,NPB,MLB,full_cross_league,MLB,Andrew Heaney,2017,-0.47420969952054604,-0.38280134082358735,0.008355488039671862
lightgbm,NPB,MLB,full_cross_league,MLB,Alex Meyer,2017,-0.5204317149557189,-0.0011973144501703837,0.2696043626683564
lightgbm,NPB,MLB,full_cross_league,MLB,Parker Bridwell,2017,-0.521640741516398,-0.015246277995260717,0.2564353526848605
lightgbm,NPB,MLB,full_cross_league,MLB,Alex Wood,2017,0.49301154902232,0.9985704837271939,0.25558983645992694
lightgbm,NPB,MLB,full_cross_league,MLB,Julio Urías,2017,-0.520710721085107,-0.6679393407373839,0.021676266444714834
lightgbm,NPB,MLB,full_cross_league,MLB,Dan Straily,2017,0.0038208021631397798,0.6931701412217854,0.47520251126059165
lightgbm,NPB,MLB,full_cross_league,MLB,José Ureña,2017,-0.51606061892865,0.6046423222069183,1.255975082269913
lightgbm,NPB,MLB,full_cross_league,MLB,Adam Conley,2017,-0.521640741516398,-0.060515264932780394,0.21263670515446856
lightgbm,NPB,MLB,full_cross_league,MLB,Dillon Peters,2017,-0.521640741516398,-0.570691368915206,0.0024059640482166885
lightgbm,NPB,MLB,full_cross_league,MLB,Jhoulys Chacín,2017,0.8185186999742459,0.7541540648434949,0.004142806255514702
lightgbm,NPB,MLB,full_cross_league,MLB,Chase Anderson,2017,0.46976103824004,-0.01552417955248329,0.2355017426079368
lightgbm,NPB,MLB,full_cross_league,MLB,Jimmy Nelson,2017,0.0652021506283601,1.3232005734306498,1.5825600317730486
lightgbm,NPB,MLB,full_cross_league,MLB,Wade Miley,2017,-0.15800275288153204,0.5859773438880338,0.5535063843892525
lightgbm,NPB,MLB,full_cross_league,MLB,Yovani Gallardo,2017,-0.25100479601065406,-0.19911688047254972,0.0026923557788894503
lightgbm,NPB,MLB,full_cross_league,MLB,Zach Davies,2017,-0.516618631187425,0.8958912727321192,1.9951842286707997
lightgbm,NPB,MLB,full_cross_league,MLB,Brent Suter,2017,-0.5195016945244281,-0.3764793853101687,0.020455380932979213
lightgbm,NPB,MLB,full_cross_league,MLB,Brandon Woodruff,2017,-0.5206921206764811,-0.5932779368486878,0.005268700709385387
lightgbm,NPB,MLB,full_cross_league,MLB,Junior Guerra,2017,-0.521640741516398,-0.2746326994019203,0.06101297286922761
lightgbm,NPB,MLB,full_cross_league,MLB,Aaron Wilkerson,2017,-0.521640741516398,-0.33392837623883026,0.03523593207809904
lightgbm,NPB,MLB,full_cross_league,MLB,Lance Lynn,2017,1.6090360665717802,0.7184709398248089,0.7931062449778491
lightgbm,NPB,MLB,full_cross_league,MLB,Michael Pineda,2017,0.30700746276407703,-0.059634146967606355,0.13442606998664
lightgbm,NPB,MLB,full_cross_league,MLB,Kyle Gibson,2017,0.15820419375748207,0.6821594839530202,0.27452914612389057
lightgbm,NPB,MLB,full_cross_league,MLB,Aníbal Sánchez,2017,-0.15800275288153204,0.4249781130173579,0.33986669000421954
lightgbm,NPB,MLB,full_cross_league,MLB,José Berríos,2017,-0.516990639359942,0.9516861033873498,2.157011374686795
lightgbm,NPB,MLB,full_cross_league,MLB,Aaron Slegers,2017,-0.521640741516398,-0.6189220240938983,0.009463647939923452
lightgbm,NPB,MLB,full_cross_league,MLB,Adalberto Mejía,2017,-0.521640741516398,-0.45540064320108087,0.004387750624822887
lightgbm,NPB,MLB,full_cross_league,MLB,Jason Vargas,2017,0.8650197215388071,1.500517733062798,0.4038577226509463
lightgbm,NPB,MLB,full_cross_league,MLB,Jacob deGrom,2017,0.7534172697838608,2.60773303767648,3.4384869670551934
lightgbm,NPB,MLB,full_cross_league,MLB,Matt Harvey,2017,0.423260016675479,-0.4572969512884642,0.7753805738298529
lightgbm,NPB,MLB,full_cross_league,MLB,Noah Syndergaard,2017,-0.06965081190886638,-0.4500983677264607,0.1447403427275816
lightgbm,NPB,MLB,full_cross_league,MLB,Zack Wheeler,2017,-0.26960520463647797,-0.37648894028226726,0.011424132945598969
lightgbm,NPB,MLB,full_cross_league,MLB,A.J. Griffin,2017,-0.4835099038334581,-0.21038254754451557,0.07459855275338695
lightgbm,NPB,MLB,full_cross_league,MLB,Steven Matz,2017,-0.515688610756134,-0.32822664987648825,0.03514198677684185
lightgbm,NPB,MLB,full_cross_league,MLB,Seth Lugo,2017,-0.5181066638774909,-0.32919878102389477,0.03568618820422801
lightgbm,NPB,MLB,full_cross_league,MLB,Robert Gsellman,2017,-0.5184089205176609,-0.34667187708912667,0.029493612085574238
lightgbm,NPB,MLB,full_cross_league,MLB,Rafael Montero,2017,-0.519218038292884,-0.24847584831167718,0.0733013334358199
lightgbm,NPB,MLB,full_cross_league,MLB,Chris Flexen,2017,-0.521640741516398,-0.5756899090836378,0.002921312514711563
lightgbm,NPB,MLB,full_cross_league,MLB,CC Sabathia,2017,1.23702789405529,1.6066265387336107,0.13660315814805166
lightgbm,NPB,MLB,full_cross_league,MLB,Sonny Gray,2017,0.5860135921514419,0.2315557710790883,0.12564034691936063
lightgbm,NPB,MLB,full_cross_league,MLB,Luis Severino,2017,-0.51048514644306,1.9058645502172755,5.838745856550496
lightgbm,NPB,MLB,full_cross_league,MLB,Jordan Montgomery,2017,-0.5150468966585432,-0.3056211026832303,0.04385916318219021
lightgbm,NPB,MLB,full_cross_league,MLB,Luis Cessa,2017,-0.5171905937526688,-0.633159456147125,0.013448777045064303
lightgbm,NPB,MLB,full_cross_league,MLB,Jake Arrieta,2017,4.027089187928949,2.1850779768044966,3.393005301908172
lightgbm,NPB,MLB,full_cross_league,MLB,Aaron Nola,2017,-0.5164326271011669,0.9125770148523688,2.0420685567961723
lightgbm,NPB,MLB,full_cross_league,MLB,Jerad Eickhoff,2017,-0.5173626475324579,-0.2829865152969164,0.05493217136169203
lightgbm,NPB,MLB,full_cross_league,MLB,Vince Velasquez,2017,-0.519036684308782,-0.428540977974401,0.008189472864958532
lightgbm,NPB,MLB,full_cross_league,MLB,Nick Pivetta,2017,-0.5205247169988481,-0.2592504677500862,0.06826423332050413
lightgbm,NPB,MLB,full_cross_league,MLB,Ben Lively,2017,-0.520710721085107,-0.3094698730440512,0.04462269588110441
lightgbm,NPB,MLB,full_cross_league,MLB,Jake Thompson,2017,-0.5208967251713649,-0.5650994206488072,0.001953878287471505
lightgbm,NPB,MLB,full_cross_league,MLB,Zach Eflin,2017,-0.521640741516398,-0.5263153209498413,2.185169287957102e-5
lightgbm,NPB,MLB,full_cross_league,MLB,Gerrit Cole,2017,0.6325146137160019,1.143409670419001,0.2610137589635607
lightgbm,NPB,MLB,full_cross_league,MLB,Jameson Taillon,2017,-0.5168046352736831,-0.45040972584567746,0.0044082839979530785
lightgbm,NPB,MLB,full_cross_league,MLB,Chad Kuhl,2017,-0.5168976373168132,0.04272776270705314,0.31318058835187235
lightgbm,NPB,MLB,full_cross_league,MLB,Trevor Williams,2017,-0.5170836414030711,-0.6207523591559936,0.010747203040535114
lightgbm,NPB,MLB,full_cross_league,MLB,Tyler Glasnow,2017,-0.5195016945244281,-0.45357047228821484,0.004346926065560938
lightgbm,NPB,MLB,full_cross_league,MLB,Clayton Richard,2017,-0.06500070975241032,0.3616537896046779,0.18203406182164758
lightgbm,NPB,MLB,full_cross_league,MLB,Tyson Ross,2017,-0.29750581757521505,-0.2903052948825516,5.184752704756157e-5
lightgbm,NPB,MLB,full_cross_league,MLB,Luis Perdomo,2017,-0.517585852435968,-0.051317930548321136,0.21740577498142477
lightgbm,NPB,MLB,full_cross_league,MLB,Dinelson Lamet,2017,-0.5196504977934351,-0.26158316978323926,0.06659874578632201
lightgbm,NPB,MLB,full_cross_league,MLB,James Paxton,2017,0.288407054138252,1.2588542497297148,0.941767759431335
lightgbm,NPB,MLB,full_cross_league,MLB,Erasmo Ramírez,2017,0.15820419375748207,-0.36894603452326574,0.2778873631764446
lightgbm,NPB,MLB,full_cross_league,MLB,Marco Gonzales,2017,-0.520654919859229,-0.4280819194051856,0.008569760413064315
lightgbm,NPB,MLB,full_cross_league,MLB,Aríel Miranda,2017,-0.521640741516398,0.142897588624048,0.4416111922258525
lightgbm,NPB,MLB,full_cross_league,MLB,Rob Whalen,2017,-0.521640741516398,-0.6257090043448269,0.010830203328126946
lightgbm,NPB,MLB,full_cross_league,MLB,Chase De Jong,2017,-0.521640741516398,-0.6358708154868596,0.013048509799297127
lightgbm,NPB,MLB,full_cross_league,MLB,Christian Bergman,2017,-0.521640741516398,-0.2721307501762737,0.06225523577854893
lightgbm,NPB,MLB,full_cross_league,MLB,Derek Holland,2017,-0.29750581757521505,-0.23913008854320655,0.0034077257400184796
lightgbm,NPB,MLB,full_cross_league,MLB,Ty Blach,2017,-0.5179206597912329,0.26962673317118435,0.6202308961619001
lightgbm,NPB,MLB,full_cross_league,MLB,Chris Stratton,2017,-0.520245710869461,-0.5643403018611948,0.0019443329547282862
lightgbm,NPB,MLB,full_cross_league,MLB,Michael Wacha,2017,0.36280868864155,0.6045410199743166,0.05843452001157446
lightgbm,NPB,MLB,full_cross_league,MLB,Luke Weaver,2017,-0.5205619178161,-0.1084185954854854,0.16986211814171687
lightgbm,NPB,MLB,full_cross_league,MLB,Jack Flaherty,2017,-0.521640741516398,-0.6104751716687175,0.007891555980487314
lightgbm,NPB,MLB,full_cross_league,MLB,Jake Odorizzi,2017,0.548812774899793,-0.025217109624016035,0.3295103083264175
lightgbm,NPB,MLB,full_cross_league,MLB,Matt Andriese,2017,-0.519148286760537,-0.2909690356962418,0.05206577061626269
lightgbm,NPB,MLB,full_cross_league,MLB,Blake Snell,2017,-0.519185487577789,-0.5762723429358845,0.0032589090546761095
lightgbm,NPB,MLB,full_cross_league,MLB,Jake Faria,2017,-0.5197807006538151,-0.3235254315667832,0.038516130644423295
lightgbm,NPB,MLB,full_cross_league,MLB,Anthony Banda,2017,-0.521640741516398,-0.6365746981333656,0.013209814383630988
lightgbm,NPB,MLB,full_cross_league,MLB,Ryan Weber,2017,-0.521640741516398,-0.5765304270730882,0.0030128775805123202
lightgbm,NPB,MLB,full_cross_league,MLB,Doug Fister,2017,0.12100337650583301,-0.17541524579056494,0.08786399964409461
lightgbm,NPB,MLB,full_cross_league,MLB,Yovani Gallardo,2017,-0.25100479601065406,-0.19911688047254972,0.0026923557788894503
lightgbm,NPB,MLB,full_cross_league,MLB,Edinson Vólquez,2017,-0.4370088822688971,-0.12242709822689034,0.09896169885105179
lightgbm,NPB,MLB,full_cross_league,MLB,Bartolo Colon,2017,-0.29750581757521505,1.037907560945867,1.7833288915330907
lightgbm,NPB,MLB,full_cross_league,MLB,Jesse Chavez,2017,-0.34400683913977503,0.7653138624478022,1.2305924189707547
lightgbm,NPB,MLB,full_cross_league,MLB,Chris Tillman,2017,-0.521640741516398,-0.34474969193371174,0.031290443422464384
lightgbm,NPB,MLB,full_cross_league,MLB,Marco Estrada,2017,1.79504015283002,1.586625754941981,0.04343656124703377
lightgbm,NPB,MLB,full_cross_league,MLB,Jaime García,2017,1.23702789405529,0.49788373001615016,0.5463340952331187
lightgbm,NPB,MLB,full_cross_league,MLB,Marcus Stroman,2017,0.5860135921514419,0.4940970879945879,0.008448643736416956
lightgbm,NPB,MLB,full_cross_league,MLB,Aaron Sanchez,2017,-0.12080193562988299,-0.594542836289047,0.22443044095735593
lightgbm,NPB,MLB,full_cross_league,MLB,Nick Tepesch,2017,-0.5165628299615478,-0.498598026574365,3.2273416074013315e-4
lightgbm,NPB,MLB,full_cross_league,MLB,Chris Rowley,2017,-0.521640741516398,-0.5874750603292586,0.0043341575335533586
lightgbm,NPB,MLB,full_cross_league,MLB,Tanner Roark,2017,0.5813634899949858,1.257377745462839,0.4569952735957559
lightgbm,NPB,MLB,full_cross_league,MLB,Jeremy Hellickson,2017,-0.25100479601065406,0.6018386431189844,0.7273419316664693
lightgbm,NPB,MLB,full_cross_league,MLB,Edwin Jackson,2017,-0.34400683913977503,-0.6257954968528042,0.07940484761571072
lightgbm,NPB,MLB,full_cross_league,MLB,Joe Ross,2017,-0.517381247941084,-0.3586408958777191,0.025198499373201035
lightgbm,NPB,MLB,full_cross_league,MLB,A.J. Cole,2017,-0.519724899427938,-0.4990867934542306,4.259314181819752e-4
lightgbm,NPB,MLB,full_cross_league,MLB,Erick Fedde,2017,-0.521640741516398,-0.6471446650944809,0.015751234833493253
lightgbm,NPB,MLB,full_cross_league,MLB,Robbie Ray,2018,0.5023117533352319,-0.3215998502443351,0.6788303305130536
lightgbm,NPB,MLB,full_cross_league,MLB,Taijuan Walker,2018,0.311657564920533,-0.6072017524661553,0.8443024451483306
lightgbm,NPB,MLB,full_cross_league,MLB,Zack Godley,2018,-0.5096620783613669,1.6925095752526305,4.849559991981008
lightgbm,NPB,MLB,full_cross_league,MLB,Luke Weaver,2018,-0.514888793185224,-0.3722194901646903,0.020354530024364853
lightgbm,NPB,MLB,full_cross_league,MLB,Matt Koch,2018,-0.5174370491669618,-0.2628835479800807,0.06479748496649947
lightgbm,NPB,MLB,full_cross_league,MLB,Marco Estrada,2018,0.12100337650583301,0.9855936936557245,0.7475164165093499
lightgbm,NPB,MLB,full_cross_league,MLB,Sean Manaea,2018,-0.037100096813673794,0.8776285961859966,0.8367285817968853
lightgbm,NPB,MLB,full_cross_league,MLB,Brett Anderson,2018,-0.34400683913977503,-0.13450566627967156,0.043890741429758955
lightgbm,NPB,MLB,full_cross_league,MLB,Chris Bassitt,2018,-0.5179206597912329,-0.23341165943727554,0.08094537128240811
lightgbm,NPB,MLB,full_cross_league,MLB,Daniel Gossett,2018,-0.518850680222524,-0.6603665819655815,0.020026750446150706
lightgbm,NPB,MLB,full_cross_league,MLB,Frankie Montas,2018,-0.518850680222524,-0.39495177479318844,0.015350938766587439
lightgbm,NPB,MLB,full_cross_league,MLB,Edwin Jackson,2018,-0.5197807006538151,-0.295399664858986,0.05034684922436038
lightgbm,NPB,MLB,full_cross_league,MLB,Paul Blackburn,2018,-0.5197807006538151,-0.6281323820847039,0.011740086868900813
lightgbm,NPB,MLB,full_cross_league,MLB,Daniel Mengden,2018,-0.5197807006538151,-0.3543857177937314,0.02735550035528738
lightgbm,NPB,MLB,full_cross_league,MLB,Dallas Keuchel,2018,3.2870769528608506,0.6660690054063398,6.869682660619708
lightgbm,NPB,MLB,full_cross_league,MLB,Kevin Gausman,2018,1.1161252379874398,0.8879812397927738,0.05204968391224777
lightgbm,NPB,MLB,full_cross_league,MLB,Mike Foltynewicz,2018,0.39535940373674205,1.079582223784572,0.4681608674742051
lightgbm,NPB,MLB,full_cross_league,MLB,Sean Newcomb,2018,-0.51606061892865,0.5465329735497926,1.1291051427762422
lightgbm,NPB,MLB,full_cross_league,MLB,Touki Toussaint,2018,-0.5197807006538151,-0.44863305590131386,0.0050619873538281165
lightgbm,NPB,MLB,full_cross_league,MLB,Michael Soroka,2018,-0.5197807006538151,-0.6194570734336358,0.009935379290541774
lightgbm,NPB,MLB,full_cross_league,MLB,Dylan Bundy,2018,-0.10220152700405902,0.23000027531207387,0.11035803746208703
lightgbm,NPB,MLB,full_cross_league,MLB,Dan Straily,2018,-0.51606061892865,-0.10900472579838505,0.16569450013207765
lightgbm,NPB,MLB,full_cross_league,MLB,David Hess,2018,-0.51819966592062,-0.2636385648738505,0.06480135416614356
lightgbm,NPB,MLB,full_cross_league,MLB,Jimmy Yacabonis,2018,-0.519036684308782,-0.4972841432387435,4.731730430037136e-4
lightgbm,NPB,MLB,full_cross_league,MLB,Josh Rogers,2018,-0.5197807006538151,-0.6713473820204322,0.02297245890048964
lightgbm,NPB,MLB,full_cross_league,MLB,Yefry Ramírez,2018,-0.5197807006538151,-0.4263921391032943,0.008721423428475407
lightgbm,NPB,MLB,full_cross_league,MLB,Luis Ortiz,2018,-0.5197807006538151,-0.7237721428467778,0.041612508487964855
lightgbm,NPB,MLB,full_cross_league,MLB,Nathan Eovaldi,2018,2.5390564978629993,-0.17420752181859445,7.3618016404987205
lightgbm,NPB,MLB,full_cross_league,MLB,Eduardo Rodríguez,2018,0.176804602383306,0.7933968806976649,0.38018603767689185
lightgbm,NPB,MLB,full_cross_league,MLB,Erasmo Ramírez,2018,-0.4370088822688971,-0.4672089931463643,9.120466970113135e-4
lightgbm,NPB,MLB,full_cross_league,MLB,Jhoulys Chacín,2018,-0.5197807006538151,1.598287132080627,4.486211344064377
lightgbm,NPB,MLB,full_cross_league,MLB,Kyle Hendricks,2018,0.754347290215152,1.989679546458242,1.5260457833146432
lightgbm,NPB,MLB,full_cross_league,MLB,Mike Montgomery,2018,-0.16916299805702703,-0.21499378755361842,0.0021004612658808717
lightgbm,NPB,MLB,full_cross_league,MLB,Kendall Graveman,2018,-0.51606061892865,-0.49467553441255635,4.573218397604667e-4
lightgbm,NPB,MLB,full_cross_league,MLB,Ervin Santana,2018,0.176804602383306,0.5196969860233799,0.11757518675837163
lightgbm,NPB,MLB,full_cross_league,MLB,Carlos Rodón,2018,0.15820419375748207,-0.41983859716067706,0.33413346813245465
lightgbm,NPB,MLB,full_cross_league,MLB,Reynaldo López,2018,-0.5151305984973589,0.46708396534454283,0.9647454494231373
lightgbm,NPB,MLB,full_cross_league,MLB,Lucas Giolito,2018,-0.5164326271011669,-0.23984522124294422,0.07650059307938119
lightgbm,NPB,MLB,full_cross_league,MLB,Dylan Covey,2018,-0.5168046352736831,-0.18221906047066969,0.1119475068662629
lightgbm,NPB,MLB,full_cross_league,MLB,Carson Fulmer,2018,-0.5197807006538151,-0.43765165164940406,0.0067451806903689494
lightgbm,NPB,MLB,full_cross_league,MLB,Michael Kopech,2018,-0.5197807006538151,-0.6571445841899194,0.018868836500120424
lightgbm,NPB,MLB,full_cross_league,MLB,Sonny Gray,2018,1.2680286370996998,0.1384574706636596,1.2759310200436764
lightgbm,NPB,MLB,full_cross_league,MLB,Tanner Roark,2018,1.23702789405529,0.8753803051345183,0.13078897857220742
lightgbm,NPB,MLB,full_cross_league,MLB,Alex Wood,2018,1.1719264638649098,-0.2922210854062967,2.1437280460368804
lightgbm,NPB,MLB,full_cross_league,MLB,Anthony DeSclafani,2018,-0.22775428522837302,-0.1154578534020418,0.012610488600925854
lightgbm,NPB,MLB,full_cross_league,MLB,Tyler Mahle,2018,-0.516990639359942,-0.1559180470121699,0.13037341694474042
lightgbm,NPB,MLB,full_cross_league,MLB,Robert Stephenson,2018,-0.5179206597912329,-0.5802800679450396,0.003888695785293053
lightgbm,NPB,MLB,full_cross_league,MLB,Luis Castillo,2018,-0.5193156904381702,0.5025198305122476,1.0441478318760116
lightgbm,NPB,MLB,full_cross_league,MLB,Brandon Finnegan,2018,-0.5197807006538151,-0.4944992076108123,6.391538904833995e-4
lightgbm,NPB,MLB,full_cross_league,MLB,Sal Romano,2018,-0.5197807006538151,-0.5820023472318873,0.0038715333028865196
lightgbm,NPB,MLB,full_cross_league,MLB,Carlos Carrasco,2018,1.56253504500722,2.855278805993223,1.6711864315682363
lightgbm,NPB,MLB,full_cross_league,MLB,Trevor Bauer,2018,1.79504015283002,1.8106690373981684,2.4426203284450975e-4
lightgbm,NPB,MLB,full_cross_league,MLB,Mike Clevinger,2018,-0.512861348645009,1.3151398278510409,3.341588301270942
lightgbm,NPB,MLB,full_cross_league,MLB,Shane Bieber,2018,-0.5189250818570269,0.6405157442718495,1.3443030292944116
lightgbm,NPB,MLB,full_cross_league,MLB,Jefry Rodríguez,2018,-0.5197807006538151,-0.6690976150274367,0.022295540918059444
lightgbm,NPB,MLB,full_cross_league,MLB,Adam Plutko,2018,-0.5197807006538151,-0.39702815711676426,0.015068186944815562
lightgbm,NPB,MLB,full_cross_league,MLB,Germán Márquez,2018,0.976622173293753,2.0369278992686684,1.1242482325351923
lightgbm,NPB,MLB,full_cross_league,MLB,Chad Bettis,2018,-0.004549381718481162,-0.19042449958914326,0.03454955944343253
lightgbm,NPB,MLB,full_cross_league,MLB,Jon Gray,2018,-0.0789510162217785,1.2110739924032188,1.6641645228779245
lightgbm,NPB,MLB,full_cross_league,MLB,Tyler Anderson,2018,-0.13475224209925202,0.17238458053448727,0.09433302781754904
lightgbm,NPB,MLB,full_cross_league,MLB,Germán Márquez,2018,-0.5179206597912329,2.0369278992686684,6.5272511597304534
lightgbm,NPB,MLB,full_cross_league,MLB,Kyle Freeland,2018,-0.5179206597912329,1.3003731811298893,3.306192491931687
lightgbm,NPB,MLB,full_cross_league,MLB,Antonio Senzatela,2018,-0.518850680222524,-0.5164068394981973,5.972357485877575e-6
lightgbm,NPB,MLB,full_cross_league,MLB,Tyson Ross,2018,0.44651052745775904,0.4637192442233838,2.961399327194941e-4
lightgbm,NPB,MLB,full_cross_league,MLB,Michael Fulmer,2018,-0.10220152700405902,-0.24637543086600833,0.0207861145547946
lightgbm,NPB,MLB,full_cross_league,MLB,Matthew Boyd,2018,-0.13940234425570802,-0.07672603697860648,0.003928319493893651
lightgbm,NPB,MLB,full_cross_league,MLB,Daniel Norris,2018,-0.38585775854788,-0.47371932664303534,0.007719655148139617
lightgbm,NPB,MLB,full_cross_league,MLB,Spencer Turnbull,2018,-0.519576096158931,-0.5397982767981615,4.0893658980567033e-4
lightgbm,NPB,MLB,full_cross_league,MLB,Edwin Jackson,2018,-0.5197807006538151,-0.295399664858986,0.05034684922436038
lightgbm,NPB,MLB,full_cross_league,MLB,Ryan Carpenter,2018,-0.5197807006538151,-0.6783329327574972,0.025138810305059874
lightgbm,NPB,MLB,full_cross_league,MLB,Gerrit Cole,2018,1.88804219595915,2.29179637716926,0.1630174388446463
lightgbm,NPB,MLB,full_cross_league,MLB,Wade Miley,2018,0.214005419634955,0.25053399875794097,0.0013343370927442458
lightgbm,NPB,MLB,full_cross_league,MLB,Josh James,2018,-0.517585852435968,-0.2602371505149481,0.06622835438043394
lightgbm,NPB,MLB,full_cross_league,MLB,Framber Valdez,2018,-0.5176230532532201,-0.5585123829345592,0.0016719372817892363
lightgbm,NPB,MLB,full_cross_league,MLB,Eric Skoglund,2018,-0.5173300968173629,-0.4670183717586872,0.0025312696783797712
lightgbm,NPB,MLB,full_cross_league,MLB,Trevor Oaks,2018,-0.519715599223625,-0.6669271343587301,0.021671236076834282
lightgbm,NPB,MLB,full_cross_league,MLB,Homer Bailey,2018,-0.5197807006538151,0.5524589227083637,1.1496978099078674
lightgbm,NPB,MLB,full_cross_league,MLB,Heath Fillmyer,2018,-0.5197807006538151,-0.5705639738091374,0.002578940832368076
lightgbm,NPB,MLB,full_cross_league,MLB,Ben Lively,2018,-0.5197807006538151,-0.457734045934153,0.0038497873619009653
lightgbm,NPB,MLB,full_cross_league,MLB,Trevor Cahill,2018,1.0510238077970497,0.22689023647051237,0.679196143387433
lightgbm,NPB,MLB,full_cross_league,MLB,Tyler Skaggs,2018,0.0652021506283601,0.0201698287815422,0.0020279100109153927
lightgbm,NPB,MLB,full_cross_league,MLB,Andrew Heaney,2018,0.00940092475088708,0.7217939928454075,0.507503883469124
lightgbm,NPB,MLB,full_cross_league,MLB,JC Ramírez,2018,-0.26941920055022,-0.5150995068787717,0.060358812917691004
lightgbm,NPB,MLB,full_cross_league,MLB,Nick Tropeano,2018,-0.4230585757995291,-0.39048202361126,0.0010612317524750206
lightgbm,NPB,MLB,full_cross_league,MLB,Félix Peña,2018,-0.5171766434462,-0.28023134708206787,0.05614307346908638
lightgbm,NPB,MLB,full_cross_league,MLB,Jaime Barria,2018,-0.51819966592062,-0.16238191953774558,0.12660626864098748
lightgbm,NPB,MLB,full_cross_league,MLB,Dillon Peters,2018,-0.5197807006538151,-0.5083260398019854,1.3120925523043916e-4
lightgbm,NPB,MLB,full_cross_league,MLB,Clayton Kershaw,2018,5.1431137054784,1.4118598025536573,13.922255688091125
lightgbm,NPB,MLB,full_cross_league,MLB,Ross Stripling,2018,-0.5123405372034862,0.18423763785323083,0.4852211539653463
lightgbm,NPB,MLB,full_cross_league,MLB,Walker Buehler,2018,-0.516990639359942,-0.2349988471875059,0.07951937085262242
lightgbm,NPB,MLB,full_cross_league,MLB,Dan Straily,2018,0.30700746276407703,-0.10900472579838505,0.1730661410325295
lightgbm,NPB,MLB,full_cross_league,MLB,José Ureña,2018,-0.027799892500761595,0.21015591673862485,0.056622967150771274
lightgbm,NPB,MLB,full_cross_league,MLB,Trevor Richards,2018,-0.516990639359942,-0.35267138012801436,0.027000818954529455
lightgbm,NPB,MLB,full_cross_league,MLB,Caleb Smith,2018,-0.5195016945244281,-0.38348785670981206,0.01849976407706067
lightgbm,NPB,MLB,full_cross_league,MLB,Sandy Alcantara,2018,-0.5197807006538151,-0.597571424794001,0.006051396762254509
lightgbm,NPB,MLB,full_cross_league,MLB,Pablo López,2018,-0.5197807006538151,-0.5781777541320713,0.0034102158549423134
lightgbm,NPB,MLB,full_cross_league,MLB,Jeff Brigham,2018,-0.5197807006538151,-0.5639449289488413,0.0019504790608951925
lightgbm,NPB,MLB,full_cross_league,MLB,Zach Davies,2018,-0.13940234425570802,-0.48941128323069366,0.12250625736239522
lightgbm,NPB,MLB,full_cross_league,MLB,Junior Guerra,2018,-0.20915387660254897,0.8959826285433901,1.22132669500618
lightgbm,NPB,MLB,full_cross_league,MLB,Gio González,2018,-0.25100479601065406,0.8179775008327751,1.1427231509646532
lightgbm,NPB,MLB,full_cross_league,MLB,Brent Suter,2018,-0.5173068463065811,-0.054362316555232874,0.21431763762669692
lightgbm,NPB,MLB,full_cross_league,MLB,Freddy Peralta,2018,-0.517995061425736,-0.30957280497311,0.043439836984804206
lightgbm,NPB,MLB,full_cross_league,MLB,Jake Odorizzi,2018,1.14402585092617,0.37339757593229583,0.5938679382200343
lightgbm,NPB,MLB,full_cross_league,MLB,Kyle Gibson,2018,0.8882702323210871,1.2765293825908428,0.15074516776819272
lightgbm,NPB,MLB,full_cross_league,MLB,Martín Pérez,2018,0.12100337650583301,-0.3014637795807963,0.17847849797192442
lightgbm,NPB,MLB,full_cross_league,MLB,José Berríos,2018,-0.50769043504703,1.0468701199653703,2.4166585192004626
lightgbm,NPB,MLB,full_cross_league,MLB,Adalberto Mejía,2018,-0.518850680222524,-0.6656365534889087,0.02154609259057515
lightgbm,NPB,MLB,full_cross_league,MLB,Chase De Jong,2018,-0.5197807006538151,-0.6556166903710674,0.018451416102465472
lightgbm,NPB,MLB,full_cross_league,MLB,Kohl Stewart,2018,-0.5197807006538151,-0.6257703405050524,0.011233803755794997
lightgbm,NPB,MLB,full_cross_league,MLB,Fernando Romero,2018,-0.5197807006538151,-0.5045957826788895,2.3058173390521874e-4
lightgbm,NPB,MLB,full_cross_league,MLB,Stephen Gonsalves,2018,-0.5197807006538151,-0.43864166802906035,0.006583542615281016
lightgbm,NPB,MLB,full_cross_league,MLB,Jacob deGrom,2018,4.492099403574551,3.0926768543011405,1.9583834714148916
lightgbm,NPB,MLB,full_cross_league,MLB,Jacob deGrom,2018,2.5390564978629993,3.0926768543011405,0.3064954990626945
lightgbm,NPB,MLB,full_cross_league,MLB,Noah Syndergaard,2018,0.49301154902232,0.842080895623398,0.12184940873650359
lightgbm,NPB,MLB,full_cross_league,MLB,Zack Wheeler,2018,0.4883614468658641,0.8182268502227696,0.108811184331814
lightgbm,NPB,MLB,full_cross_league,MLB,Steven Matz,2018,-0.13475224209925202,-0.42694871262354483,0.08537877738685393
lightgbm,NPB,MLB,full_cross_league,MLB,Corey Oswalt,2018,-0.5197807006538151,-0.47079105580116754,0.0023999853027885376
lightgbm,NPB,MLB,full_cross_league,MLB,Walker Lockett,2018,-0.5197807006538151,-0.6200954570105057,0.010063050342902202
lightgbm,NPB,MLB,full_cross_league,MLB,Luis Severino,2018,1.23702789405529,1.759125044461226,0.27258543446199873
lightgbm,NPB,MLB,full_cross_league,MLB,J.A. Happ,2018,2.5390564978629993,2.3659592984444338,0.029962640446550632
lightgbm,NPB,MLB,full_cross_league,MLB,James Paxton,2018,0.9719720711372969,1.1562056747989196,0.033942020718147864
lightgbm,NPB,MLB,full_cross_league,MLB,CC Sabathia,2018,0.8650197215388071,0.9187322981877655,0.002885040890270225
lightgbm,NPB,MLB,full_cross_league,MLB,Sonny Gray,2018,0.772017678409685,0.1384574706636596,0.40139853683918686
lightgbm,NPB,MLB,full_cross_league,MLB,Gio González,2018,-0.06500070975241032,0.8179775008327751,0.7796505203682161
lightgbm,NPB,MLB,full_cross_league,MLB,Jordan Montgomery,2018,-0.5120429306654721,-0.5567089776624812,0.001995055754339021
lightgbm,NPB,MLB,full_cross_league,MLB,Domingo Germán,2018,-0.515595608713005,-0.4064021082899999,0.011923220534628822
lightgbm,NPB,MLB,full_cross_league,MLB,Aaron Nola,2018,1.4695330018780999,1.9468087532264589,0.2277921428251406
lightgbm,NPB,MLB,full_cross_league,MLB,Vince Velasquez,2018,-0.204689778532351,0.26647969360047374,0.22200067146992475
lightgbm,NPB,MLB,full_cross_league,MLB,Nick Pivetta,2018,-0.5117825249447109,0.1259162836941171,0.40665977053938057
lightgbm,NPB,MLB,full_cross_league,MLB,Zach Eflin,2018,-0.5132705576347771,0.0734607675226811,0.3442536479210269
lightgbm,NPB,MLB,full_cross_league,MLB,Ranger Suárez,2018,-0.5197807006538151,-0.6284691723742926,0.01181318388493303
lightgbm,NPB,MLB,full_cross_league,MLB,Francisco Liriano,2018,-0.28820561326230204,0.7083547695318069,0.993132596554741
lightgbm,NPB,MLB,full_cross_league,MLB,Jameson Taillon,2018,-0.513735567850423,1.5108562413991249,4.098971994080357
lightgbm,NPB,MLB,full_cross_league,MLB,Trevor Williams,2018,-0.5143865821523258,0.288163908306754,0.6440872897361095
lightgbm,NPB,MLB,full_cross_league,MLB,Joe Musgrove,2018,-0.5146655882817139,-0.13259263648360536,0.1459797404957198
lightgbm,NPB,MLB,full_cross_league,MLB,Chad Kuhl,2018,-0.5155026066698761,-0.4091881937943107,0.011302754385076191
lightgbm,NPB,MLB,full_cross_league,MLB,Nick Kingham,2018,-0.5171766434462,-0.37295923152426586,0.020798661901460822
lightgbm,NPB,MLB,full_cross_league,MLB,Aaron Slegers,2018,-0.5197807006538151,-0.6650488414786958,0.021102832738717374
lightgbm,NPB,MLB,full_cross_league,MLB,Garrett Richards,2018,0.8185186999742459,0.2637411116487579,0.3077781725082446
lightgbm,NPB,MLB,full_cross_league,MLB,Bryan Mitchell,2018,-0.4537492500321389,-0.3996784722017037,0.0029236490151882803
lightgbm,NPB,MLB,full_cross_league,MLB,Joey Lucchesi,2018,-0.5179020593826069,-0.258228512719866,0.06743035083640667
lightgbm,NPB,MLB,full_cross_league,MLB,Eric Lauer,2018,-0.5183856700068791,-0.4674868737049384,0.0025906874649864486
lightgbm,NPB,MLB,full_cross_league,MLB,Jacob Nix,2018,-0.5194458932985512,-0.5867661091171844,0.004532011457867356
lightgbm,NPB,MLB,full_cross_league,MLB,Brett Kennedy,2018,-0.5195946965675571,-0.5237316889003344,1.7114705561458263e-5
lightgbm,NPB,MLB,full_cross_league,MLB,Luis Perdomo,2018,-0.5197807006538151,-0.4567453739164048,0.003973452416892074
lightgbm,NPB,MLB,full_cross_league,MLB,Wade LeBlanc,2018,-0.11150173131697101,1.2791883558076034,1.9340189184265564
lightgbm,NPB,MLB,full_cross_league,MLB,Marco Gonzales,2018,-0.446309086581809,0.7382895164186252,1.4032738502305806
lightgbm,NPB,MLB,full_cross_league,MLB,Tommy Milone,2018,-0.5197807006538151,-0.10954205013292662,0.16829575038119968
lightgbm,NPB,MLB,full_cross_league,MLB,Derek Holland,2018,0.679015635280563,0.3708426487508749,0.0949705896266273
lightgbm,NPB,MLB,full_cross_league,MLB,Chris Stratton,2018,-0.5174556495755871,-0.2517980261604364,0.07057397287858602
lightgbm,NPB,MLB,full_cross_league,MLB,Dereck Rodríguez,2018,-0.518618175114701,-0.12223776582891212,0.1571174288655695
lightgbm,NPB,MLB,full_cross_league,MLB,Andrew Suárez,2018,-0.5197807006538151,0.06162254090302724,0.33802972929280395
lightgbm,NPB,MLB,full_cross_league,MLB,Tyler Beede,2018,-0.5197807006538151,-0.3308901105637473,0.03567965502457402
lightgbm,NPB,MLB,full_cross_league,MLB,Michael Wacha,2018,0.5581129792127049,-0.3094110969508523,0.7525980227234333
lightgbm,NPB,MLB,full_cross_league,MLB,Adam Wainwright,2018,-0.25100479601065406,-0.38329686847924926,0.017501192438036044
lightgbm,NPB,MLB,full_cross_league,MLB,John Gant,2018,-0.5167488340478061,-0.62172035657411,0.01101902054149031
lightgbm,NPB,MLB,full_cross_league,MLB,Alex Reyes,2018,-0.517995061425736,-0.6816207360143712,0.02677336138458594
lightgbm,NPB,MLB,full_cross_league,MLB,Jack Flaherty,2018,-0.518460071641382,-0.042748692212653275,0.22630131651798388
lightgbm,NPB,MLB,full_cross_league,MLB,Blake Snell,2018,1.23702789405529,1.7716688424265383,0.28584094367530793
lightgbm,NPB,MLB,full_cross_league,MLB,Charlie Morton,2018,2.16704832534651,3.2501410248067892,1.1730897956241546
lightgbm,NPB,MLB,full_cross_league,MLB,Blake Snell,2018,-0.516302424240786,1.7716688424265383,5.234812517095281
lightgbm,NPB,MLB,full_cross_league,MLB,Jake Faria,2018,-0.5197807006538151,-0.5737146654131144,0.0029088725546573438
lightgbm,NPB,MLB,full_cross_league,MLB,Lance Lynn,2018,1.23702789405529,1.872288442504366,0.403555964415821
lightgbm,NPB,MLB,full_cross_league,MLB,Shelby Miller,2018,-0.25100479601065406,-0.34453636160434536,0.008748153762406978
lightgbm,NPB,MLB,full_cross_league,MLB,Yohander Méndez,2018,-0.5192226883950409,-0.6194961271233528,0.01005476251440051
lightgbm,NPB,MLB,full_cross_league,MLB,Jen-Ho Tseng,2018,-0.5197807006538151,-0.5750537203687697,0.003055106708409757
lightgbm,NPB,MLB,full_cross_league,MLB,Adrian Sampson,2018,-0.5197807006538151,-0.21584519092888393,0.09237679407175373
lightgbm,NPB,MLB,full_cross_league,MLB,Ariel Jurado,2018,-0.5197807006538151,-0.5595744170169573,0.0015835398619902126
lightgbm,NPB,MLB,full_cross_league,MLB,Marcus Stroman,2018,0.7534172697838608,-0.144096259024611,0.8055305343942355
lightgbm,NPB,MLB,full_cross_league,MLB,Aaron Sanchez,2018,0.10240296788000901,-0.4003519285681128,0.2527624859025616
lightgbm,NPB,MLB,full_cross_league,MLB,Matt Shoemaker,2018,0.028001333376711398,0.35480504879820735,0.10680066841329411
lightgbm,NPB,MLB,full_cross_league,MLB,Clay Buchholz,2018,-0.06500070975241032,0.2209100133746677,0.08174494159904865
lightgbm,NPB,MLB,full_cross_league,MLB,Sam Gaviglio,2018,-0.5152236005404881,-0.24408937237268272,0.07351376968415156
lightgbm,NPB,MLB,full_cross_league,MLB,Ryan Borucki,2018,-0.517883458973981,-0.4148486315927709,0.010616175653475765
lightgbm,NPB,MLB,full_cross_league,MLB,Thomas Pannone,2018,-0.518832079813898,-0.605825677484259,0.007567886035632633
lightgbm,NPB,MLB,full_cross_league,MLB,Sean Reid-Foley,2018,-0.5197807006538151,-0.4188964589961118,0.010177630214849883
lightgbm,NPB,MLB,full_cross_league,MLB,Patrick Corbin,2018,3.71708231549718,1.532673141187803,4.771643440806975
lightgbm,NPB,MLB,full_cross_league,MLB,Aníbal Sánchez,2018,1.14402585092617,1.1840318878061806,0.0016004829868447672
lightgbm,NPB,MLB,full_cross_league,MLB,Jeremy Hellickson,2018,-0.38120765639142395,0.5026339494650869,0.7811759842430158
lightgbm,NPB,MLB,full_cross_league,MLB,Joe Ross,2018,-0.4370088822688971,-0.490327610216906,0.0028428867499937856
lightgbm,NPB,MLB,full_cross_league,MLB,Austin Voth,2018,-0.5195946965675571,-0.5742874836494867,0.0029913009587892846
lightgbm,NPB,MLB,full_cross_league,MLB,Erick Fedde,2018,-0.5197807006538151,-0.5284899288699776,7.585065612120087e-5
lightgbm,NPB,MLB,full_cross_league,MLB,Madison Bumgarner,2019,2.5390564978629993,1.3375816691545046,1.4435417640201065
lightgbm,NPB,MLB,full_cross_league,MLB,Robbie Ray,2019,1.1310055648880903,0.8088162707579656,0.10380594125206805
lightgbm,NPB,MLB,full_cross_league,MLB,Luke Weaver,2019,-0.5119685290309688,-0.38834306922999556,0.015283254311002047
lightgbm,NPB,MLB,full_cross_league,MLB,Alex Young,2019,-0.51606061892865,-0.44490892658360487,0.005062563323563948
lightgbm,NPB,MLB,full_cross_league,MLB,Taylor Clarke,2019,-0.51606061892865,-0.3792410442046912,0.01871959602764494
lightgbm,NPB,MLB,full_cross_league,MLB,Zac Gallen,2019,-0.51606061892865,-0.3630203408767926,0.02342132670618982
lightgbm,NPB,MLB,full_cross_league,MLB,Corbin Martin,2019,-0.5177904569308521,-0.5940808186564541,0.005820219292223198
lightgbm,NPB,MLB,full_cross_league,MLB,Sean Manaea,2019,0.07450235494127233,-0.6467181365810973,0.5201589973917685
lightgbm,NPB,MLB,full_cross_league,MLB,Chris Bassitt,2019,-0.20450377444609302,1.1695172662085278,1.8879338201616074
lightgbm,NPB,MLB,full_cross_league,MLB,Daniel Mengden,2019,-0.516339625058038,-0.5153089386147952,1.0623145442844498e-6
lightgbm,NPB,MLB,full_cross_league,MLB,Frankie Montas,2019,-0.516339625058038,0.3648718203744959,0.7765336115612957
lightgbm,NPB,MLB,full_cross_league,MLB,Cole Hamels,2019,2.72506058412124,0.6291822942685383,4.392705805875885
lightgbm,NPB,MLB,full_cross_league,MLB,Mike Foltynewicz,2019,0.572063285682073,-0.048789121517745754,0.3854577115258095
lightgbm,NPB,MLB,full_cross_league,MLB,Jhoulys Chacín,2019,-0.325406430513951,0.24692313238276528,0.32756112856554637
lightgbm,NPB,MLB,full_cross_league,MLB,Félix Hernández,2019,-0.4370088822688971,0.2530956613744541,0.47624428115719813
lightgbm,NPB,MLB,full_cross_league,MLB,Max Fried,2019,-0.5144795841954549,1.500998306059973,4.06215112610847
lightgbm,NPB,MLB,full_cross_league,MLB,Michael Soroka,2019,-0.5144795841954549,0.36249744613755736,0.769088711731709
lightgbm,NPB,MLB,full_cross_league,MLB,Bryse Wilson,2019,-0.51606061892865,-0.625883145095028,0.01206098725356478
lightgbm,NPB,MLB,full_cross_league,MLB,Kyle Wright,2019,-0.516339625058038,-0.631451188261248,0.013250671983086618
lightgbm,NPB,MLB,full_cross_league,MLB,John Means,2019,-0.5151305984973589,-0.2596604175378425,0.06526501335948803
lightgbm,NPB,MLB,full_cross_league,MLB,Asher Wojciechowski,2019,-0.51606061892865,-0.06609528692868588,0.2024688000018379
lightgbm,NPB,MLB,full_cross_league,MLB,Chandler Shepherd,2019,-0.51819966592062,-0.5683869774314753,0.0025187662366876304
lightgbm,NPB,MLB,full_cross_league,MLB,David Hess,2019,-0.51819966592062,-0.27996602829336675,0.056755266097113385
lightgbm,NPB,MLB,full_cross_league,MLB,Chris Sale,2019,4.77110553296192,0.12281995373618929,21.60655882603789
lightgbm,NPB,MLB,full_cross_league,MLB,Eduardo Rodríguez,2019,0.9208209474162801,1.9204368275501364,0.9992319078157843
lightgbm,NPB,MLB,full_cross_league,MLB,Martín Pérez,2019,0.49301154902232,0.3286808657373007,0.02700457346892131
lightgbm,NPB,MLB,full_cross_league,MLB,Kyle Hendricks,2019,1.9577937283059896,1.6505267515391175,0.09441299501145352
lightgbm,NPB,MLB,full_cross_league,MLB,Adbert Alzolay,2019,-0.51819966592062,-0.5088743944707268,8.696068761419222e-5
lightgbm,NPB,MLB,full_cross_league,MLB,Dallas Keuchel,2019,2.8180626272503595,0.14198190577946818,7.161408027828166
lightgbm,NPB,MLB,full_cross_league,MLB,Gio González,2019,0.30700746276407703,-0.5930553909154839,0.8101131405737948
lightgbm,NPB,MLB,full_cross_league,MLB,Carlos Rodón,2019,0.20470521532204303,-0.40129801209333554,0.3672399116378551
lightgbm,NPB,MLB,full_cross_league,MLB,Ross Detwiler,2019,-0.4370088822688971,-0.526838579625063,0.008069374527100352
lightgbm,NPB,MLB,full_cross_league,MLB,Lucas Giolito,2019,-0.506388406443222,1.4972027676015298,4.014377592710028
lightgbm,NPB,MLB,full_cross_league,MLB,Reynaldo López,2019,-0.510480496340903,0.5263733207345076,1.0750658379838491
lightgbm,NPB,MLB,full_cross_league,MLB,Dylan Cease,2019,-0.51606061892865,-0.43348090327200484,0.00681940943793236
lightgbm,NPB,MLB,full_cross_league,MLB,Trevor Bauer,2019,2.6320585409921198,1.789769605098616,0.7094506515286109
lightgbm,NPB,MLB,full_cross_league,MLB,Wade Miley,2019,0.772017678409685,1.5798778591492098,0.6526380716244975
lightgbm,NPB,MLB,full_cross_league,MLB,Anthony DeSclafani,2019,0.474411140396496,1.3570127816089652,0.7789856570709442
lightgbm,NPB,MLB,full_cross_league,MLB,Luis Castillo,2019,-0.499599257294796,1.8878388382751605,5.6998606601787
lightgbm,NPB,MLB,full_cross_league,MLB,Tyler Mahle,2019,-0.5095889787554668,-0.25696541456408695,0.06381866518475623
lightgbm,NPB,MLB,full_cross_league,MLB,Mike Clevinger,2019,0.139603785131657,1.3027910232990365,1.3530045510354562
lightgbm,NPB,MLB,full_cross_league,MLB,Shane Bieber,2019,-0.507095221971003,2.634910711706033,9.872201287261701
lightgbm,NPB,MLB,full_cross_league,MLB,Adam Plutko,2019,-0.516097819745902,-0.18496549361634548,0.10964861740797094
lightgbm,NPB,MLB,full_cross_league,MLB,Jefry Rodríguez,2019,-0.517734655704975,-0.540265893396579,5.076566719155582e-4
lightgbm,NPB,MLB,full_cross_league,MLB,Aaron Civale,2019,-0.51784625815673,-0.575243068324882,0.003294393817478878
lightgbm,NPB,MLB,full_cross_league,MLB,Zach Plesac,2019,-0.51819966592062,-0.3190572042423548,0.039657720043279304
lightgbm,NPB,MLB,full_cross_league,MLB,Jon Gray,2019,0.418609914519023,0.7185355197072247,0.08995536864750905
lightgbm,NPB,MLB,full_cross_league,MLB,Kyle Freeland,2019,-0.0882512205346907,-0.08431460754768966,1.549692180942527e-5
lightgbm,NPB,MLB,full_cross_league,MLB,Chi Chi González,2019,-0.29750581757521505,-0.5909547144816845,0.08611225509562372
lightgbm,NPB,MLB,full_cross_league,MLB,Antonio Senzatela,2019,-0.516339625058038,-0.22634297246211266,0.08409805851684181
lightgbm,NPB,MLB,full_cross_league,MLB,Jeff Hoffman,2019,-0.517269645489329,-0.2903271712814002,0.051502886599616424
lightgbm,NPB,MLB,full_cross_league,MLB,Peter Lambert,2019,-0.5178276577481041,-0.43431011400063607,0.006975180113610241
lightgbm,NPB,MLB,full_cross_league,MLB,Matthew Boyd,2019,0.36280868864155,1.300537614940718,0.8793355392181903
lightgbm,NPB,MLB,full_cross_league,MLB,Daniel Norris,2019,-0.07244087320274,-0.2572192072470917,0.034143032732206015
lightgbm,NPB,MLB,full_cross_league,MLB,Iván Nova,2019,-0.34400683913977503,0.7614251946521472,1.2219799813333452
lightgbm,NPB,MLB,full_cross_league,MLB,Spencer Turnbull,2019,-0.516339625058038,-0.3932635612284582,0.015147717487782804
lightgbm,NPB,MLB,full_cross_league,MLB,Dario Agrazal,2019,-0.517381247941084,-0.42960099742248353,0.007705372381108254
lightgbm,NPB,MLB,full_cross_league,MLB,Tyler Alexander,2019,-0.5176230532532201,-0.5585334148696391,0.0016736576875861716
lightgbm,NPB,MLB,full_cross_league,MLB,Justin Verlander,2019,5.515121877994889,3.8418077213459116,2.799980266841878
lightgbm,NPB,MLB,full_cross_league,MLB,Brad Peacock,2019,0.10240296788000901,0.5008481324729311,0.1587585491874808
lightgbm,NPB,MLB,full_cross_league,MLB,José Urquidy,2019,-0.5161350205631541,-0.5635778783968841,0.002250824759431519
lightgbm,NPB,MLB,full_cross_league,MLB,Brad Keller,2019,-0.5089924636508371,0.026183164901678404,0.28641295339657996
lightgbm,NPB,MLB,full_cross_league,MLB,Glenn Sparkman,2019,-0.510573498384032,-0.1612718798448789,0.12201162071407202
lightgbm,NPB,MLB,full_cross_league,MLB,Matt Harvey,2019,-0.51606061892865,-0.2621133724617479,0.06448920398812151
lightgbm,NPB,MLB,full_cross_league,MLB,Julio Teheran,2019,1.0510238077970497,0.09325401304651554,0.9173229797364802
lightgbm,NPB,MLB,full_cross_league,MLB,Dylan Bundy,2019,0.30700746276407703,0.1930855396677186,0.012978204561972604
lightgbm,NPB,MLB,full_cross_league,MLB,Andrew Heaney,2019,0.176804602383306,-0.13586724467551328,0.09776368394317368
lightgbm,NPB,MLB,full_cross_league,MLB,Griffin Canning,2019,-0.5168976373168132,-0.3112869675554862,0.04227574751970146
lightgbm,NPB,MLB,full_cross_league,MLB,Dillon Peters,2019,-0.5171766434462,-0.441117917050485,0.005784929860938231
lightgbm,NPB,MLB,full_cross_league,MLB,José Suarez,2019,-0.5174556495755871,-0.475729171449752,0.001741098976785793
lightgbm,NPB,MLB,full_cross_league,MLB,Patrick Sandoval,2019,-0.517781156726539,-0.5141800284074981,1.2968125170198437e-5
lightgbm,NPB,MLB,full_cross_league,MLB,Jaime Barria,2019,-0.51819966592062,-0.3655593166602216,0.023299076222336384
lightgbm,NPB,MLB,full_cross_league,MLB,Alex Wood,2019,0.12100337650583301,-0.5234706343057447,0.4153467506115616
lightgbm,NPB,MLB,full_cross_league,MLB,Walker Buehler,2019,-0.5107595024702911,1.8061629113749549,5.368129471778482
lightgbm,NPB,MLB,full_cross_league,MLB,Tony Gonsolin,2019,-0.517734655704975,-0.5784415902299747,0.0036853318994225937
lightgbm,NPB,MLB,full_cross_league,MLB,José Ureña,2019,0.07450235494127233,-0.1975852621666079,0.07403167138344442
lightgbm,NPB,MLB,full_cross_league,MLB,Sandy Alcantara,2019,-0.50769043504703,0.7665990290963307,1.6238136384267732
lightgbm,NPB,MLB,full_cross_league,MLB,Caleb Smith,2019,-0.513921571936681,0.6243276580897976,1.2956113096558715
lightgbm,NPB,MLB,full_cross_league,MLB,Pablo López,2019,-0.51606061892865,-0.3778465314436793,0.019103133979303123
lightgbm,NPB,MLB,full_cross_league,MLB,Elieser Hernández,2019,-0.5167116332305541,-0.2986299813232435,0.04755960689862142
lightgbm,NPB,MLB,full_cross_league,MLB,Jordan Yamamoto,2019,-0.5179206597912329,-0.33524835473791237,0.0333691710334934
lightgbm,NPB,MLB,full_cross_league,MLB,Brett Anderson,2019,0.30700746276407703,0.4730013772986948,0.027553979662525985
lightgbm,NPB,MLB,full_cross_league,MLB,Brandon Woodruff,2019,-0.5052537815170468,1.0274430608236715,2.349159610521209
lightgbm,NPB,MLB,full_cross_league,MLB,Adrian Houser,2019,-0.5148329919593458,-0.1873934849410995,0.10721663075635218
lightgbm,NPB,MLB,full_cross_league,MLB,Michael Pineda,2019,1.23702789405529,1.164819079891438,0.005214112842949705
lightgbm,NPB,MLB,full_cross_league,MLB,Jake Odorizzi,2019,2.6878597668695905,2.2012368156841062,0.23680189662047021
lightgbm,NPB,MLB,full_cross_league,MLB,José Berríos,2019,0.125653478662289,1.6837063149173463,2.4275286405624286
lightgbm,NPB,MLB,full_cross_league,MLB,Rich Hill,2019,-0.06500070975241032,0.06569589261083461,0.01708160186929616
lightgbm,NPB,MLB,full_cross_league,MLB,Devin Smeltzer,2019,-0.5168046352736831,-0.599556503387928,0.006847871676397372
lightgbm,NPB,MLB,full_cross_league,MLB,Randy Dobnak,2019,-0.5168046352736831,-0.3659138078532916,0.02276804179961039
lightgbm,NPB,MLB,full_cross_league,MLB,Marcus Stroman,2019,1.6090360665717802,0.7285894324082558,0.775186275609879
lightgbm,NPB,MLB,full_cross_league,MLB,Rick Porcello,2019,1.23702789405529,1.8278699269915908,0.34909430788430085
lightgbm,NPB,MLB,full_cross_league,MLB,Noah Syndergaard,2019,1.1812266681778198,1.5696773686669967,0.1508939467105322
lightgbm,NPB,MLB,full_cross_league,MLB,Steven Matz,2019,0.30700746276407703,0.8618692151442285,0.3078715642543726
lightgbm,NPB,MLB,full_cross_league,MLB,Michael Wacha,2019,-0.06500070975241032,-0.19597532706435286,0.0171543503800098
lightgbm,NPB,MLB,full_cross_league,MLB,Gerrit Cole,2019,6.07313413676962,2.3025195998710597,14.217533985870745
lightgbm,NPB,MLB,full_cross_league,MLB,James Paxton,2019,1.7020381097009,2.2679426225544432,0.320247917668006
lightgbm,NPB,MLB,full_cross_league,MLB,Jordan Montgomery,2019,-0.4732796790892551,-0.6090935704380984,0.018445413083315414
lightgbm,NPB,MLB,full_cross_league,MLB,Zack Wheeler,2019,3.7666834671674003,1.770886664806828,3.9832048763126853
lightgbm,NPB,MLB,full_cross_league,MLB,Vince Velasquez,2019,0.0466017420025358,-0.10566322146538505,0.02318461909988727
lightgbm,NPB,MLB,full_cross_league,MLB,Zach Eflin,2019,-0.13475224209925202,-0.0302691511323341,0.010916716298001245
lightgbm,NPB,MLB,full_cross_league,MLB,Trevor Williams,2019,-0.0975514248476029,-0.15459304089607814,0.003253745961421668
lightgbm,NPB,MLB,full_cross_league,MLB,Joe Musgrove,2019,-0.10220152700405902,0.4471085953711998,0.3017416105439218
lightgbm,NPB,MLB,full_cross_league,MLB,Jameson Taillon,2019,-0.20450377444609302,-0.3645869531567619,0.02562662410611194
lightgbm,NPB,MLB,full_cross_league,MLB,Steven Brault,2019,-0.5131775555916479,-0.4234627904625415,0.00804873908217073
lightgbm,NPB,MLB,full_cross_league,MLB,Mitch Keller,2019,-0.515595608713005,-0.4048185769990583,0.012271550755352753
lightgbm,NPB,MLB,full_cross_league,MLB,Zach Davies,2019,0.353508484328637,-0.17970328680985673,0.2843147928806494
lightgbm,NPB,MLB,full_cross_league,MLB,Dinelson Lamet,2019,-0.38120765639142395,-0.13571530085702482,0.06026649662582783
lightgbm,NPB,MLB,full_cross_league,MLB,Joey Lucchesi,2019,-0.5115407196325751,0.4422668510632922,0.9097488819167519
lightgbm,NPB,MLB,full_cross_league,MLB,Chris Paddack,2019,-0.5135495637641639,-0.10623720373597284,0.16590335863173478
lightgbm,NPB,MLB,full_cross_league,MLB,Eric Lauer,2019,-0.5147027890989648,-0.5283070898891716,1.8507699999042144e-4
lightgbm,NPB,MLB,full_cross_league,MLB,Jerad Eickhoff,2019,-0.51606061892865,-0.4506330385166407,0.004280768278569936
lightgbm,NPB,MLB,full_cross_league,MLB,Cal Quantrill,2019,-0.5166558320046772,-0.3252997932949786,0.03661713355066768
lightgbm,NPB,MLB,full_cross_league,MLB,Ronald Bolaños,2019,-0.51819966592062,-0.6121907987339433,0.008834333047531796
lightgbm,NPB,MLB,full_cross_league,MLB,Marco Gonzales,2019,0.772017678409685,1.187829471885521,0.17289944759359116
lightgbm,NPB,MLB,full_cross_league,MLB,Taijuan Walker,2019,-0.25100479601065406,-0.6734811564782138,0.1784862751539155
lightgbm,NPB,MLB,full_cross_league,MLB,Justus Sheffield,2019,-0.5176788544790972,-0.5129048173542298,2.279143046961275e-5
lightgbm,NPB,MLB,full_cross_league,MLB,Justin Dunn,2019,-0.5180136618343618,-0.644955353213466,0.016114193010187728
lightgbm,NPB,MLB,full_cross_league,MLB,Nick Margevicius,2019,-0.51819966592062,-0.5207352877818312,6.429378223052438e-6
lightgbm,NPB,MLB,full_cross_league,MLB,Kevin Gausman,2019,1.0510238077970497,-0.1291382439189225,1.3927824683104533
lightgbm,NPB,MLB,full_cross_league,MLB,Drew Smyly,2019,0.12100337650583301,-0.16045794499215596,0.0792204754993943
lightgbm,NPB,MLB,full_cross_league,MLB,Tyler Anderson,2019,-0.29285571541875804,-0.20553269005482602,0.007625310758709915
lightgbm,NPB,MLB,full_cross_league,MLB,Tyson Ross,2019,-0.29750581757521505,-0.014892025049080247,0.07987055572600515
lightgbm,NPB,MLB,full_cross_league,MLB,Dereck Rodríguez,2019,-0.515874614842392,-0.32254291075517677,0.037377147805266575
lightgbm,NPB,MLB,full_cross_league,MLB,Tyler Beede,2019,-0.5170371403815059,-0.2915213451561148,0.05085737389614056
lightgbm,NPB,MLB,full_cross_league,MLB,Logan Webb,2019,-0.517618403151063,-0.6081669514705376,0.00819903960276422
lightgbm,NPB,MLB,full_cross_league,MLB,Rico Garcia,2019,-0.51819966592062,-0.6142149100467877,0.0092189271046076
lightgbm,NPB,MLB,full_cross_league,MLB,Shaun Anderson,2019,-0.51819966592062,-0.7684157085205057,0.06260806797434783
lightgbm,NPB,MLB,full_cross_league,MLB,Miles Mikolas,2019,2.5390564978629993,1.7405071030631745,0.6376811359351664
lightgbm,NPB,MLB,full_cross_league,MLB,Adam Wainwright,2019,0.30700746276407703,1.8441002962145494,2.3626543786448013
lightgbm,NPB,MLB,full_cross_league,MLB,Jack Flaherty,2019,-0.510573498384032,1.4540326975932971,3.859677505272512
lightgbm,NPB,MLB,full_cross_league,MLB,Dakota Hudson,2019,-0.51503759645423,0.41409947427008714,0.8632956961941648
lightgbm,NPB,MLB,full_cross_league,MLB,Daniel Ponce de Leon,2019,-0.516469827918419,-0.38157653166617517,0.01819620137379562
lightgbm,NPB,MLB,full_cross_league,MLB,Tyler Glasnow,2019,-0.24170459169774103,-0.33675444929624826,0.009034475429496503
lightgbm,NPB,MLB,full_cross_league,MLB,Ryan Yarbrough,2019,-0.515409604626747,0.04897611048547884,0.3185312354227385
lightgbm,NPB,MLB,full_cross_league,MLB,Yonny Chirinos,2019,-0.515744411982011,-0.3884169405428577,0.016212284983088413
lightgbm,NPB,MLB,full_cross_league,MLB,Dylan Covey,2019,-0.51606061892865,-0.27723912758054053,0.057035704729735105
lightgbm,NPB,MLB,full_cross_league,MLB,Trevor Richards,2019,-0.51606061892865,-0.16083020231262304,0.12618864888919606
lightgbm,NPB,MLB,full_cross_league,MLB,Sean Gilmartin,2019,-0.51606061892865,-0.5800301341439703,0.0040920988768831015
lightgbm,NPB,MLB,full_cross_league,MLB,Brendan McKay,2019,-0.51819966592062,-0.6602028941968175,0.020164916840861885
lightgbm,NPB,MLB,full_cross_league,MLB,Kyle Gibson,2019,1.1130251078817701,1.7769584121990158,0.4408074325816164
lightgbm,NPB,MLB,full_cross_league,MLB,Jordan Lyles,2019,0.8650197215388071,1.006765034760291,0.02009173382025657
lightgbm,NPB,MLB,full_cross_league,MLB,Kolby Allard,2019,-0.5176416536618462,-0.4724082013414893,0.0020460652088180025
lightgbm,NPB,MLB,full_cross_league,MLB,Brock Burke,2019,-0.5180136618343618,-0.6055487132003171,0.0076623852176404324
lightgbm,NPB,MLB,full_cross_league,MLB,Taylor Hearn,2019,-0.51819966592062,-0.6864579462004935,0.028310848882740484
lightgbm,NPB,MLB,full_cross_league,MLB,Ariel Jurado,2019,-0.51819966592062,-0.3457939840359373,0.029723719146122388
lightgbm,NPB,MLB,full_cross_league,MLB,Joe Palumbo,2019,-0.51819966592062,-0.6258733636563562,0.011593625184086685
lightgbm,NPB,MLB,full_cross_league,MLB,Tanner Roark,2019,1.6090360665717802,1.775743682176257,0.027791429100530025
lightgbm,NPB,MLB,full_cross_league,MLB,Matt Shoemaker,2019,0.15820419375748207,-0.11710605945720187,0.07579573552513338
lightgbm,NPB,MLB,full_cross_league,MLB,Trent Thornton,2019,-0.514777190733469,-0.5162960073873356,2.306804028062722e-6
lightgbm,NPB,MLB,full_cross_league,MLB,Ryan Borucki,2019,-0.5162838238321599,-0.6558829282164002,0.019487909944882014
lightgbm,NPB,MLB,full_cross_league,MLB,Sean Reid-Foley,2019,-0.5164884283270439,-0.5758833451030912,0.0035277561388335917
lightgbm,NPB,MLB,full_cross_league,MLB,Anthony Kay,2019,-0.5178090573394782,-0.5839509402471175,0.0043747486745678585
lightgbm,NPB,MLB,full_cross_league,MLB,Jacob Waguespack,2019,-0.51819966592062,-0.3739958108728415,0.020794751810640697
lightgbm,NPB,MLB,full_cross_league,MLB,T.J. Zeuch,2019,-0.51819966592062,-0.6284195670259641,0.012148426599671852
lightgbm,NPB,MLB,full_cross_league,MLB,Stephen Strasburg,2019,5.887130050511379,2.5248440708277387,11.304967009177178
lightgbm,NPB,MLB,full_cross_league,MLB,Austin Voth,2019,-0.5171952438548261,-0.49274767490244686,5.976836276813357e-4
lightgbm,NPB,MLB,full_cross_league,MLB,Erick Fedde,2019,-0.51819966592062,-0.36815832730719616,0.022512403292908094
lightgbm,NPB,MLB,full_cross_league,MLB,Luke Weaver,2020,-0.260305000323566,-0.181722940651902,0.006175140102240963
lightgbm,NPB,MLB,full_cross_league,MLB,Caleb Smith,2020,-0.35051698215881405,-0.44035581208249247,0.008071015362055617
lightgbm,NPB,MLB,full_cross_league,MLB,Zac Gallen,2020,-0.5100154861252579,-0.43941482888581457,0.004984452802641367
lightgbm,NPB,MLB,full_cross_league,MLB,Sean Manaea,2020,0.483711344709408,-0.6189776789713871,1.2159230829461052
lightgbm,NPB,MLB,full_cross_league,MLB,Chris Bassitt,2020,0.288407054138252,-0.24083452724609902,0.2800966514662087
lightgbm,NPB,MLB,full_cross_league,MLB,Frankie Montas,2020,-0.28820561326230204,-0.38075271578457864,0.008564966185268776
lightgbm,NPB,MLB,full_cross_league,MLB,Jesús Luzardo,2020,-0.5159676168855211,-0.4304957765610846,0.00730543548844596
lightgbm,NPB,MLB,full_cross_league,MLB,Daulton Jefferies,2020,-0.5168976373168132,-0.6644742954846813,0.021778870035995802
lightgbm,NPB,MLB,full_cross_league,MLB,Paul Blackburn,2020,-0.5168976373168132,-0.7491038863323477,0.05391974208186444
lightgbm,NPB,MLB,full_cross_league,MLB,Charlie Morton,2020,2.16704832534651,0.6284110041377472,2.367404806216477
lightgbm,NPB,MLB,full_cross_league,MLB,Drew Smyly,2020,1.4230319803135398,0.06361401021766465,1.8480172174195901
lightgbm,NPB,MLB,full_cross_league,MLB,Max Fried,2020,0.028001333376711398,-0.4539455123318721,0.23227276208845318
lightgbm,NPB,MLB,full_cross_league,MLB,Michael Soroka,2020,-0.10220152700405902,-0.7028114132280763,0.3607322354300269
lightgbm,NPB,MLB,full_cross_league,MLB,Sean Newcomb,2020,-0.5113175147290648,-0.5646056641117932,0.0028396268646359783
lightgbm,NPB,MLB,full_cross_league,MLB,Touki Toussaint,2020,-0.5131775555916479,-0.4233396336003604,0.008070852227712656
lightgbm,NPB,MLB,full_cross_league,MLB,Huascar Ynoa,2020,-0.51503759645423,-0.6274293983366812,0.01263191713038417
lightgbm,NPB,MLB,full_cross_league,MLB,Ian Anderson,2020,-0.5159676168855211,-0.36741510748628214,0.022067848048810967
lightgbm,NPB,MLB,full_cross_league,MLB,Tanner Roark,2020,-0.5168976373168132,-0.19584554422929548,0.10307444647587613
lightgbm,NPB,MLB,full_cross_league,MLB,Kyle Wright,2020,-0.5168976373168132,-0.6020468276561854,0.007250384615450652
lightgbm,NPB,MLB,full_cross_league,MLB,Tucker Davidson,2020,-0.5168976373168132,-0.6471060428256297,0.0169542288651484
lightgbm,NPB,MLB,full_cross_league,MLB,Matt Harvey,2020,-0.4370088822688971,-0.5306283933552864,0.008764612856054574
lightgbm,NPB,MLB,full_cross_league,MLB,Wade LeBlanc,2020,-0.49281010814637,0.4932398802428299,0.9722945796023412
lightgbm,NPB,MLB,full_cross_league,MLB,John Means,2020,-0.5126195433328731,-0.5354840636976728,5.227862915123398e-4
lightgbm,NPB,MLB,full_cross_league,MLB,Jorge López,2020,-0.5138750709151161,-0.43214468205450557,0.006679856463306607
lightgbm,NPB,MLB,full_cross_league,MLB,Dean Kremer,2020,-0.516525629144296,-0.3895885081291168,0.01611303269162226
lightgbm,NPB,MLB,full_cross_league,MLB,Bruce Zimmermann,2020,-0.5167116332305541,-0.5511550458584535,0.0011863486734557402
lightgbm,NPB,MLB,full_cross_league,MLB,Keegan Akin,2020,-0.5168976373168132,-0.485568056946917,9.815426061537814e-4
lightgbm,NPB,MLB,full_cross_league,MLB,Garrett Richards,2020,1.23702789405529,-0.028206655376861067,1.6008184650767778
lightgbm,NPB,MLB,full_cross_league,MLB,Martín Pérez,2020,0.30700746276407703,-0.3882082080383905,0.4833248289293248
lightgbm,NPB,MLB,full_cross_league,MLB,Tanner Houck,2020,-0.515688610756134,-0.5948980239842918,0.006274131143949056
lightgbm,NPB,MLB,full_cross_league,MLB,Chris Mazza,2020,-0.5168976373168132,-0.15868101392867756,0.12831914927159738
lightgbm,NPB,MLB,full_cross_league,MLB,Zach Davies,2020,0.9822022958814999,-0.281268358373477,1.5963580941634996
lightgbm,NPB,MLB,full_cross_league,MLB,Jake Arrieta,2020,0.49301154902232,0.14347443246673383,0.12217619584999342
lightgbm,NPB,MLB,full_cross_league,MLB,Trevor Williams,2020,-0.15800275288153204,-0.41037994994712235,0.0636942495986838
lightgbm,NPB,MLB,full_cross_league,MLB,Alec Mills,2020,-0.511410516772194,-0.3307296151949274,0.03264558819477389
lightgbm,NPB,MLB,full_cross_league,MLB,Adbert Alzolay,2020,-0.5164326271011669,-0.3004091267232785,0.04666615271551554
lightgbm,NPB,MLB,full_cross_league,MLB,Lucas Giolito,2020,0.14890398944457003,-0.15477473757971083,0.0922207692470877
lightgbm,NPB,MLB,full_cross_league,MLB,Carlos Rodón,2020,-0.06500070975241032,-0.6085018461635812,0.2953934852802341
lightgbm,NPB,MLB,full_cross_league,MLB,Reynaldo López,2020,-0.23240438738482905,-0.5384363112765587,0.09365553844087339
lightgbm,NPB,MLB,full_cross_league,MLB,Dylan Cease,2020,-0.511410516772194,-0.46963118233354745,0.0017455127861362742
lightgbm,NPB,MLB,full_cross_league,MLB,Dane Dunning,2020,-0.516525629144296,-0.42740336514629956,0.007942777940128572
lightgbm,NPB,MLB,full_cross_league,MLB,Jonathan Stiever,2020,-0.5168976373168132,-0.6432451868368615,0.015963703269721068
lightgbm,NPB,MLB,full_cross_league,MLB,Luis Castillo,2020,0.15820419375748207,0.11514017932943241,0.0018545093386592695
lightgbm,NPB,MLB,full_cross_league,MLB,Tyler Mahle,2020,-0.213803978759005,-0.23110757625204628,2.994144862011844e-4
lightgbm,NPB,MLB,full_cross_league,MLB,Shane Bieber,2020,-0.4965859910974121,0.010548307176984874,0.257185196486265
lightgbm,NPB,MLB,full_cross_league,MLB,Zach Plesac,2020,-0.5132333568175249,-0.5083918792339671,2.343990519209264e-5
lightgbm,NPB,MLB,full_cross_league,MLB,Aaron Civale,2020,-0.513754168259048,-0.3853500273321958,0.016487623407162907
lightgbm,NPB,MLB,full_cross_league,MLB,Triston McKenzie,2020,-0.5160048177027731,-0.31344539665720156,0.041030319054317116
lightgbm,NPB,MLB,full_cross_league,MLB,Jon Gray,2020,0.49301154902232,-0.4342688601922601,0.8598489573131591
lightgbm,NPB,MLB,full_cross_league,MLB,Kyle Freeland,2020,0.311657564920533,-0.45845519528633716,0.5930736634334443
lightgbm,NPB,MLB,full_cross_league,MLB,Antonio Senzatela,2020,-0.06500070975241032,-0.43422115548203516,0.13632373754478286
lightgbm,NPB,MLB,full_cross_league,MLB,Chi Chi González,2020,-0.4184084736430731,-0.44299059129390495,6.042805081993386e-4
lightgbm,NPB,MLB,full_cross_league,MLB,Ryan Castellani,2020,-0.5168976373168132,-0.5448646522046445,7.821539217361818e-4
lightgbm,NPB,MLB,full_cross_league,MLB,Matthew Boyd,2020,0.5860135921514419,0.027079715640708008,0.3124070783113163
lightgbm,NPB,MLB,full_cross_league,MLB,José Ureña,2020,-0.0184996881878494,-0.5276725203451943,0.2592569730071317
lightgbm,NPB,MLB,full_cross_league,MLB,Michael Fulmer,2020,-0.046400301126585906,-0.47260925224614636,0.1816540700144359
lightgbm,NPB,MLB,full_cross_league,MLB,Julio Teheran,2020,-0.06500070975241032,-0.36234052250103976,0.08841096424539001
lightgbm,NPB,MLB,full_cross_league,MLB,Spencer Turnbull,2020,-0.5138471703021771,-0.4772701001215981,0.0013378820629950004
lightgbm,NPB,MLB,full_cross_league,MLB,Tarik Skubal,2020,-0.516190821789031,-0.6428021499370066,0.016030428415394357
lightgbm,NPB,MLB,full_cross_league,MLB,Casey Mize,2020,-0.5162280226062831,-0.5249353505246257,7.581755947754866e-5
lightgbm,NPB,MLB,full_cross_league,MLB,Jake Odorizzi,2020,0.8340189784944041,-0.6612602595654137,2.235859999772749
lightgbm,NPB,MLB,full_cross_league,MLB,Framber Valdez,2020,-0.5044725643547618,-0.21824331590195,0.08192718266986149
lightgbm,NPB,MLB,full_cross_league,MLB,Cristian Javier,2020,-0.507616033412526,-0.44372465541380196,0.0040821081825758426
lightgbm,NPB,MLB,full_cross_league,MLB,José Urquidy,2020,-0.5106292996099101,-0.6892370347909836,0.031900723066512496
lightgbm,NPB,MLB,full_cross_league,MLB,Brandon Bielak,2020,-0.5115965208584529,-0.5690001196669517,0.0032951731561670938
lightgbm,NPB,MLB,full_cross_league,MLB,Mike Minor,2020,1.0510238077970497,0.06012838031522818,0.9818737482043819
lightgbm,NPB,MLB,full_cross_league,MLB,Brad Keller,2020,1.0072043797491602e-4,-0.3737945995047133,0.13979771027504517
lightgbm,NPB,MLB,full_cross_league,MLB,Brady Singer,2020,-0.5125823425156208,-0.5058164122104026,4.577781289507025e-5
lightgbm,NPB,MLB,full_cross_league,MLB,Carlos Hernández,2020,-0.5168976373168132,-0.6432194303809599,0.0159571954029411
lightgbm,NPB,MLB,full_cross_league,MLB,Kris Bubic,2020,-0.5168976373168132,-0.6492116956648127,0.017507010036517837
lightgbm,NPB,MLB,full_cross_league,MLB,Ronald Bolaños,2020,-0.5168976373168132,-0.6613811658771943,0.02087549002525848
lightgbm,NPB,MLB,full_cross_league,MLB,Dylan Bundy,2020,0.925471049572736,-0.19495668158082052,1.255358300737906
lightgbm,NPB,MLB,full_cross_league,MLB,Andrew Heaney,2020,0.6325146137160019,0.24868812533828175,0.14732277318037215
lightgbm,NPB,MLB,full_cross_league,MLB,Jaime Barria,2020,-0.5131775555916479,-0.521210927841624,6.453506970668661e-5
lightgbm,NPB,MLB,full_cross_league,MLB,Griffin Canning,2020,-0.5131775555916479,-0.5547532416394243,0.0017285376703432688
lightgbm,NPB,MLB,full_cross_league,MLB,Dillon Peters,2020,-0.5168976373168132,-0.6039582280688037,0.007579546462085586
lightgbm,NPB,MLB,full_cross_league,MLB,Patrick Sandoval,2020,-0.5168976373168132,-0.6123356087421039,0.009108406389774615
lightgbm,NPB,MLB,full_cross_league,MLB,José Suarez,2020,-0.5168976373168132,-0.6386791370851331,0.014830733685821319
lightgbm,NPB,MLB,full_cross_league,MLB,Trevor Bauer,2020,5.701125964253141,0.487954114317054,27.17716073696604
lightgbm,NPB,MLB,full_cross_league,MLB,Walker Buehler,2020,0.12100337650583301,-0.3575563322608089,0.2290193948548131
lightgbm,NPB,MLB,full_cross_league,MLB,Julio Urías,2020,0.0466017420025358,-0.5440097798077859,0.348821969695104
lightgbm,NPB,MLB,full_cross_league,MLB,Cole Hamels,2020,-0.4370088822688971,0.49147454636013355,0.8620814772387203
lightgbm,NPB,MLB,full_cross_league,MLB,Dustin May,2020,-0.5131775555916479,-0.5879938937177268,0.005597484450595768
lightgbm,NPB,MLB,full_cross_league,MLB,Tony Gonsolin,2020,-0.51503759645423,-0.411773628604298,0.010663447056111783
lightgbm,NPB,MLB,full_cross_league,MLB,Sandy Alcantara,2020,-0.505830394184447,-0.4882892238235799,3.0769265762896076e-4
lightgbm,NPB,MLB,full_cross_league,MLB,Pablo López,2020,-0.5123405372034862,-0.30709121870073525,0.04212728274584369
lightgbm,NPB,MLB,full_cross_league,MLB,Elieser Hernández,2020,-0.515316602583618,-0.3003399667213887,0.04621495396664154
lightgbm,NPB,MLB,full_cross_league,MLB,Trevor Rogers,2020,-0.5168976373168132,-0.5246638258420525,6.0313684209559496e-5
lightgbm,NPB,MLB,full_cross_league,MLB,Daniel Castano,2020,-0.5168976373168132,-0.5492977329415605,0.001049766196492771
lightgbm,NPB,MLB,full_cross_league,MLB,Braxton Garrett,2020,-0.5168976373168132,-0.6476997119150589,0.017109182719205054
lightgbm,NPB,MLB,full_cross_league,MLB,Jordan Yamamoto,2020,-0.5168976373168132,-0.681381907243425,0.02705507505329049
lightgbm,NPB,MLB,full_cross_league,MLB,Brandon Woodruff,2020,-0.013849586031393302,-0.06612382424739204,0.0027325959810629826
lightgbm,NPB,MLB,full_cross_league,MLB,Brett Anderson,2020,-0.15800275288153204,-0.13950461741583475,3.4218101570728773e-4
lightgbm,NPB,MLB,full_cross_league,MLB,Jordan Zimmermann,2020,-0.4370088822688971,1.0742666041850257,2.2839535959565413
lightgbm,NPB,MLB,full_cross_league,MLB,Zack Godley,2020,-0.47420969952054604,-0.07834250208107951,0.15671083800857757
lightgbm,NPB,MLB,full_cross_league,MLB,Corbin Burnes,2020,-0.5099224840821279,-0.17514479654543805,0.11207610007241357
lightgbm,NPB,MLB,full_cross_league,MLB,Adrian Houser,2020,-0.5143679817437008,-0.6483996579391812,0.017964490223770106
lightgbm,NPB,MLB,full_cross_league,MLB,Eric Lauer,2020,-0.5168976373168132,-0.6356679108846353,0.014106377883375302
lightgbm,NPB,MLB,full_cross_league,MLB,Randy Dobnak,2020,-0.27890540894939003,-0.34129850359071123,0.0038928982589208645
lightgbm,NPB,MLB,full_cross_league,MLB,J.A. Happ,2020,0.8650197215388071,0.3949063823891103,0.22100655164647787
lightgbm,NPB,MLB,full_cross_league,MLB,José Berríos,2020,0.5116119576481442,-0.15829387940314996,0.44877383051539504
lightgbm,NPB,MLB,full_cross_league,MLB,Matt Shoemaker,2020,-0.25100479601065406,0.20282840938904645,0.20596457832336676
lightgbm,NPB,MLB,full_cross_league,MLB,Taijuan Walker,2020,0.8030184214540881,-0.4669702102281656,1.6128711246021632
lightgbm,NPB,MLB,full_cross_league,MLB,Steven Matz,2020,0.34420828001572495,-0.10808623974527326,0.20457033260583202
lightgbm,NPB,MLB,full_cross_league,MLB,Robert Gsellman,2020,-0.38120765639142395,-0.564181087534619,0.03347927650431355
lightgbm,NPB,MLB,full_cross_league,MLB,Joey Lucchesi,2020,-0.5100898877597609,-0.6036160508407091,0.008747143180644117
lightgbm,NPB,MLB,full_cross_league,MLB,David Peterson,2020,-0.514061075001374,-0.3877367367845329,0.015957838425922855
lightgbm,NPB,MLB,full_cross_league,MLB,Corey Kluber,2020,1.4230319803135398,-0.09471535385966084,2.3035569703898573
lightgbm,NPB,MLB,full_cross_league,MLB,Jordan Montgomery,2020,-0.226824264797082,-0.46883282758675376,0.058568144463522494
lightgbm,NPB,MLB,full_cross_league,MLB,Asher Wojciechowski,2020,-0.4835099038334581,-0.12665807963263745,0.1273432244354534
lightgbm,NPB,MLB,full_cross_league,MLB,Deivi García,2020,-0.5168976373168132,-0.34260231449628126,0.030378859557113426
lightgbm,NPB,MLB,full_cross_league,MLB,Zach Eflin,2020,0.20470521532204303,-0.22505561665808765,0.18469437270425415
lightgbm,NPB,MLB,full_cross_league,MLB,Vince Velasquez,2020,0.12100337650583301,-0.21630460329845097,0.11377667323964723
lightgbm,NPB,MLB,full_cross_league,MLB,Chase Anderson,2020,0.12100337650583301,0.5222213967995992,0.16097589980844898
lightgbm,NPB,MLB,full_cross_league,MLB,Spencer Howard,2020,-0.5168976373168132,-0.6409998226505428,0.015401352404607377
lightgbm,NPB,MLB,full_cross_league,MLB,Adonis Medina,2020,-0.5168976373168132,-0.6914338618518209,0.03046289367493463
lightgbm,NPB,MLB,full_cross_league,MLB,Tyler Anderson,2020,-0.15800275288153204,-0.28300937215088823,0.015626654861153774
lightgbm,NPB,MLB,full_cross_league,MLB,Chad Kuhl,2020,-0.226824264797082,-0.5081632356734722,0.07915161653378633
lightgbm,NPB,MLB,full_cross_league,MLB,Steven Brault,2020,-0.24170459169774103,-0.19159981413001254,0.0025104887351115484
lightgbm,NPB,MLB,full_cross_league,MLB,Trevor Cahill,2020,-0.34400683913977503,0.35191542803687126,0.48430780195228346
lightgbm,NPB,MLB,full_cross_league,MLB,JT Brubaker,2020,-0.5131775555916479,-0.44923324146441396,0.004088875309202371
lightgbm,NPB,MLB,full_cross_league,MLB,Cody Ponce,2020,-0.51503759645423,-0.38500558535569895,0.016908323910328493
lightgbm,NPB,MLB,full_cross_league,MLB,Mitch Keller,2020,-0.515316602583618,-0.5537564935293641,0.0014776252159208506
lightgbm,NPB,MLB,full_cross_league,MLB,Chase De Jong,2020,-0.5168976373168132,-0.42298015728327387,0.00882049305585025
lightgbm,NPB,MLB,full_cross_league,MLB,Mike Clevinger,2020,0.44651052745775904,-0.0482723218899673,0.24481006800865485
lightgbm,NPB,MLB,full_cross_league,MLB,Joe Musgrove,2020,0.20470521532204303,-0.3274832748627567,0.28322458908517667
lightgbm,NPB,MLB,full_cross_league,MLB,Dinelson Lamet,2020,0.15820419375748207,-0.2083178204559323,0.1343383869030583
lightgbm,NPB,MLB,full_cross_league,MLB,Chris Paddack,2020,-0.50938307223198,-0.5027557850761758,4.392093504548712e-5
lightgbm,NPB,MLB,full_cross_league,MLB,Vince Velasquez,2020,-0.5168976373168132,-0.21630460329845097,0.09035617210036424
lightgbm,NPB,MLB,full_cross_league,MLB,Jake Arrieta,2020,-0.5168976373168132,0.14347443246673383,0.43609127055020586
lightgbm,NPB,MLB,full_cross_league,MLB,James Paxton,2020,0.958021764667928,0.20148205582623607,0.5723523310542719
lightgbm,NPB,MLB,full_cross_league,MLB,Justus Sheffield,2020,-0.5067604146157381,-0.5773014299932392,0.00497603485048885
lightgbm,NPB,MLB,full_cross_league,MLB,Nick Margevicius,2020,-0.5138471703021771,-0.636276870639935,0.014989031524793198
lightgbm,NPB,MLB,full_cross_league,MLB,Justin Dunn,2020,-0.514219178474694,-0.5689902337229826,0.002999868493011085
lightgbm,NPB,MLB,full_cross_league,MLB,Jimmy Yacabonis,2020,-0.5168976373168132,-0.6277267252612746,0.01228308673460117
lightgbm,NPB,MLB,full_cross_league,MLB,Ljay Newsome,2020,-0.5168976373168132,-0.5966335812264306,0.006357820751157663
lightgbm,NPB,MLB,full_cross_league,MLB,Kevin Gausman,2020,2.8924642617536596,0.13935234263290444,7.579625239204767
lightgbm,NPB,MLB,full_cross_league,MLB,Anthony DeSclafani,2020,0.49301154902232,-0.2586597065222633,0.5650096764119702
lightgbm,NPB,MLB,full_cross_league,MLB,Logan Webb,2020,-0.514572586238585,-0.4523500070736123,0.003871649357941302
lightgbm,NPB,MLB,full_cross_league,MLB,Tyler Chatwood,2020,-0.5168976373168132,-0.11365239097606224,0.1626067286964129
lightgbm,NPB,MLB,full_cross_league,MLB,Adam Wainwright,2020,0.8650197215388071,0.9369873853184327,0.005179344629897235
lightgbm,NPB,MLB,full_cross_league,MLB,Jack Flaherty,2020,0.10240296788000901,-0.49618444587197114,0.3583068919022842
lightgbm,NPB,MLB,full_cross_league,MLB,Dakota Hudson,2020,-0.512210334343105,-0.590331063899013,0.006102848386347315
lightgbm,NPB,MLB,full_cross_league,MLB,Daniel Ponce de Leon,2020,-0.5141075760229389,0.07341577588356482,0.34518368903545343
lightgbm,NPB,MLB,full_cross_league,MLB,Wade LeBlanc,2020,-0.5168976373168132,0.4932398802428299,1.0203778043815581
lightgbm,NPB,MLB,full_cross_league,MLB,Johan Oviedo,2020,-0.5168976373168132,-0.6551666346849068,0.01911831563317788
lightgbm,NPB,MLB,full_cross_league,MLB,Tyler Glasnow,2020,0.12100337650583301,-0.21646528717402275,0.11388509896586758
lightgbm,NPB,MLB,full_cross_league,MLB,Michael Wacha,2020,-0.06500070975241032,-0.19016574824780805,0.015666286861554395
lightgbm,NPB,MLB,full_cross_league,MLB,Rich Hill,2020,-0.15800275288153204,0.3142841460668343,0.2230549149182644
lightgbm,NPB,MLB,full_cross_league,MLB,Ryan Yarbrough,2020,-0.195203570133181,-0.2596211343472802,0.004149622579277593
lightgbm,NPB,MLB,full_cross_league,MLB,Yonny Chirinos,2020,-0.4044581671737041,-0.4687863813548449,0.004138119139734726
lightgbm,NPB,MLB,full_cross_league,MLB,Josh Fleming,2020,-0.5168976373168132,-0.37055132289654524,0.021417243744395915
lightgbm,NPB,MLB,full_cross_league,MLB,Mike Foltynewicz,2020,-0.25100479601065406,-0.5346382002231959,0.08044790798519512
lightgbm,NPB,MLB,full_cross_league,MLB,Kolby Allard,2020,-0.5143400811307619,-0.6417809740163011,0.01624118117946347
lightgbm,NPB,MLB,full_cross_league,MLB,Robbie Ray,2020,0.8650197215388071,-0.3166977924858036,1.3964562829525062
lightgbm,NPB,MLB,full_cross_league,MLB,Ross Stripling,2020,-0.06500070975241032,-0.34335102778483695,0.07747889954875303
lightgbm,NPB,MLB,full_cross_league,MLB,Tyler Chatwood,2020,-0.06500070975241032,-0.11365239097606224,0.0023669860858878448
lightgbm,NPB,MLB,full_cross_league,MLB,Tommy Milone,2020,-0.4370088822688971,-0.3677768963643019,0.004793067872294073
lightgbm,NPB,MLB,full_cross_league,MLB,Trent Thornton,2020,-0.5127311457846279,-0.33865785519563446,0.03030151049648014
lightgbm,NPB,MLB,full_cross_league,MLB,Nate Pearson,2020,-0.515595608713005,-0.5983431714773599,0.006847159143440855
lightgbm,NPB,MLB,full_cross_league,MLB,Jon Lester,2020,0.30700746276407703,0.38329517862563933,0.005819815591374464
lightgbm,NPB,MLB,full_cross_league,MLB,Austin Voth,2020,-0.5136983670331712,-0.3758142053390426,0.0190120420460926
lightgbm,NPB,MLB,full_cross_league,MLB,Erick Fedde,2020,-0.51606061892865,-0.5358495144225919,3.9160038487015466e-4
lightgbm,NPB,MLB,full_cross_league,MLB,Wil Crowe,2020,-0.516246623014909,-0.6149900753444835,0.00975026937796295
lightgbm,NPB,MLB,full_cross_league,MLB,Paolo Espino,2020,-0.5168976373168132,-0.008217184029741208,0.2587558035563409
lightgbm,NPB,MLB,full_cross_league,MLB,Luke Weaver,2021,-0.0882512205346907,-0.33834415921714517,0.06254647797882593
lightgbm,NPB,MLB,full_cross_league,MLB,Zach Davies,2021,-0.29750581757521505,-0.06803945547691237,0.05265481133462936
lightgbm,NPB,MLB,full_cross_league,MLB,Zac Gallen,2021,-0.31222339090039797,-0.443182011730841,0.017150160369811745
lightgbm,NPB,MLB,full_cross_league,MLB,Zac Gallen,2021,-0.4843283218129941,-0.443182011730841,0.001693018833376697
lightgbm,NPB,MLB,full_cross_league,MLB,Humberto Castellanos,2021,-0.490261852164632,-0.622911467195192,0.017595920367755768
lightgbm,NPB,MLB,full_cross_league,MLB,Corbin Martin,2021,-0.49186148730645307,-0.561725498547776,0.004880980066727694
lightgbm,NPB,MLB,full_cross_league,MLB,Dallas Keuchel,2021,-0.49281010814637,1.1029531435950952,2.5464603556084953
lightgbm,NPB,MLB,full_cross_league,MLB,Tyler Gilbert,2021,-0.49281010814637,-0.3959178435439094,0.009388110939793236
lightgbm,NPB,MLB,full_cross_league,MLB,Taylor Widener,2021,-0.49281010814637,-0.24832650378637358,0.05977223280085526
lightgbm,NPB,MLB,full_cross_league,MLB,Sean Manaea,2021,1.19052687249073,1.4507065383727142,0.06769345853846091
lightgbm,NPB,MLB,full_cross_league,MLB,Chris Bassitt,2021,1.0138229905453997,2.890458333414364,3.521760210104915
lightgbm,NPB,MLB,full_cross_league,MLB,Frankie Montas,2021,0.311657564920533,1.8384523978315999,2.331102461803933
lightgbm,NPB,MLB,full_cross_league,MLB,Paul Blackburn,2021,-0.49095006728378804,-0.5211562515683807,9.124135690347755e-4
lightgbm,NPB,MLB,full_cross_league,MLB,James Kaprielian,2021,-0.4918800877150791,0.15824475643774746,0.42266231298473705
lightgbm,NPB,MLB,full_cross_league,MLB,Cole Irvin,2021,-0.4918800877150791,0.3348355670093845,0.6834587737664986
lightgbm,NPB,MLB,full_cross_league,MLB,Cole Irvin,2021,-0.585444235192873,0.3348355670093845,0.8469149143414263
lightgbm,NPB,MLB,full_cross_league,MLB,Charlie Morton,2021,3.0970687566377304,2.5241602587087213,0.32822414699927344
lightgbm,NPB,MLB,full_cross_league,MLB,Max Fried,2021,0.651115022341827,1.5787774476346104,0.8605575753000888
lightgbm,NPB,MLB,full_cross_league,MLB,Huascar Ynoa,2021,-0.48909002642120497,-0.42205705546368016,0.004493419195392364
lightgbm,NPB,MLB,full_cross_league,MLB,Kyle Wright,2021,-0.48909002642120497,-0.5812764992633948,0.008498345775083795
lightgbm,NPB,MLB,full_cross_league,MLB,Tucker Davidson,2021,-0.49095006728378804,-0.6080453889050107,0.013711314345577574
lightgbm,NPB,MLB,full_cross_league,MLB,Ian Anderson,2021,-0.49095006728378804,-0.470833954129506,4.046580084358782e-4
lightgbm,NPB,MLB,full_cross_league,MLB,Touki Toussaint,2021,-0.49281010814637,-0.6235440896103606,0.01709137390942703
lightgbm,NPB,MLB,full_cross_league,MLB,Kyle Muller,2021,-0.49281010814637,-0.20859703623555256,0.0807770702449835
lightgbm,NPB,MLB,full_cross_league,MLB,Kyle Wright,2021,-0.5342624207976228,-0.5812764992633948,0.0022103235739857658
lightgbm,NPB,MLB,full_cross_league,MLB,Jordan Lyles,2021,0.679015635280563,1.2670287484088092,0.3457594212107717
lightgbm,NPB,MLB,full_cross_league,MLB,John Means,2021,-0.07197586298709441,0.2271300473001393,0.0894643455687547
lightgbm,NPB,MLB,full_cross_league,MLB,Jorge López,2021,-0.34400683913977503,-0.34863947296926046,2.1461296198092766e-5
lightgbm,NPB,MLB,full_cross_league,MLB,Matt Harvey,2021,-0.4370088822688971,0.5077594474597449,0.89258719685824806
lightgbm,NPB,MLB,full_cross_league,MLB,Keegan Akin,2021,-0.491043069326917,-0.209306425401586,0.07937553653030874
lightgbm,NPB,MLB,full_cross_league,MLB,Bruce Zimmermann,2021,-0.49178708567195,-0.41160597008718297,0.0064290112964177715
lightgbm,NPB,MLB,full_cross_league,MLB,Dean Kremer,2021,-0.49178708567195,-0.5641956749855981,0.00524300380639255
lightgbm,NPB,MLB,full_cross_league,MLB,Chris Ellis,2021,-0.49281010814637,-0.31443226676165065,0.0318186542970721
lightgbm,NPB,MLB,full_cross_league,MLB,Zac Lowther,2021,-0.49281010814637,-0.4963129457271203,1.2269871117116738e-5
lightgbm,NPB,MLB,full_cross_league,MLB,Spenser Watkins,2021,-0.49281010814637,-0.5541180396641314,0.003758662466986525
lightgbm,NPB,MLB,full_cross_league,MLB,Dean Kremer,2021,-0.5708151998127479,-0.5641956749855981,4.381810893725234e-5
lightgbm,NPB,MLB,full_cross_league,MLB,James Paxton,2021,1.23702789405529,0.19667229220745053,1.0823397782961803
lightgbm,NPB,MLB,full_cross_league,MLB,Michael Wacha,2021,0.679015635280563,-0.14152409339042904,0.6732854463274652
lightgbm,NPB,MLB,full_cross_league,MLB,Rich Hill,2021,0.30700746276407703,1.0706603072718133,0.5831656669247567
lightgbm,NPB,MLB,full_cross_league,MLB,Nick Pivetta,2021,-0.13010213994279501,0.6039677582237081,0.5388586153941801
lightgbm,NPB,MLB,full_cross_league,MLB,Tanner Houck,2021,-0.489834042766238,-0.12398523178670266,0.13384535249513976
lightgbm,NPB,MLB,full_cross_league,MLB,Kutter Crawford,2021,-0.49243809997385407,-0.6543660250356562,0.026220652914820612
lightgbm,NPB,MLB,full_cross_league,MLB,Connor Seabold,2021,-0.49281010814637,-0.6399109262020022,0.021638650672636206
lightgbm,NPB,MLB,full_cross_league,MLB,Marcus Stroman,2021,3.7790838015859802,1.7280847311513534,4.206597186923704
lightgbm,NPB,MLB,full_cross_league,MLB,Drew Smyly,2021,0.353508484328637,0.7675554838924774,0.17143491784781884
lightgbm,NPB,MLB,full_cross_league,MLB,Steven Brault,2021,-0.34400683913977503,-0.5137280231849843,0.02880528031370781
lightgbm,NPB,MLB,full_cross_league,MLB,Alec Mills,2021,-0.485137439588218,-0.1865603363792677,0.08914828656064813
lightgbm,NPB,MLB,full_cross_league,MLB,Adbert Alzolay,2021,-0.48941553357215706,-0.16403512529688907,0.10587241008938009
lightgbm,NPB,MLB,full_cross_league,MLB,Adrian Sampson,2021,-0.49281010814637,-0.18379341482897404,0.09549131674881754
lightgbm,NPB,MLB,full_cross_league,MLB,Lance Lynn,2021,2.9110646703794796,1.7627678734131946,1.3185855339230295
lightgbm,NPB,MLB,full_cross_league,MLB,Lucas Giolito,2021,0.762717474096773,1.2180728083988654,0.20734848047737034
lightgbm,NPB,MLB,full_cross_league,MLB,Johnny Cueto,2021,0.15820419375748207,0.6219201103268394,0.21503245127975912
lightgbm,NPB,MLB,full_cross_league,MLB,Vince Velasquez,2021,-0.06500070975241032,0.13425142952055036,0.03970141500485132
lightgbm,NPB,MLB,full_cross_league,MLB,Dylan Cease,2021,-0.16592169084989003,0.9777553998978435,1.3079972879011996
lightgbm,NPB,MLB,full_cross_league,MLB,Dylan Cease,2021,-0.4835099038334581,0.9777553998978435,2.1352962878889334
lightgbm,NPB,MLB,full_cross_league,MLB,Jimmy Lambert,2021,-0.49281010814637,-0.610975344948717,0.013963023188554736
lightgbm,NPB,MLB,full_cross_league,MLB,Luis Castillo,2021,0.7441170654709488,1.2049601554734188,0.2123763536030247
lightgbm,NPB,MLB,full_cross_league,MLB,Tyler Mahle,2021,0.34420828001572495,1.2442672716434926,0.810106188409994
lightgbm,NPB,MLB,full_cross_league,MLB,Justin Dunn,2021,-0.48909002642120497,-0.570603112979456,0.006644383280252922
lightgbm,NPB,MLB,full_cross_league,MLB,Vladimir Gutierrez,2021,-0.49141507749943303,0.005130188438483788,0.24655720112535653
lightgbm,NPB,MLB,full_cross_league,MLB,Chase Anderson,2021,-0.49281010814637,-0.34328288393407536,0.022358390780633834
lightgbm,NPB,MLB,full_cross_league,MLB,T.J. Zeuch,2021,-0.49281010814637,-0.6279938141581717,0.018274634371085226
lightgbm,NPB,MLB,full_cross_league,MLB,Riley O'Brien,2021,-0.49281010814637,-0.4504514024502265,0.0017942599482524974
lightgbm,NPB,MLB,full_cross_league,MLB,Reiver Sanmartin,2021,-0.49281010814637,-0.5557961065956837,0.003967236000656946
lightgbm,NPB,MLB,full_cross_league,MLB,Shane Bieber,2021,0.49301154902232,-0.04404623135548727,0.28843105946433706
lightgbm,NPB,MLB,full_cross_league,MLB,Cal Quantrill,2021,-0.15614271201895,-0.3063182439645548,0.02255269039514537
lightgbm,NPB,MLB,full_cross_league,MLB,Zach Plesac,2021,-0.25100479601065406,0.13536546789198506,0.149281980828195
lightgbm,NPB,MLB,full_cross_league,MLB,Aaron Civale,2021,-0.4896666390886061,-0.13836211411341795,0.1234148692680426
lightgbm,NPB,MLB,full_cross_league,MLB,Triston McKenzie,2021,-0.49148947913393704,-0.3692947991539403,0.014931539815413812
lightgbm,NPB,MLB,full_cross_league,MLB,Eli Morgan,2021,-0.492419499565228,-0.46857778432615854,5.684273855408775e-4
lightgbm,NPB,MLB,full_cross_league,MLB,Logan Allen,2021,-0.492493901199731,-0.6420375096011183,0.02236329081370746
lightgbm,NPB,MLB,full_cross_league,MLB,Triston McKenzie,2021,-0.5242165261029018,-0.3692947991539403,0.024000741480848586
lightgbm,NPB,MLB,full_cross_league,MLB,Kyle Freeland,2021,1.7764397442042,-0.27259551898208867,4.198545509780903
lightgbm,NPB,MLB,full_cross_league,MLB,Antonio Senzatela,2021,1.2556283026811197,0.15504184648872277,1.2112905475541391
lightgbm,NPB,MLB,full_cross_league,MLB,Chad Kuhl,2021,-0.06500070975241032,-0.5062754369974585,0.19472338490519162
lightgbm,NPB,MLB,full_cross_league,MLB,Peter Lambert,2021,-0.48118485275523004,-0.6182404766545025,0.018784244042418838
lightgbm,NPB,MLB,full_cross_league,MLB,Austin Gomber,2021,-0.49095006728378804,0.20254111344372597,0.4809300177468415
lightgbm,NPB,MLB,full_cross_league,MLB,José Ureña,2021,-0.49281010814637,-0.3120383126277364,0.032678442055030676
lightgbm,NPB,MLB,full_cross_league,MLB,Ryan Feltner,2021,-0.49281010814637,-0.6259424884150605,0.017724230676007213
lightgbm,NPB,MLB,full_cross_league,MLB,Eduardo Rodríguez,2021,2.2414499598498097,1.2317639741284026,1.0194657897622095
lightgbm,NPB,MLB,full_cross_league,MLB,Michael Pineda,2021,0.400009505893198,0.8970981754968773,0.24709714544835584
lightgbm,NPB,MLB,full_cross_league,MLB,Spencer Turnbull,2021,-0.2835555111058461,-0.32864364456081596,0.002032939778453173
lightgbm,NPB,MLB,full_cross_league,MLB,Wily Peralta,2021,-0.15800275288153204,-0.022529524076623925,0.018352995722826986
lightgbm,NPB,MLB,full_cross_league,MLB,Casey Mize,2021,-0.49016885012150296,-0.28715812575361976,0.041213354208372646
lightgbm,NPB,MLB,full_cross_league,MLB,Tarik Skubal,2021,-0.490280452573258,-0.2224903735695186,0.07171152641282899
lightgbm,NPB,MLB,full_cross_league,MLB,Matt Manning,2021,-0.49182428648920107,-0.5095360267648323,3.137057435914189e-4
lightgbm,NPB,MLB,full_cross_league,MLB,Luis Castillo,2021,-0.49281010814637,1.2049601554734188,2.8824238680316077
lightgbm,NPB,MLB,full_cross_league,MLB,Tarik Skubal,2021,-0.56837631423373,-0.2224903735695186,0.11963708394916638
lightgbm,NPB,MLB,full_cross_league,MLB,Framber Valdez,2021,-0.06500070975241032,0.07755811103492789,0.02032301738427642
lightgbm,NPB,MLB,full_cross_league,MLB,José Urquidy,2021,-0.483751709145594,-0.13575576685030882,0.12110117585398346
lightgbm,NPB,MLB,full_cross_league,MLB,Zack Greinke,2021,1.79504015283002,1.1238160850163281,0.45054174921235957
lightgbm,NPB,MLB,full_cross_league,MLB,Brad Keller,2021,0.27445674766888406,-0.15282263247144212,0.18256766869310137
lightgbm,NPB,MLB,full_cross_league,MLB,Brady Singer,2021,-0.4879275008820911,-0.45858080530076806,8.612285415428442e-4
lightgbm,NPB,MLB,full_cross_league,MLB,Kris Bubic,2021,-0.49025255196031897,-0.4766727075199242,1.8441217502532112e-4
lightgbm,NPB,MLB,full_cross_league,MLB,Jackson Kowar,2021,-0.49243809997385407,-0.6852300471198384,0.037168734884340006
lightgbm,NPB,MLB,full_cross_league,MLB,Ángel Zerpa,2021,-0.49281010814637,-0.6252886072396499,0.01755055272200815
lightgbm,NPB,MLB,full_cross_league,MLB,Brady Singer,2021,-0.544623964426725,-0.45858080530076806,0.007403425232374749
lightgbm,NPB,MLB,full_cross_league,MLB,Noah Syndergaard,2021,3.283072842895971,-0.38756515409973585,13.473583304988656
lightgbm,NPB,MLB,full_cross_league,MLB,Griffin Canning,2021,-0.48722998555862307,-0.2779996975548004,0.04377731341816257
lightgbm,NPB,MLB,full_cross_league,MLB,Jaime Barria,2021,-0.48722998555862307,-0.6177396729126675,0.01703277849325043
lightgbm,NPB,MLB,full_cross_league,MLB,José Suarez,2021,-0.48909002642120497,-0.22648591795884018,0.06896091778131347
lightgbm,NPB,MLB,full_cross_league,MLB,Patrick Sandoval,2021,-0.48909002642120497,-0.48813805317794523,9.062530558824691e-7
lightgbm,NPB,MLB,full_cross_league,MLB,Reid Detmers,2021,-0.49095006728378804,-0.5541432083924523,0.003993373083179559
lightgbm,NPB,MLB,full_cross_league,MLB,Cooper Criswell,2021,-0.49095006728378804,-0.6374882115489662,0.02147342772468216
lightgbm,NPB,MLB,full_cross_league,MLB,Jhonathan Díaz,2021,-0.49281010814637,-0.6534046513847579,0.02579060731794644
lightgbm,NPB,MLB,full_cross_league,MLB,Janson Junk,2021,-0.49281010814637,-0.44418669920490994,0.002364235897088458
lightgbm,NPB,MLB,full_cross_league,MLB,Patrick Sandoval,2021,-0.5425040758556399,-0.48813805317794523,0.0029556644217916075
lightgbm,NPB,MLB,full_cross_league,MLB,Reid Detmers,2021,-0.5700592792061951,-0.5541432083924523,2.533213101480754e-4
lightgbm,NPB,MLB,full_cross_league,MLB,Clayton Kershaw,2021,2.5390564978629993,3.3887061008455226,0.7219044478483595
lightgbm,NPB,MLB,full_cross_league,MLB,Andrew Heaney,2021,0.958021764667928,0.4594212732046258,0.2486024500874465
lightgbm,NPB,MLB,full_cross_league,MLB,Julio Urías,2021,0.8650197215388071,1.8173559123864145,0.9069442203981304
lightgbm,NPB,MLB,full_cross_league,MLB,Tyler Anderson,2021,0.8650197215388071,0.3055944399969234,0.3129566456282159
lightgbm,NPB,MLB,full_cross_league,MLB,Danny Duffy,2021,-0.06500070975241032,0.05036329241429235,0.013308852995918979
lightgbm,NPB,MLB,full_cross_league,MLB,Dustin May,2021,-0.48722998555862307,-0.4091324921761827,0.006099218472620318
lightgbm,NPB,MLB,full_cross_league,MLB,Tony Gonsolin,2021,-0.48909002642120497,-0.18014548396666585,0.09544673031244452
lightgbm,NPB,MLB,full_cross_league,MLB,Tony Gonsolin,2021,-0.5244423350636199,-0.18014548396666585,0.11854032167527816
lightgbm,NPB,MLB,full_cross_league,MLB,Sandy Alcantara,2021,1.4602327975651896,0.5600746416227123,0.8102847057097614
lightgbm,NPB,MLB,full_cross_league,MLB,Pablo López,2021,-0.16730295719444402,-0.2588450650951574,0.008379957518905856
lightgbm,NPB,MLB,full_cross_league,MLB,Elieser Hernández,2021,-0.376557554234968,-0.3324657629380944,0.001944086059767061
lightgbm,NPB,MLB,full_cross_league,MLB,Trevor Rogers,2021,-0.48871801824868905,-0.5036189917931492,2.2203901257270063e-4
lightgbm,NPB,MLB,full_cross_league,MLB,Jesús Luzardo,2021,-0.490020046852497,-0.32741565742874923,0.026440187459869816
lightgbm,NPB,MLB,full_cross_league,MLB,Zach Thompson,2021,-0.4918800877150791,-0.48543807218944535,4.149956403250597e-5
lightgbm,NPB,MLB,full_cross_league,MLB,Daniel Castano,2021,-0.4918800877150791,-0.5753950710988446,0.0069747524495906285
lightgbm,NPB,MLB,full_cross_league,MLB,Cody Poteet,2021,-0.492066091801337,-0.27783934394640636,0.04589309949650002
lightgbm,NPB,MLB,full_cross_league,MLB,Edward Cabrera,2021,-0.49281010814637,-0.5851990245119746,0.00853571186721068
lightgbm,NPB,MLB,full_cross_league,MLB,Braxton Garrett,2021,-0.49281010814637,-0.5427816777748666,0.0024971577711356877
lightgbm,NPB,MLB,full_cross_league,MLB,Nick Neidert,2021,-0.49281010814637,-0.5697846057109157,0.005925073275314254
lightgbm,NPB,MLB,full_cross_league,MLB,Jesús Luzardo,2021,-0.569296104440277,-0.32741565742874923,0.058506150646496495
lightgbm,NPB,MLB,full_cross_league,MLB,Brandon Woodruff,2021,0.641814818028915,1.5375454201924634,0.802333311652273
lightgbm,NPB,MLB,full_cross_league,MLB,Corbin Burnes,2021,0.5860135921514419,1.3834120716688305,0.6358443351366433
lightgbm,NPB,MLB,full_cross_league,MLB,Eric Lauer,2021,-0.17195305935090002,-0.18194098751385615,9.975870898837216e-5
lightgbm,NPB,MLB,full_cross_league,MLB,Adrian Houser,2021,-0.17195305935090002,0.210654543165793,0.14638857750357176
lightgbm,NPB,MLB,full_cross_league,MLB,José Ureña,2021,-0.390507860704336,-0.3120383126277364,0.006157469975345779
lightgbm,NPB,MLB,full_cross_league,MLB,Dylan Bundy,2021,0.30700746276407703,-0.25504553694407633,0.3159035744809334
lightgbm,NPB,MLB,full_cross_league,MLB,Chris Archer,2021,0.028001333376711398,-0.05350859373298524,0.006643868217428059
lightgbm,NPB,MLB,full_cross_league,MLB,Bailey Ober,2021,-0.491656882811569,-0.15627312382210054,0.11248226579390588
lightgbm,NPB,MLB,full_cross_league,MLB,Joe Ryan,2021,-0.492503201404044,-0.2537358281774234,0.05700985851754035
lightgbm,NPB,MLB,full_cross_league,MLB,Chi Chi González,2021,-0.49281010814637,-0.356200845841133,0.01866209054758105
lightgbm,NPB,MLB,full_cross_league,MLB,Aaron Sanchez,2021,-0.49281010814637,-0.38558630389454435,0.011496944198233824
lightgbm,NPB,MLB,full_cross_league,MLB,Griffin Jax,2021,-0.49281010814637,-0.4740526245213679,3.5184319194222076e-4
lightgbm,NPB,MLB,full_cross_league,MLB,Joe Ryan,2021,-0.57361530532728,-0.2537358281774234,0.10232287990166562
lightgbm,NPB,MLB,full_cross_league,MLB,Max Scherzer,2021,7.43716404066205,3.7533597788364492,13.57041383944446
lightgbm,NPB,MLB,full_cross_league,MLB,Trevor Williams,2021,0.10240296788000901,-0.09945806609013805,0.04074787703549686
lightgbm,NPB,MLB,full_cross_league,MLB,Joey Lucchesi,2021,-0.4091082693301611,-0.21126736657503087,0.039141022802964894
lightgbm,NPB,MLB,full_cross_league,MLB,Tylor Megill,2021,-0.49141507749943303,-0.23276135809535542,0.06690174656156331
lightgbm,NPB,MLB,full_cross_league,MLB,David Peterson,2021,-0.49281010814637,-0.4198899365027618,0.0053173514325332814
lightgbm,NPB,MLB,full_cross_league,MLB,Jordan Montgomery,2021,0.49301154902232,0.3529890993951708,0.019606286399587523
lightgbm,NPB,MLB,full_cross_league,MLB,Jameson Taillon,2021,0.4558107317706711,0.02546248622631589,0.18519961244310468
lightgbm,NPB,MLB,full_cross_league,MLB,Domingo Germán,2021,-0.29750581757521505,-0.01754468862132198,0.07837823372513834
lightgbm,NPB,MLB,full_cross_league,MLB,Nestor Cortes,2021,-0.4876949957742681,-0.3186460691313787,0.028577539599113
lightgbm,NPB,MLB,full_cross_league,MLB,Clarke Schmidt,2021,-0.490485057068142,-0.6150936667539552,0.01552730560783133
lightgbm,NPB,MLB,full_cross_league,MLB,Chi Chi González,2021,-0.49281010814637,-0.356200845841133,0.01866209054758105
lightgbm,NPB,MLB,full_cross_league,MLB,Deivi García,2021,-0.49281010814637,-0.6905744421258374,0.03911073179434233
lightgbm,NPB,MLB,full_cross_league,MLB,Luis Gil,2021,-0.49281010814637,-0.4305599594968619,0.0038750810068858576
lightgbm,NPB,MLB,full_cross_league,MLB,Nestor Cortes,2021,-0.511813959635289,-0.3186460691313787,0.03731383392173066
lightgbm,NPB,MLB,full_cross_league,MLB,Zach Eflin,2021,0.43721032314484715,-0.3138261845291815,0.5640558358592013
lightgbm,NPB,MLB,full_cross_league,MLB,Hans Crouse,2021,-0.49281010814637,-0.6669656018688936,0.030330135993735973
lightgbm,NPB,MLB,full_cross_league,MLB,Jerad Eickhoff,2021,-0.4370088822688971,-0.36863383970427943,0.0046751464457132795
lightgbm,NPB,MLB,full_cross_league,MLB,JT Brubaker,2021,-0.4881600059899141,-0.04026630737512436,0.20060876525883609
lightgbm,NPB,MLB,full_cross_league,MLB,Mitch Keller,2021,-0.4881600059899141,-0.13875800949355116,0.12208175515564443
lightgbm,NPB,MLB,full_cross_league,MLB,Bryse Wilson,2021,-0.490020046852497,-0.5918173965396608,0.01036270040333071
lightgbm,NPB,MLB,full_cross_league,MLB,Dillon Peters,2021,-0.490020046852497,-0.45028088460404947,0.0015792010162084377
lightgbm,NPB,MLB,full_cross_league,MLB,Wil Crowe,2021,-0.490020046852497,-0.31265038661960304,0.03145999637113225
lightgbm,NPB,MLB,full_cross_league,MLB,Miguel Yajure,2021,-0.4918800877150791,-0.6574824422378105,0.027424139823472422
lightgbm,NPB,MLB,full_cross_league,MLB,Max Kranick,2021,-0.4918800877150791,-0.5682611560895071,0.005834067606019051
lightgbm,NPB,MLB,full_cross_league,MLB,Chase De Jong,2021,-0.49281010814637,-0.4743532740256348,3.406547257603343e-4
lightgbm,NPB,MLB,full_cross_league,MLB,Roansy Contreras,2021,-0.49281010814637,-0.5073416293848585,2.111651095046423e-4
lightgbm,NPB,MLB,full_cross_league,MLB,Mitch Keller,2021,-0.5761205943650921,-0.13875800949355116,0.19128603064551586
lightgbm,NPB,MLB,full_cross_league,MLB,Joe Musgrove,2021,0.9812722754502089,1.210050996389835,0.05233970315477128
lightgbm,NPB,MLB,full_cross_league,MLB,Chris Paddack,2021,-0.20450377444609302,-0.39155923112677293,0.034989743874017716
lightgbm,NPB,MLB,full_cross_league,MLB,Adrián Morejón,2021,-0.491973089758208,-0.6446103853481019,0.02329814400499663
lightgbm,NPB,MLB,full_cross_league,MLB,Ryan Weathers,2021,-0.49281010814637,-0.5452451306793619,0.0027494315880353653
lightgbm,NPB,MLB,full_cross_league,MLB,Robbie Ray,2021,3.6550810154124602,1.6221283168790868,4.132896674474124
lightgbm,NPB,MLB,full_cross_league,MLB,Justus Sheffield,2021,-0.481501059701869,-0.1800836419902076,0.09085245969996618
lightgbm,NPB,MLB,full_cross_league,MLB,Logan Gilbert,2021,-0.490522257885394,-0.22091096422269477,0.07269024967047423
lightgbm,NPB,MLB,full_cross_league,MLB,Carlos Rodón,2021,3.4690769291542094,1.5201115186617111,3.7984661712961922
lightgbm,NPB,MLB,full_cross_league,MLB,Anthony DeSclafani,2021,1.6090360665717802,1.7335882235390452,0.01551323980519821
lightgbm,NPB,MLB,full_cross_league,MLB,Alex Wood,2021,1.7020381097009,1.6006467490788379,0.01028020800879307
lightgbm,NPB,MLB,full_cross_league,MLB,Alex Cobb,2021,1.23702789405529,0.49864010631504296,0.5452165250839359
lightgbm,NPB,MLB,full_cross_league,MLB,Matthew Boyd,2021,0.34420828001572495,-0.09081509580133859,0.1892453375072741
lightgbm,NPB,MLB,full_cross_league,MLB,Logan Webb,2021,-0.48722998555862307,0.6414713251660162,1.2739666488315187
lightgbm,NPB,MLB,full_cross_league,MLB,Logan Webb,2021,-0.5166046808809559,0.6414713251660162,1.3411400357817067
lightgbm,NPB,MLB,full_cross_league,MLB,Steven Matz,2021,1.4230319803135398,1.8016655945197684,0.14336341380687112
lightgbm,NPB,MLB,full_cross_league,MLB,Adam Wainwright,2021,2.6320585409921198,2.8447137670595577,0.04522224517379313
lightgbm,NPB,MLB,full_cross_league,MLB,Jack Flaherty,2021,0.30700746276407703,0.6682868736203055,0.1305228127086235
lightgbm,NPB,MLB,full_cross_league,MLB,Dakota Hudson,2021,-0.4277086779559851,-0.5297283919726828,0.010408022048048794
lightgbm,NPB,MLB,full_cross_league,MLB,Packy Naughton,2021,-0.49281010814637,-0.5830614812309042,0.008145310343643781
lightgbm,NPB,MLB,full_cross_league,MLB,Johan Oviedo,2021,-0.49281010814637,-0.49086719933332434,3.7748946558104634e-6
lightgbm,NPB,MLB,full_cross_league,MLB,Corey Kluber,2021,0.8650197215388071,-0.13641376501975214,1.002869028000832
lightgbm,NPB,MLB,full_cross_league,MLB,Tyler Glasnow,2021,0.3256078713899011,0.3279317727911048,5.400517722516513e-6
lightgbm,NPB,MLB,full_cross_league,MLB,Ryan Yarbrough,2021,0.0931027635670966,0.13048988527710836,0.0013977968697592331
lightgbm,NPB,MLB,full_cross_league,MLB,Shane McClanahan,2021,-0.490689661563026,0.2720342257290461,0.5817477282459295
lightgbm,NPB,MLB,full_cross_league,MLB,Luis Patiño,2021,-0.49143367790805903,-0.5386665982385171,0.0022309487629434037
lightgbm,NPB,MLB,full_cross_league,MLB,Shane Baz,2021,-0.492605503651486,-0.558888115909886,0.0043933846877973965
lightgbm,NPB,MLB,full_cross_league,MLB,Shane McClanahan,2021,-0.518265883375328,0.2720342257290461,0.6245742624503856
lightgbm,NPB,MLB,full_cross_league,MLB,Jon Gray,2021,1.9810442390882699,0.5572786975858542,2.027108317169667
lightgbm,NPB,MLB,full_cross_league,MLB,Garrett Richards,2021,0.400009505893198,0.7313832346317523,0.10980854809809294
lightgbm,NPB,MLB,full_cross_league,MLB,Martín Pérez,2021,0.12100337650583301,-0.23108838351605382,0.12396860747530992
lightgbm,NPB,MLB,full_cross_league,MLB,Matt Moore,2021,-0.15800275288153204,-0.3102290241108498,0.023172837652381813
lightgbm,NPB,MLB,full_cross_league,MLB,Kolby Allard,2021,-0.48909002642120497,-0.6500716532696565,0.025915084182774106
lightgbm,NPB,MLB,full_cross_league,MLB,Spencer Howard,2021,-0.49020605093875497,-0.49178461886823877,2.491876707994766e-6
lightgbm,NPB,MLB,full_cross_league,MLB,Dane Dunning,2021,-0.49020605093875497,-0.2589648851899637,0.05347247673685996
lightgbm,NPB,MLB,full_cross_league,MLB,Dallas Keuchel,2021,-0.49281010814637,1.1029531435950952,2.5464603556084953
lightgbm,NPB,MLB,full_cross_league,MLB,A.J. Alexy,2021,-0.49281010814637,-0.5438455533403133,0.0026046166661439865
lightgbm,NPB,MLB,full_cross_league,MLB,Glenn Otto,2021,-0.49281010814637,-0.26946527987104724,0.04988291231733341
lightgbm,NPB,MLB,full_cross_league,MLB,José Berríos,2021,2.8579206988783,1.8547841726106689,1.00628289033229
lightgbm,NPB,MLB,full_cross_league,MLB,Kevin Gausman,2021,3.4690769291542094,2.9845578621572892,0.234758726283566
lightgbm,NPB,MLB,full_cross_league,MLB,Yusei Kikuchi,2021,1.6090360665717802,0.8816503426853698,0.5290899913137573
lightgbm,NPB,MLB,full_cross_league,MLB,Ross Stripling,2021,0.08194251839160199,0.0301715329599601,0.002680234932563277
lightgbm,NPB,MLB,full_cross_league,MLB,Alek Manoah,2021,-0.21547373744134504,-0.06508307813212816,0.022617350407460945
lightgbm,NPB,MLB,full_cross_league,MLB,Alek Manoah,2021,-0.48722998555862307,-0.06508307813212816,0.17820801144975365
lightgbm,NPB,MLB,full_cross_league,MLB,Thomas Hatch,2021,-0.48987124358349005,-0.5977235279099322,0.011632115234431724
lightgbm,NPB,MLB,full_cross_league,MLB,Joe Ross,2021,-0.17660316150735603,-0.029541553156487252,0.02162711665074432
lightgbm,NPB,MLB,full_cross_league,MLB,Erick Fedde,2021,-0.223104183071917,-0.08897917088454191,0.01798951889426352
lightgbm,NPB,MLB,full_cross_league,MLB,Aaron Sanchez,2021,-0.25100479601065406,-0.38558630389454435,0.018112182264301623
lightgbm,NPB,MLB,full_cross_league,MLB,Paolo Espino,2021,-0.48979684194898704,0.3849495790465514,0.7651813010445038
lightgbm,NPB,MLB,full_cross_league,MLB,Josiah Gray,2021,-0.49215909384446604,-0.4112290103502427,0.006549678414381966
lightgbm,NPB,MLB,full_cross_league,MLB,Joan Adon,2021,-0.49277290732911805,-0.5728773788137164,0.006416726351826825
lightgbm,NPB,MLB,full_cross_league,MLB,Josh Rogers,2021,-0.49281010814637,-0.481501685512962,1.2788042245577382e-4
lightgbm,NPB,MLB,full_cross_league,MLB,Merrill Kelly,2022,1.0510238077970497,1.303703623480414,0.06384708925377895
lightgbm,NPB,MLB,full_cross_league,MLB,Zac Gallen,2022,0.418609914519023,1.4373904358160707,1.0379137505742844
lightgbm,NPB,MLB,full_cross_league,MLB,Zach Davies,2022,0.30700746276407703,0.010167658783214243,0.08811386922739704
lightgbm,NPB,MLB,full_cross_league,MLB,Drey Jameson,2022,-0.48842041171067613,-0.7067465238619277,0.04766629124708088
lightgbm,NPB,MLB,full_cross_league,MLB,Ryne Nelson,2022,-0.4885878153883081,-0.6966311209694512,0.04328201699712891
lightgbm,NPB,MLB,full_cross_league,MLB,Tyler Gilbert,2022,-0.48909002642120497,-0.4998540925097922,1.1586511875947315e-4
lightgbm,NPB,MLB,full_cross_league,MLB,Tommy Henry,2022,-0.48909002642120497,-0.5843178662744416,0.009068341483113682
lightgbm,NPB,MLB,full_cross_league,MLB,Paul Blackburn,2022,-0.26960520463647797,-0.0807572551013245,0.03566354804363187
lightgbm,NPB,MLB,full_cross_league,MLB,Cole Irvin,2022,-0.48581635450306004,1.1346516301854783,2.625916489400533
lightgbm,NPB,MLB,full_cross_league,MLB,James Kaprielian,2022,-0.48722998555862307,-0.07091515558066099,0.17331803765957948
lightgbm,NPB,MLB,full_cross_league,MLB,Kyle Muller,2022,-0.48909002642120497,-0.6415677750522045,0.023249463827578285
lightgbm,NPB,MLB,full_cross_league,MLB,Adam Oller,2022,-0.48909002642120497,-0.4224098084767938,0.00444625146511417
lightgbm,NPB,MLB,full_cross_league,MLB,Adrián Martínez,2022,-0.48909002642120497,-0.6405492432282175,0.022939894355793623
lightgbm,NPB,MLB,full_cross_league,MLB,JP Sears,2022,-0.48909002642120497,-0.41098993060006317,0.006099624967271531
lightgbm,NPB,MLB,full_cross_league,MLB,Ken Waldichuk,2022,-0.48909002642120497,-0.4215237138873058,0.0045652065894285394
lightgbm,NPB,MLB,full_cross_league,MLB,Spencer Strider,2022,1.7020381097009,1.4059047449411217,0.08769496972394794
lightgbm,NPB,MLB,full_cross_league,MLB,Charlie Morton,2022,3.0970687566377304,1.4552835697837787,2.695458599773065
lightgbm,NPB,MLB,full_cross_league,MLB,Max Fried,2022,1.88804219595915,1.7617234485582054,0.015956425944943654
lightgbm,NPB,MLB,full_cross_league,MLB,Spencer Strider,2022,-0.30813911317434,1.4059047449411217,2.9379463475433374
lightgbm,NPB,MLB,full_cross_league,MLB,Kyle Wright,2022,-0.4835099038334581,1.360284281201982,3.3995769967705023
lightgbm,NPB,MLB,full_cross_league,MLB,Huascar Ynoa,2022,-0.4835099038334581,-0.529237905772796,0.002091050161364086
lightgbm,NPB,MLB,full_cross_league,MLB,Bryce Elder,2022,-0.48909002642120497,-0.6318808256817972,0.020389212353478733
lightgbm,NPB,MLB,full_cross_league,MLB,Dane Dunning,2022,-0.539936475448931,-0.5016209941572829,0.001468076106610634
lightgbm,NPB,MLB,full_cross_league,MLB,Bryce Elder,2022,-0.54998051010279,-0.6318808256817972,0.006707661691940957
lightgbm,NPB,MLB,full_cross_league,MLB,Kyle Gibson,2022,1.23702789405529,1.5534853915065188,0.10014534769309452
lightgbm,NPB,MLB,full_cross_league,MLB,Kyle Bradish,2022,-0.3129839616091081,-0.45636068195245166,0.020556883936413355
lightgbm,NPB,MLB,full_cross_league,MLB,Tyler Wells,2022,-0.4867835757516031,-0.3908020156177067,0.009212459885736763
lightgbm,NPB,MLB,full_cross_league,MLB,Dean Kremer,2022,-0.48700678065511305,-0.2606894924876462,0.05121951492347622
lightgbm,NPB,MLB,full_cross_league,MLB,Kyle Bradish,2022,-0.4875833933225131,-0.45636068195245166,9.748577052981639e-4
lightgbm,NPB,MLB,full_cross_league,MLB,Bruce Zimmermann,2022,-0.48909002642120497,-0.6210771631931934,0.017420604273267578
lightgbm,NPB,MLB,full_cross_league,MLB,Spenser Watkins,2022,-0.48909002642120497,0.10328226218787243,0.35090492831195613
lightgbm,NPB,MLB,full_cross_league,MLB,Dean Kremer,2022,-0.5715155051975109,-0.2606894924876462,0.09661281017711297
lightgbm,NPB,MLB,full_cross_league,MLB,Corey Kluber,2022,1.23702789405529,2.9183310904629916,2.8267804382507546
lightgbm,NPB,MLB,full_cross_league,MLB,Nick Pivetta,2022,0.3721088929544621,1.4096756629567258,1.0765448022129305
lightgbm,NPB,MLB,full_cross_league,MLB,Kutter Crawford,2022,-0.48722998555862307,-0.36194945194041184,0.015695212103663755
lightgbm,NPB,MLB,full_cross_league,MLB,Brayan Bello,2022,-0.48732298760175213,-0.5265384339783493,0.0015378512345157692
lightgbm,NPB,MLB,full_cross_league,MLB,Josh Winckowski,2022,-0.48871801824868905,-0.5001304852584665,1.3024440324925838e-4
lightgbm,NPB,MLB,full_cross_league,MLB,Connor Seabold,2022,-0.48871801824868905,-0.3667244539894471,0.014882429720673798
lightgbm,NPB,MLB,full_cross_league,MLB,Kutter Crawford,2022,-0.559212078907873,-0.36194945194041184,0.03891254399810371
lightgbm,NPB,MLB,full_cross_league,MLB,Brayan Bello,2022,-0.5607447525786412,-0.5265384339783493,0.0011700722321846746
lightgbm,NPB,MLB,full_cross_league,MLB,Jameson Taillon,2022,2.5390564978629993,2.141199604773111,0.15829010737913876
lightgbm,NPB,MLB,full_cross_league,MLB,Drew Smyly,2022,1.14402585092617,0.5167436444077732,0.39348296661458865
lightgbm,NPB,MLB,full_cross_league,MLB,Adrian Sampson,2022,-0.26960520463647797,0.003632605550778285,0.07465890091592707
lightgbm,NPB,MLB,full_cross_league,MLB,Justin Steele,2022,-0.31176656486454807,-0.09112777110524309,0.04868147731156112
lightgbm,NPB,MLB,full_cross_league,MLB,Keegan Thompson,2022,-0.48536994469604006,0.06193325710207656,0.29954079469847
lightgbm,NPB,MLB,full_cross_league,MLB,Justin Steele,2022,-0.48536994469604006,-0.09112777110524309,0.15542689143759608
lightgbm,NPB,MLB,full_cross_league,MLB,Javier Assad,2022,-0.48881102029181805,-0.6241398806843111,0.018313900455130885
lightgbm,NPB,MLB,full_cross_league,MLB,Hayden Wesneski,2022,-0.48881102029181805,-0.1914702325637026,0.08841154404677622
lightgbm,NPB,MLB,full_cross_league,MLB,Caleb Kilian,2022,-0.48909002642120497,-0.6146976373308106,0.015777271918418885
lightgbm,NPB,MLB,full_cross_league,MLB,Javier Assad,2022,-0.5742882681113619,-0.6241398806843111,0.00248518327612343
lightgbm,NPB,MLB,full_cross_league,MLB,Mike Clevinger,2022,1.6090360665717802,0.07403569219721796,2.356226149330046
lightgbm,NPB,MLB,full_cross_league,MLB,Lucas Giolito,2022,1.31142952855859,1.218833024387269,0.008574112584749475
lightgbm,NPB,MLB,full_cross_league,MLB,Dylan Cease,2022,0.43721032314484715,1.9474487294801177,2.2808200439700976
lightgbm,NPB,MLB,full_cross_league,MLB,Michael Kopech,2022,-0.24170459169774103,-0.0020593952550842613,0.057429820178039555
lightgbm,NPB,MLB,full_cross_league,MLB,José Ureña,2022,-0.48909002642120497,-0.1903588415817316,0.0892403207955956
lightgbm,NPB,MLB,full_cross_league,MLB,Hunter Greene,2022,1.02002306475265,-0.412125118031385,2.051048417451614
lightgbm,NPB,MLB,full_cross_league,MLB,Justin Dunn,2022,-0.455609290894721,-0.5963634025790027,0.019811719956031232
lightgbm,NPB,MLB,full_cross_league,MLB,Hunter Greene,2022,-0.48722998555862307,-0.412125118031385,0.005640741126283977
lightgbm,NPB,MLB,full_cross_league,MLB,Nick Lodolo,2022,-0.48722998555862307,-0.4391690511077004,0.0023098534202958872
lightgbm,NPB,MLB,full_cross_league,MLB,Connor Overton,2022,-0.48722998555862307,-0.43271484841207297,0.002971900178107166
lightgbm,NPB,MLB,full_cross_league,MLB,Vladimir Gutierrez,2022,-0.48722998555862307,-0.5295033798349784,0.001787039863644193
lightgbm,NPB,MLB,full_cross_league,MLB,Graham Ashcraft,2022,-0.48862501620556004,-0.3814930395654924,0.011477260418807997
lightgbm,NPB,MLB,full_cross_league,MLB,Chase Anderson,2022,-0.48909002642120497,0.11324785998380207,0.3628109293988512
lightgbm,NPB,MLB,full_cross_league,MLB,Shane Bieber,2022,1.2388879349178803,1.9220535028554184,0.46671519321541904
lightgbm,NPB,MLB,full_cross_league,MLB,Cal Quantrill,2022,0.400009505893198,1.1514448108953765,0.564655017603717
lightgbm,NPB,MLB,full_cross_league,MLB,Zach Plesac,2022,-0.0743009140653225,0.0931278416777725,0.028032388249680962
lightgbm,NPB,MLB,full_cross_league,MLB,Aaron Civale,2022,-0.13940234425570802,-0.023426443924890822,0.013450409457543645
lightgbm,NPB,MLB,full_cross_league,MLB,Triston McKenzie,2022,-0.48546294673917006,1.2620773971528356,3.0538972535301894
lightgbm,NPB,MLB,full_cross_league,MLB,Cody Morris,2022,-0.4890528256039541,-0.5721923227956965,0.0069121759932957525
lightgbm,NPB,MLB,full_cross_league,MLB,Hunter Gaddis,2022,-0.489071426012579,-0.6795187228461721,0.03627017287122271
lightgbm,NPB,MLB,full_cross_league,MLB,Xzavion Curry,2022,-0.489071426012579,-0.6035564720027754,0.01310682575537738
lightgbm,NPB,MLB,full_cross_league,MLB,Konnor Pilkington,2022,-0.48909002642120497,-0.5675050173043478,0.006148910795203368
lightgbm,NPB,MLB,full_cross_league,MLB,José Ureña,2022,0.028001333376711398,-0.1903588415817316,0.047681166007881845
lightgbm,NPB,MLB,full_cross_league,MLB,Austin Gomber,2022,-0.31610622620103895,-0.4655834846962074,0.02234345080723141
lightgbm,NPB,MLB,full_cross_league,MLB,Ryan Feltner,2022,-0.48871801824868905,-0.24085572891295526,0.06143571447475101
lightgbm,NPB,MLB,full_cross_league,MLB,Chris Flexen,2022,-0.48909002642120497,-0.24672290627499127,0.05874182092796919
lightgbm,NPB,MLB,full_cross_league,MLB,Michael Lorenzen,2022,0.958021764667928,-0.08044389597077618,1.0784109283257803
lightgbm,NPB,MLB,full_cross_league,MLB,Tyler Alexander,2022,-0.274255306792934,-0.21848940836898917,0.0031098354270297297
lightgbm,NPB,MLB,full_cross_league,MLB,Rony García,2022,-0.46862957693279805,-0.5772590329340591,0.011800358711129912
lightgbm,NPB,MLB,full_cross_league,MLB,Tarik Skubal,2022,-0.48468172957688505,-0.4127732540601202,0.005170828851145166
lightgbm,NPB,MLB,full_cross_league,MLB,Casey Mize,2022,-0.48644876839633805,-0.53602215392647945,0.0024575205529200326
lightgbm,NPB,MLB,full_cross_league,MLB,Matt Manning,2022,-0.48737878882762914,-0.5211183349399632,0.001138356971866315
lightgbm,NPB,MLB,full_cross_league,MLB,Beau Brieske,2022,-0.488271608441669,-0.5130280466528667,6.128812329048505e-4
lightgbm,NPB,MLB,full_cross_league,MLB,Joey Wentz,2022,-0.488439012119301,-0.524229756366088,0.0012809773737389183
lightgbm,NPB,MLB,full_cross_league,MLB,Zach Logue,2022,-0.48909002642120497,-0.5091126137751016,4.009040043444229e-4
lightgbm,NPB,MLB,full_cross_league,MLB,Alex Faedo,2022,-0.48909002642120497,-0.5458465139960836,0.0032212988818373567
lightgbm,NPB,MLB,full_cross_league,MLB,Tarik Skubal,2022,-0.547032717343769,-0.4127732540601202,0.01802560348121344
lightgbm,NPB,MLB,full_cross_league,MLB,Cristian Javier,2022,1.7578393355783797,1.159790724075027,0.3576621417210882
lightgbm,NPB,MLB,full_cross_league,MLB,Framber Valdez,2022,0.641814818028915,1.394689034111629,0.5668195852421609
lightgbm,NPB,MLB,full_cross_league,MLB,José Urquidy,2022,-0.06035060759595421,0.4181476039252206,0.22896053842896297
lightgbm,NPB,MLB,full_cross_league,MLB,Jordan Lyles,2022,0.958021764667928,0.7137132531004969,0.059686648824293594
lightgbm,NPB,MLB,full_cross_league,MLB,Zack Greinke,2022,0.958021764667928,0.8277837310764464,0.01696194539377588
lightgbm,NPB,MLB,full_cross_league,MLB,Brad Keller,2022,0.45116062961421505,-0.20641957560215327,0.43241172629240104
lightgbm,NPB,MLB,full_cross_league,MLB,Brady Singer,2022,-0.0743009140653225,0.08069248798167361,0.024022954678101775
lightgbm,NPB,MLB,full_cross_league,MLB,Kris Bubic,2022,-0.213803978759005,-0.4025285093436478,0.03561694844439378
lightgbm,NPB,MLB,full_cross_league,MLB,Ángel Zerpa,2022,-0.4888296207004441,-0.5812224276507879,0.008536430776163497
lightgbm,NPB,MLB,full_cross_league,MLB,Cole Ragans,2022,-0.552083472302026,-0.5809928087739727,8.357497352482283e-4
lightgbm,NPB,MLB,full_cross_league,MLB,Tyler Anderson,2022,1.79504015283002,3.2226258582197658,2.0380009462331383
lightgbm,NPB,MLB,full_cross_league,MLB,Patrick Sandoval,2022,-0.11150173131697101,-0.4533161443848223,0.11683709298091968
lightgbm,NPB,MLB,full_cross_league,MLB,José Suarez,2022,-0.4835099038334581,-0.1277526161142986,0.12656324776529282
lightgbm,NPB,MLB,full_cross_league,MLB,Tucker Davidson,2022,-0.48536994469604006,-0.5409508283980743,0.0030892346330990547
lightgbm,NPB,MLB,full_cross_league,MLB,Reid Detmers,2022,-0.48536994469604006,-0.5029192867069421,3.0797940501561073e-4
lightgbm,NPB,MLB,full_cross_league,MLB,Jhonathan Díaz,2022,-0.48909002642120497,-0.639120549938372,0.022509157986835202
lightgbm,NPB,MLB,full_cross_league,MLB,Chase Silseth,2022,-0.48909002642120497,-0.5830179033511468,0.008822446064566294
lightgbm,NPB,MLB,full_cross_league,MLB,Reid Detmers,2022,-0.572036130634948,-0.5029192867069421,0.004777138114568323
lightgbm,NPB,MLB,full_cross_league,MLB,Clayton Kershaw,2022,3.0970687566377304,2.8104257316642687,0.0821642237659366
lightgbm,NPB,MLB,full_cross_league,MLB,Julio Urías,2022,2.0275452606528304,1.0853141136292455,0.8877995344213805
lightgbm,NPB,MLB,full_cross_league,MLB,Noah Syndergaard,2022,1.79504015283002,0.4104493551856735,1.9170916769214073
lightgbm,NPB,MLB,full_cross_league,MLB,Walker Buehler,2022,0.8696698236952631,-0.32162756114913443,1.4191894591371006
lightgbm,NPB,MLB,full_cross_league,MLB,Tony Gonsolin,2022,-0.004549381718481162,0.9464746557229613,0.9044467197914222
lightgbm,NPB,MLB,full_cross_league,MLB,Dustin May,2022,-0.311456124044583,-0.504504929379961,0.03726784124141669
lightgbm,NPB,MLB,full_cross_league,MLB,Michael Grove,2022,-0.48862501620556004,-0.5921001612351583,0.010707105638896394
lightgbm,NPB,MLB,full_cross_league,MLB,Ryan Pepiot,2022,-0.48862501620556004,-0.4245629649985859,0.004103946404844973
lightgbm,NPB,MLB,full_cross_league,MLB,Johnny Cueto,2022,0.958021764667928,2.221203403285672,1.5956278521410086
lightgbm,NPB,MLB,full_cross_league,MLB,Pablo López,2022,0.390709301580286,0.9514857552054681,0.3144702309404359
lightgbm,NPB,MLB,full_cross_league,MLB,Jesús Luzardo,2022,-0.16730295719444402,-0.2589437719161852,0.00839803892286449
lightgbm,NPB,MLB,full_cross_league,MLB,Devin Smeltzer,2022,-0.4370088822688971,-0.3501952454238355,0.007536607542266238
lightgbm,NPB,MLB,full_cross_league,MLB,Trevor Rogers,2022,-0.48313789566094106,-0.20789377632845263,0.07575932522711713
lightgbm,NPB,MLB,full_cross_league,MLB,Braxton Garrett,2022,-0.4868579773861061,-0.3186673415922953,0.028288089968726303
lightgbm,NPB,MLB,full_cross_league,MLB,Edward Cabrera,2022,-0.48704398147236505,-0.3328983020798691,0.023760890475374153
lightgbm,NPB,MLB,full_cross_league,MLB,Max Meyer,2022,-0.48881102029181805,-0.6381252926541149,0.022294751931082157
lightgbm,NPB,MLB,full_cross_league,MLB,Chi Chi González,2022,-0.48909002642120497,-0.4485143991921509,0.001646381525031153
lightgbm,NPB,MLB,full_cross_league,MLB,Daniel Castano,2022,-0.48909002642120497,-0.5087831804736043,3.878203165315309e-4
lightgbm,NPB,MLB,full_cross_league,MLB,Braxton Garrett,2022,-0.5361680326613391,-0.3186673415922953,0.0473065506155116
lightgbm,NPB,MLB,full_cross_league,MLB,Aaron Ashby,2022,0.139603785131657,-0.36293807562743763,0.2525483218152132
lightgbm,NPB,MLB,full_cross_league,MLB,Brandon Woodruff,2022,1.38583116306189,1.8879125099256528,0.2520856788685301
lightgbm,NPB,MLB,full_cross_league,MLB,Corbin Burnes,2022,1.2388879349178803,1.8335156610351462,0.3535821326673902
lightgbm,NPB,MLB,full_cross_league,MLB,Eric Lauer,2022,0.3209577692334451,0.41739500000618396,0.00930013947911449
lightgbm,NPB,MLB,full_cross_league,MLB,Wade Miley,2022,0.214005419634955,0.21200864795904098,3.987097125732514e-6
lightgbm,NPB,MLB,full_cross_league,MLB,Adrian Houser,2022,0.0466017420025358,-0.003104801369703092,0.002470740454016266
lightgbm,NPB,MLB,full_cross_league,MLB,Bryse Wilson,2022,-0.4867463749343511,-0.20593160151403572,0.07885693697110305
lightgbm,NPB,MLB,full_cross_league,MLB,Jason Alexander,2022,-0.48676497534297714,-0.44670637537480073,0.0016046914314103823
lightgbm,NPB,MLB,full_cross_league,MLB,Janson Junk,2022,-0.48909002642120497,-0.4104832517242205,0.006179025028262476
lightgbm,NPB,MLB,full_cross_league,MLB,Ethan Small,2022,-0.48909002642120497,-0.6788859691303128,0.03602249986883896
lightgbm,NPB,MLB,full_cross_league,MLB,Chris Paddack,2022,0.15355409160102604,-0.41436961062809097,0.3225373315536268
lightgbm,NPB,MLB,full_cross_league,MLB,Tyler Mahle,2022,0.772017678409685,0.13055727086398133,0.41147145444870037
lightgbm,NPB,MLB,full_cross_league,MLB,Chris Paddack,2022,-0.17660316150735603,-0.41436961062809097,0.05653288432748304
lightgbm,NPB,MLB,full_cross_league,MLB,Joe Ryan,2022,-0.48718348453705806,0.9181886999146908,1.9750709768306802
lightgbm,NPB,MLB,full_cross_league,MLB,Josh Winder,2022,-0.4880391033338461,-0.3324525837716992,0.024207165069462327
lightgbm,NPB,MLB,full_cross_league,MLB,Dallas Keuchel,2022,-0.48909002642120497,-0.05396403670980026,0.18933462692232947
lightgbm,NPB,MLB,full_cross_league,MLB,Bailey Ober,2022,-0.48909002642120497,-0.5408738728879041,0.0026815667548866695
lightgbm,NPB,MLB,full_cross_league,MLB,Bailey Ober,2022,-0.5425193281907129,-0.5408738728879041,2.7075231535415865e-6
lightgbm,NPB,MLB,full_cross_league,MLB,Joe Ryan,2022,-0.559412405308773,0.9181886999146908,2.1833050261576012
lightgbm,NPB,MLB,full_cross_league,MLB,Justin Verlander,2022,7.43716404066205,4.051419911641335,11.46326330719824
lightgbm,NPB,MLB,full_cross_league,MLB,Jose Quintana,2022,1.79504015283002,1.2454565176639545,0.30204217204234696
lightgbm,NPB,MLB,full_cross_league,MLB,Elieser Hernández,2022,-0.325406430513951,-0.29683974452101175,8.160555486191925e-4
lightgbm,NPB,MLB,full_cross_league,MLB,Tylor Megill,2022,-0.4835099038334581,-0.31770509263253044,0.027491235417375266
lightgbm,NPB,MLB,full_cross_league,MLB,David Peterson,2022,-0.4835099038334581,0.04094024479094965,0.2750479583921634
lightgbm,NPB,MLB,full_cross_league,MLB,José Buttó,2022,-0.48909002642120497,-0.572915461931886,0.007026703638555349
lightgbm,NPB,MLB,full_cross_league,MLB,Carlos Rodón,2022,4.399097360445429,2.0052208557570097,5.730644719699245
lightgbm,NPB,MLB,full_cross_league,MLB,Frankie Montas,2022,0.772017678409685,0.3923169686856593,0.14417262896492886
lightgbm,NPB,MLB,full_cross_league,MLB,Nestor Cortes,2022,-0.027799892500761595,1.1948392413812723,1.4948464516998101
lightgbm,NPB,MLB,full_cross_league,MLB,Domingo Germán,2022,-0.13940234425570802,-0.1540277929980215,2.1390375091403878e-4
lightgbm,NPB,MLB,full_cross_league,MLB,Luis Gil,2022,-0.488457612527927,-0.4814195229335064,4.9534705139091435e-5
lightgbm,NPB,MLB,full_cross_league,MLB,Taijuan Walker,2022,2.72506058412124,0.666898390086981,4.236031616951913
lightgbm,NPB,MLB,full_cross_league,MLB,Ranger Suárez,2022,-0.0743009140653225,-0.2293436414569279,0.02403824731702767
lightgbm,NPB,MLB,full_cross_league,MLB,Bailey Falter,2022,-0.4866719732998482,-0.333196682838883,0.023554664782077635
lightgbm,NPB,MLB,full_cross_league,MLB,Rich Hill,2022,0.8650197215388071,0.48032481850459924,0.1479901684204986
lightgbm,NPB,MLB,full_cross_league,MLB,Mitch Keller,2022,-0.169628008272672,0.06113092539150452,0.05324968546582782
lightgbm,NPB,MLB,full_cross_league,MLB,JT Brubaker,2022,-0.19985367228963696,0.07269269067119558,0.07428151996317789
lightgbm,NPB,MLB,full_cross_league,MLB,Roansy Contreras,2022,-0.4881600059899141,-0.6344944740849338,0.021413776552652326
lightgbm,NPB,MLB,full_cross_league,MLB,Yu Darvish,2022,2.72506058412124,4.406490497586587,2.8272065538960844
lightgbm,NPB,MLB,full_cross_league,MLB,Joe Musgrove,2022,3.0970687566377304,1.8319582438714235,1.600504609511828
lightgbm,NPB,MLB,full_cross_league,MLB,Michael Wacha,2022,0.5860135921514419,0.1187574713314791,0.21832828244371968
lightgbm,NPB,MLB,full_cross_league,MLB,Ryan Weathers,2022,-0.48767639536564317,-0.6783095925955579,0.036341015886099566
lightgbm,NPB,MLB,full_cross_league,MLB,Luis Castillo,2022,3.3946752946509196,0.7174395812280768,7.167591065226717
lightgbm,NPB,MLB,full_cross_league,MLB,Logan Gilbert,2022,-0.48029203314118996,0.4124163382587442,0.7969282363675229
lightgbm,NPB,MLB,full_cross_league,MLB,George Kirby,2022,-0.4819660699175151,-0.6791578851321493,0.03888461198764241
lightgbm,NPB,MLB,full_cross_league,MLB,George Kirby,2022,-0.5089911616222329,-0.6791578851321493,0.028956713790100317
lightgbm,NPB,MLB,full_cross_league,MLB,Logan Gilbert,2022,-0.5357772380761111,0.4124163382587442,0.899071058202683
lightgbm,NPB,MLB,full_cross_league,MLB,Ross Stripling,2022,1.7020381097009,1.6514185561161923,0.0025623392051151066
lightgbm,NPB,MLB,full_cross_league,MLB,Sean Manaea,2022,1.7020381097009,0.5898038795959629,1.2370649826171225
lightgbm,NPB,MLB,full_cross_league,MLB,Logan Webb,2022,0.23260582826077897,1.8331975139761123,2.5618937443810523
lightgbm,NPB,MLB,full_cross_league,MLB,Miles Mikolas,2022,2.8335629057705196,3.3642667259270604,0.281646544728746
lightgbm,NPB,MLB,full_cross_league,MLB,Adam Wainwright,2022,2.6320585409921198,1.243132053313174,1.9291167881761726
lightgbm,NPB,MLB,full_cross_league,MLB,Jordan Montgomery,2022,1.23702789405529,0.628772323954766,0.3699748385583133
lightgbm,NPB,MLB,full_cross_league,MLB,Jack Flaherty,2022,0.38140909726737404,-0.4972850666756691,0.7721034337475635
lightgbm,NPB,MLB,full_cross_league,MLB,Dakota Hudson,2022,-0.13010213994279501,-0.25915624049266844,0.016654960868736843
lightgbm,NPB,MLB,full_cross_league,MLB,Matthew Liberatore,2022,-0.48909002642120497,-0.628661234217072,0.019480122045597088
lightgbm,NPB,MLB,full_cross_league,MLB,Zach Eflin,2022,1.8570414529147399,-0.2394976721298631,4.3954763028427895
lightgbm,NPB,MLB,full_cross_league,MLB,Jeffrey Springs,2022,0.8185186999742459,0.4937338539032507,0.10548519623736002
lightgbm,NPB,MLB,full_cross_league,MLB,Tyler Glasnow,2022,2.1995990404417003,-0.4030999388969408,6.774041977050404
lightgbm,NPB,MLB,full_cross_league,MLB,Yonny Chirinos,2022,-0.38585775854788,-0.5993443999791529,0.04557654606960488
lightgbm,NPB,MLB,full_cross_league,MLB,Drew Rasmussen,2022,-0.48542574592191806,0.19922182480518874,0.4687422961025287
lightgbm,NPB,MLB,full_cross_league,MLB,Shane McClanahan,2022,-0.4859279569548151,1.356834918263274,3.3957750142820387
lightgbm,NPB,MLB,full_cross_league,MLB,Shane Baz,2022,-0.48842041171067613,-0.5775098368745045,0.00793692567602138
lightgbm,NPB,MLB,full_cross_league,MLB,Elvin Rodríguez,2022,-0.48909002642120497,-0.5185218069199897,8.662297033286466e-4
lightgbm,NPB,MLB,full_cross_league,MLB,Luis Patiño,2022,-0.48909002642120497,-0.5928584230275409,0.010767880134249827
lightgbm,NPB,MLB,full_cross_league,MLB,Cooper Criswell,2022,-0.48909002642120497,-0.2985454056733792,0.036307252495932744
lightgbm,NPB,MLB,full_cross_league,MLB,Shane McClanahan,2022,-0.5579279066963461,1.356834918263274,3.6663166758473444
lightgbm,NPB,MLB,full_cross_league,MLB,Jacob deGrom,2022,6.25913822302787,1.0717279822643306,26.909225005978445
lightgbm,NPB,MLB,full_cross_league,MLB,Nathan Eovaldi,2022,2.5390564978629993,1.0039684238083346,2.3564953951048597
lightgbm,NPB,MLB,full_cross_league,MLB,Andrew Heaney,2022,1.7020381097009,0.208474037478523,2.23073363783349
lightgbm,NPB,MLB,full_cross_league,MLB,Martín Pérez,2022,3.03196732644734,1.269907214505118,3.104855838097836
lightgbm,NPB,MLB,full_cross_league,MLB,Dane Dunning,2022,-0.48484169309106706,-0.5016209941572829,2.8154494427071186e-4
lightgbm,NPB,MLB,full_cross_league,MLB,Glenn Otto,2022,-0.48605071965174607,-0.21208164309559774,0.07505905490902866
lightgbm,NPB,MLB,full_cross_league,MLB,Spencer Howard,2022,-0.48658734144060106,-0.44017990876951696,0.002153649807121204
lightgbm,NPB,MLB,full_cross_league,MLB,Cole Ragans,2022,-0.48831903948366506,-0.5809928087739727,0.008588427514473175
lightgbm,NPB,MLB,full_cross_league,MLB,Tyson Miller,2022,-0.48909002642120497,-0.6082756765530276,0.014205219197345234
lightgbm,NPB,MLB,full_cross_league,MLB,Chris Bassitt,2022,3.283072842895971,2.251531604268497,1.0640773269891033
lightgbm,NPB,MLB,full_cross_league,MLB,Alek Manoah,2022,-0.4843171615678191,1.1388046522055584,2.6345244223469786
lightgbm,NPB,MLB,full_cross_league,MLB,Mitch White,2022,-0.48481193243726606,-0.3090434650652482,0.030894554122308102
lightgbm,NPB,MLB,full_cross_league,MLB,Thomas Hatch,2022,-0.48909002642120497,-0.6441268409566994,0.024036413861313284
lightgbm,NPB,MLB,full_cross_league,MLB,Chad Kuhl,2022,-0.25100479601065406,0.16223075570801151,0.17076362120422992
lightgbm,NPB,MLB,full_cross_league,MLB,Josiah Gray,2022,-0.48722998555862307,-0.25488301480556824,0.05398511481812091
lightgbm,NPB,MLB,full_cross_league,MLB,MacKenzie Gore,2022,-0.4884762129365531,-0.42179863943224233,0.004445898808422763
lightgbm,NPB,MLB,full_cross_league,MLB,Cade Cavalli,2022,-0.4890528256039541,-0.5552105928831337,0.004376850171366087
lightgbm,NPB,MLB,full_cross_league,MLB,Joan Adon,2022,-0.48909002642120497,-0.2586831236591002,0.05308734084042601
lightgbm,NPB,MLB,full_cross_league,MLB,Cory Abbott,2022,-0.48909002642120497,-0.4986530466831985,9.145135653129853e-5
lightgbm,NPB,MLB,full_cross_league,MLB,Josiah Gray,2022,-0.565133891002077,-0.25488301480556824,0.0962556061807014
lightgbm,NPB,MLB,full_cross_league,MLB,Eduardo Rodríguez,2023,3.0970687566377304,0.9246574020206396,4.719371093669263
lightgbm,NPB,MLB,full_cross_league,MLB,Jordan Montgomery,2023,4.027089187928949,1.138220099377311,8.34556461078917
lightgbm,NPB,MLB,full_cross_league,MLB,Zac Gallen,2023,1.2390739390041299,2.320722001369653,1.1699625308190902
lightgbm,NPB,MLB,full_cross_league,MLB,Ryne Nelson,2023,-0.4808500453999651,-0.39390576883524236,0.007559307227362999
lightgbm,NPB,MLB,full_cross_league,MLB,Tommy Henry,2023,-0.48155686092774613,-0.4417123057181159,0.0015875885798532696
lightgbm,NPB,MLB,full_cross_league,MLB,Brandon Pfaadt,2023,-0.482691485853922,-0.20842879426604416,0.07522002399702742
lightgbm,NPB,MLB,full_cross_league,MLB,Logan Allen,2023,-0.48536994469604006,-0.5097844696073855,5.960690266467096e-4
lightgbm,NPB,MLB,full_cross_league,MLB,Slade Cecconi,2023,-0.48536994469604006,-0.5980912410646904,0.012706090655029097
lightgbm,NPB,MLB,full_cross_league,MLB,Ryne Nelson,2023,-0.5719435005999911,-0.39390576883524236,0.03169743393193662
lightgbm,NPB,MLB,full_cross_league,MLB,Brandon Pfaadt,2023,-0.5724602199516159,-0.20842879426604416,0.13251887888666994
lightgbm,NPB,MLB,full_cross_league,MLB,Paul Blackburn,2023,0.0187011290637993,-0.13398133115877142,0.023311933659616892
lightgbm,NPB,MLB,full_cross_league,MLB,Osvaldo Bido,2023,-0.4835099038334581,-0.5124619117392696,8.382187617781707e-4
lightgbm,NPB,MLB,full_cross_league,MLB,Ken Waldichuk,2023,-0.4844399242647491,-0.6273999718117368,0.020437575194636987
lightgbm,NPB,MLB,full_cross_league,MLB,JP Sears,2023,-0.4844399242647491,-0.015499818325349236,0.21990482295845554
lightgbm,NPB,MLB,full_cross_league,MLB,Joey Estes,2023,-0.48536994469604006,-0.6286230027085824,0.02052143862994482
lightgbm,NPB,MLB,full_cross_league,MLB,Joe Boyle,2023,-0.48536994469604006,-0.6900707539543117,0.04190242131099132
lightgbm,NPB,MLB,full_cross_league,MLB,Kyle Muller,2023,-0.48536994469604006,-0.33623007666189003,0.022242700237243684
lightgbm,NPB,MLB,full_cross_league,MLB,Luis Medina,2023,-0.48536994469604006,-0.2792720149657809,0.042476356639098836
lightgbm,NPB,MLB,full_cross_league,MLB,Mason Miller,2023,-0.48536994469604006,-0.3734446617041146,0.012527268972822596
lightgbm,NPB,MLB,full_cross_league,MLB,Chris Sale,2023,2.9110646703794796,0.6166612128270932,5.264287226028344
lightgbm,NPB,MLB,full_cross_league,MLB,Max Fried,2023,2.16704832534651,0.3068276616618975,3.4604209175992207
lightgbm,NPB,MLB,full_cross_league,MLB,Dylan Dodd,2023,-0.48536994469604006,-0.4307885887306938,0.002979124419015838
lightgbm,NPB,MLB,full_cross_league,MLB,AJ Smith-Shawver,2023,-0.48536994469604006,-0.5965011294192178,0.012350140217977064
lightgbm,NPB,MLB,full_cross_league,MLB,Allan Winans,2023,-0.48536994469604006,-0.159238992524177,0.10636139796452602
lightgbm,NPB,MLB,full_cross_league,MLB,Bryce Elder,2023,-0.48536994469604006,-0.3607747828447192,0.01552395435675684
lightgbm,NPB,MLB,full_cross_league,MLB,John Means,2023,-0.004549381718481162,-0.12419651642322707,0.014315436843055614
lightgbm,NPB,MLB,full_cross_league,MLB,Cole Irvin,2023,-0.25100479601065406,-0.13113225291381106,0.014369426588504484
lightgbm,NPB,MLB,full_cross_league,MLB,Tyler Wells,2023,-0.257979949245338,0.2334724760738559,0.24152548635211787
lightgbm,NPB,MLB,full_cross_league,MLB,Dean Kremer,2023,-0.4822822768641541,-0.11422374400345832,0.13546708361156787
lightgbm,NPB,MLB,full_cross_league,MLB,Kyle Bradish,2023,-0.4826728854452961,0.8232676338975432,1.7054806400614448
lightgbm,NPB,MLB,full_cross_league,MLB,Grayson Rodriguez,2023,-0.4838261107800971,-0.2776518116082381,0.042507841639007206
lightgbm,NPB,MLB,full_cross_league,MLB,Grayson Rodriguez,2023,-0.5777957471659341,-0.2776518116082381,0.09008638205206235
lightgbm,NPB,MLB,full_cross_league,MLB,Brayan Bello,2023,1.0820245508414499,0.0054448424020355855,1.1590238686234942
lightgbm,NPB,MLB,full_cross_league,MLB,Lucas Giolito,2023,2.9575656919440396,1.061929673236113,3.593435915422839
lightgbm,NPB,MLB,full_cross_league,MLB,Chase Anderson,2023,-0.390507860704336,0.07788851956177734,0.21939516904639747
lightgbm,NPB,MLB,full_cross_league,MLB,Rich Hill,2023,-0.4370088822688971,0.6897912793183342,1.2696786041530108
lightgbm,NPB,MLB,full_cross_league,MLB,Tanner Houck,2023,-0.479789822108293,-0.2318383503599253,0.06147993234218159
lightgbm,NPB,MLB,full_cross_league,MLB,Kutter Crawford,2023,-0.4816498629708761,-0.04427375279493793,0.19129786175263438
lightgbm,NPB,MLB,full_cross_league,MLB,Brad Keller,2023,-0.48536994469604006,-0.5287695832347851,0.0018835286252937213
lightgbm,NPB,MLB,full_cross_league,MLB,Tanner Houck,2023,-0.523637123374208,-0.2318383503599253,0.08514652393264088
lightgbm,NPB,MLB,full_cross_league,MLB,Kutter Crawford,2023,-0.5787466000548862,-0.04427375279493793,0.285661224458156
lightgbm,NPB,MLB,full_cross_league,MLB,Justin Steele,2023,0.12100337650583301,1.643781103082168,2.318852004556992
lightgbm,NPB,MLB,full_cross_league,MLB,Jordan Wicks,2023,-0.48509093856665303,-0.5342662214047093,0.0024182084422028267
lightgbm,NPB,MLB,full_cross_league,MLB,Dylan Cease,2023,0.8650197215388071,0.3284587802886439,0.28789764367526116
lightgbm,NPB,MLB,full_cross_league,MLB,Michael Soroka,2023,-0.06500070975241032,-0.49507192268755573,0.18496124819550716
lightgbm,NPB,MLB,full_cross_league,MLB,Michael Kopech,2023,-0.06500070975241032,-0.14426952982289062,0.006283545835366181
lightgbm,NPB,MLB,full_cross_league,MLB,Mike Clevinger,2023,-0.06500070975241032,1.275922254817743,1.7980743969116084
lightgbm,NPB,MLB,full_cross_league,MLB,Chris Flexen,2023,-0.29750581757521505,-0.6675049040756013,0.1368993240111203
lightgbm,NPB,MLB,full_cross_league,MLB,Touki Toussaint,2023,-0.38120765639142395,-0.20737604340477278,0.030217429673540873
lightgbm,NPB,MLB,full_cross_league,MLB,Brad Keller,2023,-0.4370088822688971,-0.5287695832347851,0.008420026241751111
lightgbm,NPB,MLB,full_cross_league,MLB,Jared Shuster,2023,-0.48536994469604006,-0.5401459170444228,0.003000407146710794
lightgbm,NPB,MLB,full_cross_league,MLB,Jake Woodford,2023,-0.48536994469604006,-0.5336872304224379,0.002334560099966372
lightgbm,NPB,MLB,full_cross_league,MLB,Nick Lodolo,2023,-0.4816498629708761,-0.2944358058378273,0.035049103188216454
lightgbm,NPB,MLB,full_cross_league,MLB,Graham Ashcraft,2023,-0.4835099038334581,-0.33334054041652145,0.02255083770904799
lightgbm,NPB,MLB,full_cross_league,MLB,Brandon Williamson,2023,-0.484904934480395,-0.3582167873897593,0.016049886613258544
lightgbm,NPB,MLB,full_cross_league,MLB,Andrew Abbott,2023,-0.484904934480395,-0.25099547513891324,0.05471363516942432
lightgbm,NPB,MLB,full_cross_league,MLB,Lyon Richardson,2023,-0.48536994469604006,-0.6351266124571511,0.02242705953891179
lightgbm,NPB,MLB,full_cross_league,MLB,Connor Phillips,2023,-0.48536994469604006,-0.4205711752212494,0.004198880525447058
lightgbm,NPB,MLB,full_cross_league,MLB,Carson Spiers,2023,-0.48536994469604006,-0.6726943865054925,0.03509044649922294
lightgbm,NPB,MLB,full_cross_league,MLB,Hunter Greene,2023,-0.524447543178035,-0.38499129101289026,0.019448046267948434
lightgbm,NPB,MLB,full_cross_league,MLB,Shane Bieber,2023,1.8182906636123,-0.23360867878516461,4.210290911331148
lightgbm,NPB,MLB,full_cross_league,MLB,Carlos Carrasco,2023,-0.25100479601065406,0.36601884904928594,0.38071817856305484
lightgbm,NPB,MLB,full_cross_league,MLB,Triston McKenzie,2023,-0.325406430513951,-0.5630115570215513,0.05645619614269271
lightgbm,NPB,MLB,full_cross_league,MLB,Ben Lively,2023,-0.4835099038334581,-0.06322456618670261,0.17663976504084725
lightgbm,NPB,MLB,full_cross_league,MLB,Tanner Bibee,2023,-0.48430972140436807,0.043095490707788106,0.27815625776306846
lightgbm,NPB,MLB,full_cross_league,MLB,Logan Allen,2023,-0.48457012712513003,-0.5097844696073855,6.357630668124752e-4
lightgbm,NPB,MLB,full_cross_league,MLB,Gavin Williams,2023,-0.4849793361148981,-0.3429651246193772,0.020168036266694524
lightgbm,NPB,MLB,full_cross_league,MLB,Hunter Gaddis,2023,-0.48523974183566004,-0.652344456391708,0.027923985626858272
lightgbm,NPB,MLB,full_cross_league,MLB,Matthew Boyd,2023,-0.48536994469604006,0.05021020365127577,0.28684609530373284
lightgbm,NPB,MLB,full_cross_league,MLB,Tanner Bibee,2023,-0.5464008614627499,0.043095490707788106,0.34750594922237094
lightgbm,NPB,MLB,full_cross_league,MLB,Hunter Gaddis,2023,-0.568823468057095,-0.652344456391708,0.0069757554923905556
lightgbm,NPB,MLB,full_cross_league,MLB,Luis Ortiz,2023,-0.577197744028614,-0.42021952585455113,0.024642160981103684
lightgbm,NPB,MLB,full_cross_league,MLB,Germán Márquez,2023,1.23702789405529,-0.41846778460167056,2.7406659420518706
lightgbm,NPB,MLB,full_cross_league,MLB,Cal Quantrill,2023,0.5953137964643539,-0.5001751230728949,1.2000959728288887
lightgbm,NPB,MLB,full_cross_league,MLB,Austin Gomber,2023,-0.037100096813673794,0.29316269088484254,0.10907350893839529
lightgbm,NPB,MLB,full_cross_league,MLB,Dakota Hudson,2023,-0.34400683913977503,-0.4363319101218725,0.008523918731849336
lightgbm,NPB,MLB,full_cross_league,MLB,Ty Blach,2023,-0.4370088822688971,-0.17910838467567708,0.06651266665883049
lightgbm,NPB,MLB,full_cross_league,MLB,Ryan Feltner,2023,-0.4844399242647491,-0.4495480419685066,0.001217443450174838
lightgbm,NPB,MLB,full_cross_league,MLB,Noah Davis,2023,-0.48536994469604006,-0.4547800110092564,9.357440429618208e-4
lightgbm,NPB,MLB,full_cross_league,MLB,Ryan Feltner,2023,-0.5780120699182518,-0.4495480419685066,0.016503006477072917
lightgbm,NPB,MLB,full_cross_league,MLB,Kenta Maeda,2023,1.6090360665717802,1.2032277772959807,0.16468036764495095
lightgbm,NPB,MLB,full_cross_league,MLB,Jack Flaherty,2023,1.9810442390882699,-0.0777517111628177,4.238640764770278
lightgbm,NPB,MLB,full_cross_league,MLB,Tarik Skubal,2023,-0.13010213994279501,0.2970747073519748,0.18248005886469906
lightgbm,NPB,MLB,full_cross_league,MLB,Reese Olson,2023,-0.48308209443506406,-0.40416150853623156,0.0062284588786149985
lightgbm,NPB,MLB,full_cross_league,MLB,Joey Wentz,2023,-0.48412371731811005,-0.15825074480636098,0.10619319421364316
lightgbm,NPB,MLB,full_cross_league,MLB,Alex Faedo,2023,-0.484142317726736,-0.4926511767885828,7.240068253437216e-5
lightgbm,NPB,MLB,full_cross_league,MLB,Sawyer Gipson-Long,2023,-0.48470032998551105,-0.4021612685964554,0.006812696654986296
lightgbm,NPB,MLB,full_cross_league,MLB,Matt Manning,2023,-0.48536994469604006,-0.3972676419216844,0.007762015754144236
lightgbm,NPB,MLB,full_cross_league,MLB,Reese Olson,2023,-0.5744402334498352,-0.40416150853623156,0.028994844158202696
lightgbm,NPB,MLB,full_cross_league,MLB,Framber Valdez,2023,1.6276364751975998,1.610683402226274,2.8740668317109964e-4
lightgbm,NPB,MLB,full_cross_league,MLB,José Urquidy,2023,0.07450235494127233,-0.6024170460323277,0.4582198754144575
lightgbm,NPB,MLB,full_cross_league,MLB,Hunter Brown,2023,-0.47895280372013105,0.5752593209934156,1.1113632038930505
lightgbm,NPB,MLB,full_cross_league,MLB,J.P. France,2023,-0.480236231915313,-0.07030791707044866,0.16804122331155025
lightgbm,NPB,MLB,full_cross_league,MLB,Brandon Bielak,2023,-0.480719842539584,-0.2698532777053552,0.04446470816498801
lightgbm,NPB,MLB,full_cross_league,MLB,Hunter Brown,2023,-0.5454786532030822,0.5752593209934156,1.2560536068060697
lightgbm,NPB,MLB,full_cross_league,MLB,Seth Lugo,2023,2.16704832534651,0.9782369050677485,1.413272592985206
lightgbm,NPB,MLB,full_cross_league,MLB,Michael Wacha,2023,2.3530524116047493,1.8206642145488123,0.2834371923644712
lightgbm,NPB,MLB,full_cross_league,MLB,Brady Singer,2023,0.27910684982534006,0.08380910762756119,0.0381412081075501
lightgbm,NPB,MLB,full_cross_league,MLB,Kris Bubic,2023,-0.18590336582026804,-0.5107188858128364,0.10550512202804262
lightgbm,NPB,MLB,full_cross_league,MLB,Kyle Wright,2023,-0.28820561326230204,-0.37628377358785836,0.007757762326334404
lightgbm,NPB,MLB,full_cross_league,MLB,Jonathan Bowlan,2023,-0.48536994469604006,-0.5605592552615366,0.0056534324233146905
lightgbm,NPB,MLB,full_cross_league,MLB,Patrick Sandoval,2023,0.311657564920533,-0.3175684473363841,0.395925374500742
lightgbm,NPB,MLB,full_cross_league,MLB,Griffin Canning,2023,-0.13940234425570802,-0.06528662177893498,0.005493140318254042
lightgbm,NPB,MLB,full_cross_league,MLB,Zach Plesac,2023,-0.4370088822688971,-0.6318520410932157,0.037963856540638635
lightgbm,NPB,MLB,full_cross_league,MLB,Johnny Cueto,2023,-0.4370088822688971,0.660271432705979,1.204024089631363
lightgbm,NPB,MLB,full_cross_league,MLB,José Suarez,2023,-0.450959188738265,-0.462433627843268,1.3166275277442225e-4
lightgbm,NPB,MLB,full_cross_league,MLB,Reid Detmers,2023,-0.479789822108293,-0.5944939220603299,0.01315703054580687
lightgbm,NPB,MLB,full_cross_league,MLB,Chase Silseth,2023,-0.4835099038334581,-0.4808292686449824,7.185805013694268e-6
lightgbm,NPB,MLB,full_cross_league,MLB,Tyler Glasnow,2023,4.457223637401131,2.24874430573133,4.877380958412691
lightgbm,NPB,MLB,full_cross_league,MLB,Clayton Kershaw,2023,0.30700746276407703,2.222222914023389,3.668050224742409
lightgbm,NPB,MLB,full_cross_league,MLB,James Paxton,2023,0.679015635280563,0.35091853216029956,0.10764770907590876
lightgbm,NPB,MLB,full_cross_league,MLB,Dustin May,2023,-0.22589424436579103,-0.4927374772215763,0.07120531092092683
lightgbm,NPB,MLB,full_cross_league,MLB,Michael Grove,2023,-0.4816498629708761,-0.1315069376049374,0.12260006818381733
lightgbm,NPB,MLB,full_cross_league,MLB,Bobby Miller,2023,-0.4835099038334581,0.18602618458493214,0.44827857369459856
lightgbm,NPB,MLB,full_cross_league,MLB,Emmet Sheehan,2023,-0.4835099038334581,-0.42656974348947246,0.003242181859998794
lightgbm,NPB,MLB,full_cross_league,MLB,Gavin Stone,2023,-0.484904934480395,-0.5226887516546446,0.0014276168402571157
lightgbm,NPB,MLB,full_cross_league,MLB,Gavin Stone,2023,-0.5579074462468581,-0.5226887516546446,0.001240356448779608
lightgbm,NPB,MLB,full_cross_league,MLB,Jesús Luzardo,2023,0.400009505893198,0.7366290922644696,0.11331274592876597
lightgbm,NPB,MLB,full_cross_league,MLB,Trevor Rogers,2023,-0.338426716552028,-0.4969449083413852,0.025128017128167437
lightgbm,NPB,MLB,full_cross_league,MLB,Braxton Garrett,2023,-0.48090584662584307,-0.04101993951927421,0.1934996112709689
lightgbm,NPB,MLB,full_cross_league,MLB,Edward Cabrera,2023,-0.48146385888461707,0.04439969535192577,0.27653247767428946
lightgbm,NPB,MLB,full_cross_league,MLB,Ryan Weathers,2023,-0.4830262932091861,-0.5392101380806882,0.00315662442454501
lightgbm,NPB,MLB,full_cross_league,MLB,Eury Pérez,2023,-0.4838819120059741,-0.20842879405882173,0.07587442018680782
lightgbm,NPB,MLB,full_cross_league,MLB,Brandon Woodruff,2023,1.0045227862324897,0.06659543863408862,0.8797077093729719
lightgbm,NPB,MLB,full_cross_league,MLB,Corbin Burnes,2023,2.2855329282930104,1.6940689664613036,0.3498296181456587
lightgbm,NPB,MLB,full_cross_league,MLB,Wade Miley,2023,0.958021764667928,0.7534210949294586,0.04186143405743021
lightgbm,NPB,MLB,full_cross_league,MLB,Colin Rea,2023,0.214005419634955,0.4006714999209899,0.034844225529352416
lightgbm,NPB,MLB,full_cross_league,MLB,Janson Junk,2023,-0.48536994469604006,-0.5278936582577723,0.0018082662150802546
lightgbm,NPB,MLB,full_cross_league,MLB,Pablo López,2023,2.7948121164680795,1.7431138344122885,1.106069276479102
lightgbm,NPB,MLB,full_cross_league,MLB,Bailey Ober,2023,-0.481305755411298,0.16459221552493306,0.41718418885954034
lightgbm,NPB,MLB,full_cross_league,MLB,Joe Ryan,2023,-0.4818637676700721,1.4236443664676945,3.630961249265193
lightgbm,NPB,MLB,full_cross_league,MLB,Bailey Ober,2023,-0.5521296013154181,0.16459221552493306,0.513690162734934
lightgbm,NPB,MLB,full_cross_league,MLB,Joe Ryan,2023,-0.5614355717550039,1.4236443664676945,3.9405423611342325
lightgbm,NPB,MLB,full_cross_league,MLB,Luis Severino,2023,1.79504015283002,-0.10990159344478412,3.6288030567005003
lightgbm,NPB,MLB,full_cross_league,MLB,Adrian Houser,2023,0.31630766707698904,0.07600779089006841,0.05774403049544938
lightgbm,NPB,MLB,full_cross_league,MLB,Julio Teheran,2023,-0.15800275288153204,0.15299538988523892,0.09671984480438085
lightgbm,NPB,MLB,full_cross_league,MLB,David Peterson,2023,-0.223104183071917,-0.31977088913487606,0.009344452061062523
lightgbm,NPB,MLB,full_cross_league,MLB,Joey Lucchesi,2023,-0.31610622620103895,-0.42233564429496534,0.011284689268574215
lightgbm,NPB,MLB,full_cross_league,MLB,Tylor Megill,2023,-0.48048733743176103,0.010544598895982952,0.24111236249377363
lightgbm,NPB,MLB,full_cross_league,MLB,José Buttó,2023,-0.48536994469604006,-0.5164902994142899,9.684764777896966e-4
lightgbm,NPB,MLB,full_cross_league,MLB,Marcus Stroman,2023,2.8180626272503595,1.3302171608550335,2.213684131873125
lightgbm,NPB,MLB,full_cross_league,MLB,Nestor Cortes,2023,0.111703172192921,-0.031072797477426337,0.02038497751530794
lightgbm,NPB,MLB,full_cross_league,MLB,Clarke Schmidt,2023,-0.24635469385419803,0.2939070151808315,0.29188271424945095
lightgbm,NPB,MLB,full_cross_league,MLB,Luke Weaver,2023,-0.25100479601065406,-0.17015667242391136,0.006536419087497222
lightgbm,NPB,MLB,full_cross_league,MLB,Aaron Nola,2023,3.9473732306771603,2.6060795300477384,1.799068791348169
lightgbm,NPB,MLB,full_cross_league,MLB,Ranger Suárez,2023,0.31630766707698904,-0.3411020800857813,0.43218757566461763
lightgbm,NPB,MLB,full_cross_league,MLB,Spencer Turnbull,2023,-0.25100479601065406,-0.27342806318262886,5.028029106657624e-4
lightgbm,NPB,MLB,full_cross_league,MLB,Kolby Allard,2023,-0.4370088822688971,-0.5293032528163517,0.008518250834750855
lightgbm,NPB,MLB,full_cross_league,MLB,Cristopher Sánchez,2023,-0.4828588895315541,-0.3834632622392652,0.009879490724827607
lightgbm,NPB,MLB,full_cross_league,MLB,Luis Ortiz,2023,-0.48462592835100704,-0.42021952585455113,0.004148184682535481
lightgbm,NPB,MLB,full_cross_league,MLB,Cristopher Sánchez,2023,-0.5158221616900669,-0.3834632622392652,0.017518878263827437
lightgbm,NPB,MLB,full_cross_league,MLB,Mitch Keller,2023,2.2414499598498097,1.5061600153053183,0.5406513025482412
lightgbm,NPB,MLB,full_cross_league,MLB,Martín Pérez,2023,0.8650197215388071,1.116678475729932,0.06333212856102899
lightgbm,NPB,MLB,full_cross_league,MLB,Mitch Keller,2023,0.3893142709333491,1.5061600153053183,1.2473444167217782
lightgbm,NPB,MLB,full_cross_league,MLB,Johan Oviedo,2023,-0.480719842539584,0.11402991786963143,0.3537272775068192
lightgbm,NPB,MLB,full_cross_league,MLB,Roansy Contreras,2023,-0.48257988340216706,-0.6086726052352088,0.01589937449926485
lightgbm,NPB,MLB,full_cross_league,MLB,Bailey Falter,2023,-0.48257988340216706,-0.28129837981534533,0.04051424368617173
lightgbm,NPB,MLB,full_cross_league,MLB,Luis Ortiz,2023,-0.4839749140491041,-0.42021952585455113,0.0040647495238381424
lightgbm,NPB,MLB,full_cross_league,MLB,Jake Woodford,2023,-0.48536994469604006,-0.5336872304224379,0.002334560099966372
lightgbm,NPB,MLB,full_cross_league,MLB,Domingo Germán,2023,-0.48536994469604006,0.32197764875180457,0.6518101366460263
lightgbm,NPB,MLB,full_cross_league,MLB,Quinn Priester,2023,-0.48536994469604006,-0.5304768984597623,0.0020346372778425777
lightgbm,NPB,MLB,full_cross_league,MLB,Mason Miller,2023,-0.46950826023628206,-0.3734446617041146,0.009228214962949444
lightgbm,NPB,MLB,full_cross_league,MLB,Matt Waldron,2023,-0.485035137340776,-0.49677735186902516,1.3787960202742516e-4
lightgbm,NPB,MLB,full_cross_league,MLB,Jhony Brito,2023,-0.48536994469604006,-0.21722104727711333,0.07190383118698608
lightgbm,NPB,MLB,full_cross_league,MLB,Logan Gilbert,2023,0.130303580818745,1.3289166501274927,1.436673289917737
lightgbm,NPB,MLB,full_cross_league,MLB,George Kirby,2023,-0.47447010524130706,1.3669028922126008,3.390654515752389
lightgbm,NPB,MLB,full_cross_league,MLB,Bryce Miller,2023,-0.4830262932091861,-0.2632803815916722,0.04828826567261223
lightgbm,NPB,MLB,full_cross_league,MLB,Bryan Woo,2023,-0.48369590791971606,-0.2811997890187794,0.04100467816994228
lightgbm,NPB,MLB,full_cross_league,MLB,Emerson Hancock,2023,-0.4851281393839051,-0.5775713054508672,0.008545738952483938
lightgbm,NPB,MLB,full_cross_league,MLB,Dallas Keuchel,2023,-0.48536994469604006,0.636603126593721,1.2588235726993793
lightgbm,NPB,MLB,full_cross_league,MLB,Bryce Miller,2023,-0.5305120204063989,-0.2632803815916722,0.07141274878360453
lightgbm,NPB,MLB,full_cross_league,MLB,George Kirby,2023,-0.540001762883208,1.3669028922126008,3.636285363626065
lightgbm,NPB,MLB,full_cross_league,MLB,Bryan Woo,2023,-0.5555896493279939,-0.2811997890187794,0.07528979544051026
lightgbm,NPB,MLB,full_cross_league,MLB,Logan Webb,2023,2.72506058412124,1.143840469733394,2.5002570501447128
lightgbm,NPB,MLB,full_cross_league,MLB,Blake Snell,2023,5.1431137054784,2.798106718803952,5.499057767551973
lightgbm,NPB,MLB,full_cross_league,MLB,Kyle Harrison,2023,-0.4846724293725721,-0.637398277200443,0.023325184594741963
lightgbm,NPB,MLB,full_cross_league,MLB,Keaton Winn,2023,-0.4846724293725721,-0.2796779909072298,0.042022719801721016
lightgbm,NPB,MLB,full_cross_league,MLB,Sonny Gray,2023,4.027089187928949,2.380929888247967,2.7098404399261815
lightgbm,NPB,MLB,full_cross_league,MLB,Kyle Gibson,2023,1.79504015283002,1.9664172243681952,0.029370100649000846
lightgbm,NPB,MLB,full_cross_league,MLB,Lance Lynn,2023,1.4230319803135398,2.222510173589373,0.6391653815235903
lightgbm,NPB,MLB,full_cross_league,MLB,Matthew Liberatore,2023,-0.4840307152749811,-0.5586506380709456,0.005568132878075706
lightgbm,NPB,MLB,full_cross_league,MLB,Shane McClanahan,2023,0.0466017420025358,0.8828842840855775,0.6993684901928745
lightgbm,NPB,MLB,full_cross_league,MLB,Aaron Civale,2023,0.288407054138252,-0.10334984378878591,0.1534734670734156
lightgbm,NPB,MLB,full_cross_league,MLB,Drew Rasmussen,2023,-0.27658035787116203,-0.10254958533182133,0.030286709790639736
lightgbm,NPB,MLB,full_cross_league,MLB,Zack Littell,2023,-0.27890540894939003,-0.32855301136383264,0.0024648844255025673
lightgbm,NPB,MLB,full_cross_league,MLB,Taj Bradley,2023,-0.484756131211388,-0.457843839822934,7.242714277770566e-4
lightgbm,NPB,MLB,full_cross_league,MLB,Tyler Mahle,2023,1.4230319803135398,-0.22182668318309806,2.7055600228799457
lightgbm,NPB,MLB,full_cross_league,MLB,Michael Lorenzen,2023,0.214005419634955,0.6895377099379519,0.22613095912081374
lightgbm,NPB,MLB,full_cross_league,MLB,Dane Dunning,2023,-0.004549381718481162,0.2601661411093286,0.07007430802600069
lightgbm,NPB,MLB,full_cross_league,MLB,José Ureña,2023,-0.34400683913977503,-0.023013919700257693,0.10303645433030448
lightgbm,NPB,MLB,full_cross_league,MLB,Chase Anderson,2023,-0.4370088822688971,0.07788851956177734,0.26511933441197905
lightgbm,NPB,MLB,full_cross_league,MLB,Alek Manoah,2023,-0.4774647710300651,-0.22176350729023123,0.06538313627814811
lightgbm,NPB,MLB,full_cross_league,MLB,Wes Parsons,2023,-0.4835843054679611,-0.616399411805105,0.01763985247134685
lightgbm,NPB,MLB,full_cross_league,MLB,Josiah Gray,2023,-0.482133473595147,0.11418745851218609,0.35559865406935853
lightgbm,NPB,MLB,full_cross_league,MLB,MacKenzie Gore,2023,-0.4835843054679611,-0.43670716730909176,0.0021974660819657245
lightgbm,NPB,MLB,full_cross_league,MLB,Jake Irvin,2023,-0.4843283218129941,-0.2912975535883726,0.037260877481387546
lightgbm,NPB,MLB,full_cross_league,MLB,Jackson Rutledge,2023,-0.48536994469604006,-0.6180572600372931,0.017605923652469126
lightgbm,NPB,MLB,full_cross_league,MLB,Joan Adon,2023,-0.48536994469604006,-0.6521373380849824,0.027811363497742256
lightgbm,NPB,MLB,full_cross_league,MLB,MacKenzie Gore,2023,-0.567208580580201,-0.43670716730909176,0.017030618865756835
lightgbm,NPB,MLB,full_cross_league,MLB,Jake Irvin,2023,-0.5784346712022309,-0.2912975535883726,0.0824477243115947
lightgbm,NPB,MLB,full_cross_league,MLB,Corbin Burnes,2024,5.887130050511379,1.89748786967708,15.91724473109226
lightgbm,NPB,MLB,full_cross_league,MLB,Brandon Pfaadt,2024,-0.4743213019723011,1.5413635737831866,4.062985518349415
lightgbm,NPB,MLB,full_cross_league,MLB,Luis Severino,2024,3.5310782292389296,0.7789043609919961,7.574461001061289
lightgbm,NPB,MLB,full_cross_league,MLB,JP Sears,2024,-0.479789822108293,0.49806822652928245,0.9562063632852869
lightgbm,NPB,MLB,full_cross_league,MLB,Osvaldo Bido,2024,-0.480719842539584,-0.1472250944296232,0.11121874701692622
lightgbm,NPB,MLB,full_cross_league,MLB,Luis Medina,2024,-0.480719842539584,-0.48999979293792745,8.611747939571476e-5
lightgbm,NPB,MLB,full_cross_league,MLB,Mitch Spence,2024,-0.480719842539584,-0.0055920527166736615,0.22574641666200365
lightgbm,NPB,MLB,full_cross_league,MLB,J.T. Ginn,2024,-0.4816498629708761,-0.5423915508824538,0.0036895526503475102
lightgbm,NPB,MLB,full_cross_league,MLB,Joey Estes,2024,-0.4816498629708761,-0.17920547293038244,0.09147260906696623
lightgbm,NPB,MLB,full_cross_league,MLB,Brady Basso,2024,-0.4816498629708761,-0.5844041544947287,0.010558444426568891
lightgbm,NPB,MLB,full_cross_league,MLB,Reynaldo López,2024,1.23702789405529,1.1300224544077901,0.011450164114154712
lightgbm,NPB,MLB,full_cross_league,MLB,Bryce Elder,2024,-0.47420969952054604,-0.48812855264529836,1.9373447230842765e-4
lightgbm,NPB,MLB,full_cross_league,MLB,AJ Smith-Shawver,2024,-0.479789822108293,-0.6542750874857467,0.030445107833840437
lightgbm,NPB,MLB,full_cross_league,MLB,Spencer Schwellenbach,2024,-0.479789822108293,-0.026882200665952906,0.20512531356055805
lightgbm,NPB,MLB,full_cross_league,MLB,Charlie Morton,2024,-0.4816498629708761,1.4765368787499233,3.8344953154511208
lightgbm,NPB,MLB,full_cross_league,MLB,Hurston Waldrep,2024,-0.4816498629708761,-0.6281062763155262,0.021449481009779003
lightgbm,NPB,MLB,full_cross_league,MLB,Davis Daniel,2024,-0.4816498629708761,-0.5372097330025937,0.00308689915794135
lightgbm,NPB,MLB,full_cross_league,MLB,Spencer Schwellenbach,2024,-0.560619943836762,-0.026882200665952906,0.2848759784850685
lightgbm,NPB,MLB,full_cross_league,MLB,Hurston Waldrep,2024,-0.5818874650554429,-0.6281062763155262,0.0021361785142952044
lightgbm,NPB,MLB,full_cross_league,MLB,Charlie Morton,2024,2.16704832534651,1.4765368787499233,0.4768060578809108
lightgbm,NPB,MLB,full_cross_league,MLB,Kyle Gibson,2024,0.353508484328637,1.4133404329866572,1.123243759396256
lightgbm,NPB,MLB,full_cross_league,MLB,Dean Kremer,2024,-0.0743009140653225,0.07573559231029967,0.02251095324540211
lightgbm,NPB,MLB,full_cross_league,MLB,Trevor Rogers,2024,-0.13940234425570802,-0.21964698695509421,0.006439202681952153
lightgbm,NPB,MLB,full_cross_league,MLB,Kyle Bradish,2024,-0.18590336582026804,-0.19253338645827747,4.3957173660431067e-5
lightgbm,NPB,MLB,full_cross_league,MLB,Tyler Wells,2024,-0.23705448954128505,-0.635834174909467,0.1590252374623462
lightgbm,NPB,MLB,full_cross_league,MLB,Albert Suárez,2024,-0.4695595973640901,1.1532509244930633,2.6335139898502864
lightgbm,NPB,MLB,full_cross_league,MLB,Grayson Rodriguez,2024,-0.479641018839287,0.7380468969260847,1.482763860201015
lightgbm,NPB,MLB,full_cross_league,MLB,Cade Povich,2024,-0.48051523804470003,-0.40365465549456625,0.00590754914994593
lightgbm,NPB,MLB,full_cross_league,MLB,Chayce McDermott,2024,-0.481240653981107,-0.6268673860408077,0.021207145090387867
lightgbm,NPB,MLB,full_cross_league,MLB,Cody Poteet,2024,-0.4816498629708761,-0.4931244636946927,1.3166646177101288e-4
lightgbm,NPB,MLB,full_cross_league,MLB,Walker Buehler,2024,3.29237304720888,-0.4094951219593099,13.703827941900645
lightgbm,NPB,MLB,full_cross_league,MLB,Patrick Sandoval,2024,1.0742743185793298,-0.2627542490675027,1.7876453907037406
lightgbm,NPB,MLB,full_cross_league,MLB,Tanner Houck,2024,0.111703172192921,0.5109076918277672,0.15936424849688827
lightgbm,NPB,MLB,full_cross_league,MLB,Garrett Crochet,2024,0.08380255925418441,-0.42455025794211265,0.25842258675141183
lightgbm,NPB,MLB,full_cross_league,MLB,Kutter Crawford,2024,-0.11150173131697101,0.7882332287155237,0.8095229983046749
lightgbm,NPB,MLB,full_cross_league,MLB,Cooper Criswell,2024,-0.4370088822688971,-0.4072029089523405,8.88396045347284e-4
lightgbm,NPB,MLB,full_cross_league,MLB,Richard Fitts,2024,-0.4805338384533259,-0.6045976407456665,0.015391827039232963
lightgbm,NPB,MLB,full_cross_league,MLB,Quinn Priester,2024,-0.4816498629708761,-0.5644567452109052,0.006856979746314044
lightgbm,NPB,MLB,full_cross_league,MLB,Brayan Bello,2024,-0.560479138743464,0.6969617838399738,1.581157673787487
lightgbm,NPB,MLB,full_cross_league,MLB,Matthew Boyd,2024,2.0740462822173904,-0.2751100026460864,5.518535250713572
lightgbm,NPB,MLB,full_cross_league,MLB,Justin Steele,2024,0.5953137964643539,0.05453896878064694,0.292437414256343
lightgbm,NPB,MLB,full_cross_league,MLB,Colin Rea,2024,0.30700746276407703,1.1112941984351359,0.6468771531764076
lightgbm,NPB,MLB,full_cross_league,MLB,Chris Flexen,2024,-0.390507860704336,0.625176211169987,1.0316141338592049
lightgbm,NPB,MLB,full_cross_league,MLB,Javier Assad,2024,-0.47546522710278905,-0.33934801448283386,0.018527895571426086
lightgbm,NPB,MLB,full_cross_league,MLB,Ben Brown,2024,-0.48118485275523004,-0.5293531937402385,0.0023201890732480438
lightgbm,NPB,MLB,full_cross_league,MLB,Jordan Wicks,2024,-0.4816498629708761,-0.5831438642985628,0.010301032305504472
lightgbm,NPB,MLB,full_cross_league,MLB,Martín Pérez,2024,0.30700746276407703,0.2441818149566387,0.00394706202242428
lightgbm,NPB,MLB,full_cross_league,MLB,Mike Clevinger,2024,-0.34400683913977503,-0.29533551625351573,0.0023688976714985087
lightgbm,NPB,MLB,full_cross_league,MLB,Jonathan Cannon,2024,-0.47995722578592503,-0.4838458316272871,1.5121255389475294e-5
lightgbm,NPB,MLB,full_cross_league,MLB,Davis Martin,2024,-0.480636140700768,-0.4537518964902951,7.227625867683436e-4
lightgbm,NPB,MLB,full_cross_league,MLB,Drew Thorpe,2024,-0.480766343561149,-0.591792854274467,0.012326886081174526
lightgbm,NPB,MLB,full_cross_league,MLB,Ky Bush,2024,-0.481501059701869,-0.5152270216484419,0.0011374405092216835
lightgbm,NPB,MLB,full_cross_league,MLB,Sean Burke,2024,-0.48158476154068514,-0.7448603401366777,0.06931403028505465
lightgbm,NPB,MLB,full_cross_league,MLB,Brady Singer,2024,1.0045227862324897,0.5052437005659908,0.24927960538397517
lightgbm,NPB,MLB,full_cross_league,MLB,Wade Miley,2024,-0.15800275288153204,-0.16559031433428617,5.7571088799320404e-5
lightgbm,NPB,MLB,full_cross_league,MLB,Nick Lodolo,2024,-0.25565489816711,0.4964185732761382,0.5656145064486983
lightgbm,NPB,MLB,full_cross_league,MLB,Graham Ashcraft,2024,-0.4779297812457111,-0.3667522306599497,0.012360447754249534
lightgbm,NPB,MLB,full_cross_league,MLB,Brandon Williamson,2024,-0.479789822108293,-0.5659324624089116,0.007420554477961756
lightgbm,NPB,MLB,full_cross_league,MLB,Andrew Abbott,2024,-0.479789822108293,-0.35610607997500104,0.015297668068094664
lightgbm,NPB,MLB,full_cross_league,MLB,Rhett Lowder,2024,-0.48137085684148806,-0.5578110961800873,0.005843110190142333
lightgbm,NPB,MLB,full_cross_league,MLB,Julian Aguiar,2024,-0.48137085684148806,-0.5589449956196593,0.006017747007174966
lightgbm,NPB,MLB,full_cross_league,MLB,Andrew Abbott,2024,-0.526278753407247,-0.35610607997500104,0.02895873878307781
lightgbm,NPB,MLB,full_cross_league,MLB,Tanner Bibee,2024,1.1626262595519998,1.15444089889601,6.700012906862656e-5
lightgbm,NPB,MLB,full_cross_league,MLB,Shane Bieber,2024,1.79504015283002,-0.4999770763414748,5.267104082194005
lightgbm,NPB,MLB,full_cross_league,MLB,Ben Lively,2024,-0.20450377444609302,1.0083119392309516,1.4709219553419588
lightgbm,NPB,MLB,full_cross_league,MLB,Triston McKenzie,2024,-0.260305000323566,-0.31488321297456995,0.002978781296178206
lightgbm,NPB,MLB,full_cross_league,MLB,Kolby Allard,2024,-0.4370088822688971,-0.5145821174810753,0.006017606821283921
lightgbm,NPB,MLB,full_cross_league,MLB,John Means,2024,-0.4370088822688971,-0.25076852630904084,0.03468547018805397
lightgbm,NPB,MLB,full_cross_league,MLB,Kolby Allard,2024,-0.4649094952076341,-0.5145821174810753,0.0024673694035199684
lightgbm,NPB,MLB,full_cross_league,MLB,Gavin Williams,2024,-0.4778739800198331,-0.32254226237188605,0.02412794250746155
lightgbm,NPB,MLB,full_cross_league,MLB,Logan Allen,2024,-0.47845059268723406,-0.15195252323493463,0.10660098935607853
lightgbm,NPB,MLB,full_cross_league,MLB,Slade Cecconi,2024,-0.480719842539584,-0.5259209205216008,0.0020431374507363623
lightgbm,NPB,MLB,full_cross_league,MLB,Joey Cantillo,2024,-0.48112905152935204,-0.5780250397878922,0.009388832540599155
lightgbm,NPB,MLB,full_cross_league,MLB,Gavin Williams,2024,-0.55838008263004,-0.32254226237188605,0.05561947746411734
lightgbm,NPB,MLB,full_cross_league,MLB,Tanner Bibee,2024,-0.5826063708488309,1.15444089889601,3.017333217328006
lightgbm,NPB,MLB,full_cross_league,MLB,Austin Gomber,2024,0.5581129792127049,0.667262385384331,0.011913592867618623
lightgbm,NPB,MLB,full_cross_league,MLB,Ryan Feltner,2024,-0.19985367228963696,0.02549071646847373,0.05078009354476652
lightgbm,NPB,MLB,full_cross_league,MLB,Bradley Blalock,2024,-0.481277854798359,-0.5743690117883451,0.008665963509734238
lightgbm,NPB,MLB,full_cross_league,MLB,Tanner Gordon,2024,-0.4816498629708761,-0.45094074596771677,9.430498671137285e-4
lightgbm,NPB,MLB,full_cross_league,MLB,Jack Flaherty,2024,2.6320585409921198,1.360792059407894,1.6161184671995368
lightgbm,NPB,MLB,full_cross_league,MLB,Alex Cobb,2024,2.16704832534651,0.8765982486611701,1.6652614004171997
lightgbm,NPB,MLB,full_cross_league,MLB,Tarik Skubal,2024,1.26492850699403,2.1271331506237123,0.7433968474965876
lightgbm,NPB,MLB,full_cross_league,MLB,Casey Mize,2024,-0.18776340668285102,-0.2776837682336786,0.008085671421431547
lightgbm,NPB,MLB,full_cross_league,MLB,Reese Olson,2024,-0.476609152233277,-0.370756702263432,0.011204741164618538
lightgbm,NPB,MLB,full_cross_league,MLB,Keider Montero,2024,-0.4816498629708761,-0.5464959264216884,0.00420501194506678
lightgbm,NPB,MLB,full_cross_league,MLB,Matt Manning,2024,-0.4816498629708761,-0.5914741887403722,0.012061382530724401
lightgbm,NPB,MLB,full_cross_league,MLB,Reese Olson,2024,-0.58127067550541,-0.370756702263432,0.044316132930124236
lightgbm,NPB,MLB,full_cross_league,MLB,Framber Valdez,2024,2.72506058412124,2.0293094371485423,0.4840696585138242
lightgbm,NPB,MLB,full_cross_league,MLB,Hunter Brown,2024,-0.212587884043049,0.9616837114778731,1.3789137800472524
lightgbm,NPB,MLB,full_cross_league,MLB,Hunter Brown,2024,-0.46118941348246906,0.9616837114778731,2.0245679297344092
lightgbm,NPB,MLB,full_cross_league,MLB,Ronel Blanco,2024,-0.47370748848764804,1.427321891400848,3.6139127031992397
lightgbm,NPB,MLB,full_cross_league,MLB,Spencer Arrighetti,2024,-0.47528852322084414,-0.13816606059762107,0.11365155480514645
lightgbm,NPB,MLB,full_cross_league,MLB,J.P. France,2024,-0.479808422516919,-0.35382505981830886,0.015871807676849557
lightgbm,NPB,MLB,full_cross_league,MLB,Michael Wacha,2024,2.5390564978629993,1.7207881654506851,0.6695630638288294
lightgbm,NPB,MLB,full_cross_league,MLB,Cole Ragans,2024,0.19850514111479703,1.5765289234698372,1.898949544736091
lightgbm,NPB,MLB,full_cross_league,MLB,Michael Lorenzen,2024,0.679015635280563,0.5612481177038098,0.013869188196190872
lightgbm,NPB,MLB,full_cross_league,MLB,Alec Marsh,2024,-0.4799758261945511,0.013092360118848186,0.243116236354385
lightgbm,NPB,MLB,full_cross_league,MLB,Jonathan Bowlan,2024,-0.4816498629708761,-0.574879202862081,0.008691709816549821
lightgbm,NPB,MLB,full_cross_league,MLB,Yusei Kikuchi,2024,3.3249237623040804,1.7442485610403036,2.4985340918902814
lightgbm,NPB,MLB,full_cross_league,MLB,Kyle Hendricks,2024,-0.15800275288153204,1.0682559520474182,1.503710411414026
lightgbm,NPB,MLB,full_cross_league,MLB,Reid Detmers,2024,-0.2835555111058461,-0.22421416000329011,0.0035213959506768216
lightgbm,NPB,MLB,full_cross_league,MLB,José Soriano,2024,-0.476069740383128,-0.3087188877282497,0.028006307884314793
lightgbm,NPB,MLB,full_cross_league,MLB,Jack Kochanowicz,2024,-0.479789822108293,-0.6454054232316578,0.02742852733545348
lightgbm,NPB,MLB,full_cross_league,MLB,Caden Dana,2024,-0.4816498629708761,-0.6532429185110371,0.029444176709608784
lightgbm,NPB,MLB,full_cross_league,MLB,Chase Silseth,2024,-0.4816498629708761,-0.5475617875711856,0.0043443818045168815
lightgbm,NPB,MLB,full_cross_league,MLB,José Soriano,2024,-0.562575590799681,-0.3087188877282497,0.06444322569429685
lightgbm,NPB,MLB,full_cross_league,MLB,Blake Snell,2024,6.147535771272919,0.7516926758030111,29.115122710930276
lightgbm,NPB,MLB,full_cross_league,MLB,Clayton Kershaw,2024,0.772017678409685,0.6228406243264563,0.02225379346495057
lightgbm,NPB,MLB,full_cross_league,MLB,Justin Wrobleski,2024,-0.47420969952054604,-0.628054916793538,0.023668350877774098
lightgbm,NPB,MLB,full_cross_league,MLB,Gavin Stone,2024,-0.4779297812457111,-0.3197236039745398,0.02502919452675728
lightgbm,NPB,MLB,full_cross_league,MLB,River Ryan,2024,-0.479789822108293,-0.6153337893870933,0.018372167065676473
lightgbm,NPB,MLB,full_cross_league,MLB,Andrew Heaney,2024,-0.4816498629708761,1.2920113143685479,3.1458739720010716
lightgbm,NPB,MLB,full_cross_league,MLB,Landon Knack,2024,-0.4816498629708761,-0.3140233970487065,0.028098632077556276
lightgbm,NPB,MLB,full_cross_league,MLB,Bobby Miller,2024,-0.4816498629708761,-0.59805055807691,0.013549121821167865
lightgbm,NPB,MLB,full_cross_league,MLB,Cal Quantrill,2024,0.028001333376711398,0.22998304860921603,0.040796613288264595
lightgbm,NPB,MLB,full_cross_league,MLB,Edward Cabrera,2024,-0.260305000323566,-0.2503492343201095,9.911727671558001e-5
lightgbm,NPB,MLB,full_cross_league,MLB,Braxton Garrett,2024,-0.338426716552028,-0.45694791893440995,0.014047275414165542
lightgbm,NPB,MLB,full_cross_league,MLB,Valente Bellozo,2024,-0.47420969952054604,-0.3635304687787843,0.012249892117588134
lightgbm,NPB,MLB,full_cross_league,MLB,Ryan Weathers,2024,-0.478097184923343,-0.23703455131552195,0.058111193321938585
lightgbm,NPB,MLB,full_cross_league,MLB,Max Meyer,2024,-0.48016183028081005,-0.5196149266443555,0.0015565468126712023
lightgbm,NPB,MLB,full_cross_league,MLB,Adam Mazur,2024,-0.4816498629708761,-0.553088110333511,0.005103423186245017
lightgbm,NPB,MLB,full_cross_league,MLB,Aaron Civale,2024,0.8650197215388071,0.7430345237522892,0.014880388479015905
lightgbm,NPB,MLB,full_cross_league,MLB,Nestor Cortes,2024,0.790618087035509,0.8198321705181478,8.534626737305936e-4
lightgbm,NPB,MLB,full_cross_league,MLB,Jose Quintana,2024,0.12100337650583301,0.9111130396962523,0.6242732798668779
lightgbm,NPB,MLB,full_cross_league,MLB,Tobias Myers,2024,-0.47759497389044614,-0.47334902037863325,1.8028121224476252e-5
lightgbm,NPB,MLB,full_cross_league,MLB,DL Hall,2024,-0.48051523804470003,-0.41543323696516743,0.004235666864516283
lightgbm,NPB,MLB,full_cross_league,MLB,Robert Gasser,2024,-0.480645440905081,-0.5808524518810585,0.010041445048739677
lightgbm,NPB,MLB,full_cross_league,MLB,Erick Fedde,2024,-0.4816498629708761,0.7180793177230395,1.4393501070084935
lightgbm,NPB,MLB,full_cross_league,MLB,Quinn Priester,2024,-0.565778581165048,-0.5644567452109052,1.7472502896646428e-6
lightgbm,NPB,MLB,full_cross_league,MLB,Bailey Ober,2024,0.0373015376896236,1.3147591455653929,1.631897939919683
lightgbm,NPB,MLB,full_cross_league,MLB,Joe Ryan,2024,-0.06500070975241032,-0.1410166271154726,0.005778419692547915
lightgbm,NPB,MLB,full_cross_league,MLB,David Festa,2024,-0.4816498629708761,-0.2152542781638993,0.07096660760465116
lightgbm,NPB,MLB,full_cross_league,MLB,Zebby Matthews,2024,-0.4816498629708761,-0.40353247918145746,0.006102325650103324
lightgbm,NPB,MLB,full_cross_league,MLB,Sean Manaea,2024,4.027089187928949,1.4259275802445794,6.766041709291136
lightgbm,NPB,MLB,full_cross_league,MLB,Frankie Montas,2024,2.5390564978629993,0.3217016066160564,4.916662713736741
lightgbm,NPB,MLB,full_cross_league,MLB,David Peterson,2024,0.23725593041723506,0.32411589076865815,0.007544652712250793
lightgbm,NPB,MLB,full_cross_league,MLB,Griffin Canning,2024,0.16750439807039405,0.18320135013008298,2.4639430396417267e-4
lightgbm,NPB,MLB,full_cross_league,MLB,Paul Blackburn,2024,0.130303580818745,-0.056608977355672815,0.03493630440330513
lightgbm,NPB,MLB,full_cross_league,MLB,Tylor Megill,2024,-0.25565489816711,0.0353536530530887,0.084685976883279
lightgbm,NPB,MLB,full_cross_league,MLB,Christian Scott,2024,-0.48081284458271306,-0.59816126307378,0.01377065132235459
lightgbm,NPB,MLB,full_cross_league,MLB,Max Fried,2024,4.44559838200999,0.6868715321036031,14.128027532207193
lightgbm,NPB,MLB,full_cross_league,MLB,Clarke Schmidt,2024,0.0466017420025358,-0.023358098893023867,0.004894379338132022
lightgbm,NPB,MLB,full_cross_league,MLB,Carlos Carrasco,2024,-0.34400683913977503,1.1142091666576783,2.1263939195638786
lightgbm,NPB,MLB,full_cross_league,MLB,Luis Gil,2024,-0.47344243266473,1.2958913432699801,3.130542010663379
lightgbm,NPB,MLB,full_cross_league,MLB,Will Warren,2024,-0.480236231915313,-0.3004669040970703,0.03231701122422282
lightgbm,NPB,MLB,full_cross_league,MLB,Paul Blackburn,2024,-0.4816498629708761,-0.056608977355672815,0.1806597544445563
lightgbm,NPB,MLB,full_cross_league,MLB,Allan Winans,2024,-0.4816498629708761,-0.5585198581876846,0.005908996164632159
lightgbm,NPB,MLB,full_cross_league,MLB,Will Warren,2024,-0.581364607568971,-0.3004669040970703,0.07890351981578787
lightgbm,NPB,MLB,full_cross_league,MLB,Zack Wheeler,2024,7.18915865431908,3.896241814148319,10.843301316280188
lightgbm,NPB,MLB,full_cross_league,MLB,Cristopher Sánchez,2024,0.423260016675479,0.19916405916937102,0.050218998170579364
lightgbm,NPB,MLB,full_cross_league,MLB,Ranger Suárez,2024,1.0138229905453997,0.7246372820619329,0.08362837399108465
lightgbm,NPB,MLB,full_cross_league,MLB,Jesús Luzardo,2024,0.6092641029337219,-0.3616863781870425,0.942744836788644
lightgbm,NPB,MLB,full_cross_league,MLB,Cristopher Sánchez,2024,-0.12481274174187003,0.19916405916937102,0.1049609675286819
lightgbm,NPB,MLB,full_cross_league,MLB,Tyler Phillips,2024,-0.48090584662584307,-0.5113916914124674,9.293867323541518e-4
lightgbm,NPB,MLB,full_cross_league,MLB,Walker Buehler,2024,-0.4816498629708761,-0.4094951219593099,0.005206306650446187
lightgbm,NPB,MLB,full_cross_league,MLB,Seth Johnson,2024,-0.4816498629708761,-0.6477949705549131,0.027604196774111227
lightgbm,NPB,MLB,full_cross_league,MLB,Andrew Heaney,2024,0.353508484328637,1.2920113143685479,0.8807875619929219
lightgbm,NPB,MLB,full_cross_league,MLB,Paul Skenes,2024,0.0161608712577704,1.158396446537421,1.3047021094344347
lightgbm,NPB,MLB,full_cross_league,MLB,Bailey Falter,2024,-0.20971188886132408,-0.17964842218832047,9.038120283987987e-4
lightgbm,NPB,MLB,full_cross_league,MLB,Paul Skenes,2024,-0.46025939305117797,1.158396446537421,2.6200467270342727
lightgbm,NPB,MLB,full_cross_league,MLB,Jared Jones,2024,-0.4788598016770021,-0.541374957897671,0.003908144757294636
lightgbm,NPB,MLB,full_cross_league,MLB,Nick Pivetta,2024,1.9345432175237098,0.5944727145066182,1.795788953056481
lightgbm,NPB,MLB,full_cross_league,MLB,Dylan Cease,2024,1.9345432175237098,2.370939676577991,0.1904418694751148
lightgbm,NPB,MLB,full_cross_league,MLB,Michael King,2024,0.8185186999742459,1.6038452304054003,0.6167377593990349
lightgbm,NPB,MLB,full_cross_league,MLB,Matt Waldron,2024,-0.478710998407995,-0.006299751123651595,0.22317238656074906
lightgbm,NPB,MLB,full_cross_league,MLB,Randy Vásquez,2024,-0.47926901066676997,-0.45263910795348006,7.091517185192853e-4
lightgbm,NPB,MLB,full_cross_league,MLB,Logan Gilbert,2024,0.7952681891919656,2.240343723035678,2.0882432985136905
lightgbm,NPB,MLB,full_cross_league,MLB,George Kirby,2024,0.176804602383306,2.0980344174634915,3.6911240023530434
lightgbm,NPB,MLB,full_cross_league,MLB,Bryan Woo,2024,-0.33644093692713495,-0.6057064667101257,0.0725039255293147
lightgbm,NPB,MLB,full_cross_league,MLB,Bryce Miller,2024,-0.47420969952054604,0.4896120547928833,0.9289523740878165
lightgbm,NPB,MLB,full_cross_league,MLB,Bryan Woo,2024,-0.4773159677610591,-0.6057064667101257,0.016484120220390277
lightgbm,NPB,MLB,full_cross_league,MLB,Emerson Hancock,2024,-0.4805338384533259,-0.5524248023145717,0.0051683106848989455
lightgbm,NPB,MLB,full_cross_league,MLB,Luis Castillo,2024,-0.4816498629708761,1.483881448142228,3.863313334965998
lightgbm,NPB,MLB,full_cross_league,MLB,Justin Verlander,2024,2.16704832534651,0.26841364268083684,3.6048136582209818
lightgbm,NPB,MLB,full_cross_league,MLB,Joey Lucchesi,2024,-0.46400942143423,-0.3324493640078957,0.017308048710020382
lightgbm,NPB,MLB,full_cross_league,MLB,Hayden Birdsong,2024,-0.480719842539584,-0.2799163192289113,0.04032205497397987
lightgbm,NPB,MLB,full_cross_league,MLB,Mason Black,2024,-0.4816498629708761,-0.5564730928987986,0.005598515736846767
lightgbm,NPB,MLB,full_cross_league,MLB,Keaton Winn,2024,-0.4816498629708761,-0.5231618830058821,0.001723247807386738
lightgbm,NPB,MLB,full_cross_league,MLB,Kyle Harrison,2024,-0.4816498629708761,-0.5196127863407201,0.0014411835507846455
lightgbm,NPB,MLB,full_cross_league,MLB,Andre Pallante,2024,-0.23240438738482905,-0.3512416442663341,0.014122293623120816
lightgbm,NPB,MLB,full_cross_league,MLB,Gordon Graceffo,2024,-0.4816498629708761,-0.6574262486418442,0.030897337759548917
lightgbm,NPB,MLB,full_cross_league,MLB,Roddery Muñoz,2024,-0.4816498629708761,-0.4603548438426905,4.5347783966979055e-4
lightgbm,NPB,MLB,full_cross_league,MLB,Michael McGreevy,2024,-0.4816498629708761,-0.6139205008609107,0.01749552164783665
lightgbm,NPB,MLB,full_cross_league,MLB,Zack Littell,2024,0.440930404870012,0.5241397505953889,0.006923795216045293
lightgbm,NPB,MLB,full_cross_league,MLB,Shane Baz,2024,-0.353307043452688,-0.13560225184540098,0.047395376288772266
lightgbm,NPB,MLB,full_cross_league,MLB,Ryan Pepiot,2024,-0.47893420331150505,0.05385623492465184,0.28386565107587614
lightgbm,NPB,MLB,full_cross_league,MLB,Taj Bradley,2024,-0.47900860494600805,-0.29674145612423514,0.03322131353961832
lightgbm,NPB,MLB,full_cross_league,MLB,Joe Boyle,2024,-0.4816498629708761,-0.5639218762625644,0.0067686841710677395
lightgbm,NPB,MLB,full_cross_league,MLB,Ryan Pepiot,2024,-0.5664866987214329,0.05385623492465184,0.3848253553246307
lightgbm,NPB,MLB,full_cross_league,MLB,Nathan Eovaldi,2024,4.027089187928949,2.569852589700209,2.1235385032172696
lightgbm,NPB,MLB,full_cross_league,MLB,Dane Dunning,2024,-0.12824209908021303,-0.25183899728105463,0.015276193244869202
lightgbm,NPB,MLB,full_cross_league,MLB,Patrick Corbin,2024,-0.4184084736430731,0.59273160449147555,1.0224042576099415
lightgbm,NPB,MLB,full_cross_league,MLB,Cody Bradford,2024,-0.47904580576326006,-0.389261556334677,0.008061211445454014
lightgbm,NPB,MLB,full_cross_league,MLB,Jack Leiter,2024,-0.48118485275523004,-0.5598080187095444,0.006181602224679663
lightgbm,NPB,MLB,full_cross_league,MLB,Kumar Rocker,2024,-0.48137085684148806,-0.5473720498020579,0.004356157472218373
lightgbm,NPB,MLB,full_cross_league,MLB,Jack Leiter,2024,-0.5696474661592191,-0.5598080187095444,9.681472611490971e-5
lightgbm,NPB,MLB,full_cross_league,MLB,Max Scherzer,2024,2.2600503684756306,-0.031799116280796236,5.2525740607783
lightgbm,NPB,MLB,full_cross_league,MLB,Alek Manoah,2024,-0.213803978759005,-0.36420575125994015,0.02262069317142305
lightgbm,NPB,MLB,full_cross_league,MLB,Jake Bloss,2024,-0.5999670622397439,-0.6436546462811353,0.0019086049993736359
lightgbm,NPB,MLB,full_cross_league,MLB,Trevor Williams,2024,0.679015635280563,0.2887465504984435,0.15230995853667315
lightgbm,NPB,MLB,full_cross_league,MLB,MacKenzie Gore,2024,-0.08546115924081701,0.83691381801021,0.8507755986588326
lightgbm,NPB,MLB,full_cross_league,MLB,Josiah Gray,2024,-0.37190745207851195,-0.49009021462308205,0.013967165362666243
lightgbm,NPB,MLB,full_cross_league,MLB,Jake Irvin,2024,-0.47893420331150505,0.662552225685412,1.302991267584134
lightgbm,NPB,MLB,full_cross_league,MLB,Mitchell Parker,2024,-0.4803106335498161,-0.4811054388322581,6.317154369976569e-7
lightgbm,NPB,MLB,full_cross_league,MLB,DJ Herz,2024,-0.48086864580859107,-0.33299296088846897,0.021867218190595224
lightgbm,NPB,MLB,full_cross_league,MLB,Brandon Pfaadt,2025,1.0510238077970497,0.683782210797517,0.13486639056676722
lightgbm,NPB,MLB,full_cross_league,MLB,Merrill Kelly,2025,3.0970687566377304,2.3495349877502307,0.5588067356271498
lightgbm,NPB,MLB,full_cross_league,MLB,Zac Gallen,2025,3.4737270313106703,1.0732879023502104,5.76210801184445
lightgbm,NPB,MLB,full_cross_league,MLB,Michael Soroka,2025,0.772017678409685,-0.11148768176155197,0.7805817214513073
lightgbm,NPB,MLB,full_cross_league,MLB,Ryne Nelson,2025,-0.06500070975241032,-0.13605091480071524,0.005048131637406174
lightgbm,NPB,MLB,full_cross_league,MLB,Aaron Civale,2025,0.49301154902232,-0.22915998813591226,0.521531729081484
lightgbm,NPB,MLB,full_cross_league,MLB,J.T. Ginn,2025,-0.4769997608144191,-0.3820303904424284,0.009019181308852337
lightgbm,NPB,MLB,full_cross_league,MLB,Luis Morales,2025,-0.4779297812457111,-0.6183610130843887,0.01972093087572842
lightgbm,NPB,MLB,full_cross_league,MLB,Mason Barnett,2025,-0.4779297812457111,-0.5793012149877347,0.010276167578913474
lightgbm,NPB,MLB,full_cross_league,MLB,Gunnar Hoglund,2025,-0.4779297812457111,-0.5817731219338399,0.010783439405270783
lightgbm,NPB,MLB,full_cross_league,MLB,Jacob Lopez,2025,-0.4779297812457111,0.03757827413758266,0.2657485551650651
lightgbm,NPB,MLB,full_cross_league,MLB,Martín Pérez,2025,0.028001333376711398,-0.17828857428262634,0.042555526002098096
lightgbm,NPB,MLB,full_cross_league,MLB,Carlos Carrasco,2025,-0.34400683913977503,0.13724376618560222,0.231602145126042
lightgbm,NPB,MLB,full_cross_league,MLB,AJ Smith-Shawver,2025,-0.47420969952054604,-0.5763757559580954,0.010437903088000527
lightgbm,NPB,MLB,full_cross_league,MLB,Spencer Schwellenbach,2025,-0.47420969952054604,-0.39350841775880196,0.006512696877988406
lightgbm,NPB,MLB,full_cross_league,MLB,Grant Holmes,2025,-0.47420969952054604,0.23352388377761546,0.5008868249280557
lightgbm,NPB,MLB,full_cross_league,MLB,Hurston Waldrep,2025,-0.474525906467185,-0.49146888230254876,2.8706443015771995e-4
lightgbm,NPB,MLB,full_cross_league,MLB,Shane Baz,2025,1.9066426045849698,1.0485460608172106,0.7363296784261739
lightgbm,NPB,MLB,full_cross_league,MLB,Chris Bassitt,2025,2.8180626272503595,1.5166338791391107,1.6937167864104121
lightgbm,NPB,MLB,full_cross_league,MLB,Zach Eflin,2025,1.23702789405529,-0.08143712219829363,1.7383499990845623
lightgbm,NPB,MLB,full_cross_league,MLB,Trevor Rogers,2025,0.5302123662739688,-0.060251968427068335,0.3486481305539385
lightgbm,NPB,MLB,full_cross_league,MLB,Dean Kremer,2025,0.44651052745775904,0.5540682800114048,0.0115686701343913
lightgbm,NPB,MLB,full_cross_league,MLB,Kyle Bradish,2025,0.0373015376896236,0.23236114099465263,0.03804824884151529
lightgbm,NPB,MLB,full_cross_league,MLB,Shane Baz,2025,0.028001333376711398,1.0485460608172106,1.041511540706603
lightgbm,NPB,MLB,full_cross_league,MLB,Tyler Wells,2025,-0.16730295719444402,-0.40738987219980005,0.05764172675678905
lightgbm,NPB,MLB,full_cross_league,MLB,Garrett Crochet,2025,4.647102746788389,2.3043252001818706,5.4886066328836565
lightgbm,NPB,MLB,full_cross_league,MLB,Ranger Suárez,2025,4.21309327418719,1.0626908481302033,9.925035446105747
lightgbm,NPB,MLB,full_cross_league,MLB,Tanner Houck,2025,0.14890398944457003,-0.3190931867175154,0.21902135689568605
lightgbm,NPB,MLB,full_cross_league,MLB,Johan Oviedo,2025,-0.33470663482686297,-0.34647761444955805,1.3855596127790274e-4
lightgbm,NPB,MLB,full_cross_league,MLB,Connelly Early,2025,-0.476162742426257,-0.48826332461577965,1.4642408932539268e-4
lightgbm,NPB,MLB,full_cross_league,MLB,Shota Imanaga,2025,3.4737270313106703,0.4819042507410161,8.951003550335537
lightgbm,NPB,MLB,full_cross_league,MLB,Justin Steele,2025,0.6371647158724588,-0.30256605348352883,0.8830939188743965
lightgbm,NPB,MLB,full_cross_league,MLB,Colin Rea,2025,0.5860135921514419,1.0039691739411591,0.17468686834918104
lightgbm,NPB,MLB,full_cross_league,MLB,Edward Cabrera,2025,0.20470521532204303,-0.09127880127478853,0.08760653808079345
lightgbm,NPB,MLB,full_cross_league,MLB,Javier Assad,2025,-0.28820561326230204,-0.47108169409770007,0.03344366094171503
lightgbm,NPB,MLB,full_cross_league,MLB,Cade Horton,2025,-0.470954628011026,-0.45739921538975353,1.8374921133295288e-4
lightgbm,NPB,MLB,full_cross_league,MLB,Ben Brown,2025,-0.47420969952054604,-0.3382842264111807,0.018475734240004794
lightgbm,NPB,MLB,full_cross_league,MLB,Erick Fedde,2025,-0.34400683913977503,0.3677578890981084,0.506609028363548
lightgbm,NPB,MLB,full_cross_league,MLB,Shane Smith,2025,-0.46939219368645707,-0.47685696417429585,5.57227984361088e-5
lightgbm,NPB,MLB,full_cross_league,MLB,Davis Martin,2025,-0.47441430401543006,0.00880729382978421,0.23350311262408202
lightgbm,NPB,MLB,full_cross_league,MLB,Sean Burke,2025,-0.4754745273071021,-0.4736629085102879,3.2819626649704755e-6
lightgbm,NPB,MLB,full_cross_league,MLB,Brady Singer,2025,1.74853913126546,1.439631650973429,0.09542383138037143
lightgbm,NPB,MLB,full_cross_league,MLB,Nick Lodolo,2025,0.25585633904306004,0.39579505427702594,0.019582844021332996
lightgbm,NPB,MLB,full_cross_league,MLB,Andrew Abbott,2025,-0.47420969952054604,-0.12975997781183152,0.11864561078521088
lightgbm,NPB,MLB,full_cross_league,MLB,Chase Burns,2025,-0.4769997608144191,-0.4783952198403233,1.9473058929775296e-6
lightgbm,NPB,MLB,full_cross_league,MLB,Chase Petty,2025,-0.4779297812457111,-0.5982768316100704,0.014483412531401629
lightgbm,NPB,MLB,full_cross_league,MLB,Gavin Williams,2025,-0.4700804088056131,1.0238099202380797,2.2317083152102724
lightgbm,NPB,MLB,full_cross_league,MLB,Slade Cecconi,2025,-0.47502811750008206,-0.16389828514883148,0.0968017725789173
lightgbm,NPB,MLB,full_cross_league,MLB,Parker Messick,2025,-0.476367346921141,-0.5392239088758002,0.003950947380759906
lightgbm,NPB,MLB,full_cross_league,MLB,Doug Nikhazy,2025,-0.4779297812457111,-0.5439978935471614,0.0043649954630770515
lightgbm,NPB,MLB,full_cross_league,MLB,Michael Lorenzen,2025,0.8650197215388071,1.2865172513773133,0.17766016765996243
lightgbm,NPB,MLB,full_cross_league,MLB,Jose Quintana,2025,0.49301154902232,0.9800989876426068,0.23725417286167172
lightgbm,NPB,MLB,full_cross_league,MLB,Tomoyuki Sugano,2025,0.3256078713899011,2.1619656895710286,3.372210036394951
lightgbm,NPB,MLB,full_cross_league,MLB,Ryan Feltner,2025,-0.16730295719444402,-0.5263468238106044,0.12891249815468317
lightgbm,NPB,MLB,full_cross_league,MLB,Chase Dollander,2025,-0.477557773073194,-0.2620202180184417,0.04645643763898038
lightgbm,NPB,MLB,full_cross_league,MLB,McCade Brown,2025,-0.477557773073194,-0.484201979612178,4.414548053267714e-5
lightgbm,NPB,MLB,full_cross_league,MLB,Tanner Gordon,2025,-0.4779297812457111,-0.3123035034879683,0.02743206388388497
lightgbm,NPB,MLB,full_cross_league,MLB,Framber Valdez,2025,6.50714360937083,1.5475656591391886,24.597413444423896
lightgbm,NPB,MLB,full_cross_league,MLB,Tarik Skubal,2025,5.32911779173665,1.8685976740119778,11.975199485177175
lightgbm,NPB,MLB,full_cross_league,MLB,Justin Verlander,2025,1.79504015283002,1.0797021130030267,0.511708511223525
lightgbm,NPB,MLB,full_cross_league,MLB,Casey Mize,2025,0.5209121619610557,0.53062681735976025,9.437452951557908e-5
lightgbm,NPB,MLB,full_cross_league,MLB,Reese Olson,2025,-0.47084302555927204,-0.4096994563504081,0.003738536055599134
lightgbm,NPB,MLB,full_cross_league,MLB,Jackson Jobe,2025,-0.47712996367480015,-0.5985919329305145,0.014753009975476097
lightgbm,NPB,MLB,full_cross_league,MLB,Hunter Brown,2025,0.4390703640074291,1.8988389161655008,2.130924225869673
lightgbm,NPB,MLB,full_cross_league,MLB,Hayden Wesneski,2025,-0.441658984425353,-0.31908694677258226,0.01502390441435225
lightgbm,NPB,MLB,full_cross_league,MLB,Brandon Walter,2025,-0.4649094952076341,-0.3268803849853992,0.019052035268741874
lightgbm,NPB,MLB,full_cross_league,MLB,Ronel Blanco,2025,-0.47370748848764804,-0.002998634346660325,0.22156682536672168
lightgbm,NPB,MLB,full_cross_league,MLB,Kai-Wei Teng,2025,-0.47668355386778005,-0.17275108375795722,0.09237494638705834
lightgbm,NPB,MLB,full_cross_league,MLB,Colton Gordon,2025,-0.4779297812457111,-0.3216143354358769,0.024434518598727212
lightgbm,NPB,MLB,full_cross_league,MLB,Seth Lugo,2025,3.6550810154124602,0.6791599102022783,8.85610642443539
lightgbm,NPB,MLB,full_cross_league,MLB,Kris Bubic,2025,0.5209121619610557,-0.18022229432745993,0.4915895257949925
lightgbm,NPB,MLB,full_cross_league,MLB,Bailey Falter,2025,0.0466017420025358,-0.34219555983314315,0.15116334191470404
lightgbm,NPB,MLB,full_cross_league,MLB,Noah Cameron,2025,-0.47383769134802906,-0.5166985152309235,0.0018370502239204924
lightgbm,NPB,MLB,full_cross_league,MLB,Stephen Kolek,2025,-0.47546522710278905,-0.11030193017740232,0.13334423342141816
lightgbm,NPB,MLB,full_cross_league,MLB,José Soriano,2025,-0.08360111837823461,0.13382323211856606,0.04727334818895563
lightgbm,NPB,MLB,full_cross_league,MLB,Jack Kochanowicz,2025,-0.47420969952054604,-0.16510398380258193,0.09554634348951482
lightgbm,NPB,MLB,full_cross_league,MLB,Mitch Farris,2025,-0.4779297812457111,-0.5889404602787874,0.01232337085938469
lightgbm,NPB,MLB,full_cross_league,MLB,Emmet Sheehan,2025,-0.472349658657963,0.010222122521321871,0.23287552399054762
lightgbm,NPB,MLB,full_cross_league,MLB,Roki Sasaki,2025,-0.47420969952054604,-0.6267373673853449,0.023264689464274402
lightgbm,NPB,MLB,full_cross_league,MLB,Bobby Miller,2025,-0.47420969952054604,-0.43804952579829354,0.0013075581636234801
lightgbm,NPB,MLB,full_cross_league,MLB,Landon Knack,2025,-0.476069740383128,-0.4811417128542952,2.5724904748277877e-5
lightgbm,NPB,MLB,full_cross_league,MLB,Chris Paddack,2025,0.12100337650583301,0.7799507774599577,0.4342116772241959
lightgbm,NPB,MLB,full_cross_league,MLB,Ryan Weathers,2025,-0.37190745207851195,-0.5422725142227384,0.02902425439940613
lightgbm,NPB,MLB,full_cross_league,MLB,Max Meyer,2025,-0.44072896399406214,0.01220842630555067,0.20515227953142381
lightgbm,NPB,MLB,full_cross_league,MLB,Eury Pérez,2025,-0.4743027015636751,0.053203355254728496,0.2782626399801008
lightgbm,NPB,MLB,full_cross_league,MLB,Janson Junk,2025,-0.47458170769306207,0.028918682519587777,0.2535126429442906
lightgbm,NPB,MLB,full_cross_league,MLB,Adam Mazur,2025,-0.476813756728161,-0.6364532951127028,0.02548478221562958
lightgbm,NPB,MLB,full_cross_league,MLB,Brandon Woodruff,2025,3.4737270313106703,0.9749008106668453,6.244132480977103
lightgbm,NPB,MLB,full_cross_league,MLB,Quinn Priester,2025,-0.47361448644451903,-0.17121978740703558,0.09144255400597019
lightgbm,NPB,MLB,full_cross_league,MLB,Chad Patrick,2025,-0.47487931423107504,-0.14839782289044806,0.1065901641879999
lightgbm,NPB,MLB,full_cross_league,MLB,Jacob Misiorowski,2025,-0.47638594732976713,-0.3196398972179759,0.024569324225648163
lightgbm,NPB,MLB,full_cross_league,MLB,Kyle Harrison,2025,-0.47679515631953495,-0.6198573804031943,0.02046679995976315
lightgbm,NPB,MLB,full_cross_league,MLB,Brandon Sproat,2025,-0.47737176898693606,-0.6112976118111029,0.01793613137616343
lightgbm,NPB,MLB,full_cross_league,MLB,Logan Henderson,2025,-0.4779297812457111,-0.5664126270205541,0.007829213996414642
lightgbm,NPB,MLB,full_cross_league,MLB,Joe Ryan,2025,0.5302123662739688,1.6832972916924074,1.329604845227246
lightgbm,NPB,MLB,full_cross_league,MLB,Bailey Ober,2025,0.34420828001572495,0.308485115788374,0.0012761444624142862
lightgbm,NPB,MLB,full_cross_league,MLB,Taj Bradley,2025,-0.4738283911437161,-0.4871929252839824,1.78610772786343e-4
lightgbm,NPB,MLB,full_cross_league,MLB,David Festa,2025,-0.4758465354796181,-0.47786310874161914,4.0665677210175694e-6
lightgbm,NPB,MLB,full_cross_league,MLB,Mick Abel,2025,-0.4774647710300651,-0.5919900640521075,0.013116042741784673
lightgbm,NPB,MLB,full_cross_league,MLB,David Peterson,2025,0.883620130164631,0.3931977309242369,0.24051412967670455
lightgbm,NPB,MLB,full_cross_league,MLB,Tylor Megill,2025,-0.15800275288153204,0.38431263624982315,0.29410598128869325
lightgbm,NPB,MLB,full_cross_league,MLB,Nolan McLean,2025,-0.475790734253741,-0.3796282770415067,0.009247218177094797
lightgbm,NPB,MLB,full_cross_league,MLB,Jonah Tong,2025,-0.4779297812457111,-0.5041628492960369,6.881738593330256e-4
lightgbm,NPB,MLB,full_cross_league,MLB,Clarke Schmidt,2025,0.214005419634955,0.5598510355700882,0.11960919006155166
lightgbm,NPB,MLB,full_cross_league,MLB,Luis Gil,2025,-0.22077913199368898,-0.45415536772970383,0.05446446740631197
lightgbm,NPB,MLB,full_cross_league,MLB,Will Warren,2025,-0.46925734072391995,0.600577331463912,1.144546225815246
lightgbm,NPB,MLB,full_cross_league,MLB,Cam Schlittler,2025,-0.47394464369762807,-0.39774837879253744,0.005805870785486745
lightgbm,NPB,MLB,full_cross_league,MLB,Jesús Luzardo,2025,1.4230319803135398,1.939558168998918,0.266799303597843
lightgbm,NPB,MLB,full_cross_league,MLB,Paul Skenes,2025,-0.42119853493694603,2.1822495811699034,6.777942093260305
lightgbm,NPB,MLB,full_cross_league,MLB,Bubba Chandler,2025,-0.4765905518246511,-0.4034445622712219,0.005350335787750376
lightgbm,NPB,MLB,full_cross_league,MLB,Michael King,2025,4.027089187928949,0.24161401821470394,14.329822260523095
lightgbm,NPB,MLB,full_cross_league,MLB,Lucas Giolito,2025,-0.06500070975241032,0.7266774872643453,0.626754367631701
lightgbm,NPB,MLB,full_cross_league,MLB,JP Sears,2025,-0.11150173131697101,0.14379763220466263,0.06517776501455123
lightgbm,NPB,MLB,full_cross_league,MLB,Griffin Canning,2025,-0.15800275288153204,-0.01205064463732692,0.02130201790092817
lightgbm,NPB,MLB,full_cross_league,MLB,Germán Márquez,2025,-0.29750581757521505,0.034293712926416496,0.1100909284411031
lightgbm,NPB,MLB,full_cross_league,MLB,Walker Buehler,2025,-0.34400683913977503,0.866310700476961,1.4648685467039095
lightgbm,NPB,MLB,full_cross_league,MLB,Randy Vásquez,2025,-0.4725728635614731,-0.36771550449782703,0.010995065749802399
lightgbm,NPB,MLB,full_cross_league,MLB,Matt Waldron,2025,-0.47480491259657204,-0.5332383266007271,0.003414463872180987
lightgbm,NPB,MLB,full_cross_league,MLB,Logan Gilbert,2025,1.4094536820166896,0.25527134508660715,1.3321368668813867
lightgbm,NPB,MLB,full_cross_league,MLB,George Kirby,2025,0.5953137964643539,0.8169447077737148,0.04912026084781778
lightgbm,NPB,MLB,full_cross_league,MLB,Bryce Miller,2025,-0.166837946978799,-0.39486921504542655,0.05199825921607415
lightgbm,NPB,MLB,full_cross_league,MLB,Bryan Woo,2025,-0.4683319703947851,2.209815299245795,7.1724727978832945
lightgbm,NPB,MLB,full_cross_league,MLB,Emerson Hancock,2025,-0.47545592689847604,-0.4099018921290917,0.004297331474545648
lightgbm,NPB,MLB,full_cross_league,MLB,Logan Evans,2025,-0.47685095754541307,-0.4467555540848194,9.057333094559149e-4
lightgbm,NPB,MLB,full_cross_league,MLB,Adrian Houser,2025,1.4230319803135398,0.4163001612417059,1.0135089555316839
lightgbm,NPB,MLB,full_cross_league,MLB,Tyler Mahle,2025,1.23702789405529,0.1344064499036781,1.215774049102986
lightgbm,NPB,MLB,full_cross_league,MLB,Landen Roupp,2025,-0.47420969952054604,-0.31981582858094487,0.02383746738371422
lightgbm,NPB,MLB,full_cross_league,MLB,Trevor McDonald,2025,-0.4779297812457111,-0.6704164058567371,0.03705110065414604
lightgbm,NPB,MLB,full_cross_league,MLB,Blade Tidwell,2025,-0.4779297812457111,-0.6219390190539823,0.020738660574119203
lightgbm,NPB,MLB,full_cross_league,MLB,Dustin May,2025,1.7020381097009,-0.16582892099775987,3.488927244371029
lightgbm,NPB,MLB,full_cross_league,MLB,Andre Pallante,2025,0.12100337650583301,0.060642565663156844,0.0036434274855853327
lightgbm,NPB,MLB,full_cross_league,MLB,Matthew Liberatore,2025,-0.20264373358351,-0.57919634050674,0.1417918657806805
lightgbm,NPB,MLB,full_cross_league,MLB,Hunter Dobbins,2025,-0.47651615019014804,-0.36679455129153576,0.012038829264867953
lightgbm,NPB,MLB,full_cross_league,MLB,Michael McGreevy,2025,-0.47708346265323603,-0.22670777281222512,0.06268798606336208
lightgbm,NPB,MLB,full_cross_league,MLB,Nick Martinez,2025,1.79504015283002,1.7240186598723304,0.005044052461939148
lightgbm,NPB,MLB,full_cross_league,MLB,Ryan Pepiot,2025,-0.06035060759595421,0.7122895794241204,0.5969728585984159
lightgbm,NPB,MLB,full_cross_league,MLB,Joe Boyle,2025,-0.47714856408342604,-0.5150963750085926,0.0014400363540121922
lightgbm,NPB,MLB,full_cross_league,MLB,Cal Quantrill,2025,-0.4370088822688971,0.037397458570397286,0.22506137622852876
lightgbm,NPB,MLB,full_cross_league,MLB,Jack Leiter,2025,-0.47532572403809503,0.13538075836632227,0.3729624076507768
lightgbm,NPB,MLB,full_cross_league,MLB,Kumar Rocker,2025,-0.47625574446938596,-0.5095236025022923,0.0011067503780976139
lightgbm,NPB,MLB,full_cross_league,MLB,Dylan Cease,2025,4.9571096192201605,1.0168821288404661,15.525392675943865
lightgbm,NPB,MLB,full_cross_league,MLB,Eric Lauer,2025,0.19540501100913002,0.07719060192438305,0.013974646515255906
lightgbm,NPB,MLB,full_cross_league,MLB,Max Scherzer,2025,-0.06500070975241032,0.23910330592960563,0.0924792523539278
lightgbm,NPB,MLB,full_cross_league,MLB,Patrick Corbin,2025,-0.4370088822688971,1.168569783609315,2.5778828523232593
lightgbm,NPB,MLB,full_cross_league,MLB,Bowden Francis,2025,-0.4723868594752151,-0.16150122961278587,0.09664987485495932
lightgbm,NPB,MLB,full_cross_league,MLB,Trey Yesavage,2025,-0.476292945286638,-0.5707015158675282,0.008912978199126915
lightgbm,NPB,MLB,full_cross_league,MLB,Zack Littell,2025,0.679015635280563,1.9519956011040418,1.6204779933879454
lightgbm,NPB,MLB,full_cross_league,MLB,MacKenzie Gore,2025,0.418609914519023,0.041434179934431284,0.1422615347594264
lightgbm,NPB,MLB,full_cross_league,MLB,Jake Irvin,2025,-0.10220152700405902,0.7174514985264432,0.6718310822613062
lightgbm,NPB,MLB,full_cross_league,MLB,Miles Mikolas,2025,-0.20450377444609302,1.5120399362897874,2.9465223108669063
lightgbm,NPB,MLB,full_cross_league,MLB,Cade Cavalli,2025,-0.46118941348246906,-0.574179317596533,0.012766718431705354
lightgbm,NPB,MLB,full_cross_league,MLB,Andrew Alvarez,2025,-0.4779297812457111,-0.517876205673558,0.0015957168245696795
