league,player_name,year,actual_salary,predicted_salary,squared_error,trained_on,predicted_on,model_name
NPB,久保　康友,2010,180000000,179821888,31723884544,NPB,NPB,xgboost
NPB,下柳　剛,2010,90000000,93784688,14323863257344,NPB,NPB,xgboost
NPB,能見　篤史,2010,50000000,49723872,76246672384,NPB,NPB,xgboost
NPB,秋山　拓巳,2010,12000000,15820710,14597824904100,NPB,NPB,xgboost
NPB,鶴　直人,2010,11000000,9469551,2342274141601,NPB,NPB,xgboost
NPB,小嶋　達也,2010,10000000,9599631,160295336161,NPB,NPB,xgboost
NPB,清水　直行,2010,280000000,279522752,227765653504,NPB,NPB,xgboost
NPB,三浦　大輔,2010,250000000,247376032,6885208065024,NPB,NPB,xgboost
NPB,大家　友和,2010,100000000,100294960,87001401600,NPB,NPB,xgboost
NPB,山本　省吾,2010,62000000,63713368,2935629903424,NPB,NPB,xgboost
NPB,加賀　繁,2010,25000000,25424136,179891346496,NPB,NPB,xgboost
NPB,田中　健二朗,2010,8200000,5937703.5,5117985453912.25,NPB,NPB,xgboost
NPB,杉原　洋,2010,6000000,9979693,15837956374249,NPB,NPB,xgboost
NPB,眞下　貴之,2010,5500000,4894679,366413513041,NPB,NPB,xgboost
NPB,内海　哲也,2010,120000000,119387240,375474817600,NPB,NPB,xgboost
NPB,東野　峻,2010,75000000,79601248,21171483157504,NPB,NPB,xgboost
NPB,藤井　秀悟,2010,70000000,70006456,41679936,NPB,NPB,xgboost
NPB,朝井　秀樹,2010,40000000,34663528,28477933406784,NPB,NPB,xgboost
NPB,西村　健太朗,2010,28000000,29676174,2809559278276,NPB,NPB,xgboost
NPB,黄　志龍,2010,4400000,4810417.5,168442524306.25,NPB,NPB,xgboost
NPB,吉見　一起,2010,120000000,118689376,1717735269376,NPB,NPB,xgboost
NPB,山本昌,2010,100000000,97366424,6935722547776,NPB,NPB,xgboost
NPB,中田　賢一,2010,72000000,73165872,1359257520384,NPB,NPB,xgboost
NPB,朝倉　健太,2010,71250000,67219288,16246639226944,NPB,NPB,xgboost
NPB,山井　大介,2010,42000000,47533676,30621570072976,NPB,NPB,xgboost
NPB,小笠原　孝,2010,39000000,41038844,4156884856336,NPB,NPB,xgboost
NPB,川井　雄太,2010,25500000,32255430,45635834484900,NPB,NPB,xgboost
NPB,山内　壮馬,2010,15000000,16423203,2025506779209,NPB,NPB,xgboost
NPB,岩田　慎司,2010,13000000,11230396,3131498316816,NPB,NPB,xgboost
NPB,伊藤　準規,2010,7500000,7789413.5,83760173982.25,NPB,NPB,xgboost
NPB,前田　健太,2010,120000000,122112328,4461929579584,NPB,NPB,xgboost
NPB,大竹　寛,2010,80000000,71138944,78518313435136,NPB,NPB,xgboost
NPB,齊藤　悠葵,2010,21000000,21151406,22923776836,NPB,NPB,xgboost
NPB,青木　高広,2010,16000000,18769742,7671470746564,NPB,NPB,xgboost
NPB,小松　剛,2010,13000000,15512809,6314209070481,NPB,NPB,xgboost
NPB,今村　猛,2010,10000000,9085818,835728729124,NPB,NPB,xgboost
NPB,今井　啓介,2010,9500000,8238661,1590976072921,NPB,NPB,xgboost
NPB,石川　雅規,2010,180000000,179562784,191157830656,NPB,NPB,xgboost
NPB,館山　昌平,2010,120000000,121294624,1676051301376,NPB,NPB,xgboost
NPB,村中　恭兵,2010,51000000,52684856,2838739740736,NPB,NPB,xgboost
NPB,中澤　雅人,2010,24000000,26683902,7203329945604,NPB,NPB,xgboost
NPB,赤川　克紀,2010,7200000,6502704.5,486221014320.25,NPB,NPB,xgboost
NPB,山本　斉,2010,6000000,5988428.5,133899612.25,NPB,NPB,xgboost
NPB,杉内　俊哉,2010,350000000,350555936,309064836096,NPB,NPB,xgboost
NPB,和田　毅,2010,330000000,330459264,210923421696,NPB,NPB,xgboost
NPB,大隣　憲司,2010,35000000,33881088,1251964063744,NPB,NPB,xgboost
NPB,小椋　真介,2010,25000000,25631696,399039836416,NPB,NPB,xgboost
NPB,山田　大樹,2010,12000000,13725566,2977578020356,NPB,NPB,xgboost
NPB,巽　真悟,2010,10600000,11211451,373872325401,NPB,NPB,xgboost
NPB,岩嵜　翔,2010,8400000,6213830,4779339268900,NPB,NPB,xgboost
NPB,ダルビッシュ　有,2010,500000000,498810528,1414843638784,NPB,NPB,xgboost
NPB,武田　勝,2010,135000000,136518960,2307239481600,NPB,NPB,xgboost
NPB,八木　智哉,2010,48000000,42259872,32949069456384,NPB,NPB,xgboost
NPB,増井　浩俊,2010,16000000,18504636,6273201492496,NPB,NPB,xgboost
NPB,糸数　敬作,2010,15000000,14029044,942755553936,NPB,NPB,xgboost
NPB,矢貫　俊之,2010,11000000,11824704,680136687616,NPB,NPB,xgboost
NPB,吉川　光夫,2010,10500000,13290035,7784295301225,NPB,NPB,xgboost
NPB,多田野　数人,2010,8000000,9033513,1068149121169,NPB,NPB,xgboost
NPB,中村　勝,2010,8000000,5311413,7228500056569,NPB,NPB,xgboost
NPB,ダース　ローマシュ匡,2010,5200000,6178402.5,957271452006.25,NPB,NPB,xgboost
NPB,木佐貫　洋,2010,60000000,58999500,1001000250000,NPB,NPB,xgboost
NPB,近藤　一樹,2010,49000000,49745316,555495939856,NPB,NPB,xgboost
NPB,長谷川　昌幸,2010,32000000,37724616,32771228347456,NPB,NPB,xgboost
NPB,中山　慎也,2010,20000000,25481488,30046710694144,NPB,NPB,xgboost
NPB,伊原　正樹,2010,11000000,8643837,5551504082569,NPB,NPB,xgboost
NPB,山田　修義,2010,5400000,6426251,1053191115001,NPB,NPB,xgboost
NPB,岩隈　久志,2010,300000000,298359296,2691909615616,NPB,NPB,xgboost
NPB,田中　将大,2010,200000000,198195856,3254935572736,NPB,NPB,xgboost
NPB,永井　怜,2010,73000000,71925400,1154765160000,NPB,NPB,xgboost
NPB,川井　貴志,2010,20000000,19689468,96430123024,NPB,NPB,xgboost
NPB,長谷部　康平,2010,19000000,19238196,56737334416,NPB,NPB,xgboost
NPB,藤原　紘通,2010,18000000,16144959,3441177111681,NPB,NPB,xgboost
NPB,戸村　健次,2010,15000000,16001577,1003156486929,NPB,NPB,xgboost
NPB,井坂　亮平,2010,13500000,16748123,10550303023129,NPB,NPB,xgboost
NPB,菊池　保則,2010,6800000,7831444,1063876725136,NPB,NPB,xgboost
NPB,涌井　秀章,2010,252999999.99999997,252187632,659941767423.9515,NPB,NPB,xgboost
NPB,石井　一久,2010,190000000,187915856,4343656212736,NPB,NPB,xgboost
NPB,岸　孝之,2010,120000000,116871000,9790641000000,NPB,NPB,xgboost
NPB,帆足　和幸,2010,110000000.00000001,113183264,10133169693695.904,NPB,NPB,xgboost
NPB,西口　文也,2010,60000000,61542356,2378862030736,NPB,NPB,xgboost
NPB,平野　将光,2010,16000000,16005397,29127609,NPB,NPB,xgboost
NPB,渡辺　俊介,2010,140000000,140107072,11464413184,NPB,NPB,xgboost
NPB,成瀬　善久,2010,130000000,130880912,776005951744,NPB,NPB,xgboost
NPB,唐川　侑己,2010,34500000,31287990,10317008240100,NPB,NPB,xgboost
NPB,吉見　祐治,2010,33000000,33217942,47498715364,NPB,NPB,xgboost
NPB,大嶺　祐太,2010,21000000,23764626,7643156919876,NPB,NPB,xgboost
NPB,香月　良仁,2010,10000000,11654182,2736318089124,NPB,NPB,xgboost
NPB,久保　康友,2011,140000000,138173040,3337782841600,NPB,NPB,xgboost
NPB,能見　篤史,2011,100000000,102093904,4384433961216,NPB,NPB,xgboost
NPB,安藤　優也,2011,58000000,62429400,19619584360000,NPB,NPB,xgboost
NPB,岩田　稔,2011,55000000,54814672,34346467584,NPB,NPB,xgboost
NPB,鄭　凱文,2011,14000000,11000539,8996766290521,NPB,NPB,xgboost
NPB,秋山　拓巳,2011,11000000,9331110,2785193832100,NPB,NPB,xgboost
NPB,鶴　直人,2011,10000000,12254443,5082513240249,NPB,NPB,xgboost
NPB,蕭　一傑,2011,10000000,13213900,10329153210000,NPB,NPB,xgboost
NPB,清原　大貴,2011,6500000,6379120.5,14611853520.25,NPB,NPB,xgboost
NPB,三浦　大輔,2011,150000000,152151312,4628143321344,NPB,NPB,xgboost
NPB,山本　省吾,2011,60000000,59377264,387800125696,NPB,NPB,xgboost
NPB,清水　直行,2011,50000000,53909632,15285222375424,NPB,NPB,xgboost
NPB,高崎　健太郎,2011,40000000,40306328,93836843584,NPB,NPB,xgboost
NPB,須田　幸太,2011,17000000,19614960,6838015801600,NPB,NPB,xgboost
NPB,加賀美　希昇,2011,11000000,10040869,919932275161,NPB,NPB,xgboost
NPB,小林　寛,2011,10000000,8628000,1882384000000,NPB,NPB,xgboost
NPB,国吉　佑樹,2011,10000000,11292012,1669295008144,NPB,NPB,xgboost
NPB,田中　健二朗,2011,7000000,8419054,2013714254916,NPB,NPB,xgboost
NPB,眞下　貴之,2011,6500000,5885404,377728243216,NPB,NPB,xgboost
NPB,杉内　俊哉,2011,350000000,348718464,1642334519296,NPB,NPB,xgboost
NPB,内海　哲也,2011,220000000.00000003,218532080,2154789126400.0874,NPB,NPB,xgboost
NPB,東野　峻,2011,65000000,63169580,3350437376400,NPB,NPB,xgboost
NPB,澤村　拓一,2011,52000000,52606388,367706406544,NPB,NPB,xgboost
NPB,小野　淳平,2011,15000000,15093710,8781564100,NPB,NPB,xgboost
NPB,小山　雄輝,2011,8200000,9578135,1899256078225,NPB,NPB,xgboost
NPB,吉見　一起,2011,240000000,240636608,405269745664,NPB,NPB,xgboost
NPB,中田　賢一,2011,60000000,57253404,7543789587216,NPB,NPB,xgboost
NPB,朝倉　健太,2011,57000000,51527088,29952765759744,NPB,NPB,xgboost
NPB,山井　大介,2011,36000000,34980784,1038801254656,NPB,NPB,xgboost
NPB,小笠原　孝,2011,30000000,29711876,83015439376,NPB,NPB,xgboost
NPB,山内　壮馬,2011,18000000,18239418,57320978724,NPB,NPB,xgboost
NPB,大野　雄大,2011,13500000,12376329,1262636516241,NPB,NPB,xgboost
NPB,岩田　慎司,2011,12000000,9816491,4767711553081,NPB,NPB,xgboost
NPB,伊藤　準規,2011,9000000,13496581,20219240689561,NPB,NPB,xgboost
NPB,前田　健太,2011,150000000,150121488,14759334144,NPB,NPB,xgboost
NPB,大竹　寛,2011,65000000,57415888,57518754828544,NPB,NPB,xgboost
NPB,福井　優也,2011,27000000,25545732,2114895415824,NPB,NPB,xgboost
NPB,篠田　純平,2011,24000000,26436786,5937926009796,NPB,NPB,xgboost
NPB,中村　恭平,2011,10000000,10484503,234743157009,NPB,NPB,xgboost
NPB,中田　廉,2011,8000000,7425611,329922723321,NPB,NPB,xgboost
NPB,石川　雅規,2011,200000000,202600768,6763994189824,NPB,NPB,xgboost
NPB,館山　昌平,2011,190000000,191070464,1145893175296,NPB,NPB,xgboost
NPB,村中　恭兵,2011,45000000,41961004,9235496688016,NPB,NPB,xgboost
NPB,増渕　竜義,2011,41000000,40949340,2566435600,NPB,NPB,xgboost
NPB,赤川　克紀,2011,21000000,21164160,26948505600,NPB,NPB,xgboost
NPB,中澤　雅人,2011,18500000,17674984,680651400256,NPB,NPB,xgboost
NPB,七條　祐樹,2011,16000000,18907542,8453800481764,NPB,NPB,xgboost
NPB,山本　斉,2011,10000000,11132990,1283666340100,NPB,NPB,xgboost
NPB,山岸　穣,2011,9500000,8735105,585064361025,NPB,NPB,xgboost
NPB,攝津　正,2011,190000000,190237664,56484176896,NPB,NPB,xgboost
NPB,帆足　和幸,2011,110000000.00000001,110979952,960305922303.9708,NPB,NPB,xgboost
NPB,山田　大樹,2011,30000000,30840930,707163264900,NPB,NPB,xgboost
NPB,岩嵜　翔,2011,18000000,19421544,2020787343936,NPB,NPB,xgboost
NPB,武田　勝,2011,170000000,168581712,2011540850944,NPB,NPB,xgboost
NPB,斎藤　佑樹,2011,30000000,28836592,1353518174464,NPB,NPB,xgboost
NPB,八木　智哉,2011,24000000,23097344,814787854336,NPB,NPB,xgboost
NPB,糸数　敬作,2011,14000000,14699383,489136580689,NPB,NPB,xgboost
NPB,吉川　光夫,2011,11000000,12719436,2956460158096,NPB,NPB,xgboost
NPB,矢貫　俊之,2011,10000000,11298887,1687107438769,NPB,NPB,xgboost
NPB,中村　勝,2011,7800000,6899813,810336634969,NPB,NPB,xgboost
NPB,大塚　豊,2011,7800000,8695270,801508372900,NPB,NPB,xgboost
NPB,寺原　隼人,2011,85000000,84304448,483792584704,NPB,NPB,xgboost
NPB,木佐貫　洋,2011,50000000,51270000,1612900000000,NPB,NPB,xgboost
NPB,中山　慎也,2011,40000000,49008744,81157468457536,NPB,NPB,xgboost
NPB,近藤　一樹,2011,40000000,40548892,301282427664,NPB,NPB,xgboost
NPB,西　勇輝,2011,30000000,30880526,775326036676,NPB,NPB,xgboost
NPB,田中　将大,2011,320000000,320582528,339338870784,NPB,NPB,xgboost
NPB,永井　怜,2011,64000000,57609120,40843347174400,NPB,NPB,xgboost
NPB,川島　亮,2011,36000000,33374184,6894909665856,NPB,NPB,xgboost
NPB,塩見　貴洋,2011,32000000,34262704,5119829391616,NPB,NPB,xgboost
NPB,川井　貴志,2011,20000000,36544604,273723921516816,NPB,NPB,xgboost
NPB,長谷部　康平,2011,17000000,19364654,5591588539716,NPB,NPB,xgboost
NPB,井坂　亮平,2011,16500000,17679976,1392343360576,NPB,NPB,xgboost
NPB,下柳　剛,2011,15000000,13498102,2255697602404,NPB,NPB,xgboost
NPB,戸村　健次,2011,14100000,14194552,8940080704,NPB,NPB,xgboost
NPB,藤原　紘通,2011,13000000,13351449,123516399601,NPB,NPB,xgboost
NPB,菊池　保則,2011,6200000,8774371,6627386045641,NPB,NPB,xgboost
NPB,涌井　秀章,2011,210000000,208242368,3089270247424,NPB,NPB,xgboost
NPB,石井　一久,2011,170000000,168673296,1760143503616,NPB,NPB,xgboost
NPB,岸　孝之,2011,110000000.00000001,108706856,1672221404736.0386,NPB,NPB,xgboost
NPB,西口　文也,2011,100000000,101629952,2656743522304,NPB,NPB,xgboost
NPB,菊池　雄星,2011,20000000,20181736,33027973696,NPB,NPB,xgboost
NPB,成瀬　善久,2011,130000000,129358224,411876434176,NPB,NPB,xgboost
NPB,渡辺　俊介,2011,126000000,123812336,4785873776896,NPB,NPB,xgboost
NPB,小野　晋吾,2011,80000000,80551808,304492068864,NPB,NPB,xgboost
NPB,唐川　侑己,2011,54500000,58012640,12338639769600,NPB,NPB,xgboost
NPB,大嶺　祐太,2011,17000000,13905560,9575558913600,NPB,NPB,xgboost
NPB,上野　大樹,2011,17000000,15466373,2352011775129,NPB,NPB,xgboost
NPB,小林　敦,2011,15000000,17514936,6324903084096,NPB,NPB,xgboost
NPB,光原　逸裕,2011,9000000,10214784,1475700166656,NPB,NPB,xgboost
NPB,阿部　和成,2011,5500000,6427987.5,861160800156.25,NPB,NPB,xgboost
NPB,久保　康友,2012,120000000,121145416,1311977813056,NPB,NPB,xgboost
NPB,能見　篤史,2012,120000000,122817632,7939050087424,NPB,NPB,xgboost
NPB,岩田　稔,2012,58000000,61012516,9075252650256,NPB,NPB,xgboost
NPB,安藤　優也,2012,50000000,53918180,15352134512400,NPB,NPB,xgboost
NPB,二神　一人,2012,10000000,12149440,4620092313600,NPB,NPB,xgboost
NPB,秋山　拓巳,2012,10000000,8253029,3051907674841,NPB,NPB,xgboost
NPB,岩本　輝,2012,8000000,8123100.5,15153733100.25,NPB,NPB,xgboost
NPB,歳内　宏明,2012,7500000,7575201,5655190401,NPB,NPB,xgboost
NPB,伊藤　和雄,2012,7500000,8508991,1018062838081,NPB,NPB,xgboost
NPB,三浦　大輔,2012,180000000,178941744,1119905761536,NPB,NPB,xgboost
NPB,高崎　健太郎,2012,55000000,55843248,711067189504,NPB,NPB,xgboost
NPB,藤井　秀悟,2012,37000000,37405104,164109250816,NPB,NPB,xgboost
NPB,国吉　佑樹,2012,18000000,16716141,1648293931881,NPB,NPB,xgboost
NPB,加賀美　希昇,2012,14000000,16111199,4457161217601,NPB,NPB,xgboost
NPB,須田　幸太,2012,13000000,16154195,9948946098025,NPB,NPB,xgboost
NPB,王　溢正,2012,10000000,18861214,78521113553796,NPB,NPB,xgboost
NPB,杉内　俊哉,2012,500000000,498823040,1385234841600,NPB,NPB,xgboost
NPB,内海　哲也,2012,400000000,399537440,213961753600,NPB,NPB,xgboost
NPB,澤村　拓一,2012,65000000,68052136,9315534162496,NPB,NPB,xgboost
NPB,小山　雄輝,2012,18000000,17375898,389503306404,NPB,NPB,xgboost
NPB,宮國　椋丞,2012,16000000,15554474,198493416676,NPB,NPB,xgboost
NPB,笠原　将生,2012,8400000,6893464.5,2269649212760.25,NPB,NPB,xgboost
NPB,吉見　一起,2012,290000000,289444128,308993680384,NPB,NPB,xgboost
NPB,中田　賢一,2012,70000000,77147112,51081209940544,NPB,NPB,xgboost
NPB,川上　憲伸,2012,60000000,58249024,3065916952576,NPB,NPB,xgboost
NPB,山本昌,2012,60000000,61140396,1300503036816,NPB,NPB,xgboost
NPB,山内　壮馬,2012,42000000,43270640,1614526009600,NPB,NPB,xgboost
NPB,岩田　慎司,2012,28000000,29967532,3871182171024,NPB,NPB,xgboost
NPB,大野　雄大,2012,17500000,21411648,15300990075904,NPB,NPB,xgboost
NPB,伊藤　準規,2012,10000000,9741113,67022478769,NPB,NPB,xgboost
NPB,小川　龍也,2012,5500000,6979751,2189663022001,NPB,NPB,xgboost
NPB,前田　健太,2012,210000000,212166736,4694744893696,NPB,NPB,xgboost
NPB,大竹　寛,2012,100000000,108526968,72709183273024,NPB,NPB,xgboost
NPB,野村　祐輔,2012,40000000,40264356,69884094736,NPB,NPB,xgboost
NPB,福井　優也,2012,24000000,23686312,98400161344,NPB,NPB,xgboost
NPB,篠田　純平,2012,19000000,18657460,117333651600,NPB,NPB,xgboost
NPB,今井　啓介,2012,18000000,17716598,80316693604,NPB,NPB,xgboost
NPB,齊藤　悠葵,2012,15000000,15117913,13903475569,NPB,NPB,xgboost
NPB,戸田　隆矢,2012,5500000,5770631.5,73241408792.25,NPB,NPB,xgboost
NPB,石川　雅規,2012,200000000,201689856,2855613300736,NPB,NPB,xgboost
NPB,館山　昌平,2012,190000000,186747136,10581124202496,NPB,NPB,xgboost
NPB,村中　恭兵,2012,65000000,64966352,1132187904,NPB,NPB,xgboost
NPB,赤川　克紀,2012,40000000,38442360,2426242369600,NPB,NPB,xgboost
NPB,中澤　雅人,2012,16500000,15003868,2238410961424,NPB,NPB,xgboost
NPB,七條　祐樹,2012,15000000,15230287,53032102369,NPB,NPB,xgboost
NPB,八木　亮祐,2012,7000000,7128197.5,16434599006.25,NPB,NPB,xgboost
NPB,攝津　正,2012,290000000,287910080,4367765606400,NPB,NPB,xgboost
NPB,帆足　和幸,2012,110000000.00000001,106528736,12049673757696.104,NPB,NPB,xgboost
NPB,寺原　隼人,2012,85000000,83305736,2870530501696,NPB,NPB,xgboost
NPB,大隣　憲司,2012,63000000,67828040,23309970241600,NPB,NPB,xgboost
NPB,山本　省吾,2012,55000000,53855488,1309907718144,NPB,NPB,xgboost
NPB,新垣　渚,2012,42000000,41849072,22779261184,NPB,NPB,xgboost
NPB,山田　大樹,2012,40000000,40848904,720638001216,NPB,NPB,xgboost
NPB,陽　耀勲,2012,35000000,35001768,3125824,NPB,NPB,xgboost
NPB,岩嵜　翔,2012,28000000,26908428,1191529431184,NPB,NPB,xgboost
NPB,武田　翔太,2012,20000000,20982320,964952582400,NPB,NPB,xgboost
NPB,大場　翔太,2012,16000000,15857913,20188715569,NPB,NPB,xgboost
NPB,千賀　滉大,2012,6500000,6715776.5,46559497952.25,NPB,NPB,xgboost
NPB,武田　勝,2012,200000000,201236736,1529515933696,NPB,NPB,xgboost
NPB,吉川　光夫,2012,70000000,69366088,401844423744,NPB,NPB,xgboost
NPB,木佐貫　洋,2012,62000000,65271140,10700356899600,NPB,NPB,xgboost
NPB,多田野　数人,2012,38000000,39840996,3389266272016,NPB,NPB,xgboost
NPB,斎藤　佑樹,2012,35000000,34201236,638023927696,NPB,NPB,xgboost
NPB,中村　勝,2012,13500000,15326569,3336354311761,NPB,NPB,xgboost
NPB,井川　慶,2012,100000000,92059776,63047157170176,NPB,NPB,xgboost
NPB,東野　峻,2012,65000000,59348900,31934931210000,NPB,NPB,xgboost
NPB,西　勇輝,2012,46000000,45594300,164592490000,NPB,NPB,xgboost
NPB,近藤　一樹,2012,31000000,24502050,42223354202500,NPB,NPB,xgboost
NPB,八木　智哉,2012,24000000,23167122,693685762884,NPB,NPB,xgboost
NPB,前田　祐二,2012,12000000,14871249,8244070820001,NPB,NPB,xgboost
NPB,田中　将大,2012,400000000,399110912,790477471744,NPB,NPB,xgboost
NPB,永井　怜,2012,49000000,37139952,140660738562304,NPB,NPB,xgboost
NPB,美馬　学,2012,31000000,32239550,1536484202500,NPB,NPB,xgboost
NPB,塩見　貴洋,2012,29000000,29422430,178447104900,NPB,NPB,xgboost
NPB,辛島　航,2012,22000000,24115176,4473969510976,NPB,NPB,xgboost
NPB,川井　貴志,2012,20000000,17841810,4657784076100,NPB,NPB,xgboost
NPB,釜田　佳直,2012,20000000,19402790,356659784100,NPB,NPB,xgboost
NPB,上園　啓史,2012,15000000,19970776,24708614042176,NPB,NPB,xgboost
NPB,戸村　健次,2012,15000000,18232018,10445940352324,NPB,NPB,xgboost
NPB,菊池　保則,2012,7200000,5678358,2315394376164,NPB,NPB,xgboost
NPB,石井　一久,2012,190000000,188286464,2936205623296,NPB,NPB,xgboost
NPB,岸　孝之,2012,150000000,149039408,922736990464,NPB,NPB,xgboost
NPB,西口　文也,2012,70000000,70574264,329779141696,NPB,NPB,xgboost
NPB,牧田　和久,2012,67000000,65609784,1932700526656,NPB,NPB,xgboost
NPB,野上　亮磨,2012,28000000,27061226,881296623076,NPB,NPB,xgboost
NPB,菊池　雄星,2012,23000000,26564764,12707542375696,NPB,NPB,xgboost
NPB,平野　将光,2012,11000000,13797828,7827841517584,NPB,NPB,xgboost
NPB,岡本　洋介,2012,8000000,8104758,10974238564,NPB,NPB,xgboost
NPB,山本　淳,2012,7000000,12141869,26438816813161,NPB,NPB,xgboost
NPB,成瀬　善久,2012,160000000,160441104,194572738816,NPB,NPB,xgboost
NPB,小野　晋吾,2012,80000000,80920888,848034708544,NPB,NPB,xgboost
NPB,渡辺　俊介,2012,80000000,80578384,334528051456,NPB,NPB,xgboost
NPB,唐川　侑己,2012,54500000,54048008,204296768064,NPB,NPB,xgboost
NPB,吉見　祐治,2012,26000000,24557150,2081816122500,NPB,NPB,xgboost
NPB,藤岡　貴裕,2012,21000000,23229426,4970340289476,NPB,NPB,xgboost
NPB,上野　大樹,2012,17000000,22639518,31804163272324,NPB,NPB,xgboost
NPB,香月　良仁,2012,9000000,9929265,863533440225,NPB,NPB,xgboost
NPB,阿部　和成,2012,7000000,7084026.5,7060452702.25,NPB,NPB,xgboost
NPB,能見　篤史,2013,150000000,149847424,23279435776,NPB,NPB,xgboost
NPB,岩田　稔,2013,46000000,43665780,5448583008400,NPB,NPB,xgboost
NPB,藤浪　晋太郎,2013,45000000,43929804,1145319478416,NPB,NPB,xgboost
NPB,榎田　大樹,2013,41000000,38519500,6152880250000,NPB,NPB,xgboost
NPB,吉見　祐治,2013,15000000,14811752,35437309504,NPB,NPB,xgboost
NPB,秋山　拓巳,2013,12000000,12197820,39132752400,NPB,NPB,xgboost
NPB,小嶋　達也,2013,11000000,13384823,5687380741329,NPB,NPB,xgboost
NPB,白仁田　寛和,2013,7500000,8772899,1620271864201,NPB,NPB,xgboost
NPB,岩本　輝,2013,7000000,7212983.5,45361971272.25,NPB,NPB,xgboost
NPB,三浦　大輔,2013,180000000,179427520,327733350400,NPB,NPB,xgboost
NPB,藤井　秀悟,2013,41000000,42165976,1359500032576,NPB,NPB,xgboost
NPB,三嶋　一輝,2013,27000000,24547832,6013127900224,NPB,NPB,xgboost
NPB,須田　幸太,2013,17000000,22530610,30587646972100,NPB,NPB,xgboost
NPB,井納　翔一,2013,16500000,20090394,12890929075236,NPB,NPB,xgboost
NPB,国吉　佑樹,2013,15000000,13990167,1019762687889,NPB,NPB,xgboost
NPB,加賀美　希昇,2013,12500000,13042394,294191251236,NPB,NPB,xgboost
NPB,小杉　陽太,2013,10000000,18358218,69859808135524,NPB,NPB,xgboost
NPB,杉内　俊哉,2013,500000000,498536608,2141516145664,NPB,NPB,xgboost
NPB,内海　哲也,2013,400000000,392033088,63471686815744,NPB,NPB,xgboost
NPB,大竹　寛,2013,100000000,98187488,3285199750144,NPB,NPB,xgboost
NPB,菅野　智之,2013,70000000,74357544,18988189711936,NPB,NPB,xgboost
NPB,澤村　拓一,2013,60000000,59164064,698788996096,NPB,NPB,xgboost
NPB,小山　雄輝,2013,18000000,16135897,3474879994609,NPB,NPB,xgboost
NPB,宮國　椋丞,2013,16000000,16923564,852970462096,NPB,NPB,xgboost
NPB,阿南　徹,2013,11000000,17042644,36513546510736,NPB,NPB,xgboost
NPB,今村　信貴,2013,9000000,6735431.5,5128270491192.25,NPB,NPB,xgboost
NPB,吉見　一起,2013,174000000,161385424,159127527659776,NPB,NPB,xgboost
NPB,山井　大介,2013,60000000,60474824,225457830976,NPB,NPB,xgboost
NPB,山本昌,2013,40000000,39630628,136435674384,NPB,NPB,xgboost
NPB,川上　憲伸,2013,30000000,28253120,3051589734400,NPB,NPB,xgboost
NPB,大野　雄大,2013,28000000,29000970,1001940940900,NPB,NPB,xgboost
NPB,山内　壮馬,2013,20000000,19367518,400033480324,NPB,NPB,xgboost
NPB,朝倉　健太,2013,18000000,13276785,22308759936225,NPB,NPB,xgboost
NPB,岩田　慎司,2013,15000000,15039931,1594484761,NPB,NPB,xgboost
NPB,西川　健太郎,2013,7700000,8031557,109930044249,NPB,NPB,xgboost
NPB,小川　龍也,2013,4800000,5159210,129031824100,NPB,NPB,xgboost
NPB,前田　健太,2013,280000000,279375136,390455018496,NPB,NPB,xgboost
NPB,野村　祐輔,2013,60000000,59336360,440418049600,NPB,NPB,xgboost
NPB,篠田　純平,2013,15000000,15645989,417301788121,NPB,NPB,xgboost
NPB,中村　恭平,2013,11000000,9658208,1800405771264,NPB,NPB,xgboost
NPB,武内　久士,2013,7600000,7187505,170152125025,NPB,NPB,xgboost
NPB,戸田　隆矢,2013,5500000,9063973,12701903544729,NPB,NPB,xgboost
NPB,石川　雅規,2013,180000000,178400128,2559590416384,NPB,NPB,xgboost
NPB,館山　昌平,2013,150000000,145973680,16211252742400,NPB,NPB,xgboost
NPB,小川　泰弘,2013,56000000,57179644,1391559966736,NPB,NPB,xgboost
NPB,村中　恭兵,2013,53000000,54220668,1490030366224,NPB,NPB,xgboost
NPB,新垣　渚,2013,33000000,36563164,12696137690896,NPB,NPB,xgboost
NPB,赤川　克紀,2013,31000000,30028148,944496309904,NPB,NPB,xgboost
NPB,八木　亮祐,2013,23000000,23219926,48367445476,NPB,NPB,xgboost
NPB,中澤　雅人,2013,14000000,15264084,1597908359056,NPB,NPB,xgboost
NPB,古野　正人,2013,9600000,11068319,2155960685761,NPB,NPB,xgboost
NPB,徳山　武陽,2013,6000000,8168772,4703571987984,NPB,NPB,xgboost
NPB,攝津　正,2013,400000000,398030912,3877307551744,NPB,NPB,xgboost
NPB,寺原　隼人,2013,85000000,83716464,1647464663296,NPB,NPB,xgboost
NPB,大隣　憲司,2013,60000000,50571308,88900232830864,NPB,NPB,xgboost
NPB,帆足　和幸,2013,55000000,57175376,4732260741376,NPB,NPB,xgboost
NPB,山田　大樹,2013,30000000,24447244,30833099195536,NPB,NPB,xgboost
NPB,武田　翔太,2013,19500000,19442068,3356116624,NPB,NPB,xgboost
NPB,大場　翔太,2013,16000000,14107805,3580401918025,NPB,NPB,xgboost
NPB,東浜　巨,2013,14000000,15588847,2524434789409,NPB,NPB,xgboost
NPB,巽　真悟,2013,9000000,14547483,30774567635289,NPB,NPB,xgboost
NPB,武田　勝,2013,170000000,167365536,6940400567296,NPB,NPB,xgboost
NPB,木佐貫　洋,2013,82000000,96862376,220890220365376,NPB,NPB,xgboost
NPB,吉川　光夫,2013,70000000,69195088,647883327744,NPB,NPB,xgboost
NPB,大谷　翔平,2013,30000000,29113650,785616322500,NPB,NPB,xgboost
NPB,多田野　数人,2013,30000000,28126708,3509222917264,NPB,NPB,xgboost
NPB,斎藤　佑樹,2013,28000000,26946770,1109293432900,NPB,NPB,xgboost
NPB,中村　勝,2013,13000000,14304891,1702740521881,NPB,NPB,xgboost
NPB,新垣　勇人,2013,8250000,7713658,287662740964,NPB,NPB,xgboost
NPB,井川　慶,2013,60000000,69522840,90684481665600,NPB,NPB,xgboost
NPB,西　勇輝,2013,55000000,54514276,235927804176,NPB,NPB,xgboost
NPB,東野　峻,2013,49000000,41184552,61081227440704,NPB,NPB,xgboost
NPB,八木　智哉,2013,18000000,20557206,6539302526436,NPB,NPB,xgboost
NPB,前田　祐二,2013,18000000,19198524,1436459778576,NPB,NPB,xgboost
NPB,松葉　貴大,2013,18000000,20736566,7488793472356,NPB,NPB,xgboost
NPB,則本　昂大,2013,60000000,60037896,1436106816,NPB,NPB,xgboost
NPB,美馬　学,2013,40000000,41045044,1092116961936,NPB,NPB,xgboost
NPB,永井　怜,2013,37000000,34668068,5437906852624,NPB,NPB,xgboost
NPB,辛島　航,2013,21000000,21968384,937767571456,NPB,NPB,xgboost
NPB,川井　貴志,2013,19000000,26013118,49183824081924,NPB,NPB,xgboost
NPB,戸村　健次,2013,18000000,17703344,88004782336,NPB,NPB,xgboost
NPB,岸　孝之,2013,200000000,197888064,4460273668096,NPB,NPB,xgboost
NPB,牧田　和久,2013,80000000,81994504,3978046206016,NPB,NPB,xgboost
NPB,野上　亮磨,2013,48000000,47373696,392256700416,NPB,NPB,xgboost
NPB,十亀　剣,2013,44000000,44061464,3777823296,NPB,NPB,xgboost
NPB,菊池　雄星,2013,40000000,37376132,6884683281424,NPB,NPB,xgboost
NPB,西口　文也,2013,35000000,32304794,7264135382436,NPB,NPB,xgboost
NPB,成瀬　善久,2013,144000000,132834920,124659011406400,NPB,NPB,xgboost
NPB,唐川　侑己,2013,65400000,67764136,5589139026496,NPB,NPB,xgboost
NPB,大谷　智久,2013,30700000,30036852,439765269904,NPB,NPB,xgboost
NPB,古谷　拓哉,2013,30000000,37419444,55048149269136,NPB,NPB,xgboost
NPB,西野　勇士,2013,26400000,26682218,79646999524,NPB,NPB,xgboost
NPB,大嶺　祐太,2013,15400000,17635614,4997969956996,NPB,NPB,xgboost
NPB,阿部　和成,2013,8300000,11687674,11476335130276,NPB,NPB,xgboost
NPB,能見　篤史,2014,140000000,140561904,315736105216,NPB,NPB,xgboost
NPB,藤浪　晋太郎,2014,85000000,86836688,3373422809344,NPB,NPB,xgboost
NPB,岩田　稔,2014,60000000,65511048,30371650058304,NPB,NPB,xgboost
NPB,岩貞　祐太,2014,16500000,12473114,16215810856996,NPB,NPB,xgboost
NPB,岩崎　優,2014,15000000,20346510,28585169180100,NPB,NPB,xgboost
NPB,秋山　拓巳,2014,10000000,9863000,18769000000,NPB,NPB,xgboost
NPB,三浦　大輔,2014,135000000,134088008,831729408064,NPB,NPB,xgboost
NPB,久保　康友,2014,120000000,120256200,65638440000,NPB,NPB,xgboost
NPB,山口　俊,2014,88000000,89260792,1589596467264,NPB,NPB,xgboost
NPB,高崎　健太郎,2014,39000000,38383840,379653145600,NPB,NPB,xgboost
NPB,井納　翔一,2014,39000000,39684460,468485491600,NPB,NPB,xgboost
NPB,三嶋　一輝,2014,21000000,21708260,501632227600,NPB,NPB,xgboost
NPB,加賀美　希昇,2014,10000000,15271316,27786772371856,NPB,NPB,xgboost
NPB,杉内　俊哉,2014,500000000,492420096,57454944649216,NPB,NPB,xgboost
NPB,内海　哲也,2014,400000000,395501312,20238193721344,NPB,NPB,xgboost
NPB,菅野　智之,2014,110000000.00000001,112754704,7588394127615.918,NPB,NPB,xgboost
NPB,大竹　寛,2014,100000000,105614768,31525619693824,NPB,NPB,xgboost
NPB,澤村　拓一,2014,48000000,48773144,597751644736,NPB,NPB,xgboost
NPB,小山　雄輝,2014,35000000,37068300,4277864890000,NPB,NPB,xgboost
NPB,宮國　椋丞,2014,12000000,14805226,7869292911076,NPB,NPB,xgboost
NPB,山井　大介,2014,120000000,120098224,9647954176,NPB,NPB,xgboost
NPB,吉見　一起,2014,104400000,100163184,17950609817856,NPB,NPB,xgboost
NPB,大野　雄大,2014,45000000,52263656,52760698486336,NPB,NPB,xgboost
NPB,川上　憲伸,2014,40000000,41202000,1444804000000,NPB,NPB,xgboost
NPB,山本昌,2014,40000000,40519480,269859470400,NPB,NPB,xgboost
NPB,朝倉　健太,2014,25000000,26675020,2805692000400,NPB,NPB,xgboost
NPB,濱田　達郎,2014,17000000,18539362,2369635367044,NPB,NPB,xgboost
NPB,山内　壮馬,2014,15000000,15001491,2223081,NPB,NPB,xgboost
NPB,伊藤　準規,2014,9000000,9209266,43792258756,NPB,NPB,xgboost
NPB,前田　健太,2014,300000000,296097024,15233221656576,NPB,NPB,xgboost
NPB,野村　祐輔,2014,58000000,55878572,4500456759184,NPB,NPB,xgboost
NPB,大瀬良　大地,2014,35000000,35888216,788927662656,NPB,NPB,xgboost
NPB,福井　優也,2014,22000000,22006230,38812900,NPB,NPB,xgboost
NPB,九里　亜蓮,2014,16000000,16160703,25825454209,NPB,NPB,xgboost
NPB,篠田　純平,2014,15000000,16989884,3959638333456,NPB,NPB,xgboost
NPB,成瀬　善久,2014,200000000,198183680,3299018342400,NPB,NPB,xgboost
NPB,石川　雅規,2014,180000000,179600912,159271231744,NPB,NPB,xgboost
NPB,小川　泰弘,2014,65000000,63684500,1730540250000,NPB,NPB,xgboost
NPB,村中　恭兵,2014,40000000,35935532,16519900123024,NPB,NPB,xgboost
NPB,八木　亮祐,2014,26000000,27740110,3027982812100,NPB,NPB,xgboost
NPB,新垣　渚,2014,26000000,29643672,13276345643584,NPB,NPB,xgboost
NPB,木谷　良平,2014,16800000,17308896,258975138816,NPB,NPB,xgboost
NPB,杉浦　稔大,2014,16000000,16886488,785860974144,NPB,NPB,xgboost
NPB,古野　正人,2014,13600000,19836626,38895503863876,NPB,NPB,xgboost
NPB,攝津　正,2014,400000000,393729120,39323935974400,NPB,NPB,xgboost
NPB,中田　賢一,2014,95000000,94976808,537868864,NPB,NPB,xgboost
NPB,大隣　憲司,2014,73000000,66490040,42379579201600,NPB,NPB,xgboost
NPB,帆足　和幸,2014,55000000,59549860,20701226019600,NPB,NPB,xgboost
NPB,寺原　隼人,2014,45000000,43277284,2967750416656,NPB,NPB,xgboost
NPB,岩嵜　翔,2014,44000000,37912028,37063403072784,NPB,NPB,xgboost
NPB,武田　翔太,2014,26000000,23781438,4922017347844,NPB,NPB,xgboost
NPB,山田　大樹,2014,22500000,21039716,2132429360656,NPB,NPB,xgboost
NPB,飯田　優也,2014,18000000,20243970,5035401360900,NPB,NPB,xgboost
NPB,東浜　巨,2014,17000000,16925206,5594142436,NPB,NPB,xgboost
NPB,大場　翔太,2014,12000000,9204480,7814932070400,NPB,NPB,xgboost
NPB,大谷　翔平,2014,100000000,99122960,769199161600,NPB,NPB,xgboost
NPB,木佐貫　洋,2014,65000000,65248360,61682689600,NPB,NPB,xgboost
NPB,吉川　光夫,2014,60000000,53320208,44619621163264,NPB,NPB,xgboost
NPB,中村　勝,2014,26000000,24451560,2397666433600,NPB,NPB,xgboost
NPB,斎藤　佑樹,2014,25000000,21810854,10170652209316,NPB,NPB,xgboost
NPB,浦野　博司,2014,24000000,27706938,13741389335844,NPB,NPB,xgboost
NPB,上沢　直之,2014,23000000,25066090,4268727888100,NPB,NPB,xgboost
NPB,新垣　勇人,2014,8150000,9345537,1429308718369,NPB,NPB,xgboost
NPB,西　勇輝,2014,95000000,93866264,1285357317696,NPB,NPB,xgboost
NPB,井川　慶,2014,48000000,52223056,17834201979136,NPB,NPB,xgboost
NPB,松葉　貴大,2014,35000000,35690224,476409170176,NPB,NPB,xgboost
NPB,東明　大貴,2014,22000000,26436858,19685708912164,NPB,NPB,xgboost
NPB,吉田　一将,2014,21000000,26893468,34732965067024,NPB,NPB,xgboost
NPB,近藤　一樹,2014,13000000,17684622,21945683282884,NPB,NPB,xgboost
NPB,則本　昂大,2014,120000000,119355904,414859657216,NPB,NPB,xgboost
NPB,辛島　航,2014,42000000,41710160,84007225600,NPB,NPB,xgboost
NPB,美馬　学,2014,37000000,38247664,1556665456896,NPB,NPB,xgboost
NPB,塩見　貴洋,2014,30000000,30563694,317750925636,NPB,NPB,xgboost
NPB,松井　裕樹,2014,25000000,26370258,1877606986564,NPB,NPB,xgboost
NPB,川井　貴志,2014,18000000,21194214,10203003077796,NPB,NPB,xgboost
NPB,菊池　保則,2014,12000000,8095003,15249001570009,NPB,NPB,xgboost
NPB,濱矢　廣大,2014,10000000,8671003,1766233026009,NPB,NPB,xgboost
NPB,森　雄大,2014,9500000,12288414,7775252635396,NPB,NPB,xgboost
NPB,横山　貴明,2014,8100000,7918268,33026519824,NPB,NPB,xgboost
NPB,岸　孝之,2014,225000000,224075280,855107078400,NPB,NPB,xgboost
NPB,牧田　和久,2014,75000000,75628104,394514634816,NPB,NPB,xgboost
NPB,野上　亮磨,2014,45000000,45836036,698956193296,NPB,NPB,xgboost
NPB,菊池　雄星,2014,38000000,38431812,186461603344,NPB,NPB,xgboost
NPB,岡本　洋介,2014,17000000,20993232,15945901805824,NPB,NPB,xgboost
NPB,小石　博孝,2014,9500000,10924725,2029841325625,NPB,NPB,xgboost
NPB,涌井　秀章,2014,220000000.00000003,218745744,1573158113536.0747,NPB,NPB,xgboost
NPB,唐川　侑己,2014,60000000,58713856,1654166388736,NPB,NPB,xgboost
NPB,石川　歩,2014,37000000,40244088,10524106951744,NPB,NPB,xgboost
NPB,古谷　拓哉,2014,36000000,37245624,1551579149376,NPB,NPB,xgboost
NPB,藤岡　貴裕,2014,35000000,33800540,1438704291600,NPB,NPB,xgboost
NPB,大嶺　祐太,2014,18200000,21141144,8650328028736,NPB,NPB,xgboost
NPB,チェン・グァンユウ,2014,6000000,7887902.5,3564175849506.25,NPB,NPB,xgboost
NPB,藤浪　晋太郎,2015,170000000,169371408,395127902464,NPB,NPB,xgboost
NPB,能見　篤史,2015,140000000,139750224,62388050176,NPB,NPB,xgboost
NPB,岩田　稔,2015,68000000,65107396,8367157900816,NPB,NPB,xgboost
NPB,岩崎　優,2015,20000000,18147692,3431044926864,NPB,NPB,xgboost
NPB,岩貞　祐太,2015,16000000,13947811,4211479691721,NPB,NPB,xgboost
NPB,横山　雄哉,2015,15000000,12307985,7246944760225,NPB,NPB,xgboost
NPB,秋山　拓巳,2015,10000000,10247040,61028761600,NPB,NPB,xgboost
NPB,三浦　大輔,2015,125000000,121477600,12407301760000,NPB,NPB,xgboost
NPB,久保　康友,2015,120000000,122132896,4549245346816,NPB,NPB,xgboost
NPB,山口　俊,2015,80000000,79550888,201701588544,NPB,NPB,xgboost
NPB,井納　翔一,2015,45000000,46004836,1009695386896,NPB,NPB,xgboost
NPB,高崎　健太郎,2015,33000000,36729536,13909438775296,NPB,NPB,xgboost
NPB,三嶋　一輝,2015,25000000,24178718,674504123524,NPB,NPB,xgboost
NPB,石田　健大,2015,18000000,19476976,2181458104576,NPB,NPB,xgboost
NPB,砂田　毅樹,2015,13000000,14555760,2420389177600,NPB,NPB,xgboost
NPB,内海　哲也,2015,400000000,382757696,297297047228416,NPB,NPB,xgboost
NPB,菅野　智之,2015,130000000,131357584,1843034317056,NPB,NPB,xgboost
NPB,大竹　寛,2015,100000000,92297776,59324254546176,NPB,NPB,xgboost
NPB,杉内　俊哉,2015,50000000,54554228,20740992675984,NPB,NPB,xgboost
NPB,高木　勇人,2015,42000000,48060724,36732375404176,NPB,NPB,xgboost
NPB,田口　麗斗,2015,18000000,19104338,1219562418244,NPB,NPB,xgboost
NPB,山井　大介,2015,120000000,118484064,2298061956096,NPB,NPB,xgboost
NPB,大野　雄大,2015,108000000,106714328,1652952491584,NPB,NPB,xgboost
NPB,吉見　一起,2015,89000000,90422360,2023107969600,NPB,NPB,xgboost
NPB,若松　駿太,2015,36000000,37468884,2157620205456,NPB,NPB,xgboost
NPB,八木　智哉,2015,20000000,18541006,2128663492036,NPB,NPB,xgboost
NPB,武藤　祐太,2015,16000000,17480674,2192395494276,NPB,NPB,xgboost
NPB,濱田　達郎,2015,13000000,11001247,3995013555009,NPB,NPB,xgboost
NPB,小熊　凌祐,2015,12000000,9957080,4173522126400,NPB,NPB,xgboost
NPB,岩田　慎司,2015,11500000,12170212,449184124944,NPB,NPB,xgboost
NPB,伊藤　準規,2015,6750000,11601775,23539720650625,NPB,NPB,xgboost
NPB,鈴木　翔太,2015,6000000,5406693,352013196249,NPB,NPB,xgboost
NPB,黒田　博樹,2015,600000000,600374720,140415078400,NPB,NPB,xgboost
NPB,野村　祐輔,2015,52000000,50168284,3355183504656,NPB,NPB,xgboost
NPB,福井　優也,2015,42000000,47007032,25070369449024,NPB,NPB,xgboost
NPB,薮田　和樹,2015,10000000,10414513,171821027169,NPB,NPB,xgboost
NPB,中村　恭平,2015,8000000,8265667.5,70579220556.25,NPB,NPB,xgboost
NPB,石川　雅規,2015,200000000,199701152,89310127104,NPB,NPB,xgboost
NPB,成瀬　善久,2015,144000000,136266432,59808074010624,NPB,NPB,xgboost
NPB,館山　昌平,2015,120000000,119240064,577502724096,NPB,NPB,xgboost
NPB,小川　泰弘,2015,100000000,97501720,6241402958400,NPB,NPB,xgboost
NPB,石山　泰稚,2015,41000000,41560656,314335150336,NPB,NPB,xgboost
NPB,新垣　渚,2015,28000000,30140372,4581192298384,NPB,NPB,xgboost
NPB,山中　浩史,2015,22000000,23490824,2222556198976,NPB,NPB,xgboost
NPB,杉浦　稔大,2015,17000000,16324495,456307005025,NPB,NPB,xgboost
NPB,近藤　一樹,2015,12000000,18652694,44258337457636,NPB,NPB,xgboost
NPB,風張　蓮,2015,11000000,10478233,272240802289,NPB,NPB,xgboost
NPB,寺田　哲也,2015,9500000,10987976,2214072576576,NPB,NPB,xgboost
NPB,攝津　正,2015,400000000,382291680,313584597222400,NPB,NPB,xgboost
NPB,中田　賢一,2015,95000000,102163248,51312121909504,NPB,NPB,xgboost
NPB,武田　翔太,2015,70000000,69979504,420086016,NPB,NPB,xgboost
NPB,大隣　憲司,2015,68000000,68754296,568962455616,NPB,NPB,xgboost
NPB,寺原　隼人,2015,65000000,64702384,88575283456,NPB,NPB,xgboost
NPB,千賀　滉大,2015,25000000,21684186,10994622482596,NPB,NPB,xgboost
NPB,東浜　巨,2015,18000000,20820864,7957273706496,NPB,NPB,xgboost
NPB,大谷　翔平,2015,200000000,203397920,11545860326400,NPB,NPB,xgboost
NPB,吉川　光夫,2015,95000000,94006176,987686142976,NPB,NPB,xgboost
NPB,武田　勝,2015,40000000,41724900,2975280010000,NPB,NPB,xgboost
NPB,有原　航平,2015,30000000,30016292,265429264,NPB,NPB,xgboost
NPB,上沢　直之,2015,24000000,20698798,10897934644804,NPB,NPB,xgboost
NPB,中村　勝,2015,24000000,21428940,6610349523600,NPB,NPB,xgboost
NPB,浦野　博司,2015,23000000,18947952,16419092994304,NPB,NPB,xgboost
NPB,斎藤　佑樹,2015,23000000,21659996,1795610720016,NPB,NPB,xgboost
NPB,新垣　勇人,2015,8500000,11338277,8055816328729,NPB,NPB,xgboost
NPB,高梨　裕稔,2015,7700000,9655113,3822466842769,NPB,NPB,xgboost
NPB,西　勇輝,2015,120000000,119394448,366693224704,NPB,NPB,xgboost
NPB,東明　大貴,2015,42000000,49528080,56671988486400,NPB,NPB,xgboost
NPB,松葉　貴大,2015,28000000,27700328,89803307584,NPB,NPB,xgboost
NPB,八木　亮祐,2015,20000000,16524144,12081574932736,NPB,NPB,xgboost
NPB,山﨑　福也,2015,17000000,15793270,1456197292900,NPB,NPB,xgboost
NPB,則本　昂大,2015,150000000,155305632,28149730919424,NPB,NPB,xgboost
NPB,美馬　学,2015,35000000,35271268,73586327824,NPB,NPB,xgboost
NPB,辛島　航,2015,33000000,32400612,359265974544,NPB,NPB,xgboost
NPB,塩見　貴洋,2015,30000000,33482382,12126984393924,NPB,NPB,xgboost
NPB,菊池　保則,2015,19000000,20622140,2631338179600,NPB,NPB,xgboost
NPB,川井　貴志,2015,16000000,16537220,288605328400,NPB,NPB,xgboost
NPB,釜田　佳直,2015,12800000,10168075,6927029205625,NPB,NPB,xgboost
NPB,安樂　智大,2015,12000000,10122490,3525043800100,NPB,NPB,xgboost
NPB,森　雄大,2015,9500000,9100756,159395771536,NPB,NPB,xgboost
NPB,岸　孝之,2015,225000000,227299936,5289705604096,NPB,NPB,xgboost
NPB,牧田　和久,2015,75000000,74570176,184748670976,NPB,NPB,xgboost
NPB,十亀　剣,2015,60000000,64015020,16120385600400,NPB,NPB,xgboost
NPB,野上　亮磨,2015,58000000,54150004,14822469200016,NPB,NPB,xgboost
NPB,菊池　雄星,2015,55000000,54236888,582339924544,NPB,NPB,xgboost
NPB,郭　俊麟,2015,30000000,28347352,2731245411904,NPB,NPB,xgboost
NPB,髙橋　光成,2015,18000000,17690186,95984714596,NPB,NPB,xgboost
NPB,佐野　泰雄,2015,12000000,9039521,8764435909441,NPB,NPB,xgboost
NPB,涌井　秀章,2015,220000000.00000003,219270528,532129398784.04346,NPB,NPB,xgboost
NPB,石川　歩,2015,75000000,76372624,1884096645376,NPB,NPB,xgboost
NPB,唐川　侑己,2015,48000000,43787504,17745122550016,NPB,NPB,xgboost
NPB,大嶺　祐太,2015,36400000,35321412,1163352073744,NPB,NPB,xgboost
NPB,古谷　拓哉,2015,31000000,39209436,67394839438096,NPB,NPB,xgboost
NPB,チェン・グァンユウ,2015,17000000,15843369,1337795270161,NPB,NPB,xgboost
NPB,田中　英祐,2015,13400000,12017815,1910435374225,NPB,NPB,xgboost
NPB,木村　優太,2015,9300000,8673587,392393246569,NPB,NPB,xgboost
NPB,藤浪　晋太郎,2016,160000000,156457136,12551885322496,NPB,NPB,xgboost
NPB,能見　篤史,2016,130000000,131706528,2912237814784,NPB,NPB,xgboost
NPB,岩田　稔,2016,53000000,49289760,13765880857600,NPB,NPB,xgboost
NPB,岩貞　祐太,2016,40000000,39866460,17832931600,NPB,NPB,xgboost
NPB,岩崎　優,2016,25000000,26006972,1013992608784,NPB,NPB,xgboost
NPB,横山　雄哉,2016,15700000,13288559,5815047696481,NPB,NPB,xgboost
NPB,青柳　晃洋,2016,12000000,12335555,112597158025,NPB,NPB,xgboost
NPB,久保　康友,2016,100000000,98905144,1198709660736,NPB,NPB,xgboost
NPB,井納　翔一,2016,72000000,79904424,62479918771776,NPB,NPB,xgboost
NPB,石田　健大,2016,48000000,48336596,113296867216,NPB,NPB,xgboost
NPB,今永　昇太,2016,40000000,39624992,140631000064,NPB,NPB,xgboost
NPB,三嶋　一輝,2016,23000000,25892996,8369425856016,NPB,NPB,xgboost
NPB,国吉　佑樹,2016,20000000,20434400,188703360000,NPB,NPB,xgboost
NPB,平良　拳太郎,2016,7500000,7394647,11099254609,NPB,NPB,xgboost
NPB,菅野　智之,2016,229999999.99999997,230373728,139672617984.02228,NPB,NPB,xgboost
NPB,内海　哲也,2016,200000000,191186416,77679262925056,NPB,NPB,xgboost
NPB,吉川　光夫,2016,95000000,92455168,6476169908224,NPB,NPB,xgboost
NPB,山口　俊,2016,80000000,83080816,9491427225856,NPB,NPB,xgboost
NPB,大竹　寛,2016,70000000,66063424,15496630603776,NPB,NPB,xgboost
NPB,田口　麗斗,2016,50000000,51687644,2848142270736,NPB,NPB,xgboost
NPB,高木　勇人,2016,37000000,41797216,23013281350656,NPB,NPB,xgboost
NPB,今村　信貴,2016,16000000,15602902,157686821604,NPB,NPB,xgboost
NPB,桜井　俊貴,2016,12000000,11049182,904054869124,NPB,NPB,xgboost
NPB,江柄子　裕樹,2016,11000000,15111504,16904465142016,NPB,NPB,xgboost
NPB,大野　雄大,2016,86400000,87664048,1597817346304,NPB,NPB,xgboost
NPB,吉見　一起,2016,80000000,81946024,3787009408576,NPB,NPB,xgboost
NPB,ジョーダン,2016,30000000,30774812,600333635344,NPB,NPB,xgboost
NPB,若松　駿太,2016,30000000,31944574,3781368041476,NPB,NPB,xgboost
NPB,小笠原　慎之介,2016,18000000,16277093,2968408530649,NPB,NPB,xgboost
NPB,小熊　凌祐,2016,16000000,18147328,4611017539584,NPB,NPB,xgboost
NPB,八木　智哉,2016,15000000,18346546,11199370130116,NPB,NPB,xgboost
NPB,濱田　達郎,2016,9750000,10113027,131788602729,NPB,NPB,xgboost
NPB,伊藤　準規,2016,7500000,9999594,6247970164836,NPB,NPB,xgboost
NPB,野村　祐輔,2016,100000000,98208624,3209027973376,NPB,NPB,xgboost
NPB,福井　優也,2016,41000000,39871024,1274586808576,NPB,NPB,xgboost
NPB,岡田　明丈,2016,25200000,24697204,252803817616,NPB,NPB,xgboost
NPB,横山　弘樹,2016,12500000,13275595,601547604025,NPB,NPB,xgboost
NPB,中村　恭平,2016,9000000,10688736,2851829277696,NPB,NPB,xgboost
NPB,石川　雅規,2016,180000000,177953312,4188931769344,NPB,NPB,xgboost
NPB,館山　昌平,2016,120000000,117710936,5239813996096,NPB,NPB,xgboost
NPB,小川　泰弘,2016,88000000,86111176,3567656102976,NPB,NPB,xgboost
NPB,山中　浩史,2016,41000000,41199528,39811422784,NPB,NPB,xgboost
NPB,原　樹理,2016,17000000,17671962,451532929444,NPB,NPB,xgboost
NPB,和田　毅,2016,400000000,402748096,7552031625216,NPB,NPB,xgboost
NPB,攝津　正,2016,400000000,390409568,91976385946624,NPB,NPB,xgboost
NPB,武田　翔太,2016,120000000,123177696,10097751868416,NPB,NPB,xgboost
NPB,中田　賢一,2016,95000000,95540536,292179167296,NPB,NPB,xgboost
NPB,千賀　滉大,2016,65000000,64818648,32888547904,NPB,NPB,xgboost
NPB,大隣　憲司,2016,55000000,57664912,7101755967744,NPB,NPB,xgboost
NPB,東浜　巨,2016,36000000,39101988,9622329552144,NPB,NPB,xgboost
NPB,山田　大樹,2016,14000000,17584352,12847579259904,NPB,NPB,xgboost
NPB,大谷　翔平,2016,270000000,268255408,3043601246464,NPB,NPB,xgboost
NPB,有原　航平,2016,60000000,62767308,7657993566864,NPB,NPB,xgboost
NPB,加藤　貴之,2016,26000000,27567972,2458536192784,NPB,NPB,xgboost
NPB,杉浦　稔大,2016,15000000,14977034,527437156,NPB,NPB,xgboost
NPB,中村　勝,2016,12000000,9655463,5496853744369,NPB,NPB,xgboost
NPB,西　勇輝,2016,130000000,129692736,94411165696,NPB,NPB,xgboost
NPB,松葉　貴大,2016,36500000,36821192,103164300864,NPB,NPB,xgboost
NPB,東明　大貴,2016,34000000,35130052,1277017522704,NPB,NPB,xgboost
NPB,八木　亮祐,2016,16000000,13724418,5178273438724,NPB,NPB,xgboost
NPB,近藤　大亮,2016,9600000,9913457,98255290849,NPB,NPB,xgboost
NPB,青山　大紀,2016,9000000,9757985,574541260225,NPB,NPB,xgboost
NPB,山田　修義,2016,9000000,12605569,13000127813761,NPB,NPB,xgboost
NPB,岸　孝之,2016,225000000,227210624,4886858469376,NPB,NPB,xgboost
NPB,則本　昂大,2016,200000000,198286816,2934999417856,NPB,NPB,xgboost
NPB,美馬　学,2016,50000000,51711492,2929204866064,NPB,NPB,xgboost
NPB,塩見　貴洋,2016,45000000,50271344,27787067566336,NPB,NPB,xgboost
NPB,辛島　航,2016,30000000,28440604,2431715884816,NPB,NPB,xgboost
NPB,釜田　佳直,2016,25000000,26625508,2642276258064,NPB,NPB,xgboost
NPB,安樂　智大,2016,21000000,16738046,18164251898116,NPB,NPB,xgboost
NPB,菊池　保則,2016,15000000,17774908,7700114408464,NPB,NPB,xgboost
NPB,菊池　雄星,2016,100000000,95545808,19839826372864,NPB,NPB,xgboost
NPB,野上　亮磨,2016,50000000,48384604,2609504236816,NPB,NPB,xgboost
NPB,十亀　剣,2016,50000000,50989292,978698661264,NPB,NPB,xgboost
NPB,髙橋　光成,2016,23000000,21613102,1923486062404,NPB,NPB,xgboost
NPB,多和田　真三郎,2016,23000000,26753720,14090413838400,NPB,NPB,xgboost
NPB,本田　圭佑,2016,7000000,6179091.5,673890765372.25,NPB,NPB,xgboost
NPB,佐藤　勇,2016,6000000,6363962,132468337444,NPB,NPB,xgboost
NPB,涌井　秀章,2016,250000000,249212016,620918784256,NPB,NPB,xgboost
NPB,石川　歩,2016,130000000,131977688,3911249825344,NPB,NPB,xgboost
NPB,唐川　侑己,2016,52000000,53229680,1512112902400,NPB,NPB,xgboost
NPB,古谷　拓哉,2016,27000000,30102838,9627603654244,NPB,NPB,xgboost
NPB,関谷　亮太,2016,22500000,22325894,30312899236,NPB,NPB,xgboost
NPB,二木　康太,2016,18000000,16397633,2567580002689,NPB,NPB,xgboost
NPB,チェン・グァンユウ,2016,16000000,17452040,2108420161600,NPB,NPB,xgboost
NPB,藤浪　晋太郎,2017,120000000,113896480,37252956390400,NPB,NPB,xgboost
NPB,能見　篤史,2017,120000000,119374288,391515506944,NPB,NPB,xgboost
NPB,岩田　稔,2017,50000000,47840716,4662507392656,NPB,NPB,xgboost
NPB,秋山　拓巳,2017,41000000,43222456,4939310671936,NPB,NPB,xgboost
NPB,岩貞　祐太,2017,35000000,34864616,18328827456,NPB,NPB,xgboost
NPB,岡本　洋介,2017,23000000,23761710,580202124100,NPB,NPB,xgboost
NPB,小野　泰己,2017,18000000,17954350,2083922500,NPB,NPB,xgboost
NPB,青柳　晃洋,2017,13000000,12868852,17199797904,NPB,NPB,xgboost
NPB,横山　雄哉,2017,13000000,11103689,3595995408721,NPB,NPB,xgboost
NPB,福永　春吾,2017,6800000,8518630,2953689076900,NPB,NPB,xgboost
NPB,井納　翔一,2017,85000000,87649600,7020380160000,NPB,NPB,xgboost
NPB,今永　昇太,2017,84000000,83531368,219615951424,NPB,NPB,xgboost
NPB,石田　健大,2017,60000000,56476024,12418406848576,NPB,NPB,xgboost
NPB,濵口　遥大,2017,47500000,47798760,89257537600,NPB,NPB,xgboost
NPB,熊原　健人,2017,13000000,18886554,34651517994916,NPB,NPB,xgboost
NPB,水野　滉也,2017,12000000,9829845,4709572724025,NPB,NPB,xgboost
NPB,飯塚　悟史,2017,8500000,8126015.5,139864406240.25,NPB,NPB,xgboost
NPB,平良　拳太郎,2017,7500000,6700362.5,639420131406.25,NPB,NPB,xgboost
NPB,綾部　翔,2017,5700000,3833671,3483183936241,NPB,NPB,xgboost
NPB,菅野　智之,2017,450000000,448841536,1342038839296,NPB,NPB,xgboost
NPB,山口　俊,2017,229999999.99999997,221857232,66304670701823.516,NPB,NPB,xgboost
NPB,野上　亮磨,2017,150000000,150123488,15249286144,NPB,NPB,xgboost
NPB,内海　哲也,2017,100000000,99935768,4125749824,NPB,NPB,xgboost
NPB,田口　麗斗,2017,90000000,90833864,695329170496,NPB,NPB,xgboost
NPB,吉川　光夫,2017,70000000,62496224,56306654258176,NPB,NPB,xgboost
NPB,大竹　寛,2017,52500000,59802924,53332698949776,NPB,NPB,xgboost
NPB,宮國　椋丞,2017,24000000,23953176,2192486976,NPB,NPB,xgboost
NPB,畠　世周,2017,24000000,25381754,1909244116516,NPB,NPB,xgboost
NPB,大野　雄大,2017,80000000,80785176,616501350976,NPB,NPB,xgboost
NPB,吉見　一起,2017,75000000,72889864,4452673938496,NPB,NPB,xgboost
NPB,山井　大介,2017,72000000,71370904,395761777216,NPB,NPB,xgboost
NPB,若松　駿太,2017,25000000,21099594,15213166964836,NPB,NPB,xgboost
NPB,小笠原　慎之介,2017,21000000,17194772,14479760131984,NPB,NPB,xgboost
NPB,柳　裕也,2017,14500000,12727200,3142819840000,NPB,NPB,xgboost
NPB,鈴木　翔太,2017,12000000,14699372,7286609194384,NPB,NPB,xgboost
NPB,小熊　凌祐,2017,12000000,13916049,3671243770401,NPB,NPB,xgboost
NPB,野村　祐輔,2017,120000000,118287808,2931601444864,NPB,NPB,xgboost
NPB,大瀬良　大地,2017,63000000,63840760,706877377600,NPB,NPB,xgboost
NPB,岡田　明丈,2017,42000000,41154444,714964949136,NPB,NPB,xgboost
NPB,福井　優也,2017,31000000,26718452,18331653276304,NPB,NPB,xgboost
NPB,中村　祐太,2017,9000000,13164322,17341577719684,NPB,NPB,xgboost
NPB,床田　寛樹,2017,7000000,8540006,2371618480036,NPB,NPB,xgboost
NPB,石川　雅規,2017,120000000,119353296,418226063616,NPB,NPB,xgboost
NPB,館山　昌平,2017,98000000,97422072,334000773184,NPB,NPB,xgboost
NPB,小川　泰弘,2017,90000000,88612064,1926366340096,NPB,NPB,xgboost
NPB,山中　浩史,2017,32000000,31358518,411499156324,NPB,NPB,xgboost
NPB,原　樹理,2017,29000000,29684898,469085270404,NPB,NPB,xgboost
NPB,星　知弥,2017,22000000,22344248,118506685504,NPB,NPB,xgboost
NPB,山田　大樹,2017,14000000,14170594,29102312836,NPB,NPB,xgboost
NPB,寺島　成輝,2017,11000000,10324160,456759705600,NPB,NPB,xgboost
NPB,岩橋　慶侍,2017,10000000,10895561,802029504721,NPB,NPB,xgboost
NPB,中尾　輝,2017,7200000,7571787.5,138225945156.25,NPB,NPB,xgboost
NPB,梅野　雄吾,2017,6500000,7033528.5,284652660312.25,NPB,NPB,xgboost
NPB,和田　毅,2017,400000000,396649664,11224751312896,NPB,NPB,xgboost
NPB,攝津　正,2017,400000000,393637440,40482169753600,NPB,NPB,xgboost
NPB,千賀　滉大,2017,125000000,124824200,30905640000,NPB,NPB,xgboost
NPB,武田　翔太,2017,90000000,72320328,312570802027584,NPB,NPB,xgboost
NPB,東浜　巨,2017,90000000,91300304,1690790492416,NPB,NPB,xgboost
NPB,中田　賢一,2017,85000000,84398872,361354872384,NPB,NPB,xgboost
NPB,松本　裕樹,2017,12000000,10896106,1218581963236,NPB,NPB,xgboost
NPB,有原　航平,2017,70000000,70571704,326845463616,NPB,NPB,xgboost
NPB,高梨　裕稔,2017,36000000,41288904,27972505521216,NPB,NPB,xgboost
NPB,村田　透,2017,35000000,31755274,10528246815076,NPB,NPB,xgboost
NPB,加藤　貴之,2017,32000000,34126780,4523193168400,NPB,NPB,xgboost
NPB,上沢　直之,2017,24000000,22906540,1195654771600,NPB,NPB,xgboost
NPB,浦野　博司,2017,19400000,21411718,4047009311524,NPB,NPB,xgboost
NPB,斎藤　佑樹,2017,18300000,20311600,4046534560000,NPB,NPB,xgboost
NPB,上原　健太,2017,12000000,13320583,1743939459889,NPB,NPB,xgboost
NPB,中村　勝,2017,11000000,10752742,61136518564,NPB,NPB,xgboost
NPB,吉田　侑樹,2017,9500000,9001301,248700692601,NPB,NPB,xgboost
NPB,西　勇輝,2017,120000000,115022464,24775864631296,NPB,NPB,xgboost
NPB,山岡　泰輔,2017,43000000,43189900,36062010000,NPB,NPB,xgboost
NPB,松葉　貴大,2017,36500000,36844012,118344256144,NPB,NPB,xgboost
NPB,東明　大貴,2017,25500000,21891222,13023278653284,NPB,NPB,xgboost
NPB,山本　由伸,2017,8000000,7759236,57967303696,NPB,NPB,xgboost
NPB,山田　修義,2017,7200000,10650611,11906716273321,NPB,NPB,xgboost
NPB,吉田　凌,2017,5300000,5835670,286942348900,NPB,NPB,xgboost
NPB,岸　孝之,2017,300000000,299927232,5295181824,NPB,NPB,xgboost
NPB,則本　昂大,2017,250000000,251817824,3304484094976,NPB,NPB,xgboost
NPB,美馬　学,2017,80000000,86273328,39354644195584,NPB,NPB,xgboost
NPB,辛島　航,2017,42000000,43671044,2792388049936,NPB,NPB,xgboost
NPB,塩見　貴洋,2017,38000000,41237524,10481561650576,NPB,NPB,xgboost
NPB,釜田　佳直,2017,23000000,19150496,14818681046016,NPB,NPB,xgboost
NPB,安樂　智大,2017,20000000,17953852,4186721637904,NPB,NPB,xgboost
NPB,藤平　尚真,2017,18000000,17801028,39589856784,NPB,NPB,xgboost
NPB,古川　侑利,2017,7500000,10092826,6722746666276,NPB,NPB,xgboost
NPB,菊池　雄星,2017,240000000,238509888,2220433772544,NPB,NPB,xgboost
NPB,十亀　剣,2017,60000000,76402896,269054997186816,NPB,NPB,xgboost
NPB,多和田　真三郎,2017,26000000,28721246,7405179792516,NPB,NPB,xgboost
NPB,髙橋　光成,2017,21500000,21398722,10257233284,NPB,NPB,xgboost
NPB,佐野　泰雄,2017,15000000,16450938,2105221079844,NPB,NPB,xgboost
NPB,涌井　秀章,2017,200000000,198440816,2431054745856,NPB,NPB,xgboost
NPB,石川　歩,2017,110000000.00000001,107541200,6045697440000.073,NPB,NPB,xgboost
NPB,西野　勇士,2017,75000000,60585000,207792225000000,NPB,NPB,xgboost
NPB,唐川　侑己,2017,56000000,57120132,1254695697424,NPB,NPB,xgboost
NPB,二木　康太,2017,40000000,41678512,2817402534144,NPB,NPB,xgboost
NPB,関谷　亮太,2017,20500000,18302224,4830219346176,NPB,NPB,xgboost
NPB,佐々木　千隼,2017,19700000,19292146,166344885316,NPB,NPB,xgboost
NPB,大隣　憲司,2017,10000000,12637379,6955767989641,NPB,NPB,xgboost
NPB,成田　翔,2017,6700000,7804540,1220008611600,NPB,NPB,xgboost
NPB,西　勇輝,2018,250000000,245196960,23069193241600,NPB,NPB,xgboost
NPB,藤浪　晋太郎,2018,84000000,82107336,3582177016896,NPB,NPB,xgboost
NPB,岩貞　祐太,2018,38000000,40583284,6673356224656,NPB,NPB,xgboost
NPB,岩田　稔,2018,38000000,43409988,29267970160144,NPB,NPB,xgboost
NPB,秋山　拓巳,2018,36000000,36444100,197224810000,NPB,NPB,xgboost
NPB,小野　泰己,2018,27000000,28590174,2528653350276,NPB,NPB,xgboost
NPB,飯田　優也,2018,19000000,16697920,5299572326400,NPB,NPB,xgboost
NPB,才木　浩人,2018,15000000,15532483,283538145289,NPB,NPB,xgboost
NPB,馬場　皐輔,2018,14500000,10482979,16136457714441,NPB,NPB,xgboost
NPB,髙橋　遥人,2018,13000000,15195669,4820962357561,NPB,NPB,xgboost
NPB,青柳　晃洋,2018,12000000,11133144,751439324736,NPB,NPB,xgboost
NPB,今永　昇太,2018,67000000,67854344,729903670336,NPB,NPB,xgboost
NPB,石田　健大,2018,58000000,56817040,1399394361600,NPB,NPB,xgboost
NPB,東　克樹,2018,55500000,57022372,2317616506384,NPB,NPB,xgboost
NPB,濵口　遥大,2018,50500000,46540464,15677925335296,NPB,NPB,xgboost
NPB,飯塚　悟史,2018,14000000,12757731,1543232268361,NPB,NPB,xgboost
NPB,平良　拳太郎,2018,13000000,19419520,41210237030400,NPB,NPB,xgboost
NPB,京山　将弥,2018,10500000,10770991,73436122081,NPB,NPB,xgboost
NPB,菅野　智之,2018,650000000,649810560,35887513600,NPB,NPB,xgboost
NPB,山口　俊,2018,229999999.99999997,230721136,520037130496.04297,NPB,NPB,xgboost
NPB,田口　麗斗,2018,75000000,68285720,45081555918400,NPB,NPB,xgboost
NPB,大竹　寛,2018,26250000,35816200,91512182440000,NPB,NPB,xgboost
NPB,今村　信貴,2018,26000000,28427194,5891270713636,NPB,NPB,xgboost
NPB,鍬原　拓也,2018,16500000,19503782,9022706303524,NPB,NPB,xgboost
NPB,古川　侑利,2018,16000000,16434538,188823273444,NPB,NPB,xgboost
NPB,髙田　萌生,2018,6800000,6771128.5,833563512.25,NPB,NPB,xgboost
NPB,吉見　一起,2018,90000000,90388088,150612295744,NPB,NPB,xgboost
NPB,松坂　大輔,2018,80000000,79219760,608774457600,NPB,NPB,xgboost
NPB,山井　大介,2018,62000000,61894040,11227521600,NPB,NPB,xgboost
NPB,大野　雄大,2018,60000000,56818264,10123443973696,NPB,NPB,xgboost
NPB,松葉　貴大,2018,28000000,23430596,20879452915216,NPB,NPB,xgboost
NPB,笠原　祥太郎,2018,21000000,21929588,864133849744,NPB,NPB,xgboost
NPB,小笠原　慎之介,2018,21000000,20809902,36137249604,NPB,NPB,xgboost
NPB,柳　裕也,2018,14500000,15439270,882228132900,NPB,NPB,xgboost
NPB,小熊　凌祐,2018,12000000,16757987,22638440292169,NPB,NPB,xgboost
NPB,鈴木　翔太,2018,10000000,8140899,3456256528201,NPB,NPB,xgboost
NPB,Ｒ．マルティネス,2018,10000000,8965679,1069819931041,NPB,NPB,xgboost
NPB,大瀬良　大地,2018,145000000,145862208,743402635264,NPB,NPB,xgboost
NPB,野村　祐輔,2018,120000000,114132192,34431170724864,NPB,NPB,xgboost
NPB,九里　亜蓮,2018,62000000,59974400,4103055360000,NPB,NPB,xgboost
NPB,岡田　明丈,2018,55000000,53688236,1720724791696,NPB,NPB,xgboost
NPB,中村　祐太,2018,12000000,12963714,928744673796,NPB,NPB,xgboost
NPB,高橋　昂也,2018,8000000,11088113,9536441900769,NPB,NPB,xgboost
NPB,石川　雅規,2018,95000000,96635048,2673381962304,NPB,NPB,xgboost
NPB,小川　泰弘,2018,92000000,90399720,2560896078400,NPB,NPB,xgboost
NPB,原　樹理,2018,40000000,41967304,3870285028416,NPB,NPB,xgboost
NPB,高梨　裕稔,2018,36000000,36624060,389450883600,NPB,NPB,xgboost
NPB,館山　昌平,2018,24000000,25352406,1829001988836,NPB,NPB,xgboost
NPB,山田　大樹,2018,13000000,13209124,43732847376,NPB,NPB,xgboost
NPB,寺島　成輝,2018,11000000,10122241,770460862081,NPB,NPB,xgboost
NPB,高橋　奎二,2018,7000000,7530423,281348558929,NPB,NPB,xgboost
NPB,千賀　滉大,2018,160000000,159346736,426753853696,NPB,NPB,xgboost
NPB,東浜　巨,2018,85000000,87333808,5446659780864,NPB,NPB,xgboost
NPB,武田　翔太,2018,85000000,83146800,3434350240000,NPB,NPB,xgboost
NPB,中田　賢一,2018,60000000,60060820,3699072400,NPB,NPB,xgboost
NPB,大竹　耕太郎,2018,15000000,14837468,26416651024,NPB,NPB,xgboost
NPB,松本　裕樹,2018,12000000,14220449,4930393761601,NPB,NPB,xgboost
NPB,金子　弌大,2018,150000000,142887472,50588054550784,NPB,NPB,xgboost
NPB,吉川　光夫,2018,75000000,68797760,38467781017600,NPB,NPB,xgboost
NPB,有原　航平,2018,70000000,69483528,266743326784,NPB,NPB,xgboost
NPB,上沢　直之,2018,70000000,71998264,3993059013696,NPB,NPB,xgboost
NPB,村田　透,2018,50000000,54203136,17666352234496,NPB,NPB,xgboost
NPB,加藤　貴之,2018,35000000,34655112,118947732544,NPB,NPB,xgboost
NPB,上原　健太,2018,17000000,15985354,1029506505316,NPB,NPB,xgboost
NPB,杉浦　稔大,2018,16000000,18106462,4437182157444,NPB,NPB,xgboost
NPB,斎藤　佑樹,2018,16000000,17409746,1987383784516,NPB,NPB,xgboost
NPB,堀　瑞輝,2018,9600000,9653967,2912437089,NPB,NPB,xgboost
NPB,吉田　侑樹,2018,9200000,9044425,24203580625,NPB,NPB,xgboost
NPB,宮台　康平,2018,7700000,10157459,6039104736681,NPB,NPB,xgboost
NPB,山岡　泰輔,2018,45000000,45877544,770083471936,NPB,NPB,xgboost
NPB,東明　大貴,2018,23000000,23612254,374854960516,NPB,NPB,xgboost
NPB,田嶋　大樹,2018,20000000,23767140,14191343779600,NPB,NPB,xgboost
NPB,竹安　大知,2018,9000000,9508647,258721770609,NPB,NPB,xgboost
NPB,榊原　翼,2018,7500000,4325595.5,10076843929620.25,NPB,NPB,xgboost
NPB,岸　孝之,2018,300000000,302229024,4968547992576,NPB,NPB,xgboost
NPB,則本　昂大,2018,250000000,247982000,4072324000000,NPB,NPB,xgboost
NPB,美馬　学,2018,65000000,64581136,175447050496,NPB,NPB,xgboost
NPB,辛島　航,2018,50000000,47549516,6004871834256,NPB,NPB,xgboost
NPB,塩見　貴洋,2018,34000000,38384340,19222437235600,NPB,NPB,xgboost
NPB,福井　優也,2018,25000000,23443708,2422044789264,NPB,NPB,xgboost
NPB,藤平　尚真,2018,18000000,19504562,2263706811844,NPB,NPB,xgboost
NPB,安樂　智大,2018,16000000,15275616,524732179456,NPB,NPB,xgboost
NPB,西口　直人,2018,6300000,7631340.5,1772467526940.25,NPB,NPB,xgboost
NPB,内海　哲也,2018,100000000,95020312,24797292577344,NPB,NPB,xgboost
NPB,多和田　真三郎,2018,80000000,80489600,239708160000,NPB,NPB,xgboost
NPB,榎田　大樹,2018,55000000,55555328,308389187584,NPB,NPB,xgboost
NPB,十亀　剣,2018,51000000,58220776,52139606042176,NPB,NPB,xgboost
NPB,髙橋　光成,2018,18500000,13730987,22743484994169,NPB,NPB,xgboost
NPB,今井　達也,2018,18000000,17482000,268324000000,NPB,NPB,xgboost
NPB,郭　俊麟,2018,12000000,12813098,661128357604,NPB,NPB,xgboost
NPB,涌井　秀章,2018,200000000,197576976,5871045304576,NPB,NPB,xgboost
NPB,石川　歩,2018,115000000.00000001,119241144,17987302428735.875,NPB,NPB,xgboost
NPB,二木　康太,2018,43000000,46174388,10076739174544,NPB,NPB,xgboost
NPB,有吉　優樹,2018,42000000,41621384,143350075456,NPB,NPB,xgboost
NPB,酒居　知史,2018,21500000,20850534,421806085156,NPB,NPB,xgboost
NPB,土肥　星也,2018,11800000,11500745,89553555025,NPB,NPB,xgboost
NPB,山本　大貴,2018,11500000,11697769,39112577361,NPB,NPB,xgboost
NPB,渡邉　啓太,2018,11000000,16591822,31268473279684,NPB,NPB,xgboost
NPB,種市　篤暉,2018,6800000,7193516.5,154855235772.25,NPB,NPB,xgboost
NPB,西　勇輝,2019,200000000,199090576,827052011776,NPB,NPB,xgboost
NPB,藤浪　晋太郎,2019,63000000,59055640,15557975809600,NPB,NPB,xgboost
NPB,岩田　稔,2019,38000000,41761672,14150176235584,NPB,NPB,xgboost
NPB,中田　賢一,2019,35000000,35806356,650209998736,NPB,NPB,xgboost
NPB,秋山　拓巳,2019,32000000,30396326,2571770298276,NPB,NPB,xgboost
NPB,岩貞　祐太,2019,32000000,29441764,6544571431696,NPB,NPB,xgboost
NPB,青柳　晃洋,2019,30000000,30968532,938054235024,NPB,NPB,xgboost
NPB,髙橋　遥人,2019,22000000,24901836,8420652170896,NPB,NPB,xgboost
NPB,才木　浩人,2019,13000000,10007955,8952333282025,NPB,NPB,xgboost
NPB,望月　惇志,2019,11500000,10726268,598661207824,NPB,NPB,xgboost
NPB,今永　昇太,2019,136000000,137312640,1723023769600,NPB,NPB,xgboost
NPB,井納　翔一,2019,61000000,61347316,120628403856,NPB,NPB,xgboost
NPB,濵口　遥大,2019,55000000,56104856,1220706780736,NPB,NPB,xgboost
NPB,東　克樹,2019,44000000,36380188,58061534915344,NPB,NPB,xgboost
NPB,上茶谷　大河,2019,43000000,44525508,2327174658064,NPB,NPB,xgboost
NPB,大貫　晋一,2019,25000000,30650746,31930930356516,NPB,NPB,xgboost
NPB,平良　拳太郎,2019,21000000,22407156,1980088008336,NPB,NPB,xgboost
NPB,京山　将弥,2019,11200000,11173491,702727081,NPB,NPB,xgboost
NPB,阪口　皓亮,2019,6100000,5869934.5,52930134290.25,NPB,NPB,xgboost
NPB,菅野　智之,2019,650000000,646749632,10564892135424,NPB,NPB,xgboost
NPB,桜井　俊貴,2019,30000000,30494394,244425427236,NPB,NPB,xgboost
NPB,今村　信貴,2019,28000000,30301770,5298145132900,NPB,NPB,xgboost
NPB,髙橋　優貴,2019,24000000,23945312,2990777344,NPB,NPB,xgboost
NPB,畠　世周,2019,16300000,13677240,6878870017600,NPB,NPB,xgboost
NPB,古川　侑利,2019,16000000,19081188,9493719491344,NPB,NPB,xgboost
NPB,戸郷　翔征,2019,6500000,8287073.5,3193631694402.25,NPB,NPB,xgboost
NPB,大野　雄大,2019,130000000,131730288,2993896562944,NPB,NPB,xgboost
NPB,吉見　一起,2019,90000000,86142688,14878855865344,NPB,NPB,xgboost
NPB,山井　大介,2019,46500000,47386576,786017003776,NPB,NPB,xgboost
NPB,柳　裕也,2019,45000000,50933624,35207893773376,NPB,NPB,xgboost
NPB,松葉　貴大,2019,25000000,22499290,6253550504100,NPB,NPB,xgboost
NPB,小笠原　慎之介,2019,19000000,20281046,1641078854116,NPB,NPB,xgboost
NPB,福谷　浩司,2019,18000000,16332798,2779562508804,NPB,NPB,xgboost
NPB,笠原　祥太郎,2019,16500000,17740472,1538770782784,NPB,NPB,xgboost
NPB,梅津　晃大,2019,15000000,15094002,8836376004,NPB,NPB,xgboost
NPB,山本　拓実,2019,11000000,11787789,620611508521,NPB,NPB,xgboost
NPB,勝野　昌慶,2019,11000000,9202591,3230679113281,NPB,NPB,xgboost
NPB,清水　達也,2019,8000000,8418756,175356587536,NPB,NPB,xgboost
NPB,阿知羅　拓馬,2019,8000000,8532124,283155951376,NPB,NPB,xgboost
NPB,Ｋ．ジョンソン,2019,272500000,269861952,6959297250304,NPB,NPB,xgboost
NPB,大瀬良　大地,2019,175000000,173773072,1505352317184,NPB,NPB,xgboost
NPB,野村　祐輔,2019,120000000,114891432,26097467010624,NPB,NPB,xgboost
NPB,九里　亜蓮,2019,72000000,72334568,111935746624,NPB,NPB,xgboost
NPB,岡田　明丈,2019,44000000,38631248,28823498037504,NPB,NPB,xgboost
NPB,薮田　和樹,2019,28000000,23683730,18630186712900,NPB,NPB,xgboost
NPB,床田　寛樹,2019,27000000,28303000,1697809000000,NPB,NPB,xgboost
NPB,アドゥワ　誠,2019,22000000,22826362,682874155044,NPB,NPB,xgboost
NPB,中村　祐太,2019,10000000,9064777,874642059729,NPB,NPB,xgboost
NPB,山口　翔,2019,7500000,6240627.5,1586019093756.25,NPB,NPB,xgboost
NPB,石川　雅規,2019,105000000,106759200,3094784640000,NPB,NPB,xgboost
NPB,小川　泰弘,2019,90000000,90286008,81800576064,NPB,NPB,xgboost
NPB,原　樹理,2019,33000000,33875780,766990608400,NPB,NPB,xgboost
NPB,高梨　裕稔,2019,33000000,32127624,761039885376,NPB,NPB,xgboost
NPB,山田　大樹,2019,20000000,29690184,93899665953856,NPB,NPB,xgboost
NPB,高橋　奎二,2019,17000000,18465576,2147913011776,NPB,NPB,xgboost
NPB,田川　賢吾,2019,7000000,8521140,2313866899600,NPB,NPB,xgboost
NPB,千賀　滉大,2019,300000000,297403424,6742206923776,NPB,NPB,xgboost
NPB,和田　毅,2019,100000000,96922736,9469553725696,NPB,NPB,xgboost
NPB,東浜　巨,2019,67000000,61291288,32589392698944,NPB,NPB,xgboost
NPB,高橋　礼,2019,50000000,50008424,70963776,NPB,NPB,xgboost
NPB,大竹　耕太郎,2019,27000000,28409816,1987581153856,NPB,NPB,xgboost
NPB,二保　旭,2019,22000000,21993958,36505764,NPB,NPB,xgboost
NPB,松本　裕樹,2019,12000000,13874912,3515295007744,NPB,NPB,xgboost
NPB,金子　弌大,2019,180000000,180669568,448321306624,NPB,NPB,xgboost
NPB,有原　航平,2019,145000000,146025280,1051199078400,NPB,NPB,xgboost
NPB,上沢　直之,2019,60000000,59152744,717842729536,NPB,NPB,xgboost
NPB,加藤　貴之,2019,57000000,52019068,24809683588624,NPB,NPB,xgboost
NPB,杉浦　稔大,2019,20000000,22111980,4460459520400,NPB,NPB,xgboost
NPB,上原　健太,2019,17000000,13929493,9428013237049,NPB,NPB,xgboost
NPB,吉田　輝星,2019,10300000,9480008,672386880064,NPB,NPB,xgboost
NPB,北浦　竜次,2019,7000000,5962932,1075510036624,NPB,NPB,xgboost
NPB,山岡　泰輔,2019,100000000,96692240,10941276217600,NPB,NPB,xgboost
NPB,山本　由伸,2019,90000000,89977584,502477056,NPB,NPB,xgboost
NPB,Ｋ－鈴木,2019,22000000,28742342,45459175644964,NPB,NPB,xgboost
NPB,榊原　翼,2019,19000000,16949070,4206313864900,NPB,NPB,xgboost
NPB,田嶋　大樹,2019,18000000,16046807,3814962895249,NPB,NPB,xgboost
NPB,東明　大貴,2019,18000000,23442292,29618542213264,NPB,NPB,xgboost
NPB,竹安　大知,2019,18000000,20966160,8798105145600,NPB,NPB,xgboost
NPB,荒西　祐大,2019,15800000,15957348,24758393104,NPB,NPB,xgboost
NPB,張　奕,2019,8000000,8474191,224857104481,NPB,NPB,xgboost
NPB,鈴木　優,2019,5300000,6960566,2757479440356,NPB,NPB,xgboost
NPB,則本　昂大,2019,300000000,292181088,61135384863744,NPB,NPB,xgboost
NPB,岸　孝之,2019,300000000,291580960,70880234521600,NPB,NPB,xgboost
NPB,涌井　秀章,2019,125000000,126165008,1357243640064,NPB,NPB,xgboost
NPB,辛島　航,2019,62000000,61604772,156205171984,NPB,NPB,xgboost
NPB,塩見　貴洋,2019,30000000,32543986,6471864768196,NPB,NPB,xgboost
NPB,石橋　良太,2019,26000000,28909034,8462478813156,NPB,NPB,xgboost
NPB,福井　優也,2019,23000000,26193922,10201137742084,NPB,NPB,xgboost
NPB,藤平　尚真,2019,15000000,12258203,7517450789209,NPB,NPB,xgboost
NPB,釜田　佳直,2019,15000000,17714200,7366881640000,NPB,NPB,xgboost
NPB,弓削　隼人,2019,13500000,17124162,13134550202244,NPB,NPB,xgboost
NPB,菅原　秀,2019,13000000,14749807,3061824537249,NPB,NPB,xgboost
NPB,近藤　弘樹,2019,10000000,10330542,109258013764,NPB,NPB,xgboost
NPB,熊原　健人,2019,9000000,11726448,7433518696704,NPB,NPB,xgboost
NPB,髙田　萌生,2019,7100000,5410464,2854531895296,NPB,NPB,xgboost
NPB,十亀　剣,2019,70000000,70291120,84750854400,NPB,NPB,xgboost
NPB,榎田　大樹,2019,48000000,48459564,211199070096,NPB,NPB,xgboost
NPB,髙橋　光成,2019,40000000,39537792,213636235264,NPB,NPB,xgboost
NPB,今井　達也,2019,35000000,34848860,22843299600,NPB,NPB,xgboost
NPB,松坂　大輔,2019,30000000,33875252,15017578063504,NPB,NPB,xgboost
NPB,松本　航,2019,21000000,20348594,424329776836,NPB,NPB,xgboost
NPB,本田　圭佑,2019,16000000,28736546,162219604010116,NPB,NPB,xgboost
NPB,相内　誠,2019,5900000,11537579,31782296981241,NPB,NPB,xgboost
NPB,石川　歩,2019,105000000,106553976,2414841408576,NPB,NPB,xgboost
NPB,美馬　学,2019,65000000,66617548,2616461532304,NPB,NPB,xgboost
NPB,二木　康太,2019,46000000,44277852,2965793733904,NPB,NPB,xgboost
NPB,有吉　優樹,2019,34000000,30385084,13067617687056,NPB,NPB,xgboost
NPB,種市　篤暉,2019,30000000,31475296,2176498287616,NPB,NPB,xgboost
NPB,岩下　大輝,2019,25000000,21986436,9081567982096,NPB,NPB,xgboost
NPB,佐々木　千隼,2019,19700000,17788696,3653082980416,NPB,NPB,xgboost
NPB,小島　和哉,2019,17000000,20726424,13886235827776,NPB,NPB,xgboost
NPB,土肥　星也,2019,15300000,15439195,19375248025,NPB,NPB,xgboost
NPB,チェン・ウェイン,2020,206000000,204906432,1195890970624,NPB,NPB,xgboost
NPB,西　勇輝,2020,200000000,200880448,775188680704,NPB,NPB,xgboost
NPB,秋山　拓巳,2020,51000000,53491036,6205260353296,NPB,NPB,xgboost
NPB,青柳　晃洋,2020,50000000,53044468,9268785403024,NPB,NPB,xgboost
NPB,髙橋　遥人,2020,29000000,37364504,69964927166016,NPB,NPB,xgboost
NPB,二保　旭,2020,28000000,33580648,31143632099904,NPB,NPB,xgboost
NPB,岩田　稔,2020,18600000,22080592,12114520670464,NPB,NPB,xgboost
NPB,中田　賢一,2020,17500000,17215278,81066617284,NPB,NPB,xgboost
NPB,今永　昇太,2020,100000000,94364712,31756470842944,NPB,NPB,xgboost
NPB,濵口　遥大,2020,55000000,48959948,36482228162704,NPB,NPB,xgboost
NPB,大貫　晋一,2020,52500000,53480448,961278280704,NPB,NPB,xgboost
NPB,上茶谷　大河,2020,43000000,39979692,9122260414864,NPB,NPB,xgboost
NPB,平良　拳太郎,2020,33000000,33818312,669634529344,NPB,NPB,xgboost
NPB,有吉　優樹,2020,27000000,26555936,197192836096,NPB,NPB,xgboost
NPB,坂本　裕哉,2020,16450000,15445470,1009080520900,NPB,NPB,xgboost
NPB,京山　将弥,2020,13200000,11699179,2252463674041,NPB,NPB,xgboost
NPB,阪口　皓亮,2020,6100000,8378516.5,5191637440772.25,NPB,NPB,xgboost
NPB,中川　虎大,2020,4700000,3553647,1314125200609,NPB,NPB,xgboost
NPB,菅野　智之,2020,800000000,798013440,3946420633600,NPB,NPB,xgboost
NPB,井納　翔一,2020,100000000,98730320,1612087302400,NPB,NPB,xgboost
NPB,今村　信貴,2020,30000000,29982716,298736656,NPB,NPB,xgboost
NPB,戸郷　翔征,2020,26000000,29018746,9112827412516,NPB,NPB,xgboost
NPB,畠　世周,2020,22000000,23973066,3892989440356,NPB,NPB,xgboost
NPB,髙橋　優貴,2020,19200000,18035516,1356022986256,NPB,NPB,xgboost
NPB,直江　大輔,2020,7500000,9403896,3624819978816,NPB,NPB,xgboost
NPB,横川　凱,2020,6300000,6281058.5,358780422.25,NPB,NPB,xgboost
NPB,大野　雄大,2020,300000000,297969184,4124213625856,NPB,NPB,xgboost
NPB,柳　裕也,2020,41000000,42708292,2918261557264,NPB,NPB,xgboost
NPB,福谷　浩司,2020,29000000,33397630,19339149616900,NPB,NPB,xgboost
NPB,松葉　貴大,2020,25000000,25226432,51271450624,NPB,NPB,xgboost
NPB,勝野　昌慶,2020,16500000,19218400,7389698560000,NPB,NPB,xgboost
NPB,梅津　晃大,2020,15000000,18041810,9252608076100,NPB,NPB,xgboost
NPB,小笠原　慎之介,2020,14500000,15098667,358402176889,NPB,NPB,xgboost
NPB,岡野　祐一郎,2020,11000000,10301137,488409492769,NPB,NPB,xgboost
NPB,山本　拓実,2020,10560000,9787183,597246115489,NPB,NPB,xgboost
NPB,清水　達也,2020,8000000,11038537,9232707100369,NPB,NPB,xgboost
NPB,大瀬良　大地,2020,150000000,144484128,30424843920384,NPB,NPB,xgboost
NPB,野村　祐輔,2020,120000000,111635128,69971083576384,NPB,NPB,xgboost
NPB,九里　亜蓮,2020,87000000,94419552,55049751880704,NPB,NPB,xgboost
NPB,森下　暢仁,2020,43000000,44128152,1272726935104,NPB,NPB,xgboost
NPB,床田　寛樹,2020,27000000,26702082,88755134724,NPB,NPB,xgboost
NPB,遠藤　淳志,2020,24000000,23972428,760215184,NPB,NPB,xgboost
NPB,中村　祐太,2020,15000000,17445286,5979423621796,NPB,NPB,xgboost
NPB,小川　泰弘,2020,160000000,164048960,16394077081600,NPB,NPB,xgboost
NPB,石川　雅規,2020,90000000,90273840,74988345600,NPB,NPB,xgboost
NPB,田口　麗斗,2020,70000000,68019048,3924170826304,NPB,NPB,xgboost
NPB,高梨　裕稔,2020,37000000,39975868,8855790353424,NPB,NPB,xgboost
NPB,原　樹理,2020,26000000,26786210,618126164100,NPB,NPB,xgboost
NPB,奥川　恭伸,2020,16000000,13238493,7625920911049,NPB,NPB,xgboost
NPB,吉田　大喜,2020,15000000,14363622,404976958884,NPB,NPB,xgboost
NPB,高橋　奎二,2020,14500000,18424704,15403301487616,NPB,NPB,xgboost
NPB,歳内　宏明,2020,8000000,10796356,7819606878736,NPB,NPB,xgboost
NPB,金久保　優斗,2020,5800000,6849274.5,1100976976350.25,NPB,NPB,xgboost
NPB,千賀　滉大,2020,400000000,400149632,22389735424,NPB,NPB,xgboost
NPB,和田　毅,2020,150000000,148407024,2537572536576,NPB,NPB,xgboost
NPB,東浜　巨,2020,90000000,89872656,16216494336,NPB,NPB,xgboost
NPB,石川　柊太,2020,80000000,82975872,8855814160384,NPB,NPB,xgboost
NPB,武田　翔太,2020,60000000,54033608,35597833497664,NPB,NPB,xgboost
NPB,大竹　耕太郎,2020,24000000,22769996,1512909840016,NPB,NPB,xgboost
NPB,笠谷　俊介,2020,22000000,21902236,9557799696,NPB,NPB,xgboost
NPB,上沢　直之,2020,85000000,82967016,4133023944256,NPB,NPB,xgboost
NPB,杉浦　稔大,2020,37000000,38586396,2516652268816,NPB,NPB,xgboost
NPB,河野　竜生,2020,17500000,19676056,4735219715136,NPB,NPB,xgboost
NPB,上原　健太,2020,17000000,18168326,1364985642276,NPB,NPB,xgboost
NPB,吉田　輝星,2020,10300000,10136856,26615964736,NPB,NPB,xgboost
NPB,山本　由伸,2020,150000000,147937856,4252437876736,NPB,NPB,xgboost
NPB,山岡　泰輔,2020,85000000,78809632,38320655975424,NPB,NPB,xgboost
NPB,田嶋　大樹,2020,42000000,37970796,16234484873616,NPB,NPB,xgboost
NPB,山﨑　福也,2020,28000000,31952714,15623947965796,NPB,NPB,xgboost
NPB,竹安　大知,2020,16000000,15309765,476424355225,NPB,NPB,xgboost
NPB,榊原　翼,2020,15000000,13349731,2723387772361,NPB,NPB,xgboost
NPB,張　奕,2020,11000000,15353692,18954634030864,NPB,NPB,xgboost
NPB,宮城　大弥,2020,8700000,11982060,10771917843600,NPB,NPB,xgboost
NPB,本田　仁海,2020,5000000,6226302.5,1503817821506.25,NPB,NPB,xgboost
NPB,則本　昂大,2020,300000000,289777248,104504658453504,NPB,NPB,xgboost
NPB,岸　孝之,2020,250000000,250018656,348046336,NPB,NPB,xgboost
NPB,涌井　秀章,2020,160000000,163340944,11161906811136,NPB,NPB,xgboost
NPB,塩見　貴洋,2020,40000000,50166772,103363252899984,NPB,NPB,xgboost
NPB,石橋　良太,2020,20000000,27920834,62739611255556,NPB,NPB,xgboost
NPB,福井　優也,2020,20000000,18554900,2088314010000,NPB,NPB,xgboost
NPB,弓削　隼人,2020,13500000,14346326,716267698276,NPB,NPB,xgboost
NPB,瀧中　瞭太,2020,13000000,19680916,44634638599056,NPB,NPB,xgboost
NPB,髙橋　光成,2020,67000000,65087500,3657656250000,NPB,NPB,xgboost
NPB,内海　哲也,2020,56250000,56804368,307323879424,NPB,NPB,xgboost
NPB,榎田　大樹,2020,37000000,38207724,1458597260176,NPB,NPB,xgboost
NPB,松本　航,2020,30000000,29223746,602570272516,NPB,NPB,xgboost
NPB,今井　達也,2020,28000000,29175764,1382420983696,NPB,NPB,xgboost
NPB,浜屋　将太,2020,15500000,16193640,481136449600,NPB,NPB,xgboost
NPB,本田　圭佑,2020,13600000,24199186,112342743862596,NPB,NPB,xgboost
NPB,與座　海人,2020,9000000,7636371.5,1859482686012.25,NPB,NPB,xgboost
NPB,美馬　学,2020,120000000,123741712,14000408690944,NPB,NPB,xgboost
NPB,石川　歩,2020,110000000.00000001,105378816,21355341561856.137,NPB,NPB,xgboost
NPB,二木　康太,2020,60000000,56587088,11647968319744,NPB,NPB,xgboost
NPB,岩下　大輝,2020,35000000,28976484,36282745002256,NPB,NPB,xgboost
NPB,小島　和哉,2020,34000000,31937296,4254747791616,NPB,NPB,xgboost
NPB,種市　篤暉,2020,27000000,27957504,916813910016,NPB,NPB,xgboost
NPB,中村　稔弥,2020,18000000,14501662,12238368762244,NPB,NPB,xgboost
NPB,大嶺　祐太,2020,12000000,12888960,790249881600,NPB,NPB,xgboost
NPB,古谷　拓郎,2020,4800000,7315220,6326331648400,NPB,NPB,xgboost
NPB,チェン・ウェイン,2021,210000000,204290128,32602638256384,NPB,NPB,xgboost
NPB,西　勇輝,2021,200000000,199341616,433469491456,NPB,NPB,xgboost
NPB,青柳　晃洋,2021,120000000,120564112,318222348544,NPB,NPB,xgboost
NPB,秋山　拓巳,2021,110000000.00000001,111081984,1170689376255.9678,NPB,NPB,xgboost
NPB,伊藤　将司,2021,44000000,44652492,425745810064,NPB,NPB,xgboost
NPB,髙橋　遥人,2021,32000000,34545628,6480221914384,NPB,NPB,xgboost
NPB,二保　旭,2021,27000000,32970044,35641425361936,NPB,NPB,xgboost
NPB,西　純矢,2021,12500000,11277103,1495477072609,NPB,NPB,xgboost
NPB,村上　頌樹,2021,7500000,7760800,68016640000,NPB,NPB,xgboost
NPB,今永　昇太,2021,100000000,99610408,151781926464,NPB,NPB,xgboost
NPB,濵口　遥大,2021,58300000,56081240,4922895937600,NPB,NPB,xgboost
NPB,大貫　晋一,2021,57800000,57248580,304064016400,NPB,NPB,xgboost
NPB,上茶谷　大河,2021,33000000,28198796,23051559849616,NPB,NPB,xgboost
NPB,有吉　優樹,2021,27000000,28410304,1988957372416,NPB,NPB,xgboost
NPB,平良　拳太郎,2021,27000000,21439324,30921117576976,NPB,NPB,xgboost
NPB,東　克樹,2021,25100000,22637396,6064418460816,NPB,NPB,xgboost
NPB,坂本　裕哉,2021,22000000,21683398,100236826404,NPB,NPB,xgboost
NPB,京山　将弥,2021,20900000,20387546,262609102116,NPB,NPB,xgboost
NPB,入江　大生,2021,16000000,15894299,11172701401,NPB,NPB,xgboost
NPB,阪口　皓亮,2021,9350000,10431355,1169328636025,NPB,NPB,xgboost
NPB,宮國　椋丞,2021,8400000,14402936,36035240620096,NPB,NPB,xgboost
NPB,中川　虎大,2021,6600000,10384546,14322788426116,NPB,NPB,xgboost
NPB,菅野　智之,2021,600000000,594083264,35007764893696,NPB,NPB,xgboost
NPB,山口　俊,2021,60000000,63494292,12210076581264,NPB,NPB,xgboost
NPB,戸郷　翔征,2021,40000000,39442596,310699219216,NPB,NPB,xgboost
NPB,髙橋　優貴,2021,36000000,35031040,938883481600,NPB,NPB,xgboost
NPB,今村　信貴,2021,30000000,29206072,630321669184,NPB,NPB,xgboost
NPB,直江　大輔,2021,7600000,8957497,1842798105009,NPB,NPB,xgboost
NPB,横川　凱,2021,6500000,3433635.5,9402591246860.25,NPB,NPB,xgboost
NPB,大野　雄大,2021,300000000,297607584,5723654317056,NPB,NPB,xgboost
NPB,柳　裕也,2021,100000000,105915664,34995080560896,NPB,NPB,xgboost
NPB,小笠原　慎之介,2021,36000000,36838276,702706652176,NPB,NPB,xgboost
NPB,福谷　浩司,2021,29000000,31550298,6504019888804,NPB,NPB,xgboost
NPB,松葉　貴大,2021,28000000,33140140,26421039219600,NPB,NPB,xgboost
NPB,勝野　昌慶,2021,21000000,28254772,52631716771984,NPB,NPB,xgboost
NPB,梅津　晃大,2021,12000000,12514373,264579583129,NPB,NPB,xgboost
NPB,笠原　祥太郎,2021,10000000,14066484,16536292122256,NPB,NPB,xgboost
NPB,岡野　祐一郎,2021,8800000,11258612,6044772966544,NPB,NPB,xgboost
NPB,清水　達也,2021,7200000,7580421,144720137241,NPB,NPB,xgboost
NPB,大瀬良　大地,2021,180000000,181277488,1631975590144,NPB,NPB,xgboost
NPB,九里　亜蓮,2021,140000000,140412832,170430260224,NPB,NPB,xgboost
NPB,森下　暢仁,2021,75000000,74101792,806777611264,NPB,NPB,xgboost
NPB,野村　祐輔,2021,72000000,66563376,29556880517376,NPB,NPB,xgboost
NPB,床田　寛樹,2021,33000000,37052784,16425058150656,NPB,NPB,xgboost
NPB,遠藤　淳志,2021,20000000,17059052,8649175138704,NPB,NPB,xgboost
NPB,薮田　和樹,2021,19000000,17499844,2250468024336,NPB,NPB,xgboost
NPB,中村　祐太,2021,13000000,11442340,2426304675600,NPB,NPB,xgboost
NPB,玉村　昇悟,2021,12000000,12696906,485677972836,NPB,NPB,xgboost
NPB,高橋　昂也,2021,12000000,14244616,5038300987456,NPB,NPB,xgboost
NPB,小林　樹斗,2021,5000000,8240785,10502687416225,NPB,NPB,xgboost
NPB,小川　泰弘,2021,160000000,160450688,203119673344,NPB,NPB,xgboost
NPB,サイスニード,2021,95000000,93324408,2807608550464,NPB,NPB,xgboost
NPB,石川　雅規,2021,90000000,89251576,560138483776,NPB,NPB,xgboost
NPB,田口　麗斗,2021,70000000,68438840,2437220545600,NPB,NPB,xgboost
NPB,高梨　裕稔,2021,37000000,44174496,51473392854016,NPB,NPB,xgboost
NPB,奥川　恭伸,2021,36000000,34538452,2136122556304,NPB,NPB,xgboost
NPB,原　樹理,2021,26000000,23701472,5283230966784,NPB,NPB,xgboost
NPB,高橋　奎二,2021,22000000,22106142,11266124164,NPB,NPB,xgboost
NPB,金久保　優斗,2021,12000000,11275150,525407522500,NPB,NPB,xgboost
NPB,山野　太一,2021,9500000,10306858,651019832164,NPB,NPB,xgboost
NPB,千賀　滉大,2021,600000000,596011840,15905420185600,NPB,NPB,xgboost
NPB,武田　翔太,2021,150000000,148942848,1117570351104,NPB,NPB,xgboost
NPB,和田　毅,2021,150000000,149976768,539725824,NPB,NPB,xgboost
NPB,石川　柊太,2021,120000000,121933680,3739118342400,NPB,NPB,xgboost
NPB,東浜　巨,2021,80000000,77769264,4976183101696,NPB,NPB,xgboost
NPB,笠谷　俊介,2021,22000000,22762984,582144584256,NPB,NPB,xgboost
NPB,大竹　耕太郎,2021,21000000,21069946,4892442916,NPB,NPB,xgboost
NPB,上沢　直之,2021,150000000,148481584,2305587149056,NPB,NPB,xgboost
NPB,加藤　貴之,2021,73000000,72195840,646673305600,NPB,NPB,xgboost
NPB,金子　千尋,2021,20000000,19615142,148115680164,NPB,NPB,xgboost
NPB,立野　和明,2021,17000000,20148762,9914702132644,NPB,NPB,xgboost
NPB,池田　隆英,2021,17000000,17637924,406947029776,NPB,NPB,xgboost
NPB,吉田　輝星,2021,9700000,9097248,363309973504,NPB,NPB,xgboost
NPB,生田目　翼,2021,9000000,12211257,10312171520049,NPB,NPB,xgboost
NPB,山本　由伸,2021,370000000,370885792,784627467264,NPB,NPB,xgboost
NPB,田嶋　大樹,2021,80000000,72927648,50018162811904,NPB,NPB,xgboost
NPB,山岡　泰輔,2021,72000000,69850664,4619645240896,NPB,NPB,xgboost
NPB,増井　浩俊,2021,70000000,67674744,5406815465536,NPB,NPB,xgboost
NPB,宮城　大弥,2021,50000000,51001940,1003883763600,NPB,NPB,xgboost
NPB,山﨑　福也,2021,50000000,52364056,5588760771136,NPB,NPB,xgboost
NPB,山﨑　颯一郎,2021,13000000,15612571,6825527230041,NPB,NPB,xgboost
NPB,榊原　翼,2021,8000000,8629382,396121701924,NPB,NPB,xgboost
NPB,本田　仁海,2021,5000000,9344771,18877035042441,NPB,NPB,xgboost
NPB,田中　将大,2021,900000000,899688448,97064648704,NPB,NPB,xgboost
NPB,則本　昂大,2021,300000000,305978336,35740501328896,NPB,NPB,xgboost
NPB,岸　孝之,2021,250000000,248996624,1006763397376,NPB,NPB,xgboost
NPB,涌井　秀章,2021,110000000.00000001,110959184,920033945855.9714,NPB,NPB,xgboost
NPB,早川　隆久,2021,36000000,35778144,49220084736,NPB,NPB,xgboost
NPB,塩見　貴洋,2021,35000000,36156588,1337695801744,NPB,NPB,xgboost
NPB,瀧中　瞭太,2021,30000000,37352636,54061256148496,NPB,NPB,xgboost
NPB,石橋　良太,2021,16000000,19159074,9979748537476,NPB,NPB,xgboost
NPB,弓削　隼人,2021,11500000,14760978,10633977516484,NPB,NPB,xgboost
NPB,釜田　佳直,2021,10000000,11183186,1399929110596,NPB,NPB,xgboost
NPB,髙橋　光成,2021,110000000.00000001,108091576,3642082163776.0566,NPB,NPB,xgboost
NPB,松本　航,2021,54000000,54394828,155889149584,NPB,NPB,xgboost
NPB,今井　達也,2021,51000000,51193724,37528988176,NPB,NPB,xgboost
NPB,内海　哲也,2021,45000000,48229160,10427474305600,NPB,NPB,xgboost
NPB,浜屋　将太,2021,13100000,14725900,2643550810000,NPB,NPB,xgboost
NPB,本田　圭佑,2021,12600000,15117321,6336905017041,NPB,NPB,xgboost
NPB,渡邉　勇太朗,2021,10000000,9807113,37205394769,NPB,NPB,xgboost
NPB,上間　永遠,2021,6500000,6130426.5,136584571902.25,NPB,NPB,xgboost
NPB,石川　歩,2021,150000000,149007856,984349716736,NPB,NPB,xgboost
NPB,美馬　学,2021,120000000,121946120,3787383054400,NPB,NPB,xgboost
NPB,小島　和哉,2021,62000000,64003440,4013771833600,NPB,NPB,xgboost
NPB,二木　康太,2021,55000000,53897136,1216309002496,NPB,NPB,xgboost
NPB,岩下　大輝,2021,45000000,44342036,432916625296,NPB,NPB,xgboost
NPB,佐々木　朗希,2021,30000000,27090032,8467913761024,NPB,NPB,xgboost
NPB,鈴木　昭汰,2021,20000000,19597782,161779319524,NPB,NPB,xgboost
NPB,土肥　星也,2021,10500000,11231864,535624914496,NPB,NPB,xgboost
NPB,本前　郁也,2021,6700000,6886321,34715515041,NPB,NPB,xgboost
NPB,西　勇輝,2022,300000000,298905376,1198201701376,NPB,NPB,xgboost
NPB,青柳　晃洋,2022,240000000,239370720,395993318400,NPB,NPB,xgboost
NPB,秋山　拓巳,2022,88000000,85031384,8812680955456,NPB,NPB,xgboost
NPB,伊藤　将司,2022,80000000,80027712,767954944,NPB,NPB,xgboost
NPB,西　純矢,2022,28000000,30445438,5980167011844,NPB,NPB,xgboost
NPB,大竹　耕太郎,2022,20000000,22959058,8756024247364,NPB,NPB,xgboost
NPB,才木　浩人,2022,19000000,18535124,216109695376,NPB,NPB,xgboost
NPB,小川　一平,2022,13000000,15519989,6350344560121,NPB,NPB,xgboost
NPB,森木　大智,2022,12000000,9958709,4166868946681,NPB,NPB,xgboost
NPB,今永　昇太,2022,140000000,142239216,5014088294656,NPB,NPB,xgboost
NPB,大貫　晋一,2022,88000000,85286992,7360412408064,NPB,NPB,xgboost
NPB,石田　健大,2022,62000000,60871576,1273340723776,NPB,NPB,xgboost
NPB,濵口　遥大,2022,62000000,67251344,27576613806336,NPB,NPB,xgboost
NPB,上茶谷　大河,2022,34000000,32530132,2160511937424,NPB,NPB,xgboost
NPB,京山　将弥,2022,27900000,25813074,4355260129476,NPB,NPB,xgboost
NPB,東　克樹,2022,26100000,26434296,111753815616,NPB,NPB,xgboost
NPB,坂本　裕哉,2022,23000000,20719236,5201884423696,NPB,NPB,xgboost
NPB,笠原　祥太郎,2022,9000000,8966545,1119237025,NPB,NPB,xgboost
NPB,菅野　智之,2022,500000000,492585152,54979970863104,NPB,NPB,xgboost
NPB,戸郷　翔征,2022,90000000,90725000,525625000000,NPB,NPB,xgboost
NPB,髙橋　優貴,2022,30000000,25298914,22100209579396,NPB,NPB,xgboost
NPB,山﨑　伊織,2022,25000000,26014968,1030160041024,NPB,NPB,xgboost
NPB,横川　凱,2022,6600000,6680952.5,6553307256.25,NPB,NPB,xgboost
NPB,堀田　賢慎,2022,6500000,8699873,4839441216129,NPB,NPB,xgboost
NPB,井上　温大,2022,6500000,4700732.5,3237363536556.25,NPB,NPB,xgboost
NPB,大野　雄大,2022,300000000,298374464,2642367287296,NPB,NPB,xgboost
NPB,柳　裕也,2022,108000000,107410632,347354639424,NPB,NPB,xgboost
NPB,涌井　秀章,2022,100000000,114837128,220140367288384,NPB,NPB,xgboost
NPB,小笠原　慎之介,2022,66000000,65319280,463379718400,NPB,NPB,xgboost
NPB,松葉　貴大,2022,50000000,52554920,6527616206400,NPB,NPB,xgboost
NPB,髙橋　宏斗,2022,35000000,35445016,198039240256,NPB,NPB,xgboost
NPB,福谷　浩司,2022,22000000,21579274,177010367076,NPB,NPB,xgboost
NPB,岡田　俊哉,2022,19000000,20483282,2200125491524,NPB,NPB,xgboost
NPB,勝野　昌慶,2022,19000000,19232924,54253589776,NPB,NPB,xgboost
NPB,鈴木　博志,2022,13500000,14383451,780485669401,NPB,NPB,xgboost
NPB,岡野　祐一郎,2022,8500000,10318179,3305774876041,NPB,NPB,xgboost
NPB,上田　洸太朗,2022,8100000,10565131,6076870847161,NPB,NPB,xgboost
NPB,大瀬良　大地,2022,180000000,180983856,967972628736,NPB,NPB,xgboost
NPB,九里　亜蓮,2022,140000000,136077488,15386100390144,NPB,NPB,xgboost
NPB,森下　暢仁,2022,110000000.00000001,108548400,2107142560000.0432,NPB,NPB,xgboost
NPB,野村　祐輔,2022,55000000,63104556,65683827957136,NPB,NPB,xgboost
NPB,床田　寛樹,2022,50000000,52681180,7188726192400,NPB,NPB,xgboost
NPB,遠藤　淳志,2022,26000000,23066036,8608144753296,NPB,NPB,xgboost
NPB,大道　温貴,2022,13000000,10028443,8830151004249,NPB,NPB,xgboost
NPB,玉村　昇悟,2022,13000000,11058419,3769736779561,NPB,NPB,xgboost
NPB,サイスニード,2022,195000000,187253840,60002994745600,NPB,NPB,xgboost
NPB,小川　泰弘,2022,160000000,171161328,124575242723584,NPB,NPB,xgboost
NPB,石川　雅規,2022,90000000,90043192,1865548864,NPB,NPB,xgboost
NPB,高橋　奎二,2022,50000000,51184432,1402879162624,NPB,NPB,xgboost
NPB,高梨　裕稔,2022,43000000,48086312,25870569761344,NPB,NPB,xgboost
NPB,原　樹理,2022,38000000,41618772,13095510787984,NPB,NPB,xgboost
NPB,奥川　恭伸,2022,27000000,25481902,2304621537604,NPB,NPB,xgboost
NPB,山下　輝,2022,14000000,12048492,3808383474064,NPB,NPB,xgboost
NPB,小澤　怜史,2022,11000000,10959966,1602721156,NPB,NPB,xgboost
NPB,吉田　大喜,2022,11000000,12121442,1257632159364,NPB,NPB,xgboost
NPB,金久保　優斗,2022,10000000,11747235,3052830145225,NPB,NPB,xgboost
NPB,阪口　皓亮,2022,9000000,7920032,1166330881024,NPB,NPB,xgboost
NPB,和田　毅,2022,165000000,165788016,620969216256,NPB,NPB,xgboost
NPB,東浜　巨,2022,150000000,160257904,105224594473216,NPB,NPB,xgboost
NPB,石川　柊太,2022,150000000,147433328,6587805155584,NPB,NPB,xgboost
NPB,大関　友久,2022,45000000,44542012,209753008144,NPB,NPB,xgboost
NPB,杉山　一樹,2022,16000000,16151010,22804020100,NPB,NPB,xgboost
NPB,奥村　政稔,2022,9000000,9023406,547840836,NPB,NPB,xgboost
NPB,田上　奏大,2022,6500000,7119126.5,383317623002.25,NPB,NPB,xgboost
NPB,上沢　直之,2022,170000000,161121392,78829680017664,NPB,NPB,xgboost
NPB,加藤　貴之,2022,135000000,135484880,235108614400,NPB,NPB,xgboost
NPB,杉浦　稔大,2022,60000000,63389644,11489686446736,NPB,NPB,xgboost
NPB,立野　和明,2022,16000000,12477145,12410507351025,NPB,NPB,xgboost
NPB,池田　隆英,2022,16000000,18191500,4802672250000,NPB,NPB,xgboost
NPB,根本　悠楓,2022,13000000,14836907,3374227326649,NPB,NPB,xgboost
NPB,達　孝太,2022,10000000,8458347,2376693972409,NPB,NPB,xgboost
NPB,生田目　翼,2022,9000000,11714112,7366403948544,NPB,NPB,xgboost
NPB,田中　瑛斗,2022,7000000,6892230.5,11614265130.25,NPB,NPB,xgboost
NPB,山本　由伸,2022,650000000,649633472,134342774784,NPB,NPB,xgboost
NPB,田嶋　大樹,2022,110000000.00000001,96490624,182503239909376.4,NPB,NPB,xgboost
NPB,宮城　大弥,2022,80000000,79263728,542096457984,NPB,NPB,xgboost
NPB,山岡　泰輔,2022,72000000,69797000,4853209000000,NPB,NPB,xgboost
NPB,山﨑　福也,2022,60000000,60301416,90851605056,NPB,NPB,xgboost
NPB,竹安　大知,2022,21000000,23948676,8694690152976,NPB,NPB,xgboost
NPB,椋木　蓮,2022,16000000,14869958,1276994921764,NPB,NPB,xgboost
NPB,東　晃平,2022,8000000,11057522,9348440780484,NPB,NPB,xgboost
NPB,田中　将大,2022,475000000,474171104,687068578816,NPB,NPB,xgboost
NPB,則本　昂大,2022,300000000,281838304,329847201596416,NPB,NPB,xgboost
NPB,岸　孝之,2022,250000000,249170768,687625709824,NPB,NPB,xgboost
NPB,辛島　航,2022,80000000,75076768,24238213325824,NPB,NPB,xgboost
NPB,早川　隆久,2022,33000000,32553046,199767878116,NPB,NPB,xgboost
NPB,瀧中　瞭太,2022,26000000,29402672,11578176739584,NPB,NPB,xgboost
NPB,藤井　聖,2022,10500000,12795950,5271386402500,NPB,NPB,xgboost
NPB,高田　孝一,2022,10000000,11331463,1772793720369,NPB,NPB,xgboost
NPB,藤平　尚真,2022,10000000,11072528,1150316310784,NPB,NPB,xgboost
NPB,松井　友飛,2022,7000000,8076035,1157851321225,NPB,NPB,xgboost
NPB,髙橋　光成,2022,180000000,178021312,3915206201344,NPB,NPB,xgboost
NPB,松本　航,2022,65000000,59580512,29370850182144,NPB,NPB,xgboost
NPB,今井　達也,2022,45000000,44878948,14653586704,NPB,NPB,xgboost
NPB,與座　海人,2022,33000000,31406042,2540702105764,NPB,NPB,xgboost
NPB,隅田　知一郎,2022,20000000,20992732,985516823824,NPB,NPB,xgboost
NPB,佐藤　隼輔,2022,16000000,14768588,1516375513744,NPB,NPB,xgboost
NPB,渡邉　勇太朗,2022,8500000,8002188.5,247816289532.25,NPB,NPB,xgboost
NPB,石川　歩,2022,150000000,149144448,731969224704,NPB,NPB,xgboost
NPB,美馬　学,2022,140000000,141912544,3657824551936,NPB,NPB,xgboost
NPB,佐々木　朗希,2022,80000000,81189760,1415528857600,NPB,NPB,xgboost
NPB,小島　和哉,2022,68000000,67607592,153984038464,NPB,NPB,xgboost
NPB,二木　康太,2022,46000000,38792068,51954283716624,NPB,NPB,xgboost
NPB,種市　篤暉,2022,18000000,14338035,13409987661225,NPB,NPB,xgboost
NPB,鈴木　昭汰,2022,16000000,14076918,3698244378724,NPB,NPB,xgboost
NPB,河村　説人,2022,15000000,14879114,14613424996,NPB,NPB,xgboost
NPB,本前　郁也,2022,13000000,14255507,1576297827049,NPB,NPB,xgboost
NPB,佐藤　奨真,2022,9000000,10521472,2314877046784,NPB,NPB,xgboost
NPB,森　遼大朗,2022,4600000,6423380,3324714624400,NPB,NPB,xgboost
NPB,西　勇輝,2023,300000000,297998400,4006402560000,NPB,NPB,xgboost
NPB,青柳　晃洋,2023,210000000,206103584,15182057645056,NPB,NPB,xgboost
NPB,伊藤　将司,2023,160000000,154720432,27873838266624,NPB,NPB,xgboost
NPB,大竹　耕太郎,2023,67000000,68746600,3050611560000,NPB,NPB,xgboost
NPB,村上　頌樹,2023,67000000,67032980,1087680400,NPB,NPB,xgboost
NPB,才木　浩人,2023,50000000,51278676,1635012312976,NPB,NPB,xgboost
NPB,秋山　拓巳,2023,44000000,38405140,31302458419600,NPB,NPB,xgboost
NPB,西　純矢,2023,38000000,35117332,8309774798224,NPB,NPB,xgboost
NPB,門別　啓人,2023,8000000,6037147,3852791899609,NPB,NPB,xgboost
NPB,東　克樹,2023,105000000,103450080,2402252006400,NPB,NPB,xgboost
NPB,石田　健大,2023,80000000,87053552,49752595816704,NPB,NPB,xgboost
NPB,大貫　晋一,2023,77000000,69792552,51947306672704,NPB,NPB,xgboost
NPB,濵口　遥大,2023,54000000,49076616,24239710011456,NPB,NPB,xgboost
NPB,森　唯斗,2023,50000000,57623752,58121594557504,NPB,NPB,xgboost
NPB,平良　拳太郎,2023,26000000,31279104,27868939042816,NPB,NPB,xgboost
NPB,菅野　智之,2023,400000000,395673664,18717183184896,NPB,NPB,xgboost
NPB,戸郷　翔征,2023,180000000,175482480,20407986950400,NPB,NPB,xgboost
NPB,山﨑　伊織,2023,51000000,57529252,42631131679504,NPB,NPB,xgboost
NPB,高橋　礼,2023,43000000,38626064,19131316132096,NPB,NPB,xgboost
NPB,赤星　優志,2023,30000000,30160180,25657632400,NPB,NPB,xgboost
NPB,髙橋　優貴,2023,23000000,19158966,14753542189156,NPB,NPB,xgboost
NPB,横川　凱,2023,17000000,20097424,9594035435776,NPB,NPB,xgboost
NPB,井上　温大,2023,6700000,8660099,3841988089801,NPB,NPB,xgboost
NPB,大野　雄大,2023,300000000,298211488,3198775174144,NPB,NPB,xgboost
NPB,柳　裕也,2023,148000000,148879776,774005810176,NPB,NPB,xgboost
NPB,涌井　秀章,2023,100000000,103413208,11649988851264,NPB,NPB,xgboost
NPB,小笠原　慎之介,2023,93000000,93673872,454103472384,NPB,NPB,xgboost
NPB,髙橋　宏斗,2023,63000000,61554704,2088880527616,NPB,NPB,xgboost
NPB,松葉　貴大,2023,50000000,48637160,1857332865600,NPB,NPB,xgboost
NPB,福谷　浩司,2023,20000000,18433622,2453540038884,NPB,NPB,xgboost
NPB,根尾　昂,2023,16000000,12695055,10922661453025,NPB,NPB,xgboost
NPB,仲地　礼亜,2023,15000000,15295131,87102307161,NPB,NPB,xgboost
NPB,梅津　晃大,2023,10000000,13268346,10682085575716,NPB,NPB,xgboost
NPB,大瀬良　大地,2023,180000000,175887952,16908938754304,NPB,NPB,xgboost
NPB,九里　亜蓮,2023,140000000,139012160,975827865600,NPB,NPB,xgboost
NPB,森下　暢仁,2023,130000000,121562432,71192553754624,NPB,NPB,xgboost
NPB,床田　寛樹,2023,100000000,101932280,3733705998400,NPB,NPB,xgboost
NPB,野村　祐輔,2023,44500000,46207092,2914163096464,NPB,NPB,xgboost
NPB,遠藤　淳志,2023,25000000,20479908,20431231688464,NPB,NPB,xgboost
NPB,森　翔平,2023,18000000,15887160,4464092865600,NPB,NPB,xgboost
NPB,玉村　昇悟,2023,16000000,17062372,1128634266384,NPB,NPB,xgboost
NPB,黒原　拓未,2023,14000000,14982767,965830976289,NPB,NPB,xgboost
NPB,サイスニード,2023,232500000,228930992,12737818104064,NPB,NPB,xgboost
NPB,小川　泰弘,2023,160000000,163681728,13555121065984,NPB,NPB,xgboost
NPB,石川　雅規,2023,67500000,67380272,14334793984,NPB,NPB,xgboost
NPB,高橋　奎二,2023,48000000,47166096,695395881216,NPB,NPB,xgboost
NPB,吉村　貢司郎,2023,21000000,22008304,1016676956416,NPB,NPB,xgboost
NPB,宮川　哲,2023,20000000,17224436,7703755518096,NPB,NPB,xgboost
NPB,山野　太一,2023,9000000,7680430.5,1741263665330.25,NPB,NPB,xgboost
NPB,金久保　優斗,2023,9000000,10028742,1058310102564,NPB,NPB,xgboost
NPB,有原　航平,2023,500000000,491889152,65785855279104,NPB,NPB,xgboost
NPB,和田　毅,2023,200000000,196907856,9561354516736,NPB,NPB,xgboost
NPB,東浜　巨,2023,150000000,147435168,6578363188224,NPB,NPB,xgboost
NPB,石川　柊太,2023,120000000,120936672,877354435584,NPB,NPB,xgboost
NPB,大関　友久,2023,55000000,51119548,15057907724304,NPB,NPB,xgboost
NPB,加藤　貴之,2023,300000000,297961056,4157292635136,NPB,NPB,xgboost
NPB,山﨑　福也,2023,60000000,60800868,641389553424,NPB,NPB,xgboost
NPB,上原　健太,2023,40000000,40592596,351170019216,NPB,NPB,xgboost
NPB,北山　亘基,2023,33000000,32225820,599354672400,NPB,NPB,xgboost
NPB,鈴木　健矢,2023,30000000,30381302,145391215204,NPB,NPB,xgboost
NPB,根本　悠楓,2023,16000000,15423612,332223126544,NPB,NPB,xgboost
NPB,金村　尚真,2023,12000000,12616215,379720926225,NPB,NPB,xgboost
NPB,田中　瑛斗,2023,7500000,7459346.5,1652707062.25,NPB,NPB,xgboost
NPB,宮城　大弥,2023,160000000,160960736,923013661696,NPB,NPB,xgboost
NPB,田嶋　大樹,2023,95000000,85659160,87251291905600,NPB,NPB,xgboost
NPB,山下　舜平大,2023,40000000,38670748,1766910879504,NPB,NPB,xgboost
NPB,東　晃平,2023,24000000,28420592,19541633630464,NPB,NPB,xgboost
NPB,曽谷　龍平,2023,16000000,13507579,6212162441241,NPB,NPB,xgboost
NPB,齋藤　響介,2023,6000000,7340268.5,1796319652092.25,NPB,NPB,xgboost
NPB,則本　昂大,2023,300000000,291399616,73966604947456,NPB,NPB,xgboost
NPB,田中　将大,2023,260000000,259246704,567454863616,NPB,NPB,xgboost
NPB,岸　孝之,2023,210000000,205236880,22687312134400,NPB,NPB,xgboost
NPB,辛島　航,2023,80000000,83083704,9509230359616,NPB,NPB,xgboost
NPB,早川　隆久,2023,33000000,36238816,10489929081856,NPB,NPB,xgboost
NPB,荘司　康誠,2023,30000000,28222534,3159385381156,NPB,NPB,xgboost
NPB,瀧中　瞭太,2023,23000000,22757434,58838264356,NPB,NPB,xgboost
NPB,藤平　尚真,2023,14500000,17616376,9711799373376,NPB,NPB,xgboost
NPB,藤井　聖,2023,13000000,15590903,6712778355409,NPB,NPB,xgboost
NPB,松井　友飛,2023,8000000,9081710,1170096524100,NPB,NPB,xgboost
NPB,髙橋　光成,2023,265000000,258827264,38102669725696,NPB,NPB,xgboost
NPB,平良　海馬,2023,250000000,248086912,3659905695744,NPB,NPB,xgboost
NPB,今井　達也,2023,80000000,87840360,61471244929600,NPB,NPB,xgboost
NPB,松本　航,2023,58000000,55869388,4539507494544,NPB,NPB,xgboost
NPB,隅田　知一郎,2023,40000000,40350268,122687671824,NPB,NPB,xgboost
NPB,與座　海人,2023,30000000,33718572,13827777719184,NPB,NPB,xgboost
NPB,渡邉　勇太朗,2023,8200000,9410275,1464765575625,NPB,NPB,xgboost
NPB,美馬　学,2023,140000000,138332784,2779609190656,NPB,NPB,xgboost
NPB,小島　和哉,2023,105000000,103176880,3323766534400,NPB,NPB,xgboost
NPB,西野　勇士,2023,85000000,96788904,138978257521216,NPB,NPB,xgboost
NPB,佐々木　朗希,2023,80000000,81076776,1159446554176,NPB,NPB,xgboost
NPB,種市　篤暉,2023,52000000,58425664,41289157840896,NPB,NPB,xgboost
NPB,菊地　吏玖,2023,16000000,15075723,854287972729,NPB,NPB,xgboost
NPB,本前　郁也,2023,12000000,13906946,3636443046916,NPB,NPB,xgboost
NPB,森　遼大朗,2023,7000000,8815789,3297089692521,NPB,NPB,xgboost
NPB,西　勇輝,2024,300000000,298878496,1257771222016,NPB,NPB,xgboost
NPB,伊藤　将司,2024,140000000,132188016,61027094016256,NPB,NPB,xgboost
NPB,才木　浩人,2024,120000000,120859720,739118478400,NPB,NPB,xgboost
NPB,大竹　耕太郎,2024,90000000,89534448,216738664704,NPB,NPB,xgboost
NPB,村上　頌樹,2024,80000000,79981392,346257664,NPB,NPB,xgboost
NPB,及川　雅貴,2024,30000000,27061422,8635240662084,NPB,NPB,xgboost
NPB,髙橋　遥人,2024,25000000,28745058,14025459423364,NPB,NPB,xgboost
NPB,東　克樹,2024,210000000,211619760,2623622457600,NPB,NPB,xgboost
NPB,石田　健大,2024,100000000,92220984,60513089928256,NPB,NPB,xgboost
NPB,大貫　晋一,2024,72000000,71225544,599782095936,NPB,NPB,xgboost
NPB,平良　拳太郎,2024,26000000,24866736,1284287293696,NPB,NPB,xgboost
NPB,吉野　光樹,2024,14000000,13953218,2188555524,NPB,NPB,xgboost
NPB,石田　裕太郎,2024,13000000,11825822,1378693975684,NPB,NPB,xgboost
NPB,小園　健太,2024,6900000,8127603.5,1507010353212.25,NPB,NPB,xgboost
NPB,松本　隆之介,2024,5600000,8283942,7203544659364,NPB,NPB,xgboost
NPB,戸郷　翔征,2024,300000000,297952000,4194304000000,NPB,NPB,xgboost
NPB,田中　将大,2024,160000000,160268864,72287850496,NPB,NPB,xgboost
NPB,山﨑　伊織,2024,90000000,85126208,23753848459264,NPB,NPB,xgboost
NPB,高橋　礼,2024,37000000,36355300,415638090000,NPB,NPB,xgboost
NPB,井上　温大,2024,34000000,33496986,253023084196,NPB,NPB,xgboost
NPB,又木　鉄平,2024,10000000,10651234,424105722756,NPB,NPB,xgboost
NPB,髙橋　宏斗,2024,120000000,120109968,12092961024,NPB,NPB,xgboost
NPB,大野　雄大,2024,120000000,114972744,25273302889536,NPB,NPB,xgboost
NPB,柳　裕也,2024,110000000.00000001,99915456,101698027687936.3,NPB,NPB,xgboost
NPB,涌井　秀章,2024,90000000,90043200,1866240000,NPB,NPB,xgboost
NPB,松葉　貴大,2024,50000000,49700504,89697854016,NPB,NPB,xgboost
NPB,梅津　晃大,2024,14000000,20901088,47625015583744,NPB,NPB,xgboost
NPB,仲地　礼亜,2024,11500000,11136636,132033396496,NPB,NPB,xgboost
NPB,松木平　優太,2024,10500000,15213140,22213688659600,NPB,NPB,xgboost
NPB,大瀬良　大地,2024,200000000,197041488,8752793254144,NPB,NPB,xgboost
NPB,森下　暢仁,2024,165000000,163666944,1777038299136,NPB,NPB,xgboost
NPB,床田　寛樹,2024,150000000,149278000,521284000000,NPB,NPB,xgboost
NPB,アドゥワ　誠,2024,34000000,35260456,1588749327936,NPB,NPB,xgboost
NPB,玉村　昇悟,2024,26000000,24203978,3225695024484,NPB,NPB,xgboost
NPB,森　翔平,2024,20000000,20107450,11545502500,NPB,NPB,xgboost
NPB,常廣　羽也斗,2024,16000000,11319961,21902765041521,NPB,NPB,xgboost
NPB,小川　泰弘,2024,110000000.00000001,107717744,5208692449536.068,NPB,NPB,xgboost
NPB,高橋　奎二,2024,58000000,60917484,8511712890256,NPB,NPB,xgboost
NPB,吉村　貢司郎,2024,50000000,51594136,2541269586496,NPB,NPB,xgboost
NPB,青柳　晃洋,2024,50000000,47616936,5678994028096,NPB,NPB,xgboost
NPB,石川　雅規,2024,40000000,40259424,67300811776,NPB,NPB,xgboost
NPB,高梨　裕稔,2024,30000000,30806268,650068087824,NPB,NPB,xgboost
NPB,奥川　恭伸,2024,21000000,20427604,327637180816,NPB,NPB,xgboost
NPB,松本　健吾,2024,16000000,15756971,59063094841,NPB,NPB,xgboost
NPB,山野　太一,2024,14000000,15994353,3977443888609,NPB,NPB,xgboost
NPB,阪口　皓亮,2024,10000000,10439126,192831643876,NPB,NPB,xgboost
NPB,有原　航平,2024,400000000,400150368,22610535424,NPB,NPB,xgboost
NPB,東浜　巨,2024,150000000,147461872,6442093744384,NPB,NPB,xgboost
NPB,大関　友久,2024,90000000,84309808,32378284996864,NPB,NPB,xgboost
NPB,大津　亮介,2024,55000000,55219304,48094244416,NPB,NPB,xgboost
NPB,濵口　遥大,2024,46000000,44387156,2601265768336,NPB,NPB,xgboost
NPB,前田　悠伍,2024,10000000,8887610,1237411512100,NPB,NPB,xgboost
NPB,松本　晴,2024,9000000,11443312,5969773529344,NPB,NPB,xgboost
NPB,前田　純,2024,7500000,10058096,6543855145216,NPB,NPB,xgboost
NPB,加藤　貴之,2024,300000000,297782496,4917323990016,NPB,NPB,xgboost
NPB,山﨑　福也,2024,250000000,251103456,1217615143936,NPB,NPB,xgboost
NPB,伊藤　大海,2024,220000000.00000003,217999792,4000832043264.119,NPB,NPB,xgboost
NPB,北山　亘基,2024,46000000,47177188,1385771587344,NPB,NPB,xgboost
NPB,金村　尚真,2024,36000000,36131156,17201896336,NPB,NPB,xgboost
NPB,上原　健太,2024,36000000,34848316,1326376035856,NPB,NPB,xgboost
NPB,福谷　浩司,2024,20000000,24512858,20365887328164,NPB,NPB,xgboost
NPB,福島　蓮,2024,16000000,13242268,7605085783824,NPB,NPB,xgboost
NPB,根本　悠楓,2024,15000000,10089573,24112293322329,NPB,NPB,xgboost
NPB,細野　晴希,2024,13000000,10363993,6948532904049,NPB,NPB,xgboost
NPB,達　孝太,2024,10500000,9508409,983252711281,NPB,NPB,xgboost
NPB,宮城　大弥,2024,200000000,200048128,2316304384,NPB,NPB,xgboost
NPB,九里　亜蓮,2024,140000000,144584688,21019364057344,NPB,NPB,xgboost
NPB,田嶋　大樹,2024,100000000,86642184,178431248289856,NPB,NPB,xgboost
NPB,曽谷　龍平,2024,38000000,36984336,1031573360896,NPB,NPB,xgboost
NPB,山下　舜平大,2024,36000000,34273600,2980456960000,NPB,NPB,xgboost
NPB,東　晃平,2024,24000000,23982762,297148644,NPB,NPB,xgboost
NPB,齋藤　響介,2024,12000000,11519413,230963864569,NPB,NPB,xgboost
NPB,佐藤　一磨,2024,9000000,13049155,16395656214025,NPB,NPB,xgboost
NPB,岸　孝之,2024,220000000.00000003,220073280,5369958399.995632,NPB,NPB,xgboost
NPB,早川　隆久,2024,70000000,66728832,10700540084224,NPB,NPB,xgboost
NPB,藤井　聖,2024,37000000,36662236,114084519696,NPB,NPB,xgboost
NPB,内　星龍,2024,31000000,27922348,9471941833104,NPB,NPB,xgboost
NPB,瀧中　瞭太,2024,28000000,32043344,16348630702336,NPB,NPB,xgboost
NPB,荘司　康誠,2024,27000000,24682476,5370917490576,NPB,NPB,xgboost
NPB,古謝　樹,2024,23000000,24372974,1885057604676,NPB,NPB,xgboost
NPB,髙橋　光成,2024,210000000,207404624,6735976581376,NPB,NPB,xgboost
NPB,今井　達也,2024,180000000,179876096,15352201216,NPB,NPB,xgboost
NPB,隅田　知一郎,2024,90000000,91145576,1312344371776,NPB,NPB,xgboost
NPB,武内　夏暉,2024,45000000,48857116,14877343837456,NPB,NPB,xgboost
NPB,與座　海人,2024,25000000,24840520,25433870400,NPB,NPB,xgboost
NPB,渡邉　勇太朗,2024,20000000,21251310,1565776716100,NPB,NPB,xgboost
NPB,青山　美夏人,2024,15500000,17790562,5246674275844,NPB,NPB,xgboost
NPB,杉山　遙希,2024,7000000,7553814.5,306710500410.25,NPB,NPB,xgboost
NPB,菅井　信也,2024,6700000,5544035.5,1336253925260.25,NPB,NPB,xgboost
NPB,石川　柊太,2024,200000000,195769600,17896284160000,NPB,NPB,xgboost
NPB,小島　和哉,2024,160000000,157264464,7483157207296,NPB,NPB,xgboost
NPB,西野　勇士,2024,150000000,157920688,62737298393344,NPB,NPB,xgboost
NPB,石川　歩,2024,90000000,87530992,6096000504064,NPB,NPB,xgboost
NPB,種市　篤暉,2024,85000000,85554896,307909570816,NPB,NPB,xgboost
NPB,唐川　侑己,2024,58000000,58328104,107652234816,NPB,NPB,xgboost
NPB,美馬　学,2024,40000000,37997604,4009589740816,NPB,NPB,xgboost
NPB,中森　俊介,2024,16000000,13209042,7789446557764,NPB,NPB,xgboost
NPB,田中　晴也,2024,11000000,15984735,24847583020225,NPB,NPB,xgboost
NPB,西　勇輝,2025,300000000,282997376,289089222885376,NPB,NPB,xgboost
NPB,才木　浩人,2025,250000000,248517296,2198411151616,NPB,NPB,xgboost
NPB,村上　頌樹,2025,229999999.99999997,228198416,3245704909055.8926,NPB,NPB,xgboost
NPB,伊藤　将司,2025,140000000,138375808,2637999652864,NPB,NPB,xgboost
NPB,大竹　耕太郎,2025,130000000,128716112,1648368396544,NPB,NPB,xgboost
NPB,伊原　陵人,2025,36000000,36350680,122976462400,NPB,NPB,xgboost
NPB,髙橋　遥人,2025,30000000,34031944,16256572419136,NPB,NPB,xgboost
NPB,門別　啓人,2025,12000000,14023499,4094548203001,NPB,NPB,xgboost
NPB,早川　太貴,2025,7200000,9647732,5991391943824,NPB,NPB,xgboost
NPB,東　克樹,2025,300000000,296811104,10169057698816,NPB,NPB,xgboost
NPB,藤浪　晋太郎,2025,80000000,73802976,38403106456576,NPB,NPB,xgboost
NPB,大貫　晋一,2025,63000000,61545568,2115372442624,NPB,NPB,xgboost
NPB,平良　拳太郎,2025,30000000,31354798,1835477620804,NPB,NPB,xgboost
NPB,石田　裕太郎,2025,30000000,30260638,67932167044,NPB,NPB,xgboost
NPB,竹田　祐,2025,20000000,20748990,560986020100,NPB,NPB,xgboost
NPB,吉野　光樹,2025,11000000,13108527,4445886109729,NPB,NPB,xgboost
NPB,小園　健太,2025,6600000,6836060.5,55724559660.25,NPB,NPB,xgboost
NPB,戸郷　翔征,2025,240000000,222432976,308600332216576,NPB,NPB,xgboost
NPB,山﨑　伊織,2025,180000000,176496128,12277118992384,NPB,NPB,xgboost
NPB,田中　将大,2025,100000000,97518704,6156829839616,NPB,NPB,xgboost
NPB,赤星　優志,2025,48000000,49644552,2704551280704,NPB,NPB,xgboost
NPB,井上　温大,2025,38000000,36764132,1527369713424,NPB,NPB,xgboost
NPB,森田　駿哉,2025,15000000,14325651,454746573801,NPB,NPB,xgboost
NPB,柳　裕也,2025,200000000,189120928,118354207581184,NPB,NPB,xgboost
NPB,髙橋　宏斗,2025,200000000,196643168,11268321076224,NPB,NPB,xgboost
NPB,大野　雄大,2025,170000000,173026416,9159193805056,NPB,NPB,xgboost
NPB,松葉　貴大,2025,100000000,98215728,3183626569984,NPB,NPB,xgboost
NPB,涌井　秀章,2025,70000000,68878632,1257466191424,NPB,NPB,xgboost
NPB,金丸　夢斗,2025,25000000,25582132,338877665424,NPB,NPB,xgboost
NPB,草加　勝,2025,11000000,12761013,3101166786169,NPB,NPB,xgboost
NPB,三浦　瑞樹,2025,9000000,14144034,26461085793156,NPB,NPB,xgboost
NPB,松木平　優太,2025,9000000,6709958.5,5244290071722.25,NPB,NPB,xgboost
NPB,仲地　礼亜,2025,9000000,8800131,39947617161,NPB,NPB,xgboost
NPB,森下　暢仁,2025,200000000,196629600,11359596160000,NPB,NPB,xgboost
NPB,大瀬良　大地,2025,200000000,201179312,1390776793344,NPB,NPB,xgboost
NPB,床田　寛樹,2025,185000000,183422000,2490084000000,NPB,NPB,xgboost
NPB,森　翔平,2025,38000000,39486620,2210039024400,NPB,NPB,xgboost
NPB,玉村　昇悟,2025,33000000,31576620,2026010624400,NPB,NPB,xgboost
NPB,アドゥワ　誠,2025,29000000,25691330,10947297168900,NPB,NPB,xgboost
NPB,髙　太一,2025,18000000,20340660,5478689235600,NPB,NPB,xgboost
NPB,常廣　羽也斗,2025,14000000,15044430,1090834024900,NPB,NPB,xgboost
NPB,佐藤　柳之介,2025,12000000,9881884,4486415389456,NPB,NPB,xgboost
NPB,斉藤　優汰,2025,7000000,5691622,1711852990884,NPB,NPB,xgboost
NPB,小川　泰弘,2025,89000000,90097896,1205375626816,NPB,NPB,xgboost
NPB,吉村　貢司郎,2025,75000000,75868232,753826805824,NPB,NPB,xgboost
NPB,青柳　晃洋,2025,50000000,46628020,11370249120400,NPB,NPB,xgboost
NPB,高橋　奎二,2025,46000000,40353908,31878354872464,NPB,NPB,xgboost
NPB,高梨　裕稔,2025,43000000,52013052,81235106354704,NPB,NPB,xgboost
NPB,奥川　恭伸,2025,32000000,33519080,2307604046400,NPB,NPB,xgboost
NPB,石川　雅規,2025,32000000,33145096,1311244849216,NPB,NPB,xgboost
NPB,山野　太一,2025,23000000,26931370,15455670076900,NPB,NPB,xgboost
NPB,中村　優斗,2025,17000000,15249227,3065206097529,NPB,NPB,xgboost
NPB,上沢　直之,2025,250000000,247382352,6852081051904,NPB,NPB,xgboost
NPB,大関　友久,2025,170000000,170477712,228208754944,NPB,NPB,xgboost
NPB,東浜　巨,2025,110000000.00000001,111005712,1011456626943.97,NPB,NPB,xgboost
NPB,大津　亮介,2025,68000000,63771184,17882884761856,NPB,NPB,xgboost
NPB,松本　晴,2025,36000000,34216864,3179573994496,NPB,NPB,xgboost
NPB,前田　純,2025,18000000,15761230,5012091112900,NPB,NPB,xgboost
NPB,前田　悠伍,2025,11000000,8659850,5476302022500,NPB,NPB,xgboost
NPB,有原　航平,2025,500000000,498395168,2575485748224,NPB,NPB,xgboost
NPB,伊藤　大海,2025,340000000,340429952,184858722304,NPB,NPB,xgboost
NPB,加藤　貴之,2025,300000000,300262624,68971365376,NPB,NPB,xgboost
NPB,山﨑　福也,2025,250000000,248191312,3271352281344,NPB,NPB,xgboost
NPB,北山　亘基,2025,95000000,97947184,8685893529856,NPB,NPB,xgboost
NPB,古林　睿煬,2025,75000000,66937592,65002422758464,NPB,NPB,xgboost
NPB,達　孝太,2025,42000000,43075652,1157027225104,NPB,NPB,xgboost
NPB,福島　蓮,2025,29000000,22804132,38388780273424,NPB,NPB,xgboost
NPB,細野　晴希,2025,17000000,17160554,25777586916,NPB,NPB,xgboost
NPB,柴田　獅子,2025,9900000,11605141,2907505829881,NPB,NPB,xgboost
NPB,宮城　大弥,2025,220000000.00000003,216935696,9389959004416.184,NPB,NPB,xgboost
NPB,九里　亜蓮,2025,160000000,161911936,3655499268096,NPB,NPB,xgboost
NPB,田嶋　大樹,2025,110000000.00000001,108129632,3498276455424.0557,NPB,NPB,xgboost
NPB,曽谷　龍平,2025,55000000,56065680,1135673862400,NPB,NPB,xgboost
NPB,山下　舜平大,2025,30000000,27844576,4645852619776,NPB,NPB,xgboost
NPB,東　晃平,2025,19000000,16178797,7959186367209,NPB,NPB,xgboost
NPB,寺西　成騎,2025,14000000,15310423,1717208438929,NPB,NPB,xgboost
NPB,佐藤　一磨,2025,8000000,9624874,2640215515876,NPB,NPB,xgboost
NPB,山口　廉王,2025,5500000,5913339.5,170849542260.25,NPB,NPB,xgboost
NPB,岸　孝之,2025,180000000,182620928,6869263581184,NPB,NPB,xgboost
NPB,辛島　航,2025,80000000,77788456,4890926863936,NPB,NPB,xgboost
NPB,早川　隆久,2025,60000000,57073304,8565549476416,NPB,NPB,xgboost
NPB,藤井　聖,2025,47000000,45222504,3159492030016,NPB,NPB,xgboost
NPB,内　星龍,2025,44000000,41845772,4640698275984,NPB,NPB,xgboost
NPB,瀧中　瞭太,2025,40000000,42856524,8159729362576,NPB,NPB,xgboost
NPB,荘司　康誠,2025,40000000,35955268,16359856951824,NPB,NPB,xgboost
NPB,古謝　樹,2025,39500000,38385284,1242591760656,NPB,NPB,xgboost
NPB,坂井　陽翔,2025,6400000,7276272.5,767853494256.25,NPB,NPB,xgboost
NPB,大内　誠弥,2025,5500000,7342830,3396022408900,NPB,NPB,xgboost
NPB,髙橋　光成,2025,250000000,242420464,57449365975296,NPB,NPB,xgboost
NPB,隅田　知一郎,2025,160000000,155804160,17605073305600,NPB,NPB,xgboost
NPB,渡邉　勇太朗,2025,43000000,43581076,337649317776,NPB,NPB,xgboost
NPB,與座　海人,2025,40000000,40527856,278631956736,NPB,NPB,xgboost
NPB,松本　航,2025,40000000,35041672,24585016555584,NPB,NPB,xgboost
NPB,武内　夏暉,2025,38500000,31556692,48209525982864,NPB,NPB,xgboost
NPB,菅井　信也,2025,14000000,16037474,4151300300676,NPB,NPB,xgboost
NPB,上田　大河,2025,12500000,11148947,1825344208809,NPB,NPB,xgboost
NPB,篠原　響,2025,7000000,5883881.5,1245720506042.25,NPB,NPB,xgboost
NPB,杉山　遙希,2025,7000000,8178485.5,1388828073710.25,NPB,NPB,xgboost
NPB,石川　柊太,2025,160000000,152034880,63443136614400,NPB,NPB,xgboost
NPB,西野　勇士,2025,150000000,144204320,33589906662400,NPB,NPB,xgboost
NPB,小島　和哉,2025,145000000,139437184,30944921849856,NPB,NPB,xgboost
NPB,種市　篤暉,2025,130000000,127243752,7596903037504,NPB,NPB,xgboost
NPB,唐川　侑己,2025,44000000,44777404,604356979216,NPB,NPB,xgboost
NPB,田中　晴也,2025,23000000,24603860,2572366899600,NPB,NPB,xgboost
NPB,河村　説人,2025,12000000,15795274,14404104735076,NPB,NPB,xgboost
NPB,吉川　悠斗,2025,5000000,4540123.5,211486395252.25,NPB,NPB,xgboost
MLB,Joe Saunders,2010,5500000,124521488,14166114605734144,NPB,MLB,xgboost
MLB,Zach Duke,2010,4300000,96789664,8554337946832896,NPB,MLB,xgboost
MLB,Ian Kennedy,2010,423000,117908112,13802751541652544,NPB,MLB,xgboost
MLB,Daniel Hudson,2010,419000,42097772,1737120035427984,NPB,MLB,xgboost
MLB,Barry Enright,2010,418000,28862248,809075244285504,NPB,MLB,xgboost
MLB,Trevor Cahill,2010,6100000,131569392,15742568328849664,NPB,MLB,xgboost
MLB,Dallas Braden,2010,3350000,152980992,22389433766904064,NPB,MLB,xgboost
MLB,Rich Harden,2010,1500000,47167220,2085494982528400,NPB,MLB,xgboost
MLB,Trevor Cahill,2010,440000,131569392,17194917446289664,NPB,MLB,xgboost
MLB,Gio González,2010,420000,111066792,12242712579891264,NPB,MLB,xgboost
MLB,Bobby Cramer,2010,414000,62933652,3908706886201104,NPB,MLB,xgboost
MLB,Jair Jurrjens,2010,3250000,26478936,539583467692096,NPB,MLB,xgboost
MLB,Tommy Hanson,2010,456500,145312704,20983319837289616,NPB,MLB,xgboost
MLB,Brandon Beachy,2010,416500,24952034,601992428665156,NPB,MLB,xgboost
MLB,Rodrigo López,2010,414000,192333328,36833028459971584,NPB,MLB,xgboost
MLB,Mike Minor,2010,414000,21728892,454324620971664,NPB,MLB,xgboost
MLB,Jeremy Guthrie,2010,5750000,108086608,10472781336945664,NPB,MLB,xgboost
MLB,Justin Duchscherer,2010,700000,41957024,1702142029336576,NPB,MLB,xgboost
MLB,Brad Bergesen,2010,434000,80055256,6339544407017536,NPB,MLB,xgboost
MLB,Jake Arrieta,2010,419000,29413534,840683001877156,NPB,MLB,xgboost
MLB,Chris Tillman,2010,417000,4010206,12911129358436,NPB,MLB,xgboost
MLB,Josh Beckett,2010,17000000,157867904,19843766377353216,NPB,MLB,xgboost
MLB,Andrew Miller,2010,1300000,52498980,2621335553040400,NPB,MLB,xgboost
MLB,Clay Buchholz,2010,555000,111850424,12386671403339776,NPB,MLB,xgboost
MLB,Matt Garza,2010,5950000,89502384,6981000872083456,NPB,MLB,xgboost
MLB,Tom Gorzelanny,2010,2100000,54301900,272503836361e4,NPB,MLB,xgboost
MLB,Doug Davis,2010,900000,49036128,2317086818832384,NPB,MLB,xgboost
MLB,Randy Wells,2010,475000,97495392,9412956463833664,NPB,MLB,xgboost
MLB,Chris Carpenter,2010,414000,223772688,49889103505081344,NPB,MLB,xgboost
MLB,Casey Coleman,2010,414000,12853376,154738075269376,NPB,MLB,xgboost
MLB,John Danks,2010,6000000,106484992,10097233617240064,NPB,MLB,xgboost
MLB,Bronson Arroyo,2010,11666667,222838944,44593730573364730,NPB,MLB,xgboost
MLB,Johnny Cueto,2010,6750000,155421936,22103344553988096,NPB,MLB,xgboost
MLB,Edinson Vólquez,2010,1625000,45810932,1952396586708624,NPB,MLB,xgboost
MLB,Homer Bailey,2010,441000,39124920,1496445666566400,NPB,MLB,xgboost
MLB,Mike Leake,2010,425000,25461656,626834143662336,NPB,MLB,xgboost
MLB,Travis Wood,2010,422500,31206004,947624118518016,NPB,MLB,xgboost
MLB,Dontrelle Willis,2010,414000,76197760,5743178279737600,NPB,MLB,xgboost
MLB,Justin Masterson,2010,468400,100433632,9993047608813824,NPB,MLB,xgboost
MLB,Mitch Talbot,2010,431700,111259064,12282704611188496,NPB,MLB,xgboost
MLB,Josh Tomlin,2010,417200,33094160,1067783714841600,NPB,MLB,xgboost
MLB,Carlos Carrasco,2010,415800,21716174,453705932539876,NPB,MLB,xgboost
MLB,Jeanmar Gómez,2010,414000,17300422,285151247962084,NPB,MLB,xgboost
MLB,David Huff,2010,414000,50209336,2479575487352896,NPB,MLB,xgboost
MLB,Jorge De La Rosa,2010,10750000,62642816,2692864352409856,NPB,MLB,xgboost
MLB,Jason Hammel,2010,3875000,70128376,4389509831397376,NPB,MLB,xgboost
MLB,Felipe Paulino,2010,790000,64956380,4117324322304400,NPB,MLB,xgboost
MLB,Jhoulys Chacín,2010,419000,25574810,632814776756100,NPB,MLB,xgboost
MLB,Brad Penny,2010,3000000,64602268,3794839422743824,NPB,MLB,xgboost
MLB,Armando Galarraga,2010,2300000,55778656,2859966647566336,NPB,MLB,xgboost
MLB,Max Scherzer,2010,600000,166514608,27527657147793664,NPB,MLB,xgboost
MLB,Andy Oliver,2010,414000,15128583,216518952863889,NPB,MLB,xgboost
MLB,Wandy Rodríguez,2010,11333333,183232112,29549190221690840,NPB,MLB,xgboost
MLB,Brett Myers,2010,11500000,154078880,20328737022054400,NPB,MLB,xgboost
MLB,J.A. Happ,2010,474000,36767412,1317211754601744,NPB,MLB,xgboost
MLB,Bud Norris,2010,437500,93003680,8568497679792400,NPB,MLB,xgboost
MLB,Kyle Davies,2010,3200000,98873224,9153365790554176,NPB,MLB,xgboost
MLB,Jeff Francis,2010,2000000,100561432,9714355877890624,NPB,MLB,xgboost
MLB,Bruce Chen,2010,2000000,178584144,31181959912212736,NPB,MLB,xgboost
MLB,Luke Hochevar,2010,1760000,45845588,1943539069305744,NPB,MLB,xgboost
MLB,Sean O'Sullivan,2010,420500,8041899.5,58085730338600.25,NPB,MLB,xgboost
MLB,Vin Mazzaro,2010,414000,30320404,894393000211216,NPB,MLB,xgboost
MLB,Jered Weaver,2010,7365000,164013408,24538723728934464,NPB,MLB,xgboost
MLB,Ted Lilly,2010,11000000,232365376,49002629691621376,NPB,MLB,xgboost
MLB,Hiroki Kuroda,2010,12000000,181094080,28592807891046400,NPB,MLB,xgboost
MLB,Jon Garland,2010,5000000,183136192,31732502900260864,NPB,MLB,xgboost
MLB,Chad Billingsley,2010,3275000,160102256,24594788224489536,NPB,MLB,xgboost
MLB,Clayton Kershaw,2010,500000,142829024,20257551072792576,NPB,MLB,xgboost
MLB,Ricky Nolasco,2010,8833333,105492696,9343032455565768,NPB,MLB,xgboost
MLB,Javier Vázquez,2010,7000000,130610000,152794321e8,NPB,MLB,xgboost
MLB,Aníbal Sánchez,2010,3700000,170808080,27925110401286400,NPB,MLB,xgboost
MLB,Shawn Hill,2010,600000,20261368,386569391631424,NPB,MLB,xgboost
MLB,Chris Volstad,2010,445000,52291556,2688065369061136,NPB,MLB,xgboost
MLB,Alex Sanabia,2010,414000,13947462,183154593705444,NPB,MLB,xgboost
MLB,Shaun Marcum,2010,3950000,181883392,31660291988625664,NPB,MLB,xgboost
MLB,Chris Narveson,2010,444150,96366280,9201055023736900,NPB,MLB,xgboost
MLB,Mark Rogers,2010,414000,16726588,266100527257744,NPB,MLB,xgboost
MLB,Carl Pavano,2010,8250000,151014272,20381637359689984,NPB,MLB,xgboost
MLB,Francisco Liriano,2010,4300000,199546832,38121325406036224,NPB,MLB,xgboost
MLB,Kevin Slowey,2010,2700000,77630400,561456484416e4,NPB,MLB,xgboost
MLB,R.A. Dickey,2010,3900000,180697152,31257232955311104,NPB,MLB,xgboost
MLB,Mike Pelfrey,2010,3925000,163377728,25425172466641984,NPB,MLB,xgboost
MLB,Chris Young,2010,1100000,37271296,1308362654319616,NPB,MLB,xgboost
MLB,Dillon Gee,2010,400000,14965503,212153877643009,NPB,MLB,xgboost
MLB,Phil Hughes,2010,2700000,82496624,6367501201797376,NPB,MLB,xgboost
MLB,Kevin Millwood,2010,1500000,193988656,37051882688686336,NPB,MLB,xgboost
MLB,Freddy García,2010,1500000,172373888,29197885600236544,NPB,MLB,xgboost
MLB,Iván Nova,2010,432900,9063381,74485202291361,NPB,MLB,xgboost
MLB,Cliff Lee,2010,24000000,261062704,56198725627791616,NPB,MLB,xgboost
MLB,Roy Halladay,2010,20000000,205488912,34406136474943744,NPB,MLB,xgboost
MLB,Kyle Kendrick,2010,2450000,104961544,10508616653263936,NPB,MLB,xgboost
MLB,Kevin Correia,2010,4000000,100690424,9349038093299776,NPB,MLB,xgboost
MLB,Ross Ohlendorf,2010,2025000,50927812,2391485021507344,NPB,MLB,xgboost
MLB,Jeff Karstens,2010,1100000,46151352,2029624317027904,NPB,MLB,xgboost
MLB,Scott Olsen,2010,450000,53643532,2829551846635024,NPB,MLB,xgboost
MLB,James McDonald,2010,443000,21407954,439529296222116,NPB,MLB,xgboost
MLB,Charlie Morton,2010,441000,96111640,9152871358009600,NPB,MLB,xgboost
MLB,Brad Lincoln,2010,414500,15361814,223422195814596,NPB,MLB,xgboost
MLB,Aaron Harang,2010,4000000,54493612,2549604852806544,NPB,MLB,xgboost
MLB,Dustin Moseley,2010,900000,4010192.5,9673297387056.25,NPB,MLB,xgboost
MLB,Clayton Richard,2010,468800,155205360,23943403000633600,NPB,MLB,xgboost
MLB,Mat Latos,2010,460700,187669056,35046968556222736,NPB,MLB,xgboost
MLB,Cory Luebke,2010,415600,6852445,41432973554025,NPB,MLB,xgboost
MLB,Wade LeBlanc,2010,414000,39520828,1529343996221584,NPB,MLB,xgboost
MLB,Jason Vargas,2010,2450000,87071184,7160744781561856,NPB,MLB,xgboost
MLB,Doug Fister,2010,436500,50125580,2469004671246400,NPB,MLB,xgboost
MLB,David Pauley,2010,422000,30088574,880105612897476,NPB,MLB,xgboost
MLB,Jonathan Sánchez,2010,4800000,275734464,73405483782967300,NPB,MLB,xgboost
MLB,Jeff Suppan,2010,1000000,102580680,10318634549262400,NPB,MLB,xgboost
MLB,Madison Bumgarner,2010,450000,21436752,440443759509504,NPB,MLB,xgboost
MLB,Jake Westbrook,2010,8250000,155829072,21779582492381184,NPB,MLB,xgboost
MLB,Jaime García,2010,437000,85154280,7177017530598400,NPB,MLB,xgboost
MLB,Wade Davis,2010,3150000,73577080,4959973597326400,NPB,MLB,xgboost
MLB,Jeff Niemann,2010,903000,59814128,3470521002232384,NPB,MLB,xgboost
MLB,Scott Feldman,2010,5750000,54511448,2377678811056704,NPB,MLB,xgboost
MLB,C.J. Wilson,2010,7000000,145138320,19082195452422400,NPB,MLB,xgboost
MLB,Dave Bush,2010,1000000,124776152,15320535803927104,NPB,MLB,xgboost
MLB,Tommy Hunter,2010,442160,17384002,287026010352964,NPB,MLB,xgboost
MLB,Derek Holland,2010,431810,15164646,217056456602896,NPB,MLB,xgboost
MLB,Omar Beltré,2010,415000,37632840,1385167614265600,NPB,MLB,xgboost
MLB,Ricky Romero,2010,6020000,170131264,26932506971677696,NPB,MLB,xgboost
MLB,Brandon Morrow,2010,2300000,81300416,6241065728173056,NPB,MLB,xgboost
MLB,Jesse Litsch,2010,830000,9020935,67091416174225,NPB,MLB,xgboost
MLB,Brett Cecil,2010,443100,75676528,5660068688631184,NPB,MLB,xgboost
MLB,Marc Rzepczynski,2010,429600,31329132,954781077819024,NPB,MLB,xgboost
MLB,Kyle Drabek,2010,416000,16117239,246528906135121,NPB,MLB,xgboost
MLB,John Lannan,2010,2750000,15544926,163710131345476,NPB,MLB,xgboost
MLB,Liván Hernández,2010,1000000,193003056,36865173513339136,NPB,MLB,xgboost
MLB,Jordan Zimmermann,2010,415000,17225240,282584168857600,NPB,MLB,xgboost
MLB,Ross Detwiler,2010,414000,16314761,252834200379121,NPB,MLB,xgboost
MLB,Craig Stammen,2010,414000,42123280,1739664038118400,NPB,MLB,xgboost
MLB,Joe Saunders,2011,6000000,204999216,39600687968614656,NPB,MLB,xgboost
MLB,Ian Kennedy,2011,519500,152520176,23104205504456976,NPB,MLB,xgboost
MLB,Daniel Hudson,2011,504000,139045008,19193610897656064,NPB,MLB,xgboost
MLB,Josh Collmenter,2011,486000,110336464,12067124441015296,NPB,MLB,xgboost
MLB,Wade Miley,2011,481000,18933960,340511732761600,NPB,MLB,xgboost
MLB,Brandon McCarthy,2011,4275000,80605336,5826320193872896,NPB,MLB,xgboost
MLB,Dallas Braden,2011,3350000,17481202,199690869964804,NPB,MLB,xgboost
MLB,Bartolo Colon,2011,2000000,175308928,30035984524509184,NPB,MLB,xgboost
MLB,Tyson Ross,2011,480000,12263290,138845923224100,NPB,MLB,xgboost
MLB,Brad Peacock,2011,480000,13030964,157526697329296,NPB,MLB,xgboost
MLB,Jarrod Parker,2011,480000,11612625,123935339390625,NPB,MLB,xgboost
MLB,Tommy Milone,2011,480000,9306713,77910862384369,NPB,MLB,xgboost
MLB,Graham Godfrey,2011,480000,17868996,302377181888016,NPB,MLB,xgboost
MLB,Jair Jurrjens,2011,5500000,34035820,814293023072400,NPB,MLB,xgboost
MLB,Tommy Hanson,2011,535000,67199896,4444208358690816,NPB,MLB,xgboost
MLB,Brandon Beachy,2011,495000,86546016,7404777354632256,NPB,MLB,xgboost
MLB,Mike Minor,2011,482500,26734080,689145452496400,NPB,MLB,xgboost
MLB,Julio Teheran,2011,480000,22504704,485087586287616,NPB,MLB,xgboost
MLB,Randall Delgado,2011,480000,16850128,267981090736384,NPB,MLB,xgboost
MLB,Dana Eveland,2011,750000,20135458,375795981869764,NPB,MLB,xgboost
MLB,Dontrelle Willis,2011,700000,46096964,2060884340417296,NPB,MLB,xgboost
MLB,Tommy Hunter,2011,493500,22815404,498267398185216,NPB,MLB,xgboost
MLB,Jake Arrieta,2011,488500,49983444,2449749481563136,NPB,MLB,xgboost
MLB,Zack Britton,2011,486000,82268072,6688307300613184,NPB,MLB,xgboost
MLB,Chris Tillman,2011,480000,21331840,434799231385600,NPB,MLB,xgboost
MLB,Clay Buchholz,2011,7486250,36080052,817605512815204,NPB,MLB,xgboost
MLB,Aaron Cook,2011,1500000,96571640,9038616732289600,NPB,MLB,xgboost
MLB,Andrew Miller,2011,1040000,38676552,1416510046448704,NPB,MLB,xgboost
MLB,Chris Carpenter,2011,482000,165875248,27354926483989504,NPB,MLB,xgboost
MLB,Matt Garza,2011,9500000,151915472,20282166664982784,NPB,MLB,xgboost
MLB,Paul Maholm,2011,4250000,126442192,14930931785764864,NPB,MLB,xgboost
MLB,Randy Wells,2011,2705000,57647000,3018623364e6,NPB,MLB,xgboost
MLB,Chris Volstad,2011,2655000,71471680,4735735446222400,NPB,MLB,xgboost
MLB,Travis Wood,2011,480000,26109838,656888595906244,NPB,MLB,xgboost
MLB,Casey Coleman,2011,480000,27848196,749018152294416,NPB,MLB,xgboost
MLB,John Danks,2011,13000000,115983888,10605681187596544,NPB,MLB,xgboost
MLB,Philip Humber,2011,530000,83444464,6874808340407296,NPB,MLB,xgboost
MLB,Zach Stewart,2011,481500,22005528,463283781344784,NPB,MLB,xgboost
MLB,Dylan Axelrod,2011,480000,14637767,200442366426289,NPB,MLB,xgboost
MLB,Homer Bailey,2011,2425000,41590832,1533962396252224,NPB,MLB,xgboost
MLB,Mat Latos,2011,550000,135934208,18328883775787264,NPB,MLB,xgboost
MLB,Mike Leake,2011,507500,59679436,3501318009988096,NPB,MLB,xgboost
MLB,Alfredo Simón,2011,487500,63353692,3952158096580864,NPB,MLB,xgboost
MLB,Justin Masterson,2011,3825000,130981680,16168821268622400,NPB,MLB,xgboost
MLB,Josh Tomlin,2011,494500,56857440,3176781005443600,NPB,MLB,xgboost
MLB,Carlos Carrasco,2011,488500,60233224,3569432045836176,NPB,MLB,xgboost
MLB,David Huff,2011,486200,9617222,83375562764484,NPB,MLB,xgboost
MLB,Jeanmar Gómez,2011,482700,16511045,256907843439025,NPB,MLB,xgboost
MLB,Zach McAllister,2011,480000,8125127.5,58447974491256.25,NPB,MLB,xgboost
MLB,Jeremy Guthrie,2011,8200000,198483360,36207757092889600,NPB,MLB,xgboost
MLB,Kevin Slowey,2011,2750000,33406792,939838895731264,NPB,MLB,xgboost
MLB,Jhoulys Chacín,2011,482000,160195360,25508357362489600,NPB,MLB,xgboost
MLB,Josh Outman,2011,482000,17635744,294250933217536,NPB,MLB,xgboost
MLB,Esmil Rogers,2011,481000,44051176,1898360236670976,NPB,MLB,xgboost
MLB,Guillermo Moscoso,2011,480000,43544308,1854534623518864,NPB,MLB,xgboost
MLB,Drew Pomeranz,2011,480000,13621740,172705330227600,NPB,MLB,xgboost
MLB,Jeff Francis,2011,480000,100740208,10052109308203264,NPB,MLB,xgboost
MLB,Alex White,2011,480000,19705062,369603008903844,NPB,MLB,xgboost
MLB,Tyler Chatwood,2011,480000,32132384,1001873412883456,NPB,MLB,xgboost
MLB,Juan Nicasio,2011,480000,23656684,537158681235856,NPB,MLB,xgboost
MLB,Max Scherzer,2011,3750000,131383808,16290388944580864,NPB,MLB,xgboost
MLB,Rick Porcello,2011,3100000,104491216,10280178681958656,NPB,MLB,xgboost
MLB,Doug Fister,2011,507500,151168064,22698605544798096,NPB,MLB,xgboost
MLB,J.A. Happ,2011,2350000,101672536,9864966157471296,NPB,MLB,xgboost
MLB,Bud Norris,2011,511000,86289296,7357916064663616,NPB,MLB,xgboost
MLB,Kyle Weiland,2011,481500,14993089,210586215304921,NPB,MLB,xgboost
MLB,Jordan Lyles,2011,480000,23998414,553115797075396,NPB,MLB,xgboost
MLB,Bruce Chen,2011,4500000,216813104,45076854130114816,NPB,MLB,xgboost
MLB,Jonathan Sánchez,2011,5600000,57715496,2716024923326016,NPB,MLB,xgboost
MLB,Luke Hochevar,2011,3510000,107039488,10718354885542144,NPB,MLB,xgboost
MLB,Felipe Paulino,2011,1900000,39565180,1418665784432400,NPB,MLB,xgboost
MLB,Sean O'Sullivan,2011,493500,28196702,767467401052804,NPB,MLB,xgboost
MLB,Vin Mazzaro,2011,490875,15452939,223863359140096,NPB,MLB,xgboost
MLB,Luis Mendoza,2011,488925,9561312,82308205877769,NPB,MLB,xgboost
MLB,Danny Duffy,2011,487750,12546789,145420421603521,NPB,MLB,xgboost
MLB,Jered Weaver,2011,17000000,171895104,23992493243170816,NPB,MLB,xgboost
MLB,C.J. Wilson,2011,15500000,253744240,56760317893177600,NPB,MLB,xgboost
MLB,Jerome Williams,2011,820000,17087862,264643334051044,NPB,MLB,xgboost
MLB,Barry Enright,2011,480000,19564348,364212338585104,NPB,MLB,xgboost
MLB,Brad Mills,2011,480000,23843586,545857150779396,NPB,MLB,xgboost
MLB,Chad Billingsley,2011,11666667,103832344,8494512016868329,NPB,MLB,xgboost
MLB,Clayton Kershaw,2011,9500000,254174896,59865804732610816,NPB,MLB,xgboost
MLB,Aaron Harang,2011,6000000,215469472,43877459699958784,NPB,MLB,xgboost
MLB,Chris Capuano,2011,5000000,212592800,4309477061184e4,NPB,MLB,xgboost
MLB,Rubby De La Rosa,2011,482500,22849190,500268821556100,NPB,MLB,xgboost
MLB,Nathan Eovaldi,2011,480000,7766785.5,53097242923010.25,NPB,MLB,xgboost
MLB,Mark Buehrle,2011,14500000,208675552,37704144994504704,NPB,MLB,xgboost
MLB,Aníbal Sánchez,2011,8000000,283984096,76167221244937220,NPB,MLB,xgboost
MLB,Wade LeBlanc,2011,480000,39933436,1556573612206096,NPB,MLB,xgboost
MLB,Alex Sanabia,2011,480000,12025707,133303350129849,NPB,MLB,xgboost
MLB,Brad Hand,2011,480000,22746554,495799427034916,NPB,MLB,xgboost
MLB,Shaun Marcum,2011,7725000,169026304,26018110672100416,NPB,MLB,xgboost
MLB,Liván Hernández,2011,750000,179680496,32016122398806016,NPB,MLB,xgboost
MLB,Chris Narveson,2011,500000,110131792,12019129817131264,NPB,MLB,xgboost
MLB,Francisco Liriano,2011,5500000,63169504,3325771691606016,NPB,MLB,xgboost
MLB,Brian Duensing,2011,515000,150918832,22621312680284224,NPB,MLB,xgboost
MLB,Scott Diamond,2011,480000,17846840,301607131585600,NPB,MLB,xgboost
MLB,Liam Hendriks,2011,480000,7842227.5,54202393761756.25,NPB,MLB,xgboost
MLB,Mike Pelfrey,2011,5687500,70076280,4145914989888400,NPB,MLB,xgboost
MLB,Chris Young,2011,900000,66487860,4301767379379600,NPB,MLB,xgboost
MLB,Dillon Gee,2011,502000,79302360,6209496736129600,NPB,MLB,xgboost
MLB,CC Sabathia,2011,24400000,361735680,113795361001062400,NPB,MLB,xgboost
MLB,Hiroki Kuroda,2011,10000000,229373568,48124762337050624,NPB,MLB,xgboost
MLB,Freddy García,2011,4000000,249238880,60142108263654400,NPB,MLB,xgboost
MLB,Phil Hughes,2011,3200000,34584164,984965749978896,NPB,MLB,xgboost
MLB,Derek Lowe,2011,1000000,162898608,26211159272337664,NPB,MLB,xgboost
MLB,Michael Pineda,2011,528475,104180368,10743714922483448,NPB,MLB,xgboost
MLB,Iván Nova,2011,527200,45311116,2005599132295056,NPB,MLB,xgboost
MLB,Dellin Betances,2011,481000,3384169,8428390242561,NPB,MLB,xgboost
MLB,Cole Hamels,2011,15000000,238322656,49873008682894336,NPB,MLB,xgboost
MLB,Joel Piñeiro,2011,1500000,137932384,18613795403923456,NPB,MLB,xgboost
MLB,Vance Worley,2011,495000,36195468,1274523415419024,NPB,MLB,xgboost
MLB,Érik Bédard,2011,4500000,210921184,42609705203961856,NPB,MLB,xgboost
MLB,Jeff Karstens,2011,3100000,100170080,9422600431206400,NPB,MLB,xgboost
MLB,Charlie Morton,2011,2445000,62606600,361941811456e4,NPB,MLB,xgboost
MLB,James McDonald,2011,502500,74862416,5529397107527056,NPB,MLB,xgboost
MLB,Rick van den Hurk,2011,480000,7751945,52881184083025,NPB,MLB,xgboost
MLB,Jeff Locke,2011,480000,9963078,89928768354084,NPB,MLB,xgboost
MLB,Tim Stauffer,2011,3200000,95894928,8592349676925184,NPB,MLB,xgboost
MLB,Jason Marquis,2011,3000000,127604000,15526156816e6,NPB,MLB,xgboost
MLB,Clayton Richard,2011,2705000,30274232,760062553069824,NPB,MLB,xgboost
MLB,Edinson Vólquez,2011,2237500,25657062,548475884271844,NPB,MLB,xgboost
MLB,Dustin Moseley,2011,2012500,60666072,3440241508359184,NPB,MLB,xgboost
MLB,Ross Ohlendorf,2011,900000,28083974,738968442432676,NPB,MLB,xgboost
MLB,Jason Vargas,2011,4850000,113441800,1179217902724e4,NPB,MLB,xgboost
MLB,Kevin Millwood,2011,1000000,108655984,11589810891008256,NPB,MLB,xgboost
MLB,Blake Beavan,2011,486500,22424960,481296027171600,NPB,MLB,xgboost
MLB,Tim Lincecum,2011,20250000,154769696,18095548611932416,NPB,MLB,xgboost
MLB,Ryan Vogelsong,2011,4000000,207331264,41343602919837696,NPB,MLB,xgboost
MLB,Madison Bumgarner,2011,560000,135997552,18343330491752704,NPB,MLB,xgboost
MLB,Brad Penny,2011,500000,133935824,17805119126558976,NPB,MLB,xgboost
MLB,Eric Surkamp,2011,480000,13442036,168014377265296,NPB,MLB,xgboost
MLB,Jaime García,2011,6875000,163790432,24622452799746624,NPB,MLB,xgboost
MLB,Chris Carpenter,2011,10500000,165875248,24141467691061504,NPB,MLB,xgboost
MLB,David Price,2011,4350000,151107216,21537680448070656,NPB,MLB,xgboost
MLB,Jeff Niemann,2011,2750000,70072912,4532374480159744,NPB,MLB,xgboost
MLB,Jeremy Hellickson,2011,489500,129579000,1666409901025e4,NPB,MLB,xgboost
MLB,Alex Cobb,2011,480000,12711115,149600174143225,NPB,MLB,xgboost
MLB,Derek Holland,2011,5700000,90071832,7118606035036224,NPB,MLB,xgboost
MLB,Roy Oswalt,2011,5000000,185224688,32480938164697344,NPB,MLB,xgboost
MLB,Matt Harrison,2011,2950000,177305744,30399925465793536,NPB,MLB,xgboost
MLB,Derek Holland,2011,504700,90071832,8022271134705424,NPB,MLB,xgboost
MLB,Alexi Ogando,2011,497600,77527480,5933602412814400,NPB,MLB,xgboost
MLB,Brandon Morrow,2011,6666667,138014368,17252218557985400,NPB,MLB,xgboost
MLB,Dustin McGowan,2011,1366667,32499406,969247437642121,NPB,MLB,xgboost
MLB,Nelson Figueroa,2011,650000,43189952,1809647516162304,NPB,MLB,xgboost
MLB,Kyle Drabek,2011,485900,1602571,1246954122241,NPB,MLB,xgboost
MLB,Henderson Alvarez III,2011,482900,10484534,100032682669956,NPB,MLB,xgboost
MLB,Brett Cecil,2011,480000,39459180,1519376473472400,NPB,MLB,xgboost
MLB,Gio González,2011,8400000,140995248,17581499792181504,NPB,MLB,xgboost
MLB,Edwin Jackson,2011,11000000,118006400,1145036964096e4,NPB,MLB,xgboost
MLB,John Lannan,2011,5000000,179942560,30604899299353600,NPB,MLB,xgboost
MLB,Chien-Ming Wang,2011,4000000,35017804,962104164982416,NPB,MLB,xgboost
MLB,Tom Gorzelanny,2011,3000000,78650992,5723072590584064,NPB,MLB,xgboost
MLB,Jordan Zimmermann,2011,2300000,45392768,1856986653901824,NPB,MLB,xgboost
MLB,Ross Detwiler,2011,485000,27863162,749563754498244,NPB,MLB,xgboost
MLB,Brandon McCarthy,2012,7750000,61345988,2872529929696144,NPB,MLB,xgboost
MLB,Ian Kennedy,2012,4265000,132729192,16503048626212864,NPB,MLB,xgboost
MLB,Daniel Hudson,2012,518500,29625770,847233166852900,NPB,MLB,xgboost
MLB,Wade Miley,2012,500500,134075304,17842228263638416,NPB,MLB,xgboost
MLB,Randall Delgado,2012,495000,15708170,231440541448900,NPB,MLB,xgboost
MLB,Patrick Corbin,2012,494000,25684106,634541440291236,NPB,MLB,xgboost
MLB,Tyler Skaggs,2012,490000,11679835,125212407327225,NPB,MLB,xgboost
MLB,Bartolo Colon,2012,3000000,218262144,46337790639476736,NPB,MLB,xgboost
MLB,Travis Blackley,2012,550000,56222568,3099434827714624,NPB,MLB,xgboost
MLB,Tommy Milone,2012,495000,99344080,9771140616846400,NPB,MLB,xgboost
MLB,Jarrod Parker,2012,495000,129276712,16584729345650944,NPB,MLB,xgboost
MLB,Dan Straily,2012,492500,27929916,752811796757056,NPB,MLB,xgboost
MLB,A.J. Griffin,2012,492500,31655998,971163607596004,NPB,MLB,xgboost
MLB,Brandon Beachy,2012,510000,32208688,1004806820921344,NPB,MLB,xgboost
MLB,Mike Minor,2012,505000,99087400,971848958976e4,NPB,MLB,xgboost
MLB,Julio Teheran,2012,490000,3225815,7484683714225,NPB,MLB,xgboost
MLB,Jason Hammel,2012,6750000,140957424,18011632656715776,NPB,MLB,xgboost
MLB,Tommy Hunter,2012,1820000,30213470,806189138640900,NPB,MLB,xgboost
MLB,Jake Arrieta,2012,516500,66156976,4308672089506576,NPB,MLB,xgboost
MLB,Chris Tillman,2012,508500,45238940,2000812262593600,NPB,MLB,xgboost
MLB,Miguel González,2012,502000,51023396,2552411453788816,NPB,MLB,xgboost
MLB,Jair Jurrjens,2012,490000,26827060,693640729443600,NPB,MLB,xgboost
MLB,Freddy García,2012,490000,122485528,14882908851998784,NPB,MLB,xgboost
MLB,Ryan Dempster,2012,13250000,266501936,64136543087748096,NPB,MLB,xgboost
MLB,Daniel Bard,2012,1862500,18356346,272046955871716,NPB,MLB,xgboost
MLB,Chris Sale,2012,600000,252236656,63321006642862336,NPB,MLB,xgboost
MLB,Félix Doubront,2012,518500,123735856,15182516819630736,NPB,MLB,xgboost
MLB,Edwin Jackson,2012,13000000,109561120,9324049895654400,NPB,MLB,xgboost
MLB,Matt Garza,2012,10250000,77777568,4559972439994624,NPB,MLB,xgboost
MLB,Scott Feldman,2012,6000000,67584840,3792692517825600,NPB,MLB,xgboost
MLB,Jeff Samardzija,2012,2640000,136850864,18012556015626496,NPB,MLB,xgboost
MLB,Travis Wood,2012,527500,54948052,2961596479984704,NPB,MLB,xgboost
MLB,Brooks Raley,2012,490000,11287342,116582594264964,NPB,MLB,xgboost
MLB,Chris Rusin,2012,490000,24466032,574850110465024,NPB,MLB,xgboost
MLB,Chris Sale,2012,6500000,252236656,60386504102062336,NPB,MLB,xgboost
MLB,Jake Peavy,2012,14500000,171322240,24593214958617600,NPB,MLB,xgboost
MLB,Jose Quintana,2012,500000,4940056.5,19714101723192.25,NPB,MLB,xgboost
MLB,Dylan Axelrod,2012,493000,16339742,251119232014564,NPB,MLB,xgboost
MLB,Mat Latos,2012,5750000,97254128,8373005441040384,NPB,MLB,xgboost
MLB,Homer Bailey,2012,5350000,160329008,24018492920664064,NPB,MLB,xgboost
MLB,Mike Leake,2012,3060000,93668648,8209927092387904,NPB,MLB,xgboost
MLB,Justin Masterson,2012,5678500,143035776,18867021270140176,NPB,MLB,xgboost
MLB,Josh Tomlin,2012,501800,65691748,4249729320242704,NPB,MLB,xgboost
MLB,Zach McAllister,2012,496400,26826784,693289121587456,NPB,MLB,xgboost
MLB,David Huff,2012,493600,15055358,212044796050564,NPB,MLB,xgboost
MLB,Corey Kluber,2012,491800,46410412,2108518928006544,NPB,MLB,xgboost
MLB,Jhoulys Chacín,2012,3250000,12136013,78961227036169,NPB,MLB,xgboost
MLB,Roy Oswalt,2012,2300000,41893420,1567638907296400,NPB,MLB,xgboost
MLB,Chris Volstad,2012,1500000,74490224,5327572799570176,NPB,MLB,xgboost
MLB,Jeff Francis,2012,1500000,103547752,10413743688253504,NPB,MLB,xgboost
MLB,Juan Nicasio,2012,491000,24944162,597957131798244,NPB,MLB,xgboost
MLB,Drew Pomeranz,2012,490000,26463352,674615014115904,NPB,MLB,xgboost
MLB,Edwar Cabrera,2012,490000,12023189,133014448509721,NPB,MLB,xgboost
MLB,Tyler Chatwood,2012,490000,17018300,273184700890000,NPB,MLB,xgboost
MLB,Christian Friedrich,2012,490000,39625712,1531603953746944,NPB,MLB,xgboost
MLB,Justin Verlander,2012,25714286,282208928,65789501374708160,NPB,MLB,xgboost
MLB,Aníbal Sánchez,2012,16000000,114599736,9721907939269696,NPB,MLB,xgboost
MLB,Max Scherzer,2012,6725000,215019568,43386627058306624,NPB,MLB,xgboost
MLB,Rick Porcello,2012,5100000,113775776,11810424289202176,NPB,MLB,xgboost
MLB,Doug Fister,2012,4000000,113959880,12091175209614400,NPB,MLB,xgboost
MLB,Drew Smyly,2012,498000,23793270,542669604372900,NPB,MLB,xgboost
MLB,Bud Norris,2012,3000000,110067600,1146347096976e4,NPB,MLB,xgboost
MLB,Érik Bédard,2012,1150000,85091656,7046201612022336,NPB,MLB,xgboost
MLB,Philip Humber,2012,850000,50093344,2424906928302336,NPB,MLB,xgboost
MLB,Lucas Harrell,2012,500700,88872176,7809517770418576,NPB,MLB,xgboost
MLB,Alex White,2012,497100,21155276,426760235646976,NPB,MLB,xgboost
MLB,Jordan Lyles,2012,490000,60842212,3642389493292944,NPB,MLB,xgboost
MLB,Dallas Keuchel,2012,490000,19484084,360775226999056,NPB,MLB,xgboost
MLB,Jeremy Guthrie,2012,8333333,141233504,17662455451829240,NPB,MLB,xgboost
MLB,Luke Hochevar,2012,4560000,111113912,11353736162503744,NPB,MLB,xgboost
MLB,Felipe Paulino,2012,1750000,39242832,1405712451380224,NPB,MLB,xgboost
MLB,Luis Mendoza,2012,532000,122212312,14806098328417344,NPB,MLB,xgboost
MLB,Danny Duffy,2012,505125,18497056,323709581108761,NPB,MLB,xgboost
MLB,Will Smith,2012,496500,13472904,168387060771216,NPB,MLB,xgboost
MLB,Joe Blanton,2012,7500000,236052720,52236345819398400,NPB,MLB,xgboost
MLB,Jason Vargas,2012,8500000,115383392,11424059485425664,NPB,MLB,xgboost
MLB,Tommy Hanson,2012,3725000,118570576,13189506326771776,NPB,MLB,xgboost
MLB,Zack Greinke,2012,24500000,242845616,47674808026419456,NPB,MLB,xgboost
MLB,Stephen Fife,2012,492500,4558975.5,16536222992100.25,NPB,MLB,xgboost
MLB,Edinson Vólquez,2012,490000,89849496,7985119525374016,NPB,MLB,xgboost
MLB,Henderson Alvarez III,2012,507900,82435112,6712068066092944,NPB,MLB,xgboost
MLB,Nathan Eovaldi,2012,502000,18002862,306280170743044,NPB,MLB,xgboost
MLB,Brad Hand,2012,490000,8076977.5,57562227585506.25,NPB,MLB,xgboost
MLB,Kyle Lohse,2012,11000000,295026240,80670905008537600,NPB,MLB,xgboost
MLB,Marco Estrada,2012,1955000,65653192,4057459664068864,NPB,MLB,xgboost
MLB,Chris Narveson,2012,840000,7992584.5,51159465029640.25,NPB,MLB,xgboost
MLB,Mark Rogers,2012,491000,43929692,1886919962670864,NPB,MLB,xgboost
MLB,Wily Peralta,2012,490000,13455276,168098381756176,NPB,MLB,xgboost
MLB,Kevin Correia,2012,5000000,178824272,30214877536329984,NPB,MLB,xgboost
MLB,Mike Pelfrey,2012,4000000,25851060,477468823123600,NPB,MLB,xgboost
MLB,Scott Diamond,2012,530000,70645080,4916124443406400,NPB,MLB,xgboost
MLB,Vance Worley,2012,525000,40418072,1591457193597184,NPB,MLB,xgboost
MLB,Liam Hendriks,2012,500000,56639896,3151687922890816,NPB,MLB,xgboost
MLB,Shaun Marcum,2012,4000000,74497264,4969864231485696,NPB,MLB,xgboost
MLB,Dillon Gee,2012,527375,55926696,3069084767261041,NPB,MLB,xgboost
MLB,Jeremy Hefner,2012,500625,26508542,676411746678889,NPB,MLB,xgboost
MLB,Matt Harvey,2012,498750,35966144,1257936037151236,NPB,MLB,xgboost
MLB,Jenrry Mejía,2012,494925,10255442,95267692107289,NPB,MLB,xgboost
MLB,Daisuke Matsuzaka,2012,490000,63787944,4006629714627136,NPB,MLB,xgboost
MLB,Hiroki Kuroda,2012,15000000,205067776,36125759473586176,NPB,MLB,xgboost
MLB,Andy Pettitte,2012,12000000,106881400,900248006596e4,NPB,MLB,xgboost
MLB,Phil Hughes,2012,7150000,113828520,11380306629390400,NPB,MLB,xgboost
MLB,Iván Nova,2012,575600,117742824,13728158379866176,NPB,MLB,xgboost
MLB,Adam Warren,2012,490525,11380393,118589225057424,NPB,MLB,xgboost
MLB,Cole Hamels,2012,24000000,266645008,58876599907320064,NPB,MLB,xgboost
MLB,John Lannan,2012,2500000,19653508,294242836706064,NPB,MLB,xgboost
MLB,Aaron Cook,2012,1625000,60572140,3474765314179600,NPB,MLB,xgboost
MLB,Francisco Liriano,2012,3500000,121935768,14027031141749824,NPB,MLB,xgboost
MLB,James McDonald,2012,3025000,79202520,5803014553350400,NPB,MLB,xgboost
MLB,Jeff Karstens,2012,2500000,62108584,3553183286485056,NPB,MLB,xgboost
MLB,Charlie Morton,2012,2000000,17879240,252150262977600,NPB,MLB,xgboost
MLB,Jonathan Sánchez,2012,1375000,87886032,7484158657705024,NPB,MLB,xgboost
MLB,Jeanmar Gómez,2012,500000,22002386,462352603692996,NPB,MLB,xgboost
MLB,Jeff Locke,2012,497500,16430534,253861572445156,NPB,MLB,xgboost
MLB,Edinson Vólquez,2012,5725000,89849496,7076930827254016,NPB,MLB,xgboost
MLB,Clayton Richard,2012,5240000,131189864,15863368241618496,NPB,MLB,xgboost
MLB,Jason Marquis,2012,3000000,155915264,23383077964189696,NPB,MLB,xgboost
MLB,Tim Stauffer,2012,1000000,12402098,130007838801604,NPB,MLB,xgboost
MLB,Eric Stults,2012,507600,69138400,471018670864e4,NPB,MLB,xgboost
MLB,Anthony Bass,2012,503600,16682937,261770945759569,NPB,MLB,xgboost
MLB,Tyson Ross,2012,500500,55540252,3029374300221504,NPB,MLB,xgboost
MLB,Joe Wieland,2012,494300,10346938,97074475559044,NPB,MLB,xgboost
MLB,Casey Kelly,2012,491400,19189824,349631060083776,NPB,MLB,xgboost
MLB,Félix Hernández,2012,25000000,236555344,44755663574958336,NPB,MLB,xgboost
MLB,Hisashi Iwakuma,2012,7000000,73938632,4480780454031424,NPB,MLB,xgboost
MLB,Joe Saunders,2012,6500000,151384768,20991595998413824,NPB,MLB,xgboost
MLB,Blake Beavan,2012,506700,48864040,2338432331875600,NPB,MLB,xgboost
MLB,Erasmo Ramírez,2012,490000,10845526,107236918736676,NPB,MLB,xgboost
MLB,Héctor Noesí,2012,490000,15378668,221672434814224,NPB,MLB,xgboost
MLB,Matt Cain,2012,22500000,166415408,20711644659806464,NPB,MLB,xgboost
MLB,Madison Bumgarner,2012,7000000,145461424,19171565936107776,NPB,MLB,xgboost
MLB,Yusmeiro Petit,2012,490000,20608844,404767883896336,NPB,MLB,xgboost
MLB,Jake Westbrook,2012,9750000,154205904,20867508200457216,NPB,MLB,xgboost
MLB,Lance Lynn,2012,513000,139274496,19254752772158016,NPB,MLB,xgboost
MLB,Joe Kelly,2012,493000,18027214,307448660597796,NPB,MLB,xgboost
MLB,David Price,2012,10112500,261636544,63264344710113936,NPB,MLB,xgboost
MLB,Roberto Hernández,2012,3250000,19356338,259414123770244,NPB,MLB,xgboost
MLB,Jeff Niemann,2012,3000000,32004264,841247330181696,NPB,MLB,xgboost
MLB,Jeremy Hellickson,2012,503000,101054856,10110675745044736,NPB,MLB,xgboost
MLB,Alex Cobb,2012,502200,95469640,9018814660153600,NPB,MLB,xgboost
MLB,Chris Archer,2012,490000,18106860,310353756259600,NPB,MLB,xgboost
MLB,Jake Odorizzi,2012,490000,2092959.125,2569477956420.7656,NPB,MLB,xgboost
MLB,Matt Harrison,2012,11000000,138882736,16353994166845696,NPB,MLB,xgboost
MLB,Neftalí Feliz,2012,2900000,17439618,211400491585924,NPB,MLB,xgboost
MLB,Colby Lewis,2012,2000000,263390240,68324857567257600,NPB,MLB,xgboost
MLB,Martín Pérez,2012,492000,12031540,133160983411600,NPB,MLB,xgboost
MLB,Travis Blackley,2012,490000,56222568,3106119135874624,NPB,MLB,xgboost
MLB,J.A. Happ,2012,3700000,170749296,27905467294095616,NPB,MLB,xgboost
MLB,Kyle Drabek,2012,499500,33381582,1081231316654724,NPB,MLB,xgboost
MLB,Drew Hutchison,2012,493200,15604519,228351961919761,NPB,MLB,xgboost
MLB,Todd Redmond,2012,490000,15975521,239801360641441,NPB,MLB,xgboost
MLB,Dan Haren,2012,13000000,137611776,15528094717874176,NPB,MLB,xgboost
MLB,Jordan Zimmermann,2012,5350000,200397728,38043616197961984,NPB,MLB,xgboost
MLB,Ross Detwiler,2012,2337500,58462600,315002685001e4,NPB,MLB,xgboost
MLB,Chris Young,2012,2000000,123862496,14850467931350016,NPB,MLB,xgboost
MLB,Ross Ohlendorf,2012,490000,26658802,684806198115204,NPB,MLB,xgboost
MLB,Bronson Arroyo,2013,11750000,186899824,30677460847230976,NPB,MLB,xgboost
MLB,Wade Miley,2013,523500,134792336,18028120320794896,NPB,MLB,xgboost
MLB,Patrick Corbin,2013,515000,135598224,18247477406234176,NPB,MLB,xgboost
MLB,Randall Delgado,2013,510000,30634928,907511287005184,NPB,MLB,xgboost
MLB,Scott Kazmir,2013,11000000,173188512,26305113424774144,NPB,MLB,xgboost
MLB,Tommy Milone,2013,510000,82551856,6730866135924736,NPB,MLB,xgboost
MLB,Drew Pomeranz,2013,505000,20393552,395554500656704,NPB,MLB,xgboost
MLB,Dan Straily,2013,505000,49082384,2359762236283456,NPB,MLB,xgboost
MLB,A.J. Griffin,2013,505000,88985512,7828801003782144,NPB,MLB,xgboost
MLB,Sonny Gray,2013,502500,40153112,1572171031974544,NPB,MLB,xgboost
MLB,Jarrod Parker,2013,500000,79329408,6214075565630464,NPB,MLB,xgboost
MLB,Julio Teheran,2013,5400000,198507824,37290631690014976,NPB,MLB,xgboost
MLB,Ervin Santana,2013,14100000,185568928,29401593269469184,NPB,MLB,xgboost
MLB,Kris Medlen,2013,5800000,171376800,2741567669824e4,NPB,MLB,xgboost
MLB,Gavin Floyd,2013,4000000,51035900,221237588881e4,NPB,MLB,xgboost
MLB,Mike Minor,2013,3850000,163038816,25341079139481856,NPB,MLB,xgboost
MLB,Brandon Beachy,2013,1450000,36459460,1225662289491600,NPB,MLB,xgboost
MLB,Freddy García,2013,1250000,110360272,11905051455913984,NPB,MLB,xgboost
MLB,Aaron Harang,2013,1000000,128287240,16202041466817600,NPB,MLB,xgboost
MLB,David Hale,2013,502500,6447506,35343096340036,NPB,MLB,xgboost
MLB,Ubaldo Jiménez,2013,12500000,308392032,87552094601089020,NPB,MLB,xgboost
MLB,Bud Norris,2013,5300000,124601184,14232772503801856,NPB,MLB,xgboost
MLB,Alfredo Aceves,2013,1200000,17922168,279630902620224,NPB,MLB,xgboost
MLB,Chris Tillman,2013,546000,128442928,16357624191837184,NPB,MLB,xgboost
MLB,Miguel González,2013,529000,110776568,12154526249914624,NPB,MLB,xgboost
MLB,Zack Britton,2013,521500,18513208,323701556757264,NPB,MLB,xgboost
MLB,Chris Capuano,2013,2250000,155999072,23638777140861184,NPB,MLB,xgboost
MLB,Félix Doubront,2013,586000,68107736,4559184832453696,NPB,MLB,xgboost
MLB,Allen Webster,2013,500000,15997657,240177372489649,NPB,MLB,xgboost
MLB,Jason Hammel,2013,6000000,102312904,9276175476913216,NPB,MLB,xgboost
MLB,Jeff Samardzija,2013,5345000,132851312,16257859599841344,NPB,MLB,xgboost
MLB,Travis Wood,2013,3900000,101314240,9489534154777600,NPB,MLB,xgboost
MLB,James McDonald,2013,1000000,23404968,501982591081024,NPB,MLB,xgboost
MLB,Jake Arrieta,2013,544500,37167356,1341233581596736,NPB,MLB,xgboost
MLB,Justin Grimm,2013,505500,17537412,290086026375744,NPB,MLB,xgboost
MLB,Chris Rusin,2013,503500,22416990,480201043980100,NPB,MLB,xgboost
MLB,Jose Quintana,2013,5300000,82798560,6006026802073600,NPB,MLB,xgboost
MLB,Jose Quintana,2013,550000,82798560,6764825622073600,NPB,MLB,xgboost
MLB,Erik Johnson,2013,500000,18759182,333397727309124,NPB,MLB,xgboost
MLB,Eric Surkamp,2013,500000,11525913,121570757483569,NPB,MLB,xgboost
MLB,André Rienzo,2013,500000,18301222,316883504693284,NPB,MLB,xgboost
MLB,Dylan Axelrod,2013,500000,87895744,7638016069313536,NPB,MLB,xgboost
MLB,Homer Bailey,2013,17500000,143872064,15969898559620096,NPB,MLB,xgboost
MLB,Mike Leake,2013,5925000,197250176,36605322971430976,NPB,MLB,xgboost
MLB,Chien-Ming Wang,2013,1250000,58652956,3295099357537936,NPB,MLB,xgboost
MLB,Tony Cingrani,2013,512500,30578732,903978306677824,NPB,MLB,xgboost
MLB,Jair Jurrjens,2013,500000,28401256,778480086377536,NPB,MLB,xgboost
MLB,Pedro Villarreal,2013,500000,8544279,64710424629841,NPB,MLB,xgboost
MLB,David Holmberg,2013,500000,5313628.5,23171019336012.25,NPB,MLB,xgboost
MLB,Justin Masterson,2013,9762500,184588880,30564263143904400,NPB,MLB,xgboost
MLB,Shaun Marcum,2013,1000000,44816456,1919881816399936,NPB,MLB,xgboost
MLB,Corey Kluber,2013,514000,54993424,2968007639371776,NPB,MLB,xgboost
MLB,Zach McAllister,2013,504500,51037828,2553617238755584,NPB,MLB,xgboost
MLB,Danny Salazar,2013,501500,35593948,1231479906632704,NPB,MLB,xgboost
MLB,Juan Nicasio,2013,2025000,58863264,3230588254533696,NPB,MLB,xgboost
MLB,Tyler Chatwood,2013,502000,28818412,801819188553744,NPB,MLB,xgboost
MLB,Jordan Lyles,2013,502000,13315540,164186807331600,NPB,MLB,xgboost
MLB,Chris Capuano,2013,500000,155999072,24179961392861184,NPB,MLB,xgboost
MLB,Chad Bettis,2013,500000,18252166,315139397691556,NPB,MLB,xgboost
MLB,Max Scherzer,2013,15525000,227901856,45103928964444736,NPB,MLB,xgboost
MLB,Rick Porcello,2013,8500000,93458008,7217863123328064,NPB,MLB,xgboost
MLB,Scott Feldman,2013,10000000,141449216,17278896387014656,NPB,MLB,xgboost
MLB,Lucas Harrell,2013,509700,130978984,17022234067472656,NPB,MLB,xgboost
MLB,Dallas Keuchel,2013,508700,54439864,2908570450394896,NPB,MLB,xgboost
MLB,Brad Peacock,2013,504300,33841428,1111364103288384,NPB,MLB,xgboost
MLB,Brett Oberholtzer,2013,503600,40415064,1592924958623296,NPB,MLB,xgboost
MLB,Jarred Cosart,2013,500000,9247770,76523479972900,NPB,MLB,xgboost
MLB,Collin McHugh,2013,500000,13972860,181517956579600,NPB,MLB,xgboost
MLB,Jason Vargas,2013,8000000,115273192,11507537721868864,NPB,MLB,xgboost
MLB,Danny Duffy,2013,526000,14693248,200710915893504,NPB,MLB,xgboost
MLB,Yordano Ventura,2013,500500,10674735,103515057835225,NPB,MLB,xgboost
MLB,Héctor Santiago,2013,530000,35418908,1217235901432464,NPB,MLB,xgboost
MLB,Tyler Skaggs,2013,502250,22028692,463387705179364,NPB,MLB,xgboost
MLB,Matt Shoemaker,2013,500500,9099763,73947324143169,NPB,MLB,xgboost
MLB,Clayton Kershaw,2013,30714286,339177280,95149418667444030,NPB,MLB,xgboost
MLB,Paul Maholm,2013,1500000,159284672,24896002718147584,NPB,MLB,xgboost
MLB,Dan Haren,2013,1000000,338393408,113834311761854460,NPB,MLB,xgboost
MLB,Kevin Slowey,2013,800000,49226068,2345084061940624,NPB,MLB,xgboost
MLB,José Fernández,2013,635000,186299248,34471212985405504,NPB,MLB,xgboost
MLB,Henderson Alvarez III,2013,525400,22018498,461953261637604,NPB,MLB,xgboost
MLB,Nathan Eovaldi,2013,517000,20387690,394844321076100,NPB,MLB,xgboost
MLB,Tom Koehler,2013,515000,42184556,1736351897237136,NPB,MLB,xgboost
MLB,Brian Flynn,2013,500000,13321993,164403504492049,NPB,MLB,xgboost
MLB,Matt Garza,2013,12500000,117776544,11083150716583936,NPB,MLB,xgboost
MLB,Marco Estrada,2013,3325000,83468984,6423058171392256,NPB,MLB,xgboost
MLB,Wily Peralta,2013,515000,94256400,878745007396e4,NPB,MLB,xgboost
MLB,Johnny Hellweg,2013,500000,43790816,1874094749945856,NPB,MLB,xgboost
MLB,Ricky Nolasco,2013,12250000,129355080,13713599761806400,NPB,MLB,xgboost
MLB,Phil Hughes,2013,8000000,89646496,6666150309078016,NPB,MLB,xgboost
MLB,Mike Pelfrey,2013,5500000,143814240,19130828986777600,NPB,MLB,xgboost
MLB,Scott Diamond,2013,542500,106024288,11126407599676944,NPB,MLB,xgboost
MLB,Vance Worley,2013,527500,24507146,575023422285316,NPB,MLB,xgboost
MLB,Kyle Gibson,2013,502500,11012604,110462286090816,NPB,MLB,xgboost
MLB,Bartolo Colon,2013,10000000,212330464,40937616662455296,NPB,MLB,xgboost
MLB,Dillon Gee,2013,3625000,179527328,30941628995819584,NPB,MLB,xgboost
MLB,John Lannan,2013,1500000,26595656,629791950070336,NPB,MLB,xgboost
MLB,Daisuke Matsuzaka,2013,1500000,52677112,2619096792660544,NPB,MLB,xgboost
MLB,Matt Harvey,2013,546625,165128752,27087276527844128,NPB,MLB,xgboost
MLB,Zack Wheeler,2013,512375,25992100,649216386075625,NPB,MLB,xgboost
MLB,Jenrry Mejía,2013,509675,15643510,229032961807225,NPB,MLB,xgboost
MLB,Hiroki Kuroda,2013,16000000,158525760,20313592263577600,NPB,MLB,xgboost
MLB,Iván Nova,2013,3300000,75127640,5159209867969600,NPB,MLB,xgboost
MLB,Alfredo Aceves,2013,1200000,17922168,279630902620224,NPB,MLB,xgboost
MLB,David Phelps,2013,541425,45837976,2051777532495601,NPB,MLB,xgboost
MLB,A.J. Burnett,2013,11250000,259331072,61544218284669184,NPB,MLB,xgboost
MLB,Miguel González,2013,4000000,110776568,11401235473858624,NPB,MLB,xgboost
MLB,Kyle Kendrick,2013,7675000,110727944,10619909267067136,NPB,MLB,xgboost
MLB,Roberto Hernández,2013,4500000,140027648,18367743372411904,NPB,MLB,xgboost
MLB,Jonathan Pettibone,2013,500000,22055028,464619232080784,NPB,MLB,xgboost
MLB,Ethan Martin,2013,500000,17292358,281983287200164,NPB,MLB,xgboost
MLB,Charlie Morton,2013,7000000,62511624,3081540399117376,NPB,MLB,xgboost
MLB,Edinson Vólquez,2013,5000000,132474088,16249643111431744,NPB,MLB,xgboost
MLB,Jeff Locke,2013,513000,49318276,2381954965436176,NPB,MLB,xgboost
MLB,Gerrit Cole,2013,512500,31309410,948449665548100,NPB,MLB,xgboost
MLB,Brandon Cumpton,2013,507000,18879784,337559191910656,NPB,MLB,xgboost
MLB,Phil Irwin,2013,500000,12141219,135517979805961,NPB,MLB,xgboost
MLB,Ian Kennedy,2013,6100000,88398496,6773042443862016,NPB,MLB,xgboost
MLB,Eric Stults,2013,2750000,188415472,34471667492982784,NPB,MLB,xgboost
MLB,Andrew Cashner,2013,2400000,67751432,4270809664450624,NPB,MLB,xgboost
MLB,Robbie Erlin,2013,504500,18583486,326849734788196,NPB,MLB,xgboost
MLB,Burch Smith,2013,500000,26860752,694889246005504,NPB,MLB,xgboost
MLB,Erasmo Ramírez,2013,511800,23029186,507032672272996,NPB,MLB,xgboost
MLB,Brandon Maurer,2013,504600,31960466,989471505809956,NPB,MLB,xgboost
MLB,James Paxton,2013,503500,23611694,533988629941636,NPB,MLB,xgboost
MLB,Taijuan Walker,2013,502400,6015867,30398318360089,NPB,MLB,xgboost
MLB,Tim Lincecum,2013,17500000,96541264,6247521414717696,NPB,MLB,xgboost
MLB,Tim Hudson,2013,11500000,154252160,20378179184665600,NPB,MLB,xgboost
MLB,Ryan Vogelsong,2013,5000000,142021744,18774958328801536,NPB,MLB,xgboost
MLB,Yusmeiro Petit,2013,845000,29864196,842113736486416,NPB,MLB,xgboost
MLB,Adam Wainwright,2013,19500000,290464480,73421749421670400,NPB,MLB,xgboost
MLB,Lance Lynn,2013,535000,134924944,18060657048323136,NPB,MLB,xgboost
MLB,Shelby Miller,2013,521000,75063456,5556577746511936,NPB,MLB,xgboost
MLB,Michael Wacha,2013,510000,18750250,332706720062500,NPB,MLB,xgboost
MLB,Tyler Lyons,2013,500000,19421744,358032396001536,NPB,MLB,xgboost
MLB,Chris Archer,2013,4250000,41608472,1395655430174784,NPB,MLB,xgboost
MLB,David Price,2013,14000000,218569744,41848780160225536,NPB,MLB,xgboost
MLB,Jeremy Hellickson,2013,3625000,78427640,5595434950969600,NPB,MLB,xgboost
MLB,Érik Bédard,2013,1150000,165976048,27167626099298304,NPB,MLB,xgboost
MLB,Alex Cobb,2013,516900,59794148,3513792130453504,NPB,MLB,xgboost
MLB,Chris Archer,2013,511200,41608472,1688985765841984,NPB,MLB,xgboost
MLB,Jake Odorizzi,2013,503100,13267191,162922019056281,NPB,MLB,xgboost
MLB,Alex Colomé,2013,500000,4802596,18512332339216,NPB,MLB,xgboost
MLB,Enny Romero,2013,500000,6285819.5,33475707286580.25,NPB,MLB,xgboost
MLB,Nate Karns,2013,500000,15250509,217577515759081,NPB,MLB,xgboost
MLB,Martín Pérez,2013,3125000,28374470,637535735280900,NPB,MLB,xgboost
MLB,Alexi Ogando,2013,2625000,52358508,2473421817986064,NPB,MLB,xgboost
MLB,Tommy Hanson,2013,2000000,52468216,2547040826222656,NPB,MLB,xgboost
MLB,Scott Baker,2013,1000000,60792616,3575156928123456,NPB,MLB,xgboost
MLB,Nick Tepesch,2013,505071,36264952,1278769089134161,NPB,MLB,xgboost
MLB,Joe Saunders,2013,500000,198436400,3917881844496e4,NPB,MLB,xgboost
MLB,R.A. Dickey,2013,12500000,168548016,24350983297536256,NPB,MLB,xgboost
MLB,J.A. Happ,2013,5400000,44159064,1502265042156096,NPB,MLB,xgboost
MLB,Todd Redmond,2013,505700,49544924,2404845490522176,NPB,MLB,xgboost
MLB,Liam Hendriks,2013,500000,12655242,147749908078564,NPB,MLB,xgboost
MLB,Sean Nolin,2013,500000,7195998,44836389216004,NPB,MLB,xgboost
MLB,Jordan Zimmermann,2013,12000000,164331952,23205023600130304,NPB,MLB,xgboost
MLB,Doug Fister,2013,7200000,182877840,30862703467065600,NPB,MLB,xgboost
MLB,Stephen Strasburg,2013,3975000,282715104,77696045577930820,NPB,MLB,xgboost
MLB,Ross Detwiler,2013,3000000,19231010,263445685620100,NPB,MLB,xgboost
MLB,Taylor Jordan,2013,504300,2835060,5432442177600,NPB,MLB,xgboost
MLB,Jeremy Hellickson,2014,4275000,24093256,392763270881536,NPB,MLB,xgboost
MLB,Rubby De La Rosa,2014,516000,30761710,914802973404100,NPB,MLB,xgboost
MLB,Chase Anderson,2014,512500,65063672,4166853806573584,NPB,MLB,xgboost
MLB,Robbie Ray,2014,508500,13414702,166570050064804,NPB,MLB,xgboost
MLB,Allen Webster,2014,507500,12017450,132478949002500,NPB,MLB,xgboost
MLB,Jhoulys Chacín,2014,507500,20287432,391245709924624,NPB,MLB,xgboost
MLB,Andrew Chafin,2014,507500,8928358,70910849456164,NPB,MLB,xgboost
MLB,Jesse Chavez,2014,2150000,104167504,10407571122390016,NPB,MLB,xgboost
MLB,Drew Pomeranz,2014,517500,39212380,1497293738214400,NPB,MLB,xgboost
MLB,Sonny Gray,2014,512500,143193024,20357731928914576,NPB,MLB,xgboost
MLB,Chris Bassitt,2014,507500,24284836,565361707256896,NPB,MLB,xgboost
MLB,Brad Mills,2014,507500,41212184,1656871299539856,NPB,MLB,xgboost
MLB,Jesse Hahn,2014,507500,27065142,705308348600164,NPB,MLB,xgboost
MLB,Mike Minor,2014,5600000,57181928,2660695296197184,NPB,MLB,xgboost
MLB,Eric Stults,2014,2000000,155265472,23490304907382784,NPB,MLB,xgboost
MLB,Shelby Miller,2014,535000,66063664,4294005805624896,NPB,MLB,xgboost
MLB,Alex Wood,2014,520000,93844904,8709537706609216,NPB,MLB,xgboost
MLB,Edwin Jackson,2014,507500,87337592,7539464876728464,NPB,MLB,xgboost
MLB,Bud Norris,2014,8800000,118055784,11936826337454656,NPB,MLB,xgboost
MLB,Chris Tillman,2014,4315000,159166224,23978901574298176,NPB,MLB,xgboost
MLB,Miguel González,2014,3275000,111831960,11784613564441600,NPB,MLB,xgboost
MLB,Kevin Gausman,2014,522000,26464330,673004485828900,NPB,MLB,xgboost
MLB,Wade Miley,2014,6416667,121350960,13209891707409848,NPB,MLB,xgboost
MLB,Rick Porcello,2014,12500000,120979536,11767809730775296,NPB,MLB,xgboost
MLB,Joe Kelly,2014,603000,45014480,1972379555790400,NPB,MLB,xgboost
MLB,Brandon Workman,2014,539500,22954152,502416624281104,NPB,MLB,xgboost
MLB,Jon Lester,2014,25833333,271573024,60387995732775480,NPB,MLB,xgboost
MLB,Jason Hammel,2014,10000000,179757840,28817724241465600,NPB,MLB,xgboost
MLB,Travis Wood,2014,5685000,109078016,10690115757576256,NPB,MLB,xgboost
MLB,Tsuyoshi Wada,2014,4000000,67586640,4043260786489600,NPB,MLB,xgboost
MLB,Jake Arrieta,2014,3630000,300476352,88117756695707900,NPB,MLB,xgboost
MLB,Félix Doubront,2014,1925000,48507248,2169905828733504,NPB,MLB,xgboost
MLB,Kyle Hendricks,2014,510000,35433324,1219638559208976,NPB,MLB,xgboost
MLB,Dallas Beeler,2014,508000,15153247,214483259691009,NPB,MLB,xgboost
MLB,Trevor Cahill,2014,507500,39283392,1503569800395664,NPB,MLB,xgboost
MLB,Jeff Samardzija,2014,9800000,166915632,24685321818759424,NPB,MLB,xgboost
MLB,Héctor Noesí,2014,1950000,100225640,9658101417409600,NPB,MLB,xgboost
MLB,Erik Johnson,2014,510000,20737806,409164135573636,NPB,MLB,xgboost
MLB,Scott Carroll,2014,507500,52221124,2674298907213376,NPB,MLB,xgboost
MLB,Mike Leake,2014,9775000,165822528,24350830994910784,NPB,MLB,xgboost
MLB,Tony Cingrani,2014,525500,32668300,103315959184e4,NPB,MLB,xgboost
MLB,David Holmberg,2014,507500,16938120,269965273584400,NPB,MLB,xgboost
MLB,Dylan Axelrod,2014,507500,45761668,2047939721372224,NPB,MLB,xgboost
MLB,Corey Kluber,2014,7700000,248571856,58019251012884736,NPB,MLB,xgboost
MLB,Gavin Floyd,2014,4000000,56428780,2748776972288400,NPB,MLB,xgboost
MLB,Trevor Bauer,2014,1940000,26809276,618480888764176,NPB,MLB,xgboost
MLB,Josh Tomlin,2014,1500000,95905536,8912405227447296,NPB,MLB,xgboost
MLB,Bruce Chen,2014,1000000,78566208,6016516623499264,NPB,MLB,xgboost
MLB,Corey Kluber,2014,601000,248571856,61489545425372736,NPB,MLB,xgboost
MLB,Zach McAllister,2014,520400,48163436,2269858879297296,NPB,MLB,xgboost
MLB,Danny Salazar,2014,507500,40958640,1636294727299600,NPB,MLB,xgboost
MLB,Jhoulys Chacín,2014,505700,20287432,391316920919824,NPB,MLB,xgboost
MLB,Jorge De La Rosa,2014,12500000,199460880,34954370650374400,NPB,MLB,xgboost
MLB,Jhoulys Chacín,2014,5500000,20287432,218668145154624,NPB,MLB,xgboost
MLB,Kyle Kendrick,2014,5500000,153610464,21936709546295296,NPB,MLB,xgboost
MLB,Jordan Lyles,2014,2475000,24232410,473384889908100,NPB,MLB,xgboost
MLB,Tyler Chatwood,2014,1000000,23327482,498516452460324,NPB,MLB,xgboost
MLB,Tyler Matzek,2014,509500,10372485,97278473110225,NPB,MLB,xgboost
MLB,Christian Bergman,2014,509500,1541936,1065924094096,NPB,MLB,xgboost
MLB,Eddie Butler,2014,509500,10506829,99946587134241,NPB,MLB,xgboost
MLB,Yohan Flande,2014,507500,17981788,305350741106944,NPB,MLB,xgboost
MLB,David Price,2014,19750000,165567168,21262646483540224,NPB,MLB,xgboost
MLB,Alfredo Simón,2014,5500000,219717936,45889324104100096,NPB,MLB,xgboost
MLB,Shane Greene,2014,515000,35825668,1246843274606224,NPB,MLB,xgboost
MLB,Drew VerHagen,2014,507500,4715550.5,17707689010550.25,NPB,MLB,xgboost
MLB,Randy Wolf,2014,507500,71079104,4980351291132816,NPB,MLB,xgboost
MLB,Kyle Lobstein,2014,507500,14775036,203562583511296,NPB,MLB,xgboost
MLB,Buck Farmer,2014,507500,8506244,63979905577536,NPB,MLB,xgboost
MLB,Dallas Keuchel,2014,524500,122171176,14797913781848976,NPB,MLB,xgboost
MLB,Collin McHugh,2014,516300,96551176,9222697408335376,NPB,MLB,xgboost
MLB,Brad Peacock,2014,515800,32882652,1047613108389904,NPB,MLB,xgboost
MLB,Brett Oberholtzer,2014,515800,21649380,446628203616400,NPB,MLB,xgboost
MLB,Dan Straily,2014,507500,21671480,447914049440400,NPB,MLB,xgboost
MLB,Yordano Ventura,2014,4800000,149286432,20876329032090624,NPB,MLB,xgboost
MLB,Edinson Vólquez,2014,10000000,160213840,22564197727545600,NPB,MLB,xgboost
MLB,Danny Duffy,2014,2425000,28129088,660700139911744,NPB,MLB,xgboost
MLB,Franklin Morales,2014,1850000,72935840,5053196648505600,NPB,MLB,xgboost
MLB,Chris Young,2014,675000,174080784,30069565924654656,NPB,MLB,xgboost
MLB,Yordano Ventura,2014,535675,149286432,22126787708073048,NPB,MLB,xgboost
MLB,Brian Flynn,2014,508450,8904422,70492345824784,NPB,MLB,xgboost
MLB,Aaron Brooks,2014,507500,5635585,26297255767225,NPB,MLB,xgboost
MLB,Yohan Pino,2014,507500,37162724,1343605446490176,NPB,MLB,xgboost
MLB,Garrett Richards,2014,3200000,138766032,18378149032225024,NPB,MLB,xgboost
MLB,Héctor Santiago,2014,2290000,34570556,1042034295669136,NPB,MLB,xgboost
MLB,Matt Shoemaker,2014,517500,89671896,7948506326124816,NPB,MLB,xgboost
MLB,Tyler Skaggs,2014,515000,15189899,215352660660201,NPB,MLB,xgboost
MLB,Andrew Heaney,2014,509250,11679900,124783421422500,NPB,MLB,xgboost
MLB,Nick Tropeano,2014,507500,11722411,125774228737921,NPB,MLB,xgboost
MLB,Mat Latos,2014,507500,38653216,1455095649152656,NPB,MLB,xgboost
MLB,Brandon McCarthy,2014,12000000,159160576,21656235128651776,NPB,MLB,xgboost
MLB,Brett Anderson,2014,10000000,19814740,96329121267600,NPB,MLB,xgboost
MLB,Mike Bolsinger,2014,507500,27586200,733255993690000,NPB,MLB,xgboost
MLB,Mat Latos,2014,9400000,38653216,855750646342656,NPB,MLB,xgboost
MLB,Henderson Alvarez III,2014,4000000,149683008,21223538819928064,NPB,MLB,xgboost
MLB,David Phelps,2014,1400000,35707448,1177000988272704,NPB,MLB,xgboost
MLB,José Fernández,2014,651000,30276668,877680204446224,NPB,MLB,xgboost
MLB,Tom Koehler,2014,555000,94563728,8837640940177984,NPB,MLB,xgboost
MLB,Jarred Cosart,2014,540000,137825104,18847199780290816,NPB,MLB,xgboost
MLB,Brad Hand,2014,520000,34191708,1133783919637264,NPB,MLB,xgboost
MLB,André Rienzo,2014,507500,25472260,623239241857600,NPB,MLB,xgboost
MLB,Wily Peralta,2014,525500,180248160,32300234517475600,NPB,MLB,xgboost
MLB,Jimmy Nelson,2014,511500,26325090,666341428688100,NPB,MLB,xgboost
MLB,Ervin Santana,2014,13750000,194317616,32604663947923456,NPB,MLB,xgboost
MLB,Phil Hughes,2014,14000000,133809080,14354215650446400,NPB,MLB,xgboost
MLB,Tommy Milone,2014,2775000,33354574,935110346021476,NPB,MLB,xgboost
MLB,Kyle Gibson,2014,537500,66658512,4371988227904144,NPB,MLB,xgboost
MLB,Trevor May,2014,510000,33469916,1086356062727056,NPB,MLB,xgboost
MLB,Logan Darnell,2014,507500,16719006,262812926788036,NPB,MLB,xgboost
MLB,Dillon Gee,2014,5300000,62110324,3227412912984976,NPB,MLB,xgboost
MLB,Jacob deGrom,2014,556875,84585208,7060760746758889,NPB,MLB,xgboost
MLB,Zack Wheeler,2014,546250,162416096,26201847044063716,NPB,MLB,xgboost
MLB,Rafael Montero,2014,511000,10396426,97721647201476,NPB,MLB,xgboost
MLB,Nathan Eovaldi,2014,3300000,108479552,11062738158920704,NPB,MLB,xgboost
MLB,Iván Nova,2014,3300000,37495344,1169321551278336,NPB,MLB,xgboost
MLB,Michael Pineda,2014,2100000,13116434,121361818076356,NPB,MLB,xgboost
MLB,Chase Whitley,2014,524525,25503998,623974071357729,NPB,MLB,xgboost
MLB,Aaron Harang,2014,5000000,128659976,15291789664320576,NPB,MLB,xgboost
MLB,Kevin Correia,2014,650000,171186656,29082751039662336,NPB,MLB,xgboost
MLB,David Buchanan,2014,512500,26278772,663900772777984,NPB,MLB,xgboost
MLB,Jonathan Pettibone,2014,510000,7228952.5,45144322697256.25,NPB,MLB,xgboost
MLB,Sean O'Sullivan,2014,507500,15647100,229207488160000,NPB,MLB,xgboost
MLB,Francisco Liriano,2014,13000000,222918144,44065627180404736,NPB,MLB,xgboost
MLB,A.J. Burnett,2014,8500000,144204816,18415797085593856,NPB,MLB,xgboost
MLB,Vance Worley,2014,2450000,49818992,2243821403096064,NPB,MLB,xgboost
MLB,Gerrit Cole,2014,531000,63433012,3956663113648144,NPB,MLB,xgboost
MLB,Jeff Locke,2014,531000,55284484,2997944010138256,NPB,MLB,xgboost
MLB,Brandon Cumpton,2014,520500,30734480,912884587440400,NPB,MLB,xgboost
MLB,James Shields,2014,18750000,149991440,17224315573273600,NPB,MLB,xgboost
MLB,Ian Kennedy,2014,9850000,174074624,26969727127941376,NPB,MLB,xgboost
MLB,Tyson Ross,2014,5250000,198797952,37460809723394304,NPB,MLB,xgboost
MLB,Andrew Cashner,2014,4050000,46240444,1780033564917136,NPB,MLB,xgboost
MLB,Joe Wieland,2014,590000,7499891.5,47746600541772.25,NPB,MLB,xgboost
MLB,Odrisamer Despaigne,2014,517300,34371536,1146109295143696,NPB,MLB,xgboost
MLB,Bud Norris,2014,507500,118055784,13817599071344656,NPB,MLB,xgboost
MLB,Robbie Erlin,2014,507500,11216069,114673450027761,NPB,MLB,xgboost
MLB,Erasmo Ramírez,2014,522800,26523362,676029224315844,NPB,MLB,xgboost
MLB,James Paxton,2014,519000,28970184,809469871001856,NPB,MLB,xgboost
MLB,Taijuan Walker,2014,513100,13656722,172754799278884,NPB,MLB,xgboost
MLB,Roenis Elías,2014,507500,80870088,6458145550057744,NPB,MLB,xgboost
MLB,Jake Peavy,2014,12000000,116468640,10913696743449600,NPB,MLB,xgboost
MLB,Ryan Vogelsong,2014,4000000,187304112,33600397476108544,NPB,MLB,xgboost
MLB,Kevin Correia,2014,850000,171186656,29014576377262336,NPB,MLB,xgboost
MLB,Lance Lynn,2014,7833333,134668704,16087211336707640,NPB,MLB,xgboost
MLB,Michael Wacha,2014,520000,33703384,1101136973691456,NPB,MLB,xgboost
MLB,Marco Gonzales,2014,507500,15183909,215396981135281,NPB,MLB,xgboost
MLB,Alex Cobb,2014,4000000,100745656,9359721954870336,NPB,MLB,xgboost
MLB,Drew Smyly,2014,2650000,45173264,1808227981213696,NPB,MLB,xgboost
MLB,Jake Odorizzi,2014,522000,112324632,12499828522127424,NPB,MLB,xgboost
MLB,Alex Colomé,2014,510800,12143706,135324502004836,NPB,MLB,xgboost
MLB,Nate Karns,2014,508800,13046752,157200240354304,NPB,MLB,xgboost
MLB,Colby Lewis,2014,4000000,171188928,27952137645789184,NPB,MLB,xgboost
MLB,Nick Tepesch,2014,517760,32417078,1017566488865124,NPB,MLB,xgboost
MLB,Tanner Scheppers,2014,515200,22143078,467765106782884,NPB,MLB,xgboost
MLB,Nick Martinez,2014,515000,36810164,1317338929786896,NPB,MLB,xgboost
MLB,Anthony Ranaudo,2014,508500,16324174,250135544074276,NPB,MLB,xgboost
MLB,Lisalverto Bonilla,2014,508500,15563359,226648779509881,NPB,MLB,xgboost
MLB,Wandy Rodríguez,2014,507500,80027704,6323462844201616,NPB,MLB,xgboost
MLB,Drew Hutchison,2014,520100,90208808,8044064342709264,NPB,MLB,xgboost
MLB,Liam Hendriks,2014,518400,17591720,291498255822400,NPB,MLB,xgboost
MLB,Marcus Stroman,2014,514700,38857200,147014730625e4,NPB,MLB,xgboost
MLB,Félix Doubront,2014,507500,48507248,2303975808063504,NPB,MLB,xgboost
MLB,Max Scherzer,2014,30000000,253971344,50163162933166336,NPB,MLB,xgboost
MLB,Doug Fister,2014,11400000,208386976,38803868713624576,NPB,MLB,xgboost
MLB,Stephen Strasburg,2014,7400000,176084576,28454486180299776,NPB,MLB,xgboost
MLB,Tanner Roark,2014,529600,146085680,21186572424966400,NPB,MLB,xgboost
MLB,Taylor Jordan,2014,507500,18990016,341603397690256,NPB,MLB,xgboost
MLB,Zack Greinke,2015,34416667,287741664,64173554105050010,NPB,MLB,xgboost
MLB,Shelby Miller,2015,4350000,116289240,12530393451777600,NPB,MLB,xgboost
MLB,Patrick Corbin,2015,2525000,34349012,1012767739776144,NPB,MLB,xgboost
MLB,Rubby De La Rosa,2015,2350000,129164952,16082032050762304,NPB,MLB,xgboost
MLB,Robbie Ray,2015,521000,26091232,653836764533824,NPB,MLB,xgboost
MLB,Archie Bradley,2015,507500,12887459,153263384841681,NPB,MLB,xgboost
MLB,Zack Godley,2015,507500,20857120,414107034144400,NPB,MLB,xgboost
MLB,Tyler Wagner,2015,507500,12003509,132158222928081,NPB,MLB,xgboost
MLB,Rich Hill,2015,6000000,124686264,14086429262277696,NPB,MLB,xgboost
MLB,Henderson Alvarez III,2015,4250000,17250486,169012636236196,NPB,MLB,xgboost
MLB,Félix Doubront,2015,2000000,29643556,764166188325136,NPB,MLB,xgboost
MLB,Sonny Gray,2015,527500,161252304,25832462620838416,NPB,MLB,xgboost
MLB,Kendall Graveman,2015,512500,22291826,474339041014276,NPB,MLB,xgboost
MLB,Chris Bassitt,2015,510000,29387666,833919593607556,NPB,MLB,xgboost
MLB,Jesse Hahn,2015,507500,30922874,925094975559876,NPB,MLB,xgboost
MLB,Jhoulys Chacín,2015,1100000,23265828,491323930925584,NPB,MLB,xgboost
MLB,Williams Pérez,2015,511250,22374210,477989019961600,NPB,MLB,xgboost
MLB,Roberto Hernández,2015,507500,89446936,7910223275998096,NPB,MLB,xgboost
MLB,Mike Foltynewicz,2015,507500,24679070,584264796264900,NPB,MLB,xgboost
MLB,Ryan Weber,2015,507500,14437045,194032223907025,NPB,MLB,xgboost
MLB,Matt Wisler,2015,507500,46179776,2085956795020176,NPB,MLB,xgboost
MLB,Manny Bañuelos,2015,507500,24502920,575780180976400,NPB,MLB,xgboost
MLB,Yovani Gallardo,2015,11000000,141660544,17072177758375936,NPB,MLB,xgboost
MLB,Chris Tillman,2015,6225000,96806984,8205095825376256,NPB,MLB,xgboost
MLB,Miguel González,2015,5100000,146407568,19967828774074624,NPB,MLB,xgboost
MLB,Kevin Gausman,2015,532000,31955118,987412344841924,NPB,MLB,xgboost
MLB,Tyler Wilson,2015,511500,12662030,147635379280900,NPB,MLB,xgboost
MLB,Odrisamer Despaigne,2015,507500,71593296,5053190392953616,NPB,MLB,xgboost
MLB,David Price,2015,31000000,290344512,67259575904518144,NPB,MLB,xgboost
MLB,Rick Porcello,2015,20625000,114325792,8779838421427264,NPB,MLB,xgboost
MLB,Joe Kelly,2015,2600000,44684868,1771136114577424,NPB,MLB,xgboost
MLB,Roenis Elías,2015,558000,45132952,1986926345802304,NPB,MLB,xgboost
MLB,Eduardo Rodríguez,2015,521000,59571608,3486974305169664,NPB,MLB,xgboost
MLB,Steven Wright,2015,514500,41947912,1716727629961744,NPB,MLB,xgboost
MLB,Sean O'Sullivan,2015,507500,47824368,2238885997329424,NPB,MLB,xgboost
MLB,Henry Owens,2015,507500,20259610,390145849452100,NPB,MLB,xgboost
MLB,John Lackey,2015,16000000,163743760,21828218618937600,NPB,MLB,xgboost
MLB,Jake Arrieta,2015,10700000,345451168,112058344477364220,NPB,MLB,xgboost
MLB,Kyle Hendricks,2015,541000,197517936,38799913315948096,NPB,MLB,xgboost
MLB,Aaron Brooks,2015,510000,16754382,263879946561924,NPB,MLB,xgboost
MLB,Dallas Beeler,2015,508500,6584060.5,36912435389160.25,NPB,MLB,xgboost
MLB,Carlos Rodón,2015,518000,64893828,4144247230685584,NPB,MLB,xgboost
MLB,Miguel González,2015,507500,146407568,21286829842404624,NPB,MLB,xgboost
MLB,Chris Beck,2015,507500,10745157,104809620849649,NPB,MLB,xgboost
MLB,Erik Johnson,2015,507500,29829718,859792468439524,NPB,MLB,xgboost
MLB,Alfredo Simón,2015,2000000,137159504,18268091521526016,NPB,MLB,xgboost
MLB,Anthony DeSclafani,2015,540000,114861040,13069300186681600,NPB,MLB,xgboost
MLB,Michael Lorenzen,2015,516500,7628708.5,50583509747472.25,NPB,MLB,xgboost
MLB,Jon Moscot,2015,508000,5482604.5,24746689931420.25,NPB,MLB,xgboost
MLB,Josh A. Smith,2015,507500,68163104,4577280752604816,NPB,MLB,xgboost
MLB,John Lamb,2015,507500,21952222,459876101657284,NPB,MLB,xgboost
MLB,Keyvius Sampson,2015,507500,19917746,376757649780516,NPB,MLB,xgboost
MLB,Josh Tomlin,2015,1833333,79560456,6041505649857129,NPB,MLB,xgboost
MLB,Trevor Bauer,2015,1697500,86419096,7177748828787216,NPB,MLB,xgboost
MLB,Danny Salazar,2015,536200,195922512,38175810916961344,NPB,MLB,xgboost
MLB,Cody Anderson,2015,511400,38783380,1464744453120400,NPB,MLB,xgboost
MLB,Jordan Lyles,2015,2975000,17844922,221114580286084,NPB,MLB,xgboost
MLB,Chad Bettis,2015,512500,67076268,4430735210357824,NPB,MLB,xgboost
MLB,Chris Rusin,2015,512500,100072592,9912211919048464,NPB,MLB,xgboost
MLB,Tyler Matzek,2015,509500,33636232,1097380372999824,NPB,MLB,xgboost
MLB,Jon Gray,2015,509500,11310985,116672078205225,NPB,MLB,xgboost
MLB,Yohan Flande,2015,507500,64056808,4038514547278864,NPB,MLB,xgboost
MLB,Eddie Butler,2015,507500,37229592,1348512040856464,NPB,MLB,xgboost
MLB,David Hale,2015,507500,43937760,1886187483667600,NPB,MLB,xgboost
MLB,Jordan Zimmermann,2015,22000000,155260176,17758274507550976,NPB,MLB,xgboost
MLB,Mike Pelfrey,2015,8000000,136920256,16620432407105536,NPB,MLB,xgboost
MLB,Shane Greene,2015,517000,43931568,1884824714626624,NPB,MLB,xgboost
MLB,Daniel Norris,2015,514500,20730852,408700888187904,NPB,MLB,xgboost
MLB,Matthew Boyd,2015,507500,13648392,172683042555664,NPB,MLB,xgboost
MLB,Dallas Keuchel,2015,7250000,255904784,61829201606086656,NPB,MLB,xgboost
MLB,Doug Fister,2015,7000000,74747640,4589742725569600,NPB,MLB,xgboost
MLB,Collin McHugh,2015,529000,174335280,30208622967438400,NPB,MLB,xgboost
MLB,Dan Straily,2015,512100,12985629,155588925713841,NPB,MLB,xgboost
MLB,Brad Peacock,2015,507500,12680133,148172994152689,NPB,MLB,xgboost
MLB,Ian Kennedy,2015,14000000,271253184,66179200678137856,NPB,MLB,xgboost
MLB,Chris Young,2015,5750000,205837088,40034842784319744,NPB,MLB,xgboost
MLB,Danny Duffy,2015,4225000,36727248,1056396125053504,NPB,MLB,xgboost
MLB,Dillon Gee,2015,2000000,66633164,4177445888650896,NPB,MLB,xgboost
MLB,Garrett Richards,2015,6425000,127448024,14646572338104576,NPB,MLB,xgboost
MLB,Héctor Santiago,2015,5000000,251020352,60526013598203904,NPB,MLB,xgboost
MLB,Tim Lincecum,2015,2500000,53031284,2553410662688656,NPB,MLB,xgboost
MLB,Matt Shoemaker,2015,530000,56597128,3143522842168384,NPB,MLB,xgboost
MLB,Andrew Heaney,2015,515000,25900826,644440161702276,NPB,MLB,xgboost
MLB,Nick Tropeano,2015,507500,21092212,423730368122944,NPB,MLB,xgboost
MLB,Scott Kazmir,2015,16000000,150010928,17958928823421184,NPB,MLB,xgboost
MLB,Brett Anderson,2015,15800000,146529616,17090232499507456,NPB,MLB,xgboost
MLB,Brandon Beachy,2015,1500000,18415678,286140162199684,NPB,MLB,xgboost
MLB,Joe Wieland,2015,590000,5777637,26911577643769,NPB,MLB,xgboost
MLB,Alex Wood,2015,530000,117150368,13600310232455424,NPB,MLB,xgboost
MLB,Carlos Frías,2015,517500,26674726,684200472015076,NPB,MLB,xgboost
MLB,Mike Bolsinger,2015,515000,51417192,2591033150404864,NPB,MLB,xgboost
MLB,Zach Lee,2015,507500,5736192.5,27339225259556.25,NPB,MLB,xgboost
MLB,Wei-Yin Chen,2015,16000000,170913824,23998292866302976,NPB,MLB,xgboost
MLB,Tom Koehler,2015,3500000,115870632,12627158936079424,NPB,MLB,xgboost
MLB,José Fernández,2015,2800000,62393704,3551409556439616,NPB,MLB,xgboost
MLB,David Phelps,2015,2500000,48280536,2095857476447296,NPB,MLB,xgboost
MLB,Jarred Cosart,2015,550000,23210678,513506327419684,NPB,MLB,xgboost
MLB,Adam Conley,2015,512500,32260784,1007953536944656,NPB,MLB,xgboost
MLB,Jeremy Guthrie,2015,507500,168038080,28066495235136400,NPB,MLB,xgboost
MLB,Justin Nicolino,2015,507500,10197870,93903270736900,NPB,MLB,xgboost
MLB,Wily Peralta,2015,2800000,32422244,877477339595536,NPB,MLB,xgboost
MLB,Jimmy Nelson,2015,522300,99810016,9858050548496656,NPB,MLB,xgboost
MLB,Chase Anderson,2015,520200,24982388,598398641747344,NPB,MLB,xgboost
MLB,Taylor Jungmann,2015,518500,58199804,3327132831140416,NPB,MLB,xgboost
MLB,Tyler Cravy,2015,510600,16748333,263663972979289,NPB,MLB,xgboost
MLB,Ariel Peña,2015,510100,19851292,374081707980864,NPB,MLB,xgboost
MLB,Zach Davies,2015,507500,18188640,312622711699600,NPB,MLB,xgboost
MLB,Tommy Milone,2015,4500000,53879984,2438382819840256,NPB,MLB,xgboost
MLB,Kyle Gibson,2015,587500,130397736,16850697370375696,NPB,MLB,xgboost
MLB,Tyler Duffey,2015,507500,18872094,337258312784836,NPB,MLB,xgboost
MLB,Bartolo Colon,2015,7250000,197451488,36176606037414144,NPB,MLB,xgboost
MLB,Matt Harvey,2015,4325000,286924064,79862230973676100,NPB,MLB,xgboost
MLB,Jacob deGrom,2015,607000,316042080,99499289694606400,NPB,MLB,xgboost
MLB,Noah Syndergaard,2015,535375,91589192,8290797590269489,NPB,MLB,xgboost
MLB,Steven Matz,2015,515750,24070054,554805236924416,NPB,MLB,xgboost
MLB,Nathan Eovaldi,2015,5600000,55342228,2474289246403984,NPB,MLB,xgboost
MLB,Michael Pineda,2015,4300000,125539256,14698957195433536,NPB,MLB,xgboost
MLB,Iván Nova,2015,4100000,63750808,3558218895052864,NPB,MLB,xgboost
MLB,Luis Severino,2015,521300,32460880,1020136770576400,NPB,MLB,xgboost
MLB,Jeremy Hellickson,2015,7000000,105421400,968677197796e4,NPB,MLB,xgboost
MLB,Brett Oberholtzer,2015,518000,24161560,559017929473600,NPB,MLB,xgboost
MLB,Aaron Nola,2015,517500,35454732,1220610179821824,NPB,MLB,xgboost
MLB,Jerad Eickhoff,2015,516000,23900936,546855231724096,NPB,MLB,xgboost
MLB,Alec Asher,2015,507500,8528492,64336312664064,NPB,MLB,xgboost
MLB,Severino González,2015,507500,19267782,351948180719524,NPB,MLB,xgboost
MLB,Adam Morgan,2015,507500,13057064,157491556590096,NPB,MLB,xgboost
MLB,Jeff Locke,2015,3025000,76613632,5415286759631424,NPB,MLB,xgboost
MLB,Ryan Vogelsong,2015,2000000,144176528,20214165114134784,NPB,MLB,xgboost
MLB,Gerrit Cole,2015,548000,271199328,73252141348163580,NPB,MLB,xgboost
MLB,Kyle Lobstein,2015,520000,31642822,968630049243684,NPB,MLB,xgboost
MLB,Tyson Ross,2015,9625000,180976880,29361466779534400,NPB,MLB,xgboost
MLB,Andrew Cashner,2015,7150000,78028176,5023715833086976,NPB,MLB,xgboost
MLB,Jeremy Guthrie,2015,1250000,168038080,27818263630086400,NPB,MLB,xgboost
MLB,Robbie Erlin,2015,516400,16865760,267301572409600,NPB,MLB,xgboost
MLB,Colin Rea,2015,510200,17187144,278120461179136,NPB,MLB,xgboost
MLB,Brandon Morrow,2015,507500,47984328,2254049196941584,NPB,MLB,xgboost
MLB,Casey Kelly,2015,507500,13972413,181303882097569,NPB,MLB,xgboost
MLB,Hisashi Iwakuma,2015,12000000,147368864,18324729340650496,NPB,MLB,xgboost
MLB,Taijuan Walker,2015,528600,71639912,5056818694361344,NPB,MLB,xgboost
MLB,Nate Karns,2015,523700,62130104,3795349013811216,NPB,MLB,xgboost
MLB,Mike Montgomery,2015,515000,24306126,566017676347876,NPB,MLB,xgboost
MLB,Donn Roach,2015,507500,8560510,64850970060100,NPB,MLB,xgboost
MLB,James Paxton,2015,507500,34192444,1134675452283136,NPB,MLB,xgboost
MLB,Johnny Cueto,2015,21666667,150464704,16588934335053368,NPB,MLB,xgboost
MLB,Jeff Samardzija,2015,18000000,129683136,12473122866794496,NPB,MLB,xgboost
MLB,Chris Heston,2015,530000,97333176,9370854883686976,NPB,MLB,xgboost
MLB,Mike Leake,2015,16000000,134762128,14104443047088384,NPB,MLB,xgboost
MLB,Carlos Martínez,2015,539000,278013440,76992064853313600,NPB,MLB,xgboost
MLB,Michael Wacha,2015,539000,141905392,19984456787097664,NPB,MLB,xgboost
MLB,Jerome Williams,2015,507500,130364688,16862889275267344,NPB,MLB,xgboost
MLB,Drew Smyly,2015,3750000,39787576,1298706883955776,NPB,MLB,xgboost
MLB,Erasmo Ramírez,2015,2375000,48892244,2163853989355536,NPB,MLB,xgboost
MLB,Chase Whitley,2015,524525,19841462,373144055061969,NPB,MLB,xgboost
MLB,Jake Odorizzi,2015,520700,67107716,4433830699784256,NPB,MLB,xgboost
MLB,Colby Lewis,2015,6000000,176340256,29015802814145536,NPB,MLB,xgboost
MLB,Nick Martinez,2015,519190,27860294,747535967938816,NPB,MLB,xgboost
MLB,Anthony Ranaudo,2015,509500,10444432,98702873844624,NPB,MLB,xgboost
MLB,Chi Chi González,2015,509500,25196322,609439180459684,NPB,MLB,xgboost
MLB,Kyle Lohse,2015,507500,210926416,44276120210615056,NPB,MLB,xgboost
MLB,J.A. Happ,2015,12000000,240873152,52382919706415104,NPB,MLB,xgboost
MLB,Marco Estrada,2015,13000000,173280192,25689739947556864,NPB,MLB,xgboost
MLB,Jesse Chavez,2015,4000000,100212976,9256936750776576,NPB,MLB,xgboost
MLB,Drew Hutchison,2015,2200000,68841696,4441115645756416,NPB,MLB,xgboost
MLB,Marcus Stroman,2015,515900,11565256,122088268014736,NPB,MLB,xgboost
MLB,Stephen Strasburg,2015,10400000,80881168,4967595042644224,NPB,MLB,xgboost
MLB,Joe Ross,2015,514400,22929744,502447646638336,NPB,MLB,xgboost
MLB,Mat Latos,2015,507500,43512624,1849440690255376,NPB,MLB,xgboost
MLB,Shelby Miller,2016,4700000,31187256,701574730409536,NPB,MLB,xgboost
MLB,Patrick Corbin,2016,3950000,77233872,5370525895312384,NPB,MLB,xgboost
MLB,Taijuan Walker,2016,2250000,63540672,3756546474211584,NPB,MLB,xgboost
MLB,Jorge De La Rosa,2016,2250000,191542064,35831485493380096,NPB,MLB,xgboost
MLB,Robbie Ray,2016,570400,171377568,29175088640180224,NPB,MLB,xgboost
MLB,Archie Bradley,2016,544100,84444744,7039318063614736,NPB,MLB,xgboost
MLB,Braden Shipley,2016,535000,18092882,308279220325924,NPB,MLB,xgboost
MLB,Jake Buchanan,2016,535000,13190414,160159503511396,NPB,MLB,xgboost
MLB,Sonny Gray,2016,3575000,68333056,4193605816899136,NPB,MLB,xgboost
MLB,Kendall Graveman,2016,545000,106559512,11239076754598144,NPB,MLB,xgboost
MLB,Chris Bassitt,2016,540000,20987958,418118986369764,NPB,MLB,xgboost
MLB,Daniel Mengden,2016,537500,32239238,1005000192220644,NPB,MLB,xgboost
MLB,Sean Manaea,2016,537500,36731136,1309979286900496,NPB,MLB,xgboost
MLB,Jharel Cotton,2016,535000,14302377,189540669460129,NPB,MLB,xgboost
MLB,Raúl Alcantara,2016,535000,9207807,75217581259249,NPB,MLB,xgboost
MLB,Jesse Hahn,2016,535000,40467020,1594566221280400,NPB,MLB,xgboost
MLB,R.A. Dickey,2016,8000000,148802880,19825451016294400,NPB,MLB,xgboost
MLB,John Danks,2016,1500000,76499544,5624931600207936,NPB,MLB,xgboost
MLB,Kris Medlen,2016,1000000,35153964,1166493256913296,NPB,MLB,xgboost
MLB,Mike Foltynewicz,2016,544000,46221928,2086473106373184,NPB,MLB,xgboost
MLB,Matt Wisler,2016,535000,94471144,8823999149588736,NPB,MLB,xgboost
MLB,Aaron Blair,2016,535000,14822808,204141457444864,NPB,MLB,xgboost
MLB,Chris Tillman,2016,10050000,129439144,14253767705052736,NPB,MLB,xgboost
MLB,Kevin Gausman,2016,3450000,172906672,28715563685315584,NPB,MLB,xgboost
MLB,Tyler Wilson,2016,545000,30250462,882414472633444,NPB,MLB,xgboost
MLB,Alec Asher,2016,535000,12186071,135747455447041,NPB,MLB,xgboost
MLB,Drew Pomeranz,2016,4450000,138117712,17867057231314944,NPB,MLB,xgboost
MLB,Steven Wright,2016,593500,142081136,20018751140868496,NPB,MLB,xgboost
MLB,Eduardo Rodríguez,2016,584500,33204570,1064068966804900,NPB,MLB,xgboost
MLB,Jake Arrieta,2016,15637500,392232032,141823441532299020,NPB,MLB,xgboost
MLB,Kyle Hendricks,2016,760500,322340480,103413683536800400,NPB,MLB,xgboost
MLB,Eddie Butler,2016,535000,33846040,1109625385881600,NPB,MLB,xgboost
MLB,Miguel González,2016,5900000,179305328,30069407778787584,NPB,MLB,xgboost
MLB,Carlos Rodón,2016,600000,126464216,15841800869294656,NPB,MLB,xgboost
MLB,Lucas Giolito,2016,535000,10373615,96798345118225,NPB,MLB,xgboost
MLB,Mike Pelfrey,2016,535000,73683688,5350730556121344,NPB,MLB,xgboost
MLB,Reynaldo López,2016,535000,18824922,334521246766084,NPB,MLB,xgboost
MLB,Anthony DeSclafani,2016,585000,67259896,4445541756610816,NPB,MLB,xgboost
MLB,Brandon Finnegan,2016,567000,88119792,7665491386995264,NPB,MLB,xgboost
MLB,Cody Reed,2016,537000,37132104,1339201636770816,NPB,MLB,xgboost
MLB,Robert Stephenson,2016,535000,13585787,170323041319369,NPB,MLB,xgboost
MLB,Tim Adleman,2016,535000,49146116,2363040598765456,NPB,MLB,xgboost
MLB,Trevor Bauer,2016,3550000,140847968,18850732016929024,NPB,MLB,xgboost
MLB,Danny Salazar,2016,3400000,92699520,7974404272230400,NPB,MLB,xgboost
MLB,Mike Clevinger,2016,535000,11670275,123994349325625,NPB,MLB,xgboost
MLB,Tyler Chatwood,2016,4400000,76318096,5172212532265216,NPB,MLB,xgboost
MLB,Chad Bettis,2016,545000,141278240,19805844840897600,NPB,MLB,xgboost
MLB,Jon Gray,2016,540000,126235504,15799359725814016,NPB,MLB,xgboost
MLB,Tyler Anderson,2016,540000,36410256,1286675265505536,NPB,MLB,xgboost
MLB,Germán Márquez,2016,537000,19665570,365902190244900,NPB,MLB,xgboost
MLB,Jeff Hoffman,2016,535000,11185528,113433746678784,NPB,MLB,xgboost
MLB,Michael Fulmer,2016,551900,66253892,4316751752768064,NPB,MLB,xgboost
MLB,Daniel Norris,2016,545500,20927666,415432690851556,NPB,MLB,xgboost
MLB,Matthew Boyd,2016,544200,32703254,1034204754174916,NPB,MLB,xgboost
MLB,Charlie Morton,2016,7000000,57671796,2567630909865616,NPB,MLB,xgboost
MLB,Dallas Keuchel,2016,9150000,104401576,9072862730483776,NPB,MLB,xgboost
MLB,Collin McHugh,2016,3850000,111044872,11490740583096384,NPB,MLB,xgboost
MLB,Joe Musgrove,2016,543400,24628234,580079228807556,NPB,MLB,xgboost
MLB,Brad Peacock,2016,541500,17208562,277790955711844,NPB,MLB,xgboost
MLB,Danny Duffy,2016,13000000,282214112,72476238099948540,NPB,MLB,xgboost
MLB,Jason Hammel,2016,8000000,290337824,79714646861054980,NPB,MLB,xgboost
MLB,Nate Karns,2016,571000,120771520,14448165008270400,NPB,MLB,xgboost
MLB,Garrett Richards,2016,6850000,23401086,273938447779396,NPB,MLB,xgboost
MLB,Matt Shoemaker,2016,3325000,128281344,15614087905846336,NPB,MLB,xgboost
MLB,Bud Norris,2016,1750000,45049236,1874823838183696,NPB,MLB,xgboost
MLB,Doug Fister,2016,1750000,174142304,29719106478428416,NPB,MLB,xgboost
MLB,Tyler Skaggs,2016,555000,16314986,248377158720196,NPB,MLB,xgboost
MLB,Andrew Heaney,2016,543000,4891975,18913583550625,NPB,MLB,xgboost
MLB,Nick Tropeano,2016,542500,43823768,1873268159687824,NPB,MLB,xgboost
MLB,Alex Meyer,2016,535000,24707058,584288387955364,NPB,MLB,xgboost
MLB,Daniel Wright,2016,535000,5976237.5,29607065531406.25,NPB,MLB,xgboost
MLB,Rich Hill,2016,16000000,304500768,83232693136589820,NPB,MLB,xgboost
MLB,Alex Wood,2016,2800000,27766720,623337107558400,NPB,MLB,xgboost
MLB,Ross Stripling,2016,540000,37665912,1378333341831744,NPB,MLB,xgboost
MLB,Julio Urías,2016,540000,17999206,304823874150436,NPB,MLB,xgboost
MLB,Brock Stewart,2016,537500,24149488,557525977312144,NPB,MLB,xgboost
MLB,Edinson Vólquez,2016,11000000,182944192,29564805162532864,NPB,MLB,xgboost
MLB,Tom Koehler,2016,5750000,145821072,19619905211229184,NPB,MLB,xgboost
MLB,Jeff Locke,2016,3000000,42709420,1576838036736400,NPB,MLB,xgboost
MLB,Dan Straily,2016,552100,144173568,20627126070475024,NPB,MLB,xgboost
MLB,Adam Conley,2016,537500,56314364,3111058557674496,NPB,MLB,xgboost
MLB,Justin Nicolino,2016,535000,61388956,3703203960849936,NPB,MLB,xgboost
MLB,Wily Peralta,2016,4275000,47997360,1911644763969600,NPB,MLB,xgboost
MLB,Chase Anderson,2016,2450000,75442848,5327955859151104,NPB,MLB,xgboost
MLB,Tommy Milone,2016,1250000,77553760,5822263790137600,NPB,MLB,xgboost
MLB,Jimmy Nelson,2016,547000,124102840,15266045598105600,NPB,MLB,xgboost
MLB,Junior Guerra,2016,546200,77947816,5991010159411456,NPB,MLB,xgboost
MLB,Zach Davies,2016,546200,51292756,2575212945861136,NPB,MLB,xgboost
MLB,Taylor Jungmann,2016,537600,18348768,317237705524224,NPB,MLB,xgboost
MLB,Héctor Santiago,2016,8000000,94800240,7534281664057600,NPB,MLB,xgboost
MLB,Kyle Gibson,2016,2900000,115819256,12750758375593536,NPB,MLB,xgboost
MLB,Nick Tepesch,2016,1000000,8326184.5,53672979328040.25,NPB,MLB,xgboost
MLB,Tyler Duffey,2016,542500,67092056,4428843403797136,NPB,MLB,xgboost
MLB,Tim Melville,2016,535000,9566516,81568281258256,NPB,MLB,xgboost
MLB,Bartolo Colon,2016,535000,221141216,48667102537838656,NPB,MLB,xgboost
MLB,José Berríos,2016,535000,20513344,399134228982336,NPB,MLB,xgboost
MLB,Matt Harvey,2016,5125000,56314680,2620383338502400,NPB,MLB,xgboost
MLB,Jacob deGrom,2016,4050000,101728808,9541149532300864,NPB,MLB,xgboost
MLB,Noah Syndergaard,2016,605500,261884416,68266671946135056,NPB,MLB,xgboost
MLB,Steven Matz,2016,562250,41951028,1713030944333284,NPB,MLB,xgboost
MLB,Robert Gsellman,2016,541750,20364658,392947681576464,NPB,MLB,xgboost
MLB,Michael Pineda,2016,7400000,147888544,19737030995239936,NPB,MLB,xgboost
MLB,Luis Severino,2016,550975,23184310,512267853222225,NPB,MLB,xgboost
MLB,Bryan Mitchell,2016,550625,10800680,105063627503025,NPB,MLB,xgboost
MLB,Chad Green,2016,535000,34127392,1128448800281664,NPB,MLB,xgboost
MLB,Luis Cessa,2016,535000,31501916,958949886551056,NPB,MLB,xgboost
MLB,Jeremy Hellickson,2016,17200000,168431792,22871054911531264,NPB,MLB,xgboost
MLB,Jerad Eickhoff,2016,552000,167029600,2771479130176e4,NPB,MLB,xgboost
MLB,Vince Velasquez,2016,547000,61064276,3662340694460176,NPB,MLB,xgboost
MLB,Aaron Nola,2016,544000,44686556,1948565250213136,NPB,MLB,xgboost
MLB,Adam Morgan,2016,539000,103639368,10629685881735424,NPB,MLB,xgboost
MLB,Zach Eflin,2016,537000,45982744,2065315647713536,NPB,MLB,xgboost
MLB,Jake Thompson,2016,535000,10096036,91413409393296,NPB,MLB,xgboost
MLB,Iván Nova,2016,8666667,190900176,33209051802453080,NPB,MLB,xgboost
MLB,Gerrit Cole,2016,3750000,57961508,2938887599634064,NPB,MLB,xgboost
MLB,Jameson Taillon,2016,555500,23357588,519935217159744,NPB,MLB,xgboost
MLB,Chad Kuhl,2016,550000,20330924,391284954293776,NPB,MLB,xgboost
MLB,Tyler Glasnow,2016,541000,18195954,311697400742116,NPB,MLB,xgboost
MLB,Steven Brault,2016,535000,16540343,256171004547649,NPB,MLB,xgboost
MLB,Christian Friedrich,2016,1790000,38910972,1377966562224784,NPB,MLB,xgboost
MLB,Jhoulys Chacín,2016,1750000,70445040,4719008520601600,NPB,MLB,xgboost
MLB,Jarred Cosart,2016,566300,24990252,596529431298304,NPB,MLB,xgboost
MLB,Colin Rea,2016,545800,24227870,560840439484900,NPB,MLB,xgboost
MLB,Robbie Erlin,2016,545500,22940264,501525454615696,NPB,MLB,xgboost
MLB,Luis Perdomo,2016,544300,54173428,2876083370040384,NPB,MLB,xgboost
MLB,Jake Esch,2016,535000,11548947,121307028518809,NPB,MLB,xgboost
MLB,Drew Smyly,2016,6850000,118799872,12532773840816384,NPB,MLB,xgboost
MLB,James Paxton,2016,2350000,73781984,5102528338176256,NPB,MLB,xgboost
MLB,Aríel Miranda,2016,540500,28423050,777436594502500,NPB,MLB,xgboost
MLB,Rob Whalen,2016,537500,7467391.5,48023396201772.25,NPB,MLB,xgboost
MLB,Dillon Overton,2016,536600,14492555,194768679962025,NPB,MLB,xgboost
MLB,Ty Blach,2016,536500,14170836,185895118160896,NPB,MLB,xgboost
MLB,Albert Suárez,2016,535000,31742600,973914297760000,NPB,MLB,xgboost
MLB,Carlos Martínez,2016,10200000,153439392,20517523420529664,NPB,MLB,xgboost
MLB,Michael Wacha,2016,2775000,52077380,2430724673664400,NPB,MLB,xgboost
MLB,Luke Weaver,2016,535000,13497403,168023891534409,NPB,MLB,xgboost
MLB,Alex Cobb,2016,4200000,39547228,1249426527283984,NPB,MLB,xgboost
MLB,Jake Odorizzi,2016,4100000,168190976,26925848404632576,NPB,MLB,xgboost
MLB,Nathan Eovaldi,2016,2000000,49590184,2264825613153856,NPB,MLB,xgboost
MLB,Blake Snell,2016,545000,23074658,507585489596964,NPB,MLB,xgboost
MLB,José De León,2016,535600,24546200,576508912360000,NPB,MLB,xgboost
MLB,Matt Andriese,2016,535000,46625728,2124355207569984,NPB,MLB,xgboost
MLB,Andrew Cashner,2016,10000000,67792264,3339945778245696,NPB,MLB,xgboost
MLB,A.J. Griffin,2016,2000000,28090216,680699370926656,NPB,MLB,xgboost
MLB,Chi Chi González,2016,537000,9626655,82621828019025,NPB,MLB,xgboost
MLB,Marcus Stroman,2016,3400000,121151312,13865371477721344,NPB,MLB,xgboost
MLB,Mat Latos,2016,1500000,44715724,1867598800844176,NPB,MLB,xgboost
MLB,Mike Bolsinger,2016,545700,36420952,1287033706063504,NPB,MLB,xgboost
MLB,Brett Anderson,2016,535000,17266964,279958619297296,NPB,MLB,xgboost
MLB,Lucas Harrell,2016,535000,47032136,2161983656202496,NPB,MLB,xgboost
MLB,Aaron Sanchez,2016,535000,147784704,21682475328087616,NPB,MLB,xgboost
MLB,Stephen Strasburg,2016,25000000,143385088,14015029060767744,NPB,MLB,xgboost
MLB,Tanner Roark,2016,4315000,136186032,17389969080745024,NPB,MLB,xgboost
MLB,Edwin Jackson,2016,1000000,39872656,1511083384494336,NPB,MLB,xgboost
MLB,Joe Ross,2016,551000,34636124,1161795678095376,NPB,MLB,xgboost
MLB,A.J. Cole,2016,535000,25129620,604895332944400,NPB,MLB,xgboost
MLB,Patrick Corbin,2017,7500000,118219976,12258913085440576,NPB,MLB,xgboost
MLB,Shelby Miller,2017,4900000,19916146,225484640693316,NPB,MLB,xgboost
MLB,Taijuan Walker,2017,4825000,70438200,430509201424e4,NPB,MLB,xgboost
MLB,Robbie Ray,2017,3950000,153706096,22426888289161216,NPB,MLB,xgboost
MLB,Clay Buchholz,2017,1500000,44417624,1841922449805376,NPB,MLB,xgboost
MLB,Zack Godley,2017,579200,153242224,23305998896824576,NPB,MLB,xgboost
MLB,Brett Anderson,2017,4000000,60949668,3243264685310224,NPB,MLB,xgboost
MLB,Kendall Graveman,2017,2360000,34735936,1048201231876096,NPB,MLB,xgboost
MLB,Trevor Cahill,2017,1500000,34916036,1116631461953296,NPB,MLB,xgboost
MLB,Edwin Jackson,2017,1500000,52963900,264853300321e4,NPB,MLB,xgboost
MLB,Jharel Cotton,2017,550000,69220056,4715576591043136,NPB,MLB,xgboost
MLB,Sean Manaea,2017,550000,75332512,5592424101030144,NPB,MLB,xgboost
MLB,Andrew Triggs,2017,550000,42558796,1764738941369616,NPB,MLB,xgboost
MLB,Paul Blackburn,2017,547500,15011218,209199138383524,NPB,MLB,xgboost
MLB,Daniel Gossett,2017,547500,18950236,338660692285696,NPB,MLB,xgboost
MLB,Daniel Mengden,2017,547500,23436880,523923716784400,NPB,MLB,xgboost
MLB,Mike Foltynewicz,2017,2200000,104123520,10388403929190400,NPB,MLB,xgboost
MLB,Aníbal Sánchez,2017,1000000,140254304,19391761182524416,NPB,MLB,xgboost
MLB,Luiz Gohara,2017,555000,25554166,624958300695556,NPB,MLB,xgboost
MLB,Sean Newcomb,2017,555000,32367654,1012044954523716,NPB,MLB,xgboost
MLB,Lucas Sims,2017,545000,7755255,51987777165025,NPB,MLB,xgboost
MLB,Alex Cobb,2017,14250000,93790944,6326761772411136,NPB,MLB,xgboost
MLB,Andrew Cashner,2017,8000000,125287176,13756281654054976,NPB,MLB,xgboost
MLB,Kevin Gausman,2017,5600000,114947984,11956981604864256,NPB,MLB,xgboost
MLB,Dylan Bundy,2017,1640000,90079496,7821544452734016,NPB,MLB,xgboost
MLB,Drew Pomeranz,2017,8500000,136603312,16410458545369344,NPB,MLB,xgboost
MLB,Eduardo Rodríguez,2017,2375000,32454282,904763205635524,NPB,MLB,xgboost
MLB,Steven Wright,2017,1100000,40600052,1560254108002704,NPB,MLB,xgboost
MLB,Brian Johnson,2017,548000,33898948,1112285732498704,NPB,MLB,xgboost
MLB,Yu Darvish,2017,21000000,281217248,67713016156693504,NPB,MLB,xgboost
MLB,Tyler Chatwood,2017,12666667,72750040,3610011711057129,NPB,MLB,xgboost
MLB,Kyle Hendricks,2017,4175000,58160500,291443421025e4,NPB,MLB,xgboost
MLB,Eddie Butler,2017,570750,20705904,405424426603716,NPB,MLB,xgboost
MLB,Jaime García,2017,545000,71925688,5095202619353344,NPB,MLB,xgboost
MLB,Jen-Ho Tseng,2017,545000,11734914,125214175327396,NPB,MLB,xgboost
MLB,Miguel González,2017,4750000,216371824,44783796393086976,NPB,MLB,xgboost
MLB,Carlos Rodón,2017,2300000,32044164,884715292058896,NPB,MLB,xgboost
MLB,Héctor Santiago,2017,2000000,41762896,1581087898306816,NPB,MLB,xgboost
MLB,Lucas Giolito,2017,555000,27463870,724087284676900,NPB,MLB,xgboost
MLB,Reynaldo López,2017,555000,30186626,878033259403876,NPB,MLB,xgboost
MLB,Carson Fulmer,2017,552000,16455749,252929232255001,NPB,MLB,xgboost
MLB,Dylan Covey,2017,545000,63620284,3978491451680656,NPB,MLB,xgboost
MLB,Tyler Danish,2017,545000,15389361,220355053498321,NPB,MLB,xgboost
MLB,Vance Worley,2017,1500000,86557928,7234851115653184,NPB,MLB,xgboost
MLB,Brandon Finnegan,2017,577500,11409567,117333675492489,NPB,MLB,xgboost
MLB,Luis Castillo,2017,555000,45889148,2055184974885904,NPB,MLB,xgboost
MLB,Rookie Davis,2017,545000,17859824,299803130150976,NPB,MLB,xgboost
MLB,Jackson Stephens,2017,545000,18840086,334710171747396,NPB,MLB,xgboost
MLB,Amir Garrett,2017,545000,48223104,2273201601034816,NPB,MLB,xgboost
MLB,Sal Romano,2017,545000,18678530,328824910260900,NPB,MLB,xgboost
MLB,Tyler Mahle,2017,545000,12328383,138848114924689,NPB,MLB,xgboost
MLB,Trevor Bauer,2017,6525000,135936112,16747235909076544,NPB,MLB,xgboost
MLB,Danny Salazar,2017,5000000,59696128,2991666418192384,NPB,MLB,xgboost
MLB,Adam Wilk,2017,560000,19147668,345501401678224,NPB,MLB,xgboost
MLB,Mike Clevinger,2017,558500,64151976,4044130189762576,NPB,MLB,xgboost
MLB,Ryan Merritt,2017,545800,7592454.5,49655339642370.25,NPB,MLB,xgboost
MLB,Chad Bettis,2017,2000000,22222228,408938505283984,NPB,MLB,xgboost
MLB,Jon Gray,2017,555000,53379076,2790383005253776,NPB,MLB,xgboost
MLB,Tyler Anderson,2017,555000,59018768,3418012168757824,NPB,MLB,xgboost
MLB,Kyle Freeland,2017,550000,69239240,4718211691777600,NPB,MLB,xgboost
MLB,Germán Márquez,2017,550000,66003172,4284117724861584,NPB,MLB,xgboost
MLB,Antonio Senzatela,2017,545000,5918387.5,28873293225156.25,NPB,MLB,xgboost
MLB,Jeff Hoffman,2017,545000,3966422,11706128502084,NPB,MLB,xgboost
MLB,Michael Fulmer,2017,575200,79710016,6262319103353856,NPB,MLB,xgboost
MLB,Matthew Boyd,2017,562000,72970760,5243028524737600,NPB,MLB,xgboost
MLB,Daniel Norris,2017,561400,12066853,132375448735209,NPB,MLB,xgboost
MLB,Buck Farmer,2017,554800,34316380,1139844284096400,NPB,MLB,xgboost
MLB,Dallas Keuchel,2017,13200000,107590056,8909482671683136,NPB,MLB,xgboost
MLB,Collin McHugh,2017,5000000,186418560,32912693912473600,NPB,MLB,xgboost
MLB,Brad Peacock,2017,2440000,238750832,55842809320532224,NPB,MLB,xgboost
MLB,David Paulino,2017,545000,46200336,2084409705272896,NPB,MLB,xgboost
MLB,Nate Karns,2017,1375000,63999504,3921828501246016,NPB,MLB,xgboost
MLB,Jesse Hahn,2017,574000,30477954,894246464834116,NPB,MLB,xgboost
MLB,Eric Skoglund,2017,545000,12567481,144540049395361,NPB,MLB,xgboost
MLB,Sam Gaviglio,2017,545000,18000014,304677513740196,NPB,MLB,xgboost
MLB,Garrett Richards,2017,7300000,19234004,142420451472016,NPB,MLB,xgboost
MLB,Matt Shoemaker,2017,4125000,76522296,5241368468111616,NPB,MLB,xgboost
MLB,JC Ramírez,2017,1900000,112369528,12203516616542784,NPB,MLB,xgboost
MLB,Tyler Skaggs,2017,1875000,33271044,985711578849936,NPB,MLB,xgboost
MLB,Andrew Heaney,2017,800000,54727252,2908148508271504,NPB,MLB,xgboost
MLB,Alex Meyer,2017,551500,55002316,2964891363065856,NPB,MLB,xgboost
MLB,Parker Bridwell,2017,545000,47651620,2219033647824400,NPB,MLB,xgboost
MLB,Alex Wood,2017,6000000,88717944,6842258259587136,NPB,MLB,xgboost
MLB,Julio Urías,2017,550000,2788539.5,5011059093060.25,NPB,MLB,xgboost
MLB,Dan Straily,2017,3370000,225781424,49466841525707776,NPB,MLB,xgboost
MLB,José Ureña,2017,575000,97062008,9309742712792064,NPB,MLB,xgboost
MLB,Adam Conley,2017,545000,76045024,5700253624000576,NPB,MLB,xgboost
MLB,Dillon Peters,2017,545000,16415227,251864105031529,NPB,MLB,xgboost
MLB,Jhoulys Chacín,2017,7750000,88648376,6544547239437376,NPB,MLB,xgboost
MLB,Chase Anderson,2017,5875000,89495552,6992396716784704,NPB,MLB,xgboost
MLB,Jimmy Nelson,2017,3700000,143314096,19492095801897216,NPB,MLB,xgboost
MLB,Wade Miley,2017,2500000,127880096,15720168472969216,NPB,MLB,xgboost
MLB,Yovani Gallardo,2017,2000000,61922320,3590684434182400,NPB,MLB,xgboost
MLB,Zach Davies,2017,572000,155231328,23919507737411584,NPB,MLB,xgboost
MLB,Brent Suter,2017,556500,47865520,2238143373360400,NPB,MLB,xgboost
MLB,Brandon Woodruff,2017,550100,18298754,315014718811716,NPB,MLB,xgboost
MLB,Junior Guerra,2017,545000,61130532,3670606687723024,NPB,MLB,xgboost
MLB,Aaron Wilkerson,2017,545000,17111496,274448789718016,NPB,MLB,xgboost
MLB,Lance Lynn,2017,12000000,163663408,23001789326174464,NPB,MLB,xgboost
MLB,Michael Pineda,2017,5000000,73520520,4695061661070400,NPB,MLB,xgboost
MLB,Kyle Gibson,2017,4200000,134924384,17088864572179456,NPB,MLB,xgboost
MLB,Aníbal Sánchez,2017,2500000,140254304,18976248270524416,NPB,MLB,xgboost
MLB,José Berríos,2017,570000,77277880,5884098854094400,NPB,MLB,xgboost
MLB,Aaron Slegers,2017,545000,6547229,36026752968441,NPB,MLB,xgboost
MLB,Adalberto Mejía,2017,545000,22470184,480713693433856,NPB,MLB,xgboost
MLB,Jason Vargas,2017,8000000,194907232,34934313373901824,NPB,MLB,xgboost
MLB,Jacob deGrom,2017,7400000,206841232,39776805021677824,NPB,MLB,xgboost
MLB,Matt Harvey,2017,5625000,48756840,1860355621785600,NPB,MLB,xgboost
MLB,Noah Syndergaard,2017,2975000,29024456,678574157895936,NPB,MLB,xgboost
MLB,Zack Wheeler,2017,1900000,40421764,1483926301671696,NPB,MLB,xgboost
MLB,A.J. Griffin,2017,750000,94944168,8872541285212224,NPB,MLB,xgboost
MLB,Steven Matz,2017,577000,39265960,1496835625881600,NPB,MLB,xgboost
MLB,Seth Lugo,2017,564000,48951468,2341347059451024,NPB,MLB,xgboost
MLB,Robert Gsellman,2017,562375,26990082,698423697277849,NPB,MLB,xgboost
MLB,Rafael Montero,2017,558025,57498072,3242168952362209,NPB,MLB,xgboost
MLB,Chris Flexen,2017,545000,9348632,77503936391424,NPB,MLB,xgboost
MLB,CC Sabathia,2017,10000000,246646240,56001442906137600,NPB,MLB,xgboost
MLB,Sonny Gray,2017,6500000,75700296,4788680966487616,NPB,MLB,xgboost
MLB,Luis Severino,2017,604975,241765136,58158223253545920,NPB,MLB,xgboost
MLB,Jordan Montgomery,2017,580450,62385768,3819897333081124,NPB,MLB,xgboost
MLB,Luis Cessa,2017,568925,15112910,211527499680225,NPB,MLB,xgboost
MLB,Jake Arrieta,2017,25000000,298139296,74605075019375620,NPB,MLB,xgboost
MLB,Aaron Nola,2017,573000,127097320,16008403551462400,NPB,MLB,xgboost
MLB,Jerad Eickhoff,2017,568000,64858360,4133250388929600,NPB,MLB,xgboost
MLB,Vince Velasquez,2017,559000,35303740,1207196957667600,NPB,MLB,xgboost
MLB,Nick Pivetta,2017,551000,46121316,2076653700339856,NPB,MLB,xgboost
MLB,Ben Lively,2017,550000,35555404,1225378309203216,NPB,MLB,xgboost
MLB,Jake Thompson,2017,549000,7032984,42042048512256,NPB,MLB,xgboost
MLB,Zach Eflin,2017,545000,8496100,63219991210000,NPB,MLB,xgboost
MLB,Gerrit Cole,2017,6750000,160158080,23534039009286400,NPB,MLB,xgboost
MLB,Jameson Taillon,2017,571000,37435764,1359010824775696,NPB,MLB,xgboost
MLB,Chad Kuhl,2017,570500,86056568,7307867822100624,NPB,MLB,xgboost
MLB,Trevor Williams,2017,569500,27710018,736607717308324,NPB,MLB,xgboost
MLB,Tyler Glasnow,2017,556500,27518128,726929384410384,NPB,MLB,xgboost
MLB,Clayton Richard,2017,3000000,133306800,1697986212624e4,NPB,MLB,xgboost
MLB,Tyson Ross,2017,1750000,59307340,3312847387875600,NPB,MLB,xgboost
MLB,Luis Perdomo,2017,566800,106468528,11215175993385984,NPB,MLB,xgboost
MLB,Dinelson Lamet,2017,555700,70001704,4822747471568016,NPB,MLB,xgboost
MLB,James Paxton,2017,4900000,58493252,2872236659935504,NPB,MLB,xgboost
MLB,Erasmo Ramírez,2017,4200000,40593444,1324482766181136,NPB,MLB,xgboost
MLB,Marco Gonzales,2017,550300,18637372,327142173533184,NPB,MLB,xgboost
MLB,Aríel Miranda,2017,545000,90755800,813798843664e4,NPB,MLB,xgboost
MLB,Rob Whalen,2017,545000,2616705.25,4291962642877.5625,NPB,MLB,xgboost
MLB,Chase De Jong,2017,545000,9776383,85218432092689,NPB,MLB,xgboost
MLB,Christian Bergman,2017,545000,52987864,2750253984522496,NPB,MLB,xgboost
MLB,Derek Holland,2017,1750000,109477352,11605182368931904,NPB,MLB,xgboost
MLB,Ty Blach,2017,565000,93573152,8650516338455104,NPB,MLB,xgboost
MLB,Chris Stratton,2017,552500,19699496,366607455824016,NPB,MLB,xgboost
MLB,Michael Wacha,2017,5300000,85684776,6461712212570176,NPB,MLB,xgboost
MLB,Luke Weaver,2017,550800,83466064,6874941004189696,NPB,MLB,xgboost
MLB,Jack Flaherty,2017,545000,16897900,267417338410000,NPB,MLB,xgboost
MLB,Jake Odorizzi,2017,6300000,80468592,5500980039262464,NPB,MLB,xgboost
MLB,Matt Andriese,2017,558400,54854964,2948116862206096,NPB,MLB,xgboost
MLB,Blake Snell,2017,558200,24728008,584179618756864,NPB,MLB,xgboost
MLB,Jake Faria,2017,555000,18792582,332609397206724,NPB,MLB,xgboost
MLB,Anthony Banda,2017,545000,15549973,225149214730729,NPB,MLB,xgboost
MLB,Ryan Weber,2017,545000,17407150,284332102622500,NPB,MLB,xgboost
MLB,Doug Fister,2017,4000000,61970860,3360620609139600,NPB,MLB,xgboost
MLB,Yovani Gallardo,2017,2000000,61922320,3590684434182400,NPB,MLB,xgboost
MLB,Edinson Vólquez,2017,1000000,62987024,3842391144376576,NPB,MLB,xgboost
MLB,Bartolo Colon,2017,1750000,200248128,39401506819504384,NPB,MLB,xgboost
MLB,Jesse Chavez,2017,1500000,146359424,20984252721611776,NPB,MLB,xgboost
MLB,Chris Tillman,2017,545000,84694136,7081077089546496,NPB,MLB,xgboost
MLB,Marco Estrada,2017,13000000,192464944,32207666124923136,NPB,MLB,xgboost
MLB,Jaime García,2017,10000000,71925688,3834790834273344,NPB,MLB,xgboost
MLB,Marcus Stroman,2017,6500000,160242272,23636686199721984,NPB,MLB,xgboost
MLB,Aaron Sanchez,2017,2700000,12248651,91176735919801,NPB,MLB,xgboost
MLB,Nick Tepesch,2017,572300,21606390,442432942128100,NPB,MLB,xgboost
MLB,Chris Rowley,2017,545000,13384882,164862569773924,NPB,MLB,xgboost
MLB,Tanner Roark,2017,6475000,168508992,26255014563456064,NPB,MLB,xgboost
MLB,Jeremy Hellickson,2017,2000000,145020928,20454985845981184,NPB,MLB,xgboost
MLB,Edwin Jackson,2017,1500000,52963900,264853300321e4,NPB,MLB,xgboost
MLB,Joe Ross,2017,567900,52946204,2743486729916416,NPB,MLB,xgboost
MLB,A.J. Cole,2017,555300,23580470,530158453528900,NPB,MLB,xgboost
MLB,Erick Fedde,2017,545000,16590056,257443822043136,NPB,MLB,xgboost
MLB,Robbie Ray,2018,6050000,75942704,4884990072431616,NPB,MLB,xgboost
MLB,Taijuan Walker,2018,5025000,18288608,175923297177664,NPB,MLB,xgboost
MLB,Zack Godley,2018,609400,170011552,28697089102231104,NPB,MLB,xgboost
MLB,Luke Weaver,2018,581300,53466384,2796832109687056,NPB,MLB,xgboost
MLB,Matt Koch,2018,567600,42862336,1788844693309696,NPB,MLB,xgboost
MLB,Marco Estrada,2018,4000000,141663552,18951253549256704,NPB,MLB,xgboost
MLB,Sean Manaea,2018,3150000,66488788,4011802065308944,NPB,MLB,xgboost
MLB,Brett Anderson,2018,1500000,52474984,2598448993800256,NPB,MLB,xgboost
MLB,Chris Bassitt,2018,565000,24369090,566634700728100,NPB,MLB,xgboost
MLB,Daniel Gossett,2018,560000,7190193.5,43959465847442.25,NPB,MLB,xgboost
MLB,Frankie Montas,2018,560000,17650446,292083344478916,NPB,MLB,xgboost
MLB,Edwin Jackson,2018,555000,55832652,3055618810633104,NPB,MLB,xgboost
MLB,Paul Blackburn,2018,555000,22435380,478751028944400,NPB,MLB,xgboost
MLB,Daniel Mengden,2018,555000,34299224,1138672653362176,NPB,MLB,xgboost
MLB,Dallas Keuchel,2018,21021527,142920992,14859479567286224,NPB,MLB,xgboost
MLB,Kevin Gausman,2018,9350000,106970232,9529709695733824,NPB,MLB,xgboost
MLB,Mike Foltynewicz,2018,5475000,194482064,35723670241900096,NPB,MLB,xgboost
MLB,Sean Newcomb,2018,575000,77811968,5965549225833024,NPB,MLB,xgboost
MLB,Touki Toussaint,2018,555000,21936070,457150154344900,NPB,MLB,xgboost
MLB,Michael Soroka,2018,555000,16444346,252471316307716,NPB,MLB,xgboost
MLB,Dylan Bundy,2018,2800000,168373200,2741448455824e4,NPB,MLB,xgboost
MLB,Dan Straily,2018,575000,53404784,2790986077486656,NPB,MLB,xgboost
MLB,David Hess,2018,563500,18906030,336448406800900,NPB,MLB,xgboost
MLB,Jimmy Yacabonis,2018,559000,33238146,1067926583289316,NPB,MLB,xgboost
MLB,Josh Rogers,2018,555000,9690510,83457542960100,NPB,MLB,xgboost
MLB,Yefry Ramírez,2018,555000,29552354,840846539001316,NPB,MLB,xgboost
MLB,Luis Ortiz,2018,555000,7837809,53039306930481,NPB,MLB,xgboost
MLB,Nathan Eovaldi,2018,17000000,59120556,1774141237749136,NPB,MLB,xgboost
MLB,Eduardo Rodríguez,2018,4300000,69566376,4259699836173376,NPB,MLB,xgboost
MLB,Erasmo Ramírez,2018,1000000,18370440,301732185793600,NPB,MLB,xgboost
MLB,Jhoulys Chacín,2018,555000,174634400,3030363750436e4,NPB,MLB,xgboost
MLB,Kyle Hendricks,2018,7405000,169139648,26158096363683904,NPB,MLB,xgboost
MLB,Mike Montgomery,2018,2440000,64388288,3837590386130944,NPB,MLB,xgboost
MLB,Kendall Graveman,2018,575000,28661544,788853953863936,NPB,MLB,xgboost
MLB,Ervin Santana,2018,4300000,90304776,7396821494810176,NPB,MLB,xgboost
MLB,Carlos Rodón,2018,4200000,34453304,915262402916416,NPB,MLB,xgboost
MLB,Reynaldo López,2018,580000,104350448,10768305878120704,NPB,MLB,xgboost
MLB,Lucas Giolito,2018,573000,113365616,12722174224123456,NPB,MLB,xgboost
MLB,Dylan Covey,2018,571000,43004068,1800565259892624,NPB,MLB,xgboost
MLB,Carson Fulmer,2018,555000,32258024,1005081730744576,NPB,MLB,xgboost
MLB,Michael Kopech,2018,555000,38964484,1475288461146256,NPB,MLB,xgboost
MLB,Sonny Gray,2018,10166667,54906484,2001651225193489,NPB,MLB,xgboost
MLB,Tanner Roark,2018,10000000,116643304,11372794288036416,NPB,MLB,xgboost
MLB,Alex Wood,2018,9650000,59349192,2470009685452864,NPB,MLB,xgboost
MLB,Anthony DeSclafani,2018,2125000,75852928,5435807367173184,NPB,MLB,xgboost
MLB,Tyler Mahle,2018,570000,26914498,694032574872004,NPB,MLB,xgboost
MLB,Robert Stephenson,2018,565000,39562888,1520835268460544,NPB,MLB,xgboost
MLB,Luis Castillo,2018,557500,89354232,7884859613879824,NPB,MLB,xgboost
MLB,Brandon Finnegan,2018,555000,20333818,391201641477124,NPB,MLB,xgboost
MLB,Sal Romano,2018,555000,56579316,3138723983267856,NPB,MLB,xgboost
MLB,Carlos Carrasco,2018,11750000,302506400,8453928414096e4,NPB,MLB,xgboost
MLB,Trevor Bauer,2018,13000000,144306768,17241467322605824,NPB,MLB,xgboost
MLB,Mike Clevinger,2018,592200,253598960,64012420605697600,NPB,MLB,xgboost
MLB,Shane Bieber,2018,559600,69997560,4821630288961600,NPB,MLB,xgboost
MLB,Jefry Rodríguez,2018,555000,1501004.875,894925223523.7656,NPB,MLB,xgboost
MLB,Adam Plutko,2018,555000,34825088,1174438931527744,NPB,MLB,xgboost
MLB,Germán Márquez,2018,8600000,120005952,12411286141026304,NPB,MLB,xgboost
MLB,Chad Bettis,2018,3325000,43462588,1611025970457744,NPB,MLB,xgboost
MLB,Jon Gray,2018,2925000,131339448,16490270455144704,NPB,MLB,xgboost
MLB,Tyler Anderson,2018,2625000,118608128,13452085980664384,NPB,MLB,xgboost
MLB,Germán Márquez,2018,565000,120005952,14266141014666304,NPB,MLB,xgboost
MLB,Kyle Freeland,2018,565000,134710736,17995078486981696,NPB,MLB,xgboost
MLB,Antonio Senzatela,2018,560000,20051676,379925433288976,NPB,MLB,xgboost
MLB,Tyson Ross,2018,5750000,73773888,4627249338636544,NPB,MLB,xgboost
MLB,Michael Fulmer,2018,2800000,26508548,562095248268304,NPB,MLB,xgboost
MLB,Matthew Boyd,2018,2600000,116740480,13028049174630400,NPB,MLB,xgboost
MLB,Daniel Norris,2018,1275000,25423284,583139620144656,NPB,MLB,xgboost
MLB,Spencer Turnbull,2018,556100,11264127,114661842232729,NPB,MLB,xgboost
MLB,Edwin Jackson,2018,555000,55832652,3055618810633104,NPB,MLB,xgboost
MLB,Ryan Carpenter,2018,555000,11444277,118576353582729,NPB,MLB,xgboost
MLB,Gerrit Cole,2018,13500000,216694464,41287990200247296,NPB,MLB,xgboost
MLB,Wade Miley,2018,4500000,49694516,2042544276474256,NPB,MLB,xgboost
MLB,Josh James,2018,566800,27122116,705184807859856,NPB,MLB,xgboost
MLB,Framber Valdez,2018,566600,20099150,381520509502500,NPB,MLB,xgboost
MLB,Eric Skoglund,2018,568175,33376506,1076386583005561,NPB,MLB,xgboost
MLB,Trevor Oaks,2018,555350,10039737,89953596765769,NPB,MLB,xgboost
MLB,Homer Bailey,2018,555000,140911152,19699849404247104,NPB,MLB,xgboost
MLB,Heath Fillmyer,2018,555000,17148730,275351875312900,NPB,MLB,xgboost
MLB,Ben Lively,2018,555000,18744078,330842558490084,NPB,MLB,xgboost
MLB,Trevor Cahill,2018,9000000,89300760,6448212056577600,NPB,MLB,xgboost
MLB,Tyler Skaggs,2018,3700000,70954768,4523203818733824,NPB,MLB,xgboost
MLB,Andrew Heaney,2018,3400000,135773312,17522693729849344,NPB,MLB,xgboost
MLB,JC Ramírez,2018,1901000,20680364,352664512244496,NPB,MLB,xgboost
MLB,Nick Tropeano,2018,1075000,37535668,1329380311006224,NPB,MLB,xgboost
MLB,Félix Peña,2018,569000,62931508,3889082404050064,NPB,MLB,xgboost
MLB,Jaime Barria,2018,563500,44068652,1892698250543104,NPB,MLB,xgboost
MLB,Dillon Peters,2018,555000,21314014,430936662252196,NPB,MLB,xgboost
MLB,Clayton Kershaw,2018,31000000,257370432,51243572483866624,NPB,MLB,xgboost
MLB,Ross Stripling,2018,595000,155183984,23897753974152256,NPB,MLB,xgboost
MLB,Walker Buehler,2018,570000,73798920,5362474724366400,NPB,MLB,xgboost
MLB,Dan Straily,2018,5000000,53404784,2343023114086656,NPB,MLB,xgboost
MLB,José Ureña,2018,3200000,113289376,12119670708069376,NPB,MLB,xgboost
MLB,Trevor Richards,2018,570000,49260888,2370802574228544,NPB,MLB,xgboost
MLB,Caleb Smith,2018,556500,27517232,726881069975824,NPB,MLB,xgboost
MLB,Sandy Alcantara,2018,555000,15866300,234435907690000,NPB,MLB,xgboost
MLB,Pablo López,2018,555000,17613364,290987782356496,NPB,MLB,xgboost
MLB,Jeff Brigham,2018,555000,14581034,196729629769156,NPB,MLB,xgboost
MLB,Zach Davies,2018,2600000,35389272,1075136358289984,NPB,MLB,xgboost
MLB,Junior Guerra,2018,2225000,240366864,56711547389394496,NPB,MLB,xgboost
MLB,Gio González,2018,2000000,184552832,33325536471220224,NPB,MLB,xgboost
MLB,Brent Suter,2018,568300,75369896,5595278764147216,NPB,MLB,xgboost
MLB,Freddy Peralta,2018,564600,54645668,2924761916020624,NPB,MLB,xgboost
MLB,Jake Odorizzi,2018,9500000,100515320,8283788474702400,NPB,MLB,xgboost
MLB,Kyle Gibson,2018,8125000,156672416,22066334800277056,NPB,MLB,xgboost
MLB,Martín Pérez,2018,4000000,29002034,625101704137156,NPB,MLB,xgboost
MLB,José Berríos,2018,620000,113395320,12718272801102400,NPB,MLB,xgboost
MLB,Adalberto Mejía,2018,560000,10404281,96909868406961,NPB,MLB,xgboost
MLB,Chase De Jong,2018,555000,15484396,222886864924816,NPB,MLB,xgboost
MLB,Kohl Stewart,2018,555000,14668568,199192801690624,NPB,MLB,xgboost
MLB,Fernando Romero,2018,555000,7468466.5,47796019046622.25,NPB,MLB,xgboost
MLB,Stephen Gonsalves,2018,555000,28909680,803987877902400,NPB,MLB,xgboost
MLB,Jacob deGrom,2018,27500000,361795296,111753344927727620,NPB,MLB,xgboost
MLB,Jacob deGrom,2018,17000000,361795296,118883796143727620,NPB,MLB,xgboost
MLB,Noah Syndergaard,2018,6000000,112916728,11431186726225984,NPB,MLB,xgboost
MLB,Zack Wheeler,2018,5975000,254351488,61690879791214144,NPB,MLB,xgboost
MLB,Steven Matz,2018,2625000,90510016,7723776037320256,NPB,MLB,xgboost
MLB,Corey Oswalt,2018,555000,18736342,330561196920964,NPB,MLB,xgboost
MLB,Walker Lockett,2018,555000,12060415,132374574322225,NPB,MLB,xgboost
MLB,Luis Severino,2018,10000000,263713872,64370728845232384,NPB,MLB,xgboost
MLB,J.A. Happ,2018,17000000,334241888,100642415501804540,NPB,MLB,xgboost
MLB,James Paxton,2018,8575000,197502096,35693447602993216,NPB,MLB,xgboost
MLB,CC Sabathia,2018,8000000,146151072,19085718694749184,NPB,MLB,xgboost
MLB,Sonny Gray,2018,7500000,54906484,2247374725242256,NPB,MLB,xgboost
MLB,Gio González,2018,3000000,184552832,32961430807220224,NPB,MLB,xgboost
MLB,Jordan Montgomery,2018,596600,15188211,212915111575321,NPB,MLB,xgboost
MLB,Domingo Germán,2018,577500,27228672,710284968973584,NPB,MLB,xgboost
MLB,Aaron Nola,2018,11250000,281319808,72937701193156860,NPB,MLB,xgboost
MLB,Vince Velasquez,2018,2249000,97397384,9053214977811456,NPB,MLB,xgboost
MLB,Nick Pivetta,2018,598000,134480528,17924531303670784,NPB,MLB,xgboost
MLB,Zach Eflin,2018,590000,79014936,6150470586604096,NPB,MLB,xgboost
MLB,Ranger Suárez,2018,555000,7486715,48048672841225,NPB,MLB,xgboost
MLB,Francisco Liriano,2018,1800000,157969360,24388869002809600,NPB,MLB,xgboost
MLB,Jameson Taillon,2018,587500,183114480,33316098427920400,NPB,MLB,xgboost
MLB,Trevor Williams,2018,584000,82206696,6662264502308416,NPB,MLB,xgboost
MLB,Joe Musgrove,2018,582500,36248700,127207782244e4,NPB,MLB,xgboost
MLB,Chad Kuhl,2018,578000,31433974,952091131488676,NPB,MLB,xgboost
MLB,Nick Kingham,2018,569000,44168368,1900904889999424,NPB,MLB,xgboost
MLB,Aaron Slegers,2018,555000,17406640,283977770689600,NPB,MLB,xgboost
MLB,Garrett Richards,2018,7750000,151923216,20785916211782656,NPB,MLB,xgboost
MLB,Bryan Mitchell,2018,910000,27738372,719761544170384,NPB,MLB,xgboost
MLB,Joey Lucchesi,2018,565100,64508424,4088748684168976,NPB,MLB,xgboost
MLB,Eric Lauer,2018,562500,19245114,349040065872996,NPB,MLB,xgboost
MLB,Jacob Nix,2018,556800,15928586,236291804829796,NPB,MLB,xgboost
MLB,Brett Kennedy,2018,556000,11748261,125266706292121,NPB,MLB,xgboost
MLB,Luis Perdomo,2018,555000,24086800,553745611240000,NPB,MLB,xgboost
MLB,Wade LeBlanc,2018,2750000,132746928,16899201289437184,NPB,MLB,xgboost
MLB,Marco Gonzales,2018,950000,68852584,4610760913877056,NPB,MLB,xgboost
MLB,Tommy Milone,2018,555000,26711686,684172222502596,NPB,MLB,xgboost
MLB,Derek Holland,2018,7000000,215723584,43565534517805056,NPB,MLB,xgboost
MLB,Chris Stratton,2018,567500,59749432,3502501075252624,NPB,MLB,xgboost
MLB,Dereck Rodríguez,2018,561250,47507012,2203904569760644,NPB,MLB,xgboost
MLB,Andrew Suárez,2018,555000,79551384,6240428685075456,NPB,MLB,xgboost
MLB,Tyler Beede,2018,555000,13278994,161900023312036,NPB,MLB,xgboost
MLB,Michael Wacha,2018,6350000,52904316,2167304338227856,NPB,MLB,xgboost
MLB,Adam Wainwright,2018,2000000,52006044,2500604436529936,NPB,MLB,xgboost
MLB,John Gant,2018,571300,28176608,762053029774864,NPB,MLB,xgboost
MLB,Alex Reyes,2018,564600,8455772,62270595533584,NPB,MLB,xgboost
MLB,Jack Flaherty,2018,562100,90528672,8093984077431184,NPB,MLB,xgboost
MLB,Blake Snell,2018,10000000,286446592,76422718228414460,NPB,MLB,xgboost
MLB,Charlie Morton,2018,15000000,396081344,145222990744846340,NPB,MLB,xgboost
MLB,Blake Snell,2018,573700,286446592,81723310380443660,NPB,MLB,xgboost
MLB,Jake Faria,2018,555000,16827624,264798291845376,NPB,MLB,xgboost
MLB,Lance Lynn,2018,10000000,290657056,78768383082587140,NPB,MLB,xgboost
MLB,Shelby Miller,2018,2000000,23485592,461630663590464,NPB,MLB,xgboost
MLB,Yohander Méndez,2018,558000,10689597,102649257770409,NPB,MLB,xgboost
MLB,Jen-Ho Tseng,2018,555000,11661697,123358718249809,NPB,MLB,xgboost
MLB,Adrian Sampson,2018,555000,9070859,72519854507881,NPB,MLB,xgboost
MLB,Ariel Jurado,2018,555000,13674635,172124822533225,NPB,MLB,xgboost
MLB,Marcus Stroman,2018,7400000,54138052,2184445504754704,NPB,MLB,xgboost
MLB,Aaron Sanchez,2018,3900000,32503626,818167420347876,NPB,MLB,xgboost
MLB,Matt Shoemaker,2018,3500000,93261576,8057140526003776,NPB,MLB,xgboost
MLB,Clay Buchholz,2018,3000000,172263616,28650171701395456,NPB,MLB,xgboost
MLB,Sam Gaviglio,2018,579500,56113444,3084018936195136,NPB,MLB,xgboost
MLB,Ryan Borucki,2018,565200,22998022,503231502883684,NPB,MLB,xgboost
MLB,Thomas Pannone,2018,560100,22260032,470887048804624,NPB,MLB,xgboost
MLB,Sean Reid-Foley,2018,555000,29746042,852116933045764,NPB,MLB,xgboost
MLB,Patrick Corbin,2018,23333333,182883968,25456405128903224,NPB,MLB,xgboost
MLB,Aníbal Sánchez,2018,9500000,224354112,46162289443308544,NPB,MLB,xgboost
MLB,Jeremy Hellickson,2018,1300000,59534976,3391312429720576,NPB,MLB,xgboost
MLB,Joe Ross,2018,1000000,28930808,780130035532864,NPB,MLB,xgboost
MLB,Austin Voth,2018,556000,12388603,140010493755609,NPB,MLB,xgboost
MLB,Erick Fedde,2018,555000,15665561,228329053734721,NPB,MLB,xgboost
MLB,Madison Bumgarner,2019,17000000,286698080,72737054355686400,NPB,MLB,xgboost
MLB,Robbie Ray,2019,9430000,115654800,1128370813504e4,NPB,MLB,xgboost
MLB,Luke Weaver,2019,597000,47553188,2204883591491344,NPB,MLB,xgboost
MLB,Alex Young,2019,575000,33144810,1060792523436100,NPB,MLB,xgboost
MLB,Taylor Clarke,2019,575000,43729704,1862328477327616,NPB,MLB,xgboost
MLB,Zac Gallen,2019,575000,25560162,624258320166244,NPB,MLB,xgboost
MLB,Corbin Martin,2019,565700,11900199,128470867581001,NPB,MLB,xgboost
MLB,Sean Manaea,2019,3750000,18325752,212452546365504,NPB,MLB,xgboost
MLB,Chris Bassitt,2019,2250000,264663520,68860855478790400,NPB,MLB,xgboost
MLB,Daniel Mengden,2019,573500,19745732,367574479861824,NPB,MLB,xgboost
MLB,Frankie Montas,2019,573500,72324864,5148258235860496,NPB,MLB,xgboost
MLB,Cole Hamels,2019,18000000,218855568,40342959196602624,NPB,MLB,xgboost
MLB,Mike Foltynewicz,2019,6425000,77754216,5087857055174656,NPB,MLB,xgboost
MLB,Jhoulys Chacín,2019,1600000,62737280,3737767005798400,NPB,MLB,xgboost
MLB,Félix Hernández,2019,1000000,96074512,9039162832038144,NPB,MLB,xgboost
MLB,Max Fried,2019,583500,130637480,16914037713840400,NPB,MLB,xgboost
MLB,Michael Soroka,2019,583500,56308820,3105311289102400,NPB,MLB,xgboost
MLB,Bryse Wilson,2019,575000,8999228,70967617395984,NPB,MLB,xgboost
MLB,Kyle Wright,2019,573500,21068114,420029203008996,NPB,MLB,xgboost
MLB,John Means,2019,580000,87974248,7637754583485504,NPB,MLB,xgboost
MLB,Asher Wojciechowski,2019,575000,114873392,13064122413785664,NPB,MLB,xgboost
MLB,Chandler Shepherd,2019,563500,15939677,236426819135329,NPB,MLB,xgboost
MLB,David Hess,2019,563500,37465348,1361746385815104,NPB,MLB,xgboost
MLB,Chris Sale,2019,29000000,244641088,46501078833823744,NPB,MLB,xgboost
MLB,Eduardo Rodríguez,2019,8300000,277244384,72331081685139460,NPB,MLB,xgboost
MLB,Martín Pérez,2019,6000000,104463792,9695118335019264,NPB,MLB,xgboost
MLB,Kyle Hendricks,2019,13875000,144388768,17033843637557824,NPB,MLB,xgboost
MLB,Adbert Alzolay,2019,563500,19783186,369396329938596,NPB,MLB,xgboost
MLB,Dallas Keuchel,2019,18500000,86102760,4570133159617600,NPB,MLB,xgboost
MLB,Gio González,2019,5000000,59015988,2917726959616144,NPB,MLB,xgboost
MLB,Carlos Rodón,2019,4450000,34630616,910869582139456,NPB,MLB,xgboost
MLB,Ross Detwiler,2019,1000000,50307088,2431188927039744,NPB,MLB,xgboost
MLB,Lucas Giolito,2019,627000,129294368,16555291588047424,NPB,MLB,xgboost
MLB,Reynaldo López,2019,605000,111968344,12401794386862336,NPB,MLB,xgboost
MLB,Dylan Cease,2019,575000,22499342,480676772132964,NPB,MLB,xgboost
MLB,Trevor Bauer,2019,17500000,127985432,12207030684226624,NPB,MLB,xgboost
MLB,Wade Miley,2019,7500000,210444480,41186461962470400,NPB,MLB,xgboost
MLB,Anthony DeSclafani,2019,5900000,179156416,30017785685165056,NPB,MLB,xgboost
MLB,Luis Castillo,2019,663500,281664992,78961838506226060,NPB,MLB,xgboost
MLB,Tyler Mahle,2019,609793,30586498,898602842657025,NPB,MLB,xgboost
MLB,Mike Clevinger,2019,4100000,246288496,58655267594742016,NPB,MLB,xgboost
MLB,Shane Bieber,2019,623200,230132608,52674568360510464,NPB,MLB,xgboost
MLB,Adam Plutko,2019,574800,48444688,2291526177132544,NPB,MLB,xgboost
MLB,Jefry Rodríguez,2019,566000,8952016,70325264352256,NPB,MLB,xgboost
MLB,Aaron Civale,2019,565400,18263258,313214177788164,NPB,MLB,xgboost
MLB,Zach Plesac,2019,563500,30611912,902907063721744,NPB,MLB,xgboost
MLB,Jon Gray,2019,5600000,78554784,5322400508486656,NPB,MLB,xgboost
MLB,Kyle Freeland,2019,2875000,75310616,5246918465299456,NPB,MLB,xgboost
MLB,Chi Chi González,2019,1750000,17480324,247443093144976,NPB,MLB,xgboost
MLB,Antonio Senzatela,2019,573500,72960392,5239862133419664,NPB,MLB,xgboost
MLB,Jeff Hoffman,2019,568500,61353528,3694819628960784,NPB,MLB,xgboost
MLB,Peter Lambert,2019,565500,27705370,736572543616900,NPB,MLB,xgboost
MLB,Matthew Boyd,2019,5300000,137740800,1754056550464e4,NPB,MLB,xgboost
MLB,Daniel Norris,2019,2960000,53646684,2569139934915856,NPB,MLB,xgboost
MLB,Iván Nova,2019,1500000,178056160,31172077633945600,NPB,MLB,xgboost
MLB,Spencer Turnbull,2019,573500,53677540,2820039064321600,NPB,MLB,xgboost
MLB,Dario Agrazal,2019,567900,22496312,480855252841744,NPB,MLB,xgboost
MLB,Tyler Alexander,2019,566600,18949340,337925129907600,NPB,MLB,xgboost
MLB,Justin Verlander,2019,33000000,309122560,76243668140953600,NPB,MLB,xgboost
MLB,Brad Peacock,2019,3900000,77395176,5401540895270976,NPB,MLB,xgboost
MLB,José Urquidy,2019,574600,23584736,529466358738496,NPB,MLB,xgboost
MLB,Brad Keller,2019,613000,118976216,14009850901862656,NPB,MLB,xgboost
MLB,Glenn Sparkman,2019,604500,92295912,8407315034553744,NPB,MLB,xgboost
MLB,Matt Harvey,2019,575000,49231208,2367426576939264,NPB,MLB,xgboost
MLB,Julio Teheran,2019,9000000,131750744,15067745152553536,NPB,MLB,xgboost
MLB,Dylan Bundy,2019,5000000,123964512,14152555115398144,NPB,MLB,xgboost
MLB,Andrew Heaney,2019,4300000,143202304,19293850056508416,NPB,MLB,xgboost
MLB,Griffin Canning,2019,570500,30612294,902509386738436,NPB,MLB,xgboost
MLB,Dillon Peters,2019,569000,34815612,1172830433478544,NPB,MLB,xgboost
MLB,José Suarez,2019,567500,34716240,1166136443587600,NPB,MLB,xgboost
MLB,Patrick Sandoval,2019,565750,24737844,584290128344836,NPB,MLB,xgboost
MLB,Jaime Barria,2019,563500,27981760,751760981427600,NPB,MLB,xgboost
MLB,Alex Wood,2019,4000000,32591824,817492399646976,NPB,MLB,xgboost
MLB,Walker Buehler,2019,603500,251575200,6298679420089e4,NPB,MLB,xgboost
MLB,Tony Gonsolin,2019,566000,20565952,399998080002304,NPB,MLB,xgboost
MLB,José Ureña,2019,3750000,45133288,1712576525690944,NPB,MLB,xgboost
MLB,Sandy Alcantara,2019,620000,76200016,5712338818560256,NPB,MLB,xgboost
MLB,Caleb Smith,2019,586500,124218408,15284848675720464,NPB,MLB,xgboost
MLB,Pablo López,2019,575000,31255046,941265222562116,NPB,MLB,xgboost
MLB,Elieser Hernández,2019,571500,45711660,2037634044825600,NPB,MLB,xgboost
MLB,Jordan Yamamoto,2019,565000,34199756,1131296811179536,NPB,MLB,xgboost
MLB,Brett Anderson,2019,5000000,163352880,25075634604294400,NPB,MLB,xgboost
MLB,Brandon Woodruff,2019,633100,81821368,6591534860839824,NPB,MLB,xgboost
MLB,Adrian Houser,2019,581600,55799008,3048962146238464,NPB,MLB,xgboost
MLB,Michael Pineda,2019,10000000,241244752,53474135327541504,NPB,MLB,xgboost
MLB,Jake Odorizzi,2019,17800000,181379472,26758243659798784,NPB,MLB,xgboost
MLB,José Berríos,2019,4025000,253566704,62271062035223616,NPB,MLB,xgboost
MLB,Rich Hill,2019,3000000,102387080,9877791670926400,NPB,MLB,xgboost
MLB,Devin Smeltzer,2019,571000,20786170,408653098128900,NPB,MLB,xgboost
MLB,Randy Dobnak,2019,571000,19494508,358099155026064,NPB,MLB,xgboost
MLB,Marcus Stroman,2019,12000000,171888896,25564459064098816,NPB,MLB,xgboost
MLB,Rick Porcello,2019,10000000,145695280,18413209014278400,NPB,MLB,xgboost
MLB,Noah Syndergaard,2019,9700000,240840816,53426076821145856,NPB,MLB,xgboost
MLB,Steven Matz,2019,5000000,141663120,18676808368134400,NPB,MLB,xgboost
MLB,Michael Wacha,2019,3000000,28596274,655169242683076,NPB,MLB,xgboost
MLB,Gerrit Cole,2019,36000000,235021616,39609603635251456,NPB,MLB,xgboost
MLB,James Paxton,2019,12500000,299766112,82521819103596540,NPB,MLB,xgboost
MLB,Jordan Montgomery,2019,805000,9794987,80819866260169,NPB,MLB,xgboost
MLB,Zack Wheeler,2019,23600000,288732480,70295231950950400,NPB,MLB,xgboost
MLB,Vince Velasquez,2019,3600000,54075788,2547805174220944,NPB,MLB,xgboost
MLB,Zach Eflin,2019,2625000,102690736,10013151521221696,NPB,MLB,xgboost
MLB,Trevor Williams,2019,2825000,45831264,1849538743237696,NPB,MLB,xgboost
MLB,Joe Musgrove,2019,2800000,103479584,10136378634413056,NPB,MLB,xgboost
MLB,Jameson Taillon,2019,2250000,32419354,910189920777316,NPB,MLB,xgboost
MLB,Steven Brault,2019,590500,27982316,750311583777856,NPB,MLB,xgboost
MLB,Mitch Keller,2019,577500,32709400,103245899761e4,NPB,MLB,xgboost
MLB,Zach Davies,2019,5250000,68895824,4050790912638976,NPB,MLB,xgboost
MLB,Dinelson Lamet,2019,1300000,41353716,1604300165408656,NPB,MLB,xgboost
MLB,Joey Lucchesi,2019,599300,93332776,8599497571042576,NPB,MLB,xgboost
MLB,Chris Paddack,2019,588500,54384416,2894000578279056,NPB,MLB,xgboost
MLB,Eric Lauer,2019,582300,45544924,2021637556965376,NPB,MLB,xgboost
MLB,Jerad Eickhoff,2019,575000,34232036,1132796072305296,NPB,MLB,xgboost
MLB,Cal Quantrill,2019,571800,27194466,708766344947556,NPB,MLB,xgboost
MLB,Ronald Bolaños,2019,563500,8665543,65643100773849,NPB,MLB,xgboost
MLB,Marco Gonzales,2019,7500000,120432304,12753705286748416,NPB,MLB,xgboost
MLB,Taijuan Walker,2019,2000000,4333821,5446720460041,NPB,MLB,xgboost
MLB,Justus Sheffield,2019,566300,25343800,613924506250000,NPB,MLB,xgboost
MLB,Justin Dunn,2019,564500,9113094,73078459376836,NPB,MLB,xgboost
MLB,Nick Margevicius,2019,563500,14284362,188262054023044,NPB,MLB,xgboost
MLB,Kevin Gausman,2019,9000000,160959280,23091622778118400,NPB,MLB,xgboost
MLB,Drew Smyly,2019,4000000,71180896,4513272787362816,NPB,MLB,xgboost
MLB,Tyler Anderson,2019,1775000,74905008,5347998070080064,NPB,MLB,xgboost
MLB,Tyson Ross,2019,1750000,55564216,2895969843694656,NPB,MLB,xgboost
MLB,Dereck Rodríguez,2019,576000,44234560,1906069861273600,NPB,MLB,xgboost
MLB,Tyler Beede,2019,569750,32264434,1004552993859856,NPB,MLB,xgboost
MLB,Logan Webb,2019,566625,20460668,395772946885849,NPB,MLB,xgboost
MLB,Rico Garcia,2019,563500,9915973,87468751215729,NPB,MLB,xgboost
MLB,Shaun Anderson,2019,563500,10534511,99421060362121,NPB,MLB,xgboost
MLB,Miles Mikolas,2019,17000000,79288464,3879852747479296,NPB,MLB,xgboost
MLB,Adam Wainwright,2019,5000000,258443712,64233715152338944,NPB,MLB,xgboost
MLB,Jack Flaherty,2019,604500,249541232,61969496538839824,NPB,MLB,xgboost
MLB,Dakota Hudson,2019,580500,107993232,11537494995703824,NPB,MLB,xgboost
MLB,Daniel Ponce de Leon,2019,572800,39048312,1480365023662144,NPB,MLB,xgboost
MLB,Tyler Glasnow,2019,2050000,47790092,2092156016168464,NPB,MLB,xgboost
MLB,Ryan Yarbrough,2019,578500,53158632,2764670281137424,NPB,MLB,xgboost
MLB,Yonny Chirinos,2019,576700,45399012,2009039653025344,NPB,MLB,xgboost
MLB,Dylan Covey,2019,575000,46433856,2103034673628736,NPB,MLB,xgboost
MLB,Trevor Richards,2019,575000,56894764,3171915817015696,NPB,MLB,xgboost
MLB,Sean Gilmartin,2019,575000,19417660,355045835875600,NPB,MLB,xgboost
MLB,Brendan McKay,2019,563500,22159008,466365965778064,NPB,MLB,xgboost
MLB,Kyle Gibson,2019,9333333,268249344,67037500752152120,NPB,MLB,xgboost
MLB,Jordan Lyles,2019,8000000,126861296,14128007686799616,NPB,MLB,xgboost
MLB,Kolby Allard,2019,566500,26870492,691899995136064,NPB,MLB,xgboost
MLB,Brock Burke,2019,564500,4520050.5,15646379758050.25,NPB,MLB,xgboost
MLB,Taylor Hearn,2019,563500,10958195,108049684143025,NPB,MLB,xgboost
MLB,Ariel Jurado,2019,563500,49519548,2396694635778304,NPB,MLB,xgboost
MLB,Joe Palumbo,2019,563500,16242067,245817463173489,NPB,MLB,xgboost
MLB,Tanner Roark,2019,12000000,254116608,58620451869425664,NPB,MLB,xgboost
MLB,Matt Shoemaker,2019,4200000,74323040,4917240738841600,NPB,MLB,xgboost
MLB,Trent Thornton,2019,581900,66612148,4359993650941504,NPB,MLB,xgboost
MLB,Ryan Borucki,2019,573800,8362882.5,60669806191806.25,NPB,MLB,xgboost
MLB,Sean Reid-Foley,2019,572700,16093128,240883685303184,NPB,MLB,xgboost
MLB,Anthony Kay,2019,565600,17072274,272470286542276,NPB,MLB,xgboost
MLB,Jacob Waguespack,2019,563500,31332022,946701946064484,NPB,MLB,xgboost
MLB,T.J. Zeuch,2019,563500,14239599,187035683857801,NPB,MLB,xgboost
MLB,Stephen Strasburg,2019,35000000,358351552,104556226180808700,NPB,MLB,xgboost
MLB,Austin Voth,2019,568900,24196656,558270853595536,NPB,MLB,xgboost
MLB,Erick Fedde,2019,563500,21051040,419739295251600,NPB,MLB,xgboost
MLB,Luke Weaver,2020,1950000,35428688,1120822550201344,NPB,MLB,xgboost
MLB,Caleb Smith,2020,1465000,43533932,1769795039620624,NPB,MLB,xgboost
MLB,Zac Gallen,2020,607500,31829104,974788556332816,NPB,MLB,xgboost
MLB,Sean Manaea,2020,5950000,32562228,708210679123984,NPB,MLB,xgboost
MLB,Chris Bassitt,2020,4900000,45795376,1672431778181376,NPB,MLB,xgboost
MLB,Frankie Montas,2020,1800000,23463168,469292847796224,NPB,MLB,xgboost
MLB,Jesús Luzardo,2020,575500,29406982,831254354316324,NPB,MLB,xgboost
MLB,Daulton Jefferies,2020,570500,12947952,153201318012304,NPB,MLB,xgboost
MLB,Paul Blackburn,2020,570500,13221826,160056049558276,NPB,MLB,xgboost
MLB,Charlie Morton,2020,15000000,78386776,4017883371674176,NPB,MLB,xgboost
MLB,Drew Smyly,2020,11000000,48771936,1426719149188096,NPB,MLB,xgboost
MLB,Max Fried,2020,3500000,25119040,467382890521600,NPB,MLB,xgboost
MLB,Michael Soroka,2020,2800000,6179707.5,11422422785556.25,NPB,MLB,xgboost
MLB,Sean Newcomb,2020,600500,20800990,408059796240100,NPB,MLB,xgboost
MLB,Touki Toussaint,2020,590500,36037808,1256511644446864,NPB,MLB,xgboost
MLB,Huascar Ynoa,2020,580500,11289195,114676148603025,NPB,MLB,xgboost
MLB,Ian Anderson,2020,575500,27688712,735126264956944,NPB,MLB,xgboost
MLB,Tanner Roark,2020,570500,59102132,3425951944583424,NPB,MLB,xgboost
MLB,Kyle Wright,2020,570500,14213937,186143373172969,NPB,MLB,xgboost
MLB,Tucker Davidson,2020,570500,11733098,124603594109604,NPB,MLB,xgboost
MLB,Matt Harvey,2020,1000000,18299148,299260521525904,NPB,MLB,xgboost
MLB,Wade LeBlanc,2020,700000,300361920,89797266298086400,NPB,MLB,xgboost
MLB,John Means,2020,593500,37583528,1368262171440784,NPB,MLB,xgboost
MLB,Jorge López,2020,586750,11375116,116388840949956,NPB,MLB,xgboost
MLB,Dean Kremer,2020,572500,14812115,202766635348225,NPB,MLB,xgboost
MLB,Bruce Zimmermann,2020,571500,20044822,379210269715684,NPB,MLB,xgboost
MLB,Keegan Akin,2020,570500,16914556,267128166531136,NPB,MLB,xgboost
MLB,Garrett Richards,2020,10000000,61569336,2659396415480896,NPB,MLB,xgboost
MLB,Martín Pérez,2020,5000000,20416840,237678955585600,NPB,MLB,xgboost
MLB,Tanner Houck,2020,577000,16767870,262144271356900,NPB,MLB,xgboost
MLB,Chris Mazza,2020,570500,68189968,4572392452603024,NPB,MLB,xgboost
MLB,Zach Davies,2020,8630000,60183556,2657769136245136,NPB,MLB,xgboost
MLB,Jake Arrieta,2020,6000000,129651800,1528976764324e4,NPB,MLB,xgboost
MLB,Trevor Williams,2020,2500000,35507088,1089467858239744,NPB,MLB,xgboost
MLB,Alec Mills,2020,600000,50585528,2498553009438784,NPB,MLB,xgboost
MLB,Adbert Alzolay,2020,573000,24454304,570316680740416,NPB,MLB,xgboost
MLB,Lucas Giolito,2020,4150000,47025112,1838275229012544,NPB,MLB,xgboost
MLB,Carlos Rodón,2020,3000000,16935886,194208918604996,NPB,MLB,xgboost
MLB,Reynaldo López,2020,2100000,15027821,167128555808041,NPB,MLB,xgboost
MLB,Dylan Cease,2020,600000,24649404,578373832755216,NPB,MLB,xgboost
MLB,Dane Dunning,2020,572500,25404240,616615311427600,NPB,MLB,xgboost
MLB,Jonathan Stiever,2020,570500,13081815,156533003029225,NPB,MLB,xgboost
MLB,Luis Castillo,2020,4200000,43209364,1521730479684496,NPB,MLB,xgboost
MLB,Tyler Mahle,2020,2200000,31881016,880962710792256,NPB,MLB,xgboost
MLB,Shane Bieber,2020,679700,53126532,2750670186836224,NPB,MLB,xgboost
MLB,Zach Plesac,2020,590200,32189468,998513738135824,NPB,MLB,xgboost
MLB,Aaron Civale,2020,587400,47794736,2228532572216896,NPB,MLB,xgboost
MLB,Triston McKenzie,2020,575300,25580404,625255226050816,NPB,MLB,xgboost
MLB,Jon Gray,2020,6000000,27108156,445554249720336,NPB,MLB,xgboost
MLB,Kyle Freeland,2020,5025000,28892266,569646386314756,NPB,MLB,xgboost
MLB,Antonio Senzatela,2020,3000000,26382868,546758515905424,NPB,MLB,xgboost
MLB,Chi Chi González,2020,1100000,28868758,771103920862564,NPB,MLB,xgboost
MLB,Ryan Castellani,2020,570500,13500643,167188598000449,NPB,MLB,xgboost
MLB,Matthew Boyd,2020,6500000,141868816,18324716345241856,NPB,MLB,xgboost
MLB,José Ureña,2020,3250000,16122918,165712017834724,NPB,MLB,xgboost
MLB,Michael Fulmer,2020,3100000,25242484,490289597690256,NPB,MLB,xgboost
MLB,Julio Teheran,2020,3000000,24707954,471235266866116,NPB,MLB,xgboost
MLB,Spencer Turnbull,2020,586900,20966252,415317987939904,NPB,MLB,xgboost
MLB,Tarik Skubal,2020,574300,21576640,441098285475600,NPB,MLB,xgboost
MLB,Casey Mize,2020,574100,35565772,1224417109355584,NPB,MLB,xgboost
MLB,Jake Odorizzi,2020,7833333,12843211,25098877574884,NPB,MLB,xgboost
MLB,Framber Valdez,2020,637300,53077984,2750025338387856,NPB,MLB,xgboost
MLB,Cristian Javier,2020,620400,21377986,430877376547396,NPB,MLB,xgboost
MLB,José Urquidy,2020,604200,4330167.5,13882833811056.25,NPB,MLB,xgboost
MLB,Brandon Bielak,2020,599000,20390662,391709884722244,NPB,MLB,xgboost
MLB,Mike Minor,2020,9000000,181860432,29880728951226624,NPB,MLB,xgboost
MLB,Brad Keller,2020,3350000,25805226,504237174711076,NPB,MLB,xgboost
MLB,Brady Singer,2020,593700,23777028,537466697155584,NPB,MLB,xgboost
MLB,Carlos Hernández,2020,570500,10297543,94615365523849,NPB,MLB,xgboost
MLB,Kris Bubic,2020,570500,9502104,79773550012816,NPB,MLB,xgboost
MLB,Ronald Bolaños,2020,570500,12205642,135376529360164,NPB,MLB,xgboost
MLB,Dylan Bundy,2020,8325000,37211844,834449756280336,NPB,MLB,xgboost
MLB,Andrew Heaney,2020,6750000,113579040,11412443787321600,NPB,MLB,xgboost
MLB,Jaime Barria,2020,590500,26582044,675560359503936,NPB,MLB,xgboost
MLB,Griffin Canning,2020,590500,26179216,654782386528656,NPB,MLB,xgboost
MLB,Dillon Peters,2020,570500,12090231,132704202312361,NPB,MLB,xgboost
MLB,Patrick Sandoval,2020,570500,29493992,836568389474064,NPB,MLB,xgboost
MLB,José Suarez,2020,570500,10521374,99019893363876,NPB,MLB,xgboost
MLB,Trevor Bauer,2020,34000000,240135472,42491832816662784,NPB,MLB,xgboost
MLB,Walker Buehler,2020,4000000,30399340,696925152435600,NPB,MLB,xgboost
MLB,Julio Urías,2020,3600000,17235074,185915242985476,NPB,MLB,xgboost
MLB,Cole Hamels,2020,1000000,108917568,11646201483034624,NPB,MLB,xgboost
MLB,Dustin May,2020,590500,23982310,547176775076100,NPB,MLB,xgboost
MLB,Tony Gonsolin,2020,580500,32749344,1034834524296336,NPB,MLB,xgboost
MLB,Sandy Alcantara,2020,630000,29270534,820280187805156,NPB,MLB,xgboost
MLB,Pablo López,2020,595000,36648624,1299863803533376,NPB,MLB,xgboost
MLB,Elieser Hernández,2020,579000,17597418,289626551222724,NPB,MLB,xgboost
MLB,Trevor Rogers,2020,570500,25362888,614662502742544,NPB,MLB,xgboost
MLB,Daniel Castano,2020,570500,11196464,112911110929296,NPB,MLB,xgboost
MLB,Braxton Garrett,2020,570500,6878179,39786814367041,NPB,MLB,xgboost
MLB,Jordan Yamamoto,2020,570500,14692396,199427946634816,NPB,MLB,xgboost
MLB,Brandon Woodruff,2020,3275000,41572772,1466719340163984,NPB,MLB,xgboost
MLB,Brett Anderson,2020,2500000,67664472,4246408411038784,NPB,MLB,xgboost
MLB,Jordan Zimmermann,2020,1000000,183417920,33276297537126400,NPB,MLB,xgboost
MLB,Zack Godley,2020,800000,34547304,1138880527268416,NPB,MLB,xgboost
MLB,Corbin Burnes,2020,608000,30556472,896910975134784,NPB,MLB,xgboost
MLB,Adrian Houser,2020,584100,15521330,223120840072900,NPB,MLB,xgboost
MLB,Eric Lauer,2020,570500,25552218,624086234231524,NPB,MLB,xgboost
MLB,Randy Dobnak,2020,1850000,22214920,414729966606400,NPB,MLB,xgboost
MLB,J.A. Happ,2020,8000000,121327264,12843068765725696,NPB,MLB,xgboost
MLB,José Berríos,2020,6100000,47771800,173653891524e4,NPB,MLB,xgboost
MLB,Matt Shoemaker,2020,2000000,66343576,4140095772467776,NPB,MLB,xgboost
MLB,Taijuan Walker,2020,7666667,28976330,454101737173569,NPB,MLB,xgboost
MLB,Steven Matz,2020,5200000,59860760,2987798683777600,NPB,MLB,xgboost
MLB,Robert Gsellman,2020,1300000,17628174,266609266174276,NPB,MLB,xgboost
MLB,Joey Lucchesi,2020,607100,15948920,235371440912400,NPB,MLB,xgboost
MLB,David Peterson,2020,585750,24076706,551825013793936,NPB,MLB,xgboost
MLB,Corey Kluber,2020,11000000,15901493,24024633629049,NPB,MLB,xgboost
MLB,Jordan Montgomery,2020,2130000,10877700,76522255290000,NPB,MLB,xgboost
MLB,Asher Wojciechowski,2020,750000,30002692,855719989246864,NPB,MLB,xgboost
MLB,Deivi García,2020,570500,36289056,1275815242725136,NPB,MLB,xgboost
MLB,Zach Eflin,2020,4450000,53183008,2374906068728064,NPB,MLB,xgboost
MLB,Vince Velasquez,2020,4000000,24254330,410237883748900,NPB,MLB,xgboost
MLB,Chase Anderson,2020,4000000,82381232,6143617529837824,NPB,MLB,xgboost
MLB,Spencer Howard,2020,570500,10210088,92921656809744,NPB,MLB,xgboost
MLB,Adonis Medina,2020,570500,2244280,2801539488400,NPB,MLB,xgboost
MLB,Tyler Anderson,2020,2500000,34909656,1050385802038336,NPB,MLB,xgboost
MLB,Chad Kuhl,2020,2130000,14873166,162388279703556,NPB,MLB,xgboost
MLB,Steven Brault,2020,2050000,34449808,1049747558436864,NPB,MLB,xgboost
MLB,Trevor Cahill,2020,1500000,72387360,5025017807769600,NPB,MLB,xgboost
MLB,JT Brubaker,2020,590500,25295782,610350958699524,NPB,MLB,xgboost
MLB,Cody Ponce,2020,580500,12780009,148828019841081,NPB,MLB,xgboost
MLB,Mitch Keller,2020,579000,14785260,201817823187600,NPB,MLB,xgboost
MLB,Chase De Jong,2020,570500,16557575,255586567055625,NPB,MLB,xgboost
MLB,Mike Clevinger,2020,5750000,23333682,309185872677124,NPB,MLB,xgboost
MLB,Joe Musgrove,2020,4450000,23815910,375038470128100,NPB,MLB,xgboost
MLB,Dinelson Lamet,2020,4200000,44466488,1621390055854144,NPB,MLB,xgboost
MLB,Chris Paddack,2020,610900,28990794,805418383451236,NPB,MLB,xgboost
MLB,Vince Velasquez,2020,570500,24254330,560923803468900,NPB,MLB,xgboost
MLB,Jake Arrieta,2020,570500,129651800,1666198200969e4,NPB,MLB,xgboost
MLB,James Paxton,2020,8500000,126781184,13990438488441856,NPB,MLB,xgboost
MLB,Justus Sheffield,2020,625000,16866198,263776512475204,NPB,MLB,xgboost
MLB,Nick Margevicius,2020,586900,17140936,274036107889296,NPB,MLB,xgboost
MLB,Justin Dunn,2020,584900,13377347,163646700247809,NPB,MLB,xgboost
MLB,Jimmy Yacabonis,2020,570500,20768794,407971080510436,NPB,MLB,xgboost
MLB,Ljay Newsome,2020,570500,6439168.5,34441269962892.25,NPB,MLB,xgboost
MLB,Kevin Gausman,2020,18900000,55713160,1355208749185600,NPB,MLB,xgboost
MLB,Anthony DeSclafani,2020,6000000,47822064,1749085037220096,NPB,MLB,xgboost
MLB,Logan Webb,2020,583000,16931326,267267763002276,NPB,MLB,xgboost
MLB,Tyler Chatwood,2020,570500,67496128,4479039683194384,NPB,MLB,xgboost
MLB,Adam Wainwright,2020,8000000,160537248,23267612027413504,NPB,MLB,xgboost
MLB,Jack Flaherty,2020,3900000,22490648,345612193059904,NPB,MLB,xgboost
MLB,Dakota Hudson,2020,595700,14543542,194542296456964,NPB,MLB,xgboost
MLB,Daniel Ponce de Leon,2020,585500,41723888,1692366967238544,NPB,MLB,xgboost
MLB,Wade LeBlanc,2020,570500,300361920,89874895505616400,NPB,MLB,xgboost
MLB,Johan Oviedo,2020,570500,14778354,201863115285316,NPB,MLB,xgboost
MLB,Tyler Glasnow,2020,4000000,64030080,3603610504806400,NPB,MLB,xgboost
MLB,Michael Wacha,2020,3000000,35929320,1084340115662400,NPB,MLB,xgboost
MLB,Rich Hill,2020,2500000,127526648,15631662710115904,NPB,MLB,xgboost
MLB,Ryan Yarbrough,2020,2300000,34692320,1049262394982400,NPB,MLB,xgboost
MLB,Yonny Chirinos,2020,1175000,13632088,155179041439744,NPB,MLB,xgboost
MLB,Josh Fleming,2020,570500,25267634,609948427813956,NPB,MLB,xgboost
MLB,Mike Foltynewicz,2020,2000000,19923520,321252569190400,NPB,MLB,xgboost
MLB,Kolby Allard,2020,584250,13510674,167092437427776,NPB,MLB,xgboost
MLB,Robbie Ray,2020,8000000,100203184,8501427139737856,NPB,MLB,xgboost
MLB,Ross Stripling,2020,3000000,68206560,4251895467033600,NPB,MLB,xgboost
MLB,Tyler Chatwood,2020,3000000,67496128,4159750526992384,NPB,MLB,xgboost
MLB,Tommy Milone,2020,1000000,64883896,4081152168138816,NPB,MLB,xgboost
MLB,Trent Thornton,2020,592900,23900468,543242726074624,NPB,MLB,xgboost
MLB,Nate Pearson,2020,577500,11192078,112669266118084,NPB,MLB,xgboost
MLB,Jon Lester,2020,5000000,77980040,5326086238401600,NPB,MLB,xgboost
MLB,Austin Voth,2020,587700,39594340,1521517964089600,NPB,MLB,xgboost
MLB,Erick Fedde,2020,575000,11411261,117424552460121,NPB,MLB,xgboost
MLB,Wil Crowe,2020,574000,7685245,50569805450025,NPB,MLB,xgboost
MLB,Paolo Espino,2020,570500,46885936,2145119611870096,NPB,MLB,xgboost
MLB,Luke Weaver,2021,2875000,36248484,1113789434298256,NPB,MLB,xgboost
MLB,Zach Davies,2021,1750000,110028480,11724229231110400,NPB,MLB,xgboost
MLB,Zac Gallen,2021,1670875,42043116,1629917843362081,NPB,MLB,xgboost
MLB,Zac Gallen,2021,745600,42043116,1705484827770256,NPB,MLB,xgboost
MLB,Humberto Castellanos,2021,713700,19220250,342492392902500,NPB,MLB,xgboost
MLB,Corbin Martin,2021,705100,16476979,248752167190641,NPB,MLB,xgboost
MLB,Dallas Keuchel,2021,700000,157652624,24634126180485376,NPB,MLB,xgboost
MLB,Tyler Gilbert,2021,700000,23661096,527211929521216,NPB,MLB,xgboost
MLB,Taylor Widener,2021,700000,32858184,1034148798177856,NPB,MLB,xgboost
MLB,Sean Manaea,2021,9750000,232260368,49510863867495424,NPB,MLB,xgboost
MLB,Chris Bassitt,2021,8800000,352534400,11815333774336e4,NPB,MLB,xgboost
MLB,Frankie Montas,2021,5025000,275683168,73255843905116220,NPB,MLB,xgboost
MLB,Paul Blackburn,2021,710000,20618450,396346381402500,NPB,MLB,xgboost
MLB,James Kaprielian,2021,705000,53315304,2767844086972416,NPB,MLB,xgboost
MLB,Cole Irvin,2021,705000,127419136,16056472262226496,NPB,MLB,xgboost
MLB,Cole Irvin,2021,201978,127419136,16184205289596964,NPB,MLB,xgboost
MLB,Charlie Morton,2021,20000000,338962464,101737053440951300,NPB,MLB,xgboost
MLB,Max Fried,2021,6850000,110210768,10683448361549824,NPB,MLB,xgboost
MLB,Huascar Ynoa,2021,720000,34318588,1128865115593744,NPB,MLB,xgboost
MLB,Kyle Wright,2021,720000,16307662,242975206626244,NPB,MLB,xgboost
MLB,Tucker Davidson,2021,710000,10695121,99702641384641,NPB,MLB,xgboost
MLB,Ian Anderson,2021,710000,35322920,1198054230926400,NPB,MLB,xgboost
MLB,Touki Toussaint,2021,700000,23356272,513306660937984,NPB,MLB,xgboost
MLB,Kyle Muller,2021,700000,14419742,188231320546564,NPB,MLB,xgboost
MLB,Kyle Wright,2021,477143,16307662,250605331809361,NPB,MLB,xgboost
MLB,Jordan Lyles,2021,7000000,154920480,21880468403430400,NPB,MLB,xgboost
MLB,John Means,2021,2962500,112182904,11929096649923216,NPB,MLB,xgboost
MLB,Jorge López,2021,1500000,65988960,4158825961881600,NPB,MLB,xgboost
MLB,Matt Harvey,2021,1000000,136314416,18309991177421056,NPB,MLB,xgboost
MLB,Keegan Akin,2021,709500,19180912,341193061273744,NPB,MLB,xgboost
MLB,Bruce Zimmermann,2021,705500,28055550,748025235002500,NPB,MLB,xgboost
MLB,Dean Kremer,2021,705500,30481846,886630781111716,NPB,MLB,xgboost
MLB,Chris Ellis,2021,700000,19919398,369385259482404,NPB,MLB,xgboost
MLB,Zac Lowther,2021,700000,17606322,285823723567684,NPB,MLB,xgboost
MLB,Spenser Watkins,2021,700000,23083154,501005582987716,NPB,MLB,xgboost
MLB,Dean Kremer,2021,280627,30481846,912113629085961,NPB,MLB,xgboost
MLB,James Paxton,2021,10000000,40306888,918507460244544,NPB,MLB,xgboost
MLB,Michael Wacha,2021,7000000,81053904,5483980697641216,NPB,MLB,xgboost
MLB,Rich Hill,2021,5000000,140634208,18396638379787264,NPB,MLB,xgboost
MLB,Nick Pivetta,2021,2650000,136336032,17871955151905024,NPB,MLB,xgboost
MLB,Tanner Houck,2021,716000,37616448,1361643062600704,NPB,MLB,xgboost
MLB,Kutter Crawford,2021,702000,12905900,148935175210000,NPB,MLB,xgboost
MLB,Connor Seabold,2021,700000,6343068,31844216452624,NPB,MLB,xgboost
MLB,Marcus Stroman,2021,23666667,186040272,26365187600696024,NPB,MLB,xgboost
MLB,Drew Smyly,2021,5250000,146846128,20049463464592384,NPB,MLB,xgboost
MLB,Steven Brault,2021,1500000,25083956,556202980609936,NPB,MLB,xgboost
MLB,Alec Mills,2021,741250,70972760,4932464996880100,NPB,MLB,xgboost
MLB,Adbert Alzolay,2021,718250,42891784,1778606970049156,NPB,MLB,xgboost
MLB,Adrian Sampson,2021,700000,36044444,1249229721669136,NPB,MLB,xgboost
MLB,Lance Lynn,2021,19000000,412164448,154578283171144700,NPB,MLB,xgboost
MLB,Lucas Giolito,2021,7450000,122459624,13227213612621376,NPB,MLB,xgboost
MLB,Johnny Cueto,2021,4200000,149090688,20993311469113344,NPB,MLB,xgboost
MLB,Vince Velasquez,2021,3000000,112995872,12099091857040384,NPB,MLB,xgboost
MLB,Dylan Cease,2021,2457426,149484144,21616855805851524,NPB,MLB,xgboost
MLB,Dylan Cease,2021,750000,149484144,22121845591412736,NPB,MLB,xgboost
MLB,Jimmy Lambert,2021,700000,7653491.5,48351044040572.25,NPB,MLB,xgboost
MLB,Luis Castillo,2021,7350000,112434920,11042840411406400,NPB,MLB,xgboost
MLB,Tyler Mahle,2021,5200000,219538896,45941162338498816,NPB,MLB,xgboost
MLB,Justin Dunn,2021,720000,15089413,206480029964569,NPB,MLB,xgboost
MLB,Vladimir Gutierrez,2021,707500,19609816,357297550163856,NPB,MLB,xgboost
MLB,Chase Anderson,2021,700000,27947532,742428000091024,NPB,MLB,xgboost
MLB,T.J. Zeuch,2021,700000,14437704,188724511191616,NPB,MLB,xgboost
MLB,Riley O'Brien,2021,700000,20268298,382918286616804,NPB,MLB,xgboost
MLB,Reiver Sanmartin,2021,700000,13158039,155202735725521,NPB,MLB,xgboost
MLB,Shane Bieber,2021,6000000,82860496,5907535845366016,NPB,MLB,xgboost
MLB,Cal Quantrill,2021,2510000,36591072,1161519468669184,NPB,MLB,xgboost
MLB,Zach Plesac,2021,2000000,48890792,2198746374387264,NPB,MLB,xgboost
MLB,Aaron Civale,2021,716900,55413320,2991698360816400,NPB,MLB,xgboost
MLB,Triston McKenzie,2021,707100,21993916,453128535417856,NPB,MLB,xgboost
MLB,Eli Morgan,2021,702100,43289720,1813705377264400,NPB,MLB,xgboost
MLB,Logan Allen,2021,701700,21686096,440344875484816,NPB,MLB,xgboost
MLB,Triston McKenzie,2021,531152,21993916,460650238519696,NPB,MLB,xgboost
MLB,Kyle Freeland,2021,12900000,64160520,2627640910670400,NPB,MLB,xgboost
MLB,Antonio Senzatela,2021,10100000,71366872,3753629604664384,NPB,MLB,xgboost
MLB,Chad Kuhl,2021,3000000,57373360,2956462277689600,NPB,MLB,xgboost
MLB,Peter Lambert,2021,762500,13562891,163850009752881,NPB,MLB,xgboost
MLB,Austin Gomber,2021,710000,64388748,4054982946847504,NPB,MLB,xgboost
MLB,José Ureña,2021,700000,41959548,1702350301164304,NPB,MLB,xgboost
MLB,Ryan Feltner,2021,700000,13835980,172553970560400,NPB,MLB,xgboost
MLB,Eduardo Rodríguez,2021,15400000,184111344,28463517594286336,NPB,MLB,xgboost
MLB,Michael Pineda,2021,5500000,181970544,31141852899655936,NPB,MLB,xgboost
MLB,Spencer Turnbull,2021,1825000,33778692,1021038432430864,NPB,MLB,xgboost
MLB,Wily Peralta,2021,2500000,60305832,3341514213212224,NPB,MLB,xgboost
MLB,Casey Mize,2021,714200,41986896,1703435435108416,NPB,MLB,xgboost
MLB,Tarik Skubal,2021,713600,90386944,8041308624142336,NPB,MLB,xgboost
MLB,Matt Manning,2021,705300,12659092,142893143179264,NPB,MLB,xgboost
MLB,Luis Castillo,2021,700000,112434920,12484692347406400,NPB,MLB,xgboost
MLB,Tarik Skubal,2021,293739,90386944,8116785587172025,NPB,MLB,xgboost
MLB,Framber Valdez,2021,3000000,65664104,3926789930122816,NPB,MLB,xgboost
MLB,José Urquidy,2021,748700,54084448,2844702014719504,NPB,MLB,xgboost
MLB,Zack Greinke,2021,13000000,155694240,20361646129177600,NPB,MLB,xgboost
MLB,Brad Keller,2021,4825000,76746400,517268777796e4,NPB,MLB,xgboost
MLB,Brady Singer,2021,726250,7255454.5,42630511402820.25,NPB,MLB,xgboost
MLB,Kris Bubic,2021,713750,6769970,36677800688400,NPB,MLB,xgboost
MLB,Jackson Kowar,2021,702000,30808248,906386168637504,NPB,MLB,xgboost
MLB,Ángel Zerpa,2021,700000,8021232,53600437997824,NPB,MLB,xgboost
MLB,Brady Singer,2021,421437,7255454.5,46703795190306.25,NPB,MLB,xgboost
MLB,Noah Syndergaard,2021,21000000,4924955,258407071752025,NPB,MLB,xgboost
MLB,Griffin Canning,2021,730000,37641216,1362437866598656,NPB,MLB,xgboost
MLB,Jaime Barria,2021,730000,20068476,373976654002576,NPB,MLB,xgboost
MLB,José Suarez,2021,720000,32286898,996469049342404,NPB,MLB,xgboost
MLB,Patrick Sandoval,2021,720000,16946114,263286775540996,NPB,MLB,xgboost
MLB,Reid Detmers,2021,710000,20157312,378197944025344,NPB,MLB,xgboost
MLB,Cooper Criswell,2021,710000,9345745,74576091705025,NPB,MLB,xgboost
MLB,Jhonathan Díaz,2021,700000,8546472,61567122846784,NPB,MLB,xgboost
MLB,Janson Junk,2021,700000,28543994,775288001872036,NPB,MLB,xgboost
MLB,Patrick Sandoval,2021,432834,16946114,272688416358400,NPB,MLB,xgboost
MLB,Reid Detmers,2021,284691,20157312,394921065409641,NPB,MLB,xgboost
MLB,Clayton Kershaw,2021,17000000,244916496,51945929148918016,NPB,MLB,xgboost
MLB,Andrew Heaney,2021,8500000,269087936,67906072388740096,NPB,MLB,xgboost
MLB,Julio Urías,2021,8000000,300193472,85377025079414780,NPB,MLB,xgboost
MLB,Tyler Anderson,2021,8000000,92131936,7078182655108096,NPB,MLB,xgboost
MLB,Danny Duffy,2021,3000000,106974496,10810695818454016,NPB,MLB,xgboost
MLB,Dustin May,2021,730000,17174324,270415791816976,NPB,MLB,xgboost
MLB,Tony Gonsolin,2021,720000,35167744,1186647066689536,NPB,MLB,xgboost
MLB,Tony Gonsolin,2021,529938,35167744,1199777604493636,NPB,MLB,xgboost
MLB,Sandy Alcantara,2021,11200000,144213680,17692639067142400,NPB,MLB,xgboost
MLB,Pablo López,2021,2450000,46072300,190290505729e4,NPB,MLB,xgboost
MLB,Elieser Hernández,2021,1325000,25595494,589056879004036,NPB,MLB,xgboost
MLB,Trevor Rogers,2021,722000,74712160,5474543776825600,NPB,MLB,xgboost
MLB,Jesús Luzardo,2021,715000,13439183,161904833017489,NPB,MLB,xgboost
MLB,Zach Thompson,2021,705000,34760124,1159751470655376,NPB,MLB,xgboost
MLB,Daniel Castano,2021,705000,12102399,129900703965201,NPB,MLB,xgboost
MLB,Cody Poteet,2021,704000,43281320,1812828178382400,NPB,MLB,xgboost
MLB,Edward Cabrera,2021,700000,14694870,195856386316900,NPB,MLB,xgboost
MLB,Braxton Garrett,2021,700000,15330265,214044653970225,NPB,MLB,xgboost
MLB,Nick Neidert,2021,700000,14298837,184928367752569,NPB,MLB,xgboost
MLB,Jesús Luzardo,2021,288794,13439183,172932730851321,NPB,MLB,xgboost
MLB,Brandon Woodruff,2021,6800000,123446152,13606324776407104,NPB,MLB,xgboost
MLB,Corbin Burnes,2021,6500000,135846384,16730487053875456,NPB,MLB,xgboost
MLB,Eric Lauer,2021,2425000,39583584,1380760364885056,NPB,MLB,xgboost
MLB,Adrian Houser,2021,2425000,54236284,2684409149728656,NPB,MLB,xgboost
MLB,José Ureña,2021,1250000,41959548,1657267298364304,NPB,MLB,xgboost
MLB,Dylan Bundy,2021,5000000,42471464,1404110614303296,NPB,MLB,xgboost
MLB,Chris Archer,2021,3500000,51316524,2286419967442576,NPB,MLB,xgboost
MLB,Bailey Ober,2021,706200,34283124,1127409825301776,NPB,MLB,xgboost
MLB,Joe Ryan,2021,701650,35959776,1243135449031876,NPB,MLB,xgboost
MLB,Chi Chi González,2021,700000,62556412,3826215705513744,NPB,MLB,xgboost
MLB,Aaron Sanchez,2021,700000,16518184,250214945057856,NPB,MLB,xgboost
MLB,Griffin Jax,2021,700000,48461608,2281171198745664,NPB,MLB,xgboost
MLB,Joe Ryan,2021,265573,35959776,1274076127805209,NPB,MLB,xgboost
MLB,Max Scherzer,2021,43333333,387614112,118529254788846850,NPB,MLB,xgboost
MLB,Trevor Williams,2021,3900000,50874040,2206560433921600,NPB,MLB,xgboost
MLB,Joey Lucchesi,2021,1150000,48812044,2271670438257936,NPB,MLB,xgboost
MLB,Tylor Megill,2021,707500,47339944,2174584833413136,NPB,MLB,xgboost
MLB,David Peterson,2021,700000,36772948,1301257577410704,NPB,MLB,xgboost
MLB,Jordan Montgomery,2021,6000000,134777824,16583727954174976,NPB,MLB,xgboost
MLB,Jameson Taillon,2021,5800000,95323704,8014493577879616,NPB,MLB,xgboost
MLB,Domingo Germán,2021,1750000,61375968,3555256059937024,NPB,MLB,xgboost
MLB,Nestor Cortes,2021,727500,46516488,2096631422064144,NPB,MLB,xgboost
MLB,Clarke Schmidt,2021,712500,8797512,65367419040144,NPB,MLB,xgboost
MLB,Chi Chi González,2021,700000,62556412,3826215705513744,NPB,MLB,xgboost
MLB,Deivi García,2021,700000,11863973,124634293144729,NPB,MLB,xgboost
MLB,Luis Gil,2021,700000,19723380,361888986624400,NPB,MLB,xgboost
MLB,Nestor Cortes,2021,597831,46516488,2108523060683649,NPB,MLB,xgboost
MLB,Zach Eflin,2021,5700000,52315128,2172970158456384,NPB,MLB,xgboost
MLB,Hans Crouse,2021,700000,7137203.5,41437588900412.25,NPB,MLB,xgboost
MLB,Jerad Eickhoff,2021,1000000,32899318,1017566488865124,NPB,MLB,xgboost
MLB,JT Brubaker,2021,725000,97418680,9349667751942400,NPB,MLB,xgboost
MLB,Mitch Keller,2021,725000,32724250,1023952000562500,NPB,MLB,xgboost
MLB,Bryse Wilson,2021,715000,24776610,578961075792100,NPB,MLB,xgboost
MLB,Dillon Peters,2021,715000,20521288,392289044338944,NPB,MLB,xgboost
MLB,Wil Crowe,2021,715000,33140704,1051426279895616,NPB,MLB,xgboost
MLB,Miguel Yajure,2021,705000,13592672,166092089579584,NPB,MLB,xgboost
MLB,Max Kranick,2021,705000,23960936,540838559236096,NPB,MLB,xgboost
MLB,Chase De Jong,2021,700000,22309302,466961932927204,NPB,MLB,xgboost
MLB,Roansy Contreras,2021,700000,8701052,64016833106704,NPB,MLB,xgboost
MLB,Mitch Keller,2021,252104,32724250,1054440265845316,NPB,MLB,xgboost
MLB,Joe Musgrove,2021,8625000,264722048,65585697994314304,NPB,MLB,xgboost
MLB,Chris Paddack,2021,2250000,37805616,1264201829139456,NPB,MLB,xgboost
MLB,Adrián Morejón,2021,704500,16588630,252305585856900,NPB,MLB,xgboost
MLB,Ryan Weathers,2021,700000,25324462,606364128789444,NPB,MLB,xgboost
MLB,Robbie Ray,2021,23000000,297225248,75199486640661500,NPB,MLB,xgboost
MLB,Justus Sheffield,2021,760800,59284516,3425025334448656,NPB,MLB,xgboost
MLB,Logan Gilbert,2021,712300,28743876,785769253043776,NPB,MLB,xgboost
MLB,Carlos Rodón,2021,22000000,255802576,54663644544235776,NPB,MLB,xgboost
MLB,Anthony DeSclafani,2021,12000000,251097872,57167792394928384,NPB,MLB,xgboost
MLB,Alex Wood,2021,12500000,248935728,55901853474889984,NPB,MLB,xgboost
MLB,Alex Cobb,2021,10000000,58459168,2348290963252224,NPB,MLB,xgboost
MLB,Matthew Boyd,2021,5200000,75631448,4960588867376704,NPB,MLB,xgboost
MLB,Logan Webb,2021,730000,79062904,6136043849073216,NPB,MLB,xgboost
MLB,Logan Webb,2021,572075,79062904,6160810237107241,NPB,MLB,xgboost
MLB,Steven Matz,2021,11000000,209499360,39401995920409600,NPB,MLB,xgboost
MLB,Adam Wainwright,2021,17500000,274026752,65805974491669504,NPB,MLB,xgboost
MLB,Jack Flaherty,2021,5000000,66527676,3785654913960976,NPB,MLB,xgboost
MLB,Dakota Hudson,2021,1050000,14117272,170753597521984,NPB,MLB,xgboost
MLB,Packy Naughton,2021,700000,8696504,63944076222016,NPB,MLB,xgboost
MLB,Johan Oviedo,2021,700000,54892188,2936793240227344,NPB,MLB,xgboost
MLB,Corey Kluber,2021,8000000,52264880,1959379601414400,NPB,MLB,xgboost
MLB,Tyler Glasnow,2021,5100000,99979368,9002094472079424,NPB,MLB,xgboost
MLB,Ryan Yarbrough,2021,3850000,136755056,17663753910363136,NPB,MLB,xgboost
MLB,Shane McClanahan,2021,711400,32375642,1002624221434564,NPB,MLB,xgboost
MLB,Luis Patiño,2021,707400,21747248,442675203863104,NPB,MLB,xgboost
MLB,Shane Baz,2021,701100,19779748,363994809507904,NPB,MLB,xgboost
MLB,Shane McClanahan,2021,563144,32375642,1012035029000004,NPB,MLB,xgboost
MLB,Jon Gray,2021,14000000,160739472,21532472642838784,NPB,MLB,xgboost
MLB,Garrett Richards,2021,5500000,117470640,12537424222009600,NPB,MLB,xgboost
MLB,Martín Pérez,2021,4000000,84112096,6417947925513216,NPB,MLB,xgboost
MLB,Matt Moore,2021,2500000,54158288,2668578719090944,NPB,MLB,xgboost
MLB,Kolby Allard,2021,720000,21629576,437210368499776,NPB,MLB,xgboost
MLB,Spencer Howard,2021,714000,28240932,757731985332624,NPB,MLB,xgboost
MLB,Dane Dunning,2021,714000,50168128,2445710776240384,NPB,MLB,xgboost
MLB,Dallas Keuchel,2021,700000,157652624,24634126180485376,NPB,MLB,xgboost
MLB,A.J. Alexy,2021,700000,20188254,379792043968516,NPB,MLB,xgboost
MLB,Glenn Otto,2021,700000,23232166,507698504651556,NPB,MLB,xgboost
MLB,José Berríos,2021,18714286,302876512,80748170685275070,NPB,MLB,xgboost
MLB,Kevin Gausman,2021,22000000,353574688,109941773722297340,NPB,MLB,xgboost
MLB,Yusei Kikuchi,2021,12000000,215947392,41594538703601664,NPB,MLB,xgboost
MLB,Ross Stripling,2021,3790000,139296768,18362084173805824,NPB,MLB,xgboost
MLB,Alek Manoah,2021,2191023,41478952,1543541365109041,NPB,MLB,xgboost
MLB,Alek Manoah,2021,730000,41478952,1660477089098304,NPB,MLB,xgboost
MLB,Thomas Hatch,2021,715800,10224695,90419084121025,NPB,MLB,xgboost
MLB,Joe Ross,2021,2400000,79460712,5938353333946944,NPB,MLB,xgboost
MLB,Erick Fedde,2021,2150000,38924044,1352330312113936,NPB,MLB,xgboost
MLB,Aaron Sanchez,2021,2000000,16518184,210777666657856,NPB,MLB,xgboost
MLB,Paolo Espino,2021,716200,143248096,20315341377354816,NPB,MLB,xgboost
MLB,Josiah Gray,2021,703500,32599196,1017335423324416,NPB,MLB,xgboost
MLB,Joan Adon,2021,700200,3482739.75,7742527460330.0625,NPB,MLB,xgboost
MLB,Josh Rogers,2021,700000,25628854,621447761753316,NPB,MLB,xgboost
MLB,Merrill Kelly,2022,9000000,278854144,72821259033972740,NPB,MLB,xgboost
MLB,Zac Gallen,2022,5600000,284416192,77738468921380860,NPB,MLB,xgboost
MLB,Zach Davies,2022,5000000,57722420,2779653570656400,NPB,MLB,xgboost
MLB,Drey Jameson,2022,723600,24932078,586050407076484,NPB,MLB,xgboost
MLB,Ryne Nelson,2022,722700,13399563,160702855520769,NPB,MLB,xgboost
MLB,Tyler Gilbert,2022,720000,19134154,339081067535716,NPB,MLB,xgboost
MLB,Tommy Henry,2022,720000,18832948,328078885250704,NPB,MLB,xgboost
MLB,Paul Blackburn,2022,1900000,54024844,2716999362024336,NPB,MLB,xgboost
MLB,Cole Irvin,2022,737600,93795744,8659818164724736,NPB,MLB,xgboost
MLB,James Kaprielian,2022,730000,52321512,2661684110446144,NPB,MLB,xgboost
MLB,Kyle Muller,2022,720000,12751211,144750038126521,NPB,MLB,xgboost
MLB,Adam Oller,2022,720000,37460756,1349883151451536,NPB,MLB,xgboost
MLB,Adrián Martínez,2022,720000,31264798,932984684860804,NPB,MLB,xgboost
MLB,JP Sears,2022,720000,57254888,3196193561172544,NPB,MLB,xgboost
MLB,Ken Waldichuk,2022,720000,27513508,717892070946064,NPB,MLB,xgboost
MLB,Spencer Strider,2022,12500000,102143800,803601087844e4,NPB,MLB,xgboost
MLB,Charlie Morton,2022,20000000,218318080,39330060854886400,NPB,MLB,xgboost
MLB,Max Fried,2022,13500000,257350864,59463243873546496,NPB,MLB,xgboost
MLB,Spencer Strider,2022,1692833,102143800,10090396771235088,NPB,MLB,xgboost
MLB,Kyle Wright,2022,750000,273509440,74397712109113600,NPB,MLB,xgboost
MLB,Huascar Ynoa,2022,750000,19311486,344528762528196,NPB,MLB,xgboost
MLB,Bryce Elder,2022,720000,12400079,136424245446241,NPB,MLB,xgboost
MLB,Dane Dunning,2022,446638,52317144,2690549392696036,NPB,MLB,xgboost
MLB,Bryce Elder,2022,392639,12400079,144178615353600,NPB,MLB,xgboost
MLB,Kyle Gibson,2022,10000000,195131568,34273697470138624,NPB,MLB,xgboost
MLB,Kyle Bradish,2022,1666786,21261344,383946703215364,NPB,MLB,xgboost
MLB,Tyler Wells,2022,732400,40315680,1566836055558400,NPB,MLB,xgboost
MLB,Dean Kremer,2022,731200,36419552,1273658468475904,NPB,MLB,xgboost
MLB,Kyle Bradish,2022,728100,21261344,421614109163536,NPB,MLB,xgboost
MLB,Bruce Zimmermann,2022,720000,24784850,579117005522500,NPB,MLB,xgboost
MLB,Spenser Watkins,2022,720000,68870640,4644509732409600,NPB,MLB,xgboost
MLB,Dean Kremer,2022,276862,36419552,1306294040436100,NPB,MLB,xgboost
MLB,Corey Kluber,2022,10000000,187103552,31365668131016704,NPB,MLB,xgboost
MLB,Nick Pivetta,2022,5350000,113139216,11618515085894656,NPB,MLB,xgboost
MLB,Kutter Crawford,2022,730000,29915346,851784421139716,NPB,MLB,xgboost
MLB,Brayan Bello,2022,729500,28744428,784836190845184,NPB,MLB,xgboost
MLB,Josh Winckowski,2022,722000,10848057,102537030367249,NPB,MLB,xgboost
MLB,Connor Seabold,2022,722000,49456192,2375021469892864,NPB,MLB,xgboost
MLB,Kutter Crawford,2022,343008,29915346,874523174786244,NPB,MLB,xgboost
MLB,Brayan Bello,2022,334768,28744428,807108781315600,NPB,MLB,xgboost
MLB,Jameson Taillon,2022,17000000,186834624,28843799509221376,NPB,MLB,xgboost
MLB,Drew Smyly,2022,9500000,198273088,35635278753055744,NPB,MLB,xgboost
MLB,Adrian Sampson,2022,1900000,41230184,1546863373473856,NPB,MLB,xgboost
MLB,Justin Steele,2022,1673331,30244626,816318897977025,NPB,MLB,xgboost
MLB,Keegan Thompson,2022,740000,46886496,2129499093078016,NPB,MLB,xgboost
MLB,Justin Steele,2022,740000,30244626,870522955399876,NPB,MLB,xgboost
MLB,Javier Assad,2022,721500,17984166,297999637427556,NPB,MLB,xgboost
MLB,Hayden Wesneski,2022,721500,19201398,341506630090404,NPB,MLB,xgboost
MLB,Caleb Kilian,2022,720000,13417187,161218557712969,NPB,MLB,xgboost
MLB,Javier Assad,2022,261955,17984166,314076762728521,NPB,MLB,xgboost
MLB,Mike Clevinger,2022,12000000,104075744,8477942633153536,NPB,MLB,xgboost
MLB,Lucas Giolito,2022,10400000,133185400,1507625445316e4,NPB,MLB,xgboost
MLB,Dylan Cease,2022,5700000,264374816,66912660432633856,NPB,MLB,xgboost
MLB,Michael Kopech,2022,2050000,39931812,1435031680403344,NPB,MLB,xgboost
MLB,José Ureña,2022,720000,42703596,1762622333091216,NPB,MLB,xgboost
MLB,Hunter Greene,2022,8833333,69478176,3677796982494649,NPB,MLB,xgboost
MLB,Justin Dunn,2022,900000,11940149,121884889942201,NPB,MLB,xgboost
MLB,Hunter Greene,2022,730000,69478176,4726311703326976,NPB,MLB,xgboost
MLB,Nick Lodolo,2022,730000,33768084,1091514994391056,NPB,MLB,xgboost
MLB,Connor Overton,2022,730000,23883522,536085581004484,NPB,MLB,xgboost
MLB,Vladimir Gutierrez,2022,730000,21392588,426942542857744,NPB,MLB,xgboost
MLB,Graham Ashcraft,2022,722500,32042454,980939518562116,NPB,MLB,xgboost
MLB,Chase Anderson,2022,720000,53089424,2742556570091776,NPB,MLB,xgboost
MLB,Shane Bieber,2022,10010000,292522592,79813364638558460,NPB,MLB,xgboost
MLB,Cal Quantrill,2022,5500000,200736320,38117220647142400,NPB,MLB,xgboost
MLB,Zach Plesac,2022,2950000,51949708,2400971384085264,NPB,MLB,xgboost
MLB,Aaron Civale,2022,2600000,56763628,2933698598122384,NPB,MLB,xgboost
MLB,Triston McKenzie,2022,739500,153074784,23206038751360656,NPB,MLB,xgboost
MLB,Cody Morris,2022,720200,18629096,320728555938816,NPB,MLB,xgboost
MLB,Hunter Gaddis,2022,720100,11395470,113963524636900,NPB,MLB,xgboost
MLB,Xzavion Curry,2022,720100,12892087,148157267528169,NPB,MLB,xgboost
MLB,Konnor Pilkington,2022,720000,9204221,71982005976841,NPB,MLB,xgboost
MLB,José Ureña,2022,3500000,42703596,1536921939331216,NPB,MLB,xgboost
MLB,Austin Gomber,2022,1650000,61186580,3544604358096400,NPB,MLB,xgboost
MLB,Ryan Feltner,2022,722000,46446164,2090699173498896,NPB,MLB,xgboost
MLB,Chris Flexen,2022,720000,57295320,3200766833102400,NPB,MLB,xgboost
MLB,Michael Lorenzen,2022,8500000,62965928,2966537312901184,NPB,MLB,xgboost
MLB,Tyler Alexander,2022,1875000,51642068,2476761057316624,NPB,MLB,xgboost
MLB,Rony García,2022,830000,14107095,176281251639025,NPB,MLB,xgboost
MLB,Tarik Skubal,2022,743700,43652016,1841123581955856,NPB,MLB,xgboost
MLB,Casey Mize,2022,734200,17984872,297585684451584,NPB,MLB,xgboost
MLB,Matt Manning,2022,729200,23501602,518582292849604,NPB,MLB,xgboost
MLB,Beau Brieske,2022,724400,23983642,540992338414564,NPB,MLB,xgboost
MLB,Joey Wentz,2022,723500,18488196,315584423972416,NPB,MLB,xgboost
MLB,Zach Logue,2022,720000,22775142,486429288640164,NPB,MLB,xgboost
MLB,Alex Faedo,2022,720000,15738470,225554441140900,NPB,MLB,xgboost
MLB,Tarik Skubal,2022,408487,43652016,1870002800373841,NPB,MLB,xgboost
MLB,Cristian Javier,2022,12800000,86954224,5498848937042176,NPB,MLB,xgboost
MLB,Framber Valdez,2022,6800000,264468944,66393284702075136,NPB,MLB,xgboost
MLB,José Urquidy,2022,3025000,94099856,8294629395420736,NPB,MLB,xgboost
MLB,Jordan Lyles,2022,8500000,136372688,16351424336345344,NPB,MLB,xgboost
MLB,Zack Greinke,2022,8500000,182702832,30346626676820224,NPB,MLB,xgboost
MLB,Brad Keller,2022,5775000,56603572,2583543731559184,NPB,MLB,xgboost
MLB,Brady Singer,2022,2950000,39648168,1346755534556224,NPB,MLB,xgboost
MLB,Kris Bubic,2022,2200000,20277126,326782484419876,NPB,MLB,xgboost
MLB,Ángel Zerpa,2022,721400,14389243,186809932272649,NPB,MLB,xgboost
MLB,Cole Ragans,2022,381333,14158294,189804654395521,NPB,MLB,xgboost
MLB,Tyler Anderson,2022,13000000,333657024,102820927040536580,NPB,MLB,xgboost
MLB,Patrick Sandoval,2022,2750000,70443304,4582383406436416,NPB,MLB,xgboost
MLB,José Suarez,2022,750000,40767556,1601404788213136,NPB,MLB,xgboost
MLB,Tucker Davidson,2022,740000,19316172,345074166173584,NPB,MLB,xgboost
MLB,Reid Detmers,2022,740000,30489052,885006094898704,NPB,MLB,xgboost
MLB,Jhonathan Díaz,2022,720000,7086958,40538154173764,NPB,MLB,xgboost
MLB,Chase Silseth,2022,720000,10257322,90960510931684,NPB,MLB,xgboost
MLB,Reid Detmers,2022,274063,30489052,912945560270121,NPB,MLB,xgboost
MLB,Clayton Kershaw,2022,20000000,278386560,66763614388633600,NPB,MLB,xgboost
MLB,Julio Urías,2022,14250000,216235664,40798208461520896,NPB,MLB,xgboost
MLB,Noah Syndergaard,2022,13000000,54920124,1757296796175376,NPB,MLB,xgboost
MLB,Walker Buehler,2022,8025000,47629044,1568480301153936,NPB,MLB,xgboost
MLB,Tony Gonsolin,2022,3325000,124302168,14635475177300224,NPB,MLB,xgboost
MLB,Dustin May,2022,1675000,20476588,353499711321744,NPB,MLB,xgboost
MLB,Michael Grove,2022,722500,7084517.5,40475266670306.25,NPB,MLB,xgboost
MLB,Ryan Pepiot,2022,722500,30109096,863572024467216,NPB,MLB,xgboost
MLB,Johnny Cueto,2022,8500000,253011360,59785805169049600,NPB,MLB,xgboost
MLB,Pablo López,2022,5450000,99209072,8790763582301184,NPB,MLB,xgboost
MLB,Jesús Luzardo,2022,2450000,44357192,1756212741324864,NPB,MLB,xgboost
MLB,Devin Smeltzer,2022,1000000,33453430,1053225118764900,NPB,MLB,xgboost
MLB,Trevor Rogers,2022,752000,21319794,423034150026436,NPB,MLB,xgboost
MLB,Braxton Garrett,2022,732000,49129036,2342273093585296,NPB,MLB,xgboost
MLB,Edward Cabrera,2022,731000,34280468,1125566803083024,NPB,MLB,xgboost
MLB,Max Meyer,2022,721500,12062155,128610455829025,NPB,MLB,xgboost
MLB,Chi Chi González,2022,720000,60858048,3616584817250304,NPB,MLB,xgboost
MLB,Daniel Castano,2022,720000,23984622,541242636802884,NPB,MLB,xgboost
MLB,Braxton Garrett,2022,466898,49129036,2368003674731044,NPB,MLB,xgboost
MLB,Aaron Ashby,2022,4100000,20784478,278371806132484,NPB,MLB,xgboost
MLB,Brandon Woodruff,2022,10800000,161773856,22793105195508736,NPB,MLB,xgboost
MLB,Corbin Burnes,2022,10010000,217609856,43097700211220736,NPB,MLB,xgboost
MLB,Eric Lauer,2022,5075000,84251760,6268959324097600,NPB,MLB,xgboost
MLB,Wade Miley,2022,4500000,114821712,12170880138610944,NPB,MLB,xgboost
MLB,Adrian Houser,2022,3600000,44741896,1692655606474816,NPB,MLB,xgboost
MLB,Bryse Wilson,2022,732600,32259928,993972410819584,NPB,MLB,xgboost
MLB,Jason Alexander,2022,732500,28976714,797735624477796,NPB,MLB,xgboost
MLB,Janson Junk,2022,720000,11043810,106581052916100,NPB,MLB,xgboost
MLB,Ethan Small,2022,720000,10701677,99633875732329,NPB,MLB,xgboost
MLB,Chris Paddack,2022,4175000,13979500,96128220250000,NPB,MLB,xgboost
MLB,Tyler Mahle,2022,7500000,57784328,2528513642411584,NPB,MLB,xgboost
MLB,Chris Paddack,2022,2400000,13979500,134084820250000,NPB,MLB,xgboost
MLB,Joe Ryan,2022,730250,152998032,23185477435199524,NPB,MLB,xgboost
MLB,Josh Winder,2022,725650,23146786,502707339530496,NPB,MLB,xgboost
MLB,Dallas Keuchel,2022,720000,87582808,7545147413644864,NPB,MLB,xgboost
MLB,Bailey Ober,2022,720000,18566866,318510626021956,NPB,MLB,xgboost
MLB,Bailey Ober,2022,432752,18566866,328846090564996,NPB,MLB,xgboost
MLB,Joe Ryan,2022,341931,152998032,23303885172522200,NPB,MLB,xgboost
MLB,Justin Verlander,2022,43333333,318394336,75658555371366020,NPB,MLB,xgboost
MLB,Jose Quintana,2022,13000000,136898368,15350805593063424,NPB,MLB,xgboost
MLB,Elieser Hernández,2022,1600000,45730248,1947478788541504,NPB,MLB,xgboost
MLB,Tylor Megill,2022,750000,24191198,549489763675204,NPB,MLB,xgboost
MLB,David Peterson,2022,750000,76785288,5781365021242944,NPB,MLB,xgboost
MLB,José Buttó,2022,720000,17583934,284392269956356,NPB,MLB,xgboost
MLB,Carlos Rodón,2022,27000000,178851248,23058801519157504,NPB,MLB,xgboost
MLB,Frankie Montas,2022,7500000,97997232,8189748999661824,NPB,MLB,xgboost
MLB,Nestor Cortes,2022,3200000,124339672,14674820132267584,NPB,MLB,xgboost
MLB,Domingo Germán,2022,2600000,66264344,4053148696950336,NPB,MLB,xgboost
MLB,Luis Gil,2022,723400,15049757,205244504891449,NPB,MLB,xgboost
MLB,Taijuan Walker,2022,18000000,126260712,11720381762746944,NPB,MLB,xgboost
MLB,Ranger Suárez,2022,2950000,63790600,370157860836e4,NPB,MLB,xgboost
MLB,Bailey Falter,2022,733000,28275846,758608365779716,NPB,MLB,xgboost
MLB,Rich Hill,2022,8000000,164948080,24632699815686400,NPB,MLB,xgboost
MLB,Mitch Keller,2022,2437500,54023576,2661123237077776,NPB,MLB,xgboost
MLB,JT Brubaker,2022,2275000,86318824,7063364352542976,NPB,MLB,xgboost
MLB,Roansy Contreras,2022,725000,22591960,478163939641600,NPB,MLB,xgboost
MLB,Yu Darvish,2022,18000000,366840320,121689568857702400,NPB,MLB,xgboost
MLB,Joe Musgrove,2022,20000000,309838688,84006465061561340,NPB,MLB,xgboost
MLB,Michael Wacha,2022,6500000,95969840,8004852269625600,NPB,MLB,xgboost
MLB,Ryan Weathers,2022,727600,7314963,43393351293769,NPB,MLB,xgboost
MLB,Luis Castillo,2022,21600000,127507864,11216475657042496,NPB,MLB,xgboost
MLB,Logan Gilbert,2022,767300,276489536,76022751424839700,NPB,MLB,xgboost
MLB,George Kirby,2022,758300,28748928,783475255834384,NPB,MLB,xgboost
MLB,George Kirby,2022,613007,28748928,791630050518241,NPB,MLB,xgboost
MLB,Logan Gilbert,2022,468999,276489536,76187336845768370,NPB,MLB,xgboost
MLB,Ross Stripling,2022,12500000,175636208,26613422360619264,NPB,MLB,xgboost
MLB,Sean Manaea,2022,12500000,230851840,47677526031385600,NPB,MLB,xgboost
MLB,Logan Webb,2022,4600000,204554096,39981640507177216,NPB,MLB,xgboost
MLB,Miles Mikolas,2022,18583333,223454448,41972173761343224,NPB,MLB,xgboost
MLB,Adam Wainwright,2022,17500000,138751088,14701826341183744,NPB,MLB,xgboost
MLB,Jordan Montgomery,2022,10000000,133056760,15142966181697600,NPB,MLB,xgboost
MLB,Jack Flaherty,2022,5400000,19360268,194889082631824,NPB,MLB,xgboost
MLB,Dakota Hudson,2022,2650000,39758080,1377009601286400,NPB,MLB,xgboost
MLB,Matthew Liberatore,2022,720000,13643639,167020445002321,NPB,MLB,xgboost
MLB,Zach Eflin,2022,13333333,39324048,675517266211225,NPB,MLB,xgboost
MLB,Jeffrey Springs,2022,7750000,123587768,13418388495221824,NPB,MLB,xgboost
MLB,Tyler Glasnow,2022,15175000,53469016,1466431661408256,NPB,MLB,xgboost
MLB,Yonny Chirinos,2022,1275000,14368239,171432907511121,NPB,MLB,xgboost
MLB,Drew Rasmussen,2022,739700,55080212,2952891244422144,NPB,MLB,xgboost
MLB,Shane McClanahan,2022,737000,108167816,11541380226425856,NPB,MLB,xgboost
MLB,Shane Baz,2022,723600,30107918,863438144325124,NPB,MLB,xgboost
MLB,Elvin Rodríguez,2022,720000,22290822,465300361755684,NPB,MLB,xgboost
MLB,Luis Patiño,2022,720000,6881341,37962122918281,NPB,MLB,xgboost
MLB,Cooper Criswell,2022,720000,15467554,217490348982916,NPB,MLB,xgboost
MLB,Shane McClanahan,2022,349912,108167816,11624700422953216,NPB,MLB,xgboost
MLB,Jacob deGrom,2022,37000000,151623424,13138529329483776,NPB,MLB,xgboost
MLB,Nathan Eovaldi,2022,17000000,145646464,16549912699703296,NPB,MLB,xgboost
MLB,Andrew Heaney,2022,12500000,72654528,3618567238902784,NPB,MLB,xgboost
MLB,Martín Pérez,2022,19650000,148806640,16681437656089600,NPB,MLB,xgboost
MLB,Dane Dunning,2022,742840,52317144,2659908833084416,NPB,MLB,xgboost
MLB,Glenn Otto,2022,736340,36885352,1306751068576144,NPB,MLB,xgboost
MLB,Spencer Howard,2022,733455,20342518,384515351737969,NPB,MLB,xgboost
MLB,Cole Ragans,2022,724145,14158294,180476359354201,NPB,MLB,xgboost
MLB,Tyson Miller,2022,720000,15109041,207044500899681,NPB,MLB,xgboost
MLB,Chris Bassitt,2022,21000000,250879328,52844505441731584,NPB,MLB,xgboost
MLB,Alek Manoah,2022,745660,267978336,71413303122120976,NPB,MLB,xgboost
MLB,Mitch White,2022,743000,33253000,10569001e8,NPB,MLB,xgboost
MLB,Thomas Hatch,2022,720000,13853344,172484724622336,NPB,MLB,xgboost
MLB,Chad Kuhl,2022,2000000,103088288,10218841970770944,NPB,MLB,xgboost
MLB,Josiah Gray,2022,730000,117731656,13689387506742336,NPB,MLB,xgboost
MLB,MacKenzie Gore,2022,723300,30985126,915778112854276,NPB,MLB,xgboost
MLB,Cade Cavalli,2022,720200,15058871,205597486046241,NPB,MLB,xgboost
MLB,Joan Adon,2022,720000,15179235,209069476785225,NPB,MLB,xgboost
MLB,Cory Abbott,2022,720000,22440870,471796193556900,NPB,MLB,xgboost
MLB,Josiah Gray,2022,311171,117731656,13787570297635224,NPB,MLB,xgboost
MLB,Eduardo Rodríguez,2023,20000000,207251696,35063197654876416,NPB,MLB,xgboost
MLB,Jordan Montgomery,2023,25000000,165983568,19876366446010624,NPB,MLB,xgboost
MLB,Zac Gallen,2023,10011000,269562016,67366729906632256,NPB,MLB,xgboost
MLB,Ryne Nelson,2023,764300,57732232,3245345276356624,NPB,MLB,xgboost
MLB,Tommy Henry,2023,760500,27537392,717001945179664,NPB,MLB,xgboost
MLB,Brandon Pfaadt,2023,754400,29391766,820098731417956,NPB,MLB,xgboost
MLB,Logan Allen,2023,740000,30181840,866821942585600,NPB,MLB,xgboost
MLB,Slade Cecconi,2023,740000,21288350,422234687722500,NPB,MLB,xgboost
MLB,Ryne Nelson,2023,274561,57732232,3301383956744241,NPB,MLB,xgboost
MLB,Brandon Pfaadt,2023,271783,29391766,847973409920289,NPB,MLB,xgboost
MLB,Paul Blackburn,2023,3450000,73925560,4966804557313600,NPB,MLB,xgboost
MLB,Osvaldo Bido,2023,750000,26367738,656268500236644,NPB,MLB,xgboost
MLB,Ken Waldichuk,2023,745000,36266272,1261760764497984,NPB,MLB,xgboost
MLB,JP Sears,2023,745000,86563512,7364817001894144,NPB,MLB,xgboost
MLB,Joey Estes,2023,740000,4172767.25,11783890992672.562,NPB,MLB,xgboost
MLB,Joe Boyle,2023,740000,18285644,307849623374736,NPB,MLB,xgboost
MLB,Kyle Muller,2023,740000,40706024,1597283074368576,NPB,MLB,xgboost
MLB,Luis Medina,2023,740000,23088944,499475297915136,NPB,MLB,xgboost
MLB,Mason Miller,2023,740000,32779164,1026508029818896,NPB,MLB,xgboost
MLB,Chris Sale,2023,19000000,182759728,26817248514633984,NPB,MLB,xgboost
MLB,Max Fried,2023,15000000,154851408,19558416319582464,NPB,MLB,xgboost
MLB,Dylan Dodd,2023,740000,23650316,524882579219856,NPB,MLB,xgboost
MLB,AJ Smith-Shawver,2023,740000,16657328,253361330659584,NPB,MLB,xgboost
MLB,Allan Winans,2023,740000,45647832,2016713374940224,NPB,MLB,xgboost
MLB,Bryce Elder,2023,740000,92839496,8482317163454016,NPB,MLB,xgboost
MLB,John Means,2023,3325000,35847428,1057708323015184,NPB,MLB,xgboost
MLB,Cole Irvin,2023,2000000,63069072,3729431554941184,NPB,MLB,xgboost
MLB,Tyler Wells,2023,1962500,66609484,4179232540296256,NPB,MLB,xgboost
MLB,Dean Kremer,2023,756600,100829496,10014584513826816,NPB,MLB,xgboost
MLB,Kyle Bradish,2023,754500,108033752,11508837909679504,NPB,MLB,xgboost
MLB,Grayson Rodriguez,2023,748300,33303358,1059831801383364,NPB,MLB,xgboost
MLB,Grayson Rodriguez,2023,243098,33303358,1092980791267600,NPB,MLB,xgboost
MLB,Brayan Bello,2023,9166667,101227640,8475222749706729,NPB,MLB,xgboost
MLB,Lucas Giolito,2023,19250000,101932264,6836356780165696,NPB,MLB,xgboost
MLB,Chase Anderson,2023,1250000,63949720,3931254888078400,NPB,MLB,xgboost
MLB,Rich Hill,2023,1000000,167210800,2762603003664e4,NPB,MLB,xgboost
MLB,Tanner Houck,2023,770000,42714944,1759378327163136,NPB,MLB,xgboost
MLB,Kutter Crawford,2023,760000,65742968,4222786130089024,NPB,MLB,xgboost
MLB,Brad Keller,2023,740000,48969188,2326054575139344,NPB,MLB,xgboost
MLB,Tanner Houck,2023,534267,42714944,1779209512178329,NPB,MLB,xgboost
MLB,Kutter Crawford,2023,237986,65742968,4290902666820324,NPB,MLB,xgboost
MLB,Justin Steele,2023,4000000,135295936,17238622810116096,NPB,MLB,xgboost
MLB,Jordan Wicks,2023,741500,17731096,288646372243216,NPB,MLB,xgboost
MLB,Dylan Cease,2023,8000000,144650240,18673288092057600,NPB,MLB,xgboost
MLB,Michael Soroka,2023,3000000,28969518,674415865152324,NPB,MLB,xgboost
MLB,Michael Kopech,2023,3000000,46046856,1853031811484736,NPB,MLB,xgboost
MLB,Mike Clevinger,2023,3000000,165973168,26560253487956224,NPB,MLB,xgboost
MLB,Chris Flexen,2023,1750000,65894356,4114498406654736,NPB,MLB,xgboost
MLB,Touki Toussaint,2023,1300000,33085340,1010307838915600,NPB,MLB,xgboost
MLB,Brad Keller,2023,1000000,48969188,2301042997379344,NPB,MLB,xgboost
MLB,Jared Shuster,2023,740000,14960936,202235020716096,NPB,MLB,xgboost
MLB,Jake Woodford,2023,740000,9702552,80327338352704,NPB,MLB,xgboost
MLB,Nick Lodolo,2023,760000,37615036,1358293678561296,NPB,MLB,xgboost
MLB,Graham Ashcraft,2023,750000,55066060,2950234373923600,NPB,MLB,xgboost
MLB,Brandon Williamson,2023,742500,28957818,796104169841124,NPB,MLB,xgboost
MLB,Andrew Abbott,2023,742500,33785204,1091820287631616,NPB,MLB,xgboost
MLB,Lyon Richardson,2023,740000,15726755,224602825430025,NPB,MLB,xgboost
MLB,Connor Phillips,2023,740000,32695670,1021164845148900,NPB,MLB,xgboost
MLB,Carson Spiers,2023,740000,9485281,76479939768961,NPB,MLB,xgboost
MLB,Hunter Greene,2023,529910,26304832,664346604106084,NPB,MLB,xgboost
MLB,Shane Bieber,2023,13125000,54923896,1747147706818816,NPB,MLB,xgboost
MLB,Carlos Carrasco,2023,2000000,113659216,12467780517734656,NPB,MLB,xgboost
MLB,Triston McKenzie,2023,1600000,4634419,9207698667561,NPB,MLB,xgboost
MLB,Ben Lively,2023,750000,97190176,9300707546910976,NPB,MLB,xgboost
MLB,Tanner Bibee,2023,745700,39539860,1504986850105600,NPB,MLB,xgboost
MLB,Logan Allen,2023,744300,30181840,866568761251600,NPB,MLB,xgboost
MLB,Gavin Williams,2023,742100,29208204,810319076938816,NPB,MLB,xgboost
MLB,Hunter Gaddis,2023,740700,20393326,386225708695876,NPB,MLB,xgboost
MLB,Matthew Boyd,2023,740000,119511264,14106613152157696,NPB,MLB,xgboost
MLB,Tanner Bibee,2023,411884,39539860,1530998505856576,NPB,MLB,xgboost
MLB,Hunter Gaddis,2023,291335,20393326,404090042164081,NPB,MLB,xgboost
MLB,Luis Ortiz,2023,246313,24615688,593866437890625,NPB,MLB,xgboost
MLB,Germán Márquez,2023,10000000,49561440,1565107534873600,NPB,MLB,xgboost
MLB,Cal Quantrill,2023,6550000,48439864,1754760705938496,NPB,MLB,xgboost
MLB,Austin Gomber,2023,3150000,76531968,5384913227553024,NPB,MLB,xgboost
MLB,Dakota Hudson,2023,1500000,41747956,1619897962177936,NPB,MLB,xgboost
MLB,Ty Blach,2023,1000000,42966876,1761218681199376,NPB,MLB,xgboost
MLB,Ryan Feltner,2023,745000,17078996,266799425328016,NPB,MLB,xgboost
MLB,Noah Davis,2023,740000,21595810,434964810756100,NPB,MLB,xgboost
MLB,Ryan Feltner,2023,241935,17078996,283486623117721,NPB,MLB,xgboost
MLB,Kenta Maeda,2023,12000000,136809360,15577376343609600,NPB,MLB,xgboost
MLB,Jack Flaherty,2023,14000000,86193920,5211962084966400,NPB,MLB,xgboost
MLB,Tarik Skubal,2023,2650000,106395720,10763174418318400,NPB,MLB,xgboost
MLB,Reese Olson,2023,752300,31958084,973800955054656,NPB,MLB,xgboost
MLB,Joey Wentz,2023,746700,37078940,1320031663417600,NPB,MLB,xgboost
MLB,Alex Faedo,2023,746600,20581774,393434127610276,NPB,MLB,xgboost
MLB,Sawyer Gipson-Long,2023,743600,11504771,115802801291241,NPB,MLB,xgboost
MLB,Matt Manning,2023,740000,60444932,3564678905124624,NPB,MLB,xgboost
MLB,Reese Olson,2023,261138,31958084,1004696385726916,NPB,MLB,xgboost
MLB,Framber Valdez,2023,12100000,214271664,40873381724528896,NPB,MLB,xgboost
MLB,José Urquidy,2023,3750000,13588954,96805015814116,NPB,MLB,xgboost
MLB,Hunter Brown,2023,774500,137597456,18720521288577936,NPB,MLB,xgboost
MLB,J.P. France,2023,767600,86962184,7429506310933056,NPB,MLB,xgboost
MLB,Brandon Bielak,2023,765000,34655344,1148555416438336,NPB,MLB,xgboost
MLB,Hunter Brown,2023,416842,137597456,18818520857416996,NPB,MLB,xgboost
MLB,Seth Lugo,2023,15000000,261256000,60642017536e6,NPB,MLB,xgboost
MLB,Michael Wacha,2023,16000000,303309056,82546493659611140,NPB,MLB,xgboost
MLB,Brady Singer,2023,4850000,77077328,5216786910019584,NPB,MLB,xgboost
MLB,Kris Bubic,2023,2350000,7320522.5,24706093923006.25,NPB,MLB,xgboost
MLB,Kyle Wright,2023,1800000,29906052,789950159026704,NPB,MLB,xgboost
MLB,Jonathan Bowlan,2023,740000,15875730,229090322632900,NPB,MLB,xgboost
MLB,Patrick Sandoval,2023,5025000,39688604,1201565442268816,NPB,MLB,xgboost
MLB,Griffin Canning,2023,2600000,78028880,5689515938054400,NPB,MLB,xgboost
MLB,Zach Plesac,2023,1000000,30820168,889242419548224,NPB,MLB,xgboost
MLB,Johnny Cueto,2023,1000000,89946096,7911407993641216,NPB,MLB,xgboost
MLB,José Suarez,2023,925000,20506004,383415717648016,NPB,MLB,xgboost
MLB,Reid Detmers,2023,770000,54940308,2934422268814864,NPB,MLB,xgboost
MLB,Chase Silseth,2023,750000,25553028,615190197968784,NPB,MLB,xgboost
MLB,Tyler Glasnow,2023,27312500,282835520,65292013749920400,NPB,MLB,xgboost
MLB,Clayton Kershaw,2023,5000000,315260672,96261684589891580,NPB,MLB,xgboost
MLB,James Paxton,2023,7000000,110482832,10708696518740224,NPB,MLB,xgboost
MLB,Dustin May,2023,2135000,23042950,437142373202500,NPB,MLB,xgboost
MLB,Michael Grove,2023,760000,36183368,1254815000463424,NPB,MLB,xgboost
MLB,Bobby Miller,2023,750000,39096468,1470451608075024,NPB,MLB,xgboost
MLB,Emmet Sheehan,2023,750000,32726092,1022470459592464,NPB,MLB,xgboost
MLB,Gavin Stone,2023,742500,12193149,131117362521201,NPB,MLB,xgboost
MLB,Gavin Stone,2023,350022,12193149,140259657138129,NPB,MLB,xgboost
MLB,Jesús Luzardo,2023,5500000,119414224,12976450429522176,NPB,MLB,xgboost
MLB,Trevor Rogers,2023,1530000,7215389,32323648081321,NPB,MLB,xgboost
MLB,Braxton Garrett,2023,764000,86332464,7321962031319296,NPB,MLB,xgboost
MLB,Edward Cabrera,2023,761000,58500872,3333892818576384,NPB,MLB,xgboost
MLB,Ryan Weathers,2023,752600,19515072,352030355550784,NPB,MLB,xgboost
MLB,Eury Pérez,2023,748000,49608072,2387306635845184,NPB,MLB,xgboost
MLB,Brandon Woodruff,2023,8750000,55744616,2208493932987456,NPB,MLB,xgboost
MLB,Corbin Burnes,2023,15637000,247000464,53529052474079296,NPB,MLB,xgboost
MLB,Wade Miley,2023,8500000,164962816,24480612790649856,NPB,MLB,xgboost
MLB,Colin Rea,2023,4500000,119731896,13278389855754816,NPB,MLB,xgboost
MLB,Janson Junk,2023,740000,14012193,176151107029249,NPB,MLB,xgboost
MLB,Pablo López,2023,18375000,253221952,55153090863690304,NPB,MLB,xgboost
MLB,Bailey Ober,2023,761850,99118968,9674122661265924,NPB,MLB,xgboost
MLB,Joe Ryan,2023,758850,160248832,25437054358360324,NPB,MLB,xgboost
MLB,Bailey Ober,2023,381085,99118968,9749169539321688,NPB,MLB,xgboost
MLB,Joe Ryan,2023,331054,160248832,25573695720457284,NPB,MLB,xgboost
MLB,Luis Severino,2023,13000000,88383096,5682611162545216,NPB,MLB,xgboost
MLB,Adrian Houser,2023,5050000,80483560,5690221974273600,NPB,MLB,xgboost
MLB,Julio Teheran,2023,2500000,43764420,1702752357936400,NPB,MLB,xgboost
MLB,David Peterson,2023,2150000,44567092,1799209693736464,NPB,MLB,xgboost
MLB,Joey Lucchesi,2023,1650000,44743584,1857056981965056,NPB,MLB,xgboost
MLB,Tylor Megill,2023,766250,50119276,2435721175356676,NPB,MLB,xgboost
MLB,José Buttó,2023,740000,16922046,261858612746116,NPB,MLB,xgboost
MLB,Marcus Stroman,2023,18500000,225588432,42885618668218624,NPB,MLB,xgboost
MLB,Nestor Cortes,2023,3950000,33679764,883858867495696,NPB,MLB,xgboost
MLB,Clarke Schmidt,2023,2025000,76697424,5575970906035776,NPB,MLB,xgboost
MLB,Luke Weaver,2023,2000000,64609800,391998705604e4,NPB,MLB,xgboost
MLB,Aaron Nola,2023,24571429,388488128,1.3243536381105661e+17,NPB,MLB,xgboost
MLB,Ranger Suárez,2023,5050000,40491464,1256097370463296,NPB,MLB,xgboost
MLB,Spencer Turnbull,2023,2000000,48926332,2202080634974224,NPB,MLB,xgboost
MLB,Kolby Allard,2023,1000000,6846819.5,34185298265580.25,NPB,MLB,xgboost
MLB,Cristopher Sánchez,2023,753500,57898664,3265569768586896,NPB,MLB,xgboost
MLB,Luis Ortiz,2023,744000,24615688,569857487969344,NPB,MLB,xgboost
MLB,Cristopher Sánchez,2023,576282,57898664,3285855478153924,NPB,MLB,xgboost
MLB,Mitch Keller,2023,15400000,272960800,6633756569664e4,NPB,MLB,xgboost
MLB,Martín Pérez,2023,8000000,140355488,17517975203718144,NPB,MLB,xgboost
MLB,Mitch Keller,2023,5442500,272960800,7156604083489e4,NPB,MLB,xgboost
MLB,Johan Oviedo,2023,765000,93836160,8662240823745600,NPB,MLB,xgboost
MLB,Roansy Contreras,2023,755000,22762248,484318964533504,NPB,MLB,xgboost
MLB,Bailey Falter,2023,755000,49238576,2350657141747776,NPB,MLB,xgboost
MLB,Luis Ortiz,2023,747500,24615688,569690398403344,NPB,MLB,xgboost
MLB,Jake Woodford,2023,740000,9702552,80327338352704,NPB,MLB,xgboost
MLB,Domingo Germán,2023,740000,100605840,9973185998905600,NPB,MLB,xgboost
MLB,Quinn Priester,2023,740000,16162672,237858811619584,NPB,MLB,xgboost
MLB,Mason Miller,2023,825276,32779164,1021050958316544,NPB,MLB,xgboost
MLB,Matt Waldron,2023,741800,20608212,394674325753744,NPB,MLB,xgboost
MLB,Jhony Brito,2023,740000,24245614,552513889516996,NPB,MLB,xgboost
MLB,Logan Gilbert,2023,4050000,256388064,63674498543268096,NPB,MLB,xgboost
MLB,George Kirby,2023,798600,169086064,28320670539551296,NPB,MLB,xgboost
MLB,Bryce Miller,2023,752600,27023350,690152305562500,NPB,MLB,xgboost
MLB,Bryan Woo,2023,749000,44105896,1879820430754816,NPB,MLB,xgboost
MLB,Emerson Hancock,2023,741300,19188456,340297564488336,NPB,MLB,xgboost
MLB,Dallas Keuchel,2023,740000,51226188,2548855178771344,NPB,MLB,xgboost
MLB,Bryce Miller,2023,497306,27023350,703631010289936,NPB,MLB,xgboost
MLB,George Kirby,2023,446287,169086064,28439374386609728,NPB,MLB,xgboost
MLB,Bryan Woo,2023,362483,44105896,1913486180888569,NPB,MLB,xgboost
MLB,Logan Webb,2023,18000000,136962496,14152075454550016,NPB,MLB,xgboost
MLB,Blake Snell,2023,31000000,374751936,118165393503748100,NPB,MLB,xgboost
MLB,Kyle Harrison,2023,743750,13109113,152902202121769,NPB,MLB,xgboost
MLB,Keaton Winn,2023,743750,25543308,615018076995364,NPB,MLB,xgboost
MLB,Sonny Gray,2023,25000000,232383696,43007997366620416,NPB,MLB,xgboost
MLB,Kyle Gibson,2023,13000000,226365280,45524742709478400,NPB,MLB,xgboost
MLB,Lance Lynn,2023,11000000,370323072,129113070071517180,NPB,MLB,xgboost
MLB,Matthew Liberatore,2023,747200,16379314,244362988108996,NPB,MLB,xgboost
MLB,Shane McClanahan,2023,3600000,58880464,3055929700055296,NPB,MLB,xgboost
MLB,Aaron Civale,2023,4900000,55460832,2556397732532224,NPB,MLB,xgboost
MLB,Drew Rasmussen,2023,1862500,46350868,1979214887303424,NPB,MLB,xgboost
MLB,Zack Littell,2023,1850000,39241976,1398159869184576,NPB,MLB,xgboost
MLB,Taj Bradley,2023,743300,43658504,1841714734361616,NPB,MLB,xgboost
MLB,Tyler Mahle,2023,11000000,37181548,685473455676304,NPB,MLB,xgboost
MLB,Michael Lorenzen,2023,4500000,93249720,7876512800078400,NPB,MLB,xgboost
MLB,Dane Dunning,2023,3325000,106708136,10688072809194496,NPB,MLB,xgboost
MLB,José Ureña,2023,1500000,71390832,4884728397652224,NPB,MLB,xgboost
MLB,Chase Anderson,2023,1000000,63949720,3962667248078400,NPB,MLB,xgboost
MLB,Alek Manoah,2023,782500,37960344,1382192084488336,NPB,MLB,xgboost
MLB,Wes Parsons,2023,749600,5372455,21370788351025,NPB,MLB,xgboost
MLB,Josiah Gray,2023,757400,97050224,9272307953894976,NPB,MLB,xgboost
MLB,MacKenzie Gore,2023,749600,41574520,1666674093006400,NPB,MLB,xgboost
MLB,Jake Irvin,2023,745600,27860456,735215415900736,NPB,MLB,xgboost
MLB,Jackson Rutledge,2023,740000,8378541,58347308608681,NPB,MLB,xgboost
MLB,Joan Adon,2023,740000,32780532,1026595690843024,NPB,MLB,xgboost
MLB,MacKenzie Gore,2023,300017,41574520,1703584597897009,NPB,MLB,xgboost
MLB,Jake Irvin,2023,239663,27860456,762908205948849,NPB,MLB,xgboost
MLB,Corbin Burnes,2024,35000000,285727744,62864401611329536,NPB,MLB,xgboost
MLB,Brandon Pfaadt,2024,799400,114693504,12971866925962816,NPB,MLB,xgboost
MLB,Luis Severino,2024,22333333,111104552,7880329322745961,NPB,MLB,xgboost
MLB,JP Sears,2024,770000,104532216,10766597469230656,NPB,MLB,xgboost
MLB,Osvaldo Bido,2024,765000,30276036,870901245793296,NPB,MLB,xgboost
MLB,Luis Medina,2024,765000,17736976,288047969344576,NPB,MLB,xgboost
MLB,Mitch Spence,2024,765000,61662604,3708518172940816,NPB,MLB,xgboost
MLB,J.T. Ginn,2024,760000,14228054,181388478546916,NPB,MLB,xgboost
MLB,Joey Estes,2024,760000,32483046,1006351647518116,NPB,MLB,xgboost
MLB,Brady Basso,2024,760000,10824246,101289047548516,NPB,MLB,xgboost
MLB,Reynaldo López,2024,10000000,253114528,59104673724662784,NPB,MLB,xgboost
MLB,Bryce Elder,2024,800000,24062978,541166145428484,NPB,MLB,xgboost
MLB,AJ Smith-Shawver,2024,770000,5960133,26937480557689,NPB,MLB,xgboost
MLB,Spencer Schwellenbach,2024,770000,81725720,6553828600718400,NPB,MLB,xgboost
MLB,Charlie Morton,2024,760000,232743920,53816539138566400,NPB,MLB,xgboost
MLB,Hurston Waldrep,2024,760000,13117423,152705903200929,NPB,MLB,xgboost
MLB,Davis Daniel,2024,760000,16899252,260475455119504,NPB,MLB,xgboost
MLB,Spencer Schwellenbach,2024,335439,81725720,6624377841258961,NPB,MLB,xgboost
MLB,Hurston Waldrep,2024,221100,13117423,166315146920329,NPB,MLB,xgboost
MLB,Charlie Morton,2024,15000000,232743920,47412414696966400,NPB,MLB,xgboost
MLB,Kyle Gibson,2024,5250000,117008920,12490056199566400,NPB,MLB,xgboost
MLB,Dean Kremer,2024,2950000,69565464,4437620043935296,NPB,MLB,xgboost
MLB,Trevor Rogers,2024,2600000,46209276,1901768953244176,NPB,MLB,xgboost
MLB,Kyle Bradish,2024,2350000,37149860,1211030256019600,NPB,MLB,xgboost
MLB,Tyler Wells,2024,2075000,15040666,168108494823556,NPB,MLB,xgboost
MLB,Albert Suárez,2024,825000,209831504,43683718714302016,NPB,MLB,xgboost
MLB,Grayson Rodriguez,2024,770800,72453808,5138453635928064,NPB,MLB,xgboost
MLB,Cade Povich,2024,766100,18697238,321525709975044,NPB,MLB,xgboost
MLB,Chayce McDermott,2024,762200,3959585.75,10223275634303.062,NPB,MLB,xgboost
MLB,Cody Poteet,2024,760000,21750876,440616875247376,NPB,MLB,xgboost
MLB,Walker Buehler,2024,21050000,49687168,820087391060224,NPB,MLB,xgboost
MLB,Patrick Sandoval,2024,9125000,56441276,2238829974508176,NPB,MLB,xgboost
MLB,Tanner Houck,2024,3950000,123181112,14216058068756544,NPB,MLB,xgboost
MLB,Garrett Crochet,2024,3800000,81097712,5974936280434944,NPB,MLB,xgboost
MLB,Kutter Crawford,2024,2750000,98799896,9225582521610816,NPB,MLB,xgboost
MLB,Cooper Criswell,2024,1000000,38075116,1374564226413456,NPB,MLB,xgboost
MLB,Richard Fitts,2024,766000,14291727,182945290878529,NPB,MLB,xgboost
MLB,Quinn Priester,2024,760000,23307352,508383082211904,NPB,MLB,xgboost
MLB,Brayan Bello,2024,336196,75248256,5611816733443600,NPB,MLB,xgboost
MLB,Matthew Boyd,2024,14500000,92242088,6043832246599744,NPB,MLB,xgboost
MLB,Justin Steele,2024,6550000,40360244,1143132599339536,NPB,MLB,xgboost
MLB,Colin Rea,2024,5000000,133456096,16500968599561216,NPB,MLB,xgboost
MLB,Chris Flexen,2024,1250000,97836024,9328860032128576,NPB,MLB,xgboost
MLB,Javier Assad,2024,793250,34397864,1129270082088996,NPB,MLB,xgboost
MLB,Ben Brown,2024,762500,28807448,786519108322704,NPB,MLB,xgboost
MLB,Jordan Wicks,2024,760000,20930664,406855686200896,NPB,MLB,xgboost
MLB,Martín Pérez,2024,5000000,88502368,6972645461607424,NPB,MLB,xgboost
MLB,Mike Clevinger,2024,1500000,43868092,1795055219720464,NPB,MLB,xgboost
MLB,Jonathan Cannon,2024,769100,24345562,555849560437444,NPB,MLB,xgboost
MLB,Davis Martin,2024,765450,28994524,796880618897476,NPB,MLB,xgboost
MLB,Drew Thorpe,2024,764750,9955848,84476282445604,NPB,MLB,xgboost
MLB,Ky Bush,2024,760800,15428339,215136700316521,NPB,MLB,xgboost
MLB,Sean Burke,2024,760350,17720304,287640039682116,NPB,MLB,xgboost
MLB,Brady Singer,2024,8750000,154239648,21167237675163904,NPB,MLB,xgboost
MLB,Wade Miley,2024,2500000,97920424,9105057316339776,NPB,MLB,xgboost
MLB,Nick Lodolo,2024,1975000,63189864,3747259574538496,NPB,MLB,xgboost
MLB,Graham Ashcraft,2024,780000,24418370,558772536256900,NPB,MLB,xgboost
MLB,Brandon Williamson,2024,770000,18330252,308362450303504,NPB,MLB,xgboost
MLB,Andrew Abbott,2024,770000,62668548,3831430244508304,NPB,MLB,xgboost
MLB,Rhett Lowder,2024,761500,16535138,248807655755044,NPB,MLB,xgboost
MLB,Julian Aguiar,2024,761500,19967190,368858528376100,NPB,MLB,xgboost
MLB,Andrew Abbott,2024,520065,62668548,3862433939201289,NPB,MLB,xgboost
MLB,Tanner Bibee,2024,9600000,105583584,9212848397485056,NPB,MLB,xgboost
MLB,Shane Bieber,2024,13000000,14233448,1521393968704,NPB,MLB,xgboost
MLB,Ben Lively,2024,2250000,217280400,4623807292416e4,NPB,MLB,xgboost
MLB,Triston McKenzie,2024,1950000,38429628,1330763259018384,NPB,MLB,xgboost
MLB,Kolby Allard,2024,1000000,36779944,1280204392643136,NPB,MLB,xgboost
MLB,John Means,2024,1000000,40453156,1556551518360336,NPB,MLB,xgboost
MLB,Kolby Allard,2024,850000,36779944,1290960875843136,NPB,MLB,xgboost
MLB,Gavin Williams,2024,780300,22675854,479415284966916,NPB,MLB,xgboost
MLB,Logan Allen,2024,777200,44541204,1915288046112016,NPB,MLB,xgboost
MLB,Slade Cecconi,2024,765000,47007272,2138347719721984,NPB,MLB,xgboost
MLB,Joey Cantillo,2024,762800,22265668,462373332225424,NPB,MLB,xgboost
MLB,Gavin Williams,2024,347481,22675854,498556240827129,NPB,MLB,xgboost
MLB,Tanner Bibee,2024,217235,105583584,11102067501589800,NPB,MLB,xgboost
MLB,Austin Gomber,2024,6350000,105207344,9772774462734336,NPB,MLB,xgboost
MLB,Ryan Feltner,2024,2275000,83792696,6645134761148416,NPB,MLB,xgboost
MLB,Bradley Blalock,2024,762000,13840997,171060162526009,NPB,MLB,xgboost
MLB,Tanner Gordon,2024,760000,9393062,74529759495844,NPB,MLB,xgboost
MLB,Jack Flaherty,2024,17500000,156143296,19221963525743616,NPB,MLB,xgboost
MLB,Alex Cobb,2024,15000000,161835792,21560749812267264,NPB,MLB,xgboost
MLB,Tarik Skubal,2024,10150000,298258368,83006431711623420,NPB,MLB,xgboost
MLB,Casey Mize,2024,2340000,52917216,2558054778310656,NPB,MLB,xgboost
MLB,Reese Olson,2024,787100,42829928,1767599386237584,NPB,MLB,xgboost
MLB,Keider Montero,2024,760000,19262748,342351683551504,NPB,MLB,xgboost
MLB,Matt Manning,2024,760000,15469577,216371655518929,NPB,MLB,xgboost
MLB,Reese Olson,2024,224416,42829928,1815229652782144,NPB,MLB,xgboost
MLB,Framber Valdez,2024,18000000,312691808,86843261702308860,NPB,MLB,xgboost
MLB,Hunter Brown,2024,2206538,107231120,11030162824274724,NPB,MLB,xgboost
MLB,Hunter Brown,2024,870000,107231120,11312687847654400,NPB,MLB,xgboost
MLB,Ronel Blanco,2024,802700,221540960,48725379427827600,NPB,MLB,xgboost
MLB,Spencer Arrighetti,2024,794200,83899720,6906527454470400,NPB,MLB,xgboost
MLB,J.P. France,2024,769900,37870112,1376425730444944,NPB,MLB,xgboost
MLB,Michael Wacha,2024,17000000,279728832,69026439164084224,NPB,MLB,xgboost
MLB,Cole Ragans,2024,4416667,234626816,52996712702602200,NPB,MLB,xgboost
MLB,Michael Lorenzen,2024,7000000,88740336,6681482529392896,NPB,MLB,xgboost
MLB,Alec Marsh,2024,769000,44471684,1909924588803856,NPB,MLB,xgboost
MLB,Jonathan Bowlan,2024,760000,16623690,251656660416100,NPB,MLB,xgboost
MLB,Yusei Kikuchi,2024,21225000,247615600,5125270376836e4,NPB,MLB,xgboost
MLB,Kyle Hendricks,2024,2500000,126487792,15372972565035264,NPB,MLB,xgboost
MLB,Reid Detmers,2024,1825000,24757730,525910105252900,NPB,MLB,xgboost
MLB,José Soriano,2024,790000,33360840,1060859618305600,NPB,MLB,xgboost
MLB,Jack Kochanowicz,2024,770000,17012668,263824263758224,NPB,MLB,xgboost
MLB,Caden Dana,2024,760000,13508607,162526980440449,NPB,MLB,xgboost
MLB,Chase Silseth,2024,760000,12088720,128339896838400,NPB,MLB,xgboost
MLB,José Soriano,2024,324925,33360840,1091371679887225,NPB,MLB,xgboost
MLB,Blake Snell,2024,36400000,270711232,54901753441357824,NPB,MLB,xgboost
MLB,Clayton Kershaw,2024,7500000,86442624,6231937884005376,NPB,MLB,xgboost
MLB,Justin Wrobleski,2024,800000,7823986,49336379328196,NPB,MLB,xgboost
MLB,Gavin Stone,2024,780000,42916788,1775508902956944,NPB,MLB,xgboost
MLB,River Ryan,2024,770000,11910468,124110027259024,NPB,MLB,xgboost
MLB,Andrew Heaney,2024,760000,277113152,76371064620335100,NPB,MLB,xgboost
MLB,Landon Knack,2024,760000,43613956,1836461544849936,NPB,MLB,xgboost
MLB,Bobby Miller,2024,760000,52872096,2715670549513216,NPB,MLB,xgboost
MLB,Cal Quantrill,2024,3500000,113073040,12006251094841600,NPB,MLB,xgboost
MLB,Edward Cabrera,2024,1950000,43565600,173185816336e4,NPB,MLB,xgboost
MLB,Braxton Garrett,2024,1530000,23385552,477665153224704,NPB,MLB,xgboost
MLB,Valente Bellozo,2024,800000,27801282,729069229643524,NPB,MLB,xgboost
MLB,Ryan Weathers,2024,779100,43750316,1846525404518656,NPB,MLB,xgboost
MLB,Max Meyer,2024,768000,11611287,117576872964369,NPB,MLB,xgboost
MLB,Adam Mazur,2024,760000,17612964,284022395585296,NPB,MLB,xgboost
MLB,Aaron Civale,2024,8000000,159591344,22979935575726336,NPB,MLB,xgboost
MLB,Nestor Cortes,2024,7600000,126386680,14110275345422400,NPB,MLB,xgboost
MLB,Jose Quintana,2024,4000000,96835808,8618487247012864,NPB,MLB,xgboost
MLB,Tobias Myers,2024,781800,43032324,1785106778274576,NPB,MLB,xgboost
MLB,DL Hall,2024,766100,41720428,1677256981931584,NPB,MLB,xgboost
MLB,Robert Gasser,2024,765400,5134519,19089200836161,NPB,MLB,xgboost
MLB,Erick Fedde,2024,760000,128143536,16226565243863296,NPB,MLB,xgboost
MLB,Quinn Priester,2024,307705,23307352,528983762124609,NPB,MLB,xgboost
MLB,Bailey Ober,2024,3550000,173832528,28996139342070784,NPB,MLB,xgboost
MLB,Joe Ryan,2024,3000000,94915152,8448395167183104,NPB,MLB,xgboost
MLB,David Festa,2024,760000,33956312,1101995130401344,NPB,MLB,xgboost
MLB,Zebby Matthews,2024,760000,27587684,719724628803856,NPB,MLB,xgboost
MLB,Sean Manaea,2024,25000000,236315216,44654120513126656,NPB,MLB,xgboost
MLB,Frankie Montas,2024,17000000,198120160,32804512358425600,NPB,MLB,xgboost
MLB,David Peterson,2024,4625000,62526484,3352581849402256,NPB,MLB,xgboost
MLB,Griffin Canning,2024,4250000,106246624,10403311307397376,NPB,MLB,xgboost
MLB,Paul Blackburn,2024,4050000,75609840,5120810700825600,NPB,MLB,xgboost
MLB,Tylor Megill,2024,1975000,116976552,13225356962408704,NPB,MLB,xgboost
MLB,Christian Scott,2024,764500,20516946,390159122982916,NPB,MLB,xgboost
MLB,Max Fried,2024,27250000,195846768,28424870180045824,NPB,MLB,xgboost
MLB,Clarke Schmidt,2024,3600000,125355672,14824443664171584,NPB,MLB,xgboost
MLB,Carlos Carrasco,2024,1500000,126241008,15560319076856064,NPB,MLB,xgboost
MLB,Luis Gil,2024,804125,143512672,20365729386851208,NPB,MLB,xgboost
MLB,Will Warren,2024,767600,23207260,503538340915600,NPB,MLB,xgboost
MLB,Paul Blackburn,2024,760000,75609840,5602498548025600,NPB,MLB,xgboost
MLB,Allan Winans,2024,760000,22770422,484458676618084,NPB,MLB,xgboost
MLB,Will Warren,2024,223911,23207260,528234331255801,NPB,MLB,xgboost
MLB,Zack Wheeler,2024,42000000,367270560,105800937202713600,NPB,MLB,xgboost
MLB,Cristopher Sánchez,2024,5625000,187821296,33195490276119616,NPB,MLB,xgboost
MLB,Ranger Suárez,2024,8800000,127319640,14046905065729600,NPB,MLB,xgboost
MLB,Jesús Luzardo,2024,6625000,41991784,1250809410502656,NPB,MLB,xgboost
MLB,Cristopher Sánchez,2024,2678437,187821296,34277878238693880,NPB,MLB,xgboost
MLB,Tyler Phillips,2024,764000,11475458,114735332485764,NPB,MLB,xgboost
MLB,Walker Buehler,2024,760000,49687168,2393867768500224,NPB,MLB,xgboost
MLB,Seth Johnson,2024,760000,13534975,163199986250625,NPB,MLB,xgboost
MLB,Andrew Heaney,2024,5250000,277113152,73909573415375100,NPB,MLB,xgboost
MLB,Paul Skenes,2024,3436343,140658352,18829879753996080,NPB,MLB,xgboost
MLB,Bailey Falter,2024,2222000,25522086,542894007607396,NPB,MLB,xgboost
MLB,Paul Skenes,2024,875000,140658352,19539385496355904,NPB,MLB,xgboost
MLB,Jared Jones,2024,775000,35856936,1230742233508096,NPB,MLB,xgboost
MLB,Nick Pivetta,2024,13750000,246423008,54136728651768064,NPB,MLB,xgboost
MLB,Dylan Cease,2024,13750000,210189760,38588579308857600,NPB,MLB,xgboost
MLB,Michael King,2024,7750000,215291216,43073356338758656,NPB,MLB,xgboost
MLB,Matt Waldron,2024,775800,72897960,5201605963065600,NPB,MLB,xgboost
MLB,Randy Vásquez,2024,772800,22094858,454630157355364,NPB,MLB,xgboost
MLB,Logan Gilbert,2024,7625000,162052752,23847930587773504,NPB,MLB,xgboost
MLB,George Kirby,2024,4300000,179304864,30626702423658496,NPB,MLB,xgboost
MLB,Bryan Woo,2024,1540676,51933228,2539409297072704,NPB,MLB,xgboost
MLB,Bryce Miller,2024,800000,281604736,78851299760029700,NPB,MLB,xgboost
MLB,Bryan Woo,2024,783300,51933228,2616315134405184,NPB,MLB,xgboost
MLB,Emerson Hancock,2024,766000,14039262,176179484120644,NPB,MLB,xgboost
MLB,Luis Castillo,2024,760000,302585440,91098596231193600,NPB,MLB,xgboost
MLB,Justin Verlander,2024,15000000,124782168,12052124410780224,NPB,MLB,xgboost
MLB,Joey Lucchesi,2024,854839,10855695,100017120732736,NPB,MLB,xgboost
MLB,Hayden Birdsong,2024,765000,50314652,2455168013321104,NPB,MLB,xgboost
MLB,Mason Black,2024,760000,25890900,631562134810000,NPB,MLB,xgboost
MLB,Keaton Winn,2024,760000,32179566,987189127628356,NPB,MLB,xgboost
MLB,Kyle Harrison,2024,760000,28438364,766091833716496,NPB,MLB,xgboost
MLB,Andre Pallante,2024,2100000,15201698,171654490483204,NPB,MLB,xgboost
MLB,Gordon Graceffo,2024,760000,5694663.5,24350903858232.25,NPB,MLB,xgboost
MLB,Roddery Muñoz,2024,760000,18372194,310189377493636,NPB,MLB,xgboost
MLB,Michael McGreevy,2024,760000,11103178,106981331139684,NPB,MLB,xgboost
MLB,Zack Littell,2024,5720000,130167184,15487101605529856,NPB,MLB,xgboost
MLB,Shane Baz,2024,1450000,35543724,1162382016188176,NPB,MLB,xgboost
MLB,Ryan Pepiot,2024,774600,72203296,5102058612260416,NPB,MLB,xgboost
MLB,Taj Bradley,2024,774200,64398768,4048085653186624,NPB,MLB,xgboost
MLB,Joe Boyle,2024,760000,103133144,10480260612444736,NPB,MLB,xgboost
MLB,Ryan Pepiot,2024,303898,72203296,5169523432762404,NPB,MLB,xgboost
MLB,Nathan Eovaldi,2024,25000000,284714528,67451636054262784,NPB,MLB,xgboost
MLB,Dane Dunning,2024,2660000,33471704,949361103383616,NPB,MLB,xgboost
MLB,Patrick Corbin,2024,1100000,177004240,30942301649977600,NPB,MLB,xgboost
MLB,Cody Bradford,2024,774000,48808312,2307295129313344,NPB,MLB,xgboost
MLB,Jack Leiter,2024,762500,27274794,702901733142436,NPB,MLB,xgboost
MLB,Kumar Rocker,2024,761500,18895922,328857261274084,NPB,MLB,xgboost
MLB,Jack Leiter,2024,286905,27274794,728346152676321,NPB,MLB,xgboost
MLB,Max Scherzer,2024,15500000,73641424,3380425184747776,NPB,MLB,xgboost
MLB,Alek Manoah,2024,2200000,22830000,425596900000000,NPB,MLB,xgboost
MLB,Jake Bloss,2024,123900,21203772,444361003536384,NPB,MLB,xgboost
MLB,Trevor Williams,2024,7000000,96374856,7987864885020736,NPB,MLB,xgboost
MLB,MacKenzie Gore,2024,2890000,111177688,11726223372385344,NPB,MLB,xgboost
MLB,Josiah Gray,2024,1350000,35859220,1190886265008400,NPB,MLB,xgboost
MLB,Jake Irvin,2024,774600,120346096,14297342655678016,NPB,MLB,xgboost
MLB,Mitchell Parker,2024,767200,37609500,135735506929e4,NPB,MLB,xgboost
MLB,DJ Herz,2024,764200,25176410,595955997084100,NPB,MLB,xgboost
MLB,Brandon Pfaadt,2025,9000000,112708832,10755521834804224,NPB,MLB,xgboost
MLB,Merrill Kelly,2025,20000000,204103744,33894188554817536,NPB,MLB,xgboost
MLB,Zac Gallen,2025,22025000,114191712,8494702800890944,NPB,MLB,xgboost
MLB,Michael Soroka,2025,7500000,58154744,2565903089705536,NPB,MLB,xgboost
MLB,Ryne Nelson,2025,3000000,67528176,4163885497886976,NPB,MLB,xgboost
MLB,Aaron Civale,2025,6000000,81340152,5676138503383104,NPB,MLB,xgboost
MLB,J.T. Ginn,2025,785000,37817628,1371415536586384,NPB,MLB,xgboost
MLB,Luis Morales,2025,780000,14507077,188432642963929,NPB,MLB,xgboost
MLB,Mason Barnett,2025,780000,17026170,263938039668900,NPB,MLB,xgboost
MLB,Gunnar Hoglund,2025,780000,14628031,191767962576961,NPB,MLB,xgboost
MLB,Jacob Lopez,2025,780000,67159552,4406244923720704,NPB,MLB,xgboost
MLB,Martín Pérez,2025,3500000,62153256,3440204439401536,NPB,MLB,xgboost
MLB,Carlos Carrasco,2025,1500000,83414168,6709930919132224,NPB,MLB,xgboost
MLB,AJ Smith-Shawver,2025,800000,19852320,362990897382400,NPB,MLB,xgboost
MLB,Spencer Schwellenbach,2025,800000,53233148,2749235009189904,NPB,MLB,xgboost
MLB,Grant Holmes,2025,800000,114911328,13021395177923584,NPB,MLB,xgboost
MLB,Hurston Waldrep,2025,798300,20874752,403063924908304,NPB,MLB,xgboost
MLB,Shane Baz,2025,13600000,138117376,15504576925925376,NPB,MLB,xgboost
MLB,Chris Bassitt,2025,18500000,258484512,57592565999878144,NPB,MLB,xgboost
MLB,Zach Eflin,2025,10000000,46947840,1365142880665600,NPB,MLB,xgboost
MLB,Trevor Rogers,2025,6200000,66360156,3619244369944336,NPB,MLB,xgboost
MLB,Dean Kremer,2025,5750000,118282208,12663497837355264,NPB,MLB,xgboost
MLB,Kyle Bradish,2025,3550000,63462868,3589551751985424,NPB,MLB,xgboost
MLB,Shane Baz,2025,3500000,138117376,18121837921125376,NPB,MLB,xgboost
MLB,Tyler Wells,2025,2450000,38679204,1312555222473616,NPB,MLB,xgboost
MLB,Garrett Crochet,2025,28333333,218200816,36049661100755290,NPB,MLB,xgboost
MLB,Ranger Suárez,2025,26000000,135010896,11883375446722816,NPB,MLB,xgboost
MLB,Tanner Houck,2025,4150000,47070116,1842136357453456,NPB,MLB,xgboost
MLB,Johan Oviedo,2025,1550000,37084924,1262730823685776,NPB,MLB,xgboost
MLB,Connelly Early,2025,789500,16117569,234949699268761,NPB,MLB,xgboost
MLB,Shota Imanaga,2025,22025000,193099344,29266431175030336,NPB,MLB,xgboost
MLB,Justin Steele,2025,6775000,51905212,2036736035164944,NPB,MLB,xgboost
MLB,Colin Rea,2025,6500000,167037552,25772305602152704,NPB,MLB,xgboost
MLB,Edward Cabrera,2025,4450000,85223840,6524413228345600,NPB,MLB,xgboost
MLB,Javier Assad,2025,1800000,22284316,419607201987856,NPB,MLB,xgboost
MLB,Cade Horton,2025,817500,33227036,1050378023735296,NPB,MLB,xgboost
MLB,Ben Brown,2025,800000,27965552,737967215464704,NPB,MLB,xgboost
MLB,Erick Fedde,2025,1500000,123036472,14771114026206784,NPB,MLB,xgboost
MLB,Shane Smith,2025,825900,42614432,1746281406715024,NPB,MLB,xgboost
MLB,Davis Martin,2025,798900,48793096,2303442849686416,NPB,MLB,xgboost
MLB,Sean Burke,2025,793200,39127356,1469507516232336,NPB,MLB,xgboost
MLB,Brady Singer,2025,12750000,146901360,17996587389849600,NPB,MLB,xgboost
MLB,Nick Lodolo,2025,4725000,104977056,10050474732227136,NPB,MLB,xgboost
MLB,Andrew Abbott,2025,800000,65514996,4188030707280016,NPB,MLB,xgboost
MLB,Chase Burns,2025,785000,23956972,536940286368784,NPB,MLB,xgboost
MLB,Chase Petty,2025,780000,10797471,100349725235841,NPB,MLB,xgboost
MLB,Gavin Williams,2025,822200,124033192,15180948549624064,NPB,MLB,xgboost
MLB,Slade Cecconi,2025,795600,39740960,1516741065529600,NPB,MLB,xgboost
MLB,Parker Messick,2025,788400,28173212,749927928275344,NPB,MLB,xgboost
MLB,Doug Nikhazy,2025,780000,20151354,375249355793316,NPB,MLB,xgboost
MLB,Michael Lorenzen,2025,8000000,162765920,23952489993446400,NPB,MLB,xgboost
MLB,Jose Quintana,2025,6000000,212008896,42439665231138816,NPB,MLB,xgboost
MLB,Tomoyuki Sugano,2025,5100000,265598416,67859424738509056,NPB,MLB,xgboost
MLB,Ryan Feltner,2025,2450000,15307626,165318546355876,NPB,MLB,xgboost
MLB,Chase Dollander,2025,782000,20949494,406727814240036,NPB,MLB,xgboost
MLB,McCade Brown,2025,782000,33347340,1060501369315600,NPB,MLB,xgboost
MLB,Tanner Gordon,2025,780000,59733948,3475567984786704,NPB,MLB,xgboost
MLB,Framber Valdez,2025,38333333,251340592,45372092386693080,NPB,MLB,xgboost
MLB,Tarik Skubal,2025,32000000,293181632,68215844894183424,NPB,MLB,xgboost
MLB,Justin Verlander,2025,13000000,141947456,16627446408871936,NPB,MLB,xgboost
MLB,Casey Mize,2025,6150000,91433344,7273248763822336,NPB,MLB,xgboost
MLB,Reese Olson,2025,818100,32111320,979265617968400,NPB,MLB,xgboost
MLB,Jackson Jobe,2025,784300,12973219,148569746388561,NPB,MLB,xgboost
MLB,Hunter Brown,2025,5710000,266970640,68257122013209600,NPB,MLB,xgboost
MLB,Hayden Wesneski,2025,975000,19361880,338077356134400,NPB,MLB,xgboost
MLB,Brandon Walter,2025,850000,35324380,1188482876384400,NPB,MLB,xgboost
MLB,Ronel Blanco,2025,802700,52526600,267536183121e4,NPB,MLB,xgboost
MLB,Kai-Wei Teng,2025,786700,30778926,899533620435076,NPB,MLB,xgboost
MLB,Colton Gordon,2025,780000,51653116,2588073931549456,NPB,MLB,xgboost
MLB,Seth Lugo,2025,23000000,162647888,19501532622860544,NPB,MLB,xgboost
MLB,Kris Bubic,2025,6150000,71841776,4315409434034176,NPB,MLB,xgboost
MLB,Bailey Falter,2025,3600000,36099516,1056218540234256,NPB,MLB,xgboost
MLB,Noah Cameron,2025,802000,31866858,965025402560164,NPB,MLB,xgboost
MLB,Stephen Kolek,2025,793250,44328236,1895295006020196,NPB,MLB,xgboost
MLB,José Soriano,2025,2900000,74008512,5056420478854144,NPB,MLB,xgboost
MLB,Jack Kochanowicz,2025,800000,76149816,5677594771233856,NPB,MLB,xgboost
MLB,Mitch Farris,2025,780000,14337023,183792872622529,NPB,MLB,xgboost
MLB,Emmet Sheehan,2025,810000,67484600,444550228516e4,NPB,MLB,xgboost
MLB,Roki Sasaki,2025,800000,7286373,42073034695129,NPB,MLB,xgboost
MLB,Bobby Miller,2025,800000,11124665,106598707362225,NPB,MLB,xgboost
MLB,Landon Knack,2025,790000,14707388,193693688742544,NPB,MLB,xgboost
MLB,Chris Paddack,2025,4000000,128439520,15485194137830400,NPB,MLB,xgboost
MLB,Ryan Weathers,2025,1350000,34393856,1091896419348736,NPB,MLB,xgboost
MLB,Max Meyer,2025,980000,42936676,1760362660968976,NPB,MLB,xgboost
MLB,Eury Pérez,2025,799500,25266764,598647007645696,NPB,MLB,xgboost
MLB,Janson Junk,2025,798000,67433664,4440311716720896,NPB,MLB,xgboost
MLB,Adam Mazur,2025,786000,13880549,171467213513401,NPB,MLB,xgboost
MLB,Brandon Woodruff,2025,22025000,110595520,7844737013070400,NPB,MLB,xgboost
MLB,Quinn Priester,2025,803200,64479500,405467118169e4,NPB,MLB,xgboost
MLB,Chad Patrick,2025,796400,37584496,1353364007305216,NPB,MLB,xgboost
MLB,Jacob Misiorowski,2025,788300,50852520,2506426124208400,NPB,MLB,xgboost
MLB,Kyle Harrison,2025,786100,9487949,75722176018801,NPB,MLB,xgboost
MLB,Brandon Sproat,2025,783000,15037259,203183899639081,NPB,MLB,xgboost
MLB,Logan Henderson,2025,780000,23273024,505936128664576,NPB,MLB,xgboost
MLB,Joe Ryan,2025,6200000,227433792,48944390722699264,NPB,MLB,xgboost
MLB,Bailey Ober,2025,5200000,96816712,8393621917690944,NPB,MLB,xgboost
MLB,Taj Bradley,2025,802050,42033204,1700008060171716,NPB,MLB,xgboost
MLB,David Festa,2025,791200,32760292,1022022843304464,NPB,MLB,xgboost
MLB,Mick Abel,2025,782500,22175364,457654630122496,NPB,MLB,xgboost
MLB,David Peterson,2025,8100000,106475960,9677829505921600,NPB,MLB,xgboost
MLB,Tylor Megill,2025,2500000,182708928,32475257730909184,NPB,MLB,xgboost
MLB,Nolan McLean,2025,791500,41943824,1693513770600976,NPB,MLB,xgboost
MLB,Jonah Tong,2025,780000,45048788,1959725590988944,NPB,MLB,xgboost
MLB,Clarke Schmidt,2025,4500000,81411528,5915383139294784,NPB,MLB,xgboost
MLB,Luis Gil,2025,2162500,16805130,214406613316900,NPB,MLB,xgboost
MLB,Will Warren,2025,826625,102436064,10324478093894720,NPB,MLB,xgboost
MLB,Cam Schlittler,2025,801425,28054264,742717233559921,NPB,MLB,xgboost
MLB,Jesús Luzardo,2025,11000000,201268944,36202271050875136,NPB,MLB,xgboost
MLB,Paul Skenes,2025,1085000,157478992,24459080733696064,NPB,MLB,xgboost
MLB,Bubba Chandler,2025,787200,30641594,891284841107236,NPB,MLB,xgboost
MLB,Michael King,2025,25000000,89395544,4146786087055936,NPB,MLB,xgboost
MLB,Lucas Giolito,2025,3000000,117705304,13157306765732416,NPB,MLB,xgboost
MLB,JP Sears,2025,2750000,120378752,13836523297077504,NPB,MLB,xgboost
MLB,Griffin Canning,2025,2500000,61120816,3436400068505856,NPB,MLB,xgboost
MLB,Germán Márquez,2025,1750000,160703552,25266231693416704,NPB,MLB,xgboost
MLB,Walker Buehler,2025,1500000,79525512,6087980522862144,NPB,MLB,xgboost
MLB,Randy Vásquez,2025,808800,58566896,3335997653545216,NPB,MLB,xgboost
MLB,Matt Waldron,2025,796800,19178796,337897776944016,NPB,MLB,xgboost
MLB,Logan Gilbert,2025,10927000,167053168,24375380334364224,NPB,MLB,xgboost
MLB,George Kirby,2025,6550000,84817280,6125767118598400,NPB,MLB,xgboost
MLB,Bryce Miller,2025,2452500,35727556,1107229351803136,NPB,MLB,xgboost
MLB,Bryan Woo,2025,831600,285722112,81162603827622140,NPB,MLB,xgboost
MLB,Emerson Hancock,2025,793300,26517774,661748562576676,NPB,MLB,xgboost
MLB,Logan Evans,2025,785800,21311110,421288350596100,NPB,MLB,xgboost
MLB,Adrian Houser,2025,11000000,112709928,10344909453765184,NPB,MLB,xgboost
MLB,Tyler Mahle,2025,10000000,72654376,3925570831949376,NPB,MLB,xgboost
MLB,Landen Roupp,2025,800000,49757856,2396871664116736,NPB,MLB,xgboost
MLB,Trevor McDonald,2025,780000,-2614199.25,11520588548700.562,NPB,MLB,xgboost
MLB,Blade Tidwell,2025,780000,9515972,76317206784784,NPB,MLB,xgboost
MLB,Dustin May,2025,12500000,36763960,588739754881600,NPB,MLB,xgboost
MLB,Andre Pallante,2025,4000000,102448168,9692041782556224,NPB,MLB,xgboost
MLB,Matthew Liberatore,2025,2260000,39831196,1411594768870416,NPB,MLB,xgboost
MLB,Hunter Dobbins,2025,787600,26382806,655114570182436,NPB,MLB,xgboost
MLB,Michael McGreevy,2025,784550,20545478,390494275421184,NPB,MLB,xgboost
MLB,Nick Martinez,2025,13000000,132579568,14299273083066624,NPB,MLB,xgboost
MLB,Ryan Pepiot,2025,3025000,154396592,22913358864614464,NPB,MLB,xgboost
MLB,Joe Boyle,2025,784200,26457818,659134661209924,NPB,MLB,xgboost
MLB,Cal Quantrill,2025,1000000,89703048,7868230724490304,NPB,MLB,xgboost
MLB,Jack Leiter,2025,794000,57426460,3207235525651600,NPB,MLB,xgboost
MLB,Kumar Rocker,2025,789000,35666348,1216429403513104,NPB,MLB,xgboost
MLB,Dylan Cease,2025,30000000,129982136,9996427519122496,NPB,MLB,xgboost
MLB,Eric Lauer,2025,4400000,92059832,7684246146268224,NPB,MLB,xgboost
MLB,Max Scherzer,2025,3000000,106086160,10626756383545600,NPB,MLB,xgboost
MLB,Patrick Corbin,2025,1000000,161881232,25882770809837824,NPB,MLB,xgboost
MLB,Bowden Francis,2025,809800,40920684,1608883015261456,NPB,MLB,xgboost
MLB,Trey Yesavage,2025,788800,13219102,154512407811204,NPB,MLB,xgboost
MLB,Zack Littell,2025,7000000,140720544,17881183887655936,NPB,MLB,xgboost
MLB,MacKenzie Gore,2025,5600000,101518176,9200296487166976,NPB,MLB,xgboost
MLB,Jake Irvin,2025,2800000,92283544,8007304646799936,NPB,MLB,xgboost
MLB,Miles Mikolas,2025,2250000,208533712,42552969836498944,NPB,MLB,xgboost
MLB,Cade Cavalli,2025,870000,26548712,659396249978944,NPB,MLB,xgboost
MLB,Andrew Alvarez,2025,780000,13002687,149394077499969,NPB,MLB,xgboost
NPB,久保　康友,2010,180000000,10880828,28601294337965584,MLB,NPB,xgboost
NPB,下柳　剛,2010,90000000,6024963.5,7051806755176332,MLB,NPB,xgboost
NPB,能見　篤史,2010,50000000,8901822,1689060234919684,MLB,NPB,xgboost
NPB,秋山　拓巳,2010,12000000,1232575.5,115937430363200.25,MLB,NPB,xgboost
NPB,鶴　直人,2010,11000000,256003.4375,115433462135011.81,MLB,NPB,xgboost
NPB,小嶋　達也,2010,10000000,660505.4375,87226158682967.06,MLB,NPB,xgboost
NPB,清水　直行,2010,280000000,1844080.25,77370715691968450,MLB,NPB,xgboost
NPB,三浦　大輔,2010,250000000,2867126.5,61074657164367e3,MLB,NPB,xgboost
NPB,大家　友和,2010,100000000,3647999.75,9283707952176e3,MLB,NPB,xgboost
NPB,山本　省吾,2010,62000000,1095690.5,3709334915671790,MLB,NPB,xgboost
NPB,加賀　繁,2010,25000000,2843975.75,490889410566588.06,MLB,NPB,xgboost
NPB,田中　健二朗,2010,8200000,933681.5,52799384543442.25,MLB,NPB,xgboost
NPB,杉原　洋,2010,6000000,360360.5625,31805532985005.316,MLB,NPB,xgboost
NPB,眞下　貴之,2010,5500000,486865.53125,25131517201769.344,MLB,NPB,xgboost
NPB,内海　哲也,2010,120000000,6477590.5,12887337458685690,MLB,NPB,xgboost
NPB,東野　峻,2010,75000000,2973320.5,5187842559795720,MLB,NPB,xgboost
NPB,藤井　秀悟,2010,70000000,9514827,3658456152839929,MLB,NPB,xgboost
NPB,朝井　秀樹,2010,40000000,1918767.125,1450180297279980.8,MLB,NPB,xgboost
NPB,西村　健太朗,2010,28000000,1041479.125,726761847767810.75,MLB,NPB,xgboost
NPB,黄　志龍,2010,4400000,543614.4375,14871709606658.441,MLB,NPB,xgboost
NPB,吉見　一起,2010,120000000,4237527,13400950155075728,MLB,NPB,xgboost
NPB,山本昌,2010,100000000,10221147,8060242445995609,MLB,NPB,xgboost
NPB,中田　賢一,2010,72000000,3264459.25,4724574562194911,MLB,NPB,xgboost
NPB,朝倉　健太,2010,71250000,1224021,4903637734908441,MLB,NPB,xgboost
NPB,山井　大介,2010,42000000,3096968.75,1513445840438476.5,MLB,NPB,xgboost
NPB,小笠原　孝,2010,39000000,1109828.375,1435665105771955.2,MLB,NPB,xgboost
NPB,川井　雄太,2010,25500000,1834850.625,560039294941062.9,MLB,NPB,xgboost
NPB,山内　壮馬,2010,15000000,558473.75,208557680429439.06,MLB,NPB,xgboost
NPB,岩田　慎司,2010,13000000,676557.25,151867241212527.56,MLB,NPB,xgboost
NPB,伊藤　準規,2010,7500000,1339394,37953066287236,MLB,NPB,xgboost
NPB,前田　健太,2010,120000000,1792888,13972921327380544,MLB,NPB,xgboost
NPB,大竹　寛,2010,80000000,1084841.125,6227602300266491,MLB,NPB,xgboost
NPB,齊藤　悠葵,2010,21000000,-1022769.0625,485002357180207.1,MLB,NPB,xgboost
NPB,青木　高広,2010,16000000,3465643.25,157110099136270.56,MLB,NPB,xgboost
NPB,小松　剛,2010,13000000,722079.9375,150747321061140,MLB,NPB,xgboost
NPB,今村　猛,2010,10000000,578608.5,88762617796272.25,MLB,NPB,xgboost
NPB,今井　啓介,2010,9500000,566149.25,79813689223275.56,MLB,NPB,xgboost
NPB,石川　雅規,2010,180000000,11953706,28239556927134436,MLB,NPB,xgboost
NPB,館山　昌平,2010,120000000,11400816,11793782765465856,MLB,NPB,xgboost
NPB,村中　恭兵,2010,51000000,2495601.25,2352676698099001.5,MLB,NPB,xgboost
NPB,中澤　雅人,2010,24000000,214243.296875,565762221940255.9,MLB,NPB,xgboost
NPB,赤川　克紀,2010,7200000,667859.4375,42668860328257.81,MLB,NPB,xgboost
NPB,山本　斉,2010,6000000,732921.375,27742117241931.89,MLB,NPB,xgboost
NPB,杉内　俊哉,2010,350000000,17018882,110876424944529920,MLB,NPB,xgboost
NPB,和田　毅,2010,330000000,22265796,94700340311513620,MLB,NPB,xgboost
NPB,大隣　憲司,2010,35000000,2834611.5,1034612217355932.2,MLB,NPB,xgboost
NPB,小椋　真介,2010,25000000,3839179.5,447780324233220.25,MLB,NPB,xgboost
NPB,山田　大樹,2010,12000000,1105384.75,118692641445532.56,MLB,NPB,xgboost
NPB,巽　真悟,2010,10600000,757350.0625,96877757792168.75,MLB,NPB,xgboost
NPB,岩嵜　翔,2010,8400000,418959.40625,63697008959085.35,MLB,NPB,xgboost
NPB,ダルビッシュ　有,2010,500000000,3679315.5,246334221862548540,MLB,NPB,xgboost
NPB,武田　勝,2010,135000000,6344191,16552317189444480,MLB,NPB,xgboost
NPB,八木　智哉,2010,48000000,1143690.375,2195513751673867.8,MLB,NPB,xgboost
NPB,増井　浩俊,2010,16000000,2137608.5,192165898099272.25,MLB,NPB,xgboost
NPB,糸数　敬作,2010,15000000,1636088.5,178594130579832.25,MLB,NPB,xgboost
NPB,矢貫　俊之,2010,11000000,1402841.875,92105444076253.52,MLB,NPB,xgboost
NPB,吉川　光夫,2010,10500000,492903.5625,100141979109425.19,MLB,NPB,xgboost
NPB,多田野　数人,2010,8000000,3357502.75,21552780716257.562,MLB,NPB,xgboost
NPB,中村　勝,2010,8000000,610571.75,54603649861898.06,MLB,NPB,xgboost
NPB,ダース　ローマシュ匡,2010,5200000,574530.6875,21394966360879.223,MLB,NPB,xgboost
NPB,木佐貫　洋,2010,60000000,9558307,2544364392706249,MLB,NPB,xgboost
NPB,近藤　一樹,2010,49000000,4730151,1959819530482801,MLB,NPB,xgboost
NPB,長谷川　昌幸,2010,32000000,1415499,935411701419001,MLB,NPB,xgboost
NPB,中山　慎也,2010,20000000,1296926.125,349804972373707.5,MLB,NPB,xgboost
NPB,伊原　正樹,2010,11000000,708228.8125,105920554175855.16,MLB,NPB,xgboost
NPB,山田　修義,2010,5400000,565562.4375,23371786545710.94,MLB,NPB,xgboost
NPB,岩隈　久志,2010,300000000,9698256,84275102569441540,MLB,NPB,xgboost
NPB,田中　将大,2010,200000000,122343.6328125,39951077514839490,MLB,NPB,xgboost
NPB,永井　怜,2010,73000000,4935879,4632724567502641,MLB,NPB,xgboost
NPB,川井　貴志,2010,20000000,2158906.5,318304617275742.25,MLB,NPB,xgboost
NPB,長谷部　康平,2010,19000000,792297.375,331520434880431.9,MLB,NPB,xgboost
NPB,藤原　紘通,2010,18000000,1061474.5,286913646114150.25,MLB,NPB,xgboost
NPB,戸村　健次,2010,15000000,411922.53125,212812004234251.4,MLB,NPB,xgboost
NPB,井坂　亮平,2010,13500000,1416550.375,146009754839912.62,MLB,NPB,xgboost
NPB,菊池　保則,2010,6800000,1055806.625,32995757529393.89,MLB,NPB,xgboost
NPB,涌井　秀章,2010,252999999.99999997,4040688.25,61980738907033670,MLB,NPB,xgboost
NPB,石井　一久,2010,190000000,7306630,33376867441956900,MLB,NPB,xgboost
NPB,岸　孝之,2010,120000000,2795048.25,13737000714719828,MLB,NPB,xgboost
NPB,帆足　和幸,2010,110000000.00000001,6786337,10653060229877572,MLB,NPB,xgboost
NPB,西口　文也,2010,60000000,1915624.625,3373794662703906.5,MLB,NPB,xgboost
NPB,平野　将光,2010,16000000,2810890,173952622592100,MLB,NPB,xgboost
NPB,渡辺　俊介,2010,140000000,5531346,18081818908571716,MLB,NPB,xgboost
NPB,成瀬　善久,2010,130000000,9530740,14512842604947600,MLB,NPB,xgboost
NPB,唐川　侑己,2010,34500000,2267019.75,1038965015796890,MLB,NPB,xgboost
NPB,吉見　祐治,2010,33000000,5925860.5,733009029665460.25,MLB,NPB,xgboost
NPB,大嶺　祐太,2010,21000000,172729.484375,433775197131022.44,MLB,NPB,xgboost
NPB,香月　良仁,2010,10000000,825026.875,84180131844472.27,MLB,NPB,xgboost
NPB,久保　康友,2011,140000000,4086091,18472590659660280,MLB,NPB,xgboost
NPB,能見　篤史,2011,100000000,15569440,7128519461913600,MLB,NPB,xgboost
NPB,安藤　優也,2011,58000000,8041.99609375,3363067193126826,MLB,NPB,xgboost
NPB,岩田　稔,2011,55000000,8321860.5,2178848707181460.2,MLB,NPB,xgboost
NPB,鄭　凱文,2011,14000000,54669.93359375,194472230661014.16,MLB,NPB,xgboost
NPB,秋山　拓巳,2011,11000000,492242.125,110412975559624.52,MLB,NPB,xgboost
NPB,鶴　直人,2011,10000000,874198.125,83280259861753.52,MLB,NPB,xgboost
NPB,蕭　一傑,2011,10000000,1465495,72837775595025,MLB,NPB,xgboost
NPB,清原　大貴,2011,6500000,514611.53125,35824875121845.47,MLB,NPB,xgboost
NPB,三浦　大輔,2011,150000000,8822624,19931051494245376,MLB,NPB,xgboost
NPB,山本　省吾,2011,60000000,830977.375,3500973238397762,MLB,NPB,xgboost
NPB,清水　直行,2011,50000000,3971000.25,2118668817985500,MLB,NPB,xgboost
NPB,高崎　健太郎,2011,40000000,3707725.5,1317129188383350.2,MLB,NPB,xgboost
NPB,須田　幸太,2011,17000000,1083493.75,253335171206289.06,MLB,NPB,xgboost
NPB,加賀美　希昇,2011,11000000,715908.375,105762540551395.14,MLB,NPB,xgboost
NPB,小林　寛,2011,10000000,437902,91433718161604,MLB,NPB,xgboost
NPB,国吉　佑樹,2011,10000000,1468716.25,72782802423014.06,MLB,NPB,xgboost
NPB,田中　健二朗,2011,7000000,405328.4375,43489693017246.19,MLB,NPB,xgboost
NPB,眞下　貴之,2011,6500000,1798763.25,22101626979550.562,MLB,NPB,xgboost
NPB,杉内　俊哉,2011,350000000,13692153,1.1310296795377541e+17,MLB,NPB,xgboost
NPB,内海　哲也,2011,220000000.00000003,9764913,44198791805897584,MLB,NPB,xgboost
NPB,東野　峻,2011,65000000,2663666.25,3885818505391389,MLB,NPB,xgboost
NPB,澤村　拓一,2011,52000000,224206.0625,2680732837858462,MLB,NPB,xgboost
NPB,小野　淳平,2011,15000000,936751.625,197774954856940.12,MLB,NPB,xgboost
NPB,小山　雄輝,2011,8200000,2278419.5,35065115617980.25,MLB,NPB,xgboost
NPB,吉見　一起,2011,240000000,6519812,54512998188515344,MLB,NPB,xgboost
NPB,中田　賢一,2011,60000000,2818655.25,3269706187418352.5,MLB,NPB,xgboost
NPB,朝倉　健太,2011,57000000,401153.28125,3203429449892557.5,MLB,NPB,xgboost
NPB,山井　大介,2011,36000000,2106023.25,1148801659929540.5,MLB,NPB,xgboost
NPB,小笠原　孝,2011,30000000,15341781,214863384251961,MLB,NPB,xgboost
NPB,山内　壮馬,2011,18000000,536256.4375,304982339216760.2,MLB,NPB,xgboost
NPB,大野　雄大,2011,13500000,476570.625,169609712685612.88,MLB,NPB,xgboost
NPB,岩田　慎司,2011,12000000,596804.3125,130032871887418.6,MLB,NPB,xgboost
NPB,伊藤　準規,2011,9000000,1457517,56889049805289,MLB,NPB,xgboost
NPB,前田　健太,2011,150000000,3290747,21523604915818008,MLB,NPB,xgboost
NPB,大竹　寛,2011,65000000,2947548.75,3850506706133626.5,MLB,NPB,xgboost
NPB,福井　優也,2011,27000000,117810.21875,722652127435141.9,MLB,NPB,xgboost
NPB,篠田　純平,2011,24000000,1479614.5,507167763068610.25,MLB,NPB,xgboost
NPB,中村　恭平,2011,10000000,1823315.875,66858163280027.016,MLB,NPB,xgboost
NPB,中田　廉,2011,8000000,1525894.75,41914038788077.56,MLB,NPB,xgboost
NPB,石川　雅規,2011,200000000,10914646,35753271097305316,MLB,NPB,xgboost
NPB,館山　昌平,2011,190000000,7674673,33242524865656928,MLB,NPB,xgboost
NPB,村中　恭兵,2011,45000000,391153.53125,1989949183272509.2,MLB,NPB,xgboost
NPB,増渕　竜義,2011,41000000,1260048.25,1579263765092328,MLB,NPB,xgboost
NPB,赤川　克紀,2011,21000000,757044.9375,409777229662394.4,MLB,NPB,xgboost
NPB,中澤　雅人,2011,18500000,803361.125,313171027472161.25,MLB,NPB,xgboost
NPB,七條　祐樹,2011,16000000,961290.8125,226162774026196.9,MLB,NPB,xgboost
NPB,山本　斉,2011,10000000,733562.25,85866868574625.06,MLB,NPB,xgboost
NPB,山岸　穣,2011,9500000,-171362.4375,93535251397485.94,MLB,NPB,xgboost
NPB,攝津　正,2011,190000000,7144378,33436178497006884,MLB,NPB,xgboost
NPB,帆足　和幸,2011,110000000.00000001,7416239,10523428020905124,MLB,NPB,xgboost
NPB,山田　大樹,2011,30000000,697314.3125,858647388500417.4,MLB,NPB,xgboost
NPB,岩嵜　翔,2011,18000000,1073110,286519605072100,MLB,NPB,xgboost
NPB,武田　勝,2011,170000000,6764712,26645759248442944,MLB,NPB,xgboost
NPB,斎藤　佑樹,2011,30000000,1265516.625,825670534828151.4,MLB,NPB,xgboost
NPB,八木　智哉,2011,24000000,1375856.75,511851857796520.56,MLB,NPB,xgboost
NPB,糸数　敬作,2011,14000000,502777.5,182175015214506.25,MLB,NPB,xgboost
NPB,吉川　光夫,2011,11000000,578021.625,108617633248967.64,MLB,NPB,xgboost
NPB,矢貫　俊之,2011,10000000,1017087.6875,80692713614064.1,MLB,NPB,xgboost
NPB,中村　勝,2011,7800000,974701.4375,46584700467264.56,MLB,NPB,xgboost
NPB,大塚　豊,2011,7800000,1205685.75,43484980427753.06,MLB,NPB,xgboost
NPB,寺原　隼人,2011,85000000,8612709,5835018226318681,MLB,NPB,xgboost
NPB,木佐貫　洋,2011,50000000,3504236.5,2161856023447932.2,MLB,NPB,xgboost
NPB,中山　慎也,2011,40000000,7118236,1081210403751696,MLB,NPB,xgboost
NPB,近藤　一樹,2011,40000000,1809226.5,1458535180528302.2,MLB,NPB,xgboost
NPB,西　勇輝,2011,30000000,2173209,774330297357681,MLB,NPB,xgboost
NPB,田中　将大,2011,320000000,8789246,96852133405248510,MLB,NPB,xgboost
NPB,永井　怜,2011,64000000,2357242,3799829613846564,MLB,NPB,xgboost
NPB,川島　亮,2011,36000000,366767.375,1269727267307364.5,MLB,NPB,xgboost
NPB,塩見　貴洋,2011,32000000,1230490.75,946762699485835.5,MLB,NPB,xgboost
NPB,川井　貴志,2011,20000000,6846752.5,173007919796256.25,MLB,NPB,xgboost
NPB,長谷部　康平,2011,17000000,779311.375,263110739469204.38,MLB,NPB,xgboost
NPB,井坂　亮平,2011,16500000,1139318.625,235950532304271.88,MLB,NPB,xgboost
NPB,下柳　剛,2011,15000000,7540864.5,55638702407360.25,MLB,NPB,xgboost
NPB,戸村　健次,2011,14100000,1199381,166425970583161,MLB,NPB,xgboost
NPB,藤原　紘通,2011,13000000,507305.1875,156067423678264.4,MLB,NPB,xgboost
NPB,菊池　保則,2011,6200000,522122.03125,32238298228016.625,MLB,NPB,xgboost
NPB,涌井　秀章,2011,210000000,6081016.5,41582951831673270,MLB,NPB,xgboost
NPB,石井　一久,2011,170000000,8592108,26052507599883664,MLB,NPB,xgboost
NPB,岸　孝之,2011,110000000.00000001,3560120.75,11329447894754584,MLB,NPB,xgboost
NPB,西口　文也,2011,100000000,8535839,8365692747433921,MLB,NPB,xgboost
NPB,菊池　雄星,2011,20000000,227799.859375,390939898400931.25,MLB,NPB,xgboost
NPB,成瀬　善久,2011,130000000,10202358,14351475028760164,MLB,NPB,xgboost
NPB,渡辺　俊介,2011,126000000,8770383,13742783101966688,MLB,NPB,xgboost
NPB,小野　晋吾,2011,80000000,4090068,5762317776244624,MLB,NPB,xgboost
NPB,唐川　侑己,2011,54500000,1253752.25,2835162899454380,MLB,NPB,xgboost
NPB,大嶺　祐太,2011,17000000,531059.5,271226001192540.25,MLB,NPB,xgboost
NPB,上野　大樹,2011,17000000,505764.8125,272059794420563.16,MLB,NPB,xgboost
NPB,小林　敦,2011,15000000,883420,199277830896400,MLB,NPB,xgboost
NPB,光原　逸裕,2011,9000000,1411972.875,57578155649735.766,MLB,NPB,xgboost
NPB,阿部　和成,2011,5500000,577605.0625,24229971920725.63,MLB,NPB,xgboost
NPB,久保　康友,2012,120000000,2544621,13795766056033640,MLB,NPB,xgboost
NPB,能見　篤史,2012,120000000,22316488,9542068516654144,MLB,NPB,xgboost
NPB,岩田　稔,2012,58000000,7610966,2539054747453156,MLB,NPB,xgboost
NPB,安藤　優也,2012,50000000,5708571,1961730682862041,MLB,NPB,xgboost
NPB,二神　一人,2012,10000000,369725.96875,92742177916968.125,MLB,NPB,xgboost
NPB,秋山　拓巳,2012,10000000,543634.4375,89422849651635.94,MLB,NPB,xgboost
NPB,岩本　輝,2012,8000000,1119538,47340757333444,MLB,NPB,xgboost
NPB,歳内　宏明,2012,7500000,1019958.3125,41990940271737.84,MLB,NPB,xgboost
NPB,伊藤　和雄,2012,7500000,648008.1875,46949791798567.03,MLB,NPB,xgboost
NPB,三浦　大輔,2012,180000000,5767105,30357101700081024,MLB,NPB,xgboost
NPB,高崎　健太郎,2012,55000000,4920928,2507913452381184,MLB,NPB,xgboost
NPB,藤井　秀悟,2012,37000000,3240699.5,1139690370249300.2,MLB,NPB,xgboost
NPB,国吉　佑樹,2012,18000000,802854.125,295741826246029.5,MLB,NPB,xgboost
NPB,加賀美　希昇,2012,14000000,849013.1875,172948454142548.9,MLB,NPB,xgboost
NPB,須田　幸太,2012,13000000,1232019.875,138485356222395.02,MLB,NPB,xgboost
NPB,王　溢正,2012,10000000,2089849.5,62570480932650.25,MLB,NPB,xgboost
NPB,杉内　俊哉,2012,500000000,19661376,230725193706213380,MLB,NPB,xgboost
NPB,内海　哲也,2012,400000000,9140975,152770777423950620,MLB,NPB,xgboost
NPB,澤村　拓一,2012,65000000,1715741.25,4004897405536951.5,MLB,NPB,xgboost
NPB,小山　雄輝,2012,18000000,1762490.75,263656706643835.56,MLB,NPB,xgboost
NPB,宮國　椋丞,2012,16000000,921729.625,227354237501602.62,MLB,NPB,xgboost
NPB,笠原　将生,2012,8400000,426074.78125,63583483394217.234,MLB,NPB,xgboost
NPB,吉見　一起,2012,290000000,5066655,81187011092889020,MLB,NPB,xgboost
NPB,中田　賢一,2012,70000000,4563513,4281933830901169,MLB,NPB,xgboost
NPB,川上　憲伸,2012,60000000,4716961,3056214401075521,MLB,NPB,xgboost
NPB,山本昌,2012,60000000,10860254,2414714636944516,MLB,NPB,xgboost
NPB,山内　壮馬,2012,42000000,3895956.25,1451918150101914,MLB,NPB,xgboost
NPB,岩田　慎司,2012,28000000,1333425.625,711106188897406.6,MLB,NPB,xgboost
NPB,大野　雄大,2012,17500000,1566372.125,253880497258977,MLB,NPB,xgboost
NPB,伊藤　準規,2012,10000000,902139,82771074775321,MLB,NPB,xgboost
NPB,小川　龍也,2012,5500000,417013.65625,25836750170748.992,MLB,NPB,xgboost
NPB,前田　健太,2012,210000000,416046.40625,43925433603987150,MLB,NPB,xgboost
NPB,大竹　寛,2012,100000000,4192355.25,9179104792542202,MLB,NPB,xgboost
NPB,野村　祐輔,2012,40000000,4742774.5,1243071949957850.2,MLB,NPB,xgboost
NPB,福井　優也,2012,24000000,727445,541611816228025,MLB,NPB,xgboost
NPB,篠田　純平,2012,19000000,1251919.125,314994374745540.75,MLB,NPB,xgboost
NPB,今井　啓介,2012,18000000,-534587.875,343530947696097,MLB,NPB,xgboost
NPB,齊藤　悠葵,2012,15000000,661060.625,205605182399925.38,MLB,NPB,xgboost
NPB,戸田　隆矢,2012,5500000,487031.625,25129851928750.14,MLB,NPB,xgboost
NPB,石川　雅規,2012,200000000,4933106,38051093134807230,MLB,NPB,xgboost
NPB,館山　昌平,2012,190000000,4850046,34280505466202116,MLB,NPB,xgboost
NPB,村中　恭兵,2012,65000000,1448506,4038792389632036,MLB,NPB,xgboost
NPB,赤川　克紀,2012,40000000,1034140.5,1518338206573740.2,MLB,NPB,xgboost
NPB,中澤　雅人,2012,16500000,3526817.75,168303457691715.06,MLB,NPB,xgboost
NPB,七條　祐樹,2012,15000000,1125385.375,192504930992263.88,MLB,NPB,xgboost
NPB,八木　亮祐,2012,7000000,721870.3125,39414912373068.84,MLB,NPB,xgboost
NPB,攝津　正,2012,290000000,14083192,76130084936908860,MLB,NPB,xgboost
NPB,帆足　和幸,2012,110000000.00000001,-492035.53125,12208489915839016,MLB,NPB,xgboost
NPB,寺原　隼人,2012,85000000,6020884,6237700764141456,MLB,NPB,xgboost
NPB,大隣　憲司,2012,63000000,8781297,2939667755002209,MLB,NPB,xgboost
NPB,山本　省吾,2012,55000000,4079125.75,2592935434384313,MLB,NPB,xgboost
NPB,新垣　渚,2012,42000000,3153246.25,1509070276913139,MLB,NPB,xgboost
NPB,山田　大樹,2012,40000000,2615962.5,1397566259801406.2,MLB,NPB,xgboost
NPB,陽　耀勲,2012,35000000,7735550,743350233802500,MLB,NPB,xgboost
NPB,岩嵜　翔,2012,28000000,-698731.1875,823617171772385.1,MLB,NPB,xgboost
NPB,武田　翔太,2012,20000000,2977117.5,289778528608806.25,MLB,NPB,xgboost
NPB,大場　翔太,2012,16000000,4205849.5,139101986016650.25,MLB,NPB,xgboost
NPB,千賀　滉大,2012,6500000,580104.375,35045164210894.14,MLB,NPB,xgboost
NPB,武田　勝,2012,200000000,3200747.25,38729945882958384,MLB,NPB,xgboost
NPB,吉川　光夫,2012,70000000,3313079.5,4447145365773320,MLB,NPB,xgboost
NPB,木佐貫　洋,2012,62000000,3782781.75,3389244500768133,MLB,NPB,xgboost
NPB,多田野　数人,2012,38000000,2354047.5,1270633929632256.2,MLB,NPB,xgboost
NPB,斎藤　佑樹,2012,35000000,856928.5625,1165749327186228.2,MLB,NPB,xgboost
NPB,中村　勝,2012,13500000,756363.8125,162400263279359.53,MLB,NPB,xgboost
NPB,井川　慶,2012,100000000,1506402,9700988846985604,MLB,NPB,xgboost
NPB,東野　峻,2012,65000000,14077.9599609375,4223170063394035,MLB,NPB,xgboost
NPB,西　勇輝,2012,46000000,1632181.625,1968503307356987.8,MLB,NPB,xgboost
NPB,近藤　一樹,2012,31000000,1360207.375,878517306853004.4,MLB,NPB,xgboost
NPB,八木　智哉,2012,24000000,5619630.5,337837982956530.25,MLB,NPB,xgboost
NPB,前田　祐二,2012,12000000,2837856.75,83944868933520.56,MLB,NPB,xgboost
NPB,田中　将大,2012,400000000,2429951.25,158061943663077380,MLB,NPB,xgboost
NPB,永井　怜,2012,49000000,1089623,2295404224282129,MLB,NPB,xgboost
NPB,美馬　学,2012,31000000,1262779.875,884302260762705,MLB,NPB,xgboost
NPB,塩見　貴洋,2012,29000000,-398614.6875,864278545544090.75,MLB,NPB,xgboost
NPB,辛島　航,2012,22000000,1065592.875,438249401675250.75,MLB,NPB,xgboost
NPB,川井　貴志,2012,20000000,5776297.5,202313712808506.25,MLB,NPB,xgboost
NPB,釜田　佳直,2012,20000000,256948.609375,389788078212859.75,MLB,NPB,xgboost
NPB,上園　啓史,2012,15000000,-128001.53125,228856430329502.34,MLB,NPB,xgboost
NPB,戸村　健次,2012,15000000,604036,207243779489296,MLB,NPB,xgboost
NPB,菊池　保則,2012,7200000,682318.625,42480170506021.89,MLB,NPB,xgboost
NPB,石井　一久,2012,190000000,5258737,34129334254835168,MLB,NPB,xgboost
NPB,岸　孝之,2012,150000000,11984340,19048322405235600,MLB,NPB,xgboost
NPB,西口　文也,2012,70000000,7305617.5,3930585597056306,MLB,NPB,xgboost
NPB,牧田　和久,2012,67000000,8275246,3448596732360516,MLB,NPB,xgboost
NPB,野上　亮磨,2012,28000000,1865236.625,683025856667241.4,MLB,NPB,xgboost
NPB,菊池　雄星,2012,23000000,547000.3125,504137194966875.1,MLB,NPB,xgboost
NPB,平野　将光,2012,11000000,2055787.125,79998943953315.77,MLB,NPB,xgboost
NPB,岡本　洋介,2012,8000000,759305.625,52427655032156.64,MLB,NPB,xgboost
NPB,山本　淳,2012,7000000,-53006.73828125,49744904050240.72,MLB,NPB,xgboost
NPB,成瀬　善久,2012,160000000,9940400,2251788355216e4,MLB,NPB,xgboost
NPB,小野　晋吾,2012,80000000,10794712,4789371887162944,MLB,NPB,xgboost
NPB,渡辺　俊介,2012,80000000,7476321.5,5259683943171362,MLB,NPB,xgboost
NPB,唐川　侑己,2012,54500000,981342.25,2864246727361635,MLB,NPB,xgboost
NPB,吉見　祐治,2012,26000000,1211053.5,614491868579862.25,MLB,NPB,xgboost
NPB,藤岡　貴裕,2012,21000000,352358.5,426325099512522.25,MLB,NPB,xgboost
NPB,上野　大樹,2012,17000000,3199407.75,190456346450760.06,MLB,NPB,xgboost
NPB,香月　良仁,2012,9000000,242191.71875,76699205891131.08,MLB,NPB,xgboost
NPB,阿部　和成,2012,7000000,598371.5625,40980846651808.69,MLB,NPB,xgboost
NPB,能見　篤史,2013,150000000,14706662,18304287307182244,MLB,NPB,xgboost
NPB,岩田　稔,2013,46000000,815242.25,2041662332926185,MLB,NPB,xgboost
NPB,藤浪　晋太郎,2013,45000000,815490.6875,1952270863186399.2,MLB,NPB,xgboost
NPB,榎田　大樹,2013,41000000,2895238,1451972887076644,MLB,NPB,xgboost
NPB,吉見　祐治,2013,15000000,5144999.5,97121034855000.25,MLB,NPB,xgboost
NPB,秋山　拓巳,2013,12000000,432090.59375,133816528031207.23,MLB,NPB,xgboost
NPB,小嶋　達也,2013,11000000,952285.875,100956559137724.52,MLB,NPB,xgboost
NPB,白仁田　寛和,2013,7500000,717441.4375,46003100653742.06,MLB,NPB,xgboost
NPB,岩本　輝,2013,7000000,557920.0625,41500393921140,MLB,NPB,xgboost
NPB,三浦　大輔,2013,180000000,7698853,29687685257515608,MLB,NPB,xgboost
NPB,藤井　秀悟,2013,41000000,4676305.5,1319410782129330.2,MLB,NPB,xgboost
NPB,三嶋　一輝,2013,27000000,-462134.1875,754168814132256.25,MLB,NPB,xgboost
NPB,須田　幸太,2013,17000000,1618374.625,236594399176843.88,MLB,NPB,xgboost
NPB,井納　翔一,2013,16500000,2281775.75,202157900823288.06,MLB,NPB,xgboost
NPB,国吉　佑樹,2013,15000000,694176.625,204656582436696.38,MLB,NPB,xgboost
NPB,加賀美　希昇,2013,12500000,917183.375,134161640968376.39,MLB,NPB,xgboost
NPB,小杉　陽太,2013,10000000,1549707.25,71407447560702.56,MLB,NPB,xgboost
NPB,杉内　俊哉,2013,500000000,14347127,235858713053154140,MLB,NPB,xgboost
NPB,内海　哲也,2013,400000000,9387736,152577940787205700,MLB,NPB,xgboost
NPB,大竹　寛,2013,100000000,5874545.5,8859601184831570,MLB,NPB,xgboost
NPB,菅野　智之,2013,70000000,3134318.75,4471019329026601.5,MLB,NPB,xgboost
NPB,澤村　拓一,2013,60000000,1857336.75,3380569289802900.5,MLB,NPB,xgboost
NPB,小山　雄輝,2013,18000000,747492.3125,297649021507246.6,MLB,NPB,xgboost
NPB,宮國　椋丞,2013,16000000,1606895.75,207161449951368.06,MLB,NPB,xgboost
NPB,阿南　徹,2013,11000000,3046716.75,63254714454730.56,MLB,NPB,xgboost
NPB,今村　信貴,2013,9000000,432314.46875,73405235362390.6,MLB,NPB,xgboost
NPB,吉見　一起,2013,174000000,1728070.125,29677617822856916,MLB,NPB,xgboost
NPB,山井　大介,2013,60000000,3748734,3164204926602756,MLB,NPB,xgboost
NPB,山本昌,2013,40000000,6479807.5,1123603305237056.2,MLB,NPB,xgboost
NPB,川上　憲伸,2013,30000000,4102197.75,670696161380105,MLB,NPB,xgboost
NPB,大野　雄大,2013,28000000,3522123.75,599166425710314,MLB,NPB,xgboost
NPB,山内　壮馬,2013,20000000,795258.6875,368822088880044.25,MLB,NPB,xgboost
NPB,朝倉　健太,2013,18000000,362390.40625,311085272181542.06,MLB,NPB,xgboost
NPB,岩田　慎司,2013,15000000,1008444.0625,195763637552191.5,MLB,NPB,xgboost
NPB,西川　健太郎,2013,7700000,457183.59375,52458389494644.164,MLB,NPB,xgboost
NPB,小川　龍也,2013,4800000,545482.0625,18100922880509.254,MLB,NPB,xgboost
NPB,前田　健太,2013,280000000,5118107.5,75560054824381550,MLB,NPB,xgboost
NPB,野村　祐輔,2013,60000000,401355.46875,3551998429962295.5,MLB,NPB,xgboost
NPB,篠田　純平,2013,15000000,604080.125,207242509047420,MLB,NPB,xgboost
NPB,中村　恭平,2013,11000000,810080.25,103834464511440.06,MLB,NPB,xgboost
NPB,武内　久士,2013,7600000,597965.3125,49028489764953.22,MLB,NPB,xgboost
NPB,戸田　隆矢,2013,5500000,472122.71875,25279549955309.89,MLB,NPB,xgboost
NPB,石川　雅規,2013,180000000,4155611.75,30921248879016740,MLB,NPB,xgboost
NPB,館山　昌平,2013,150000000,-201668.75,22560541295284728,MLB,NPB,xgboost
NPB,小川　泰弘,2013,56000000,2534246,2858586850788516,MLB,NPB,xgboost
NPB,村中　恭兵,2013,53000000,2366502.5,2563751069082506,MLB,NPB,xgboost
NPB,新垣　渚,2013,33000000,805902,1036459946033604,MLB,NPB,xgboost
NPB,赤川　克紀,2013,31000000,741850.5625,915555607382081.6,MLB,NPB,xgboost
NPB,八木　亮祐,2013,23000000,4182612.5,354094072325156.25,MLB,NPB,xgboost
NPB,中澤　雅人,2013,14000000,907906.375,171402915485765.62,MLB,NPB,xgboost
NPB,古野　正人,2013,9600000,1175110,70978771512100,MLB,NPB,xgboost
NPB,徳山　武陽,2013,6000000,885226.5,26160907956302.25,MLB,NPB,xgboost
NPB,攝津　正,2013,400000000,18083516,145860200750922240,MLB,NPB,xgboost
NPB,寺原　隼人,2013,85000000,1731535.5,6933637180187760,MLB,NPB,xgboost
NPB,大隣　憲司,2013,60000000,1471755.125,3425555448147964,MLB,NPB,xgboost
NPB,帆足　和幸,2013,55000000,5873614,2413401801420996,MLB,NPB,xgboost
NPB,山田　大樹,2013,30000000,1111806.875,834527702027297.25,MLB,NPB,xgboost
NPB,武田　翔太,2013,19500000,1501893.5,323931837585342.25,MLB,NPB,xgboost
NPB,大場　翔太,2013,16000000,3224510.25,163213138352355.06,MLB,NPB,xgboost
NPB,東浜　巨,2013,14000000,-60425.75390625,197695572381110.12,MLB,NPB,xgboost
NPB,巽　真悟,2013,9000000,1531529.375,55778053476487.89,MLB,NPB,xgboost
NPB,武田　勝,2013,170000000,6694271,26668761124221440,MLB,NPB,xgboost
NPB,木佐貫　洋,2013,82000000,4256317.5,6044080168660806,MLB,NPB,xgboost
NPB,吉川　光夫,2013,70000000,3263479,4453763235183441,MLB,NPB,xgboost
NPB,大谷　翔平,2013,30000000,1570494.75,808236768759777.5,MLB,NPB,xgboost
NPB,多田野　数人,2013,30000000,1555954.625,809063717295058.9,MLB,NPB,xgboost
NPB,斎藤　佑樹,2013,28000000,531477.5,754519728333006.25,MLB,NPB,xgboost
NPB,中村　勝,2013,13000000,376587.125,159350552612715.75,MLB,NPB,xgboost
NPB,新垣　勇人,2013,8250000,2893487,28692231519169,MLB,NPB,xgboost
NPB,井川　慶,2013,60000000,4514188,3078675333299344,MLB,NPB,xgboost
NPB,西　勇輝,2013,55000000,1227237.25,2891510013767787.5,MLB,NPB,xgboost
NPB,東野　峻,2013,49000000,936959.5625,2310055856096760,MLB,NPB,xgboost
NPB,八木　智哉,2013,18000000,1942585,257840576482225,MLB,NPB,xgboost
NPB,前田　祐二,2013,18000000,3119605,221426155356025,MLB,NPB,xgboost
NPB,松葉　貴大,2013,18000000,453606.46875,307875925953491.9,MLB,NPB,xgboost
NPB,則本　昂大,2013,60000000,1730869.875,3395291525524182.5,MLB,NPB,xgboost
NPB,美馬　学,2013,40000000,4700421.5,1246060242277662.2,MLB,NPB,xgboost
NPB,永井　怜,2013,37000000,2630144.5,1181286967090880.2,MLB,NPB,xgboost
NPB,辛島　航,2013,21000000,544466.625,418428845655738.9,MLB,NPB,xgboost
NPB,川井　貴志,2013,19000000,7464427.5,133069432902756.25,MLB,NPB,xgboost
NPB,戸村　健次,2013,18000000,2452832.75,241714409499472.56,MLB,NPB,xgboost
NPB,岸　孝之,2013,200000000,11444821,35553055527722040,MLB,NPB,xgboost
NPB,牧田　和久,2013,80000000,7690002.5,5228735738450006,MLB,NPB,xgboost
NPB,野上　亮磨,2013,48000000,3116717.75,2014509025533165,MLB,NPB,xgboost
NPB,十亀　剣,2013,44000000,31260.69140625,1933250036387077.2,MLB,NPB,xgboost
NPB,菊池　雄星,2013,40000000,1306879.875,1497157545007680,MLB,NPB,xgboost
NPB,西口　文也,2013,35000000,4923596,904590077571216,MLB,NPB,xgboost
NPB,成瀬　善久,2013,144000000,2277745,20085197562285024,MLB,NPB,xgboost
NPB,唐川　侑己,2013,65400000,2203162,3993840333198244,MLB,NPB,xgboost
NPB,大谷　智久,2013,30700000,1382802.625,859498061924706.9,MLB,NPB,xgboost
NPB,古谷　拓哉,2013,30000000,8995318,441196665921124,MLB,NPB,xgboost
NPB,西野　勇士,2013,26400000,555688.5,667928436909032.25,MLB,NPB,xgboost
NPB,大嶺　祐太,2013,15400000,989251.875,207669661522191,MLB,NPB,xgboost
NPB,阿部　和成,2013,8300000,655809.75,58433644578195.06,MLB,NPB,xgboost
NPB,能見　篤史,2014,140000000,8828065,17206076531644224,MLB,NPB,xgboost
NPB,藤浪　晋太郎,2014,85000000,-284792.6875,7273495863749853,MLB,NPB,xgboost
NPB,岩田　稔,2014,60000000,7168770.5,2791138810481670,MLB,NPB,xgboost
NPB,岩貞　祐太,2014,16500000,414371.28125,258747451277474.78,MLB,NPB,xgboost
NPB,岩崎　優,2014,15000000,1242075.125,189280496866143.75,MLB,NPB,xgboost
NPB,秋山　拓巳,2014,10000000,522277.25,89827228525867.56,MLB,NPB,xgboost
NPB,三浦　大輔,2014,135000000,8537199,15992840036765600,MLB,NPB,xgboost
NPB,久保　康友,2014,120000000,7233627.5,12716254766808756,MLB,NPB,xgboost
NPB,山口　俊,2014,88000000,1720973.5,7444070413787702,MLB,NPB,xgboost
NPB,高崎　健太郎,2014,39000000,4524974,1188527417700676,MLB,NPB,xgboost
NPB,井納　翔一,2014,39000000,5099221,1149262816806841,MLB,NPB,xgboost
NPB,三嶋　一輝,2014,21000000,816468.625,407374938765609.4,MLB,NPB,xgboost
NPB,加賀美　希昇,2014,10000000,937363.875,82131373534155.02,MLB,NPB,xgboost
NPB,杉内　俊哉,2014,500000000,16747842,233532648211656960,MLB,NPB,xgboost
NPB,内海　哲也,2014,400000000,9352464,152605497382871300,MLB,NPB,xgboost
NPB,菅野　智之,2014,110000000.00000001,1500926.75,11772048896108868,MLB,NPB,xgboost
NPB,大竹　寛,2014,100000000,5434800.5,8942576956474800,MLB,NPB,xgboost
NPB,澤村　拓一,2014,48000000,2538887.25,2066712772468212.5,MLB,NPB,xgboost
NPB,小山　雄輝,2014,35000000,3492775.5,992705195693400.25,MLB,NPB,xgboost
NPB,宮國　椋丞,2014,12000000,549860.0625,131105704588332.5,MLB,NPB,xgboost
NPB,山井　大介,2014,120000000,6095955,12974131467362024,MLB,NPB,xgboost
NPB,吉見　一起,2014,104400000,2799743,10322612222466048,MLB,NPB,xgboost
NPB,大野　雄大,2014,45000000,4356659,1651881167642281,MLB,NPB,xgboost
NPB,川上　憲伸,2014,40000000,2590257.25,1399488852621177.5,MLB,NPB,xgboost
NPB,山本昌,2014,40000000,8270372.5,1006769261288756.2,MLB,NPB,xgboost
NPB,朝倉　健太,2014,25000000,1347244.75,559452830916402.56,MLB,NPB,xgboost
NPB,濱田　達郎,2014,17000000,581576.125,269564642539170,MLB,NPB,xgboost
NPB,山内　壮馬,2014,15000000,436815.125,212086353703428.75,MLB,NPB,xgboost
NPB,伊藤　準規,2014,9000000,619628.875,70230620192733.766,MLB,NPB,xgboost
NPB,前田　健太,2014,300000000,7446770,85587392383432900,MLB,NPB,xgboost
NPB,野村　祐輔,2014,58000000,1770438.5,3161763586482282,MLB,NPB,xgboost
NPB,大瀬良　大地,2014,35000000,980562.9375,1157322098049398.8,MLB,NPB,xgboost
NPB,福井　優也,2014,22000000,2234923.25,390658258933390.56,MLB,NPB,xgboost
NPB,九里　亜蓮,2014,16000000,881116.9375,228580625057549.38,MLB,NPB,xgboost
NPB,篠田　純平,2014,15000000,1541114.75,181141592172667.56,MLB,NPB,xgboost
NPB,成瀬　善久,2014,200000000,2524299.25,38996652386703550,MLB,NPB,xgboost
NPB,石川　雅規,2014,180000000,3503393.25,31151052194264144,MLB,NPB,xgboost
NPB,小川　泰弘,2014,65000000,984680.25,4097961162694740,MLB,NPB,xgboost
NPB,村中　恭兵,2014,40000000,2155589.75,1432199387170305,MLB,NPB,xgboost
NPB,八木　亮祐,2014,26000000,957652.75,627119155789582.5,MLB,NPB,xgboost
NPB,新垣　渚,2014,26000000,296482.65625,660670803840457,MLB,NPB,xgboost
NPB,木谷　良平,2014,16800000,156608.1875,277002491024392.03,MLB,NPB,xgboost
NPB,杉浦　稔大,2014,16000000,351534.40625,244874475438777.53,MLB,NPB,xgboost
NPB,古野　正人,2014,13600000,1891168.75,137096729240976.56,MLB,NPB,xgboost
NPB,攝津　正,2014,400000000,6833352,154580013099555900,MLB,NPB,xgboost
NPB,中田　賢一,2014,95000000,5463065.5,8016862639657290,MLB,NPB,xgboost
NPB,大隣　憲司,2014,73000000,1058045,5175644889222025,MLB,NPB,xgboost
NPB,帆足　和幸,2014,55000000,5120541.5,2487960380253222,MLB,NPB,xgboost
NPB,寺原　隼人,2014,45000000,1072012.75,1929668063836162.5,MLB,NPB,xgboost
NPB,岩嵜　翔,2014,44000000,1702525.5,1789076349078150.2,MLB,NPB,xgboost
NPB,武田　翔太,2014,26000000,859082.875,632065713886118.25,MLB,NPB,xgboost
NPB,山田　大樹,2014,22500000,521211.875,483067127443641,MLB,NPB,xgboost
NPB,飯田　優也,2014,18000000,1594952.375,269125587578518.12,MLB,NPB,xgboost
NPB,東浜　巨,2014,17000000,608198.125,268691168709253.5,MLB,NPB,xgboost
NPB,大場　翔太,2014,12000000,1526395,109696401696025,MLB,NPB,xgboost
NPB,大谷　翔平,2014,100000000,1043785.125,9792332462387172,MLB,NPB,xgboost
NPB,木佐貫　洋,2014,65000000,3826271.25,3742225089178576.5,MLB,NPB,xgboost
NPB,吉川　光夫,2014,60000000,2155664,3345967207280896,MLB,NPB,xgboost
NPB,中村　勝,2014,26000000,1156621,617193480137641,MLB,NPB,xgboost
NPB,斎藤　佑樹,2014,25000000,1103198.375,571057127904602.6,MLB,NPB,xgboost
NPB,浦野　博司,2014,24000000,1247463,517677939936369,MLB,NPB,xgboost
NPB,上沢　直之,2014,23000000,1353825.875,468556854249819.5,MLB,NPB,xgboost
NPB,新垣　勇人,2014,8150000,1194031.375,48385499511984.39,MLB,NPB,xgboost
NPB,西　勇輝,2014,95000000,3512533.75,8369956480844889,MLB,NPB,xgboost
NPB,井川　慶,2014,48000000,5474193.5,1808444218475442.2,MLB,NPB,xgboost
NPB,松葉　貴大,2014,35000000,1270129,1137704197676641,MLB,NPB,xgboost
NPB,東明　大貴,2014,22000000,765787.875,450891764569497,MLB,NPB,xgboost
NPB,吉田　一将,2014,21000000,1333273.75,386780121392439.06,MLB,NPB,xgboost
NPB,近藤　一樹,2014,13000000,4522730,71864106652900,MLB,NPB,xgboost
NPB,則本　昂大,2014,120000000,4887378.5,13250915628602262,MLB,NPB,xgboost
NPB,辛島　航,2014,42000000,1733431.125,1621396568965118.8,MLB,NPB,xgboost
NPB,美馬　学,2014,37000000,3498337,1122361423765569,MLB,NPB,xgboost
NPB,塩見　貴洋,2014,30000000,2442303.25,759426650164960.5,MLB,NPB,xgboost
NPB,松井　裕樹,2014,25000000,486911.15625,600891524661580.75,MLB,NPB,xgboost
NPB,川井　貴志,2014,18000000,2468655.25,241222669743352.56,MLB,NPB,xgboost
NPB,菊池　保則,2014,12000000,728262.9375,127052056406136.12,MLB,NPB,xgboost
NPB,濱矢　廣大,2014,10000000,739685.75,85753420008753.06,MLB,NPB,xgboost
NPB,森　雄大,2014,9500000,553831.5625,80033929712121.19,MLB,NPB,xgboost
NPB,横山　貴明,2014,8100000,686686.8125,54957212415961.41,MLB,NPB,xgboost
NPB,岸　孝之,2014,225000000,7611046,47257957321214110,MLB,NPB,xgboost
NPB,牧田　和久,2014,75000000,11242351,4065037806007201,MLB,NPB,xgboost
NPB,野上　亮磨,2014,45000000,1099767.625,1927230402578998.2,MLB,NPB,xgboost
NPB,菊池　雄星,2014,38000000,1239871.5,1351307047336512.2,MLB,NPB,xgboost
NPB,岡本　洋介,2014,17000000,2827619.25,200856376122970.56,MLB,NPB,xgboost
NPB,小石　博孝,2014,9500000,2178053.25,53610904209835.56,MLB,NPB,xgboost
NPB,涌井　秀章,2014,220000000.00000003,3010288,47084535113842960,MLB,NPB,xgboost
NPB,唐川　侑己,2014,60000000,393918.4375,3552884959235402.5,MLB,NPB,xgboost
NPB,石川　歩,2014,37000000,3363210.25,1131433624685705,MLB,NPB,xgboost
NPB,古谷　拓哉,2014,36000000,4199316.5,1011283471067172.2,MLB,NPB,xgboost
NPB,藤岡　貴裕,2014,35000000,1690496,1109523056726016,MLB,NPB,xgboost
NPB,大嶺　祐太,2014,18200000,2408137.75,249382913322975.06,MLB,NPB,xgboost
NPB,チェン・グァンユウ,2014,6000000,390769.125,31463471009053.266,MLB,NPB,xgboost
NPB,藤浪　晋太郎,2015,170000000,2381487,28095965900331168,MLB,NPB,xgboost
NPB,能見　篤史,2015,140000000,6869648,17723690623643904,MLB,NPB,xgboost
NPB,岩田　稔,2015,68000000,7606816.5,3647336613264672,MLB,NPB,xgboost
NPB,岩崎　優,2015,20000000,805114.9375,368443612562585.6,MLB,NPB,xgboost
NPB,岩貞　祐太,2015,16000000,644225.3125,235799816253265.72,MLB,NPB,xgboost
NPB,横山　雄哉,2015,15000000,674837.0625,205210293185923.62,MLB,NPB,xgboost
NPB,秋山　拓巳,2015,10000000,597199.25,88412661944200.56,MLB,NPB,xgboost
NPB,三浦　大輔,2015,125000000,8505775,13570904458350624,MLB,NPB,xgboost
NPB,久保　康友,2015,120000000,6286145.5,12930840705247170,MLB,NPB,xgboost
NPB,山口　俊,2015,80000000,3646496,5829857573078016,MLB,NPB,xgboost
NPB,井納　翔一,2015,45000000,5493176.5,1560789103060152.2,MLB,NPB,xgboost
NPB,高崎　健太郎,2015,33000000,878610.25,1031783679471405,MLB,NPB,xgboost
NPB,三嶋　一輝,2015,25000000,789733.6875,586136994922172.4,MLB,NPB,xgboost
NPB,石田　健大,2015,18000000,579990.0625,303456746222598.75,MLB,NPB,xgboost
NPB,砂田　毅樹,2015,13000000,1195648.5,139342714335552.25,MLB,NPB,xgboost
NPB,内海　哲也,2015,400000000,881028.5625,159295953361327940,MLB,NPB,xgboost
NPB,菅野　智之,2015,130000000,4353691,15786994965323480,MLB,NPB,xgboost
NPB,大竹　寛,2015,100000000,2729598,9461531105241604,MLB,NPB,xgboost
NPB,杉内　俊哉,2015,50000000,8310406.5,1738022206195242.2,MLB,NPB,xgboost
NPB,高木　勇人,2015,42000000,1922468.375,1606208541152875.2,MLB,NPB,xgboost
NPB,田口　麗斗,2015,18000000,1891547.75,259482233890530.06,MLB,NPB,xgboost
NPB,山井　大介,2015,120000000,3626724.5,13542739250598900,MLB,NPB,xgboost
NPB,大野　雄大,2015,108000000,8042847.5,9991432335908256,MLB,NPB,xgboost
NPB,吉見　一起,2015,89000000,2457906,7489534033904836,MLB,NPB,xgboost
NPB,若松　駿太,2015,36000000,457217.875,1263289361185219.5,MLB,NPB,xgboost
NPB,八木　智哉,2015,20000000,1141287.875,355651023013622,MLB,NPB,xgboost
NPB,武藤　祐太,2015,16000000,1426094.875,212398710592501.25,MLB,NPB,xgboost
NPB,濱田　達郎,2015,13000000,444323.90625,157645002171165.25,MLB,NPB,xgboost
NPB,小熊　凌祐,2015,12000000,1160239.375,117500410407300.39,MLB,NPB,xgboost
NPB,岩田　慎司,2015,11500000,1650993,97002938886049,MLB,NPB,xgboost
NPB,伊藤　準規,2015,6750000,444920.96875,39754021590308.44,MLB,NPB,xgboost
NPB,鈴木　翔太,2015,6000000,573201.6875,29450139924552.848,MLB,NPB,xgboost
NPB,黒田　博樹,2015,600000000,12899683,344686782221500500,MLB,NPB,xgboost
NPB,野村　祐輔,2015,52000000,4669750.5,2240152517732250.2,MLB,NPB,xgboost
NPB,福井　優也,2015,42000000,1495974.625,1640576071578644,MLB,NPB,xgboost
NPB,薮田　和樹,2015,10000000,523384.53125,89806240742551.78,MLB,NPB,xgboost
NPB,中村　恭平,2015,8000000,1075990.125,47941912749097.516,MLB,NPB,xgboost
NPB,石川　雅規,2015,200000000,7413006.5,37089750065369040,MLB,NPB,xgboost
NPB,成瀬　善久,2015,144000000,2632789.5,19984688204551312,MLB,NPB,xgboost
NPB,館山　昌平,2015,120000000,957161,14171197517179920,MLB,NPB,xgboost
NPB,小川　泰弘,2015,100000000,3080895.5,9393312817081920,MLB,NPB,xgboost
NPB,石山　泰稚,2015,41000000,4374749,1341409010813001,MLB,NPB,xgboost
NPB,新垣　渚,2015,28000000,3086228.25,620696022811098,MLB,NPB,xgboost
NPB,山中　浩史,2015,22000000,2708858.5,372148140373022.25,MLB,NPB,xgboost
NPB,杉浦　稔大,2015,17000000,575936.4375,269749863905040.2,MLB,NPB,xgboost
NPB,近藤　一樹,2015,12000000,3256090.25,76455957716145.06,MLB,NPB,xgboost
NPB,風張　蓮,2015,11000000,367165.6875,113057165517077.34,MLB,NPB,xgboost
NPB,寺田　哲也,2015,9500000,4293957,27102883717849,MLB,NPB,xgboost
NPB,攝津　正,2015,400000000,4651742,156300245103634560,MLB,NPB,xgboost
NPB,中田　賢一,2015,95000000,6064754.5,7909477892145270,MLB,NPB,xgboost
NPB,武田　翔太,2015,70000000,2204393.75,4596244226805039,MLB,NPB,xgboost
NPB,大隣　憲司,2015,68000000,3341316.75,4180745319623830.5,MLB,NPB,xgboost
NPB,寺原　隼人,2015,65000000,3302957.5,3806525053246806,MLB,NPB,xgboost
NPB,千賀　滉大,2015,25000000,607456.125,594996196693800,MLB,NPB,xgboost
NPB,東浜　巨,2015,18000000,1181039.375,282877436505300.4,MLB,NPB,xgboost
NPB,大谷　翔平,2015,200000000,3402431,38650604136709760,MLB,NPB,xgboost
NPB,吉川　光夫,2015,95000000,1693985.125,8706012411853721,MLB,NPB,xgboost
NPB,武田　勝,2015,40000000,2290170,1422031278628900,MLB,NPB,xgboost
NPB,有原　航平,2015,30000000,1160080.875,831740935136540.75,MLB,NPB,xgboost
NPB,上沢　直之,2015,24000000,737066.5,541164075025422.25,MLB,NPB,xgboost
NPB,中村　勝,2015,24000000,689113.3125,543397438157464.75,MLB,NPB,xgboost
NPB,浦野　博司,2015,23000000,1412382.75,466025218532497.56,MLB,NPB,xgboost
NPB,斎藤　佑樹,2015,23000000,1663551.25,455244045261376.56,MLB,NPB,xgboost
NPB,新垣　勇人,2015,8500000,1471906.625,49394096487718.89,MLB,NPB,xgboost
NPB,高梨　裕稔,2015,7700000,620698.875,50116504418426.266,MLB,NPB,xgboost
NPB,西　勇輝,2015,120000000,2287475.75,13856238365306838,MLB,NPB,xgboost
NPB,東明　大貴,2015,42000000,2566894.75,1554969789657577.5,MLB,NPB,xgboost
NPB,松葉　貴大,2015,28000000,549628.125,753522916075791,MLB,NPB,xgboost
NPB,八木　亮祐,2015,20000000,816513.625,368006149499810.6,MLB,NPB,xgboost
NPB,山﨑　福也,2015,17000000,543239.625,270824962040170.12,MLB,NPB,xgboost
NPB,則本　昂大,2015,150000000,9067502,19861968992520004,MLB,NPB,xgboost
NPB,美馬　学,2015,35000000,3322533.25,1003461899697355.5,MLB,NPB,xgboost
NPB,辛島　航,2015,33000000,1070037.625,1019522497268915.6,MLB,NPB,xgboost
NPB,塩見　貴洋,2015,30000000,4107147.75,670439797640330,MLB,NPB,xgboost
NPB,菊池　保則,2015,19000000,2493120,272477087334400,MLB,NPB,xgboost
NPB,川井　貴志,2015,16000000,-173509.046875,261582394889347.47,MLB,NPB,xgboost
NPB,釜田　佳直,2015,12800000,879515.25,142097956674982.56,MLB,NPB,xgboost
NPB,安樂　智大,2015,12000000,1113038.375,118525933424222.64,MLB,NPB,xgboost
NPB,森　雄大,2015,9500000,503692.5,80933548634556.25,MLB,NPB,xgboost
NPB,岸　孝之,2015,225000000,1373170.75,50008958760408656,MLB,NPB,xgboost
NPB,牧田　和久,2015,75000000,5347407,4851483711623649,MLB,NPB,xgboost
NPB,十亀　剣,2015,60000000,4536774.5,3076169382863850,MLB,NPB,xgboost
NPB,野上　亮磨,2015,58000000,3126159,3011138426093281,MLB,NPB,xgboost
NPB,菊池　雄星,2015,55000000,1458901,2866649282127801,MLB,NPB,xgboost
NPB,郭　俊麟,2015,30000000,598755.75,864433163448158,MLB,NPB,xgboost
NPB,髙橋　光成,2015,18000000,2084806,253293400057636,MLB,NPB,xgboost
NPB,佐野　泰雄,2015,12000000,546857.625,131174470262020.64,MLB,NPB,xgboost
NPB,涌井　秀章,2015,220000000.00000003,10090952,44061808432266320,MLB,NPB,xgboost
NPB,石川　歩,2015,75000000,7077247.5,4613500307176256,MLB,NPB,xgboost
NPB,唐川　侑己,2015,48000000,1252450.375,2185333395941837.8,MLB,NPB,xgboost
NPB,大嶺　祐太,2015,36400000,4564755.5,1013482792374780.2,MLB,NPB,xgboost
NPB,古谷　拓哉,2015,31000000,3305996.75,766957816011010.5,MLB,NPB,xgboost
NPB,チェン・グァンユウ,2015,17000000,2520880,209644915974400,MLB,NPB,xgboost
NPB,田中　英祐,2015,13400000,580307.3125,164344520601940.97,MLB,NPB,xgboost
NPB,木村　優太,2015,9300000,678650.75,74327662890475.56,MLB,NPB,xgboost
NPB,藤浪　晋太郎,2016,160000000,1838152.75,25015169925532332,MLB,NPB,xgboost
NPB,能見　篤史,2016,130000000,6239594,15316638093284836,MLB,NPB,xgboost
NPB,岩田　稔,2016,53000000,875112.3125,2717003916434489,MLB,NPB,xgboost
NPB,岩貞　祐太,2016,40000000,3222854.5,1352558431128170.2,MLB,NPB,xgboost
NPB,岩崎　優,2016,25000000,539637.75,598309321401225,MLB,NPB,xgboost
NPB,横山　雄哉,2016,15700000,505015.875,230887542559002,MLB,NPB,xgboost
NPB,青柳　晃洋,2016,12000000,1024792.6875,120455175552353.47,MLB,NPB,xgboost
NPB,久保　康友,2016,100000000,7887663.5,8484682535489232,MLB,NPB,xgboost
NPB,井納　翔一,2016,72000000,8282346.5,4059939367546062,MLB,NPB,xgboost
NPB,石田　健大,2016,48000000,1112728,2198416275601984,MLB,NPB,xgboost
NPB,今永　昇太,2016,40000000,664741.625,1547262551428007.8,MLB,NPB,xgboost
NPB,三嶋　一輝,2016,23000000,1033413.375,482530927953628.9,MLB,NPB,xgboost
NPB,国吉　佑樹,2016,20000000,817772.375,367957856657313.1,MLB,NPB,xgboost
NPB,平良　拳太郎,2016,7500000,528553.3125,48601068916654.72,MLB,NPB,xgboost
NPB,菅野　智之,2016,229999999.99999997,12373948,47361098509106690,MLB,NPB,xgboost
NPB,内海　哲也,2016,200000000,7798990.5,36941228052819090,MLB,NPB,xgboost
NPB,吉川　光夫,2016,95000000,4038929.5,8273916346505970,MLB,NPB,xgboost
NPB,山口　俊,2016,80000000,10634850,4811524034522500,MLB,NPB,xgboost
NPB,大竹　寛,2016,70000000,4623869,4274038504529161,MLB,NPB,xgboost
NPB,田口　麗斗,2016,50000000,344656,2465653187758336,MLB,NPB,xgboost
NPB,高木　勇人,2016,37000000,3172435.75,1144304103087878,MLB,NPB,xgboost
NPB,今村　信貴,2016,16000000,536656.75,239114984467320.56,MLB,NPB,xgboost
NPB,桜井　俊貴,2016,12000000,1215653.875,116302121343802.52,MLB,NPB,xgboost
NPB,江柄子　裕樹,2016,11000000,-164642.046875,124649232034849.19,MLB,NPB,xgboost
NPB,大野　雄大,2016,86400000,5485232.5,6547199599579056,MLB,NPB,xgboost
NPB,吉見　一起,2016,80000000,4570260.5,5689645601037860,MLB,NPB,xgboost
NPB,ジョーダン,2016,30000000,9881094,404770378636836,MLB,NPB,xgboost
NPB,若松　駿太,2016,30000000,-638895.9375,938741944268954,MLB,NPB,xgboost
NPB,小笠原　慎之介,2016,18000000,68054.078125,321554684545049.44,MLB,NPB,xgboost
NPB,小熊　凌祐,2016,16000000,-960799.6875,287668726039500.1,MLB,NPB,xgboost
NPB,八木　智哉,2016,15000000,2404803.75,158638968576014.06,MLB,NPB,xgboost
NPB,濱田　達郎,2016,9750000,511866.1875,85343116337655.78,MLB,NPB,xgboost
NPB,伊藤　準規,2016,7500000,943582.4375,42986611253858.44,MLB,NPB,xgboost
NPB,野村　祐輔,2016,100000000,6241840,8790592566585600,MLB,NPB,xgboost
NPB,福井　優也,2016,41000000,3711808.25,1390409243984768,MLB,NPB,xgboost
NPB,岡田　明丈,2016,25200000,2098698.5,533670130993902.25,MLB,NPB,xgboost
NPB,横山　弘樹,2016,12500000,918313.125,134135470870547.27,MLB,NPB,xgboost
NPB,中村　恭平,2016,9000000,972384.125,64442616636552.016,MLB,NPB,xgboost
NPB,石川　雅規,2016,180000000,6937503.5,29950627694812512,MLB,NPB,xgboost
NPB,館山　昌平,2016,120000000,2109713.75,13898119592106940,MLB,NPB,xgboost
NPB,小川　泰弘,2016,88000000,165094.578125,7714970610469726,MLB,NPB,xgboost
NPB,山中　浩史,2016,41000000,5428890,1265303866632100,MLB,NPB,xgboost
NPB,原　樹理,2016,17000000,647707.875,267397457741337,MLB,NPB,xgboost
NPB,和田　毅,2016,400000000,14948331,148264787799685570,MLB,NPB,xgboost
NPB,攝津　正,2016,400000000,1895347.625,1.5848731424261958e+17,MLB,NPB,xgboost
NPB,武田　翔太,2016,120000000,1803548.5,13970401147191852,MLB,NPB,xgboost
NPB,中田　賢一,2016,95000000,230124.390625,8981329323016411,MLB,NPB,xgboost
NPB,千賀　滉大,2016,65000000,2091009.5,3957541085729090,MLB,NPB,xgboost
NPB,大隣　憲司,2016,55000000,2466305.25,2759789084086177.5,MLB,NPB,xgboost
NPB,東浜　巨,2016,36000000,2240583,1139698236179889,MLB,NPB,xgboost
NPB,山田　大樹,2016,14000000,780682.5,174750355165806.25,MLB,NPB,xgboost
NPB,大谷　翔平,2016,270000000,1023635,72348284928613230,MLB,NPB,xgboost
NPB,有原　航平,2016,60000000,1680356.25,3401180847126914,MLB,NPB,xgboost
NPB,加藤　貴之,2016,26000000,1449255.125,602739073917338.75,MLB,NPB,xgboost
NPB,杉浦　稔大,2016,15000000,526260.5,209489135113860.25,MLB,NPB,xgboost
NPB,中村　勝,2016,12000000,908399.9375,123023591946450,MLB,NPB,xgboost
NPB,西　勇輝,2016,130000000,3435444.5,16018586708912580,MLB,NPB,xgboost
NPB,松葉　貴大,2016,36500000,2190299,1177155582709401,MLB,NPB,xgboost
NPB,東明　大貴,2016,34000000,4167438.5,889981725651282.25,MLB,NPB,xgboost
NPB,八木　亮祐,2016,16000000,924881.6875,227259192135872.84,MLB,NPB,xgboost
NPB,近藤　大亮,2016,9600000,2199469.5,54767851681430.25,MLB,NPB,xgboost
NPB,青山　大紀,2016,9000000,734273.5,68322234572802.25,MLB,NPB,xgboost
NPB,山田　修義,2016,9000000,1750410.625,52556546106112.89,MLB,NPB,xgboost
NPB,岸　孝之,2016,225000000,7471444.5,47318672457916584,MLB,NPB,xgboost
NPB,則本　昂大,2016,200000000,11266754,35620238145696516,MLB,NPB,xgboost
NPB,美馬　学,2016,50000000,4296236.5,2088833998063932.2,MLB,NPB,xgboost
NPB,塩見　貴洋,2016,45000000,5335996,1573233213312016,MLB,NPB,xgboost
NPB,辛島　航,2016,30000000,2734888,743386332372544,MLB,NPB,xgboost
NPB,釜田　佳直,2016,25000000,156946.78125,617177293229644.75,MLB,NPB,xgboost
NPB,安樂　智大,2016,21000000,645971.4375,414286478723065.8,MLB,NPB,xgboost
NPB,菊池　保則,2016,15000000,590661.3125,207629041411084.22,MLB,NPB,xgboost
NPB,菊池　雄星,2016,100000000,-1040104.875,10209102793150998,MLB,NPB,xgboost
NPB,野上　亮磨,2016,50000000,4561916,2064619477591056,MLB,NPB,xgboost
NPB,十亀　剣,2016,50000000,1764632.375,2326650689918898,MLB,NPB,xgboost
NPB,髙橋　光成,2016,23000000,3180173.75,392825512580189.06,MLB,NPB,xgboost
NPB,多和田　真三郎,2016,23000000,-266839.8125,541345834860535.06,MLB,NPB,xgboost
NPB,本田　圭佑,2016,7000000,465003.25,42706182522510.56,MLB,NPB,xgboost
NPB,佐藤　勇,2016,6000000,220622.953125,33401199049945.598,MLB,NPB,xgboost
NPB,涌井　秀章,2016,250000000,12098511,56597118468417120,MLB,NPB,xgboost
NPB,石川　歩,2016,130000000,8149387.5,14847571766625156,MLB,NPB,xgboost
NPB,唐川　侑己,2016,52000000,4275582.5,2277620025714306,MLB,NPB,xgboost
NPB,古谷　拓哉,2016,27000000,2331526,608533609488676,MLB,NPB,xgboost
NPB,関谷　亮太,2016,22500000,1239806.375,451995832972490.6,MLB,NPB,xgboost
NPB,二木　康太,2016,18000000,2354842.25,244770961022385.06,MLB,NPB,xgboost
NPB,チェン・グァンユウ,2016,16000000,2879363.5,172151102165132.25,MLB,NPB,xgboost
NPB,藤浪　晋太郎,2017,120000000,652812,14243751283507344,MLB,NPB,xgboost
NPB,能見　篤史,2017,120000000,6956181,12778905014104760,MLB,NPB,xgboost
NPB,岩田　稔,2017,50000000,4314486,2087166189444196,MLB,NPB,xgboost
NPB,秋山　拓巳,2017,41000000,5050789.5,1292345735573310.2,MLB,NPB,xgboost
NPB,岩貞　祐太,2017,35000000,3136838.75,1015261044843501.5,MLB,NPB,xgboost
NPB,岡本　洋介,2017,23000000,2319647,427677000204609,MLB,NPB,xgboost
NPB,小野　泰己,2017,18000000,490600.40625,306579074133612.7,MLB,NPB,xgboost
NPB,青柳　晃洋,2017,13000000,803573.125,148752828517222.25,MLB,NPB,xgboost
NPB,横山　雄哉,2017,13000000,702245.25,151234771891147.56,MLB,NPB,xgboost
NPB,福永　春吾,2017,6800000,514426.1875,39508438152385.78,MLB,NPB,xgboost
NPB,井納　翔一,2017,85000000,6545110,6155169764912100,MLB,NPB,xgboost
NPB,今永　昇太,2017,84000000,3391956.25,6497656717201914,MLB,NPB,xgboost
NPB,石田　健大,2017,60000000,650158,3522403745424964,MLB,NPB,xgboost
NPB,濵口　遥大,2017,47500000,827544.5,2178318102399480.2,MLB,NPB,xgboost
NPB,熊原　健人,2017,13000000,553804.75,154907776201122.56,MLB,NPB,xgboost
NPB,水野　滉也,2017,12000000,341624.1875,135917726585485.03,MLB,NPB,xgboost
NPB,飯塚　悟史,2017,8500000,966672.25,56751026988920.06,MLB,NPB,xgboost
NPB,平良　拳太郎,2017,7500000,432672.78125,49947114016884.61,MLB,NPB,xgboost
NPB,綾部　翔,2017,5700000,661742.1875,25384041785217.285,MLB,NPB,xgboost
NPB,菅野　智之,2017,450000000,21358054,183733917870666900,MLB,NPB,xgboost
NPB,山口　俊,2017,229999999.99999997,4062981.5,51047536328669330,MLB,NPB,xgboost
NPB,野上　亮磨,2017,150000000,6040221,20724417969728840,MLB,NPB,xgboost
NPB,内海　哲也,2017,100000000,3032971.5,9402604616119812,MLB,NPB,xgboost
NPB,田口　麗斗,2017,90000000,2162176.25,7715483281136064,MLB,NPB,xgboost
NPB,吉川　光夫,2017,70000000,915198,4772709867379204,MLB,NPB,xgboost
NPB,大竹　寛,2017,52500000,2227275,2527346878925625,MLB,NPB,xgboost
NPB,宮國　椋丞,2017,24000000,568941.5625,549014499501539.94,MLB,NPB,xgboost
NPB,畠　世周,2017,24000000,727565.6875,541606198829627.4,MLB,NPB,xgboost
NPB,大野　雄大,2017,80000000,7850165.5,5205598618377390,MLB,NPB,xgboost
NPB,吉見　一起,2017,75000000,1428899,5412706902352201,MLB,NPB,xgboost
NPB,山井　大介,2017,72000000,8908815,3980497624704225,MLB,NPB,xgboost
NPB,若松　駿太,2017,25000000,644278.5,593201169785562.25,MLB,NPB,xgboost
NPB,小笠原　慎之介,2017,21000000,185736.234375,433233576105009.8,MLB,NPB,xgboost
NPB,柳　裕也,2017,14500000,248116.359375,203116187305914.5,MLB,NPB,xgboost
NPB,鈴木　翔太,2017,12000000,1007441.625,120836339627782.64,MLB,NPB,xgboost
NPB,小熊　凌祐,2017,12000000,2157039,96883881247521,MLB,NPB,xgboost
NPB,野村　祐輔,2017,120000000,11397237,11794560131234168,MLB,NPB,xgboost
NPB,大瀬良　大地,2017,63000000,2220736.25,3694118901992064,MLB,NPB,xgboost
NPB,岡田　明丈,2017,42000000,100667.015625,1755554104535534.8,MLB,NPB,xgboost
NPB,福井　優也,2017,31000000,192410.140625,949107592943465.4,MLB,NPB,xgboost
NPB,中村　祐太,2017,9000000,1228937.25,60389416264437.56,MLB,NPB,xgboost
NPB,床田　寛樹,2017,7000000,835252.1875,38004115591723.53,MLB,NPB,xgboost
NPB,石川　雅規,2017,120000000,1873536.625,13953861349485216,MLB,NPB,xgboost
NPB,館山　昌平,2017,98000000,1361972.75,9338908310771742,MLB,NPB,xgboost
NPB,小川　泰弘,2017,90000000,3890577.25,7414832686338218,MLB,NPB,xgboost
NPB,山中　浩史,2017,32000000,1925270.25,904489369535535,MLB,NPB,xgboost
NPB,原　樹理,2017,29000000,194349.59375,829765495327090.75,MLB,NPB,xgboost
NPB,星　知弥,2017,22000000,796180.1875,449601974640967.56,MLB,NPB,xgboost
NPB,山田　大樹,2017,14000000,786553,174595181621809,MLB,NPB,xgboost
NPB,寺島　成輝,2017,11000000,511727.28125,110003864622875.52,MLB,NPB,xgboost
NPB,岩橋　慶侍,2017,10000000,2160420.5,61459006736820.25,MLB,NPB,xgboost
NPB,中尾　輝,2017,7200000,391568.15625,46354744170989.02,MLB,NPB,xgboost
NPB,梅野　雄吾,2017,6500000,1202872.875,28059555778410.766,MLB,NPB,xgboost
NPB,和田　毅,2017,400000000,8927461,152937730759906530,MLB,NPB,xgboost
NPB,攝津　正,2017,400000000,1615930.625,158709866731784800,MLB,NPB,xgboost
NPB,千賀　滉大,2017,125000000,-1299770.5,15951632028352670,MLB,NPB,xgboost
NPB,武田　翔太,2017,90000000,989451.75,7922877699765578,MLB,NPB,xgboost
NPB,東浜　巨,2017,90000000,7601508.5,6789511401475572,MLB,NPB,xgboost
NPB,中田　賢一,2017,85000000,4090280.75,6546382669113821,MLB,NPB,xgboost
NPB,松本　裕樹,2017,12000000,546707,131177920543849,MLB,NPB,xgboost
NPB,有原　航平,2017,70000000,6039165,4090988413897225,MLB,NPB,xgboost
NPB,高梨　裕稔,2017,36000000,2620650,1114181006422500,MLB,NPB,xgboost
NPB,村田　透,2017,35000000,2804505,1036549898295025,MLB,NPB,xgboost
NPB,加藤　貴之,2017,32000000,2114311.25,893154392061876.5,MLB,NPB,xgboost
NPB,上沢　直之,2017,24000000,1541984.375,504362465812744.1,MLB,NPB,xgboost
NPB,浦野　博司,2017,19400000,1564407.875,318108346449362,MLB,NPB,xgboost
NPB,斎藤　佑樹,2017,18300000,955289.25,300838991001165.56,MLB,NPB,xgboost
NPB,上原　健太,2017,12000000,426076.9375,133955695056669.38,MLB,NPB,xgboost
NPB,中村　勝,2017,11000000,702112.625,106046484388184.39,MLB,NPB,xgboost
NPB,吉田　侑樹,2017,9500000,569582.8125,79752351142795.4,MLB,NPB,xgboost
NPB,西　勇輝,2017,120000000,4421184,13358462707961856,MLB,NPB,xgboost
NPB,山岡　泰輔,2017,43000000,1452729.125,1726175717160623.2,MLB,NPB,xgboost
NPB,松葉　貴大,2017,36500000,3699589,1075866961768921,MLB,NPB,xgboost
NPB,東明　大貴,2017,25500000,2320528.25,537287910609048.06,MLB,NPB,xgboost
NPB,山本　由伸,2017,8000000,391533.40625,57888763908209.73,MLB,NPB,xgboost
NPB,山田　修義,2017,7200000,1357095.75,34139530074668.062,MLB,NPB,xgboost
NPB,吉田　凌,2017,5300000,574530.6875,22330060223379.223,MLB,NPB,xgboost
NPB,岸　孝之,2017,300000000,19792828,78516059240237580,MLB,NPB,xgboost
NPB,則本　昂大,2017,250000000,14562438,55430845600503840,MLB,NPB,xgboost
NPB,美馬　学,2017,80000000,8179303,5158212517565809,MLB,NPB,xgboost
NPB,辛島　航,2017,42000000,6014407.5,1294962867576056.2,MLB,NPB,xgboost
NPB,塩見　貴洋,2017,38000000,3225419,1209271483725561,MLB,NPB,xgboost
NPB,釜田　佳直,2017,23000000,1190139.625,475670009576995.1,MLB,NPB,xgboost
NPB,安樂　智大,2017,20000000,547798.25,378388152922703.06,MLB,NPB,xgboost
NPB,藤平　尚真,2017,18000000,1354571.875,277070277464541,MLB,NPB,xgboost
NPB,古川　侑利,2017,7500000,1039172,41742298445584,MLB,NPB,xgboost
NPB,菊池　雄星,2017,240000000,9889016,52951064957448256,MLB,NPB,xgboost
NPB,十亀　剣,2017,60000000,5945968.5,2921838321402992,MLB,NPB,xgboost
NPB,多和田　真三郎,2017,26000000,1812813.25,585020002879375.5,MLB,NPB,xgboost
NPB,髙橋　光成,2017,21500000,650725,434692268025625,MLB,NPB,xgboost
NPB,佐野　泰雄,2017,15000000,417413.84375,212651819004454.16,MLB,NPB,xgboost
NPB,涌井　秀章,2017,200000000,5097618,37986938509273920,MLB,NPB,xgboost
NPB,石川　歩,2017,110000000.00000001,3283507,11388409878219052,MLB,NPB,xgboost
NPB,西野　勇士,2017,75000000,1740076,5367016464485776,MLB,NPB,xgboost
NPB,唐川　侑己,2017,56000000,2905907,2818982711492649,MLB,NPB,xgboost
NPB,二木　康太,2017,40000000,-1891045.625,1754859703555831.8,MLB,NPB,xgboost
NPB,関谷　亮太,2017,20500000,1345830.375,366882214023272.6,MLB,NPB,xgboost
NPB,佐々木　千隼,2017,19700000,423340.875,371589587021445.75,MLB,NPB,xgboost
NPB,大隣　憲司,2017,10000000,1636234.375,69952575429931.64,MLB,NPB,xgboost
NPB,成田　翔,2017,6700000,744272.9375,35470684842994.875,MLB,NPB,xgboost
NPB,西　勇輝,2018,250000000,8019771.5,58554430984912216,MLB,NPB,xgboost
NPB,藤浪　晋太郎,2018,84000000,1381905.125,6825749600774501,MLB,NPB,xgboost
NPB,岩貞　祐太,2018,38000000,4667156,1111078489128336,MLB,NPB,xgboost
NPB,岩田　稔,2018,38000000,9029298,839301574372804,MLB,NPB,xgboost
NPB,秋山　拓巳,2018,36000000,8081831,779424160312561,MLB,NPB,xgboost
NPB,小野　泰己,2018,27000000,1219571.875,664630474308291,MLB,NPB,xgboost
NPB,飯田　優也,2018,19000000,911006.6875,327211679059669.75,MLB,NPB,xgboost
NPB,才木　浩人,2018,15000000,673360.8125,205252590408810.66,MLB,NPB,xgboost
NPB,馬場　皐輔,2018,14500000,519500.78125,195454358405469.38,MLB,NPB,xgboost
NPB,髙橋　遥人,2018,13000000,526754.75,155581847066647.56,MLB,NPB,xgboost
NPB,青柳　晃洋,2018,12000000,1496107.625,110331755025583.14,MLB,NPB,xgboost
NPB,今永　昇太,2018,67000000,1207271.5,4328683123474712,MLB,NPB,xgboost
NPB,石田　健大,2018,58000000,1057886.75,3242404261375825.5,MLB,NPB,xgboost
NPB,東　克樹,2018,55500000,1159968.375,2952839037006e3,MLB,NPB,xgboost
NPB,濵口　遥大,2018,50500000,214423.125,2528639241651535,MLB,NPB,xgboost
NPB,飯塚　悟史,2018,14000000,622008.3125,178970661590819.1,MLB,NPB,xgboost
NPB,平良　拳太郎,2018,13000000,1802528.625,125383365193944.39,MLB,NPB,xgboost
NPB,京山　将弥,2018,10500000,575109.8125,98503445233933.78,MLB,NPB,xgboost
NPB,菅野　智之,2018,650000000,20454890,396327045524912100,MLB,NPB,xgboost
NPB,山口　俊,2018,229999999.99999997,1598977.25,52167027193246e3,MLB,NPB,xgboost
NPB,田口　麗斗,2018,75000000,295087.3125,5580823979646998,MLB,NPB,xgboost
NPB,大竹　寛,2018,26250000,985111.5625,638314587759321.25,MLB,NPB,xgboost
NPB,今村　信貴,2018,26000000,374380.65625,656672366750774.1,MLB,NPB,xgboost
NPB,鍬原　拓也,2018,16500000,798450.4375,246538658663643.94,MLB,NPB,xgboost
NPB,古川　侑利,2018,16000000,592005,237406309920025,MLB,NPB,xgboost
NPB,髙田　萌生,2018,6800000,558014.375,38962384542706.64,MLB,NPB,xgboost
NPB,吉見　一起,2018,90000000,5260715.5,7180746337571940,MLB,NPB,xgboost
NPB,松坂　大輔,2018,80000000,7475307.5,5259831022219556,MLB,NPB,xgboost
NPB,山井　大介,2018,62000000,13401227,2361840737105529,MLB,NPB,xgboost
NPB,大野　雄大,2018,60000000,1345545.125,3440345076683411.5,MLB,NPB,xgboost
NPB,松葉　貴大,2018,28000000,1144604.75,721212254033722.5,MLB,NPB,xgboost
NPB,笠原　祥太郎,2018,21000000,407868.75,424035869417226.56,MLB,NPB,xgboost
NPB,小笠原　慎之介,2018,21000000,302000.71875,428407174246625.5,MLB,NPB,xgboost
NPB,柳　裕也,2018,14500000,901938.75,184907269758751.56,MLB,NPB,xgboost
NPB,小熊　凌祐,2018,12000000,4576186,55113014306596,MLB,NPB,xgboost
NPB,鈴木　翔太,2018,10000000,560733.9375,89099743798664.25,MLB,NPB,xgboost
NPB,Ｒ．マルティネス,2018,10000000,646788.875,87482558348823.77,MLB,NPB,xgboost
NPB,大瀬良　大地,2018,145000000,13383648,17322864113787904,MLB,NPB,xgboost
NPB,野村　祐輔,2018,120000000,4052591.25,13443801595839576,MLB,NPB,xgboost
NPB,九里　亜蓮,2018,62000000,3924009.5,3372820672556090,MLB,NPB,xgboost
NPB,岡田　明丈,2018,55000000,2302353.75,2777041920290139,MLB,NPB,xgboost
NPB,中村　祐太,2018,12000000,492443.90625,132423847250802.77,MLB,NPB,xgboost
NPB,高橋　昂也,2018,8000000,535444.1875,55719593477927.53,MLB,NPB,xgboost
NPB,石川　雅規,2018,95000000,2891932.25,8483896144638590,MLB,NPB,xgboost
NPB,小川　泰弘,2018,92000000,6151539,7369958256068521,MLB,NPB,xgboost
NPB,原　樹理,2018,40000000,170666.765625,1586375785894889,MLB,NPB,xgboost
NPB,高梨　裕稔,2018,36000000,2405354.75,1128600189473347.5,MLB,NPB,xgboost
NPB,館山　昌平,2018,24000000,1488470.875,506768943545723.25,MLB,NPB,xgboost
NPB,山田　大樹,2018,13000000,548626.75,155036695810815.56,MLB,NPB,xgboost
NPB,寺島　成輝,2018,11000000,503007.21875,110186857449614.61,MLB,NPB,xgboost
NPB,高橋　奎二,2018,7000000,681313.0625,39925804614133.125,MLB,NPB,xgboost
NPB,千賀　滉大,2018,160000000,5451166,23885342090759556,MLB,NPB,xgboost
NPB,東浜　巨,2018,85000000,4437534,6490310928001156,MLB,NPB,xgboost
NPB,武田　翔太,2018,85000000,-457554.59375,7302993637143762,MLB,NPB,xgboost
NPB,中田　賢一,2018,60000000,-805045.25,3697253527854547.5,MLB,NPB,xgboost
NPB,大竹　耕太郎,2018,15000000,542511.3125,209018979149190.47,MLB,NPB,xgboost
NPB,松本　裕樹,2018,12000000,1053666.25,119822222566389.06,MLB,NPB,xgboost
NPB,金子　弌大,2018,150000000,4350102.5,21213892641760508,MLB,NPB,xgboost
NPB,吉川　光夫,2018,75000000,4497324.5,4970627252658300,MLB,NPB,xgboost
NPB,有原　航平,2018,70000000,1611604.25,4676972673258618,MLB,NPB,xgboost
NPB,上沢　直之,2018,70000000,-249818.296875,4935036970743954,MLB,NPB,xgboost
NPB,村田　透,2018,50000000,2357141.25,2269841989872451.5,MLB,NPB,xgboost
NPB,加藤　貴之,2018,35000000,1977285.25,1090499689459867.5,MLB,NPB,xgboost
NPB,上原　健太,2018,17000000,754132.25,263928218950490.06,MLB,NPB,xgboost
NPB,杉浦　稔大,2018,16000000,1682016.875,205004640767784.75,MLB,NPB,xgboost
NPB,斎藤　佑樹,2018,16000000,790198.9375,231338048360826.12,MLB,NPB,xgboost
NPB,堀　瑞輝,2018,9600000,1059065.125,72947568538991.27,MLB,NPB,xgboost
NPB,吉田　侑樹,2018,9200000,459178.0625,76401968143081.25,MLB,NPB,xgboost
NPB,宮台　康平,2018,7700000,518286.84375,51577003858654.336,MLB,NPB,xgboost
NPB,山岡　泰輔,2018,45000000,760326.75,1957148689266765.5,MLB,NPB,xgboost
NPB,東明　大貴,2018,23000000,4810836,330845687018896,MLB,NPB,xgboost
NPB,田嶋　大樹,2018,20000000,1082198,357883232511204,MLB,NPB,xgboost
NPB,竹安　大知,2018,9000000,366200.28125,74542497583487.58,MLB,NPB,xgboost
NPB,榊原　翼,2018,7500000,480519.625,49273104735010.14,MLB,NPB,xgboost
NPB,岸　孝之,2018,300000000,17204106,79973517663259230,MLB,NPB,xgboost
NPB,則本　昂大,2018,250000000,11486832,56888531309396224,MLB,NPB,xgboost
NPB,美馬　学,2018,65000000,1278864,4060383173130496,MLB,NPB,xgboost
NPB,辛島　航,2018,50000000,4534274,2067132240707076,MLB,NPB,xgboost
NPB,塩見　貴洋,2018,34000000,3931366.75,904122705523005.5,MLB,NPB,xgboost
NPB,福井　優也,2018,25000000,3851704,447250423703616,MLB,NPB,xgboost
NPB,藤平　尚真,2018,18000000,556469.5625,304276754123988.94,MLB,NPB,xgboost
NPB,安樂　智大,2018,16000000,846261.375,229635794314816.88,MLB,NPB,xgboost
NPB,西口　直人,2018,6300000,516087.375,33453645253634.39,MLB,NPB,xgboost
NPB,内海　哲也,2018,100000000,4870162,9049686077906244,MLB,NPB,xgboost
NPB,多和田　真三郎,2018,80000000,3995630,5776664259096900,MLB,NPB,xgboost
NPB,榎田　大樹,2018,55000000,6814343,2321857540521649,MLB,NPB,xgboost
NPB,十亀　剣,2018,51000000,5193595,2098226739024025,MLB,NPB,xgboost
NPB,髙橋　光成,2018,18500000,504849.65625,323825435894165.75,MLB,NPB,xgboost
NPB,今井　達也,2018,18000000,295010.1875,313466664260728.8,MLB,NPB,xgboost
NPB,郭　俊麟,2018,12000000,740279.0625,126781315590375.88,MLB,NPB,xgboost
NPB,涌井　秀章,2018,200000000,4774107,38113149297647450,MLB,NPB,xgboost
NPB,石川　歩,2018,115000000.00000001,7180814.5,11624976761883414,MLB,NPB,xgboost
NPB,二木　康太,2018,43000000,-167185.0625,1863405866220123.2,MLB,NPB,xgboost
NPB,有吉　優樹,2018,42000000,2329138.5,1573777252152182.2,MLB,NPB,xgboost
NPB,酒居　知史,2018,21500000,464389.125,442496924884418.25,MLB,NPB,xgboost
NPB,土肥　星也,2018,11800000,506120.75,127551708513580.56,MLB,NPB,xgboost
NPB,山本　大貴,2018,11500000,454696.875,121998721123134.77,MLB,NPB,xgboost
NPB,渡邉　啓太,2018,11000000,1216508.375,95716708376445.14,MLB,NPB,xgboost
NPB,種市　篤暉,2018,6800000,604784.9375,38380689670626.875,MLB,NPB,xgboost
NPB,西　勇輝,2019,200000000,6533732.5,37429196660381560,MLB,NPB,xgboost
NPB,藤浪　晋太郎,2019,63000000,851290.3125,3862462115821156.5,MLB,NPB,xgboost
NPB,岩田　稔,2019,38000000,5608685.5,1049197255037910.2,MLB,NPB,xgboost
NPB,中田　賢一,2019,35000000,4361195,938736371828025,MLB,NPB,xgboost
NPB,秋山　拓巳,2019,32000000,1935108.375,903897708422995.1,MLB,NPB,xgboost
NPB,岩貞　祐太,2019,32000000,3608021.5,806104443144462.25,MLB,NPB,xgboost
NPB,青柳　晃洋,2019,30000000,6092682.5,571559830045806.25,MLB,NPB,xgboost
NPB,髙橋　遥人,2019,22000000,562355.6875,459572593669263.6,MLB,NPB,xgboost
NPB,才木　浩人,2019,13000000,602895,153688212381025,MLB,NPB,xgboost
NPB,望月　惇志,2019,11500000,916865.375,112002738490873.89,MLB,NPB,xgboost
NPB,今永　昇太,2019,136000000,1061857.875,18208302200146700,MLB,NPB,xgboost
NPB,井納　翔一,2019,61000000,1958028.75,3485954369085826.5,MLB,NPB,xgboost
NPB,濵口　遥大,2019,55000000,2305930.5,2776664960470830,MLB,NPB,xgboost
NPB,東　克樹,2019,44000000,589733.8125,1884451210469605.8,MLB,NPB,xgboost
NPB,上茶谷　大河,2019,43000000,978294.75,1765823712117877.5,MLB,NPB,xgboost
NPB,大貫　晋一,2019,25000000,1337108,559932457803664,MLB,NPB,xgboost
NPB,平良　拳太郎,2019,21000000,8358.291015625,440649021638372.44,MLB,NPB,xgboost
NPB,京山　将弥,2019,11200000,930078.0625,105471296602343.75,MLB,NPB,xgboost
NPB,阪口　皓亮,2019,6100000,521749.46875,31116878989390.906,MLB,NPB,xgboost
NPB,菅野　智之,2019,650000000,8899782,411009489519647550,MLB,NPB,xgboost
NPB,桜井　俊貴,2019,30000000,805015.8125,852347101708375,MLB,NPB,xgboost
NPB,今村　信貴,2019,28000000,1920428.5,680144049623612.25,MLB,NPB,xgboost
NPB,髙橋　優貴,2019,24000000,724986.3125,541726262153312.4,MLB,NPB,xgboost
NPB,畠　世周,2019,16300000,773446.9375,241073850002628.12,MLB,NPB,xgboost
NPB,古川　侑利,2019,16000000,896547.375,228114281195619.38,MLB,NPB,xgboost
NPB,戸郷　翔征,2019,6500000,1067886.375,29507858434910.64,MLB,NPB,xgboost
NPB,大野　雄大,2019,130000000,7864177,14917159259887328,MLB,NPB,xgboost
NPB,吉見　一起,2019,90000000,5535495,7134252604895025,MLB,NPB,xgboost
NPB,山井　大介,2019,46500000,5051269,1717997301510361,MLB,NPB,xgboost
NPB,柳　裕也,2019,45000000,3407596.25,1729928049703014,MLB,NPB,xgboost
NPB,松葉　貴大,2019,25000000,1255402.875,563805892628558.25,MLB,NPB,xgboost
NPB,小笠原　慎之介,2019,19000000,641672,337028206955584,MLB,NPB,xgboost
NPB,福谷　浩司,2019,18000000,4048228.75,194651921012326.56,MLB,NPB,xgboost
NPB,笠原　祥太郎,2019,16500000,985369,240703775066161,MLB,NPB,xgboost
NPB,梅津　晃大,2019,15000000,1106735.875,193022788047012,MLB,NPB,xgboost
NPB,山本　拓実,2019,11000000,412369.96875,112097909678626.88,MLB,NPB,xgboost
NPB,勝野　昌慶,2019,11000000,521616.78125,109796514878981.61,MLB,NPB,xgboost
NPB,清水　達也,2019,8000000,1716164.5,39486588591060.25,MLB,NPB,xgboost
NPB,阿知羅　拓馬,2019,8000000,1142564.75,47024418207942.56,MLB,NPB,xgboost
NPB,Ｋ．ジョンソン,2019,272500000,5937016,71055824438984256,MLB,NPB,xgboost
NPB,大瀬良　大地,2019,175000000,9201953,27488992389014208,MLB,NPB,xgboost
NPB,野村　祐輔,2019,120000000,3102930.75,13664924799239296,MLB,NPB,xgboost
NPB,九里　亜蓮,2019,72000000,7293464,4186935801119296,MLB,NPB,xgboost
NPB,岡田　明丈,2019,44000000,797336.75,1866470111892900.5,MLB,NPB,xgboost
NPB,薮田　和樹,2019,28000000,821586.625,738666153582378.9,MLB,NPB,xgboost
NPB,床田　寛樹,2019,27000000,1086077.5,671531379336006.25,MLB,NPB,xgboost
NPB,アドゥワ　誠,2019,22000000,174881.46875,476335798903112.2,MLB,NPB,xgboost
NPB,中村　祐太,2019,10000000,576102.6875,88809840556544.72,MLB,NPB,xgboost
NPB,山口　翔,2019,7500000,431471.125,49964100456708.766,MLB,NPB,xgboost
NPB,石川　雅規,2019,105000000,7678232,9471526526645824,MLB,NPB,xgboost
NPB,小川　泰弘,2019,90000000,4234339,7355748606766921,MLB,NPB,xgboost
NPB,原　樹理,2019,33000000,2165561.5,950762597610282.25,MLB,NPB,xgboost
NPB,高梨　裕稔,2019,33000000,1450715.125,995357376123903.75,MLB,NPB,xgboost
NPB,山田　大樹,2019,20000000,3427793.25,274638036564745.56,MLB,NPB,xgboost
NPB,高橋　奎二,2019,17000000,749238.8125,264087239173156.4,MLB,NPB,xgboost
NPB,田川　賢吾,2019,7000000,780338.8125,38684185287293.91,MLB,NPB,xgboost
NPB,千賀　滉大,2019,300000000,11618727,83163758617100530,MLB,NPB,xgboost
NPB,和田　毅,2019,100000000,4171235.75,9183152057682078,MLB,NPB,xgboost
NPB,東浜　巨,2019,67000000,1774548.875,4254359474459764,MLB,NPB,xgboost
NPB,高橋　礼,2019,50000000,346305.5625,2465489371292618.5,MLB,NPB,xgboost
NPB,大竹　耕太郎,2019,27000000,463995.4375,704159538141020.9,MLB,NPB,xgboost
NPB,二保　旭,2019,22000000,2270171.5,389266132639412.25,MLB,NPB,xgboost
NPB,松本　裕樹,2019,12000000,854833.3125,124214740492159.72,MLB,NPB,xgboost
NPB,金子　弌大,2019,180000000,3045347.5,31312949041395756,MLB,NPB,xgboost
NPB,有原　航平,2019,145000000,13820733,17208000090657288,MLB,NPB,xgboost
NPB,上沢　直之,2019,60000000,1481514.375,3424413159843331.5,MLB,NPB,xgboost
NPB,加藤　貴之,2019,57000000,2533635,2966584916313225,MLB,NPB,xgboost
NPB,杉浦　稔大,2019,20000000,1917231.5,326986516624592.25,MLB,NPB,xgboost
NPB,上原　健太,2019,17000000,982592.4375,256557345023232.2,MLB,NPB,xgboost
NPB,吉田　輝星,2019,10300000,522476.59375,95599963959766.61,MLB,NPB,xgboost
NPB,北浦　竜次,2019,7000000,600928.75,40948112862576.56,MLB,NPB,xgboost
NPB,山岡　泰輔,2019,100000000,2610894,9484637967479236,MLB,NPB,xgboost
NPB,山本　由伸,2019,90000000,1660544.625,7803859375951616,MLB,NPB,xgboost
NPB,Ｋ－鈴木,2019,22000000,1056373.125,438635506679222.25,MLB,NPB,xgboost
NPB,榊原　翼,2019,19000000,524608.625,341340086459424.4,MLB,NPB,xgboost
NPB,田嶋　大樹,2019,18000000,1317418.625,278308521333496.88,MLB,NPB,xgboost
NPB,東明　大貴,2019,18000000,860649.9375,293757320564918.75,MLB,NPB,xgboost
NPB,竹安　大知,2019,18000000,1337656.125,277633703408750,MLB,NPB,xgboost
NPB,荒西　祐大,2019,15800000,3046495.5,162651877031520.25,MLB,NPB,xgboost
NPB,張　奕,2019,8000000,810849.5,51683884911650.25,MLB,NPB,xgboost
NPB,鈴木　優,2019,5300000,510984.90625,22934665568165.32,MLB,NPB,xgboost
NPB,則本　昂大,2019,300000000,12183660,82838245570995600,MLB,NPB,xgboost
NPB,岸　孝之,2019,300000000,10598139,83753437150263330,MLB,NPB,xgboost
NPB,涌井　秀章,2019,125000000,4877096.5,14429511945270312,MLB,NPB,xgboost
NPB,辛島　航,2019,62000000,4113312.75,3350868560779312.5,MLB,NPB,xgboost
NPB,塩見　貴洋,2019,30000000,7639657,499984939077649,MLB,NPB,xgboost
NPB,石橋　良太,2019,26000000,4383408,467277049694464,MLB,NPB,xgboost
NPB,福井　優也,2019,23000000,1256676.625,472772111389821.4,MLB,NPB,xgboost
NPB,藤平　尚真,2019,15000000,684372.125,204937201455477,MLB,NPB,xgboost
NPB,釜田　佳直,2019,15000000,695541.75,204617525825993.06,MLB,NPB,xgboost
NPB,弓削　隼人,2019,13500000,4159512,87244716078144,MLB,NPB,xgboost
NPB,菅原　秀,2019,13000000,1701683.75,127651950085014.06,MLB,NPB,xgboost
NPB,近藤　弘樹,2019,10000000,934305.25,82186821300177.56,MLB,NPB,xgboost
NPB,熊原　健人,2019,9000000,381850.0625,74272508345231.25,MLB,NPB,xgboost
NPB,髙田　萌生,2019,7100000,391135.125,45008867911008.766,MLB,NPB,xgboost
NPB,十亀　剣,2019,70000000,1907676.125,4636564570697895,MLB,NPB,xgboost
NPB,榎田　大樹,2019,48000000,1513877.625,2160959573463475.8,MLB,NPB,xgboost
NPB,髙橋　光成,2019,40000000,1474473.75,1484216172839439,MLB,NPB,xgboost
NPB,今井　達也,2019,35000000,1029723.9375,1153979655762460.5,MLB,NPB,xgboost
NPB,松坂　大輔,2019,30000000,1288035,824376934161225,MLB,NPB,xgboost
NPB,松本　航,2019,21000000,799699,408052160490601,MLB,NPB,xgboost
NPB,本田　圭佑,2019,16000000,1576156.625,208047257706531.38,MLB,NPB,xgboost
NPB,相内　誠,2019,5900000,521804.25,28924989525318.062,MLB,NPB,xgboost
NPB,石川　歩,2019,105000000,5473811,9905462296863720,MLB,NPB,xgboost
NPB,美馬　学,2019,65000000,5897540.5,3493100718949140,MLB,NPB,xgboost
NPB,二木　康太,2019,46000000,1125497.625,2013720963403880.8,MLB,NPB,xgboost
NPB,有吉　優樹,2019,34000000,759971.875,1104899469750791,MLB,NPB,xgboost
NPB,種市　篤暉,2019,30000000,1131248,833404842037504,MLB,NPB,xgboost
NPB,岩下　大輝,2019,25000000,522332.53125,599156204710702,MLB,NPB,xgboost
NPB,佐々木　千隼,2019,19700000,649452.8125,362923348143164.2,MLB,NPB,xgboost
NPB,小島　和哉,2019,17000000,448408.125,273955193596566,MLB,NPB,xgboost
NPB,土肥　星也,2019,15300000,641674.25,214866513793113.06,MLB,NPB,xgboost
NPB,チェン・ウェイン,2020,206000000,6370118.5,39852089587704040,MLB,NPB,xgboost
NPB,西　勇輝,2020,200000000,4856576,38080955930443776,MLB,NPB,xgboost
NPB,秋山　拓巳,2020,51000000,1849122.875,2415808722156848.5,MLB,NPB,xgboost
NPB,青柳　晃洋,2020,50000000,3475211.25,2164555968232126.5,MLB,NPB,xgboost
NPB,髙橋　遥人,2020,29000000,2149145.25,720968400805597.5,MLB,NPB,xgboost
NPB,二保　旭,2020,28000000,1847178.75,683970059334451.5,MLB,NPB,xgboost
NPB,岩田　稔,2020,18600000,2667221.5,253853430730062.25,MLB,NPB,xgboost
NPB,中田　賢一,2020,17500000,214719.390625,298780925744835.4,MLB,NPB,xgboost
NPB,今永　昇太,2020,100000000,9800694,8135914802881636,MLB,NPB,xgboost
NPB,濵口　遥大,2020,55000000,1202883.25,2894129770613130.5,MLB,NPB,xgboost
NPB,大貫　晋一,2020,52500000,5964963,2165509668591369,MLB,NPB,xgboost
NPB,上茶谷　大河,2020,43000000,1627968.625,1711644980093984.5,MLB,NPB,xgboost
NPB,平良　拳太郎,2020,33000000,2413692.5,935522206484556.25,MLB,NPB,xgboost
NPB,有吉　優樹,2020,27000000,876369.25,682444083562345.5,MLB,NPB,xgboost
NPB,坂本　裕哉,2020,16450000,699948.0625,248064136033947.5,MLB,NPB,xgboost
NPB,京山　将弥,2020,13200000,307174.75,166224942927037.56,MLB,NPB,xgboost
NPB,阪口　皓亮,2020,6100000,254484.109375,34170056027549.387,MLB,NPB,xgboost
NPB,中川　虎大,2020,4700000,667830.1875,16258393396836.285,MLB,NPB,xgboost
NPB,菅野　智之,2020,800000000,18811826,610254963197454300,MLB,NPB,xgboost
NPB,井納　翔一,2020,100000000,4501232,9120014689517824,MLB,NPB,xgboost
NPB,今村　信貴,2020,30000000,4263123,662386837713129,MLB,NPB,xgboost
NPB,戸郷　翔征,2020,26000000,1404466.75,604940255851855.5,MLB,NPB,xgboost
NPB,畠　世周,2020,22000000,4025684.5,323076017693540.25,MLB,NPB,xgboost
NPB,髙橋　優貴,2020,19200000,629785.375,344852871218563.9,MLB,NPB,xgboost
NPB,直江　大輔,2020,7500000,826738.875,44532414042436.266,MLB,NPB,xgboost
NPB,横川　凱,2020,6300000,574089.1875,32786054632704.41,MLB,NPB,xgboost
NPB,大野　雄大,2020,300000000,21050994,77812547948388030,MLB,NPB,xgboost
NPB,柳　裕也,2020,41000000,4074418.5,1363498569113142.2,MLB,NPB,xgboost
NPB,福谷　浩司,2020,29000000,6891982,488764459888324,MLB,NPB,xgboost
NPB,松葉　貴大,2020,25000000,3551181.25,460051825770351.56,MLB,NPB,xgboost
NPB,勝野　昌慶,2020,16500000,732090.1875,248626979855133.78,MLB,NPB,xgboost
NPB,梅津　晃大,2020,15000000,478970.03125,210860311353335.62,MLB,NPB,xgboost
NPB,小笠原　慎之介,2020,14500000,547382.8125,194675526380920.4,MLB,NPB,xgboost
NPB,岡野　祐一郎,2020,11000000,1247482.75,95111592711547.56,MLB,NPB,xgboost
NPB,山本　拓実,2020,10560000,295426.40625,105361471061509.8,MLB,NPB,xgboost
NPB,清水　達也,2020,8000000,520133.28125,55948406130263.89,MLB,NPB,xgboost
NPB,大瀬良　大地,2020,150000000,917595.9375,22225563201054516,MLB,NPB,xgboost
NPB,野村　祐輔,2020,120000000,3575726.75,13554611401790666,MLB,NPB,xgboost
NPB,九里　亜蓮,2020,87000000,5872335,6581698028352225,MLB,NPB,xgboost
NPB,森下　暢仁,2020,43000000,2823517.5,1614149746072806.2,MLB,NPB,xgboost
NPB,床田　寛樹,2020,27000000,1692931.75,640447703410158,MLB,NPB,xgboost
NPB,遠藤　淳志,2020,24000000,-1373515.125,643815269798603.75,MLB,NPB,xgboost
NPB,中村　祐太,2020,15000000,2037065,168037683814225,MLB,NPB,xgboost
NPB,小川　泰弘,2020,160000000,7142288,23365480117874944,MLB,NPB,xgboost
NPB,石川　雅規,2020,90000000,9932904,6410739861873216,MLB,NPB,xgboost
NPB,田口　麗斗,2020,70000000,1292876.5,4720668819644252,MLB,NPB,xgboost
NPB,高梨　裕稔,2020,37000000,2192332.5,1211573716790556.2,MLB,NPB,xgboost
NPB,原　樹理,2020,26000000,1288454.75,610660468642797.5,MLB,NPB,xgboost
NPB,奥川　恭伸,2020,16000000,770415.5,231940244042640.25,MLB,NPB,xgboost
NPB,吉田　大喜,2020,15000000,565004.75,208369087867522.56,MLB,NPB,xgboost
NPB,高橋　奎二,2020,14500000,842070.125,186539048470417.5,MLB,NPB,xgboost
NPB,歳内　宏明,2020,8000000,2098174,34831550134276,MLB,NPB,xgboost
NPB,金久保　優斗,2020,5800000,496300.0625,28129233027037.504,MLB,NPB,xgboost
NPB,千賀　滉大,2020,400000000,6900112.5,154527521552512670,MLB,NPB,xgboost
NPB,和田　毅,2020,150000000,7156900,2040415121761e4,MLB,NPB,xgboost
NPB,東浜　巨,2020,90000000,6419380,6985720039584400,MLB,NPB,xgboost
NPB,石川　柊太,2020,80000000,9724803,4938603313388809,MLB,NPB,xgboost
NPB,武田　翔太,2020,60000000,1611690.375,3409194700864867.5,MLB,NPB,xgboost
NPB,大竹　耕太郎,2020,24000000,1075185,525547142784225,MLB,NPB,xgboost
NPB,笠谷　俊介,2020,22000000,317218.28125,470143023062959.2,MLB,NPB,xgboost
NPB,上沢　直之,2020,85000000,3896905.5,6577711937475930,MLB,NPB,xgboost
NPB,杉浦　稔大,2020,37000000,6384053,937336210706809,MLB,NPB,xgboost
NPB,河野　竜生,2020,17500000,661200.5,283545168601200.25,MLB,NPB,xgboost
NPB,上原　健太,2020,17000000,2330658.75,215189572708951.56,MLB,NPB,xgboost
NPB,吉田　輝星,2020,10300000,448697.9375,97048152326616.75,MLB,NPB,xgboost
NPB,山本　由伸,2020,150000000,1521790.5,22045778696325892,MLB,NPB,xgboost
NPB,山岡　泰輔,2020,85000000,2000316.5,6888947461100172,MLB,NPB,xgboost
NPB,田嶋　大樹,2020,42000000,1163750.5,1667599273226250.2,MLB,NPB,xgboost
NPB,山﨑　福也,2020,28000000,1290572.25,713393530732470,MLB,NPB,xgboost
NPB,竹安　大知,2020,16000000,697147.1875,234177304201039.16,MLB,NPB,xgboost
NPB,榊原　翼,2020,15000000,714624.125,204071963890032,MLB,NPB,xgboost
NPB,張　奕,2020,11000000,1320935.125,93684296854458.77,MLB,NPB,xgboost
NPB,宮城　大弥,2020,8700000,781358.3125,62704886175012.84,MLB,NPB,xgboost
NPB,本田　仁海,2020,5000000,680342.875,18659437677563.266,MLB,NPB,xgboost
NPB,則本　昂大,2020,300000000,8810500,8479132491025e4,MLB,NPB,xgboost
NPB,岸　孝之,2020,250000000,13209301,56069835132908600,MLB,NPB,xgboost
NPB,涌井　秀章,2020,160000000,7969197.5,23113364908794008,MLB,NPB,xgboost
NPB,塩見　貴洋,2020,40000000,2989341.25,1369788861108951.5,MLB,NPB,xgboost
NPB,石橋　良太,2020,20000000,1087951.125,357665592650388.75,MLB,NPB,xgboost
NPB,福井　優也,2020,20000000,2362508.75,311081097593826.56,MLB,NPB,xgboost
NPB,弓削　隼人,2020,13500000,1286991.125,149157585780828.75,MLB,NPB,xgboost
NPB,瀧中　瞭太,2020,13000000,1490068.5,132478523134692.25,MLB,NPB,xgboost
NPB,髙橋　光成,2020,67000000,884341.25,4371280331946451.5,MLB,NPB,xgboost
NPB,内海　哲也,2020,56250000,4676134.5,2659863602612090,MLB,NPB,xgboost
NPB,榎田　大樹,2020,37000000,2247019,1207769688386361,MLB,NPB,xgboost
NPB,松本　航,2020,30000000,997803.75,841127387323514,MLB,NPB,xgboost
NPB,今井　達也,2020,28000000,560747.1875,752912594908289.1,MLB,NPB,xgboost
NPB,浜屋　将太,2020,15500000,1399554.25,198822570348693.06,MLB,NPB,xgboost
NPB,本田　圭佑,2020,13600000,1914552.5,136549683275256.25,MLB,NPB,xgboost
NPB,與座　海人,2020,9000000,803879.1875,67176396373095.66,MLB,NPB,xgboost
NPB,美馬　学,2020,120000000,11155833,11847052689923888,MLB,NPB,xgboost
NPB,石川　歩,2020,110000000.00000001,2714918.75,11510088658819104,MLB,NPB,xgboost
NPB,二木　康太,2020,60000000,2408255.5,3316809034553280,MLB,NPB,xgboost
NPB,岩下　大輝,2020,35000000,1075437.375,1150875949297547,MLB,NPB,xgboost
NPB,小島　和哉,2020,34000000,763322.125,1104676756166514.5,MLB,NPB,xgboost
NPB,種市　篤暉,2020,27000000,1596619.375,645331747178625.4,MLB,NPB,xgboost
NPB,中村　稔弥,2020,18000000,945109.8125,290869279307683.8,MLB,NPB,xgboost
NPB,大嶺　祐太,2020,12000000,1234884.25,115887717110898.06,MLB,NPB,xgboost
NPB,古谷　拓郎,2020,4800000,594259.9375,17688249473317.504,MLB,NPB,xgboost
NPB,チェン・ウェイン,2021,210000000,4242903,42335982965867410,MLB,NPB,xgboost
NPB,西　勇輝,2021,200000000,3104658.75,38767775405953950,MLB,NPB,xgboost
NPB,青柳　晃洋,2021,120000000,6811686.5,12811594312974282,MLB,NPB,xgboost
NPB,秋山　拓巳,2021,110000000.00000001,8072305,10389255008013028,MLB,NPB,xgboost
NPB,伊藤　将司,2021,44000000,1855251.625,1776179815592065.2,MLB,NPB,xgboost
NPB,髙橋　遥人,2021,32000000,2753991,855329042428081,MLB,NPB,xgboost
NPB,二保　旭,2021,27000000,1621811.375,644052457886079.4,MLB,NPB,xgboost
NPB,西　純矢,2021,12500000,541037.6875,143016779591795.34,MLB,NPB,xgboost
NPB,村上　頌樹,2021,7500000,503190.375,48955344928492.64,MLB,NPB,xgboost
NPB,今永　昇太,2021,100000000,7002497.5,8648535471237506,MLB,NPB,xgboost
NPB,濵口　遥大,2021,58300000,1712036.125,3202197655518305,MLB,NPB,xgboost
NPB,大貫　晋一,2021,57800000,5270396,2759359296396816,MLB,NPB,xgboost
NPB,上茶谷　大河,2021,33000000,852862.75,1033438433370337.5,MLB,NPB,xgboost
NPB,有吉　優樹,2021,27000000,2751272,588000809617984,MLB,NPB,xgboost
NPB,平良　拳太郎,2021,27000000,951687.3125,678514593865773.5,MLB,NPB,xgboost
NPB,東　克樹,2021,25100000,2280685,520721137069225,MLB,NPB,xgboost
NPB,坂本　裕哉,2021,22000000,787151.4375,449984944135558.3,MLB,NPB,xgboost
NPB,京山　将弥,2021,20900000,846405.9375,402146634823535.25,MLB,NPB,xgboost
NPB,入江　大生,2021,16000000,492186.25,240492287304689.06,MLB,NPB,xgboost
NPB,阪口　皓亮,2021,9350000,916577,71122623496929,MLB,NPB,xgboost
NPB,宮國　椋丞,2021,8400000,3548571,23536363342041,MLB,NPB,xgboost
NPB,中川　虎大,2021,6600000,607073.75,35915165037939.06,MLB,NPB,xgboost
NPB,菅野　智之,2021,600000000,7656487,350870837393181200,MLB,NPB,xgboost
NPB,山口　俊,2021,60000000,7552312.5,2750759924097656,MLB,NPB,xgboost
NPB,戸郷　翔征,2021,40000000,748666.1875,1540667206060305.8,MLB,NPB,xgboost
NPB,髙橋　優貴,2021,36000000,805883.75,1238625818618514,MLB,NPB,xgboost
NPB,今村　信貴,2021,30000000,3395027.75,707824548423270,MLB,NPB,xgboost
NPB,直江　大輔,2021,7600000,777246.375,46549967027450.64,MLB,NPB,xgboost
NPB,横川　凱,2021,6500000,112251.921875,40803325509589.63,MLB,NPB,xgboost
NPB,大野　雄大,2021,300000000,10441103,83844354831856608,MLB,NPB,xgboost
NPB,柳　裕也,2021,100000000,12692006,7622685816304036,MLB,NPB,xgboost
NPB,小笠原　慎之介,2021,36000000,679518.125,1247536439882203.5,MLB,NPB,xgboost
NPB,福谷　浩司,2021,29000000,4877420.5,581898841733820.25,MLB,NPB,xgboost
NPB,松葉　貴大,2021,28000000,5842375.5,490960323483000.25,MLB,NPB,xgboost
NPB,勝野　昌慶,2021,21000000,1193822.375,392284672113050.6,MLB,NPB,xgboost
NPB,梅津　晃大,2021,12000000,1384097.25,112697391197457.56,MLB,NPB,xgboost
NPB,笠原　祥太郎,2021,10000000,1491494.5,72394665843530.25,MLB,NPB,xgboost
NPB,岡野　祐一郎,2021,8800000,1502915.875,53247436727327.016,MLB,NPB,xgboost
NPB,清水　達也,2021,7200000,776146.0625,41265899410334.25,MLB,NPB,xgboost
NPB,大瀬良　大地,2021,180000000,9318416,29132203116749056,MLB,NPB,xgboost
NPB,九里　亜蓮,2021,140000000,6140736,17918302558621696,MLB,NPB,xgboost
NPB,森下　暢仁,2021,75000000,1635965.375,5382281576458199,MLB,NPB,xgboost
NPB,野村　祐輔,2021,72000000,406124.46875,5125683013584117,MLB,NPB,xgboost
NPB,床田　寛樹,2021,33000000,3312393.25,881353994542645.5,MLB,NPB,xgboost
NPB,遠藤　淳志,2021,20000000,521598.53125,379408123777802.2,MLB,NPB,xgboost
NPB,薮田　和樹,2021,19000000,326850.75,348686502912775.56,MLB,NPB,xgboost
NPB,中村　祐太,2021,13000000,971935.5,144674335616160.25,MLB,NPB,xgboost
NPB,玉村　昇悟,2021,12000000,329757.5625,136194558550025.94,MLB,NPB,xgboost
NPB,高橋　昂也,2021,12000000,844578.625,124443426053806.89,MLB,NPB,xgboost
NPB,小林　樹斗,2021,5000000,683176.75,18634962971740.562,MLB,NPB,xgboost
NPB,小川　泰弘,2021,160000000,5013394,24020848039399236,MLB,NPB,xgboost
NPB,サイスニード,2021,95000000,10220502,7187563281132004,MLB,NPB,xgboost
NPB,石川　雅規,2021,90000000,11432264,6172889140165696,MLB,NPB,xgboost
NPB,田口　麗斗,2021,70000000,1118796.375,4744620212828713,MLB,NPB,xgboost
NPB,高梨　裕稔,2021,37000000,3547006.75,1119102757384545.5,MLB,NPB,xgboost
NPB,奥川　恭伸,2021,36000000,1813845,1168693193684025,MLB,NPB,xgboost
NPB,原　樹理,2021,26000000,1574424.75,596608726293412.5,MLB,NPB,xgboost
NPB,高橋　奎二,2021,22000000,1995804.375,400167842603269.1,MLB,NPB,xgboost
NPB,金久保　優斗,2021,12000000,975859.875,121531665495635.02,MLB,NPB,xgboost
NPB,山野　太一,2021,9500000,540852.0625,80266331766010.5,MLB,NPB,xgboost
NPB,千賀　滉大,2021,600000000,9984612,348118158076790500,MLB,NPB,xgboost
NPB,武田　翔太,2021,150000000,7892192,20194629094564864,MLB,NPB,xgboost
NPB,和田　毅,2021,150000000,10418161,19483089778621920,MLB,NPB,xgboost
NPB,石川　柊太,2021,120000000,9839842,12135260410584964,MLB,NPB,xgboost
NPB,東浜　巨,2021,80000000,4176669.5,5749177448112230,MLB,NPB,xgboost
NPB,笠谷　俊介,2021,22000000,945433.1875,443294783662026.44,MLB,NPB,xgboost
NPB,大竹　耕太郎,2021,21000000,380999.25,425143191928500.56,MLB,NPB,xgboost
NPB,上沢　直之,2021,150000000,3821151.75,21368255675696528,MLB,NPB,xgboost
NPB,加藤　貴之,2021,73000000,8127391,4208455398466881,MLB,NPB,xgboost
NPB,金子　千尋,2021,20000000,1247955.75,351639163553958.06,MLB,NPB,xgboost
NPB,立野　和明,2021,17000000,1004017.6875,255871450141812.84,MLB,NPB,xgboost
NPB,池田　隆英,2021,17000000,3883185.25,172050829185817.56,MLB,NPB,xgboost
NPB,吉田　輝星,2021,9700000,513401.96875,84393583387766.375,MLB,NPB,xgboost
NPB,生田目　翼,2021,9000000,1070594.25,62875475548133.06,MLB,NPB,xgboost
NPB,山本　由伸,2021,370000000,7602595,131331879150734030,MLB,NPB,xgboost
NPB,田嶋　大樹,2021,80000000,1641826,6140003432614276,MLB,NPB,xgboost
NPB,山岡　泰輔,2021,72000000,2742066,4796661421948356,MLB,NPB,xgboost
NPB,増井　浩俊,2021,70000000,2765069.5,4520535879339830,MLB,NPB,xgboost
NPB,宮城　大弥,2021,50000000,651555.5625,2435268968401024.5,MLB,NPB,xgboost
NPB,山﨑　福也,2021,50000000,7377231.5,1816700394604592.2,MLB,NPB,xgboost
NPB,山﨑　颯一郎,2021,13000000,1440112.25,133631004792600.06,MLB,NPB,xgboost
NPB,榊原　翼,2021,8000000,477641.46875,56585877872669.66,MLB,NPB,xgboost
NPB,本田　仁海,2021,5000000,490050,20339649002500,MLB,NPB,xgboost
NPB,田中　将大,2021,900000000,8493264,794784260333373700,MLB,NPB,xgboost
NPB,則本　昂大,2021,300000000,15147978,81140674437488480,MLB,NPB,xgboost
NPB,岸　孝之,2021,250000000,10779263,57226561010823170,MLB,NPB,xgboost
NPB,涌井　秀章,2021,110000000.00000001,4769036,11073555784369300,MLB,NPB,xgboost
NPB,早川　隆久,2021,36000000,3348506.75,1066120011454795.5,MLB,NPB,xgboost
NPB,塩見　貴洋,2021,35000000,304917.84375,1203748725828937.2,MLB,NPB,xgboost
NPB,瀧中　瞭太,2021,30000000,4416031,654539469792961,MLB,NPB,xgboost
NPB,石橋　良太,2021,16000000,2665986.75,177795909351175.56,MLB,NPB,xgboost
NPB,弓削　隼人,2021,11500000,810337.5625,114268883027698.44,MLB,NPB,xgboost
NPB,釜田　佳直,2021,10000000,544021.875,89415522300478.52,MLB,NPB,xgboost
NPB,髙橋　光成,2021,110000000.00000001,1450491.125,11782995877003708,MLB,NPB,xgboost
NPB,松本　航,2021,54000000,2179881,2685324733174161,MLB,NPB,xgboost
NPB,今井　達也,2021,51000000,717994.375,2528280089672531.5,MLB,NPB,xgboost
NPB,内海　哲也,2021,45000000,593393.875,1971946667540887.5,MLB,NPB,xgboost
NPB,浜屋　将太,2021,13100000,1063801,144870086367601,MLB,NPB,xgboost
NPB,本田　圭佑,2021,12600000,1326399.5,127094068233600.25,MLB,NPB,xgboost
NPB,渡邉　勇太朗,2021,10000000,2693001.75,53392223425503.06,MLB,NPB,xgboost
NPB,上間　永遠,2021,6500000,635171.1875,34396216999930.16,MLB,NPB,xgboost
NPB,石川　歩,2021,150000000,264725.875,22420652317288896,MLB,NPB,xgboost
NPB,美馬　学,2021,120000000,5583355,13091168653056024,MLB,NPB,xgboost
NPB,小島　和哉,2021,62000000,2756897.75,3509745164203955,MLB,NPB,xgboost
NPB,二木　康太,2021,55000000,1448064.75,2867809769020192.5,MLB,NPB,xgboost
NPB,岩下　大輝,2021,45000000,2369864.5,1817328452748360.2,MLB,NPB,xgboost
NPB,佐々木　朗希,2021,30000000,930212.0625,845052570731220.5,MLB,NPB,xgboost
NPB,鈴木　昭汰,2021,20000000,155880.453125,393789080590666.44,MLB,NPB,xgboost
NPB,土肥　星也,2021,10500000,789109.75,94301389447545.06,MLB,NPB,xgboost
NPB,本前　郁也,2021,6700000,872118.125,33964207148953.516,MLB,NPB,xgboost
NPB,西　勇輝,2022,300000000,2014318.375,88795466453515860,MLB,NPB,xgboost
NPB,青柳　晃洋,2022,240000000,2283931.5,56508929223096696,MLB,NPB,xgboost
NPB,秋山　拓巳,2022,88000000,506043.1875,7655192478707615,MLB,NPB,xgboost
NPB,伊藤　将司,2022,80000000,2751473,5967334923669729,MLB,NPB,xgboost
NPB,西　純矢,2022,28000000,1005407.25,728708037738352.5,MLB,NPB,xgboost
NPB,大竹　耕太郎,2022,20000000,2030968.25,322886102032508.06,MLB,NPB,xgboost
NPB,才木　浩人,2022,19000000,-57049.21875,363171124925860,MLB,NPB,xgboost
NPB,小川　一平,2022,13000000,1620659.5,129489390214940.25,MLB,NPB,xgboost
NPB,森木　大智,2022,12000000,687033.4375,127983212444243.06,MLB,NPB,xgboost
NPB,今永　昇太,2022,140000000,15388428,15528043876311184,MLB,NPB,xgboost
NPB,大貫　晋一,2022,88000000,10684635,5977665665083225,MLB,NPB,xgboost
NPB,石田　健大,2022,62000000,5023945,3246270843363025,MLB,NPB,xgboost
NPB,濵口　遥大,2022,62000000,4542112.5,3301408835962656,MLB,NPB,xgboost
NPB,上茶谷　大河,2022,34000000,3149823.5,951733390081152.25,MLB,NPB,xgboost
NPB,京山　将弥,2022,27900000,1373290.5,703666316897390.25,MLB,NPB,xgboost
NPB,東　克樹,2022,26100000,2348772.25,564120819632370,MLB,NPB,xgboost
NPB,坂本　裕哉,2022,23000000,637707.4375,500072128650842.8,MLB,NPB,xgboost
NPB,笠原　祥太郎,2022,9000000,757358.625,67941136836861.89,MLB,NPB,xgboost
NPB,菅野　智之,2022,500000000,12047116,238098017003917440,MLB,NPB,xgboost
NPB,戸郷　翔征,2022,90000000,2253355.25,7699473664882703,MLB,NPB,xgboost
NPB,髙橋　優貴,2022,30000000,885089.625,847678006144282.6,MLB,NPB,xgboost
NPB,山﨑　伊織,2022,25000000,-130046.953125,631519259866267.1,MLB,NPB,xgboost
NPB,横川　凱,2022,6600000,459320.9375,37707939348625.875,MLB,NPB,xgboost
NPB,堀田　賢慎,2022,6500000,804706.9375,32436363067760.63,MLB,NPB,xgboost
NPB,井上　温大,2022,6500000,395353.75,37266705837639.06,MLB,NPB,xgboost
NPB,大野　雄大,2022,300000000,6190334.5,86324119541221890,MLB,NPB,xgboost
NPB,柳　裕也,2022,108000000,10541079,9498241282484240,MLB,NPB,xgboost
NPB,涌井　秀章,2022,100000000,9000680,8280876240462400,MLB,NPB,xgboost
NPB,小笠原　慎之介,2022,66000000,2217382.75,4068222263259997.5,MLB,NPB,xgboost
NPB,松葉　貴大,2022,50000000,3986653.75,2117228033122389,MLB,NPB,xgboost
NPB,髙橋　宏斗,2022,35000000,1084147.875,1150285025364867,MLB,NPB,xgboost
NPB,福谷　浩司,2022,22000000,1333639.125,427098471815730.75,MLB,NPB,xgboost
NPB,岡田　俊哉,2022,19000000,1766657.625,296988089413970.6,MLB,NPB,xgboost
NPB,勝野　昌慶,2022,19000000,735698.125,333584722981128.5,MLB,NPB,xgboost
NPB,鈴木　博志,2022,13500000,2017594.125,131845644678234.52,MLB,NPB,xgboost
NPB,岡野　祐一郎,2022,8500000,1572216,47994191150656,MLB,NPB,xgboost
NPB,上田　洸太朗,2022,8100000,1136932.375,48484310750323.14,MLB,NPB,xgboost
NPB,大瀬良　大地,2022,180000000,3283622.5,31228678076722508,MLB,NPB,xgboost
NPB,九里　亜蓮,2022,140000000,7593901.5,17531374919991702,MLB,NPB,xgboost
NPB,森下　暢仁,2022,110000000.00000001,7011537,10606623511102372,MLB,NPB,xgboost
NPB,野村　祐輔,2022,55000000,978891.625,2918280150063495,MLB,NPB,xgboost
NPB,床田　寛樹,2022,50000000,2918602.75,2216657967012307.5,MLB,NPB,xgboost
NPB,遠藤　淳志,2022,26000000,-528739.25,703774006194490.5,MLB,NPB,xgboost
NPB,大道　温貴,2022,13000000,805413,148707952100569,MLB,NPB,xgboost
NPB,玉村　昇悟,2022,13000000,621023.9375,153239048355948,MLB,NPB,xgboost
NPB,サイスニード,2022,195000000,5846993.5,35778859867989044,MLB,NPB,xgboost
NPB,小川　泰弘,2022,160000000,6748374.5,23486060718392252,MLB,NPB,xgboost
NPB,石川　雅規,2022,90000000,2808154,7602418008887716,MLB,NPB,xgboost
NPB,高橋　奎二,2022,50000000,2482843,2257880209362649,MLB,NPB,xgboost
NPB,高梨　裕稔,2022,43000000,8079207,1219461783748849,MLB,NPB,xgboost
NPB,原　樹理,2022,38000000,3625464.5,1181608690840760.2,MLB,NPB,xgboost
NPB,奥川　恭伸,2022,27000000,442761.625,705286910106572.6,MLB,NPB,xgboost
NPB,山下　輝,2022,14000000,1595111.375,153881261798654.38,MLB,NPB,xgboost
NPB,小澤　怜史,2022,11000000,1070309.5,98598753425790.25,MLB,NPB,xgboost
NPB,吉田　大喜,2022,11000000,2060464,79915303895296,MLB,NPB,xgboost
NPB,金久保　優斗,2022,10000000,536145.25,89564546729097.56,MLB,NPB,xgboost
NPB,阪口　皓亮,2022,9000000,644294.125,69817820669509.516,MLB,NPB,xgboost
NPB,和田　毅,2022,165000000,18000798,21608765388636804,MLB,NPB,xgboost
NPB,東浜　巨,2022,150000000,6620251.5,20557752279923252,MLB,NPB,xgboost
NPB,石川　柊太,2022,150000000,6684879,20539223907244640,MLB,NPB,xgboost
NPB,大関　友久,2022,45000000,1294390.375,1910180312692892.8,MLB,NPB,xgboost
NPB,杉山　一樹,2022,16000000,726739.625,233272482482545.12,MLB,NPB,xgboost
NPB,奥村　政稔,2022,9000000,495461.1875,72327180413318.9,MLB,NPB,xgboost
NPB,田上　奏大,2022,6500000,824058.5625,32216311201929.566,MLB,NPB,xgboost
NPB,上沢　直之,2022,170000000,5241236.5,27145450150048932,MLB,NPB,xgboost
NPB,加藤　貴之,2022,135000000,7703937.5,16204287528003906,MLB,NPB,xgboost
NPB,杉浦　稔大,2022,60000000,9762413,2523815147582569,MLB,NPB,xgboost
NPB,立野　和明,2022,16000000,651415.5,235579046153640.25,MLB,NPB,xgboost
NPB,池田　隆英,2022,16000000,376444.09375,244095499155719.25,MLB,NPB,xgboost
NPB,根本　悠楓,2022,13000000,1594766.5,130079351189522.25,MLB,NPB,xgboost
NPB,達　孝太,2022,10000000,533994.6875,89605256576278.22,MLB,NPB,xgboost
NPB,生田目　翼,2022,9000000,122262.2265625,78814227973919.02,MLB,NPB,xgboost
NPB,田中　瑛斗,2022,7000000,950571.3125,36595587445147.97,MLB,NPB,xgboost
NPB,山本　由伸,2022,650000000,13518881,405108214843492160,MLB,NPB,xgboost
NPB,田嶋　大樹,2022,110000000.00000001,3008231.25,11447238580253480,MLB,NPB,xgboost
NPB,宮城　大弥,2022,80000000,905988.9375,6255862585954872,MLB,NPB,xgboost
NPB,山岡　泰輔,2022,72000000,4215775,4594701158850625,MLB,NPB,xgboost
NPB,山﨑　福也,2022,60000000,5944593,2921987025935649,MLB,NPB,xgboost
NPB,竹安　大知,2022,21000000,227599.9375,431492604356550,MLB,NPB,xgboost
NPB,椋木　蓮,2022,16000000,695011.5625,234242671072008.7,MLB,NPB,xgboost
NPB,東　晃平,2022,8000000,445485.625,57070687442081.64,MLB,NPB,xgboost
NPB,田中　将大,2022,475000000,7427227.5,218624297583336770,MLB,NPB,xgboost
NPB,則本　昂大,2022,300000000,7033571.5,85829328228045620,MLB,NPB,xgboost
NPB,岸　孝之,2022,250000000,11635303,56817728775901810,MLB,NPB,xgboost
NPB,辛島　航,2022,80000000,3551497.75,5844373496268255,MLB,NPB,xgboost
NPB,早川　隆久,2022,33000000,-1338.880859375,1089088367929320.8,MLB,NPB,xgboost
NPB,瀧中　瞭太,2022,26000000,3424060,509673066883600,MLB,NPB,xgboost
NPB,藤井　聖,2022,10500000,1286753.875,84883904159827.52,MLB,NPB,xgboost
NPB,高田　孝一,2022,10000000,554990.3125,89208207996968.84,MLB,NPB,xgboost
NPB,藤平　尚真,2022,10000000,377932,92584192596624,MLB,NPB,xgboost
NPB,松井　友飛,2022,7000000,539779.5625,41734448101092.69,MLB,NPB,xgboost
NPB,髙橋　光成,2022,180000000,4865242,30672183459718564,MLB,NPB,xgboost
NPB,松本　航,2022,65000000,2912260,3854887458307600,MLB,NPB,xgboost
NPB,今井　達也,2022,45000000,1961753,1852290704833009,MLB,NPB,xgboost
NPB,與座　海人,2022,33000000,2923174.5,904615432157450.25,MLB,NPB,xgboost
NPB,隅田　知一郎,2022,20000000,2098254.25,320472500897643.06,MLB,NPB,xgboost
NPB,佐藤　隼輔,2022,16000000,954488.8125,226367406893187.66,MLB,NPB,xgboost
NPB,渡邉　勇太朗,2022,8500000,620544.5,62085818976480.25,MLB,NPB,xgboost
NPB,石川　歩,2022,150000000,2674657,21704756690067648,MLB,NPB,xgboost
NPB,美馬　学,2022,140000000,12109230,16356049051192900,MLB,NPB,xgboost
NPB,佐々木　朗希,2022,80000000,4749121,5662694790272641,MLB,NPB,xgboost
NPB,小島　和哉,2022,68000000,3114499,4210128240021001,MLB,NPB,xgboost
NPB,二木　康太,2022,46000000,2500829.75,1892177812438485,MLB,NPB,xgboost
NPB,種市　篤暉,2022,18000000,752451.375,297477933571739.4,MLB,NPB,xgboost
NPB,鈴木　昭汰,2022,16000000,531996.875,239259120675009.75,MLB,NPB,xgboost
NPB,河村　説人,2022,15000000,742723.3125,203269938543930.97,MLB,NPB,xgboost
NPB,本前　郁也,2022,13000000,1460254.75,133165720434897.56,MLB,NPB,xgboost
NPB,佐藤　奨真,2022,9000000,342807.40625,74946983605279.86,MLB,NPB,xgboost
NPB,森　遼大朗,2022,4600000,490225.375,16890247468293.89,MLB,NPB,xgboost
NPB,西　勇輝,2023,300000000,2746387.75,88359709995673340,MLB,NPB,xgboost
NPB,青柳　晃洋,2023,210000000,6277363.5,41502912622511136,MLB,NPB,xgboost
NPB,伊藤　将司,2023,160000000,5230533.5,23953587760694624,MLB,NPB,xgboost
NPB,大竹　耕太郎,2023,67000000,2934612.75,4104373843492462.5,MLB,NPB,xgboost
NPB,村上　頌樹,2023,67000000,4967665.5,3848010523519890,MLB,NPB,xgboost
NPB,才木　浩人,2023,50000000,4542032,2066426854689024,MLB,NPB,xgboost
NPB,秋山　拓巳,2023,44000000,-423435.6875,1973441638281448.5,MLB,NPB,xgboost
NPB,西　純矢,2023,38000000,677297.9375,1392984089246141.8,MLB,NPB,xgboost
NPB,門別　啓人,2023,8000000,523715.125,55894835532153.766,MLB,NPB,xgboost
NPB,東　克樹,2023,105000000,8032709,9402655523878680,MLB,NPB,xgboost
NPB,石田　健大,2023,80000000,6127397.5,5457161400123006,MLB,NPB,xgboost
NPB,大貫　晋一,2023,77000000,3851986.5,5350631878996182,MLB,NPB,xgboost
NPB,濵口　遥大,2023,54000000,1365832,2770355641052224,MLB,NPB,xgboost
NPB,森　唯斗,2023,50000000,3265227.75,2184138937259370,MLB,NPB,xgboost
NPB,平良　拳太郎,2023,26000000,5460537,421869540328369,MLB,NPB,xgboost
NPB,菅野　智之,2023,400000000,6273453,155020593812543200,MLB,NPB,xgboost
NPB,戸郷　翔征,2023,180000000,484531.8125,32225803318577324,MLB,NPB,xgboost
NPB,山﨑　伊織,2023,51000000,2082516,2392920240890256,MLB,NPB,xgboost
NPB,高橋　礼,2023,43000000,230737.890625,1829209781380420,MLB,NPB,xgboost
NPB,赤星　優志,2023,30000000,-230420.4375,913878319828017.75,MLB,NPB,xgboost
NPB,髙橋　優貴,2023,23000000,1086714.5,480192081404510.25,MLB,NPB,xgboost
NPB,横川　凱,2023,17000000,699673.6875,265700637893979.84,MLB,NPB,xgboost
NPB,井上　温大,2023,6700000,418372.90625,39458838944934.07,MLB,NPB,xgboost
NPB,大野　雄大,2023,300000000,8230331.5,85129539456599890,MLB,NPB,xgboost
NPB,柳　裕也,2023,148000000,6160509,20118441207139080,MLB,NPB,xgboost
NPB,涌井　秀章,2023,100000000,9879556,8121694426757136,MLB,NPB,xgboost
NPB,小笠原　慎之介,2023,93000000,3403693,8027498228038249,MLB,NPB,xgboost
NPB,髙橋　宏斗,2023,63000000,-314552.8125,4008732597846851.5,MLB,NPB,xgboost
NPB,松葉　貴大,2023,50000000,4552095.5,2065512023441120.2,MLB,NPB,xgboost
NPB,福谷　浩司,2023,20000000,308022.21875,387773988937243.7,MLB,NPB,xgboost
NPB,根尾　昂,2023,16000000,1391715.375,213401979685011.38,MLB,NPB,xgboost
NPB,仲地　礼亜,2023,15000000,1288547.5,188003929659756.25,MLB,NPB,xgboost
NPB,梅津　晃大,2023,10000000,2032706.25,63477769698789.06,MLB,NPB,xgboost
NPB,大瀬良　大地,2023,180000000,4603505,30763930458285024,MLB,NPB,xgboost
NPB,九里　亜蓮,2023,140000000,5922941,17976657750089480,MLB,NPB,xgboost
NPB,森下　暢仁,2023,130000000,3156174,16089356194318276,MLB,NPB,xgboost
NPB,床田　寛樹,2023,100000000,6538846.5,8734987213550562,MLB,NPB,xgboost
NPB,野村　祐輔,2023,44500000,2328894.25,1778402160177683,MLB,NPB,xgboost
NPB,遠藤　淳志,2023,25000000,1210343.375,565947762335406.4,MLB,NPB,xgboost
NPB,森　翔平,2023,18000000,1168680.5,283293316111080.25,MLB,NPB,xgboost
NPB,玉村　昇悟,2023,16000000,384944.96875,243829943628965.94,MLB,NPB,xgboost
NPB,黒原　拓未,2023,14000000,806546.125,174067225151752.5,MLB,NPB,xgboost
NPB,サイスニード,2023,232500000,5670795,51451488240932024,MLB,NPB,xgboost
NPB,小川　泰弘,2023,160000000,5228825.5,23954116456109452,MLB,NPB,xgboost
NPB,石川　雅規,2023,67500000,7365799.5,3616122069774200,MLB,NPB,xgboost
NPB,高橋　奎二,2023,48000000,1816247.625,2132938983435318.2,MLB,NPB,xgboost
NPB,吉村　貢司郎,2023,21000000,2522723.75,341409737618814.06,MLB,NPB,xgboost
NPB,宮川　哲,2023,20000000,987750.875,361465616791063.25,MLB,NPB,xgboost
NPB,山野　太一,2023,9000000,425476.1875,73522458611129.53,MLB,NPB,xgboost
NPB,金久保　優斗,2023,9000000,278813.46875,76059094512856.4,MLB,NPB,xgboost
NPB,有原　航平,2023,500000000,8648417,241426378116605900,MLB,NPB,xgboost
NPB,和田　毅,2023,200000000,13208893,34890917654285448,MLB,NPB,xgboost
NPB,東浜　巨,2023,150000000,4476636.5,21177049324353132,MLB,NPB,xgboost
NPB,石川　柊太,2023,120000000,5852548.5,13029640683944852,MLB,NPB,xgboost
NPB,大関　友久,2023,55000000,2286388.25,2778724863729738,MLB,NPB,xgboost
NPB,加藤　貴之,2023,300000000,4569391.5,87279244438680270,MLB,NPB,xgboost
NPB,山﨑　福也,2023,60000000,7324342.5,2774724893057306,MLB,NPB,xgboost
NPB,上原　健太,2023,40000000,5193722.5,1211476953407006.2,MLB,NPB,xgboost
NPB,北山　亘基,2023,33000000,796690.1875,1037053162879858.8,MLB,NPB,xgboost
NPB,鈴木　健矢,2023,30000000,3144992,721191454680064,MLB,NPB,xgboost
NPB,根本　悠楓,2023,16000000,65502.55078125,253908208959158.84,MLB,NPB,xgboost
NPB,金村　尚真,2023,12000000,842981.4375,124479063203969.56,MLB,NPB,xgboost
NPB,田中　瑛斗,2023,7500000,582373.9375,47853550340579.25,MLB,NPB,xgboost
NPB,宮城　大弥,2023,160000000,1030113.625,25271424774080412,MLB,NPB,xgboost
NPB,田嶋　大樹,2023,95000000,4077295.75,8266938148132968,MLB,NPB,xgboost
NPB,山下　舜平大,2023,40000000,1214811.375,1504290856676829.5,MLB,NPB,xgboost
NPB,東　晃平,2023,24000000,1669021.875,498672584019228.5,MLB,NPB,xgboost
NPB,曽谷　龍平,2023,16000000,1174136.125,219806239640030,MLB,NPB,xgboost
NPB,齋藤　響介,2023,6000000,453369,30765115450161,MLB,NPB,xgboost
NPB,則本　昂大,2023,300000000,11653741,83143565079295090,MLB,NPB,xgboost
NPB,田中　将大,2023,260000000,4158769.75,65454735095833510,MLB,NPB,xgboost
NPB,岸　孝之,2023,210000000,8712993,40516459187018050,MLB,NPB,xgboost
NPB,辛島　航,2023,80000000,2941075.75,5938077806567238,MLB,NPB,xgboost
NPB,早川　隆久,2023,33000000,2416646,935341541889316,MLB,NPB,xgboost
NPB,荘司　康誠,2023,30000000,18982.24609375,898861425560041.75,MLB,NPB,xgboost
NPB,瀧中　瞭太,2023,23000000,1875527,446243359527729,MLB,NPB,xgboost
NPB,藤平　尚真,2023,14500000,680948.4375,190966186087033.7,MLB,NPB,xgboost
NPB,藤井　聖,2023,13000000,1719772.625,127243529631699.39,MLB,NPB,xgboost
NPB,松井　友飛,2023,8000000,979161.1875,49292177631106.41,MLB,NPB,xgboost
NPB,髙橋　光成,2023,265000000,-542967.0625,70513067356355960,MLB,NPB,xgboost
NPB,平良　海馬,2023,250000000,1803355.25,61601574465157704,MLB,NPB,xgboost
NPB,今井　達也,2023,80000000,2719574.25,5972264204101263,MLB,NPB,xgboost
NPB,松本　航,2023,58000000,5963044,2707844789745936,MLB,NPB,xgboost
NPB,隅田　知一郎,2023,40000000,2441479.5,1410642462148920.2,MLB,NPB,xgboost
NPB,與座　海人,2023,30000000,3223967.75,716955903053040,MLB,NPB,xgboost
NPB,渡邉　勇太朗,2023,8200000,574447.75,58149047117480.06,MLB,NPB,xgboost
NPB,美馬　学,2023,140000000,2019404.25,19038644803524920,MLB,NPB,xgboost
NPB,小島　和哉,2023,105000000,5217441,9956559080588480,MLB,NPB,xgboost
NPB,西野　勇士,2023,85000000,8810082,5804903604846724,MLB,NPB,xgboost
NPB,佐々木　朗希,2023,80000000,5076475,5613534598425625,MLB,NPB,xgboost
NPB,種市　篤暉,2023,52000000,1673470.75,2532759546351105.5,MLB,NPB,xgboost
NPB,菊地　吏玖,2023,16000000,628920.625,236270081152550.38,MLB,NPB,xgboost
NPB,本前　郁也,2023,12000000,799281.875,125456086515703.52,MLB,NPB,xgboost
NPB,森　遼大朗,2023,7000000,743967.625,39137941077048.14,MLB,NPB,xgboost
NPB,西　勇輝,2024,300000000,3381788,87982363690076940,MLB,NPB,xgboost
NPB,伊藤　将司,2024,140000000,1254833,19250221365857888,MLB,NPB,xgboost
NPB,才木　浩人,2024,120000000,3152601.5,13653314536217802,MLB,NPB,xgboost
NPB,大竹　耕太郎,2024,90000000,8306666,6673800820035556,MLB,NPB,xgboost
NPB,村上　頌樹,2024,80000000,613578.0625,6302203988038781,MLB,NPB,xgboost
NPB,及川　雅貴,2024,30000000,714709.5625,857628236008729,MLB,NPB,xgboost
NPB,髙橋　遥人,2024,25000000,7521220,305507750288400,MLB,NPB,xgboost
NPB,東　克樹,2024,210000000,8338407.5,40667397889636056,MLB,NPB,xgboost
NPB,石田　健大,2024,100000000,2836769.25,9440693409777746,MLB,NPB,xgboost
NPB,大貫　晋一,2024,72000000,4984275,4491107397275625,MLB,NPB,xgboost
NPB,平良　拳太郎,2024,26000000,2108902.25,570784551700055,MLB,NPB,xgboost
NPB,吉野　光樹,2024,14000000,2136172.25,140750408881670.06,MLB,NPB,xgboost
NPB,石田　裕太郎,2024,13000000,2107732.75,118641485845422.56,MLB,NPB,xgboost
NPB,小園　健太,2024,6900000,743666.6875,37900439854597.22,MLB,NPB,xgboost
NPB,松本　隆之介,2024,5600000,843244.625,22626721697591.39,MLB,NPB,xgboost
NPB,戸郷　翔征,2024,300000000,1446521.125,89134179748365070,MLB,NPB,xgboost
NPB,田中　将大,2024,160000000,1908473.875,24992930632531556,MLB,NPB,xgboost
NPB,山﨑　伊織,2024,90000000,2221700,770502995089e4,MLB,NPB,xgboost
NPB,高橋　礼,2024,37000000,877589.9375,1304828508723401.2,MLB,NPB,xgboost
NPB,井上　温大,2024,34000000,2170992.5,1013085718435056.2,MLB,NPB,xgboost
NPB,又木　鉄平,2024,10000000,642518.25,87562464701583.06,MLB,NPB,xgboost
NPB,髙橋　宏斗,2024,120000000,10405.6484375,14397502752652520,MLB,NPB,xgboost
NPB,大野　雄大,2024,120000000,4707957.5,13292255063821806,MLB,NPB,xgboost
NPB,柳　裕也,2024,110000000.00000001,2318942,11595210251999368,MLB,NPB,xgboost
NPB,涌井　秀章,2024,90000000,10593679,6305363814755041,MLB,NPB,xgboost
NPB,松葉　貴大,2024,50000000,2941055.75,2214544233924608,MLB,NPB,xgboost
NPB,梅津　晃大,2024,14000000,3716027.75,105760085238770.06,MLB,NPB,xgboost
NPB,仲地　礼亜,2024,11500000,1199695.5,106096272792720.25,MLB,NPB,xgboost
NPB,松木平　優太,2024,10500000,509172.75,99816629139342.56,MLB,NPB,xgboost
NPB,大瀬良　大地,2024,200000000,3149721.5,38750032145527560,MLB,NPB,xgboost
NPB,森下　暢仁,2024,165000000,3610172,26046676581869584,MLB,NPB,xgboost
NPB,床田　寛樹,2024,150000000,7426814.5,20327113223617412,MLB,NPB,xgboost
NPB,アドゥワ　誠,2024,34000000,2723804,978200436230416,MLB,NPB,xgboost
NPB,玉村　昇悟,2024,26000000,-811034.5625,718831574311569.6,MLB,NPB,xgboost
NPB,森　翔平,2024,20000000,3226532.5,281349211973556.25,MLB,NPB,xgboost
NPB,常廣　羽也斗,2024,16000000,888356.25,228361776826914.06,MLB,NPB,xgboost
NPB,小川　泰弘,2024,110000000.00000001,396827.40625,12012855442615354,MLB,NPB,xgboost
NPB,高橋　奎二,2024,58000000,8528850,2447394682322500,MLB,NPB,xgboost
NPB,吉村　貢司郎,2024,50000000,4852928,2038258110173184,MLB,NPB,xgboost
NPB,青柳　晃洋,2024,50000000,3673769.25,2146119655502245.5,MLB,NPB,xgboost
NPB,石川　雅規,2024,40000000,7294636.5,1069640801667132.2,MLB,NPB,xgboost
NPB,高梨　裕稔,2024,30000000,4742739.5,637929207964860.25,MLB,NPB,xgboost
NPB,奥川　恭伸,2024,21000000,612617.625,415645360104460.6,MLB,NPB,xgboost
NPB,松本　健吾,2024,16000000,760890,232230473592100,MLB,NPB,xgboost
NPB,山野　太一,2024,14000000,860723.5625,172640585301042.7,MLB,NPB,xgboost
NPB,阪口　皓亮,2024,10000000,761898.25,85342523943353.06,MLB,NPB,xgboost
NPB,有原　航平,2024,400000000,11746486,150740791133348200,MLB,NPB,xgboost
NPB,東浜　巨,2024,150000000,3992022.25,21318329566644496,MLB,NPB,xgboost
NPB,大関　友久,2024,90000000,2375025.25,7678136199938138,MLB,NPB,xgboost
NPB,大津　亮介,2024,55000000,1225617.875,2891684172925519.5,MLB,NPB,xgboost
NPB,濵口　遥大,2024,46000000,3205898,1831335165986404,MLB,NPB,xgboost
NPB,前田　悠伍,2024,10000000,473319.4375,90757642539915.31,MLB,NPB,xgboost
NPB,松本　晴,2024,9000000,517482.28125,71953106848907.7,MLB,NPB,xgboost
NPB,前田　純,2024,7500000,510384.125,48854730080052.016,MLB,NPB,xgboost
NPB,加藤　貴之,2024,300000000,9176556,84578275580021140,MLB,NPB,xgboost
NPB,山﨑　福也,2024,250000000,3927356,60551746125150736,MLB,NPB,xgboost
NPB,伊藤　大海,2024,220000000.00000003,13226529,42755268309387856,MLB,NPB,xgboost
NPB,北山　亘基,2024,46000000,3812890,1779752250152100,MLB,NPB,xgboost
NPB,金村　尚真,2024,36000000,1331979.375,1201871654055425.5,MLB,NPB,xgboost
NPB,上原　健太,2024,36000000,435020.59375,1264867760166986.5,MLB,NPB,xgboost
NPB,福谷　浩司,2024,20000000,503149.4375,380127181856456.56,MLB,NPB,xgboost
NPB,福島　蓮,2024,16000000,779061.25,231676976431251.56,MLB,NPB,xgboost
NPB,根本　悠楓,2024,15000000,552693.4375,208724666910855.56,MLB,NPB,xgboost
NPB,細野　晴希,2024,13000000,658898.4375,152302787775939.94,MLB,NPB,xgboost
NPB,達　孝太,2024,10500000,500360.78125,99992784505163.11,MLB,NPB,xgboost
NPB,宮城　大弥,2024,200000000,1334927.5,39467811031430256,MLB,NPB,xgboost
NPB,九里　亜蓮,2024,140000000,6430897.5,17840705142655506,MLB,NPB,xgboost
NPB,田嶋　大樹,2024,100000000,7332376.5,8587288445137752,MLB,NPB,xgboost
NPB,曽谷　龍平,2024,38000000,2333903,1272070475213409,MLB,NPB,xgboost
NPB,山下　舜平大,2024,36000000,1624238.125,1181693004486703.5,MLB,NPB,xgboost
NPB,東　晃平,2024,24000000,1872138.25,489642265627113.06,MLB,NPB,xgboost
NPB,齋藤　響介,2024,12000000,1050962.75,119881416701887.56,MLB,NPB,xgboost
NPB,佐藤　一磨,2024,9000000,681231.25,69201913515976.56,MLB,NPB,xgboost
NPB,岸　孝之,2024,220000000.00000003,8183771,44866114867780456,MLB,NPB,xgboost
NPB,早川　隆久,2024,70000000,6392163.5,4045956864210732,MLB,NPB,xgboost
NPB,藤井　聖,2024,37000000,7878712,848049414778944,MLB,NPB,xgboost
NPB,内　星龍,2024,31000000,536587.5625,928019497337229.75,MLB,NPB,xgboost
NPB,瀧中　瞭太,2024,28000000,1660422.125,693773362633189.5,MLB,NPB,xgboost
NPB,荘司　康誠,2024,27000000,595188.4375,697214073651133.75,MLB,NPB,xgboost
NPB,古謝　樹,2024,23000000,658787.125,499129792726065.75,MLB,NPB,xgboost
NPB,髙橋　光成,2024,210000000,2927724.25,42878927384284040,MLB,NPB,xgboost
NPB,今井　達也,2024,180000000,5984621.5,30281351954498264,MLB,NPB,xgboost
NPB,隅田　知一郎,2024,90000000,7106463,6871338476370369,MLB,NPB,xgboost
NPB,武内　夏暉,2024,45000000,5883638.5,1530089736998682.2,MLB,NPB,xgboost
NPB,與座　海人,2024,25000000,647235.75,593057126616078,MLB,NPB,xgboost
NPB,渡邉　勇太朗,2024,20000000,913459.125,364296042573045.75,MLB,NPB,xgboost
NPB,青山　美夏人,2024,15500000,363506.9375,229113422231110.62,MLB,NPB,xgboost
NPB,杉山　遙希,2024,7000000,895825,37260952430625,MLB,NPB,xgboost
NPB,菅井　信也,2024,6700000,555195.25,37758625415622.56,MLB,NPB,xgboost
NPB,石川　柊太,2024,200000000,7196122.5,37173335179035010,MLB,NPB,xgboost
NPB,小島　和哉,2024,160000000,8496850,22953204459922500,MLB,NPB,xgboost
NPB,西野　勇士,2024,150000000,6359444,20632609327989136,MLB,NPB,xgboost
NPB,石川　歩,2024,90000000,7973788.5,6728299373042732,MLB,NPB,xgboost
NPB,種市　篤暉,2024,85000000,2543727,6799036957050529,MLB,NPB,xgboost
NPB,唐川　侑己,2024,58000000,7454465.5,2554851057890690,MLB,NPB,xgboost
NPB,美馬　学,2024,40000000,1712643.125,1465921696473609.8,MLB,NPB,xgboost
NPB,中森　俊介,2024,16000000,299671.3125,246500320895535.47,MLB,NPB,xgboost
NPB,田中　晴也,2024,11000000,888713.3125,102238118476814.72,MLB,NPB,xgboost
NPB,西　勇輝,2025,300000000,514565.84375,89691525271757550,MLB,NPB,xgboost
NPB,才木　浩人,2025,250000000,5059952.5,59995626869302256,MLB,NPB,xgboost
NPB,村上　頌樹,2025,229999999.99999997,4704413,50758101521674550,MLB,NPB,xgboost
NPB,伊藤　将司,2025,140000000,1244753,19253018570031008,MLB,NPB,xgboost
NPB,大竹　耕太郎,2025,130000000,5784763,15429425102966168,MLB,NPB,xgboost
NPB,伊原　陵人,2025,36000000,607418,1252634860626724,MLB,NPB,xgboost
NPB,髙橋　遥人,2025,30000000,12021137,323239514772769,MLB,NPB,xgboost
NPB,門別　啓人,2025,12000000,692351.375,127862917426464.39,MLB,NPB,xgboost
NPB,早川　太貴,2025,7200000,-275252.8125,55879404610789.16,MLB,NPB,xgboost
NPB,東　克樹,2025,300000000,12746033,82514841557237090,MLB,NPB,xgboost
NPB,藤浪　晋太郎,2025,80000000,2681385.5,5978168148199610,MLB,NPB,xgboost
NPB,大貫　晋一,2025,63000000,5280398,3331552455038404,MLB,NPB,xgboost
NPB,平良　拳太郎,2025,30000000,3179824.25,719321827260888,MLB,NPB,xgboost
NPB,石田　裕太郎,2025,30000000,1385721.5,818776934075562.25,MLB,NPB,xgboost
NPB,竹田　祐,2025,20000000,820059.0625,367870134365988.4,MLB,NPB,xgboost
NPB,吉野　光樹,2025,11000000,1231720.125,95419291716330.02,MLB,NPB,xgboost
NPB,小園　健太,2025,6600000,647249.625,35435237027062.64,MLB,NPB,xgboost
NPB,戸郷　翔征,2025,240000000,2271650.5,56514768155994150,MLB,NPB,xgboost
NPB,山﨑　伊織,2025,180000000,3162596,31271467453459216,MLB,NPB,xgboost
NPB,田中　将大,2025,100000000,1662217.125,9670319540770644,MLB,NPB,xgboost
NPB,赤星　優志,2025,48000000,1969509.75,2118806032655345,MLB,NPB,xgboost
NPB,井上　温大,2025,38000000,1865944.125,1305669993977622,MLB,NPB,xgboost
NPB,森田　駿哉,2025,15000000,754965.6875,202921002564302.34,MLB,NPB,xgboost
NPB,柳　裕也,2025,200000000,3153560,38748520940673600,MLB,NPB,xgboost
NPB,髙橋　宏斗,2025,200000000,568639.25,39772867650596640,MLB,NPB,xgboost
NPB,大野　雄大,2025,170000000,8674515,26025912110485224,MLB,NPB,xgboost
NPB,松葉　貴大,2025,100000000,7954086.5,8472450192049482,MLB,NPB,xgboost
NPB,涌井　秀章,2025,70000000,8168223,3823168646977729,MLB,NPB,xgboost
NPB,金丸　夢斗,2025,25000000,420597.90625,604147007286241.9,MLB,NPB,xgboost
NPB,草加　勝,2025,11000000,593977.8125,108285297766742.28,MLB,NPB,xgboost
NPB,三浦　瑞樹,2025,9000000,1627817.125,54349080342443.266,MLB,NPB,xgboost
NPB,松木平　優太,2025,9000000,520164.96875,71907602157214.69,MLB,NPB,xgboost
NPB,仲地　礼亜,2025,9000000,542745.625,71525151563456.64,MLB,NPB,xgboost
NPB,森下　暢仁,2025,200000000,2346792.5,39066790435038056,MLB,NPB,xgboost
NPB,大瀬良　大地,2025,200000000,4484491,38226314259529080,MLB,NPB,xgboost
NPB,床田　寛樹,2025,185000000,5692598,32151144411989604,MLB,NPB,xgboost
NPB,森　翔平,2025,38000000,4626346.5,1113800747938062.2,MLB,NPB,xgboost
NPB,玉村　昇悟,2025,33000000,1989162.375,961672050204115.6,MLB,NPB,xgboost
NPB,アドゥワ　誠,2025,29000000,1760360.5,741997960089960.25,MLB,NPB,xgboost
NPB,髙　太一,2025,18000000,1384156.25,276086263524414.06,MLB,NPB,xgboost
NPB,常廣　羽也斗,2025,14000000,880945,172109604093025,MLB,NPB,xgboost
NPB,佐藤　柳之介,2025,12000000,331171.15625,136161566584731.97,MLB,NPB,xgboost
NPB,斉藤　優汰,2025,7000000,721988.5625,39413427609380.81,MLB,NPB,xgboost
NPB,小川　泰弘,2025,89000000,2877456.25,7417092541970664,MLB,NPB,xgboost
NPB,吉村　貢司郎,2025,75000000,4620467,4953278665298089,MLB,NPB,xgboost
NPB,青柳　晃洋,2025,50000000,2049574.25,2299243329606263,MLB,NPB,xgboost
NPB,高橋　奎二,2025,46000000,4507629.5,1721616809709270.2,MLB,NPB,xgboost
NPB,高梨　裕稔,2025,43000000,2956199.75,1603505938461900,MLB,NPB,xgboost
NPB,奥川　恭伸,2025,32000000,1092623.75,955265906659064,MLB,NPB,xgboost
NPB,石川　雅規,2025,32000000,5244625.5,715850064635250.25,MLB,NPB,xgboost
NPB,山野　太一,2025,23000000,2448157.25,422378240420727.56,MLB,NPB,xgboost
NPB,中村　優斗,2025,17000000,403845,275432360784025,MLB,NPB,xgboost
NPB,上沢　直之,2025,250000000,6824018,59134558221664320,MLB,NPB,xgboost
NPB,大関　友久,2025,170000000,1744460.375,28309926614499944,MLB,NPB,xgboost
NPB,東浜　巨,2025,110000000.00000001,2871933.5,11476422632028426,MLB,NPB,xgboost
NPB,大津　亮介,2025,68000000,3628837.25,4143646593786987.5,MLB,NPB,xgboost
NPB,松本　晴,2025,36000000,2640219.5,1112874955008180.2,MLB,NPB,xgboost
NPB,前田　純,2025,18000000,1423979.5,274764455616420.25,MLB,NPB,xgboost
NPB,前田　悠伍,2025,11000000,637156.3125,107388529291558.6,MLB,NPB,xgboost
NPB,有原　航平,2025,500000000,6810684.5,243235700923358530,MLB,NPB,xgboost
NPB,伊藤　大海,2025,340000000,16469626,104671902900579870,MLB,NPB,xgboost
NPB,加藤　貴之,2025,300000000,2042231,88778832107457360,MLB,NPB,xgboost
NPB,山﨑　福也,2025,250000000,832517.75,62084434210804064,MLB,NPB,xgboost
NPB,北山　亘基,2025,95000000,2654038.25,8527776651532463,MLB,NPB,xgboost
NPB,古林　睿煬,2025,75000000,1502167.125,5401931437321431,MLB,NPB,xgboost
NPB,達　孝太,2025,42000000,1616847.875,1630798975550892,MLB,NPB,xgboost
NPB,福島　蓮,2025,29000000,1389881,762318671194161,MLB,NPB,xgboost
NPB,細野　晴希,2025,17000000,195830.734375,282380104707775.9,MLB,NPB,xgboost
NPB,柴田　獅子,2025,9900000,1677784.875,67604821561778.766,MLB,NPB,xgboost
NPB,宮城　大弥,2025,220000000.00000003,1775837.75,47621784989714336,MLB,NPB,xgboost
NPB,九里　亜蓮,2025,160000000,8030374,23094767226579876,MLB,NPB,xgboost
NPB,田嶋　大樹,2025,110000000.00000001,3858190.75,11266083670863388,MLB,NPB,xgboost
NPB,曽谷　龍平,2025,55000000,1494297.875,2862860159889229.5,MLB,NPB,xgboost
NPB,山下　舜平大,2025,30000000,1013875.6875,840195402659703.6,MLB,NPB,xgboost
NPB,東　晃平,2025,19000000,974170.5625,324930526909841.56,MLB,NPB,xgboost
NPB,寺西　成騎,2025,14000000,824775.25,173586547213012.56,MLB,NPB,xgboost
NPB,佐藤　一磨,2025,8000000,822312.8125,51519193361601.66,MLB,NPB,xgboost
NPB,山口　廉王,2025,5500000,480384.53125,25196539454114.28,MLB,NPB,xgboost
NPB,岸　孝之,2025,180000000,8757677,29323933186436328,MLB,NPB,xgboost
NPB,辛島　航,2025,80000000,1733575.625,6125633184447594,MLB,NPB,xgboost
NPB,早川　隆久,2025,60000000,2448218,3312207611375524,MLB,NPB,xgboost
NPB,藤井　聖,2025,47000000,3456729.25,1896016427607805.5,MLB,NPB,xgboost
NPB,内　星龍,2025,44000000,468941.6875,1894953037806275.2,MLB,NPB,xgboost
NPB,瀧中　瞭太,2025,40000000,4026328,1294105077163584,MLB,NPB,xgboost
NPB,荘司　康誠,2025,40000000,757666.9375,1539960704188180.8,MLB,NPB,xgboost
NPB,古謝　樹,2025,39500000,1165286.875,1469550230376047.2,MLB,NPB,xgboost
NPB,坂井　陽翔,2025,6400000,783291.4375,31547415076060.816,MLB,NPB,xgboost
NPB,大内　誠弥,2025,5500000,1432916.125,16541171246285.016,MLB,NPB,xgboost
NPB,髙橋　光成,2025,250000000,7951124.5,58587658130814504,MLB,NPB,xgboost
NPB,隅田　知一郎,2025,160000000,3113737.75,24613299282775776,MLB,NPB,xgboost
NPB,渡邉　勇太朗,2025,43000000,2179351.25,1666325364370876.5,MLB,NPB,xgboost
NPB,與座　海人,2025,40000000,3820782.25,1308935797001915,MLB,NPB,xgboost
NPB,松本　航,2025,40000000,3135049.75,1359024556934975,MLB,NPB,xgboost
NPB,武内　夏暉,2025,38500000,1557446.375,1364752268336000.8,MLB,NPB,xgboost
NPB,菅井　信也,2025,14000000,615825.75,179136120354363.06,MLB,NPB,xgboost
NPB,上田　大河,2025,12500000,1199881.125,127692686589131.27,MLB,NPB,xgboost
NPB,篠原　響,2025,7000000,442384.5625,43002320226138.31,MLB,NPB,xgboost
NPB,杉山　遙希,2025,7000000,476108.8125,42561156226340.16,MLB,NPB,xgboost
NPB,石川　柊太,2025,160000000,3550806.5,24476350146800444,MLB,NPB,xgboost
NPB,西野　勇士,2025,150000000,2489984,21759204820320256,MLB,NPB,xgboost
NPB,小島　和哉,2025,145000000,4422169,19762126568664560,MLB,NPB,xgboost
NPB,種市　篤暉,2025,130000000,6366290,15285294248364100,MLB,NPB,xgboost
NPB,唐川　侑己,2025,44000000,4492853.5,1560814624572462.2,MLB,NPB,xgboost
NPB,田中　晴也,2025,23000000,455172.65625,508269239959497.7,MLB,NPB,xgboost
NPB,河村　説人,2025,12000000,2326208.75,93582237148576.56,MLB,NPB,xgboost
NPB,吉川　悠斗,2025,5000000,1430838,12738917382244,MLB,NPB,xgboost
MLB,Joe Saunders,2010,5500000,5304763.5,38117290932.25,MLB,MLB,xgboost
MLB,Zach Duke,2010,4300000,4253916.5,2123688972.25,MLB,MLB,xgboost
MLB,Ian Kennedy,2010,423000,470032.3125,2212038419.0976562,MLB,MLB,xgboost
MLB,Daniel Hudson,2010,419000,248040.546875,29227134612.799072,MLB,MLB,xgboost
MLB,Barry Enright,2010,418000,442462.28125,598403203.9541016,MLB,MLB,xgboost
MLB,Trevor Cahill,2010,6100000,3280078,7951960086084,MLB,MLB,xgboost
MLB,Dallas Braden,2010,3350000,3460951.25,12310179876.5625,MLB,MLB,xgboost
MLB,Rich Harden,2010,1500000,1891928.625,153608047094.39062,MLB,MLB,xgboost
MLB,Trevor Cahill,2010,440000,3280078,8066043046084,MLB,MLB,xgboost
MLB,Gio González,2010,420000,528305.0625,11729986563.128906,MLB,MLB,xgboost
MLB,Bobby Cramer,2010,414000,735848.375,103586376490.14062,MLB,MLB,xgboost
MLB,Jair Jurrjens,2010,3250000,2604627.5,416505663756.25,MLB,MLB,xgboost
MLB,Tommy Hanson,2010,456500,515910.28125,3529581518.2041016,MLB,MLB,xgboost
MLB,Brandon Beachy,2010,416500,565650.875,22245983513.265625,MLB,MLB,xgboost
MLB,Rodrigo López,2010,414000,465304.125,2632113242.015625,MLB,MLB,xgboost
MLB,Mike Minor,2010,414000,368933.46875,2030992238.9072266,MLB,MLB,xgboost
MLB,Jeremy Guthrie,2010,5750000,5641954,11673938116,MLB,MLB,xgboost
MLB,Justin Duchscherer,2010,700000,681458.5625,343784904.56640625,MLB,MLB,xgboost
MLB,Brad Bergesen,2010,434000,669052.6875,55249765900.97266,MLB,MLB,xgboost
MLB,Jake Arrieta,2010,419000,433183.625,201175218.140625,MLB,MLB,xgboost
MLB,Chris Tillman,2010,417000,484799.84375,4596818812.524414,MLB,MLB,xgboost
MLB,Josh Beckett,2010,17000000,15607314,1939574294596,MLB,MLB,xgboost
MLB,Andrew Miller,2010,1300000,1122988.5,31333071132.25,MLB,MLB,xgboost
MLB,Clay Buchholz,2010,555000,448868.65625,11263862126.180664,MLB,MLB,xgboost
MLB,Matt Garza,2010,5950000,5824830.5,15667403730.25,MLB,MLB,xgboost
MLB,Tom Gorzelanny,2010,2100000,2337562,56435703844,MLB,MLB,xgboost
MLB,Doug Davis,2010,900000,969975.625,4896588094.140625,MLB,MLB,xgboost
MLB,Randy Wells,2010,475000,1090531.875,378879489141.0156,MLB,MLB,xgboost
MLB,Chris Carpenter,2010,414000,615596.625,40641199211.390625,MLB,MLB,xgboost
MLB,Casey Coleman,2010,414000,459230.375,2045786822.640625,MLB,MLB,xgboost
MLB,John Danks,2010,6000000,5805963,37650357369,MLB,MLB,xgboost
MLB,Bronson Arroyo,2010,11666667,11277365,151556047204,MLB,MLB,xgboost
MLB,Johnny Cueto,2010,6750000,5939250,657315562500,MLB,MLB,xgboost
MLB,Edinson Vólquez,2010,1625000,1621014.875,15881221.265625,MLB,MLB,xgboost
MLB,Homer Bailey,2010,441000,626069.6875,34250789231.347656,MLB,MLB,xgboost
MLB,Mike Leake,2010,425000,389668.75,1248297226.5625,MLB,MLB,xgboost
MLB,Travis Wood,2010,422500,569495.375,21607640271.390625,MLB,MLB,xgboost
MLB,Dontrelle Willis,2010,414000,819258.5,164234451822.25,MLB,MLB,xgboost
MLB,Justin Masterson,2010,468400,439956.6875,809022025.97265625,MLB,MLB,xgboost
MLB,Mitch Talbot,2010,431700,573265.375,20040755398.890625,MLB,MLB,xgboost
MLB,Josh Tomlin,2010,417200,399050.9375,329388469.62890625,MLB,MLB,xgboost
MLB,Carlos Carrasco,2010,415800,498788.5,6887091132.25,MLB,MLB,xgboost
MLB,Jeanmar Gómez,2010,414000,684545.25,73194732297.5625,MLB,MLB,xgboost
MLB,David Huff,2010,414000,591182.25,31393549715.0625,MLB,MLB,xgboost
MLB,Jorge De La Rosa,2010,10750000,9280759,2158669116081,MLB,MLB,xgboost
MLB,Jason Hammel,2010,3875000,4193696.5,101567459112.25,MLB,MLB,xgboost
MLB,Felipe Paulino,2010,790000,1014300,50310490000,MLB,MLB,xgboost
MLB,Jhoulys Chacín,2010,419000,366019.40625,2806943314.102539,MLB,MLB,xgboost
MLB,Brad Penny,2010,3000000,3159980,25593600400,MLB,MLB,xgboost
MLB,Armando Galarraga,2010,2300000,1815122.5,235106190006.25,MLB,MLB,xgboost
MLB,Max Scherzer,2010,600000,1529513.75,863995811439.0625,MLB,MLB,xgboost
MLB,Andy Oliver,2010,414000,400705.84375,176734590.39941406,MLB,MLB,xgboost
MLB,Wandy Rodríguez,2010,11333333,11340106,45873529,MLB,MLB,xgboost
MLB,Brett Myers,2010,11500000,11540658,1653072964,MLB,MLB,xgboost
MLB,J.A. Happ,2010,474000,1652463.125,1388775336984.7656,MLB,MLB,xgboost
MLB,Bud Norris,2010,437500,504231.625,4453109775.140625,MLB,MLB,xgboost
MLB,Kyle Davies,2010,3200000,3410663,44378899569,MLB,MLB,xgboost
MLB,Jeff Francis,2010,2000000,2516313.25,266579372125.5625,MLB,MLB,xgboost
MLB,Bruce Chen,2010,2000000,1819663.375,32521298316.390625,MLB,MLB,xgboost
MLB,Luke Hochevar,2010,1760000,1802547.75,1810311030.0625,MLB,MLB,xgboost
MLB,Sean O'Sullivan,2010,420500,282542.78125,19032194205.23535,MLB,MLB,xgboost
MLB,Vin Mazzaro,2010,414000,687959.6875,75053910375.09766,MLB,MLB,xgboost
MLB,Jered Weaver,2010,7365000,7158286,42730677796,MLB,MLB,xgboost
MLB,Ted Lilly,2010,11000000,10828162,29528298244,MLB,MLB,xgboost
MLB,Hiroki Kuroda,2010,12000000,11875460,15510211600,MLB,MLB,xgboost
MLB,Jon Garland,2010,5000000,5318407,101383017649,MLB,MLB,xgboost
MLB,Chad Billingsley,2010,3275000,3310629.5,1269461270.25,MLB,MLB,xgboost
MLB,Clayton Kershaw,2010,500000,370373.96875,16802907977.625977,MLB,MLB,xgboost
MLB,Ricky Nolasco,2010,8833333,8040401.5,628740363692.25,MLB,MLB,xgboost
MLB,Javier Vázquez,2010,7000000,6519147.5,231219126756.25,MLB,MLB,xgboost
MLB,Aníbal Sánchez,2010,3700000,3530593.75,28698477539.0625,MLB,MLB,xgboost
MLB,Shawn Hill,2010,600000,1161636.5,315435558132.25,MLB,MLB,xgboost
MLB,Chris Volstad,2010,445000,454936.3125,98730306.09765625,MLB,MLB,xgboost
MLB,Alex Sanabia,2010,414000,448620.75,1198596330.5625,MLB,MLB,xgboost
MLB,Shaun Marcum,2010,3950000,4911936.5,925321830032.25,MLB,MLB,xgboost
MLB,Chris Narveson,2010,444150,1001331.75,310451502533.0625,MLB,MLB,xgboost
MLB,Mark Rogers,2010,414000,414232.96875,54274.4384765625,MLB,MLB,xgboost
MLB,Carl Pavano,2010,8250000,8056440,37465473600,MLB,MLB,xgboost
MLB,Francisco Liriano,2010,4300000,4539238,57234820644,MLB,MLB,xgboost
MLB,Kevin Slowey,2010,2700000,2481050,47939102500,MLB,MLB,xgboost
MLB,R.A. Dickey,2010,3900000,3987154.75,7595950447.5625,MLB,MLB,xgboost
MLB,Mike Pelfrey,2010,3925000,3909852.5,229446756.25,MLB,MLB,xgboost
MLB,Chris Young,2010,1100000,1207115.25,11473676782.5625,MLB,MLB,xgboost
MLB,Dillon Gee,2010,400000,267664.0625,17512800354.003906,MLB,MLB,xgboost
MLB,Phil Hughes,2010,2700000,2651441.75,2357903643.0625,MLB,MLB,xgboost
MLB,Kevin Millwood,2010,1500000,1413913.375,7410907003.890625,MLB,MLB,xgboost
MLB,Freddy García,2010,1500000,1892263.5,153870653432.25,MLB,MLB,xgboost
MLB,Iván Nova,2010,432900,344556.90625,7804502213.321289,MLB,MLB,xgboost
MLB,Cliff Lee,2010,24000000,23728244,73851323536,MLB,MLB,xgboost
MLB,Roy Halladay,2010,20000000,20066394,4408163236,MLB,MLB,xgboost
MLB,Kyle Kendrick,2010,2450000,2193817.5,65629473306.25,MLB,MLB,xgboost
MLB,Kevin Correia,2010,4000000,3694753.5,93175425762.25,MLB,MLB,xgboost
MLB,Ross Ohlendorf,2010,2025000,1915993.875,11882335287.515625,MLB,MLB,xgboost
MLB,Jeff Karstens,2010,1100000,1157494.5,3305617530.25,MLB,MLB,xgboost
MLB,Scott Olsen,2010,450000,1307906.375,736003348265.6406,MLB,MLB,xgboost
MLB,James McDonald,2010,443000,613046.625,28915854673.890625,MLB,MLB,xgboost
MLB,Charlie Morton,2010,441000,815592.0625,140319213288.0039,MLB,MLB,xgboost
MLB,Brad Lincoln,2010,414500,585205.625,29140410406.640625,MLB,MLB,xgboost
MLB,Aaron Harang,2010,4000000,3693985.5,93644874210.25,MLB,MLB,xgboost
MLB,Dustin Moseley,2010,900000,881722,334085284,MLB,MLB,xgboost
MLB,Clayton Richard,2010,468800,586483.5625,13849420882.691406,MLB,MLB,xgboost
MLB,Mat Latos,2010,460700,983989.5,273831900810.25,MLB,MLB,xgboost
MLB,Cory Luebke,2010,415600,451905.53125,1318091599.3447266,MLB,MLB,xgboost
MLB,Wade LeBlanc,2010,414000,425032.1875,121709161.03515625,MLB,MLB,xgboost
MLB,Jason Vargas,2010,2450000,2795325.5,119249700950.25,MLB,MLB,xgboost
MLB,Doug Fister,2010,436500,618621,33168058641,MLB,MLB,xgboost
MLB,David Pauley,2010,422000,114213.390625,94732596910.55884,MLB,MLB,xgboost
MLB,Jonathan Sánchez,2010,4800000,4970958,29226637764,MLB,MLB,xgboost
MLB,Jeff Suppan,2010,1000000,854029.125,21307496348.265625,MLB,MLB,xgboost
MLB,Madison Bumgarner,2010,450000,582264.5,17493897960.25,MLB,MLB,xgboost
MLB,Jake Westbrook,2010,8250000,7871367,143362948689,MLB,MLB,xgboost
MLB,Jaime García,2010,437000,977215.25,291832516332.5625,MLB,MLB,xgboost
MLB,Wade Davis,2010,3150000,2070706.875,1164873649672.2656,MLB,MLB,xgboost
MLB,Jeff Niemann,2010,903000,1137965.75,55208903673.0625,MLB,MLB,xgboost
MLB,Scott Feldman,2010,5750000,5400749.5,121975911750.25,MLB,MLB,xgboost
MLB,C.J. Wilson,2010,7000000,7310853,96629587609,MLB,MLB,xgboost
MLB,Dave Bush,2010,1000000,1477336.125,227849776230.01562,MLB,MLB,xgboost
MLB,Tommy Hunter,2010,442160,515164.40625,5329643331.915039,MLB,MLB,xgboost
MLB,Derek Holland,2010,431810,359232.78125,5267452681.485352,MLB,MLB,xgboost
MLB,Omar Beltré,2010,415000,1024300.0625,371246566162.5039,MLB,MLB,xgboost
MLB,Ricky Romero,2010,6020000,5599277.5,177007422006.25,MLB,MLB,xgboost
MLB,Brandon Morrow,2010,2300000,2070659.5,52597064940.25,MLB,MLB,xgboost
MLB,Jesse Litsch,2010,830000,781715.3125,2331411046.9726562,MLB,MLB,xgboost
MLB,Brett Cecil,2010,443100,144554.140625,89129630149.95728,MLB,MLB,xgboost
MLB,Marc Rzepczynski,2010,429600,433614.5,16116210.25,MLB,MLB,xgboost
MLB,Kyle Drabek,2010,416000,464450.65625,2347466091.055664,MLB,MLB,xgboost
MLB,John Lannan,2010,2750000,2633008.75,13686952576.5625,MLB,MLB,xgboost
MLB,Liván Hernández,2010,1000000,1459477.125,211119228398.26562,MLB,MLB,xgboost
MLB,Jordan Zimmermann,2010,415000,353161.90625,3823949838.633789,MLB,MLB,xgboost
MLB,Ross Detwiler,2010,414000,680403.75,70970958014.0625,MLB,MLB,xgboost
MLB,Craig Stammen,2010,414000,661118.5,61067553042.25,MLB,MLB,xgboost
MLB,Joe Saunders,2011,6000000,5786074,45764333476,MLB,MLB,xgboost
MLB,Ian Kennedy,2011,519500,698380.0625,31998076760.003906,MLB,MLB,xgboost
MLB,Daniel Hudson,2011,504000,538402.0625,1183501904.2539062,MLB,MLB,xgboost
MLB,Josh Collmenter,2011,486000,243654.921875,58731136891.41235,MLB,MLB,xgboost
MLB,Wade Miley,2011,481000,676314.0625,38147583010.25391,MLB,MLB,xgboost
MLB,Brandon McCarthy,2011,4275000,4577838,91710854244,MLB,MLB,xgboost
MLB,Dallas Braden,2011,3350000,2764065.5,343319238290.25,MLB,MLB,xgboost
MLB,Bartolo Colon,2011,2000000,2147658,21802884964,MLB,MLB,xgboost
MLB,Tyson Ross,2011,480000,665658.25,34468985793.0625,MLB,MLB,xgboost
MLB,Brad Peacock,2011,480000,529678.0625,2467909893.7539062,MLB,MLB,xgboost
MLB,Jarrod Parker,2011,480000,489088.59375,82602536.35253906,MLB,MLB,xgboost
MLB,Tommy Milone,2011,480000,679850.375,39940172387.640625,MLB,MLB,xgboost
MLB,Graham Godfrey,2011,480000,1119785.625,409325645956.6406,MLB,MLB,xgboost
MLB,Jair Jurrjens,2011,5500000,5654913.5,23998192482.25,MLB,MLB,xgboost
MLB,Tommy Hanson,2011,535000,614083.25,6254160430.5625,MLB,MLB,xgboost
MLB,Brandon Beachy,2011,495000,251034.21875,59519302420.92285,MLB,MLB,xgboost
MLB,Mike Minor,2011,482500,653996.1875,29410942327.035156,MLB,MLB,xgboost
MLB,Julio Teheran,2011,480000,530255.5625,2525621562.1914062,MLB,MLB,xgboost
MLB,Randall Delgado,2011,480000,390908.59375,7937278667.602539,MLB,MLB,xgboost
MLB,Dana Eveland,2011,750000,1198463.25,201119286600.5625,MLB,MLB,xgboost
MLB,Dontrelle Willis,2011,700000,1216781,267062601961,MLB,MLB,xgboost
MLB,Tommy Hunter,2011,493500,456576.25,1363363314.0625,MLB,MLB,xgboost
MLB,Jake Arrieta,2011,488500,777171.75,83331379248.0625,MLB,MLB,xgboost
MLB,Zack Britton,2011,486000,425427.65625,3669008827.368164,MLB,MLB,xgboost
MLB,Chris Tillman,2011,480000,587123.0625,11475350519.378906,MLB,MLB,xgboost
MLB,Clay Buchholz,2011,7486250,5612987,3509114267169,MLB,MLB,xgboost
MLB,Aaron Cook,2011,1500000,1459284.875,1657721403.765625,MLB,MLB,xgboost
MLB,Andrew Miller,2011,1040000,948360.8125,8397740685.660156,MLB,MLB,xgboost
MLB,Chris Carpenter,2011,482000,5588940.5,26080841270540.25,MLB,MLB,xgboost
MLB,Matt Garza,2011,9500000,9042710,209114144100,MLB,MLB,xgboost
MLB,Paul Maholm,2011,4250000,3981381,72156167161,MLB,MLB,xgboost
MLB,Randy Wells,2011,2705000,2533641,29363906881,MLB,MLB,xgboost
MLB,Chris Volstad,2011,2655000,2246110,167191032100,MLB,MLB,xgboost
MLB,Travis Wood,2011,480000,698200,47611240000,MLB,MLB,xgboost
MLB,Casey Coleman,2011,480000,861519.5,145557128880.25,MLB,MLB,xgboost
MLB,John Danks,2011,13000000,12274607,526195004449,MLB,MLB,xgboost
MLB,Philip Humber,2011,530000,1469200.125,882096874800.0156,MLB,MLB,xgboost
MLB,Zach Stewart,2011,481500,384927.625,9326223613.140625,MLB,MLB,xgboost
MLB,Dylan Axelrod,2011,480000,302393.09375,31544213147.69629,MLB,MLB,xgboost
MLB,Homer Bailey,2011,2425000,1445715.25,958998621582.5625,MLB,MLB,xgboost
MLB,Mat Latos,2011,550000,308368.78125,58385645874.61035,MLB,MLB,xgboost
MLB,Mike Leake,2011,507500,287981.75,48188262083.0625,MLB,MLB,xgboost
MLB,Alfredo Simón,2011,487500,1226510.75,546136888615.5625,MLB,MLB,xgboost
MLB,Justin Masterson,2011,3825000,4156691,110018919481,MLB,MLB,xgboost
MLB,Josh Tomlin,2011,494500,1185707.5,477767808056.25,MLB,MLB,xgboost
MLB,Carlos Carrasco,2011,488500,1362414.625,763726771788.8906,MLB,MLB,xgboost
MLB,David Huff,2011,486200,859367.4375,139253936410.3164,MLB,MLB,xgboost
MLB,Jeanmar Gómez,2011,482700,529858.75,2223947701.5625,MLB,MLB,xgboost
MLB,Zach McAllister,2011,480000,640698.9375,25824148513.628906,MLB,MLB,xgboost
MLB,Jeremy Guthrie,2011,8200000,8115425.5,7152846050.25,MLB,MLB,xgboost
MLB,Kevin Slowey,2011,2750000,2293215.5,208652079440.25,MLB,MLB,xgboost
MLB,Jhoulys Chacín,2011,482000,579684.3125,9542224908.597656,MLB,MLB,xgboost
MLB,Josh Outman,2011,482000,882327.3125,160261957133.47266,MLB,MLB,xgboost
MLB,Esmil Rogers,2011,481000,722725.3125,58431126703.22266,MLB,MLB,xgboost
MLB,Guillermo Moscoso,2011,480000,1113713.25,401592483225.5625,MLB,MLB,xgboost
MLB,Drew Pomeranz,2011,480000,694394.4375,45964974830.94141,MLB,MLB,xgboost
MLB,Jeff Francis,2011,480000,478965.25,1070707.5625,MLB,MLB,xgboost
MLB,Alex White,2011,480000,537672.9375,3326167719.8789062,MLB,MLB,xgboost
MLB,Tyler Chatwood,2011,480000,647594.4375,28087895480.941406,MLB,MLB,xgboost
MLB,Juan Nicasio,2011,480000,248246.28125,53709786154.4541,MLB,MLB,xgboost
MLB,Max Scherzer,2011,3750000,4096739,120227934121,MLB,MLB,xgboost
MLB,Rick Porcello,2011,3100000,3065192,1211596864,MLB,MLB,xgboost
MLB,Doug Fister,2011,507500,620771.1875,12830361917.660156,MLB,MLB,xgboost
MLB,J.A. Happ,2011,2350000,2360294.75,105981877.5625,MLB,MLB,xgboost
MLB,Bud Norris,2011,511000,916164.6875,164158423996.97266,MLB,MLB,xgboost
MLB,Kyle Weiland,2011,481500,573962.625,8549337021.890625,MLB,MLB,xgboost
MLB,Jordan Lyles,2011,480000,339664.1875,19694140270.035156,MLB,MLB,xgboost
MLB,Bruce Chen,2011,4500000,4634150,17996222500,MLB,MLB,xgboost
MLB,Jonathan Sánchez,2011,5600000,5206204,155075289616,MLB,MLB,xgboost
MLB,Luke Hochevar,2011,3510000,3824876.25,99147052814.0625,MLB,MLB,xgboost
MLB,Felipe Paulino,2011,1900000,1951809.25,2684198385.5625,MLB,MLB,xgboost
MLB,Sean O'Sullivan,2011,493500,470948.28125,508580018.57910156,MLB,MLB,xgboost
MLB,Vin Mazzaro,2011,490875,360460.71875,17007884753.954102,MLB,MLB,xgboost
MLB,Luis Mendoza,2011,488925,641917.125,23406590312.015625,MLB,MLB,xgboost
MLB,Danny Duffy,2011,487750,644275.875,24500349544.515625,MLB,MLB,xgboost
MLB,Jered Weaver,2011,17000000,16323993,456985464049,MLB,MLB,xgboost
MLB,C.J. Wilson,2011,15500000,15847556,120795173136,MLB,MLB,xgboost
MLB,Jerome Williams,2011,820000,977017.5,24654495306.25,MLB,MLB,xgboost
MLB,Barry Enright,2011,480000,428575.90625,2644437418.008789,MLB,MLB,xgboost
MLB,Brad Mills,2011,480000,709462.75,52653153637.5625,MLB,MLB,xgboost
MLB,Chad Billingsley,2011,11666667,10819199,718202011024,MLB,MLB,xgboost
MLB,Clayton Kershaw,2011,9500000,9673584,30131405056,MLB,MLB,xgboost
MLB,Aaron Harang,2011,6000000,5870759,16703236081,MLB,MLB,xgboost
MLB,Chris Capuano,2011,5000000,5204199,41697231601,MLB,MLB,xgboost
MLB,Rubby De La Rosa,2011,482500,306071.78125,31126916371.29785,MLB,MLB,xgboost
MLB,Nathan Eovaldi,2011,480000,554589.625,5563612157.640625,MLB,MLB,xgboost
MLB,Mark Buehrle,2011,14500000,14183867,99940073689,MLB,MLB,xgboost
MLB,Aníbal Sánchez,2011,8000000,7897263.5,10554788432.25,MLB,MLB,xgboost
MLB,Wade LeBlanc,2011,480000,1496197.75,1032657867105.0625,MLB,MLB,xgboost
MLB,Alex Sanabia,2011,480000,703836.6875,50102862670.97266,MLB,MLB,xgboost
MLB,Brad Hand,2011,480000,696660.875,46941934755.765625,MLB,MLB,xgboost
MLB,Shaun Marcum,2011,7725000,7916675.5,36739497300.25,MLB,MLB,xgboost
MLB,Liván Hernández,2011,750000,782052.9375,1027390802.3789062,MLB,MLB,xgboost
MLB,Chris Narveson,2011,500000,1615860.375,1245144376495.1406,MLB,MLB,xgboost
MLB,Francisco Liriano,2011,5500000,5191593,95114877649,MLB,MLB,xgboost
MLB,Brian Duensing,2011,515000,697606.1875,33345019713.285156,MLB,MLB,xgboost
MLB,Scott Diamond,2011,480000,543116.0625,3983637345.5039062,MLB,MLB,xgboost
MLB,Liam Hendriks,2011,480000,740124.25,67664625438.0625,MLB,MLB,xgboost
MLB,Mike Pelfrey,2011,5687500,5530092.5,24777121056.25,MLB,MLB,xgboost
MLB,Chris Young,2011,900000,1515225.25,378502108237.5625,MLB,MLB,xgboost
MLB,Dillon Gee,2011,502000,427362.03125,5570826379.125977,MLB,MLB,xgboost
MLB,CC Sabathia,2011,24400000,24429058,844367364,MLB,MLB,xgboost
MLB,Hiroki Kuroda,2011,10000000,10031598,998433604,MLB,MLB,xgboost
MLB,Freddy García,2011,4000000,4019890.75,395641935.5625,MLB,MLB,xgboost
MLB,Phil Hughes,2011,3200000,2475766.25,524514524639.0625,MLB,MLB,xgboost
MLB,Derek Lowe,2011,1000000,960798.9375,1536723301.1289062,MLB,MLB,xgboost
MLB,Michael Pineda,2011,528475,510706.8125,315708487.03515625,MLB,MLB,xgboost
MLB,Iván Nova,2011,527200,449283.125,6071039409.765625,MLB,MLB,xgboost
MLB,Dellin Betances,2011,481000,553482.5625,5253721866.566406,MLB,MLB,xgboost
MLB,Cole Hamels,2011,15000000,14840743,25362792049,MLB,MLB,xgboost
MLB,Joel Piñeiro,2011,1500000,1597011.125,9411158373.765625,MLB,MLB,xgboost
MLB,Vance Worley,2011,495000,552806.25,3341562539.0625,MLB,MLB,xgboost
MLB,Érik Bédard,2011,4500000,5762124,1592956991376,MLB,MLB,xgboost
MLB,Jeff Karstens,2011,3100000,2863298.75,56027481751.5625,MLB,MLB,xgboost
MLB,Charlie Morton,2011,2445000,2411456.75,1125149620.5625,MLB,MLB,xgboost
MLB,James McDonald,2011,502500,906743.3125,163412655700.97266,MLB,MLB,xgboost
MLB,Rick van den Hurk,2011,480000,555476.25,5696664314.0625,MLB,MLB,xgboost
MLB,Jeff Locke,2011,480000,491673.15625,136262576.83691406,MLB,MLB,xgboost
MLB,Tim Stauffer,2011,3200000,4374568.5,1379611161192.25,MLB,MLB,xgboost
MLB,Jason Marquis,2011,3000000,3462226,213652875076,MLB,MLB,xgboost
MLB,Clayton Richard,2011,2705000,2666523.5,1480441052.25,MLB,MLB,xgboost
MLB,Edinson Vólquez,2011,2237500,2072005.25,27388512277.5625,MLB,MLB,xgboost
MLB,Dustin Moseley,2011,2012500,2288619.5,76241978280.25,MLB,MLB,xgboost
MLB,Ross Ohlendorf,2011,900000,1022432.6875,14989762968.472656,MLB,MLB,xgboost
MLB,Jason Vargas,2011,4850000,5179125.5,108323594750.25,MLB,MLB,xgboost
MLB,Kevin Millwood,2011,1000000,1725264.875,526009138908.7656,MLB,MLB,xgboost
MLB,Blake Beavan,2011,486500,484988.09375,2285860.5087890625,MLB,MLB,xgboost
MLB,Tim Lincecum,2011,20250000,19818450,186235402500,MLB,MLB,xgboost
MLB,Ryan Vogelsong,2011,4000000,3811136.75,35669327200.5625,MLB,MLB,xgboost
MLB,Madison Bumgarner,2011,560000,629128.375,4778732230.140625,MLB,MLB,xgboost
MLB,Brad Penny,2011,500000,725511.5625,50855464821.19141,MLB,MLB,xgboost
MLB,Eric Surkamp,2011,480000,381942,9615371364,MLB,MLB,xgboost
MLB,Jaime García,2011,6875000,6970618.5,9142897542.25,MLB,MLB,xgboost
MLB,Chris Carpenter,2011,10500000,5588940.5,24118505412540.25,MLB,MLB,xgboost
MLB,David Price,2011,4350000,4418130.5,4641765030.25,MLB,MLB,xgboost
MLB,Jeff Niemann,2011,2750000,2413168.25,113455627808.0625,MLB,MLB,xgboost
MLB,Jeremy Hellickson,2011,489500,576099.5625,7499484225.191406,MLB,MLB,xgboost
MLB,Alex Cobb,2011,480000,713250.6875,54405883219.22266,MLB,MLB,xgboost
MLB,Derek Holland,2011,5700000,3143623,6535063366129,MLB,MLB,xgboost
MLB,Roy Oswalt,2011,5000000,5468007.5,219031020056.25,MLB,MLB,xgboost
MLB,Matt Harrison,2011,2950000,2596694.75,124824599677.5625,MLB,MLB,xgboost
MLB,Derek Holland,2011,504700,3143623,6963914599929,MLB,MLB,xgboost
MLB,Alexi Ogando,2011,497600,548192.3125,2559582084.0976562,MLB,MLB,xgboost
MLB,Brandon Morrow,2011,6666667,6518198.5,22042895492.25,MLB,MLB,xgboost
MLB,Dustin McGowan,2011,1366667,1557103.5,36266060532.25,MLB,MLB,xgboost
MLB,Nelson Figueroa,2011,650000,1008992.4375,128875570182.1914,MLB,MLB,xgboost
MLB,Kyle Drabek,2011,485900,446446.25,1556598389.0625,MLB,MLB,xgboost
MLB,Henderson Alvarez III,2011,482900,575058.3125,8493154562.847656,MLB,MLB,xgboost
MLB,Brett Cecil,2011,480000,628408.5625,22025101423.316406,MLB,MLB,xgboost
MLB,Gio González,2011,8400000,7879629.5,270785457270.25,MLB,MLB,xgboost
MLB,Edwin Jackson,2011,11000000,11110049,12110782401,MLB,MLB,xgboost
MLB,John Lannan,2011,5000000,4397983.5,362423866272.25,MLB,MLB,xgboost
MLB,Chien-Ming Wang,2011,4000000,4162525,26414375625,MLB,MLB,xgboost
MLB,Tom Gorzelanny,2011,3000000,2941902,3375377604,MLB,MLB,xgboost
MLB,Jordan Zimmermann,2011,2300000,2244884,3037773456,MLB,MLB,xgboost
MLB,Ross Detwiler,2011,485000,1091825.625,368237339156.6406,MLB,MLB,xgboost
MLB,Brandon McCarthy,2012,7750000,6895175.5,730724925800.25,MLB,MLB,xgboost
MLB,Ian Kennedy,2012,4265000,4357768.5,8605994592.25,MLB,MLB,xgboost
MLB,Daniel Hudson,2012,518500,538085.5,383591810.25,MLB,MLB,xgboost
MLB,Wade Miley,2012,500500,573301.5,5300058402.25,MLB,MLB,xgboost
MLB,Randall Delgado,2012,495000,417562.5625,5996556726.566406,MLB,MLB,xgboost
MLB,Patrick Corbin,2012,494000,282798.6875,44605994401.72266,MLB,MLB,xgboost
MLB,Tyler Skaggs,2012,490000,442519.53125,2254394912.7197266,MLB,MLB,xgboost
MLB,Bartolo Colon,2012,3000000,2914395.25,7328173222.5625,MLB,MLB,xgboost
MLB,Travis Blackley,2012,550000,491493.625,3422995915.640625,MLB,MLB,xgboost
MLB,Tommy Milone,2012,495000,853674.1875,128647172778.78516,MLB,MLB,xgboost
MLB,Jarrod Parker,2012,495000,580917.1875,7381763107.910156,MLB,MLB,xgboost
MLB,Dan Straily,2012,492500,396332.1875,9248248161.035156,MLB,MLB,xgboost
MLB,A.J. Griffin,2012,492500,541088.0625,2360799817.5039062,MLB,MLB,xgboost
MLB,Brandon Beachy,2012,510000,720698.375,44393805227.640625,MLB,MLB,xgboost
MLB,Mike Minor,2012,505000,60113.73828125,197923785866.0841,MLB,MLB,xgboost
MLB,Julio Teheran,2012,490000,805998.1875,99854854503.28516,MLB,MLB,xgboost
MLB,Jason Hammel,2012,6750000,7052646.5,91594903962.25,MLB,MLB,xgboost
MLB,Tommy Hunter,2012,1820000,1728821.5,8313518862.25,MLB,MLB,xgboost
MLB,Jake Arrieta,2012,516500,806550.1875,84129111268.78516,MLB,MLB,xgboost
MLB,Chris Tillman,2012,508500,670596.875,26275396884.765625,MLB,MLB,xgboost
MLB,Miguel González,2012,502000,1515346.375,1026870875725.6406,MLB,MLB,xgboost
MLB,Jair Jurrjens,2012,490000,495839.53125,34100125.21972656,MLB,MLB,xgboost
MLB,Freddy García,2012,490000,706524.75,46882967362.5625,MLB,MLB,xgboost
MLB,Ryan Dempster,2012,13250000,13220057,896583249,MLB,MLB,xgboost
MLB,Daniel Bard,2012,1862500,1509693.75,124472250039.0625,MLB,MLB,xgboost
MLB,Chris Sale,2012,600000,3387756.25,7771584909414.0625,MLB,MLB,xgboost
MLB,Félix Doubront,2012,518500,876898,128449126404,MLB,MLB,xgboost
MLB,Edwin Jackson,2012,13000000,12089093,829751562649,MLB,MLB,xgboost
MLB,Matt Garza,2012,10250000,7823247,5889130123009,MLB,MLB,xgboost
MLB,Scott Feldman,2012,6000000,5099352.5,811165919256.25,MLB,MLB,xgboost
MLB,Jeff Samardzija,2012,2640000,3195972.75,309105698742.5625,MLB,MLB,xgboost
MLB,Travis Wood,2012,527500,447064.375,6469889769.140625,MLB,MLB,xgboost
MLB,Brooks Raley,2012,490000,444399.84375,2079374250.024414,MLB,MLB,xgboost
MLB,Chris Rusin,2012,490000,689824.8125,39929955690.66016,MLB,MLB,xgboost
MLB,Chris Sale,2012,6500000,3387756.25,9686061159414.0625,MLB,MLB,xgboost
MLB,Jake Peavy,2012,14500000,14699619,39847745161,MLB,MLB,xgboost
MLB,Jose Quintana,2012,500000,551852.0625,2688636385.5039062,MLB,MLB,xgboost
MLB,Dylan Axelrod,2012,493000,775639.6875,79885192950.09766,MLB,MLB,xgboost
MLB,Mat Latos,2012,5750000,5443242,94100470564,MLB,MLB,xgboost
MLB,Homer Bailey,2012,5350000,6376502.5,1053707382506.25,MLB,MLB,xgboost
MLB,Mike Leake,2012,3060000,2780168,78305948224,MLB,MLB,xgboost
MLB,Justin Masterson,2012,5678500,5741698,3993987204,MLB,MLB,xgboost
MLB,Josh Tomlin,2012,501800,1283559.5,611147915840.25,MLB,MLB,xgboost
MLB,Zach McAllister,2012,496400,859772.75,132039755442.5625,MLB,MLB,xgboost
MLB,David Huff,2012,493600,565641.8125,5190022748.285156,MLB,MLB,xgboost
MLB,Corey Kluber,2012,491800,993567.5625,251770686777.1914,MLB,MLB,xgboost
MLB,Jhoulys Chacín,2012,3250000,1410454.875,3383926266911.2656,MLB,MLB,xgboost
MLB,Roy Oswalt,2012,2300000,2038234.5,68521176990.25,MLB,MLB,xgboost
MLB,Chris Volstad,2012,1500000,1334142,27508876164,MLB,MLB,xgboost
MLB,Jeff Francis,2012,1500000,1474536.125,648408930.015625,MLB,MLB,xgboost
MLB,Juan Nicasio,2012,491000,1145308.5,428119613172.25,MLB,MLB,xgboost
MLB,Drew Pomeranz,2012,490000,275272.5625,46107872415.31641,MLB,MLB,xgboost
MLB,Edwar Cabrera,2012,490000,494724.5625,22321490.81640625,MLB,MLB,xgboost
MLB,Tyler Chatwood,2012,490000,452804.03125,1383540091.2509766,MLB,MLB,xgboost
MLB,Christian Friedrich,2012,490000,464862.625,631887621.890625,MLB,MLB,xgboost
MLB,Justin Verlander,2012,25714286,25710848,11819844,MLB,MLB,xgboost
MLB,Aníbal Sánchez,2012,16000000,15360508,408950018064,MLB,MLB,xgboost
MLB,Max Scherzer,2012,6725000,7222134.5,247142711090.25,MLB,MLB,xgboost
MLB,Rick Porcello,2012,5100000,5096650.5,11219150.25,MLB,MLB,xgboost
MLB,Doug Fister,2012,4000000,4577594.5,333615406430.25,MLB,MLB,xgboost
MLB,Drew Smyly,2012,498000,865286.1875,134899143528.28516,MLB,MLB,xgboost
MLB,Bud Norris,2012,3000000,3410918.75,168854219101.5625,MLB,MLB,xgboost
MLB,Érik Bédard,2012,1150000,1232765,6850045225,MLB,MLB,xgboost
MLB,Philip Humber,2012,850000,951043.4375,10209776261.816406,MLB,MLB,xgboost
MLB,Lucas Harrell,2012,500700,612180.5,12427901880.25,MLB,MLB,xgboost
MLB,Alex White,2012,497100,816828.75,102226473576.5625,MLB,MLB,xgboost
MLB,Jordan Lyles,2012,490000,659082.125,28588764994.515625,MLB,MLB,xgboost
MLB,Dallas Keuchel,2012,490000,646468.25,24482313258.0625,MLB,MLB,xgboost
MLB,Jeremy Guthrie,2012,8333333,7971578.5,130866318270.25,MLB,MLB,xgboost
MLB,Luke Hochevar,2012,4560000,4159554.5,160356598470.25,MLB,MLB,xgboost
MLB,Felipe Paulino,2012,1750000,1953486.5,41406755682.25,MLB,MLB,xgboost
MLB,Luis Mendoza,2012,532000,659927.6875,16365493229.097656,MLB,MLB,xgboost
MLB,Danny Duffy,2012,505125,259375.828125,60392655477.24829,MLB,MLB,xgboost
MLB,Will Smith,2012,496500,509245.625,162450956.640625,MLB,MLB,xgboost
MLB,Joe Blanton,2012,7500000,7811628.5,97112322012.25,MLB,MLB,xgboost
MLB,Jason Vargas,2012,8500000,8580743,6519432049,MLB,MLB,xgboost
MLB,Tommy Hanson,2012,3725000,3214729.5,260375983170.25,MLB,MLB,xgboost
MLB,Zack Greinke,2012,24500000,24110774,151496879076,MLB,MLB,xgboost
MLB,Stephen Fife,2012,492500,844973.625,124237656320.64062,MLB,MLB,xgboost
MLB,Edinson Vólquez,2012,490000,3240606,7565833367236,MLB,MLB,xgboost
MLB,Henderson Alvarez III,2012,507900,547147.5,1540366256.25,MLB,MLB,xgboost
MLB,Nathan Eovaldi,2012,502000,465501.21875,1332161032.7353516,MLB,MLB,xgboost
MLB,Brad Hand,2012,490000,531702.8125,1739124570.4101562,MLB,MLB,xgboost
MLB,Kyle Lohse,2012,11000000,10918508,6640946064,MLB,MLB,xgboost
MLB,Marco Estrada,2012,1955000,2597388.5,412662984932.25,MLB,MLB,xgboost
MLB,Chris Narveson,2012,840000,1108154.25,71906701793.0625,MLB,MLB,xgboost
MLB,Mark Rogers,2012,491000,1293310.625,643702338987.8906,MLB,MLB,xgboost
MLB,Wily Peralta,2012,490000,512079.59375,487508460.16503906,MLB,MLB,xgboost
MLB,Kevin Correia,2012,5000000,4491897.5,258168150506.25,MLB,MLB,xgboost
MLB,Mike Pelfrey,2012,4000000,3632092.5,135355928556.25,MLB,MLB,xgboost
MLB,Scott Diamond,2012,530000,803163.625,74618366023.140625,MLB,MLB,xgboost
MLB,Vance Worley,2012,525000,739125.5,45849729750.25,MLB,MLB,xgboost
MLB,Liam Hendriks,2012,500000,549953.125,2495314697.265625,MLB,MLB,xgboost
MLB,Shaun Marcum,2012,4000000,4356166.5,126854575722.25,MLB,MLB,xgboost
MLB,Dillon Gee,2012,527375,868647.3125,116466791279.09766,MLB,MLB,xgboost
MLB,Jeremy Hefner,2012,500625,337023.625,26765409901.890625,MLB,MLB,xgboost
MLB,Matt Harvey,2012,498750,628808.625,16915245936.890625,MLB,MLB,xgboost
MLB,Jenrry Mejía,2012,494925,537713.5,1830855732.25,MLB,MLB,xgboost
MLB,Daisuke Matsuzaka,2012,490000,491741.03125,3031189.8134765625,MLB,MLB,xgboost
MLB,Hiroki Kuroda,2012,15000000,14965121,1216544641,MLB,MLB,xgboost
MLB,Andy Pettitte,2012,12000000,12046308,2144430864,MLB,MLB,xgboost
MLB,Phil Hughes,2012,7150000,7011160.5,19276406760.25,MLB,MLB,xgboost
MLB,Iván Nova,2012,575600,1286251.5,505025554452.25,MLB,MLB,xgboost
MLB,Adam Warren,2012,490525,528605.9375,1450157800.8789062,MLB,MLB,xgboost
MLB,Cole Hamels,2012,24000000,23942598,3294989604,MLB,MLB,xgboost
MLB,John Lannan,2012,2500000,2153398.5,120132599802.25,MLB,MLB,xgboost
MLB,Aaron Cook,2012,1625000,1442046.25,33472074639.0625,MLB,MLB,xgboost
MLB,Francisco Liriano,2012,3500000,4021901,272380653801,MLB,MLB,xgboost
MLB,James McDonald,2012,3025000,2932702,8518920804,MLB,MLB,xgboost
MLB,Jeff Karstens,2012,2500000,2200894,89464399236,MLB,MLB,xgboost
MLB,Charlie Morton,2012,2000000,1536627.375,214714189599.39062,MLB,MLB,xgboost
MLB,Jonathan Sánchez,2012,1375000,1786731.75,169523033958.0625,MLB,MLB,xgboost
MLB,Jeanmar Gómez,2012,500000,347659.28125,23207694589.2666,MLB,MLB,xgboost
MLB,Jeff Locke,2012,497500,498149.03125,421241.5634765625,MLB,MLB,xgboost
MLB,Edinson Vólquez,2012,5725000,3240606,6172213547236,MLB,MLB,xgboost
MLB,Clayton Richard,2012,5240000,5301013,3722586169,MLB,MLB,xgboost
MLB,Jason Marquis,2012,3000000,3089195.25,7955792622.5625,MLB,MLB,xgboost
MLB,Tim Stauffer,2012,1000000,946243.4375,2889768011.8164062,MLB,MLB,xgboost
MLB,Eric Stults,2012,507600,548389.5,1663783310.25,MLB,MLB,xgboost
MLB,Anthony Bass,2012,503600,611131.375,11562996609.390625,MLB,MLB,xgboost
MLB,Tyson Ross,2012,500500,473976.5,703496052.25,MLB,MLB,xgboost
MLB,Joe Wieland,2012,494300,718482.375,50257737260.640625,MLB,MLB,xgboost
MLB,Casey Kelly,2012,491400,207513.21875,80591704568.48535,MLB,MLB,xgboost
MLB,Félix Hernández,2012,25000000,24967844,1034008336,MLB,MLB,xgboost
MLB,Hisashi Iwakuma,2012,7000000,6891376,11799173376,MLB,MLB,xgboost
MLB,Joe Saunders,2012,6500000,6389615,12184848225,MLB,MLB,xgboost
MLB,Blake Beavan,2012,506700,488866.15625,318045982.89941406,MLB,MLB,xgboost
MLB,Erasmo Ramírez,2012,490000,302347.59375,35213425571.41504,MLB,MLB,xgboost
MLB,Héctor Noesí,2012,490000,702892.0625,45323030275.50391,MLB,MLB,xgboost
MLB,Matt Cain,2012,22500000,22424834,5649927556,MLB,MLB,xgboost
MLB,Madison Bumgarner,2012,7000000,6988685.5,128017910.25,MLB,MLB,xgboost
MLB,Yusmeiro Petit,2012,490000,596466.1875,11335049080.785156,MLB,MLB,xgboost
MLB,Jake Westbrook,2012,9750000,10220873,221721382129,MLB,MLB,xgboost
MLB,Lance Lynn,2012,513000,437017.03125,5773411540.063477,MLB,MLB,xgboost
MLB,Joe Kelly,2012,493000,293544.34375,39782558810.118164,MLB,MLB,xgboost
MLB,David Price,2012,10112500,10183527,5044834729,MLB,MLB,xgboost
MLB,Roberto Hernández,2012,3250000,2796192.75,205941020152.5625,MLB,MLB,xgboost
MLB,Jeff Niemann,2012,3000000,3353789,125166656521,MLB,MLB,xgboost
MLB,Jeremy Hellickson,2012,503000,864713.3125,130836520439.72266,MLB,MLB,xgboost
MLB,Alex Cobb,2012,502200,915521.5,170834662362.25,MLB,MLB,xgboost
MLB,Chris Archer,2012,490000,638478.6875,22045920641.722656,MLB,MLB,xgboost
MLB,Jake Odorizzi,2012,490000,552463,3901626369,MLB,MLB,xgboost
MLB,Matt Harrison,2012,11000000,10982660,300675600,MLB,MLB,xgboost
MLB,Neftalí Feliz,2012,2900000,2336470.75,317565215605.5625,MLB,MLB,xgboost
MLB,Colby Lewis,2012,2000000,2777902.75,605132688457.5625,MLB,MLB,xgboost
MLB,Martín Pérez,2012,492000,587463.375,9113255966.390625,MLB,MLB,xgboost
MLB,Travis Blackley,2012,490000,491493.625,2230915.640625,MLB,MLB,xgboost
MLB,J.A. Happ,2012,3700000,4389542.5,475468859306.25,MLB,MLB,xgboost
MLB,Kyle Drabek,2012,499500,510614.71875,123536972.89160156,MLB,MLB,xgboost
MLB,Drew Hutchison,2012,493200,714103.5625,48798383925.19141,MLB,MLB,xgboost
MLB,Todd Redmond,2012,490000,656204.75,27624018922.5625,MLB,MLB,xgboost
MLB,Dan Haren,2012,13000000,12813407,34816947649,MLB,MLB,xgboost
MLB,Jordan Zimmermann,2012,5350000,4834843.5,265386219492.25,MLB,MLB,xgboost
MLB,Ross Detwiler,2012,2337500,2750155,170284149025,MLB,MLB,xgboost
MLB,Chris Young,2012,2000000,2359737.25,129410889037.5625,MLB,MLB,xgboost
MLB,Ross Ohlendorf,2012,490000,549555.3125,3546835246.9726562,MLB,MLB,xgboost
MLB,Bronson Arroyo,2013,11750000,11518271,53698329441,MLB,MLB,xgboost
MLB,Wade Miley,2013,523500,485843.03125,1418047295.4384766,MLB,MLB,xgboost
MLB,Patrick Corbin,2013,515000,648626.9375,17856158425.628906,MLB,MLB,xgboost
MLB,Randall Delgado,2013,510000,283500,51302250000,MLB,MLB,xgboost
MLB,Scott Kazmir,2013,11000000,10431359,323352586881,MLB,MLB,xgboost
MLB,Tommy Milone,2013,510000,1694222.375,1402382633450.6406,MLB,MLB,xgboost
MLB,Drew Pomeranz,2013,505000,355787.5,22264370156.25,MLB,MLB,xgboost
MLB,Dan Straily,2013,505000,765031.875,67616576016.015625,MLB,MLB,xgboost
MLB,A.J. Griffin,2013,505000,781824.9375,76632046021.8789,MLB,MLB,xgboost
MLB,Sonny Gray,2013,502500,720127.8125,47361864773.53516,MLB,MLB,xgboost
MLB,Jarrod Parker,2013,500000,627187.125,16176564765.765625,MLB,MLB,xgboost
MLB,Julio Teheran,2013,5400000,5051269.5,121612961630.25,MLB,MLB,xgboost
MLB,Ervin Santana,2013,14100000,14088109,141395881,MLB,MLB,xgboost
MLB,Kris Medlen,2013,5800000,5847108.5,2219210772.25,MLB,MLB,xgboost
MLB,Gavin Floyd,2013,4000000,3043159,915544699281,MLB,MLB,xgboost
MLB,Mike Minor,2013,3850000,3738646.25,12399657639.0625,MLB,MLB,xgboost
MLB,Brandon Beachy,2013,1450000,999515.5,202936284740.25,MLB,MLB,xgboost
MLB,Freddy García,2013,1250000,1334567.5,7151662056.25,MLB,MLB,xgboost
MLB,Aaron Harang,2013,1000000,1261638.5,68454704682.25,MLB,MLB,xgboost
MLB,David Hale,2013,502500,204592.90625,88748636506.57129,MLB,MLB,xgboost
MLB,Ubaldo Jiménez,2013,12500000,13387176,787081254976,MLB,MLB,xgboost
MLB,Bud Norris,2013,5300000,5541721.5,58429283562.25,MLB,MLB,xgboost
MLB,Alfredo Aceves,2013,1200000,1039418.625,25786377996.890625,MLB,MLB,xgboost
MLB,Chris Tillman,2013,546000,479293,4449823849,MLB,MLB,xgboost
MLB,Miguel González,2013,529000,2468486.25,3761606913939.0625,MLB,MLB,xgboost
MLB,Zack Britton,2013,521500,535732.125,202553382.015625,MLB,MLB,xgboost
MLB,Chris Capuano,2013,2250000,1472160.625,605034093300.3906,MLB,MLB,xgboost
MLB,Félix Doubront,2013,586000,819258.375,54409469507.640625,MLB,MLB,xgboost
MLB,Allen Webster,2013,500000,595918.3125,9200322672.847656,MLB,MLB,xgboost
MLB,Jason Hammel,2013,6000000,5439666,313974191556,MLB,MLB,xgboost
MLB,Jeff Samardzija,2013,5345000,5495808,22743052864,MLB,MLB,xgboost
MLB,Travis Wood,2013,3900000,3921498.5,462185502.25,MLB,MLB,xgboost
MLB,James McDonald,2013,1000000,1208924.125,43649290007.015625,MLB,MLB,xgboost
MLB,Jake Arrieta,2013,544500,671513,16132302169,MLB,MLB,xgboost
MLB,Justin Grimm,2013,505500,409583.71875,9199933008.829102,MLB,MLB,xgboost
MLB,Chris Rusin,2013,503500,844879.8125,116540176382.53516,MLB,MLB,xgboost
MLB,Jose Quintana,2013,5300000,2736704.5,6570483820320.25,MLB,MLB,xgboost
MLB,Jose Quintana,2013,550000,2736704.5,4781676570320.25,MLB,MLB,xgboost
MLB,Erik Johnson,2013,500000,792700.0625,85673326587.5039,MLB,MLB,xgboost
MLB,Eric Surkamp,2013,500000,696566.0625,38638216926.75391,MLB,MLB,xgboost
MLB,André Rienzo,2013,500000,596888.875,9387454098.765625,MLB,MLB,xgboost
MLB,Dylan Axelrod,2013,500000,1160972.375,436884480513.1406,MLB,MLB,xgboost
MLB,Homer Bailey,2013,17500000,17277244,49620235536,MLB,MLB,xgboost
MLB,Mike Leake,2013,5925000,5999899.5,5609935100.25,MLB,MLB,xgboost
MLB,Chien-Ming Wang,2013,1250000,1141476.625,11777322921.390625,MLB,MLB,xgboost
MLB,Tony Cingrani,2013,512500,543837.5625,982042823.44140625,MLB,MLB,xgboost
MLB,Jair Jurrjens,2013,500000,794770.9375,86889905594.6289,MLB,MLB,xgboost
MLB,Pedro Villarreal,2013,500000,705958.5625,42418929467.06641,MLB,MLB,xgboost
MLB,David Holmberg,2013,500000,423093.875,5914552062.515625,MLB,MLB,xgboost
MLB,Justin Masterson,2013,9762500,9728144,1180334736,MLB,MLB,xgboost
MLB,Shaun Marcum,2013,1000000,944922.125,3033572314.515625,MLB,MLB,xgboost
MLB,Corey Kluber,2013,514000,1627843,1240646228649,MLB,MLB,xgboost
MLB,Zach McAllister,2013,504500,880091.4375,141068927923.3164,MLB,MLB,xgboost
MLB,Danny Salazar,2013,501500,711955.0625,44291333331.87891,MLB,MLB,xgboost
MLB,Juan Nicasio,2013,2025000,2309324,80840136976,MLB,MLB,xgboost
MLB,Tyler Chatwood,2013,502000,459616.71875,1796342529.5166016,MLB,MLB,xgboost
MLB,Jordan Lyles,2013,502000,340361.625,26126964272.640625,MLB,MLB,xgboost
MLB,Chris Capuano,2013,500000,1472160.625,945096280800.3906,MLB,MLB,xgboost
MLB,Chad Bettis,2013,500000,594547.5625,8939241574.691406,MLB,MLB,xgboost
MLB,Max Scherzer,2013,15525000,15406877,13953043129,MLB,MLB,xgboost
MLB,Rick Porcello,2013,8500000,7559595.5,884360623620.25,MLB,MLB,xgboost
MLB,Scott Feldman,2013,10000000,10294659,86823926281,MLB,MLB,xgboost
MLB,Lucas Harrell,2013,509700,652112.875,20281426965.765625,MLB,MLB,xgboost
MLB,Dallas Keuchel,2013,508700,268988.28125,57461708106.0791,MLB,MLB,xgboost
MLB,Brad Peacock,2013,504300,852601.3125,121313804289.22266,MLB,MLB,xgboost
MLB,Brett Oberholtzer,2013,503600,529475.1875,669525328.16015625,MLB,MLB,xgboost
MLB,Jarred Cosart,2013,500000,668681.5,28453448442.25,MLB,MLB,xgboost
MLB,Collin McHugh,2013,500000,392638.1875,11526558783.285156,MLB,MLB,xgboost
MLB,Jason Vargas,2013,8000000,7760927,57155899329,MLB,MLB,xgboost
MLB,Danny Duffy,2013,526000,877493.75,123547856289.0625,MLB,MLB,xgboost
MLB,Yordano Ventura,2013,500500,830938.5,109189602282.25,MLB,MLB,xgboost
MLB,Héctor Santiago,2013,530000,496508.84375,1121657546.961914,MLB,MLB,xgboost
MLB,Tyler Skaggs,2013,502250,445540.375,3215981567.640625,MLB,MLB,xgboost
MLB,Matt Shoemaker,2013,500500,730239.0625,52780036838.37891,MLB,MLB,xgboost
MLB,Clayton Kershaw,2013,30714286,30723730,89189136,MLB,MLB,xgboost
MLB,Paul Maholm,2013,1500000,2431724.75,868111009762.5625,MLB,MLB,xgboost
MLB,Dan Haren,2013,1000000,1613189.125,376000903018.2656,MLB,MLB,xgboost
MLB,Kevin Slowey,2013,800000,780808.875,368299278.765625,MLB,MLB,xgboost
MLB,José Fernández,2013,635000,812624.375,31550418594.140625,MLB,MLB,xgboost
MLB,Henderson Alvarez III,2013,525400,375763.46875,22391091484.532227,MLB,MLB,xgboost
MLB,Nathan Eovaldi,2013,517000,378334.4375,19228138223.441406,MLB,MLB,xgboost
MLB,Tom Koehler,2013,515000,1011370,246383176900,MLB,MLB,xgboost
MLB,Brian Flynn,2013,500000,586274.9375,7443364840.628906,MLB,MLB,xgboost
MLB,Matt Garza,2013,12500000,12261962,56662089444,MLB,MLB,xgboost
MLB,Marco Estrada,2013,3325000,5527030.5,4848938322930.25,MLB,MLB,xgboost
MLB,Wily Peralta,2013,515000,833228.75,101269537326.5625,MLB,MLB,xgboost
MLB,Johnny Hellweg,2013,500000,508090.59375,65457707.22753906,MLB,MLB,xgboost
MLB,Ricky Nolasco,2013,12250000,12475931,51044816761,MLB,MLB,xgboost
MLB,Phil Hughes,2013,8000000,7553245,199590030025,MLB,MLB,xgboost
MLB,Mike Pelfrey,2013,5500000,5610961,12312343521,MLB,MLB,xgboost
MLB,Scott Diamond,2013,542500,503511.78125,1520081201.2978516,MLB,MLB,xgboost
MLB,Vance Worley,2013,527500,619641.125,8489986916.265625,MLB,MLB,xgboost
MLB,Kyle Gibson,2013,502500,800071.125,88548574433.765625,MLB,MLB,xgboost
MLB,Bartolo Colon,2013,10000000,10005457,29778849,MLB,MLB,xgboost
MLB,Dillon Gee,2013,3625000,4024405.25,159524553727.5625,MLB,MLB,xgboost
MLB,John Lannan,2013,1500000,1914483.625,171796675393.14062,MLB,MLB,xgboost
MLB,Daisuke Matsuzaka,2013,1500000,2337614.25,701597631803.0625,MLB,MLB,xgboost
MLB,Matt Harvey,2013,546625,386796.5,25545149412.25,MLB,MLB,xgboost
MLB,Zack Wheeler,2013,512375,321847.40625,36300763980.16504,MLB,MLB,xgboost
MLB,Jenrry Mejía,2013,509675,530325.4375,426440568.94140625,MLB,MLB,xgboost
MLB,Hiroki Kuroda,2013,16000000,15946882,2821521924,MLB,MLB,xgboost
MLB,Iván Nova,2013,3300000,3162500.75,18906043750.5625,MLB,MLB,xgboost
MLB,Alfredo Aceves,2013,1200000,1039418.625,25786377996.890625,MLB,MLB,xgboost
MLB,David Phelps,2013,541425,256306.40625,81292612501.97754,MLB,MLB,xgboost
MLB,A.J. Burnett,2013,11250000,11463639,45641622321,MLB,MLB,xgboost
MLB,Miguel González,2013,4000000,2468486.25,2345534366439.0625,MLB,MLB,xgboost
MLB,Kyle Kendrick,2013,7675000,7252409,178583153281,MLB,MLB,xgboost
MLB,Roberto Hernández,2013,4500000,4372943.5,16143354192.25,MLB,MLB,xgboost
MLB,Jonathan Pettibone,2013,500000,713402.5,45540627006.25,MLB,MLB,xgboost
MLB,Ethan Martin,2013,500000,578949.75,6233063025.0625,MLB,MLB,xgboost
MLB,Charlie Morton,2013,7000000,6777257,49614444049,MLB,MLB,xgboost
MLB,Edinson Vólquez,2013,5000000,4884671.5,13300662912.25,MLB,MLB,xgboost
MLB,Jeff Locke,2013,513000,1210733.625,486832211455.6406,MLB,MLB,xgboost
MLB,Gerrit Cole,2013,512500,749310.9375,56079420119.62891,MLB,MLB,xgboost
MLB,Brandon Cumpton,2013,507000,630893.9375,15349707749.253906,MLB,MLB,xgboost
MLB,Phil Irwin,2013,500000,351397.0625,22082833033.628906,MLB,MLB,xgboost
MLB,Ian Kennedy,2013,6100000,5784163,99753010569,MLB,MLB,xgboost
MLB,Eric Stults,2013,2750000,3089724.5,115412735900.25,MLB,MLB,xgboost
MLB,Andrew Cashner,2013,2400000,2380181.5,392772942.25,MLB,MLB,xgboost
MLB,Robbie Erlin,2013,504500,190533.671875,98574855196.29517,MLB,MLB,xgboost
MLB,Burch Smith,2013,500000,666643.1875,27769951940.160156,MLB,MLB,xgboost
MLB,Erasmo Ramírez,2013,511800,622726.6875,12304729999.722656,MLB,MLB,xgboost
MLB,Brandon Maurer,2013,504600,451963,2770653769,MLB,MLB,xgboost
MLB,James Paxton,2013,503500,427674,5749582276,MLB,MLB,xgboost
MLB,Taijuan Walker,2013,502400,574128.4375,5144968746.191406,MLB,MLB,xgboost
MLB,Tim Lincecum,2013,17500000,17391730,11722392900,MLB,MLB,xgboost
MLB,Tim Hudson,2013,11500000,11225785,75193866225,MLB,MLB,xgboost
MLB,Ryan Vogelsong,2013,5000000,4954706.5,2051501142.25,MLB,MLB,xgboost
MLB,Yusmeiro Petit,2013,845000,1079040.5,54774955640.25,MLB,MLB,xgboost
MLB,Adam Wainwright,2013,19500000,19386354,12915413316,MLB,MLB,xgboost
MLB,Lance Lynn,2013,535000,1366391.5,691211826272.25,MLB,MLB,xgboost
MLB,Shelby Miller,2013,521000,558917.8125,1437760504.7851562,MLB,MLB,xgboost
MLB,Michael Wacha,2013,510000,513062.90625,9381394.6962890625,MLB,MLB,xgboost
MLB,Tyler Lyons,2013,500000,709568.125,43918799016.015625,MLB,MLB,xgboost
MLB,Chris Archer,2013,4250000,2064046.5,4778392704162.25,MLB,MLB,xgboost
MLB,David Price,2013,14000000,13263646,542217213316,MLB,MLB,xgboost
MLB,Jeremy Hellickson,2013,3625000,3655306.75,918499095.5625,MLB,MLB,xgboost
MLB,Érik Bédard,2013,1150000,964349.1875,34466224181.91016,MLB,MLB,xgboost
MLB,Alex Cobb,2013,516900,878919.25,131057937370.5625,MLB,MLB,xgboost
MLB,Chris Archer,2013,511200,2064046.5,2411332252562.25,MLB,MLB,xgboost
MLB,Jake Odorizzi,2013,503100,582275.125,6268700418.765625,MLB,MLB,xgboost
MLB,Alex Colomé,2013,500000,630249.1875,16964850844.410156,MLB,MLB,xgboost
MLB,Enny Romero,2013,500000,556594.625,3202951578.890625,MLB,MLB,xgboost
MLB,Nate Karns,2013,500000,539414.125,1553473249.515625,MLB,MLB,xgboost
MLB,Martín Pérez,2013,3125000,2899236,50969383696,MLB,MLB,xgboost
MLB,Alexi Ogando,2013,2625000,2211613,170888811769,MLB,MLB,xgboost
MLB,Tommy Hanson,2013,2000000,1015414.5,969408606810.25,MLB,MLB,xgboost
MLB,Scott Baker,2013,1000000,1097100.5,9428507100.25,MLB,MLB,xgboost
MLB,Nick Tepesch,2013,505071,572512.8125,4548398073.285156,MLB,MLB,xgboost
MLB,Joe Saunders,2013,500000,373013.46875,16125579118.907227,MLB,MLB,xgboost
MLB,R.A. Dickey,2013,12500000,12745035,60042151225,MLB,MLB,xgboost
MLB,J.A. Happ,2013,5400000,4936875.5,214484302500.25,MLB,MLB,xgboost
MLB,Todd Redmond,2013,505700,1238525,537032480625,MLB,MLB,xgboost
MLB,Liam Hendriks,2013,500000,495570.59375,19619639.727539062,MLB,MLB,xgboost
MLB,Sean Nolin,2013,500000,504836.5,23391732.25,MLB,MLB,xgboost
MLB,Jordan Zimmermann,2013,12000000,11989075,119355625,MLB,MLB,xgboost
MLB,Doug Fister,2013,7200000,7299469.5,9894181430.25,MLB,MLB,xgboost
MLB,Stephen Strasburg,2013,3975000,4073341,9670952281,MLB,MLB,xgboost
MLB,Ross Detwiler,2013,3000000,2639649.5,129852482850.25,MLB,MLB,xgboost
MLB,Taylor Jordan,2013,504300,561112.375,3227645953.140625,MLB,MLB,xgboost
MLB,Jeremy Hellickson,2014,4275000,3881893.5,154532720342.25,MLB,MLB,xgboost
MLB,Rubby De La Rosa,2014,516000,1320222.125,646773226339.5156,MLB,MLB,xgboost
MLB,Chase Anderson,2014,512500,1048380.0625,287167441385.0039,MLB,MLB,xgboost
MLB,Robbie Ray,2014,508500,668657.9375,25650564944.253906,MLB,MLB,xgboost
MLB,Allen Webster,2014,507500,481986.5625,650935493.06640625,MLB,MLB,xgboost
MLB,Jhoulys Chacín,2014,507500,1992542.375,2205350855545.6406,MLB,MLB,xgboost
MLB,Andrew Chafin,2014,507500,520642.46875,172724484.84472656,MLB,MLB,xgboost
MLB,Jesse Chavez,2014,2150000,2704131.5,307061719292.25,MLB,MLB,xgboost
MLB,Drew Pomeranz,2014,517500,511174.78125,40008392.23535156,MLB,MLB,xgboost
MLB,Sonny Gray,2014,512500,524829.625,152019652.640625,MLB,MLB,xgboost
MLB,Chris Bassitt,2014,507500,721811.75,45929526188.0625,MLB,MLB,xgboost
MLB,Brad Mills,2014,507500,820551.6875,98001359046.59766,MLB,MLB,xgboost
MLB,Jesse Hahn,2014,507500,629823.75,14963099814.0625,MLB,MLB,xgboost
MLB,Mike Minor,2014,5600000,5199653.5,160277320062.25,MLB,MLB,xgboost
MLB,Eric Stults,2014,2000000,1890072.125,12084137702.015625,MLB,MLB,xgboost
MLB,Shelby Miller,2014,535000,664118.0625,16671474063.753906,MLB,MLB,xgboost
MLB,Alex Wood,2014,520000,510814.59375,84371687.97753906,MLB,MLB,xgboost
MLB,Edwin Jackson,2014,507500,1080320.375,328123182015.1406,MLB,MLB,xgboost
MLB,Bud Norris,2014,8800000,4768486,16253105132196,MLB,MLB,xgboost
MLB,Chris Tillman,2014,4315000,4458887,20703468769,MLB,MLB,xgboost
MLB,Miguel González,2014,3275000,3620933,119669640489,MLB,MLB,xgboost
MLB,Kevin Gausman,2014,522000,335678.0625,34715864393.75391,MLB,MLB,xgboost
MLB,Wade Miley,2014,6416667,6242073.5,30482890242.25,MLB,MLB,xgboost
MLB,Rick Porcello,2014,12500000,12313093,34934226649,MLB,MLB,xgboost
MLB,Joe Kelly,2014,603000,1086165.75,233449141973.0625,MLB,MLB,xgboost
MLB,Brandon Workman,2014,539500,822866.875,80296785847.265625,MLB,MLB,xgboost
MLB,Jon Lester,2014,25833333,26312664,229758207561,MLB,MLB,xgboost
MLB,Jason Hammel,2014,10000000,10182518,33312820324,MLB,MLB,xgboost
MLB,Travis Wood,2014,5685000,5539070,21295564900,MLB,MLB,xgboost
MLB,Tsuyoshi Wada,2014,4000000,3519426.75,230950648615.5625,MLB,MLB,xgboost
MLB,Jake Arrieta,2014,3630000,3623384.75,43761532.5625,MLB,MLB,xgboost
MLB,Félix Doubront,2014,1925000,694653.6875,1513752048682.3477,MLB,MLB,xgboost
MLB,Kyle Hendricks,2014,510000,771584.9375,68426679526.87891,MLB,MLB,xgboost
MLB,Dallas Beeler,2014,508000,604999.5,9408903000.25,MLB,MLB,xgboost
MLB,Trevor Cahill,2014,507500,591014.625,6974692588.890625,MLB,MLB,xgboost
MLB,Jeff Samardzija,2014,9800000,10131889,110150308321,MLB,MLB,xgboost
MLB,Héctor Noesí,2014,1950000,1963643,186131449,MLB,MLB,xgboost
MLB,Erik Johnson,2014,510000,490923.15625,363925967.46191406,MLB,MLB,xgboost
MLB,Scott Carroll,2014,507500,680662.0625,29985099889.253906,MLB,MLB,xgboost
MLB,Mike Leake,2014,9775000,9671696,10671716416,MLB,MLB,xgboost
MLB,Tony Cingrani,2014,525500,535820.6875,106516590.47265625,MLB,MLB,xgboost
MLB,David Holmberg,2014,507500,601753.1875,8883663353.910156,MLB,MLB,xgboost
MLB,Dylan Axelrod,2014,507500,916334.25,167145443973.0625,MLB,MLB,xgboost
MLB,Corey Kluber,2014,7700000,3933527.25,14186316976492.562,MLB,MLB,xgboost
MLB,Gavin Floyd,2014,4000000,3688208.5,97213939472.25,MLB,MLB,xgboost
MLB,Trevor Bauer,2014,1940000,1435860.625,254156509425.39062,MLB,MLB,xgboost
MLB,Josh Tomlin,2014,1500000,1448395.75,2662998618.0625,MLB,MLB,xgboost
MLB,Bruce Chen,2014,1000000,1014162.6875,200581717.22265625,MLB,MLB,xgboost
MLB,Corey Kluber,2014,601000,3933527.25,11105737871992.562,MLB,MLB,xgboost
MLB,Zach McAllister,2014,520400,528333.9375,62947364.25390625,MLB,MLB,xgboost
MLB,Danny Salazar,2014,507500,842182.75,112012543147.5625,MLB,MLB,xgboost
MLB,Jhoulys Chacín,2014,505700,1992542.375,2210700248095.6406,MLB,MLB,xgboost
MLB,Jorge De La Rosa,2014,12500000,11923559,332284226481,MLB,MLB,xgboost
MLB,Jhoulys Chacín,2014,5500000,1992542.375,12302258991170.64,MLB,MLB,xgboost
MLB,Kyle Kendrick,2014,5500000,5382873.5,13718617002.25,MLB,MLB,xgboost
MLB,Jordan Lyles,2014,2475000,2150212.25,105487082550.0625,MLB,MLB,xgboost
MLB,Tyler Chatwood,2014,1000000,705020.75,87012757930.5625,MLB,MLB,xgboost
MLB,Tyler Matzek,2014,509500,847410.8125,114183717204.41016,MLB,MLB,xgboost
MLB,Christian Bergman,2014,509500,352080.84375,24780790754.461914,MLB,MLB,xgboost
MLB,Eddie Butler,2014,509500,669532.1875,25610301036.035156,MLB,MLB,xgboost
MLB,Yohan Flande,2014,507500,666694.625,25342928628.890625,MLB,MLB,xgboost
MLB,David Price,2014,19750000,19811174,3742258276,MLB,MLB,xgboost
MLB,Alfredo Simón,2014,5500000,5429886,4915972996,MLB,MLB,xgboost
MLB,Shane Greene,2014,515000,475132.84375,1589390147.461914,MLB,MLB,xgboost
MLB,Drew VerHagen,2014,507500,538285,947716225,MLB,MLB,xgboost
MLB,Randy Wolf,2014,507500,702929.875,38192836042.515625,MLB,MLB,xgboost
MLB,Kyle Lobstein,2014,507500,390891.875,13597454816.015625,MLB,MLB,xgboost
MLB,Buck Farmer,2014,507500,450438.09375,3256061144.883789,MLB,MLB,xgboost
MLB,Dallas Keuchel,2014,524500,1111330.625,344370182437.8906,MLB,MLB,xgboost
MLB,Collin McHugh,2014,516300,1117978,362016415684,MLB,MLB,xgboost
MLB,Brad Peacock,2014,515800,1212133.5,484880343222.25,MLB,MLB,xgboost
MLB,Brett Oberholtzer,2014,515800,665889.75,22526933055.0625,MLB,MLB,xgboost
MLB,Dan Straily,2014,507500,795934.25,83194316573.0625,MLB,MLB,xgboost
MLB,Yordano Ventura,2014,4800000,2385255,5830993415025,MLB,MLB,xgboost
MLB,Edinson Vólquez,2014,10000000,9809947,36120142809,MLB,MLB,xgboost
MLB,Danny Duffy,2014,2425000,2178959.75,60535804620.0625,MLB,MLB,xgboost
MLB,Franklin Morales,2014,1850000,1838488.625,132511754.390625,MLB,MLB,xgboost
MLB,Chris Young,2014,675000,898617.0625,50004590641.12891,MLB,MLB,xgboost
MLB,Yordano Ventura,2014,535675,2385255,3420946176400,MLB,MLB,xgboost
MLB,Brian Flynn,2014,508450,439273.3125,4785414093.472656,MLB,MLB,xgboost
MLB,Aaron Brooks,2014,507500,468588.3125,1514119424.0976562,MLB,MLB,xgboost
MLB,Yohan Pino,2014,507500,2385055.5,3525214655580.25,MLB,MLB,xgboost
MLB,Garrett Richards,2014,3200000,3122494.75,6007063777.5625,MLB,MLB,xgboost
MLB,Héctor Santiago,2014,2290000,1418019.5,760349992380.25,MLB,MLB,xgboost
MLB,Matt Shoemaker,2014,517500,632472.9375,13218776357.378906,MLB,MLB,xgboost
MLB,Tyler Skaggs,2014,515000,629040.125,13005150110.015625,MLB,MLB,xgboost
MLB,Andrew Heaney,2014,509250,420809.34375,7821749677.930664,MLB,MLB,xgboost
MLB,Nick Tropeano,2014,507500,540136.6875,1065153370.9726562,MLB,MLB,xgboost
MLB,Mat Latos,2014,507500,3976839.75,12036318300930.062,MLB,MLB,xgboost
MLB,Brandon McCarthy,2014,12000000,12170226,28976891076,MLB,MLB,xgboost
MLB,Brett Anderson,2014,10000000,8315418.5,2837814830142.25,MLB,MLB,xgboost
MLB,Mike Bolsinger,2014,507500,628691.25,14687319076.5625,MLB,MLB,xgboost
MLB,Mat Latos,2014,9400000,3976839.75,29410667097180.062,MLB,MLB,xgboost
MLB,Henderson Alvarez III,2014,4000000,3908216.75,8424164980.5625,MLB,MLB,xgboost
MLB,David Phelps,2014,1400000,1162406.375,56450730640.640625,MLB,MLB,xgboost
MLB,José Fernández,2014,651000,852023.75,40410548064.0625,MLB,MLB,xgboost
MLB,Tom Koehler,2014,555000,1000200.625,198203596500.39062,MLB,MLB,xgboost
MLB,Jarred Cosart,2014,540000,1054585.25,264797979517.5625,MLB,MLB,xgboost
MLB,Brad Hand,2014,520000,416211.3125,10772091652.972656,MLB,MLB,xgboost
MLB,André Rienzo,2014,507500,714963,43040896369,MLB,MLB,xgboost
MLB,Wily Peralta,2014,525500,869114.4375,118070881658.4414,MLB,MLB,xgboost
MLB,Jimmy Nelson,2014,511500,826934.375,99498844931.640625,MLB,MLB,xgboost
MLB,Ervin Santana,2014,13750000,13975194,50712337636,MLB,MLB,xgboost
MLB,Phil Hughes,2014,14000000,14028322,802135684,MLB,MLB,xgboost
MLB,Tommy Milone,2014,2775000,2007891.25,588455834326.5625,MLB,MLB,xgboost
MLB,Kyle Gibson,2014,537500,776901.6875,57313167977.84766,MLB,MLB,xgboost
MLB,Trevor May,2014,510000,490411.90625,383693416.75878906,MLB,MLB,xgboost
MLB,Logan Darnell,2014,507500,459583.625,2295978993.140625,MLB,MLB,xgboost
MLB,Dillon Gee,2014,5300000,4794119,255915586161,MLB,MLB,xgboost
MLB,Jacob deGrom,2014,556875,1237847.125,463723035027.0156,MLB,MLB,xgboost
MLB,Zack Wheeler,2014,546250,545827,178929,MLB,MLB,xgboost
MLB,Rafael Montero,2014,511000,469034.53125,1761100567.4072266,MLB,MLB,xgboost
MLB,Nathan Eovaldi,2014,3300000,3305114.5,26158110.25,MLB,MLB,xgboost
MLB,Iván Nova,2014,3300000,2430163.75,756615101814.0625,MLB,MLB,xgboost
MLB,Michael Pineda,2014,2100000,1829577.875,73128125689.515625,MLB,MLB,xgboost
MLB,Chase Whitley,2014,524525,693650.125,28603307906.265625,MLB,MLB,xgboost
MLB,Aaron Harang,2014,5000000,5026340.5,693821940.25,MLB,MLB,xgboost
MLB,Kevin Correia,2014,650000,719346.1875,4808893720.785156,MLB,MLB,xgboost
MLB,David Buchanan,2014,512500,645581.6875,17710735547.847656,MLB,MLB,xgboost
MLB,Jonathan Pettibone,2014,510000,604429.8125,8916989488.785156,MLB,MLB,xgboost
MLB,Sean O'Sullivan,2014,507500,490076.25,303587064.0625,MLB,MLB,xgboost
MLB,Francisco Liriano,2014,13000000,13170148,28950341904,MLB,MLB,xgboost
MLB,A.J. Burnett,2014,8500000,8491479,72607441,MLB,MLB,xgboost
MLB,Vance Worley,2014,2450000,1898555.875,304090622997.0156,MLB,MLB,xgboost
MLB,Gerrit Cole,2014,531000,637242.375,11287442245.640625,MLB,MLB,xgboost
MLB,Jeff Locke,2014,531000,886359.4375,126280329820.3164,MLB,MLB,xgboost
MLB,Brandon Cumpton,2014,520500,460087.09375,3649719241.571289,MLB,MLB,xgboost
MLB,James Shields,2014,18750000,18632266,13861294756,MLB,MLB,xgboost
MLB,Ian Kennedy,2014,9850000,9981218,17218163524,MLB,MLB,xgboost
MLB,Tyson Ross,2014,5250000,5498775.5,61889249400.25,MLB,MLB,xgboost
MLB,Andrew Cashner,2014,4050000,3733483,100183011289,MLB,MLB,xgboost
MLB,Joe Wieland,2014,590000,509551.59375,6471946068.165039,MLB,MLB,xgboost
MLB,Odrisamer Despaigne,2014,517300,1167407.875,422640249137.0156,MLB,MLB,xgboost
MLB,Bud Norris,2014,507500,4768486,18156001692196,MLB,MLB,xgboost
MLB,Robbie Erlin,2014,507500,553826.5,2146144602.25,MLB,MLB,xgboost
MLB,Erasmo Ramírez,2014,522800,710291.1875,35152945390.16016,MLB,MLB,xgboost
MLB,James Paxton,2014,519000,829699.75,96534334650.0625,MLB,MLB,xgboost
MLB,Taijuan Walker,2014,513100,526612.625,182591034.390625,MLB,MLB,xgboost
MLB,Roenis Elías,2014,507500,1039718.25,283256265633.0625,MLB,MLB,xgboost
MLB,Jake Peavy,2014,12000000,11364655,403663269025,MLB,MLB,xgboost
MLB,Ryan Vogelsong,2014,4000000,4387908.5,150473004372.25,MLB,MLB,xgboost
MLB,Kevin Correia,2014,850000,719346.1875,17070418720.785156,MLB,MLB,xgboost
MLB,Lance Lynn,2014,7833333,7545064,83099016361,MLB,MLB,xgboost
MLB,Michael Wacha,2014,520000,825303.4375,93210188949.3164,MLB,MLB,xgboost
MLB,Marco Gonzales,2014,507500,760015.375,63764014611.390625,MLB,MLB,xgboost
MLB,Alex Cobb,2014,4000000,3521013.5,229428067182.25,MLB,MLB,xgboost
MLB,Drew Smyly,2014,2650000,2352117.75,88733834865.0625,MLB,MLB,xgboost
MLB,Jake Odorizzi,2014,522000,1208531.375,471325328859.3906,MLB,MLB,xgboost
MLB,Alex Colomé,2014,510800,502911.875,62222516.015625,MLB,MLB,xgboost
MLB,Nate Karns,2014,508800,752126.1875,59207633523.28516,MLB,MLB,xgboost
MLB,Colby Lewis,2014,4000000,3950188.5,2481185532.25,MLB,MLB,xgboost
MLB,Nick Tepesch,2014,517760,626828.875,11896019493.765625,MLB,MLB,xgboost
MLB,Tanner Scheppers,2014,515200,662544.0625,21710272754.003906,MLB,MLB,xgboost
MLB,Nick Martinez,2014,515000,538200.5625,538266100.31640625,MLB,MLB,xgboost
MLB,Anthony Ranaudo,2014,508500,548516.6875,1601335278.4726562,MLB,MLB,xgboost
MLB,Lisalverto Bonilla,2014,508500,551688.9375,1865284322.3789062,MLB,MLB,xgboost
MLB,Wandy Rodríguez,2014,507500,663912.5625,24464889707.816406,MLB,MLB,xgboost
MLB,Drew Hutchison,2014,520100,426796.125,8705613090.015625,MLB,MLB,xgboost
MLB,Liam Hendriks,2014,518400,940918.5,178521882842.25,MLB,MLB,xgboost
MLB,Marcus Stroman,2014,514700,388748.71875,15863725248.516602,MLB,MLB,xgboost
MLB,Félix Doubront,2014,507500,694653.6875,35026502744.84766,MLB,MLB,xgboost
MLB,Max Scherzer,2014,30000000,29656072,118286469184,MLB,MLB,xgboost
MLB,Doug Fister,2014,11400000,11201531,39389943961,MLB,MLB,xgboost
MLB,Stephen Strasburg,2014,7400000,7186657,45515235649,MLB,MLB,xgboost
MLB,Tanner Roark,2014,529600,442915.875,7514137527.015625,MLB,MLB,xgboost
MLB,Taylor Jordan,2014,507500,833680.9375,106394003988.3789,MLB,MLB,xgboost
MLB,Zack Greinke,2015,34416667,34325492,8312880625,MLB,MLB,xgboost
MLB,Shelby Miller,2015,4350000,4506258.5,24416718822.25,MLB,MLB,xgboost
MLB,Patrick Corbin,2015,2525000,1913468.125,373971234141.0156,MLB,MLB,xgboost
MLB,Rubby De La Rosa,2015,2350000,2446789.25,9368158915.5625,MLB,MLB,xgboost
MLB,Robbie Ray,2015,521000,977267.3125,208179860455.97266,MLB,MLB,xgboost
MLB,Archie Bradley,2015,507500,691516.0625,33861911258.003906,MLB,MLB,xgboost
MLB,Zack Godley,2015,507500,891345.1875,147337127966.91016,MLB,MLB,xgboost
MLB,Tyler Wagner,2015,507500,672944.0625,27371737816.503906,MLB,MLB,xgboost
MLB,Rich Hill,2015,6000000,6173109.5,29966898990.25,MLB,MLB,xgboost
MLB,Henderson Alvarez III,2015,4250000,3958581.25,84924887851.5625,MLB,MLB,xgboost
MLB,Félix Doubront,2015,2000000,2098129.25,9629349705.5625,MLB,MLB,xgboost
MLB,Sonny Gray,2015,527500,902302.3125,140476773455.34766,MLB,MLB,xgboost
MLB,Kendall Graveman,2015,512500,720287.125,43175489315.765625,MLB,MLB,xgboost
MLB,Chris Bassitt,2015,510000,465981.875,1937595328.515625,MLB,MLB,xgboost
MLB,Jesse Hahn,2015,507500,553041.625,2074039607.640625,MLB,MLB,xgboost
MLB,Jhoulys Chacín,2015,1100000,804499.75,87320397750.0625,MLB,MLB,xgboost
MLB,Williams Pérez,2015,511250,641256.875,16901787547.265625,MLB,MLB,xgboost
MLB,Roberto Hernández,2015,507500,391964.8125,13348379550.660156,MLB,MLB,xgboost
MLB,Mike Foltynewicz,2015,507500,481149.59375,694343909.5400391,MLB,MLB,xgboost
MLB,Ryan Weber,2015,507500,612957.3125,11121244759.722656,MLB,MLB,xgboost
MLB,Matt Wisler,2015,507500,465611.5625,1754641196.1914062,MLB,MLB,xgboost
MLB,Manny Bañuelos,2015,507500,527626.125,405060907.515625,MLB,MLB,xgboost
MLB,Yovani Gallardo,2015,11000000,10779441,48646272481,MLB,MLB,xgboost
MLB,Chris Tillman,2015,6225000,4735505.5,2218593865530.25,MLB,MLB,xgboost
MLB,Miguel González,2015,5100000,3051552,4196139208704,MLB,MLB,xgboost
MLB,Kevin Gausman,2015,532000,371342.40625,25810862429.54004,MLB,MLB,xgboost
MLB,Tyler Wilson,2015,511500,701999.25,36289964250.5625,MLB,MLB,xgboost
MLB,Odrisamer Despaigne,2015,507500,431817.375,5727859726.890625,MLB,MLB,xgboost
MLB,David Price,2015,31000000,30420514,335804024196,MLB,MLB,xgboost
MLB,Rick Porcello,2015,20625000,19912342,507881424964,MLB,MLB,xgboost
MLB,Joe Kelly,2015,2600000,3105468.75,255498657226.5625,MLB,MLB,xgboost
MLB,Roenis Elías,2015,558000,758355.3125,40142251246.97266,MLB,MLB,xgboost
MLB,Eduardo Rodríguez,2015,521000,649202.6875,16435929082.222656,MLB,MLB,xgboost
MLB,Steven Wright,2015,514500,1158936.5,415298402532.25,MLB,MLB,xgboost
MLB,Sean O'Sullivan,2015,507500,501657.84375,34130789.64941406,MLB,MLB,xgboost
MLB,Henry Owens,2015,507500,838258.375,109401102632.64062,MLB,MLB,xgboost
MLB,John Lackey,2015,16000000,16058525,3425175625,MLB,MLB,xgboost
MLB,Jake Arrieta,2015,10700000,10782582,6819786724,MLB,MLB,xgboost
MLB,Kyle Hendricks,2015,541000,1067691.75,277404199518.0625,MLB,MLB,xgboost
MLB,Aaron Brooks,2015,510000,686412.4375,31121348104.691406,MLB,MLB,xgboost
MLB,Dallas Beeler,2015,508500,725167.125,46944643055.765625,MLB,MLB,xgboost
MLB,Carlos Rodón,2015,518000,657074.875,19341820856.265625,MLB,MLB,xgboost
MLB,Miguel González,2015,507500,3051552,6472200578704,MLB,MLB,xgboost
MLB,Chris Beck,2015,507500,518161.8125,113674245.78515625,MLB,MLB,xgboost
MLB,Erik Johnson,2015,507500,594476.25,7564868064.0625,MLB,MLB,xgboost
MLB,Alfredo Simón,2015,2000000,2373303.75,139355689764.0625,MLB,MLB,xgboost
MLB,Anthony DeSclafani,2015,540000,1207649,445755187201,MLB,MLB,xgboost
MLB,Michael Lorenzen,2015,516500,385187.625,17242939828.140625,MLB,MLB,xgboost
MLB,Jon Moscot,2015,508000,622611.4375,13135781605.816406,MLB,MLB,xgboost
MLB,Josh A. Smith,2015,507500,672824.75,27332272962.5625,MLB,MLB,xgboost
MLB,John Lamb,2015,507500,842379.5625,112144321380.1914,MLB,MLB,xgboost
MLB,Keyvius Sampson,2015,507500,525875.4375,337656703.31640625,MLB,MLB,xgboost
MLB,Josh Tomlin,2015,1833333,1853404.25,402855076.5625,MLB,MLB,xgboost
MLB,Trevor Bauer,2015,1697500,1297783,159773680089,MLB,MLB,xgboost
MLB,Danny Salazar,2015,536200,1018054.5,232183759170.25,MLB,MLB,xgboost
MLB,Cody Anderson,2015,511400,837751.75,106505464728.0625,MLB,MLB,xgboost
MLB,Jordan Lyles,2015,2975000,1848685.5,1268584352910.25,MLB,MLB,xgboost
MLB,Chad Bettis,2015,512500,1133679,385863350041,MLB,MLB,xgboost
MLB,Chris Rusin,2015,512500,950093.3125,191487907144.72266,MLB,MLB,xgboost
MLB,Tyler Matzek,2015,509500,624123.8125,13138618392.035156,MLB,MLB,xgboost
MLB,Jon Gray,2015,509500,648079.875,19204381755.015625,MLB,MLB,xgboost
MLB,Yohan Flande,2015,507500,848517.75,116293105815.0625,MLB,MLB,xgboost
MLB,Eddie Butler,2015,507500,447482.78125,3602066546.4853516,MLB,MLB,xgboost
MLB,David Hale,2015,507500,907204.875,159763987098.76562,MLB,MLB,xgboost
MLB,Jordan Zimmermann,2015,22000000,20815286,1403547261796,MLB,MLB,xgboost
MLB,Mike Pelfrey,2015,8000000,7667107.5,110817416556.25,MLB,MLB,xgboost
MLB,Shane Greene,2015,517000,509395.625,57826519.140625,MLB,MLB,xgboost
MLB,Daniel Norris,2015,514500,690605.25,31013059077.5625,MLB,MLB,xgboost
MLB,Matthew Boyd,2015,507500,556420.25,2393190860.0625,MLB,MLB,xgboost
MLB,Dallas Keuchel,2015,7250000,7384847.5,18183848256.25,MLB,MLB,xgboost
MLB,Doug Fister,2015,7000000,6564617,189558356689,MLB,MLB,xgboost
MLB,Collin McHugh,2015,529000,965803.5,190797297612.25,MLB,MLB,xgboost
MLB,Dan Straily,2015,512100,1083585.875,326596105324.5156,MLB,MLB,xgboost
MLB,Brad Peacock,2015,507500,734189.25,51388016065.5625,MLB,MLB,xgboost
MLB,Ian Kennedy,2015,14000000,13379792,384657963264,MLB,MLB,xgboost
MLB,Chris Young,2015,5750000,5537254.5,45260647770.25,MLB,MLB,xgboost
MLB,Danny Duffy,2015,4225000,3912101.75,97905314853.0625,MLB,MLB,xgboost
MLB,Dillon Gee,2015,2000000,1728998.625,73441745251.890625,MLB,MLB,xgboost
MLB,Garrett Richards,2015,6425000,6335207.5,8062693056.25,MLB,MLB,xgboost
MLB,Héctor Santiago,2015,5000000,4895610.5,10897167710.25,MLB,MLB,xgboost
MLB,Tim Lincecum,2015,2500000,2032438,218614223844,MLB,MLB,xgboost
MLB,Matt Shoemaker,2015,530000,1389033.25,737938124605.5625,MLB,MLB,xgboost
MLB,Andrew Heaney,2015,515000,791368.9375,76379789614.8789,MLB,MLB,xgboost
MLB,Nick Tropeano,2015,507500,631564.6875,15392046684.472656,MLB,MLB,xgboost
MLB,Scott Kazmir,2015,16000000,16721425,520454030625,MLB,MLB,xgboost
MLB,Brett Anderson,2015,15800000,14119162,2825216382244,MLB,MLB,xgboost
MLB,Brandon Beachy,2015,1500000,1531321.375,981028531.890625,MLB,MLB,xgboost
MLB,Joe Wieland,2015,590000,578680.5625,128129665.31640625,MLB,MLB,xgboost
MLB,Alex Wood,2015,530000,758651.5625,52281537033.69141,MLB,MLB,xgboost
MLB,Carlos Frías,2015,517500,599410.6875,6709360726.722656,MLB,MLB,xgboost
MLB,Mike Bolsinger,2015,515000,1029456.9375,264665940541.8789,MLB,MLB,xgboost
MLB,Zach Lee,2015,507500,703541.9375,38432441258.75391,MLB,MLB,xgboost
MLB,Wei-Yin Chen,2015,16000000,15710317,83916240489,MLB,MLB,xgboost
MLB,Tom Koehler,2015,3500000,3941037.25,194513855887.5625,MLB,MLB,xgboost
MLB,José Fernández,2015,2800000,2527345.75,74340340043.0625,MLB,MLB,xgboost
MLB,David Phelps,2015,2500000,3068612.5,323320175156.25,MLB,MLB,xgboost
MLB,Jarred Cosart,2015,550000,536451.75,183555078.0625,MLB,MLB,xgboost
MLB,Adam Conley,2015,512500,204668.9375,94759963039.8789,MLB,MLB,xgboost
MLB,Jeremy Guthrie,2015,507500,804995,88503275025,MLB,MLB,xgboost
MLB,Justin Nicolino,2015,507500,595563.0625,7755102976.878906,MLB,MLB,xgboost
MLB,Wily Peralta,2015,2800000,2655989.25,20739096115.5625,MLB,MLB,xgboost
MLB,Jimmy Nelson,2015,522300,869053.75,120238163139.0625,MLB,MLB,xgboost
MLB,Chase Anderson,2015,520200,2067228.5,2393297179812.25,MLB,MLB,xgboost
MLB,Taylor Jungmann,2015,518500,836712.375,101259115603.14062,MLB,MLB,xgboost
MLB,Tyler Cravy,2015,510600,585359.25,5588945460.5625,MLB,MLB,xgboost
MLB,Ariel Peña,2015,510100,749111.3125,57126407502.97266,MLB,MLB,xgboost
MLB,Zach Davies,2015,507500,338185.8125,28667294088.785156,MLB,MLB,xgboost
MLB,Tommy Milone,2015,4500000,4239085,68076637225,MLB,MLB,xgboost
MLB,Kyle Gibson,2015,587500,820150.5,54126255150.25,MLB,MLB,xgboost
MLB,Tyler Duffey,2015,507500,625310.5,13879313910.25,MLB,MLB,xgboost
MLB,Bartolo Colon,2015,7250000,7171901,6099453801,MLB,MLB,xgboost
MLB,Matt Harvey,2015,4325000,3476214.5,720436825010.25,MLB,MLB,xgboost
MLB,Jacob deGrom,2015,607000,1736449,1275655043601,MLB,MLB,xgboost
MLB,Noah Syndergaard,2015,535375,571958.1875,1338329607.6601562,MLB,MLB,xgboost
MLB,Steven Matz,2015,515750,723506.4375,43162737322.69141,MLB,MLB,xgboost
MLB,Nathan Eovaldi,2015,5600000,5342746.5,66179363262.25,MLB,MLB,xgboost
MLB,Michael Pineda,2015,4300000,4096159.75,41550847520.0625,MLB,MLB,xgboost
MLB,Iván Nova,2015,4100000,3795155,92930474025,MLB,MLB,xgboost
MLB,Luis Severino,2015,521300,398839.6875,14996528137.597656,MLB,MLB,xgboost
MLB,Jeremy Hellickson,2015,7000000,6539494.5,212065315530.25,MLB,MLB,xgboost
MLB,Brett Oberholtzer,2015,518000,712789.75,37943046705.0625,MLB,MLB,xgboost
MLB,Aaron Nola,2015,517500,298453.90625,47981191187.13379,MLB,MLB,xgboost
MLB,Jerad Eickhoff,2015,516000,986364.875,221243115633.76562,MLB,MLB,xgboost
MLB,Alec Asher,2015,507500,567882.25,3646016115.0625,MLB,MLB,xgboost
MLB,Severino González,2015,507500,386821.3125,14563345616.722656,MLB,MLB,xgboost
MLB,Adam Morgan,2015,507500,547135.375,1570962951.390625,MLB,MLB,xgboost
MLB,Jeff Locke,2015,3025000,2889844.5,18267009180.25,MLB,MLB,xgboost
MLB,Ryan Vogelsong,2015,2000000,1790758.125,43782162253.515625,MLB,MLB,xgboost
MLB,Gerrit Cole,2015,548000,1142016.75,352855899280.5625,MLB,MLB,xgboost
MLB,Kyle Lobstein,2015,520000,893285.9375,139342391135.2539,MLB,MLB,xgboost
MLB,Tyson Ross,2015,9625000,9734721,12038697841,MLB,MLB,xgboost
MLB,Andrew Cashner,2015,7150000,6976711.5,30028904232.25,MLB,MLB,xgboost
MLB,Jeremy Guthrie,2015,1250000,804995,198029450025,MLB,MLB,xgboost
MLB,Robbie Erlin,2015,516400,688181.4375,29508862269.566406,MLB,MLB,xgboost
MLB,Colin Rea,2015,510200,576122.5,4345776006.25,MLB,MLB,xgboost
MLB,Brandon Morrow,2015,507500,1527006.5,1039393503542.25,MLB,MLB,xgboost
MLB,Casey Kelly,2015,507500,494378.78125,172166381.48535156,MLB,MLB,xgboost
MLB,Hisashi Iwakuma,2015,12000000,11332015,446203960225,MLB,MLB,xgboost
MLB,Taijuan Walker,2015,528600,626944.625,9671665266.390625,MLB,MLB,xgboost
MLB,Nate Karns,2015,523700,1137596.625,376869066186.3906,MLB,MLB,xgboost
MLB,Mike Montgomery,2015,515000,890008.375,140631281320.14062,MLB,MLB,xgboost
MLB,Donn Roach,2015,507500,602723.875,9067586370.015625,MLB,MLB,xgboost
MLB,James Paxton,2015,507500,993280.8125,235982997793.16016,MLB,MLB,xgboost
MLB,Johnny Cueto,2015,21666667,21408676,66559356081,MLB,MLB,xgboost
MLB,Jeff Samardzija,2015,18000000,17749530,62735220900,MLB,MLB,xgboost
MLB,Chris Heston,2015,530000,967709.0625,191589223394.6289,MLB,MLB,xgboost
MLB,Mike Leake,2015,16000000,16023876,570063376,MLB,MLB,xgboost
MLB,Carlos Martínez,2015,539000,558428.1875,377454469.53515625,MLB,MLB,xgboost
MLB,Michael Wacha,2015,539000,484983.78125,2917751888.0478516,MLB,MLB,xgboost
MLB,Jerome Williams,2015,507500,416246.375,8327224075.640625,MLB,MLB,xgboost
MLB,Drew Smyly,2015,3750000,3311698.5,192108204902.25,MLB,MLB,xgboost
MLB,Erasmo Ramírez,2015,2375000,2408581.5,1127717142.25,MLB,MLB,xgboost
MLB,Chase Whitley,2015,524525,1052989.75,279274991992.5625,MLB,MLB,xgboost
MLB,Jake Odorizzi,2015,520700,764269.625,59326162222.640625,MLB,MLB,xgboost
MLB,Colby Lewis,2015,6000000,5810330.5,35974519230.25,MLB,MLB,xgboost
MLB,Nick Martinez,2015,519190,918784.125,159675464734.51562,MLB,MLB,xgboost
MLB,Anthony Ranaudo,2015,509500,629827.4375,14478692215.316406,MLB,MLB,xgboost
MLB,Chi Chi González,2015,509500,330763.84375,31946613551.024414,MLB,MLB,xgboost
MLB,Kyle Lohse,2015,507500,573297.6875,4329335680.347656,MLB,MLB,xgboost
MLB,J.A. Happ,2015,12000000,12090710,8228304100,MLB,MLB,xgboost
MLB,Marco Estrada,2015,13000000,12822681,31442027761,MLB,MLB,xgboost
MLB,Jesse Chavez,2015,4000000,3993678,39967684,MLB,MLB,xgboost
MLB,Drew Hutchison,2015,2200000,1942871,66115322641,MLB,MLB,xgboost
MLB,Marcus Stroman,2015,515900,418423.59375,9501649775.41504,MLB,MLB,xgboost
MLB,Stephen Strasburg,2015,10400000,9775643,389821663449,MLB,MLB,xgboost
MLB,Joe Ross,2015,514400,264835.59375,62282392866.91504,MLB,MLB,xgboost
MLB,Mat Latos,2015,507500,1230866.375,523258912480.6406,MLB,MLB,xgboost
MLB,Shelby Miller,2016,4700000,3779098,848060493604,MLB,MLB,xgboost
MLB,Patrick Corbin,2016,3950000,4002358.5,2741412522.25,MLB,MLB,xgboost
MLB,Taijuan Walker,2016,2250000,1558508.625,478160321699.3906,MLB,MLB,xgboost
MLB,Jorge De La Rosa,2016,2250000,2635251.5,148418718252.25,MLB,MLB,xgboost
MLB,Robbie Ray,2016,570400,1055850.625,235662309312.89062,MLB,MLB,xgboost
MLB,Archie Bradley,2016,544100,615710.125,5128010002.515625,MLB,MLB,xgboost
MLB,Braden Shipley,2016,535000,598704.4375,4058255357.1914062,MLB,MLB,xgboost
MLB,Jake Buchanan,2016,535000,464725.65625,4938483389.493164,MLB,MLB,xgboost
MLB,Sonny Gray,2016,3575000,3240958.5,111583723722.25,MLB,MLB,xgboost
MLB,Kendall Graveman,2016,545000,1066835.125,272311897683.76562,MLB,MLB,xgboost
MLB,Chris Bassitt,2016,540000,580601.625,1648491952.640625,MLB,MLB,xgboost
MLB,Daniel Mengden,2016,537500,758560.25,48867634130.0625,MLB,MLB,xgboost
MLB,Sean Manaea,2016,537500,782484.0625,60017190879.00391,MLB,MLB,xgboost
MLB,Jharel Cotton,2016,535000,414987.875,14402910147.015625,MLB,MLB,xgboost
MLB,Raúl Alcantara,2016,535000,449157.125,7368999188.265625,MLB,MLB,xgboost
MLB,Jesse Hahn,2016,535000,634710.75,9942233665.5625,MLB,MLB,xgboost
MLB,R.A. Dickey,2016,8000000,8100683,10137066489,MLB,MLB,xgboost
MLB,John Danks,2016,1500000,1472724.375,743959719.140625,MLB,MLB,xgboost
MLB,Kris Medlen,2016,1000000,962862.5,1379193906.25,MLB,MLB,xgboost
MLB,Mike Foltynewicz,2016,544000,380179.25,26837238130.5625,MLB,MLB,xgboost
MLB,Matt Wisler,2016,535000,933563.0625,158852514789.3789,MLB,MLB,xgboost
MLB,Aaron Blair,2016,535000,367101.6875,28189843340.347656,MLB,MLB,xgboost
MLB,Chris Tillman,2016,10050000,8875158,1380253724964,MLB,MLB,xgboost
MLB,Kevin Gausman,2016,3450000,3246381.5,41460493542.25,MLB,MLB,xgboost
MLB,Tyler Wilson,2016,545000,337622.53125,43005414545.15723,MLB,MLB,xgboost
MLB,Alec Asher,2016,535000,359716.84375,30724184864.961914,MLB,MLB,xgboost
MLB,Drew Pomeranz,2016,4450000,4263961,34610509521,MLB,MLB,xgboost
MLB,Steven Wright,2016,593500,773800.375,32508225225.140625,MLB,MLB,xgboost
MLB,Eduardo Rodríguez,2016,584500,597828.125,177638916.015625,MLB,MLB,xgboost
MLB,Jake Arrieta,2016,15637500,15612250,637562500,MLB,MLB,xgboost
MLB,Kyle Hendricks,2016,760500,935887.125,30760643615.765625,MLB,MLB,xgboost
MLB,Eddie Butler,2016,535000,719629,34087867641,MLB,MLB,xgboost
MLB,Miguel González,2016,5900000,6003769.5,10768109130.25,MLB,MLB,xgboost
MLB,Carlos Rodón,2016,600000,808297.6875,43387926617.84766,MLB,MLB,xgboost
MLB,Lucas Giolito,2016,535000,621173.1875,7425818243.910156,MLB,MLB,xgboost
MLB,Mike Pelfrey,2016,535000,710638.875,30849014411.265625,MLB,MLB,xgboost
MLB,Reynaldo López,2016,535000,413739.625,14704078545.140625,MLB,MLB,xgboost
MLB,Anthony DeSclafani,2016,585000,882149.375,88297751062.890625,MLB,MLB,xgboost
MLB,Brandon Finnegan,2016,567000,658209.875,8319241297.515625,MLB,MLB,xgboost
MLB,Cody Reed,2016,537000,487107.75,2489236610.0625,MLB,MLB,xgboost
MLB,Robert Stephenson,2016,535000,709477.625,30442441625.640625,MLB,MLB,xgboost
MLB,Tim Adleman,2016,535000,704046.5,28576719162.25,MLB,MLB,xgboost
MLB,Trevor Bauer,2016,3550000,3287294.5,69014179730.25,MLB,MLB,xgboost
MLB,Danny Salazar,2016,3400000,3004623.75,156322379064.0625,MLB,MLB,xgboost
MLB,Mike Clevinger,2016,535000,605276.375,4938768883.140625,MLB,MLB,xgboost
MLB,Tyler Chatwood,2016,4400000,4179937.75,48427393875.0625,MLB,MLB,xgboost
MLB,Chad Bettis,2016,545000,1105926.125,314638117707.5156,MLB,MLB,xgboost
MLB,Jon Gray,2016,540000,1108184.25,322833341948.0625,MLB,MLB,xgboost
MLB,Tyler Anderson,2016,540000,1280835.625,548837423269.1406,MLB,MLB,xgboost
MLB,Germán Márquez,2016,537000,517607.125,376083600.765625,MLB,MLB,xgboost
MLB,Jeff Hoffman,2016,535000,616956.875,6716929359.765625,MLB,MLB,xgboost
MLB,Michael Fulmer,2016,551900,522238.46875,879806436.0947266,MLB,MLB,xgboost
MLB,Daniel Norris,2016,545500,600688.6875,3045791227.9726562,MLB,MLB,xgboost
MLB,Matthew Boyd,2016,544200,606980.875,3941438265.765625,MLB,MLB,xgboost
MLB,Charlie Morton,2016,7000000,6740833.5,67167274722.25,MLB,MLB,xgboost
MLB,Dallas Keuchel,2016,9150000,8826855,104422691025,MLB,MLB,xgboost
MLB,Collin McHugh,2016,3850000,4424235,329745835225,MLB,MLB,xgboost
MLB,Joe Musgrove,2016,543400,342492.84375,40363685432.461914,MLB,MLB,xgboost
MLB,Brad Peacock,2016,541500,959076,174369715776,MLB,MLB,xgboost
MLB,Danny Duffy,2016,13000000,12716085,80607727225,MLB,MLB,xgboost
MLB,Jason Hammel,2016,8000000,8947776,898279346176,MLB,MLB,xgboost
MLB,Nate Karns,2016,571000,1159573.625,346418912045.6406,MLB,MLB,xgboost
MLB,Garrett Richards,2016,6850000,5366132.5,2201862757556.25,MLB,MLB,xgboost
MLB,Matt Shoemaker,2016,3325000,4619187.5,1674921285156.25,MLB,MLB,xgboost
MLB,Bud Norris,2016,1750000,1632875.125,13718236343.765625,MLB,MLB,xgboost
MLB,Doug Fister,2016,1750000,2005949.125,65509954588.265625,MLB,MLB,xgboost
MLB,Tyler Skaggs,2016,555000,603988.625,2399885379.390625,MLB,MLB,xgboost
MLB,Andrew Heaney,2016,543000,902110.625,128960440987.89062,MLB,MLB,xgboost
MLB,Nick Tropeano,2016,542500,748384.75,42388530282.5625,MLB,MLB,xgboost
MLB,Alex Meyer,2016,535000,1033362.3125,248364994520.34766,MLB,MLB,xgboost
MLB,Daniel Wright,2016,535000,560087.6875,629392064.09765625,MLB,MLB,xgboost
MLB,Rich Hill,2016,16000000,16011615,134908225,MLB,MLB,xgboost
MLB,Alex Wood,2016,2800000,1256260.5,2383131643860.25,MLB,MLB,xgboost
MLB,Ross Stripling,2016,540000,954645.75,171931097993.0625,MLB,MLB,xgboost
MLB,Julio Urías,2016,540000,232832.28125,94352007442.0791,MLB,MLB,xgboost
MLB,Brock Stewart,2016,537500,372969.84375,27070172315.649414,MLB,MLB,xgboost
MLB,Edinson Vólquez,2016,11000000,10659664,115828592896,MLB,MLB,xgboost
MLB,Tom Koehler,2016,5750000,5785259,1243197081,MLB,MLB,xgboost
MLB,Jeff Locke,2016,3000000,2625028.75,140603438326.5625,MLB,MLB,xgboost
MLB,Dan Straily,2016,552100,878665,106644699225,MLB,MLB,xgboost
MLB,Adam Conley,2016,537500,597116.0625,3554074908.0039062,MLB,MLB,xgboost
MLB,Justin Nicolino,2016,535000,462998.46875,5184220502.344727,MLB,MLB,xgboost
MLB,Wily Peralta,2016,4275000,3444347.75,689983160430.0625,MLB,MLB,xgboost
MLB,Chase Anderson,2016,2450000,2567686.5,13850112282.25,MLB,MLB,xgboost
MLB,Tommy Milone,2016,1250000,1553782.5,92283807306.25,MLB,MLB,xgboost
MLB,Jimmy Nelson,2016,547000,551078.875,16637221.265625,MLB,MLB,xgboost
MLB,Junior Guerra,2016,546200,1003664.875,209274111858.76562,MLB,MLB,xgboost
MLB,Zach Davies,2016,546200,685324.3125,19355574328.597656,MLB,MLB,xgboost
MLB,Taylor Jungmann,2016,537600,566864.3125,856399986.09765625,MLB,MLB,xgboost
MLB,Héctor Santiago,2016,8000000,7617135.5,146585225360.25,MLB,MLB,xgboost
MLB,Kyle Gibson,2016,2900000,3005952,11225826304,MLB,MLB,xgboost
MLB,Nick Tepesch,2016,1000000,1076805.875,5899142434.515625,MLB,MLB,xgboost
MLB,Tyler Duffey,2016,542500,530524.375,143415594.140625,MLB,MLB,xgboost
MLB,Tim Melville,2016,535000,584427.875,2443114827.015625,MLB,MLB,xgboost
MLB,Bartolo Colon,2016,535000,613143,6106328449,MLB,MLB,xgboost
MLB,José Berríos,2016,535000,656173.3125,14682971662.222656,MLB,MLB,xgboost
MLB,Matt Harvey,2016,5125000,4341605,613707726025,MLB,MLB,xgboost
MLB,Jacob deGrom,2016,4050000,4819081,591485584561,MLB,MLB,xgboost
MLB,Noah Syndergaard,2016,605500,942499.875,113568915750.01562,MLB,MLB,xgboost
MLB,Steven Matz,2016,562250,582235.125,399405221.265625,MLB,MLB,xgboost
MLB,Robert Gsellman,2016,541750,626196.9375,7131285253.128906,MLB,MLB,xgboost
MLB,Michael Pineda,2016,7400000,7318435.5,6652767660.25,MLB,MLB,xgboost
MLB,Luis Severino,2016,550975,461843.78125,7944374155.860352,MLB,MLB,xgboost
MLB,Bryan Mitchell,2016,550625,698945.9375,21999100500.878906,MLB,MLB,xgboost
MLB,Chad Green,2016,535000,558908.875,571634303.765625,MLB,MLB,xgboost
MLB,Luis Cessa,2016,535000,372730.21875,26331481906.92285,MLB,MLB,xgboost
MLB,Jeremy Hellickson,2016,17200000,16865418,111945114724,MLB,MLB,xgboost
MLB,Jerad Eickhoff,2016,552000,844103.1875,85324272147.66016,MLB,MLB,xgboost
MLB,Vince Velasquez,2016,547000,991055.875,197185620122.01562,MLB,MLB,xgboost
MLB,Aaron Nola,2016,544000,1214304.75,449308457872.5625,MLB,MLB,xgboost
MLB,Adam Morgan,2016,539000,652815.5625,12953982267.191406,MLB,MLB,xgboost
MLB,Zach Eflin,2016,537000,734150.4375,38868295006.44141,MLB,MLB,xgboost
MLB,Jake Thompson,2016,535000,535130.1875,16948.78515625,MLB,MLB,xgboost
MLB,Iván Nova,2016,8666667,8551499,13263668224,MLB,MLB,xgboost
MLB,Gerrit Cole,2016,3750000,3241666.5,258402947222.25,MLB,MLB,xgboost
MLB,Jameson Taillon,2016,555500,633924.8125,6150451215.660156,MLB,MLB,xgboost
MLB,Chad Kuhl,2016,550000,546879.5,9737520.25,MLB,MLB,xgboost
MLB,Tyler Glasnow,2016,541000,450487.03125,8192597511.938477,MLB,MLB,xgboost
MLB,Steven Brault,2016,535000,477770.09375,3275262169.383789,MLB,MLB,xgboost
MLB,Christian Friedrich,2016,1790000,2027497.5,56405062506.25,MLB,MLB,xgboost
MLB,Jhoulys Chacín,2016,1750000,2047194.375,88324496531.640625,MLB,MLB,xgboost
MLB,Jarred Cosart,2016,566300,993579.0625,182567397250.8789,MLB,MLB,xgboost
MLB,Colin Rea,2016,545800,198023.9375,120948189648.0039,MLB,MLB,xgboost
MLB,Robbie Erlin,2016,545500,678509.0625,17691410707.128906,MLB,MLB,xgboost
MLB,Luis Perdomo,2016,544300,558769.0625,209353769.62890625,MLB,MLB,xgboost
MLB,Jake Esch,2016,535000,653372.875,14012137535.765625,MLB,MLB,xgboost
MLB,Drew Smyly,2016,6850000,6218874.5,398319396750.25,MLB,MLB,xgboost
MLB,James Paxton,2016,2350000,2615477,70478037529,MLB,MLB,xgboost
MLB,Aríel Miranda,2016,540500,811780.4375,73593075770.1914,MLB,MLB,xgboost
MLB,Rob Whalen,2016,537500,612899.75,5685122300.0625,MLB,MLB,xgboost
MLB,Dillon Overton,2016,536600,738732.1875,40857421223.53516,MLB,MLB,xgboost
MLB,Ty Blach,2016,536500,558104.625,466759821.390625,MLB,MLB,xgboost
MLB,Albert Suárez,2016,535000,527296.6875,59341023.47265625,MLB,MLB,xgboost
MLB,Carlos Martínez,2016,10200000,8372355,3340286246025,MLB,MLB,xgboost
MLB,Michael Wacha,2016,2775000,1932180.625,710344498875.3906,MLB,MLB,xgboost
MLB,Luke Weaver,2016,535000,965115.25,184999128282.5625,MLB,MLB,xgboost
MLB,Alex Cobb,2016,4200000,3107438.25,1193691177563.0625,MLB,MLB,xgboost
MLB,Jake Odorizzi,2016,4100000,3755182.5,118899108306.25,MLB,MLB,xgboost
MLB,Nathan Eovaldi,2016,2000000,1183887.25,666040020712.5625,MLB,MLB,xgboost
MLB,Blake Snell,2016,545000,952583.375,166124207576.39062,MLB,MLB,xgboost
MLB,José De León,2016,535600,478324.9375,3280432784.3789062,MLB,MLB,xgboost
MLB,Matt Andriese,2016,535000,504889.75,906627155.0625,MLB,MLB,xgboost
MLB,Andrew Cashner,2016,10000000,7497989,6260059044121,MLB,MLB,xgboost
MLB,A.J. Griffin,2016,2000000,2565356.5,319627972092.25,MLB,MLB,xgboost
MLB,Chi Chi González,2016,537000,542893.1875,34729658.91015625,MLB,MLB,xgboost
MLB,Marcus Stroman,2016,3400000,3351165.5,2384808390.25,MLB,MLB,xgboost
MLB,Mat Latos,2016,1500000,1890589.625,152560255157.64062,MLB,MLB,xgboost
MLB,Mike Bolsinger,2016,545700,1662491.25,1247222696076.5625,MLB,MLB,xgboost
MLB,Brett Anderson,2016,535000,1070698.125,286972481128.5156,MLB,MLB,xgboost
MLB,Lucas Harrell,2016,535000,777630.1875,58869407886.28516,MLB,MLB,xgboost
MLB,Aaron Sanchez,2016,535000,721881.25,34924601601.5625,MLB,MLB,xgboost
MLB,Stephen Strasburg,2016,25000000,23568168,2050142876224,MLB,MLB,xgboost
MLB,Tanner Roark,2016,4315000,4333724.5,350606900.25,MLB,MLB,xgboost
MLB,Edwin Jackson,2016,1000000,1584317.875,341427379044.5156,MLB,MLB,xgboost
MLB,Joe Ross,2016,551000,658103.25,11471106160.5625,MLB,MLB,xgboost
MLB,A.J. Cole,2016,535000,823622.6875,83303055739.72266,MLB,MLB,xgboost
MLB,Patrick Corbin,2017,7500000,7439259,3689469081,MLB,MLB,xgboost
MLB,Shelby Miller,2017,4900000,3819910,1166594408100,MLB,MLB,xgboost
MLB,Taijuan Walker,2017,4825000,4470951.5,125350340352.25,MLB,MLB,xgboost
MLB,Robbie Ray,2017,3950000,4070726.25,14574827439.0625,MLB,MLB,xgboost
MLB,Clay Buchholz,2017,1500000,1259720.25,57734358260.0625,MLB,MLB,xgboost
MLB,Zack Godley,2017,579200,1224358.75,416229812701.5625,MLB,MLB,xgboost
MLB,Brett Anderson,2017,4000000,3106250.75,798787721875.5625,MLB,MLB,xgboost
MLB,Kendall Graveman,2017,2360000,2324781,1240377961,MLB,MLB,xgboost
MLB,Trevor Cahill,2017,1500000,1797109.375,88273980712.890625,MLB,MLB,xgboost
MLB,Edwin Jackson,2017,1500000,1350623.125,22313450784.765625,MLB,MLB,xgboost
MLB,Jharel Cotton,2017,550000,349248.53125,40301152205.28223,MLB,MLB,xgboost
MLB,Sean Manaea,2017,550000,944220.875,155410098285.76562,MLB,MLB,xgboost
MLB,Andrew Triggs,2017,550000,1465640,838396609600,MLB,MLB,xgboost
MLB,Paul Blackburn,2017,547500,630612.0625,6907614933.003906,MLB,MLB,xgboost
MLB,Daniel Gossett,2017,547500,625494.75,6083181027.5625,MLB,MLB,xgboost
MLB,Daniel Mengden,2017,547500,565676.0625,330369248.00390625,MLB,MLB,xgboost
MLB,Mike Foltynewicz,2017,2200000,1894708.125,93203128941.015625,MLB,MLB,xgboost
MLB,Aníbal Sánchez,2017,1000000,1634845.375,403028650158.8906,MLB,MLB,xgboost
MLB,Luiz Gohara,2017,555000,814058.875,67111500716.265625,MLB,MLB,xgboost
MLB,Sean Newcomb,2017,555000,483768.65625,5073904332.430664,MLB,MLB,xgboost
MLB,Lucas Sims,2017,545000,423128.59375,14852639661.35254,MLB,MLB,xgboost
MLB,Alex Cobb,2017,14250000,13926550,104619902500,MLB,MLB,xgboost
MLB,Andrew Cashner,2017,8000000,7823128.5,31283527512.25,MLB,MLB,xgboost
MLB,Kevin Gausman,2017,5600000,5283714.5,100036517510.25,MLB,MLB,xgboost
MLB,Dylan Bundy,2017,1640000,1738895.375,9780295196.390625,MLB,MLB,xgboost
MLB,Drew Pomeranz,2017,8500000,8497309,7241481,MLB,MLB,xgboost
MLB,Eduardo Rodríguez,2017,2375000,952724.9375,2022866353409.379,MLB,MLB,xgboost
MLB,Steven Wright,2017,1100000,1396271.5,87776801712.25,MLB,MLB,xgboost
MLB,Brian Johnson,2017,548000,419049.4375,16628247569.066406,MLB,MLB,xgboost
MLB,Yu Darvish,2017,21000000,20933962,4361017444,MLB,MLB,xgboost
MLB,Tyler Chatwood,2017,12666667,12432539,54815920384,MLB,MLB,xgboost
MLB,Kyle Hendricks,2017,4175000,3385967.5,622572286056.25,MLB,MLB,xgboost
MLB,Eddie Butler,2017,570750,663959.125,8687940983.265625,MLB,MLB,xgboost
MLB,Jaime García,2017,545000,5242078,22062541738084,MLB,MLB,xgboost
MLB,Jen-Ho Tseng,2017,545000,693618.375,22087421387.640625,MLB,MLB,xgboost
MLB,Miguel González,2017,4750000,4100360,422032129600,MLB,MLB,xgboost
MLB,Carlos Rodón,2017,2300000,1638526.875,437546695097.2656,MLB,MLB,xgboost
MLB,Héctor Santiago,2017,2000000,1629351.875,137380032566.01562,MLB,MLB,xgboost
MLB,Lucas Giolito,2017,555000,607468.4375,2752936933.6914062,MLB,MLB,xgboost
MLB,Reynaldo López,2017,555000,497046.53125,3358604540.1572266,MLB,MLB,xgboost
MLB,Carson Fulmer,2017,552000,438984.5625,12772489113.316406,MLB,MLB,xgboost
MLB,Dylan Covey,2017,545000,517192.90625,773234462.8212891,MLB,MLB,xgboost
MLB,Tyler Danish,2017,545000,478799.09375,4382559988.321289,MLB,MLB,xgboost
MLB,Vance Worley,2017,1500000,1685886.125,34553651467.515625,MLB,MLB,xgboost
MLB,Brandon Finnegan,2017,577500,1067820.875,240414560460.76562,MLB,MLB,xgboost
MLB,Luis Castillo,2017,555000,1130234.5,330894729990.25,MLB,MLB,xgboost
MLB,Rookie Davis,2017,545000,538332,44462224,MLB,MLB,xgboost
MLB,Jackson Stephens,2017,545000,654715.25,12037436082.5625,MLB,MLB,xgboost
MLB,Amir Garrett,2017,545000,577376.6875,1048249893.4726562,MLB,MLB,xgboost
MLB,Sal Romano,2017,545000,742629.625,39057468677.640625,MLB,MLB,xgboost
MLB,Tyler Mahle,2017,545000,583142.3125,1454836002.8476562,MLB,MLB,xgboost
MLB,Trevor Bauer,2017,6525000,6546179.5,448571220.25,MLB,MLB,xgboost
MLB,Danny Salazar,2017,5000000,4623296.5,141905526912.25,MLB,MLB,xgboost
MLB,Adam Wilk,2017,560000,774988.9375,46220243247.37891,MLB,MLB,xgboost
MLB,Mike Clevinger,2017,558500,338463.4375,48416088836.81641,MLB,MLB,xgboost
MLB,Ryan Merritt,2017,545800,600630.25,3006356315.0625,MLB,MLB,xgboost
MLB,Chad Bettis,2017,2000000,2129338,16728318244,MLB,MLB,xgboost
MLB,Jon Gray,2017,555000,635480.3125,6477080700.097656,MLB,MLB,xgboost
MLB,Tyler Anderson,2017,555000,880930.5,106230690830.25,MLB,MLB,xgboost
MLB,Kyle Freeland,2017,550000,448688.5625,10264007368.316406,MLB,MLB,xgboost
MLB,Germán Márquez,2017,550000,974470.8125,180175470664.41016,MLB,MLB,xgboost
MLB,Antonio Senzatela,2017,545000,588150.1875,1861938681.2851562,MLB,MLB,xgboost
MLB,Jeff Hoffman,2017,545000,691970.625,21600364612.890625,MLB,MLB,xgboost
MLB,Michael Fulmer,2017,575200,651772.4375,5863338184.691406,MLB,MLB,xgboost
MLB,Matthew Boyd,2017,562000,1499932.625,879717609039.3906,MLB,MLB,xgboost
MLB,Daniel Norris,2017,561400,1037068.25,226260284058.0625,MLB,MLB,xgboost
MLB,Buck Farmer,2017,554800,677886.75,15150348025.5625,MLB,MLB,xgboost
MLB,Dallas Keuchel,2017,13200000,13806294,367592414436,MLB,MLB,xgboost
MLB,Collin McHugh,2017,5000000,6372831.5,1884666327392.25,MLB,MLB,xgboost
MLB,Brad Peacock,2017,2440000,2407116.5,1081324572.25,MLB,MLB,xgboost
MLB,David Paulino,2017,545000,491010.03125,2914916725.6259766,MLB,MLB,xgboost
MLB,Nate Karns,2017,1375000,3148602.25,3145664941205.0625,MLB,MLB,xgboost
MLB,Jesse Hahn,2017,574000,1173884.25,359861113398.0625,MLB,MLB,xgboost
MLB,Eric Skoglund,2017,545000,626270.8125,6604944964.410156,MLB,MLB,xgboost
MLB,Sam Gaviglio,2017,545000,1005670.25,212217079235.0625,MLB,MLB,xgboost
MLB,Garrett Richards,2017,7300000,6879031,177214898961,MLB,MLB,xgboost
MLB,Matt Shoemaker,2017,4125000,5560173.5,2059722975102.25,MLB,MLB,xgboost
MLB,JC Ramírez,2017,1900000,1634563.375,70456601891.390625,MLB,MLB,xgboost
MLB,Tyler Skaggs,2017,1875000,1194412.625,463199175009.3906,MLB,MLB,xgboost
MLB,Andrew Heaney,2017,800000,1117464.625,100783788126.39062,MLB,MLB,xgboost
MLB,Alex Meyer,2017,551500,942624.5,152978374500.25,MLB,MLB,xgboost
MLB,Parker Bridwell,2017,545000,762704.1875,47395113255.03516,MLB,MLB,xgboost
MLB,Alex Wood,2017,6000000,5820166,32340267556,MLB,MLB,xgboost
MLB,Julio Urías,2017,550000,579481.6875,869169897.84765625,MLB,MLB,xgboost
MLB,Dan Straily,2017,3370000,4523883,1331445977689,MLB,MLB,xgboost
MLB,José Ureña,2017,575000,238348.3125,113334358696.59766,MLB,MLB,xgboost
MLB,Adam Conley,2017,545000,1001847.875,208709980892.01562,MLB,MLB,xgboost
MLB,Dillon Peters,2017,545000,455670.90625,7979686990.196289,MLB,MLB,xgboost
MLB,Jhoulys Chacín,2017,7750000,7596171,23663361241,MLB,MLB,xgboost
MLB,Chase Anderson,2017,5875000,6491991.5,380678511072.25,MLB,MLB,xgboost
MLB,Jimmy Nelson,2017,3700000,4202139.5,252144077460.25,MLB,MLB,xgboost
MLB,Wade Miley,2017,2500000,2631749.5,17357930750.25,MLB,MLB,xgboost
MLB,Yovani Gallardo,2017,2000000,2132347.5,17515860756.25,MLB,MLB,xgboost
MLB,Zach Davies,2017,572000,741510.5625,28733830799.066406,MLB,MLB,xgboost
MLB,Brent Suter,2017,556500,1630959.75,1154463754370.0625,MLB,MLB,xgboost
MLB,Brandon Woodruff,2017,550100,856212.75,93705015712.5625,MLB,MLB,xgboost
MLB,Junior Guerra,2017,545000,282810.3125,68743432231.34766,MLB,MLB,xgboost
MLB,Aaron Wilkerson,2017,545000,393796.875,22862385009.765625,MLB,MLB,xgboost
MLB,Lance Lynn,2017,12000000,11292535,500506726225,MLB,MLB,xgboost
MLB,Michael Pineda,2017,5000000,5097872,9578928384,MLB,MLB,xgboost
MLB,Kyle Gibson,2017,4200000,5088659,789714818281,MLB,MLB,xgboost
MLB,Aníbal Sánchez,2017,2500000,1634845.375,748492525158.8906,MLB,MLB,xgboost
MLB,José Berríos,2017,570000,729018.1875,25286783955.785156,MLB,MLB,xgboost
MLB,Aaron Slegers,2017,545000,520356.96875,607278989.1884766,MLB,MLB,xgboost
MLB,Adalberto Mejía,2017,545000,405795.125,19377997223.765625,MLB,MLB,xgboost
MLB,Jason Vargas,2017,8000000,7710350,83897122500,MLB,MLB,xgboost
MLB,Jacob deGrom,2017,7400000,7862492,213898850064,MLB,MLB,xgboost
MLB,Matt Harvey,2017,5625000,4771335,728743932225,MLB,MLB,xgboost
MLB,Noah Syndergaard,2017,2975000,2618884.25,126818427398.0625,MLB,MLB,xgboost
MLB,Zack Wheeler,2017,1900000,2164905.5,70174923930.25,MLB,MLB,xgboost
MLB,A.J. Griffin,2017,750000,639178.125,12281487978.515625,MLB,MLB,xgboost
MLB,Steven Matz,2017,577000,631759.1875,2998568615.6601562,MLB,MLB,xgboost
MLB,Seth Lugo,2017,564000,876509.8125,97662382908.78516,MLB,MLB,xgboost
MLB,Robert Gsellman,2017,562375,523961.875,1475568172.265625,MLB,MLB,xgboost
MLB,Rafael Montero,2017,558025,618151.375,3615180970.640625,MLB,MLB,xgboost
MLB,Chris Flexen,2017,545000,433832.96875,12358108836.938477,MLB,MLB,xgboost
MLB,CC Sabathia,2017,10000000,9226286,598633353796,MLB,MLB,xgboost
MLB,Sonny Gray,2017,6500000,5332708,1362570613264,MLB,MLB,xgboost
MLB,Luis Severino,2017,604975,661714.5625,3219377952.6914062,MLB,MLB,xgboost
MLB,Jordan Montgomery,2017,580450,438863.40625,20046763529.72754,MLB,MLB,xgboost
MLB,Luis Cessa,2017,568925,617913.25,2399848638.0625,MLB,MLB,xgboost
MLB,Jake Arrieta,2017,25000000,23903602,1202088574404,MLB,MLB,xgboost
MLB,Aaron Nola,2017,573000,772128.0625,39651985275.00391,MLB,MLB,xgboost
MLB,Jerad Eickhoff,2017,568000,668517.8125,10103830629.785156,MLB,MLB,xgboost
MLB,Vince Velasquez,2017,559000,642996.9375,7055485509.378906,MLB,MLB,xgboost
MLB,Nick Pivetta,2017,551000,423594.53125,16232153467.407227,MLB,MLB,xgboost
MLB,Ben Lively,2017,550000,477030.46875,5324552490.844727,MLB,MLB,xgboost
MLB,Jake Thompson,2017,549000,631016,6726624256,MLB,MLB,xgboost
MLB,Zach Eflin,2017,545000,203630.734375,116532975513.3518,MLB,MLB,xgboost
MLB,Gerrit Cole,2017,6750000,6474387,75962525769,MLB,MLB,xgboost
MLB,Jameson Taillon,2017,571000,535217.5,1280387306.25,MLB,MLB,xgboost
MLB,Chad Kuhl,2017,570500,1041062.125,221428713484.51562,MLB,MLB,xgboost
MLB,Trevor Williams,2017,569500,679775.875,12160768607.015625,MLB,MLB,xgboost
MLB,Tyler Glasnow,2017,556500,349914.34375,42677633368.243164,MLB,MLB,xgboost
MLB,Clayton Richard,2017,3000000,3156352,24445947904,MLB,MLB,xgboost
MLB,Tyson Ross,2017,1750000,1599790.875,22562781233.265625,MLB,MLB,xgboost
MLB,Luis Perdomo,2017,566800,639585.375,5297710813.890625,MLB,MLB,xgboost
MLB,Dinelson Lamet,2017,555700,1020181.8125,215743354143.28516,MLB,MLB,xgboost
MLB,James Paxton,2017,4900000,4947010.5,2209987110.25,MLB,MLB,xgboost
MLB,Erasmo Ramírez,2017,4200000,3884607.25,99472586752.5625,MLB,MLB,xgboost
MLB,Marco Gonzales,2017,550300,463808.46875,7480784977.969727,MLB,MLB,xgboost
MLB,Aríel Miranda,2017,545000,890562.875,119413700578.26562,MLB,MLB,xgboost
MLB,Rob Whalen,2017,545000,261970,80105980900,MLB,MLB,xgboost
MLB,Chase De Jong,2017,545000,507590.65625,1399458999.805664,MLB,MLB,xgboost
MLB,Christian Bergman,2017,545000,876344.9375,109789467606.8789,MLB,MLB,xgboost
MLB,Derek Holland,2017,1750000,1623029,16121634841,MLB,MLB,xgboost
MLB,Ty Blach,2017,565000,856500.75,84972687250.5625,MLB,MLB,xgboost
MLB,Chris Stratton,2017,552500,367593.09375,34190563978.94629,MLB,MLB,xgboost
MLB,Michael Wacha,2017,5300000,3262932.5,4149643999556.25,MLB,MLB,xgboost
MLB,Luke Weaver,2017,550800,688700.1875,19016461712.535156,MLB,MLB,xgboost
MLB,Jack Flaherty,2017,545000,348271.25,38702201076.5625,MLB,MLB,xgboost
MLB,Jake Odorizzi,2017,6300000,5918854,145272273316,MLB,MLB,xgboost
MLB,Matt Andriese,2017,558400,990663.875,186852057630.01562,MLB,MLB,xgboost
MLB,Blake Snell,2017,558200,874913.8125,100307639028.28516,MLB,MLB,xgboost
MLB,Jake Faria,2017,555000,341134.625,45738398623.890625,MLB,MLB,xgboost
MLB,Anthony Banda,2017,545000,533437.25,133697187.5625,MLB,MLB,xgboost
MLB,Ryan Weber,2017,545000,434642.375,12178805395.640625,MLB,MLB,xgboost
MLB,Doug Fister,2017,4000000,3607042.5,154415596806.25,MLB,MLB,xgboost
MLB,Yovani Gallardo,2017,2000000,2132347.5,17515860756.25,MLB,MLB,xgboost
MLB,Edinson Vólquez,2017,1000000,1291912.75,85213053612.5625,MLB,MLB,xgboost
MLB,Bartolo Colon,2017,1750000,1700595.375,2440816971.390625,MLB,MLB,xgboost
MLB,Jesse Chavez,2017,1500000,1933827.5,188206299756.25,MLB,MLB,xgboost
MLB,Chris Tillman,2017,545000,615545.375,4976649933.890625,MLB,MLB,xgboost
MLB,Marco Estrada,2017,13000000,12564045,190056762025,MLB,MLB,xgboost
MLB,Jaime García,2017,10000000,5242078,22637821758084,MLB,MLB,xgboost
MLB,Marcus Stroman,2017,6500000,5746044.5,568448895980.25,MLB,MLB,xgboost
MLB,Aaron Sanchez,2017,2700000,1730746.875,939451620322.2656,MLB,MLB,xgboost
MLB,Nick Tepesch,2017,572300,881416.125,95552778735.015625,MLB,MLB,xgboost
MLB,Chris Rowley,2017,545000,635202.9375,8136569933.628906,MLB,MLB,xgboost
MLB,Tanner Roark,2017,6475000,6951838,227374478244,MLB,MLB,xgboost
MLB,Jeremy Hellickson,2017,2000000,1885794.125,13042981884.515625,MLB,MLB,xgboost
MLB,Edwin Jackson,2017,1500000,1350623.125,22313450784.765625,MLB,MLB,xgboost
MLB,Joe Ross,2017,567900,455946.3125,12533628144.847656,MLB,MLB,xgboost
MLB,A.J. Cole,2017,555300,694607.375,19406544729.390625,MLB,MLB,xgboost
MLB,Erick Fedde,2017,545000,197214.640625,120954656195.5979,MLB,MLB,xgboost
MLB,Robbie Ray,2018,6050000,5794618.5,65219710542.25,MLB,MLB,xgboost
MLB,Taijuan Walker,2018,5025000,3282882.25,3034974254865.0625,MLB,MLB,xgboost
MLB,Zack Godley,2018,609400,527670.875,6679649873.265625,MLB,MLB,xgboost
MLB,Luke Weaver,2018,581300,1145546.25,318373830639.0625,MLB,MLB,xgboost
MLB,Matt Koch,2018,567600,177214.40625,152400911807.54004,MLB,MLB,xgboost
MLB,Marco Estrada,2018,4000000,3443668.5,309504737892.25,MLB,MLB,xgboost
MLB,Sean Manaea,2018,3150000,2785965.5,132521117190.25,MLB,MLB,xgboost
MLB,Brett Anderson,2018,1500000,1925814,181317562596,MLB,MLB,xgboost
MLB,Chris Bassitt,2018,565000,1518070,908342424900,MLB,MLB,xgboost
MLB,Daniel Gossett,2018,560000,931729.0625,138182495907.1289,MLB,MLB,xgboost
MLB,Frankie Montas,2018,560000,758994.875,39598960276.265625,MLB,MLB,xgboost
MLB,Edwin Jackson,2018,555000,710146.6875,24070494642.222656,MLB,MLB,xgboost
MLB,Paul Blackburn,2018,555000,580428.3125,646599076.59765625,MLB,MLB,xgboost
MLB,Daniel Mengden,2018,555000,476098.75,6225407251.5625,MLB,MLB,xgboost
MLB,Dallas Keuchel,2018,21021527,20364648,431490020641,MLB,MLB,xgboost
MLB,Kevin Gausman,2018,9350000,7539208,3278967667264,MLB,MLB,xgboost
MLB,Mike Foltynewicz,2018,5475000,5161550,98250902500,MLB,MLB,xgboost
MLB,Sean Newcomb,2018,575000,1239764.875,441912339033.7656,MLB,MLB,xgboost
MLB,Touki Toussaint,2018,555000,551876.8125,9754300.16015625,MLB,MLB,xgboost
MLB,Michael Soroka,2018,555000,646075.6875,8294780853.597656,MLB,MLB,xgboost
MLB,Dylan Bundy,2018,2800000,2549336.25,62832315564.0625,MLB,MLB,xgboost
MLB,Dan Straily,2018,575000,3010290.5,5930639819390.25,MLB,MLB,xgboost
MLB,David Hess,2018,563500,579940.9375,270304425.87890625,MLB,MLB,xgboost
MLB,Jimmy Yacabonis,2018,559000,764387.5,42184025156.25,MLB,MLB,xgboost
MLB,Josh Rogers,2018,555000,495905.09375,3492207944.696289,MLB,MLB,xgboost
MLB,Yefry Ramírez,2018,555000,362112.3125,37205659989.09766,MLB,MLB,xgboost
MLB,Luis Ortiz,2018,555000,595559.0625,1645037550.8789062,MLB,MLB,xgboost
MLB,Nathan Eovaldi,2018,17000000,14860228,4578624211984,MLB,MLB,xgboost
MLB,Eduardo Rodríguez,2018,4300000,3307469.75,985116297165.0625,MLB,MLB,xgboost
MLB,Erasmo Ramírez,2018,1000000,1296644.75,87998107702.5625,MLB,MLB,xgboost
MLB,Jhoulys Chacín,2018,555000,748260.625,37349669175.390625,MLB,MLB,xgboost
MLB,Kyle Hendricks,2018,7405000,7209572,38192103184,MLB,MLB,xgboost
MLB,Mike Montgomery,2018,2440000,2441592.25,2535260.0625,MLB,MLB,xgboost
MLB,Kendall Graveman,2018,575000,973353.9375,158685859521.7539,MLB,MLB,xgboost
MLB,Ervin Santana,2018,4300000,3612670.25,472422185235.0625,MLB,MLB,xgboost
MLB,Carlos Rodón,2018,4200000,3738761.25,212741184501.5625,MLB,MLB,xgboost
MLB,Reynaldo López,2018,580000,307866.28125,74056760880.7041,MLB,MLB,xgboost
MLB,Lucas Giolito,2018,573000,624102.25,2611439955.0625,MLB,MLB,xgboost
MLB,Dylan Covey,2018,571000,1072520.75,251523062680.5625,MLB,MLB,xgboost
MLB,Carson Fulmer,2018,555000,550777.875,17826339.515625,MLB,MLB,xgboost
MLB,Michael Kopech,2018,555000,544662.25,106869075.0625,MLB,MLB,xgboost
MLB,Sonny Gray,2018,10166667,8626906,2370863937121,MLB,MLB,xgboost
MLB,Tanner Roark,2018,10000000,10270147,72979401609,MLB,MLB,xgboost
MLB,Alex Wood,2018,9650000,8474710,1381306584100,MLB,MLB,xgboost
MLB,Anthony DeSclafani,2018,2125000,2974734.5,722048720490.25,MLB,MLB,xgboost
MLB,Tyler Mahle,2018,570000,379214.28125,36399190478.9541,MLB,MLB,xgboost
MLB,Robert Stephenson,2018,565000,536059,837581481,MLB,MLB,xgboost
MLB,Luis Castillo,2018,557500,746132.1875,35582102161.03516,MLB,MLB,xgboost
MLB,Brandon Finnegan,2018,555000,506138.65625,2387430913.055664,MLB,MLB,xgboost
MLB,Sal Romano,2018,555000,444245.5,12266559270.25,MLB,MLB,xgboost
MLB,Carlos Carrasco,2018,11750000,11930499,32579889001,MLB,MLB,xgboost
MLB,Trevor Bauer,2018,13000000,12714632,81434895424,MLB,MLB,xgboost
MLB,Mike Clevinger,2018,592200,2196125.25,2572576207587.5625,MLB,MLB,xgboost
MLB,Shane Bieber,2018,559600,674650,13236502500,MLB,MLB,xgboost
MLB,Jefry Rodríguez,2018,555000,421048.6875,17942954120.472656,MLB,MLB,xgboost
MLB,Adam Plutko,2018,555000,378410.25,31183939805.0625,MLB,MLB,xgboost
MLB,Germán Márquez,2018,8600000,4504516.5,16772985098772.25,MLB,MLB,xgboost
MLB,Chad Bettis,2018,3325000,3338223,174847729,MLB,MLB,xgboost
MLB,Jon Gray,2018,2925000,3001095.5,5790525120.25,MLB,MLB,xgboost
MLB,Tyler Anderson,2018,2625000,2941015.25,99865638232.5625,MLB,MLB,xgboost
MLB,Germán Márquez,2018,565000,4504516.5,15519790253772.25,MLB,MLB,xgboost
MLB,Kyle Freeland,2018,565000,1010095.1875,198109725935.66016,MLB,MLB,xgboost
MLB,Antonio Senzatela,2018,560000,458897.03125,10221810290.063477,MLB,MLB,xgboost
MLB,Tyson Ross,2018,5750000,5841704,8409623616,MLB,MLB,xgboost
MLB,Michael Fulmer,2018,2800000,2159518.5,410216551842.25,MLB,MLB,xgboost
MLB,Matthew Boyd,2018,2600000,2432302.5,28122451506.25,MLB,MLB,xgboost
MLB,Daniel Norris,2018,1275000,943263.5625,110049063965.1914,MLB,MLB,xgboost
MLB,Spencer Turnbull,2018,556100,716655.25,25777988302.5625,MLB,MLB,xgboost
MLB,Edwin Jackson,2018,555000,710146.6875,24070494642.222656,MLB,MLB,xgboost
MLB,Ryan Carpenter,2018,555000,556946.1875,3787645.78515625,MLB,MLB,xgboost
MLB,Gerrit Cole,2018,13500000,13216713,80251524369,MLB,MLB,xgboost
MLB,Wade Miley,2018,4500000,4317904,33158953216,MLB,MLB,xgboost
MLB,Josh James,2018,566800,566875.75,5738.0625,MLB,MLB,xgboost
MLB,Framber Valdez,2018,566600,624912.8125,3400384101.6601562,MLB,MLB,xgboost
MLB,Eric Skoglund,2018,568175,757149.4375,35711338028.44141,MLB,MLB,xgboost
MLB,Trevor Oaks,2018,555350,713188.125,24912873703.515625,MLB,MLB,xgboost
MLB,Homer Bailey,2018,555000,773472.5625,47730260565.31641,MLB,MLB,xgboost
MLB,Heath Fillmyer,2018,555000,588043.5,1091872892.25,MLB,MLB,xgboost
MLB,Ben Lively,2018,555000,589720,1205478400,MLB,MLB,xgboost
MLB,Trevor Cahill,2018,9000000,8636895,131845241025,MLB,MLB,xgboost
MLB,Tyler Skaggs,2018,3700000,3008268,478493159824,MLB,MLB,xgboost
MLB,Andrew Heaney,2018,3400000,3367489,1056965121,MLB,MLB,xgboost
MLB,JC Ramírez,2018,1901000,1679558.625,49036282561.890625,MLB,MLB,xgboost
MLB,Nick Tropeano,2018,1075000,938695.1875,18579001910.660156,MLB,MLB,xgboost
MLB,Félix Peña,2018,569000,1851509.625,1644830938217.6406,MLB,MLB,xgboost
MLB,Jaime Barria,2018,563500,454775.25,11821071262.5625,MLB,MLB,xgboost
MLB,Dillon Peters,2018,555000,698797.5625,20677738980.941406,MLB,MLB,xgboost
MLB,Clayton Kershaw,2018,31000000,30577550,178464002500,MLB,MLB,xgboost
MLB,Ross Stripling,2018,595000,952788.5,128012610732.25,MLB,MLB,xgboost
MLB,Walker Buehler,2018,570000,493884.3125,5793597883.597656,MLB,MLB,xgboost
MLB,Dan Straily,2018,5000000,3010290.5,3958943894390.25,MLB,MLB,xgboost
MLB,José Ureña,2018,3200000,3094639.5,11100834960.25,MLB,MLB,xgboost
MLB,Trevor Richards,2018,570000,477546.40625,8547666997.290039,MLB,MLB,xgboost
MLB,Caleb Smith,2018,556500,847873,84898225129,MLB,MLB,xgboost
MLB,Sandy Alcantara,2018,555000,869860.8125,99137331248.16016,MLB,MLB,xgboost
MLB,Pablo López,2018,555000,358651.75,38552635278.0625,MLB,MLB,xgboost
MLB,Jeff Brigham,2018,555000,810653.0625,65358488365.62891,MLB,MLB,xgboost
MLB,Zach Davies,2018,2600000,1597364.125,1005278697837.0156,MLB,MLB,xgboost
MLB,Junior Guerra,2018,2225000,2679949.75,206979275025.0625,MLB,MLB,xgboost
MLB,Gio González,2018,2000000,2744088.25,553667323788.0625,MLB,MLB,xgboost
MLB,Brent Suter,2018,568300,2243573.25,2806540462165.5625,MLB,MLB,xgboost
MLB,Freddy Peralta,2018,564600,640217.375,5717987401.890625,MLB,MLB,xgboost
MLB,Jake Odorizzi,2018,9500000,8871546,394954430116,MLB,MLB,xgboost
MLB,Kyle Gibson,2018,8125000,8644586,269969611396,MLB,MLB,xgboost
MLB,Martín Pérez,2018,4000000,3428184.75,326972680132.5625,MLB,MLB,xgboost
MLB,José Berríos,2018,620000,602970.9375,289988969.62890625,MLB,MLB,xgboost
MLB,Adalberto Mejía,2018,560000,755632.125,38271928332.015625,MLB,MLB,xgboost
MLB,Chase De Jong,2018,555000,858764.75,92273023342.5625,MLB,MLB,xgboost
MLB,Kohl Stewart,2018,555000,497380.375,3320021185.140625,MLB,MLB,xgboost
MLB,Fernando Romero,2018,555000,730311.0625,30733968634.878906,MLB,MLB,xgboost
MLB,Stephen Gonsalves,2018,555000,601502.125,2162447629.515625,MLB,MLB,xgboost
MLB,Jacob deGrom,2018,27500000,22290036,27143724881296,MLB,MLB,xgboost
MLB,Jacob deGrom,2018,17000000,22290036,27984480881296,MLB,MLB,xgboost
MLB,Noah Syndergaard,2018,6000000,5659275.5,116093184900.25,MLB,MLB,xgboost
MLB,Zack Wheeler,2018,5975000,7217586,1544019967396,MLB,MLB,xgboost
MLB,Steven Matz,2018,2625000,2557738,4524176644,MLB,MLB,xgboost
MLB,Corey Oswalt,2018,555000,457483.90625,9509388540.25879,MLB,MLB,xgboost
MLB,Walker Lockett,2018,555000,504501.21875,2550126907.7353516,MLB,MLB,xgboost
MLB,Luis Severino,2018,10000000,9413286,344233317796,MLB,MLB,xgboost
MLB,J.A. Happ,2018,17000000,17379366,143918561956,MLB,MLB,xgboost
MLB,James Paxton,2018,8575000,8805623,53186968129,MLB,MLB,xgboost
MLB,CC Sabathia,2018,8000000,8091326.5,8340529602.25,MLB,MLB,xgboost
MLB,Sonny Gray,2018,7500000,8626906,1269917132836,MLB,MLB,xgboost
MLB,Gio González,2018,3000000,2744088.25,65490823788.0625,MLB,MLB,xgboost
MLB,Jordan Montgomery,2018,596600,516860.90625,6358323072.071289,MLB,MLB,xgboost
MLB,Domingo Germán,2018,577500,646037.4375,4697380339.066406,MLB,MLB,xgboost
MLB,Aaron Nola,2018,11250000,11402140,23146579600,MLB,MLB,xgboost
MLB,Vince Velasquez,2018,2249000,2232276.75,279667090.5625,MLB,MLB,xgboost
MLB,Nick Pivetta,2018,598000,413953.65625,33873056647.743164,MLB,MLB,xgboost
MLB,Zach Eflin,2018,590000,117397.703125,223352931011.52563,MLB,MLB,xgboost
MLB,Ranger Suárez,2018,555000,503374.1875,2665224516.2851562,MLB,MLB,xgboost
MLB,Francisco Liriano,2018,1800000,2109245,95632470025,MLB,MLB,xgboost
MLB,Jameson Taillon,2018,587500,1511078.375,852997014767.6406,MLB,MLB,xgboost
MLB,Trevor Williams,2018,584000,958481,140236019361,MLB,MLB,xgboost
MLB,Joe Musgrove,2018,582500,854295.5,73872793820.25,MLB,MLB,xgboost
MLB,Chad Kuhl,2018,578000,713223,18285259729,MLB,MLB,xgboost
MLB,Nick Kingham,2018,569000,560710.6875,68712701.72265625,MLB,MLB,xgboost
MLB,Aaron Slegers,2018,555000,617522.6875,3909086452.2226562,MLB,MLB,xgboost
MLB,Garrett Richards,2018,7750000,8050593,90356151649,MLB,MLB,xgboost
MLB,Bryan Mitchell,2018,910000,1059213.875,22264780492.515625,MLB,MLB,xgboost
MLB,Joey Lucchesi,2018,565100,827406.8125,68804863883.91016,MLB,MLB,xgboost
MLB,Eric Lauer,2018,562500,581916.75,377010180.5625,MLB,MLB,xgboost
MLB,Jacob Nix,2018,556800,571867.9375,227042740.50390625,MLB,MLB,xgboost
MLB,Brett Kennedy,2018,556000,576931.875,438143391.015625,MLB,MLB,xgboost
MLB,Luis Perdomo,2018,555000,486925.25,4634171587.5625,MLB,MLB,xgboost
MLB,Wade LeBlanc,2018,2750000,3921851.75,1373236523978.0625,MLB,MLB,xgboost
MLB,Marco Gonzales,2018,950000,1344934.125,155972963089.51562,MLB,MLB,xgboost
MLB,Tommy Milone,2018,555000,776797.75,49194241905.0625,MLB,MLB,xgboost
MLB,Derek Holland,2018,7000000,6961352.5,1493629256.25,MLB,MLB,xgboost
MLB,Chris Stratton,2018,567500,1127994.25,314153804283.0625,MLB,MLB,xgboost
MLB,Dereck Rodríguez,2018,561250,481998.875,6280740813.765625,MLB,MLB,xgboost
MLB,Andrew Suárez,2018,555000,786205.125,53455809826.265625,MLB,MLB,xgboost
MLB,Tyler Beede,2018,555000,739273.3125,33956653699.722656,MLB,MLB,xgboost
MLB,Michael Wacha,2018,6350000,5219426.5,1278196438902.25,MLB,MLB,xgboost
MLB,Adam Wainwright,2018,2000000,2320927.5,102994460256.25,MLB,MLB,xgboost
MLB,John Gant,2018,571300,740333.25,28572239605.5625,MLB,MLB,xgboost
MLB,Alex Reyes,2018,564600,489411.28125,5653343427.266602,MLB,MLB,xgboost
MLB,Jack Flaherty,2018,562100,593918.875,1012440806.265625,MLB,MLB,xgboost
MLB,Blake Snell,2018,10000000,5199227,23047421397529,MLB,MLB,xgboost
MLB,Charlie Morton,2018,15000000,14844911,24052597921,MLB,MLB,xgboost
MLB,Blake Snell,2018,573700,5199227,21395500027729,MLB,MLB,xgboost
MLB,Jake Faria,2018,555000,631652.6875,5875634500.972656,MLB,MLB,xgboost
MLB,Lance Lynn,2018,10000000,10061169,3741646561,MLB,MLB,xgboost
MLB,Shelby Miller,2018,2000000,1876239.875,15316568540.015625,MLB,MLB,xgboost
MLB,Yohander Méndez,2018,558000,449037.5625,11872812785.941406,MLB,MLB,xgboost
MLB,Jen-Ho Tseng,2018,555000,496131.25,3465529726.5625,MLB,MLB,xgboost
MLB,Adrian Sampson,2018,555000,772268.625,47205655409.390625,MLB,MLB,xgboost
MLB,Ariel Jurado,2018,555000,396920.0625,24989266640.003906,MLB,MLB,xgboost
MLB,Marcus Stroman,2018,7400000,5565729.5,3364548267170.25,MLB,MLB,xgboost
MLB,Aaron Sanchez,2018,3900000,2231307,2784536328249,MLB,MLB,xgboost
MLB,Matt Shoemaker,2018,3500000,3802350.25,91415673675.0625,MLB,MLB,xgboost
MLB,Clay Buchholz,2018,3000000,3482269.75,232584111765.0625,MLB,MLB,xgboost
MLB,Sam Gaviglio,2018,579500,1389766.125,656531193322.5156,MLB,MLB,xgboost
MLB,Ryan Borucki,2018,565200,665913.4375,10143196493.066406,MLB,MLB,xgboost
MLB,Thomas Pannone,2018,560100,528997.4375,967369394.06640625,MLB,MLB,xgboost
MLB,Sean Reid-Foley,2018,555000,651749.5,9360465750.25,MLB,MLB,xgboost
MLB,Patrick Corbin,2018,23333333,23135824,39009805081,MLB,MLB,xgboost
MLB,Aníbal Sánchez,2018,9500000,9568018,4626448324,MLB,MLB,xgboost
MLB,Jeremy Hellickson,2018,1300000,1511658.125,44799161878.515625,MLB,MLB,xgboost
MLB,Joe Ross,2018,1000000,770342.9375,52742366356.12891,MLB,MLB,xgboost
MLB,Austin Voth,2018,556000,586229.25,913807555.5625,MLB,MLB,xgboost
MLB,Erick Fedde,2018,555000,351685.75,41336684253.0625,MLB,MLB,xgboost
MLB,Madison Bumgarner,2019,17000000,16629150,137529722500,MLB,MLB,xgboost
MLB,Robbie Ray,2019,9430000,9269164,25868218896,MLB,MLB,xgboost
MLB,Luke Weaver,2019,597000,245820.78125,123326843681.86035,MLB,MLB,xgboost
MLB,Alex Young,2019,575000,773692.5,39478709556.25,MLB,MLB,xgboost
MLB,Taylor Clarke,2019,575000,360088.8125,46186818512.66016,MLB,MLB,xgboost
MLB,Zac Gallen,2019,575000,357573.6875,47274201367.34766,MLB,MLB,xgboost
MLB,Corbin Martin,2019,565700,435095.8125,17057453792.535156,MLB,MLB,xgboost
MLB,Sean Manaea,2019,3750000,2947105,644640381025,MLB,MLB,xgboost
MLB,Chris Bassitt,2019,2250000,2961753.25,506592688885.5625,MLB,MLB,xgboost
MLB,Daniel Mengden,2019,573500,800041.8125,51321192810.78516,MLB,MLB,xgboost
MLB,Frankie Montas,2019,573500,1105002.25,282494641755.0625,MLB,MLB,xgboost
MLB,Cole Hamels,2019,18000000,16646942,1830765951364,MLB,MLB,xgboost
MLB,Mike Foltynewicz,2019,6425000,4625967,3236519735089,MLB,MLB,xgboost
MLB,Jhoulys Chacín,2019,1600000,1703772.125,10768653927.015625,MLB,MLB,xgboost
MLB,Félix Hernández,2019,1000000,1576261.625,332077460447.6406,MLB,MLB,xgboost
MLB,Max Fried,2019,583500,850861.25,71482038001.5625,MLB,MLB,xgboost
MLB,Michael Soroka,2019,583500,722478.625,19315058206.890625,MLB,MLB,xgboost
MLB,Bryse Wilson,2019,575000,545066.5,896014422.25,MLB,MLB,xgboost
MLB,Kyle Wright,2019,573500,484222.53125,7970466426.407227,MLB,MLB,xgboost
MLB,John Means,2019,580000,818286.8125,56780605011.41016,MLB,MLB,xgboost
MLB,Asher Wojciechowski,2019,575000,1644762.375,1144391538965.6406,MLB,MLB,xgboost
MLB,Chandler Shepherd,2019,563500,682334.0625,14121534410.253906,MLB,MLB,xgboost
MLB,David Hess,2019,563500,560584,8503056,MLB,MLB,xgboost
MLB,Chris Sale,2019,29000000,28821224,31960858176,MLB,MLB,xgboost
MLB,Eduardo Rodríguez,2019,8300000,8271395.5,818217420.25,MLB,MLB,xgboost
MLB,Martín Pérez,2019,6000000,5718764,79093687696,MLB,MLB,xgboost
MLB,Kyle Hendricks,2019,13875000,13570430,92762884900,MLB,MLB,xgboost
MLB,Adbert Alzolay,2019,563500,623418.9375,3590279071.1289062,MLB,MLB,xgboost
MLB,Dallas Keuchel,2019,18500000,15796648,7308112035904,MLB,MLB,xgboost
MLB,Gio González,2019,5000000,4513464.5,236716792760.25,MLB,MLB,xgboost
MLB,Carlos Rodón,2019,4450000,3535386.5,836517854382.25,MLB,MLB,xgboost
MLB,Ross Detwiler,2019,1000000,904236.4375,9170659902.691406,MLB,MLB,xgboost
MLB,Lucas Giolito,2019,627000,531451.6875,9129480021.597656,MLB,MLB,xgboost
MLB,Reynaldo López,2019,605000,865162.875,67684721528.265625,MLB,MLB,xgboost
MLB,Dylan Cease,2019,575000,523953.34375,2605761114.305664,MLB,MLB,xgboost
MLB,Trevor Bauer,2019,17500000,17685256,34319785536,MLB,MLB,xgboost
MLB,Wade Miley,2019,7500000,7444117,3122909689,MLB,MLB,xgboost
MLB,Anthony DeSclafani,2019,5900000,6238306,114450949636,MLB,MLB,xgboost
MLB,Luis Castillo,2019,663500,1335013,450929709169,MLB,MLB,xgboost
MLB,Tyler Mahle,2019,609793,1189163.625,335670321112.8906,MLB,MLB,xgboost
MLB,Mike Clevinger,2019,4100000,4550732,203159335824,MLB,MLB,xgboost
MLB,Shane Bieber,2019,623200,632976.375,95577508.140625,MLB,MLB,xgboost
MLB,Adam Plutko,2019,574800,1416382,708260262724,MLB,MLB,xgboost
MLB,Jefry Rodríguez,2019,566000,748258.625,33218206386.890625,MLB,MLB,xgboost
MLB,Aaron Civale,2019,565400,1016039.9375,203076353270.0039,MLB,MLB,xgboost
MLB,Zach Plesac,2019,563500,678129.125,13139836298.265625,MLB,MLB,xgboost
MLB,Jon Gray,2019,5600000,4780735.5,671194320960.25,MLB,MLB,xgboost
MLB,Kyle Freeland,2019,2875000,2481157.5,155111914806.25,MLB,MLB,xgboost
MLB,Chi Chi González,2019,1750000,1845275.875,9077492357.015625,MLB,MLB,xgboost
MLB,Antonio Senzatela,2019,573500,654339.75,6535065180.0625,MLB,MLB,xgboost
MLB,Jeff Hoffman,2019,568500,419328.09375,22252257614.25879,MLB,MLB,xgboost
MLB,Peter Lambert,2019,565500,754296.5625,35644142011.81641,MLB,MLB,xgboost
MLB,Matthew Boyd,2019,5300000,5318768,352237824,MLB,MLB,xgboost
MLB,Daniel Norris,2019,2960000,2663755,87761100025,MLB,MLB,xgboost
MLB,Iván Nova,2019,1500000,1706111.125,42481795848.765625,MLB,MLB,xgboost
MLB,Spencer Turnbull,2019,573500,723440.9375,22482284738.378906,MLB,MLB,xgboost
MLB,Dario Agrazal,2019,567900,778433.625,44324407255.640625,MLB,MLB,xgboost
MLB,Tyler Alexander,2019,566600,279979.90625,82151078141.25879,MLB,MLB,xgboost
MLB,Justin Verlander,2019,33000000,33069482,4827748324,MLB,MLB,xgboost
MLB,Brad Peacock,2019,3900000,4089251.5,35816130252.25,MLB,MLB,xgboost
MLB,José Urquidy,2019,574600,567754.0625,46866860.25390625,MLB,MLB,xgboost
MLB,Brad Keller,2019,613000,178765.703125,188559424582.52563,MLB,MLB,xgboost
MLB,Glenn Sparkman,2019,604500,678834.5625,5525627182.066406,MLB,MLB,xgboost
MLB,Matt Harvey,2019,575000,1195459.875,384970456485.0156,MLB,MLB,xgboost
MLB,Julio Teheran,2019,9000000,8682629,100724351641,MLB,MLB,xgboost
MLB,Dylan Bundy,2019,5000000,4840582,25414098724,MLB,MLB,xgboost
MLB,Andrew Heaney,2019,4300000,4682623.5,146400742752.25,MLB,MLB,xgboost
MLB,Griffin Canning,2019,570500,485343.90625,7251560302.758789,MLB,MLB,xgboost
MLB,Dillon Peters,2019,569000,496364.1875,5275961257.535156,MLB,MLB,xgboost
MLB,José Suarez,2019,567500,564045.25,11935297.5625,MLB,MLB,xgboost
MLB,Patrick Sandoval,2019,565750,759749.1875,37635684750.66016,MLB,MLB,xgboost
MLB,Jaime Barria,2019,563500,519340.09375,1950097320.008789,MLB,MLB,xgboost
MLB,Alex Wood,2019,4000000,3331737.75,446574434775.0625,MLB,MLB,xgboost
MLB,Walker Buehler,2019,603500,915041.625,97058184107.640625,MLB,MLB,xgboost
MLB,Tony Gonsolin,2019,566000,595663.9375,879949188.00390625,MLB,MLB,xgboost
MLB,José Ureña,2019,3750000,3617759.5,17487549840.25,MLB,MLB,xgboost
MLB,Sandy Alcantara,2019,620000,416198.78125,41534936763.98535,MLB,MLB,xgboost
MLB,Caleb Smith,2019,586500,1169243.75,339590278164.0625,MLB,MLB,xgboost
MLB,Pablo López,2019,575000,1037891.125,214268193603.76562,MLB,MLB,xgboost
MLB,Elieser Hernández,2019,571500,470550.96875,10190706910.313477,MLB,MLB,xgboost
MLB,Jordan Yamamoto,2019,565000,670909,11216716281,MLB,MLB,xgboost
MLB,Brett Anderson,2019,5000000,5791837,627005834569,MLB,MLB,xgboost
MLB,Brandon Woodruff,2019,633100,1209248.375,331946950015.1406,MLB,MLB,xgboost
MLB,Adrian Houser,2019,581600,664470.75,6867561205.5625,MLB,MLB,xgboost
MLB,Michael Pineda,2019,10000000,10065341,4269446281,MLB,MLB,xgboost
MLB,Jake Odorizzi,2019,17800000,17842870,1837836900,MLB,MLB,xgboost
MLB,José Berríos,2019,4025000,4204451.5,32202840852.25,MLB,MLB,xgboost
MLB,Rich Hill,2019,3000000,3239718.75,57465079101.5625,MLB,MLB,xgboost
MLB,Devin Smeltzer,2019,571000,627553.25,3198270085.5625,MLB,MLB,xgboost
MLB,Randy Dobnak,2019,571000,498571.15625,5245937406.961914,MLB,MLB,xgboost
MLB,Marcus Stroman,2019,12000000,11522748,227769471504,MLB,MLB,xgboost
MLB,Rick Porcello,2019,10000000,9609979,152116380441,MLB,MLB,xgboost
MLB,Noah Syndergaard,2019,9700000,9221834,228642723556,MLB,MLB,xgboost
MLB,Steven Matz,2019,5000000,5083771,7017580441,MLB,MLB,xgboost
MLB,Michael Wacha,2019,3000000,2459841,291771745281,MLB,MLB,xgboost
MLB,Gerrit Cole,2019,36000000,35925152,5602223104,MLB,MLB,xgboost
MLB,James Paxton,2019,12500000,12870305,137125793025,MLB,MLB,xgboost
MLB,Jordan Montgomery,2019,805000,761500.375,1892217375.140625,MLB,MLB,xgboost
MLB,Zack Wheeler,2019,23600000,23086872,263300344384,MLB,MLB,xgboost
MLB,Vince Velasquez,2019,3600000,2936424.75,440332112412.5625,MLB,MLB,xgboost
MLB,Zach Eflin,2019,2625000,2521393.5,10734306842.25,MLB,MLB,xgboost
MLB,Trevor Williams,2019,2825000,2959196.5,18008700612.25,MLB,MLB,xgboost
MLB,Joe Musgrove,2019,2800000,3089349.5,83723133150.25,MLB,MLB,xgboost
MLB,Jameson Taillon,2019,2250000,2496058.25,60544662393.0625,MLB,MLB,xgboost
MLB,Steven Brault,2019,590500,1051884.125,212875310802.01562,MLB,MLB,xgboost
MLB,Mitch Keller,2019,577500,397059.25,32558864260.5625,MLB,MLB,xgboost
MLB,Zach Davies,2019,5250000,4269120,962125574400,MLB,MLB,xgboost
MLB,Dinelson Lamet,2019,1300000,2440813.5,1301455441782.25,MLB,MLB,xgboost
MLB,Joey Lucchesi,2019,599300,1583329.125,968313318848.2656,MLB,MLB,xgboost
MLB,Chris Paddack,2019,588500,221650.515625,134578544186.20337,MLB,MLB,xgboost
MLB,Eric Lauer,2019,582300,982089.3125,159831494389.22266,MLB,MLB,xgboost
MLB,Jerad Eickhoff,2019,575000,1118250.5,295121105750.25,MLB,MLB,xgboost
MLB,Cal Quantrill,2019,571800,551440.25,414519420.0625,MLB,MLB,xgboost
MLB,Ronald Bolaños,2019,563500,646995.5625,6971508957.191406,MLB,MLB,xgboost
MLB,Marco Gonzales,2019,7500000,7412743.5,7613696792.25,MLB,MLB,xgboost
MLB,Taijuan Walker,2019,2000000,2100692.25,10138929210.0625,MLB,MLB,xgboost
MLB,Justus Sheffield,2019,566300,719680.0625,23525443572.503906,MLB,MLB,xgboost
MLB,Justin Dunn,2019,564500,562780.25,2957540.0625,MLB,MLB,xgboost
MLB,Nick Margevicius,2019,563500,530157.75,1111705635.0625,MLB,MLB,xgboost
MLB,Kevin Gausman,2019,9000000,8282520,514777550400,MLB,MLB,xgboost
MLB,Drew Smyly,2019,4000000,4039555.75,1564657358.0625,MLB,MLB,xgboost
MLB,Tyler Anderson,2019,1775000,2064819.75,83995487490.0625,MLB,MLB,xgboost
MLB,Tyson Ross,2019,1750000,1804334.5,2952237890.25,MLB,MLB,xgboost
MLB,Dereck Rodríguez,2019,576000,1016489.4375,194030944549.0664,MLB,MLB,xgboost
MLB,Tyler Beede,2019,569750,913233.9375,117981215320.5039,MLB,MLB,xgboost
MLB,Logan Webb,2019,566625,829946.1875,69338047786.41016,MLB,MLB,xgboost
MLB,Rico Garcia,2019,563500,575058.875,133607591.265625,MLB,MLB,xgboost
MLB,Shaun Anderson,2019,563500,606194.875,1822852351.265625,MLB,MLB,xgboost
MLB,Miles Mikolas,2019,17000000,16478447,272017531809,MLB,MLB,xgboost
MLB,Adam Wainwright,2019,5000000,5103743,10762610049,MLB,MLB,xgboost
MLB,Jack Flaherty,2019,604500,514041.15625,8182802412.586914,MLB,MLB,xgboost
MLB,Dakota Hudson,2019,580500,584421.875,15381103.515625,MLB,MLB,xgboost
MLB,Daniel Ponce de Leon,2019,572800,577019.125,17801015.765625,MLB,MLB,xgboost
MLB,Tyler Glasnow,2019,2050000,1538783.625,261342182068.14062,MLB,MLB,xgboost
MLB,Ryan Yarbrough,2019,578500,639625.6875,3736349672.3476562,MLB,MLB,xgboost
MLB,Yonny Chirinos,2019,576700,251854.140625,105524832353.08228,MLB,MLB,xgboost
MLB,Dylan Covey,2019,575000,454961.5,14409241482.25,MLB,MLB,xgboost
MLB,Trevor Richards,2019,575000,571384.1875,13074100.03515625,MLB,MLB,xgboost
MLB,Sean Gilmartin,2019,575000,565501.625,90219127.640625,MLB,MLB,xgboost
MLB,Brendan McKay,2019,563500,656600.1875,8667644912.535156,MLB,MLB,xgboost
MLB,Kyle Gibson,2019,9333333,9715757,146248115776,MLB,MLB,xgboost
MLB,Jordan Lyles,2019,8000000,7816809,33558942481,MLB,MLB,xgboost
MLB,Kolby Allard,2019,566500,790258.5,50067866322.25,MLB,MLB,xgboost
MLB,Brock Burke,2019,564500,346871.625,47362109605.140625,MLB,MLB,xgboost
MLB,Taylor Hearn,2019,563500,497183.6875,4397853303.597656,MLB,MLB,xgboost
MLB,Ariel Jurado,2019,563500,556970.375,42636002.640625,MLB,MLB,xgboost
MLB,Joe Palumbo,2019,563500,655816.75,8522382330.5625,MLB,MLB,xgboost
MLB,Tanner Roark,2019,12000000,11918169,6696312561,MLB,MLB,xgboost
MLB,Matt Shoemaker,2019,4200000,3681342,269006120964,MLB,MLB,xgboost
MLB,Trent Thornton,2019,581900,895544.3125,98372754763.59766,MLB,MLB,xgboost
MLB,Ryan Borucki,2019,573800,609543.8125,1277620132.0351562,MLB,MLB,xgboost
MLB,Sean Reid-Foley,2019,572700,726601.625,23685710177.640625,MLB,MLB,xgboost
MLB,Anthony Kay,2019,565600,742563.5625,31316102452.691406,MLB,MLB,xgboost
MLB,Jacob Waguespack,2019,563500,652413.25,7905566025.5625,MLB,MLB,xgboost
MLB,T.J. Zeuch,2019,563500,287224.21875,76328307305.29785,MLB,MLB,xgboost
MLB,Stephen Strasburg,2019,35000000,34755508,59776338064,MLB,MLB,xgboost
MLB,Austin Voth,2019,568900,969167.0625,160213721322.3789,MLB,MLB,xgboost
MLB,Erick Fedde,2019,563500,378141.75,34357680843.0625,MLB,MLB,xgboost
MLB,Luke Weaver,2020,1950000,1735645.75,45947744493.0625,MLB,MLB,xgboost
MLB,Caleb Smith,2020,1465000,1315264.875,22420607658.765625,MLB,MLB,xgboost
MLB,Zac Gallen,2020,607500,624011.4375,272627568.31640625,MLB,MLB,xgboost
MLB,Sean Manaea,2020,5950000,4692815.5,1580512867040.25,MLB,MLB,xgboost
MLB,Chris Bassitt,2020,4900000,4662265.5,56517692490.25,MLB,MLB,xgboost
MLB,Frankie Montas,2020,1800000,1845666.75,2085452055.5625,MLB,MLB,xgboost
MLB,Jesús Luzardo,2020,575500,269600.9375,93574236438.3789,MLB,MLB,xgboost
MLB,Daulton Jefferies,2020,570500,508378.03125,3859139001.3759766,MLB,MLB,xgboost
MLB,Paul Blackburn,2020,570500,537145.0625,1112551855.6289062,MLB,MLB,xgboost
MLB,Charlie Morton,2020,15000000,14401617,358062214689,MLB,MLB,xgboost
MLB,Drew Smyly,2020,11000000,10951029,2398158841,MLB,MLB,xgboost
MLB,Max Fried,2020,3500000,3414979.75,7228442910.0625,MLB,MLB,xgboost
MLB,Michael Soroka,2020,2800000,2464563.75,112517477814.0625,MLB,MLB,xgboost
MLB,Sean Newcomb,2020,600500,1063252.875,214140223320.76562,MLB,MLB,xgboost
MLB,Touki Toussaint,2020,590500,834317.5,59446973306.25,MLB,MLB,xgboost
MLB,Huascar Ynoa,2020,580500,433318.9375,21662265158.628906,MLB,MLB,xgboost
MLB,Ian Anderson,2020,575500,823269.75,61389849015.0625,MLB,MLB,xgboost
MLB,Tanner Roark,2020,570500,765926.375,38191468045.640625,MLB,MLB,xgboost
MLB,Kyle Wright,2020,570500,783717.375,45461649001.890625,MLB,MLB,xgboost
MLB,Tucker Davidson,2020,570500,473466,9415597156,MLB,MLB,xgboost
MLB,Matt Harvey,2020,1000000,1069697,4857671809,MLB,MLB,xgboost
MLB,Wade LeBlanc,2020,700000,918683.9375,47822664520.50391,MLB,MLB,xgboost
MLB,John Means,2020,593500,985319,153522128761,MLB,MLB,xgboost
MLB,Jorge López,2020,586750,869952.8125,80203833007.91016,MLB,MLB,xgboost
MLB,Dean Kremer,2020,572500,577270.875,22761248.265625,MLB,MLB,xgboost
MLB,Bruce Zimmermann,2020,571500,583869.3125,152999891.72265625,MLB,MLB,xgboost
MLB,Keegan Akin,2020,570500,584501.4375,196040252.06640625,MLB,MLB,xgboost
MLB,Garrett Richards,2020,10000000,8417166,2505363471556,MLB,MLB,xgboost
MLB,Martín Pérez,2020,5000000,3275024.25,2975541338088.0625,MLB,MLB,xgboost
MLB,Tanner Houck,2020,577000,536884.5625,1609248325.8164062,MLB,MLB,xgboost
MLB,Chris Mazza,2020,570500,1325425.5,569912510550.25,MLB,MLB,xgboost
MLB,Zach Davies,2020,8630000,7958558.5,450833687922.25,MLB,MLB,xgboost
MLB,Jake Arrieta,2020,6000000,2974963,9150848851369,MLB,MLB,xgboost
MLB,Trevor Williams,2020,2500000,2627374,16224135876,MLB,MLB,xgboost
MLB,Alec Mills,2020,600000,546348.25,2878510278.0625,MLB,MLB,xgboost
MLB,Adbert Alzolay,2020,573000,609971.625,1366901055.140625,MLB,MLB,xgboost
MLB,Lucas Giolito,2020,4150000,4482664.5,110665669560.25,MLB,MLB,xgboost
MLB,Carlos Rodón,2020,3000000,2003753,992508085009,MLB,MLB,xgboost
MLB,Reynaldo López,2020,2100000,1499873.75,360151515939.0625,MLB,MLB,xgboost
MLB,Dylan Cease,2020,600000,759403.5625,25409495737.691406,MLB,MLB,xgboost
MLB,Dane Dunning,2020,572500,944914.5,138692559810.25,MLB,MLB,xgboost
MLB,Jonathan Stiever,2020,570500,621096.625,2560018461.390625,MLB,MLB,xgboost
MLB,Luis Castillo,2020,4200000,4691001,241081982001,MLB,MLB,xgboost
MLB,Tyler Mahle,2020,2200000,1728155.25,222637468102.5625,MLB,MLB,xgboost
MLB,Shane Bieber,2020,679700,1090411,168683525521,MLB,MLB,xgboost
MLB,Zach Plesac,2020,590200,649760.4375,3547445715.1914062,MLB,MLB,xgboost
MLB,Aaron Civale,2020,587400,601697.8125,204427442.28515625,MLB,MLB,xgboost
MLB,Triston McKenzie,2020,575300,696655.5,14727157380.25,MLB,MLB,xgboost
MLB,Jon Gray,2020,6000000,3885128,4472683576384,MLB,MLB,xgboost
MLB,Kyle Freeland,2020,5025000,4517710.5,257342636810.25,MLB,MLB,xgboost
MLB,Antonio Senzatela,2020,3000000,2594879.5,164122619520.25,MLB,MLB,xgboost
MLB,Chi Chi González,2020,1100000,1745047.75,416086599780.0625,MLB,MLB,xgboost
MLB,Ryan Castellani,2020,570500,767581.9375,38841290088.75391,MLB,MLB,xgboost
MLB,Matthew Boyd,2020,6500000,6315344,34097838336,MLB,MLB,xgboost
MLB,José Ureña,2020,3250000,2128431.5,1257915900192.25,MLB,MLB,xgboost
MLB,Michael Fulmer,2020,3100000,2376832.5,522971233056.25,MLB,MLB,xgboost
MLB,Julio Teheran,2020,3000000,2819572.5,32554082756.25,MLB,MLB,xgboost
MLB,Spencer Turnbull,2020,586900,1088183.75,251285398014.0625,MLB,MLB,xgboost
MLB,Tarik Skubal,2020,574300,517893.15625,3181732021.836914,MLB,MLB,xgboost
MLB,Casey Mize,2020,574100,619917.1875,2099214670.4101562,MLB,MLB,xgboost
MLB,Jake Odorizzi,2020,7833333,7050690.5,612529282806.25,MLB,MLB,xgboost
MLB,Framber Valdez,2020,637300,1172679.125,286630807485.7656,MLB,MLB,xgboost
MLB,Cristian Javier,2020,620400,656775.3125,1323163359.4726562,MLB,MLB,xgboost
MLB,José Urquidy,2020,604200,621069.375,284575812.890625,MLB,MLB,xgboost
MLB,Brandon Bielak,2020,599000,629970.0625,959144771.25390625,MLB,MLB,xgboost
MLB,Mike Minor,2020,9000000,8687128,97888888384,MLB,MLB,xgboost
MLB,Brad Keller,2020,3350000,2963317.5,149523355806.25,MLB,MLB,xgboost
MLB,Brady Singer,2020,593700,1234703.625,410885647263.1406,MLB,MLB,xgboost
MLB,Carlos Hernández,2020,570500,373093.25,38969424945.5625,MLB,MLB,xgboost
MLB,Kris Bubic,2020,570500,361024.90625,43879814901.57129,MLB,MLB,xgboost
MLB,Ronald Bolaños,2020,570500,575740.4375,27462185.19140625,MLB,MLB,xgboost
MLB,Dylan Bundy,2020,8325000,7028373,1681241577129,MLB,MLB,xgboost
MLB,Andrew Heaney,2020,6750000,6100679,421617761041,MLB,MLB,xgboost
MLB,Jaime Barria,2020,590500,322675.59375,71729912583.16504,MLB,MLB,xgboost
MLB,Griffin Canning,2020,590500,737641.125,21650510666.265625,MLB,MLB,xgboost
MLB,Dillon Peters,2020,570500,505116.90625,4274948948.321289,MLB,MLB,xgboost
MLB,Patrick Sandoval,2020,570500,644046.125,5409032502.515625,MLB,MLB,xgboost
MLB,José Suarez,2020,570500,520220.15625,2528062687.524414,MLB,MLB,xgboost
MLB,Trevor Bauer,2020,34000000,33833052,27871634704,MLB,MLB,xgboost
MLB,Walker Buehler,2020,4000000,2972317.5,1056131320806.25,MLB,MLB,xgboost
MLB,Julio Urías,2020,3600000,2375695,1498922733025,MLB,MLB,xgboost
MLB,Cole Hamels,2020,1000000,1105532.75,11137161322.5625,MLB,MLB,xgboost
MLB,Dustin May,2020,590500,765410.4375,30593661146.441406,MLB,MLB,xgboost
MLB,Tony Gonsolin,2020,580500,517880.96875,3921143074.6884766,MLB,MLB,xgboost
MLB,Sandy Alcantara,2020,630000,576947.8125,2814534598.5351562,MLB,MLB,xgboost
MLB,Pablo López,2020,595000,576275.1875,350618603.16015625,MLB,MLB,xgboost
MLB,Elieser Hernández,2020,579000,1166932.625,345664771539.3906,MLB,MLB,xgboost
MLB,Trevor Rogers,2020,570500,515193.46875,3058812398.9072266,MLB,MLB,xgboost
MLB,Daniel Castano,2020,570500,704945.8125,18075676498.785156,MLB,MLB,xgboost
MLB,Braxton Garrett,2020,570500,526772.9375,1912055994.8789062,MLB,MLB,xgboost
MLB,Jordan Yamamoto,2020,570500,529911.875,1647395891.015625,MLB,MLB,xgboost
MLB,Brandon Woodruff,2020,3275000,3723112.75,200805036712.5625,MLB,MLB,xgboost
MLB,Brett Anderson,2020,2500000,2569542.75,4836194077.5625,MLB,MLB,xgboost
MLB,Jordan Zimmermann,2020,1000000,1117200.625,13735986500.390625,MLB,MLB,xgboost
MLB,Zack Godley,2020,800000,1067676.5,71650708652.25,MLB,MLB,xgboost
MLB,Corbin Burnes,2020,608000,931396,104584972816,MLB,MLB,xgboost
MLB,Adrian Houser,2020,584100,1022044.875,191795713538.76562,MLB,MLB,xgboost
MLB,Eric Lauer,2020,570500,694455.9375,15365074441.503906,MLB,MLB,xgboost
MLB,Randy Dobnak,2020,1850000,1198406.375,424574252140.6406,MLB,MLB,xgboost
MLB,J.A. Happ,2020,8000000,7860795,19378032025,MLB,MLB,xgboost
MLB,José Berríos,2020,6100000,4086736.25,4053230927064.0625,MLB,MLB,xgboost
MLB,Matt Shoemaker,2020,2000000,2347919.25,121047804520.5625,MLB,MLB,xgboost
MLB,Taijuan Walker,2020,7666667,6018892.5,2715160802850.25,MLB,MLB,xgboost
MLB,Steven Matz,2020,5200000,4662890,288487152100,MLB,MLB,xgboost
MLB,Robert Gsellman,2020,1300000,1050304.5,62347842720.25,MLB,MLB,xgboost
MLB,Joey Lucchesi,2020,607100,868392.0625,68273541925.50391,MLB,MLB,xgboost
MLB,David Peterson,2020,585750,1238868.75,426564101601.5625,MLB,MLB,xgboost
MLB,Corey Kluber,2020,11000000,10692445,94590078025,MLB,MLB,xgboost
MLB,Jordan Montgomery,2020,2130000,2192686.25,3929565939.0625,MLB,MLB,xgboost
MLB,Asher Wojciechowski,2020,750000,1391175,411105380625,MLB,MLB,xgboost
MLB,Deivi García,2020,570500,591936.1875,459510134.53515625,MLB,MLB,xgboost
MLB,Zach Eflin,2020,4450000,3767045.75,466426507593.0625,MLB,MLB,xgboost
MLB,Vince Velasquez,2020,4000000,2415174,2511673450276,MLB,MLB,xgboost
MLB,Chase Anderson,2020,4000000,4614209,377252695681,MLB,MLB,xgboost
MLB,Spencer Howard,2020,570500,355963.5625,46025883015.19141,MLB,MLB,xgboost
MLB,Adonis Medina,2020,570500,740940.25,29049878820.0625,MLB,MLB,xgboost
MLB,Tyler Anderson,2020,2500000,1726366,598509565956,MLB,MLB,xgboost
MLB,Chad Kuhl,2020,2130000,1396138,538553435044,MLB,MLB,xgboost
MLB,Steven Brault,2020,2050000,2015910.25,1162111055.0625,MLB,MLB,xgboost
MLB,Trevor Cahill,2020,1500000,1452528.75,2253519576.5625,MLB,MLB,xgboost
MLB,JT Brubaker,2020,590500,1658056.875,1139677681359.7656,MLB,MLB,xgboost
MLB,Cody Ponce,2020,580500,608832.125,802709307.015625,MLB,MLB,xgboost
MLB,Mitch Keller,2020,579000,546017.3125,1087857674.7226562,MLB,MLB,xgboost
MLB,Chase De Jong,2020,570500,902616.9375,110301660174.3789,MLB,MLB,xgboost
MLB,Mike Clevinger,2020,5750000,6193141,196373945881,MLB,MLB,xgboost
MLB,Joe Musgrove,2020,4450000,4401112,2390036544,MLB,MLB,xgboost
MLB,Dinelson Lamet,2020,4200000,4349502.5,22350997506.25,MLB,MLB,xgboost
MLB,Chris Paddack,2020,610900,463332.59375,21776139387.35254,MLB,MLB,xgboost
MLB,Vince Velasquez,2020,570500,2415174,3402822166276,MLB,MLB,xgboost
MLB,Jake Arrieta,2020,570500,2974963,5781442318369,MLB,MLB,xgboost
MLB,James Paxton,2020,8500000,7707575.5,627936588200.25,MLB,MLB,xgboost
MLB,Justus Sheffield,2020,625000,872416.4375,61214893545.19141,MLB,MLB,xgboost
MLB,Nick Margevicius,2020,586900,910152.3125,104492057536.59766,MLB,MLB,xgboost
MLB,Justin Dunn,2020,584900,534633.0625,2526765005.6289062,MLB,MLB,xgboost
MLB,Jimmy Yacabonis,2020,570500,481427.40625,7933926957.352539,MLB,MLB,xgboost
MLB,Ljay Newsome,2020,570500,650509.375,6401500087.890625,MLB,MLB,xgboost
MLB,Kevin Gausman,2020,18900000,17679750,1489010062500,MLB,MLB,xgboost
MLB,Anthony DeSclafani,2020,6000000,3015106.75,8909587713895.5625,MLB,MLB,xgboost
MLB,Logan Webb,2020,583000,912102.4375,108308414368.4414,MLB,MLB,xgboost
MLB,Tyler Chatwood,2020,570500,2055295.875,2204618790417.0156,MLB,MLB,xgboost
MLB,Adam Wainwright,2020,8000000,8229387,52618395769,MLB,MLB,xgboost
MLB,Jack Flaherty,2020,3900000,1773373.875,4522538675532.516,MLB,MLB,xgboost
MLB,Dakota Hudson,2020,595700,1196709.125,361211968333.2656,MLB,MLB,xgboost
MLB,Daniel Ponce de Leon,2020,585500,374866.375,44366523980.640625,MLB,MLB,xgboost
MLB,Wade LeBlanc,2020,570500,918683.9375,121232054333.0039,MLB,MLB,xgboost
MLB,Johan Oviedo,2020,570500,605470.375,1222927127.640625,MLB,MLB,xgboost
MLB,Tyler Glasnow,2020,4000000,3793901.75,42476488653.0625,MLB,MLB,xgboost
MLB,Michael Wacha,2020,3000000,2933864.5,4373904360.25,MLB,MLB,xgboost
MLB,Rich Hill,2020,2500000,2546090.75,2124357235.5625,MLB,MLB,xgboost
MLB,Ryan Yarbrough,2020,2300000,1908985.5,152892339210.25,MLB,MLB,xgboost
MLB,Yonny Chirinos,2020,1175000,1359353.375,33986166873.890625,MLB,MLB,xgboost
MLB,Josh Fleming,2020,570500,482800.03125,7691284518.750977,MLB,MLB,xgboost
MLB,Mike Foltynewicz,2020,2000000,1869177.75,17114461095.0625,MLB,MLB,xgboost
MLB,Kolby Allard,2020,584250,756226.5625,29575938049.316406,MLB,MLB,xgboost
MLB,Robbie Ray,2020,8000000,7293682.5,498884410806.25,MLB,MLB,xgboost
MLB,Ross Stripling,2020,3000000,2723867,76249433689,MLB,MLB,xgboost
MLB,Tyler Chatwood,2020,3000000,2055295.875,892465883792.0156,MLB,MLB,xgboost
MLB,Tommy Milone,2020,1000000,1544355.625,296323046469.1406,MLB,MLB,xgboost
MLB,Trent Thornton,2020,592900,545132.8125,2281704201.6601562,MLB,MLB,xgboost
MLB,Nate Pearson,2020,577500,617726,1618131076,MLB,MLB,xgboost
MLB,Jon Lester,2020,5000000,4495406,254615104836,MLB,MLB,xgboost
MLB,Austin Voth,2020,587700,1575789.125,976320118943.2656,MLB,MLB,xgboost
MLB,Erick Fedde,2020,575000,778299.8125,41330813762.53516,MLB,MLB,xgboost
MLB,Wil Crowe,2020,574000,663497.25,8009757757.5625,MLB,MLB,xgboost
MLB,Paolo Espino,2020,570500,907986.6875,113897264239.72266,MLB,MLB,xgboost
MLB,Luke Weaver,2021,2875000,2452259,178709953081,MLB,MLB,xgboost
MLB,Zach Davies,2021,1750000,1865761,13400609121,MLB,MLB,xgboost
MLB,Zac Gallen,2021,1670875,1265234.25,164544418060.5625,MLB,MLB,xgboost
MLB,Zac Gallen,2021,745600,1265234.25,270019753773.0625,MLB,MLB,xgboost
MLB,Humberto Castellanos,2021,713700,681515.5625,1035838017.1914062,MLB,MLB,xgboost
MLB,Corbin Martin,2021,705100,735456.6875,921528475.97265625,MLB,MLB,xgboost
MLB,Dallas Keuchel,2021,700000,831471.4375,17284738878.316406,MLB,MLB,xgboost
MLB,Tyler Gilbert,2021,700000,763405,4020194025,MLB,MLB,xgboost
MLB,Taylor Widener,2021,700000,769282.25,4800030165.0625,MLB,MLB,xgboost
MLB,Sean Manaea,2021,9750000,10602579,726890951241,MLB,MLB,xgboost
MLB,Chris Bassitt,2021,8800000,10079156,1636240072336,MLB,MLB,xgboost
MLB,Frankie Montas,2021,5025000,5588832.5,317907088056.25,MLB,MLB,xgboost
MLB,Paul Blackburn,2021,710000,1042228.5625,110375817740.8164,MLB,MLB,xgboost
MLB,James Kaprielian,2021,705000,944959.8125,57580711615.03516,MLB,MLB,xgboost
MLB,Cole Irvin,2021,705000,837036.125,17433538305.015625,MLB,MLB,xgboost
MLB,Cole Irvin,2021,201978,837036.125,403298822128.5156,MLB,MLB,xgboost
MLB,Charlie Morton,2021,20000000,20207186,42926038596,MLB,MLB,xgboost
MLB,Max Fried,2021,6850000,6695654.5,23822533370.25,MLB,MLB,xgboost
MLB,Huascar Ynoa,2021,720000,634251.5625,7352794533.691406,MLB,MLB,xgboost
MLB,Kyle Wright,2021,720000,760346.25,1627819889.0625,MLB,MLB,xgboost
MLB,Tucker Davidson,2021,710000,690730.875,371299178.265625,MLB,MLB,xgboost
MLB,Ian Anderson,2021,710000,641526.875,4688568847.265625,MLB,MLB,xgboost
MLB,Touki Toussaint,2021,700000,726431.75,698637408.0625,MLB,MLB,xgboost
MLB,Kyle Muller,2021,700000,873595.0625,30135245724.378906,MLB,MLB,xgboost
MLB,Kyle Wright,2021,477143,760346.25,80204080810.5625,MLB,MLB,xgboost
MLB,Jordan Lyles,2021,7000000,6715093,81171998649,MLB,MLB,xgboost
MLB,John Means,2021,2962500,3348679.25,149134413130.5625,MLB,MLB,xgboost
MLB,Jorge López,2021,1500000,1490101.875,97972878.515625,MLB,MLB,xgboost
MLB,Matt Harvey,2021,1000000,1355969.125,126714017953.26562,MLB,MLB,xgboost
MLB,Keegan Akin,2021,709500,921158.75,44799426451.5625,MLB,MLB,xgboost
MLB,Bruce Zimmermann,2021,705500,943687.625,56733344703.140625,MLB,MLB,xgboost
MLB,Dean Kremer,2021,705500,412340.375,85942565730.140625,MLB,MLB,xgboost
MLB,Chris Ellis,2021,700000,875713.3125,30875168189.722656,MLB,MLB,xgboost
MLB,Zac Lowther,2021,700000,785657.5,7337207306.25,MLB,MLB,xgboost
MLB,Spenser Watkins,2021,700000,1262166.25,316030892639.0625,MLB,MLB,xgboost
MLB,Dean Kremer,2021,280627,412340.375,17348413153.890625,MLB,MLB,xgboost
MLB,James Paxton,2021,10000000,9897675,10470405625,MLB,MLB,xgboost
MLB,Michael Wacha,2021,7000000,4745966.5,5080667019122.25,MLB,MLB,xgboost
MLB,Rich Hill,2021,5000000,5153441,23544140481,MLB,MLB,xgboost
MLB,Nick Pivetta,2021,2650000,2456620.75,37395534330.5625,MLB,MLB,xgboost
MLB,Tanner Houck,2021,716000,896982.3125,32754597437.847656,MLB,MLB,xgboost
MLB,Kutter Crawford,2021,702000,615940.6875,7406205267.972656,MLB,MLB,xgboost
MLB,Connor Seabold,2021,700000,697521.5,6142962.25,MLB,MLB,xgboost
MLB,Marcus Stroman,2021,23666667,23271518,156142732201,MLB,MLB,xgboost
MLB,Drew Smyly,2021,5250000,5543972,86419536784,MLB,MLB,xgboost
MLB,Steven Brault,2021,1500000,1353806.5,21372539442.25,MLB,MLB,xgboost
MLB,Alec Mills,2021,741250,1444799.625,494982074837.6406,MLB,MLB,xgboost
MLB,Adbert Alzolay,2021,718250,725545.5625,53225232.19140625,MLB,MLB,xgboost
MLB,Adrian Sampson,2021,700000,623234.3125,5892970777.347656,MLB,MLB,xgboost
MLB,Lance Lynn,2021,19000000,18316382,467333569924,MLB,MLB,xgboost
MLB,Lucas Giolito,2021,7450000,6916357,284774851449,MLB,MLB,xgboost
MLB,Johnny Cueto,2021,4200000,4665315.5,216518514540.25,MLB,MLB,xgboost
MLB,Vince Velasquez,2021,3000000,2850942,22218287364,MLB,MLB,xgboost
MLB,Dylan Cease,2021,2457426,1788896,446932360900,MLB,MLB,xgboost
MLB,Dylan Cease,2021,750000,1788896,1079304898816,MLB,MLB,xgboost
MLB,Jimmy Lambert,2021,700000,728437.25,808677187.5625,MLB,MLB,xgboost
MLB,Luis Castillo,2021,7350000,3997186.5,11241358365782.25,MLB,MLB,xgboost
MLB,Tyler Mahle,2021,5200000,4682806.5,267489116442.25,MLB,MLB,xgboost
MLB,Justin Dunn,2021,720000,1032175.8125,97453737910.03516,MLB,MLB,xgboost
MLB,Vladimir Gutierrez,2021,707500,928865.4375,49002656919.56641,MLB,MLB,xgboost
MLB,Chase Anderson,2021,700000,769099.5625,4774749537.691406,MLB,MLB,xgboost
MLB,T.J. Zeuch,2021,700000,765657.75,4310940135.0625,MLB,MLB,xgboost
MLB,Riley O'Brien,2021,700000,639667.1875,3640048264.1601562,MLB,MLB,xgboost
MLB,Reiver Sanmartin,2021,700000,878010,31687560100,MLB,MLB,xgboost
MLB,Shane Bieber,2021,6000000,6043809.5,1919272290.25,MLB,MLB,xgboost
MLB,Cal Quantrill,2021,2510000,2635024.5,15631125600.25,MLB,MLB,xgboost
MLB,Zach Plesac,2021,2000000,1657237,117486474169,MLB,MLB,xgboost
MLB,Aaron Civale,2021,716900,443300.375,74856754800.140625,MLB,MLB,xgboost
MLB,Triston McKenzie,2021,707100,668941.5625,1456066352.4414062,MLB,MLB,xgboost
MLB,Eli Morgan,2021,702100,554883.4375,21672716274.316406,MLB,MLB,xgboost
MLB,Logan Allen,2021,701700,702410.6875,505076.72265625,MLB,MLB,xgboost
MLB,Triston McKenzie,2021,531152,668941.5625,18985963533.941406,MLB,MLB,xgboost
MLB,Kyle Freeland,2021,12900000,10294890,6786598112100,MLB,MLB,xgboost
MLB,Antonio Senzatela,2021,10100000,9537183,316762975489,MLB,MLB,xgboost
MLB,Chad Kuhl,2021,3000000,3025407,645515649,MLB,MLB,xgboost
MLB,Peter Lambert,2021,762500,599930.1875,26428943936.285156,MLB,MLB,xgboost
MLB,Austin Gomber,2021,710000,2316918,2582185458724,MLB,MLB,xgboost
MLB,José Ureña,2021,700000,1213628,263813722384,MLB,MLB,xgboost
MLB,Ryan Feltner,2021,700000,481005.28125,47958686840.3916,MLB,MLB,xgboost
MLB,Eduardo Rodríguez,2021,15400000,15804175,163357430625,MLB,MLB,xgboost
MLB,Michael Pineda,2021,5500000,5703853,41556045609,MLB,MLB,xgboost
MLB,Spencer Turnbull,2021,1825000,1678531.125,21453131343.765625,MLB,MLB,xgboost
MLB,Wily Peralta,2021,2500000,2401375.25,9726841312.5625,MLB,MLB,xgboost
MLB,Casey Mize,2021,714200,803315,7941483225,MLB,MLB,xgboost
MLB,Tarik Skubal,2021,713600,533118.8125,32573459041.410156,MLB,MLB,xgboost
MLB,Matt Manning,2021,705300,843454.875,19086769486.265625,MLB,MLB,xgboost
MLB,Luis Castillo,2021,700000,3997186.5,10871438815782.25,MLB,MLB,xgboost
MLB,Tarik Skubal,2021,293739,533118.8125,57302694632.53516,MLB,MLB,xgboost
MLB,Framber Valdez,2021,3000000,3600611.5,360734173932.25,MLB,MLB,xgboost
MLB,José Urquidy,2021,748700,1061636.375,97929174798.140625,MLB,MLB,xgboost
MLB,Zack Greinke,2021,13000000,13064811,4200465721,MLB,MLB,xgboost
MLB,Brad Keller,2021,4825000,3775275,1101922575625,MLB,MLB,xgboost
MLB,Brady Singer,2021,726250,654090.75,5206957360.5625,MLB,MLB,xgboost
MLB,Kris Bubic,2021,713750,754352.625,1648573156.890625,MLB,MLB,xgboost
MLB,Jackson Kowar,2021,702000,608819.9375,8682524047.503906,MLB,MLB,xgboost
MLB,Ángel Zerpa,2021,700000,725168.5625,633456538.31640625,MLB,MLB,xgboost
MLB,Brady Singer,2021,421437,654090.75,54127767389.0625,MLB,MLB,xgboost
MLB,Noah Syndergaard,2021,21000000,20466928,284165757184,MLB,MLB,xgboost
MLB,Griffin Canning,2021,730000,961628.25,53651646198.0625,MLB,MLB,xgboost
MLB,Jaime Barria,2021,730000,849072.9375,14178364444.878906,MLB,MLB,xgboost
MLB,José Suarez,2021,720000,670714.9375,2429017385.6289062,MLB,MLB,xgboost
MLB,Patrick Sandoval,2021,720000,695476.875,601383659.765625,MLB,MLB,xgboost
MLB,Reid Detmers,2021,710000,437227.5625,74404802659.6914,MLB,MLB,xgboost
MLB,Cooper Criswell,2021,710000,736253.6875,689256107.34765625,MLB,MLB,xgboost
MLB,Jhonathan Díaz,2021,700000,573478,16007816484,MLB,MLB,xgboost
MLB,Janson Junk,2021,700000,680113.625,395467910.640625,MLB,MLB,xgboost
MLB,Patrick Sandoval,2021,432834,695476.875,68981279788.265625,MLB,MLB,xgboost
MLB,Reid Detmers,2021,284691,437227.5625,23267402899.316406,MLB,MLB,xgboost
MLB,Clayton Kershaw,2021,17000000,17423694,179516605636,MLB,MLB,xgboost
MLB,Andrew Heaney,2021,8500000,8682077,33152033929,MLB,MLB,xgboost
MLB,Julio Urías,2021,8000000,7843433,24513225489,MLB,MLB,xgboost
MLB,Tyler Anderson,2021,8000000,7372719,393481452961,MLB,MLB,xgboost
MLB,Danny Duffy,2021,3000000,4028102.75,1056995264557.5625,MLB,MLB,xgboost
MLB,Dustin May,2021,730000,760109.5,906581990.25,MLB,MLB,xgboost
MLB,Tony Gonsolin,2021,720000,807303.6875,7621933851.097656,MLB,MLB,xgboost
MLB,Tony Gonsolin,2021,529938,807303.6875,76931724602.34766,MLB,MLB,xgboost
MLB,Sandy Alcantara,2021,11200000,10868375,109975140625,MLB,MLB,xgboost
MLB,Pablo López,2021,2450000,2202584.5,61214429640.25,MLB,MLB,xgboost
MLB,Elieser Hernández,2021,1325000,1191359.875,17859683010.015625,MLB,MLB,xgboost
MLB,Trevor Rogers,2021,722000,902995.1875,32759257898.160156,MLB,MLB,xgboost
MLB,Jesús Luzardo,2021,715000,430340.84375,81030835236.96191,MLB,MLB,xgboost
MLB,Zach Thompson,2021,705000,913241.875,43364678503.515625,MLB,MLB,xgboost
MLB,Daniel Castano,2021,705000,1089442.75,147796228027.5625,MLB,MLB,xgboost
MLB,Cody Poteet,2021,704000,1267857.5,317935280306.25,MLB,MLB,xgboost
MLB,Edward Cabrera,2021,700000,735427.125,1255081185.765625,MLB,MLB,xgboost
MLB,Braxton Garrett,2021,700000,608227.5625,8422180284.691406,MLB,MLB,xgboost
MLB,Nick Neidert,2021,700000,754532.6875,2973814005.9726562,MLB,MLB,xgboost
MLB,Jesús Luzardo,2021,288794,430340.84375,20035508975.586914,MLB,MLB,xgboost
MLB,Brandon Woodruff,2021,6800000,7566218,587090023524,MLB,MLB,xgboost
MLB,Corbin Burnes,2021,6500000,6398768,10247917824,MLB,MLB,xgboost
MLB,Eric Lauer,2021,2425000,2077876.75,120494550690.5625,MLB,MLB,xgboost
MLB,Adrian Houser,2021,2425000,1787798,406026388804,MLB,MLB,xgboost
MLB,José Ureña,2021,1250000,1213628,1322922384,MLB,MLB,xgboost
MLB,Dylan Bundy,2021,5000000,4373206,392870718436,MLB,MLB,xgboost
MLB,Chris Archer,2021,3500000,4208338,501742722244,MLB,MLB,xgboost
MLB,Bailey Ober,2021,706200,901592.1875,38178106936.03516,MLB,MLB,xgboost
MLB,Joe Ryan,2021,701650,530890.0625,29158956255.003906,MLB,MLB,xgboost
MLB,Chi Chi González,2021,700000,1120299.375,176651564625.39062,MLB,MLB,xgboost
MLB,Aaron Sanchez,2021,700000,1360951.25,436856554876.5625,MLB,MLB,xgboost
MLB,Griffin Jax,2021,700000,615384.1875,7159835725.035156,MLB,MLB,xgboost
MLB,Joe Ryan,2021,265573,530890.0625,70393143653.6289,MLB,MLB,xgboost
MLB,Max Scherzer,2021,43333333,43537496,41682530569,MLB,MLB,xgboost
MLB,Trevor Williams,2021,3900000,3200075,489895005625,MLB,MLB,xgboost
MLB,Joey Lucchesi,2021,1150000,2072501.875,851009709378.5156,MLB,MLB,xgboost
MLB,Tylor Megill,2021,707500,545346.75,26293676485.5625,MLB,MLB,xgboost
MLB,David Peterson,2021,700000,788077.0625,7757568938.628906,MLB,MLB,xgboost
MLB,Jordan Montgomery,2021,6000000,6133718,17880503524,MLB,MLB,xgboost
MLB,Jameson Taillon,2021,5800000,6355213,308261475369,MLB,MLB,xgboost
MLB,Domingo Germán,2021,1750000,2747970.5,995945118870.25,MLB,MLB,xgboost
MLB,Nestor Cortes,2021,727500,813172.8125,7339830801.660156,MLB,MLB,xgboost
MLB,Clarke Schmidt,2021,712500,531054.25,32922560193.0625,MLB,MLB,xgboost
MLB,Chi Chi González,2021,700000,1120299.375,176651564625.39062,MLB,MLB,xgboost
MLB,Deivi García,2021,700000,586229.625,12943698227.640625,MLB,MLB,xgboost
MLB,Luis Gil,2021,700000,701915.5,3669140.25,MLB,MLB,xgboost
MLB,Nestor Cortes,2021,597831,813172.8125,46372096210.78516,MLB,MLB,xgboost
MLB,Zach Eflin,2021,5700000,5010361,475601950321,MLB,MLB,xgboost
MLB,Hans Crouse,2021,700000,718174.9375,330328353.12890625,MLB,MLB,xgboost
MLB,Jerad Eickhoff,2021,1000000,882806.0625,13734418986.753906,MLB,MLB,xgboost
MLB,JT Brubaker,2021,725000,920848.9375,38356806319.87891,MLB,MLB,xgboost
MLB,Mitch Keller,2021,725000,696924.3125,788244228.59765625,MLB,MLB,xgboost
MLB,Bryse Wilson,2021,715000,636611.9375,6144688342.503906,MLB,MLB,xgboost
MLB,Dillon Peters,2021,715000,1449567.125,539588861130.7656,MLB,MLB,xgboost
MLB,Wil Crowe,2021,715000,863438.625,22034025391.890625,MLB,MLB,xgboost
MLB,Miguel Yajure,2021,705000,624385.25,6498737917.5625,MLB,MLB,xgboost
MLB,Max Kranick,2021,705000,571133.375,17920273288.890625,MLB,MLB,xgboost
MLB,Chase De Jong,2021,700000,1138518.875,192298803731.26562,MLB,MLB,xgboost
MLB,Roansy Contreras,2021,700000,681555.4375,340201885.81640625,MLB,MLB,xgboost
MLB,Mitch Keller,2021,252104,696924.3125,197865110412.59766,MLB,MLB,xgboost
MLB,Joe Musgrove,2021,8625000,8725389,10077951321,MLB,MLB,xgboost
MLB,Chris Paddack,2021,2250000,1749838.125,250161901203.51562,MLB,MLB,xgboost
MLB,Adrián Morejón,2021,704500,695630.4375,78669138.94140625,MLB,MLB,xgboost
MLB,Ryan Weathers,2021,700000,568717.9375,17234979934.253906,MLB,MLB,xgboost
MLB,Robbie Ray,2021,23000000,22599526,160379424676,MLB,MLB,xgboost
MLB,Justus Sheffield,2021,760800,760620.125,32355.015625,MLB,MLB,xgboost
MLB,Logan Gilbert,2021,712300,604840.0625,11547638167.503906,MLB,MLB,xgboost
MLB,Carlos Rodón,2021,22000000,21951690,2333856100,MLB,MLB,xgboost
MLB,Anthony DeSclafani,2021,12000000,12490971,241052522841,MLB,MLB,xgboost
MLB,Alex Wood,2021,12500000,12551952,2699010304,MLB,MLB,xgboost
MLB,Alex Cobb,2021,10000000,10185548,34428060304,MLB,MLB,xgboost
MLB,Matthew Boyd,2021,5200000,5239101,1528888201,MLB,MLB,xgboost
MLB,Logan Webb,2021,730000,749415.375,376956786.390625,MLB,MLB,xgboost
MLB,Logan Webb,2021,572075,749415.375,31449608605.140625,MLB,MLB,xgboost
MLB,Steven Matz,2021,11000000,11384431,147787193761,MLB,MLB,xgboost
MLB,Adam Wainwright,2021,17500000,17519888,395532544,MLB,MLB,xgboost
MLB,Jack Flaherty,2021,5000000,4291715,501667641225,MLB,MLB,xgboost
MLB,Dakota Hudson,2021,1050000,1067749.375,315040312.890625,MLB,MLB,xgboost
MLB,Packy Naughton,2021,700000,539209.3125,25853645186.722656,MLB,MLB,xgboost
MLB,Johan Oviedo,2021,700000,470216.4375,52800485595.19141,MLB,MLB,xgboost
MLB,Corey Kluber,2021,8000000,8254055.5,64544197080.25,MLB,MLB,xgboost
MLB,Tyler Glasnow,2021,5100000,5443323,117870682329,MLB,MLB,xgboost
MLB,Ryan Yarbrough,2021,3850000,3976032.25,15884128040.0625,MLB,MLB,xgboost
MLB,Shane McClanahan,2021,711400,843404.0625,17425072516.503906,MLB,MLB,xgboost
MLB,Luis Patiño,2021,707400,256310.046875,203482145810.3147,MLB,MLB,xgboost
MLB,Shane Baz,2021,701100,819500,14018560000,MLB,MLB,xgboost
MLB,Shane McClanahan,2021,563144,843404.0625,78545702632.5039,MLB,MLB,xgboost
MLB,Jon Gray,2021,14000000,12339713,2756552922369,MLB,MLB,xgboost
MLB,Garrett Richards,2021,5500000,5829895.5,108831040920.25,MLB,MLB,xgboost
MLB,Martín Pérez,2021,4000000,4011876,141039376,MLB,MLB,xgboost
MLB,Matt Moore,2021,2500000,1636035.75,746434225278.0625,MLB,MLB,xgboost
MLB,Kolby Allard,2021,720000,482331.5,56486315892.25,MLB,MLB,xgboost
MLB,Spencer Howard,2021,714000,581806.5,17475121442.25,MLB,MLB,xgboost
MLB,Dane Dunning,2021,714000,1275001.25,314722402501.5625,MLB,MLB,xgboost
MLB,Dallas Keuchel,2021,700000,831471.4375,17284738878.316406,MLB,MLB,xgboost
MLB,A.J. Alexy,2021,700000,650197,2480338809,MLB,MLB,xgboost
MLB,Glenn Otto,2021,700000,949634.6875,62317477203.22266,MLB,MLB,xgboost
MLB,José Berríos,2021,18714286,18207540,256791508516,MLB,MLB,xgboost
MLB,Kevin Gausman,2021,22000000,22243268,59179319824,MLB,MLB,xgboost
MLB,Yusei Kikuchi,2021,12000000,11876490,15254720100,MLB,MLB,xgboost
MLB,Ross Stripling,2021,3790000,2930420,738877776400,MLB,MLB,xgboost
MLB,Alek Manoah,2021,2191023,1425047.5,586718466600.25,MLB,MLB,xgboost
MLB,Alek Manoah,2021,730000,1425047.5,483091027256.25,MLB,MLB,xgboost
MLB,Thomas Hatch,2021,715800,646609.625,4787307992.640625,MLB,MLB,xgboost
MLB,Joe Ross,2021,2400000,2841188.5,194647292532.25,MLB,MLB,xgboost
MLB,Erick Fedde,2021,2150000,2213114.5,3983440110.25,MLB,MLB,xgboost
MLB,Aaron Sanchez,2021,2000000,1360951.25,408383304876.5625,MLB,MLB,xgboost
MLB,Paolo Espino,2021,716200,505695.21875,44312262929.11035,MLB,MLB,xgboost
MLB,Josiah Gray,2021,703500,648704.375,3002560519.140625,MLB,MLB,xgboost
MLB,Joan Adon,2021,700200,831590.9375,17263578457.128906,MLB,MLB,xgboost
MLB,Josh Rogers,2021,700000,897998.9375,39203579251.12891,MLB,MLB,xgboost
MLB,Merrill Kelly,2022,9000000,9358283,128366708089,MLB,MLB,xgboost
MLB,Zac Gallen,2022,5600000,5163818.5,190254300942.25,MLB,MLB,xgboost
MLB,Zach Davies,2022,5000000,4905827.5,8868459756.25,MLB,MLB,xgboost
MLB,Drey Jameson,2022,723600,659868.4375,4061712058.6914062,MLB,MLB,xgboost
MLB,Ryne Nelson,2022,722700,989268.4375,71058731871.1914,MLB,MLB,xgboost
MLB,Tyler Gilbert,2022,720000,696598.9375,547609726.12890625,MLB,MLB,xgboost
MLB,Tommy Henry,2022,720000,701317.6875,349028800.34765625,MLB,MLB,xgboost
MLB,Paul Blackburn,2022,1900000,3378207,2185095934849,MLB,MLB,xgboost
MLB,Cole Irvin,2022,737600,1387553.25,422439227185.5625,MLB,MLB,xgboost
MLB,James Kaprielian,2022,730000,1853343.25,1261900057320.5625,MLB,MLB,xgboost
MLB,Kyle Muller,2022,720000,616751.5625,10660239846.191406,MLB,MLB,xgboost
MLB,Adam Oller,2022,720000,892590.1875,29787372821.285156,MLB,MLB,xgboost
MLB,Adrián Martínez,2022,720000,912322.125,36987799764.515625,MLB,MLB,xgboost
MLB,JP Sears,2022,720000,1462774.125,551713400769.5156,MLB,MLB,xgboost
MLB,Ken Waldichuk,2022,720000,673667.75,2146677390.0625,MLB,MLB,xgboost
MLB,Spencer Strider,2022,12500000,7040873,29802067602129,MLB,MLB,xgboost
MLB,Charlie Morton,2022,20000000,20078220,6118368400,MLB,MLB,xgboost
MLB,Max Fried,2022,13500000,13266941,54316497481,MLB,MLB,xgboost
MLB,Spencer Strider,2022,1692833,7040873,28601531841600,MLB,MLB,xgboost
MLB,Kyle Wright,2022,750000,1175999.25,181475361000.5625,MLB,MLB,xgboost
MLB,Huascar Ynoa,2022,750000,818337.375,4669996821.890625,MLB,MLB,xgboost
MLB,Bryce Elder,2022,720000,566128.375,23676476980.140625,MLB,MLB,xgboost
MLB,Dane Dunning,2022,446638,888948.5,195638578410.25,MLB,MLB,xgboost
MLB,Bryce Elder,2022,392639,566128.375,30098563237.890625,MLB,MLB,xgboost
MLB,Kyle Gibson,2022,10000000,9318872,463935352384,MLB,MLB,xgboost
MLB,Kyle Bradish,2022,1666786,1099510.125,321801918357.0156,MLB,MLB,xgboost
MLB,Tyler Wells,2022,732400,1523263.375,625464877916.3906,MLB,MLB,xgboost
MLB,Dean Kremer,2022,731200,1081007,122364937249,MLB,MLB,xgboost
MLB,Kyle Bradish,2022,728100,1099510.125,137945480952.51562,MLB,MLB,xgboost
MLB,Bruce Zimmermann,2022,720000,862822.4375,20398248653.441406,MLB,MLB,xgboost
MLB,Spenser Watkins,2022,720000,934959.5,46207586640.25,MLB,MLB,xgboost
MLB,Dean Kremer,2022,276862,1081007,646649181025,MLB,MLB,xgboost
MLB,Corey Kluber,2022,10000000,10056417,3182877889,MLB,MLB,xgboost
MLB,Nick Pivetta,2022,5350000,6483038,1283775109444,MLB,MLB,xgboost
MLB,Kutter Crawford,2022,730000,348114.0625,145836869260.2539,MLB,MLB,xgboost
MLB,Brayan Bello,2022,729500,614141.5,13307583522.25,MLB,MLB,xgboost
MLB,Josh Winckowski,2022,722000,356430.28125,133641219266.9541,MLB,MLB,xgboost
MLB,Connor Seabold,2022,722000,647067.875,5614823357.015625,MLB,MLB,xgboost
MLB,Kutter Crawford,2022,343008,348114.0625,26071874.25390625,MLB,MLB,xgboost
MLB,Brayan Bello,2022,334768,614141.5,78049552502.25,MLB,MLB,xgboost
MLB,Jameson Taillon,2022,17000000,16833864,27601170496,MLB,MLB,xgboost
MLB,Drew Smyly,2022,9500000,9321614,31821564996,MLB,MLB,xgboost
MLB,Adrian Sampson,2022,1900000,1768318.875,17339918681.265625,MLB,MLB,xgboost
MLB,Justin Steele,2022,1673331,1481858.125,36661861860.765625,MLB,MLB,xgboost
MLB,Keegan Thompson,2022,740000,777082.75,1375130347.5625,MLB,MLB,xgboost
MLB,Justin Steele,2022,740000,1481858.125,550353477628.5156,MLB,MLB,xgboost
MLB,Javier Assad,2022,721500,795523.0625,5479413781.878906,MLB,MLB,xgboost
MLB,Hayden Wesneski,2022,721500,483322.65625,56728447075.805664,MLB,MLB,xgboost
MLB,Caleb Kilian,2022,720000,576068.125,20716384641.015625,MLB,MLB,xgboost
MLB,Javier Assad,2022,261955,795523.0625,284694877320.0039,MLB,MLB,xgboost
MLB,Mike Clevinger,2022,12000000,10070209,3724093303681,MLB,MLB,xgboost
MLB,Lucas Giolito,2022,10400000,8485247,3666279051009,MLB,MLB,xgboost
MLB,Dylan Cease,2022,5700000,5833951.5,17943004352.25,MLB,MLB,xgboost
MLB,Michael Kopech,2022,2050000,1505816.375,296135817718.1406,MLB,MLB,xgboost
MLB,José Ureña,2022,720000,1493873.125,598879613597.2656,MLB,MLB,xgboost
MLB,Hunter Greene,2022,8833333,4749895,16674465899844,MLB,MLB,xgboost
MLB,Justin Dunn,2022,900000,863429.5625,1337396898.9414062,MLB,MLB,xgboost
MLB,Hunter Greene,2022,730000,4749895,16159555811025,MLB,MLB,xgboost
MLB,Nick Lodolo,2022,730000,879972.9375,22491881982.378906,MLB,MLB,xgboost
MLB,Connor Overton,2022,730000,365989.0625,132503962619.6289,MLB,MLB,xgboost
MLB,Vladimir Gutierrez,2022,730000,763164.8125,1099904788.1601562,MLB,MLB,xgboost
MLB,Graham Ashcraft,2022,722500,1187369.375,216103535812.89062,MLB,MLB,xgboost
MLB,Chase Anderson,2022,720000,1039371.1875,101997955405.16016,MLB,MLB,xgboost
MLB,Shane Bieber,2022,10010000,9577324,187208520976,MLB,MLB,xgboost
MLB,Cal Quantrill,2022,5500000,5539690.5,1575335790.25,MLB,MLB,xgboost
MLB,Zach Plesac,2022,2950000,2172811.25,604022353126.5625,MLB,MLB,xgboost
MLB,Aaron Civale,2022,2600000,1721609,771570748881,MLB,MLB,xgboost
MLB,Triston McKenzie,2022,739500,558649.6875,32706835531.347656,MLB,MLB,xgboost
MLB,Cody Morris,2022,720200,753639.5625,1118204340.1914062,MLB,MLB,xgboost
MLB,Hunter Gaddis,2022,720100,642290.125,6054376647.515625,MLB,MLB,xgboost
MLB,Xzavion Curry,2022,720100,692138.75,781831501.5625,MLB,MLB,xgboost
MLB,Konnor Pilkington,2022,720000,625179.3125,8990962777.972656,MLB,MLB,xgboost
MLB,José Ureña,2022,3500000,1493873.125,4024545038597.2656,MLB,MLB,xgboost
MLB,Austin Gomber,2022,1650000,2164176.5,264377473152.25,MLB,MLB,xgboost
MLB,Ryan Feltner,2022,722000,670935.5625,2607576777.1914062,MLB,MLB,xgboost
MLB,Chris Flexen,2022,720000,947379.4375,51701408597.81641,MLB,MLB,xgboost
MLB,Michael Lorenzen,2022,8500000,8445378,2983562884,MLB,MLB,xgboost
MLB,Tyler Alexander,2022,1875000,1630878.625,59595245731.890625,MLB,MLB,xgboost
MLB,Rony García,2022,830000,486532.9375,117969623022.3789,MLB,MLB,xgboost
MLB,Tarik Skubal,2022,743700,974566.125,53299167672.515625,MLB,MLB,xgboost
MLB,Casey Mize,2022,734200,660198.375,5476240502.640625,MLB,MLB,xgboost
MLB,Matt Manning,2022,729200,572792.6875,24463247403.472656,MLB,MLB,xgboost
MLB,Beau Brieske,2022,724400,682541.0625,1752170648.6289062,MLB,MLB,xgboost
MLB,Joey Wentz,2022,723500,599488.5,15378852132.25,MLB,MLB,xgboost
MLB,Zach Logue,2022,720000,780297.9375,3635841266.7539062,MLB,MLB,xgboost
MLB,Alex Faedo,2022,720000,751044.4375,963757099.69140625,MLB,MLB,xgboost
MLB,Tarik Skubal,2022,408487,974566.125,320445575760.7656,MLB,MLB,xgboost
MLB,Cristian Javier,2022,12800000,12580803,48047324809,MLB,MLB,xgboost
MLB,Framber Valdez,2022,6800000,6750899,2410908201,MLB,MLB,xgboost
MLB,José Urquidy,2022,3025000,2918856.5,11266442592.25,MLB,MLB,xgboost
MLB,Jordan Lyles,2022,8500000,8146489,124970027121,MLB,MLB,xgboost
MLB,Zack Greinke,2022,8500000,8490780,85008400,MLB,MLB,xgboost
MLB,Brad Keller,2022,5775000,5312386,214011712996,MLB,MLB,xgboost
MLB,Brady Singer,2022,2950000,2613660.5,113124259260.25,MLB,MLB,xgboost
MLB,Kris Bubic,2022,2200000,2112353.75,7681865139.0625,MLB,MLB,xgboost
MLB,Ángel Zerpa,2022,721400,709789.75,134797905.0625,MLB,MLB,xgboost
MLB,Cole Ragans,2022,381333,811691.1875,185208169548.28516,MLB,MLB,xgboost
MLB,Tyler Anderson,2022,13000000,12886034,12988249156,MLB,MLB,xgboost
MLB,Patrick Sandoval,2022,2750000,2982926.75,54254870865.5625,MLB,MLB,xgboost
MLB,José Suarez,2022,750000,815053.4375,4231949730.5664062,MLB,MLB,xgboost
MLB,Tucker Davidson,2022,740000,889000.875,22201260750.765625,MLB,MLB,xgboost
MLB,Reid Detmers,2022,740000,514122.90625,51020461480.94629,MLB,MLB,xgboost
MLB,Jhonathan Díaz,2022,720000,613992,11237696064,MLB,MLB,xgboost
MLB,Chase Silseth,2022,720000,648953.625,5047587400.640625,MLB,MLB,xgboost
MLB,Reid Detmers,2022,274063,514122.90625,57628758588.75879,MLB,MLB,xgboost
MLB,Clayton Kershaw,2022,20000000,20140656,19784110336,MLB,MLB,xgboost
MLB,Julio Urías,2022,14250000,13817487,187067495169,MLB,MLB,xgboost
MLB,Noah Syndergaard,2022,13000000,10887393,4463108336449,MLB,MLB,xgboost
MLB,Walker Buehler,2022,8025000,7664278.5,130120000562.25,MLB,MLB,xgboost
MLB,Tony Gonsolin,2022,3325000,3550258,50741166564,MLB,MLB,xgboost
MLB,Dustin May,2022,1675000,964344.625,505031062016.3906,MLB,MLB,xgboost
MLB,Michael Grove,2022,722500,681714.9375,1663421323.1289062,MLB,MLB,xgboost
MLB,Ryan Pepiot,2022,722500,813478.5,8277087462.25,MLB,MLB,xgboost
MLB,Johnny Cueto,2022,8500000,8832083,110279118889,MLB,MLB,xgboost
MLB,Pablo López,2022,5450000,4849173,360993083929,MLB,MLB,xgboost
MLB,Jesús Luzardo,2022,2450000,1842671.875,368847451416.0156,MLB,MLB,xgboost
MLB,Devin Smeltzer,2022,1000000,552647.625,200124147418.14062,MLB,MLB,xgboost
MLB,Trevor Rogers,2022,752000,667964.875,7061902233.765625,MLB,MLB,xgboost
MLB,Braxton Garrett,2022,732000,623112.625,11856460434.390625,MLB,MLB,xgboost
MLB,Edward Cabrera,2022,731000,805048.4375,5483171096.191406,MLB,MLB,xgboost
MLB,Max Meyer,2022,721500,467408.9375,64562268042.37891,MLB,MLB,xgboost
MLB,Chi Chi González,2022,720000,1128814.375,167129193206.64062,MLB,MLB,xgboost
MLB,Daniel Castano,2022,720000,1098455.75,143228754708.0625,MLB,MLB,xgboost
MLB,Braxton Garrett,2022,466898,623112.625,24403009063.890625,MLB,MLB,xgboost
MLB,Aaron Ashby,2022,4100000,3341996,574570064016,MLB,MLB,xgboost
MLB,Brandon Woodruff,2022,10800000,11056398,65739934404,MLB,MLB,xgboost
MLB,Corbin Burnes,2022,10010000,10183954,30259994116,MLB,MLB,xgboost
MLB,Eric Lauer,2022,5075000,4334375.5,548524650000.25,MLB,MLB,xgboost
MLB,Wade Miley,2022,4500000,4344987.5,24028875156.25,MLB,MLB,xgboost
MLB,Adrian Houser,2022,3600000,2882004.5,515517538020.25,MLB,MLB,xgboost
MLB,Bryse Wilson,2022,732600,766658.375,1159972907.640625,MLB,MLB,xgboost
MLB,Jason Alexander,2022,732500,1241452.5,259032647256.25,MLB,MLB,xgboost
MLB,Janson Junk,2022,720000,861953.9375,20150920371.753906,MLB,MLB,xgboost
MLB,Ethan Small,2022,720000,623110.25,9387623655.0625,MLB,MLB,xgboost
MLB,Chris Paddack,2022,4175000,2996170.5,1389638990070.25,MLB,MLB,xgboost
MLB,Tyler Mahle,2022,7500000,5611844,3565133080336,MLB,MLB,xgboost
MLB,Chris Paddack,2022,2400000,2996170.5,355419265070.25,MLB,MLB,xgboost
MLB,Joe Ryan,2022,730250,584238.8125,21319266875.160156,MLB,MLB,xgboost
MLB,Josh Winder,2022,725650,688792.8125,1358452270.4101562,MLB,MLB,xgboost
MLB,Dallas Keuchel,2022,720000,727741.875,59936628.515625,MLB,MLB,xgboost
MLB,Bailey Ober,2022,720000,1589263.625,755619249748.1406,MLB,MLB,xgboost
MLB,Bailey Ober,2022,432752,1589263.625,1337519138760.1406,MLB,MLB,xgboost
MLB,Joe Ryan,2022,341931,584238.8125,58713075998.53516,MLB,MLB,xgboost
MLB,Justin Verlander,2022,43333333,43286972,2149342321,MLB,MLB,xgboost
MLB,Jose Quintana,2022,13000000,12578255,177868845025,MLB,MLB,xgboost
MLB,Elieser Hernández,2022,1600000,1410627.25,35862038442.5625,MLB,MLB,xgboost
MLB,Tylor Megill,2022,750000,632822.0625,13730669036.753906,MLB,MLB,xgboost
MLB,David Peterson,2022,750000,819962.0625,4894690189.253906,MLB,MLB,xgboost
MLB,José Buttó,2022,720000,655391.125,4174306728.765625,MLB,MLB,xgboost
MLB,Carlos Rodón,2022,27000000,26739488,67866502144,MLB,MLB,xgboost
MLB,Frankie Montas,2022,7500000,7589872,8076976384,MLB,MLB,xgboost
MLB,Nestor Cortes,2022,3200000,3065534.5,18080970690.25,MLB,MLB,xgboost
MLB,Domingo Germán,2022,2600000,2387878.75,44995424701.5625,MLB,MLB,xgboost
MLB,Luis Gil,2022,723400,906714.625,33604251738.890625,MLB,MLB,xgboost
MLB,Taijuan Walker,2022,18000000,17688542,97006085764,MLB,MLB,xgboost
MLB,Ranger Suárez,2022,2950000,3284040.5,111583055640.25,MLB,MLB,xgboost
MLB,Bailey Falter,2022,733000,380933.3125,123950952447.22266,MLB,MLB,xgboost
MLB,Rich Hill,2022,8000000,8197751.5,39105655752.25,MLB,MLB,xgboost
MLB,Mitch Keller,2022,2437500,2484644.25,2222580308.0625,MLB,MLB,xgboost
MLB,JT Brubaker,2022,2275000,3061414.5,618447765810.25,MLB,MLB,xgboost
MLB,Roansy Contreras,2022,725000,605008.5625,14397945073.316406,MLB,MLB,xgboost
MLB,Yu Darvish,2022,18000000,18027706,767622436,MLB,MLB,xgboost
MLB,Joe Musgrove,2022,20000000,20233526,54534392676,MLB,MLB,xgboost
MLB,Michael Wacha,2022,6500000,7195757,484077803049,MLB,MLB,xgboost
MLB,Ryan Weathers,2022,727600,589967,18942842689,MLB,MLB,xgboost
MLB,Luis Castillo,2022,21600000,20675004,855617600016,MLB,MLB,xgboost
MLB,Logan Gilbert,2022,767300,1081692.625,98842722654.390625,MLB,MLB,xgboost
MLB,George Kirby,2022,758300,536947.8125,48996790911.03516,MLB,MLB,xgboost
MLB,George Kirby,2022,613007,536947.8125,5785000003.160156,MLB,MLB,xgboost
MLB,Logan Gilbert,2022,468999,1081692.625,375393478115.6406,MLB,MLB,xgboost
MLB,Ross Stripling,2022,12500000,12321278,31941553284,MLB,MLB,xgboost
MLB,Sean Manaea,2022,12500000,12204419,87368127561,MLB,MLB,xgboost
MLB,Logan Webb,2022,4600000,4499865.5,10026918090.25,MLB,MLB,xgboost
MLB,Miles Mikolas,2022,18583333,18580808,6375625,MLB,MLB,xgboost
MLB,Adam Wainwright,2022,17500000,17416120,7035854400,MLB,MLB,xgboost
MLB,Jordan Montgomery,2022,10000000,10364116,132580461456,MLB,MLB,xgboost
MLB,Jack Flaherty,2022,5400000,3525095,3515268759025,MLB,MLB,xgboost
MLB,Dakota Hudson,2022,2650000,2640094.25,98123883.0625,MLB,MLB,xgboost
MLB,Matthew Liberatore,2022,720000,618257.9375,10351447281.753906,MLB,MLB,xgboost
MLB,Zach Eflin,2022,13333333,12545946,619978287769,MLB,MLB,xgboost
MLB,Jeffrey Springs,2022,7750000,7620431.5,16787996192.25,MLB,MLB,xgboost
MLB,Tyler Glasnow,2022,15175000,14888700,81967690000,MLB,MLB,xgboost
MLB,Yonny Chirinos,2022,1275000,1872006,356416164036,MLB,MLB,xgboost
MLB,Drew Rasmussen,2022,739700,1009466.6875,72774065684.72266,MLB,MLB,xgboost
MLB,Shane McClanahan,2022,737000,695314.6875,1737665278.2226562,MLB,MLB,xgboost
MLB,Shane Baz,2022,723600,651565.4375,5188978194.566406,MLB,MLB,xgboost
MLB,Elvin Rodríguez,2022,720000,694851.875,632428191.015625,MLB,MLB,xgboost
MLB,Luis Patiño,2022,720000,477188.375,58957485235.140625,MLB,MLB,xgboost
MLB,Cooper Criswell,2022,720000,717247.3125,7577288.47265625,MLB,MLB,xgboost
MLB,Shane McClanahan,2022,349912,695314.6875,119303016532.22266,MLB,MLB,xgboost
MLB,Jacob deGrom,2022,37000000,37137400,18878760000,MLB,MLB,xgboost
MLB,Nathan Eovaldi,2022,17000000,16609645,152377026025,MLB,MLB,xgboost
MLB,Andrew Heaney,2022,12500000,12363080,18747086400,MLB,MLB,xgboost
MLB,Martín Pérez,2022,19650000,19770600,14544360000,MLB,MLB,xgboost
MLB,Dane Dunning,2022,742840,888948.5,21347693772.25,MLB,MLB,xgboost
MLB,Glenn Otto,2022,736340,1079508.375,117764533600.14062,MLB,MLB,xgboost
MLB,Spencer Howard,2022,733455,684754.875,2371702175.015625,MLB,MLB,xgboost
MLB,Cole Ragans,2022,724145,811691.1875,7664334945.785156,MLB,MLB,xgboost
MLB,Tyson Miller,2022,720000,826646.0625,11373382646.753906,MLB,MLB,xgboost
MLB,Chris Bassitt,2022,21000000,20324738,455978768644,MLB,MLB,xgboost
MLB,Alek Manoah,2022,745660,723768.125,479254191.015625,MLB,MLB,xgboost
MLB,Mitch White,2022,743000,1485644.75,551521224702.5625,MLB,MLB,xgboost
MLB,Thomas Hatch,2022,720000,729217.5625,84963458.44140625,MLB,MLB,xgboost
MLB,Chad Kuhl,2022,2000000,2133668.25,17867201058.0625,MLB,MLB,xgboost
MLB,Josiah Gray,2022,730000,660312.25,4856382500.0625,MLB,MLB,xgboost
MLB,MacKenzie Gore,2022,723300,247380.46875,226499400225.21973,MLB,MLB,xgboost
MLB,Cade Cavalli,2022,720200,662119.75,3373315440.0625,MLB,MLB,xgboost
MLB,Joan Adon,2022,720000,743039.0625,530798400.87890625,MLB,MLB,xgboost
MLB,Cory Abbott,2022,720000,985175.9375,70318277829.0039,MLB,MLB,xgboost
MLB,Josiah Gray,2022,311171,660312.25,121899612451.5625,MLB,MLB,xgboost
MLB,Eduardo Rodríguez,2023,20000000,19116262,780992852644,MLB,MLB,xgboost
MLB,Jordan Montgomery,2023,25000000,24587524,170136450576,MLB,MLB,xgboost
MLB,Zac Gallen,2023,10011000,10562933,304630036489,MLB,MLB,xgboost
MLB,Ryne Nelson,2023,764300,530499.5,54662673800.25,MLB,MLB,xgboost
MLB,Tommy Henry,2023,760500,690435.375,4909051676.390625,MLB,MLB,xgboost
MLB,Brandon Pfaadt,2023,754400,482183.65625,74101737804.61816,MLB,MLB,xgboost
MLB,Logan Allen,2023,740000,766287.4375,691029370.31640625,MLB,MLB,xgboost
MLB,Slade Cecconi,2023,740000,904460.625,27047297175.390625,MLB,MLB,xgboost
MLB,Ryne Nelson,2023,274561,530499.5,65504515782.25,MLB,MLB,xgboost
MLB,Brandon Pfaadt,2023,271783,482183.65625,44268436150.430664,MLB,MLB,xgboost
MLB,Paul Blackburn,2023,3450000,3416034.25,1153672173.0625,MLB,MLB,xgboost
MLB,Osvaldo Bido,2023,750000,889488.1875,19456954452.035156,MLB,MLB,xgboost
MLB,Ken Waldichuk,2023,745000,664800.1875,6432009925.035156,MLB,MLB,xgboost
MLB,JP Sears,2023,745000,936432.625,36646449914.390625,MLB,MLB,xgboost
MLB,Joey Estes,2023,740000,724562.875,238304828.265625,MLB,MLB,xgboost
MLB,Joe Boyle,2023,740000,751596.375,134475913.140625,MLB,MLB,xgboost
MLB,Kyle Muller,2023,740000,888275.9375,21985753641.503906,MLB,MLB,xgboost
MLB,Luis Medina,2023,740000,584555.25,24163070302.5625,MLB,MLB,xgboost
MLB,Mason Miller,2023,740000,697736.5625,1786198149.3164062,MLB,MLB,xgboost
MLB,Chris Sale,2023,19000000,18574834,180766127556,MLB,MLB,xgboost
MLB,Max Fried,2023,15000000,14514010,236186280100,MLB,MLB,xgboost
MLB,Dylan Dodd,2023,740000,737538.75,6057751.5625,MLB,MLB,xgboost
MLB,AJ Smith-Shawver,2023,740000,827801.5625,7709114377.441406,MLB,MLB,xgboost
MLB,Allan Winans,2023,740000,1033139.375,85930693175.390625,MLB,MLB,xgboost
MLB,Bryce Elder,2023,740000,693921.375,2123239681.890625,MLB,MLB,xgboost
MLB,John Means,2023,3325000,3101124,50120463376,MLB,MLB,xgboost
MLB,Cole Irvin,2023,2000000,2294647.75,86817296580.0625,MLB,MLB,xgboost
MLB,Tyler Wells,2023,1962500,1951234.75,126905857.5625,MLB,MLB,xgboost
MLB,Dean Kremer,2023,756600,1198647.5,195405992256.25,MLB,MLB,xgboost
MLB,Kyle Bradish,2023,754500,1159934.75,164377336507.5625,MLB,MLB,xgboost
MLB,Grayson Rodriguez,2023,748300,788547.9375,1619896473.0039062,MLB,MLB,xgboost
MLB,Grayson Rodriguez,2023,243098,788547.9375,297515634318.7539,MLB,MLB,xgboost
MLB,Brayan Bello,2023,9166667,7042078,4513878418921,MLB,MLB,xgboost
MLB,Lucas Giolito,2023,19250000,18706614,295268344996,MLB,MLB,xgboost
MLB,Chase Anderson,2023,1250000,1348979.75,9796990910.0625,MLB,MLB,xgboost
MLB,Rich Hill,2023,1000000,1061424.625,3772984556.390625,MLB,MLB,xgboost
MLB,Tanner Houck,2023,770000,1254957.875,235184140524.51562,MLB,MLB,xgboost
MLB,Kutter Crawford,2023,760000,715574.875,1973591731.265625,MLB,MLB,xgboost
MLB,Brad Keller,2023,740000,876347.125,18590538495.765625,MLB,MLB,xgboost
MLB,Tanner Houck,2023,534267,1254957.875,519395337308.2656,MLB,MLB,xgboost
MLB,Kutter Crawford,2023,237986,715574.875,228091133523.76562,MLB,MLB,xgboost
MLB,Justin Steele,2023,4000000,4242857,58979522449,MLB,MLB,xgboost
MLB,Jordan Wicks,2023,741500,626287.6875,13273876951.597656,MLB,MLB,xgboost
MLB,Dylan Cease,2023,8000000,7830546,28714658116,MLB,MLB,xgboost
MLB,Michael Soroka,2023,3000000,1484816.75,2295780281080.5625,MLB,MLB,xgboost
MLB,Michael Kopech,2023,3000000,2977244.75,517801402.5625,MLB,MLB,xgboost
MLB,Mike Clevinger,2023,3000000,3765148.25,585451844478.0625,MLB,MLB,xgboost
MLB,Chris Flexen,2023,1750000,1530899,48005248201,MLB,MLB,xgboost
MLB,Touki Toussaint,2023,1300000,2068831.875,591102452016.0156,MLB,MLB,xgboost
MLB,Brad Keller,2023,1000000,876347.125,15290033495.765625,MLB,MLB,xgboost
MLB,Jared Shuster,2023,740000,649503.0625,8189695696.878906,MLB,MLB,xgboost
MLB,Jake Woodford,2023,740000,699486.8125,1641318361.4101562,MLB,MLB,xgboost
MLB,Nick Lodolo,2023,760000,726977.1875,1090506145.4101562,MLB,MLB,xgboost
MLB,Graham Ashcraft,2023,750000,772772.1875,518572523.53515625,MLB,MLB,xgboost
MLB,Brandon Williamson,2023,742500,1130755.875,150742624472.01562,MLB,MLB,xgboost
MLB,Andrew Abbott,2023,742500,773219.75,943703040.0625,MLB,MLB,xgboost
MLB,Lyon Richardson,2023,740000,664740.0625,5664058192.503906,MLB,MLB,xgboost
MLB,Connor Phillips,2023,740000,854473.5625,13104196511.441406,MLB,MLB,xgboost
MLB,Carson Spiers,2023,740000,676520.75,4029615180.5625,MLB,MLB,xgboost
MLB,Hunter Greene,2023,529910,763952.9375,54776096593.62891,MLB,MLB,xgboost
MLB,Shane Bieber,2023,13125000,10889412,4997853705744,MLB,MLB,xgboost
MLB,Carlos Carrasco,2023,2000000,2128983,16636614289,MLB,MLB,xgboost
MLB,Triston McKenzie,2023,1600000,967621.3125,399902804404.22266,MLB,MLB,xgboost
MLB,Ben Lively,2023,750000,2644049.5,3587423508450.25,MLB,MLB,xgboost
MLB,Tanner Bibee,2023,745700,427581.15625,101199598748.83691,MLB,MLB,xgboost
MLB,Logan Allen,2023,744300,766287.4375,483447407.81640625,MLB,MLB,xgboost
MLB,Gavin Williams,2023,742100,667197.8125,5610337692.285156,MLB,MLB,xgboost
MLB,Hunter Gaddis,2023,740700,488237.8125,63737156117.28516,MLB,MLB,xgboost
MLB,Matthew Boyd,2023,740000,2385204.5,2706697846820.25,MLB,MLB,xgboost
MLB,Tanner Bibee,2023,411884,427581.15625,246400714.33691406,MLB,MLB,xgboost
MLB,Hunter Gaddis,2023,291335,488237.8125,38770717570.41016,MLB,MLB,xgboost
MLB,Luis Ortiz,2023,246313,621027.625,140411050188.89062,MLB,MLB,xgboost
MLB,Germán Márquez,2023,10000000,8789241,1465937356081,MLB,MLB,xgboost
MLB,Cal Quantrill,2023,6550000,5248100,1694943610000,MLB,MLB,xgboost
MLB,Austin Gomber,2023,3150000,2449766.5,490326954522.25,MLB,MLB,xgboost
MLB,Dakota Hudson,2023,1500000,1550968.625,2597800734.390625,MLB,MLB,xgboost
MLB,Ty Blach,2023,1000000,1245084.375,60066350869.140625,MLB,MLB,xgboost
MLB,Ryan Feltner,2023,745000,688845.1875,3153362966.9101562,MLB,MLB,xgboost
MLB,Noah Davis,2023,740000,675620.75,4144687830.5625,MLB,MLB,xgboost
MLB,Ryan Feltner,2023,241935,688845.1875,199728715691.28516,MLB,MLB,xgboost
MLB,Kenta Maeda,2023,12000000,12456706,208580370436,MLB,MLB,xgboost
MLB,Jack Flaherty,2023,14000000,13565989,188365548121,MLB,MLB,xgboost
MLB,Tarik Skubal,2023,2650000,2748553.25,9712743085.5625,MLB,MLB,xgboost
MLB,Reese Olson,2023,752300,554907.25,38963897752.5625,MLB,MLB,xgboost
MLB,Joey Wentz,2023,746700,615551.5,17199929052.25,MLB,MLB,xgboost
MLB,Alex Faedo,2023,746600,1225364.75,229215685842.5625,MLB,MLB,xgboost
MLB,Sawyer Gipson-Long,2023,743600,699540.9375,1941200988.3789062,MLB,MLB,xgboost
MLB,Matt Manning,2023,740000,461355.46875,77642774795.53223,MLB,MLB,xgboost
MLB,Reese Olson,2023,261138,554907.25,86300372245.5625,MLB,MLB,xgboost
MLB,Framber Valdez,2023,12100000,12205227,11072721529,MLB,MLB,xgboost
MLB,José Urquidy,2023,3750000,2683833.25,1136711538805.5625,MLB,MLB,xgboost
MLB,Hunter Brown,2023,774500,838437.8125,4088043867.2851562,MLB,MLB,xgboost
MLB,J.P. France,2023,767600,1209526.875,195299362847.26562,MLB,MLB,xgboost
MLB,Brandon Bielak,2023,765000,1294512.375,280383355278.1406,MLB,MLB,xgboost
MLB,Hunter Brown,2023,416842,838437.8125,177743029117.53516,MLB,MLB,xgboost
MLB,Seth Lugo,2023,15000000,14390326,371702386276,MLB,MLB,xgboost
MLB,Michael Wacha,2023,16000000,15239310,578649276100,MLB,MLB,xgboost
MLB,Brady Singer,2023,4850000,5425792,331536427264,MLB,MLB,xgboost
MLB,Kris Bubic,2023,2350000,1924900.875,180709266075.76562,MLB,MLB,xgboost
MLB,Kyle Wright,2023,1800000,1783707.875,265433337.015625,MLB,MLB,xgboost
MLB,Jonathan Bowlan,2023,740000,503566.53125,55900785145.15723,MLB,MLB,xgboost
MLB,Patrick Sandoval,2023,5025000,4920939,10828691721,MLB,MLB,xgboost
MLB,Griffin Canning,2023,2600000,2761620,26121024400,MLB,MLB,xgboost
MLB,Zach Plesac,2023,1000000,1395860.25,156705337530.0625,MLB,MLB,xgboost
MLB,Johnny Cueto,2023,1000000,879148.5625,14605069945.816406,MLB,MLB,xgboost
MLB,José Suarez,2023,925000,920625.1875,19138984.41015625,MLB,MLB,xgboost
MLB,Reid Detmers,2023,770000,773331.125,11096393.765625,MLB,MLB,xgboost
MLB,Chase Silseth,2023,750000,497415.125,63799119078.765625,MLB,MLB,xgboost
MLB,Tyler Glasnow,2023,27312500,27488856,31101438736,MLB,MLB,xgboost
MLB,Clayton Kershaw,2023,5000000,5241357,58253201449,MLB,MLB,xgboost
MLB,James Paxton,2023,7000000,7702757,493867401049,MLB,MLB,xgboost
MLB,Dustin May,2023,2135000,1907810.5,51615068910.25,MLB,MLB,xgboost
MLB,Michael Grove,2023,760000,648276.875,12482056659.765625,MLB,MLB,xgboost
MLB,Bobby Miller,2023,750000,805431.25,3072623476.5625,MLB,MLB,xgboost
MLB,Emmet Sheehan,2023,750000,747792.6875,4872228.47265625,MLB,MLB,xgboost
MLB,Gavin Stone,2023,742500,561793.25,32654929495.5625,MLB,MLB,xgboost
MLB,Gavin Stone,2023,350022,561793.25,44847062326.5625,MLB,MLB,xgboost
MLB,Jesús Luzardo,2023,5500000,4663358,699969836164,MLB,MLB,xgboost
MLB,Trevor Rogers,2023,1530000,1255851.625,75157331515.140625,MLB,MLB,xgboost
MLB,Braxton Garrett,2023,764000,820077,3144629929,MLB,MLB,xgboost
MLB,Edward Cabrera,2023,761000,826565.8125,4298875768.785156,MLB,MLB,xgboost
MLB,Ryan Weathers,2023,752600,764188.25,134287538.0625,MLB,MLB,xgboost
MLB,Eury Pérez,2023,748000,390731,127641138361,MLB,MLB,xgboost
MLB,Brandon Woodruff,2023,8750000,9097533,120779186089,MLB,MLB,xgboost
MLB,Corbin Burnes,2023,15637000,15044313,351277879969,MLB,MLB,xgboost
MLB,Wade Miley,2023,8500000,7984114.5,266137849110.25,MLB,MLB,xgboost
MLB,Colin Rea,2023,4500000,4834570.5,111937419470.25,MLB,MLB,xgboost
MLB,Janson Junk,2023,740000,675889.75,4110124155.0625,MLB,MLB,xgboost
MLB,Pablo López,2023,18375000,18372124,8271376,MLB,MLB,xgboost
MLB,Bailey Ober,2023,761850,505953.34375,65483098679.930664,MLB,MLB,xgboost
MLB,Joe Ryan,2023,758850,249138.875,259805430948.76562,MLB,MLB,xgboost
MLB,Bailey Ober,2023,381085,505953.34375,15592103270.868164,MLB,MLB,xgboost
MLB,Joe Ryan,2023,331054,249138.875,6710087703.765625,MLB,MLB,xgboost
MLB,Luis Severino,2023,13000000,12495953,254063378209,MLB,MLB,xgboost
MLB,Adrian Houser,2023,5050000,4718892.5,109632176556.25,MLB,MLB,xgboost
MLB,Julio Teheran,2023,2500000,2592279,8515413841,MLB,MLB,xgboost
MLB,David Peterson,2023,2150000,2562866.25,170458540389.0625,MLB,MLB,xgboost
MLB,Joey Lucchesi,2023,1650000,1729241.75,6279254943.0625,MLB,MLB,xgboost
MLB,Tylor Megill,2023,766250,1778955.375,1025572176553.8906,MLB,MLB,xgboost
MLB,José Buttó,2023,740000,639148.625,10170999839.390625,MLB,MLB,xgboost
MLB,Marcus Stroman,2023,18500000,16724226,3153373299076,MLB,MLB,xgboost
MLB,Nestor Cortes,2023,3950000,3635847.5,98691793256.25,MLB,MLB,xgboost
MLB,Clarke Schmidt,2023,2025000,1795081.125,52862689081.265625,MLB,MLB,xgboost
MLB,Luke Weaver,2023,2000000,2197001.5,38809591002.25,MLB,MLB,xgboost
MLB,Aaron Nola,2023,24571429,24843846,74211021889,MLB,MLB,xgboost
MLB,Ranger Suárez,2023,5050000,3761567,1660059595489,MLB,MLB,xgboost
MLB,Spencer Turnbull,2023,2000000,2054373.125,2956436722.265625,MLB,MLB,xgboost
MLB,Kolby Allard,2023,1000000,824562,30778491844,MLB,MLB,xgboost
MLB,Cristopher Sánchez,2023,753500,644013,11987403169,MLB,MLB,xgboost
MLB,Luis Ortiz,2023,744000,621027.625,15122205013.140625,MLB,MLB,xgboost
MLB,Cristopher Sánchez,2023,576282,644013,4587488361,MLB,MLB,xgboost
MLB,Mitch Keller,2023,15400000,10451117,24491442947689,MLB,MLB,xgboost
MLB,Martín Pérez,2023,8000000,7516438.5,233831724282.25,MLB,MLB,xgboost
MLB,Mitch Keller,2023,5442500,10451117,25086244252689,MLB,MLB,xgboost
MLB,Johan Oviedo,2023,765000,882635.375,13838081451.390625,MLB,MLB,xgboost
MLB,Roansy Contreras,2023,755000,656605.375,9681502228.890625,MLB,MLB,xgboost
MLB,Bailey Falter,2023,755000,698343.5,3209958992.25,MLB,MLB,xgboost
MLB,Luis Ortiz,2023,747500,621027.625,15995261638.140625,MLB,MLB,xgboost
MLB,Jake Woodford,2023,740000,699486.8125,1641318361.4101562,MLB,MLB,xgboost
MLB,Domingo Germán,2023,740000,913239.875,30012054290.015625,MLB,MLB,xgboost
MLB,Quinn Priester,2023,740000,717764.9375,494398004.37890625,MLB,MLB,xgboost
MLB,Mason Miller,2023,825276,697736.5625,16266308117.816406,MLB,MLB,xgboost
MLB,Matt Waldron,2023,741800,842787.125,10198399415.765625,MLB,MLB,xgboost
MLB,Jhony Brito,2023,740000,849537.625,11998491290.640625,MLB,MLB,xgboost
MLB,Logan Gilbert,2023,4050000,3424909.25,390738445735.5625,MLB,MLB,xgboost
MLB,George Kirby,2023,798600,784336.3125,203452781.09765625,MLB,MLB,xgboost
MLB,Bryce Miller,2023,752600,1210363.25,209547193050.5625,MLB,MLB,xgboost
MLB,Bryan Woo,2023,749000,796166.9375,2224719993.1289062,MLB,MLB,xgboost
MLB,Emerson Hancock,2023,741300,688114,2828750596,MLB,MLB,xgboost
MLB,Dallas Keuchel,2023,740000,639959.25,10008151660.5625,MLB,MLB,xgboost
MLB,Bryce Miller,2023,497306,1210363.25,508450641777.5625,MLB,MLB,xgboost
MLB,George Kirby,2023,446287,784336.3125,114277337681.72266,MLB,MLB,xgboost
MLB,Bryan Woo,2023,362483,796166.9375,188081757645.5039,MLB,MLB,xgboost
MLB,Logan Webb,2023,18000000,17450992,301409784064,MLB,MLB,xgboost
MLB,Blake Snell,2023,31000000,30664430,112607224900,MLB,MLB,xgboost
MLB,Kyle Harrison,2023,743750,820396.25,5874647639.0625,MLB,MLB,xgboost
MLB,Keaton Winn,2023,743750,331929.21875,169596355869.36035,MLB,MLB,xgboost
MLB,Sonny Gray,2023,25000000,24461058,290458479364,MLB,MLB,xgboost
MLB,Kyle Gibson,2023,13000000,13030922,956170084,MLB,MLB,xgboost
MLB,Lance Lynn,2023,11000000,11116083,13475262889,MLB,MLB,xgboost
MLB,Matthew Liberatore,2023,747200,958686.5,44726539682.25,MLB,MLB,xgboost
MLB,Shane McClanahan,2023,3600000,2790114,655915332996,MLB,MLB,xgboost
MLB,Aaron Civale,2023,4900000,5976918.5,1159753455642.25,MLB,MLB,xgboost
MLB,Drew Rasmussen,2023,1862500,2331205.25,219684611377.5625,MLB,MLB,xgboost
MLB,Zack Littell,2023,1850000,1394541.375,207442559086.89062,MLB,MLB,xgboost
MLB,Taj Bradley,2023,743300,773618.0625,919184913.75390625,MLB,MLB,xgboost
MLB,Tyler Mahle,2023,11000000,9306393,2868304670449,MLB,MLB,xgboost
MLB,Michael Lorenzen,2023,4500000,4501745,3045025,MLB,MLB,xgboost
MLB,Dane Dunning,2023,3325000,3760272.5,189462149256.25,MLB,MLB,xgboost
MLB,José Ureña,2023,1500000,1483041.75,287582243.0625,MLB,MLB,xgboost
MLB,Chase Anderson,2023,1000000,1348979.75,121786865910.0625,MLB,MLB,xgboost
MLB,Alek Manoah,2023,782500,755928.375,706051255.140625,MLB,MLB,xgboost
MLB,Wes Parsons,2023,749600,638690,12301028100,MLB,MLB,xgboost
MLB,Josiah Gray,2023,757400,975009,47353676881,MLB,MLB,xgboost
MLB,MacKenzie Gore,2023,749600,480804.21875,72251172017.79785,MLB,MLB,xgboost
MLB,Jake Irvin,2023,745600,838292.5,8591899556.25,MLB,MLB,xgboost
MLB,Jackson Rutledge,2023,740000,809421.125,4819292596.265625,MLB,MLB,xgboost
MLB,Joan Adon,2023,740000,713048.8125,726366507.66015625,MLB,MLB,xgboost
MLB,MacKenzie Gore,2023,300017,480804.21875,32684018463.36035,MLB,MLB,xgboost
MLB,Jake Irvin,2023,239663,838292.5,358357278270.25,MLB,MLB,xgboost
MLB,Corbin Burnes,2024,35000000,34352652,419059433104,MLB,MLB,xgboost
MLB,Brandon Pfaadt,2024,799400,750186.375,2421980885.640625,MLB,MLB,xgboost
MLB,Luis Severino,2024,22333333,21243886,1186894765809,MLB,MLB,xgboost
MLB,JP Sears,2024,770000,809501.1875,1560343813.9101562,MLB,MLB,xgboost
MLB,Osvaldo Bido,2024,765000,952465,35143126225,MLB,MLB,xgboost
MLB,Luis Medina,2024,765000,1052735.125,82791502158.765625,MLB,MLB,xgboost
MLB,Mitch Spence,2024,765000,751316.5625,187236461.81640625,MLB,MLB,xgboost
MLB,J.T. Ginn,2024,760000,713518.5,2160529842.25,MLB,MLB,xgboost
MLB,Joey Estes,2024,760000,602151,24916306801,MLB,MLB,xgboost
MLB,Brady Basso,2024,760000,962353.5625,40946964256.44141,MLB,MLB,xgboost
MLB,Reynaldo López,2024,10000000,10318748,101600287504,MLB,MLB,xgboost
MLB,Bryce Elder,2024,800000,841219.875,1699078095.015625,MLB,MLB,xgboost
MLB,AJ Smith-Shawver,2024,770000,571874.125,39253862344.515625,MLB,MLB,xgboost
MLB,Spencer Schwellenbach,2024,770000,252001.046875,268322915438.59595,MLB,MLB,xgboost
MLB,Charlie Morton,2024,760000,7784102,49338008906404,MLB,MLB,xgboost
MLB,Hurston Waldrep,2024,760000,535075.4375,50591058815.81641,MLB,MLB,xgboost
MLB,Davis Daniel,2024,760000,943015.375,33494627486.390625,MLB,MLB,xgboost
MLB,Spencer Schwellenbach,2024,335439,252001.046875,6961892021.689697,MLB,MLB,xgboost
MLB,Hurston Waldrep,2024,221100,535075.4375,98580575353.3164,MLB,MLB,xgboost
MLB,Charlie Morton,2024,15000000,7784102,52069183946404,MLB,MLB,xgboost
MLB,Kyle Gibson,2024,5250000,6002246.5,565874796762.25,MLB,MLB,xgboost
MLB,Dean Kremer,2024,2950000,4597520.5,2714323797920.25,MLB,MLB,xgboost
MLB,Trevor Rogers,2024,2600000,2110322.75,239783809167.5625,MLB,MLB,xgboost
MLB,Kyle Bradish,2024,2350000,2620103.5,72955900712.25,MLB,MLB,xgboost
MLB,Tyler Wells,2024,2075000,3294714.25,1487702851653.0625,MLB,MLB,xgboost
MLB,Albert Suárez,2024,825000,2329960.5,2264906106560.25,MLB,MLB,xgboost
MLB,Grayson Rodriguez,2024,770800,978499.0625,43138900563.37891,MLB,MLB,xgboost
MLB,Cade Povich,2024,766100,760362.5625,32918189.06640625,MLB,MLB,xgboost
MLB,Chayce McDermott,2024,762200,774030.375,139957772.640625,MLB,MLB,xgboost
MLB,Cody Poteet,2024,760000,981018.4375,48849149714.94141,MLB,MLB,xgboost
MLB,Walker Buehler,2024,21050000,9791586,126751885795396,MLB,MLB,xgboost
MLB,Patrick Sandoval,2024,9125000,7090806,4137945229636,MLB,MLB,xgboost
MLB,Tanner Houck,2024,3950000,4172716.25,49602528014.0625,MLB,MLB,xgboost
MLB,Garrett Crochet,2024,3800000,3519489.75,78686000355.0625,MLB,MLB,xgboost
MLB,Kutter Crawford,2024,2750000,2805916.75,3126682930.5625,MLB,MLB,xgboost
MLB,Cooper Criswell,2024,1000000,843053.125,24632321572.265625,MLB,MLB,xgboost
MLB,Richard Fitts,2024,766000,674566.375,8360107780.640625,MLB,MLB,xgboost
MLB,Quinn Priester,2024,760000,530108.375,52850159245.140625,MLB,MLB,xgboost
MLB,Brayan Bello,2024,336196,586186.9375,62495468832.12891,MLB,MLB,xgboost
MLB,Matthew Boyd,2024,14500000,13901673,357995198929,MLB,MLB,xgboost
MLB,Justin Steele,2024,6550000,5719433,689841541489,MLB,MLB,xgboost
MLB,Colin Rea,2024,5000000,5453335.5,205513075560.25,MLB,MLB,xgboost
MLB,Chris Flexen,2024,1250000,1394308.625,20824979249.390625,MLB,MLB,xgboost
MLB,Javier Assad,2024,793250,851396,3380957316,MLB,MLB,xgboost
MLB,Ben Brown,2024,762500,672691.875,8065499316.015625,MLB,MLB,xgboost
MLB,Jordan Wicks,2024,760000,692077.4375,4613474496.566406,MLB,MLB,xgboost
MLB,Martín Pérez,2024,5000000,4046484,909192762256,MLB,MLB,xgboost
MLB,Mike Clevinger,2024,1500000,1335214.375,27154302206.640625,MLB,MLB,xgboost
MLB,Jonathan Cannon,2024,769100,834942.625,4335251266.890625,MLB,MLB,xgboost
MLB,Davis Martin,2024,765450,1689685.375,854211028401.3906,MLB,MLB,xgboost
MLB,Drew Thorpe,2024,764750,978249.0625,45581849688.37891,MLB,MLB,xgboost
MLB,Ky Bush,2024,760800,684617.6875,5803744737.847656,MLB,MLB,xgboost
MLB,Sean Burke,2024,760350,474826,81523954576,MLB,MLB,xgboost
MLB,Brady Singer,2024,8750000,7420923,1766445671929,MLB,MLB,xgboost
MLB,Wade Miley,2024,2500000,2438769,3749235361,MLB,MLB,xgboost
MLB,Nick Lodolo,2024,1975000,2005216.375,913029318.140625,MLB,MLB,xgboost
MLB,Graham Ashcraft,2024,780000,1072636.25,85635974814.0625,MLB,MLB,xgboost
MLB,Brandon Williamson,2024,770000,857228.5,7608811212.25,MLB,MLB,xgboost
MLB,Andrew Abbott,2024,770000,963924.625,37606760181.390625,MLB,MLB,xgboost
MLB,Rhett Lowder,2024,761500,586371.1875,30670100967.660156,MLB,MLB,xgboost
MLB,Julian Aguiar,2024,761500,828160.875,4443672255.765625,MLB,MLB,xgboost
MLB,Andrew Abbott,2024,520065,963924.625,197011366705.14062,MLB,MLB,xgboost
MLB,Tanner Bibee,2024,9600000,4438518,26640896436324,MLB,MLB,xgboost
MLB,Shane Bieber,2024,13000000,13103801,10774647601,MLB,MLB,xgboost
MLB,Ben Lively,2024,2250000,2990960,549021721600,MLB,MLB,xgboost
MLB,Triston McKenzie,2024,1950000,1673699,76342242601,MLB,MLB,xgboost
MLB,Kolby Allard,2024,1000000,1039720.125,1577688330.015625,MLB,MLB,xgboost
MLB,John Means,2024,1000000,1290154.625,84189706408.890625,MLB,MLB,xgboost
MLB,Kolby Allard,2024,850000,1039720.125,35993725830.015625,MLB,MLB,xgboost
MLB,Gavin Williams,2024,780300,601764.0625,31875080979.003906,MLB,MLB,xgboost
MLB,Logan Allen,2024,777200,929409.8125,23167827021.285156,MLB,MLB,xgboost
MLB,Slade Cecconi,2024,765000,681861.5,6912010182.25,MLB,MLB,xgboost
MLB,Joey Cantillo,2024,762800,965602.25,41128752605.0625,MLB,MLB,xgboost
MLB,Gavin Williams,2024,347481,601764.0625,64659875874.37891,MLB,MLB,xgboost
MLB,Tanner Bibee,2024,217235,4438518,17819230166089,MLB,MLB,xgboost
MLB,Austin Gomber,2024,6350000,6106593.5,59246724242.25,MLB,MLB,xgboost
MLB,Ryan Feltner,2024,2275000,2029343.25,60347238820.5625,MLB,MLB,xgboost
MLB,Bradley Blalock,2024,762000,649349,12690247801,MLB,MLB,xgboost
MLB,Tanner Gordon,2024,760000,1217917.75,209688665765.0625,MLB,MLB,xgboost
MLB,Jack Flaherty,2024,17500000,16330936,1366710636096,MLB,MLB,xgboost
MLB,Alex Cobb,2024,15000000,14452995,299214470025,MLB,MLB,xgboost
MLB,Tarik Skubal,2024,10150000,10107914,1771231396,MLB,MLB,xgboost
MLB,Casey Mize,2024,2340000,2229566,12195668356,MLB,MLB,xgboost
MLB,Reese Olson,2024,787100,404814.40625,146142275188.79004,MLB,MLB,xgboost
MLB,Keider Montero,2024,760000,476078.53125,80611400417.15723,MLB,MLB,xgboost
MLB,Matt Manning,2024,760000,1262946.5,252955181862.25,MLB,MLB,xgboost
MLB,Reese Olson,2024,224416,404814.40625,32543584977.54004,MLB,MLB,xgboost
MLB,Framber Valdez,2024,18000000,18852338,726480066244,MLB,MLB,xgboost
MLB,Hunter Brown,2024,2206538,1558735,419648726809,MLB,MLB,xgboost
MLB,Hunter Brown,2024,870000,1558735,474355900225,MLB,MLB,xgboost
MLB,Ronel Blanco,2024,802700,711229.9375,8366772333.753906,MLB,MLB,xgboost
MLB,Spencer Arrighetti,2024,794200,876928.5,6844004712.25,MLB,MLB,xgboost
MLB,J.P. France,2024,769900,1560057.625,624349072345.6406,MLB,MLB,xgboost
MLB,Michael Wacha,2024,17000000,14886675,4466142555625,MLB,MLB,xgboost
MLB,Cole Ragans,2024,4416667,4730630.5,98573079332.25,MLB,MLB,xgboost
MLB,Michael Lorenzen,2024,7000000,6680486.5,102088876682.25,MLB,MLB,xgboost
MLB,Alec Marsh,2024,769000,686367.4375,6828140385.316406,MLB,MLB,xgboost
MLB,Jonathan Bowlan,2024,760000,774184.0625,201187629.00390625,MLB,MLB,xgboost
MLB,Yusei Kikuchi,2024,21225000,20859508,133584402064,MLB,MLB,xgboost
MLB,Kyle Hendricks,2024,2500000,2225133.5,75551592822.25,MLB,MLB,xgboost
MLB,Reid Detmers,2024,1825000,1581971.125,59063034083.765625,MLB,MLB,xgboost
MLB,José Soriano,2024,790000,187721.484375,362739410383.45337,MLB,MLB,xgboost
MLB,Jack Kochanowicz,2024,770000,906484.3125,18627967558.597656,MLB,MLB,xgboost
MLB,Caden Dana,2024,760000,624450.0625,18373785556.253906,MLB,MLB,xgboost
MLB,Chase Silseth,2024,760000,568766.75,36570155905.5625,MLB,MLB,xgboost
MLB,José Soriano,2024,324925,187721.484375,18824804699.85962,MLB,MLB,xgboost
MLB,Blake Snell,2024,36400000,36444292,1961781264,MLB,MLB,xgboost
MLB,Clayton Kershaw,2024,7500000,7393806.5,11277059442.25,MLB,MLB,xgboost
MLB,Justin Wrobleski,2024,800000,804881.25,23826601.5625,MLB,MLB,xgboost
MLB,Gavin Stone,2024,780000,1046642.625,71098289466.890625,MLB,MLB,xgboost
MLB,River Ryan,2024,770000,856574.0625,7495068297.753906,MLB,MLB,xgboost
MLB,Andrew Heaney,2024,760000,3003362.75,5032676428087.5625,MLB,MLB,xgboost
MLB,Landon Knack,2024,760000,864495.75,10919361768.0625,MLB,MLB,xgboost
MLB,Bobby Miller,2024,760000,625939.6875,17972167387.597656,MLB,MLB,xgboost
MLB,Cal Quantrill,2024,3500000,3483260.5,280210860.25,MLB,MLB,xgboost
MLB,Edward Cabrera,2024,1950000,1403766.5,298371036522.25,MLB,MLB,xgboost
MLB,Braxton Garrett,2024,1530000,1569239.5,1539738360.25,MLB,MLB,xgboost
MLB,Valente Bellozo,2024,800000,742579.875,3297070755.015625,MLB,MLB,xgboost
MLB,Ryan Weathers,2024,779100,1057764.625,77653973226.390625,MLB,MLB,xgboost
MLB,Max Meyer,2024,768000,683879.9375,7076184915.003906,MLB,MLB,xgboost
MLB,Adam Mazur,2024,760000,792893.875,1082007012.515625,MLB,MLB,xgboost
MLB,Aaron Civale,2024,8000000,7252969,558055314961,MLB,MLB,xgboost
MLB,Nestor Cortes,2024,7600000,6593953.5,1012129560162.25,MLB,MLB,xgboost
MLB,Jose Quintana,2024,4000000,4459539.5,211176552060.25,MLB,MLB,xgboost
MLB,Tobias Myers,2024,781800,668232.25,12897633840.0625,MLB,MLB,xgboost
MLB,DL Hall,2024,766100,628273.125,18996247472.265625,MLB,MLB,xgboost
MLB,Robert Gasser,2024,765400,660757.625,10950026645.640625,MLB,MLB,xgboost
MLB,Erick Fedde,2024,760000,2613762.75,3436436333287.5625,MLB,MLB,xgboost
MLB,Quinn Priester,2024,307705,530108.375,49463261211.390625,MLB,MLB,xgboost
MLB,Bailey Ober,2024,3550000,3595333.75,2055148889.0625,MLB,MLB,xgboost
MLB,Joe Ryan,2024,3000000,4035197.25,1071633346407.5625,MLB,MLB,xgboost
MLB,David Festa,2024,760000,1002907.9375,59004266100.50391,MLB,MLB,xgboost
MLB,Zebby Matthews,2024,760000,684965.6875,5630148052.347656,MLB,MLB,xgboost
MLB,Sean Manaea,2024,25000000,24442892,310369323664,MLB,MLB,xgboost
MLB,Frankie Montas,2024,17000000,16061929,879977201041,MLB,MLB,xgboost
MLB,David Peterson,2024,4625000,3677926.75,896947740865.5625,MLB,MLB,xgboost
MLB,Griffin Canning,2024,4250000,4123452.25,16014333030.0625,MLB,MLB,xgboost
MLB,Paul Blackburn,2024,4050000,1963415,4353836962225,MLB,MLB,xgboost
MLB,Tylor Megill,2024,1975000,1999284,589712656,MLB,MLB,xgboost
MLB,Christian Scott,2024,764500,459086.34375,93277501423.99316,MLB,MLB,xgboost
MLB,Max Fried,2024,27250000,26255296,989436047616,MLB,MLB,xgboost
MLB,Clarke Schmidt,2024,3600000,3882039,79545997521,MLB,MLB,xgboost
MLB,Carlos Carrasco,2024,1500000,2035887.875,287175814572.0156,MLB,MLB,xgboost
MLB,Luis Gil,2024,804125,1046218.375,58609202218.890625,MLB,MLB,xgboost
MLB,Will Warren,2024,767600,467029.96875,90342343685.62598,MLB,MLB,xgboost
MLB,Paul Blackburn,2024,760000,1963415,1448207662225,MLB,MLB,xgboost
MLB,Allan Winans,2024,760000,840214.6875,6434396090.722656,MLB,MLB,xgboost
MLB,Will Warren,2024,223911,467029.96875,59106832966.06348,MLB,MLB,xgboost
MLB,Zack Wheeler,2024,42000000,42103908,10796872464,MLB,MLB,xgboost
MLB,Cristopher Sánchez,2024,5625000,4379867,1550356187689,MLB,MLB,xgboost
MLB,Ranger Suárez,2024,8800000,8835782,1280351524,MLB,MLB,xgboost
MLB,Jesús Luzardo,2024,6625000,5185278,2072799437284,MLB,MLB,xgboost
MLB,Cristopher Sánchez,2024,2678437,4379867,2894864044900,MLB,MLB,xgboost
MLB,Tyler Phillips,2024,764000,428808.09375,112353614015.50879,MLB,MLB,xgboost
MLB,Walker Buehler,2024,760000,9791586,81569545675396,MLB,MLB,xgboost
MLB,Seth Johnson,2024,760000,679561.5625,6470342227.441406,MLB,MLB,xgboost
MLB,Andrew Heaney,2024,5250000,3003362.75,5047378933087.5625,MLB,MLB,xgboost
MLB,Paul Skenes,2024,3436343,2139334.5,1682231049072.25,MLB,MLB,xgboost
MLB,Bailey Falter,2024,2222000,2356164,17999978896,MLB,MLB,xgboost
MLB,Paul Skenes,2024,875000,2139334.5,1598541727890.25,MLB,MLB,xgboost
MLB,Jared Jones,2024,775000,980818.125,42361100578.515625,MLB,MLB,xgboost
MLB,Nick Pivetta,2024,13750000,13920074,28925165476,MLB,MLB,xgboost
MLB,Dylan Cease,2024,13750000,13831975,6719900625,MLB,MLB,xgboost
MLB,Michael King,2024,7750000,9007095,1580287839025,MLB,MLB,xgboost
MLB,Matt Waldron,2024,775800,2117866,1801141148356,MLB,MLB,xgboost
MLB,Randy Vásquez,2024,772800,967025.3125,37723472015.72266,MLB,MLB,xgboost
MLB,Logan Gilbert,2024,7625000,7758347,17781422409,MLB,MLB,xgboost
MLB,George Kirby,2024,4300000,4663127.5,131861581256.25,MLB,MLB,xgboost
MLB,Bryan Woo,2024,1540676,1050660.25,240115435248.0625,MLB,MLB,xgboost
MLB,Bryce Miller,2024,800000,1219972.75,176377110742.5625,MLB,MLB,xgboost
MLB,Bryan Woo,2024,783300,1050660.25,71481503280.0625,MLB,MLB,xgboost
MLB,Emerson Hancock,2024,766000,910996.75,21024057510.5625,MLB,MLB,xgboost
MLB,Luis Castillo,2024,760000,2124090.5,1860742892190.25,MLB,MLB,xgboost
MLB,Justin Verlander,2024,15000000,14323327,457886348929,MLB,MLB,xgboost
MLB,Joey Lucchesi,2024,854839,813703.125,1692160212.015625,MLB,MLB,xgboost
MLB,Hayden Birdsong,2024,765000,823400.6875,3410640300.4726562,MLB,MLB,xgboost
MLB,Mason Black,2024,760000,571780.4375,35426603707.69141,MLB,MLB,xgboost
MLB,Keaton Winn,2024,760000,819392.5,3527469056.25,MLB,MLB,xgboost
MLB,Kyle Harrison,2024,760000,686101.8125,5460942115.785156,MLB,MLB,xgboost
MLB,Andre Pallante,2024,2100000,2223505.75,15253670283.0625,MLB,MLB,xgboost
MLB,Gordon Graceffo,2024,760000,464089.625,87562950032.640625,MLB,MLB,xgboost
MLB,Roddery Muñoz,2024,760000,773024.75,169644112.5625,MLB,MLB,xgboost
MLB,Michael McGreevy,2024,760000,638315.5625,14807102329.691406,MLB,MLB,xgboost
MLB,Zack Littell,2024,5720000,5333904,149070121216,MLB,MLB,xgboost
MLB,Shane Baz,2024,1450000,1356439.625,8753543770.140625,MLB,MLB,xgboost
MLB,Ryan Pepiot,2024,774600,662211.25,12631231126.5625,MLB,MLB,xgboost
MLB,Taj Bradley,2024,774200,880113.75,11217722439.0625,MLB,MLB,xgboost
MLB,Joe Boyle,2024,760000,478884.65625,79025836491.68066,MLB,MLB,xgboost
MLB,Ryan Pepiot,2024,303898,662211.25,128388385125.5625,MLB,MLB,xgboost
MLB,Nathan Eovaldi,2024,25000000,23389564,2593504110096,MLB,MLB,xgboost
MLB,Dane Dunning,2024,2660000,2473737,34693905169,MLB,MLB,xgboost
MLB,Patrick Corbin,2024,1100000,1794104.25,481780709868.0625,MLB,MLB,xgboost
MLB,Cody Bradford,2024,774000,1345614.5,326743136610.25,MLB,MLB,xgboost
MLB,Jack Leiter,2024,762500,680217.1875,6770461232.910156,MLB,MLB,xgboost
MLB,Kumar Rocker,2024,761500,697493.0625,4096888048.1289062,MLB,MLB,xgboost
MLB,Jack Leiter,2024,286905,680217.1875,154694476836.03516,MLB,MLB,xgboost
MLB,Max Scherzer,2024,15500000,14957739,294046992121,MLB,MLB,xgboost
MLB,Alek Manoah,2024,2200000,1805933.5,155288406422.25,MLB,MLB,xgboost
MLB,Jake Bloss,2024,123900,230795.1875,11426581110.660156,MLB,MLB,xgboost
MLB,Trevor Williams,2024,7000000,6847605,23224236025,MLB,MLB,xgboost
MLB,MacKenzie Gore,2024,2890000,2916222,687593284,MLB,MLB,xgboost
MLB,Josiah Gray,2024,1350000,1085336.375,70046834398.140625,MLB,MLB,xgboost
MLB,Jake Irvin,2024,774600,1885998.625,1235206903651.8906,MLB,MLB,xgboost
MLB,Mitchell Parker,2024,767200,652907.5,13062775556.25,MLB,MLB,xgboost
MLB,DJ Herz,2024,764200,899606.4375,18334903316.441406,MLB,MLB,xgboost
MLB,Brandon Pfaadt,2025,9000000,8854133,21277181689,MLB,MLB,xgboost
MLB,Merrill Kelly,2025,20000000,19956040,1932481600,MLB,MLB,xgboost
MLB,Zac Gallen,2025,22025000,22087242,3874066564,MLB,MLB,xgboost
MLB,Michael Soroka,2025,7500000,7226793.5,74641791642.25,MLB,MLB,xgboost
MLB,Ryne Nelson,2025,3000000,2996824.25,10085388.0625,MLB,MLB,xgboost
MLB,Aaron Civale,2025,6000000,5716817,80192611489,MLB,MLB,xgboost
MLB,J.T. Ginn,2025,785000,1268249.25,233529837625.5625,MLB,MLB,xgboost
MLB,Luis Morales,2025,780000,1108018,107595808324,MLB,MLB,xgboost
MLB,Mason Barnett,2025,780000,418033.1875,131019973351.41016,MLB,MLB,xgboost
MLB,Gunnar Hoglund,2025,780000,763010.4375,288645233.94140625,MLB,MLB,xgboost
MLB,Jacob Lopez,2025,780000,1586322.625,650156175586.8906,MLB,MLB,xgboost
MLB,Martín Pérez,2025,3500000,2669105.25,690386085577.5625,MLB,MLB,xgboost
MLB,Carlos Carrasco,2025,1500000,1309315.375,36360626211.390625,MLB,MLB,xgboost
MLB,AJ Smith-Shawver,2025,800000,443012.59375,127440008221.10254,MLB,MLB,xgboost
MLB,Spencer Schwellenbach,2025,800000,848341.5625,2336906664.9414062,MLB,MLB,xgboost
MLB,Grant Holmes,2025,800000,894136.3125,8861645331.097656,MLB,MLB,xgboost
MLB,Hurston Waldrep,2025,798300,796741.25,2429701.5625,MLB,MLB,xgboost
MLB,Shane Baz,2025,13600000,8460828,26411088845584,MLB,MLB,xgboost
MLB,Chris Bassitt,2025,18500000,18409584,8175053056,MLB,MLB,xgboost
MLB,Zach Eflin,2025,10000000,9451563,300783142969,MLB,MLB,xgboost
MLB,Trevor Rogers,2025,6200000,5867260,110715907600,MLB,MLB,xgboost
MLB,Dean Kremer,2025,5750000,5995724.5,60380529900.25,MLB,MLB,xgboost
MLB,Kyle Bradish,2025,3550000,4045421.5,245442462662.25,MLB,MLB,xgboost
MLB,Shane Baz,2025,3500000,8460828,24609814445584,MLB,MLB,xgboost
MLB,Tyler Wells,2025,2450000,2340383,12015886689,MLB,MLB,xgboost
MLB,Garrett Crochet,2025,28333333,28317788,241647025,MLB,MLB,xgboost
MLB,Ranger Suárez,2025,26000000,25321942,459762651364,MLB,MLB,xgboost
MLB,Tanner Houck,2025,4150000,3208964.5,885547812260.25,MLB,MLB,xgboost
MLB,Johan Oviedo,2025,1550000,1654434,10906460356,MLB,MLB,xgboost
MLB,Connelly Early,2025,789500,747416.8125,1770994670.1601562,MLB,MLB,xgboost
MLB,Shota Imanaga,2025,22025000,21466298,312147924804,MLB,MLB,xgboost
MLB,Justin Steele,2025,6775000,5928647.5,716312554256.25,MLB,MLB,xgboost
MLB,Colin Rea,2025,6500000,6409641.5,8164658522.25,MLB,MLB,xgboost
MLB,Edward Cabrera,2025,4450000,3878769,326304855361,MLB,MLB,xgboost
MLB,Javier Assad,2025,1800000,1788662.875,128530403.265625,MLB,MLB,xgboost
MLB,Cade Horton,2025,817500,590034.25,51740667423.0625,MLB,MLB,xgboost
MLB,Ben Brown,2025,800000,998337.4375,39337739114.06641,MLB,MLB,xgboost
MLB,Erick Fedde,2025,1500000,1570075.375,4910558181.390625,MLB,MLB,xgboost
MLB,Shane Smith,2025,825900,1063965.375,56675122773.890625,MLB,MLB,xgboost
MLB,Davis Martin,2025,798900,1209093.875,168259015087.51562,MLB,MLB,xgboost
MLB,Sean Burke,2025,793200,772898.9375,412133138.62890625,MLB,MLB,xgboost
MLB,Brady Singer,2025,12750000,12097960,425156161600,MLB,MLB,xgboost
MLB,Nick Lodolo,2025,4725000,4566858,25008892164,MLB,MLB,xgboost
MLB,Andrew Abbott,2025,800000,2182582.5,1911534369306.25,MLB,MLB,xgboost
MLB,Chase Burns,2025,785000,484130.625,90522380812.890625,MLB,MLB,xgboost
MLB,Chase Petty,2025,780000,595269.1875,34125473086.910156,MLB,MLB,xgboost
MLB,Gavin Williams,2025,822200,690834.5625,17256878169.566406,MLB,MLB,xgboost
MLB,Slade Cecconi,2025,795600,1341778.625,298311090406.8906,MLB,MLB,xgboost
MLB,Parker Messick,2025,788400,918725.25,16984670787.5625,MLB,MLB,xgboost
MLB,Doug Nikhazy,2025,780000,633901.75,21344698653.0625,MLB,MLB,xgboost
MLB,Michael Lorenzen,2025,8000000,8110432,12195226624,MLB,MLB,xgboost
MLB,Jose Quintana,2025,6000000,6773477.5,598267443006.25,MLB,MLB,xgboost
MLB,Tomoyuki Sugano,2025,5100000,5290402,36252921604,MLB,MLB,xgboost
MLB,Ryan Feltner,2025,2450000,2266277.5,33753957006.25,MLB,MLB,xgboost
MLB,Chase Dollander,2025,782000,822586.125,1647233542.515625,MLB,MLB,xgboost
MLB,McCade Brown,2025,782000,430134.03125,123809659964.37598,MLB,MLB,xgboost
MLB,Tanner Gordon,2025,780000,725855.625,2931613344.140625,MLB,MLB,xgboost
MLB,Framber Valdez,2025,38333333,36968396,1863053013969,MLB,MLB,xgboost
MLB,Tarik Skubal,2025,32000000,32164288,26990546944,MLB,MLB,xgboost
MLB,Justin Verlander,2025,13000000,12948958,2605285764,MLB,MLB,xgboost
MLB,Casey Mize,2025,6150000,6712502.5,316409062506.25,MLB,MLB,xgboost
MLB,Reese Olson,2025,818100,800483.875,310327860.015625,MLB,MLB,xgboost
MLB,Jackson Jobe,2025,784300,699937.9375,7116957589.253906,MLB,MLB,xgboost
MLB,Hunter Brown,2025,5710000,5501656.5,43407013992.25,MLB,MLB,xgboost
MLB,Hayden Wesneski,2025,975000,1166735.5,36762501960.25,MLB,MLB,xgboost
MLB,Brandon Walter,2025,850000,1439500,347510250000,MLB,MLB,xgboost
MLB,Ronel Blanco,2025,802700,1772176.375,939884441683.1406,MLB,MLB,xgboost
MLB,Kai-Wei Teng,2025,786700,642160.0625,20891793532.503906,MLB,MLB,xgboost
MLB,Colton Gordon,2025,780000,426834.84375,124725627589.08691,MLB,MLB,xgboost
MLB,Seth Lugo,2025,23000000,21332558,2780362823364,MLB,MLB,xgboost
MLB,Kris Bubic,2025,6150000,5099923.5,1102660655852.25,MLB,MLB,xgboost
MLB,Bailey Falter,2025,3600000,3251342,121562400964,MLB,MLB,xgboost
MLB,Noah Cameron,2025,802000,1108429.625,93899115077.640625,MLB,MLB,xgboost
MLB,Stephen Kolek,2025,793250,1413855.25,385150876327.5625,MLB,MLB,xgboost
MLB,José Soriano,2025,2900000,2642624.75,66242019312.5625,MLB,MLB,xgboost
MLB,Jack Kochanowicz,2025,800000,865473.3125,4286754649.7226562,MLB,MLB,xgboost
MLB,Mitch Farris,2025,780000,590041.125,36084374191.265625,MLB,MLB,xgboost
MLB,Emmet Sheehan,2025,810000,935784.125,15821646102.015625,MLB,MLB,xgboost
MLB,Roki Sasaki,2025,800000,907184.125,11488436652.015625,MLB,MLB,xgboost
MLB,Bobby Miller,2025,800000,556608.25,59239543968.0625,MLB,MLB,xgboost
MLB,Landon Knack,2025,790000,1135353.125,119268780947.26562,MLB,MLB,xgboost
MLB,Chris Paddack,2025,4000000,3987819.75,148358490.0625,MLB,MLB,xgboost
MLB,Ryan Weathers,2025,1350000,1169407.75,32613560760.0625,MLB,MLB,xgboost
MLB,Max Meyer,2025,980000,1114957.125,18213425588.265625,MLB,MLB,xgboost
MLB,Eury Pérez,2025,799500,554603.6875,59974203876.09766,MLB,MLB,xgboost
MLB,Janson Junk,2025,798000,1183784.5,148829680440.25,MLB,MLB,xgboost
MLB,Adam Mazur,2025,786000,575029.375,44508604612.890625,MLB,MLB,xgboost
MLB,Brandon Woodruff,2025,22025000,22155538,17040169444,MLB,MLB,xgboost
MLB,Quinn Priester,2025,803200,811203.375,64054011.390625,MLB,MLB,xgboost
MLB,Chad Patrick,2025,796400,1231873.375,189637060333.89062,MLB,MLB,xgboost
MLB,Jacob Misiorowski,2025,788300,1120948.625,110655107714.39062,MLB,MLB,xgboost
MLB,Kyle Harrison,2025,786100,665367.3125,14576381830.972656,MLB,MLB,xgboost
MLB,Brandon Sproat,2025,783000,685342.75,9536938477.5625,MLB,MLB,xgboost
MLB,Logan Henderson,2025,780000,672600.1875,11534719725.035156,MLB,MLB,xgboost
MLB,Joe Ryan,2025,6200000,6498365.5,89021971590.25,MLB,MLB,xgboost
MLB,Bailey Ober,2025,5200000,5466248.5,70888263752.25,MLB,MLB,xgboost
MLB,Taj Bradley,2025,802050,696910.9375,11054222463.378906,MLB,MLB,xgboost
MLB,David Festa,2025,791200,1040745.3125,62272862990.72266,MLB,MLB,xgboost
MLB,Mick Abel,2025,782500,637402.25,21053357055.0625,MLB,MLB,xgboost
MLB,David Peterson,2025,8100000,7526600,328787560000,MLB,MLB,xgboost
MLB,Tylor Megill,2025,2500000,3117620.25,381454773210.0625,MLB,MLB,xgboost
MLB,Nolan McLean,2025,791500,948928.5625,24783752290.816406,MLB,MLB,xgboost
MLB,Jonah Tong,2025,780000,623596.875,24461937509.765625,MLB,MLB,xgboost
MLB,Clarke Schmidt,2025,4500000,5008866.5,258945114822.25,MLB,MLB,xgboost
MLB,Luis Gil,2025,2162500,1531901.125,397654941151.2656,MLB,MLB,xgboost
MLB,Will Warren,2025,826625,1320517.75,243930048502.5625,MLB,MLB,xgboost
MLB,Cam Schlittler,2025,801425,641626.125,25535680451.265625,MLB,MLB,xgboost
MLB,Jesús Luzardo,2025,11000000,10859694,19685773636,MLB,MLB,xgboost
MLB,Paul Skenes,2025,1085000,963547.3125,14750755300.972656,MLB,MLB,xgboost
MLB,Bubba Chandler,2025,787200,940615,23536162225,MLB,MLB,xgboost
MLB,Michael King,2025,25000000,22628276,5625074732176,MLB,MLB,xgboost
MLB,Lucas Giolito,2025,3000000,3473837.5,224521976406.25,MLB,MLB,xgboost
MLB,JP Sears,2025,2750000,3788195.75,1077850415318.0625,MLB,MLB,xgboost
MLB,Griffin Canning,2025,2500000,3454676,911406264976,MLB,MLB,xgboost
MLB,Germán Márquez,2025,1750000,1665129.375,7203022987.890625,MLB,MLB,xgboost
MLB,Walker Buehler,2025,1500000,2129445.75,396201952193.0625,MLB,MLB,xgboost
MLB,Randy Vásquez,2025,808800,1065006.375,65641706590.640625,MLB,MLB,xgboost
MLB,Matt Waldron,2025,796800,1002132.8125,42161563889.16016,MLB,MLB,xgboost
MLB,Logan Gilbert,2025,10927000,10904935,486864225,MLB,MLB,xgboost
MLB,George Kirby,2025,6550000,5664327,784416662929,MLB,MLB,xgboost
MLB,Bryce Miller,2025,2452500,1679328.75,597793781826.5625,MLB,MLB,xgboost
MLB,Bryan Woo,2025,831600,919247.6875,7682117124.097656,MLB,MLB,xgboost
MLB,Emerson Hancock,2025,793300,418654.03125,140359601900.62598,MLB,MLB,xgboost
MLB,Logan Evans,2025,785800,940179.5,23833030020.25,MLB,MLB,xgboost
MLB,Adrian Houser,2025,11000000,10595369,163726246161,MLB,MLB,xgboost
MLB,Tyler Mahle,2025,10000000,8859052,1301762338704,MLB,MLB,xgboost
MLB,Landen Roupp,2025,800000,850791.1875,2579744727.6601562,MLB,MLB,xgboost
MLB,Trevor McDonald,2025,780000,863093.1875,6904477808.910156,MLB,MLB,xgboost
MLB,Blade Tidwell,2025,780000,526755.1875,64132935058.16016,MLB,MLB,xgboost
MLB,Dustin May,2025,12500000,12015719,234528086961,MLB,MLB,xgboost
MLB,Andre Pallante,2025,4000000,4388082,150607638724,MLB,MLB,xgboost
MLB,Matthew Liberatore,2025,2260000,2270376.75,107676940.5625,MLB,MLB,xgboost
MLB,Hunter Dobbins,2025,787600,928210.1875,19771224828.785156,MLB,MLB,xgboost
MLB,Michael McGreevy,2025,784550,774149.25,108175600.5625,MLB,MLB,xgboost
MLB,Nick Martinez,2025,13000000,12865195,18172388025,MLB,MLB,xgboost
MLB,Ryan Pepiot,2025,3025000,3136915.75,12525135098.0625,MLB,MLB,xgboost
MLB,Joe Boyle,2025,784200,1179473.125,156240843347.26562,MLB,MLB,xgboost
MLB,Cal Quantrill,2025,1000000,1145662.5,21217563906.25,MLB,MLB,xgboost
MLB,Jack Leiter,2025,794000,823476.8125,868882475.16015625,MLB,MLB,xgboost
MLB,Kumar Rocker,2025,789000,819857.9375,952212306.75390625,MLB,MLB,xgboost
MLB,Dylan Cease,2025,30000000,29292728,500233681984,MLB,MLB,xgboost
MLB,Eric Lauer,2025,4400000,5049831,422280328561,MLB,MLB,xgboost
MLB,Max Scherzer,2025,3000000,3375253.25,140815001635.5625,MLB,MLB,xgboost
MLB,Patrick Corbin,2025,1000000,1497897,247901422609,MLB,MLB,xgboost
MLB,Bowden Francis,2025,809800,1712707.25,815241502102.5625,MLB,MLB,xgboost
MLB,Trey Yesavage,2025,788800,1099703.625,96661064038.140625,MLB,MLB,xgboost
MLB,Zack Littell,2025,7000000,7440699.5,194216049300.25,MLB,MLB,xgboost
MLB,MacKenzie Gore,2025,5600000,5233127.5,134595431256.25,MLB,MLB,xgboost
MLB,Jake Irvin,2025,2800000,2682989.25,13691515615.5625,MLB,MLB,xgboost
MLB,Miles Mikolas,2025,2250000,2526475.75,76438840338.0625,MLB,MLB,xgboost
MLB,Cade Cavalli,2025,870000,1314635.875,197701061337.01562,MLB,MLB,xgboost
MLB,Andrew Alvarez,2025,780000,1176669.5,157346692230.25,MLB,MLB,xgboost
